spot_id,spot_name,latitude,longitude,category,visitor_count,date,weather,special_event,state
ChIJxZt5n-3iDDkRAruWCglWcYM,Shish Gumbad,28.5938185,77.2202047,attraction,N/A,2025-01-26,N/A,N/A,Delhi
ChIJI85HXAMeDTkRUnfV6u6dkSw,Mehrauli Archeological Park,28.5202041,77.187679,attraction,N/A,2025-01-26,N/A,N/A,Delhi
ChIJm8RPaUr9DDkRDBt4YsluSqI,Jantar Mantar,28.6270547,77.21662669999999,attraction,N/A,2025-01-26,N/A,N/A,Delhi
ChIJabG6qOX9DDkRrotp0P-a2MY,Charti Lal Goel Heritage Park,28.6527018,77.23641549999999,attraction,N/A,2025-01-26,N/A,N/A,Delhi
ChIJb1VVBf0YDTkRh1Md9mN3zyI,Leisure Valley Park,28.4697441,77.06617419999999,attraction,N/A,2025-01-26,N/A,N/A,Delhi
ChIJkZBzVpfjDDkRlzypM092Fhk,Yamuna River Viewing Point No.-1,28.6002768,77.260279,attraction,N/A,2025-01-26,N/A,N/A,Delhi
ChIJMYSLpO_9DDkRyd9OfXHJbmA,Explore Our India,28.6371746,77.2756181,attraction,N/A,2025-01-26,N/A,N/A,Delhi
ChIJgR-aW3TiDDkRaWPzih303gs,Bagh-I-Alam Ka Gumbad,28.5561209,77.1984494,attraction,N/A,2025-01-26,N/A,N/A,Delhi
ChIJ0RNc06I9DTkRg-AQUbA8WpM,Leopard Hills,28.3428791,76.9936456,attraction,N/A,2025-01-26,N/A,N/A,Delhi
ChIJgeCaSNRwdDkRsb163YNes4E,Khas Mahal,28.6560934,77.2436017,attraction,N/A,2025-01-26,N/A,N/A,Delhi
ChIJXU4arQceDTkRD0I7QEOrbug,Alai Minar,28.525848,77.18529180000002,attraction,N/A,2025-01-26,N/A,N/A,Delhi
ChIJP42tbAL9DDkROEV2hk9VaSo,Yamuna Ghat,28.6644866,77.23888269999999,attraction,N/A,2025-01-26,N/A,N/A,Delhi
ChIJ111GQ179DDkRUjhMp6uaYg0,Bhuli Bhatiyari Ka Mahal,28.6418274,77.1982489,attraction,N/A,2025-01-26,N/A,N/A,Delhi
ChIJ7V8LZwnzDDkRxrp1yqWHy9c,"Masuri Jheel ""A Vanya Tourism Alliance""",28.6996917,77.5452176,attraction,N/A,2025-01-26,N/A,N/A,Delhi
ChIJ1cbaNIodDTkR_8WrnVGrC2U,Munda Gumbad,28.5566951,77.1917165,attraction,N/A,2025-01-26,N/A,N/A,Delhi
ChIJmfY0e9zjDDkRrjKLFn1WlX0,Waste of seven wonders,28.5924368,77.2569781,attraction,N/A,2025-01-26,N/A,N/A,Delhi
ChIJ8UFtpxz-DDkRbxytVuHyIxI,Fountain of Oneness by Sant Nirankari Mission,28.7260355,77.2001258,attraction,N/A,2025-01-26,N/A,N/A,Delhi
ChIJfdrC4oodDTkRl__OWKvpxSU,Deer Park Lake,28.5566499,77.1911315,attraction,N/A,2025-01-26,N/A,N/A,Delhi
ChIJ0SlEne0mDTkReTc0recCa8w,Damdama,28.3040294,77.1276424,attraction,N/A,2025-01-26,N/A,N/A,Delhi
ChIJ8-qOkwgdDTkRhijh6ZZ2uv8,Hauz Khas Fort Delhi,28.5531541,77.1935275,attraction,N/A,2025-01-26,N/A,N/A,Delhi
ChIJ5Uc09MnjDDkRDpQt0WpFROQ,Eiffel Tower,28.5914861,77.25677700000001,attraction,N/A,2025-01-26,N/A,N/A,Delhi
ChIJRxAFBIPbDDkRNOOgQucbyQQ,Raja Nahar Singh Palace,28.3403805,77.3195449,attraction,N/A,2025-01-26,N/A,N/A,Delhi
ChIJu-NFDLrlDDkRLa3kkf7y-WA,Hangout Valley,28.5503372,77.30522069999999,attraction,N/A,2025-01-26,N/A,N/A,Delhi
ChIJ764tjwUeDTkRlcdK4epVeLI,Rajon Ki Baoli,28.5202724,77.1834136,attraction,N/A,2025-01-26,N/A,N/A,Delhi
ChIJVzsxsGDiDDkRO7evvxmOi1Q,Darya Khan's Tomb,28.5722418,77.21669349999999,attraction,N/A,2025-01-26,N/A,N/A,Delhi
ChIJcfQNBDbjDDkRXE4FyvCwdfg,Taj mahal - WOW,28.5910562,77.256602,attraction,N/A,2025-01-26,N/A,N/A,Delhi
ChIJC03rqdriDDkRXT6SJRGXFwc,India Gate,28.612912,77.2295097,attraction,N/A,2025-01-26,N/A,N/A,Delhi
ChIJy2lihNVqDTkRfgGKwkhRuCw,Sheesh Mahal,28.4470158,76.8226722,attraction,N/A,2025-01-26,N/A,N/A,Delhi
ChIJMbY-x4odDTkRlpct5Gmu7UI,Firoz Shah's Tomb,28.5530999,77.193497,attraction,N/A,2025-01-26,N/A,N/A,Delhi
ChIJ78f7mxEeDTkRKKZQwg7WbHY,"Jahaz Mahal, Delhi",28.5143269,77.17859779999999,attraction,N/A,2025-01-26,N/A,N/A,Delhi
ChIJA1nEawAhDTkRZqM78EBju3o,Nature’s Nest - The Petting Farm,28.416691,77.12469899999999,attraction,N/A,2025-01-26,N/A,N/A,Delhi
ChIJsTDFjYsdDTkRVS0dHyMwgjw,Hauz Khas Complex,28.5530287,77.1930605,attraction,N/A,2025-01-26,N/A,N/A,Delhi
ChIJg8SycOXjDDkRnt5yQVsDSAE,Pyramid - WOW,28.5920767,77.2567384,attraction,N/A,2025-01-26,N/A,N/A,Delhi
ChIJw4KKEWUdDTkRqC_urjhY-tg,India Africa Friendship Rose Garden,28.5881629,77.18500379999999,attraction,N/A,2025-01-26,N/A,N/A,Delhi
ChIJ4dFkH8wBDTkRmyy8gnM_kEw,SNOW CITY,28.7259276,77.1137349,attraction,N/A,2025-01-26,N/A,N/A,Delhi
ChIJy2BCmSfjDDkReDki0UHiSTk,"Talāqi Darwaza, Purana Qila",28.611749,77.24163399999999,attraction,N/A,2025-01-26,N/A,N/A,Delhi
ChIJ65X5ZU_jDDkRKSTq2hYlATw,Sunset Point - Akshardham,28.6178559,77.279152,attraction,N/A,2025-01-26,N/A,N/A,Delhi
ChIJpwtG6BzjDDkRDajfOy268bk,Humayun’s Tomb,28.5932848,77.2507492,attraction,N/A,2025-01-26,N/A,N/A,Delhi
ChIJUYjrAQodDTkR_nWf3vgDD0k,Aerocity Fountain,28.5532569,77.1226535,attraction,N/A,2025-01-26,N/A,N/A,Delhi
ChIJFZkh6uPhDDkRHCcxh5hX_BQ,The Garden of Five Senses,28.513403,77.1975227,attraction,N/A,2025-01-26,N/A,N/A,Delhi
ChIJK6BUxosdDTkRldimsH6l95Q,Hauz Khas District Park,28.5562492,77.19021219999999,attraction,N/A,2025-01-26,N/A,N/A,Delhi
ChIJ4Yr8gnPiDDkRwWXLyG-OLuc,Hauz Khas Lake,28.5531653,77.19285289999999,attraction,N/A,2025-01-26,N/A,N/A,Delhi
ChIJrZ_kvLQDDTkR53wTAZTonFk,Tihar Lake,28.6311453,77.10363799999999,attraction,N/A,2025-01-26,N/A,N/A,Delhi
ChIJXUFN1Q8jDTkR5IUsjJlOJ2E,Bhondsi Nature Park,28.363009,77.04498199999999,attraction,N/A,2025-01-26,N/A,N/A,Delhi
ChIJ96hmYV7iDDkRj2hks_0dB5E,Bade Khan Ka Gumbad,28.5731113,77.2201489,attraction,N/A,2025-01-26,N/A,N/A,Delhi
ChIJS9s8-YnhDDkR0GEi4d17D_w,"Satpula, Delhi",28.5316427,77.22352529999999,attraction,N/A,2025-01-26,N/A,N/A,Delhi
ChIJb8aGVGsDDTkRocnBoim60Wk,Bindra park,28.6423389,77.1254165,attraction,N/A,2025-01-26,N/A,N/A,Delhi
ChIJAbTif-H8DDkRP-VHj6rYtBQ,Mumtaz Mahal,28.6545162,77.24343540000001,attraction,N/A,2025-01-26,N/A,N/A,Delhi
ChIJjZ-dzOP8DDkRzC7a5M8RP0c,"Rang Mahal, New Delhi",28.6555279,77.24347279999999,attraction,N/A,2025-01-26,N/A,N/A,Delhi
ChIJ88wXqGvjDDkRZDEv18kGk5c,DBF New Delhi Walk,28.6126736,77.2322226,attraction,N/A,2025-01-26,N/A,N/A,Delhi
ChIJN7aS5NriDDkR48D4OPCDucQ,Children's Park,28.6115018,77.23112309999999,attraction,N/A,2025-01-26,N/A,N/A,Delhi
ChIJtzgTZEr9DDkR8weGG_NEQr8,Ram Yantra,28.6265715,77.2165301,attraction,N/A,2025-01-26,N/A,N/A,Delhi
ChIJP-AfUPcdDTkRWpMp0h346Tk,Scoping Zone,28.5465902,77.187347,attraction,N/A,2025-01-26,N/A,N/A,Delhi
ChIJETWu9BvjDDkRKcvuIXfwpK4,Sunderwala Mahal,28.5960708,77.2465823,attraction,N/A,2025-01-26,N/A,N/A,Delhi
ChIJcWc7SyHjDDkRs8yyCmF5khM,Purana Quila,28.6095744,77.24373709999999,attraction,N/A,2025-01-26,N/A,N/A,Delhi
ChIJjzAJ4zviDDkRHOjuUO1sUyQ,Hauz Khas Forest,28.5479803,77.2246267,attraction,N/A,2025-01-26,N/A,N/A,Delhi
ChIJ05fFmmThDDkRrx3N3hfC_r8,Triangle Point Saket,28.5165025,77.1946038,attraction,N/A,2025-01-26,N/A,N/A,Delhi
ChIJNTzDu4fjDDkRm5W5NDVXUZ8,Kartavya Path,28.6136831,77.2135103,attraction,N/A,2025-01-26,N/A,N/A,Delhi
ChIJR4v0t90DDTkRD6AfYj89BUc,"Ashok Vihar Tomb at Sawan park, Delhi",28.6917569,77.1814988,attraction,N/A,2025-01-26,N/A,N/A,Delhi
ChIJLwvoXQolDTkRAfajE-xQgqA,Ghamroj Natural Waterfall,28.3250625,77.0393125,attraction,N/A,2025-01-26,N/A,N/A,Delhi
ChIJdUMucKNVDDkRrCgZYyTnMng,Goggz Riverside Beach,28.8979844,77.2331833,beaches,N/A,2025-01-26,N/A,N/A,Delhi
ChIJDcTM_osZDTkRcouSh62E1vo,School Ground,28.5090106,77.0389055,beaches,N/A,2025-01-26,N/A,N/A,Delhi
ChIJVUTl52nwDDkR2uechSzITsI,Hindon Chaath Ghat,28.6706978,77.400578,beaches,N/A,2025-01-26,N/A,N/A,Delhi
ChIJc8eN5AD_DDkRCcZZq46xPgI,Yamuna Beach,28.7224387,77.2430002,beaches,N/A,2025-01-26,N/A,N/A,Delhi
ChIJv196wE3_DDkRWj0NusJEshs,"Sangwan Beach, Tehari Dawlatpur, Delhi",28.7865184,77.2043278,beaches,N/A,2025-01-26,N/A,N/A,Delhi
ChIJE9-t1fPnDDkRTviKN0qfkDs,Yamuna Beach and Playground,28.53683,77.3244217,beaches,N/A,2025-01-26,N/A,N/A,Delhi
ChIJdegLiGX9DDkR9_IQS3KglQc,Signature Beach,28.7086614,77.23275679999999,beaches,N/A,2025-01-26,N/A,N/A,Delhi
ChIJAQAAXN7jDDkRdau3NoKGQ9c,the Turtle Beach,28.5396781,77.2609897,beaches,N/A,2025-01-26,N/A,N/A,Delhi
ChIJsVToFeEdDTkREkHgn6UpLcM,Sanjay Van Lake,28.5318209,77.1755326,beaches,N/A,2025-01-26,N/A,N/A,Delhi
ChIJtQa6IgW5DDkRWuVOB239gm4,Bird Beach,28.3378217,77.6335659,beaches,N/A,2025-01-26,N/A,N/A,Delhi
ChIJRSj7-BL_DDkRwJQ43FQ_uU8,Rock Point Delhi,28.7868872,77.20426839999999,beaches,N/A,2025-01-26,N/A,N/A,Delhi
ChIJvbcCDZvvDDkRzDaVsmHCAas,Noida Park,28.567103,77.3930178,beaches,N/A,2025-01-26,N/A,N/A,Delhi
ChIJhV4bDLQbDTkR3tjwIMiFSYM,Muscle Beach Gym,28.5869544,77.0861188,beaches,N/A,2025-01-26,N/A,N/A,Delhi
ChIJQZ7e0Ib-DDkR5p3003UySSA,Dhai Pusta Park,28.7239082,77.24382229999999,beaches,N/A,2025-01-26,N/A,N/A,Delhi
ChIJw323u54ZDTkRFaKJxKFlXUI,ancient muscle beach,28.4754675,77.0472018,beaches,N/A,2025-01-26,N/A,N/A,Delhi
ChIJn5sfyREbDTkR51FTGui_Ms4,Dwarka Sec-8 Park,28.5761242,77.071367,beaches,N/A,2025-01-26,N/A,N/A,Delhi
ChIJP42tbAL9DDkROEV2hk9VaSo,Yamuna Ghat,28.6644866,77.23888269999999,beaches,N/A,2025-01-26,N/A,N/A,Delhi
ChIJkZBzVpfjDDkRlzypM092Fhk,Yamuna River Viewing Point No.-1,28.6002768,77.260279,beaches,N/A,2025-01-26,N/A,N/A,Delhi
ChIJf1SrQKL_DDkRKmIzAo6hyqg,Burari Park,28.756273,77.1959435,beaches,N/A,2025-01-26,N/A,N/A,Delhi
ChIJeQ-383gJDTkRXRnfit6PbPQ,LADPUR BOTTING AREA ND SWIMMING BEACH,28.7366501,76.997492,beaches,N/A,2025-01-26,N/A,N/A,Delhi
ChIJaYWXBMUhDTkRym24vE1Brwo,"The Crashpad, Mangar",28.3671517,77.1814098,beaches,N/A,2025-01-26,N/A,N/A,Delhi
ChIJixZcO_fkDDkRgAd3an8_a0o,Beach & Woods,28.5918173,77.31886469999999,beaches,N/A,2025-01-26,N/A,N/A,Delhi
ChIJ1_s7QgQFDTkRjumfGKZ0q5k,Tilak Nagar Beach,28.6408441,77.09992749999999,beaches,N/A,2025-01-26,N/A,N/A,Delhi
ChIJ_cynL9AFDTkRDDri6_KpBmk,Uttam Beach,28.6113917,77.0737853,beaches,N/A,2025-01-26,N/A,N/A,Delhi
ChIJw9xy9OYFDTkR_jKqhls3dWo,Penguin Beach,28.6722238,77.0586828,beaches,N/A,2025-01-26,N/A,N/A,Delhi
ChIJ6fjIVBXvDDkRXKj_R-KBbU0,Mount n Beach Travels,28.623542,77.43619029999999,beaches,N/A,2025-01-26,N/A,N/A,Delhi
ChIJ4YcGHzb9DDkRu6bbSXdrSuw,Beach Spark,28.6304203,77.21772159999999,beaches,N/A,2025-01-26,N/A,N/A,Delhi
ChIJLwvoXQolDTkRAfajE-xQgqA,Ghamroj Natural Waterfall,28.3250625,77.0393125,waterfalls,N/A,2025-01-26,N/A,N/A,Delhi
ChIJ4ebVYNYlDTkRcnVaoC4wbaE,"Badi Kholi, Ghamroj Waterfall",28.324759,77.0391775,waterfalls,N/A,2025-01-26,N/A,N/A,Delhi
ChIJlapLoFADDTkRXNDYX0ij1N4,Park,28.6243361,77.1095814,waterfalls,N/A,2025-01-26,N/A,N/A,Delhi
ChIJl-U4jiXdDDkRFrff7XS6g-c,World street Fountain,28.3874736,77.3539424,waterfalls,N/A,2025-01-26,N/A,N/A,Delhi
ChIJhaaoMGzfDDkREKCq_4csmvs,Jharna Temple,28.3782746,77.2128843,waterfalls,N/A,2025-01-26,N/A,N/A,Delhi
ChIJo81abPf9DDkR8ogqeZIB51w,Mound and waterfall,28.6744511,77.1994441,waterfalls,N/A,2025-01-26,N/A,N/A,Delhi
ChIJ2YyWIQAjDTkRKd93NngpmJQ,Waterfall,28.3509552,77.06148329999999,waterfalls,N/A,2025-01-26,N/A,N/A,Delhi
ChIJ6RkfTBEnDTkR0Zx10bmJAH0,Angira Anand Spring Waterfalls (Village Kot),28.3383257,77.1622919,waterfalls,N/A,2025-01-26,N/A,N/A,Delhi
ChIJU_GKZlcPDTkRKyhQ2FmBpxs,"Water Body, Tikri Kalan-2",28.6802692,76.9663544,waterfalls,N/A,2025-01-26,N/A,N/A,Delhi
ChIJZ9YLDCYbDTkRohPpRF7fvQE,"Water Body, Dhool Siras",28.5545865,77.0323951,waterfalls,N/A,2025-01-26,N/A,N/A,Delhi
ChIJP8OXVy49DTkRcK1OTY0vimI,The Leopard Trail,28.3766475,76.9964046,waterfalls,N/A,2025-01-26,N/A,N/A,Delhi
ChIJD0fOBlUdDTkRoULlelKSlxQ,"Water Body, Sanjay Van",28.5320843,77.17553099999999,waterfalls,N/A,2025-01-26,N/A,N/A,Delhi
ChIJk8GsdnQHDTkRXvtWlOWnVjM,"Water Body, Karala",28.7370173,77.0488968,waterfalls,N/A,2025-01-26,N/A,N/A,Delhi
ChIJL2VMguZkDDkR1zYjh3qNiuk,Vikas Vihar Water Tank,28.9830286,77.7167477,waterfalls,N/A,2025-01-26,N/A,N/A,Delhi
ChIJK90ePzrfDDkRgNPdPEbYuWc,Valley of Faridabad,28.4393211,77.2819019,waterfalls,N/A,2025-01-26,N/A,N/A,Delhi
ChIJlZqdqTcfDTkRG1_qqQlZaxk,Jharna (Waterfall) Mahal Complex,28.5133906,77.17914449999999,waterfalls,N/A,2025-01-26,N/A,N/A,Delhi
ChIJ5w6xoCsFDTkRURJdrVbnnEw,"Water Body, Hastsal",28.6302823,77.0555682,waterfalls,N/A,2025-01-26,N/A,N/A,Delhi
ChIJ0RNc06I9DTkRg-AQUbA8WpM,Leopard Hills,28.3428791,76.9936456,waterfalls,N/A,2025-01-26,N/A,N/A,Delhi
ChIJlQHCZ4DfDDkRmiKFzSDZQjA,Kamboj Lake,28.3960196,77.2115214,waterfalls,N/A,2025-01-26,N/A,N/A,Delhi
ChIJgbFEL8rvDDkRgNE21G8iZ3A,Gayatri Fountain,28.6085758,77.3999403,waterfalls,N/A,2025-01-26,N/A,N/A,Delhi
ChIJgV0vUbflDDkRti79fwUlYB8,Common kingfisher point,28.6049178,77.3489877,waterfalls,N/A,2025-01-26,N/A,N/A,Delhi
ChIJtVzSIPIlDTkRwN0hdsrAOok,Peela jhoda,28.3146847,77.0452352,waterfalls,N/A,2025-01-26,N/A,N/A,Delhi
ChIJqdQDYpo9DTkRqTaQi7tDF-w,Leopard trail,28.3425361,76.9958138,waterfalls,N/A,2025-01-26,N/A,N/A,Delhi
ChIJX7i-g7Y9DTkRQiIPT-BDIHU,Aravalli Hill View Point,28.3818513,76.9986204,waterfalls,N/A,2025-01-26,N/A,N/A,Delhi
ChIJ6VhlGTQ9DTkR_ng70vBqJEw,Leopard Trail Lake,28.3581529,76.9976823,waterfalls,N/A,2025-01-26,N/A,N/A,Delhi
ChIJlalP9vLfDDkR5juPqLcQseY,Jharna mandir entry,28.3750507,77.2122778,waterfalls,N/A,2025-01-26,N/A,N/A,Delhi
ChIJ05zSsEzzDDkRz4I6Y4H1HtM,Fountains,28.6602873,77.497918,waterfalls,N/A,2025-01-26,N/A,N/A,Delhi
ChIJ_XkQZQAlDTkRdkpHjlGF2LY,RAJPUT marg Ghamroj,28.3281368,77.0671744,waterfalls,N/A,2025-01-26,N/A,N/A,Delhi
ChIJaRnHJvwaDTkROAwO4FMYllg,DDA Water Body and wood land,28.5676657,77.0525493,waterfalls,N/A,2025-01-26,N/A,N/A,Delhi
ChIJvaLF3x8BDTkRg8FliSYam8Q,Fountains,28.7247944,77.1202716,waterfalls,N/A,2025-01-26,N/A,N/A,Delhi
ChIJ2b7qtfMfDTkRoYDiADRCpJ0,Kholi Mandir Bandh Lake,28.4410083,77.12051439999999,waterfalls,N/A,2025-01-26,N/A,N/A,Delhi
ChIJlyoDatEPDTkRxxVKe9CuZww,"Water Body, Neelwal",28.6682022,76.97988,waterfalls,N/A,2025-01-26,N/A,N/A,Delhi
ChIJFzkmDJ4CDTkRYMtvDbghpY8,Paradise Fountains,28.6522162,77.19422229999999,waterfalls,N/A,2025-01-26,N/A,N/A,Delhi
ChIJKwLRagAxDTkR_xme8eQSL1o,Rehna natural waterfall,28.1641469,76.98464779999999,waterfalls,N/A,2025-01-26,N/A,N/A,Delhi
ChIJd1Xn3Rg9DTkRwOlCBz6PQUI,Pandala Hills Drive,28.3689745,76.9957069,waterfalls,N/A,2025-01-26,N/A,N/A,Delhi
ChIJlXXwMnwZDTkR4mnaqjU9pWQ,ncr hikes,28.493412,77.0961757,waterfalls,N/A,2025-01-26,N/A,N/A,Delhi
ChIJTQ2WMP4jDTkRweTGZhpu2tw,Tiger's lake,28.3344263,77.03767409999999,waterfalls,N/A,2025-01-26,N/A,N/A,Delhi
ChIJoeXKGQHfDDkRPvaN6zvzfqc,Jharna Mandir Pali Bani,28.3920908,77.2364274,waterfalls,N/A,2025-01-26,N/A,N/A,Delhi
ChIJ7aAhies3DTkRBcam153U3RA,Mountain of Ghatal,28.2168072,76.8654663,waterfalls,N/A,2025-01-26,N/A,N/A,Delhi
ChIJ7TY_kpYhDTkRmhJ7x1g8ckU,Valley of Gurugram,28.3913544,77.12966140000002,waterfalls,N/A,2025-01-26,N/A,N/A,Delhi
ChIJQRsPrpY9DTkR0WTJ5LuVy4k,"Aravalli hills, sakatpur gurugram",28.3690303,76.99571159999999,waterfalls,N/A,2025-01-26,N/A,N/A,Delhi
ChIJIUiAYQUXDTkRPtqc5wyS1qw,Krisumi Waterfall Studio,28.4178402,76.97298789999999,waterfalls,N/A,2025-01-26,N/A,N/A,Delhi
ChIJj2rVhnzhDDkRomc9mhyQsDk,Death Valley,28.4811401,77.2825742,waterfalls,N/A,2025-01-26,N/A,N/A,Delhi
ChIJn6BpkIYlDTkRL0fB-wnwN4A,Shri Shiv Kund,28.2465923,77.06427409999999,waterfalls,N/A,2025-01-26,N/A,N/A,Delhi
ChIJJ4rVVKIZDTkR0UEMi5RdsCw,Sikanderpur Pond,28.4782977,77.1022912,waterfalls,N/A,2025-01-26,N/A,N/A,Delhi
ChIJ0SlEne0mDTkReTc0recCa8w,Damdama,28.3040294,77.1276424,waterfalls,N/A,2025-01-26,N/A,N/A,Delhi
ChIJFd6sXJMfDTkREW16cgA1l30,Ahana fountains & waterfalls,28.5127385,77.1857702,waterfalls,N/A,2025-01-26,N/A,N/A,Delhi
ChIJd-mW2uThDDkRA3enTKGuVRQ,शिखर अरावली दिल्ली.,28.4832104,77.2288847,waterfalls,N/A,2025-01-26,N/A,N/A,Delhi
ChIJYRJgUoPjDDkRNAyCbaQzWBM,Waste to Wonder Theme Park,28.5926939,77.25697149999999,waterfalls,N/A,2025-01-26,N/A,N/A,Delhi
ChIJcWR3yLsjDTkRXIWFY5Q3mhg,Leopard Point 1,28.3404637,77.0333383,waterfalls,N/A,2025-01-26,N/A,N/A,Delhi
ChIJ-1yuuDo9DTkRrKuCH-HJiBc,Aravalli Hills,28.3613,76.9936,waterfalls,N/A,2025-01-26,N/A,N/A,Delhi
ChIJF-huJo8lDTkRQVy8op_m_Vc,Ch. Devilal Park Sohna,28.2485682,77.0705388,waterfalls,N/A,2025-01-26,N/A,N/A,Delhi
ChIJ9z7OBzZvDTkR-XHYDDk8b8E,Shamsyan Ghat,28.5648633,76.7330526,waterfalls,N/A,2025-01-26,N/A,N/A,Delhi
ChIJlY-RqKs9DTkR5kAyWXb6gVw,Krisumi Waterfall Residences Gurgaon,28.4170455,76.97343699999999,waterfalls,N/A,2025-01-26,N/A,N/A,Delhi
ChIJc9YHgD7lDDkRrrW3KCCRe-I,Rapat ka pura,28.555437,77.356416,waterfalls,N/A,2025-01-26,N/A,N/A,Delhi
ChIJCUGDMBuxDTkRWXFH8ze7M54,Jurassic world,29.0086048,77.0800476,waterfalls,N/A,2025-01-26,N/A,N/A,Delhi
ChIJwRdtBwfnDDkRM3NMW_gTFLQ,Surajkund Circle,28.4895222,77.2866377,waterfalls,N/A,2025-01-26,N/A,N/A,Delhi
ChIJsYye6_TdDDkR68rdLxcKVgo,Water booster,28.4247421,77.3247385,waterfalls,N/A,2025-01-26,N/A,N/A,Delhi
ChIJh8RuXpolDTkRF5CpfXKys6s,Sohna View Point,28.2445677,77.0612172,waterfalls,N/A,2025-01-26,N/A,N/A,Delhi
ChIJA69pHuMLDTkRlFLRB3tbqgQ,Tau Devilal Park,28.6981584,76.916804,waterfalls,N/A,2025-01-26,N/A,N/A,Delhi
ChIJQWz6X03jDDkRHqr34lsF78g,DDA PARK,28.6274544,77.2749674,parks,N/A,2025-01-26,N/A,N/A,Delhi
ChIJKWwYwT7hDDkRJhrlOJrBUYo,Tughlakabad District Park,28.509514,77.26817280000002,parks,N/A,2025-01-26,N/A,N/A,Delhi
ChIJI_hPNNoZDTkRj1T7KuZdjzI,TIKONA PARK,28.4806343,77.0173579,parks,N/A,2025-01-26,N/A,N/A,Delhi
ChIJfd6onMfjDDkRNpOXPcoNchE,MCD Park,28.5574037,77.25462809999999,parks,N/A,2025-01-26,N/A,N/A,Delhi
ChIJV5kKbRwFDTkROyK7HWvc8Ms,Janakpuri Park,28.6310741,77.0904573,parks,N/A,2025-01-26,N/A,N/A,Delhi
ChIJOzmLeXgXDTkRRZ84nD5tTRI,HUDA Park,28.4652066,77.0011166,parks,N/A,2025-01-26,N/A,N/A,Delhi
ChIJ4f7CTBIdDTkRZSxn0QQssg0,Satya Niketan Park,28.5869974,77.1676932,parks,N/A,2025-01-26,N/A,N/A,Delhi
ChIJj9wuBnACDTkRwEx69vC_U5w,DDA Park,28.6761043,77.1730429,parks,N/A,2025-01-26,N/A,N/A,Delhi
ChIJq4jAKNoaDTkRUBaH0AeWTNU,DDA Park,28.594874,77.05124099999999,parks,N/A,2025-01-26,N/A,N/A,Delhi
ChIJO2rj9N_lDDkR26n--y_4y4c,Shaheen Bagh Park,28.5434679,77.2999452,parks,N/A,2025-01-26,N/A,N/A,Delhi
ChIJPYfkAv_pDDkRSNBCb32ULsE,City Park Noida,28.5212213,77.3785765,parks,N/A,2025-01-26,N/A,N/A,Delhi
ChIJ2_FOYBIDDTkRfzi9s8RfElw,Park,28.647868,77.128556,parks,N/A,2025-01-26,N/A,N/A,Delhi
ChIJMe5VlbL8DDkRiP0HLhJoJ_4,Lalita Park,28.632444,77.2714594,parks,N/A,2025-01-26,N/A,N/A,Delhi
ChIJ8aYgyUfiDDkRaTCumgZMH0s,Sri Aurobindo Park,28.5578678,77.2278705,parks,N/A,2025-01-26,N/A,N/A,Delhi
ChIJY5_gtdIEDTkR6gZ47HSY1J0,Bindapur Park,28.609238,77.066609,parks,N/A,2025-01-26,N/A,N/A,Delhi
ChIJ42Ubq8YZDTkR6m6i-6Uqlpk,ParkEnclave Park,28.4484526,77.0470903,parks,N/A,2025-01-26,N/A,N/A,Delhi
ChIJ7cYRv5ADDTkROuJ_gbX3uKY,Baba Ramdev Park,28.672536,77.118543,parks,N/A,2025-01-26,N/A,N/A,Delhi
ChIJRVGrnw0DDTkRcFaEOjQu8ZM,Park Ramesh Nagar,28.650513,77.12854100000001,parks,N/A,2025-01-26,N/A,N/A,Delhi
ChIJvXHzW1fjDDkREskqR19OZ9M,Govt Park,28.6184635,77.28179329999999,parks,N/A,2025-01-26,N/A,N/A,Delhi
ChIJe6VwRLHxDDkRWBUEikMtaW4,Gandhi Park.,28.6733118,77.4308467,parks,N/A,2025-01-26,N/A,N/A,Delhi
ChIJ9SpLdMQaDTkRyNNQLSXDVjc,DDA Park Delhi,28.5893914,77.0408729,parks,N/A,2025-01-26,N/A,N/A,Delhi
ChIJEXI99I7dDDkRf7YlM2ETr4c,Town Park Sector-31,28.4405605,77.31715319999999,parks,N/A,2025-01-26,N/A,N/A,Delhi
ChIJrWgd-GABDTkR7giV0ty6b94,Rohini District Park,28.7086339,77.12766289999999,parks,N/A,2025-01-26,N/A,N/A,Delhi
ChIJcw3oeEAbDTkRpd_USWhO3tg,Bharat Vandana Park,28.5714123,77.05857689999999,parks,N/A,2025-01-26,N/A,N/A,Delhi
ChIJp78NPjobDTkRd5aKN-G2vq4,Dwarka Park,28.5958415,77.07268549999999,parks,N/A,2025-01-26,N/A,N/A,Delhi
ChIJ4dCB7fYbDTkRkrrsO5wmcGw,Manglapuri park,28.5891792,77.0874783,parks,N/A,2025-01-26,N/A,N/A,Delhi
ChIJmU3ZmH8XDTkRC-pskhaHpao,Sector 7 Extension Park,28.4668766,77.00794139999999,parks,N/A,2025-01-26,N/A,N/A,Delhi
ChIJQ1BWtmjcDDkRHzhTWHSeF0A,Deen Bandhu Chotu Ram Park,28.3758421,77.3192802,parks,N/A,2025-01-26,N/A,N/A,Delhi
ChIJB3_x0mflDDkRvUZY9MnFztc,Amitabh Park,28.5800484,77.30341729999999,parks,N/A,2025-01-26,N/A,N/A,Delhi
ChIJw_pFqX0YDTkRoTLmvgW820c,Guru Nanak Park,28.4324187,77.0546263,parks,N/A,2025-01-26,N/A,N/A,Delhi
ChIJMZBq5ADjDDkRwAepzY2U9A8,Birbal Park,28.5825147,77.2445109,parks,N/A,2025-01-26,N/A,N/A,Delhi
ChIJdwchzijiDDkRF_ieHjBNS_0,Chirag Delhi Park,28.538384,77.2311277,parks,N/A,2025-01-26,N/A,N/A,Delhi
ChIJpds36V7iDDkRhKUV9u0ywsg,DDA Park,28.574025,77.2215119,parks,N/A,2025-01-26,N/A,N/A,Delhi
ChIJdWSb3ejmDDkRFhoJ2rb7v_4,ECO PARK NTPC,28.5149152,77.3122307,parks,N/A,2025-01-26,N/A,N/A,Delhi
ChIJSfjWnq4cDTkRTxNsZqayqrw,Sahyogi park,28.6070715,77.1099527,parks,N/A,2025-01-26,N/A,N/A,Delhi
ChIJsxCZOvPvDDkRyz9OfzfnZTA,Park,28.617303,77.386093,parks,N/A,2025-01-26,N/A,N/A,Delhi
ChIJX6zWEokdDTkRIh7dFjezQzY,CHANAN SINGH PARK,28.6069442,77.1296108,parks,N/A,2025-01-26,N/A,N/A,Delhi
ChIJebgQSq78DDkRT4qA4AYJk14,Sanjay Park,28.6310456,77.28122599999999,parks,N/A,2025-01-26,N/A,N/A,Delhi
ChIJZwx9bx7jDDkRdj55CRyLtEQ,Baansera Park,28.593796,77.2616895,parks,N/A,2025-01-26,N/A,N/A,Delhi
ChIJIY5pIuDjDDkRSvYFFMZiJAk,Park India Gate,28.6121264,77.2295332,parks,N/A,2025-01-26,N/A,N/A,Delhi
ChIJCdzws_LiDDkR_96SAAWSZ8I,Jor Bagh Park,28.5879489,77.217827,parks,N/A,2025-01-26,N/A,N/A,Delhi
ChIJD-LLhUziDDkRQp_NCPR2oCk,Park,28.5631432,77.2379969,parks,N/A,2025-01-26,N/A,N/A,Delhi
ChIJUXKhdXXkDDkRaTcD1-6OblQ,Jauhar Park JMI,28.5624283,77.28448089999999,parks,N/A,2025-01-26,N/A,N/A,Delhi
ChIJobTUfd7kDDkR2h0a3L9wBV4,Dr. Babasaheb Ambedkar Park,28.6138182,77.32708509999999,parks,N/A,2025-01-26,N/A,N/A,Delhi
ChIJgcQkWvbhDDkRusMIk2942MY,Haji Abbas Park,28.5283827,77.2097627,parks,N/A,2025-01-26,N/A,N/A,Delhi
ChIJRfX9Fm3hDDkR7rvcj18210M,"Monkey Park, New Delhi",28.5137562,77.2539855,parks,N/A,2025-01-26,N/A,N/A,Delhi
ChIJZVeFrZjlDDkRDOxNEO-rkYc,Nar Vihar 1 Park,28.5846695,77.3560885,parks,N/A,2025-01-26,N/A,N/A,Delhi
ChIJcUEmmqDjDDkRQPChd87Vl7E,Katoch Park,28.5810423,77.25953419999999,parks,N/A,2025-01-26,N/A,N/A,Delhi
ChIJF3LSVqDjDDkRRQUYRO6DTXQ,Park,28.5792687,77.26106399999999,parks,N/A,2025-01-26,N/A,N/A,Delhi
ChIJhTVs0OUZDTkRznX7RiysGN4,Ansal Park,28.4960243,77.0196855,parks,N/A,2025-01-26,N/A,N/A,Delhi
ChIJB3K4j68cDTkRT0BFte7Vrr4,Park,28.6024251,77.11196869999999,parks,N/A,2025-01-26,N/A,N/A,Delhi
ChIJa_7HR5kDDTkRadKtaZZreP0,MCD Park,28.666538,77.121056,parks,N/A,2025-01-26,N/A,N/A,Delhi
ChIJSZCk8WDvDDkRwVB0mloKoQE,Master Green Park,28.5830364,77.3982414,parks,N/A,2025-01-26,N/A,N/A,Delhi
ChIJMcfcOqfjDDkR95rf5UQJ1OI,M. C. D. Park,28.579166,77.2569,parks,N/A,2025-01-26,N/A,N/A,Delhi
ChIJ-6_lGlMCDTkRpsnM1zWOkHU,Jaidev Park,28.6708608,77.1505525,parks,N/A,2025-01-26,N/A,N/A,Delhi
ChIJ16M-ChHlDDkRyI4dnILYZ_4,C Block Park,28.6042922,77.3479096,parks,N/A,2025-01-26,N/A,N/A,Delhi
ChIJwb-f6EOwDTkRbP1bqVETsuc,Sector 15 Park,29.0018674,77.0380466,parks,N/A,2025-01-26,N/A,N/A,Delhi
ChIJlxTHzD7jDDkRmOpgte5aEQM,Siri Fort park,28.5455175,77.2201699,parks,N/A,2025-01-26,N/A,N/A,Delhi
ChIJh7Nw1VkbDTkRq1Z10GM8YWU,Children's Park (Jhule wala park),28.6005479,77.0994564,parks,N/A,2025-01-26,N/A,N/A,Delhi
ChIJU9EuNy0YDTkRxwefr5BIqlE,Gurunanak Park,28.4662142,77.0201348,parks,N/A,2025-01-26,N/A,N/A,Delhi
ChIJ2_aPeJb9DDkRjFaPO3zBsCo,Museum of Illusions,28.6332086,77.2179489,museum,N/A,2025-01-26,N/A,N/A,Delhi
ChIJl2oDyr_iDDkRCrThtJ7RdPA,Gandhi Smriti Museum,28.6019475,77.2144526,museum,N/A,2025-01-26,N/A,N/A,Delhi
ChIJHwdPU73iDDkRJyADQJ4YfH0,Indira Gandhi Memorial Museum,28.5999159,77.20611219999999,museum,N/A,2025-01-26,N/A,N/A,Delhi
ChIJid6gIXAdDTkRAqqcP1nQRts,National Rail Museum,28.5849873,77.1814107,museum,N/A,2025-01-26,N/A,N/A,Delhi
ChIJPQK7Ts4CDTkRMcJcBZUcLF0,National Agricultural Science Museum,28.6263901,77.1619638,museum,N/A,2025-01-26,N/A,N/A,Delhi
ChIJiwFRG8b9DDkRPZhtt1Ur1M8,Metro Museum,28.62361,77.2147341,museum,N/A,2025-01-26,N/A,N/A,Delhi
ChIJPT5I0Un9DDkRHzC_gLLtaPY,Charkha Museum,28.6314073,77.2172054,museum,N/A,2025-01-26,N/A,N/A,Delhi
ChIJ6_Afx1L9DDkRz-6lLymfQiA,"National Museum, New Delhi",28.6119078,77.21929089999999,museum,N/A,2025-01-26,N/A,N/A,Delhi
ChIJG9iV-ariDDkR5LmpJ5FeurI,Rashtrapati Bhavan Museum,28.6188603,77.1966736,museum,N/A,2025-01-26,N/A,N/A,Delhi
ChIJw4iG2zv9DDkRzwyCKBtQfEc,"Museum On 1857- India's First War Of Independence, New Delhi",28.6565568,77.24204259999999,museum,N/A,2025-01-26,N/A,N/A,Delhi
ChIJ1b_O3sfiDDkRgFcAjdRM3lw,National Gandhi Museum,28.6389453,77.24596269999999,museum,N/A,2025-01-26,N/A,N/A,Delhi
ChIJt4Az2yfjDDkRAhrZG8VaoQA,National Crafts Museum & Hastkala Academy,28.6136111,77.24249999999999,museum,N/A,2025-01-26,N/A,N/A,Delhi
ChIJ0cSHnNr8DDkRzc4nGvrfLqA,Mahatma Gandhi Museum,28.6382439,77.2503828,museum,N/A,2025-01-26,N/A,N/A,Delhi
ChIJAf9lc-L8DDkR1qqxzzeQwZ4,Archaeological Museum Red Fort,28.6557505,77.2409389,museum,N/A,2025-01-26,N/A,N/A,Delhi
ChIJVVVVVVUBDTkRw9lvmOS59aU,"Sanskriti Kendra, Aya Nagar, Delhi",28.4851576,77.1280355,museum,N/A,2025-01-26,N/A,N/A,Delhi
ChIJxb7V144cDTkRivVwZOyMdj0,Air Force Museum,28.5740052,77.1167105,museum,N/A,2025-01-26,N/A,N/A,Delhi
ChIJKV_Wjh39DDkRyWDgoRSZ_d0,"Swatantrata Sangram Museum, New Delhi",28.6574262,77.2420671,museum,N/A,2025-01-26,N/A,N/A,Delhi
ChIJNy_v7Yn9DDkROSIBo8osMq0,National Children Museum,28.6325152,77.2376666,museum,N/A,2025-01-26,N/A,N/A,Delhi
ChIJC1YpwsTiDDkR35_EffneKiM,UPSC MUSEUM BUILDING,28.6089263,77.22776929999999,museum,N/A,2025-01-26,N/A,N/A,Delhi
ChIJSWyUtrTiDDkR9prKThW1SWA,National Philatelic Museum,28.6226256,77.21341480000001,museum,N/A,2025-01-26,N/A,N/A,Delhi
ChIJhXHc3FLjDDkRp0hHSUMGhUY,President House Museum Main Building,28.6191253,77.1971252,museum,N/A,2025-01-26,N/A,N/A,Delhi
ChIJdQ0duUTjDDkRKBtuXlJb7eI,Pradhanmantri Sangrahalaya,28.6016294,77.1987213,museum,N/A,2025-01-26,N/A,N/A,Delhi
ChIJXTqPgR39DDkRmrDO88sJhVA,Indian War Memorial Museum,28.6558623,77.240945,museum,N/A,2025-01-26,N/A,N/A,Delhi
ChIJvQ-O2SbjDDkRKw08y1rQu48,Purana Qila Museum,28.6083469,77.2428377,museum,N/A,2025-01-26,N/A,N/A,Delhi
ChIJs3ZwHBXiDDkRYb2kt0U_hkM,ASI Children's Museum,28.552547,77.2151167,museum,N/A,2025-01-26,N/A,N/A,Delhi
ChIJswdVbHrmDDkRUgQKNKtgbss,Kiran Nadar Museum of Art,28.5364828,77.3434127,museum,N/A,2025-01-26,N/A,N/A,Delhi
ChIJAekZxxz-DDkR37IG1P2sqw8,Nirankari Museum,28.7256382,77.19861879999999,museum,N/A,2025-01-26,N/A,N/A,Delhi
ChIJ44TxyOT9DDkRW_oKfNC9l5Q,Kasturba Gandhi Museum (Kasturba Kutir),28.7066645,77.2067261,museum,N/A,2025-01-26,N/A,N/A,Delhi
ChIJlS1ZKfT9DDkR02WAwxqawM4,Delhi Police Museum,28.6956726,77.1977507,museum,N/A,2025-01-26,N/A,N/A,Delhi
ChIJ0TKnblVkDDkRlxCjmefVPEQ,Government Freedom Struggle Museum,28.9871628,77.698713,museum,N/A,2025-01-26,N/A,N/A,Delhi
ChIJV8Ge-jMPDTkRrb1q-elKvQU,Dilli Chalo Museum,28.6872512,76.9809732,museum,N/A,2025-01-26,N/A,N/A,Delhi
ChIJydeFnx09DTkR4MXKIZUlX3I,Urusvati Museum Of Folklore,28.3725862,76.97969189999999,museum,N/A,2025-01-26,N/A,N/A,Delhi
ChIJZ6vStdcEDTkR_mQPcmVo2aU,JITSH,28.6169847,77.058065,museum,N/A,2025-01-26,N/A,N/A,Delhi
ChIJ2dFGFaHiDDkRbc3o8bj_tCc,Prime Ministers' Museum & Library,28.6026399,77.1987706,museum,N/A,2025-01-26,N/A,N/A,Delhi
ChIJGwO7EibjDDkR4At2961aPPE,National Science Centre,28.6131368,77.24538369999999,museum,N/A,2025-01-26,N/A,N/A,Delhi
ChIJJ28Tyyj9DDkRSYW6YMQ2fyo,Ghalib Museum,28.6348082,77.2348832,museum,N/A,2025-01-26,N/A,N/A,Delhi
ChIJL4IUx8gdDTkRqcfQ0ljsuuw,Toya,28.5396658,77.1465791,museum,N/A,2025-01-26,N/A,N/A,Delhi
ChIJR4e3xa3hDDkRDpWMZKkvsdE,Science Centre,28.4917356,77.23112940000001,museum,N/A,2025-01-26,N/A,N/A,Delhi
ChIJi6H9JYvjDDkRGDJlolffqt4,Dr. Zakir Hussain Museum & Mausoleum,28.5615398,77.2833066,museum,N/A,2025-01-26,N/A,N/A,Delhi
ChIJM26qegDjDDkRLlTQhl_WVUE,Humayun's Tomb Museum,28.5940902,77.2444084,museum,N/A,2025-01-26,N/A,N/A,Delhi
ChIJ-7aZpi3jDDkRF-wJO79ahnI,Tribal Museum,28.6136007,77.24249929999999,museum,N/A,2025-01-26,N/A,N/A,Delhi
ChIJgy016tX8DDkR63SrZmHClOI,Shankar's International Dolls Museum,28.6304668,77.2414695,museum,N/A,2025-01-26,N/A,N/A,Delhi
ChIJWy270Un9DDkRWEdXeKnP_xA,Khadi Museum,28.63181,77.216911,museum,N/A,2025-01-26,N/A,N/A,Delhi
ChIJOTrwxnb9DDkRfrjiG-ksOas,Walled City Museum,28.6568769,77.2183846,museum,N/A,2025-01-26,N/A,N/A,Delhi
ChIJU1YqWbz9DDkRh22rfsUGXpc,Dr. Ambedkar National Memorial,28.6840878,77.2219269,museum,N/A,2025-01-26,N/A,N/A,Delhi
ChIJEy4Nq-IZDTkR-S0-YZmI7jU,Museo Camera Centre for the Photographic Arts,28.469616,77.0803851,museum,N/A,2025-01-26,N/A,N/A,Delhi
ChIJWdYOrE79DDkRPrCI5-fxGNA,Baba Baghel Singh Sikh Heritage Multimedia Museum,28.6259657,77.2091757,museum,N/A,2025-01-26,N/A,N/A,Delhi
ChIJ_SavefHjDDkRmmm0q6y9TJU,Museum of Performing Arts,28.6242888,77.2308394,museum,N/A,2025-01-26,N/A,N/A,Delhi
ChIJcXCxSen9DDkRuwSL59Zur-s,"Kranti Mandir Netaji Subhas Chandra Bose Museum Red Fort, New Delhi",28.65822619999999,77.2420487,museum,N/A,2025-01-26,N/A,N/A,Delhi
ChIJR650QED9DDkRTao0y9sgdiU,"Thakkar Bapa National Tribal Museum and Library, jhandewalan",28.643847,77.2000711,museum,N/A,2025-01-26,N/A,N/A,Delhi
ChIJAQAQ-UsZDTkRAc0HOoLIWJE,I Dig History,28.5033652,77.09724729999999,museum,N/A,2025-01-26,N/A,N/A,Delhi
ChIJBe_GKm4dDTkRedlIaZ1zF74,RAIL MUSEUM TOURIST TAXI SERVICE,28.5849319,77.1809907,museum,N/A,2025-01-26,N/A,N/A,Delhi
ChIJj5zZiNXiDDkRkyVZMobRqpU,Supreme Court Museum,28.6242407,77.2400479,museum,N/A,2025-01-26,N/A,N/A,Delhi
ChIJp6j9EmgYDTkRFIsCBK3w-xI,Virtual Museum of Images and Sound,28.4448454,77.0440416,museum,N/A,2025-01-26,N/A,N/A,Delhi
ChIJl03QGl79DDkRgcqSxb-FgDo,Adi Jati Sangrahalaya,28.6439639,77.199466,museum,N/A,2025-01-26,N/A,N/A,Delhi
ChIJx1qvDHAdDTkRLPi0EvtJ5hI,Railway Turntable Relic,28.5842227,77.1826299,museum,N/A,2025-01-26,N/A,N/A,Delhi
ChIJk0ESqxbjDDkRTjv4F5jv8J0,Nair Museum,28.5750148,77.2192407,museum,N/A,2025-01-26,N/A,N/A,Delhi
ChIJZXqmEdHiDDkRlU-BdBtrS4U,National War Memorial,28.6127174,77.23303949999999,museum,N/A,2025-01-26,N/A,N/A,Delhi
ChIJsYIOlRrjDDkRYp_xF_VAxL4,3D Show,28.6131839,77.24586479999999,museum,N/A,2025-01-26,N/A,N/A,Delhi
ChIJj81kiyX9DDkRxIWOkW8i228,Azadi Ke Diwane,28.656508,77.24489299999999,museum,N/A,2025-01-26,N/A,N/A,Delhi
ChIJA9Lr-fbv5zsRqgLJMracS7I,Echo Point,18.9862885,73.26110299999999,attraction,N/A,2025-01-26,N/A,N/A,Maharashtra
ChIJRXjLHyXR5zsRyhqOjYu8ztE,Mumbai Skyline View Point,18.9293711,72.821388,attraction,N/A,2025-01-26,N/A,N/A,Maharashtra
ChIJm8nwVf_v5zsRA4TITvD4h6I,All is well Khandala point cafe,18.9839617,73.2709551,attraction,N/A,2025-01-26,N/A,N/A,Maharashtra
ChIJgZ_KU-_R5zsRYXNnsDYf9mc,Marine Drive,18.9302074,72.8218856,attraction,N/A,2025-01-26,N/A,N/A,Maharashtra
ChIJU53hfjnJ5zsRYarp-yZx2NU,Love Mumbai,19.0494731,72.8335274,attraction,N/A,2025-01-26,N/A,N/A,Maharashtra
ChIJKYs5n5rD5zsRXheM2rFef94,Karave Flamingo Point,19.0165703,73.00601499999999,attraction,N/A,2025-01-26,N/A,N/A,Maharashtra
ChIJu-GG6Ojv5zsRvz_EGCeWszc,Porcupine point,19.0019747,73.2622684,attraction,N/A,2025-01-26,N/A,N/A,Maharashtra
ChIJJ9tDN_bv5zsRSTbBl9wZA6A,King George Point,18.9841824,73.2611221,attraction,N/A,2025-01-26,N/A,N/A,Maharashtra
ChIJMcZJSSzP5zsRiLTrkMSOCGE,Girgaon Chowpatty Beach,18.9544078,72.8128638,attraction,N/A,2025-01-26,N/A,N/A,Maharashtra
ChIJ32qGBUvJ5zsR9tCUBC66sIU,Sion Fort Trail,19.0458368,72.8672696,attraction,N/A,2025-01-26,N/A,N/A,Maharashtra
ChIJKWia_v_C5zsRXGpVThXNAXw,Diwale Jetty,19.008192,73.0407733,attraction,N/A,2025-01-26,N/A,N/A,Maharashtra
ChIJ9b9mZlrH5zsR0XuzsR2Na9E,Mini Seashore,19.0803296,72.99269269999999,attraction,N/A,2025-01-26,N/A,N/A,Maharashtra
ChIJd7CmY6Gx5zsR_RVf63wivO0,Vanrani,19.2281201,72.86944919999999,attraction,N/A,2025-01-26,N/A,N/A,Maharashtra
ChIJd5966M7I5zsRS6DZHR5GLmY,Sion Fort,19.0465923,72.8676819,attraction,N/A,2025-01-26,N/A,N/A,Maharashtra
ChIJ12whE1nl5zsR1Fe-TP7-lHU,"Lords Point, Matheran",18.9802967,73.2602943,attraction,N/A,2025-01-26,N/A,N/A,Maharashtra
ChIJB8Kps0fl5zsR0KpKWboO7bM,One Tree Hill Point,18.9629992,73.26270699999999,attraction,N/A,2025-01-26,N/A,N/A,Maharashtra
ChIJodzdi8DD5zsRvxbtn9koqzk,Rock Garden,19.0299753,73.019897,attraction,N/A,2025-01-26,N/A,N/A,Maharashtra
ChIJuSZdQUbl5zsRyAB5QthwDCI,Belvedere Point,18.9674754,73.26315559999999,attraction,N/A,2025-01-26,N/A,N/A,Maharashtra
ChIJE7auvlPl5zsRcYOWWvovGUc,Matheran Stargazing Adventure Camp,18.9760603,73.2721069,attraction,N/A,2025-01-26,N/A,N/A,Maharashtra
ChIJI8pE-yLP5zsRprLrHgZZ3tk,Girgaon Chowpatty Viewing Deck,18.9548181,72.8081114,attraction,N/A,2025-01-26,N/A,N/A,Maharashtra
ChIJR0UbNxi55zsR3Z6ocLbl41s,Kachrali Talav,19.1962356,72.96797579999999,attraction,N/A,2025-01-26,N/A,N/A,Maharashtra
ChIJsbMSwfTP5zsRUYSS0ZYh698,Mata Ramabai Ambedkar Smruti Viewing Deck,19.0263262,72.8342177,attraction,N/A,2025-01-26,N/A,N/A,Maharashtra
ChIJt-MBd9DJ5zsRb_TiKR0dbZk,Sea link view point,19.0416303,72.8181516,attraction,N/A,2025-01-26,N/A,N/A,Maharashtra
ChIJsQLh0-jv5zsRDVfBDdRHkQM,"Sunset Point, Matheran",19.000744,73.262239,attraction,N/A,2025-01-26,N/A,N/A,Maharashtra
ChIJLVaofXzH5zsRTH1XqK4wggs,"Sagar Vihar, Vashi, Navi Mumbai.",19.0756194,72.9841368,attraction,N/A,2025-01-26,N/A,N/A,Maharashtra
ChIJYwqo8XfJ5zsRcBz5DwLOr9E,"Fountain of Joy, Dhirubhai Ambani Square",19.0655932,72.8671212,attraction,N/A,2025-01-26,N/A,N/A,Maharashtra
ChIJpfX-Z-Cw5zsRE2F4Bv5eATA,Mandapeshwar Caves,19.2450396,72.85363149999999,attraction,N/A,2025-01-26,N/A,N/A,Maharashtra
ChIJw-pM03TJ5zsR3OdIx7NbmP0,Powai dam,19.1268449,72.89637859999999,attraction,N/A,2025-01-26,N/A,N/A,Maharashtra
ChIJ-4WnLhjw5zsRSV9HV6h8hG8,Mount Barry,19.006011,73.2879066,attraction,N/A,2025-01-26,N/A,N/A,Maharashtra
ChIJg1rdcMDJ5zsRc5hZPYRGFOs,Mumbai selfie point juhu,19.1039685,72.8299892,attraction,N/A,2025-01-26,N/A,N/A,Maharashtra
ChIJoel9wFix5zsREK_IyV3zujI,Water Kingdom,19.2314895,72.8075257,attraction,N/A,2025-01-26,N/A,N/A,Maharashtra
ChIJn3Q-5QnO5zsRmouUzzMGp5Q,Hanging Gardens,18.9565598,72.80498659999999,attraction,N/A,2025-01-26,N/A,N/A,Maharashtra
ChIJqWtPcEft5zsRb0A1lV5Tumg,Barrage River Point Badlapur,19.151561,73.2538268,attraction,N/A,2025-01-26,N/A,N/A,Maharashtra
ChIJLTc6rvPv5zsRRvikl0e2o6o,Malang Point Matheran,18.9905373,73.2564594,attraction,N/A,2025-01-26,N/A,N/A,Maharashtra
ChIJhUSLDmf75zsRyVoqnfB5MJs,Subhedar waterfall,18.901914,73.3312729,attraction,N/A,2025-01-26,N/A,N/A,Maharashtra
ChIJRQ2FEbjJ5zsR7AX-21pFhlE,Bandra Wonderland,19.0466879,72.8286607,attraction,N/A,2025-01-26,N/A,N/A,Maharashtra
ChIJxb30rsuw5zsRsKD_r3WfnjQ,Gandhi Tekdi,19.2258967,72.8717424,attraction,N/A,2025-01-26,N/A,N/A,Maharashtra
ChIJpR4BmUzp5zsRmkI9MdaQDGk,ADAI WATERFALL,19.0136871,73.1366839,attraction,N/A,2025-01-26,N/A,N/A,Maharashtra
ChIJY8krEODv5zsRj1MlX8alxns,Heart Point Matheran,19.0052712,73.27471589999999,attraction,N/A,2025-01-26,N/A,N/A,Maharashtra
ChIJoxpny67J5zsRqqDlOmXYZZk,Silver Beach,19.1153157,72.82142089999999,attraction,N/A,2025-01-26,N/A,N/A,Maharashtra
ChIJO-qS_ATP5zsRfAJybniVUPE,Shivadi fort,19.0006679,72.86012649999999,attraction,N/A,2025-01-26,N/A,N/A,Maharashtra
ChIJFQzEN8-15zsRXeJBEkLSHb0,Madh Island,19.1484913,72.7891606,attraction,N/A,2025-01-26,N/A,N/A,Maharashtra
ChIJK2Z9953J5zsRLXTuyQPbRyU,Mahim Beach,19.0434028,72.83812739999999,attraction,N/A,2025-01-26,N/A,N/A,Maharashtra
ChIJ8__88HLR5zsR2II8MESD89U,Mumbai Urban Art Festival - Sassoon Dock Project,18.9128677,72.8255253,attraction,N/A,2025-01-26,N/A,N/A,Maharashtra
ChIJrUvQmlfB5zsR2evucBdF0HQ,"Shirvane Waterfall, Nerul",19.0563684,73.0386681,attraction,N/A,2025-01-26,N/A,N/A,Maharashtra
ChIJmf4Ezy275zsRR_Ivm_dUMNc,Gaimukh Beach,19.2871499,72.9386146,attraction,N/A,2025-01-26,N/A,N/A,Maharashtra
ChIJO7_EUbip5zsR0w62NX0QEOY,One Tree Hill Point,19.4561685,72.82938899999999,attraction,N/A,2025-01-26,N/A,N/A,Maharashtra
ChIJVRdH2pbR5zsRy3gQyOGlWqI,Harbor point,18.9139991,72.8238859,attraction,N/A,2025-01-26,N/A,N/A,Maharashtra
ChIJocXh0mbO5zsRVEnMCxNfrQI,Dhobi Ghat Viewing Deck,18.9821539,72.8247549,attraction,N/A,2025-01-26,N/A,N/A,Maharashtra
ChIJCash1c_O5zsRDTOfrWoJGUs,Park View Point,19.0267509,72.8396679,attraction,N/A,2025-01-26,N/A,N/A,Maharashtra
ChIJmeRrk4XB5zsRdJTMQxZ5Az4,Pandavkada Waterfalls,19.0628078,73.0512979,attraction,N/A,2025-01-26,N/A,N/A,Maharashtra
ChIJLehvN9jR5zsRRKgzjtu_o2c,Fort George,18.9412344,72.8385198,attraction,N/A,2025-01-26,N/A,N/A,Maharashtra
ChIJs8x3pc7P5zsRKM6c9KpHiKQ,Malabar View Point,18.9547625,72.80817189999999,attraction,N/A,2025-01-26,N/A,N/A,Maharashtra
ChIJV0RAnt765zsRDw9lVBRsfE8,Sondai Fort,18.9458618,73.29596939999999,attraction,N/A,2025-01-26,N/A,N/A,Maharashtra
ChIJ75esujt66DsRrq9NpU27hFo,Alibaug Beach,18.6391422,72.8720214,attraction,N/A,2025-01-26,N/A,N/A,Maharashtra
ChIJ229EGhTR5zsRjB3OGFb4ybo,"Nariman Point, Mumbai",18.9256665,72.8185968,attraction,N/A,2025-01-26,N/A,N/A,Maharashtra
ChIJ-aC0xKbJ5zsR5UvyiXt5m6E,Juhu Garden,19.084109,72.83394179999999,attraction,N/A,2025-01-26,N/A,N/A,Maharashtra
ChIJOURl7tPJ5zsRirxQn3Fgin4,Powai Birds Watching Site Mumbai,19.1241368,72.8976016,attraction,N/A,2025-01-26,N/A,N/A,Maharashtra
ChIJSRH78kXJ5zsRIs_v9o69UuI,Band Stand,19.0451906,72.8191501,attraction,N/A,2025-01-26,N/A,N/A,Maharashtra
ChIJq6qqPr6q5zsRQ6h9OynSwGk,Arnala Fort,19.4659461,72.7322521,attraction,N/A,2025-01-26,N/A,N/A,Maharashtra
ChIJpSIvRciz5zsRnvaT8UM2ipQ,Gorai Beach,19.251825,72.7829223,beaches,N/A,2025-01-26,N/A,N/A,Maharashtra
ChIJe8Ltm0-s5zsR-TM0c9QB5nY,Rangaon beach,19.3612959,72.77135609999999,beaches,N/A,2025-01-26,N/A,N/A,Maharashtra
ChIJd7FVRsWt5zsRZXWkMgSTCwI,Suruchi Beach,19.3398381,72.7915665,beaches,N/A,2025-01-26,N/A,N/A,Maharashtra
ChIJV8T52P2q5zsROW0kueXr__E,Navapur Beach,19.4427785,72.7509499,beaches,N/A,2025-01-26,N/A,N/A,Maharashtra
ChIJf2LZqGbP5zsRhjb8ciyYqlA,Marine drive beach,18.9554795,72.8125562,beaches,N/A,2025-01-26,N/A,N/A,Maharashtra
ChIJKcmDILnO5zsRxOwmRdHnbrc,Prabhadevi Beach,19.018074,72.824947,beaches,N/A,2025-01-26,N/A,N/A,Maharashtra
ChIJTfxUchfa5zsROHz4egnKNLM,Warik Aali Beach Entrance,18.8718478,72.9189165,beaches,N/A,2025-01-26,N/A,N/A,Maharashtra
ChIJeyWxXXys5zsRjDEWVBGcBic,Bhuigaon Beach,19.38788,72.76083249999999,beaches,N/A,2025-01-26,N/A,N/A,Maharashtra
ChIJHREKUcmt5zsRaQAE2xafP7o,Bena Beach,19.345945,72.7860707,beaches,N/A,2025-01-26,N/A,N/A,Maharashtra
ChIJsysAjjay5zsR405ufNIUcUk,Uttan Virgin Beach,19.2668928,72.78433500000001,beaches,N/A,2025-01-26,N/A,N/A,Maharashtra
ChIJVwzZMD6y5zsRPwz6i-U_6Jg,Uttan Beach,19.2819076,72.7835253,beaches,N/A,2025-01-26,N/A,N/A,Maharashtra
ChIJ0VkWORm05zsRGLcxnP197Oc,Marvé Beach,19.1973487,72.79676429999999,beaches,N/A,2025-01-26,N/A,N/A,Maharashtra
ChIJ2TwwBAGr5zsRJvN4AgXuGos,Navapur Beach,19.4374853,72.7531566,beaches,N/A,2025-01-26,N/A,N/A,Maharashtra
ChIJjft6v-LJ5zsRj8jVeqWAl14,Versova Beach,19.1246969,72.81703279999999,beaches,N/A,2025-01-26,N/A,N/A,Maharashtra
ChIJbehA7Iur5zsRKGQ7xio-Xxs,Kalamb Beach,19.4034081,72.7614246,beaches,N/A,2025-01-26,N/A,N/A,Maharashtra
ChIJF9sO97fX5zsRrfZmwtYIXW0,Sasawane Beach,18.7860024,72.8629943,beaches,N/A,2025-01-26,N/A,N/A,Maharashtra
ChIJl9H2hwO25zsRE417ZMkkh7s,Rock Beach,19.1301885,72.8130509,beaches,N/A,2025-01-26,N/A,N/A,Maharashtra
ChIJ6W28r5TJ5zsRd3GnoeRgZ9M,Juhu Beach,19.0974187,72.8264476,beaches,N/A,2025-01-26,N/A,N/A,Maharashtra
ChIJk1nHRuDP5zsRdYXhPMuKlCk,Girgaon Chowpatty (Beach),18.9548336,72.8118293,beaches,N/A,2025-01-26,N/A,N/A,Maharashtra
ChIJ16_PpMjO5zsRB53v6UWRiOY,Dadar Chowpatty,19.0266617,72.8345812,beaches,N/A,2025-01-26,N/A,N/A,Maharashtra
ChIJMcZJSSzP5zsRiLTrkMSOCGE,Girgaon Chowpatty Beach,18.9544078,72.8128638,beaches,N/A,2025-01-26,N/A,N/A,Maharashtra
ChIJR5QHNAi25zsRoFB0VsQdMq0,Versova Beach,19.1405831,72.80344869999999,beaches,N/A,2025-01-26,N/A,N/A,Maharashtra
ChIJq4c5oG3a5zsRi6h_zRA8g4o,"Mankeshwar Beach, Uran",18.8830007,72.91171609999999,beaches,N/A,2025-01-26,N/A,N/A,Maharashtra
ChIJRfsO1EJ46DsREOlmQOWAkwU,Kamath Beach,18.7365061,72.8636734,beaches,N/A,2025-01-26,N/A,N/A,Maharashtra
ChIJA2jKWL-z5zsRplEF3q4lpBg,Gorai Beach,19.2419548,72.7808269,beaches,N/A,2025-01-26,N/A,N/A,Maharashtra
ChIJO1o3FGB56DsR_MRxIWiiY1I,Kihim Beach,18.7287184,72.8647684,beaches,N/A,2025-01-26,N/A,N/A,Maharashtra
ChIJLz_M3MO15zsR34nZJZ2Uv6E,Silver Beach,19.1503817,72.78858319999999,beaches,N/A,2025-01-26,N/A,N/A,Maharashtra
ChIJfSaxZS966DsRY2TmcYltIMc,Varsoli Beach,18.6661405,72.8629943,beaches,N/A,2025-01-26,N/A,N/A,Maharashtra
ChIJIyK2eSS05zsRAjKqx8Jf1ak,Hamla Beach,19.1863288,72.7963392,beaches,N/A,2025-01-26,N/A,N/A,Maharashtra
ChIJr0qVFc3O5zsR8CyROhozar8,Mahim Beach,19.0338019,72.83797779999999,beaches,N/A,2025-01-26,N/A,N/A,Maharashtra
ChIJ86AlQMWt5zsRHzGqqkS_008,Vasai Beach,19.3399306,72.7907992,beaches,N/A,2025-01-26,N/A,N/A,Maharashtra
ChIJl3BaaS605zsR9-3YNIM8Ukg,Aksa Beach,19.1759612,72.7953513,beaches,N/A,2025-01-26,N/A,N/A,Maharashtra
ChIJOcwqMvq35zsRhLEiX25wc0o,Versova Beach Promenade,19.1349868,72.80941969999999,beaches,N/A,2025-01-26,N/A,N/A,Maharashtra
ChIJQTW-1Mu15zsRmhyOHai3Oiw,Erangal Beach,19.1612527,72.7839664,beaches,N/A,2025-01-26,N/A,N/A,Maharashtra
ChIJGefbcV6s5zsRwAHkF4xB-yI,Rangaon-Bhuigaon Beach,19.3707344,72.7619744,beaches,N/A,2025-01-26,N/A,N/A,Maharashtra
ChIJoYT06H7J5zsRFquX-6_b968,Juhu Beach,19.1152847,72.821437,beaches,N/A,2025-01-26,N/A,N/A,Maharashtra
ChIJc58tr4rZ5zsR8i4UG9IYDq8,Uran Pirwad Beach,18.8576817,72.9228021,beaches,N/A,2025-01-26,N/A,N/A,Maharashtra
ChIJmWhjpIF56DsRA0tKzUN9iis,Kihim Beach,18.7243016,72.86455649999999,beaches,N/A,2025-01-26,N/A,N/A,Maharashtra
ChIJ-8A1STO05zsR58TPTjzARfI,Dana Pani Beach,19.1695807,72.7883985,beaches,N/A,2025-01-26,N/A,N/A,Maharashtra
ChIJIYGFEGN66DsR0LuIbLEEJns,Raiwadi Beach,18.6265878,72.8851471,beaches,N/A,2025-01-26,N/A,N/A,Maharashtra
ChIJaQhEYS966DsRQF4XmCFgs1g,Varsoli Beach,18.6589764,72.86407849999999,beaches,N/A,2025-01-26,N/A,N/A,Maharashtra
ChIJqz10Mwu05zsRtlQGBA3qhM0,Manori Beach,19.2098721,72.78081019999999,beaches,N/A,2025-01-26,N/A,N/A,Maharashtra
ChIJq6qq6sqv5zsRVEQqpC474To,Panju island,19.3352076,72.84870699999999,beaches,N/A,2025-01-26,N/A,N/A,Maharashtra
ChIJ2WOI6Rna5zsRd6Z7tgBIjhg,Uran nagav Beach,18.8721503,72.9181878,beaches,N/A,2025-01-26,N/A,N/A,Maharashtra
ChIJdZYe7XHa5zsRVOyUjpz4SS4,Kegav Beach,18.8857384,72.90803609999999,beaches,N/A,2025-01-26,N/A,N/A,Maharashtra
ChIJY1jCAUN66DsRrJcdx04BpuM,Alibag Beach,18.6390485,72.8720864,beaches,N/A,2025-01-26,N/A,N/A,Maharashtra
ChIJh65ji0PJ5zsR9cxMLH8o82E,Bandstand Beach view,19.0469299,72.8196852,beaches,N/A,2025-01-26,N/A,N/A,Maharashtra
ChIJs3I1gLjO5zsRkdxrkpHVZZs,Dadar Beach,19.0207597,72.8292998,beaches,N/A,2025-01-26,N/A,N/A,Maharashtra
ChIJfVhWfUd56DsRWaAQAQqQF6Q,Thal Chalamala Beach,18.680447,72.861192,beaches,N/A,2025-01-26,N/A,N/A,Maharashtra
ChIJjw6I9zay5zsRAA0lQ8QFc9E,Uttan Virgin Beach,19.2681072,72.78378169999999,beaches,N/A,2025-01-26,N/A,N/A,Maharashtra
ChIJN7vVjj7Y5zsRhz81oEXXqz0,Saaral Beach,18.7943037,72.9189261,beaches,N/A,2025-01-26,N/A,N/A,Maharashtra
ChIJ____YBm05zsRIvswqqDTvAk,Marve Beach,19.1973487,72.79676429999999,beaches,N/A,2025-01-26,N/A,N/A,Maharashtra
ChIJL0_rMVB46DsRSCG-_S5ZNnU,kihim Beach,18.7229055,72.8637328,beaches,N/A,2025-01-26,N/A,N/A,Maharashtra
ChIJ2chTZdjX5zsRQyCfIJgH_Mk,Awas Beach,18.7668287,72.8652097,beaches,N/A,2025-01-26,N/A,N/A,Maharashtra
ChIJBw_fjot76DsR7JyZj4ZPwGE,Alibag Beach Selfie Point,18.639501,72.8710521,beaches,N/A,2025-01-26,N/A,N/A,Maharashtra
ChIJOx4T1ZjX5zsRl8Nqc52jaAk,Mandwa Beach,18.8030918,72.878686,beaches,N/A,2025-01-26,N/A,N/A,Maharashtra
ChIJMcHb5jey5zsRjio61pAlsts,Velankanni Beach,19.2700286,72.7810737,beaches,N/A,2025-01-26,N/A,N/A,Maharashtra
ChIJnVJ7DgrJ5zsRR-qAV93Csfg,Bandra beach,19.0431794,72.8172115,beaches,N/A,2025-01-26,N/A,N/A,Maharashtra
ChIJSW6EGQ_O5zsRv8mYUqj-ntw,Girgaon Chowpatty,18.9518622,72.8165592,beaches,N/A,2025-01-26,N/A,N/A,Maharashtra
ChIJdTBehknJ5zsRBKVtfCfVsv8,Beach walk,19.064096,72.822727,beaches,N/A,2025-01-26,N/A,N/A,Maharashtra
ChIJ7Sgm7SLp5zsRXuhMHMqOx-s,Pale Bk WaterFalls,19.0462763,73.13645989999999,waterfalls,N/A,2025-01-26,N/A,N/A,Maharashtra
ChIJHfldOQKh5zsRMEqRAlnAeFs,Bokadkada Waterfall,19.4662395,73.03349229999999,waterfalls,N/A,2025-01-26,N/A,N/A,Maharashtra
ChIJi887FYTB5zsRj3Cb5KnZrCI,Pandavkada Falls,19.0623132,73.0477849,waterfalls,N/A,2025-01-26,N/A,N/A,Maharashtra
ChIJBThBS_Dv5zsRk-lv6yiVPf8,Doodhani Waterfall,19.012432,73.2720149,waterfalls,N/A,2025-01-26,N/A,N/A,Maharashtra
ChIJobBKPoIL6DsR1GJWhv12ITQ,Sateri Waterfall,18.7057723,73.156294,waterfalls,N/A,2025-01-26,N/A,N/A,Maharashtra
ChIJxSxB5kTf5zsRd6z9O69sKvQ,BHAVANIKADA WATERFALLS SAI,18.8442886,73.0684232,waterfalls,N/A,2025-01-26,N/A,N/A,Maharashtra
ChIJk4gSBcgH6DsRL294pivedDk,Shingroba Waterfall,18.7642502,73.3518498,waterfalls,N/A,2025-01-26,N/A,N/A,Maharashtra
ChIJBYIFqWaV5zsRPrlQjhdnNag,Kakadwal Waterfall - Gothanipada Village,19.1587691,73.1525372,waterfalls,N/A,2025-01-26,N/A,N/A,Maharashtra
ChIJW7no80fD5zsR5nxgH7viRCQ,Belapur Waterfalls,19.0410027,73.04055029999999,waterfalls,N/A,2025-01-26,N/A,N/A,Maharashtra
ChIJixZv5jXt5zsRy8yJg8LC6tA,Dhangar Waterfalls,19.1130418,73.2322682,waterfalls,N/A,2025-01-26,N/A,N/A,Maharashtra
ChIJK_9PW9xw6DsRg7n9yIRtdKk,Siddheshwar Waterfall,18.6580074,72.93789079999999,waterfalls,N/A,2025-01-26,N/A,N/A,Maharashtra
ChIJ1Tp9Stv65zsRUshktzvLhsg,Changewadi Twin Waterfalls,18.9512338,73.29279509999999,waterfalls,N/A,2025-01-26,N/A,N/A,Maharashtra
ChIJS_s4EqcH6DsRXTGEy_n9_go,Arctic Seasonal Waterfalls,18.773679,73.3219479,waterfalls,N/A,2025-01-26,N/A,N/A,Maharashtra
ChIJ3xvMO9275zsRzfv_RyQijkA,Chirma Devi Waterfall,19.2553139,72.9527133,waterfalls,N/A,2025-01-26,N/A,N/A,Maharashtra
ChIJq4Did4Hx5zsROBbtZqXxQ34,Vetaleshwar waterfall,19.0098302,73.27745809999999,waterfalls,N/A,2025-01-26,N/A,N/A,Maharashtra
ChIJxbRAawum5zsRp41OyZCmu2Q,Chinchoti Waterfalls,19.4142476,72.9195847,waterfalls,N/A,2025-01-26,N/A,N/A,Maharashtra
ChIJAe3n-_r65zsRr9nEwRMmFBY,Ashane small Waterfalls,18.9509859,73.3144545,waterfalls,N/A,2025-01-26,N/A,N/A,Maharashtra
ChIJIw-Bn_y55zsRBir4kHxw8Hk,"Waterfall, Shreenagar, Thane",19.1899778,72.938388,waterfalls,N/A,2025-01-26,N/A,N/A,Maharashtra
ChIJ68Y2x73p5zsRu9mFslvPd8k,Tembhode Waterfalls,19.0251215,73.1317079,waterfalls,N/A,2025-01-26,N/A,N/A,Maharashtra
ChIJKcCJcvsG6DsRfijvgqO38mI,Aadoshi Range of Waterfalls,18.7579154,73.3332945,waterfalls,N/A,2025-01-26,N/A,N/A,Maharashtra
ChIJpR4BmUzp5zsRmkI9MdaQDGk,ADAI WATERFALL,19.0136871,73.1366839,waterfalls,N/A,2025-01-26,N/A,N/A,Maharashtra
ChIJxWVdw4v75zsRBUhdxH8JosA,Bhivpuri Waterfalls,18.9549563,73.31341239999999,waterfalls,N/A,2025-01-26,N/A,N/A,Maharashtra
ChIJryPNeT665zsRerMM_jWQMvE,Yeoor Waterfall,19.2449922,72.92470340000001,waterfalls,N/A,2025-01-26,N/A,N/A,Maharashtra
ChIJ5-FAKJ775zsRN0oOUHC0Rwk,Ashane Waterfalls,18.9549237,73.3134369,waterfalls,N/A,2025-01-26,N/A,N/A,Maharashtra
ChIJvXPQ0-vA5zsRqkFVXJNtWTs,GavliDev Waterfall & Bird Sanctuary,19.1291595,73.0233188,waterfalls,N/A,2025-01-26,N/A,N/A,Maharashtra
ChIJ80zqCo6w5zsRG_4gnf-Jpz0,Vaghdevi Waterfalls,19.2592321,72.8811936,waterfalls,N/A,2025-01-26,N/A,N/A,Maharashtra
ChIJETajJxfw5zsRKKkvFkSNZZI,Matheran Waterfall,19.0039293,73.2911692,waterfalls,N/A,2025-01-26,N/A,N/A,Maharashtra
ChIJoZ2qCRW_5zsRVWXN4Pa9sQY,Mumbra Waterfall,19.1701913,73.0189351,waterfalls,N/A,2025-01-26,N/A,N/A,Maharashtra
ChIJlevkBADy5zsRKJ-DJ7bCbXs,Bhagirath WaterFall Bedisgaav,19.0771192,73.2771419,waterfalls,N/A,2025-01-26,N/A,N/A,Maharashtra
ChIJ7RM0IC7w5zsRxQbdZAXFFMk,"Anand Wadi Waterfall, Neral, Maharashtra",19.0221114,73.2919694,waterfalls,N/A,2025-01-26,N/A,N/A,Maharashtra
ChIJd3HwaH1x6DsRJDg3yYm_Vec,WADGAON waterfall and Dam,18.6582317,72.910428,waterfalls,N/A,2025-01-26,N/A,N/A,Maharashtra
ChIJGeSUrJeZ5zsR7Mj0UqDqr4k,Mohachapada waterfall,19.4120888,73.12248509999999,waterfalls,N/A,2025-01-26,N/A,N/A,Maharashtra
ChIJUyL09YLv5zsRvt5fIoiGn-Y,Madhu Waterfall,19.0527506,73.26344019999999,waterfalls,N/A,2025-01-26,N/A,N/A,Maharashtra
ChIJ1cKKzrrD5zsRq-E68XJev1I,Kharghar Waterfalls,19.0329959,73.05372,waterfalls,N/A,2025-01-26,N/A,N/A,Maharashtra
ChIJ5dJCQ0d36DsR66VA_9BEjBk,Choronde waterfall,18.7096399,72.9024605,waterfalls,N/A,2025-01-26,N/A,N/A,Maharashtra
ChIJrUvQmlfB5zsR2evucBdF0HQ,"Shirvane Waterfall, Nerul",19.0563684,73.0386681,waterfalls,N/A,2025-01-26,N/A,N/A,Maharashtra
ChIJyZ_ss_jd5zsRHf796aK21LQ,Belpada waterfall,18.9315277,73.00417589999999,waterfalls,N/A,2025-01-26,N/A,N/A,Maharashtra
ChIJ7zALfejm5zsR1UWfjxGszjw,Usarai Rainy season waterfall,18.9062269,73.14732939999999,waterfalls,N/A,2025-01-26,N/A,N/A,Maharashtra
ChIJQakAzVMJ6DsR74JJBEezNuU,Tandav Waterfall,18.7336161,73.2579014,waterfalls,N/A,2025-01-26,N/A,N/A,Maharashtra
ChIJ42Dz1afx5zsRW1GhdlortMc,Anand wadi waterfall,19.0273319,73.3006628,waterfalls,N/A,2025-01-26,N/A,N/A,Maharashtra
ChIJXWeoeNC75zsRI6GT0rJmP4w,KOKANIPADA WATERFALL,19.2397445,72.9578578,waterfalls,N/A,2025-01-26,N/A,N/A,Maharashtra
ChIJ60cm0Yfn5zsRDNF5P5DyEJE,Sangurli waterfall,18.9341754,73.1183966,waterfalls,N/A,2025-01-26,N/A,N/A,Maharashtra
ChIJiwMFVUaT5zsRfQ7oX13n0Ok,Midc waterfall,19.1653125,73.2049375,waterfalls,N/A,2025-01-26,N/A,N/A,Maharashtra
ChIJ7TrMGw_r5zsRAmHAw8jsUu8,SHIRAVALI WATERFALL,19.0850573,73.1756461,waterfalls,N/A,2025-01-26,N/A,N/A,Maharashtra
ChIJd0pJ4Gfx5zsRxsYEMkcyFPA,Diamond waterfall mangaon,19.0071193,73.314713,waterfalls,N/A,2025-01-26,N/A,N/A,Maharashtra
ChIJmeRrk4XB5zsRdJTMQxZ5Az4,Pandavkada Waterfalls,19.0628078,73.0512979,waterfalls,N/A,2025-01-26,N/A,N/A,Maharashtra
ChIJS1nIZvXi5zsRb1vTcwtx7go,Madap Waterfall,18.8207356,73.2297617,waterfalls,N/A,2025-01-26,N/A,N/A,Maharashtra
ChIJ5-eM3p3x5zsRL0SsxjVP6hg,Bekare waterfall,18.9935364,73.305623,waterfalls,N/A,2025-01-26,N/A,N/A,Maharashtra
ChIJAYsKDyfB5zsRbAsxyztnzIU,Hanuman kada waterfall,19.0636941,73.0475629,waterfalls,N/A,2025-01-26,N/A,N/A,Maharashtra
ChIJ0Zs2XoAJ5zsRoo4DhjM48S4,BELWADI WATERFALL,19.5103998,72.9212768,waterfalls,N/A,2025-01-26,N/A,N/A,Maharashtra
ChIJxQBv-fDt5zsRc7gBTJMaIfY,Tavali Waterfall,19.131976,73.192371,waterfalls,N/A,2025-01-26,N/A,N/A,Maharashtra
ChIJNc-lwtb75zsRsBtOLxC2yhc,Wavarle waterfall,18.9271882,73.2915156,waterfalls,N/A,2025-01-26,N/A,N/A,Maharashtra
ChIJ_xyZzAy75zsR6HOnzYzsETM,Pachwad waterfall,19.2552573,72.95270529999999,waterfalls,N/A,2025-01-26,N/A,N/A,Maharashtra
ChIJHb4h-xXx5zsRfxgWZARa8JA,Neral waterfall,19.018997,73.31354859999999,waterfalls,N/A,2025-01-26,N/A,N/A,Maharashtra
ChIJ6Zsvv9bB5zsRDOdMeCHlqEY,Pandavkada best view point,19.0577767,73.0532616,waterfalls,N/A,2025-01-26,N/A,N/A,Maharashtra
ChIJGwpd92Gn5zsRAPtYP1RiC4E,Tungareshwar Waterfalls,19.4180633,72.9032876,waterfalls,N/A,2025-01-26,N/A,N/A,Maharashtra
ChIJf1njEjux5zsROQiFhMcfEKM,Pratik Malusare Waterfall,19.2524725,72.8851834,waterfalls,N/A,2025-01-26,N/A,N/A,Maharashtra
ChIJeViW2ZL65zsRAcMgMKji1rA,Diksal Waterfall,18.9649195,73.30922749999999,waterfalls,N/A,2025-01-26,N/A,N/A,Maharashtra
ChIJExc-6PzD5zsRwEQeldmlpIo,Arjun Kada Waterfall,19.0408129,73.0554674,waterfalls,N/A,2025-01-26,N/A,N/A,Maharashtra
ChIJS0xJqFDl5zsR8hztX1MIBfE,भिलवले waterfall,18.8982075,73.2766896,waterfalls,N/A,2025-01-26,N/A,N/A,Maharashtra
ChIJ44tO5-_H5zsRXmO2BHACyoE,BMC Nirvana Park,19.1224357,72.9118562,parks,N/A,2025-01-26,N/A,N/A,Maharashtra
ChIJZflCSM7O5zsRIBfv6_numdI,Chhatrapati Shivaji Maharaj Park,19.0268002,72.8382281,parks,N/A,2025-01-26,N/A,N/A,Maharashtra
ChIJHULFxdy45zsRyAaUGlnw2SE,Hariom Nagar Park Thane,19.175556,72.973686,parks,N/A,2025-01-26,N/A,N/A,Maharashtra
ChIJbx2nNA3J5zsRfw70uhgcNVI,Bajaj Park,19.0708699,72.82757289999999,parks,N/A,2025-01-26,N/A,N/A,Maharashtra
ChIJlc39KfWV5zsRaroojFJxyNk,Dombivli Park,19.2206969,73.0906895,parks,N/A,2025-01-26,N/A,N/A,Maharashtra
ChIJO4AsbE2_5zsRCYYK1fSG07c,NMMC Park,19.1548536,72.9953155,parks,N/A,2025-01-26,N/A,N/A,Maharashtra
ChIJvZYm-uDO5zsRanhuLspYphA,Nana Nani Park,19.0109735,72.8484203,parks,N/A,2025-01-26,N/A,N/A,Maharashtra
ChIJVVVVVRi85zsRQtYIM2yNpbY,Kalher Durgesh Park,19.2461194,73.0137862,parks,N/A,2025-01-26,N/A,N/A,Maharashtra
ChIJ4wJ5hAbA5zsRLedcZIZj5QE,Promenade Park,19.1448154,73.0794169,parks,N/A,2025-01-26,N/A,N/A,Maharashtra
ChIJzfcd7Eap5zsRM5bLXRIPcFw,Paras Nagar Park,19.4172864,72.8238526,parks,N/A,2025-01-26,N/A,N/A,Maharashtra
ChIJmcY8W_HI5zsR85oFyffdzHo,Joseph Baptista Gardens,19.0775216,72.86860899999999,parks,N/A,2025-01-26,N/A,N/A,Maharashtra
ChIJ0UtMz9vF5zsRFscfcRNHJXY,SPDC Park,19.0373386,72.9307443,parks,N/A,2025-01-26,N/A,N/A,Maharashtra
ChIJcaqk6S-25zsRVprNrvhC6rU,Hill Park Garden,19.1380102,72.84127289999999,parks,N/A,2025-01-26,N/A,N/A,Maharashtra
ChIJCdJ4unbJ5zsRaeumFR93kZE,Carter Road Skatepark,19.0622562,72.8220542,parks,N/A,2025-01-26,N/A,N/A,Maharashtra
ChIJMQw-GtvI5zsRwERQp-CzzbQ,Maharashtra Nature Park,19.0522583,72.86276409999999,parks,N/A,2025-01-26,N/A,N/A,Maharashtra
ChIJ327G_JnJ5zsR0odAM4-jDwI,BKC Walk Park,19.0596791,72.861242,parks,N/A,2025-01-26,N/A,N/A,Maharashtra
ChIJmXoHk1625zsR5eO7WjfgV7M,Laxmi Park,19.1681819,72.8318245,parks,N/A,2025-01-26,N/A,N/A,Maharashtra
ChIJjbdKKD7J5zsRGzDg424jFDQ,Prof. Almeida Park,19.0575891,72.8314259,parks,N/A,2025-01-26,N/A,N/A,Maharashtra
ChIJM-H8p-C45zsRlXpfEV61a5U,Bara Bungalow park,19.1807214,72.96893600000001,parks,N/A,2025-01-26,N/A,N/A,Maharashtra
ChIJGd8roGi55zsR34Wq6I5qlM8,Community Park,19.2206108,72.96532069999999,parks,N/A,2025-01-26,N/A,N/A,Maharashtra
ChIJU4kmRzbB5zsRa4daAMe7WrU,Ghansoli Gharonda sector 9 Turf children park,19.1170235,72.9984782,parks,N/A,2025-01-26,N/A,N/A,Maharashtra
ChIJM47pelPC5zsRSPUz5ANCTig,Park,19.0150608,73.0428416,parks,N/A,2025-01-26,N/A,N/A,Maharashtra
ChIJa6K764235zsRC9kL6zTZ13E,Evershine's Dream Park,19.2126026,72.8757552,parks,N/A,2025-01-26,N/A,N/A,Maharashtra
ChIJs_I_FUzJ5zsROKNoeuk2LtI,DN Nagar park.,19.1250417,72.82883000000001,parks,N/A,2025-01-26,N/A,N/A,Maharashtra
ChIJ6SaEUk_J5zsR-Jw_kqb9f7E,Public Park,19.1132417,72.8765949,parks,N/A,2025-01-26,N/A,N/A,Maharashtra
ChIJXZgDu0jP5zsRg8qEE0Bd1t4,C4 Shivaji Park,19.0305871,72.837137,parks,N/A,2025-01-26,N/A,N/A,Maharashtra
ChIJQ7L1gD295zsRlREjfkNNFKE,Adarsh Park,19.3090993,73.05547849999999,parks,N/A,2025-01-26,N/A,N/A,Maharashtra
ChIJc9leVB_P5zsRNHoDZSKtT8Y,Shivaji Park Garden,19.0269735,72.8383477,parks,N/A,2025-01-26,N/A,N/A,Maharashtra
ChIJ4-LVCjK35zsRmTTLfsCOmAo,Nana nani park,19.1274347,72.818801,parks,N/A,2025-01-26,N/A,N/A,Maharashtra
ChIJNSoXUCbN5zsRm3UhloqYAdQ,Priyadarshini Park,18.9585287,72.80005,parks,N/A,2025-01-26,N/A,N/A,Maharashtra
ChIJjygV9vXN5zsR39qhPSdsXzQ,Harish Mahindra Children's Park,18.9705599,72.8023893,parks,N/A,2025-01-26,N/A,N/A,Maharashtra
ChIJN3t-3NTJ5zsR5sc6nK-J0xI,Reti bunder park Mahim,19.0428171,72.8385163,parks,N/A,2025-01-26,N/A,N/A,Maharashtra
ChIJt1Mzu0bJ5zsRPL_2TUnHw68,Horticultural Park,19.0501471,72.8227443,parks,N/A,2025-01-26,N/A,N/A,Maharashtra
ChIJqQgpYb_D5zsRhBIUGFPqjFc,Adi Jagadguru Shree Shankaracharya Garden,19.0286782,73.02223029999999,parks,N/A,2025-01-26,N/A,N/A,Maharashtra
ChIJr3nybrG_5zsR71xUjdwYUBI,"Valkubai park , Ganesh pada",19.1873256,73.0562509,parks,N/A,2025-01-26,N/A,N/A,Maharashtra
ChIJ3_smUm3J5zsRdUXU9UkoUQQ,GM Modular Park,19.0468099,72.81985449999999,parks,N/A,2025-01-26,N/A,N/A,Maharashtra
ChIJafHKmonJ5zsRngXuv8RdMYM,Jogger's Park Children Play Area,19.0591023,72.8215325,parks,N/A,2025-01-26,N/A,N/A,Maharashtra
ChIJIeDNoNKS5zsR6G9-TDwYjJM,Vishnubaaug - Environment Theme Park | Resorts In Badlapur | Farm House in Badlapur | One Day Picnic | Best Farm Stay |,19.1300454,73.2669433,parks,N/A,2025-01-26,N/A,N/A,Maharashtra
ChIJWTzpeBDI5zsRbLqJABKlXOU,Lok Sarita Park,19.1201014,72.8845192,parks,N/A,2025-01-26,N/A,N/A,Maharashtra
ChIJaxeUU87H5zsRbEPfxl7OLBA,Damodar Park,19.0971126,72.9131268,parks,N/A,2025-01-26,N/A,N/A,Maharashtra
ChIJ-c8b0o3P5zsRHfhfJHLiaI8,Dinosaurs Park,18.9785691,72.83447850000002,parks,N/A,2025-01-26,N/A,N/A,Maharashtra
ChIJt6KeAZex5zsRccxw3xE7cSo,Laxmi park,19.2921736,72.85602109999999,parks,N/A,2025-01-26,N/A,N/A,Maharashtra
ChIJgzCXa1a55zsRizyG9s5nJdM,"Raunak Park , Pokhran Road No.2",19.2232155,72.9598934,parks,N/A,2025-01-26,N/A,N/A,Maharashtra
ChIJkbjW4t7H5zsRRL5725ITuhA,Rajawadi Garden,19.0782212,72.9027906,parks,N/A,2025-01-26,N/A,N/A,Maharashtra
ChIJc9tt7mnJ5zsRb_7a9dHz_uQ,Biodiversity park,19.0703401,72.8580059,parks,N/A,2025-01-26,N/A,N/A,Maharashtra
ChIJRTrnjOrJ5zsR-5ikLcnYL00,Arvind Gandhi Central Park,19.0505162,72.8213859,parks,N/A,2025-01-26,N/A,N/A,Maharashtra
ChIJVWeaeRzJ5zsRTK2VATiPFr8,Arbour Park,19.0505162,72.8213859,parks,N/A,2025-01-26,N/A,N/A,Maharashtra
ChIJVUb-soG35zsRLs3lVvzlszg,Dada dadi park,19.1915105,72.854554,parks,N/A,2025-01-26,N/A,N/A,Maharashtra
ChIJ826RxCnH5zsR2G7OGHJuRAg,Heritage Park,19.1153798,72.9091436,parks,N/A,2025-01-26,N/A,N/A,Maharashtra
ChIJvaysoFTP5zsRrfA8pHD55vo,Kamala Nehru Park,18.9550248,72.8049726,parks,N/A,2025-01-26,N/A,N/A,Maharashtra
ChIJh_vTIwHI5zsRqWEXTeWLylw,Dr. Baba Saheb Ambedkar Park Garden,19.1286735,72.8959521,parks,N/A,2025-01-26,N/A,N/A,Maharashtra
ChIJR0oYVxHJ5zsRyN3GedpIZrY,Rao Saheb Patwardhan Udhyan,19.06426,72.8341506,parks,N/A,2025-01-26,N/A,N/A,Maharashtra
ChIJSbHzmnbB5zsRXFqc3FTclus,Thakur park,19.1044941,73.05942639999999,parks,N/A,2025-01-26,N/A,N/A,Maharashtra
ChIJ7XTGfADP5zsRqJ8YeIsJTBg,"140 Shivaji park, dadar West",19.028621,72.84065869999999,parks,N/A,2025-01-26,N/A,N/A,Maharashtra
ChIJt5JrypPJ5zsRBtT-UaHjXms,Juhu Joggers Park,19.1043785,72.8323633,parks,N/A,2025-01-26,N/A,N/A,Maharashtra
ChIJEWuUqkjP5zsRRlIyMHnJFps,Bhakti Park Udyaan,19.0279906,72.8809753,parks,N/A,2025-01-26,N/A,N/A,Maharashtra
ChIJbb4SyNy45zsRk52ebfRZyeU,Dr.A.P.J. Abdul Kalam Entertainment Park,19.1745732,72.9742642,parks,N/A,2025-01-26,N/A,N/A,Maharashtra
ChIJSTI4QlnO5zsRz6JdTHmdEYs,Nirmal Park,18.9832528,72.833755,parks,N/A,2025-01-26,N/A,N/A,Maharashtra
ChIJN4iQYc7J5zsR_dlGtJtQkkk,Lallu Bhai Park,19.1137515,72.8445339,parks,N/A,2025-01-26,N/A,N/A,Maharashtra
ChIJU4HCUKO75zsRQJWhPn7KJfw,TMC Biodiversity Park,19.2664336,72.96423279999999,parks,N/A,2025-01-26,N/A,N/A,Maharashtra
ChIJJ7H46sPR5zsRU5I-VRAm50Q,Chhatrapati Shivaji Maharaj Vastu Sangrahalaya,18.9269015,72.83269159999999,museum,N/A,2025-01-26,N/A,N/A,Maharashtra
ChIJ1Sfkc5DN5zsRUHSb--aICxo,Bunker Museum,18.9406948,72.7935629,museum,N/A,2025-01-26,N/A,N/A,Maharashtra
ChIJe0CrdJa35zsRax1156iFCow,Archdioceasan Heritage Museum,19.1679657,72.8571241,museum,N/A,2025-01-26,N/A,N/A,Maharashtra
ChIJhbnlrdfR5zsRsSxeCQstSGQ,CSMT Heritage Museum,18.9394959,72.8352862,museum,N/A,2025-01-26,N/A,N/A,Maharashtra
ChIJdTK09wvP5zsRKqPOoNeF9tM,Science Museum,18.9907069,72.8179973,museum,N/A,2025-01-26,N/A,N/A,Maharashtra
ChIJr3COQlvO5zsRBS4MFGze73k,Dr. Bhau Daji Lad Museum,18.9789624,72.8348085,museum,N/A,2025-01-26,N/A,N/A,Maharashtra
ChIJoVupLi3R5zsRkUst6fWGNzw,Paradox Museum Mumbai,18.9363489,72.8314789,museum,N/A,2025-01-26,N/A,N/A,Maharashtra
ChIJfZ2RegCv5zsRcogZoaAdsNU,Mirage Museum,19.3898525,72.8474976,museum,N/A,2025-01-26,N/A,N/A,Maharashtra
ChIJ3xO87q3P5zsR7L52Y1BU8hc,The Museum of Living History,19.0059121,72.8221927,museum,N/A,2025-01-26,N/A,N/A,Maharashtra
ChIJ28VdNaXD5zsR8q-T3eqzyjA,Amphitheatre,19.02138,73.0108371,museum,N/A,2025-01-26,N/A,N/A,Maharashtra
ChIJMxQm8ia25zsRO2VHkjMtsPg,Nehru Science Centre,18.9918142,72.82072459999999,museum,N/A,2025-01-26,N/A,N/A,Maharashtra
ChIJM9hNCbW55zsRhLge9PSXaWU,Canon museum,19.1821188,72.9825204,museum,N/A,2025-01-26,N/A,N/A,Maharashtra
ChIJoejf5mfJ5zsRamVFuyP32_c,Museum of Solutions(MuSo),19.0059132,72.82748529999999,museum,N/A,2025-01-26,N/A,N/A,Maharashtra
ChIJ6-SOlELI5zsRF2XjrtkU70Q,Jaya He GVK New Museum,19.09795,72.87385499999999,museum,N/A,2025-01-26,N/A,N/A,Maharashtra
ChIJ0e64oSjJ5zsRhCEuTlSJZfY,BEST Museum,19.046657,72.87781,museum,N/A,2025-01-26,N/A,N/A,Maharashtra
ChIJoQUgQJrv5zsRciZLSv5VL7c,Chhatrapati Shivaji Maharaj Memorial Museum MATHERAN,18.9853903,73.2619878,museum,N/A,2025-01-26,N/A,N/A,Maharashtra
ChIJBQiix9_H5zsRPTB4WI5mUTw,Click Art Museum,19.0995318,72.9160728,museum,N/A,2025-01-26,N/A,N/A,Maharashtra
ChIJuXyU8nbO5zsRtD_1nk4a6yI,National Museum of Indian Cinema,18.9703243,72.8087666,museum,N/A,2025-01-26,N/A,N/A,Maharashtra
ChIJ6XWYfwq05zsRffsB7drecLI,Kaka Baptista East Indian Museum (Theresa Villa),19.2139456,72.7837425,museum,N/A,2025-01-26,N/A,N/A,Maharashtra
ChIJIbj8BNvR5zsR_Ugtx6Kx_SM,RBI Monetary Museum,18.9338333,72.8360852,museum,N/A,2025-01-26,N/A,N/A,Maharashtra
ChIJiQBhIADJ5zsRrqYJ9GLpGEE,Mount Mary Museum,19.0467565,72.8224066,museum,N/A,2025-01-26,N/A,N/A,Maharashtra
ChIJVw8eZPDR5zsR4HbBqIExjJ8,Coomaraswamy Hall (Prince of Wales Museum),18.9270318,72.83236699999999,museum,N/A,2025-01-26,N/A,N/A,Maharashtra
ChIJ67H4f76V5zsR4mPgIQca6tY,Shilpalay Art Museum,19.2168271,73.1142606,museum,N/A,2025-01-26,N/A,N/A,Maharashtra
ChIJEfKOZQDR5zsRGEnYIMxDUwI,Children's Museum,18.9261609,72.8329148,museum,N/A,2025-01-26,N/A,N/A,Maharashtra
ChIJEXkhGbXP5zsRRWHuOh0y8qQ,Acworth Leprosy Museum,19.0195825,72.8588361,museum,N/A,2025-01-26,N/A,N/A,Maharashtra
ChIJnzyIEqbR5zsRooGsvMSuTWA,Hutatma Smarak,18.9081839,72.8180752,museum,N/A,2025-01-26,N/A,N/A,Maharashtra
ChIJ-_by6cDR5zsRk8nXDsnDupc,Oriental Art Museum,18.9220484,72.8320103,museum,N/A,2025-01-26,N/A,N/A,Maharashtra
ChIJgffllvbJ5zsRJxlxt9IJxFY,PLAYSEUM,19.0803146,72.8342322,museum,N/A,2025-01-26,N/A,N/A,Maharashtra
ChIJvXfSYADP5zsRIZmRjIfk2aE,"Special Project Space, Dr Bhau Daji Lad Museum",18.979783,72.8349006,museum,N/A,2025-01-26,N/A,N/A,Maharashtra
ChIJ7W1kIvjJ5zsRWr4_QZ7qCy4,Shri Yogendra Museum of Classical Yoga,19.0850642,72.84320199999999,museum,N/A,2025-01-26,N/A,N/A,Maharashtra
ChIJuw68bADR5zsR1TzQWO6JZ6c,"Dr. S.P.Mukherji Chowk / Museum, Shahid",18.9257685,72.83282539999999,museum,N/A,2025-01-26,N/A,N/A,Maharashtra
ChIJJcGZcgCX5zsR8s5jm4Vw-eI,CHHATRAPATI SHIVAJI MAHARAJ NAVAL MUSEUM,19.2462913,73.1195219,museum,N/A,2025-01-26,N/A,N/A,Maharashtra
ChIJTYHSVtDR5zsR9C46dOZdguA,DHAKA DHAKA DHAKA,18.9299759,72.8272242,museum,N/A,2025-01-26,N/A,N/A,Maharashtra
ChIJ66gfIvCV5zsRi2qtBx6GfjA,Stone Carving,19.2273922,73.13428490000001,museum,N/A,2025-01-26,N/A,N/A,Maharashtra
ChIJFY2OwjfJ5zsR7gxmsKsm0pU,Art laind galleria,19.1091932,72.8567783,museum,N/A,2025-01-26,N/A,N/A,Maharashtra
ChIJRd8Q4VbR5zsR1RiHiwtcL8g,Art Gallery,18.9321624,72.8263925,museum,N/A,2025-01-26,N/A,N/A,Maharashtra
ChIJa9A8ZzTa5zsRvOidnogGjxg,JOSHI ARTS,18.8799051,72.9426521,museum,N/A,2025-01-26,N/A,N/A,Maharashtra
ChIJtRTpOgDD5zsRIxSLaT3wi3U,Navi Mumbai International Science Park,19.0244051,73.0257063,museum,N/A,2025-01-26,N/A,N/A,Maharashtra
ChIJf20pmpq55zsRNoVOGCZexWs,Magic Of Science,19.1905324,72.97030459999999,museum,N/A,2025-01-26,N/A,N/A,Maharashtra
ChIJZWIQhGDR5zsRKqo5rd-8uLs,Vijay Udyaan,18.9060759,72.8150915,museum,N/A,2025-01-26,N/A,N/A,Maharashtra
ChIJVVURaQzO5zsR_Tn4kfd1scA,Mani Bhavan Gandhi Sangrahalaya,18.9598207,72.81149769999999,museum,N/A,2025-01-26,N/A,N/A,Maharashtra
ChIJdaOSDtnO5zsRA8MVTt64Qf0,Rajgruha (Vishwaratna Dr.Babasaheb Ambedkar Museum),19.021413,72.84752449999999,museum,N/A,2025-01-26,N/A,N/A,Maharashtra
ChIJOzYEZADv5zsRg5Kuu8qyoZg,IMPERIAL MUSEUM,18.9883125,73.2706875,museum,N/A,2025-01-26,N/A,N/A,Maharashtra
ChIJBe8Pp6245zsReG0_bpcM7AE,Dr. Babasaheb Ambedkar Memorial Bhavan,19.1496561,72.989981,museum,N/A,2025-01-26,N/A,N/A,Maharashtra
ChIJOVATbrjX5zsR1uq6wcV7jMg,Karmarkar Museum of Sculpture,18.7837184,72.8663365,museum,N/A,2025-01-26,N/A,N/A,Maharashtra
ChIJf1yqxiqx5zsRceSdNo9SvpA,Gandhi Darshan Museum,19.2214856,72.84980569999999,museum,N/A,2025-01-26,N/A,N/A,Maharashtra
ChIJO6-AYQDF5zsRbIJmzM1C1XA,Marine Museum,18.9657849,72.9666616,museum,N/A,2025-01-26,N/A,N/A,Maharashtra
ChIJlyQuE3TR5zsRfygCm6sPpf4,Western Railway Heritage Gallery,18.9337324,72.8283249,museum,N/A,2025-01-26,N/A,N/A,Maharashtra
ChIJoUkr9c7O5zsRxxI_A4plZ20,Sanyukta Maharashtra Smruti Dalan,19.0279456,72.8367366,museum,N/A,2025-01-26,N/A,N/A,Maharashtra
ChIJtfmWTY635zsRaBKtyemcS7A,SHIVRAYA,19.1411036,72.8550235,museum,N/A,2025-01-26,N/A,N/A,Maharashtra
ChIJO2h9eji35zsR31Uwu3vewI0,CIFE AQUATIC BIODIVERSITY MUSEUM,19.1393907,72.8160132,museum,N/A,2025-01-26,N/A,N/A,Maharashtra
ChIJE1_WlM_O5zsRqRpKILNHgik,Savarkar Sadan,19.025011,72.8382252,museum,N/A,2025-01-26,N/A,N/A,Maharashtra
ChIJxbMKow7O5zsR-4TcBz0JyQM,Gandhi Smarak Nidhi,18.9599518,72.8116265,museum,N/A,2025-01-26,N/A,N/A,Maharashtra
ChIJXc662OTO5zsR97eO6ybEl9w,King Edward Memorial Hospital Pathology Museum,19.0023231,72.84273379999999,museum,N/A,2025-01-26,N/A,N/A,Maharashtra
ChIJtUeEPwDJ5zsRJJbNfvzWgZU,Museum of Bollywood Posters,19.0538424,72.8515072,museum,N/A,2025-01-26,N/A,N/A,Maharashtra
ChIJCTBgusPR5zsR9jlWzqv4C3Y,Jehangir Art Gallery,18.9273983,72.83168560000001,museum,N/A,2025-01-26,N/A,N/A,Maharashtra
ChIJu5lowXOV5zsR83MLha7MXtw,World Art Branding Conclave,19.1077981,72.83950089999999,museum,N/A,2025-01-26,N/A,N/A,Maharashtra
ChIJ1WoUGg_n5zsR1yKg0aQlcgk,आद्यक्रांतीवीर वासुदेव बळवंत फडके यांचा वाडा,18.9308818,73.13072869999999,museum,N/A,2025-01-26,N/A,N/A,Maharashtra
ChIJeR-lg_zx5zsRf_zgx47gayo,Steam engine train museum,19.026304,73.3183145,museum,N/A,2025-01-26,N/A,N/A,Maharashtra
ChIJBfkP8c7f5zsRwnM3pRip3xY,Space Lover,18.865088,73.00143369999999,museum,N/A,2025-01-26,N/A,N/A,Maharashtra
ChIJNYWlz-dcUjoRLx2FG0jgw5Y,VGP Universal Kingdom,12.914221,80.25052400000001,attraction,N/A,2025-01-26,N/A,N/A,Tamil Nadu
ChIJoeVgAZdcUjoRU8iNNuLYHW4,VGP Snow Kingdom,12.9133086,80.251341,attraction,N/A,2025-01-26,N/A,N/A,Tamil Nadu
ChIJT2rbi4BoUjoR55B6tP0XK5w,NOCHIKUPPAM BEACH,13.037871,80.2808135,attraction,N/A,2025-01-26,N/A,N/A,Tamil Nadu
ChIJbfI5rA9xUjoRNSzQNxtxBIk,Thalankuppam Pier,13.2318443,80.3315277,attraction,N/A,2025-01-26,N/A,N/A,Tamil Nadu
ChIJU3TYU3FnUjoRB-aq_tlGV7Q,Chennai Snake Park,13.004233,80.2386284,attraction,N/A,2025-01-26,N/A,N/A,Tamil Nadu
ChIJBWQ_FdpnUjoReYcJkISN0OY,T. Nagar Skywalk,13.0440253,80.23233019999999,attraction,N/A,2025-01-26,N/A,N/A,Tamil Nadu
ChIJM6R2F3RlUjoRIYLwhMeLqqc,Villivakkam Lake,13.1062866,80.1981974,attraction,N/A,2025-01-26,N/A,N/A,Tamil Nadu
ChIJZ2B8I6RdUjoRW0wdJDs1ulM,Injambakkam Beach,12.9202203,80.25691429999999,attraction,N/A,2025-01-26,N/A,N/A,Tamil Nadu
ChIJN39zgUZbUjoRspw-XI3by0Y,Matsya Narayana Temple Beach,12.8781644,80.2516773,attraction,N/A,2025-01-26,N/A,N/A,Tamil Nadu
ChIJB8xsY7tTUjoRKgDsfhPGXT0,Beach Adventures,12.6839933,80.2156624,attraction,N/A,2025-01-26,N/A,N/A,Tamil Nadu
ChIJMVHzCrBnUjoRBKQBlEsknIc,Kotturpuram Tree Park,13.0239815,80.2444108,attraction,N/A,2025-01-26,N/A,N/A,Tamil Nadu
ChIJc9GimBpxUjoRvYAG3MMbBYc,Nettukuppam Pier,13.2341717,80.33202519999999,attraction,N/A,2025-01-26,N/A,N/A,Tamil Nadu
ChIJAeecWBNxUjoRg0ChTqa-QOg,Nettukuppam beach,13.2333411,80.3299126,attraction,N/A,2025-01-26,N/A,N/A,Tamil Nadu
ChIJ0Tf8IoFoUjoRlMvEzGLa3lY,Gandhi Beach,13.0411187,80.2814025,attraction,N/A,2025-01-26,N/A,N/A,Tamil Nadu
ChIJNdVB1VBmUjoR502qX47hcpw,Jeeva Park,13.0439662,80.2377935,attraction,N/A,2025-01-26,N/A,N/A,Tamil Nadu
ChIJV0ZiwKNoUjoRAT7XIdONow8,Artificial Water Falls,13.0637011,80.2837029,attraction,N/A,2025-01-26,N/A,N/A,Tamil Nadu
ChIJjSKZCANmUjoRJ9kxDPJY-cc,May Day Park,13.0734444,80.27322219999999,attraction,N/A,2025-01-26,N/A,N/A,Tamil Nadu
ChIJIcgQ7rBpUjoRddTIPRpYyfA,World's Second Longest Urban Beach - Marina Beach point,13.0551904,80.2847104,attraction,N/A,2025-01-26,N/A,N/A,Tamil Nadu
ChIJ593mCp9RUjoRyoY1mbXyHTE,Kelambakkam - thaiyur mini waterfall,12.7794212,80.1899406,attraction,N/A,2025-01-26,N/A,N/A,Tamil Nadu
ChIJkwh_i-NnUjoRCCVHOnsHbkk,Elliot's Beach,13.0014625,80.2734219,attraction,N/A,2025-01-26,N/A,N/A,Tamil Nadu
ChIJlfupfaNoUjoRE9fuR7tcqoQ,Perarignar Anna Memorial,13.0654523,80.28552619999999,attraction,N/A,2025-01-26,N/A,N/A,Tamil Nadu
ChIJe8FCu3lmUjoRqbUZj7CxFG4,Chetpet Ecopark,13.0767297,80.24108360000001,attraction,N/A,2025-01-26,N/A,N/A,Tamil Nadu
ChIJVR16HAhnUjoRAhqgb2JGqXA,Battlefield - Seige of Madras,13.0045999,80.1985761,attraction,N/A,2025-01-26,N/A,N/A,Tamil Nadu
ChIJGawRerJoUjoRFJIJ-xlUIws,"Secretariat Park, Chennai",13.0793055,80.2882834,attraction,N/A,2025-01-26,N/A,N/A,Tamil Nadu
ChIJZwmMQE9dUjoRHKnhfq--z8U,Thiruvanmiyur Beach View,12.975029,80.26690889999999,attraction,N/A,2025-01-26,N/A,N/A,Tamil Nadu
ChIJEffDdKNoUjoRHl8gITmyAbM,Dr.M.G.R. and Dr.J.Jayalalitha Memorial,13.0646502,80.2838605,attraction,N/A,2025-01-26,N/A,N/A,Tamil Nadu
ChIJg127QzdRUjoRtfeJasI8fKg,Crocodile park,12.7435313,80.2385154,attraction,N/A,2025-01-26,N/A,N/A,Tamil Nadu
ChIJh7xJAzxeUjoRlIwcHbJpfRQ,Pallavaram Mountain,12.9712339,80.1609995,attraction,N/A,2025-01-26,N/A,N/A,Tamil Nadu
ChIJ95ug9ptbUjoRMxbnPemsqVM,Akkarai Beach,12.8986281,80.2538965,attraction,N/A,2025-01-26,N/A,N/A,Tamil Nadu
ChIJ3xkyhI9vUjoRCzapVx-Yd2s,Kasimedu Rock Beach,13.1401813,80.3015298,attraction,N/A,2025-01-26,N/A,N/A,Tamil Nadu
ChIJH5n0n8JbUjoRBR8NJKSjEYc,Uthandi Beach Spot,12.8694326,80.2502038,attraction,N/A,2025-01-26,N/A,N/A,Tamil Nadu
ChIJo6MMs9tbUjoR61Kl7ozTko0,Copper Beach Sunrise View Point,12.8945324,80.2538727,attraction,N/A,2025-01-26,N/A,N/A,Tamil Nadu
ChIJf9kHb6RfUjoR6fT6CorrE4U,Hidden quarry Lake pammal,12.9689552,80.12206359999999,attraction,N/A,2025-01-26,N/A,N/A,Tamil Nadu
ChIJear_tXuJUjoRw_6gg6xn5i0,Bird watching place,13.1466058,80.04983589999999,attraction,N/A,2025-01-26,N/A,N/A,Tamil Nadu
ChIJU1_iiM5pUjoRa4c2mme29TA,Covum River mouth,13.0668969,80.2902143,attraction,N/A,2025-01-26,N/A,N/A,Tamil Nadu
ChIJGbrX2nNpUjoRtv5jiXGScWg,Napier Bridge View,13.0679589,80.2823303,attraction,N/A,2025-01-26,N/A,N/A,Tamil Nadu
ChIJddi5uBdfUjoR3oEBqmYgfus,Pallavaram Hill,12.9710015,80.1607434,attraction,N/A,2025-01-26,N/A,N/A,Tamil Nadu
ChIJ0RfwmVL3UjoRvXsUddXTJ4M,Vandalur Lake Outer Ring,12.8895889,80.0744631,attraction,N/A,2025-01-26,N/A,N/A,Tamil Nadu
ChIJWTNfLUJfUjoRqPxZLrzaihw,LAKE VIEW START POINT,12.9121566,80.17302049999999,attraction,N/A,2025-01-26,N/A,N/A,Tamil Nadu
ChIJUQ44t-dpUjoRrDpDfrY_6xU,Tree Monument,13.0653833,80.2834,attraction,N/A,2025-01-26,N/A,N/A,Tamil Nadu
ChIJDeD4bvL3UjoRYHkhmgwTGoQ,Banyan Tree,12.8283601,80.0486901,attraction,N/A,2025-01-26,N/A,N/A,Tamil Nadu
ChIJmU3uLR5dUjoRFamLIak-P5Y,Virtual 12 D Thrill Zone,12.9131665,80.25117999999999,attraction,N/A,2025-01-26,N/A,N/A,Tamil Nadu
ChIJkXQa0XNdUjoRsxj61nmdIXA,VELACHERY LAKE -VIEW POINT,12.9870602,80.2180255,attraction,N/A,2025-01-26,N/A,N/A,Tamil Nadu
ChIJMXP4GAdxUjoRNmGzoxzy_ZE,ENNORE THAZANKUPPAM BREAKWATER BEACH VIEW,13.223475,80.3284099,attraction,N/A,2025-01-26,N/A,N/A,Tamil Nadu
ChIJI966gCFfUjoR1viLYhvgg7E,Photo point,12.9735662,80.1724261,attraction,N/A,2025-01-26,N/A,N/A,Tamil Nadu
ChIJoQt-diVnTToRSEjrrO1O2no,T. P. KOTA WATER FALLS,13.502859,79.8283567,attraction,N/A,2025-01-26,N/A,N/A,Tamil Nadu
ChIJSwMVQ_llUjoRedlshYz_MW4,My Ladys Garden,13.0882587,80.272204,attraction,N/A,2025-01-26,N/A,N/A,Tamil Nadu
ChIJawR5Q5hdUjoRx2mk6I1LnJc,Bird Watching Point,12.9492651,80.2219923,attraction,N/A,2025-01-26,N/A,N/A,Tamil Nadu
ChIJBb-QWMpfUjoRIk0xDT_7I40,TRISULAM HIDDEN LAKE HILL,12.974236,80.169816,attraction,N/A,2025-01-26,N/A,N/A,Tamil Nadu
ChIJv5trrYhjUjoRlH396yqBrZw,Lake View Point,13.1039476,80.1075662,attraction,N/A,2025-01-26,N/A,N/A,Tamil Nadu
ChIJRz6kNmFbUjoRaV5TkfT23Zw,Navallur Lake,12.8445831,80.2218274,attraction,N/A,2025-01-26,N/A,N/A,Tamil Nadu
ChIJpbf1RhNbUjoRD7Spsg3jBZM,Karikatukuppam beach,12.8205923,80.24760069999999,attraction,N/A,2025-01-26,N/A,N/A,Tamil Nadu
ChIJ1_hogAaLUjoRiiC1LRUfVOg,Chembarambakkam Lake View Point Walkway,13.0295786,80.0731538,attraction,N/A,2025-01-26,N/A,N/A,Tamil Nadu
ChIJkft8kidjUjoRVMGP2iOa8qU,Korattur Lake Island,13.1188631,80.17717929999999,attraction,N/A,2025-01-26,N/A,N/A,Tamil Nadu
ChIJR4zbUadfUjoRDP-G8sGtrIw,Chitlapakkam Lake சிட்லபாக்கம் ஏரி,12.9369552,80.1389466,attraction,N/A,2025-01-26,N/A,N/A,Tamil Nadu
ChIJlVHnD61oUjoR_ZKcRDdK_0w,Fort St.George Museum,13.0806383,80.2876185,attraction,N/A,2025-01-26,N/A,N/A,Tamil Nadu
ChIJyV2XVwFnUjoRZLroOGzXAbs,Matshya Statue,13.0723552,80.252314,attraction,N/A,2025-01-26,N/A,N/A,Tamil Nadu
ChIJtSHQD3ZQUjoRhGc1eYZ6OP8,ECR Rock Beach,12.8073089,80.2482055,attraction,N/A,2025-01-26,N/A,N/A,Tamil Nadu
ChIJUTi5LEeLUjoRAa3NZg_Be6E,NEMAM Reservoir,13.0675677,80.014859,attraction,N/A,2025-01-26,N/A,N/A,Tamil Nadu
ChIJjxMGVH9bUjoRxS4u55dJIsY,Jagannath Beach,12.8405678,80.2480647,attraction,N/A,2025-01-26,N/A,N/A,Tamil Nadu
ChIJC_Wq6jldUjoRtP8wX42owCw,Kottivakkam Beach,12.9661225,80.265092,beaches,N/A,2025-01-26,N/A,N/A,Tamil Nadu
ChIJb-tQSL1vUjoR8PZbyXS8H4E,Enfour Beach,13.1326365,80.30177189999999,beaches,N/A,2025-01-26,N/A,N/A,Tamil Nadu
ChIJsb9sCbFRUjoRn1WBrIkqLak,Graveside Beach,12.7550862,80.2463065,beaches,N/A,2025-01-26,N/A,N/A,Tamil Nadu
ChIJs-Vp6yZdUjoRPbF0yo4bPG4,Neelangarai Beach,12.9493546,80.2616759,beaches,N/A,2025-01-26,N/A,N/A,Tamil Nadu
ChIJCzSdg2lbUjoRe3OFv27ahDw,Panaiyur Beach ECR,12.8827778,80.2522222,beaches,N/A,2025-01-26,N/A,N/A,Tamil Nadu
ChIJJwqh7KFvUjoRKUvIJ-9qBWg,Kasimedu Beach,13.133504,80.300342,beaches,N/A,2025-01-26,N/A,N/A,Tamil Nadu
ChIJmzsJTU9dUjoRXx2Q2tzIZoI,Thiruvalluvar Nagar Beach,12.9736122,80.2664556,beaches,N/A,2025-01-26,N/A,N/A,Tamil Nadu
ChIJZd0EcZloUjoR6HYGcs3WYrY,Marina Beach Photo Spot,13.0551109,80.2846086,beaches,N/A,2025-01-26,N/A,N/A,Tamil Nadu
ChIJWSw6dxlbUjoRigqm0isbuuk,Juhu Beach,12.8619211,80.2496673,beaches,N/A,2025-01-26,N/A,N/A,Tamil Nadu
ChIJudqRM7NbUjoRPe3qMkSmmSs,Panaiyur Beach,12.8809213,80.2520448,beaches,N/A,2025-01-26,N/A,N/A,Tamil Nadu
ChIJSdphC2BbUjoRLAtVgdEEM_o,Akkarai Beach,12.8980359,80.25408829999999,beaches,N/A,2025-01-26,N/A,N/A,Tamil Nadu
ChIJCzpLk-V3UjoR5f1kXEg8B74,Kattuppali Beach,13.319735,80.3424865,beaches,N/A,2025-01-26,N/A,N/A,Tamil Nadu
ChIJbcIrn7NRUjoRaoommdgaZtI,ECR Beach,12.759498,80.24762380000001,beaches,N/A,2025-01-26,N/A,N/A,Tamil Nadu
ChIJmzbCHMFcUjoRsQ8aNLqw_O4,Olive Beach,12.9254561,80.2580138,beaches,N/A,2025-01-26,N/A,N/A,Tamil Nadu
ChIJXX9TnhZbUjoRhE6ojzhHWD0,Uthandi Beach,12.8713261,80.25077619999999,beaches,N/A,2025-01-26,N/A,N/A,Tamil Nadu
ChIJ2QauKuNnUjoRkfE8ECuLTYQ,Edward Elliot's Beach,12.9988631,80.271761,beaches,N/A,2025-01-26,N/A,N/A,Tamil Nadu
ChIJI9FjZtNdUjoRQxQhhimbIN0,Thiruvanmiyur 4th Seaward Beach,12.9785885,80.2678916,beaches,N/A,2025-01-26,N/A,N/A,Tamil Nadu
ChIJ8cneFnhoUjoRP7RNssKhn_Y,Foreshore Estate Beach,13.0365945,80.28056459999999,beaches,N/A,2025-01-26,N/A,N/A,Tamil Nadu
ChIJ2fWIK65dUjoRcFmqiy_Qk68,Palavakkam beach,12.9643896,80.2641764,beaches,N/A,2025-01-26,N/A,N/A,Tamil Nadu
ChIJsXGSutBvUjoRAFfAfQeKQDI,Tiruvottiyur Beach,13.169452,80.31147419999999,beaches,N/A,2025-01-26,N/A,N/A,Tamil Nadu
ChIJDxbzaGdbUjoRiOrKoJnBZVM,ECR Beach,12.8919615,80.25365099999999,beaches,N/A,2025-01-26,N/A,N/A,Tamil Nadu
ChIJbdFMm79cUjoRyp_H4WzFCt8,Beautiful Beach,12.9214993,80.2568178,beaches,N/A,2025-01-26,N/A,N/A,Tamil Nadu
ChIJlW4zIIFoUjoRt8fCOLeFwlo,Gandhi Beach,13.0401803,80.2812613,beaches,N/A,2025-01-26,N/A,N/A,Tamil Nadu
ChIJCTzPNCxwUjoRm0BTua_jh-o,Bharathiyar Nagar Beach,13.1836085,80.31689720000001,beaches,N/A,2025-01-26,N/A,N/A,Tamil Nadu
ChIJZ2B8I6RdUjoRW0wdJDs1ulM,Injambakkam Beach,12.9202203,80.25691429999999,beaches,N/A,2025-01-26,N/A,N/A,Tamil Nadu
ChIJnVneAqFvUjoRMVPUkeDatdw,N4 Beach,13.1307036,80.30320619999999,beaches,N/A,2025-01-26,N/A,N/A,Tamil Nadu
ChIJpbf1RhNbUjoRD7Spsg3jBZM,Karikatukuppam beach,12.8205923,80.24760069999999,beaches,N/A,2025-01-26,N/A,N/A,Tamil Nadu
ChIJuzIBtptoUjoRCrZi347PSQU,Marina Beach,13.0499526,80.2824026,beaches,N/A,2025-01-26,N/A,N/A,Tamil Nadu
ChIJCY5EC09TUjoRg0Vhs_szQBA,Pallava Beach,12.6344609,80.20162859999999,beaches,N/A,2025-01-26,N/A,N/A,Tamil Nadu
ChIJT2rbi4BoUjoR55B6tP0XK5w,NOCHIKUPPAM BEACH,13.037871,80.2808135,beaches,N/A,2025-01-26,N/A,N/A,Tamil Nadu
ChIJnwq03qFcUjoRqPuCt0BOSC0,ECR Beach,12.903306,80.254718,beaches,N/A,2025-01-26,N/A,N/A,Tamil Nadu
ChIJRcr-qcdbUjoRskokdgU9OaM,Side Beach,12.8971403,80.25326419999999,beaches,N/A,2025-01-26,N/A,N/A,Tamil Nadu
ChIJ204YrRpxUjoRs0z7FV6OuUI,CHINNAKUPPAM BEACH,13.2090391,80.3230334,beaches,N/A,2025-01-26,N/A,N/A,Tamil Nadu
ChIJz2Y9CgFvUjoRL3IoZIpGu1U,Kasimedu beach,13.1391793,80.29902799999999,beaches,N/A,2025-01-26,N/A,N/A,Tamil Nadu
ChIJz7hqfVVRUjoRJiD_gnOHN0Y,ECR Beach,12.7521018,80.2454544,beaches,N/A,2025-01-26,N/A,N/A,Tamil Nadu
ChIJIcgQ7rBpUjoRddTIPRpYyfA,World's Second Longest Urban Beach - Marina Beach point,13.0551904,80.2847104,beaches,N/A,2025-01-26,N/A,N/A,Tamil Nadu
ChIJpbZ_CiF2UjoR2kaFaZZE61s,Paradise of NC,13.3531283,80.34119369999999,beaches,N/A,2025-01-26,N/A,N/A,Tamil Nadu
ChIJM8w6P6-JTToRGw1i-ho-mkc,Calm Beach,13.3970961,80.3309295,beaches,N/A,2025-01-26,N/A,N/A,Tamil Nadu
ChIJ-dqZsxdRUjoR4af4PrcCudM,Thiruvidanthai Beach,12.759498,80.24762380000001,beaches,N/A,2025-01-26,N/A,N/A,Tamil Nadu
ChIJoRGatvxbUjoRX7gF5bvRtBA,Hidden Paradise Beach Chennai,12.8844256,80.2521242,beaches,N/A,2025-01-26,N/A,N/A,Tamil Nadu
ChIJw0tiHq6JTToRoOmkuRxc8J0,ARANGAM KUPPAM BEACH,13.4174344,80.3289155,beaches,N/A,2025-01-26,N/A,N/A,Tamil Nadu
ChIJgVac2SiJTToRs52msE4ZIPA,Pazhaverkadu Boating Beach,13.4405824,80.3260231,beaches,N/A,2025-01-26,N/A,N/A,Tamil Nadu
ChIJX99kb_VbUjoRoEArv6q-ycQ,Dolphin Beach Panaiyur,12.8827532,80.2518693,beaches,N/A,2025-01-26,N/A,N/A,Tamil Nadu
ChIJewNw5kZpUjoRT0CQRoU-XKw,Patinapakkam beach,13.0275841,80.2794536,beaches,N/A,2025-01-26,N/A,N/A,Tamil Nadu
ChIJkwh_i-NnUjoRCCVHOnsHbkk,Elliot's Beach,13.0014625,80.2734219,beaches,N/A,2025-01-26,N/A,N/A,Tamil Nadu
ChIJi7aU_U5pUjoRZRLHSodYq8I,Sunrise beach view,13.0556549,80.2850426,beaches,N/A,2025-01-26,N/A,N/A,Tamil Nadu
ChIJpf8OvG2JTToRvJwP8hEVNfg,Koraikuppam Beach,13.3818561,80.33361239999999,beaches,N/A,2025-01-26,N/A,N/A,Tamil Nadu
ChIJicjS2OJdUjoR4cSkFPg3W60,Thiruvanmiyur Beach,12.9842817,80.26928099999999,beaches,N/A,2025-01-26,N/A,N/A,Tamil Nadu
ChIJMXP4GAdxUjoRNmGzoxzy_ZE,ENNORE THAZANKUPPAM BREAKWATER BEACH VIEW,13.223475,80.3284099,beaches,N/A,2025-01-26,N/A,N/A,Tamil Nadu
ChIJH5n0n8JbUjoRBR8NJKSjEYc,Uthandi Beach Spot,12.8694326,80.2502038,beaches,N/A,2025-01-26,N/A,N/A,Tamil Nadu
ChIJlRKg-_1lUjoR7MxdBFplWEs,Kovalam Beach,12.7896251,80.2542395,beaches,N/A,2025-01-26,N/A,N/A,Tamil Nadu
ChIJ4x4LlN1bUjoR2-77OOSLwqc,Mrythula’s Beach,12.8578199,80.24923679999999,beaches,N/A,2025-01-26,N/A,N/A,Tamil Nadu
ChIJI-bHwtuJTToRd44mWiXHPhs,Public beach,13.3649239,80.3365374,beaches,N/A,2025-01-26,N/A,N/A,Tamil Nadu
ChIJrfawR3VnUjoRV9TFvm0khzs,Chennai beach,12.9988651,80.27174459999999,beaches,N/A,2025-01-26,N/A,N/A,Tamil Nadu
ChIJh-W36vtxUjoReOqRSftZq-4,Ennore Beach spot,13.2135265,80.3251326,beaches,N/A,2025-01-26,N/A,N/A,Tamil Nadu
ChIJ47bayTlRUjoRtwV4Laz8GLs,Covelong Private Beach,12.7721384,80.25181239999999,beaches,N/A,2025-01-26,N/A,N/A,Tamil Nadu
ChIJZwmMQE9dUjoRHKnhfq--z8U,Thiruvanmiyur Beach View,12.975029,80.26690889999999,beaches,N/A,2025-01-26,N/A,N/A,Tamil Nadu
ChIJzQ8uRh5dUjoRy0_Sq5i5CPY,Golden Beach,12.9111207,80.2562055,beaches,N/A,2025-01-26,N/A,N/A,Tamil Nadu
ChIJ6Zs7RdVRUjoRj6flrLGm_Wg,Therkupattu Beach,12.7550456,80.2465083,beaches,N/A,2025-01-26,N/A,N/A,Tamil Nadu
ChIJ95ug9ptbUjoRMxbnPemsqVM,Akkarai Beach,12.8986281,80.2538965,beaches,N/A,2025-01-26,N/A,N/A,Tamil Nadu
ChIJV0ZiwKNoUjoRAT7XIdONow8,Artificial Water Falls,13.0637011,80.2837029,waterfalls,N/A,2025-01-26,N/A,N/A,Tamil Nadu
ChIJ593mCp9RUjoRyoY1mbXyHTE,Kelambakkam - thaiyur mini waterfall,12.7794212,80.1899406,waterfalls,N/A,2025-01-26,N/A,N/A,Tamil Nadu
ChIJoQt-diVnTToRSEjrrO1O2no,T. P. KOTA WATER FALLS,13.502859,79.8283567,waterfalls,N/A,2025-01-26,N/A,N/A,Tamil Nadu
ChIJRS5GIWb_UjoRUKvPdJN7dFc,LAKE WATERFALLS,12.6955592,80.0420895,waterfalls,N/A,2025-01-26,N/A,N/A,Tamil Nadu
ChIJnV6fsAlmTToR_LF_62H-C4s,Bhupateswara Water Falls,13.5061375,79.82782809999999,waterfalls,N/A,2025-01-26,N/A,N/A,Tamil Nadu
ChIJdUnDTwZmTToRZqM7EYac-qw,Magic falls,13.5117113,79.8262773,waterfalls,N/A,2025-01-26,N/A,N/A,Tamil Nadu
ChIJt8QCVFtZUjoRdDyMxPYv-e0,Unamancheri Lake Check Dam,12.8515812,80.1003454,waterfalls,N/A,2025-01-26,N/A,N/A,Tamil Nadu
ChIJGWM5DtBjTToRHjmwTQ34yjo,Guna Mitta Water Falls,13.3435625,79.8821875,waterfalls,N/A,2025-01-26,N/A,N/A,Tamil Nadu
ChIJ0ZGDxpZjUjoRfk1J9gYKW_k,River falls Arikambedu,13.1520403,80.1168344,waterfalls,N/A,2025-01-26,N/A,N/A,Tamil Nadu
ChIJ5SyVfHp7UjoRI8uefvjgdvA,Seemapuram Check Dam,13.2617512,80.25313539999999,waterfalls,N/A,2025-01-26,N/A,N/A,Tamil Nadu
ChIJY65X2Nj1UjoRycaqy2XWwis,freshwater well,12.9498993,80.0385439,waterfalls,N/A,2025-01-26,N/A,N/A,Tamil Nadu
ChIJv2ebPABRUjoR1EVLLcEejKs,"Waterfalls, Thaiyur Lake, Tirupporur, Tamil Nadu",12.7791145,80.1901206,waterfalls,N/A,2025-01-26,N/A,N/A,Tamil Nadu
ChIJQYDhdwpdUjoRYo-lh28oyQA,Thulukanathaman koil Lake,12.932665,80.20637339999999,waterfalls,N/A,2025-01-26,N/A,N/A,Tamil Nadu
ChIJWYc_BpaGUjoRFggH1JFKdRg,Check Dam (Kosasthalaiyar river) Thamaraipakkam,13.2316531,80.0252938,waterfalls,N/A,2025-01-26,N/A,N/A,Tamil Nadu
ChIJX85Ct_qJUjoRP6sQF9HEb5E,koratur check dam,13.0898241,80.0111197,waterfalls,N/A,2025-01-26,N/A,N/A,Tamil Nadu
ChIJYdyPoMxQUjoRpa2eynnBou0,Thaiyur Lake,12.7774786,80.1886854,waterfalls,N/A,2025-01-26,N/A,N/A,Tamil Nadu
ChIJE5A_qXpQUjoR2ybVBTl1EBQ,KOVALAM PONDS,12.7970458,80.2430146,waterfalls,N/A,2025-01-26,N/A,N/A,Tamil Nadu
ChIJ9Rzn22hfUjoRQH65PKCmvwE,Hidden Lake (Tom),12.9708125,80.1761875,waterfalls,N/A,2025-01-26,N/A,N/A,Tamil Nadu
ChIJszd598WRUjoRYglap_BmZYQ,VAAGAI Lake Kakkalur,13.1398,79.9198378,waterfalls,N/A,2025-01-26,N/A,N/A,Tamil Nadu
ChIJKRoWeB5kUjoRGnPf35EggWs,ABC Park,13.0818296,80.2043286,parks,N/A,2025-01-26,N/A,N/A,Tamil Nadu
ChIJV3251kdnUjoRGlKU8Ynvgw8,Chari street park,13.0485277,80.23185509999999,parks,N/A,2025-01-26,N/A,N/A,Tamil Nadu
ChIJ1zAVesxdUjoR0syXU2kMgDY,Pallikaranai Public Park,12.9343784,80.20500419999999,parks,N/A,2025-01-26,N/A,N/A,Tamil Nadu
ChIJz-_xYYJdUjoR8znMn2UiutA,Ramagiri Park,12.9810601,80.2310454,parks,N/A,2025-01-26,N/A,N/A,Tamil Nadu
ChIJg-FoFIZmUjoRrZE_ppVaFUM,Park,13.0703166,80.2276722,parks,N/A,2025-01-26,N/A,N/A,Tamil Nadu
ChIJwYNsnsBnUjoR7ygQSxeKI1c,Infinity Playspace Kotturpuram Park,13.0206983,80.2427992,parks,N/A,2025-01-26,N/A,N/A,Tamil Nadu
ChIJi-bSJa5bUjoRQDPUmlClHmI,Hiranandani Park,12.8372309,80.2327801,parks,N/A,2025-01-26,N/A,N/A,Tamil Nadu
ChIJU07OXi5RUjoRr4uObAUtQLg,Clock Tower Park,12.7528851,80.1964556,parks,N/A,2025-01-26,N/A,N/A,Tamil Nadu
ChIJv9Ck8JSRUjoRCYXIU4Vn8Ow,Amma park,13.0784669,79.9056516,parks,N/A,2025-01-26,N/A,N/A,Tamil Nadu
ChIJKyt9yS5dUjoRwRi3kuUs_wY,Children's Park,12.9720718,80.2265725,parks,N/A,2025-01-26,N/A,N/A,Tamil Nadu
ChIJr-c8SWRlUjoRz8Ir8nETYtk,Children’s Park 2nd St Vivekananda Nagar,13.1294854,80.2579832,parks,N/A,2025-01-26,N/A,N/A,Tamil Nadu
ChIJc63fIxllUjoR0F7oomhlLg4,Vasuki nagar park,13.1313204,80.25334289999999,parks,N/A,2025-01-26,N/A,N/A,Tamil Nadu
ChIJr0ud9n1fUjoRtRo8lwHQMsE,BBR nagar park,12.9425098,80.1461874,parks,N/A,2025-01-26,N/A,N/A,Tamil Nadu
ChIJY3zVd8VeUjoReDPn7OmwQqo,"Shantiniketan Colony Park,4th street",12.907969,80.1569336,parks,N/A,2025-01-26,N/A,N/A,Tamil Nadu
ChIJabXaocJnUjoRCt36y70LApM,ASPIRE PARK,13.0296665,80.252607,parks,N/A,2025-01-26,N/A,N/A,Tamil Nadu
ChIJfWlszrxhUjoRmTEs-Ypwf44,Judges Colony Park,13.0520238,80.13600199999999,parks,N/A,2025-01-26,N/A,N/A,Tamil Nadu
ChIJByB9LdxdUjoRv_abxyYnuLg,Karthikeyapuram park,12.9625193,80.1936058,parks,N/A,2025-01-26,N/A,N/A,Tamil Nadu
ChIJ3y07-w73UjoRsqeYHv7DDWA,Baby Nagar Park,12.855437,80.0498096,parks,N/A,2025-01-26,N/A,N/A,Tamil Nadu
ChIJmX4dDPhdUjoRsoErBbyyWpU,Perungudi Park,12.9680407,80.2381405,parks,N/A,2025-01-26,N/A,N/A,Tamil Nadu
ChIJa2zZbT33UjoR0m7aJ8JC-wM,TTC Park,12.8562741,80.0543965,parks,N/A,2025-01-26,N/A,N/A,Tamil Nadu
ChIJ9cN0hWFmUjoRAYApY9xsDQs,Dr. APJ Abdul Kalam Park,13.0631126,80.234314,parks,N/A,2025-01-26,N/A,N/A,Tamil Nadu
ChIJW7H_wHhnUjoRlBaIzU4dqFA,Kathipara Park,13.0066841,80.2029479,parks,N/A,2025-01-26,N/A,N/A,Tamil Nadu
ChIJISKhq6xdUjoR6SdF5JyDygY,Amara Park,12.9651145,80.2604264,parks,N/A,2025-01-26,N/A,N/A,Tamil Nadu
ChIJNw14knBvUjoROnFR5vyOuFM,Lone square park,13.0909932,80.28526389999999,parks,N/A,2025-01-26,N/A,N/A,Tamil Nadu
ChIJvf1nLwBlUjoRfn0IH7dn3QI,"Corporation Park (6th Main Road, Teachers Colony)",13.1289584,80.20279769999999,parks,N/A,2025-01-26,N/A,N/A,Tamil Nadu
ChIJpfVRZUJdUjoRzLRP_fPXB7g,Muthu Ji Park,12.9755399,80.2551541,parks,N/A,2025-01-26,N/A,N/A,Tamil Nadu
ChIJXXBsbtZnUjoRJ0my2_ZgsCw,Anbazhagan Park,13.0566569,80.2224597,parks,N/A,2025-01-26,N/A,N/A,Tamil Nadu
ChIJCcSroE-JUjoR_MrXfs1v8vU,Sarathy Nagar Park,13.097556,80.0187905,parks,N/A,2025-01-26,N/A,N/A,Tamil Nadu
ChIJRaPgVnhiUjoR__qBMU6zo6U,Park,13.1124138,80.10047349999999,parks,N/A,2025-01-26,N/A,N/A,Tamil Nadu
ChIJx14ymT5hUjoRicOPU-G_MU8,B Block Park,13.0584412,80.1364174,parks,N/A,2025-01-26,N/A,N/A,Tamil Nadu
ChIJY3lkY7ZhUjoRbh5USOxZsc8,Chendurpuram Extn 2 PARK,13.0374964,80.12299159999999,parks,N/A,2025-01-26,N/A,N/A,Tamil Nadu
ChIJ38cjepNnUjoRlJbEj4enmJA,Park,13.0067951,80.25202259999999,parks,N/A,2025-01-26,N/A,N/A,Tamil Nadu
ChIJYx1DqipdUjoRLh5igxNAkP4,Velachery Park,12.9710334,80.22141080000002,parks,N/A,2025-01-26,N/A,N/A,Tamil Nadu
ChIJ3bk7X7dlUjoRRZk0eWW9QeI,"Rohini park, Rajaji Nager",13.1138796,80.2114033,parks,N/A,2025-01-26,N/A,N/A,Tamil Nadu
ChIJRS6BVnZhUjoRPIKl2vUsKFY,Greater Chennai corporation park,13.0423651,80.18535059999999,parks,N/A,2025-01-26,N/A,N/A,Tamil Nadu
ChIJzxRe-79bUjoR1WFfPL9hstI,Semmancheri Park,12.8745982,80.2104373,parks,N/A,2025-01-26,N/A,N/A,Tamil Nadu
ChIJnewgZRlnUjoR0ky7zdFsvek,"Corporation park Kumaran nagar,",13.0530747,80.2059409,parks,N/A,2025-01-26,N/A,N/A,Tamil Nadu
ChIJIwcSxmdnUjoRwIeUAxPClOQ,Corporation Park,13.0368717,80.21276759999999,parks,N/A,2025-01-26,N/A,N/A,Tamil Nadu
ChIJFZSG_RtdUjoRH56_Zm8vZrM,Thiruvanmiyur Park,12.9852079,80.25236389999999,parks,N/A,2025-01-26,N/A,N/A,Tamil Nadu
ChIJjUSrUQthUjoRS8bhqC--7cA,PARK DUGAR PARK,13.0275391,80.17547979999999,parks,N/A,2025-01-26,N/A,N/A,Tamil Nadu
ChIJGawRerJoUjoRFJIJ-xlUIws,"Secretariat Park, Chennai",13.0793055,80.2882834,parks,N/A,2025-01-26,N/A,N/A,Tamil Nadu
ChIJqbIxGF9nUjoRyqiBBUukRw8,Citi Centre Park,13.0424601,80.27359659999999,parks,N/A,2025-01-26,N/A,N/A,Tamil Nadu
ChIJfWsFPaRhUjoRVRf61DZjtgQ,Chennai Corporation Old Park karunanidhi park,13.0470038,80.1364402,parks,N/A,2025-01-26,N/A,N/A,Tamil Nadu
ChIJQTfoYqBmUjoRCkqahTmIsbE,Chennai Corporation Park,13.0789329,80.20715500000001,parks,N/A,2025-01-26,N/A,N/A,Tamil Nadu
ChIJfVp5NdZbUjoRj28xoxDlM8c,Ganga Park,12.880751,80.2329099,parks,N/A,2025-01-26,N/A,N/A,Tamil Nadu
ChIJSxpY2CRhUjoRd4-YfY4zKfs,A BLOCK PARK,13.0568816,80.13574050000001,parks,N/A,2025-01-26,N/A,N/A,Tamil Nadu
ChIJe5eBl3NmUjoR-R6QuvPqSTI,Sathya murthy Park,13.0744492,80.2509333,parks,N/A,2025-01-26,N/A,N/A,Tamil Nadu
ChIJwXDDW1R3UjoR60nPWXrce_U,Nethaji Nagar Park,13.2682343,80.28045879999999,parks,N/A,2025-01-26,N/A,N/A,Tamil Nadu
ChIJOXpvNd9dUjoRip2bh9T0lhE,Metropolitan Chennai Corporation Dollar Park,12.9074138,80.2285392,parks,N/A,2025-01-26,N/A,N/A,Tamil Nadu
ChIJ_3XnHDhmUjoRAU74I6uyFyA,Floral Park,13.0501057,80.2524865,parks,N/A,2025-01-26,N/A,N/A,Tamil Nadu
ChIJn8qZ8JFfUjoRwlxPdkouabQ,Subam Nagar Park Part 2,12.9649145,80.1744975,parks,N/A,2025-01-26,N/A,N/A,Tamil Nadu
ChIJ50BusrH3UjoRgJq5doFwkiU,Athanancheri Park,12.8819563,80.0160968,parks,N/A,2025-01-26,N/A,N/A,Tamil Nadu
ChIJ95y8EuhbUjoRj2CFPIq-6cE,Home TVH Ouranya Bay Park,12.8125171,80.2288286,parks,N/A,2025-01-26,N/A,N/A,Tamil Nadu
ChIJqZwwtDtlUjoRy0wu4iLIrLk,MK Stalin Pond Park,13.1192729,80.2234122,parks,N/A,2025-01-26,N/A,N/A,Tamil Nadu
ChIJH0XJ2kz2UjoRU-a20cFwDSw,Bharathiyar Park,12.8466355,80.0680419,parks,N/A,2025-01-26,N/A,N/A,Tamil Nadu
ChIJ9-wh0yljUjoRpnW_xJBapV8,CVRDE Children's Park,13.1281228,80.10160839999999,parks,N/A,2025-01-26,N/A,N/A,Tamil Nadu
ChIJa5AOCAhjUjoR-P74MHbxp_U,Public park,13.1110763,80.1067673,parks,N/A,2025-01-26,N/A,N/A,Tamil Nadu
ChIJw1gvu2FnUjoRWfZ3ejQTGKY,NEHRU PARK,13.0774795,80.24168600000002,parks,N/A,2025-01-26,N/A,N/A,Tamil Nadu
ChIJbSt-ufRcUjoRvadhCNBK6Ek,Chennai Corporation Sakthi Garden Park,12.9223576,80.23666120000001,parks,N/A,2025-01-26,N/A,N/A,Tamil Nadu
ChIJpyAQlrpdUjoRNAGRu9UMn2Y,Ishaan Park,12.9736215,80.21014799999999,parks,N/A,2025-01-26,N/A,N/A,Tamil Nadu
ChIJ-4qb8w5mUjoRNhwcE3v6B5U,Government Museum Chennai,13.0699328,80.2567588,museum,N/A,2025-01-26,N/A,N/A,Tamil Nadu
ChIJLchJJABpUjoR1TWKCyW896s,Kalaignar Memorial Museum,13.0654125,80.2861094,museum,N/A,2025-01-26,N/A,N/A,Tamil Nadu
ChIJ1Xl-7BlpUjoRb83zYBdix2o,The Museum of Possibilities Chennai,13.0467197,80.2800159,museum,N/A,2025-01-26,N/A,N/A,Tamil Nadu
ChIJuWRnbEJnUjoRRCGwfE2v9W8,Bronze Gallery,13.0709097,80.25642309999999,museum,N/A,2025-01-26,N/A,N/A,Tamil Nadu
ChIJ____v2tkUjoR1G8dKT3Q34M,Chennai Rail Museum,13.1001073,80.20867489999999,museum,N/A,2025-01-26,N/A,N/A,Tamil Nadu
ChIJDWl7a_JmUjoRHvV0n79vTXI,Robert Kennedy's Clock Museum,13.0533892,80.2220486,museum,N/A,2025-01-26,N/A,N/A,Tamil Nadu
ChIJtdZlkCRnUjoRCnMt-z05Jtk,Tamil Nadu Police Museum Chennai,13.0741314,80.2626372,museum,N/A,2025-01-26,N/A,N/A,Tamil Nadu
ChIJw88ljjtpUjoRj-AYp-bVrMc,Museum,13.0651183,80.2845263,museum,N/A,2025-01-26,N/A,N/A,Tamil Nadu
ChIJg7IaeKNoUjoRwPbqIPRzMb4,Dr. M.G.R. Museum,13.0649919,80.28514969999999,museum,N/A,2025-01-26,N/A,N/A,Tamil Nadu
ChIJNyG6GUFnUjoRxD9BBe7DOS4,"CHILDREN""S MUSEUM",13.0699286,80.2563584,museum,N/A,2025-01-26,N/A,N/A,Tamil Nadu
ChIJwXe1p2RnUjoRYbcbfuQ76-Y,Chennai central museum,13.0705831,80.2572983,museum,N/A,2025-01-26,N/A,N/A,Tamil Nadu
ChIJveb1WGxvUjoResWk4YgUDEA,Ramanujan Museum & Math Education Centre,13.1135225,80.290587,museum,N/A,2025-01-26,N/A,N/A,Tamil Nadu
ChIJTxCw-5dnUjoREeNbCLS5qsg,B.M. Birla Planetarium,13.012005,80.24399389999999,museum,N/A,2025-01-26,N/A,N/A,Tamil Nadu
ChIJ_zWyraJcUjoR8ZlY850QN9o,Click Art Museum,12.9132282,80.2512746,museum,N/A,2025-01-26,N/A,N/A,Tamil Nadu
ChIJp-IfiPNnUjoR7mWF-1FYtJA,Kosai Nagaran Tamil Archaeological Museum,13.0756209,80.1981745,museum,N/A,2025-01-26,N/A,N/A,Tamil Nadu
ChIJj3-0K45aUjoRM_ZN_4kjp1g,Dakshina Chitra Heritage Museum,12.8233476,80.2403772,museum,N/A,2025-01-26,N/A,N/A,Tamil Nadu
ChIJr31lXj1mUjoRwshUoGeswtw,Wax Genie,13.0587706,80.26458269999999,museum,N/A,2025-01-26,N/A,N/A,Tamil Nadu
ChIJgWV5YFJmUjoRYO7Q6yy6RJ8,MGR Memorial House,13.0385674,80.24177929999999,museum,N/A,2025-01-26,N/A,N/A,Tamil Nadu
ChIJ03KkLPNnUjoRAO6CVnEEwGg,National Art Gallery,13.0695445,80.25622,museum,N/A,2025-01-26,N/A,N/A,Tamil Nadu
ChIJ4XeKh6RoUjoR4ach9-W664k,Perarignar Anna Museum,13.066214,80.2850389,museum,N/A,2025-01-26,N/A,N/A,Tamil Nadu
ChIJuZZ2IUlpUjoRvTwCPmKmSrU,Amma Museum,13.0647557,80.2855653,museum,N/A,2025-01-26,N/A,N/A,Tamil Nadu
ChIJ3WSdxJxoUjoRMZCq-sm2iAQ,Vivekananda House,13.0494354,80.2804464,museum,N/A,2025-01-26,N/A,N/A,Tamil Nadu
ChIJuYWN0c5nUjoRiwAHfs7hs_Q,Anto's Nook,13.009114,80.19663059999999,museum,N/A,2025-01-26,N/A,N/A,Tamil Nadu
ChIJlVHnD61oUjoR_ZKcRDdK_0w,Fort St.George Museum,13.0806383,80.2876185,museum,N/A,2025-01-26,N/A,N/A,Tamil Nadu
ChIJT-QpxqBnUjoRPfdlWVU67RE,AVM Heritage Museum,13.0457294,80.2043896,museum,N/A,2025-01-26,N/A,N/A,Tamil Nadu
ChIJ__9zhhH2UjoROcoMJJDFFdE,Museum,12.8792869,80.0817834,museum,N/A,2025-01-26,N/A,N/A,Tamil Nadu
ChIJgzNxF4BnUjoRmfu9gbb8yOg,"Heritage Centre, IIT Madras",12.99088,80.2328848,museum,N/A,2025-01-26,N/A,N/A,Tamil Nadu
ChIJTebKcVpmUjoR9b0yd6jF6Ec,Kamarajar Memorial House,13.0474707,80.23960249999999,museum,N/A,2025-01-26,N/A,N/A,Tamil Nadu
ChIJl5mOjtxnUjoRO8iQyPjq4_k,Government Museum Ticket Counter,13.0698868,80.2566964,museum,N/A,2025-01-26,N/A,N/A,Tamil Nadu
ChIJ_4uP7G1lUjoRbaIH-joCd_E,Toy train station - Chennai Rail Museum,13.1008211,80.20731219999999,museum,N/A,2025-01-26,N/A,N/A,Tamil Nadu
ChIJx37UX5VnUjoR1OgY5boB_uo,Anthropology Gallery,13.0709043,80.2569657,museum,N/A,2025-01-26,N/A,N/A,Tamil Nadu
ChIJaRmAcOZvUjoRluVEVCFfkWg,Madras High Court museum block,13.0861201,80.286492,museum,N/A,2025-01-26,N/A,N/A,Tamil Nadu
ChIJTxCw-5dnUjoRcW_Aa44-hLs,Periyar Science and Technology Centre,13.0127211,80.2437897,museum,N/A,2025-01-26,N/A,N/A,Tamil Nadu
ChIJqeEIEQD3UjoRzdjXqqvSPJ4,Vendhar Museum,12.8240203,80.045226,museum,N/A,2025-01-26,N/A,N/A,Tamil Nadu
ChIJfecBmORnUjoRD1bQTCmxcY4,Dakshina Chitra Museum - City Office,13.0042965,80.2698597,museum,N/A,2025-01-26,N/A,N/A,Tamil Nadu
ChIJ75PWhOhdUjoRsKisQtVkGWY,Cholamandal Artists Village,12.9225959,80.2516902,museum,N/A,2025-01-26,N/A,N/A,Tamil Nadu
ChIJu9fwm01RUjoRdOiFkg7OU3Q,CHENNAI SAND ART /SAND SCULPTURE/Mr.SEA,12.7837434,80.216369,museum,N/A,2025-01-26,N/A,N/A,Tamil Nadu
ChIJNa2-V71nUjoRI-Q1YXwnrwM,Science City,13.0133942,80.2429924,museum,N/A,2025-01-26,N/A,N/A,Tamil Nadu
ChIJ5ddyYABpUjoR5wuCo0iehXA,Kalaignar Karunanidhi Museum,13.0658573,80.28646959999999,museum,N/A,2025-01-26,N/A,N/A,Tamil Nadu
ChIJmeJzxZxoUjoRcbv4S2sP1_Q,Vivekananda Statue and Park,13.0491727,80.2804333,museum,N/A,2025-01-26,N/A,N/A,Tamil Nadu
ChIJ60ax8ZtnUjoRqteO1zCWSZU,"Mahatma Gandhi Museum , Mahatma Gandhi Library",13.0060207,80.2382799,museum,N/A,2025-01-26,N/A,N/A,Tamil Nadu
ChIJVyTkFcBvUjoRJmyyaGdUazo,War Memorial Tomb,13.0735534,80.285602,museum,N/A,2025-01-26,N/A,N/A,Tamil Nadu
ChIJlfupfaNoUjoRE9fuR7tcqoQ,Perarignar Anna Memorial,13.0654523,80.28552619999999,museum,N/A,2025-01-26,N/A,N/A,Tamil Nadu
ChIJk8b3DuSITToRSquEVQGh9FM,AARDE Pulicat Museum,13.4195338,80.3152463,museum,N/A,2025-01-26,N/A,N/A,Tamil Nadu
ChIJY9kBoNxnUjoRVB_nnDixGuk,Dr.Ambedkar Memorial,13.0192188,80.26700970000002,museum,N/A,2025-01-26,N/A,N/A,Tamil Nadu
ChIJK6mU5Z9nUjoReNxm0pJSTGE,Cult india,13.0167321,80.20487469999999,museum,N/A,2025-01-26,N/A,N/A,Tamil Nadu
ChIJhRAPe5JXUjoRxldJ40DNLTs,Middle Paleolithic site Ammanampakkam,12.784985,80.12119299999999,museum,N/A,2025-01-26,N/A,N/A,Tamil Nadu
ChIJ-2KKO2FnUjoRoczlV0awy_Y,Magic Mirage Science,13.0571374,80.1932672,museum,N/A,2025-01-26,N/A,N/A,Tamil Nadu
ChIJLQoq5H75UjoRXi8zZgZVFRo,பெருங்கற்கால நாகரிகம் கல்வட்டம் கருநிலம்,12.763836,80.05257399999999,museum,N/A,2025-01-26,N/A,N/A,Tamil Nadu
ChIJ72rmqP5vUjoRotGxuprzJjw,Second World War Bunker,13.1399444,80.29881639999999,museum,N/A,2025-01-26,N/A,N/A,Tamil Nadu
ChIJH33SlACbUjoRjv74rvUJlm8,"Poondi On-site Prehistory Museum, Tamil Nadu",13.2077331,79.8758965,museum,N/A,2025-01-26,N/A,N/A,Tamil Nadu
ChIJ_T-rhz5XUjoRsGfqXrk7dhE,சங்ககால செங்கல் கட்டிம் ஈச்சங்காடு,12.788462,80.149506,museum,N/A,2025-01-26,N/A,N/A,Tamil Nadu
ChIJyS7ekvNmUjoRAB1Qurlnk_I,Chithiraalayam,13.0435608,80.18613739999999,museum,N/A,2025-01-26,N/A,N/A,Tamil Nadu
ChIJrZpTYO5lUjoRDN0D1PmsCX0,Adhiti paradise,13.1198613,80.2178799,museum,N/A,2025-01-26,N/A,N/A,Tamil Nadu
ChIJLTfEYtn7UjoRs3SFZlUitSU,Vadakkupattu Archaeological Excavation Site வடக்குப்ட்டு அகழ்வாராய்ச்சி தளம்,12.7948272,79.9363427,museum,N/A,2025-01-26,N/A,N/A,Tamil Nadu
ChIJs7TbjQ5ZUjoRTw_VqTzMO4k,நுண்கற்கால நாகரிகம் மாம்பாக்கம்,12.8165391,80.1732693,museum,N/A,2025-01-26,N/A,N/A,Tamil Nadu
ChIJV8JMt95lUjoRGQHtcOZFs9E,Statue,13.0927108,80.2754264,museum,N/A,2025-01-26,N/A,N/A,Tamil Nadu
ChIJpSTIRgBnUjoRTFWjUD8pZmU,Car Parking - Government Museum Chennai,13.069541,80.2566722,museum,N/A,2025-01-26,N/A,N/A,Tamil Nadu
ChIJgaavOUJhUjoRxQ5unD6lSqM,Vallal Padmanaban Manimandabam,13.0369727,80.1542247,museum,N/A,2025-01-26,N/A,N/A,Tamil Nadu
ChIJMwAHD49nUjoR4KEOvxFCLV8,Pazhan Thamizhar Vazhviyal,12.9980883,80.2453249,museum,N/A,2025-01-26,N/A,N/A,Tamil Nadu
ChIJ-2lgoG0XrjsRjQvrxjfPtY8,The MadLabs: Where Fun Meets Fascination,13.0058644,77.5920921,attraction,N/A,2025-01-26,N/A,N/A,Karnataka
ChIJNcKzmE4WrjsRW2a7MA-1Zrs,Snow City Bengaluru,13.0057596,77.59206089999999,attraction,N/A,2025-01-26,N/A,N/A,Karnataka
ChIJS1IR7MEZrjsRcQy4o6CgpUk,Model Village,13.0671069,77.61063109999999,attraction,N/A,2025-01-26,N/A,N/A,Karnataka
ChIJvUANYXI_rjsRxIgZaglErz0,K1BOND HILLS,12.9173021,77.5299081,attraction,N/A,2025-01-26,N/A,N/A,Karnataka
ChIJAeY0tOQVrjsRdZ8hleP7aRo,Tipu Sultan's Summer Palace,12.9593513,77.5736415,attraction,N/A,2025-01-26,N/A,N/A,Karnataka
ChIJWbrUa4AXrjsRcmj7uSKX3Ww,ididoo,13.0093522,77.4909859,attraction,N/A,2025-01-26,N/A,N/A,Karnataka
ChIJmwJpvowVrjsR0JVGQxxLHms,Bugle Rock Park,12.9427052,77.5694287,attraction,N/A,2025-01-26,N/A,N/A,Karnataka
ChIJTYBzmhVrrjsRGR4EkTaOwQU,Bannerghatta hills,12.8141902,77.57571449999999,attraction,N/A,2025-01-26,N/A,N/A,Karnataka
ChIJ47cW-PcTrjsRV4rvGAJcshc,Panathur Lake Island,12.9319801,77.7070116,attraction,N/A,2025-01-26,N/A,N/A,Karnataka
ChIJm_QS1bI3rjsRFDoL2LWn2fQ,Manchanabele Dam,12.8748817,77.336068,attraction,N/A,2025-01-26,N/A,N/A,Karnataka
ChIJX5m7gw0WrjsRtuZKH4Cp8xY,Freedom Park,12.9779159,77.58218839999999,attraction,N/A,2025-01-26,N/A,N/A,Karnataka
ChIJp7SggwcRrjsRx3Ck1pgBu9Y,KANAKA SAROVARA LAKE,13.0453625,77.6689182,attraction,N/A,2025-01-26,N/A,N/A,Karnataka
ChIJ7ywPXWkWrjsROJGazHbfZhg,Indira Gandhi Musical Fountain Park,12.9853733,77.59168389999999,attraction,N/A,2025-01-26,N/A,N/A,Karnataka
ChIJByQ7l3VtrjsRDFxp5QEj7KY,Huskur Lake,12.855081,77.6964663,attraction,N/A,2025-01-26,N/A,N/A,Karnataka
ChIJ3XmpYxpqrjsRjRZ78HKinFY,Butterfly Park,12.7960545,77.5764202,attraction,N/A,2025-01-26,N/A,N/A,Karnataka
ChIJv35GEjFrrjsR2GvyZCqWRrI,Begur Fort,12.8708564,77.6224697,attraction,N/A,2025-01-26,N/A,N/A,Karnataka
ChIJkRlluSstsDsR8MuF4fuuuZU,Doddbande Betta,13.3744809,77.1659226,attraction,N/A,2025-01-26,N/A,N/A,Karnataka
ChIJPRBVR8EVrjsR_PgtU_5dEKY,Kempegowda Tower,12.9486198,77.5894246,attraction,N/A,2025-01-26,N/A,N/A,Karnataka
ChIJS9Ey7rAZrjsR9TTiy-axmI8,Watch Tower - sunset and lake view tower,13.0795707,77.62317399999999,attraction,N/A,2025-01-26,N/A,N/A,Karnataka
ChIJkbM2A5UZrjsRyYIinZPqAB8,Hunasamaranahalli lake,13.1404886,77.6166902,attraction,N/A,2025-01-26,N/A,N/A,Karnataka
ChIJ-0hxZLQjrjsRdfH_2Gc3jkA,Mallasandra Fort park,13.0572847,77.51357209999999,attraction,N/A,2025-01-26,N/A,N/A,Karnataka
ChIJUa8ctpwUrjsR-d-H0fTedSU,Big Banyan Tree,12.9129145,77.6492962,attraction,N/A,2025-01-26,N/A,N/A,Karnataka
ChIJ____v3QSrjsRf9Jq9lHdBag,Varthur Lake,12.9501647,77.7409162,attraction,N/A,2025-01-26,N/A,N/A,Karnataka
ChIJTeAgMJcVrjsRSUCI3unhuIQ,Shri Ranadheera Kanteerava Park (Jayanagara),12.9344251,77.57982350000002,attraction,N/A,2025-01-26,N/A,N/A,Karnataka
ChIJ40EaoloWrjsRGpFvJX55WXs,Jayamahal Park (Bengaluru),13.001197,77.5977297,attraction,N/A,2025-01-26,N/A,N/A,Karnataka
ChIJ_c_5VjgVrjsRlXabhj3lGMA,Puttenahalli Lake,12.8904142,77.5871901,attraction,N/A,2025-01-26,N/A,N/A,Karnataka
ChIJx3i0R8AVrjsRopE4pRSBhPw,Lalbagh Waterfall,12.9466354,77.5864963,attraction,N/A,2025-01-26,N/A,N/A,Karnataka
ChIJz9IPVk0XrjsRWPU7Btt3rz4,Band Stand,12.9767034,77.59394139999999,attraction,N/A,2025-01-26,N/A,N/A,Karnataka
ChIJUXbUGHsWrjsRmUwSArERj1E,Mahatma Gandhi Park,12.9771523,77.5997292,attraction,N/A,2025-01-26,N/A,N/A,Karnataka
ChIJcYxAeKoRrjsReCPo5-bw-fA,Fantasy Park,13.0143046,77.69951209999999,attraction,N/A,2025-01-26,N/A,N/A,Karnataka
ChIJ4UmL6oofrjsRS4Ky3eCbzWY,White hills,13.1613362,77.6228459,attraction,N/A,2025-01-26,N/A,N/A,Karnataka
ChIJ25XVVsgjrjsRrqDNxAaCFog,"Hollywood Baba, PEACE ZONE",13.087106,77.5423873,attraction,N/A,2025-01-26,N/A,N/A,Karnataka
ChIJ83Q8C983rjsRlSQ8Mh12dfg,Manchanabele Falls,12.9024502,77.30899629999999,attraction,N/A,2025-01-26,N/A,N/A,Karnataka
ChIJ35eevoHlsTsRwkfUB2thGL8,Nandi Hill Viewpoint,13.3716177,77.6870637,attraction,N/A,2025-01-26,N/A,N/A,Karnataka
ChIJVx06BOMVrjsR1-a9CQJZpLI,Bengaluru Fort,12.9628018,77.5758862,attraction,N/A,2025-01-26,N/A,N/A,Karnataka
ChIJPfhdgnMNrjsRkx9FnhP6HNE,Abandoned Quarry,12.9204012,77.774442,attraction,N/A,2025-01-26,N/A,N/A,Karnataka
ChIJ1w6SeTM8rjsR9AHXGUbJfHg,Buddha Shanthi Kanive,12.979651,77.51361159999999,attraction,N/A,2025-01-26,N/A,N/A,Karnataka
ChIJJ7U90qUVrjsR4rvC7VeNHQQ,Madiwala Lake View,12.9104073,77.6157401,attraction,N/A,2025-01-26,N/A,N/A,Karnataka
ChIJg0yo9EA-rjsRWwVnFiztO4c,View point,12.9385911,77.5375304,attraction,N/A,2025-01-26,N/A,N/A,Karnataka
ChIJqxTrvXoXrjsR21QrLsEJrnM,Hebbal View Point,13.0381059,77.5948128,attraction,N/A,2025-01-26,N/A,N/A,Karnataka
ChIJ4zqO6ZIVrjsRSwuhJweaVJY,M.N. Krishna Rao Park,12.9418183,77.5752478,attraction,N/A,2025-01-26,N/A,N/A,Karnataka
ChIJNwEkfjM8rjsRUVHLNAepU8o,Zen Park,12.9802025,77.5134571,attraction,N/A,2025-01-26,N/A,N/A,Karnataka
ChIJlwYM2OkVrjsRmiYdqnw9PGg,Floral Clock,12.9518954,77.58489329999999,attraction,N/A,2025-01-26,N/A,N/A,Karnataka
ChIJayydLS0drjsRiKRwgJ9_AHY,Holozone,13.199778,77.7092589,attraction,N/A,2025-01-26,N/A,N/A,Karnataka
ChIJhS0TTLxOrjsR6AVrMnaj2D4,Sholay Shooting Spot,12.752992,77.301869,attraction,N/A,2025-01-26,N/A,N/A,Karnataka
ChIJaX8c5TV5rjsRShNiLQ-wRCY,Perandapalli forest water falls,12.6775017,77.91263,attraction,N/A,2025-01-26,N/A,N/A,Karnataka
ChIJqyoigt8VrjsRp_hKR5Y_1X8,Visvesvaraya Industrial & Technological Museum,12.9750417,77.5965348,attraction,N/A,2025-01-26,N/A,N/A,Karnataka
ChIJV1k7bHgVrjsRqbXY3QCcFfw,BTM lake Bridge,12.9127505,77.62169879999999,attraction,N/A,2025-01-26,N/A,N/A,Karnataka
ChIJrWtfrR4rrjsRqwZq4Ai5wo8,Shantala Drop,13.1700821,77.22300129999999,attraction,N/A,2025-01-26,N/A,N/A,Karnataka
ChIJwSlYe8hHrjsRd9MB0vDF5PU,Adventures of chikku,12.8330777,77.4009353,attraction,N/A,2025-01-26,N/A,N/A,Karnataka
ChIJ20HlP9b9rTsRsSeuoYIL6SY,"Bamboo Lake Forest, Tavarekere",13.1328651,77.9409415,attraction,N/A,2025-01-26,N/A,N/A,Karnataka
ChIJz5ZOWb9ArjsRrovjRTeGhxU,Aagara Lake View Point,12.84904,77.48892719999999,attraction,N/A,2025-01-26,N/A,N/A,Karnataka
ChIJcz1COvr7rTsRzspSTh9GL0M,Scenic Kendatti Quarry,13.1147367,78.02511559999999,attraction,N/A,2025-01-26,N/A,N/A,Karnataka
ChIJc-_WTWYZrjsRaz4qSk0VZ5w,Light street,13.1014762,77.583918,attraction,N/A,2025-01-26,N/A,N/A,Karnataka
ChIJo3HhZXsXrjsResY2-7Zsxqk,"Elephant ,. Budha statue",12.9807184,77.5746801,attraction,N/A,2025-01-26,N/A,N/A,Karnataka
ChIJ_2jWWoxtrjsRySOen3unnhk,Kithiganahalli Lake view,12.8090928,77.69042019999999,attraction,N/A,2025-01-26,N/A,N/A,Karnataka
ChIJ-xyZ0d1hrjsR2AHKn2YHIng,Benki Falls,12.5212238,77.5916548,attraction,N/A,2025-01-26,N/A,N/A,Karnataka
ChIJhWIXqZMRrjsR8rCLh3AFP0w,Lake View Point,13.0217724,77.7348674,attraction,N/A,2025-01-26,N/A,N/A,Karnataka
ChIJoTJEhAIXrjsRBobP-76aCHk,Clock Tower,12.9886242,77.60269579999999,attraction,N/A,2025-01-26,N/A,N/A,Karnataka
ChIJV8f7Gy0VrjsRX8vi69AoS_I,Halucinate,12.9076299,77.60115499999999,attraction,N/A,2025-01-26,N/A,N/A,Karnataka
ChIJt0a5Ni4XrjsR4dbQTFrPx0I,Chelekere,13.0254008,77.6457885,beaches,N/A,2025-01-26,N/A,N/A,Karnataka
ChIJJeZQgMU9rjsReB6jmcfUyUc,Bālayyana Kere Park,12.9782383,77.5276892,beaches,N/A,2025-01-26,N/A,N/A,Karnataka
ChIJPej1jLwVrjsRZKFXvI6zW_E,BTM Lake East End View,12.9136593,77.61779159999999,beaches,N/A,2025-01-26,N/A,N/A,Karnataka
ChIJycsw5p9rrjsRYM-MddSQG6c,Bingipura Lake,12.8323316,77.63102529999999,beaches,N/A,2025-01-26,N/A,N/A,Karnataka
ChIJr1hWoUI9rjsRRgKRupbYMA8,Musical Walk Way,13.033173,77.5493735,beaches,N/A,2025-01-26,N/A,N/A,Karnataka
ChIJJdr02hEtsDsRZAacGHSg8Ng,Bilva vana,13.3235401,77.1485288,beaches,N/A,2025-01-26,N/A,N/A,Karnataka
ChIJ2eBPbHptrjsRed4TwWj5Pbk,Govinda shetty palya lake Konnapana Agrahara,12.8570573,77.67191059999999,beaches,N/A,2025-01-26,N/A,N/A,Karnataka
ChIJkZh0goQVrjsRwzppoFJuWTk,Babu Babu,12.9515399,77.5619998,beaches,N/A,2025-01-26,N/A,N/A,Karnataka
ChIJ0e31R-AVrjsRgJDrDPmg40M,Mesthripalya Lake,12.9323,77.6260733,beaches,N/A,2025-01-26,N/A,N/A,Karnataka
ChIJO3TcAHAVrjsRgCdVL7CInQ8,BTM Lake,12.9049176,77.6158209,beaches,N/A,2025-01-26,N/A,N/A,Karnataka
ChIJJa_0WpgbrjsRTDQqdu6ZiqQ,Sunset view point lake,13.1120598,77.68072459999999,beaches,N/A,2025-01-26,N/A,N/A,Karnataka
ChIJsdSllr8_rjsRE_ehV47iQmI,Beechi park,12.8804663,77.555379,beaches,N/A,2025-01-26,N/A,N/A,Karnataka
ChIJ74xIGfgYrjsRWR9H_YositQ,Yelahanka Kere,13.1043819,77.59687740000001,beaches,N/A,2025-01-26,N/A,N/A,Karnataka
ChIJK0RxBTkRrjsRKeZXfe1_7ic,Benniganahalli Kere Park,12.9968184,77.668492,beaches,N/A,2025-01-26,N/A,N/A,Karnataka
ChIJQw7IaLI_rjsR4qzjxfVskTE,Bheemanakatte Lake,12.9152053,77.52866379999999,beaches,N/A,2025-01-26,N/A,N/A,Karnataka
ChIJNQZKYK4_rjsRad2iPZeD-H4,BU lake view point,12.9378191,77.5024516,beaches,N/A,2025-01-26,N/A,N/A,Karnataka
ChIJ80e0zOQTrjsRorY-PGPvexY,Kundalahalli lake view point,12.971885,77.72000299999999,beaches,N/A,2025-01-26,N/A,N/A,Karnataka
ChIJ8XlzFCIXrjsRFB5mzLuMiMI,Chelekere Lake,13.0263216,77.6454278,beaches,N/A,2025-01-26,N/A,N/A,Karnataka
ChIJm_QS1bI3rjsRFDoL2LWn2fQ,Manchanabele Dam,12.8748817,77.336068,beaches,N/A,2025-01-26,N/A,N/A,Karnataka
ChIJSzQDHAUVrjsR1QHM9qF6Ll8,BTM Lake Eastern Most Point,12.9122167,77.6212769,beaches,N/A,2025-01-26,N/A,N/A,Karnataka
ChIJ0Z3yLQAbrjsRAztEHTmQIu8,"Panama Lobby, Purva Palm Beach",13.062272,77.661231,beaches,N/A,2025-01-26,N/A,N/A,Karnataka
ChIJ-7OA1WIYrjsRhhZW8VYWO3M,Park,13.099042,77.57360520000002,beaches,N/A,2025-01-26,N/A,N/A,Karnataka
ChIJA3hNnwZBrjsRF1MCLooyf5E,Hrbr,12.8705894,77.5608443,beaches,N/A,2025-01-26,N/A,N/A,Karnataka
ChIJ47cW-PcTrjsRV4rvGAJcshc,Panathur Lake Island,12.9319801,77.7070116,beaches,N/A,2025-01-26,N/A,N/A,Karnataka
ChIJWbrUa4AXrjsRcmj7uSKX3Ww,ididoo,13.0093522,77.4909859,beaches,N/A,2025-01-26,N/A,N/A,Karnataka
ChIJ8f3F-blrrjsRxRqZUbNDGpE,Doddkammanahalli Lake/Kere - Tejaswini Nagar Lake,12.855116,77.60404799999999,beaches,N/A,2025-01-26,N/A,N/A,Karnataka
ChIJxy8uiZ4TrjsRXWMsfOUQ_2o,Chinnappanahalli Lake,12.9674206,77.70736769999999,beaches,N/A,2025-01-26,N/A,N/A,Karnataka
ChIJG3n4xMEhrjsRgolx4Lm0_uk,Hesaraghatta Lake Entry and Parking,13.1431364,77.48379919999999,beaches,N/A,2025-01-26,N/A,N/A,Karnataka
ChIJByQ7l3VtrjsRDFxp5QEj7KY,Huskur Lake,12.855081,77.6964663,beaches,N/A,2025-01-26,N/A,N/A,Karnataka
ChIJVx06BOMVrjsR1-a9CQJZpLI,Bengaluru Fort,12.9628018,77.5758862,beaches,N/A,2025-01-26,N/A,N/A,Karnataka
ChIJbyyIePcTrjsRqwxMqUKA4xQ,Shivoham Shiva Temple,12.9591724,77.6572119,beaches,N/A,2025-01-26,N/A,N/A,Karnataka
ChIJKzp4Qn0brjsRwPlo8WfVKnQ,Purva Palm Beach Wave Pool,13.0616239,77.66165579999999,beaches,N/A,2025-01-26,N/A,N/A,Karnataka
ChIJBV2lB1sTrjsR8SzoH58IX24,Harlur Lake Park,12.8947338,77.6623347,beaches,N/A,2025-01-26,N/A,N/A,Karnataka
ChIJW39E09cbrjsRWZl3DAJKdjE,Bagalur lake Inlet,13.1369842,77.66471419999999,beaches,N/A,2025-01-26,N/A,N/A,Karnataka
ChIJm3Z-HiwTrjsR5zdwkZSRkTA,Deevarabeesanahalli Lake Gate,12.9221673,77.68797599999999,beaches,N/A,2025-01-26,N/A,N/A,Karnataka
ChIJE3x-RwkZrjsRc74szTzW2v0,Yelahanka Lake Boating Point,13.1061625,77.5956647,beaches,N/A,2025-01-26,N/A,N/A,Karnataka
ChIJQ4IPxu9vrjsRVpFxvQD9zJk,Hennagara Lake view,12.7769479,77.66077109999999,beaches,N/A,2025-01-26,N/A,N/A,Karnataka
ChIJF0-Zy20frjsR6JXSUolC6io,Nagadasanahalli Lake View Point,13.154317,77.573526,beaches,N/A,2025-01-26,N/A,N/A,Karnataka
ChIJmWBOTSwRrjsRwTHievxmmaU,Sadaramangala Lake Entrance,12.9985226,77.7243367,beaches,N/A,2025-01-26,N/A,N/A,Karnataka
ChIJQZIxxDIWrjsRNA_TnmRIKzU,Sankey Tank,13.0092747,77.57546359999999,beaches,N/A,2025-01-26,N/A,N/A,Karnataka
ChIJu9PQfoPisTsRbepyTxsj700,Devanahalli Fort,13.2494611,77.7090517,beaches,N/A,2025-01-26,N/A,N/A,Karnataka
ChIJJ_Vc4Y49rjsR4uQBHXra2Hw,KUDLA BEACH,12.9904305,77.55845579999999,beaches,N/A,2025-01-26,N/A,N/A,Karnataka
ChIJM5YMnkIXrjsR3JhkFsrvVpQ,Gayathri Devi Park,13.0059683,77.57547140000001,beaches,N/A,2025-01-26,N/A,N/A,Karnataka
ChIJZxES7xQPrjsRpc7UrbXdwIE,Hoskote Lake,13.0656369,77.77086260000002,beaches,N/A,2025-01-26,N/A,N/A,Karnataka
ChIJ432Ypp9xrjsRwHb6I0Jb37g,The Grand RK Park View,12.7219449,77.8308378,beaches,N/A,2025-01-26,N/A,N/A,Karnataka
ChIJc5NbxBAYrjsRGgLIUN04pZ8,Pandit Deendayal Upadhyaya Park,13.0700684,77.57817709999999,beaches,N/A,2025-01-26,N/A,N/A,Karnataka
ChIJfwAVpsNZrjsRTyu0Lv3PbyI,Bananthimari Betta,12.5658786,77.3819125,beaches,N/A,2025-01-26,N/A,N/A,Karnataka
ChIJxwq3yh0_rjsRLt8rN6RbSOc,escape2explore,12.920675,77.5176012,beaches,N/A,2025-01-26,N/A,N/A,Karnataka
ChIJE8R9PncWrjsRgw9Jhwh4QOk,BangaloreOrbit,12.9233671,77.56478539999999,beaches,N/A,2025-01-26,N/A,N/A,Karnataka
ChIJebBH2BltrjsRlUvjRm0c--o,Gatthalli Lake View Point,12.8735542,77.6949289,beaches,N/A,2025-01-26,N/A,N/A,Karnataka
ChIJY9WIdLUjrjsROixqGkIMUCc,Bhagavan Buddha Dr. B.R Ambedkar Lake Park (Singapura Lake),13.0843625,77.53820309999999,beaches,N/A,2025-01-26,N/A,N/A,Karnataka
ChIJH_NUjI89rjsRqspI55BhbK0,Lake,13.0409244,77.5120305,beaches,N/A,2025-01-26,N/A,N/A,Karnataka
ChIJCyaElm8ssDsRwp7c7U1ZqNM,Nithyokthi Park || Gokul Extension || Thumkur,13.3185973,77.1371807,beaches,N/A,2025-01-26,N/A,N/A,Karnataka
ChIJsTtCCawTrjsRCuyU7HH8YEw,KASAVANAHALLI LAKE,12.9037964,77.6677863,beaches,N/A,2025-01-26,N/A,N/A,Karnataka
ChIJd-xE1LcVrjsRC2PNg_b5UZE,Campmonk,12.9407979,77.62334469999999,beaches,N/A,2025-01-26,N/A,N/A,Karnataka
ChIJuREgh-YUrjsRsZzU1PbsUXw,Madiwala Lake,12.905648,77.6162044,beaches,N/A,2025-01-26,N/A,N/A,Karnataka
ChIJTTTByfRxrjsRYSXn_swmbWY,Hosur Municipality Park,12.740477,77.8356359,beaches,N/A,2025-01-26,N/A,N/A,Karnataka
ChIJBwAAADAssDsRdjHMPDiIkrI,Naamadha Chilume,13.3654657,77.1922062,beaches,N/A,2025-01-26,N/A,N/A,Karnataka
ChIJiwllD4U_rjsRdrv-TgtsBDM,Turahalli Forest,12.8831706,77.52502969999999,beaches,N/A,2025-01-26,N/A,N/A,Karnataka
ChIJR14qNwdRrjsRaU89TAUg-sE,Sri Revanasiddeshwara Betta,12.6399824,77.3272698,beaches,N/A,2025-01-26,N/A,N/A,Karnataka
ChIJ9aqdjr7VrTsRl5APaE7iwIE,Kothakuriki Waterfalls,12.5833657,78.0012215,waterfalls,N/A,2025-01-26,N/A,N/A,Karnataka
ChIJC_NoBVRZrjsRDWZwjYY7YW8,Mavathur Waterfall,12.5652689,77.4556008,waterfalls,N/A,2025-01-26,N/A,N/A,Karnataka
ChIJmbRl-FbVrTsRIATbjqcnyrM,Kadavarhalli falls & dam,12.5839375,78.0005625,waterfalls,N/A,2025-01-26,N/A,N/A,Karnataka
ChIJPfFhcMJlrjsR_joCAecbwY4,Muthyalamaduvvu waterfalls,12.6838805,77.66268280000001,waterfalls,N/A,2025-01-26,N/A,N/A,Karnataka
ChIJXy1OJCZVrjsR5qsqcmWpfpw,Dandina maramma falls,12.550548,77.25319999999999,waterfalls,N/A,2025-01-26,N/A,N/A,Karnataka
ChIJ2dMuh7rlsTsRQcTqphrJWP4,Nandi water falls,13.3746179,77.6824607,waterfalls,N/A,2025-01-26,N/A,N/A,Karnataka
ChIJ9wOMnZBBrjsRQa4_3LecgFc,Antony Britdon,12.8041498,77.5402604,waterfalls,N/A,2025-01-26,N/A,N/A,Karnataka
ChIJ0ckPSQB5rjsRUd9m6ZRfMPE,Perandapalli waterfalls start point,12.6789918,77.9267134,waterfalls,N/A,2025-01-26,N/A,N/A,Karnataka
ChIJv5i5lB3nsTsRdAZa_NVCtVo,Koralahalli water falls,13.390422,77.6176066,waterfalls,N/A,2025-01-26,N/A,N/A,Karnataka
ChIJIccDMgcPrjsRjK4d5aXAeU4,Hoskote water flowing falls,13.0630649,77.7775611,waterfalls,N/A,2025-01-26,N/A,N/A,Karnataka
ChIJ5yAJu1BdrjsRUZ13rdgikCM,Gattalu Falls,12.643686,77.5073235,waterfalls,N/A,2025-01-26,N/A,N/A,Karnataka
ChIJ-xyZ0d1hrjsR2AHKn2YHIng,Benki Falls,12.5212238,77.5916548,waterfalls,N/A,2025-01-26,N/A,N/A,Karnataka
ChIJXSluNO1lrjsRrjxOkfuRry0,Muthyala Maduvu Jalapatha (Bannihole River),12.6859828,77.6644772,waterfalls,N/A,2025-01-26,N/A,N/A,Karnataka
ChIJaX8c5TV5rjsRShNiLQ-wRCY,Perandapalli forest water falls,12.6775017,77.91263,waterfalls,N/A,2025-01-26,N/A,N/A,Karnataka
ChIJtyjoEbYtrjsRVqr9wAbtk94,Kallipalya waterfalls,13.0597263,77.2110112,waterfalls,N/A,2025-01-26,N/A,N/A,Karnataka
ChIJx3i0R8AVrjsRopE4pRSBhPw,Lalbagh Waterfall,12.9466354,77.5864963,waterfalls,N/A,2025-01-26,N/A,N/A,Karnataka
ChIJu2BgO-5BrjsRlkhKC7afRRs,Kunchigarapalya Lake view point,12.8057449,77.5274635,waterfalls,N/A,2025-01-26,N/A,N/A,Karnataka
ChIJ83Q8C983rjsRlSQ8Mh12dfg,Manchanabele Falls,12.9024502,77.30899629999999,waterfalls,N/A,2025-01-26,N/A,N/A,Karnataka
ChIJO_fAm8d5rjsRu0MNL2OE4dI,Sanamavu water falls,12.6775702,77.91240479999999,waterfalls,N/A,2025-01-26,N/A,N/A,Karnataka
ChIJaRfFAJfdsTsRk6jaPdHde40,Ghati Kere,13.3964552,77.5403006,waterfalls,N/A,2025-01-26,N/A,N/A,Karnataka
ChIJA2l7R4htrjsRmqyCB8t87-g,"Sheet Flow, Water Flow View",12.8002155,77.6776313,waterfalls,N/A,2025-01-26,N/A,N/A,Karnataka
ChIJ9fbndgA3rjsR4a60nGW9-9E,Koustav waterfall,12.8715862,77.3371569,waterfalls,N/A,2025-01-26,N/A,N/A,Karnataka
ChIJ4Yqt3hhDrjsRECOh73YwJos,Muninagara Backwater Grasslands,12.7409336,77.5435107,waterfalls,N/A,2025-01-26,N/A,N/A,Karnataka
ChIJtftpOX1BrjsRgW-O5OMrShQ,Gulakamale Lake,12.8060875,77.5273594,waterfalls,N/A,2025-01-26,N/A,N/A,Karnataka
ChIJNwUVju9lrjsRxuyWeOD5jiw,Muthyala Maduvu Water fall trek,12.6864208,77.6654326,waterfalls,N/A,2025-01-26,N/A,N/A,Karnataka
ChIJ29ZGkfVRrjsRLsBXwB-0wm8,Ramanagara falls,12.6584739,77.3376755,waterfalls,N/A,2025-01-26,N/A,N/A,Karnataka
ChIJXWwvtQphrjsRjhSUqNFOaBo,Fire falls,12.5223369,77.58946519999999,waterfalls,N/A,2025-01-26,N/A,N/A,Karnataka
ChIJy_vjSAB5rjsRFyG4sn_AwjM,Stone water falls,12.6592865,77.9235078,waterfalls,N/A,2025-01-26,N/A,N/A,Karnataka
ChIJrZsxr_ojrjsResrrxFf82MY,Foam falls,13.0863866,77.5063358,waterfalls,N/A,2025-01-26,N/A,N/A,Karnataka
ChIJ5XDBeunlsTsRmVyIChonxEc,Arkavati Nadi Ugamasthana,13.3689638,77.68081719999999,waterfalls,N/A,2025-01-26,N/A,N/A,Karnataka
ChIJYSzoWZvfsTsRRgEK4dTgZoE,Majarahosahalli waterfalls,13.2567804,77.5385867,waterfalls,N/A,2025-01-26,N/A,N/A,Karnataka
ChIJ-x663ExDrjsR2t_FeAEY-GA,Pyramid valley fountain,12.7009875,77.4932031,waterfalls,N/A,2025-01-26,N/A,N/A,Karnataka
ChIJo0IVwrdnrjsRj1APsg8CpHc,Gummalapuram Hidden Falls ( Elephant Zone),12.6624206,77.6516948,waterfalls,N/A,2025-01-26,N/A,N/A,Karnataka
ChIJx97bf9_QrTsR6uzPEvcrCyg,Shoolagiri Dam,12.6703195,78.04234439999999,waterfalls,N/A,2025-01-26,N/A,N/A,Karnataka
ChIJgxt38BAWrjsR7XN1rtPoWGI,Pearl Valley Dam,12.6856223,77.6653291,waterfalls,N/A,2025-01-26,N/A,N/A,Karnataka
ChIJG7N0ScAVrjsRWJ4tH2CgmOU,Artificial waterfalls,12.946587,77.586497,waterfalls,N/A,2025-01-26,N/A,N/A,Karnataka
ChIJHUaQoBE3rjsR8hT7sxMPwiw,Dabbaguli falls,12.9023538,77.30854,waterfalls,N/A,2025-01-26,N/A,N/A,Karnataka
ChIJWXdsXwAtsDsRL710irpYkPs,Mydala Lake Falls,13.3091236,77.18724440000001,waterfalls,N/A,2025-01-26,N/A,N/A,Karnataka
ChIJbyAkz6_TrzsR2Aowj-wunVs,Falls,13.0707569,77.18501049999999,waterfalls,N/A,2025-01-26,N/A,N/A,Karnataka
ChIJlfJwA2VrrjsR_Sl_Bs5IzgU,Kallu kore,12.815817,77.65340599999999,waterfalls,N/A,2025-01-26,N/A,N/A,Karnataka
ChIJm_QS1bI3rjsRFDoL2LWn2fQ,Manchanabele Dam,12.8748817,77.336068,waterfalls,N/A,2025-01-26,N/A,N/A,Karnataka
ChIJnYbxQy_dsTsRrJgXr3FShnk,Sir M. Vishveshvaraiya Dam,13.4064565,77.5228253,waterfalls,N/A,2025-01-26,N/A,N/A,Karnataka
ChIJHdPykcEVrjsRIr4v35kLEY4,Lalbagh Botanical Garden,12.9494158,77.58468049999999,waterfalls,N/A,2025-01-26,N/A,N/A,Karnataka
ChIJ65Wzn-bVrTsRt585KjSeCy8,Shiva temple Doddametrai,12.5841284,78.00057199999999,waterfalls,N/A,2025-01-26,N/A,N/A,Karnataka
ChIJT4uwBvxwrjsRoNNvimH9mUk,Lake,12.7455126,77.7971443,waterfalls,N/A,2025-01-26,N/A,N/A,Karnataka
ChIJz5ZOWb9ArjsRrovjRTeGhxU,Aagara Lake View Point,12.84904,77.48892719999999,waterfalls,N/A,2025-01-26,N/A,N/A,Karnataka
ChIJ1WJs29ZHrjsRpN5P6c98ADE,Baichohalli fall,12.8032507,77.4422122,waterfalls,N/A,2025-01-26,N/A,N/A,Karnataka
ChIJeXwUHsIVrjsR-r1qgBG9OB4,Lalbagh Fountain,12.9499242,77.5860007,waterfalls,N/A,2025-01-26,N/A,N/A,Karnataka
ChIJK6U4BD7ksTsRnEXCI2bsr9k,Nandi One,13.3563209,77.671301,waterfalls,N/A,2025-01-26,N/A,N/A,Karnataka
ChIJiwllD4U_rjsRdrv-TgtsBDM,Turahalli Forest,12.8831706,77.52502969999999,waterfalls,N/A,2025-01-26,N/A,N/A,Karnataka
ChIJ3XmpYxpqrjsRjRZ78HKinFY,Butterfly Park,12.7960545,77.5764202,waterfalls,N/A,2025-01-26,N/A,N/A,Karnataka
ChIJkVUHzZZtrjsRXPU5i8lF7jA,Muthanallur Lake,12.8225173,77.72947049999999,waterfalls,N/A,2025-01-26,N/A,N/A,Karnataka
ChIJmwJpvowVrjsR0JVGQxxLHms,Bugle Rock Park,12.9427052,77.5694287,waterfalls,N/A,2025-01-26,N/A,N/A,Karnataka
ChIJLdYfp7flsTsRa3CwoYfO2ss,Channagiri Betta Trek Start Point,13.3883811,77.6792025,waterfalls,N/A,2025-01-26,N/A,N/A,Karnataka
ChIJG0T-DWFrrjsR4EgcF15W8iM,Basapura Lake,12.8686174,77.6439272,waterfalls,N/A,2025-01-26,N/A,N/A,Karnataka
ChIJj6ZKK8HlsTsRZN6AgPwqHgQ,Chennagiri Trekking Top,13.3865421,77.66740949999999,waterfalls,N/A,2025-01-26,N/A,N/A,Karnataka
ChIJQZ7OScI9rjsRgQSCrLr60As,Gangondanahalli lake,13.018152,77.47447799999999,waterfalls,N/A,2025-01-26,N/A,N/A,Karnataka
ChIJ7dbyKznlsTsRcjXki8wRzes,Jinke Vana Park,13.4023031,77.7271963,waterfalls,N/A,2025-01-26,N/A,N/A,Karnataka
ChIJwWKnmHlNrjsR8PprtiYA0ds,Kanva Reservoir,12.7218704,77.1929907,waterfalls,N/A,2025-01-26,N/A,N/A,Karnataka
ChIJuckQy9RprjsRb_HNivnrgx4,Vaderamanchanahalli Lake/Kere,12.7704227,77.63233350000002,waterfalls,N/A,2025-01-26,N/A,N/A,Karnataka
ChIJhT97r1Q_rjsR8UjpkEP4DH0,Ngef layout park,12.9587077,77.5103152,parks,N/A,2025-01-26,N/A,N/A,Karnataka
ChIJ5S-Az9Q8rjsR_lXWVD7ZI_M,Pipeline Park,13.0530195,77.5123097,parks,N/A,2025-01-26,N/A,N/A,Karnataka
ChIJv8L_myo-rjsRkx3Bi1_hCtI,Government Park - Banashankari,12.922179,77.5615778,parks,N/A,2025-01-26,N/A,N/A,Karnataka
ChIJIQgua1hsrjsR2zXcujUBj8Q,Sai Sarana layout Park,12.8348233,77.6865159,parks,N/A,2025-01-26,N/A,N/A,Karnataka
ChIJ9RfFh9cUrjsRDWQKcTQzaqU,BBMP Park,12.8864912,77.61171039999999,parks,N/A,2025-01-26,N/A,N/A,Karnataka
ChIJjY1zLVFtrjsRz7ZviHEKBQE,Classic layout park,12.8259881,77.68541379999999,parks,N/A,2025-01-26,N/A,N/A,Karnataka
ChIJpYqFJyUSrjsRutFl0Zj412c,AECS Layout Park,12.9624282,77.7137024,parks,N/A,2025-01-26,N/A,N/A,Karnataka
ChIJsVhBNtg8rjsR0S0aTxusxwg,Lake Park,13.0410988,77.513678,parks,N/A,2025-01-26,N/A,N/A,Karnataka
ChIJXfh0lfMUrjsRMByemgLkfUc,Udyanavana Park,12.9165435,77.6265712,parks,N/A,2025-01-26,N/A,N/A,Karnataka
ChIJGex6qXc-rjsRZrISFn54Qv8,Vishal Park,12.9614673,77.53001669999999,parks,N/A,2025-01-26,N/A,N/A,Karnataka
ChIJOQqLaZ4VrjsRhzpmVU5SEWU,The Park - Jayanagar,12.9230989,77.58046829999999,parks,N/A,2025-01-26,N/A,N/A,Karnataka
ChIJ_-wEqJ4VrjsRdtzw86K8HDo,Sarvamangala Park,12.914703,77.62782179999999,parks,N/A,2025-01-26,N/A,N/A,Karnataka
ChIJh0Em4YwVrjsRTytqMs5YGwE,Park,12.9418163,77.57023269999999,parks,N/A,2025-01-26,N/A,N/A,Karnataka
ChIJke1mmsptrjsRd1ddfLcbkgM,Huskur park,12.8531025,77.69521329999999,parks,N/A,2025-01-26,N/A,N/A,Karnataka
ChIJ2xlgBxVrrjsR0tSutImy7iI,KLV Layout BDA Park,12.8710859,77.5780497,parks,N/A,2025-01-26,N/A,N/A,Karnataka
ChIJY75cwzg_rjsREhmB4m3XspA,BDA PARK 5TH BLOCK SIR MV LAYOUT,12.9521803,77.4796136,parks,N/A,2025-01-26,N/A,N/A,Karnataka
ChIJQ7c0nr0XrjsRhRSVQHXq3JE,DR. VISHNUVARDHAN PARK (KANNADA ABIMANIGALA SANGHA),13.0121996,77.62888219999999,parks,N/A,2025-01-26,N/A,N/A,Karnataka
ChIJOYe8DYE9rjsRwrRi_c6x8cU,Sangolli Rayanna Park,13.0072737,77.55782219999999,parks,N/A,2025-01-26,N/A,N/A,Karnataka
ChIJb9VX4BUWrjsRlWNGx1g4CUI,Kumara Park,12.9877911,77.5793147,parks,N/A,2025-01-26,N/A,N/A,Karnataka
ChIJUTtZLFIUrjsRW5T6Uy-mVQ0,BBMP Park,12.9315871,77.61301590000001,parks,N/A,2025-01-26,N/A,N/A,Karnataka
ChIJ5bC9aHY9rjsR_i3737GHRwE,Netaji Park,12.9914619,77.5430334,parks,N/A,2025-01-26,N/A,N/A,Karnataka
ChIJTY0G-nUVrjsRFuUtH1BXEf8,BBMP Park,12.9209325,77.5798086,parks,N/A,2025-01-26,N/A,N/A,Karnataka
ChIJI_KtMKoRrjsRU-bWwtuqLQA,BBMP Park,13.007605,77.6667178,parks,N/A,2025-01-26,N/A,N/A,Karnataka
ChIJjcHwo489rjsR4t5i_bYEBvo,Shri Mahadeva Mailara Park,12.9974099,77.55289619999999,parks,N/A,2025-01-26,N/A,N/A,Karnataka
ChIJXzfb1eQVrjsRKM8ONqByLJQ,Nethaji Park,12.9514243,77.6249818,parks,N/A,2025-01-26,N/A,N/A,Karnataka
ChIJH9iUB9wTrjsRvIskw620gEo,Kanelli Sarjapur Park,12.9116115,77.6948783,parks,N/A,2025-01-26,N/A,N/A,Karnataka
ChIJXz5nU_MXrjsRyXYC9Kb3vPs,Swami Vivekananda Park,13.0175373,77.6286227,parks,N/A,2025-01-26,N/A,N/A,Karnataka
ChIJqbVnrGsRrjsRRVtULtGTiqk,KALAM SADBHAVANA PARK,12.9839939,77.6613792,parks,N/A,2025-01-26,N/A,N/A,Karnataka
ChIJ69tYhns-rjsRBVwAQpfPF5s,Harihara Park,12.9557588,77.52205520000001,parks,N/A,2025-01-26,N/A,N/A,Karnataka
ChIJ3zQCwzRrrjsRxJIJDJUrLog,Begur Lake View Park,12.8773296,77.6275797,parks,N/A,2025-01-26,N/A,N/A,Karnataka
ChIJK97zCMMVrjsRFlqzuocn2Cc,Basavanna Park,12.917855,77.58001139999999,parks,N/A,2025-01-26,N/A,N/A,Karnataka
ChIJvTwSk30drjsRBu8YpgGgHTo,Devanahalli park,13.2432522,77.7067028,parks,N/A,2025-01-26,N/A,N/A,Karnataka
ChIJj7tkj90XrjsRGMi382c-xqo,Naga Sampada Park,13.0333386,77.5697967,parks,N/A,2025-01-26,N/A,N/A,Karnataka
ChIJL59Pnjg_rjsRobRkus7CXyg,PARK KEB ROAD ITTAMADU,12.9252596,77.5471365,parks,N/A,2025-01-26,N/A,N/A,Karnataka
ChIJ5SRrbkwUrjsRXvLgBrYJ6NA,Kadamba Park,12.9389628,77.61164939999999,parks,N/A,2025-01-26,N/A,N/A,Karnataka
ChIJbXMlZCsWrjsRN-SYN8MHWIY,Jewel's Park,13.0092815,77.5671861,parks,N/A,2025-01-26,N/A,N/A,Karnataka
ChIJ4zqO6ZIVrjsRSwuhJweaVJY,M.N. Krishna Rao Park,12.9418183,77.5752478,parks,N/A,2025-01-26,N/A,N/A,Karnataka
ChIJn-OYhKw_rjsR2cG_VJthyp4,Manasanagar Park,12.9597416,77.5164344,parks,N/A,2025-01-26,N/A,N/A,Karnataka
ChIJt4NJcUo9rjsRFomq3XW0vIU,BBMP Park Yeshwantpura Industrial Area,13.0154865,77.5501969,parks,N/A,2025-01-26,N/A,N/A,Karnataka
ChIJmwJpvowVrjsR0JVGQxxLHms,Bugle Rock Park,12.9427052,77.5694287,parks,N/A,2025-01-26,N/A,N/A,Karnataka
ChIJCYspTiE9rjsRYjoorQJvrxc,Kothi park,12.9893526,77.5356714,parks,N/A,2025-01-26,N/A,N/A,Karnataka
ChIJl_Y7et4XrjsRyumnXOFHvjk,Park Malleswaram,13.0026483,77.57179719999999,parks,N/A,2025-01-26,N/A,N/A,Karnataka
ChIJSZ_6HZcVrjsRXoFsumjKXZI,MUNISHWARA TEMPLE PARK,12.9140449,77.6404429,parks,N/A,2025-01-26,N/A,N/A,Karnataka
ChIJDRc16F4_rjsRHzrA6jTD_I8,PUBLIC PARK (BBMP),12.9610343,77.5334472,parks,N/A,2025-01-26,N/A,N/A,Karnataka
ChIJkS7TTG4VrjsRHOqrU_YfmHw,BMTC Garden and park,12.9546221,77.5937711,parks,N/A,2025-01-26,N/A,N/A,Karnataka
ChIJJSaYGiERrjsRqjbJHQsDWz4,Park,12.981702,77.6732815,parks,N/A,2025-01-26,N/A,N/A,Karnataka
ChIJjcH4j5oXrjsRP8kHkPsG9OU,Disabled friendly Children park,12.9766763,77.5961583,parks,N/A,2025-01-26,N/A,N/A,Karnataka
ChIJPcOB685wrjsRua4VetKIrxo,Evergreen Park,12.7372077,77.8293991,parks,N/A,2025-01-26,N/A,N/A,Karnataka
ChIJSQrRHslrrjsRNGZlPUoSDLw,Park,12.8767567,77.60266899999999,parks,N/A,2025-01-26,N/A,N/A,Karnataka
ChIJz2JegYoVrjsRQ6Y0NjTmYZE,Kumaraswami Devasthana Park,12.940545,77.56222129999999,parks,N/A,2025-01-26,N/A,N/A,Karnataka
ChIJfwQjS74VrjsR2gCgW9rHX1s,Kids Playing Park,12.9610477,77.6415087,parks,N/A,2025-01-26,N/A,N/A,Karnataka
ChIJDci-mr0VrjsRL_B15UqDzOM,Madhavan Park,12.9362236,77.5857619,parks,N/A,2025-01-26,N/A,N/A,Karnataka
ChIJ-bJctz7lsTsRogA4fSUHo9Y,Sulalappanna Dinne Tree Park,13.3994232,77.7273683,parks,N/A,2025-01-26,N/A,N/A,Karnataka
ChIJc_0rSkwVrjsRkEXEMkSmkeM,RBI Goutham Layout Park,12.880966,77.5843893,parks,N/A,2025-01-26,N/A,N/A,Karnataka
ChIJN_-y2iw_rjsRSJ7KskPGKM4,Netaji park,12.8986108,77.55817619999999,parks,N/A,2025-01-26,N/A,N/A,Karnataka
ChIJ59TDm74XrjsR-_ca-aylJY4,Anand Nagar Park,13.0309832,77.5901377,parks,N/A,2025-01-26,N/A,N/A,Karnataka
ChIJ92SwIP4QrjsR2x3-9ec7oqI,TC Palya Park,13.017307,77.69544259999999,parks,N/A,2025-01-26,N/A,N/A,Karnataka
ChIJTeAgMJcVrjsRSUCI3unhuIQ,Shri Ranadheera Kanteerava Park (Jayanagara),12.9344251,77.57982350000002,parks,N/A,2025-01-26,N/A,N/A,Karnataka
ChIJsbm2_749rjsRnPMHUeQLCSY,Vishweshvarayya Park,12.9901026,77.53626560000001,parks,N/A,2025-01-26,N/A,N/A,Karnataka
ChIJbz3kghY_rjsRaueD7kyOmiA,Nagarbhavi 14th Block Park.,12.9580375,77.5063906,parks,N/A,2025-01-26,N/A,N/A,Karnataka
ChIJqyoigt8VrjsRp_hKR5Y_1X8,Visvesvaraya Industrial & Technological Museum,12.9750417,77.5965348,museum,N/A,2025-01-26,N/A,N/A,Karnataka
ChIJg2Ir7MMTrjsR9kqAcrWsFew,HAL Heritage Centre and Aerospace Museum,12.954655,77.68090579999999,museum,N/A,2025-01-26,N/A,N/A,Karnataka
ChIJK3WK06kXrjsRtJJUPxlNE4A,Museum of Art & Photography (MAP),12.9746026,77.5967537,museum,N/A,2025-01-26,N/A,N/A,Karnataka
ChIJ29WNeSoXrjsRWsINLDxCPa0,Science Gallery Bengaluru,13.0256126,77.5848072,museum,N/A,2025-01-26,N/A,N/A,Karnataka
ChIJqZQybIEWrjsRezNLL4Ju2Gk,National Gallery of Modern Arts (Bengaluru),12.9894116,77.5880553,museum,N/A,2025-01-26,N/A,N/A,Karnataka
ChIJh1Z3D8wNrjsRNdNCe4zJy8U,CURIOUSCITY Science Center,12.8913125,77.7459375,museum,N/A,2025-01-26,N/A,N/A,Karnataka
ChIJAdVdsDAXrjsRITtBG5iL2C0,Eyelusion Bangalore,13.0062264,77.5919552,museum,N/A,2025-01-26,N/A,N/A,Karnataka
ChIJqyoigt8VrjsRruQyccBZzHI,Department of Archaeology and Museums,12.9746319,77.59591089999999,museum,N/A,2025-01-26,N/A,N/A,Karnataka
ChIJlXdcO-UbrjsRgD4BpcVEY5Q,Richard's wonder world,13.0950335,77.6913805,museum,N/A,2025-01-26,N/A,N/A,Karnataka
ChIJ9fej-jsYrjsRLVy5waXtKJM,Agricultural Sciences Museum,13.0737633,77.5912436,museum,N/A,2025-01-26,N/A,N/A,Karnataka
ChIJgT8JaaoVrjsRb8S1oLj_5g0,Param Science Centre (Parsec Jayanagar),12.9274311,77.57924729999999,museum,N/A,2025-01-26,N/A,N/A,Karnataka
ChIJbUTHdIk9rjsRPW_RSGXcnhI,HMT Heritage Centre & Museum,13.0533322,77.5503634,museum,N/A,2025-01-26,N/A,N/A,Karnataka
ChIJ4xye0FFrrjsRVPYNtp3nmyE,Bannerghatta Museum,12.8012164,77.5764129,museum,N/A,2025-01-26,N/A,N/A,Karnataka
ChIJ4SFDatYXrjsRc9BR7eJwGn4,Bangalore postal Museum,12.9727965,77.6037613,museum,N/A,2025-01-26,N/A,N/A,Karnataka
ChIJp37ouAwXrjsR25OFOVlwe4Y,MAP Conservation Centre,12.9744087,77.5964503,museum,N/A,2025-01-26,N/A,N/A,Karnataka
ChIJXx3q3WsWrjsR_Qw3odPlMXM,Indian Military Museum,12.985431,77.59017159999999,museum,N/A,2025-01-26,N/A,N/A,Karnataka
ChIJWerYmbkVrjsRamTovMS-Mms,NIMHANS Heritage Museum,12.9397869,77.5950634,museum,N/A,2025-01-26,N/A,N/A,Karnataka
ChIJ-2lgoG0XrjsRjQvrxjfPtY8,The MadLabs: Where Fun Meets Fascination,13.0058644,77.5920921,museum,N/A,2025-01-26,N/A,N/A,Karnataka
ChIJO1o3Mq4XrjsR7_RKJQ0Uu6A,MKF Museum of Art,12.9704328,77.5977198,museum,N/A,2025-01-26,N/A,N/A,Karnataka
ChIJq6oaOEcVrjsRaApSFOeyX_M,Indian Music Experience Museum,12.8917819,77.58371079999999,museum,N/A,2025-01-26,N/A,N/A,Karnataka
ChIJAUBCIrcVrjsRzc0opQv6QrU,NIMHANS Brain Museum Bengaluru,12.9404891,77.59868759999999,museum,N/A,2025-01-26,N/A,N/A,Karnataka
ChIJcYeXKYcWrjsR6iKUZGlFMdY,Kempegowda Museum,12.9740416,77.6105171,museum,N/A,2025-01-26,N/A,N/A,Karnataka
ChIJKWBahlQZrjsRKawBD0K1rbg,Car Museum,13.1022838,77.58595009999999,museum,N/A,2025-01-26,N/A,N/A,Karnataka
ChIJw12ov3oWrjsRdxXFS1xCHtU,Water Memorial Down the Memory Lane,12.9773627,77.5975892,museum,N/A,2025-01-26,N/A,N/A,Karnataka
ChIJg049dE4XrjsRzPEtzdZVa1M,Philatelic Museum,12.9727011,77.60395009999999,museum,N/A,2025-01-26,N/A,N/A,Karnataka
ChIJi2c3LS8ZrjsRgmDpy6OEkkg,Karnataka raajya Museum,13.0665921,77.6105061,museum,N/A,2025-01-26,N/A,N/A,Karnataka
ChIJpcP04b0TrjsRVMPkJ0J5HWg,Hindustan Aeronautics Limited (Museum),12.9549629,77.6812235,museum,N/A,2025-01-26,N/A,N/A,Karnataka
ChIJbbVj6RUWrjsRuw1R0QMR6vY,Gandhi Bhavana,12.9878809,77.5801925,museum,N/A,2025-01-26,N/A,N/A,Karnataka
ChIJFURM4NoXrjsRREjcf58h1cM,Rezwan Razack’s Museum of Indian Paper Money,12.9711162,77.6142498,museum,N/A,2025-01-26,N/A,N/A,Karnataka
ChIJLUaPjvIjrjsRVPEzsofsGMQ,RAMANEEYA MUSEUM,13.1340681,77.5170814,museum,N/A,2025-01-26,N/A,N/A,Karnataka
ChIJ6bolumMVrjsRwXH3Ns-BLGk,"Sir Mirza Ismail's Tomb,Bengaluru",12.9596712,77.6053787,museum,N/A,2025-01-26,N/A,N/A,Karnataka
ChIJY-hMAgAXrjsR0Bp1AOeWhs0,Science Park,12.9847437,77.5900042,museum,N/A,2025-01-26,N/A,N/A,Karnataka
ChIJ____AAoSrjsR57YtXD8oZWs,Click Art Museum,12.9576788,77.7451195,museum,N/A,2025-01-26,N/A,N/A,Karnataka
ChIJl86rfeYVrjsRuIpYX0yn8i0,Major General S.L.Bhatia Museum,12.9300295,77.6210456,museum,N/A,2025-01-26,N/A,N/A,Karnataka
ChIJg1llcxFqrjsROp5Iv0XZEUg,Wildlife Museum & Auditorium,12.8013037,77.576672,museum,N/A,2025-01-26,N/A,N/A,Karnataka
ChIJ3SppiLYXrjsR0RnTTSMVP0w,SANDESHA - Museum of Communication,12.9727432,77.6036058,museum,N/A,2025-01-26,N/A,N/A,Karnataka
ChIJo_KqGuQ-rjsRP8wyUcjV954,Kriyakalpa Technocultural Museum,12.9238565,77.4995083,museum,N/A,2025-01-26,N/A,N/A,Karnataka
ChIJ8_Ifi_gTrjsRXLSizfhatYQ,URSC Space Exhibition,12.961793,77.65495229999999,museum,N/A,2025-01-26,N/A,N/A,Karnataka
ChIJU6HK4gETrjsR_Uc1LAG3XzQ,Hindustan aerospace museum,12.954806,77.68432399999999,museum,N/A,2025-01-26,N/A,N/A,Karnataka
ChIJcUqpyw4TrjsRRie2ArtLnyk,The Gallery,12.9203958,77.6838817,museum,N/A,2025-01-26,N/A,N/A,Karnataka
ChIJe3gcH9hDrjsR3F8MImhmTyI,Art Museum,12.7454342,77.4877734,museum,N/A,2025-01-26,N/A,N/A,Karnataka
ChIJs1cozBwXrjsRdyD0IQLLXNA,National Insects Museum,13.0267487,77.5849854,museum,N/A,2025-01-26,N/A,N/A,Karnataka
ChIJg80ROQEVrjsRt-EnDx3YLQk,Kalaspoorthi,12.9209308,77.5706543,museum,N/A,2025-01-26,N/A,N/A,Karnataka
ChIJG1UrsIwZrjsRplubhg8_dAY,Sampigehalli Trignometric Survey Triangulation Station,13.0791595,77.62295689999999,museum,N/A,2025-01-26,N/A,N/A,Karnataka
ChIJVZ4pbSwTrjsR73ggReMqW2I,Love Certified,12.9623438,77.68062160000001,museum,N/A,2025-01-26,N/A,N/A,Karnataka
ChIJpYL0XzwRrjsR0PEMaEvIg-E,VIDA Museum Of Anatomy,12.9757118,77.73068350000001,museum,N/A,2025-01-26,N/A,N/A,Karnataka
ChIJdaJn6M0VrjsRen0gpU6qzJM,J's La Quill Museum,12.960207,77.575666,museum,N/A,2025-01-26,N/A,N/A,Karnataka
ChIJOzk_N4zlsTsRLITTNNd4UL0,House Of Bharath Rathna Sir M Visvesvaraya,13.4075334,77.6962336,museum,N/A,2025-01-26,N/A,N/A,Karnataka
ChIJb-sr3ucXrjsR0lfr_2Fmylc,Rail Cartoon Gallery,12.9789453,77.5685426,museum,N/A,2025-01-26,N/A,N/A,Karnataka
ChIJ3_RzG5zlsTsRRNp18KxssD0,Sir M. Vishweshwarayya Memorial,13.4084003,77.6945769,museum,N/A,2025-01-26,N/A,N/A,Karnataka
ChIJ0fgJCbEXrjsRQHUV-8z829A,Mysore Lancers Haifa Memorial,13.0118984,77.5934177,museum,N/A,2025-01-26,N/A,N/A,Karnataka
ChIJyZ2VuPAVrjsR7c7y_xkI2XY,Vimor Museum of Living textiles,12.964112,77.6135371,museum,N/A,2025-01-26,N/A,N/A,Karnataka
ChIJEWbkzzUWrjsRq3Lcbg-aPlo,Peepletree Art Gallery,13.0068362,77.58261720000002,museum,N/A,2025-01-26,N/A,N/A,Karnataka
ChIJu2-s9OIXrjsR3_11Yca04VM,Karnataka High Court Museum,12.9782856,77.5926125,museum,N/A,2025-01-26,N/A,N/A,Karnataka
ChIJbwYGyFsTrjsR5KvqDyRjXTQ,Hal,12.9551701,77.6820899,museum,N/A,2025-01-26,N/A,N/A,Karnataka
ChIJ8Zr_F74XrjsRAx4WjSy7UlQ,Babbiosh,13.0404628,77.62464059999999,museum,N/A,2025-01-26,N/A,N/A,Karnataka
ChIJUxXBC1fksTsRpNU5Lw39kjY,Nandi Nisarga Dhama (NaNidam),13.3701254,77.6957202,museum,N/A,2025-01-26,N/A,N/A,Karnataka
ChIJD72-ASw9rjsRkUoQ4bEEWkQ,SHORT WAVE RADIO MUSEUM,12.9842578,77.5375711,museum,N/A,2025-01-26,N/A,N/A,Karnataka
ChIJN1ZKKUkWrjsRzxIVM363-LE,Bengaluru Palace,13.0035068,77.5890953,museum,N/A,2025-01-26,N/A,N/A,Karnataka
ChIJudJo_S8WrjsRCdXs00pTecE,Art Galore (SN Simha),13.0303788,77.57109720000001,museum,N/A,2025-01-26,N/A,N/A,Karnataka
ChIJxUfgi0GxbTkR5Vqeib76O00,Gaitor Ki Chhatriyan,26.9430691,75.8246528,attraction,N/A,2025-01-26,N/A,N/A,Rajasthan
ChIJuw3Sy1qwbTkRetLAsgr-cGg,Elefantastic - The Best Elephant Wildlife Sanctuary in India,26.9205845,75.8168288,attraction,N/A,2025-01-26,N/A,N/A,Rajasthan
ChIJDaY5CNexbTkR7DlYG4eAdoY,Jaipur Elephant Park,26.9357913,75.82435319999999,attraction,N/A,2025-01-26,N/A,N/A,Rajasthan
ChIJBeghdoS1bTkRmmxGdNpi3c8,Patrika Gate,26.841624,75.8013891,attraction,N/A,2025-01-26,N/A,N/A,Rajasthan
ChIJN7MIXkawbTkRRrA4XK1c1RA,EleSafari,26.9947247,75.8854686,attraction,N/A,2025-01-26,N/A,N/A,Rajasthan
ChIJz95PBGW1bTkRJ_2yYyiNrNs,World Trade Park View Point,26.8532905,75.8049513,attraction,N/A,2025-01-26,N/A,N/A,Rajasthan
ChIJuxSir0ixbTkRMU7RQ0c0GYI,Tal Katora Lake,26.9339258,75.8253321,attraction,N/A,2025-01-26,N/A,N/A,Rajasthan
ChIJ475yMHCxbTkRV6wnXQ3wdaM,Elephant safari,26.9933218,75.87542309999999,attraction,N/A,2025-01-26,N/A,N/A,Rajasthan
ChIJvQNCkmqwbTkRcPDT4XKp0Sw,EleJungle - Nature & Elephant Safari in Jaipur,26.9941724,75.8779686,attraction,N/A,2025-01-26,N/A,N/A,Rajasthan
ChIJUY2y-yaxbTkRe3Ss0MZjEuE,Elephant Fun Park | Elephant Sanctuary In Jaipur,26.9232207,75.8211115,attraction,N/A,2025-01-26,N/A,N/A,Rajasthan
ChIJFTu7a6y2bTkRqXNxQgc95sw,Elefunenjoy| Elephant Sanctuary In Jaipur,26.9165642,75.8139164,attraction,N/A,2025-01-26,N/A,N/A,Rajasthan
ChIJY-79l-e1bTkRDGjkX2wk5EQ,Toran Dwar - Gateway of Rajasthan (तोरण द्वार - गेटवे ऑफ़ राजस्थान),26.8382077,75.8022919,attraction,N/A,2025-01-26,N/A,N/A,Rajasthan
ChIJNWQbG7OxbTkROn7-HkkIPk8,Ganesh Pol,26.9860613,75.8506427,attraction,N/A,2025-01-26,N/A,N/A,Rajasthan
ChIJw1BujlyxbTkRlufvmwfJwO4,Jaipur Wax Museum Nahargarh Fort,26.9391796,75.81627449999999,attraction,N/A,2025-01-26,N/A,N/A,Rajasthan
ChIJl7rLkBvPbTkRykMOxFMJafo,Chandlai lake,26.6989093,75.8778634,attraction,N/A,2025-01-26,N/A,N/A,Rajasthan
ChIJrUMVGkyxbTkR-d0twdb5jzU,Chandra Mahal,26.9270086,75.8235041,attraction,N/A,2025-01-26,N/A,N/A,Rajasthan
ChIJi_eVOgGxbTkR0LWShNdyly0,Kanak Vrindavan Park,26.9636218,75.84863410000001,attraction,N/A,2025-01-26,N/A,N/A,Rajasthan
ChIJGSyZHoexbTkRZuCtcfRV9qE,Sagar Lake Amer,26.9903818,75.8471431,attraction,N/A,2025-01-26,N/A,N/A,Rajasthan
ChIJT7psBrC2bTkREdcNA0Ipcp4,Ramniwas Bagh,26.9150353,75.8179325,attraction,N/A,2025-01-26,N/A,N/A,Rajasthan
ChIJcXc6vH2xbTkRbcIu9i9aSk8,"Sheesh Mahal, Amber Fort",26.9857093,75.8506434,attraction,N/A,2025-01-26,N/A,N/A,Rajasthan
ChIJlXJ26RuxbTkR0qsToxFP05c,Jal Mahal,26.9534584,75.84612349999999,attraction,N/A,2025-01-26,N/A,N/A,Rajasthan
ChIJsS9UQey1bTkRnwzUqyPHOrQ,Book Elephant Safari & Activity in Jaipur,26.9384479,75.83608699999999,attraction,N/A,2025-01-26,N/A,N/A,Rajasthan
ChIJ6bEtaQC1bTkRD1PCuWyIJPg,Fountain Square Park,26.8622559,75.7655845,attraction,N/A,2025-01-26,N/A,N/A,Rajasthan
ChIJ2-vgqE2xbTkRS1ab-9TqZaM,Isarlat Sargasooli,26.924445,75.82083659999999,attraction,N/A,2025-01-26,N/A,N/A,Rajasthan
ChIJUbHNbADTWjoRFU_j1tlWXys,EleFanJoy Best Wildlife Elephant sanctuary in Jaipur (Office),26.9231407,75.818142,attraction,N/A,2025-01-26,N/A,N/A,Rajasthan
ChIJ34tpDCK0bTkRQcEb5xYz9Po,Amar Jawan Jyoti,26.8956032,75.7999567,attraction,N/A,2025-01-26,N/A,N/A,Rajasthan
ChIJS72Fha-xbTkRtBdKxgfjBGs,Eleday - Elephant activities park,26.9984753,75.88454670000002,attraction,N/A,2025-01-26,N/A,N/A,Rajasthan
ChIJZ7wiGuixbTkR8DCPpn0s_BU,Sunrise Point,26.9399738,75.8170363,attraction,N/A,2025-01-26,N/A,N/A,Rajasthan
ChIJJTH_wqK2bTkROfdwVZy6KHA,Dolls Museum,26.9003345,75.817227,attraction,N/A,2025-01-26,N/A,N/A,Rajasthan
ChIJx0lfsbGxbTkRgVOhxJ7EGbw,Jaigarh Fort,26.9816052,75.8447917,attraction,N/A,2025-01-26,N/A,N/A,Rajasthan
ChIJI0QOpK22bTkRh97plqjaGLQ,Ajmeri Gate,26.917647,75.81665679999999,attraction,N/A,2025-01-26,N/A,N/A,Rajasthan
ChIJc2Tz4uqxbTkR1AsY9e3FSFs,Step well of Nahargarh Fort Jaipur,26.9383033,75.81522749999999,attraction,N/A,2025-01-26,N/A,N/A,Rajasthan
ChIJDYsOV0mxbTkRgv-VoX2oB1o,Maharaja Sawai Man Singh II Museum,26.9264111,75.8233599,attraction,N/A,2025-01-26,N/A,N/A,Rajasthan
ChIJ8275CASxbTkRI6y7FoiCOhk,Kanak Vrindavan Mahal,26.9633998,75.848337,attraction,N/A,2025-01-26,N/A,N/A,Rajasthan
ChIJI5TGv5m2bTkR59_R6PAEbe4,Moti Doongri Fort,26.8933704,75.816761,attraction,N/A,2025-01-26,N/A,N/A,Rajasthan
ChIJieshA4mxbTkR_I7PslD-zho,Amber Fort Light and Sound Show,26.9843649,75.8522919,attraction,N/A,2025-01-26,N/A,N/A,Rajasthan
ChIJwc7V8pe3bTkRYI4hDYu_C2U,Jagatpura / KhoNagoriyan Waterfall,26.8753593,75.8662552,attraction,N/A,2025-01-26,N/A,N/A,Rajasthan
ChIJabWcVRq0bTkRMfrdIEo-8rw,Deer Park,26.9047818,75.7979577,attraction,N/A,2025-01-26,N/A,N/A,Rajasthan
ChIJwbAghgu0bTkRYHt9ATEVgEQ,The City Palace,26.9257943,75.8236714,attraction,N/A,2025-01-26,N/A,N/A,Rajasthan
ChIJWQ-GZSaxbTkRD9k1QfDpLOk,Hathni Kund,26.95844,75.8235524,attraction,N/A,2025-01-26,N/A,N/A,Rajasthan
ChIJNWQbG7OxbTkR3i3awnO4lOE,Chand Pol (Moon Gate),26.9871777,75.85092550000002,attraction,N/A,2025-01-26,N/A,N/A,Rajasthan
ChIJKwlCa16xbTkR79536zEmKNo,Elejaipur Tourist Attractions,26.9919841,75.87243920000002,attraction,N/A,2025-01-26,N/A,N/A,Rajasthan
ChIJy5zmy8O1bTkRDYc5ycXBGlw,Hot Air Balloon Site,26.9163974,75.7849641,attraction,N/A,2025-01-26,N/A,N/A,Rajasthan
ChIJ7Y-7kmqwbTkRRNgzMJPj874,Eleday (office),26.9178232,75.8120773,attraction,N/A,2025-01-26,N/A,N/A,Rajasthan
ChIJCSKP80yxbTkRAKT8rQW0iOw,Tripolia Gate,26.924051,75.8227631,attraction,N/A,2025-01-26,N/A,N/A,Rajasthan
ChIJNTQf52CxbTkRbha7paIisr0,Elephant with Jaipur | Elephant's Best Sanctuary in Jaipur (Contact By Whatsapp),26.9856675,75.86153019999999,attraction,N/A,2025-01-26,N/A,N/A,Rajasthan
ChIJ98VRB0qwbTkRZLIvn_3NPzk,Amber Fort View,26.9943334,75.858811,attraction,N/A,2025-01-26,N/A,N/A,Rajasthan
ChIJZeXidg6zbTkR6fkZ347Ljn0,Air point,26.9416131,75.7734181,attraction,N/A,2025-01-26,N/A,N/A,Rajasthan
ChIJcYftt1O1bTkRnyw_b-0l7A4,Elephant Fountain,26.8409091,75.8012364,attraction,N/A,2025-01-26,N/A,N/A,Rajasthan
ChIJpQvTG0uxbTkRDLLMHlNdDoY,Hawa Mahal,26.9240458,75.8267144,attraction,N/A,2025-01-26,N/A,N/A,Rajasthan
ChIJRxBhuDizbTkRL7qCBAJZgaE,Arizona tour and travels,26.9245983,75.7883096,attraction,N/A,2025-01-26,N/A,N/A,Rajasthan
ChIJiUw55Gu7bTkRwpsvkRI8Sq0,Elephant Activity In Amer Jaipur Rajasthan,26.9872784,75.9107708,attraction,N/A,2025-01-26,N/A,N/A,Rajasthan
ChIJf2vqXIyxbTkR5cw6FQUo7xc,Heritage Walk jaipur,26.9204385,75.8243402,attraction,N/A,2025-01-26,N/A,N/A,Rajasthan
ChIJs6huw5O1bTkRqK9C1qaqhHw,Woodland Park,26.8403915,75.77868880000001,attraction,N/A,2025-01-26,N/A,N/A,Rajasthan
ChIJlZBMDX62bTkRL3rOyattulc,Smriti Van,26.8736247,75.8119935,attraction,N/A,2025-01-26,N/A,N/A,Rajasthan
ChIJXfHEdkWwbTkRWpQl560eexA,Elephant Joy | The best elephant sanctuary in India,26.9855509,75.8682542,attraction,N/A,2025-01-26,N/A,N/A,Rajasthan
ChIJgeGgFhnJbTkRuWawMsbD-K4,Sheopur Fort,26.8093761,75.8178539,attraction,N/A,2025-01-26,N/A,N/A,Rajasthan
ChIJCw5GJFe7bTkRsmOrpBTcAN4,craft tourism village,26.9951843,75.8758555,attraction,N/A,2025-01-26,N/A,N/A,Rajasthan
ChIJY9Ok1lO1bTkRY3DlfGVk5wU,THE HIDDEN DOOR,26.8365574,75.8030311,attraction,N/A,2025-01-26,N/A,N/A,Rajasthan
ChIJ8Q_bl7-vbTkRTmELvekCIfs,Elephant Rides Fun & Safari,26.9951012,75.883783,attraction,N/A,2025-01-26,N/A,N/A,Rajasthan
ChIJl7rLkBvPbTkRykMOxFMJafo,Chandlai lake,26.6989093,75.8778634,beaches,N/A,2025-01-26,N/A,N/A,Rajasthan
ChIJGSyZHoexbTkRZuCtcfRV9qE,Sagar Lake Amer,26.9903818,75.8471431,beaches,N/A,2025-01-26,N/A,N/A,Rajasthan
ChIJtb1V31dLbDkR-WML1Zopmx0,"Beach""N""Sands The City Club",26.9093534,75.7040659,beaches,N/A,2025-01-26,N/A,N/A,Rajasthan
ChIJsSMjIUa0bTkRuEKiYwMRlA8,Satya Path Park,26.8827929,75.7796171,beaches,N/A,2025-01-26,N/A,N/A,Rajasthan
ChIJSZH6OeK1bTkRpbaNo00oPFI,JDA Public Park,26.8651305,75.78432240000001,beaches,N/A,2025-01-26,N/A,N/A,Rajasthan
ChIJK62SQ4K0bTkRtvYdnMu0RWE,SKYBEACH - ROOFTOP RESTRAUNT LOUNGE & BAR IN JAIPUR,26.9124726,75.7528287,beaches,N/A,2025-01-26,N/A,N/A,Rajasthan
ChIJxVyo7oC2bTkRMJbp0SqUAdA,JAWAHAR KALA KENDRA,26.8763415,75.8091635,beaches,N/A,2025-01-26,N/A,N/A,Rajasthan
ChIJ37d4NzGybTkRxHPo6EfLGU8,Nahargarh Sanctuary,26.9693859,75.7932809,beaches,N/A,2025-01-26,N/A,N/A,Rajasthan
ChIJwbAghgu0bTkRYHt9ATEVgEQ,The City Palace,26.9257943,75.8236714,beaches,N/A,2025-01-26,N/A,N/A,Rajasthan
ChIJAQAAAJS2bTkRWUWQ2VmlhSA,Hotel Rajasthan Palace,26.9008788,75.82113609999999,beaches,N/A,2025-01-26,N/A,N/A,Rajasthan
ChIJnZ4a5i6zbTkR0rZJlv9_0jU,PnG Hotels,26.9497503,75.7219173,beaches,N/A,2025-01-26,N/A,N/A,Rajasthan
ChIJMRhaFZG1bTkRrr8yTMe9K6I,DWARKADAS PARK,26.8406257,75.7755487,beaches,N/A,2025-01-26,N/A,N/A,Rajasthan
ChIJ3QAPb2wrbDkR7WojvtsroEc,Beechi,26.5393158,75.6898727,beaches,N/A,2025-01-26,N/A,N/A,Rajasthan
ChIJM4qve9K5bTkREUa0NcBboPo,The Woods Villa Resort and Restaurant,26.8873122,75.9118277,beaches,N/A,2025-01-26,N/A,N/A,Rajasthan
ChIJL-V8O1q1bTkREKAgUweYT14,Guideindien,26.8883328,75.80056689999999,beaches,N/A,2025-01-26,N/A,N/A,Rajasthan
ChIJq6rOkBm0bTkR3GJxfElgiwo,Gostaytrip.com,26.9006108,75.7973501,beaches,N/A,2025-01-26,N/A,N/A,Rajasthan
ChIJ6bVX2texbTkRRItDMyQoQuk,Jaipur Private Tour/Jaipur Taxi Service/Jaipur sightseeing Tour,26.9285961,75.79078849999999,beaches,N/A,2025-01-26,N/A,N/A,Rajasthan
ChIJHz5MsRW3bTkReoM45JwhLso,Jaipur green farm and nursery,26.8623351,75.8925941,beaches,N/A,2025-01-26,N/A,N/A,Rajasthan
ChIJAQAA1Am2bTkRLMNfiqIbZ8I,Alice Garg National Seashell Museum Jaipur,26.8444057,75.8072292,beaches,N/A,2025-01-26,N/A,N/A,Rajasthan
ChIJ9ZMXe7SzbTkRSbVsi-bbDD4,Fashion Beach,26.95975,75.778475,beaches,N/A,2025-01-26,N/A,N/A,Rajasthan
ChIJnbZawKm1bTkRDWNJ9Sd7A4g,real indian tours,26.9018443,75.744299,beaches,N/A,2025-01-26,N/A,N/A,Rajasthan
ChIJlZSCkfmzbTkRlOguZiauel0,Kantikaanan Park,26.9238032,75.797139,beaches,N/A,2025-01-26,N/A,N/A,Rajasthan
ChIJ57rqvp69RzkRaL_meu3RBV0,Red Sand Holidays,26.9477707,75.73848240000001,beaches,N/A,2025-01-26,N/A,N/A,Rajasthan
ChIJ6SUgkzWzbTkRx4gy2PWwW-k,Triptoocean,26.9148599,75.723778,beaches,N/A,2025-01-26,N/A,N/A,Rajasthan
ChIJJWOhqPGsbTkReFaQbJEIc2A,Eden Garden,27.0671556,75.75572369999999,beaches,N/A,2025-01-26,N/A,N/A,Rajasthan
ChIJ0xqWQuFLbDkRXhCPeSKVz0I,Welcome water park,26.8676013,75.6863269,beaches,N/A,2025-01-26,N/A,N/A,Rajasthan
ChIJgyeXB-i1bTkRGWzJ7G_MgtM,The Tripping Tales,26.8556871,75.79974519999999,beaches,N/A,2025-01-26,N/A,N/A,Rajasthan
ChIJSc5v2HezbTkRdWNSLY4YGYo,Tempo Traveler In Jaipur and cars for sightseeing,26.9250845,75.79993809999999,beaches,N/A,2025-01-26,N/A,N/A,Rajasthan
ChIJ_2F2-nWxbTkRRLZto3ZfWqU,Vamica Tour And Travels,26.989633,75.8634484,beaches,N/A,2025-01-26,N/A,N/A,Rajasthan
ChIJWz9eY521bTkRoso9wJ60Ons,Narendra Tour and Travels,26.9098768,75.73874339999999,beaches,N/A,2025-01-26,N/A,N/A,Rajasthan
ChIJJ8qoD0S3bTkRFG4gw2SgvYo,Trending Vacays,26.7997226,75.8694422,beaches,N/A,2025-01-26,N/A,N/A,Rajasthan
ChIJm4bXF2SzbTkRP_5aEZhPm9k,Guide India Tour,26.9314546,75.7888845,beaches,N/A,2025-01-26,N/A,N/A,Rajasthan
ChIJDVpJHYvJbTkRTw61tdEmmDQ,Dmart Pratapnagar,26.8027748,75.809609,beaches,N/A,2025-01-26,N/A,N/A,Rajasthan
ChIJ33_nYGezbTkR20KUbJ3M-pw,Assorted India Tours,26.9173665,75.7373736,beaches,N/A,2025-01-26,N/A,N/A,Rajasthan
ChIJocBOYge2bTkRgnwtoktaOKk,Lazy Yatra,26.8370994,75.8336442,beaches,N/A,2025-01-26,N/A,N/A,Rajasthan
ChIJ_U1fBl-0bTkRRwtekku4XTk,Times India Travels | India Tours | Luxury Tours | Luxury Group Tours | Rajasthan Tours | Travel Company in India,26.9049604,75.73312179999999,beaches,N/A,2025-01-26,N/A,N/A,Rajasthan
ChIJu3qszQC2bTkRCpQR26PYiwM,RAJDHANI TOURS,26.8335477,75.8089758,beaches,N/A,2025-01-26,N/A,N/A,Rajasthan
ChIJI5xinOW1bTkRAoyNZ_XNXJc,Vishal Mega Mart,26.8768528,75.7731132,beaches,N/A,2025-01-26,N/A,N/A,Rajasthan
ChIJtUsUxKKzbTkR4X10pTiZaWo,D-Mart (Jhotwara),26.9413037,75.7711245,beaches,N/A,2025-01-26,N/A,N/A,Rajasthan
ChIJBwAAlGy2bTkRKp6C72RkACA,Traveon Holidays,26.8372439,75.83328949999999,beaches,N/A,2025-01-26,N/A,N/A,Rajasthan
ChIJjYiTjL23bTkR0-dUe4C14VM,D Mart,26.8494979,75.8265885,beaches,N/A,2025-01-26,N/A,N/A,Rajasthan
ChIJLSp5hvu1bTkRWCk6CYc59ag,The Indian Bucket List,26.9058011,75.7477081,beaches,N/A,2025-01-26,N/A,N/A,Rajasthan
ChIJ0aJ1lwpK3A0RMKri2vy1tOs,The voyage vacation,26.9151833,75.7167434,beaches,N/A,2025-01-26,N/A,N/A,Rajasthan
ChIJK78bjBq1bTkRSPia21Fpn_0,Tours Experts,26.8367526,75.7703966,beaches,N/A,2025-01-26,N/A,N/A,Rajasthan
ChIJU4Rh0B_KbTkRdWWPmAoU84k,Bridgestone Select - Govind Wheel Care,26.8069493,75.8062747,beaches,N/A,2025-01-26,N/A,N/A,Rajasthan
ChIJh7vKNz-1bTkRaTeLWjgREnA,Krikex.Com,26.8451229,75.73113239999999,beaches,N/A,2025-01-26,N/A,N/A,Rajasthan
ChIJCclTqam1bTkR5puf_cApPmo,"Forever 21 - Clothing Store, Malviya Nagar, Jaipur",26.8534586,75.8049616,beaches,N/A,2025-01-26,N/A,N/A,Rajasthan
ChIJ_z_XoQa1bTkRh6H0nD8Ergo,Devshree Holidays,26.8904594,75.8047256,beaches,N/A,2025-01-26,N/A,N/A,Rajasthan
ChIJ0bCNgKu3bTkRY8eJn7kIzHw,European Travel-India,26.8445281,75.8218081,beaches,N/A,2025-01-26,N/A,N/A,Rajasthan
ChIJB4mMbYTJbTkRD4VqyMwhdMs,JUICY BEACH & CAFE,26.7799463,75.847635,beaches,N/A,2025-01-26,N/A,N/A,Rajasthan
ChIJLfw8SwK1bTkRGOt8qhdP1hM,Jaipur by Rahul,26.8790027,75.79072699999999,beaches,N/A,2025-01-26,N/A,N/A,Rajasthan
ChIJWYfUpD-1bTkRN81veKh0DnY,Brand Beach,26.8549445,75.7698369,beaches,N/A,2025-01-26,N/A,N/A,Rajasthan
ChIJ_VRsRCS0bTkRiaKTgLBCwak,Ramansh Tours & Travels,26.8884573,75.7992405,beaches,N/A,2025-01-26,N/A,N/A,Rajasthan
ChIJF6zvdYS0bTkRtnCM2EvjL1c,Sands Restro And Lounge,26.9085852,75.7528343,beaches,N/A,2025-01-26,N/A,N/A,Rajasthan
ChIJd-afO8vJbTkRTdCBD4kdRjo,MHOMES,26.8055374,75.8070951,beaches,N/A,2025-01-26,N/A,N/A,Rajasthan
ChIJ-WYC9m8HbTkR3Fa3_82-A3s,Shree Maleshwer nath waterfall,27.2164411,75.81600929999999,waterfalls,N/A,2025-01-26,N/A,N/A,Rajasthan
ChIJI2TTdB4BbTkRxXZUvgv2U3c,BARWARA-SAMOD Waterfall,27.2282857,75.8029349,waterfalls,N/A,2025-01-26,N/A,N/A,Rajasthan
ChIJwc7V8pe3bTkRYI4hDYu_C2U,Jagatpura / KhoNagoriyan Waterfall,26.8753593,75.8662552,waterfalls,N/A,2025-01-26,N/A,N/A,Rajasthan
ChIJc54-JwC9bTkRqQu9z7n-5mY,Ramgarh waterfall,27.0301909,76.04545190000002,waterfalls,N/A,2025-01-26,N/A,N/A,Rajasthan
ChIJjdoDLCazbTkR16PFWM8Wklo,Papad ke Hanuman Ji Waterfall,26.9681711,75.8032514,waterfalls,N/A,2025-01-26,N/A,N/A,Rajasthan
ChIJ_VUkj3GxbTkRtTiIi-_dcTE,Waterfall,26.958225,75.82393259999999,waterfalls,N/A,2025-01-26,N/A,N/A,Rajasthan
ChIJR8ep6iy3bTkRX_ANTeERsv0,Shree aashavari Mata mandir waterfall,26.8699386,75.8604053,waterfalls,N/A,2025-01-26,N/A,N/A,Rajasthan
ChIJA_tdNba3bTkR5QF5wUEDVP0,Medico seasonal waterfall,26.887245,75.86082499999999,waterfalls,N/A,2025-01-26,N/A,N/A,Rajasthan
ChIJR6G9WDYHbTkRL0l2W50C5-A,Maleshwar Mahadev waterfall,27.2164039,75.8159218,waterfalls,N/A,2025-01-26,N/A,N/A,Rajasthan
ChIJC-3W-r-DbTkRHO6H6FSDzKo,Sagar (K) waterfall,27.1774963,76.2811664,waterfalls,N/A,2025-01-26,N/A,N/A,Rajasthan
ChIJL_qCBQCxbTkRz690ih0j8DI,Waterfall,26.9581731,75.82422729999999,waterfalls,N/A,2025-01-26,N/A,N/A,Rajasthan
ChIJ61FU6jixbTkREASbVkxV5Vs,Prabhat Puri Ka Khola,26.9644125,75.83682809999999,waterfalls,N/A,2025-01-26,N/A,N/A,Rajasthan
ChIJZ9cFTwCxbTkRBllPoQ5kPWQ,Waterfall,26.9649949,75.8368441,waterfalls,N/A,2025-01-26,N/A,N/A,Rajasthan
ChIJC0PXFtAHbTkRv68RyXSTvvQ,Mahit Natural Waterfall,27.2340235,75.82090570000001,waterfalls,N/A,2025-01-26,N/A,N/A,Rajasthan
ChIJrwQMt-S3bTkRMX_bvnqO3ao,Kripal meena,26.8377822,75.871343,waterfalls,N/A,2025-01-26,N/A,N/A,Rajasthan
ChIJvUCNHA-xbTkRom-GihWWGTs,Prabhat Puri Dam,26.9615398,75.8391467,waterfalls,N/A,2025-01-26,N/A,N/A,Rajasthan
ChIJSRianPbbbTkR3W2-_QwmVjw,Water dam chaksu,26.6350837,75.93611299999999,waterfalls,N/A,2025-01-26,N/A,N/A,Rajasthan
ChIJgQ4QypzrbTkRuF_6S5hIiOA,Water fall,26.8413617,76.13407740000001,waterfalls,N/A,2025-01-26,N/A,N/A,Rajasthan
ChIJWQ-GZSaxbTkRD9k1QfDpLOk,Hathni Kund,26.95844,75.8235524,waterfalls,N/A,2025-01-26,N/A,N/A,Rajasthan
ChIJGSyZHoexbTkRZuCtcfRV9qE,Sagar Lake Amer,26.9903818,75.8471431,waterfalls,N/A,2025-01-26,N/A,N/A,Rajasthan
ChIJ3WoQXABHbDkRXAi-x4cy1aw,Boraj Tanwaran waterfall,26.8762609,75.44029929999999,waterfalls,N/A,2025-01-26,N/A,N/A,Rajasthan
ChIJg80mIQBTbDkRlKhrf8zsOzc,JD waterfall,27.0842693,75.6565581,waterfalls,N/A,2025-01-26,N/A,N/A,Rajasthan
ChIJuxSir0ixbTkRMU7RQ0c0GYI,Tal Katora Lake,26.9339258,75.8253321,waterfalls,N/A,2025-01-26,N/A,N/A,Rajasthan
ChIJ-SF4mA11bTkRKnU7rjZjMy8,Amka Waterfall,27.2896683,76.15842219999999,waterfalls,N/A,2025-01-26,N/A,N/A,Rajasthan
ChIJS_EMpzy1bTkRslpxg_uJ6tY,Dravyavati River Front,26.8699691,75.7639768,waterfalls,N/A,2025-01-26,N/A,N/A,Rajasthan
ChIJI_pi7hGxbTkRl4tX2i_MK0Y,Jal Mahal View Point,26.9538723,75.8583212,waterfalls,N/A,2025-01-26,N/A,N/A,Rajasthan
ChIJ6d27eyuxbTkRHtgUMKLUS8Y,Aamer Sagar trek,26.9906659,75.8487481,waterfalls,N/A,2025-01-26,N/A,N/A,Rajasthan
ChIJ6Wuh02CxbTkRI0e9OVktfsA,Kadam kundi Upvan,26.9470523,75.8233502,waterfalls,N/A,2025-01-26,N/A,N/A,Rajasthan
ChIJGahqeMmibTkRt1bErGjuJIs,Jamwa Ramgarh Dam,27.0441189,76.05940670000001,waterfalls,N/A,2025-01-26,N/A,N/A,Rajasthan
ChIJNYsZUeyxbTkRB8jkdwLOKsQ,Nahargadh ki bavdi,26.9383774,75.8151242,waterfalls,N/A,2025-01-26,N/A,N/A,Rajasthan
ChIJw9yS7WmxbTkR6Bpm-Mpd5Dw,Kadamb Kund,26.9458588,75.82356209999999,waterfalls,N/A,2025-01-26,N/A,N/A,Rajasthan
ChIJtdjhZ3-2bTkRDCTGdHdTRmo,Jaldhara,26.8699171,75.80805529999999,waterfalls,N/A,2025-01-26,N/A,N/A,Rajasthan
ChIJr3lGESm3bTkRK825k38M60k,Zanana Kund,26.9173554,75.8571627,waterfalls,N/A,2025-01-26,N/A,N/A,Rajasthan
ChIJcYftt1O1bTkRnyw_b-0l7A4,Elephant Fountain,26.8409091,75.8012364,waterfalls,N/A,2025-01-26,N/A,N/A,Rajasthan
ChIJ_W8DCSuybTkR5KuuXi1MSYc,Balaji Ka Jharna,26.9683012,75.8031395,waterfalls,N/A,2025-01-26,N/A,N/A,Rajasthan
ChIJtc4pEvujbTkRIih26sxIZSw,Ramgarh Dam,27.0456842,76.0600949,waterfalls,N/A,2025-01-26,N/A,N/A,Rajasthan
ChIJEYA5xKu1bTkR3NnWTPvA9N4,Teuram Park,26.8646903,75.7642655,waterfalls,N/A,2025-01-26,N/A,N/A,Rajasthan
ChIJ6XU7vG2xbTkRVs1udqQzHFg,Leopard Point,26.9547952,75.8262151,waterfalls,N/A,2025-01-26,N/A,N/A,Rajasthan
ChIJZ7wiGuixbTkR8DCPpn0s_BU,Sunrise Point,26.9399738,75.8170363,waterfalls,N/A,2025-01-26,N/A,N/A,Rajasthan
ChIJ4aJrhTKybTkRFyecSnXulM0,Papad ke Hanuman Ji Park,26.9670424,75.7946345,waterfalls,N/A,2025-01-26,N/A,N/A,Rajasthan
ChIJWy2whNOxbTkRbpBXd4VtnJQ,Charan mandir trek,26.9487866,75.8237968,waterfalls,N/A,2025-01-26,N/A,N/A,Rajasthan
ChIJ37d4NzGybTkRxHPo6EfLGU8,Nahargarh Sanctuary,26.9693859,75.7932809,waterfalls,N/A,2025-01-26,N/A,N/A,Rajasthan
ChIJBeghdoS1bTkRmmxGdNpi3c8,Patrika Gate,26.841624,75.8013891,waterfalls,N/A,2025-01-26,N/A,N/A,Rajasthan
ChIJrfwKw2e3bTkRRKUNHG0FvdY,Duck Jaipur Selfie point,26.920443,75.84827899999999,waterfalls,N/A,2025-01-26,N/A,N/A,Rajasthan
ChIJ1V_Ucdi1bTkRU28hVbZHydg,Peacock Garden,26.8603993,75.8060508,waterfalls,N/A,2025-01-26,N/A,N/A,Rajasthan
ChIJAXRzvgOxbTkRrlqh_kC0QTU,Kanak Ghati Garden,26.9630355,75.8458912,waterfalls,N/A,2025-01-26,N/A,N/A,Rajasthan
ChIJ-4DD74_JbTkRSHh5CV1Ex4E,Dravyavati botanical park,26.7949918,75.8176921,waterfalls,N/A,2025-01-26,N/A,N/A,Rajasthan
ChIJOeSaeaixbTkRoNIpRXjxLBU,Hathuneshwar Mahadev,26.9583587,75.8232768,waterfalls,N/A,2025-01-26,N/A,N/A,Rajasthan
ChIJkzbjKhm3bTkRNiCT5-dA6vU,Sisodia Rani ka Bagh,26.8994218,75.8587309,waterfalls,N/A,2025-01-26,N/A,N/A,Rajasthan
ChIJvSPdDSm3bTkRby2flNiWZYA,Galta Kund,26.9175801,75.8569796,waterfalls,N/A,2025-01-26,N/A,N/A,Rajasthan
ChIJt11zKNTJbTkRQJ6__6SgQcQ,Mangleshwar Mahadev Mandir,26.8281765,75.8477175,waterfalls,N/A,2025-01-26,N/A,N/A,Rajasthan
ChIJibPbrl-zbTkRz8jiSROHnss,Aravali Mountain Range Jaipur,26.9750739,75.80276289999999,waterfalls,N/A,2025-01-26,N/A,N/A,Rajasthan
ChIJ8275CASxbTkRI6y7FoiCOhk,Kanak Vrindavan Mahal,26.9633998,75.848337,waterfalls,N/A,2025-01-26,N/A,N/A,Rajasthan
ChIJ78nrxyi0bTkRv4qldcNkp6w,Nehru Bal Udyan,26.883344,75.8023328,waterfalls,N/A,2025-01-26,N/A,N/A,Rajasthan
ChIJD8Q6DWuzbTkRRNYn5-MIAGE,Kishan Bagh Sand Dunes Jaipur,26.9589983,75.7946607,waterfalls,N/A,2025-01-26,N/A,N/A,Rajasthan
ChIJNe4dWk8HbTkRWnbRJpof5XE,Samod View Point,27.2189769,75.8161046,waterfalls,N/A,2025-01-26,N/A,N/A,Rajasthan
ChIJW08iRQmxbTkROfEPD59pRKs,Mahadev Temple,26.9641887,75.836773,waterfalls,N/A,2025-01-26,N/A,N/A,Rajasthan
ChIJj_cwjTaybTkRptc20d7I3Lc,Bhuteshwar Mahadev Mandir,26.9710645,75.7870162,waterfalls,N/A,2025-01-26,N/A,N/A,Rajasthan
ChIJlUU0la22bTkRYjOPfx2lY9E,Jaipur Zoo,26.9123097,75.8211759,waterfalls,N/A,2025-01-26,N/A,N/A,Rajasthan
ChIJNfHt442zbTkRNc2nHhb5XTQ,Vidyadhar Nagar Park,26.9657868,75.7774831,parks,N/A,2025-01-26,N/A,N/A,Rajasthan
ChIJMQXJMnvJbTkRVVnHFfiJBqA,Pratap Nagar central park,26.8064976,75.827938,parks,N/A,2025-01-26,N/A,N/A,Rajasthan
ChIJd0w7gUu0bTkRmckSXgCazBk,Parshuram Park,26.8739404,75.7780277,parks,N/A,2025-01-26,N/A,N/A,Rajasthan
ChIJJX-_IJHJbTkRtl7fcfjt3qk,Ajay Park,26.7977433,75.8231742,parks,N/A,2025-01-26,N/A,N/A,Rajasthan
ChIJRZoG38K3bTkR7U0p7FNqFLE,"Public Park, Sector 12, Indira Gandhi Nagar",26.8472887,75.87388,parks,N/A,2025-01-26,N/A,N/A,Rajasthan
ChIJvZqD07bJbTkR_AcXYkpJWto,City Park,26.8029618,75.84507479999999,parks,N/A,2025-01-26,N/A,N/A,Rajasthan
ChIJD3ePbA2zbTkRR1lz_nQCF2k,Sahid Mangej Singh Park,26.9391476,75.75015429999999,parks,N/A,2025-01-26,N/A,N/A,Rajasthan
ChIJZd2ymLa1bTkRgPfQ3wEUfz8,Agastya Park,26.8651455,75.7792084,parks,N/A,2025-01-26,N/A,N/A,Rajasthan
ChIJRwDIyBa1bTkRxrMHJmjGFHM,Indraprasth park,26.9097099,75.7333936,parks,N/A,2025-01-26,N/A,N/A,Rajasthan
ChIJOwWuQbC1bTkRECyavUjl-XU,landscape park,26.8604867,75.7736931,parks,N/A,2025-01-26,N/A,N/A,Rajasthan
ChIJNTL3eJC1bTkRcndEFBnnj4A,Samudayik Kendra Park,26.8380589,75.7721612,parks,N/A,2025-01-26,N/A,N/A,Rajasthan
ChIJY7O-aAm2bTkRVl9wGWSXMcE,Jhulelal Park,26.8446268,75.8109724,parks,N/A,2025-01-26,N/A,N/A,Rajasthan
ChIJFRxdTgG1bTkRkW9kHSVtWCw,Parshuram Park janopyogi bhawan,26.8633566,75.75539479999999,parks,N/A,2025-01-26,N/A,N/A,Rajasthan
ChIJZ-tzVcC2bTkR9ECFBU-Pljs,Kohinoor Park,26.9023405,75.83290459999999,parks,N/A,2025-01-26,N/A,N/A,Rajasthan
ChIJywm8SpS1bTkRTbjh--I_gO4,Dr. B. R. Ambedkar Park,26.8807199,75.78096719999999,parks,N/A,2025-01-26,N/A,N/A,Rajasthan
ChIJTdq5Ud21bTkRZEpHOq0UmXk,Mahima Park,26.889452,75.77340029999999,parks,N/A,2025-01-26,N/A,N/A,Rajasthan
ChIJM6z1VpC1bTkRCosHJ8Miub8,Park- Mansarovar,26.8386237,75.7744719,parks,N/A,2025-01-26,N/A,N/A,Rajasthan
ChIJPwVrLU6ybTkRHoLPV5G8FXM,Smriti Park,26.9715423,75.7742032,parks,N/A,2025-01-26,N/A,N/A,Rajasthan
ChIJl6MhI9VMbDkRiX91NQrk4-M,Kardhani Central Park,26.9540062,75.7132596,parks,N/A,2025-01-26,N/A,N/A,Rajasthan
ChIJK5A4krvJbTkR6ZvXBEr48K0,Sector 19 Park Ayvd,26.8002079,75.83681279999999,parks,N/A,2025-01-26,N/A,N/A,Rajasthan
ChIJa7wYu0mybTkRYkA9JSKiqys,Vidhyadhar Nagar Park,26.9711532,75.78157379999999,parks,N/A,2025-01-26,N/A,N/A,Rajasthan
ChIJ_3DynQm2bTkRbAR6xmx3Ges,Park- Malviya Nagar,26.8442874,75.80983660000001,parks,N/A,2025-01-26,N/A,N/A,Rajasthan
ChIJJ-TqVPq0bTkRtOk4UMLVStM,Mansarovar - Park,26.8769553,75.7519504,parks,N/A,2025-01-26,N/A,N/A,Rajasthan
ChIJm4Qph8K1bTkR-4ARd36ffKw,Durga Park,26.8496907,75.7925497,parks,N/A,2025-01-26,N/A,N/A,Rajasthan
ChIJs6huw5O1bTkRqK9C1qaqhHw,Woodland Park,26.8403915,75.77868880000001,parks,N/A,2025-01-26,N/A,N/A,Rajasthan
ChIJh1lTvcSzbTkR4EA2FtQvJEo,Mayur Park,26.9481348,75.793855,parks,N/A,2025-01-26,N/A,N/A,Rajasthan
ChIJ04ZRN0axbTkRDj6InPyUdMM,Pondrik Park,26.9347598,75.8255282,parks,N/A,2025-01-26,N/A,N/A,Rajasthan
ChIJ8SnAS2uzbTkR3uuQ0euaMs0,Parshuram Park,26.9571741,75.7859324,parks,N/A,2025-01-26,N/A,N/A,Rajasthan
ChIJa8fkBJa0bTkRgdrnHdQvtaE,JDA Park Shalimar Bagh,26.89615,75.7376654,parks,N/A,2025-01-26,N/A,N/A,Rajasthan
ChIJWzeSzJbJbTkRlnw9svUwxZQ,Kalp -Vriksh Park,26.7987952,75.8244702,parks,N/A,2025-01-26,N/A,N/A,Rajasthan
ChIJV5p51Yi1bTkR-NhRFbVYkdo,Ricco Industrial Area Park,26.8350671,75.7782771,parks,N/A,2025-01-26,N/A,N/A,Rajasthan
ChIJVZKGIua2bTkR5iThkhG--hs,Chandra Shekhar Park,26.8962664,75.8424105,parks,N/A,2025-01-26,N/A,N/A,Rajasthan
ChIJlVJ7z_TJbTkRK3qfnl8GKtQ,Park,26.8057355,75.81075919999999,parks,N/A,2025-01-26,N/A,N/A,Rajasthan
ChIJXRtbbf65bTkRT2T1VUTjWNE,Pink city park,26.864655,75.9075421,parks,N/A,2025-01-26,N/A,N/A,Rajasthan
ChIJnWN2PwC1bTkRLu9sMOJ0OFg,Krishna Sagar Colony Park,26.8380904,75.7510607,parks,N/A,2025-01-26,N/A,N/A,Rajasthan
ChIJ1zNEs0izbTkR8rxynoKex4s,Maharana Pratap Park,26.9350396,75.749907,parks,N/A,2025-01-26,N/A,N/A,Rajasthan
ChIJI9tPzA62bTkR95c95lCYSXQ,park 15 sector,26.8440338,75.8130103,parks,N/A,2025-01-26,N/A,N/A,Rajasthan
ChIJ4Yo9spq1bTkRAr5ERVy3nvw,Max Park,26.8358978,75.7712147,parks,N/A,2025-01-26,N/A,N/A,Rajasthan
ChIJaZPW_g22bTkR6fVx0nWlG9A,Phool Wala Park malviya nagar,26.8464634,75.81833089999999,parks,N/A,2025-01-26,N/A,N/A,Rajasthan
ChIJ1w2R9EW1bTkRxZV19AGBAXA,Vinayak Park,26.8557832,75.7713692,parks,N/A,2025-01-26,N/A,N/A,Rajasthan
ChIJaQDS_Aa0bTkRyqOZtEihagg,Appu Ghar,27.0542779,75.8396042,parks,N/A,2025-01-26,N/A,N/A,Rajasthan
ChIJ78nrxyi0bTkRv4qldcNkp6w,Nehru Bal Udyan,26.883344,75.8023328,parks,N/A,2025-01-26,N/A,N/A,Rajasthan
ChIJV9GWIae2bTkR3tu5UFSOwk0,Central Park,26.9049037,75.8087219,parks,N/A,2025-01-26,N/A,N/A,Rajasthan
ChIJZSTynyKzbTkRNXsvlNMI5ag,Rahmaniya Park,26.9488822,75.7370582,parks,N/A,2025-01-26,N/A,N/A,Rajasthan
ChIJA4jxf7PJbTkRheHtSAjjgkw,Sec 23 park,26.8170385,75.8455693,parks,N/A,2025-01-26,N/A,N/A,Rajasthan
ChIJHxZq13K0bTkRIlivtRXZT7Q,Civil Lines Park,26.9085827,75.7830044,parks,N/A,2025-01-26,N/A,N/A,Rajasthan
ChIJEZg8fe22bTkR18J6-TtG8eA,Shri Pursanaram Park,26.887288,75.8317083,parks,N/A,2025-01-26,N/A,N/A,Rajasthan
ChIJAXCRwOq2bTkRSuWBFMRKh9E,Dashera Maidan Park,26.897869,75.8313653,parks,N/A,2025-01-26,N/A,N/A,Rajasthan
ChIJOzF8jfK2bTkRxr9BWfshCf0,Maharaja Agarsen Park,26.8863254,75.8326793,parks,N/A,2025-01-26,N/A,N/A,Rajasthan
ChIJj_oiv961bTkRo2Qnr9CB6nk,CityPark Jaipur,26.8598066,75.764403,parks,N/A,2025-01-26,N/A,N/A,Rajasthan
ChIJ5T7urnbKbTkRXBini4-xtDQ,JDA Park,26.8194113,75.77735129999999,parks,N/A,2025-01-26,N/A,N/A,Rajasthan
ChIJ7dt0DbOzbTkRq9_cj805VKo,Ganesh Park,26.9605391,75.77578419999999,parks,N/A,2025-01-26,N/A,N/A,Rajasthan
ChIJ409TiGu0bTkR88diagSNAWE,Niranjan Samriti Park,26.8997255,75.7798468,parks,N/A,2025-01-26,N/A,N/A,Rajasthan
ChIJH7oLETW1bTkRr_dYotftuBA,Valmiki Park,26.8633781,75.7787907,parks,N/A,2025-01-26,N/A,N/A,Rajasthan
ChIJw3ngcdzJbTkRaBpkCv5WJ1E,Pratap Nagar First park,26.8040622,75.83227289999999,parks,N/A,2025-01-26,N/A,N/A,Rajasthan
ChIJXQdpwcO1bTkRxzF93-PaUyw,Park ... Shivaji Block,26.8531731,75.7906199,parks,N/A,2025-01-26,N/A,N/A,Rajasthan
ChIJJWH59hm1bTkRqex0sG8Ny2I,Baba Ramdev Park,26.8448246,75.7749645,parks,N/A,2025-01-26,N/A,N/A,Rajasthan
ChIJgycLL4K1bTkRoeB3erGEZMc,DADUDAYAL PUBLIC PARK,26.8293625,75.7626338,parks,N/A,2025-01-26,N/A,N/A,Rajasthan
ChIJUUcdNGGzbTkRw90SalmEmWA,Children's Park,26.9186641,75.741114,parks,N/A,2025-01-26,N/A,N/A,Rajasthan
ChIJ62blEo63bTkRHjyrlHhumMY,Sector 3 Park,26.8459587,75.8178011,parks,N/A,2025-01-26,N/A,N/A,Rajasthan
ChIJkVFxzji3bTkRMQLn56gcDnw,Central Museum Of Jaipur,26.912027,75.81995810000001,museum,N/A,2025-01-26,N/A,N/A,Rajasthan
ChIJgYOTXAC3bTkRp0II8TECXOo,Albert Hall Museum View point,26.9122385,75.8196826,museum,N/A,2025-01-26,N/A,N/A,Rajasthan
ChIJKXwKvq22bTkRc75ndchVbZU,Shree Sanjay Sharma Museum & Research Institute,26.9557113,75.8423834,museum,N/A,2025-01-26,N/A,N/A,Rajasthan
ChIJ6ZYbFhK5bTkRQC787jnimHA,Kanota Museum,26.8703745,75.9498905,museum,N/A,2025-01-26,N/A,N/A,Rajasthan
ChIJwZjuf5_JbTkRckclkR3DtZY,Gyan Museum,26.7868794,75.8297486,museum,N/A,2025-01-26,N/A,N/A,Rajasthan
ChIJHRZTOrC2bTkRLpBy4kFJGlw,Department of Archaeology and Museums,26.9118281,75.8195549,museum,N/A,2025-01-26,N/A,N/A,Rajasthan
ChIJDYsOV0mxbTkRgv-VoX2oB1o,Maharaja Sawai Man Singh II Museum,26.9264111,75.8233599,museum,N/A,2025-01-26,N/A,N/A,Rajasthan
ChIJJTH_wqK2bTkROfdwVZy6KHA,Dolls Museum,26.9003345,75.817227,museum,N/A,2025-01-26,N/A,N/A,Rajasthan
ChIJSTr0NwG0bTkRFSj6wltYcPY,Amrapali Museum,26.9151717,75.801805,museum,N/A,2025-01-26,N/A,N/A,Rajasthan
ChIJ_eweELGxbTkRXH6_NK9jUpQ,Jaigarh Fort Museum,26.9850363,75.84552149999999,museum,N/A,2025-01-26,N/A,N/A,Rajasthan
ChIJw1BujlyxbTkRlufvmwfJwO4,Jaipur Wax Museum Nahargarh Fort,26.9391796,75.81627449999999,museum,N/A,2025-01-26,N/A,N/A,Rajasthan
ChIJ-d-PZwSxbTkR_zdc2lp0FAo,Jaipur Museum of Indian Art,26.9619573,75.8461629,museum,N/A,2025-01-26,N/A,N/A,Rajasthan
ChIJY--vUgfLbTkRNq0LQhzJdSg,"JAIPUR METRO ART GALLERY,(MUSEUM OF SCULPTURAL ART RAJASTHAN)",26.9246854,75.8185642,museum,N/A,2025-01-26,N/A,N/A,Rajasthan
ChIJPZAvVz61bTkRcXH7Cj9LpXs,Mahatma Gandhi Museum,26.8740805,75.8002899,museum,N/A,2025-01-26,N/A,N/A,Rajasthan
ChIJ54ivmwizbTkRpZtMkIgfZ10,Pump House Museum,26.938909,75.7839595,museum,N/A,2025-01-26,N/A,N/A,Rajasthan
ChIJ2fs8d7WxbTkRnv1e7pWoFuI,Anokhi Museum,26.9927079,75.8507774,museum,N/A,2025-01-26,N/A,N/A,Rajasthan
ChIJAQAA1Am2bTkRLMNfiqIbZ8I,Alice Garg National Seashell Museum Jaipur,26.8444057,75.8072292,museum,N/A,2025-01-26,N/A,N/A,Rajasthan
ChIJXyn5OrC2bTkRaGk8EzNDuwU,Albert Hall Museum,26.9115849,75.81941200000001,museum,N/A,2025-01-26,N/A,N/A,Rajasthan
ChIJB8AhoeezbTkRj7TWKbShqL4,Regional Science Centre And Science Park,26.9411721,75.79733689999999,museum,N/A,2025-01-26,N/A,N/A,Rajasthan
ChIJLemTnXXJbTkRcVfwP-52xA4,Maharana _Pratap Statue,26.8118868,75.8335206,museum,N/A,2025-01-26,N/A,N/A,Rajasthan
ChIJU2onVayxbTkRsQZWurs8hLQ,Pratap Celebrity Wax Museum Jaipur,26.941028,75.83763130000001,museum,N/A,2025-01-26,N/A,N/A,Rajasthan
ChIJwbAghgu0bTkRYHt9ATEVgEQ,The City Palace,26.9257943,75.8236714,museum,N/A,2025-01-26,N/A,N/A,Rajasthan
ChIJx0lfsbGxbTkRgVOhxJ7EGbw,Jaigarh Fort,26.9816052,75.8447917,museum,N/A,2025-01-26,N/A,N/A,Rajasthan
ChIJ09sCIEqxbTkRyPBabAZDglw,Gemstone Ganesh Museum,26.9287838,75.8286643,museum,N/A,2025-01-26,N/A,N/A,Rajasthan
ChIJczidHB-1bTkRcrEGS_i9NOE,MOMH: Museum of Meenakari Heritage,26.9054097,75.79418989999999,museum,N/A,2025-01-26,N/A,N/A,Rajasthan
ChIJxVyo7oC2bTkRMJbp0SqUAdA,JAWAHAR KALA KENDRA,26.8763415,75.8091635,museum,N/A,2025-01-26,N/A,N/A,Rajasthan
ChIJr7RfalOxbTkRZAGGekRc9vc,Deenbandhu Moorti Museum,26.9240655,75.8139338,museum,N/A,2025-01-26,N/A,N/A,Rajasthan
ChIJr5WqgluxbTkRCz3_C1gMk4E,The Sculpture Park at Madhavendra Palace,26.937962,75.8161161,museum,N/A,2025-01-26,N/A,N/A,Rajasthan
ChIJd-O4hPBJbDkRsUkP0VSQyXg,Titanwala museum,26.8112475,75.5451549,museum,N/A,2025-01-26,N/A,N/A,Rajasthan
ChIJKRkaOH6xbTkRRMF_gbkfasU,Armoury museum,26.9262154,75.8234992,museum,N/A,2025-01-26,N/A,N/A,Rajasthan
ChIJE2DJdJSxbTkRKeMEEZBTDS4,Khazana Mahal Jaipur,26.955239,75.83677,museum,N/A,2025-01-26,N/A,N/A,Rajasthan
ChIJv0EWWgC1bTkR0mXKv7dlXm0,Digital Museum Rajasthan Assembly,26.8918743,75.7975544,museum,N/A,2025-01-26,N/A,N/A,Rajasthan
ChIJwYcqmgW3bTkRFtFpOluNt78,Vaibhav Sculptures Studio Pvt Ltd,26.8577205,75.8321984,museum,N/A,2025-01-26,N/A,N/A,Rajasthan
ChIJ77nxSwC1bTkR2QB0mc-exNk,Vishnu Moorti Kala Centre,26.8818485,75.7737491,museum,N/A,2025-01-26,N/A,N/A,Rajasthan
ChIJDXSFGF9NbDkRg_Be5SCgrtI,1979 MUSEUM,26.9086022,75.69912769999999,museum,N/A,2025-01-26,N/A,N/A,Rajasthan
ChIJ5aNLWtS1bTkRlNb555NRwc4,Mool Foundation,26.8704605,75.803271,museum,N/A,2025-01-26,N/A,N/A,Rajasthan
ChIJlQ2_bFOxbTkR8KJVX3kiMbM,Shri Ramchandra Moorti Museum,26.9225426,75.8140877,museum,N/A,2025-01-26,N/A,N/A,Rajasthan
ChIJLRLzkbW3bTkR_c5wTjdrBBU,GANDHI VATIKA,26.9030637,75.81074400000001,museum,N/A,2025-01-26,N/A,N/A,Rajasthan
ChIJfQcZZEqxbTkRcssANdvXKrE,Water Palace,26.9533892,75.84639059999999,museum,N/A,2025-01-26,N/A,N/A,Rajasthan
ChIJubOq1Ym1bTkRr7lsksNAxak,Bhomiya Murti Museum,26.8816114,75.77384459999999,museum,N/A,2025-01-26,N/A,N/A,Rajasthan
ChIJ______DWbTkRKBh-Zgv9Lws,तामडिंया भैरुजी,26.5165213,75.8388698,museum,N/A,2025-01-26,N/A,N/A,Rajasthan
ChIJVVVlckyxbTkRKYZj4zKU__E,Mubarak Mahal City Palace,26.9257401,75.8236617,museum,N/A,2025-01-26,N/A,N/A,Rajasthan
ChIJE8ElaQC3bTkR-gGtpvheMtc,Albert hall Jaipur,26.9082063,75.8156819,museum,N/A,2025-01-26,N/A,N/A,Rajasthan
ChIJrxw6VWCxbTkRRwvApYlsr0g,Jai Prakash Yantra Jantarmantar observatory,26.9247798,75.8243378,museum,N/A,2025-01-26,N/A,N/A,Rajasthan
ChIJt7T7iRqxbTkRZ7vFTtg-4xo,Kashmir Carpet Museum KCM,26.9559688,75.8430933,museum,N/A,2025-01-26,N/A,N/A,Rajasthan
ChIJ2XXkN12nbTkRZt3R04TWifA,Vatsalya Science Centre,27.1576562,75.9773537,museum,N/A,2025-01-26,N/A,N/A,Rajasthan
ChIJbzQXFwCxbTkRO_oPq6iFiLE,Kanha Moorti Kala Kendra,26.9219039,75.8127794,museum,N/A,2025-01-26,N/A,N/A,Rajasthan
ChIJucLxj1yxbTkRCMTiivJxjKI,Sheesh Mahal,26.9389417,75.8162675,museum,N/A,2025-01-26,N/A,N/A,Rajasthan
ChIJGZ09ZstNbDkRuPqsY5_5_y4,Khushal Murti Kala Kendra,26.9468262,75.7083694,museum,N/A,2025-01-26,N/A,N/A,Rajasthan
ChIJM6T9YFuxbTkRtcL1Bg5y9io,Sanjay Moorti Art Jaipur,26.9173758,75.81085399999999,museum,N/A,2025-01-26,N/A,N/A,Rajasthan
ChIJW_zmg1OxbTkRSr8tymLI2xM,Ramu Moorti Art,26.9247068,75.8126743,museum,N/A,2025-01-26,N/A,N/A,Rajasthan
ChIJgzmjry6xbTkRQVKRnoML1-s,Gautam stone art,26.921736,75.8116919,museum,N/A,2025-01-26,N/A,N/A,Rajasthan
ChIJn9V5nuezbTkRXdwGAzAmnxA,Technology park,26.9410534,75.79804949999999,museum,N/A,2025-01-26,N/A,N/A,Rajasthan
ChIJQRr-fFOxbTkRN_0IIkMev9g,avyukta arts,26.9228716,75.81289319999999,museum,N/A,2025-01-26,N/A,N/A,Rajasthan
ChIJqbG72d7LbTkR6pJMj68QB1E,Kapish bulder,26.8039462,75.7740827,museum,N/A,2025-01-26,N/A,N/A,Rajasthan
ChIJ0_abtDK1bTkRVAGKzZCMbZo,Mohammed zaheeruddin Babar Azam,26.9124395,75.7902306,museum,N/A,2025-01-26,N/A,N/A,Rajasthan
ChIJL9q9yPG3bTkRzsDnltN8Oho,Rukamani Devi Statue,26.892345,75.8151014,museum,N/A,2025-01-26,N/A,N/A,Rajasthan
ChIJU5ocRABLbDkRRg2Ue-kVN3I,Nothing,26.8863143,75.6944999,museum,N/A,2025-01-26,N/A,N/A,Rajasthan
ChIJZemHDwCxbTkRczEl6DGbnuE,Arjun Murti museum,26.9210147,75.8127018,museum,N/A,2025-01-26,N/A,N/A,Rajasthan
ChIJd7cCN8JVbDkRrOoOEUFbXw4,Bharu Ji Ka Mandir,27.1040957,75.6325067,museum,N/A,2025-01-26,N/A,N/A,Rajasthan
ChIJkyMtAZj9mzkRaoBOt-oejR4,Chhatar Manzil,26.8587412,80.93198819999999,attraction,N/A,2025-01-26,N/A,N/A,Uttar Pradesh
ChIJ7aPnhNf9mzkRuXLOjuRDfu4,Butterfly Park,26.844018,80.9521379,attraction,N/A,2025-01-26,N/A,N/A,Uttar Pradesh
ChIJi0aO8KL9mzkR_F3HD9mQ1Zo,"Victoria Memorial, Lucknow",26.856496,80.93411619999999,attraction,N/A,2025-01-26,N/A,N/A,Uttar Pradesh
ChIJOSU1IotXmTkRNVCz34FjlBA,Kukrail Picnic Spot Phase II,26.9100659,80.9837943,attraction,N/A,2025-01-26,N/A,N/A,Uttar Pradesh
ChIJ0UP2RwDjmzkRJq6lqpDAkLk,CG City Wetland,26.8051576,81.0215116,attraction,N/A,2025-01-26,N/A,N/A,Uttar Pradesh
ChIJw8Ld2pf9mzkR8ZD5-jnpuZE,AKBARI GATE,26.8600267,80.9060837,attraction,N/A,2025-01-26,N/A,N/A,Uttar Pradesh
ChIJ656vf-f8mzkRQ2CvmDKPEmw,Dilkusha Kothi,26.8286451,80.9647322,attraction,N/A,2025-01-26,N/A,N/A,Uttar Pradesh
ChIJKcOJ3cL9mzkRdkrkpeZhFJ8,Nadan Mahal,26.8545652,80.9108868,attraction,N/A,2025-01-26,N/A,N/A,Uttar Pradesh
ChIJm8Kphfn9mzkRCkTJ5Sx0xj8,Picture Gallery,26.8750246,80.9075371,attraction,N/A,2025-01-26,N/A,N/A,Uttar Pradesh
ChIJOc0_SOT9mzkRLHs_A5z32GQ,Clock Tower Pond,26.8745933,80.9073303,attraction,N/A,2025-01-26,N/A,N/A,Uttar Pradesh
ChIJwVcERRz9mzkRSXYUjLtp7uM,Lucknow Zoo Paddle Boating,26.8466541,80.9561885,attraction,N/A,2025-01-26,N/A,N/A,Uttar Pradesh
ChIJmaJsdaP9mzkRVE1OL49w4TU,Mushir Zadi tomb,26.8541551,80.9345167,attraction,N/A,2025-01-26,N/A,N/A,Uttar Pradesh
ChIJ-9HuMwb9mzkRooTnQsDTimU,"Victorian Walk by Tornos, Lucknow",26.8466791,80.9459443,attraction,N/A,2025-01-26,N/A,N/A,Uttar Pradesh
ChIJg7m3oPL9mzkRWyzROM-OZQE,Gautam Buddha Park,26.869059,80.91966,attraction,N/A,2025-01-26,N/A,N/A,Uttar Pradesh
ChIJuSjwLPVXmTkRhkuFNmjsNbY,Kukrail Gharial Park,26.9102567,80.9878627,attraction,N/A,2025-01-26,N/A,N/A,Uttar Pradesh
ChIJF4U7RQr9mzkRQ-lKJg1dKJs,I Love Lucknow Spot,26.8503889,80.9669041,attraction,N/A,2025-01-26,N/A,N/A,Uttar Pradesh
ChIJrRtXxZb9mzkRXyXMSmNr2Jw,Shaheed Smarak,26.8633234,80.9283504,attraction,N/A,2025-01-26,N/A,N/A,Uttar Pradesh
ChIJ47t-vj39mzkRHlYUI9k5yEM,Musical Fountain,26.853061,80.966539,attraction,N/A,2025-01-26,N/A,N/A,Uttar Pradesh
ChIJRzk_B7wEnDkRVsUceY1rE2E,Kothi Bagh,26.7529375,80.6494375,attraction,N/A,2025-01-26,N/A,N/A,Uttar Pradesh
ChIJqRd9pJv9mzkRLzK-ZI1qJOo,Hathi Deergha,26.8466308,80.9745209,attraction,N/A,2025-01-26,N/A,N/A,Uttar Pradesh
ChIJy-dhS_f9mzkRmtbQQH4Pz1g,Kudiya Ghaat Park,26.8748123,80.9108265,attraction,N/A,2025-01-26,N/A,N/A,Uttar Pradesh
ChIJA_Ht6fL7mzkRYhkKwK8vsGs,Eco Park,26.77779,80.91932299999999,attraction,N/A,2025-01-26,N/A,N/A,Uttar Pradesh
ChIJGXfvde79mzkR1C7vXwHhrAE,Historical Baradari,26.846596,80.95403499999999,attraction,N/A,2025-01-26,N/A,N/A,Uttar Pradesh
ChIJ-SNQsm_9mzkRuwZNZjfLtz8,Bibiapur Kothi,26.822257,80.981846,attraction,N/A,2025-01-26,N/A,N/A,Uttar Pradesh
ChIJV342vw39mzkRCC0OUPx8xD4,Sikandar Bagh,26.8556024,80.9523928,attraction,N/A,2025-01-26,N/A,N/A,Uttar Pradesh
ChIJ4wf16aL9mzkRfgeIJk6jTVE,Globe Park,26.8570602,80.9332189,attraction,N/A,2025-01-26,N/A,N/A,Uttar Pradesh
ChIJR5e0IO79mzkRFQd2QdeIvCw,Shahi Bauli Stepwell,26.8689678,80.9134128,attraction,N/A,2025-01-26,N/A,N/A,Uttar Pradesh
ChIJlSFtq6T9mzkRXfUj8eq1v2g,Safed Baradari,26.8522811,80.93190659999999,attraction,N/A,2025-01-26,N/A,N/A,Uttar Pradesh
ChIJK7HMZPn9mzkR36J9ozSM3tQ,Satkhanda,26.8749971,80.90597319999999,attraction,N/A,2025-01-26,N/A,N/A,Uttar Pradesh
ChIJGXRGS9rjmzkRIR81EDhVB90,Indira Canal Aqueduct,26.8291903,81.0685685,attraction,N/A,2025-01-26,N/A,N/A,Uttar Pradesh
ChIJWbvwGgb9mzkRcuGiafKK-oY,Gomthi river side view,26.8530537,80.97307789999999,attraction,N/A,2025-01-26,N/A,N/A,Uttar Pradesh
ChIJDa4TkqLjmzkRLx5EKyX99Ys,Nritya Mudraye Side walk,26.8284342,80.99719859999999,attraction,N/A,2025-01-26,N/A,N/A,Uttar Pradesh
ChIJx7kSqLn9mzkRD3z-tAHK_SY,Marine Drive,26.8496456,80.97211510000001,attraction,N/A,2025-01-26,N/A,N/A,Uttar Pradesh
ChIJ4XgeL7v9mzkRBtalDLORDTo,"Gomtinagar fort park, Lucknow",26.8467024,80.97121229999999,attraction,N/A,2025-01-26,N/A,N/A,Uttar Pradesh
ChIJ17XY6WD9mzkRU5JKbLxeAww,Toy Train Station,26.8452937,80.95209229999999,attraction,N/A,2025-01-26,N/A,N/A,Uttar Pradesh
ChIJOYmg9mL9mzkRcp_bvzi26cg,I Love Lucknow Spot - English,26.8513586,80.9322634,attraction,N/A,2025-01-26,N/A,N/A,Uttar Pradesh
ChIJoZlrE6P9mzkRQkttUyK8Tkc,Maqbara (Tomb) of Saadat Ali Khan,26.8544274,80.93358769999999,attraction,N/A,2025-01-26,N/A,N/A,Uttar Pradesh
ChIJq2Bsu5P9mzkR_w_QWBijbNQ,Suraj Kund Park,26.8658243,80.92417209999999,attraction,N/A,2025-01-26,N/A,N/A,Uttar Pradesh
ChIJ-2CTU89XmTkRwvpQ-QJjTOE,Bada Park,26.900474,80.953538,attraction,N/A,2025-01-26,N/A,N/A,Uttar Pradesh
ChIJN5tXy0_jmzkRzeK03GeyDTg,4wheels,26.8559241,81.0092454,attraction,N/A,2025-01-26,N/A,N/A,Uttar Pradesh
ChIJ5cJbFQ77mzkRdiYa2ztidIQ,Kalindi Van Park,26.7594205,80.9523494,attraction,N/A,2025-01-26,N/A,N/A,Uttar Pradesh
ChIJ2RNmOr0VnDkRTcvEjRn3vBc,Welcome to unnao point,26.5403404,80.4780329,attraction,N/A,2025-01-26,N/A,N/A,Uttar Pradesh
ChIJZXurn49XmTkRrJLx7KNj1r8,Pathak tiraha,26.9017433,80.919955,attraction,N/A,2025-01-26,N/A,N/A,Uttar Pradesh
ChIJe1j8Aq7_mzkRB6xhPO6BZnw,Sunset view point,26.8324611,80.8194091,attraction,N/A,2025-01-26,N/A,N/A,Uttar Pradesh
ChIJt4T3I8dXmTkRG4wBUCdsfDc,Sparrow Conservation Center,26.909996,80.979019,attraction,N/A,2025-01-26,N/A,N/A,Uttar Pradesh
ChIJx8SrRgD9mzkRwvItKUspLcs,Selfie Point,26.8330383,80.98483060000001,attraction,N/A,2025-01-26,N/A,N/A,Uttar Pradesh
ChIJO1FrjXT9mzkRBivK7Znxnpg,Birdhouse Lucknow Zoo,26.844568,80.9518475,attraction,N/A,2025-01-26,N/A,N/A,Uttar Pradesh
ChIJfTeaEKnjmzkRDFL_GWkeF7s,Bande Dam,26.835103,80.992272,attraction,N/A,2025-01-26,N/A,N/A,Uttar Pradesh
ChIJO4nLAQD9mzkR-_kRQ1ifpno,I ️ KGMU Spot,26.869167,80.9167454,attraction,N/A,2025-01-26,N/A,N/A,Uttar Pradesh
ChIJi9Iel0PpmzkRxBOfZodfQYE,Selfie Point,26.6791815,81.1049081,attraction,N/A,2025-01-26,N/A,N/A,Uttar Pradesh
ChIJfzsOLxv9mzkRVLOO7JfRJ9w,Raj Hansa Aircraft,26.8448327,80.9545237,attraction,N/A,2025-01-26,N/A,N/A,Uttar Pradesh
ChIJi1guUvD9mzkR4-yW2xILN7I,Rumi Darwaza,26.8712477,80.9121431,attraction,N/A,2025-01-26,N/A,N/A,Uttar Pradesh
ChIJgc0i85L9mzkRDTa_c93QmuU,Haathi Park,26.8681434,80.92257959999999,attraction,N/A,2025-01-26,N/A,N/A,Uttar Pradesh
ChIJ7W2l2Br9mzkRYV_mZCaO7MQ,State Museum Lucknow,26.8453247,80.9550271,attraction,N/A,2025-01-26,N/A,N/A,Uttar Pradesh
ChIJkd69y9b9mzkRnfHzkfNwrPA,Parivartan Chok Out Sid Lucknow,26.8551617,80.93584609999999,attraction,N/A,2025-01-26,N/A,N/A,Uttar Pradesh
ChIJx1cwdwD9mzkRppGHpTa3miQ,Ashok Vatika Marg,26.8621958,80.9365308,attraction,N/A,2025-01-26,N/A,N/A,Uttar Pradesh
ChIJqfh9sRv9mzkRBUERYe1Un20,Diljale Kothi,26.862079,80.9122227,attraction,N/A,2025-01-26,N/A,N/A,Uttar Pradesh
ChIJ7dkE3L79mzkRX4296Zku1H8,Maqbara Aaliya,26.853267,80.9239156,attraction,N/A,2025-01-26,N/A,N/A,Uttar Pradesh
ChIJe_JHe-f_mzkR6Org54RV3g4,Pawan Nana ka ghar,26.795726,80.8936674,attraction,N/A,2025-01-26,N/A,N/A,Uttar Pradesh
ChIJq0odSuX8mzkR6NnGoalu_J4,Kasturba Gandhi Park,26.8259796,80.95429299999999,attraction,N/A,2025-01-26,N/A,N/A,Uttar Pradesh
ChIJnxkYmiH9mzkRsqJZndBtxaU,Rosea Park,26.8421766,80.96715689999999,beaches,N/A,2025-01-26,N/A,N/A,Uttar Pradesh
ChIJ9WEn_Wb9mzkRuND5wjYRl-o,River front 2 (Marbel View),26.842645,80.96877490000001,beaches,N/A,2025-01-26,N/A,N/A,Uttar Pradesh
ChIJgTGzFU85nDkRv2CK93lFSsY,Ganga Bairaj Kanpur,26.5490606,80.5042179,beaches,N/A,2025-01-26,N/A,N/A,Uttar Pradesh
ChIJ9dBCPglhmTkRIbxQUwdXAgs,Hagarabagh Paani ki Tanki Barabanki,26.9268042,81.1833809,beaches,N/A,2025-01-26,N/A,N/A,Uttar Pradesh
ChIJYaPkBE_9mzkRFlJBVKVhMLE,Janeshwar view Point,26.8368698,80.9857449,beaches,N/A,2025-01-26,N/A,N/A,Uttar Pradesh
ChIJsb-jcj7jmzkR2-V4ddsY42k,Arvindo Park,26.885995,80.9997175,beaches,N/A,2025-01-26,N/A,N/A,Uttar Pradesh
ChIJy-dhS_f9mzkRmtbQQH4Pz1g,Kudiya Ghaat Park,26.8748123,80.9108265,beaches,N/A,2025-01-26,N/A,N/A,Uttar Pradesh
ChIJ_SM_SFT8mzkRm-wRztWE4Cg,Bada Park,26.8313189,80.9395395,beaches,N/A,2025-01-26,N/A,N/A,Uttar Pradesh
ChIJZ51QtrL9mzkRO-POs_KikVE,Picnic Spot Park Jamuna Jheel Malviya Nagar,26.8411765,80.9029005,beaches,N/A,2025-01-26,N/A,N/A,Uttar Pradesh
ChIJV4Ko957omzkRJeiy_-108Yk,"Mithlesh Garden, Suraj Kund",26.7105623,81.0973594,beaches,N/A,2025-01-26,N/A,N/A,Uttar Pradesh
ChIJJWgW0QpgmTkRpVamKI9VtEo,MAYUR WATER PARK,26.9196164,81.1660503,beaches,N/A,2025-01-26,N/A,N/A,Uttar Pradesh
ChIJf1R499D7mzkRkrlc28E56Bc,Get My Trip,26.7797267,80.9591512,beaches,N/A,2025-01-26,N/A,N/A,Uttar Pradesh
ChIJAQAAAAAUnDkRYCieGJkLWNk,Unnao polytechnic college,26.576087,80.54380019999999,beaches,N/A,2025-01-26,N/A,N/A,Uttar Pradesh
ChIJLb2lv4vimzkRx7r2yeAs5i0,L T VACATION,26.8827303,81.0032446,beaches,N/A,2025-01-26,N/A,N/A,Uttar Pradesh
ChIJTT6ofAD7mzkRVv54o3_yG8w,Maplemarvel Tour,26.7594017,80.9557344,beaches,N/A,2025-01-26,N/A,N/A,Uttar Pradesh
ChIJpWq9IQz8mzkRdAbA_alQMgs,Vishal Mega Mart,26.7951313,80.91587109999999,beaches,N/A,2025-01-26,N/A,N/A,Uttar Pradesh
ChIJJ6oyRb7imzkR9SUBoakzqr8,Decathlon - Lulu Mall,26.7854678,80.992145,beaches,N/A,2025-01-26,N/A,N/A,Uttar Pradesh
ChIJA_RgqKjjmzkRd04kRYbE_uw,GHUMMI,26.8496217,81.0072193,beaches,N/A,2025-01-26,N/A,N/A,Uttar Pradesh
ChIJFW7YflFXmTkRjOhaGSjbqjA,Travel Kutumb,26.9256328,80.9686284,beaches,N/A,2025-01-26,N/A,N/A,Uttar Pradesh
ChIJ-fBnLwFYmTkRXg3zGD7ys68,Lucknowites,26.8890696,80.9919621,beaches,N/A,2025-01-26,N/A,N/A,Uttar Pradesh
ChIJWSZ513vjmzkRGZezxY5dRzk,Hamleys,26.8462388,80.94898529999999,beaches,N/A,2025-01-26,N/A,N/A,Uttar Pradesh
ChIJJ-Tfqx7-mzkROV7U5Kly8KU,Vishal Mega Mart,26.8618396,80.9089157,beaches,N/A,2025-01-26,N/A,N/A,Uttar Pradesh
ChIJufoaVXn9mzkRE3ktSe6JuTU,Broadways,26.852982,80.92419629999999,beaches,N/A,2025-01-26,N/A,N/A,Uttar Pradesh
ChIJT3Q66bD9mzkR5FEbp0iRY28,Lenskart.com at Qaiserbagh,26.8499624,80.9311589,beaches,N/A,2025-01-26,N/A,N/A,Uttar Pradesh
ChIJAQAAAOxXmTkRWCy5iEOGpHY,V-Mart - Vikas Nagar,26.8968865,80.95785839999999,beaches,N/A,2025-01-26,N/A,N/A,Uttar Pradesh
ChIJbUBUslrjmzkRqsXURvs3TUc,V-Mart - Chinhat-Lucknow,26.8771039,81.0313091,beaches,N/A,2025-01-26,N/A,N/A,Uttar Pradesh
ChIJUZ_uMvdhmTkRUfuTIE4Gcoo,City world the mall,26.9302345,81.1939356,beaches,N/A,2025-01-26,N/A,N/A,Uttar Pradesh
ChIJY8q7GCb9mzkRbUGBHPVJbew,Starbucks,26.853285,80.947861,beaches,N/A,2025-01-26,N/A,N/A,Uttar Pradesh
ChIJSXc5qc_9mzkR17fJ-2DYLBc,The Big Island,26.7892603,80.9095088,beaches,N/A,2025-01-26,N/A,N/A,Uttar Pradesh
ChIJNwxomhhZmTkRHj0Qvpu-nlc,Talab(ponds),26.9257311,81.02432979999999,beaches,N/A,2025-01-26,N/A,N/A,Uttar Pradesh
ChIJr_retCP7mzkRrSijA_-jwKI,Dr.Jyoti Gupta,26.7674324,80.9234381,beaches,N/A,2025-01-26,N/A,N/A,Uttar Pradesh
ChIJDyyhPgBZmTkRdjza7LbQC2I,Shakeel tailor,26.9403918,81.02577629999999,beaches,N/A,2025-01-26,N/A,N/A,Uttar Pradesh
ChIJcftMegDtmzkRHPUM_dmk8hA,Dawa,26.5622715,81.0299354,beaches,N/A,2025-01-26,N/A,N/A,Uttar Pradesh
ChIJoy8-a3oVnDkRsiEF2IxZODU,STUDIO,26.4943939,80.51248890000001,beaches,N/A,2025-01-26,N/A,N/A,Uttar Pradesh
ChIJmycvEQBhmTkRwBMTAItbZPQ,Old waterfall,26.9051277,81.1811539,waterfalls,N/A,2025-01-26,N/A,N/A,Uttar Pradesh
ChIJy5QLLs_9mzkRYslTaVJ3ONw,Tikoona Park,26.8418963,80.9141866,waterfalls,N/A,2025-01-26,N/A,N/A,Uttar Pradesh
ChIJtXyfBAB9mTkR-UPbyQXsfwU,Shakha Indira Nahar waterfall,26.9967609,81.3559776,waterfalls,N/A,2025-01-26,N/A,N/A,Uttar Pradesh
ChIJSztkp3H9mzkRozi1OqBi_Sg,Gomti River Front Babuganj,26.8600109,80.9332041,waterfalls,N/A,2025-01-26,N/A,N/A,Uttar Pradesh
ChIJQ-IpmXXimzkRNvdlj-50_ZA,Water Tank Park,26.886866,81.051537,waterfalls,N/A,2025-01-26,N/A,N/A,Uttar Pradesh
ChIJW6Hdxtf9mzkRzbxEo_drAUw,Reflecting Pool,26.8738173,80.9044009,waterfalls,N/A,2025-01-26,N/A,N/A,Uttar Pradesh
ChIJTd0QJCvdmzkRvkn-hf1RRLc,6 No Water Fall,26.7107155,81.17260569999999,waterfalls,N/A,2025-01-26,N/A,N/A,Uttar Pradesh
ChIJTeSJ9NHimzkRjSqv2ueEc5s,Machli Park,26.8494358,80.9929168,waterfalls,N/A,2025-01-26,N/A,N/A,Uttar Pradesh
ChIJGXRGS9rjmzkRIR81EDhVB90,Indira Canal Aqueduct,26.8291903,81.0685685,waterfalls,N/A,2025-01-26,N/A,N/A,Uttar Pradesh
ChIJU3n1B-b9mzkRRmw7JofIfqc,Blue Water Fountain,26.859482,80.9001241,waterfalls,N/A,2025-01-26,N/A,N/A,Uttar Pradesh
ChIJTS5guY_9mzkRZSBf58Kcqw0,Sadar Bazaar Harsha Park,26.87188,80.93014,waterfalls,N/A,2025-01-26,N/A,N/A,Uttar Pradesh
ChIJ47t-vj39mzkRHlYUI9k5yEM,Musical Fountain,26.853061,80.966539,waterfalls,N/A,2025-01-26,N/A,N/A,Uttar Pradesh
ChIJq90C8C9YmTkRPzpvfCC7UeQ,Kukrail Forest,26.9217886,80.99742859999999,waterfalls,N/A,2025-01-26,N/A,N/A,Uttar Pradesh
ChIJy-dhS_f9mzkRmtbQQH4Pz1g,Kudiya Ghaat Park,26.8748123,80.9108265,waterfalls,N/A,2025-01-26,N/A,N/A,Uttar Pradesh
ChIJ6c6wjOr7mzkRDcRmRh7G5nE,South Lucknow Street,26.7654594,80.95056249999999,waterfalls,N/A,2025-01-26,N/A,N/A,Uttar Pradesh
ChIJj26RXNVXmTkRIY94sFPFsFM,SSAwasthiPark,26.8831218,80.9439611,waterfalls,N/A,2025-01-26,N/A,N/A,Uttar Pradesh
ChIJ_ThJUgb9mzkRvnls_pj9gGg,SARDAR PATEL Monument,26.8455058,80.9454739,waterfalls,N/A,2025-01-26,N/A,N/A,Uttar Pradesh
ChIJe_T15PRXmTkR-Up9W3b6o_Q,Kukrail Forest Picnic Spot Phase I,26.9065183,80.9838959,waterfalls,N/A,2025-01-26,N/A,N/A,Uttar Pradesh
ChIJOSU1IotXmTkRNVCz34FjlBA,Kukrail Picnic Spot Phase II,26.9100659,80.9837943,waterfalls,N/A,2025-01-26,N/A,N/A,Uttar Pradesh
ChIJnyQG_QP9mzkRE9qKf2pOf2k,Gomti River Front Side,26.8505498,80.9663006,waterfalls,N/A,2025-01-26,N/A,N/A,Uttar Pradesh
ChIJDYJB_pnjmzkR7RJ67SxwATg,Ekana Wetlands,26.8054196,81.0217528,waterfalls,N/A,2025-01-26,N/A,N/A,Uttar Pradesh
ChIJ5cJbFQ77mzkRdiYa2ztidIQ,Kalindi Van Park,26.7594205,80.9523494,waterfalls,N/A,2025-01-26,N/A,N/A,Uttar Pradesh
ChIJtxDKezv9mzkRP0iouyND4lM,Gomti Riverfront Park,26.8518687,80.9713482,waterfalls,N/A,2025-01-26,N/A,N/A,Uttar Pradesh
ChIJIzL0TJDDmzkRRzeHTP2M9iY,Yogini Temple,26.6530679,81.23910819999999,waterfalls,N/A,2025-01-26,N/A,N/A,Uttar Pradesh
ChIJb5-MIepXmTkRGh1pLXKaqPs,Picnic Spot phase 1,26.9086591,80.9865459,waterfalls,N/A,2025-01-26,N/A,N/A,Uttar Pradesh
ChIJ1TD3bvnhmzkRzmrR8n01qY0,"Anandi Water Park, Lucknow",26.8833758,81.0805426,waterfalls,N/A,2025-01-26,N/A,N/A,Uttar Pradesh
ChIJ72FkL0djmTkRtAOu_pppfeY,Rafi Ahmed Kidwai Park,26.9790535,81.32410019999999,waterfalls,N/A,2025-01-26,N/A,N/A,Uttar Pradesh
ChIJM5BaYQVYmTkRid7d4YfNHaU,Prerna Park Manas Enclave,26.895956,80.9978588,waterfalls,N/A,2025-01-26,N/A,N/A,Uttar Pradesh
ChIJJWgW0QpgmTkRpVamKI9VtEo,MAYUR WATER PARK,26.9196164,81.1660503,waterfalls,N/A,2025-01-26,N/A,N/A,Uttar Pradesh
ChIJFRxS77L9mzkRgmj9x9hJVTQ,US Fountain ( Shivanya Enterprises),26.8477498,80.9415095,waterfalls,N/A,2025-01-26,N/A,N/A,Uttar Pradesh
ChIJFUCgHLFXmTkRHXx8O17hqGI,Dr. Babasaheb Ambedkar Memorial,26.8493811,80.9767756,waterfalls,N/A,2025-01-26,N/A,N/A,Uttar Pradesh
ChIJz0SdjUeqnjkRzF_J_VHbaCE,Aamrapaali Water Park and Resort,26.9036758,80.7441446,waterfalls,N/A,2025-01-26,N/A,N/A,Uttar Pradesh
ChIJ4Zt0qQb8mzkRlRRIssSzhnA,Dream World Amusement Park,26.792288,80.904607,waterfalls,N/A,2025-01-26,N/A,N/A,Uttar Pradesh
ChIJa5Q0Ad3imzkRjTjKzwAU-Sw,TREVI FOUNTAINS,26.876234,80.9883492,waterfalls,N/A,2025-01-26,N/A,N/A,Uttar Pradesh
ChIJQwheZ7L9mzkR_yN4IK1PRl4,Awadh Creations,26.838407,80.930472,waterfalls,N/A,2025-01-26,N/A,N/A,Uttar Pradesh
ChIJ6arYC8RXmTkRbIZ9oi5RelQ,Vikas Nagar Sector - 1 Park,26.9000592,80.95926779999999,parks,N/A,2025-01-26,N/A,N/A,Uttar Pradesh
ChIJozDM5Hj9mzkRY8hVbCFrWzE,Vivekanand Hydel Colony Park,26.8746822,80.9451936,parks,N/A,2025-01-26,N/A,N/A,Uttar Pradesh
ChIJ4yiaNZLimzkRUyWunf6hiIE,Vivekanand Park,26.8684226,81.01769879999999,parks,N/A,2025-01-26,N/A,N/A,Uttar Pradesh
ChIJ-ZGELln_mzkR5epABJpdATU,Hanuman park,26.8705906,80.8777035,parks,N/A,2025-01-26,N/A,N/A,Uttar Pradesh
ChIJ-SOXWxL_mzkR4idSWla0gF0,L.D.A. Colony Park,26.7907806,80.89742009999999,parks,N/A,2025-01-26,N/A,N/A,Uttar Pradesh
ChIJX4XcX-lXmTkRsZDX_GiqVr8,ADIL NAGAR PARK,26.9016343,80.9691823,parks,N/A,2025-01-26,N/A,N/A,Uttar Pradesh
ChIJGzWYRGf-mzkRxvVsvN2J4_M,Rajajipuram Park,26.841133,80.880617,parks,N/A,2025-01-26,N/A,N/A,Uttar Pradesh
ChIJJbTLHf1WmTkRdVNeqAJ9frY,"Sadbhavana Park, Park No.- 3, Sector- 7",26.938847,80.9402842,parks,N/A,2025-01-26,N/A,N/A,Uttar Pradesh
ChIJb_691spXmTkRjZvwtCBCH_E,Mangal Pandey Park,26.9033194,80.943531,parks,N/A,2025-01-26,N/A,N/A,Uttar Pradesh
ChIJBbHC0gv8mzkRisUazkj5aeQ,Maitri Park,26.79038,80.915807,parks,N/A,2025-01-26,N/A,N/A,Uttar Pradesh
ChIJm0lCUrhXmTkRwZEqJ-XMMr8,Park,26.909419,80.956116,parks,N/A,2025-01-26,N/A,N/A,Uttar Pradesh
ChIJJcr0F2f-mzkRAazi3V5c_co,ED Park,26.8391152,80.8785699,parks,N/A,2025-01-26,N/A,N/A,Uttar Pradesh
ChIJC2czdK7imzkRWz2Z4WAUGHY,Mayura Park,26.8758228,80.99278559999999,parks,N/A,2025-01-26,N/A,N/A,Uttar Pradesh
ChIJAQCQP6nkmzkRX3h8sCtfQtM,Leisure Park,26.7878663,80.99405709999999,parks,N/A,2025-01-26,N/A,N/A,Uttar Pradesh
ChIJh95kYrxXmTkRlVjStfUSR-M,Neem Park,26.9157238,80.9603699,parks,N/A,2025-01-26,N/A,N/A,Uttar Pradesh
ChIJ49eeqWX7mzkRjD7U-mpFeTI,Gopeshwar Park,26.780833,80.95687099999999,parks,N/A,2025-01-26,N/A,N/A,Uttar Pradesh
ChIJo0Y-61z-mzkRqHP9JpeK_9A,Ekta Park,26.841251,80.87245039999999,parks,N/A,2025-01-26,N/A,N/A,Uttar Pradesh
ChIJmXaQe-_imzkRJ8sJRInmk3Q,Saraswati Park,26.852672,81.0169865,parks,N/A,2025-01-26,N/A,N/A,Uttar Pradesh
ChIJOWz5fAz8mzkR1nfoUZ7qF0g,LAL BAHADUR SASTRI PARK,26.793907,80.917807,parks,N/A,2025-01-26,N/A,N/A,Uttar Pradesh
ChIJ9VbXwP5XmTkRO3OPZhftOG4,Sector 21 Duplex Park,26.8898222,80.983116,parks,N/A,2025-01-26,N/A,N/A,Uttar Pradesh
ChIJHS2EerL9mzkR9_oCEXvFSZ8,Begum Hazrat Mahal Park,26.8558832,80.9340725,parks,N/A,2025-01-26,N/A,N/A,Uttar Pradesh
ChIJVcoKaDf9mzkRYKACNhNktB0,Hariyali park,26.800422,80.92065439999999,parks,N/A,2025-01-26,N/A,N/A,Uttar Pradesh
ChIJIbpz-etZmTkRwev3h04vaKQ,VINAY PARK,26.9054476,81.008241,parks,N/A,2025-01-26,N/A,N/A,Uttar Pradesh
ChIJR1o0p6v9mzkRLmqvtLZxEFE,Murli Nagar Park,26.8386048,80.9391765,parks,N/A,2025-01-26,N/A,N/A,Uttar Pradesh
ChIJU-cfjqP9mzkRixm8AlwmOCw,Awadh Kunj Park,26.8536069,80.9355534,parks,N/A,2025-01-26,N/A,N/A,Uttar Pradesh
ChIJ24NmpgVXmTkRVlFsA-ahL8c,Ram Janki Park,26.9151627,80.958776,parks,N/A,2025-01-26,N/A,N/A,Uttar Pradesh
ChIJT3FHysLimzkRxFm6RhRaDKE,Husariya Park,26.851929,81.007708,parks,N/A,2025-01-26,N/A,N/A,Uttar Pradesh
ChIJrT-j-tLimzkRSNUVaNNwnDM,VISHAL KHAND PARK,26.8482507,80.9892502,parks,N/A,2025-01-26,N/A,N/A,Uttar Pradesh
ChIJOyTKD_rjmzkRpYysvJpG-58,Ambedkar park,26.84796,80.97541149999999,parks,N/A,2025-01-26,N/A,N/A,Uttar Pradesh
ChIJ12GtcpL7mzkRqHo2pLnSM_w,Sant Gadge Park,26.775592,80.924915,parks,N/A,2025-01-26,N/A,N/A,Uttar Pradesh
ChIJ0-aq5TT7mzkRt4z5YzGJIy4,Parivartan Park Rajni Khand,26.7765321,80.93409969999999,parks,N/A,2025-01-26,N/A,N/A,Uttar Pradesh
ChIJ0SYDfgD9mzkRPXXLMyZ2aCw,Rajaram Pal Singh Park,26.8517735,80.9319288,parks,N/A,2025-01-26,N/A,N/A,Uttar Pradesh
ChIJSZXRTMT9mzkRJY7yVWp9Uz8,Aishbagh Park,26.84856,80.91337999999999,parks,N/A,2025-01-26,N/A,N/A,Uttar Pradesh
ChIJvYByMMdXmTkRKwcXkG7MQJQ,Samta Park Sector 13,26.904832,80.9588263,parks,N/A,2025-01-26,N/A,N/A,Uttar Pradesh
ChIJE1q7fcZXmTkRV1f2pPxt3MU,Sachin tendulkar park,26.900882,80.9582789,parks,N/A,2025-01-26,N/A,N/A,Uttar Pradesh
ChIJyQIBUaJXmTkRTjqGaLc0WAk,Parag Park Sector D Aliganj,26.8941724,80.9391218,parks,N/A,2025-01-26,N/A,N/A,Uttar Pradesh
ChIJO6Nh8E5WmTkRVtKHwPD7cv0,Naubasta Faizullah Ganj Park,26.9126,80.932,parks,N/A,2025-01-26,N/A,N/A,Uttar Pradesh
ChIJAercO3nimzkRcKCimF8F6ZQ,Sadhbhawna Park,26.8846352,81.0377553,parks,N/A,2025-01-26,N/A,N/A,Uttar Pradesh
ChIJw8VSPCvjmzkR270UnSvSzvM,INDRA PRASTH PARK,26.8845742,81.00338579999999,parks,N/A,2025-01-26,N/A,N/A,Uttar Pradesh
ChIJfePIjxxYmTkRCpc_zdjbw5g,Mayur Udyan Park,26.8996738,80.99171720000001,parks,N/A,2025-01-26,N/A,N/A,Uttar Pradesh
ChIJHw4z4gf9mzkRtR4ppr2P5Jo,Park Street,26.847564,80.945613,parks,N/A,2025-01-26,N/A,N/A,Uttar Pradesh
ChIJuecU5mhXmTkRcq97JX2GaBY,Alkapuri Park,26.8888615,80.9387332,parks,N/A,2025-01-26,N/A,N/A,Uttar Pradesh
ChIJo2C2k8PimzkRYG4xh4n9lz8,Raja Park,26.8555756,81.00457209999999,parks,N/A,2025-01-26,N/A,N/A,Uttar Pradesh
ChIJLeUOEQ78mzkRrwxPaB53hgA,Tikonia park,26.7979872,80.9143496,parks,N/A,2025-01-26,N/A,N/A,Uttar Pradesh
ChIJG30tv-BXmTkRRQv4IDk3nJk,Shiv Vatika Park Vikas Nagar,26.8887777,80.96625399999999,parks,N/A,2025-01-26,N/A,N/A,Uttar Pradesh
ChIJ7eQDErBXmTkRE4Yu2RAGmvM,Durga Park,26.9171206,80.9532332,parks,N/A,2025-01-26,N/A,N/A,Uttar Pradesh
ChIJh1DII8D7mzkRdLcIlzRKP1E,Champa Park,26.7844065,80.93157099999999,parks,N/A,2025-01-26,N/A,N/A,Uttar Pradesh
ChIJpfKooWDimzkReV5R4nGX340,Vikalp Khand 2 Park,26.8653372,81.0355998,parks,N/A,2025-01-26,N/A,N/A,Uttar Pradesh
ChIJBfcHX639mzkRZ8WPUaOkQy4,Sangh Park,26.836407,80.931966,parks,N/A,2025-01-26,N/A,N/A,Uttar Pradesh
ChIJIfcmWGtXmTkRcxMr6TrSZgo,Tikonia Park,26.9034818,80.9322825,parks,N/A,2025-01-26,N/A,N/A,Uttar Pradesh
ChIJex0ezhpYmTkRnDnquYpoels,Ekta Park,26.8980667,80.9960859,parks,N/A,2025-01-26,N/A,N/A,Uttar Pradesh
ChIJ2SPyc7pXmTkR2ZAA8WZLS4Q,Vrindavan Vatika Park,26.9142219,80.95432989999999,parks,N/A,2025-01-26,N/A,N/A,Uttar Pradesh
ChIJP6UFgsBXmTkRHzDxf6V6b1E,SECTOR I ALIGANJ PARK E3/944,26.895805,80.94869829999999,parks,N/A,2025-01-26,N/A,N/A,Uttar Pradesh
ChIJaW00BIvimzkRuFQDaOR8Oz4,Yoga Park (Vastu Khand-2),26.8671171,81.02803569999999,parks,N/A,2025-01-26,N/A,N/A,Uttar Pradesh
ChIJVXvtcvX9mzkRIabJuWE5CRM,Utsav Park,26.8845268,80.9869921,parks,N/A,2025-01-26,N/A,N/A,Uttar Pradesh
ChIJkd5FjLn9mzkRWGawcqdUtX4,Ameeruddaula Jhande Wala Park,26.8480535,80.92578519999999,parks,N/A,2025-01-26,N/A,N/A,Uttar Pradesh
ChIJf7WzZMJXmTkRG0dSAWi1wzg,Shivay Park,26.8989356,80.9642953,parks,N/A,2025-01-26,N/A,N/A,Uttar Pradesh
ChIJmbjle0tWmTkRJ_YjBwHgU94,Aam wala Park,26.9111514,80.94050840000001,parks,N/A,2025-01-26,N/A,N/A,Uttar Pradesh
ChIJb_JfpVP9mzkRuAdYzDxHLAo,PARK of B-Block,26.8770789,80.9837132,parks,N/A,2025-01-26,N/A,N/A,Uttar Pradesh
ChIJPVvXcM_imzkRcT8GGtV4Ijs,Abhishek Park,26.8543239,80.99731229999999,parks,N/A,2025-01-26,N/A,N/A,Uttar Pradesh
ChIJ7W2l2Br9mzkRYV_mZCaO7MQ,State Museum Lucknow,26.8453247,80.9550271,museum,N/A,2025-01-26,N/A,N/A,Uttar Pradesh
ChIJxRyA4PH7mzkRIzf_6g5frrQ,Babasaheb Dr. BR Ambedkar Museum,26.7646018,80.92745029999999,museum,N/A,2025-01-26,N/A,N/A,Uttar Pradesh
ChIJDQHziixWmTkR9S2db7kLjRI,Regional Science City,26.8894242,80.94042329999999,museum,N/A,2025-01-26,N/A,N/A,Uttar Pradesh
ChIJadxEKAD9mzkR64CURVl5uO8,Museum of Natural History,26.8446514,80.9554189,museum,N/A,2025-01-26,N/A,N/A,Uttar Pradesh
ChIJKUXvDgD9mzkRR43PPU8Z4dc,Zoo museum,26.8443349,80.9545912,museum,N/A,2025-01-26,N/A,N/A,Uttar Pradesh
ChIJxdEIMZT9mzkRw1JZfAvQFbQ,1857-Memorial Museum Residency,26.8614405,80.9254481,museum,N/A,2025-01-26,N/A,N/A,Uttar Pradesh
ChIJ6XOmzQr9mzkR9cxnZqaiYE8,Bhimrao Ambedkar Samajik Parivartan Amphitheatre,26.8444483,80.9676776,museum,N/A,2025-01-26,N/A,N/A,Uttar Pradesh
ChIJ0waKtdRXmTkROuSn6ZPh1QA,علاقائی سائنس مرکز Regional Science centre,26.8898539,80.94264439999999,museum,N/A,2025-01-26,N/A,N/A,Uttar Pradesh
ChIJ1WHoFc79mzkR5iafNpOLBtU,Dr. S. C. Baugh Museum,26.8659756,80.93820579999999,museum,N/A,2025-01-26,N/A,N/A,Uttar Pradesh
ChIJ9zmb_wb9mzkRp9rI-EG_UTg,Philatelic Museum,26.8447367,80.9458044,museum,N/A,2025-01-26,N/A,N/A,Uttar Pradesh
ChIJH_aX1yL9mzkRDmolx6PikFw,Dr. Bhimrao Ambedkar Samajik Parivartan Prateek Sthal,26.8475663,80.9754892,museum,N/A,2025-01-26,N/A,N/A,Uttar Pradesh
ChIJAQAAzAX9mzkRYQzo_MbI60k,Zoo (Chidiya Ghar),26.8453936,80.9494522,museum,N/A,2025-01-26,N/A,N/A,Uttar Pradesh
ChIJ30f2ge-rnjkR_Qo4GIyweHw,Kakori Station Museum,26.8840983,80.80017889999999,museum,N/A,2025-01-26,N/A,N/A,Uttar Pradesh
ChIJZd3p5K37mzkRzktiItahH5o,National Fish Museum and Repository (ICAR-NBFGR),26.7870458,80.9361165,museum,N/A,2025-01-26,N/A,N/A,Uttar Pradesh
ChIJmUns1JX9mzkRytww-8MltFg,"The Residency, Lucknow",26.8606372,80.9267863,museum,N/A,2025-01-26,N/A,N/A,Uttar Pradesh
ChIJo2EYNeH9mzkR_u8YhnS_LEc,The Claude Martin Museum,26.8387941,80.9624652,museum,N/A,2025-01-26,N/A,N/A,Uttar Pradesh
ChIJJ99yMHZZmTkRUPY3dva7fpE,Hanuman Museum,26.8974113,81.0044939,museum,N/A,2025-01-26,N/A,N/A,Uttar Pradesh
ChIJxfOc5w1dmTkREDDF6uvRDXI,DARGAH KHUDA BAKHS,27.0468524,81.11577539999999,museum,N/A,2025-01-26,N/A,N/A,Uttar Pradesh
ChIJ6Wt6698BnDkR_DeXYwde5d0,Takia Shareef Masjid,26.86046,80.78511569999999,museum,N/A,2025-01-26,N/A,N/A,Uttar Pradesh
ChIJszaPzHD9mzkRZzwKv3HEVAA,General Wali Kothi جنرل کی حویلی जनरल की हवेली,26.85966,80.9310422,museum,N/A,2025-01-26,N/A,N/A,Uttar Pradesh
ChIJZ5ZOFAD9mzkRC4dY1Ap_Fzc,Awadh Museum,26.8729771,80.91033209999999,museum,N/A,2025-01-26,N/A,N/A,Uttar Pradesh
ChIJ6XQ2Wq37mzkR8Y_WIv6q6Kg,Deendayal Upadhyay museum,26.7404941,80.9522841,museum,N/A,2025-01-26,N/A,N/A,Uttar Pradesh
ChIJW-O-7MD9mzkRQ6p2R9bWCrw,Jail Museum,26.8182548,80.9219677,museum,N/A,2025-01-26,N/A,N/A,Uttar Pradesh
ChIJdQ8WT2z9mzkRkWc7i0KhvKI,Statue of Old Train,26.8317827,80.9243041,museum,N/A,2025-01-26,N/A,N/A,Uttar Pradesh
ChIJp4yrFWH9mzkRGC6UKstelHo,Insectary,26.8661393,80.9372961,museum,N/A,2025-01-26,N/A,N/A,Uttar Pradesh
ChIJA819R0f9mzkRAib1b9t4lTU,U.P. Museum Directorate,26.8451592,80.954899,museum,N/A,2025-01-26,N/A,N/A,Uttar Pradesh
ChIJ5f5D1LT9mzkRdufy8yeKNWk,Rajarshi Chhatrapati Shahuji Maharaj Statue राजाश्री छत्रपति शाहूजी महाराज प्रतिमा,26.8454642,80.973567,museum,N/A,2025-01-26,N/A,N/A,Uttar Pradesh
ChIJF0EuYgH9mzkRRHHtDSQcC4A,SMRITIKA,26.8264392,80.9496681,museum,N/A,2025-01-26,N/A,N/A,Uttar Pradesh
ChIJFc9-ZQz9mzkRbKePr2TAvBo,"Lichenology Laboratory and Herbarium, CSIR-National Botanical Research Institute",26.8552356,80.9529865,museum,N/A,2025-01-26,N/A,N/A,Uttar Pradesh
ChIJk3nQCg9ZmTkRfISW5fJVXgo,वन्य जीव संग्रहालय कुकरैल,26.9110173,80.9884996,museum,N/A,2025-01-26,N/A,N/A,Uttar Pradesh
ChIJ3Wm8_LLAmzkRVCzKEdbiyB4,Mahesh Vilash Palace Shivgarh,26.542113,81.2497484,museum,N/A,2025-01-26,N/A,N/A,Uttar Pradesh
ChIJZyKzsr79mzkRzVee6NVxNHk,Kalka Bidyadeen Dyodhi,26.8522429,80.9255725,museum,N/A,2025-01-26,N/A,N/A,Uttar Pradesh
ChIJuW3KyCP8mzkRI1nPxAnMpe0,Havelock Memorial,26.8137023,80.9051112,museum,N/A,2025-01-26,N/A,N/A,Uttar Pradesh
ChIJm8Kphfn9mzkRCkTJ5Sx0xj8,Picture Gallery,26.8750246,80.9075371,museum,N/A,2025-01-26,N/A,N/A,Uttar Pradesh
ChIJx8aFpglBmTkRcNIVQ6a5Rtg,Bardani Hanuman Mandir piparsand,27.1722781,81.0847426,museum,N/A,2025-01-26,N/A,N/A,Uttar Pradesh
ChIJryoq0F7_mzkRxLHZJUD1EMc,Heritage Steam Engine,26.8172304,80.8787357,museum,N/A,2025-01-26,N/A,N/A,Uttar Pradesh
ChIJZfsm7TcInDkRrpf_HXu3fJY,Shiv Ling,26.6497769,80.7892691,museum,N/A,2025-01-26,N/A,N/A,Uttar Pradesh
ChIJE1nhm8n9mzkRoempFoUbAhQ,Manywar Kanshiram Pratima मान्यवर कांशीराम प्रतिमा,26.8461896,80.97287899999999,museum,N/A,2025-01-26,N/A,N/A,Uttar Pradesh
ChIJxWtxbgD9mzkRXmBb9s3r-Ec,Lok Kala Sangrahalya,26.8455441,80.9556314,museum,N/A,2025-01-26,N/A,N/A,Uttar Pradesh
ChIJE_Wj8Tf9mzkR3ipPKaZiDGg,Science electrician,26.8593403,80.90662240000002,museum,N/A,2025-01-26,N/A,N/A,Uttar Pradesh
ChIJ6Zzya_RXmTkRqWTku9kBFB0,9 gazi mazar shivpuram triveni nagar 3rd,26.8886564,80.9254338,museum,N/A,2025-01-26,N/A,N/A,Uttar Pradesh
ChIJrfHVBij9mzkRjdxmVJs_9EA,Zoology Department जंतु विज्ञान विभाग,26.8330342,80.9339225,museum,N/A,2025-01-26,N/A,N/A,Uttar Pradesh
ChIJfzsOLxv9mzkRVLOO7JfRJ9w,Raj Hansa Aircraft,26.8448327,80.9545237,museum,N/A,2025-01-26,N/A,N/A,Uttar Pradesh
ChIJLVFWkFHjmzkR7b9hVGx8hF0,Sln,26.8066968,80.9914948,museum,N/A,2025-01-26,N/A,N/A,Uttar Pradesh
ChIJMxnSkOphmTkRIZLSs8bQoB0,Masjid Bhanauli,26.9056049,81.2442294,museum,N/A,2025-01-26,N/A,N/A,Uttar Pradesh
ChIJ8XNzx5OpnjkRiCIZ48YbZrA,Josh Malihabadi House,26.9211871,80.71017379999999,museum,N/A,2025-01-26,N/A,N/A,Uttar Pradesh
ChIJ6UyRMyFpmTkReN7Evl5nupw,Hanuman Mandir,27.094242,81.192281,museum,N/A,2025-01-26,N/A,N/A,Uttar Pradesh
ChIJjQ_MsXvjmzkRRgs5JcHXTm4,Jamia khwaja garib nawaj masjd,26.8690486,81.0531846,museum,N/A,2025-01-26,N/A,N/A,Uttar Pradesh
ChIJf2VzBqelnjkRRwIoy6cCboY,Bagiya Baba Mandir,26.997953,80.6024841,museum,N/A,2025-01-26,N/A,N/A,Uttar Pradesh
ChIJq1G6qMFlmTkRDsndu6XdrW4,DARGAH PEER BADRUL AULIYA AULIYA NAGAR BERIYA,27.0501779,81.2952901,museum,N/A,2025-01-26,N/A,N/A,Uttar Pradesh
ChIJKeGCWAABnDkREYjRi0rbGwM,Bakri house,26.8370138,80.769835,museum,N/A,2025-01-26,N/A,N/A,Uttar Pradesh
ChIJ3-30ZSeVmzkRa72Uicr9L8g,DakshinMukhi Hanuman Mandir,26.504144,81.120284,museum,N/A,2025-01-26,N/A,N/A,Uttar Pradesh
ChIJ7dfEfABRmTkRifndwS31pC4,Pasi Lakhan army,27.0308228,80.9091715,museum,N/A,2025-01-26,N/A,N/A,Uttar Pradesh
ChIJLQpXQwDfmzkRBiKIoCA1mNc,Arfak malik,26.8963078,81.17130209999999,museum,N/A,2025-01-26,N/A,N/A,Uttar Pradesh
ChIJl8riDzD9mzkRpI1FQThO-n0,Jaya Prakash Narayan International Convention Center,26.8521465,80.9772078,museum,N/A,2025-01-26,N/A,N/A,Uttar Pradesh
ChIJDzbuSrv9mzkRtjhTEndMybc,Ashutosh Pradhan Science Museum- Lucknow University,26.865011,80.9386842,museum,N/A,2025-01-26,N/A,N/A,Uttar Pradesh
ChIJXb7bOAD9mzkRc1vRwxeFbxI,Bap ji museum,26.8453445,80.9545988,museum,N/A,2025-01-26,N/A,N/A,Uttar Pradesh
ChIJeQSAKbO_njkRXJESxO5M9Kk,Sandohi Mata Mandir,27.1798415,80.5388778,museum,N/A,2025-01-26,N/A,N/A,Uttar Pradesh
ChIJnwrGjY7nmzkROxFkR49Y1qA,Dr. B.R. Ambedkar statue and Library,26.75265,81.1502047,museum,N/A,2025-01-26,N/A,N/A,Uttar Pradesh
ChIJ2esMIAChnjkROzlOE8GtMxI,Umakant home,26.9181629,80.5407219,museum,N/A,2025-01-26,N/A,N/A,Uttar Pradesh
ChIJY3zNizu8BTsRU3Kihq9WqfI,Veli Lake Tourist Village,8.5100067,76.89000709999999,attraction,N/A,2025-01-26,N/A,N/A,Kerala
ChIJ49TLJh28BTsRLoL4o-V7Lk0,Akkulam Tourist Village,8.521035699999999,76.9060593,attraction,N/A,2025-01-26,N/A,N/A,Kerala
ChIJD9yQDpalBTsRcDbIx22-IGw,Vizhinjam Light House,8.382892,76.9796914,attraction,N/A,2025-01-26,N/A,N/A,Kerala
ChIJA2tbqZtWBDsRle5OJnv-sRM,Mathoor Aqueduct,8.3361202,77.2947202,attraction,N/A,2025-01-26,N/A,N/A,Kerala
ChIJEcufPSnWBTsRxy-_bLmZmH8,Leisure Zone and Sculpture Garden,8.9569114,77.06411059999999,attraction,N/A,2025-01-26,N/A,N/A,Kerala
ChIJuxhS8UW_BTsR-vwv5XXlmKA,Madavoorpara Ancient Rock-cut Shiva Temple,8.5939968,76.9060068,attraction,N/A,2025-01-26,N/A,N/A,Kerala
ChIJmZUr6tXdBTsRcAyp9VZNonc,Jatayu Earth's Center,8.8608184,76.8663888,attraction,N/A,2025-01-26,N/A,N/A,Kerala
ChIJZ6BKwt67BTsRmxVvpydrUNk,Neeramankara Walkway,8.4786056,76.9706638,attraction,N/A,2025-01-26,N/A,N/A,Kerala
ChIJeSGn80W_BTsRw9NNgYW39g8,Madavoor Rock View Point,8.5953507,76.9058405,attraction,N/A,2025-01-26,N/A,N/A,Kerala
ChIJmxThdGe7BTsRmDEFxduF_h4,Valiathura Beach,8.4644216,76.92475259999999,attraction,N/A,2025-01-26,N/A,N/A,Kerala
ChIJCaNx2b4LBjsRQelln7jyGw0,Muttara Maruthimala Veiw Point & Eco tourism,8.9561721,76.75670930000001,attraction,N/A,2025-01-26,N/A,N/A,Kerala
ChIJF7o30yfWBTsR85gk2KxOQmY,"Adventures Zone, Thenmala Ecotourism",8.9593002,77.0678375,attraction,N/A,2025-01-26,N/A,N/A,Kerala
ChIJFeFATnvlBTsRGZas5UFWXJg,Kappil Beach,8.7786118,76.6752027,attraction,N/A,2025-01-26,N/A,N/A,Kerala
ChIJ6ykxSx3BBTsRFy7uKfkuCBs,Vellanikkal Paramukal Viewpoint,8.6528896,76.8845515,attraction,N/A,2025-01-26,N/A,N/A,Kerala
ChIJ0xaj02V5BjsRnOSAKrKLr0c,Thenmala Eco Adventure Park,8.9683011,77.0550058,attraction,N/A,2025-01-26,N/A,N/A,Kerala
ChIJGYm7UTL9BTsRBObNOhjNTQI,Thangassery Breakwater Tourism,8.8803798,76.56752949999999,attraction,N/A,2025-01-26,N/A,N/A,Kerala
ChIJFdHxiGR1BjsRzn-bV8pwf8Y,Pinnacle View Point Chettukuzhy,8.9714055,76.90320919999999,attraction,N/A,2025-01-26,N/A,N/A,Kerala
ChIJqb4YY82kBTsROIEgnchdZr4,Edayar Island,8.4383655,76.9513432,attraction,N/A,2025-01-26,N/A,N/A,Kerala
ChIJJyHDMd3UBTsRXC4n2Rvy4B4,Rosemala View Point,8.9149995,77.1700649,attraction,N/A,2025-01-26,N/A,N/A,Kerala
ChIJV7DLJiELBjsR9URd8MTkDDY,Muttara Hills.,8.9554662,76.7593962,attraction,N/A,2025-01-26,N/A,N/A,Kerala
ChIJaeKHQsTvBTsRBiGeYJDDUEw,Varkala Cliff Sea View Point,8.7390513,76.6996567,attraction,N/A,2025-01-26,N/A,N/A,Kerala
ChIJ10toy3G_BTsRqtZ0Ci3PwPE,Puthenthope Beach,8.572104099999999,76.8357098,attraction,N/A,2025-01-26,N/A,N/A,Kerala
ChIJs8m-sc67BTsRj5gG7OR5JzM,Kanakakunnu Flag Post,8.5101449,76.95769899999999,attraction,N/A,2025-01-26,N/A,N/A,Kerala
ChIJL1kaft3nBTsRtLXehnDN0Bo,Vallabhankunnu Hill Top,8.854020499999999,76.81705099999999,attraction,N/A,2025-01-26,N/A,N/A,Kerala
ChIJUb6phCFTBDsRv-xVzCDkogU,Thiruparappu Waterfalls,8.3913417,77.25942909999999,attraction,N/A,2025-01-26,N/A,N/A,Kerala
ChIJT8pfG3bvBTsRNX5f9afs1wM,"Edava Beach Varkala, Trivandrum",8.7603027,76.687272,attraction,N/A,2025-01-26,N/A,N/A,Kerala
ChIJK_vW_PgqBDsRl61YBJHIHuY,Courtallam Five Falls,8.9311702,77.23805519999999,attraction,N/A,2025-01-26,N/A,N/A,Kerala
ChIJ2zSMqHbMBTsRcHZRHnODTvY,Kallar Meenmutty Waterfalls,8.712217599999999,77.1452266,attraction,N/A,2025-01-26,N/A,N/A,Kerala
ChIJFy_ylAa4BTsRsc8YI2VKqtQ,Koyikkal Palace,8.609184299999999,77.0029165,attraction,N/A,2025-01-26,N/A,N/A,Kerala
ChIJ320R-3fHBTsR4RvsADu8HEg,"Joe Louis, View Point",8.6713086,76.9535394,attraction,N/A,2025-01-26,N/A,N/A,Kerala
ChIJdaHzXcLNBTsR-elnaJPjaLY,"Ponmudi Hill Top, Vithura",8.7673677,77.1110707,attraction,N/A,2025-01-26,N/A,N/A,Kerala
ChIJQ0v85T78BTsRRK4qaZSor8g,Thankassery Fort Ruins,8.8816541,76.5685074,attraction,N/A,2025-01-26,N/A,N/A,Kerala
ChIJWd7NXQy_BTsR_Y5C37dn3t0,Magic Planet,8.584427699999999,76.8795009,attraction,N/A,2025-01-26,N/A,N/A,Kerala
ChIJFW0poqC7BTsRM0uK6XBz7IU,Methan Mani,8.482730499999999,76.94598479999999,attraction,N/A,2025-01-26,N/A,N/A,Kerala
ChIJs0Wor3DVBTsR3EUyE5eY0po,Palaruvi Waterfalls,8.9421,77.16505149999999,attraction,N/A,2025-01-26,N/A,N/A,Kerala
ChIJpSnby4zdBTsRMsPrlFwN-Jo,Meenmutti Waterfalls,8.782548199999999,76.9182853,attraction,N/A,2025-01-26,N/A,N/A,Kerala
ChIJO-GHXAq7BTsRcPVAvlrir9Q,Ananthavilasam Palace,8.4807641,76.9446859,attraction,N/A,2025-01-26,N/A,N/A,Kerala
ChIJkSoG8t37BDsRSi5ckVxZ6no,Lemur Beach,8.1231692,77.3504128,attraction,N/A,2025-01-26,N/A,N/A,Kerala
ChIJ95JFMS7aBTsRe86pR-CKF3w,Kanyarkayam Waterfalls,8.8610822,76.9729272,attraction,N/A,2025-01-26,N/A,N/A,Kerala
ChIJebJOgULvBTsRwElTxtgCrJs,Varkala Beach,8.733718,76.704815,attraction,N/A,2025-01-26,N/A,N/A,Kerala
ChIJw07j80DnBTsR3JyXuElFyHY,Vattathil Waterfall Kalladathanni,8.8517347,76.8259735,attraction,N/A,2025-01-26,N/A,N/A,Kerala
ChIJER8LMBfVBTsR75-rEdGnPi4,Rajathottam view Point,8.9507996,77.1978476,attraction,N/A,2025-01-26,N/A,N/A,Kerala
ChIJxZZ1f1vDBTsR6kUiZajSDWk,Kottukunnam hill,8.7097141,76.89875479999999,attraction,N/A,2025-01-26,N/A,N/A,Kerala
ChIJDUFTnN_9BTsRPbXitwrZLFo,Thangassery-Beach Costal Rd,8.880291999999999,76.5822273,attraction,N/A,2025-01-26,N/A,N/A,Kerala
ChIJK2Gs4M67BTsRgTw-Yc4U4cA,Sri Chitra Art Gallery,8.5108855,76.9552947,attraction,N/A,2025-01-26,N/A,N/A,Kerala
ChIJpd_iOQ_7BTsR9U8v7In_0SA,Thanni Beach,8.823849,76.6416033,attraction,N/A,2025-01-26,N/A,N/A,Kerala
ChIJcWadzvbvBTsRv_YhyEvAeoE,# LOST WITH US,8.7362226,76.7036526,attraction,N/A,2025-01-26,N/A,N/A,Kerala
ChIJo1VEzrTHBTsRW-qaN22ffbk,Irappu Waterfall,8.651099,76.93433999999999,attraction,N/A,2025-01-26,N/A,N/A,Kerala
ChIJp0vOzazJBTsRX3SFHTMN10U,"Chittippara, Vithura",8.6433328,77.0720412,attraction,N/A,2025-01-26,N/A,N/A,Kerala
ChIJ3btOx9XkBTsRn8n9uym1R2o,Pozhikkara Beach,8.8178146,76.6456669,attraction,N/A,2025-01-26,N/A,N/A,Kerala
ChIJq88UY1C6BTsRy_HLs-1LPOs,Snake Park,8.4916321,76.974949,attraction,N/A,2025-01-26,N/A,N/A,Kerala
ChIJA-Cac3x1BjsRWVTA2xWV2ss,Malamel Temple Paara,8.9584222,76.8646753,attraction,N/A,2025-01-26,N/A,N/A,Kerala
ChIJLQuFsuMLBjsRv5vgOSNf4cQ,Muttara Maruthimala Parking,8.9560817,76.7568582,attraction,N/A,2025-01-26,N/A,N/A,Kerala
ChIJTZYUUGRSBDsR9irGaf8jNyk,Chittar Lake,8.4355739,77.24848899999999,attraction,N/A,2025-01-26,N/A,N/A,Kerala
ChIJ9SHCgSi7BTsR4elVF5gYcwc,Judgekunnu View Point,8.4507058,76.9611614,attraction,N/A,2025-01-26,N/A,N/A,Kerala
ChIJ3SL2-ywqBDsReqhmPpQ1N6Y,Tiger Falls,8.9270648,77.27823099999999,attraction,N/A,2025-01-26,N/A,N/A,Kerala
ChIJhZ7evIT8BTsRQhxx4nQqZd4,Mundakkal Beach,8.8638824,76.6053689,attraction,N/A,2025-01-26,N/A,N/A,Kerala
ChIJGWIV4e3JBTsRRLjJgwkzlco,"Thavakkal Waterfalls, Vithura",8.682331999999999,77.0855287,attraction,N/A,2025-01-26,N/A,N/A,Kerala
ChIJd2_5T8TdBTsRCGeIGutrBGo,Jatayu Rock,8.8658853,76.8672619,attraction,N/A,2025-01-26,N/A,N/A,Kerala
ChIJ2RLkI2XDBTsRHYFbPze0BCk,Kadalukaani Para,8.7507158,76.9093401,attraction,N/A,2025-01-26,N/A,N/A,Kerala
ChIJMZt8ozq8BTsREsFI_lNNdTc,Veli Beach,8.51154,76.8842033,beaches,N/A,2025-01-26,N/A,N/A,Kerala
ChIJ2f48RquoBTsRW6lLyjojb3s,Adimalathura Beach,8.3548795,77.0204624,beaches,N/A,2025-01-26,N/A,N/A,Kerala
ChIJDTgUYTj8BDsRtf0dqVQM85I,Colachel Beach,8.1721469,77.25462859999999,beaches,N/A,2025-01-26,N/A,N/A,Kerala
ChIJc9Bzc4L7BDsRja3TIdQT5os,Periyavilai Beach,8.1507682,77.29424039999999,beaches,N/A,2025-01-26,N/A,N/A,Kerala
ChIJZ-DdhgzvBTsRS9OPZlTRR5Q,Odayam Beach Varkala,8.7492389,76.6947708,beaches,N/A,2025-01-26,N/A,N/A,Kerala
ChIJow-lfhvvBTsRdAhVoZ0qNkk,Varkala Beachside Cliff,8.7355225,76.7042791,beaches,N/A,2025-01-26,N/A,N/A,Kerala
ChIJAYlbnK7_BDsRNbwB2dpxna4,Kurumpanai Beach,8.194830999999999,77.2250566,beaches,N/A,2025-01-26,N/A,N/A,Kerala
ChIJV8qj8AalBTsRWID7nTZedk0,Samudra Beach Park,8.40094,76.9725158,beaches,N/A,2025-01-26,N/A,N/A,Kerala
ChIJ10toy3G_BTsRqtZ0Ci3PwPE,Puthenthope Beach,8.572104099999999,76.8357098,beaches,N/A,2025-01-26,N/A,N/A,Kerala
ChIJyZYZCUi-BTsRUH8tXj55A-A,Thumba Beach,8.551729,76.8522456,beaches,N/A,2025-01-26,N/A,N/A,Kerala
ChIJUfMPOtPkBTsR-SbHMqhw5F4,Mayyanad Beach / Mukkam Beach,8.8336344,76.63395969999999,beaches,N/A,2025-01-26,N/A,N/A,Kerala
ChIJM_S8SailBTsRU2yRM6MfqqQ,Grove Beach,8.3958868,76.9731355,beaches,N/A,2025-01-26,N/A,N/A,Kerala
ChIJsdfjjNsBBTsR-LbpjPd2x1Q,Enayam Beach,8.2172885,77.18767559999999,beaches,N/A,2025-01-26,N/A,N/A,Kerala
ChIJebJOgULvBTsRwElTxtgCrJs,Varkala Beach,8.733718,76.704815,beaches,N/A,2025-01-26,N/A,N/A,Kerala
ChIJ2TVuNRzvBTsRmTZF4PcgmlI,Varkala Beach,8.7355515,76.7031667,beaches,N/A,2025-01-26,N/A,N/A,Kerala
ChIJg-KsYzS-BTsR7dx7klbcefI,St Andrews Beach,8.561995999999999,76.844293,beaches,N/A,2025-01-26,N/A,N/A,Kerala
ChIJccD3ZkK-BTsRlcQAyfGQWx0,Pallithura Beach,8.5449853,76.857147,beaches,N/A,2025-01-26,N/A,N/A,Kerala
ChIJSdXgxeLvBDsR6vYltMzXA6U,Periyakadu beach,8.1111446,77.38802559999999,beaches,N/A,2025-01-26,N/A,N/A,Kerala
ChIJw0gmOKuoBTsRKfDU_SFbwcg,Adimalathura Beach,8.3553417,77.01457570000001,beaches,N/A,2025-01-26,N/A,N/A,Kerala
ChIJB_zc3oO8BTsRmJDxZTAgmcg,Shangumugham Beach,8.4784498,76.9119061,beaches,N/A,2025-01-26,N/A,N/A,Kerala
ChIJFeFATnvlBTsRGZas5UFWXJg,Kappil Beach,8.7786118,76.6752027,beaches,N/A,2025-01-26,N/A,N/A,Kerala
ChIJDUFTnN_9BTsRPbXitwrZLFo,Thangassery-Beach Costal Rd,8.880291999999999,76.5822273,beaches,N/A,2025-01-26,N/A,N/A,Kerala
ChIJHcRvOC37BTsRpGsQfFIOSR8,Mayyanad Beach,8.822895200000001,76.6425347,beaches,N/A,2025-01-26,N/A,N/A,Kerala
ChIJCVOvB0i-BTsRfLlJroOTC1I,Thumba Arattuvazhi Beach (Golden Beach Thumba),8.5544733,76.8498769,beaches,N/A,2025-01-26,N/A,N/A,Kerala
ChIJ5WcvX63uBTsRcafwqQUc0cs,Arivalam Beach Park Varkala,8.700633999999999,76.7325275,beaches,N/A,2025-01-26,N/A,N/A,Kerala
ChIJ063sHIfvBTsROIVwcH17iLA,Kappil Beach,8.772569899999999,76.6798918,beaches,N/A,2025-01-26,N/A,N/A,Kerala
ChIJsVWmvCv8BTsRB7EyEPDZ4SE,Thirumullavaram Beach,8.894082599999999,76.5542688,beaches,N/A,2025-01-26,N/A,N/A,Kerala
ChIJhQfHmy_lBTsRGiCPXAUVHjw,Chillakkal Beach,8.8077965,76.65182089999999,beaches,N/A,2025-01-26,N/A,N/A,Kerala
ChIJuU2NNt29BTsRlZACjk2tAMY,Beach View Point,8.4786517,76.9123163,beaches,N/A,2025-01-26,N/A,N/A,Kerala
ChIJFTzKRDn7BDsR7DndENXJioc,Muttom Beach,8.1239109,77.31453080000001,beaches,N/A,2025-01-26,N/A,N/A,Kerala
ChIJratZramlBTsRWxNTNzF3OvI,Grow Beach Kovalam,8.395935999999999,76.9730372,beaches,N/A,2025-01-26,N/A,N/A,Kerala
ChIJx3fDE58ABTsRIW9lOp7aeS0,Edappadu Beach,8.2704041,77.1272135,beaches,N/A,2025-01-26,N/A,N/A,Kerala
ChIJ-ZRM92XlBTsRh3c8o3t_pwc,Paravur Beach,8.7911555,76.6654183,beaches,N/A,2025-01-26,N/A,N/A,Kerala
ChIJpd_iOQ_7BTsR9U8v7In_0SA,Thanni Beach,8.823849,76.6416033,beaches,N/A,2025-01-26,N/A,N/A,Kerala
ChIJj2M6pWMBBTsRQ-4UBt-5oSg,Thoothoor west beach,8.2603721,77.1410431,beaches,N/A,2025-01-26,N/A,N/A,Kerala
ChIJgaKr7mi8BTsRRPDwK12fba0,Vettukadu Beach,8.4932938,76.89910449999999,beaches,N/A,2025-01-26,N/A,N/A,Kerala
ChIJE09hT2H8BTsRSeSbD-JODrU,Kollam Beach,8.8756778,76.58891630000001,beaches,N/A,2025-01-26,N/A,N/A,Kerala
ChIJ4RHbg3D8BDsRg0NXuv5CYz8,Puthoor Beach,8.1613125,77.2782656,beaches,N/A,2025-01-26,N/A,N/A,Kerala
ChIJj3acNk6VBTsRCmD0wgTnj-Y,Gloria Beach,8.614117,76.8010907,beaches,N/A,2025-01-26,N/A,N/A,Kerala
ChIJcbqm9Cn_BDsRzR0LRtfM9nA,Midalam Beach,8.202732,77.214635,beaches,N/A,2025-01-26,N/A,N/A,Kerala
ChIJW5D3l2H7BTsRMVShipjQxQQ,Eravipuram Beach,8.8561239,76.61392289999999,beaches,N/A,2025-01-26,N/A,N/A,Kerala
ChIJy3Cbf5PlBTsRoTIMv7eEzJI,Mukkam Beach,8.8224701,76.6427791,beaches,N/A,2025-01-26,N/A,N/A,Kerala
ChIJPSzcj-CvBTsRHu5lm_VZG-0,Azhimala Beach,8.357040099999999,77.012581,beaches,N/A,2025-01-26,N/A,N/A,Kerala
ChIJkYh66XH7BDsRFg3Z6hPt4bY,Chinnavilai Beach,8.140539,77.3021971,beaches,N/A,2025-01-26,N/A,N/A,Kerala
ChIJAaJPyrilBTsRDLrkV-BOdm8,Pozhikkara Beach,8.424833399999999,76.9577427,beaches,N/A,2025-01-26,N/A,N/A,Kerala
ChIJY_Fc2-ylBTsRUWkJhAyHiHs,Vizhinjam Beach,8.3766383,76.9947273,beaches,N/A,2025-01-26,N/A,N/A,Kerala
ChIJeYZto3wBBTsRfJx_CqriupE,Erayumanthurai Beach,8.2451375,77.1621406,beaches,N/A,2025-01-26,N/A,N/A,Kerala
ChIJFepGbsv9BDsRni3c0ketkLM,Vaniyakudi Beach,8.1818331,77.234336,beaches,N/A,2025-01-26,N/A,N/A,Kerala
ChIJvypbKHcBBTsRZsLol4Qho3Y,Beach View Point,8.2362594,77.1696097,beaches,N/A,2025-01-26,N/A,N/A,Kerala
ChIJVwtJJhm9BTsRYlfKTFNjDiY,Kochuveli Beach,8.5075529,76.8871485,beaches,N/A,2025-01-26,N/A,N/A,Kerala
ChIJa8lc4k__BDsR5LZJcRn8DZw,Helen Nagar beach,8.213349299999999,77.19669119999999,beaches,N/A,2025-01-26,N/A,N/A,Kerala
ChIJQwEjkUkABTsR5BV4aFhTWt4,Thengapattanam Beach,8.2387402,77.16925379999999,beaches,N/A,2025-01-26,N/A,N/A,Kerala
ChIJi1i0jnb-BDsRdZJUCRDdBO4,Paraikal Beach,8.1944998,77.2242737,beaches,N/A,2025-01-26,N/A,N/A,Kerala
ChIJIaw46_zrBTsRfS4c2xUZVYM,Kayikkara Beach,8.68643,76.743484,beaches,N/A,2025-01-26,N/A,N/A,Kerala
ChIJHbOnjpepBTsRqCvqL6icsPE,Poovar Beach South,8.3041551,77.0818086,beaches,N/A,2025-01-26,N/A,N/A,Kerala
ChIJdwLzDQOlBTsRIpxz8nx8XvA,Harry Beach,8.3827038,76.9806346,beaches,N/A,2025-01-26,N/A,N/A,Kerala
ChIJXefVUoe8BTsRQ4jheQubzkM,Tsunami Beach Park,8.4808103,76.9124257,beaches,N/A,2025-01-26,N/A,N/A,Kerala
ChIJtVAUsQapBTsRTjsBCzKkUgo,Poovar Beach North,8.3178247,77.0647212,beaches,N/A,2025-01-26,N/A,N/A,Kerala
ChIJofssN4apBTsRUq8XKbl0Mv4,Somatheeram Beach,8.3550661,77.0150218,beaches,N/A,2025-01-26,N/A,N/A,Kerala
ChIJB3rZt_XlBTsRbvZMPw1MPjE,Vadakumbhagam beach,8.7975446,76.6597841,beaches,N/A,2025-01-26,N/A,N/A,Kerala
ChIJiWKz41HOBTsRZDtU1BOcVDw,Mankayam Waterfalls,8.767364299999999,77.08084120000001,waterfalls,N/A,2025-01-26,N/A,N/A,Kerala
ChIJs0Wor3DVBTsR3EUyE5eY0po,Palaruvi Waterfalls,8.9421,77.16505149999999,waterfalls,N/A,2025-01-26,N/A,N/A,Kerala
ChIJ2zSMqHbMBTsRcHZRHnODTvY,Kallar Meenmutty Waterfalls,8.712217599999999,77.1452266,waterfalls,N/A,2025-01-26,N/A,N/A,Kerala
ChIJw07j80DnBTsR3JyXuElFyHY,Vattathil Waterfall Kalladathanni,8.8517347,76.8259735,waterfalls,N/A,2025-01-26,N/A,N/A,Kerala
ChIJARBBQyjdBTsRp7BkWSZX98o,Erappil Waterfalls,8.8374667,76.85898329999999,waterfalls,N/A,2025-01-26,N/A,N/A,Kerala
ChIJj6U9BkLJBTsRYz4HXPoKpus,Pullikonam Waterfall,8.628819499999999,77.0465633,waterfalls,N/A,2025-01-26,N/A,N/A,Kerala
ChIJVSZHZ6GtBTsRZ415j9pBDOk,Aruvikkara Sivasakthi Waterfalls,8.4206597,77.12563779999999,waterfalls,N/A,2025-01-26,N/A,N/A,Kerala
ChIJ9b3geGXdBTsRa0xN0Q7qlkg,Gradakkuzhy Waterfalls,8.8059408,76.83789879999999,waterfalls,N/A,2025-01-26,N/A,N/A,Kerala
ChIJCcwZTR-zBTsRjNmOMEH1q7w,Madasseri Waterfalls,8.4981285,77.1667239,waterfalls,N/A,2025-01-26,N/A,N/A,Kerala
ChIJYyrRTb3bBTsRZJJDjR7kb5A,Kanyarkuzhi Waterfalls,8.8377137,76.9416379,waterfalls,N/A,2025-01-26,N/A,N/A,Kerala
ChIJS4UuXhkrBDsRolNUEQ3qPoI,Kutralam Water falls,8.9298162,77.269031,waterfalls,N/A,2025-01-26,N/A,N/A,Kerala
ChIJR9Hxg4JNBDsRyW-rr7yDVVg,Aanakulam waterfall,8.506079399999999,77.20118959999999,waterfalls,N/A,2025-01-26,N/A,N/A,Kerala
ChIJJ17DfZ3YBTsRej_H6ATRL0M,Erappu waterfalls (Oliyariku waterfalls),8.956608,76.95085,waterfalls,N/A,2025-01-26,N/A,N/A,Kerala
ChIJZwVf6-_HBTsRRiYAbtNBYTE,Irinchayam Waterfall,8.633102,76.967214,waterfalls,N/A,2025-01-26,N/A,N/A,Kerala
ChIJGWIV4e3JBTsRRLjJgwkzlco,"Thavakkal Waterfalls, Vithura",8.682331999999999,77.0855287,waterfalls,N/A,2025-01-26,N/A,N/A,Kerala
ChIJ9_564ID7BDsRsIoEzIHADi0,Karavilai Small Waterfalls,8.1488707,77.3711967,waterfalls,N/A,2025-01-26,N/A,N/A,Kerala
ChIJm4gPWUTHBTsR6AdjZOoSjvU,Meenmoodu Waterfalls,8.677556,76.9479676,waterfalls,N/A,2025-01-26,N/A,N/A,Kerala
ChIJ695M_corBDsRnPDPpXIaNdY,Shenbaga Devi Waterfalls,8.9223139,77.26632,waterfalls,N/A,2025-01-26,N/A,N/A,Kerala
ChIJ_akbSIDJBTsRgcyTc3PLR7M,Pampooru Kavu Waterfall,8.618812,77.0563483,waterfalls,N/A,2025-01-26,N/A,N/A,Kerala
ChIJ1S1Rz2zOBTsRPlHcSLJvp3E,"Madam Waterfalls,Brimore",8.7665581,77.0994517,waterfalls,N/A,2025-01-26,N/A,N/A,Kerala
ChIJYU0VByhNBDsRzSKKjWWM0go,Aanakkulam Waterfall (Amboori Waterfall),8.505897,77.2001945,waterfalls,N/A,2025-01-26,N/A,N/A,Kerala
ChIJT2CIDUXhBTsR-XUgGH9_RSk,Erappin Koottam Waterfalls,8.9273975,76.7918765,waterfalls,N/A,2025-01-26,N/A,N/A,Kerala
ChIJ42zCCo9OBDsRLWpwK_5xGI4,Mothiramalai Waterfalls,8.501650399999999,77.2992115,waterfalls,N/A,2025-01-26,N/A,N/A,Kerala
ChIJBWEFJXR3BjsRxdcFk8zZ8f8,Ooraliyazikam Waterfalls,8.969573,76.958235,waterfalls,N/A,2025-01-26,N/A,N/A,Kerala
ChIJXU8yma7DBTsR8Ditj-OIRh8,Para kuzhi waterfalls,8.773613400000002,76.9114191,waterfalls,N/A,2025-01-26,N/A,N/A,Kerala
ChIJ70bPPQDlBTsRQ6NdOdeXYRw,Ayiravilly waterfall,8.8174481,76.6807341,waterfalls,N/A,2025-01-26,N/A,N/A,Kerala
ChIJfeE_PCPfBTsRpqPBFNiAQUI,Water fall,8.8925553,76.8670262,waterfalls,N/A,2025-01-26,N/A,N/A,Kerala
ChIJv3mF1LvJBTsRmxQYtPQP4c8,Irappil waterfalls,8.6843504,77.0523005,waterfalls,N/A,2025-01-26,N/A,N/A,Kerala
ChIJAcEUwxi3BTsRMDuM7_46hk8,"Waterfalls , Aruvikkamoola , karippoor",8.6094502,77.0163388,waterfalls,N/A,2025-01-26,N/A,N/A,Kerala
ChIJteay3dffBTsRM0VvbkmsQbY,Irappan Para Waterfall,8.9184158,76.8629843,waterfalls,N/A,2025-01-26,N/A,N/A,Kerala
ChIJvUIirs7KBTsRn81PNIkby28,Bona Falls,8.646967799999999,77.1880865,waterfalls,N/A,2025-01-26,N/A,N/A,Kerala
ChIJj1b47MNTBDsR_4Lf4j5qoCE,Bhathralikuzhi Waterfalls,8.3870337,77.20785719999999,waterfalls,N/A,2025-01-26,N/A,N/A,Kerala
ChIJUbZzoynbBTsRGgqW_N_zaYc,Tholippacha waterfalls,8.8630056,76.9892887,waterfalls,N/A,2025-01-26,N/A,N/A,Kerala
ChIJ_y5MTqRXBDsRmQk9LRy9spg,Perunchilambu stream check dam falls,8.2908188,77.3548939,waterfalls,N/A,2025-01-26,N/A,N/A,Kerala
ChIJG5q6eop_BjsRAv8w8-pOgwo,Isfield Waterfalls,8.9647956,77.16798039999999,waterfalls,N/A,2025-01-26,N/A,N/A,Kerala
ChIJFep5LtAqBDsRHKNjAw3Wusc,Kannupuli Mettu oli Falls,8.9324437,77.2035093,waterfalls,N/A,2025-01-26,N/A,N/A,Kerala
ChIJp6XpIstNBDsRCnnZJ0ovayI,Irappam Kuzhi Waterfalls,8.5009228,77.20210340000001,waterfalls,N/A,2025-01-26,N/A,N/A,Kerala
ChIJR_7XweMrBDsR-Deh8t3QKaE,NSP falls,8.937392299999999,77.2080671,waterfalls,N/A,2025-01-26,N/A,N/A,Kerala
ChIJz5ZqV43jBTsRLYn61H7XsF4,kundumon waterfall,8.8909931,76.7093167,waterfalls,N/A,2025-01-26,N/A,N/A,Kerala
ChIJfV4NVADlBTsRipu7qxT1Ao4,Thonippara Waterfall,8.788700900000002,76.69186859999999,waterfalls,N/A,2025-01-26,N/A,N/A,Kerala
ChIJo1VEzrTHBTsRW-qaN22ffbk,Irappu Waterfall,8.651099,76.93433999999999,waterfalls,N/A,2025-01-26,N/A,N/A,Kerala
ChIJPZciKADlBTsRrbgrWDl6f5o,Ayiravilly waterfalls,8.8343046,76.7307871,waterfalls,N/A,2025-01-26,N/A,N/A,Kerala
ChIJOZQrImHZBTsRSRC3SwvjjRU,Aylara waterfall,8.9467921,76.97086929999999,waterfalls,N/A,2025-01-26,N/A,N/A,Kerala
ChIJ95JFMS7aBTsRe86pR-CKF3w,Kanyarkayam Waterfalls,8.8610822,76.9729272,waterfalls,N/A,2025-01-26,N/A,N/A,Kerala
ChIJUwOxCJPNBTsRdZ0I9x3bx2o,Meenmutty waterfall swimming place,8.7114122,77.14058039999999,waterfalls,N/A,2025-01-26,N/A,N/A,Kerala
ChIJF5aEbbyzBTsRIfGSwciO7tM,Neyyar Acqaduct step waterfall (നെയ്യാർ സ്റ്റെപ് വാട്ടർഫാൾ),8.508523199999999,77.1308758,waterfalls,N/A,2025-01-26,N/A,N/A,Kerala
ChIJp6shC6bZBTsRgPoKe0dZogs,Ozhukupara Waterfalls,8.9218429,76.9448767,waterfalls,N/A,2025-01-26,N/A,N/A,Kerala
ChIJPeLA44ELBjsRfPaOJYfRimg,Yakshi Kuzhi Waterfalls,8.9524481,76.8172108,waterfalls,N/A,2025-01-26,N/A,N/A,Kerala
ChIJi0pXVBELBjsRQM5czUyUVhU,"Pullakuzhi waterfalls, annoor",8.9664855,76.7446555,waterfalls,N/A,2025-01-26,N/A,N/A,Kerala
ChIJCXebC8TLBTsRRFnJrvwnGII,"Bonacaud Waterfall, Vithura",8.6796129,77.16885350000001,waterfalls,N/A,2025-01-26,N/A,N/A,Kerala
ChIJUb6phCFTBDsRv-xVzCDkogU,Thiruparappu Waterfalls,8.3913417,77.25942909999999,waterfalls,N/A,2025-01-26,N/A,N/A,Kerala
ChIJK_vW_PgqBDsRl61YBJHIHuY,Courtallam Five Falls,8.9311702,77.23805519999999,waterfalls,N/A,2025-01-26,N/A,N/A,Kerala
ChIJIyWVZw4LBjsR6dmgveMPUpc,Canal Aqueduct waterfalls,8.9718403,76.81080279999999,waterfalls,N/A,2025-01-26,N/A,N/A,Kerala
ChIJdz0NeZwpBDsRe-5ddjICWXg,Funland natural falls no cost,8.924932499999999,77.29629,waterfalls,N/A,2025-01-26,N/A,N/A,Kerala
ChIJpSnby4zdBTsRMsPrlFwN-Jo,Meenmutti Waterfalls,8.782548199999999,76.9182853,waterfalls,N/A,2025-01-26,N/A,N/A,Kerala
ChIJq2tLUyjPBTsR1KCXusblc5U,Idinjar Waterfalls,8.767362,77.0807943,waterfalls,N/A,2025-01-26,N/A,N/A,Kerala
ChIJ3SL2-ywqBDsReqhmPpQ1N6Y,Tiger Falls,8.9270648,77.27823099999999,waterfalls,N/A,2025-01-26,N/A,N/A,Kerala
ChIJSbdL6FwpBDsRe3ls0A6mwDI,Old Courtallam Falls,8.8998138,77.2956647,waterfalls,N/A,2025-01-26,N/A,N/A,Kerala
ChIJQWR8z5PxBDsRbMNKTCSBCkU,Ammachiyarcoiloor water fall,8.1227093,77.3851194,waterfalls,N/A,2025-01-26,N/A,N/A,Kerala
ChIJA_Fx1PtVBDsRZCYrQcASzuI,Aruvikkarai water falls,8.3308606,77.2767387,waterfalls,N/A,2025-01-26,N/A,N/A,Kerala
ChIJDYhx3Nm_BTsRQZq9dmCEN-c,Dr.APJ ABDUL KALAM PARK,8.5261552,76.8817097,parks,N/A,2025-01-26,N/A,N/A,Kerala
ChIJyZiTuI29BTsRaTY7ueH_Euk,Aakulam Bridge Walk Park,8.519268100000001,76.8980188,parks,N/A,2025-01-26,N/A,N/A,Kerala
ChIJTSkZi3C7BTsRiNd4kcFCPYA,Green Park,8.473490199999999,76.93107739999999,parks,N/A,2025-01-26,N/A,N/A,Kerala
ChIJVVUVqKi7BTsRCS29YFjxmHE,Ponnara Sreedhar Park,8.487468999999999,76.95287359999999,parks,N/A,2025-01-26,N/A,N/A,Kerala
ChIJ2-2cJOa7BTsRxTZH-Pcd680,AKG park Pottakuzhy,8.5149781,76.9372746,parks,N/A,2025-01-26,N/A,N/A,Kerala
ChIJ73uuzYC8BTsRs4EapJwM-Nk,Park,8.479459199999999,76.912662,parks,N/A,2025-01-26,N/A,N/A,Kerala
ChIJ7U1-Y1OvBTsRceCUhqpSj7Q,Swadeshabhimani Park Neyyattinkara,8.4015377,77.0875617,parks,N/A,2025-01-26,N/A,N/A,Kerala
ChIJP2INvA67BTsRkvuYU15TGtw,Sastamkovil Park,8.476129499999999,76.94761919999999,parks,N/A,2025-01-26,N/A,N/A,Kerala
ChIJb9dItlG5BTsRsmXTkFOc3aA,Kannottukonam Pond And Park,8.5340375,76.9263485,parks,N/A,2025-01-26,N/A,N/A,Kerala
ChIJ10Ga4D78BTsRb_btqcohJag,Thangasseri Park,8.882364299999999,76.56881390000001,parks,N/A,2025-01-26,N/A,N/A,Kerala
ChIJU4usMxzlBTsR3549a42rUNo,Nehru Park (Paravur Municipal Park),8.8141308,76.6710598,parks,N/A,2025-01-26,N/A,N/A,Kerala
ChIJxwmRU3P7BDsRyKQ8jI2a5wY,Park,8.1714022,77.3559564,parks,N/A,2025-01-26,N/A,N/A,Kerala
ChIJK5kVzqDkBTsRjesTITnusjA,Santhosh Park kochalummodu,8.857805599999999,76.65906609999999,parks,N/A,2025-01-26,N/A,N/A,Kerala
ChIJ82KVMHi7BTsR2iSsZgAqsDg,Children's Park,8.5177252,76.97186529999999,parks,N/A,2025-01-26,N/A,N/A,Kerala
ChIJQQGJsC-6BTsRwPTBtnSr-DU,Soorya Gardens Children's Park,8.5174487,76.9733909,parks,N/A,2025-01-26,N/A,N/A,Kerala
ChIJ5WcvX63uBTsRcafwqQUc0cs,Arivalam Beach Park Varkala,8.700633999999999,76.7325275,parks,N/A,2025-01-26,N/A,N/A,Kerala
ChIJrYQ8Iw-7BTsR4RRCFDEwkFw,Mythri Park,8.5208417,76.9233567,parks,N/A,2025-01-26,N/A,N/A,Kerala
ChIJJTdpjb-lBTsRmUY0OnIm7fc,"Evening Park, Harbour Road Vizhinjam",8.377122,76.98579749999999,parks,N/A,2025-01-26,N/A,N/A,Kerala
ChIJzcFziRW_BTsRefKcTui4uvk,Mahatma Ayyankali Park,8.569748299999999,76.8786513,parks,N/A,2025-01-26,N/A,N/A,Kerala
ChIJszY01cG7BTsRiCDJ6B9RIic,Kunnukuzhy Childrens Park,8.5068437,76.941429,parks,N/A,2025-01-26,N/A,N/A,Kerala
ChIJ9X_2Yea_BTsRaytjR21Pd0E,Biodiversity Park,8.5687676,76.888502,parks,N/A,2025-01-26,N/A,N/A,Kerala
ChIJXefVUoe8BTsRQ4jheQubzkM,Tsunami Beach Park,8.4808103,76.9124257,parks,N/A,2025-01-26,N/A,N/A,Kerala
ChIJA9gKZQDBBTsRq6sP7y1LVO0,O2 Park,8.6198366,76.8593021,parks,N/A,2025-01-26,N/A,N/A,Kerala
ChIJXTiBrse7BTsRwp38kujHiOk,EMS park,8.506411,76.95042649999999,parks,N/A,2025-01-26,N/A,N/A,Kerala
ChIJxXDCf5f9BTsR5UaWuvJUgdw,Children's park,8.8800594,76.5670051,parks,N/A,2025-01-26,N/A,N/A,Kerala
ChIJIb58n3y7BTsRfMa4KoalZWA,River valley Park,8.5178642,76.9757387,parks,N/A,2025-01-26,N/A,N/A,Kerala
ChIJ5StDY1W7BTsR0Z76aCo3YwQ,Sreekandeswaram Park,8.4862757,76.9420694,parks,N/A,2025-01-26,N/A,N/A,Kerala
ChIJv3zMhGa7BTsRcB6uyyXDp8M,Mahatma Gandhiji Park,8.4652572,76.92610499999999,parks,N/A,2025-01-26,N/A,N/A,Kerala
ChIJZ_GxlTG_BTsRGeAKca0YhmE,Butterfly Park,8.564184800000001,76.890288,parks,N/A,2025-01-26,N/A,N/A,Kerala
ChIJ61q_4Su7BTsRSNc4cGqIxBg,"Pangode, Pallimukku park",8.5004473,76.9882557,parks,N/A,2025-01-26,N/A,N/A,Kerala
ChIJ0Yh5iKe7BTsRe6HW_sGf8z4,Green Park,8.5097822,76.95572419999999,parks,N/A,2025-01-26,N/A,N/A,Kerala
ChIJecc7AuKBBjsRPwF45T5emoc,Shengottai Municipality Musthafa Park / செங்கோட்டை நகராட்சி முஸ்தபா பூங்கா,8.9725749,77.24867739999999,parks,N/A,2025-01-26,N/A,N/A,Kerala
ChIJQ3-5mLi7BTsRvL2VgCEnopQ,Aasan Park,8.5034662,76.9484174,parks,N/A,2025-01-26,N/A,N/A,Kerala
ChIJG1JQknC7BTsR4u1fRLV2k_E,Vettamukku Park,8.5085038,76.98754699999999,parks,N/A,2025-01-26,N/A,N/A,Kerala
ChIJo_G32C3NBTsRfrfMajUqHjg,Children's Park,8.757633499999999,77.1160388,parks,N/A,2025-01-26,N/A,N/A,Kerala
ChIJ92IzB_X8BTsRaYk8WNHDPaU,Nehru Park,8.8816319,76.5974931,parks,N/A,2025-01-26,N/A,N/A,Kerala
ChIJMxGxspG7BTsRSqTLWZIn9TE,PADMABHOOSHAN K.SUKUMARAN MEMORIAL PARK,8.495424,76.9318359,parks,N/A,2025-01-26,N/A,N/A,Kerala
ChIJHa-FGwC7BTsRv_VGdXVPMvw,JURASSIC PARK SULAIMANSTREET,8.4717608,76.9237201,parks,N/A,2025-01-26,N/A,N/A,Kerala
ChIJS3GhAjLDBTsR2rzeVIqlbe4,GateMukku children’s park,8.722232199999999,76.84902629999999,parks,N/A,2025-01-26,N/A,N/A,Kerala
ChIJrxXHvv4vBDsRMcoFd2TP4d0,Park,8.802713599999999,77.37381049999999,parks,N/A,2025-01-26,N/A,N/A,Kerala
ChIJQZ8EW9S7BTsR59HBpBi47zQ,Kowdiar Park,8.5222778,76.9609528,parks,N/A,2025-01-26,N/A,N/A,Kerala
ChIJayUBAXG5BTsRN6cuOlax-xA,Alappuram Park,8.5330534,76.9514796,parks,N/A,2025-01-26,N/A,N/A,Kerala
ChIJAUqcWae7BTsRmEccgCZKecQ,Gandhi Park,8.4828121,76.9479666,parks,N/A,2025-01-26,N/A,N/A,Kerala
ChIJQ1jykPgqBDsRWh_K8EP8SzM,Eco park courtallam,8.930650199999999,77.2396954,parks,N/A,2025-01-26,N/A,N/A,Kerala
ChIJd8MVNy27BTsRsBL0wbW0vdA,Captain Lakshmi Park,8.509117999999999,76.9577875,parks,N/A,2025-01-26,N/A,N/A,Kerala
ChIJRcV9NTu7BTsR9dtJu9bJjQ0,Sree Narayana Guru Park,8.5089277,76.9569594,parks,N/A,2025-01-26,N/A,N/A,Kerala
ChIJ8Uzg1s67BTsRocCdwBtKIcY,Children's Park,8.510132,76.9559237,parks,N/A,2025-01-26,N/A,N/A,Kerala
ChIJQ2n-k2H8BTsRm0A0iN9fJw0,Mahatma Gandhi Park,8.8744098,76.5933165,parks,N/A,2025-01-26,N/A,N/A,Kerala
ChIJLRBlKB28BTsRGUoaAsEfLpg,Akkulam Children's Park,8.521496599999999,76.90601579999999,parks,N/A,2025-01-26,N/A,N/A,Kerala
ChIJH2PulTu8BTsRqzc5kbA2iDI,Veli Children's Park,8.5104009,76.890106,parks,N/A,2025-01-26,N/A,N/A,Kerala
ChIJUZyjSwq7BTsReg2BOno0va0,Sri Chithirathirunal Park,8.4799477,76.9453303,parks,N/A,2025-01-26,N/A,N/A,Kerala
ChIJYwGIkFP8BTsR6RfmLCJ7Fr4,"Children's Park, Kollam",8.896364199999999,76.5886803,parks,N/A,2025-01-26,N/A,N/A,Kerala
ChIJq_30syfHBTsRDN_ppvdu-Qw,Happyland Water Theme & Amusement Park,8.6549868,76.9332366,parks,N/A,2025-01-26,N/A,N/A,Kerala
ChIJ6a-CYFL8BTsRhLYnvG5ssik,"Adventure Park, Kollam",8.8972222,76.584941,parks,N/A,2025-01-26,N/A,N/A,Kerala
ChIJVVUlcX_bBTsRAhBEHFXKLXY,Childrens Park Kadakkal,8.8251385,76.9214878,parks,N/A,2025-01-26,N/A,N/A,Kerala
ChIJwTNszYC8BTsR3es6vOY8uRY,Children's Park Shanghumugham,8.4805098,76.9123046,parks,N/A,2025-01-26,N/A,N/A,Kerala
ChIJp1XEt8i7BTsRBVekLG-xNhg,Museum Garden Park,8.509019499999999,76.9541672,parks,N/A,2025-01-26,N/A,N/A,Kerala
ChIJmzXhtGi6BTsRpNZ5ra1kROU,Kaavakkulam Pond Park,8.4957967,76.9930438,parks,N/A,2025-01-26,N/A,N/A,Kerala
ChIJ4ctFls0pBDsRULXiO18rTCc,Kizhapuliyur Park,8.9577803,77.3286067,parks,N/A,2025-01-26,N/A,N/A,Kerala
ChIJQ5TmvpjhBTsR3BKGDR_T_1k,Yogamayanandha Botanical Garden & Childrens Park,8.9214335,76.7643878,parks,N/A,2025-01-26,N/A,N/A,Kerala
ChIJxXkI0ci7BTsRtzMvTTTCgvA,Napier Museum,8.5089657,76.955072,museum,N/A,2025-01-26,N/A,N/A,Kerala
ChIJJ3Vslsi7BTsRfgqB8g0KBZw,Keralam - Museum of History and Heritage,8.5082486,76.95316729999999,museum,N/A,2025-01-26,N/A,N/A,Kerala
ChIJDf0bm2O-BTsRwUV5se5cEk8,Space Museum,8.536939799999999,76.8671858,museum,N/A,2025-01-26,N/A,N/A,Kerala
ChIJfRglBD26BTsR-qFbpmFkXd8,Natural History Museum,8.5101257,76.9565765,museum,N/A,2025-01-26,N/A,N/A,Kerala
ChIJuy7CBEi7BTsRntPsU51Dz1U,Bell Museum,8.5068906,76.9897385,museum,N/A,2025-01-26,N/A,N/A,Kerala
ChIJy_Q0eqC7BTsRvUDBNr3kSmY,Puthen Malika Palace Museum,8.482731099999999,76.9458877,museum,N/A,2025-01-26,N/A,N/A,Kerala
ChIJJ6XiLMG7BTsRNLn9DXy6Ctw,Legislature Museum,8.5072025,76.9470017,museum,N/A,2025-01-26,N/A,N/A,Kerala
ChIJ--aUNki7BTsRG6attcmcPRc,Museum Gate,8.5085905,76.9535872,museum,N/A,2025-01-26,N/A,N/A,Kerala
ChIJpaKI8MO7BTsRSSwpdXl5jRM,KSST Museum & Priyadarsini Planetarium,8.510031999999999,76.946499,museum,N/A,2025-01-26,N/A,N/A,Kerala
ChIJL8v8Wma9BTsRxpKc7bryzos,Indian Air Force Museum,8.5216935,76.9056068,museum,N/A,2025-01-26,N/A,N/A,Kerala
ChIJqwQfH8sHBjsRsO4JXrCP6Ow,Ashtamudi craft museum,8.9590139,76.59829880000001,museum,N/A,2025-01-26,N/A,N/A,Kerala
ChIJd4lKrYm7BTsRsfQpAeUFUqU,Palm-Leaf Manuscripts Museum,8.486513799999999,76.9401935,museum,N/A,2025-01-26,N/A,N/A,Kerala
ChIJJxvemKa7BTsRnwdAcDXWFfI,Kuthira Maliga Palace Museum,8.4825856,76.94549529999999,museum,N/A,2025-01-26,N/A,N/A,Kerala
ChIJIZ1xKsm7BTsRXRSL46W4fIk,Museum Radio Mandapam,8.5094035,76.9556739,museum,N/A,2025-01-26,N/A,N/A,Kerala
ChIJI0gyvBq_BTsR7p9zVmiLyRE,"Archaeological Museum, Department of Archaeology, University of Kerala",8.5613143,76.8885515,museum,N/A,2025-01-26,N/A,N/A,Kerala
ChIJxyerXQq7BTsRbv0xO8pnuUM,Maharaja Swathi Thirunal Palace (Kuthira Malika),8.4824374,76.9455446,museum,N/A,2025-01-26,N/A,N/A,Kerala
ChIJR1bTtem7BTsR5aiwlIXkfeY,Sunil's Wax Museum Trivandrum,8.4806553,76.9450292,museum,N/A,2025-01-26,N/A,N/A,Kerala
ChIJpZETgWfHBTsR3IF-2FqVkW4,MUSEUM OF THE WORD,8.620254899999999,76.94132979999999,museum,N/A,2025-01-26,N/A,N/A,Kerala
ChIJk_gMSrS7BTsRiipbyrDm-rA,Survey Museum,8.5014908,76.9600057,museum,N/A,2025-01-26,N/A,N/A,Kerala
ChIJma8HPD2lBTsRA9zrr45CG0k,"Soil Museum( College og Agriculture, Vellayani( Thiruvananthapuram)",8.4314279,76.98736439999999,museum,N/A,2025-01-26,N/A,N/A,Kerala
ChIJlxkUd527BTsRqQ8kbRmOVk8,Bio Diversity Museum,8.4785393,76.92988869999999,museum,N/A,2025-01-26,N/A,N/A,Kerala
ChIJgX4If9S7BTsRxz6_edVQVHQ,Footprints - Banking History Museum SBT,8.520681,76.961235,museum,N/A,2025-01-26,N/A,N/A,Kerala
ChIJNwpPGG7XBTsRfGpnRHZH09E,Kulathupuzha Forest Museum,8.905935399999999,77.0572767,museum,N/A,2025-01-26,N/A,N/A,Kerala
ChIJT4LdaQq7BTsRk1TRXOxn7B4,Sri Swathi Thirunal Museum,8.481115299999999,76.94512950000001,museum,N/A,2025-01-26,N/A,N/A,Kerala
ChIJK2Gs4M67BTsRgTw-Yc4U4cA,Sri Chitra Art Gallery,8.5108855,76.9552947,museum,N/A,2025-01-26,N/A,N/A,Kerala
ChIJN1MnF0O5BTsRQ8UHjs-BA7g,State Soil Museum and State Soil Information Centre,8.5376137,76.9373872,museum,N/A,2025-01-26,N/A,N/A,Kerala
ChIJ2XltYxG7BTsRSd7OUA5hFtc,Coin Museum,8.467995,76.9473242,museum,N/A,2025-01-26,N/A,N/A,Kerala
ChIJUzvScXO7BTsRwN6PsJ92IOI,Arteria Museum Wall,8.5080837,76.95419749999999,museum,N/A,2025-01-26,N/A,N/A,Kerala
ChIJvV7278O7BTsRfQiOQoedoxI,"Electronics, Mathematics and Robotics Museum",8.5099878,76.94624089999999,museum,N/A,2025-01-26,N/A,N/A,Kerala
ChIJGR6_Owq7BTsRiON_ZCIkzyM,H.H Uthradam Thirunal Marthanda Varma Chithralayam,8.481132200000001,76.9456616,museum,N/A,2025-01-26,N/A,N/A,Kerala
ChIJjYiWkiKsBTsRudz1iXeC_S8,Charithra Malika History Museum,8.3819911,77.11182,museum,N/A,2025-01-26,N/A,N/A,Kerala
ChIJtwOvahK9BTsRllrSSppCpmo,Travancore Titanium Art Wall,8.5015134,76.9031921,museum,N/A,2025-01-26,N/A,N/A,Kerala
ChIJFy_ylAa4BTsRsc8YI2VKqtQ,Koyikkal Palace,8.609184299999999,77.0029165,museum,N/A,2025-01-26,N/A,N/A,Kerala
ChIJz2kl4vorBDsRF4ndQ_ZMx_A,Courtallam Kerala Palace,8.9352507,77.2700593,museum,N/A,2025-01-26,N/A,N/A,Kerala
ChIJ78CLtFj8BTsR4d_pcmpoxbU,Sardar Vallabhai Patel Police Museum,8.8842994,76.59388779999999,museum,N/A,2025-01-26,N/A,N/A,Kerala
ChIJn9woXo67BTsRgWzC7-VfZMM,Adeodatus Memorial Carmelite Museum,8.5010199,76.9629676,museum,N/A,2025-01-26,N/A,N/A,Kerala
ChIJj_0ENsHJBTsRX8cmbMeiR_M,"Vinobanikethan Historical Museum, Vithura",8.6342143,77.07468229999999,museum,N/A,2025-01-26,N/A,N/A,Kerala
ChIJRdyV9rq7BTsRTmG_Z6edrAs,SMSM Centenary Building Theme showroom and Exhibition center,8.4959403,76.9502163,museum,N/A,2025-01-26,N/A,N/A,Kerala
ChIJJ4vnawC_BTsRiDOtE6ur1D0,Gandhipuram Road,8.5554125,76.90922619999999,museum,N/A,2025-01-26,N/A,N/A,Kerala
ChIJfQTaESG7BTsRtZtWDbqMK50,Sri Uttaradi Math,8.4841953,76.94383669999999,museum,N/A,2025-01-26,N/A,N/A,Kerala
ChIJR-snhAfrBTsRI6100wgk7-A,"Asan Smarakam, Kayikkara",8.6840428,76.7468164,museum,N/A,2025-01-26,N/A,N/A,Kerala
ChIJx4gMinW7BTsREHzJgiaNkNo,Arumana Amma Veedu,8.4820795,76.9372301,museum,N/A,2025-01-26,N/A,N/A,Kerala
ChIJZaN3eXClBTsRk5fgZ1S12M8,Kpms Venniyoor,8.4069598,76.9985418,museum,N/A,2025-01-26,N/A,N/A,Kerala
ChIJ6ZRFmlL_BDsRh5JEGp74HBM,Clock Tower,8.268924499999999,77.2845742,museum,N/A,2025-01-26,N/A,N/A,Kerala
ChIJL3Ta54X8BTsRg7O3lZ3zrL4,Mundakkal Papanasham മുണ്ടക്കൽ പാപനാശം,8.8670846,76.60154279999999,museum,N/A,2025-01-26,N/A,N/A,Kerala
ChIJb-BohH_bBTsRbdcUrADjsYY,Kadakkal Viplava Smarakam,8.825422999999999,76.9207241,museum,N/A,2025-01-26,N/A,N/A,Kerala
ChIJPYFDOgC_BTsR05CyoOHLycU,Geology museum,8.563942599999999,76.8880858,museum,N/A,2025-01-26,N/A,N/A,Kerala
ChIJ7bV8aAC7BTsR4zOKavR0uWk,Chitralayam art museum,8.4818448,76.94517549999999,museum,N/A,2025-01-26,N/A,N/A,Kerala
ChIJHdGeLKC7BTsRQu6I--9bs40,Directorate Of Archaeology,8.4848614,76.9414212,museum,N/A,2025-01-26,N/A,N/A,Kerala
ChIJ6ac8pcwrBDsRBtpJuRee-3I,MUSEUM,8.932492,77.2719482,museum,N/A,2025-01-26,N/A,N/A,Kerala
ChIJMdthPM0HBjsRtUvjdai269M,SAMBASIVAN SMRITHY KUDEERAM (Sambasivan Tomb),8.9568297,76.5559533,museum,N/A,2025-01-26,N/A,N/A,Kerala
ChIJS7mDYKu7BTsRGzD3n219bzg,Mahatma Gandhi Smaraka Grandashala,8.4903247,76.9273219,museum,N/A,2025-01-26,N/A,N/A,Kerala
ChIJ1XnRwuC9BTsRtkbBP1CS-ew,Surya Kiran Aircraft,8.5211252,76.9055159,museum,N/A,2025-01-26,N/A,N/A,Kerala
ChIJUQIvW84HBjsR5Tnn07IWq6w,Azhakath Palace,8.961830299999999,76.551096,museum,N/A,2025-01-26,N/A,N/A,Kerala
ChIJb4pTNGvrBTsRzNJmAqMhLB8,Travancore Mini Historical Museum,8.688597699999999,76.801814,museum,N/A,2025-01-26,N/A,N/A,Kerala
ChIJ9-M7Y0u-BTsRQcA9P1PNDpg,Anugraha Bhavan Retreat Center Kazhakuttom,8.5634088,76.85466,museum,N/A,2025-01-26,N/A,N/A,Kerala
ChIJMxKi5cO7BTsR9Ajfj33-r-o,Musical Fountain,8.5098863,76.9460947,museum,N/A,2025-01-26,N/A,N/A,Kerala
ChIJBatC3HrrBTsRr5OcXf5cZZQ,Prem Nazir Smarakam,8.655874899999999,76.784151,museum,N/A,2025-01-26,N/A,N/A,Kerala
ChIJQ9XsqgCtBTsRMVlz95l6m9I,Kerala model charupadi,8.384067,77.18790589999999,museum,N/A,2025-01-26,N/A,N/A,Kerala
ChIJVVUl8zv7BDsRCwatZwSTUzw,Muttom Light House,8.1244797,77.31660099999999,museum,N/A,2025-01-26,N/A,N/A,Kerala
ChIJEcecdeh3AjoRj-XwNn_Df9A,James Prinsep Monument,22.5552828,88.3311699,attraction,N/A,2025-01-26,N/A,N/A,West Bengal
ChIJb1sq4kR1AjoRZefrzpDLKvI,Eco Park,22.6004077,88.4706037,attraction,N/A,2025-01-26,N/A,N/A,West Bengal
ChIJ32eM87V1AjoRkTcxeNNzLYQ,Nicco park,22.5710541,88.4205078,attraction,N/A,2025-01-26,N/A,N/A,West Bengal
ChIJ6Yllsal1AjoREYtNwKFZqy4,SNOWPARK KOLKATA,22.5796534,88.45984299999999,attraction,N/A,2025-01-26,N/A,N/A,West Bengal
ChIJgZ6T-qF2AjoR_YriKXZbuKo,Dynamotion Hall,22.5398325,88.39689729999999,attraction,N/A,2025-01-26,N/A,N/A,West Bengal
ChIJb9demMl3AjoRfxBr3PdH4Pg,Science City Ropeway,22.5390967,88.3971249,attraction,N/A,2025-01-26,N/A,N/A,West Bengal
ChIJ4dqNBSGj-DkRNqiYP_MszCU,Balisha place of attraction,22.7954549,88.5448346,attraction,N/A,2025-01-26,N/A,N/A,West Bengal
ChIJfz1B17V1AjoRqgAMxw-Bewc,River Cave,22.5701634,88.4229241,attraction,N/A,2025-01-26,N/A,N/A,West Bengal
ChIJU_FHNlV3AjoR0uh8BONsMpQ,Mallick Ghat,22.5829536,88.3486829,attraction,N/A,2025-01-26,N/A,N/A,West Bengal
ChIJAYpE6KJ3AjoR5Gp1_roxcPw,Millennium Park,22.5728209,88.34454930000001,attraction,N/A,2025-01-26,N/A,N/A,West Bengal
ChIJXSw0yrV3AjoR7AUALYqTLUI,Jorasanko Thakurbari,22.5848955,88.3592287,attraction,N/A,2025-01-26,N/A,N/A,West Bengal
ChIJwxLsc5V1AjoRFHMLFgHoQtc,Big Ben,22.6000997,88.40669779999999,attraction,N/A,2025-01-26,N/A,N/A,West Bengal
ChIJQU8JseSa-DkRC1Z-R86MtPA,Mangal Pandey Park,22.7613423,88.35267309999999,attraction,N/A,2025-01-26,N/A,N/A,West Bengal
ChIJu7-B1hl3AjoRqmYx0NDKKDk,Victoria Square,22.5436996,88.3528414,attraction,N/A,2025-01-26,N/A,N/A,West Bengal
ChIJr_BsCJlfAjoR_DhvtvEEXMY,Diamond Harbour River Side,22.1894896,88.18457099999999,attraction,N/A,2025-01-26,N/A,N/A,West Bengal
ChIJXwbapLSV-DkRRZE7N7cnvLY,Birding area,22.9160945,88.4302459,attraction,N/A,2025-01-26,N/A,N/A,West Bengal
ChIJm9YCfaaR-DkRPgtAgEVPGKI,Chandannagar Strand,22.8575741,88.3700575,attraction,N/A,2025-01-26,N/A,N/A,West Bengal
ChIJc91H2lt1AjoRZHPCMUoDuz0,Sculpture Garden,22.6061478,88.4663152,attraction,N/A,2025-01-26,N/A,N/A,West Bengal
ChIJVw8V0bd1AjoRGlldpp_gqUw,Wet O Wild,22.5719761,88.42247789999999,attraction,N/A,2025-01-26,N/A,N/A,West Bengal
ChIJKVRqcP51AjoRpre5ozzsIis,Rain Garden,22.6054039,88.46795039999999,attraction,N/A,2025-01-26,N/A,N/A,West Bengal
ChIJ251zRON3AjoRqK7fM3bzt-E,Babughat View Points,22.5656104,88.3395118,attraction,N/A,2025-01-26,N/A,N/A,West Bengal
ChIJKR0B3RR3AjoR1OT7KSYlShE,Mohar Kunja,22.5437575,88.34506929999999,attraction,N/A,2025-01-26,N/A,N/A,West Bengal
ChIJ0S4GH651AjoR3f-kUKe0Hac,Smart Street,22.5796166,88.4681693,attraction,N/A,2025-01-26,N/A,N/A,West Bengal
ChIJqTpEcgCb-DkRs_fbzLAKfaE,Gandhi Ghat,22.7526887,88.36226649999999,attraction,N/A,2025-01-26,N/A,N/A,West Bengal
ChIJsQjWPC9tAjoRQgAYjMk1imY,The Blessings,22.4160736,88.4131469,attraction,N/A,2025-01-26,N/A,N/A,West Bengal
ChIJf9lALal3AjoRJdufNwAhDE8,Bow Barracks,22.569721,88.3563272,attraction,N/A,2025-01-26,N/A,N/A,West Bengal
ChIJO9C2t_Z3AjoR4zRowblmUC4,Belilious Park,22.5954757,88.3283431,attraction,N/A,2025-01-26,N/A,N/A,West Bengal
ChIJtzxtYW6HAjoR4yRT5c01ooE,Achipur Riverside,22.4481591,88.12754919999999,attraction,N/A,2025-01-26,N/A,N/A,West Bengal
ChIJNZlEIId1AjoRxCq7WM5gSbI,Newtown Carnival Street,22.5814873,88.4592375,attraction,N/A,2025-01-26,N/A,N/A,West Bengal
ChIJ0Tm28LV3AjoRPC8kF8fpuQc,Jorasanko Rajbari,22.5850983,88.3588072,attraction,N/A,2025-01-26,N/A,N/A,West Bengal
ChIJg3Og26hV_zkRKt0M1-1iLv8,Rocking place,22.7091095,88.83485809999999,attraction,N/A,2025-01-26,N/A,N/A,West Bengal
ChIJiYNmoH6x-DkRhxnS13ZTdXw,Haunted House,22.8463882,88.6360528,attraction,N/A,2025-01-26,N/A,N/A,West Bengal
ChIJdXBcSzeZ-DkRvoT8579ZX2s,Singerber Green view,22.7331765,88.4265381,attraction,N/A,2025-01-26,N/A,N/A,West Bengal
ChIJu2VRsF1xAjoRAfxRAooTTP0,Howrah bridge replica,22.4726569,88.388795,attraction,N/A,2025-01-26,N/A,N/A,West Bengal
ChIJZz-naXyX-DkRSlmrhsjcLko,Chinsurah Joraghat,22.893808,88.40432,attraction,N/A,2025-01-26,N/A,N/A,West Bengal
ChIJ9zJCc6x3AjoRsF-5G2PqBHU,Ganga View Point,22.6077233,88.3666671,attraction,N/A,2025-01-26,N/A,N/A,West Bengal
ChIJJ7kN7n2X-DkRfelcN6DaLiQ,SILENT Lane,22.870664,88.46601869999999,attraction,N/A,2025-01-26,N/A,N/A,West Bengal
ChIJxxAsutt3AjoR4eWC2oZL6fY,Kasia Bagan Pond,22.5390507,88.36803069999999,attraction,N/A,2025-01-26,N/A,N/A,West Bengal
ChIJjVJx3Rt3AjoRUh2lhmWDOcc,Nature Study Park,22.5465185,88.3565646,attraction,N/A,2025-01-26,N/A,N/A,West Bengal
ChIJ2e8_qhSd-DkReMBcR1VRzdw,JAHAJ BARI,22.6341494,88.3484264,attraction,N/A,2025-01-26,N/A,N/A,West Bengal
ChIJ7zWPFqxzAjoRoOEmkGPHMoA,Rabindranath Tagore Watchtower,22.4916087,88.4026426,attraction,N/A,2025-01-26,N/A,N/A,West Bengal
ChIJk8G6ZQB1AjoRUYtxm8XPync,Vortex,22.5705296,88.420484,attraction,N/A,2025-01-26,N/A,N/A,West Bengal
ChIJLw6zvHa1-DkR5DQ_xC6F928,Bara Chaumatha,22.910448,88.7758884,attraction,N/A,2025-01-26,N/A,N/A,West Bengal
ChIJscKDTZqZ-DkR6IUQW9rpcf0,Ahira Village Field,22.7238836,88.43473019999999,attraction,N/A,2025-01-26,N/A,N/A,West Bengal
ChIJF5Vp0Ml_-DkRQfyQSiaUifw,PANCHBERIA BIGGEST POND ATTRACTION BALLY PUKUR,22.6938712,88.12700939999999,attraction,N/A,2025-01-26,N/A,N/A,West Bengal
ChIJf4q7CgCf-DkRDbzXyyVwaPU,Jhil paar,22.6192822,88.476164,attraction,N/A,2025-01-26,N/A,N/A,West Bengal
ChIJGzRCM42V-DkRbmr8xm5WWxM,I LOVE CHINSURAH,22.8982913,88.40421769999999,attraction,N/A,2025-01-26,N/A,N/A,West Bengal
ChIJQ2f6etRwAjoRPYjWdMZn3Ig,Lions Safari Park,22.5125947,88.35903259999999,attraction,N/A,2025-01-26,N/A,N/A,West Bengal
ChIJb9LROwB3AjoRqbK8fmESCXI,Nabanno View 🏢🛃,22.5599135,88.3333591,attraction,N/A,2025-01-26,N/A,N/A,West Bengal
ChIJFQdrxuSJAjoR8jnYyXVC-4U,Burul River Side,22.3611049,88.1046659,attraction,N/A,2025-01-26,N/A,N/A,West Bengal
ChIJW9nwVGyTAjoR67qZgCf58Z8,Tamluk steamer ghat,22.2913125,87.9349531,attraction,N/A,2025-01-26,N/A,N/A,West Bengal
ChIJqXapr1l1AjoREV9io7XTFyE,Replica of Great Wall of China,22.6091758,88.4674139,attraction,N/A,2025-01-26,N/A,N/A,West Bengal
ChIJ3TG-TwCF-DkRhR_whRSflzA,Birds View point,22.7391875,88.26368749999999,attraction,N/A,2025-01-26,N/A,N/A,West Bengal
ChIJrQeqFhZ1AjoRncbUoqYy97g,Newtown Clock Tower,22.5815577,88.4590765,attraction,N/A,2025-01-26,N/A,N/A,West Bengal
ChIJ_eCCMS51AjoRBwViuoBzQWE,Community Zone,22.5807125,88.4592656,attraction,N/A,2025-01-26,N/A,N/A,West Bengal
ChIJKXBs6Zu3-DkR9HZ_s_h5wqc,Joytara matir tila dhibi,22.9084171,88.6692072,attraction,N/A,2025-01-26,N/A,N/A,West Bengal
ChIJF0FEZZad-DkRPsH8li6qYCI,UTTARPARA PRAVESH DWAR (WELCOME),22.6549719,88.3476961,attraction,N/A,2025-01-26,N/A,N/A,West Bengal
ChIJ_feGiR92AjoRLbWMiNR63nI,Tala Jheel Park Kolkata,22.6113989,88.3837152,attraction,N/A,2025-01-26,N/A,N/A,West Bengal
ChIJO56oXeOh-DkRwYaIo1WB9O8,Kamduni(Sunset point),22.638775,88.5270881,attraction,N/A,2025-01-26,N/A,N/A,West Bengal
ChIJ8ZPCNsCd-DkROCc2OkjnC14,Kanaipur ganga veri,22.6921863,88.32683329999999,attraction,N/A,2025-01-26,N/A,N/A,West Bengal
ChIJSQxmYbuQAjoRVSYRoqtOIrY,Benapur Beach,22.4024515,87.94797229999999,beaches,N/A,2025-01-26,N/A,N/A,West Bengal
ChIJPRtuiex1AjoRVYiLJ5cfhYY,New Town Island,22.5820638,88.4528656,beaches,N/A,2025-01-26,N/A,N/A,West Bengal
ChIJj5JkHzp6AjoRG7w1Oz4pgc8,Kishalay Park,22.4978414,88.2960013,beaches,N/A,2025-01-26,N/A,N/A,West Bengal
ChIJK0k0e1lwAjoRqAU4gcMjNOs,"D-15, Niranjan Pally, Sonali Park",22.4629571,88.3500529,beaches,N/A,2025-01-26,N/A,N/A,West Bengal
ChIJz3Cx_CpxAjoRSJQVYJIIOjo,Rabindra Island,22.5136636,88.36458739999999,beaches,N/A,2025-01-26,N/A,N/A,West Bengal
ChIJ4UFA5TR1AjoREe3u43YyimE,Purbachal Island,22.5769809,88.40574389999999,beaches,N/A,2025-01-26,N/A,N/A,West Bengal
ChIJr_BsCJlfAjoR_DhvtvEEXMY,Diamond Harbour River Side,22.1894896,88.18457099999999,beaches,N/A,2025-01-26,N/A,N/A,West Bengal
ChIJYXWga1J1AjoRp3JEhvToWVI,Pavilion,22.578326,88.47081659999999,beaches,N/A,2025-01-26,N/A,N/A,West Bengal
ChIJlaE266BfAjoRFiTljpLZ0wg,Diamond Harbour River Side,22.1822406,88.1911092,beaches,N/A,2025-01-26,N/A,N/A,West Bengal
ChIJndbvZdeLAjoRwfO3kFgvYnc,Falta River Side,22.2906261,88.10378519999999,beaches,N/A,2025-01-26,N/A,N/A,West Bengal
ChIJLSiVaQCZAjoR_Yf7hFDKDqY,Picnic Spot,22.4241247,87.8941109,beaches,N/A,2025-01-26,N/A,N/A,West Bengal
ChIJXZxfQACRAjoRNo-Hv6PxG8Q,ধলহরা রূপনারায়ণ সৈকত (Dhalhara Rupnarayan Beach),22.3270885,87.939056,beaches,N/A,2025-01-26,N/A,N/A,West Bengal
ChIJYSNFPgd1AjoRvxvs5F4pI_w,Salt lake View Point,22.5719906,88.4417965,beaches,N/A,2025-01-26,N/A,N/A,West Bengal
ChIJVVVVpal3AjoRT8MsGrcEZ5k,Victoria Beach Resort,22.567426,88.353483,beaches,N/A,2025-01-26,N/A,N/A,West Bengal
ChIJTe07KU-TAjoRrrYv_ywvVa0,Rupnarayan View Point,22.2509689,87.9514025,beaches,N/A,2025-01-26,N/A,N/A,West Bengal
ChIJtd-72b1fAjoRmIJr324H0RU,Sulten Pur Nodir Par,22.168552,88.2015074,beaches,N/A,2025-01-26,N/A,N/A,West Bengal
ChIJq_zdDhlxAjoRni9DSW5ss4E,Sister Nivedita Park,22.4885337,88.36968929999999,beaches,N/A,2025-01-26,N/A,N/A,West Bengal
ChIJLb33MIhfAjoRJ_BglcKPQSg,I Love DIAMOND HARBOUR,22.1833514,88.1904557,beaches,N/A,2025-01-26,N/A,N/A,West Bengal
ChIJ27mB2ttwAjoR6k5QejIqysw,Debraj Beach Resort City Office,22.500531,88.357463,beaches,N/A,2025-01-26,N/A,N/A,West Bengal
ChIJG-seu793AjoRmRFBjKoKhMk,Howrah Bridge,22.5851545,88.3468342,beaches,N/A,2025-01-26,N/A,N/A,West Bengal
ChIJwVyvIQB3AjoRMmCkK0ZfIqw,Marine Beach,22.5849345,88.35712199999999,beaches,N/A,2025-01-26,N/A,N/A,West Bengal
ChIJbf1tKl2ZAjoRLgsrIcYxV-c,Kolaghat Gourango Ghat,22.4436715,87.87626039999999,beaches,N/A,2025-01-26,N/A,N/A,West Bengal
ChIJv9gMl4Gd-DkRY1rFhpbptCE,B.B. Street Ghat,22.6798472,88.3548882,beaches,N/A,2025-01-26,N/A,N/A,West Bengal
ChIJ5f8ihriZAjoRNMHnXE0TgUg,Kolaghat rupnarayan river side,22.4664694,87.8802546,beaches,N/A,2025-01-26,N/A,N/A,West Bengal
ChIJ_-XpyCORAjoRAf5BWA53N8o,Pranballavpur Riverbank,22.4012795,87.9481825,beaches,N/A,2025-01-26,N/A,N/A,West Bengal
ChIJi8lRiuGf-DkRSzhFXC3HVJY,Bengal Beach Camp,22.6168099,88.402895,beaches,N/A,2025-01-26,N/A,N/A,West Bengal
ChIJX2xucgB3AjoRR0EM1vOl0w0,Howrah Bridge View Point,22.586641,88.3494762,beaches,N/A,2025-01-26,N/A,N/A,West Bengal
ChIJQXrxhYRjAjoRE8WBM7NtNMY,The Rajbari Bawali,22.4210496,88.1927699,beaches,N/A,2025-01-26,N/A,N/A,West Bengal
ChIJm0X0hfB1AjoRA2IB00VZ1wQ,Eco Nest,22.6034618,88.4120196,beaches,N/A,2025-01-26,N/A,N/A,West Bengal
ChIJwcAOV-14AjoR41c-Mo_5u3w,SANTRAGACHHI NORTHERN JHEEL,22.5861947,88.2751395,beaches,N/A,2025-01-26,N/A,N/A,West Bengal
ChIJ2W4mq5X1AjoRStOZVWYJwos,Raichak river side,22.2090397,88.11748419999999,beaches,N/A,2025-01-26,N/A,N/A,West Bengal
ChIJIzlTxfV4AjoRR_3BaPrzghs,Santragachi Jheel Pakhiralay,22.5813481,88.2835036,beaches,N/A,2025-01-26,N/A,N/A,West Bengal
ChIJDbCz421C-DkR1QCv0nErc4E,Begor Mukh,23.0008125,87.9580625,beaches,N/A,2025-01-26,N/A,N/A,West Bengal
ChIJZQhKlhSD-DkRTVQq4wMWRV8,Bally zero point,22.6562451,88.3196457,beaches,N/A,2025-01-26,N/A,N/A,West Bengal
ChIJb-Cbe1yXAjoRXKPcW3DZs4s,Riverside Picnic Spot,22.4045347,87.9278386,beaches,N/A,2025-01-26,N/A,N/A,West Bengal
ChIJ_8rFKPTzAjoRcKl62s3sTIQ,Geonkhali River Side,22.2070883,88.0422452,beaches,N/A,2025-01-26,N/A,N/A,West Bengal
ChIJry8qb72J-DkRNOgkbfJQKj0,Tal bandh,22.8629049,88.2144831,beaches,N/A,2025-01-26,N/A,N/A,West Bengal
ChIJmd8fOGk9AjoRQSsL6a_VJaU,Piyali Island Tourist Spot,22.139209,88.60063889999999,beaches,N/A,2025-01-26,N/A,N/A,West Bengal
ChIJ60VC7KtxAjoRbRnUFrdlBfc,Monorama Tours and Travels,22.5062746,88.3987849,beaches,N/A,2025-01-26,N/A,N/A,West Bengal
ChIJH7-lhttfAjoRzz7MvSx759U,Diamond harbour choto nodir paar,22.1901637,88.1840193,beaches,N/A,2025-01-26,N/A,N/A,West Bengal
ChIJ3YRa2gjtAjoRcM0I4hFyT-g,MAHISHADAL RAJBARI,22.182175,87.98505139999999,beaches,N/A,2025-01-26,N/A,N/A,West Bengal
ChIJvXjcoxZ_AjoR_uTfQOYNuk4,Sankrail Gangar Dhar,22.557368,88.23250399999999,beaches,N/A,2025-01-26,N/A,N/A,West Bengal
ChIJc9zrJxOUAjoRlAZVwietLYM,Tamluk Rajbari,22.2979102,87.92129829999999,beaches,N/A,2025-01-26,N/A,N/A,West Bengal
ChIJp0k6_NPyAjoRo8bLJqsBtRU,Gadiara Tourist Spot,22.2197716,88.047266,beaches,N/A,2025-01-26,N/A,N/A,West Bengal
ChIJN13MOfiT-DkRBrM0a3wBXFQ,Hooghly Imambara,22.9083178,88.3998419,beaches,N/A,2025-01-26,N/A,N/A,West Bengal
ChIJ2S0op6FfAjoRQMDn81Kv3OU,Jetty For Kukrahati,22.1849032,88.1895358,beaches,N/A,2025-01-26,N/A,N/A,West Bengal
ChIJvfPtOhfzAjoRZ-u8y2fOHb0,Noorpur Tourist Spot,22.2131014,88.069475,beaches,N/A,2025-01-26,N/A,N/A,West Bengal
ChIJ66J3Wfl1AjoR8LRHROGDnOU,NKDA PARK,22.5857012,88.45345809999999,beaches,N/A,2025-01-26,N/A,N/A,West Bengal
ChIJKXjZ3QOd-DkRTF0w7e-Ao_8,Dakshineswar Kali Temple,22.6549345,88.35774239999999,beaches,N/A,2025-01-26,N/A,N/A,West Bengal
ChIJ667AQUp3AjoRT91RX1CJkQ0,Kalighat Mandir,22.5202798,88.3420877,beaches,N/A,2025-01-26,N/A,N/A,West Bengal
ChIJL-ogfgADAjoRLQWyxVyMDaQ,Beach,22.5151347,88.74074790000002,beaches,N/A,2025-01-26,N/A,N/A,West Bengal
ChIJXfEMd0KRAjoRVtsVviwFQ24,Dhudhuti public picknik spot,22.3704611,87.9557487,beaches,N/A,2025-01-26,N/A,N/A,West Bengal
ChIJaTkcoIeaAjoR6VNMYsg1FA4,Nuntia Netaji Statue,22.4255144,87.9739183,beaches,N/A,2025-01-26,N/A,N/A,West Bengal
ChIJq6qqqpeT-DkRKnzz0g7sUSo,"The Basilica of the Holy Rosary, Bandel (Bandel Church)",22.9194271,88.3955073,beaches,N/A,2025-01-26,N/A,N/A,West Bengal
ChIJxxCJKA6ZAjoREqgVskb0XRg,Sarat Chandra Chattopadhyay Kuthi,22.4749662,87.9069324,beaches,N/A,2025-01-26,N/A,N/A,West Bengal
ChIJe4PGnhJ5AjoRAA1_lHV7X3g,Garden Reach Clock Tower,22.54817,88.2889029,beaches,N/A,2025-01-26,N/A,N/A,West Bengal
ChIJjeJEC9GT-DkRDq2d_TOHzFw,Aqua Marina,22.9063553,88.3691727,beaches,N/A,2025-01-26,N/A,N/A,West Bengal
ChIJa-8Lkkyd-DkR7BHeSz_qNdw,Lockgate fountain,22.6160969,88.3788668,waterfalls,N/A,2025-01-26,N/A,N/A,West Bengal
ChIJzdhj07yV-DkRiuvTXj3MFIk,Dadu Ram ghat drain,22.9105564,88.4044789,waterfalls,N/A,2025-01-26,N/A,N/A,West Bengal
ChIJEe-60sZ9AjoRhhi-47UEsVI,Bauria Riverside,22.4970654,88.18185989999999,waterfalls,N/A,2025-01-26,N/A,N/A,West Bengal
ChIJMZgzGAB1AjoRYix0NDVQMxI,Niagra waterfall (জলপ্রপাত),22.5721829,88.422507,waterfalls,N/A,2025-01-26,N/A,N/A,West Bengal
ChIJH-PfngV3AjoRuQ6oiwZTPFo,"Waterfalls Manufacturer Kolkata,india",22.5551441,88.35415379999999,waterfalls,N/A,2025-01-26,N/A,N/A,West Bengal
ChIJuwHolVp1AjoR5lPhRwIuSfk,Musical Fountain,22.6022643,88.4685069,waterfalls,N/A,2025-01-26,N/A,N/A,West Bengal
ChIJoQGt5GeHAjoRyjihLxq0uFA,River Side of Kalsapa Rail Bridge,22.4807539,88.1228682,waterfalls,N/A,2025-01-26,N/A,N/A,West Bengal
ChIJ55ePIO5xAjoRTa_OIXPFXBw,NilPukur Ghat,22.4916851,88.3918739,waterfalls,N/A,2025-01-26,N/A,N/A,West Bengal
ChIJ321SrYRtAjoRsR51fs2sSt4,Artificial lighting fountain,22.4097066,88.4349716,waterfalls,N/A,2025-01-26,N/A,N/A,West Bengal
ChIJW1btWhR3AjoRiAhetasdo3s,Water lake,22.5746522,88.3955409,waterfalls,N/A,2025-01-26,N/A,N/A,West Bengal
ChIJLf_zlOp1AjoRfAHmb_FcgsQ,Dr. Bidhan Chandra Roy Statue,22.5895993,88.4195955,waterfalls,N/A,2025-01-26,N/A,N/A,West Bengal
ChIJ60VC7KtxAjoRbRnUFrdlBfc,Monorama Tours and Travels,22.5062746,88.3987849,waterfalls,N/A,2025-01-26,N/A,N/A,West Bengal
ChIJk_3zUilV_zkR9po-VRCIeV8,Andulpota Jhilmil Water Park,22.6263625,88.8125781,waterfalls,N/A,2025-01-26,N/A,N/A,West Bengal
ChIJ6SGXLZ93AjoRwQwBkqk3qII,Dhaniya Ghat River Side Park,22.6103392,88.3680803,waterfalls,N/A,2025-01-26,N/A,N/A,West Bengal
ChIJb1sq4kR1AjoRZefrzpDLKvI,Eco Park,22.6004077,88.4706037,waterfalls,N/A,2025-01-26,N/A,N/A,West Bengal
ChIJEZf6YFl1AjoR1bNWoP_Ertg,Heliconia Garden,22.6065904,88.4659176,waterfalls,N/A,2025-01-26,N/A,N/A,West Bengal
ChIJVw8V0bd1AjoRGlldpp_gqUw,Wet O Wild,22.5719761,88.42247789999999,waterfalls,N/A,2025-01-26,N/A,N/A,West Bengal
ChIJB-JdRKhwAjoRQy37r3NUaYg,A. P. J. Abdul Kalam Park,22.5059098,88.3257447,waterfalls,N/A,2025-01-26,N/A,N/A,West Bengal
ChIJTW57v-Ce-DkRwT48SXH1Z1c,Mrittika Children's Park,22.682199,88.43678419999999,waterfalls,N/A,2025-01-26,N/A,N/A,West Bengal
ChIJc_paNx96AjoRQ7FDVGoDuZA,Parnashree Lake,22.5106226,88.3061618,waterfalls,N/A,2025-01-26,N/A,N/A,West Bengal
ChIJe5pbhlATAjoRjLYQhIsCzeo,Riya Garden,22.3354543,88.4883395,waterfalls,N/A,2025-01-26,N/A,N/A,West Bengal
ChIJAzBAH1lkAjoRRi6Am3WOqAs,Datta Fountain,22.4862084,88.31306909999999,waterfalls,N/A,2025-01-26,N/A,N/A,West Bengal
ChIJJ3UAlGpxAjoRnsGajzKPQms,Santoshpur Lake,22.491398,88.38363939999999,waterfalls,N/A,2025-01-26,N/A,N/A,West Bengal
ChIJT4AdztV2AjoRSQArqmM-Tx4,FLY HIGH HOLIDAYS,22.5210572,88.36484809999999,waterfalls,N/A,2025-01-26,N/A,N/A,West Bengal
ChIJibCJAMaQ-DkR75XFq9MYyh4,Sahid Park,22.8322074,88.3917445,parks,N/A,2025-01-26,N/A,N/A,West Bengal
ChIJURcvU-1wAjoRfg3nK99fGwk,Tarun Dal Park,22.4808134,88.3433932,parks,N/A,2025-01-26,N/A,N/A,West Bengal
ChIJSdAKnBye-DkR61R9s66rMds,"Vivekananda Udyan, Bhagabati Park",22.6175831,88.4127187,parks,N/A,2025-01-26,N/A,N/A,West Bengal
ChIJ2cLWt-uc-DkRYmlUc6NWFCc,BIDHAN PARK,22.6783935,88.34644829999999,parks,N/A,2025-01-26,N/A,N/A,West Bengal
ChIJ8ylvY813AjoRtwQLt6CGpHY,Kumartuli Park,22.5989827,88.36146629999999,parks,N/A,2025-01-26,N/A,N/A,West Bengal
ChIJT-jKEfl2AjoRuK57v9JjwKg,Ramlila Park,22.5602429,88.3697359,parks,N/A,2025-01-26,N/A,N/A,West Bengal
ChIJZeY9QKhxAjoRwDLwklkHVz0,Netaji Park,22.4670543,88.3711793,parks,N/A,2025-01-26,N/A,N/A,West Bengal
ChIJodqZVKJ1AjoRgLV4ortHUrg,AL Block Park,22.5855941,88.4333764,parks,N/A,2025-01-26,N/A,N/A,West Bengal
ChIJEwok2jl2AjoRlLhle8BfpVo,Goabagan Park,22.5915157,88.37277639999999,parks,N/A,2025-01-26,N/A,N/A,West Bengal
ChIJ3zK3balxAjoR_uruHIO9F7c,BAISHALI PARK,22.4639895,88.36967690000002,parks,N/A,2025-01-26,N/A,N/A,West Bengal
ChIJHeyhzj97AjoRBWE8tqvvp70,Sabuj Sangha Park,22.5125362,88.297964,parks,N/A,2025-01-26,N/A,N/A,West Bengal
ChIJ06FPzv11AjoRJr1yyhYrhM4,Park,22.6051379,88.4036075,parks,N/A,2025-01-26,N/A,N/A,West Bengal
ChIJiXE2NwWi-DkRM26nZECl8cw,Vivekananda Park,22.7181879,88.4882959,parks,N/A,2025-01-26,N/A,N/A,West Bengal
ChIJ08pzLF96AjoRRFoR8L7oghQ,Netaji Sangha Park,22.4704897,88.29984259999999,parks,N/A,2025-01-26,N/A,N/A,West Bengal
ChIJNcP07KVxAjoR4KeF-KJPeHE,SUKANTA PARK,22.4702815,88.34863469999999,parks,N/A,2025-01-26,N/A,N/A,West Bengal
ChIJL_I2waOf-DkRMKEL5Mlhpbs,Oval Park,22.6171971,88.4300286,parks,N/A,2025-01-26,N/A,N/A,West Bengal
ChIJR039EBad-DkRGaoq13OMWjY,Bally Municipal Park,22.6421353,88.34411850000001,parks,N/A,2025-01-26,N/A,N/A,West Bengal
ChIJ40c3c7mV-DkRhKVtYjfsrss,B3 Park,22.9726686,88.4257334,parks,N/A,2025-01-26,N/A,N/A,West Bengal
ChIJDy2G0IN3AjoRybvdNCcoxiA,Deshbandhu Park,22.60001,88.3771053,parks,N/A,2025-01-26,N/A,N/A,West Bengal
ChIJgeDeuu93AjoRwpjIdvfbkuY,CHAMELIAN PARK (Salkia Friends Club),22.5973159,88.33531750000002,parks,N/A,2025-01-26,N/A,N/A,West Bengal
ChIJVyZcVKaY-DkRgs8pRXOHuU8,Park Er Math,22.7227034,88.47674099999999,parks,N/A,2025-01-26,N/A,N/A,West Bengal
ChIJXSfi4eZ2AjoR7d6rzvMwWW8,Park Circus Maidan,22.5434807,88.3691561,parks,N/A,2025-01-26,N/A,N/A,West Bengal
ChIJbY1qlrB7AjoRGVxDm6yvcMo,11 pally Children's Park,22.4983546,88.3214364,parks,N/A,2025-01-26,N/A,N/A,West Bengal
ChIJDaQJsqB3AjoRdBG-f5QXUK8,Curzon Park,22.5648989,88.3491428,parks,N/A,2025-01-26,N/A,N/A,West Bengal
ChIJPTBMPy1xAjoRjmFUtGfxk78,Netaji Park,22.5150298,88.37121499999999,parks,N/A,2025-01-26,N/A,N/A,West Bengal
ChIJWeZobBSb-DkRadsdl09yBAQ,Bidhan Park,22.7348433,88.3474112,parks,N/A,2025-01-26,N/A,N/A,West Bengal
ChIJsbdhUKFfAjoR9MyNAqWZmns,Trikon Park,22.1861303,88.191997,parks,N/A,2025-01-26,N/A,N/A,West Bengal
ChIJMQU2GBVxAjoR-ySJS2Jq3x0,Nilachal Children's Park,22.4902266,88.38094989999999,parks,N/A,2025-01-26,N/A,N/A,West Bengal
ChIJncyYcAh3AjoRHPkiJ02Asxs,Chaplin Park,22.5615842,88.3526894,parks,N/A,2025-01-26,N/A,N/A,West Bengal
ChIJ6R1PZW51AjoRTgbes1t0boA,206 Footbridge Children's Park,22.5931364,88.4304585,parks,N/A,2025-01-26,N/A,N/A,West Bengal
ChIJRUT5qNJ2AjoR3ppF64XrQ9k,Jagannath Park,22.5168193,88.3723193,parks,N/A,2025-01-26,N/A,N/A,West Bengal
ChIJxxwLo5h9AjoRirNvCMS1HCU,MOILADEPU PARK,22.4738747,88.18720019999999,parks,N/A,2025-01-26,N/A,N/A,West Bengal
ChIJGyTephOe-DkRx1v9YtVy-Is,R.B.C. Park,22.6327044,88.4146596,parks,N/A,2025-01-26,N/A,N/A,West Bengal
ChIJQTyA25B1AjoRa1s9Ru5hrf0,Park,22.5824972,88.4171185,parks,N/A,2025-01-26,N/A,N/A,West Bengal
ChIJJ8Y_h8aU-DkRsTaeNaQLmAs,Madhya Park,22.9784267,88.42547359999999,parks,N/A,2025-01-26,N/A,N/A,West Bengal
ChIJ10IeAjiGAjoRd0OJ6t2ahpk,"Netaji Park, Kalinagar",22.4417121,88.1193138,parks,N/A,2025-01-26,N/A,N/A,West Bengal
ChIJ66J3Wfl1AjoR8LRHROGDnOU,NKDA PARK,22.5857012,88.45345809999999,parks,N/A,2025-01-26,N/A,N/A,West Bengal
ChIJ_____zKF-DkRjIutbuBHvww,Gandhi Park,22.7742887,88.32815629999999,parks,N/A,2025-01-26,N/A,N/A,West Bengal
ChIJWeo_eYOc-DkRdk6zrpNDCG4,Mitra Park,22.7012923,88.3552653,parks,N/A,2025-01-26,N/A,N/A,West Bengal
ChIJzYl0WjV3AjoRztnDh2EYAtw,27 Pally Park,22.5153903,88.3446847,parks,N/A,2025-01-26,N/A,N/A,West Bengal
ChIJX2zpKUCe-DkRhJ5-kG2Fn3E,West Kamalapur Childrens' Park,22.6385012,88.4210533,parks,N/A,2025-01-26,N/A,N/A,West Bengal
ChIJieTRn-Gd-DkRtotG7riQLsU,Nirala Sishu Udyan,22.631304,88.399323,parks,N/A,2025-01-26,N/A,N/A,West Bengal
ChIJ1-dNAw6z-DkREWkfNR7CEdQ,Bour park,22.8792577,88.7674861,parks,N/A,2025-01-26,N/A,N/A,West Bengal
ChIJjdAcyqCf-DkRgq53YHOwYCk,Jyangra Ghosh Para Park,22.6158867,88.43506049999999,parks,N/A,2025-01-26,N/A,N/A,West Bengal
ChIJKwHFZAGd-DkR_l0gi1c_Y8w,Dakshineswar Park,22.6548676,88.3596529,parks,N/A,2025-01-26,N/A,N/A,West Bengal
ChIJcZG5CsKf-DkRgJD3xE31KtM,"Eco Children Park, New Town",22.6289528,88.4597075,parks,N/A,2025-01-26,N/A,N/A,West Bengal
ChIJ1yFN5mR3AjoRnm51Nb5Cqas,Sainik Park,22.5499718,88.3307165,parks,N/A,2025-01-26,N/A,N/A,West Bengal
ChIJMdPPlXR1AjoRQPLZHbpvexQ,New Town Lake Park,22.5901752,88.44428599999999,parks,N/A,2025-01-26,N/A,N/A,West Bengal
ChIJu0_0bad3AjoRpsrUbfm9tl4,Surendra Nath Park,22.5650725,88.3501916,parks,N/A,2025-01-26,N/A,N/A,West Bengal
ChIJw0bQD2B3AjoRQZT8efHZf9c,Eden Park,22.5648976,88.3408405,parks,N/A,2025-01-26,N/A,N/A,West Bengal
ChIJ0xs8NnGq-DkRsF-vC3lz-wg,Prem Nagar Park,22.6213597,88.7362229,parks,N/A,2025-01-26,N/A,N/A,West Bengal
ChIJhZFQ4w-c-DkRKYpOoJ-YsZk,H.B Town Park,22.6955941,88.3912617,parks,N/A,2025-01-26,N/A,N/A,West Bengal
ChIJT7OJCeKd-DkRfNf63U_hPUU,KONNAGAR NABAGRAM JHIL PARK,22.7034483,88.3420525,parks,N/A,2025-01-26,N/A,N/A,West Bengal
ChIJ_z6C4vj8eC4R9Ng4xvXV4Fc,Park,22.6217656,88.4179709,parks,N/A,2025-01-26,N/A,N/A,West Bengal
ChIJZ3dlPTqc-DkRm__roWfLuxY,Texmaco Eco Park,22.6729213,88.3877626,parks,N/A,2025-01-26,N/A,N/A,West Bengal
ChIJ_0cytK-f-DkRVtQhoby8FPc,URBAN PARK,22.674899,88.456558,parks,N/A,2025-01-26,N/A,N/A,West Bengal
ChIJsZbMzf11AjoRHvc60tBosm4,Adhibasi Brinda Park,22.6043984,88.4037768,parks,N/A,2025-01-26,N/A,N/A,West Bengal
ChIJA-fDmox3AjoRFmPkfpIDmDk,Jagrata Sangha (Bankim Chandra Park),22.5852269,88.3293003,parks,N/A,2025-01-26,N/A,N/A,West Bengal
ChIJzRcU_jG_-DkRjj4QzC9xeak,Jhilmil Park,22.9582109,88.4906559,parks,N/A,2025-01-26,N/A,N/A,West Bengal
ChIJTW57v-Ce-DkRwT48SXH1Z1c,Mrittika Children's Park,22.682199,88.43678419999999,parks,N/A,2025-01-26,N/A,N/A,West Bengal
ChIJ33o0YBF3AjoRrAtN-RkG158,Indian Museum,22.5578858,88.3511268,museum,N/A,2025-01-26,N/A,N/A,West Bengal
ChIJ33o0YBF3AjoRlUv2ycQXbZQ,Nehru Children's Museum,22.5423256,88.3472068,museum,N/A,2025-01-26,N/A,N/A,West Bengal
ChIJHdGb7dh2AjoRd6QfSLwczaU,Birla Industrial & Technological Museum,22.534805,88.3637261,museum,N/A,2025-01-26,N/A,N/A,West Bengal
ChIJXQGuRhN3AjoRY5fjvORAtQA,Victoria Memorial,22.5448082,88.3425578,museum,N/A,2025-01-26,N/A,N/A,West Bengal
ChIJJcY5lQ56AjoR7bdpEVydw2E,State Archaeological Museum,22.4993762,88.3179723,museum,N/A,2025-01-26,N/A,N/A,West Bengal
ChIJvSBEf9af-DkRHdgl8HeQ10c,Kolkata Museum of Modern Art,22.6127129,88.4657179,museum,N/A,2025-01-26,N/A,N/A,West Bengal
ChIJRUH1bCR3AjoRpioifgSBKP0,Maulana Azad Museum,22.5335413,88.356505,museum,N/A,2025-01-26,N/A,N/A,West Bengal
ChIJEdjzAeia-DkR_uASKboj2UQ,Gandhi Memorial Museum,22.7664701,88.3433817,museum,N/A,2025-01-26,N/A,N/A,West Bengal
ChIJP7AcmkV2AjoRh7omwxlogvM,Bose Institute Museum,22.5796174,88.3733946,museum,N/A,2025-01-26,N/A,N/A,West Bengal
ChIJYQmswT13AjoRvqv48DkfLao,Ahuja Museum for Arts,22.5381748,88.3493844,museum,N/A,2025-01-26,N/A,N/A,West Bengal
ChIJ4yPastZwAjoRBiAVCl4u9TU,Durga Museum (Maa Phire Elo),22.5094181,88.35911109999999,museum,N/A,2025-01-26,N/A,N/A,West Bengal
ChIJM7uec6d3AjoRfVop1gtPPac,Smaranika Tram Museum,22.5651813,88.3497659,museum,N/A,2025-01-26,N/A,N/A,West Bengal
ChIJaULbMEZ2AjoRaX5ir9qhOuc,Raja Ram Mohan Roy Memorial Museum,22.5829589,88.3712711,museum,N/A,2025-01-26,N/A,N/A,West Bengal
ChIJc1IOA-l3AjoRQcLgt7RGUuo,The RBI Museum,22.5706144,88.34735789999999,museum,N/A,2025-01-26,N/A,N/A,West Bengal
ChIJ4UsUqzl3AjoRmqRd30W34_A,Ashutosh Memorial Hall,22.5306927,88.3458782,museum,N/A,2025-01-26,N/A,N/A,West Bengal
ChIJbwhqakZ2AjoRu9BuPB0pbug,Kolkata Police Museum,22.5827557,88.3737471,museum,N/A,2025-01-26,N/A,N/A,West Bengal
ChIJrQhapWZ3AjoRHuHNpRaWYG8,Science Exploration Hall,22.538975,88.39599439999999,museum,N/A,2025-01-26,N/A,N/A,West Bengal
ChIJdXwsMCx2AjoR-1rtxSFwF1c,Sri Chaitanya Mahaprabhu Museum,22.6037504,88.3671925,museum,N/A,2025-01-26,N/A,N/A,West Bengal
ChIJgeLrIUp2AjoRgfAdZxyvVlg,Ramakrishna Mission Swami Vivekananda's Ancestral House and Cultural Centre,22.5863094,88.3674774,museum,N/A,2025-01-26,N/A,N/A,West Bengal
ChIJ46S2ICpxAjoRNGjX-dxtsFg,Museum of Astronomy and Space Science,22.4961304,88.4005403,museum,N/A,2025-01-26,N/A,N/A,West Bengal
ChIJcU2dGZd3AjoRog0k5Lq_MRI,"Rail Museum, Howrah",22.5779944,88.3399733,museum,N/A,2025-01-26,N/A,N/A,West Bengal
ChIJs-T5bHR3AjoRsCnpt3XrkEE,Command Museum,22.5586402,88.33976729999999,museum,N/A,2025-01-26,N/A,N/A,West Bengal
ChIJEUo1K1R3AjoRObLITBsv_yY,Alipore Museum,22.5241452,88.3387521,museum,N/A,2025-01-26,N/A,N/A,West Bengal
ChIJp-M50lCh-DkRS0VyMt5UVYo,Tribal Museum,22.6189133,88.4796848,museum,N/A,2025-01-26,N/A,N/A,West Bengal
ChIJE3F_GPx3AjoRkq_oliQvuT8,Archeological section Ground floor,22.5575823,88.3513517,museum,N/A,2025-01-26,N/A,N/A,West Bengal
ChIJqVCRTZ93AjoRw8P325uGf1c,Banking Museum,22.5694349,88.3429319,museum,N/A,2025-01-26,N/A,N/A,West Bengal
ChIJqUpJco51AjoRTSVW7Amx3g4,Aircraft Museum,22.5770816,88.4778272,museum,N/A,2025-01-26,N/A,N/A,West Bengal
ChIJWy5ulVOR-DkRBfGHBLPEbN8,Chandannagar Museum,22.8566522,88.36942330000001,museum,N/A,2025-01-26,N/A,N/A,West Bengal
ChIJD04RBD13AjoR1nnrJKSBDX0,Netaji Bhawan,22.5376662,88.35105589999999,museum,N/A,2025-01-26,N/A,N/A,West Bengal
ChIJ_U9jgzp2AjoRo9IrOZVPI9M,Mohan Bagan Atheletes Statues,22.5973904,88.3728155,museum,N/A,2025-01-26,N/A,N/A,West Bengal
ChIJ9_gyOStxAjoRzETRtecIESw,"The Museum and Art Gallery, The Ramakrishna Mission Institute Of Culture, Golpark",22.515224,88.366124,museum,N/A,2025-01-26,N/A,N/A,West Bengal
ChIJHYKEVnKUAjoR2_Z3n3LI47I,Archaeological Museum - Tamluk,22.2935276,87.925857,museum,N/A,2025-01-26,N/A,N/A,West Bengal
ChIJe6yzIVN2AjoRaHA224buo-g,Kolkata GPO Postal Museum,22.5730668,88.3468492,museum,N/A,2025-01-26,N/A,N/A,West Bengal
ChIJqaqqmrF1AjoRqYvj5en_4kE,Creative Museum Designers,22.5705468,88.4287109,museum,N/A,2025-01-26,N/A,N/A,West Bengal
ChIJQ4vkB1F6AjoRI6zKGlAcKFw,Modern Art,22.4766404,88.29175529999999,museum,N/A,2025-01-26,N/A,N/A,West Bengal
ChIJQyEVlm2d-DkRQ7_JIKoZDio,Ramakrishna Sangraha Mandir – Museum,22.6320485,88.3556121,museum,N/A,2025-01-26,N/A,N/A,West Bengal
ChIJXSw0yrV3AjoR7AUALYqTLUI,Jorasanko Thakurbari,22.5848955,88.3592287,museum,N/A,2025-01-26,N/A,N/A,West Bengal
ChIJ1X0ncASR-DkRK1pKR2mQZFg,Institut de Chandernagor (The Indo French Cultural Centre & Museum),22.8565936,88.3694076,museum,N/A,2025-01-26,N/A,N/A,West Bengal
ChIJG5AGWZ92AjoR5Tm-byCJyiI,Maritime Gallery,22.5406308,88.397528,museum,N/A,2025-01-26,N/A,N/A,West Bengal
ChIJY_fHv2x3AjoR9Xe9DxaoFUA,Nokubabur Museum,22.5951786,88.3745874,museum,N/A,2025-01-26,N/A,N/A,West Bengal
ChIJEaewQ6J3AjoRPm8fOZ0Wpuo,Metcalfe Hall,22.5717661,88.34463629999999,museum,N/A,2025-01-26,N/A,N/A,West Bengal
ChIJ144BRZhfAjoRG0zFBe68ISI,Ramprasad Chakraborty Memorial South Bengal Museum,22.1905205,88.1859546,museum,N/A,2025-01-26,N/A,N/A,West Bengal
ChIJef0s95V3AjoRhqY-TZ_grks,Old Rail Engine,22.5824662,88.3430664,museum,N/A,2025-01-26,N/A,N/A,West Bengal
ChIJ4zo6i2V6AjoRVUCXCFWeWXs,Sabarna Roy Chowdhury Sangrahashala,22.4802778,88.3114233,museum,N/A,2025-01-26,N/A,N/A,West Bengal
ChIJU7-3swNyAjoRPUamfZBJ1iU,Bhaskar Bhawan State Museum,22.4292807,88.4042506,museum,N/A,2025-01-26,N/A,N/A,West Bengal
ChIJsRqf3U91AjoRqDUeMUKtX3k,Aircraft Museum Entry Gate,22.5770849,88.47783299999999,museum,N/A,2025-01-26,N/A,N/A,West Bengal
ChIJAYZJ8lmb-DkRFpN34w5MqZ4,Danish Museum (Permanent Exhibition on History and Heritage of Serampore),22.7557482,88.34302249999999,museum,N/A,2025-01-26,N/A,N/A,West Bengal
ChIJEfDgFm93AjoRDsSoM2WTw6o,Maritime Archives & Heritage Centre (Also Kolkata Port Trust Pension Department),22.5769124,88.34703139999999,museum,N/A,2025-01-26,N/A,N/A,West Bengal
ChIJoSt-l0V2AjoRmPeLeG7hcCA,Acharya Bhaban,22.5793717,88.3736787,museum,N/A,2025-01-26,N/A,N/A,West Bengal
ChIJ08PXAAB3AjoReLLGdkNOJUE,Police Museum Inside Alipore Jail Museum,22.5241048,88.3387889,museum,N/A,2025-01-26,N/A,N/A,West Bengal
ChIJny6RgLyW-DkRo9N8z1g6aak,Rishi Bankim Chandra Chattopadhyay's Residence and Museum,22.8833071,88.416479,museum,N/A,2025-01-26,N/A,N/A,West Bengal
ChIJQ27lCqF3AjoRu3zdyAQOVB4,Rishi Aurobindo Museum,22.5239451,88.3331918,museum,N/A,2025-01-26,N/A,N/A,West Bengal
ChIJRTL2E119AjoR4aQoNRAZ4CA,Komagata Maru Martyrs' Memorial,22.4893162,88.1830212,museum,N/A,2025-01-26,N/A,N/A,West Bengal
ChIJ1adxJR2b-DkRbYUAO2IL5kY,William Carey Museum,22.7522182,88.35227739999999,museum,N/A,2025-01-26,N/A,N/A,West Bengal
ChIJQWPTgGWR-DkRrb25jvfqtkk,Chanderagor Heritage Museum; Radhanath Shikdar Himalayan Museum,22.8631319,88.36843999999999,museum,N/A,2025-01-26,N/A,N/A,West Bengal
ChIJp1LuVYh3AjoRsGBwg-evvcQ,National Library Museum,22.5329366,88.3338926,museum,N/A,2025-01-26,N/A,N/A,West Bengal
ChIJE9QwRwB1AjoRPKdCUEJwC20,Mother's Wax Museum,22.59947,88.47223,museum,N/A,2025-01-26,N/A,N/A,West Bengal
ChIJqURvhaYLAjoRiRZt1k2ZfC0,Arts Acre - Art Center in Kolkata,22.5499645,88.5213684,museum,N/A,2025-01-26,N/A,N/A,West Bengal
ChIJJeA4CBlC-DkRnoPG2uUxT-w,Rashbehari Bose Museum,23.0078736,87.9407019,museum,N/A,2025-01-26,N/A,N/A,West Bengal
ChIJD4PvSlh5AjoR_auXehNIH8c,Everest Base Camp Museum,22.5851441,88.30364929999999,museum,N/A,2025-01-26,N/A,N/A,West Bengal
ChIJib_FsNopXDkRjzm9vcTdHds,Adalaj Stepwell,23.16699,72.5801528,attraction,N/A,2025-01-26,N/A,N/A,Gujarat
ChIJnb3LYBGFXjkRvuDgqujOydE,Atal Bridge,23.0164486,72.5755176,attraction,N/A,2025-01-26,N/A,N/A,Gujarat
ChIJ____TxqEXjkR3hMsKI4Vsdc,Bai Harir Vav Ahmedabad,23.040655,72.605727,attraction,N/A,2025-01-26,N/A,N/A,Gujarat
ChIJF3UFeFGEXjkRWWM6IT6xf_M,"Sabarmati Riverfront, Nehru Bridge",23.0288784,72.5726698,attraction,N/A,2025-01-26,N/A,N/A,Gujarat
ChIJGXTLAy6FXjkRYeujeUDehSs,Ahmedabad Heritage Walk,23.0297776,72.591341,attraction,N/A,2025-01-26,N/A,N/A,Gujarat
ChIJF1RP624pXDkRO3yp3s8JFJM,Adalaj Ni Vav,23.1667437,72.5801381,attraction,N/A,2025-01-26,N/A,N/A,Gujarat
ChIJWRY_BsSaXjkRkcruvawR1vI,Sarkhej Roza Event Place,22.9920419,72.5029957,attraction,N/A,2025-01-26,N/A,N/A,Gujarat
ChIJAcTDB1SEXjkR2ju25GyFF-c,Sabarmati Riverfront Flower Park,23.0164618,72.5733581,attraction,N/A,2025-01-26,N/A,N/A,Gujarat
ChIJUUKhvskrXDkRHpaLuV3TwrQ,Sarita Udhyan,23.2031524,72.6589384,attraction,N/A,2025-01-26,N/A,N/A,Gujarat
ChIJm1AccUQqXDkRJ-J9FZHhL2Y,Dinosaur And Fossil Park Gandhinagar,23.1925628,72.6465616,attraction,N/A,2025-01-26,N/A,N/A,Gujarat
ChIJ_0oXeuyEXjkREWF0DvJjCyk,Lalbhai Dalpatbhai Museum,23.0331057,72.54987969999999,attraction,N/A,2025-01-26,N/A,N/A,Gujarat
ChIJs0fx4sSFXjkRHJyPGvtU-B4,Nagina Wadi,23.0058224,72.6012075,attraction,N/A,2025-01-26,N/A,N/A,Gujarat
ChIJOyYF0QYrXDkRvolXkIo_gj0,"Punit Van, Gandhinagar",23.2174811,72.66719359999999,attraction,N/A,2025-01-26,N/A,N/A,Gujarat
ChIJn3ghREAqXDkR8mhH80tKWqY,IndrodaZoo,23.1950162,72.64463649999999,attraction,N/A,2025-01-26,N/A,N/A,Gujarat
ChIJ-WiIWq-FXjkR-7AvDJKR4Oo,Statue of Unity Tours,23.0235451,72.53694949999999,attraction,N/A,2025-01-26,N/A,N/A,Gujarat
ChIJ-z_Ci3mEXjkR2Q41gPUvm04,Dandi Bridge,23.057721,72.5778873,attraction,N/A,2025-01-26,N/A,N/A,Gujarat
ChIJMcdQilcqXDkRpk0c5RrdoBQ,Sant Sarovar Dam,23.1992995,72.66326169999999,attraction,N/A,2025-01-26,N/A,N/A,Gujarat
ChIJkffj_vEqXDkRredfH9s2CRU,Aranya Udhyan,23.1952594,72.6739946,attraction,N/A,2025-01-26,N/A,N/A,Gujarat
ChIJCwHBLXGEXjkR1CxQ29z7FnA,Riverfront Park,23.0571379,72.5825284,attraction,N/A,2025-01-26,N/A,N/A,Gujarat
ChIJU3XyS7CFXjkRFsqwQ1JM2mM,Parrot wall,23.0596643,72.58097219999999,attraction,N/A,2025-01-26,N/A,N/A,Gujarat
ChIJqQvWWO2aXjkREEHMS8yxe7g,Maniar's Wonderland,22.9854515,72.48502309999999,attraction,N/A,2025-01-26,N/A,N/A,Gujarat
ChIJT_PUCkKFXjkRap5gSOhSiV4,Riverfront Walk Way E,23.0145604,72.57697879999999,attraction,N/A,2025-01-26,N/A,N/A,Gujarat
ChIJX9gALuqcXjkREC2hUaznfDM,"Musical Fountain, Science City",23.0817067,72.4940165,attraction,N/A,2025-01-26,N/A,N/A,Gujarat
ChIJ6dzyR2WFXjkR7qsNBF1J4cc,Horror House Kankaria,23.009088,72.6014489,attraction,N/A,2025-01-26,N/A,N/A,Gujarat
ChIJ9_2cOrOdXjkRSLdPyQLwCc4,Glow Garden,23.0220061,72.5737269,attraction,N/A,2025-01-26,N/A,N/A,Gujarat
ChIJf5CCtHKEXjkRtXPOPsigQE4,The Calico Museum of Textiles,23.054616,72.5921295,attraction,N/A,2025-01-26,N/A,N/A,Gujarat
ChIJiXYFXgKbXjkRsGO_8Ixm5LM,Malav talav,23.0513587,72.508915,attraction,N/A,2025-01-26,N/A,N/A,Gujarat
ChIJfVYcFUmBXjkRBWYmb4PAgbU,Canal view Gandhinagar,23.1248891,72.6458495,attraction,N/A,2025-01-26,N/A,N/A,Gujarat
ChIJ8zm0xZiBXjkRG56v4YTFjfo,Aeroplane Darshan Kotarpur,23.0922221,72.6494732,attraction,N/A,2025-01-26,N/A,N/A,Gujarat
ChIJk3REAQeHXjkR1FJNtV25fXM,Gurjar tourism,23.0383671,72.64570979999999,attraction,N/A,2025-01-26,N/A,N/A,Gujarat
ChIJ_fqNMheFXjkRc64boK9KMvY,Public Birds Feeding Point,23.0619166,72.5841094,attraction,N/A,2025-01-26,N/A,N/A,Gujarat
ChIJHXfAFkYqXDkRPz0n1I4TrcU,GEER Foundation - Haran Udhyan,23.1963802,72.6434898,attraction,N/A,2025-01-26,N/A,N/A,Gujarat
ChIJqypTjc6HXjkRd3CrzKBh--w,SCULPTURE TWO FLOWERS,22.9881715,72.6289261,attraction,N/A,2025-01-26,N/A,N/A,Gujarat
ChIJF0scfwCFXjkR15jqm0OKLKc,Sabarmati Riverfront walkway,23.0203772,72.5769439,attraction,N/A,2025-01-26,N/A,N/A,Gujarat
ChIJ5fXtnQ0rXDkRhuQCbTjs-9M,Laser Show - Akshardham,23.232425,72.67301429999999,attraction,N/A,2025-01-26,N/A,N/A,Gujarat
ChIJ-fR4vq-FXjkRXuCPubf6tWE,Gujarat chalo,23.028333,72.591667,attraction,N/A,2025-01-26,N/A,N/A,Gujarat
ChIJe4G6LwBbXjkRbqUK5OcyD9g,Ram Sarovar ( Previously known as Ram Talavadi),22.7029825,72.8430365,attraction,N/A,2025-01-26,N/A,N/A,Gujarat
ChIJqw0ihc-FXjkRKjUVkG2PkiA,Water Baloon,23.0088652,72.6009151,attraction,N/A,2025-01-26,N/A,N/A,Gujarat
ChIJG6fLYv4qXDkROlqKSjTf7GE,Gandhinagar Riverfront,23.2088397,72.66758209999999,attraction,N/A,2025-01-26,N/A,N/A,Gujarat
ChIJF-zDmo-dXjkRzy8nEy5pVfk,Science City Ahmedabad,23.0802873,72.4956696,attraction,N/A,2025-01-26,N/A,N/A,Gujarat
ChIJxcxtE06EXjkRYp2USYsE5nw,Bhadra Fort,23.0242351,72.58114909999999,attraction,N/A,2025-01-26,N/A,N/A,Gujarat
ChIJe7Y9nlwqXDkRE58y-GtR6zI,Deer Park,23.192549,72.6523411,attraction,N/A,2025-01-26,N/A,N/A,Gujarat
ChIJndnIPtuFXjkRMXcE8-ND_7o,Balvatika & N. H. Museum,23.0053338,72.6045817,attraction,N/A,2025-01-26,N/A,N/A,Gujarat
ChIJI_sszaOPXjkRUd2TqeZO52s,Jetalpur fort,22.8903319,72.5944839,attraction,N/A,2025-01-26,N/A,N/A,Gujarat
ChIJo3aTnBiFXjkRR3sOlu9Smtc,Kankaria Lake Selfie Point,23.0037184,72.6024384,attraction,N/A,2025-01-26,N/A,N/A,Gujarat
ChIJo40P3BGbXjkR87RJAJQUY5Q,Heritage Tree Tour अस्मिता वृक्ष यात्रा,23.0264467,72.481589,attraction,N/A,2025-01-26,N/A,N/A,Gujarat
ChIJV1XBByX1XjkRa9DbLdg_NyQ,Vatrak View Point,22.7520581,72.68139579999999,attraction,N/A,2025-01-26,N/A,N/A,Gujarat
ChIJ26sM4HaZXjkR73WQupabS6Q,Railway YXY View Point,23.027004,72.4002939,attraction,N/A,2025-01-26,N/A,N/A,Gujarat
ChIJXXRW8MWFXjkR-nnWL5PG5c8,Kamla Nehru Zoological Garden,23.0087307,72.603486,attraction,N/A,2025-01-26,N/A,N/A,Gujarat
ChIJY5OmDwCdXjkRLt4QVtMxX4U,Horizon Cross Road,23.0730363,72.508509,attraction,N/A,2025-01-26,N/A,N/A,Gujarat
ChIJwawsmdmaXjkRwsXPHjXmsaM,Pancha Lake,23.0087109,72.5118822,attraction,N/A,2025-01-26,N/A,N/A,Gujarat
ChIJ139bGgAvXDkRwxRXAMAqKrQ,Pakshighar,23.2981089,72.5729139,attraction,N/A,2025-01-26,N/A,N/A,Gujarat
ChIJEZFDRj-HXjkRdZPbqKNYhsM,Auto World Vintage Car Museum,23.0572846,72.6872617,attraction,N/A,2025-01-26,N/A,N/A,Gujarat
ChIJgQhs5aedXjkRgV29bhsGEWo,Canal Bridge,23.0772614,72.4304591,attraction,N/A,2025-01-26,N/A,N/A,Gujarat
ChIJmydlsdmFXjkRcodmTxhYWU8,Upasana Mandir,23.0600538,72.5810375,attraction,N/A,2025-01-26,N/A,N/A,Gujarat
ChIJmV0aEgCDXjkRuOwtrYO6V1s,Koteshwar Riverfront Project,23.092896,72.6087468,attraction,N/A,2025-01-26,N/A,N/A,Gujarat
ChIJ98s9IQTPXTkR3HEeXETqotE,Darbargadh oran,23.4061082,72.8061311,attraction,N/A,2025-01-26,N/A,N/A,Gujarat
ChIJrTPXqTyFXjkRyHvU6OPcXq8,Kankaria Lake Boating Zone,23.0035522,72.6012705,attraction,N/A,2025-01-26,N/A,N/A,Gujarat
ChIJCxQiISWPXjkRSFPsJ5uPquQ,New Narol - Lake (Talav),22.9364386,72.5976495,attraction,N/A,2025-01-26,N/A,N/A,Gujarat
ChIJD6eIOcSFXjkRTnIMQZ69mMU,Butterfly Park,23.0040639,72.5984166,attraction,N/A,2025-01-26,N/A,N/A,Gujarat
ChIJ-z_Ci3mEXjkR2Q41gPUvm04,Dandi Bridge,23.057721,72.5778873,beaches,N/A,2025-01-26,N/A,N/A,Gujarat
ChIJf69mlk6DXjkRQhzWIIez3S8,Umiya Talav,23.0876292,72.5633934,beaches,N/A,2025-01-26,N/A,N/A,Gujarat
ChIJq6qqMRODXjkRkTgW7uYoF0Q,Chandlodia Lake,23.0838873,72.55209289999999,beaches,N/A,2025-01-26,N/A,N/A,Gujarat
ChIJD0D566ecXjkRUqleZzBoSBg,Palm Beach Bunglows,23.0554836,72.5067993,beaches,N/A,2025-01-26,N/A,N/A,Gujarat
ChIJRX2owdyBXjkR5gr-iBhXF64,Tekri,23.1104647,72.6370415,beaches,N/A,2025-01-26,N/A,N/A,Gujarat
ChIJwawsmdmaXjkRwsXPHjXmsaM,Pancha Lake,23.0087109,72.5118822,beaches,N/A,2025-01-26,N/A,N/A,Gujarat
ChIJo3aTnBiFXjkRR3sOlu9Smtc,Kankaria Lake Selfie Point,23.0037184,72.6024384,beaches,N/A,2025-01-26,N/A,N/A,Gujarat
ChIJWzdYPfWEXjkRFmoqGTw60g0,The Beach at Mandvi Palace Sales Office,23.0373913,72.56571980000001,beaches,N/A,2025-01-26,N/A,N/A,Gujarat
ChIJ_dvSRcSFXjkRc_oX3DrGEFU,Water sports Kankaria Lake,23.0041715,72.5992277,beaches,N/A,2025-01-26,N/A,N/A,Gujarat
ChIJnzaTvbyFXjkRZ5AngWEG7OY,Lake,23.0196199,72.5737722,beaches,N/A,2025-01-26,N/A,N/A,Gujarat
ChIJKwbvzZyFXjkRnCbzz6ZnSIU,VOYAGERS ADVENTURE,23.0526226,72.55987929999999,beaches,N/A,2025-01-26,N/A,N/A,Gujarat
ChIJqQvWWO2aXjkREEHMS8yxe7g,Maniar's Wonderland,22.9854515,72.48502309999999,beaches,N/A,2025-01-26,N/A,N/A,Gujarat
ChIJzUmfkhOFXjkR2N_ziG95KLs,Beach Fashion World,23.0282636,72.593645,beaches,N/A,2025-01-26,N/A,N/A,Gujarat
ChIJCxQiISWPXjkRSFPsJ5uPquQ,New Narol - Lake (Talav),22.9364386,72.5976495,beaches,N/A,2025-01-26,N/A,N/A,Gujarat
ChIJUUKhvskrXDkRHpaLuV3TwrQ,Sarita Udhyan,23.2031524,72.6589384,beaches,N/A,2025-01-26,N/A,N/A,Gujarat
ChIJOyYF0QYrXDkRvolXkIo_gj0,"Punit Van, Gandhinagar",23.2174811,72.66719359999999,beaches,N/A,2025-01-26,N/A,N/A,Gujarat
ChIJke02CASaXjkRMKaKB9lN4mE,Gymboree Children Park,22.9611293,72.4317942,beaches,N/A,2025-01-26,N/A,N/A,Gujarat
ChIJS683JC-FXjkRrZyFlC5yEJk,MEMNAGAR LAKE.,23.0492649,72.5419203,beaches,N/A,2025-01-26,N/A,N/A,Gujarat
ChIJnb3LYBGFXjkRvuDgqujOydE,Atal Bridge,23.0164486,72.5755176,beaches,N/A,2025-01-26,N/A,N/A,Gujarat
ChIJZ-4MdfNgXjkRjs5OeIhE0jM,Sri Siddhivinayak Devasthan | Mahemdavad,22.833165,72.7646798,beaches,N/A,2025-01-26,N/A,N/A,Gujarat
ChIJQwZM7XsfXDkRSRknoH0qAY0,Suryam Repose,23.1393092,72.25144499999999,beaches,N/A,2025-01-26,N/A,N/A,Gujarat
ChIJRclM7H2BXjkR31sffRGjt-U,Fountain Pond,23.11042,72.63779149999999,beaches,N/A,2025-01-26,N/A,N/A,Gujarat
ChIJn3ZVvZdbXjkRvHZwOQ0_6C8,"Dreamland Park, Badhir Garden",22.7027102,72.8389388,beaches,N/A,2025-01-26,N/A,N/A,Gujarat
ChIJZQqLKOF9XjkRum-g4ySNbSE,Kashiba Farmhouse,23.0054656,72.7512883,beaches,N/A,2025-01-26,N/A,N/A,Gujarat
ChIJFZDpwYqDXjkRjJnX59br8xY,Nihu Camp & Safari | Beach Camping - Desert Safari - Jungle Safari - Adventure - One Day Picnic - Corporate Picnic,23.0872225,72.5923116,beaches,N/A,2025-01-26,N/A,N/A,Gujarat
ChIJS5BCEaSEXjkRWRhTLlDDZno,Ahmedabad Industrial Engineers,23.0575243,72.61659519999999,beaches,N/A,2025-01-26,N/A,N/A,Gujarat
ChIJq6qqo-krXDkRpjKYdCVYkdQ,Dandi Kutir (Salt Mount) Museum,23.2329555,72.63159390000001,beaches,N/A,2025-01-26,N/A,N/A,Gujarat
ChIJFfEDab2EXjkRrg0iVb9hbzI,Cidade De Goa,23.046158,72.543167,beaches,N/A,2025-01-26,N/A,N/A,Gujarat
ChIJvV_mRamHXjkRUeEKSmg_VYY,The sky voyage,23.0606525,72.66504350000001,beaches,N/A,2025-01-26,N/A,N/A,Gujarat
ChIJS07NCPqEXjkRbOayiO2TRRo,Law Garden,23.0272996,72.56073719999999,beaches,N/A,2025-01-26,N/A,N/A,Gujarat
ChIJqyx7g1aEXjkRl0K-zavtTnM,Royal Safari Camp,23.022505,72.5713621,beaches,N/A,2025-01-26,N/A,N/A,Gujarat
ChIJTQnc2gGGXjkRKjiYLY0vzNw,Jogger's Park,22.976354,72.6189704,beaches,N/A,2025-01-26,N/A,N/A,Gujarat
ChIJ_7Ny1LKFXjkRbKLdl8d3ink,Clothes for Beach Trip,23.0260278,72.5569806,beaches,N/A,2025-01-26,N/A,N/A,Gujarat
ChIJVVUVx5uEXjkRojzypZBQpsQ,Go For Trip,23.0460654,72.5373608,beaches,N/A,2025-01-26,N/A,N/A,Gujarat
ChIJj01O_7yFXjkRF11RVQz57aE,Trith Travels & Holiday (We provide customize packages at reasonable price),23.0096178,72.5228565,beaches,N/A,2025-01-26,N/A,N/A,Gujarat
ChIJD3N4L7aFXjkRdcMsFjFjDOc,Trawell Story,23.0305616,72.5572559,beaches,N/A,2025-01-26,N/A,N/A,Gujarat
ChIJf3DlgMqHXjkRof7fhydAuwc,Trimurti tours & travels,23.0344158,72.6749928,beaches,N/A,2025-01-26,N/A,N/A,Gujarat
ChIJhU76yy6HXjkRaBnknrUv4Vc,Manoj travels,23.0337714,72.65172369999999,beaches,N/A,2025-01-26,N/A,N/A,Gujarat
ChIJGUMaqGeJXjkRVr4EikEWzdk,Vinzol Lake,22.9532765,72.64235289999999,waterfalls,N/A,2025-01-26,N/A,N/A,Gujarat
ChIJK0GmllJbXjkROB2qa20quVE,Canal Fall Spot,22.6802125,72.88426559999999,waterfalls,N/A,2025-01-26,N/A,N/A,Gujarat
ChIJ-e04thibXjkRoPHs7Sz7WU0,The Waterfall,23.0249533,72.4825051,waterfalls,N/A,2025-01-26,N/A,N/A,Gujarat
ChIJgxP0QXMiXDkRm7PKKq324Mg,Kadi Dam,23.2444258,72.3381617,waterfalls,N/A,2025-01-26,N/A,N/A,Gujarat
ChIJ1-MiZZCFXjkRxDwXsZAnZdA,Baba's Fall,23.0336768,72.5473923,waterfalls,N/A,2025-01-26,N/A,N/A,Gujarat
ChIJwVS3qEiBXjkRi4ZAuloPZKg,Shree Kaniyalal Nathuram Gurjar Park,23.08072,72.63352640000001,waterfalls,N/A,2025-01-26,N/A,N/A,Gujarat
ChIJaQkJJ6-BXjkRuMPom3SOwKc,Karai dam,23.1252126,72.6531528,waterfalls,N/A,2025-01-26,N/A,N/A,Gujarat
ChIJZbxJCewDXDkRoaYhM2uRWHA,Naramada canal dam,23.1231754,72.11173389999999,waterfalls,N/A,2025-01-26,N/A,N/A,Gujarat
ChIJeT09XKUrXDkR4Y_uOuVYB2M,Musical Fountain,23.2217663,72.65195489999999,waterfalls,N/A,2025-01-26,N/A,N/A,Gujarat
ChIJYfZJPX2BXjkR8Bw8loHtZco,The Hill Waterfall,23.1531555,72.6633186,waterfalls,N/A,2025-01-26,N/A,N/A,Gujarat
ChIJn5yS1ZGBXjkRnkLxGQ3lwj4,Karai Canal Syphone,23.1247637,72.6446921,waterfalls,N/A,2025-01-26,N/A,N/A,Gujarat
ChIJJTOHc5yBXjkR-UuZGPKVh4U,Dipeshvari Mata Temple,23.120759,72.6311973,waterfalls,N/A,2025-01-26,N/A,N/A,Gujarat
ChIJMcdQilcqXDkRpk0c5RrdoBQ,Sant Sarovar Dam,23.1992995,72.66326169999999,waterfalls,N/A,2025-01-26,N/A,N/A,Gujarat
ChIJiSS4mngrXDkRDDdi9zc0Jbk,Sector-1 lake,23.2010191,72.6491121,waterfalls,N/A,2025-01-26,N/A,N/A,Gujarat
ChIJo3aTnBiFXjkRR3sOlu9Smtc,Kankaria Lake Selfie Point,23.0037184,72.6024384,waterfalls,N/A,2025-01-26,N/A,N/A,Gujarat
ChIJCbGnXqEgXDkRjCYTJDyhgUY,Thol lake View,23.1412888,72.40689669999999,waterfalls,N/A,2025-01-26,N/A,N/A,Gujarat
ChIJebkxH0t1XjkRS7R-5N_U2Hg,Dhori Pavthi No Kilo Fort,23.1504053,73.0223706,waterfalls,N/A,2025-01-26,N/A,N/A,Gujarat
ChIJl47EFgqEXjkRo01TIfDuTM0,Daffnala,23.064169,72.5964886,waterfalls,N/A,2025-01-26,N/A,N/A,Gujarat
ChIJA7PjXJqFXjkRcFmJvqPSsCE,Asarwa Lake,23.0436826,72.60837230000001,waterfalls,N/A,2025-01-26,N/A,N/A,Gujarat
ChIJMTxj32gqXDkR23puXtSgP8M,Dholeshwar Park,23.1817588,72.64765659999999,waterfalls,N/A,2025-01-26,N/A,N/A,Gujarat
ChIJjT8MLFaDXjkR_A9yX0tVEjo,Tilak Public Park,23.058078,72.52910299999999,parks,N/A,2025-01-26,N/A,N/A,Gujarat
ChIJUYTV-eMrXDkRPT_W8A9h87E,Sector-24 Public Park,23.2429388,72.64471689999999,parks,N/A,2025-01-26,N/A,N/A,Gujarat
ChIJ5UzXIgaEXjkR6C-y2LVZwJs,Fountain Park,23.0620193,72.6039863,parks,N/A,2025-01-26,N/A,N/A,Gujarat
ChIJEwJf7kkqXDkRqYB-c_cYzsQ,Public Park,23.2018197,72.63977299999999,parks,N/A,2025-01-26,N/A,N/A,Gujarat
ChIJtXbyxUaDXjkRxzqkTWdIut0,Mrudul Park Part 3,23.077447,72.53755919999999,parks,N/A,2025-01-26,N/A,N/A,Gujarat
ChIJeU62cI6GXjkRANpNjF-clzw,Oxygen Park,23.0328067,72.63245359999999,parks,N/A,2025-01-26,N/A,N/A,Gujarat
ChIJGfSKL0qGXjkRNn3NnzNwXZw,Vrundavan Park Society.,23.0048054,72.6571791,parks,N/A,2025-01-26,N/A,N/A,Gujarat
ChIJvcCDYcFPXjkRyQ-557s2yGI,Jay Ambey Park,22.6131339,72.91682329999999,parks,N/A,2025-01-26,N/A,N/A,Gujarat
ChIJCdZVLZWEXjkRkGZFX2Yt_EM,"Kargil Park, Gujarat University",23.0366508,72.54637269999999,parks,N/A,2025-01-26,N/A,N/A,Gujarat
ChIJ34msxGkpXDkRY8Pq29UK3tw,ATPL Jogging Park,23.18959,72.5782883,parks,N/A,2025-01-26,N/A,N/A,Gujarat
ChIJVY67kXErXDkRqMYNz6Cl0ao,"Children's Park, Sector 30, Near Old RTO",23.2417891,72.6722803,parks,N/A,2025-01-26,N/A,N/A,Gujarat
ChIJnx2NO06PXjkR_M39kNYDgu8,Vallabh Park Society,22.9615852,72.60828459999999,parks,N/A,2025-01-26,N/A,N/A,Gujarat
ChIJu0BdntKbXjkR1LYvr-XBl_4,Bopal Ecological Park,23.0459693,72.4544937,parks,N/A,2025-01-26,N/A,N/A,Gujarat
ChIJb58sMozsXjkRkfuw1H5Qkzo,Bal Udhyan - A Kids Park,22.7339731,72.444486,parks,N/A,2025-01-26,N/A,N/A,Gujarat
ChIJ3929pA8rXDkRH28ZDfF58Vs,Swarnim Park Gandhinagar,23.2216674,72.6520468,parks,N/A,2025-01-26,N/A,N/A,Gujarat
ChIJ-3Y-okqCXjkRwOhizLS4HoY,Children Park,23.1118474,72.59127529999999,parks,N/A,2025-01-26,N/A,N/A,Gujarat
ChIJnc9PqAcrXDkRx9ZiGUTF_0s,Children Park Sector 8C,23.2059733,72.64804889999999,parks,N/A,2025-01-26,N/A,N/A,Gujarat
ChIJZ_9XBsSGXjkRj8UNrc1cGIE,Nakoda Park,23.0537767,72.6452383,parks,N/A,2025-01-26,N/A,N/A,Gujarat
ChIJl-I0JUSbXjkRdsSEBjhemPM,Ahmedabad Municipal Corporation Park Makarba,23.0001259,72.5051616,parks,N/A,2025-01-26,N/A,N/A,Gujarat
ChIJt5HKZnWbXjkRKLSwOTldSuY,Late Patel Natvarlal Gabad Das Udhyan,23.0300695,72.4735309,parks,N/A,2025-01-26,N/A,N/A,Gujarat
ChIJ5yfxa0WJXjkRYEqloeyjymw,Aradhana Park,22.9655506,72.6189426,parks,N/A,2025-01-26,N/A,N/A,Gujarat
ChIJKxvZHeeGXjkR-gXocTPsRo4,Panchvati Park,23.0459524,72.6549763,parks,N/A,2025-01-26,N/A,N/A,Gujarat
ChIJT6qFkwYrXDkROH-3bRTEc_0,SMVS - SWAMINARAYAN CENTRAL PARK,23.1815403,72.639549,parks,N/A,2025-01-26,N/A,N/A,Gujarat
ChIJh_O5VSabXjkRiFXNuCOgIBg,Prahladnagar Garden,23.0128495,72.5062251,parks,N/A,2025-01-26,N/A,N/A,Gujarat
ChIJw6tkbSODXjkRFxQ1-uxdI2w,Amul garden,23.0622127,72.5389752,parks,N/A,2025-01-26,N/A,N/A,Gujarat
ChIJgWOXiMiFXjkR_ac72cZqkgA,Kankaria Park,23.0035932,72.60121219999999,parks,N/A,2025-01-26,N/A,N/A,Gujarat
ChIJVXUgyyCFXjkRZ97SWvg6I7Y,Sabarmati Riverfront Walkway West,23.0254044,72.5736102,parks,N/A,2025-01-26,N/A,N/A,Gujarat
ChIJudzm9vuCXjkRFUGJA5pVDsU,Prahlad Park Part-1,23.1134003,72.5609375,parks,N/A,2025-01-26,N/A,N/A,Gujarat
ChIJ0aQ8wSyHXjkRk3aETn8gcE0,Durga Park,23.0725048,72.67004179999999,parks,N/A,2025-01-26,N/A,N/A,Gujarat
ChIJg3Cr2iSDXjkR6t_YQ94iu3U,High Court of Gujarat Park,23.0803517,72.5239441,parks,N/A,2025-01-26,N/A,N/A,Gujarat
ChIJtb7DEjwrXDkR8Pujz4igXuQ,CRPF CHILDREN'S PARK GANDHINAGAR,23.2492635,72.6944441,parks,N/A,2025-01-26,N/A,N/A,Gujarat
ChIJRX0XCGgrXDkRXA_JNNDVFBk,Hospital Park,23.2192265,72.6412247,parks,N/A,2025-01-26,N/A,N/A,Gujarat
ChIJIzcmXp8rXDkR1w2ML_OyEYc,IITE Park,23.2373125,72.6370676,parks,N/A,2025-01-26,N/A,N/A,Gujarat
ChIJt6GvCQCFXjkRT6i56_jox0k,Flower park,22.9917613,72.53952319999999,parks,N/A,2025-01-26,N/A,N/A,Gujarat
ChIJ76jZL21bXjkRdKweV1gWxZA,"10, Sabina Park",22.7039614,72.8655928,parks,N/A,2025-01-26,N/A,N/A,Gujarat
ChIJMcx0cS2HXjkRQMbTbeqkXUU,Bapashree Park,23.0715589,72.6731262,parks,N/A,2025-01-26,N/A,N/A,Gujarat
ChIJjfxOclKEXjkRduBcAH643dI,Lokmanya Tilak Garden Victoria Garden,23.021912,72.57954360000001,parks,N/A,2025-01-26,N/A,N/A,Gujarat
ChIJQZo8ygCFXjkR79snrJaMVAY,Usmanpura Riverfront,23.046118,72.57306369999999,parks,N/A,2025-01-26,N/A,N/A,Gujarat
ChIJR-tV8_mFXjkRf5_9fD0OU0k,Riverside Park Garden,22.9921672,72.5395683,parks,N/A,2025-01-26,N/A,N/A,Gujarat
ChIJU4mPIraEXjkRse1a79ze_VQ,AUDA Garden,23.0351164,72.5279249,parks,N/A,2025-01-26,N/A,N/A,Gujarat
ChIJqQvWWO2aXjkREEHMS8yxe7g,Maniar's Wonderland,22.9854515,72.48502309999999,parks,N/A,2025-01-26,N/A,N/A,Gujarat
ChIJAcTDB1SEXjkR2ju25GyFF-c,Sabarmati Riverfront Flower Park,23.0164618,72.5733581,parks,N/A,2025-01-26,N/A,N/A,Gujarat
ChIJCwHBLXGEXjkR1CxQ29z7FnA,Riverfront Park,23.0571379,72.5825284,parks,N/A,2025-01-26,N/A,N/A,Gujarat
ChIJfTeTTtuFXjkRu3usImqlcHw,Swami public park,23.0289049,72.5268605,parks,N/A,2025-01-26,N/A,N/A,Gujarat
ChIJU78m5zqBXjkRVjq_jBv33sU,Nilkanth Park,23.0852321,72.6489502,parks,N/A,2025-01-26,N/A,N/A,Gujarat
ChIJs5byeJSEXjkRoHEZMXCnqvs,Joggers Park,23.043824,72.55473649999999,parks,N/A,2025-01-26,N/A,N/A,Gujarat
ChIJS07NCPqEXjkRbOayiO2TRRo,Law Garden,23.0272996,72.56073719999999,parks,N/A,2025-01-26,N/A,N/A,Gujarat
ChIJm1AccUQqXDkRJ-J9FZHhL2Y,Dinosaur And Fossil Park Gandhinagar,23.1925628,72.6465616,parks,N/A,2025-01-26,N/A,N/A,Gujarat
ChIJkffj_vEqXDkRredfH9s2CRU,Aranya Udhyan,23.1952594,72.6739946,parks,N/A,2025-01-26,N/A,N/A,Gujarat
ChIJGUVyR9iFXjkRfnqn9fNkCH4,Riverfront Children Park,23.0648147,72.59582929999999,parks,N/A,2025-01-26,N/A,N/A,Gujarat
ChIJI3QMJ5OFXjkROmuj0KA4HG4,Sabarmati Riverfront Biodiversity Park,22.9971091,72.5624821,parks,N/A,2025-01-26,N/A,N/A,Gujarat
ChIJFTWR5LaEXjkRp2yKc3u74n4,Vastrapur Lake Garden,23.0386267,72.5289351,parks,N/A,2025-01-26,N/A,N/A,Gujarat
ChIJZ1eL-1mDXjkR15tHOxuhu6E,Peacock park,23.0709625,72.6111823,parks,N/A,2025-01-26,N/A,N/A,Gujarat
ChIJe6P5MtyEXjkRnnbdTJqQ1xM,Sukan Park,23.0196094,72.5410181,parks,N/A,2025-01-26,N/A,N/A,Gujarat
ChIJX8oMRS-DXjkRWRcxaCaMack,Vibrant Industrial Park Limited,23.0746907,72.52575139999999,parks,N/A,2025-01-26,N/A,N/A,Gujarat
ChIJq0_kSIybXjkRVMk4v_A9U2w,Symphony Forest Park,23.0449765,72.5115345,parks,N/A,2025-01-26,N/A,N/A,Gujarat
ChIJa2ePVfuEXjkRjmSpyPA2Znw,Parimal Garden,23.0203135,72.5561606,parks,N/A,2025-01-26,N/A,N/A,Gujarat
ChIJTYv-bl2GXjkRTl4A5uX3T5U,Rajendra park,23.0145792,72.6397021,parks,N/A,2025-01-26,N/A,N/A,Gujarat
ChIJZVaEdwArXDkRfupNZNaJZAk,Public Park Kudasan,23.1802689,72.6266904,parks,N/A,2025-01-26,N/A,N/A,Gujarat
ChIJl2qb7QyHXjkRgAA-yL66V6M,Park,23.0354586,72.6539682,parks,N/A,2025-01-26,N/A,N/A,Gujarat
ChIJ6c3yEJyEXjkREPCP9UI_Wj8,Shree Swaminarayan Museum,23.0555518,72.5505761,museum,N/A,2025-01-26,N/A,N/A,Gujarat
ChIJMUvDzBaEXjkR1CRBatRqLls,Kasturbhai Lalbhai Museum,23.052235,72.59307729999999,museum,N/A,2025-01-26,N/A,N/A,Gujarat
ChIJG3VcZ0CFXjkRTNyV1PYWzhM,KHOJ Museum Riverfront,23.0269371,72.57274269999999,museum,N/A,2025-01-26,N/A,N/A,Gujarat
ChIJ_0oXeuyEXjkREWF0DvJjCyk,Lalbhai Dalpatbhai Museum,23.0331057,72.54987969999999,museum,N/A,2025-01-26,N/A,N/A,Gujarat
ChIJdbgcs0aEXjkRzF2BQdcNQeI,Conflictorium,23.0353599,72.5864242,museum,N/A,2025-01-26,N/A,N/A,Gujarat
ChIJV80ljS2bXjkRKG_Ki368PAU,Vikram Sarabhai Space Exhibition Center,23.0274195,72.51726219999999,museum,N/A,2025-01-26,N/A,N/A,Gujarat
ChIJs1R5QkibXjkRKjFMdMIZXoI,Heritage House Museum,23.0509002,72.50617919999999,museum,N/A,2025-01-26,N/A,N/A,Gujarat
ChIJq6qqo-krXDkRpjKYdCVYkdQ,Dandi Kutir (Salt Mount) Museum,23.2329555,72.63159390000001,museum,N/A,2025-01-26,N/A,N/A,Gujarat
ChIJlztKHtuFXjkRB_uFC4hQq0E,Prakruti Museum,23.0056704,72.6049326,museum,N/A,2025-01-26,N/A,N/A,Gujarat
ChIJf5CCtHKEXjkRtXPOPsigQE4,The Calico Museum of Textiles,23.054616,72.5921295,museum,N/A,2025-01-26,N/A,N/A,Gujarat
ChIJrVm5wiCFXjkRHwqaQMGowZg,Vichaar Museum,22.9938521,72.535474,museum,N/A,2025-01-26,N/A,N/A,Gujarat
ChIJI9dtBOCEXjkROy9sl4LOdRc,Shreyas Folk Museum,23.0136421,72.5393984,museum,N/A,2025-01-26,N/A,N/A,Gujarat
ChIJEZFDRj-HXjkRdZPbqKNYhsM,Auto World Vintage Car Museum,23.0572846,72.6872617,museum,N/A,2025-01-26,N/A,N/A,Gujarat
ChIJndnIPtuFXjkRMXcE8-ND_7o,Balvatika & N. H. Museum,23.0053338,72.6045817,museum,N/A,2025-01-26,N/A,N/A,Gujarat
ChIJA34tufWFXjkRM95Lc_P2-k8,Tribal Museum,23.0449553,72.5693257,museum,N/A,2025-01-26,N/A,N/A,Gujarat
ChIJV38W3xmdXjkRD_t-heMUpwM,Science City Gate No 2,23.0811833,72.4974009,museum,N/A,2025-01-26,N/A,N/A,Gujarat
ChIJBW5uKb-FXjkR8E81BXPFk1U,LD Museum Director Bunglow,23.0342253,72.5509447,museum,N/A,2025-01-26,N/A,N/A,Gujarat
ChIJF-zDmo-dXjkRzy8nEy5pVfk,Science City Ahmedabad,23.0802873,72.4956696,museum,N/A,2025-01-26,N/A,N/A,Gujarat
ChIJ6ykCikqEXjkRlcHKaIh3t8Q,JPP Collection Museum,23.0214181,72.5903429,museum,N/A,2025-01-26,N/A,N/A,Gujarat
ChIJ4VfWol-FXjkRlrZXD6DO0-0,Sardar Vallabhbhai Patel National Memorial,23.0610621,72.5909987,museum,N/A,2025-01-26,N/A,N/A,Gujarat
ChIJGaJGueKFXjkRMosRK-y3yh4,Statue of Vikram Sarabhai,23.0462001,72.5729477,museum,N/A,2025-01-26,N/A,N/A,Gujarat
ChIJhRyJNsCcXjkRxOHmjU8WK1w,"ElectroDrome, Gujarat Science City",23.0797002,72.4981124,museum,N/A,2025-01-26,N/A,N/A,Gujarat
ChIJYYY4cDCbXjkR6VC_LJcWReg,Ahmedabad Municipal Corporation Art Gallery - JODHPUR ART GALLERY,23.0229471,72.5093074,museum,N/A,2025-01-26,N/A,N/A,Gujarat
ChIJfQmvmOqcXjkRgbh2hfUoFLs,Hall of Space & Science,23.0784973,72.49641009999999,museum,N/A,2025-01-26,N/A,N/A,Gujarat
ChIJRQHQszWEXjkRtBvXvyvrqg0,Jethabhai Ni Haveli - Vaarso - Toy Museum,23.0229004,72.5942129,museum,N/A,2025-01-26,N/A,N/A,Gujarat
ChIJt1TliOuEXjkRMgh1qYpo_tU,"NC Mehta Gallery,",23.0332471,72.54949549999999,museum,N/A,2025-01-26,N/A,N/A,Gujarat
ChIJ_f1mEgCFXjkRUk3yZy3AMyE,Kutch Sanskruti Museum,23.0531599,72.59723579999999,museum,N/A,2025-01-26,N/A,N/A,Gujarat
ChIJec3Z09GdXjkRCxvmSY1TIOY,Vigyan Bhawan Science City,23.0782105,72.4989255,museum,N/A,2025-01-26,N/A,N/A,Gujarat
ChIJkVflZvCbXjkR2kEfgCS8a2A,Joint Replacement Museum Ahmedabad,22.9996365,72.5001006,museum,N/A,2025-01-26,N/A,N/A,Gujarat
ChIJdxCaIUCEXjkRvssnvHkaxug,Shasansamrat Bhavan,23.0414711,72.58971780000002,museum,N/A,2025-01-26,N/A,N/A,Gujarat
ChIJGR_S-1GEXjkRgley-Ic-xQY,"Sardar Vallabhbhai Patel Smarak Bhavan, Bhadra",23.023361,72.5790542,museum,N/A,2025-01-26,N/A,N/A,Gujarat
ChIJq6rarqUrXDkRGLufnJwoZNU,Directorate of Archaeology & Museums,23.2239808,72.6539678,museum,N/A,2025-01-26,N/A,N/A,Gujarat
ChIJRZs-4jeEXjkRRBPeLn3yUOw,Poet Dalpatram Memorial Chowk,23.0291809,72.59149529999999,museum,N/A,2025-01-26,N/A,N/A,Gujarat
ChIJ7UlwNT5sXjkRSF-yxLfjQv0,જય માતાજી,22.9517367,73.01373579999999,museum,N/A,2025-01-26,N/A,N/A,Gujarat
ChIJ37KLQlGBXjkRlLC3HKM9jiQ,Coba museum,23.1392127,72.6364743,museum,N/A,2025-01-26,N/A,N/A,Gujarat
ChIJ2bHZMM-FXjkRDCwZ7BgLgnk,Museum of Accountancy Kautilya,23.0391106,72.54769139999999,museum,N/A,2025-01-26,N/A,N/A,Gujarat
ChIJhz2kYKGFXjkRvcrlqBpY7Yg,Sardar Khan Makbara Jamalpur,23.0155097,72.58429869999999,museum,N/A,2025-01-26,N/A,N/A,Gujarat
ChIJDzvVCP_TXTkRWcVUfaYpyRY,Motipura Gam Gate,23.3396875,72.75343749999999,museum,N/A,2025-01-26,N/A,N/A,Gujarat
ChIJpa74g9NbXjkRvh8qRX7sXW4,Sardar Vallabhbhai Patel Birthplace,22.6920186,72.8682661,museum,N/A,2025-01-26,N/A,N/A,Gujarat
ChIJLUq-t3eFXjkRPFe2o5b8w84,Magan - Nivas,23.0605965,72.5812651,museum,N/A,2025-01-26,N/A,N/A,Gujarat
ChIJz_huQ6OFXjkR2a554OlQCsk,Haveli Of J. J. Yagnik,23.0227492,72.54707189999999,museum,N/A,2025-01-26,N/A,N/A,Gujarat
ChIJAZHWvbKFXjkRFC_zqV-v13E,Vasant Rajjab Memorial,23.0161908,72.5804497,museum,N/A,2025-01-26,N/A,N/A,Gujarat
ChIJj6Hv3X6XXjkR7vvHPPzlexM,meldi ma temple. madh,22.8700135,72.3933057,museum,N/A,2025-01-26,N/A,N/A,Gujarat
ChIJtSVNmxtbXjkRfFgW2BFgJsc,Pari Row House,22.7110504,72.8687913,museum,N/A,2025-01-26,N/A,N/A,Gujarat
ChIJZyUHRgCFXjkRjzloyKF0xu4,Tanmaye's Amazing Space (Astronomy & Space Studio / exhibition centre),23.0855336,72.4925203,museum,N/A,2025-01-26,N/A,N/A,Gujarat
ChIJOZKS9TeFXjkRGUPp7Z31QGo,S N HANDICRAFTS,22.9901166,72.5322829,museum,N/A,2025-01-26,N/A,N/A,Gujarat
ChIJwdSjRwBRXjkRFeZWIEbT9Hw,Akshar Bhuvan Museum - A largest hindu museum in the world,22.5960916,72.86896,museum,N/A,2025-01-26,N/A,N/A,Gujarat
ChIJKduvYDWEXjkRNidgdUOq61Q,Maganbhai Ni Haveli,23.02021,72.5918152,museum,N/A,2025-01-26,N/A,N/A,Gujarat
ChIJhcgFlJArXDkRJVD5v04dbEE,Nisarg Community Science Center,23.2400027,72.6494646,museum,N/A,2025-01-26,N/A,N/A,Gujarat
ChIJCb4npC1rXjkRrtfYTHSF_4A,India Heritage Azeera,22.8557992,73.0563351,museum,N/A,2025-01-26,N/A,N/A,Gujarat
ChIJi8iAZmGFXjkR4cTCsjIQLok,Alpana museum,23.0608841,72.59415969999999,museum,N/A,2025-01-26,N/A,N/A,Gujarat
ChIJR7dJT-qcXjkRHRl3EZM9MRg,Science City Energy Park,23.0804512,72.4943938,museum,N/A,2025-01-26,N/A,N/A,Gujarat
ChIJoRNIPgCHXjkRnlxFDp9_G2Q,PANDYA'S HOME,22.9841189,72.6420941,museum,N/A,2025-01-26,N/A,N/A,Gujarat
ChIJj8rNf56FXjkRlNUEGY_z7fM,Rathyatra Statue,23.0299257,72.6072348,museum,N/A,2025-01-26,N/A,N/A,Gujarat
ChIJgZGjB6SFXjkR4EH9wX04KKc,Kavi Akha Bhagat Chowk & Memorial,23.0224508,72.5937486,museum,N/A,2025-01-26,N/A,N/A,Gujarat
ChIJwd9bZACFXjkRdOijzJA98Bg,Jamanalal Bajaj Kala Kaksh જમનાલાલ બજાજ કલા કક્ષ,23.0436684,72.56902819999999,museum,N/A,2025-01-26,N/A,N/A,Gujarat
ChIJARlf4HmEXjkRoylXHhCxyxY,Mahatma Gandhi Sabarmati Ashram,23.0606577,72.5803299,museum,N/A,2025-01-26,N/A,N/A,Gujarat
ChIJF8ZrUqeJXjkRA70WH4HEAzw,Week End Unlimited,22.9668364,72.6631233,museum,N/A,2025-01-26,N/A,N/A,Gujarat
ChIJNZnqvVQvXDkREnIdaAUlClw,JAMNAGAR PURA TALAV RD,23.2478017,72.5257068,museum,N/A,2025-01-26,N/A,N/A,Gujarat
ChIJCRvfxBgfXDkRY5gJdYVuIZc,"Shree Damodar Ashram, Daran, Kadi",23.2045461,72.2805324,museum,N/A,2025-01-26,N/A,N/A,Gujarat
ChIJC1K84ez7SjoRV36M5WQJHiU,Mallavaram Dam- Gundlakamma River,15.6607752,79.9880554,attraction,N/A,2025-01-26,N/A,N/A,Andhra Pradesh
ChIJH0eQFUnlSjoROQzRZuSRhUY,View Point,15.6880225,79.8721719,attraction,N/A,2025-01-26,N/A,N/A,Andhra Pradesh
ChIJ9-fVnewBSzoRFqMR1j5KBFo,Mamidipalem Cheruvu,15.4952925,80.03288049999999,attraction,N/A,2025-01-26,N/A,N/A,Andhra Pradesh
ChIJn3kybcwBSzoRxmDRLvYKSIg,ONGOLE CITY VIEW POINT 1,15.5021293,80.0407963,attraction,N/A,2025-01-26,N/A,N/A,Andhra Pradesh
ChIJN_QQ-4nlSjoRuZuzROCuVHU,Marri Chettu,15.6814569,79.87038150000001,attraction,N/A,2025-01-26,N/A,N/A,Andhra Pradesh
ChIJa6ZDW1blSjoR1O_rlz0R9TE,Mogali Gundalu Water Fall,15.6471265,79.8556582,attraction,N/A,2025-01-26,N/A,N/A,Andhra Pradesh
ChIJTRg4cQC9SjoRGpa62NekR48,Gundlakamma,16.010738,79.72055,attraction,N/A,2025-01-26,N/A,N/A,Andhra Pradesh
ChIJkdFd99jCSjoRpvpkG45MHLI,East Chowtapalem Lake,15.7400944,79.6971902,attraction,N/A,2025-01-26,N/A,N/A,Andhra Pradesh
ChIJ1Ql-Nou9SjoR351YWFFVBIs,Singara Cheruvu view point,16.0480602,79.7082842,attraction,N/A,2025-01-26,N/A,N/A,Andhra Pradesh
ChIJw9DtS7onSzoRH3oPnPsdI-Q,Pedarikatla East Hills,15.5141062,79.5813118,attraction,N/A,2025-01-26,N/A,N/A,Andhra Pradesh
ChIJmepDRwABSzoRwWTkZ7EgzJo,HEMAN’s HOME,15.5154198,80.0247222,attraction,N/A,2025-01-26,N/A,N/A,Andhra Pradesh
ChIJwfJnIQDZSjoR7uk7ybZ5CKs,Nandii hills,15.6069505,79.6181592,attraction,N/A,2025-01-26,N/A,N/A,Andhra Pradesh
ChIJkyQkMwCjSjoRNXMIo1fPjy4,Ameya Plantations & Resorts,16.1818823,79.66665669999999,attraction,N/A,2025-01-26,N/A,N/A,Andhra Pradesh
ChIJRY35-S_lSjoRXNFyMVQAiWg,Gunti Ganga Waterfalls,15.6454615,79.8543308,attraction,N/A,2025-01-26,N/A,N/A,Andhra Pradesh
ChIJq-sOfT4rSzoRDEd0mBbxeB0,RNR's Eco Paradise,15.479971,79.4347295,attraction,N/A,2025-01-26,N/A,N/A,Andhra Pradesh
ChIJIfJGbYFfSjoRmyQFzZb39-w,KOTHAPALEM RAAVI CHETTU,15.8557235,80.16371529999999,attraction,N/A,2025-01-26,N/A,N/A,Andhra Pradesh
ChIJwURVq6X7SjoRfQm7uZRcZsE,Gundlakama dam,15.6622515,79.9861438,attraction,N/A,2025-01-26,N/A,N/A,Andhra Pradesh
ChIJZYQsRwCdSjoRM-KepUErwM8,"NTR Statue, Rompicharla",16.2116029,79.90719279999999,attraction,N/A,2025-01-26,N/A,N/A,Andhra Pradesh
ChIJI6EU-SxhSjoRDag1Q31k1Os,Yaddanapudi Pond,15.9967919,80.1697693,attraction,N/A,2025-01-26,N/A,N/A,Andhra Pradesh
ChIJS-ggHX_xSjoR1SiPLWe6N7M,Potti sreeramulu statue,15.8078865,79.975447,attraction,N/A,2025-01-26,N/A,N/A,Andhra Pradesh
ChIJTSZ8YQDzSjoRYGF-NeDdgrY,East Kambhampadu Arch,15.8517913,79.9331335,attraction,N/A,2025-01-26,N/A,N/A,Andhra Pradesh
ChIJQ1vKWS6DSjoRLb-p_6ENnV8,Veera Anjaneya Swami Alayam,16.2698866,79.975162,attraction,N/A,2025-01-26,N/A,N/A,Andhra Pradesh
ChIJXQDS9bbDSjoRAXut1CRfstU,Darsi hills,15.8038863,79.6679837,attraction,N/A,2025-01-26,N/A,N/A,Andhra Pradesh
ChIJ4VCrxBO9SjoROot_4c83t6M,Vinukonda hill,16.052286,79.7297835,attraction,N/A,2025-01-26,N/A,N/A,Andhra Pradesh
ChIJJXeuagDzSjoRz2HLym5uPEI,Bhavanasi Cheruvu view point,15.8540867,79.9590885,attraction,N/A,2025-01-26,N/A,N/A,Andhra Pradesh
ChIJH5yHalbvSjoRLCNz8vkxcTk,Kothapalem Check Dam,15.7439595,79.86804459999999,attraction,N/A,2025-01-26,N/A,N/A,Andhra Pradesh
ChIJZUdvDFHvSjoRF9eXggCJ8nQ,Dwarnapu Vagu Check Dam,15.744208,79.8680292,attraction,N/A,2025-01-26,N/A,N/A,Andhra Pradesh
ChIJ0WWYh2iGSjoR7uEjJc7hARg,Boating point kotappakonda,16.1466346,80.0282581,attraction,N/A,2025-01-26,N/A,N/A,Andhra Pradesh
ChIJoZ4X6IvNSjoRhbIb90Y3sso,Thurupu palle,15.7418277,79.39926470000002,attraction,N/A,2025-01-26,N/A,N/A,Andhra Pradesh
ChIJWazhCwB_SjoRXPPtUmdbNuE,Land farmer,16.3040881,80.1581822,attraction,N/A,2025-01-26,N/A,N/A,Andhra Pradesh
ChIJKYI-FwADSzoRksBlZXkWOG8,VIBE ZONE,15.5106235,79.9912137,attraction,N/A,2025-01-26,N/A,N/A,Andhra Pradesh
ChIJseDNOjW1SjoRgISwrJ2r1RE,Sagar canal waterfall,15.9586468,79.4141173,attraction,N/A,2025-01-26,N/A,N/A,Andhra Pradesh
ChIJD5reRwDBSjoR6euhBchDEdg,Anitha kolli forum,15.9128998,79.7399875,attraction,N/A,2025-01-26,N/A,N/A,Andhra Pradesh
ChIJB7gcawB9SjoRwGuDYvymDD8,Siraralla Kunta,16.2067528,80.1520668,attraction,N/A,2025-01-26,N/A,N/A,Andhra Pradesh
ChIJB3IDVgCrSzoROYaEoLuyFx8,Reddy Palam Karavadi,15.5443157,80.11254389999999,attraction,N/A,2025-01-26,N/A,N/A,Andhra Pradesh
ChIJ6Q8di_OFSjoR7WRkzwuVZLc,Kotappakonda Entrance Arch,16.1652887,80.00268849999999,attraction,N/A,2025-01-26,N/A,N/A,Andhra Pradesh
ChIJN8JWGACXSjoR88wJZK03rp4,Vadde Obanna Statue,16.0566096,79.7495363,attraction,N/A,2025-01-26,N/A,N/A,Andhra Pradesh
ChIJJ8q5LgBfSjoRozhcKIDfUEM,Brahmam gari Koneru,15.84606,80.126756,attraction,N/A,2025-01-26,N/A,N/A,Andhra Pradesh
ChIJWYdsOgDBSjoRFXMFCEX2uuo,PMI Dekanakonda Check Dam,15.8921379,79.66581579999999,attraction,N/A,2025-01-26,N/A,N/A,Andhra Pradesh
ChIJcwo4VQDtSjoRB4D_QT9oi8Q,Puluri subbareddy,15.8334555,79.8410536,attraction,N/A,2025-01-26,N/A,N/A,Andhra Pradesh
ChIJYVc1WqauSzoRK4S01m3kBgI,Pinnivaripalem Beach,15.4665417,80.20101939999999,attraction,N/A,2025-01-26,N/A,N/A,Andhra Pradesh
ChIJBXKe-gbhSjoR-tJ4z9w3qvU,రామతీర్థం జలాశయం గేట్లు,15.6279234,79.79602299999999,attraction,N/A,2025-01-26,N/A,N/A,Andhra Pradesh
ChIJ4XDSfwDDSjoRE-btDUMZFrA,Gogulapati sai karthik,15.7701491,79.67927050000002,attraction,N/A,2025-01-26,N/A,N/A,Andhra Pradesh
ChIJM6uPQADhSjoRG5bvn5jaC6A,Ramatheerdham view point,15.6359003,79.796086,attraction,N/A,2025-01-26,N/A,N/A,Andhra Pradesh
ChIJsfLDbAB9SjoR_QxxIZtNd_U,Per saibu Kunta,16.2051907,80.1506331,attraction,N/A,2025-01-26,N/A,N/A,Andhra Pradesh
ChIJ4fBCOACBSjoRUN0NnXrQSIE,Reddy nager,16.2421591,80.0381232,attraction,N/A,2025-01-26,N/A,N/A,Andhra Pradesh
ChIJZbeUVQCrSzoRv2lmW8dAu8c,Hunman junction Centre,15.5470276,80.11414669999999,attraction,N/A,2025-01-26,N/A,N/A,Andhra Pradesh
ChIJbzLjoF9RtTsR0XgtlUOrauQ,Koridala konda,16.0880068,79.2847446,attraction,N/A,2025-01-26,N/A,N/A,Andhra Pradesh
ChIJlTc8SgBNtTsR35rtoXDpnNw,నక్క అల్లూరి,16.0229272,79.3108355,attraction,N/A,2025-01-26,N/A,N/A,Andhra Pradesh
ChIJO5WcSgCrSzoR4ot7ABnsE5k,Ankamma thalli Centre Kamma Palem,15.5436014,80.1158506,attraction,N/A,2025-01-26,N/A,N/A,Andhra Pradesh
ChIJsVV5F0zhSjoR1dDoEMzo9_k,Magunta Subbarami reddy Ramatheerdham project,15.6325778,79.8068455,attraction,N/A,2025-01-26,N/A,N/A,Andhra Pradesh
ChIJgUimKQBNtTsRo8ES10QcIRE,Gas pichaya,16.0384411,79.3044139,attraction,N/A,2025-01-26,N/A,N/A,Andhra Pradesh
ChIJoQ72SwCpyjsRuR7cv4omIjY,Dj Shed,16.3535625,79.2733125,attraction,N/A,2025-01-26,N/A,N/A,Andhra Pradesh
ChIJ4YIwawDHSjoR_ADuED2uCCc,Islampet(mudam bazar),15.9021378,79.57630309999999,attraction,N/A,2025-01-26,N/A,N/A,Andhra Pradesh
ChIJNfppo0P7SjoRh5dYUnSai34,Reservoir Rear View Point,15.6683354,79.9859187,attraction,N/A,2025-01-26,N/A,N/A,Andhra Pradesh
ChIJuaNUQZeBSjoRGYDAK2uRxWU,Ghandhi Statue,16.2883833,80.0417532,attraction,N/A,2025-01-26,N/A,N/A,Andhra Pradesh
ChIJqydSIgB5SjoRk9b5wJ9G164,Jangalapalli cheruvu,16.237379,80.1877404,attraction,N/A,2025-01-26,N/A,N/A,Andhra Pradesh
ChIJw2RK3Ad9SjoRWx9ZqLZ71KQ,Janakamma Bhavi,16.1950996,80.1339555,attraction,N/A,2025-01-26,N/A,N/A,Andhra Pradesh
ChIJPR3aLQCrSjoR8FOG7DQPOwg,ముగ్గు గుంతల,16.199707,79.4350312,attraction,N/A,2025-01-26,N/A,N/A,Andhra Pradesh
ChIJkVMwWwCrSjoRrFYwp6xbnCs,దినాల బోడు,16.2106983,79.4330638,attraction,N/A,2025-01-26,N/A,N/A,Andhra Pradesh
ChIJYVc1WqauSzoRK4S01m3kBgI,Pinnivaripalem Beach,15.4665417,80.20101939999999,beaches,N/A,2025-01-26,N/A,N/A,Andhra Pradesh
ChIJ446pUk2tSzoRxu3MzWKzBTA,Motumala beach,15.4837902,80.2093956,beaches,N/A,2025-01-26,N/A,N/A,Andhra Pradesh
ChIJ2f9hJSiBSjoREHdEDk-i-70,Sivaratri Kotaiah Mandiram,16.2159594,80.0529025,beaches,N/A,2025-01-26,N/A,N/A,Andhra Pradesh
ChIJez-P5tutSzoR41WN25hq7UA,Solana Highlands Beach Resorts,15.4720407,80.20393179999999,beaches,N/A,2025-01-26,N/A,N/A,Andhra Pradesh
ChIJn3kybcwBSzoRxmDRLvYKSIg,ONGOLE CITY VIEW POINT 1,15.5021293,80.0407963,beaches,N/A,2025-01-26,N/A,N/A,Andhra Pradesh
ChIJC_MzrqxjSjoRtIMJR7ut_oA,CR Colony Walkers Park,16.0967016,80.1725391,beaches,N/A,2025-01-26,N/A,N/A,Andhra Pradesh
ChIJa6ZDW1blSjoR1O_rlz0R9TE,Mogali Gundalu Water Fall,15.6471265,79.8556582,waterfalls,N/A,2025-01-26,N/A,N/A,Andhra Pradesh
ChIJRY35-S_lSjoRXNFyMVQAiWg,Gunti Ganga Waterfalls,15.6454615,79.8543308,waterfalls,N/A,2025-01-26,N/A,N/A,Andhra Pradesh
ChIJfQrpytAptTsR0GZQ4DFDC5c,Tadivaripalli Waterfalls,15.5680715,79.2810271,waterfalls,N/A,2025-01-26,N/A,N/A,Andhra Pradesh
ChIJRyJhegDjSjoRQfs6nWYFgw8,CHIMAKURTHI Waterfalls,15.6145741,79.8447654,waterfalls,N/A,2025-01-26,N/A,N/A,Andhra Pradesh
ChIJseDNOjW1SjoRgISwrJ2r1RE,Sagar canal waterfall,15.9586468,79.4141173,waterfalls,N/A,2025-01-26,N/A,N/A,Andhra Pradesh
ChIJH5yHalbvSjoRLCNz8vkxcTk,Kothapalem Check Dam,15.7439595,79.86804459999999,waterfalls,N/A,2025-01-26,N/A,N/A,Andhra Pradesh
ChIJwURVq6X7SjoRfQm7uZRcZsE,Gundlakama dam,15.6622515,79.9861438,waterfalls,N/A,2025-01-26,N/A,N/A,Andhra Pradesh
ChIJb3wzwQkBSzoRMhwObyRlqRs,Rangarayudu Water Tank,15.5084835,80.03829790000002,waterfalls,N/A,2025-01-26,N/A,N/A,Andhra Pradesh
ChIJ4VCrxBO9SjoROot_4c83t6M,Vinukonda hill,16.052286,79.7297835,waterfalls,N/A,2025-01-26,N/A,N/A,Andhra Pradesh
ChIJn3kybcwBSzoRxmDRLvYKSIg,ONGOLE CITY VIEW POINT 1,15.5021293,80.0407963,waterfalls,N/A,2025-01-26,N/A,N/A,Andhra Pradesh
ChIJI1gZojbjSjoR0sPNP5ruFhw,Chimakurthy Hills,15.6164869,79.8367761,waterfalls,N/A,2025-01-26,N/A,N/A,Andhra Pradesh
ChIJs1isKgUBSzoRyiw-TV27SeE,Devudu Cheruvu Park,15.4983295,80.044884,waterfalls,N/A,2025-01-26,N/A,N/A,Andhra Pradesh
ChIJC_MzrqxjSjoRtIMJR7ut_oA,CR Colony Walkers Park,16.0967016,80.1725391,parks,N/A,2025-01-26,N/A,N/A,Andhra Pradesh
ChIJb_wJ4gyBSjoRJoO0fJDsZ2U,KBR Park,16.2437549,80.0339869,parks,N/A,2025-01-26,N/A,N/A,Andhra Pradesh
ChIJOaKqlmiBSjoRYKH0daycaKI,APJ Abdul Kalam Municipal Park,16.2402295,80.0518886,parks,N/A,2025-01-26,N/A,N/A,Andhra Pradesh
ChIJbXEbTtBjSjoRdHKt34zgqr4,RAGHAVENDRA Colony Park,16.0862295,80.1776155,parks,N/A,2025-01-26,N/A,N/A,Andhra Pradesh
ChIJpe7R8sqBSjoRul_7F7pm8gU,Stadium Pylon,16.2475435,80.0562442,parks,N/A,2025-01-26,N/A,N/A,Andhra Pradesh
ChIJ2f9hJSiBSjoREHdEDk-i-70,Sivaratri Kotaiah Mandiram,16.2159594,80.0529025,parks,N/A,2025-01-26,N/A,N/A,Andhra Pradesh
ChIJA5mk-kYBSzoRWQX3wECl-Os,annavarapadu park,15.4902125,80.0508538,parks,N/A,2025-01-26,N/A,N/A,Andhra Pradesh
ChIJuUhDRKHDSjoRflvt3rME5XI,"Municipal Park, Darsi",15.7755869,79.6773285,parks,N/A,2025-01-26,N/A,N/A,Andhra Pradesh
ChIJsxFKJPljSjoRiuEsNnV06SM,Thandri sannidhi ministries Prayer garden,16.1084375,80.11593750000002,parks,N/A,2025-01-26,N/A,N/A,Andhra Pradesh
ChIJQ5l9S75WSjoR8-NFjURhYK0,Uppugunduru Park,15.6744388,80.1669251,parks,N/A,2025-01-26,N/A,N/A,Andhra Pradesh
ChIJmQrQIsQBSzoREJen_Qlm1Sg,Nara Chandrababu Naidu Recreation Park,15.4918535,80.0443784,parks,N/A,2025-01-26,N/A,N/A,Andhra Pradesh
ChIJrcNQTNyHSjoRtsWXt3LbjC8,Abdul Kalam park,16.1573684,80.0272079,parks,N/A,2025-01-26,N/A,N/A,Andhra Pradesh
ChIJ23h5n7bDSjoRzhr1VXt5uiw,NTR PALLEVANAM PARK,15.7749626,79.6771407,parks,N/A,2025-01-26,N/A,N/A,Andhra Pradesh
ChIJa3dt6JnDSjoR5MVhA1Q3rOw,Park,15.7811357,79.66835610000001,parks,N/A,2025-01-26,N/A,N/A,Andhra Pradesh
ChIJ8ePAHu37SjoRsZKWIE-aJuw,Dam Park,15.6603665,79.9880577,parks,N/A,2025-01-26,N/A,N/A,Andhra Pradesh
ChIJ69-sMgsBSzoRfLf506bhSx0,NTR park,15.5091668,80.02975169999999,parks,N/A,2025-01-26,N/A,N/A,Andhra Pradesh
ChIJAwUFrQkBSzoRqml8O16x93U,Gandhi Park,15.5070251,80.0395308,parks,N/A,2025-01-26,N/A,N/A,Andhra Pradesh
ChIJ-bIp5ReBSjoRJqXEf1Pvi7Q,Palem park,16.2878981,80.0178518,parks,N/A,2025-01-26,N/A,N/A,Andhra Pradesh
ChIJgW5hXeNjSjoRpCwSCIB-pik,"Thota Narayanappa Muncipal Park, Purushothama Patnam",16.0867278,80.1481671,parks,N/A,2025-01-26,N/A,N/A,Andhra Pradesh
ChIJSxjrIwCXSjoRFdLLejLJryI,Gandhi Municipal Park,16.051327,79.742516,parks,N/A,2025-01-26,N/A,N/A,Andhra Pradesh
ChIJI4PpMSABSzoRxFpJ7ZKYoX4,Nehru Nagar Children's PARK,15.5190646,80.0455068,parks,N/A,2025-01-26,N/A,N/A,Andhra Pradesh
ChIJ27itARtjSjoRLF_l-bGmhkE,Kotha Colony Park,16.0894371,80.1759471,parks,N/A,2025-01-26,N/A,N/A,Andhra Pradesh
ChIJb8Vw_rdjSjoRUAAUV8aWk-w,childrens park,16.096297,80.16931,parks,N/A,2025-01-26,N/A,N/A,Andhra Pradesh
ChIJy63GMgMBSzoRoVd-2eqzKzE,CRPF Park,15.5105919,80.02843539999999,parks,N/A,2025-01-26,N/A,N/A,Andhra Pradesh
ChIJJ2lvGcYxtTsRGd_xeudLAAM,ROYAL DOG KENNEL - MARKAPUR,15.7321214,79.2894195,parks,N/A,2025-01-26,N/A,N/A,Andhra Pradesh
ChIJuWmFbz5jSjoR4suLwGy6_Bk,"Krishna Nagar Park, Chilakaluripet",16.0973865,80.1604363,parks,N/A,2025-01-26,N/A,N/A,Andhra Pradesh
ChIJhYKSXDDZSjoRL9Fefa8i-QQ,Swimming Pool And Park,15.5975254,79.64065769999999,parks,N/A,2025-01-26,N/A,N/A,Andhra Pradesh
ChIJ8a0FVggBSzoR73oVTIIGEX4,Dasari Narayana Rao Memorial Park,15.5066,80.0399,parks,N/A,2025-01-26,N/A,N/A,Andhra Pradesh
ChIJDxuZU8vLSjoREWiPf_VByQ8,Mahatma Gandhi village park,15.8071217,79.3965096,parks,N/A,2025-01-26,N/A,N/A,Andhra Pradesh
ChIJ8b6B4J8BSzoR2cYFOTINI3Q,"Chennakesava Nagar Park,M.M.Donka,Ongole",15.5091985,80.0297453,parks,N/A,2025-01-26,N/A,N/A,Andhra Pradesh
ChIJM7Rn2dnCSjoRNrj_VXDXWcU,NTR park,15.7373186,79.6988703,parks,N/A,2025-01-26,N/A,N/A,Andhra Pradesh
ChIJvf23hRkBSzoRhEaSwxAbisA,Bhagya Nagar Park,15.4918419,80.04454369999999,parks,N/A,2025-01-26,N/A,N/A,Andhra Pradesh
ChIJf-ibaAC9SjoR4xG6llcY6uE,Nagaravanam park vinukonda,16.088016,79.69771999999999,parks,N/A,2025-01-26,N/A,N/A,Andhra Pradesh
ChIJtzXze6j4SjoRV-8Z8MYGLe4,Nannuri Subbarao Park,15.6622186,80.0957711,parks,N/A,2025-01-26,N/A,N/A,Andhra Pradesh
ChIJaUL6k6ABSzoR2pucJ0x0gCQ,YSR Nirmal Nagar Park,15.5102995,80.0351429,parks,N/A,2025-01-26,N/A,N/A,Andhra Pradesh
ChIJ67zvODeBSjoRUPMHI0Ay50E,Dr. Kodela Siva Prasad Rao Udyama vanam,16.2412332,80.0409009,parks,N/A,2025-01-26,N/A,N/A,Andhra Pradesh
ChIJteMN44ZjSjoRZI95QgMWPUY,APTIDCO park,16.1083054,80.13710440000001,parks,N/A,2025-01-26,N/A,N/A,Andhra Pradesh
ChIJkey0-g-BSjoR5TGItvX5q60,NGO Colony Park,16.2415228,80.0416235,parks,N/A,2025-01-26,N/A,N/A,Andhra Pradesh
ChIJs1isKgUBSzoRyiw-TV27SeE,Devudu Cheruvu Park,15.4983295,80.044884,parks,N/A,2025-01-26,N/A,N/A,Andhra Pradesh
ChIJaTxf6h0BSzoR_VUhMaBIlIQ,Natu Babu Rao Park,15.4938037,80.052081,parks,N/A,2025-01-26,N/A,N/A,Andhra Pradesh
ChIJm6g4C5uBSjoRzZoJ2q8p3PU,Kodela siva prasad Park,16.2277707,80.04629589999999,parks,N/A,2025-01-26,N/A,N/A,Andhra Pradesh
ChIJj4JsLAgBSzoRzECmPb8lG84,Ranga Rayudu Park,15.5077243,80.0402539,parks,N/A,2025-01-26,N/A,N/A,Andhra Pradesh
ChIJZ8tH3o0BSzoRMHL4lcyAoAM,Koppolu Park,15.4860726,80.08148539999999,parks,N/A,2025-01-26,N/A,N/A,Andhra Pradesh
ChIJARr7TD9jSjoR6hQwV4k6QyA,Chilakaluripet Park,16.1010933,80.1642833,parks,N/A,2025-01-26,N/A,N/A,Andhra Pradesh
ChIJB-DrkwaBSjoR_smUOZYIaJc,Satuluru,16.2270525,80.04263830000001,parks,N/A,2025-01-26,N/A,N/A,Andhra Pradesh
ChIJXYhKSQsBSzoRrJovtptf32o,Rajiv Nagar Park,15.5043886,80.0315699,parks,N/A,2025-01-26,N/A,N/A,Andhra Pradesh
ChIJS1w7FwwBSzoR_AYtK8ubRy0,Gaddalagunta Park,15.5023358,80.035901,parks,N/A,2025-01-26,N/A,N/A,Andhra Pradesh
ChIJlRvIir4xtTsRX4KiXo3zHTY,Markapur clock tower,15.7387437,79.2708122,parks,N/A,2025-01-26,N/A,N/A,Andhra Pradesh
ChIJXexB0ic1tTsR4Mbz4cGcZoQ,T.a.raju gardens,15.8395307,79.2991116,parks,N/A,2025-01-26,N/A,N/A,Andhra Pradesh
ChIJezlkLT5jSjoRljcMZmmFJB0,Municipal park,16.0999039,80.17136359999999,parks,N/A,2025-01-26,N/A,N/A,Andhra Pradesh
ChIJ3426VABNtTsRq1muSq_L1JA,Rallavagu River Front Park,16.04398,79.31019169999999,parks,N/A,2025-01-26,N/A,N/A,Andhra Pradesh
ChIJw4BBOW9jSjoRWWx8pNUbN9A,East Christianpet Ambedkar Park,16.0890921,80.17469,parks,N/A,2025-01-26,N/A,N/A,Andhra Pradesh
ChIJ_Xu9WgiXSjoRkai0WjqqZBo,Bio-Diversity Park ASSIST VINUKONDA,16.0736125,79.7659547,parks,N/A,2025-01-26,N/A,N/A,Andhra Pradesh
ChIJ2-m3ZLoBSzoRpAYdXLL_aok,Park,15.5495054,80.0619422,parks,N/A,2025-01-26,N/A,N/A,Andhra Pradesh
ChIJ9_I5s-4BSzoRf_8vdaUFsdk,Koppolu Park,15.4891302,80.0818422,parks,N/A,2025-01-26,N/A,N/A,Andhra Pradesh
ChIJg5wCnHKrSjoRZw6VtYOx6LE,Guruswamy,16.2317849,79.4335261,parks,N/A,2025-01-26,N/A,N/A,Andhra Pradesh
ChIJq5k5c29jSjoRSNyzTug62Eg,Chandhramouli Muncipal Park,16.0876711,80.175004,parks,N/A,2025-01-26,N/A,N/A,Andhra Pradesh
ChIJS2T-WKzjSjoR6UVWmd1tuQc,Sri Buchepalli Kamalakar Reddy Park,15.5972974,79.8669768,parks,N/A,2025-01-26,N/A,N/A,Andhra Pradesh
ChIJ6VZ-1snlSjoRoKiBAcLBHlo,సోమాపుల్లయ్య పార్క్,15.6948151,79.8515609,parks,N/A,2025-01-26,N/A,N/A,Andhra Pradesh
ChIJAdYeokB9NToRZzegdqCBCXE,Dr.Y.S.Rajashekar Reddy Municipal Park,16.3001904,79.9283647,parks,N/A,2025-01-26,N/A,N/A,Andhra Pradesh
ChIJR44QylyGSjoRBDOu1IQFFwM,Trikoteswara Museum,16.1478592,80.0352716,museum,N/A,2025-01-26,N/A,N/A,Andhra Pradesh
ChIJgdfAEK9nSjoRo9EXB6xCS7M,NTR center,15.9599616,80.19848139999999,museum,N/A,2025-01-26,N/A,N/A,Andhra Pradesh
ChIJa2mWzqbvSjoRhEv-rxC50no,Ramanala vari palem maseedరమణాలవారిపాలెం మసీద్,15.7457238,79.84550910000002,museum,N/A,2025-01-26,N/A,N/A,Andhra Pradesh
ChIJh_MGAzBLtTsRJXGKVs-EAhQ,NTR STATUE GURIJEPALLI,15.9361719,79.32408459999999,museum,N/A,2025-01-26,N/A,N/A,Andhra Pradesh
ChIJXQG5jUzfSjoRp6H8zodDPNE,Y S R Statue,15.5550277,79.653791,museum,N/A,2025-01-26,N/A,N/A,Andhra Pradesh
ChIJqbJQgvfiSjoRq8XkNfN-Zds,Baba Gift Palace,15.5825852,79.87714609999999,museum,N/A,2025-01-26,N/A,N/A,Andhra Pradesh
ChIJF0hjTepfSjoRy0D2bBVLrMM,NTR Statue,15.8899721,80.1672967,museum,N/A,2025-01-26,N/A,N/A,Andhra Pradesh
ChIJhaz79w9KtTsRubk8WgGs2G4,Laxmi Venkateshwara Hotel and Lodge,15.9023303,79.30150460000002,museum,N/A,2025-01-26,N/A,N/A,Andhra Pradesh
ChIJmW5QQDOxSjoRFcduQko17oM,"Ayyappa swami Temple, Ganapavaram",16.0235123,79.4781777,museum,N/A,2025-01-26,N/A,N/A,Andhra Pradesh
ChIJUd6ALAABSzoRvx0mvhsi6HY,Peddamma,15.5057494,80.0498642,museum,N/A,2025-01-26,N/A,N/A,Andhra Pradesh
ChIJS04oQxT_SjoRuf9iinDPXj4,Vajaram Memorial House,15.6190533,80.0207439,museum,N/A,2025-01-26,N/A,N/A,Andhra Pradesh
ChIJX3g9CADnSjoRAmokmIX0JdA,Ch srinu,15.6614746,79.7532531,museum,N/A,2025-01-26,N/A,N/A,Andhra Pradesh
ChIJ99UD0uJbSjoRG0opXQFQNrQ,NTR Statue,15.8290235,80.18962069999999,museum,N/A,2025-01-26,N/A,N/A,Andhra Pradesh
ChIJaz1RM2wBSzoRH8Zi0321NlM,Shalem Enclave,15.5004923,80.05437409999999,museum,N/A,2025-01-26,N/A,N/A,Andhra Pradesh
ChIJw9Ga0RiISjoR41zQzZRT46A,NTR Statue,16.0943572,80.09219449999999,museum,N/A,2025-01-26,N/A,N/A,Andhra Pradesh
ChIJq68xPnf2SjoRjcxCMtT8PBk,NTR statue,15.8309333,80.06635159999999,museum,N/A,2025-01-26,N/A,N/A,Andhra Pradesh
ChIJbYbC67SRSjoRzhvxP2d5dFo,NTR Statue,16.0161264,79.90956059999999,museum,N/A,2025-01-26,N/A,N/A,Andhra Pradesh
ChIJl0iMUADZSjoRVbQhLfYV-Uo,Govardhan hame,15.6166992,79.6229753,museum,N/A,2025-01-26,N/A,N/A,Andhra Pradesh
ChIJ1SKMAUCBSjoRxAf0ItfNDBM,Vijetha Vespa,16.2353477,80.0479482,museum,N/A,2025-01-26,N/A,N/A,Andhra Pradesh
ChIJVVSvT6h5BTkRisydVcRUBdk,Chadwick Falls,31.1196351,77.1389365,attraction,N/A,2025-01-26,N/A,N/A,Himachal Pradesh
ChIJF04THyTtDzkRLlUCapcr5ls,Butterfly Park,30.729599,76.8105262,attraction,N/A,2025-01-26,N/A,N/A,Himachal Pradesh
ChIJa--BGLftDzkRO-fNQNv5zJY,Topiary Park,30.7268597,76.761245,attraction,N/A,2025-01-26,N/A,N/A,Himachal Pradesh
ChIJN7eajZN4BTkRTnLSm2F-XJQ,Hawa Ghar,31.1047034,77.1755591,attraction,N/A,2025-01-26,N/A,N/A,Himachal Pradesh
ChIJyf46L96YDzkReSpM1tAyGOs,Tikkar Taal,30.6580574,77.08185499999999,attraction,N/A,2025-01-26,N/A,N/A,Himachal Pradesh
ChIJH_Cdj0aJDzkRVaCyZy9W6Rg,Manki Point,30.8786278,76.9753214,attraction,N/A,2025-01-26,N/A,N/A,Himachal Pradesh
ChIJOeoRsM2SDzkROyE5qPSXkgQ,Garden of Silence,30.7384342,76.83011739999999,attraction,N/A,2025-01-26,N/A,N/A,Himachal Pradesh
ChIJAaqw9duIDzkRbec9O9f6HbM,Sunset Point,30.8916236,76.97126089999999,attraction,N/A,2025-01-26,N/A,N/A,Himachal Pradesh
ChIJo5aKYQXtDzkRammIQ9RY-bc,Chandigarh Bird Park,30.7486638,76.8103337,attraction,N/A,2025-01-26,N/A,N/A,Himachal Pradesh
ChIJlzKPi0PtDzkRsi3-RfaAnME,Nek Chand’s Rock Garden of Chandigarh,30.7529331,76.80505409999999,attraction,N/A,2025-01-26,N/A,N/A,Himachal Pradesh
ChIJwRSfq3btDzkRqpSJixUrNtY,Eiffel Tower Replica,30.7488467,76.785415,attraction,N/A,2025-01-26,N/A,N/A,Himachal Pradesh
ChIJWe-6fkGZDzkRmBoGM15c0eY,"The Morni Fort - Panchkula district, Haryana, India",30.68861669999999,77.0831439,attraction,N/A,2025-01-26,N/A,N/A,Himachal Pradesh
ChIJ-fgykgvvDzkRIpq88_RYeco,Fateh Burj - Baba Banda Singh Bahadur War Memorial,30.7030475,76.66661119999999,attraction,N/A,2025-01-26,N/A,N/A,Himachal Pradesh
ChIJgzPjVDrtDzkRFsBzSDsEc4c,Sukhna Lake Chandigarh,30.7447621,76.8105866,attraction,N/A,2025-01-26,N/A,N/A,Himachal Pradesh
ChIJHZnR6m_tDzkR_CcgM7HuD-k,Leisure Valley,30.7528125,76.79206250000001,attraction,N/A,2025-01-26,N/A,N/A,Himachal Pradesh
ChIJXVut_WCJDzkR-MKeUsUdRN8,jangeshu waterfall,30.8876355,76.9578478,attraction,N/A,2025-01-26,N/A,N/A,Himachal Pradesh
ChIJeX6cqfuDBTkRrs3H5Dk2Tvc,Kufri Fun World,31.0941261,77.278049,attraction,N/A,2025-01-26,N/A,N/A,Himachal Pradesh
ChIJacZgJ7_tDzkRdNeibenK6uA,Hibiscus Garden,30.7356372,76.7592686,attraction,N/A,2025-01-26,N/A,N/A,Himachal Pradesh
ChIJkZU-IHeTBTkRV78h-CE7-44,TanniJubbar Lake,31.2863483,77.49917289999999,attraction,N/A,2025-01-26,N/A,N/A,Himachal Pradesh
ChIJtarFmV3tDzkRZ7zT6kluvdc,"The Tower of Shadows - Chandigarh, India",30.7596984,76.8041372,attraction,N/A,2025-01-26,N/A,N/A,Himachal Pradesh
ChIJwxmT736GDzkR-NENOt0FyCQ,Dagshai Jail Museum,30.8866978,77.0527518,attraction,N/A,2025-01-26,N/A,N/A,Himachal Pradesh
ChIJc9VLenl8DzkRVbud_YnHplE,habban valley,30.9155757,77.3253008,attraction,N/A,2025-01-26,N/A,N/A,Himachal Pradesh
ChIJEQmeOABlDzkRN2SFnxYkN58,Churdhar Trek,30.8383005,77.45298679999999,attraction,N/A,2025-01-26,N/A,N/A,Himachal Pradesh
ChIJ_VwjPDOTDzkRsqF-Ad1zY5I,Kalagram,30.7099321,76.8263051,attraction,N/A,2025-01-26,N/A,N/A,Himachal Pradesh
ChIJQche0fJ5BTkRdb5RytJjPfc,Marina Waterfall,31.0979018,77.1771097,attraction,N/A,2025-01-26,N/A,N/A,Himachal Pradesh
ChIJz5Pf-UKCBTkRq_enVbtEKMM,Shimla Water Catchment Wildlife Sanctuary,31.1113908,77.2196979,attraction,N/A,2025-01-26,N/A,N/A,Himachal Pradesh
ChIJ1dJgWZZ4BTkR0oAnYvrfUJ4,Jakhu Ropeway Shimla,31.10226,77.17936759999999,attraction,N/A,2025-01-26,N/A,N/A,Himachal Pradesh
ChIJy-jJfiZ5BTkRsfuPy8a0-e8,"Ridge, Shimla",31.1048001,77.1746678,attraction,N/A,2025-01-26,N/A,N/A,Himachal Pradesh
ChIJIaK34ux4BTkR5cOKzkly-F4,Bantony Castle,31.1061545,77.1697236,attraction,N/A,2025-01-26,N/A,N/A,Himachal Pradesh
ChIJB7xLA-94BTkR6i5NbujsKJM,Gorton Castle,31.1046861,77.16266929999999,attraction,N/A,2025-01-26,N/A,N/A,Himachal Pradesh
ChIJDWqfQ3HtDzkR4SeVvWq2ffA,Tank Monument,30.7496155,76.78675400000002,attraction,N/A,2025-01-26,N/A,N/A,Himachal Pradesh
ChIJM3h23BvsDzkRytFlqsSjoN4,Silvi Park,30.6868329,76.7404391,attraction,N/A,2025-01-26,N/A,N/A,Himachal Pradesh
ChIJ4-uzpGRvDzkRTW76UU-qFFk,Churdhar Peak,30.8705799,77.4804139,attraction,N/A,2025-01-26,N/A,N/A,Himachal Pradesh
ChIJ2-ONubntDzkRSvcTocsrhG4,Sukhna lake,30.7367043,76.8167217,attraction,N/A,2025-01-26,N/A,N/A,Himachal Pradesh
ChIJT78SDcftDzkRU4WSZ5USnuo,Garden of Fragrance,30.7326709,76.7572113,attraction,N/A,2025-01-26,N/A,N/A,Himachal Pradesh
ChIJQVUWQIjuDzkR42G51GCENt4,Rose Garden,30.7120968,76.7208455,attraction,N/A,2025-01-26,N/A,N/A,Himachal Pradesh
ChIJgTisQlKhBTkRPpGUsxnniog,Karsog Valley,31.3821583,77.20508920000002,attraction,N/A,2025-01-26,N/A,N/A,Himachal Pradesh
ChIJBZJGLLWGDzkR-VLYqImobY4,"The Jawahar Park - Solan District, Himachal Pradesh, India",30.9083533,77.102302,attraction,N/A,2025-01-26,N/A,N/A,Himachal Pradesh
ChIJE2ZedemDBTkRM9Gs8zujiAU,Kufri Adventures,31.1004917,77.2669852,attraction,N/A,2025-01-26,N/A,N/A,Himachal Pradesh
ChIJ-7lDBN1HBTkRadd1Xpa_BvI,WELCOME TO HIMACHAL PRADESH THE LAND OF MOUNTAINS,31.2174549,76.65343519999999,attraction,N/A,2025-01-26,N/A,N/A,Himachal Pradesh
ChIJdwuUunuBDzkRgEKFULQp3Jw,Riva Waterfall,30.9275676,77.1487796,attraction,N/A,2025-01-26,N/A,N/A,Himachal Pradesh
ChIJXf7yu3KABTkR3bNP0yifXi8,Chail Sanctuary,31.0051396,77.20027449999999,attraction,N/A,2025-01-26,N/A,N/A,Himachal Pradesh
ChIJ_djAaO-DBTkRzhxzz1L0RUY,Nagsons Amusement Park Hip Hip Hurray,31.0975682,77.27097499999999,attraction,N/A,2025-01-26,N/A,N/A,Himachal Pradesh
ChIJAVmMUWbvDzkRLf4Ag-_lXmA,Thunder Zone Amusement and Water Park,30.6858683,76.6499178,attraction,N/A,2025-01-26,N/A,N/A,Himachal Pradesh
ChIJszH4qRXpDzkReCi2XmWyKI0,Harpreet's House,30.65430349999999,76.6975164,attraction,N/A,2025-01-26,N/A,N/A,Himachal Pradesh
ChIJraqq6uiDBTkR-jUF0i8m2Lo,Himalayan Nature Park Kufri,31.0983336,77.26295350000001,attraction,N/A,2025-01-26,N/A,N/A,Himachal Pradesh
ChIJa2mW8e54BTkR1Z6Tb6iW1m8,Victory Tunnel,31.1051477,77.1638909,attraction,N/A,2025-01-26,N/A,N/A,Himachal Pradesh
ChIJ_x6guaLtDzkRNstoSyAqZRg,"Selfi point, sector",30.7333037,76.7709368,attraction,N/A,2025-01-26,N/A,N/A,Himachal Pradesh
ChIJBxOC0GmPDzkRgo_YXJ7qgHI,Sun set view,30.8362877,76.9765036,attraction,N/A,2025-01-26,N/A,N/A,Himachal Pradesh
ChIJs1SEGOWDBTkRatVf6nPHXgw,Apple Point,31.0951365,77.27576909999999,attraction,N/A,2025-01-26,N/A,N/A,Himachal Pradesh
ChIJs72QhaJ_DzkRPkMERqf2YG4,View Point,30.9371222,77.2018196,attraction,N/A,2025-01-26,N/A,N/A,Himachal Pradesh
ChIJzaPqjk55BTkRfbyWqVYUvnI,Sun Set point,31.0827539,77.1377577,attraction,N/A,2025-01-26,N/A,N/A,Himachal Pradesh
ChIJ8wEEiJN4BTkR86GX-1d3t8k,View Point,31.1040787,77.17513989999999,attraction,N/A,2025-01-26,N/A,N/A,Himachal Pradesh
ChIJa-FWp5Z4BTkRNTEP_kXw-Lg,Rani Jhansi Park,31.1033,77.17739999999999,attraction,N/A,2025-01-26,N/A,N/A,Himachal Pradesh
ChIJW3ctvL2TDzkR8mHph_Y10y4,MDC (Mata Mansa Devi) Singh DWAR,30.7127172,76.8489695,attraction,N/A,2025-01-26,N/A,N/A,Himachal Pradesh
ChIJU4GSYj05BTkRVyK4Caen7t8,Sunset view point,31.3315387,76.6622721,attraction,N/A,2025-01-26,N/A,N/A,Himachal Pradesh
ChIJXRvjxNKBBTkRPvYrHA3BlNU,valley moments,31.0409758,77.2455095,attraction,N/A,2025-01-26,N/A,N/A,Himachal Pradesh
ChIJczu01brtDzkROxbY5D3fHN0,Subway (Underground Tunnel),30.7443044,76.7832773,attraction,N/A,2025-01-26,N/A,N/A,Himachal Pradesh
ChIJ8-ClmQDzDzkRD1_HX3eyo5E,Jainti Dam,30.8141259,76.78038149999999,attraction,N/A,2025-01-26,N/A,N/A,Himachal Pradesh
ChIJg7LsUtqIDzkRkls08MZa1ZY,Gilbert Nature Trail,30.889128,76.9722886,attraction,N/A,2025-01-26,N/A,N/A,Himachal Pradesh
ChIJ4whHeOjBBTkRV5zQOxnDHZU,Nogli Beach,31.4027566,77.6325049,beaches,N/A,2025-01-26,N/A,N/A,Himachal Pradesh
ChIJIcZRfjjtDzkRh9f2IPZrEUo,Shoe Island,30.7455499,76.8116359,beaches,N/A,2025-01-26,N/A,N/A,Himachal Pradesh
ChIJmz0jnmF5BTkR2QNIzmBb0BA,Mountain and beach travel,31.1024381,77.1989323,beaches,N/A,2025-01-26,N/A,N/A,Himachal Pradesh
ChIJ6dd7ideNDzkRCx3oQTVe4ok,Tosha Beach,30.8129788,76.9163403,beaches,N/A,2025-01-26,N/A,N/A,Himachal Pradesh
ChIJhU2JZpKTDzkRmisza36Tqxc,Sukhna Back End,30.7385097,76.82915609999999,beaches,N/A,2025-01-26,N/A,N/A,Himachal Pradesh
ChIJI6z5sQSJDzkResYdob4lX3A,KASAULI (queen of hills),30.89386769999999,76.96244779999999,beaches,N/A,2025-01-26,N/A,N/A,Himachal Pradesh
ChIJVVSvT6h5BTkRisydVcRUBdk,Chadwick Falls,31.1196351,77.1389365,beaches,N/A,2025-01-26,N/A,N/A,Himachal Pradesh
ChIJ87pwcN7tDzkR7qvabQkP08s,Beach N Brew,30.723995,76.8068365,beaches,N/A,2025-01-26,N/A,N/A,Himachal Pradesh
ChIJWR1NF2yTDzkRtTX_PtmLzUI,Fountain Park,30.6997288,76.8558802,beaches,N/A,2025-01-26,N/A,N/A,Himachal Pradesh
ChIJh6de0WgVBTkRn8e1UgT74XA,Baduwada Devta Ji View Point,31.3366451,76.86614949999999,beaches,N/A,2025-01-26,N/A,N/A,Himachal Pradesh
ChIJAQAAQIoZDTkRRePFG5ipH6I,Camp Roxx- Adventure Camp,30.6628587,77.2254462,beaches,N/A,2025-01-26,N/A,N/A,Himachal Pradesh
ChIJLVP0CQDBBTkRsnO_UTzL_8I,Dropa beach 🏖️⛱️,31.3966261,77.5772467,beaches,N/A,2025-01-26,N/A,N/A,Himachal Pradesh
ChIJ0Sa6UsmVDzkR0AQrwhQYUy8,Sydney beach resort,30.658541,76.8707498,beaches,N/A,2025-01-26,N/A,N/A,Himachal Pradesh
ChIJJbX5cruFDzkRTbWK7XqzQaY,"WelcomHeritage Parv Vilas Resort & Spa, Kasauli Hills",30.8530878,77.0728609,beaches,N/A,2025-01-26,N/A,N/A,Himachal Pradesh
ChIJE0t_4teBDzkRs1Sr4DZ_KjY,Kanishka Retreat Resort Chail,30.9718003,77.1735484,beaches,N/A,2025-01-26,N/A,N/A,Himachal Pradesh
ChIJUVMMsFh3DzkR3mGBVzi0uTo,Giri Camp,30.8297624,77.2461263,beaches,N/A,2025-01-26,N/A,N/A,Himachal Pradesh
ChIJNY8F9zKPDzkRpCBIx4IL7Tk,Muscle Beach Gym & Health Studio Kalka,30.8318118,76.9340964,beaches,N/A,2025-01-26,N/A,N/A,Himachal Pradesh
ChIJ9e_JGeJ4BTkRXXJoVCmX1ek,"Circuit House Willy Park,",31.1023821,77.1495917,beaches,N/A,2025-01-26,N/A,N/A,Himachal Pradesh
ChIJvVR3YTmGDzkRHl5tMsbV5fs,Pineland Resort & Chalets Kasauli,30.9087861,77.0183079,beaches,N/A,2025-01-26,N/A,N/A,Himachal Pradesh
ChIJZ7GGsNqDBTkR8el5yB73vfQ,The Travhim Holidays,31.1003625,77.2059577,beaches,N/A,2025-01-26,N/A,N/A,Himachal Pradesh
ChIJUwmz-quBDzkRuVxqshQ4Jk8,Xanadu Cafe,30.9332726,77.153501,beaches,N/A,2025-01-26,N/A,N/A,Himachal Pradesh
ChIJ4whHeOjBBTkRFjK-8rNUETo,Nogle,31.4028788,77.6329471,beaches,N/A,2025-01-26,N/A,N/A,Himachal Pradesh
ChIJ-9AZmHmJDzkRkJFkdpM8AvM,StayVista at Mysty View in Kasauli | 6 BHK Premium Holiday Home,30.8945939,76.95604209999999,beaches,N/A,2025-01-26,N/A,N/A,Himachal Pradesh
ChIJ6c9_f-rxDzkREUmqlzH-q6c,SK Networks,30.7589087,76.6671401,beaches,N/A,2025-01-26,N/A,N/A,Himachal Pradesh
ChIJO6RuOZN4BTkR2xBY9Y6_NaA,Karma Royal Group,31.1051428,77.17212839999999,beaches,N/A,2025-01-26,N/A,N/A,Himachal Pradesh
ChIJ_9W_5PXvDzkRbj62StQUuZI,Taxi Service in Chandigarh/ Tourist Taxi / Tempo Traveller in Chandigarh-Top Tour And Travel Chandigarh,30.7384916,76.7320065,beaches,N/A,2025-01-26,N/A,N/A,Himachal Pradesh
ChIJaU7UpKmUDzkR2omf5Ee2tUg,AirGanesha,30.6780317,76.8336206,beaches,N/A,2025-01-26,N/A,N/A,Himachal Pradesh
ChIJ_xLUqxjtDzkRmYSrj-f4gKQ,Arcadia Vacations,30.6947172,76.7707138,beaches,N/A,2025-01-26,N/A,N/A,Himachal Pradesh
ChIJdU6LEaPtDzkR-3J1mNNmOck,Wave Tourism,30.7348717,76.77645009999999,beaches,N/A,2025-01-26,N/A,N/A,Himachal Pradesh
ChIJH5ADAPgiBTkRyO7Kd7RJv5E,Barot,31.5311031,76.7913361,beaches,N/A,2025-01-26,N/A,N/A,Himachal Pradesh
ChIJ9T9Tp2CTDzkRDQaHCLShc9o,PureSoul Tourism,30.6862509,76.8489493,beaches,N/A,2025-01-26,N/A,N/A,Himachal Pradesh
ChIJa1r37OXtDzkRHkTuo_kttPQ,Bright sun vacations,30.7224,76.7695742,beaches,N/A,2025-01-26,N/A,N/A,Himachal Pradesh
ChIJ__8za0GTDzkRCTb_QYJgaWw,New Global Destination,30.6699436,76.88693549999999,beaches,N/A,2025-01-26,N/A,N/A,Himachal Pradesh
ChIJveVnh3KTDzkRYktqt2G60BI,Holiday Breaks Ltd,30.6961855,76.8355788,beaches,N/A,2025-01-26,N/A,N/A,Himachal Pradesh
ChIJVVVVFLZ4BTkRyFVGVhUQHXo,Onism Tour,31.083648,77.1723339,beaches,N/A,2025-01-26,N/A,N/A,Himachal Pradesh
ChIJAQAAQNzvDzkR8XMW1iZoU5E,Voyage365,30.7109612,76.68638179999999,beaches,N/A,2025-01-26,N/A,N/A,Himachal Pradesh
ChIJwfJOkTV5BTkRbRHxBLOb4Qo,Hillside Havens,31.0979953,77.12530730000002,beaches,N/A,2025-01-26,N/A,N/A,Himachal Pradesh
ChIJK0k31G-VDzkRg1XhP8Z8WbY,Travel Dot Set,30.6574963,76.8449839,beaches,N/A,2025-01-26,N/A,N/A,Himachal Pradesh
ChIJc1JJSydhBTkRbSNOzWbRskw,Seri bodni Waterfall,30.9723945,76.9064782,waterfalls,N/A,2025-01-26,N/A,N/A,Himachal Pradesh
ChIJsd43XYt_BTkRwixV9QdDQL0,Hail Himalayas Waterfall,31.0342466,77.1405405,waterfalls,N/A,2025-01-26,N/A,N/A,Himachal Pradesh
ChIJB_rQEXaPDzkRxT5rwqSfBvM,Mashobra waterfall,30.8672045,76.95562199999999,waterfalls,N/A,2025-01-26,N/A,N/A,Himachal Pradesh
ChIJ1W4BRIqZDzkRu8-S1jPCNpg,Prism waterfall,30.6602941,77.085183,waterfalls,N/A,2025-01-26,N/A,N/A,Himachal Pradesh
ChIJg7TxsRaXBTkRGYsNCRLn_js,Oaktree waterfall,31.2955234,77.4694923,waterfalls,N/A,2025-01-26,N/A,N/A,Himachal Pradesh
ChIJN35H4VuPDzkRF7Rs9qbCVz4,Chakki Modh Waterfall,30.8624222,77.0043232,waterfalls,N/A,2025-01-26,N/A,N/A,Himachal Pradesh
ChIJh2Qm66yRDzkRUVVkqRLNeRc,Burj Kotiya (Waterfall),30.74292269999999,76.9446469,waterfalls,N/A,2025-01-26,N/A,N/A,Himachal Pradesh
ChIJC4bbpz-DBTkR01Q4wrQDPwE,Kanola waterfall,31.1385592,77.235263,waterfalls,N/A,2025-01-26,N/A,N/A,Himachal Pradesh
ChIJVVSvT6h5BTkRisydVcRUBdk,Chadwick Falls,31.1196351,77.1389365,waterfalls,N/A,2025-01-26,N/A,N/A,Himachal Pradesh
ChIJdwuUunuBDzkRgEKFULQp3Jw,Riva Waterfall,30.9275676,77.1487796,waterfalls,N/A,2025-01-26,N/A,N/A,Himachal Pradesh
ChIJi_u4yM1pBTkRhfVoAjVWGZU,"NB Waterfall, Kyari",31.1974291,76.8630919,waterfalls,N/A,2025-01-26,N/A,N/A,Himachal Pradesh
ChIJmTkRPhZ_BTkRnijZ-UG-lQc,Taradevi Waterfall Zone,31.0339512,77.1377936,waterfalls,N/A,2025-01-26,N/A,N/A,Himachal Pradesh
ChIJXVut_WCJDzkR-MKeUsUdRN8,jangeshu waterfall,30.8876355,76.9578478,waterfalls,N/A,2025-01-26,N/A,N/A,Himachal Pradesh
ChIJQche0fJ5BTkRdb5RytJjPfc,Marina Waterfall,31.0979018,77.1771097,waterfalls,N/A,2025-01-26,N/A,N/A,Himachal Pradesh
ChIJK2G6a7N_BTkRKpse8VXMO-4,Waterfall,31.0327035,77.13968919999999,waterfalls,N/A,2025-01-26,N/A,N/A,Himachal Pradesh
ChIJmakMaDxlDzkRVkXnk5cQ3ao,Kanda waterfall,30.843427,77.415747,waterfalls,N/A,2025-01-26,N/A,N/A,Himachal Pradesh
ChIJbSSBEEkRBTkRyuNA1Kc3ONU,Chho Waterfall,31.4929253,76.9817976,waterfalls,N/A,2025-01-26,N/A,N/A,Himachal Pradesh
ChIJWWwKwRqFDzkRQWRv-LLTkXM,Step Waterfalls,30.8460504,77.0240371,waterfalls,N/A,2025-01-26,N/A,N/A,Himachal Pradesh
ChIJu1uLP-2RBTkRbFyfmhKAHWs,Akantwari waterfall,31.2409326,77.4270111,waterfalls,N/A,2025-01-26,N/A,N/A,Himachal Pradesh
ChIJ88WRz3oHBTkRt8CeipKkZlQ,Chhoi Fall (Chhoiwaterfall),31.5523252,77.1231487,waterfalls,N/A,2025-01-26,N/A,N/A,Himachal Pradesh
ChIJf7Xfdex_BTkRam8kL7PkIFA,Shoghi waterfall,31.0341089,77.1408281,waterfalls,N/A,2025-01-26,N/A,N/A,Himachal Pradesh
ChIJGchkUACHDzkRjvQHhr7ag_E,Bhusal Waterfall,30.9516518,77.08106719999999,waterfalls,N/A,2025-01-26,N/A,N/A,Himachal Pradesh
ChIJNQX2-y6BDzkR05IWTS1OPy4,Tonino Waterfall,30.9275348,77.1487145,waterfalls,N/A,2025-01-26,N/A,N/A,Himachal Pradesh
ChIJ94KUB2qJDzkRm4RgFPO_YCk,Step waterfall,30.8914274,76.9975238,waterfalls,N/A,2025-01-26,N/A,N/A,Himachal Pradesh
ChIJ0bWKJDqBBTkR11jAWOvSq2w,Dhar Waterfall (Seasonal),30.9956941,77.2370832,waterfalls,N/A,2025-01-26,N/A,N/A,Himachal Pradesh
ChIJK5LrQcyxBTkRdaNyhbBjgpY,Sajwar Hidden Waterfall Stonehedge - छुपा पत्थर झरना,31.5559771,77.4162065,waterfalls,N/A,2025-01-26,N/A,N/A,Himachal Pradesh
ChIJlWVpijZ3DzkRxaGKD3L8qaY,Baru Lake & Waterfall,30.7627009,77.2820699,waterfalls,N/A,2025-01-26,N/A,N/A,Himachal Pradesh
ChIJofhTZDWvBTkRFnc-pHptv50,Shoja (Sohja) Waterfall,31.5517635,77.3674527,waterfalls,N/A,2025-01-26,N/A,N/A,Himachal Pradesh
ChIJyf12q1t_BTkRtIRMWpNrfHM,Water fall,31.002338,77.1638036,waterfalls,N/A,2025-01-26,N/A,N/A,Himachal Pradesh
ChIJMYGd2E6TBTkRNO9HrGM7-FQ,Shilvi Natural Waterfall,31.2798655,77.5345469,waterfalls,N/A,2025-01-26,N/A,N/A,Himachal Pradesh
ChIJf68jg_mJDzkRflns3vFePgs,Kanav Falls,30.8782384,76.9616028,waterfalls,N/A,2025-01-26,N/A,N/A,Himachal Pradesh
ChIJZbmXeACdDzkRawapP5cM6AU,Waterfall Sirmour,30.7855326,77.1778349,waterfalls,N/A,2025-01-26,N/A,N/A,Himachal Pradesh
ChIJcfygo_ePDzkRFVVGM3iI3mg,Water fall,30.8635211,77.0039396,waterfalls,N/A,2025-01-26,N/A,N/A,Himachal Pradesh
ChIJzf2QAoyBDzkRKXEBXF6BXqk,Malhotra fall,30.92794229999999,77.14834739999999,waterfalls,N/A,2025-01-26,N/A,N/A,Himachal Pradesh
ChIJFwlnnGYXBTkRtfX933ibIgU,Sul Bridge water fall,31.4246135,76.8961654,waterfalls,N/A,2025-01-26,N/A,N/A,Himachal Pradesh
ChIJA9G1WoV_BTkR1FlMLNL0nk4,Jafri waterfal treak,30.9946505,77.16026169999999,waterfalls,N/A,2025-01-26,N/A,N/A,Himachal Pradesh
ChIJdQ2LcMOPDzkRT748E0jZJJg,The Crew Falls,30.8379007,77.0064009,waterfalls,N/A,2025-01-26,N/A,N/A,Himachal Pradesh
ChIJi1Co-vK7BTkRlT8ob3un9Bk,Brahm waterfall,31.5093786,77.4180609,waterfalls,N/A,2025-01-26,N/A,N/A,Himachal Pradesh
ChIJzbpIUgBlDzkR_Q-Qk6o3jBM,Poei waterfall,30.8398312,77.4162595,waterfalls,N/A,2025-01-26,N/A,N/A,Himachal Pradesh
ChIJGTYWEACvBTkRIAedVjQx_wo,Shiv Ganga waterfall,31.5391357,77.29461189999999,waterfalls,N/A,2025-01-26,N/A,N/A,Himachal Pradesh
ChIJSWdVQ1p_BTkR6ObUMN7yxaM,SHIV FALLS,30.9910266,77.14500369999999,waterfalls,N/A,2025-01-26,N/A,N/A,Himachal Pradesh
ChIJreOpF6-7BTkRdk5LIYc1SkM,Chaku waterfall,31.5308551,77.45749479999999,waterfalls,N/A,2025-01-26,N/A,N/A,Himachal Pradesh
ChIJ3V5YQNePDzkRiGgazDU0Au0,Small water fall,30.8288993,76.95965029999999,waterfalls,N/A,2025-01-26,N/A,N/A,Himachal Pradesh
ChIJv3xnQzWXBTkR98RUVyABxYE,HRT overflow outlet waterfall,31.3661645,77.38438479999999,waterfalls,N/A,2025-01-26,N/A,N/A,Himachal Pradesh
ChIJ86SrOwCJDzkRYAgvokfR1dQ,Waterfall,30.8830704,76.9887385,waterfalls,N/A,2025-01-26,N/A,N/A,Himachal Pradesh
ChIJbx44HUeTDzkRXBoN22OLbmg,Reservoir,30.7320579,76.91633759999999,waterfalls,N/A,2025-01-26,N/A,N/A,Himachal Pradesh
ChIJa4djI1mPDzkRa3a8w2bbLfg,Kamali Village River Dam,30.8312189,76.968745,waterfalls,N/A,2025-01-26,N/A,N/A,Himachal Pradesh
ChIJQR6gMAJ_BTkRS-jiFCxylZU,Suinta Waterfall,31.0421152,77.1896682,waterfalls,N/A,2025-01-26,N/A,N/A,Himachal Pradesh
ChIJm1Th3sF_BTkRmDdJQnSV78g,Shoghi Hidden Water fall,31.0334427,77.1374707,waterfalls,N/A,2025-01-26,N/A,N/A,Himachal Pradesh
ChIJ68be0GZ_BTkRsQK5GoqdolI,Tara Devi Waterfall trek start point,31.0314513,77.1361105,waterfalls,N/A,2025-01-26,N/A,N/A,Himachal Pradesh
ChIJYQop6zejBTkRQ-C_nvleaQA,Madhmu Waterfall Near Dumhi Village,31.4402063,77.30989579999999,waterfalls,N/A,2025-01-26,N/A,N/A,Himachal Pradesh
ChIJA6aCryFvDzkRxcoUSF6ldVk,Water fall,30.8196428,77.42759319999999,waterfalls,N/A,2025-01-26,N/A,N/A,Himachal Pradesh
ChIJq0YqL_qZDzkRoerIAqGA5jM,Morni waterfall,30.6582066,77.0860598,waterfalls,N/A,2025-01-26,N/A,N/A,Himachal Pradesh
ChIJPSvm9kPsDzkRXqVVXHgUFF8,Park Sector 46 C,30.7009772,76.7634089,parks,N/A,2025-01-26,N/A,N/A,Himachal Pradesh
ChIJ5V1z88ntDzkREDVOqDLWYdE,Park 35D,30.7235916,76.7559325,parks,N/A,2025-01-26,N/A,N/A,Himachal Pradesh
ChIJ9zlkueHtDzkRrt13uqKvjKA,Sector 40-A Park,30.7405124,76.73882499999999,parks,N/A,2025-01-26,N/A,N/A,Himachal Pradesh
ChIJjwH0r2jsDzkR7kloM2sStas,Park - Sector-47C,30.6909177,76.76764639999999,parks,N/A,2025-01-26,N/A,N/A,Himachal Pradesh
ChIJ-WMbl-7tDzkRmMzqEZiPlXw,Sector 38 Sugar Sister Park,30.7469147,76.7500219,parks,N/A,2025-01-26,N/A,N/A,Himachal Pradesh
ChIJBcSvkYzuDzkRiL0O4pE-u7k,Kargil Park,30.7061985,76.7128633,parks,N/A,2025-01-26,N/A,N/A,Himachal Pradesh
ChIJIdkyiU3rDzkRXdgF6LqRm78,Park Baltana,30.6672023,76.8218246,parks,N/A,2025-01-26,N/A,N/A,Himachal Pradesh
ChIJc-7hs6PuDzkR9KpCRyexf-A,City Park,30.687488,76.730614,parks,N/A,2025-01-26,N/A,N/A,Himachal Pradesh
ChIJA_uiZ-btDzkRNSVw60wPkqE,Park - Sector 38,30.7428705,76.7428865,parks,N/A,2025-01-26,N/A,N/A,Himachal Pradesh
ChIJDSdhx4buDzkRVNh0nEWnjYA,Ekta Park,30.7100968,76.72689989999999,parks,N/A,2025-01-26,N/A,N/A,Himachal Pradesh
ChIJJ9ViuEXsDzkRgU8UcYUdjYw,46 Park,30.7049083,76.7639952,parks,N/A,2025-01-26,N/A,N/A,Himachal Pradesh
ChIJgYXKZUSTDzkRbhSP424t-pE,Public Park - 2,30.69266949999999,76.8425785,parks,N/A,2025-01-26,N/A,N/A,Himachal Pradesh
ChIJZRfW88ntDzkRl7WE85EKujY,Fountain Park,30.7233117,76.7554809,parks,N/A,2025-01-26,N/A,N/A,Himachal Pradesh
ChIJqUk3-WjvDzkRU6_M0T2zhHU,park sec 80,30.6699526,76.7145735,parks,N/A,2025-01-26,N/A,N/A,Himachal Pradesh
ChIJUzhhpmmTDzkRb_JE3Fh_ZYg,Yavnika Park,30.6954496,76.8519465,parks,N/A,2025-01-26,N/A,N/A,Himachal Pradesh
ChIJj3sM1pfuDzkRtjcGljj7C1A,Central Park,30.6910538,76.71960729999999,parks,N/A,2025-01-26,N/A,N/A,Himachal Pradesh
ChIJ22bNj2-UDzkR8-YuKI1AMWc,Sector- 25 Park,30.6721,76.8843,parks,N/A,2025-01-26,N/A,N/A,Himachal Pradesh
ChIJc1hRTanvDzkRsDcjffcWSTU,Shivalik palm city park no 1,30.7268037,76.659841,parks,N/A,2025-01-26,N/A,N/A,Himachal Pradesh
ChIJ8b7IglbsDzkR0v4GVrjpDGo,Sector 33B - Park,30.7152101,76.7778065,parks,N/A,2025-01-26,N/A,N/A,Himachal Pradesh
ChIJcf5dfDztDzkR4Wg3h2A-wfE,Moon Park,30.736769,76.80766050000001,parks,N/A,2025-01-26,N/A,N/A,Himachal Pradesh
ChIJ4RLwoH7uDzkRsX5giBO__Wg,Sector 53 Sas Nagar Mohali Park,30.7188749,76.7280121,parks,N/A,2025-01-26,N/A,N/A,Himachal Pradesh
ChIJm0zhSaTtDzkR1mrBl6x5AT0,Nehru Park 22 Chd,30.7336584,76.7724247,parks,N/A,2025-01-26,N/A,N/A,Himachal Pradesh
ChIJZ7fFLqztDzkR54ltLNJtujg,Public Park - Sector 21 D,30.7241772,76.7716425,parks,N/A,2025-01-26,N/A,N/A,Himachal Pradesh
ChIJ3VaD5HqTDzkRLw5VVyjnvq8,Sector 4 Park,30.691967,76.86259,parks,N/A,2025-01-26,N/A,N/A,Himachal Pradesh
ChIJuQmk4eHsDzkR7YVSsRZ-KUc,Public Park - Sector 27C,30.7214948,76.79837859999999,parks,N/A,2025-01-26,N/A,N/A,Himachal Pradesh
ChIJ7_blTL7tDzkR4NJ_QRVpCEY,Public Park - Sector 23-D,30.7383874,76.7597385,parks,N/A,2025-01-26,N/A,N/A,Himachal Pradesh
ChIJkWM1ScztDzkRPKU7oZOPLCU,Public Park Sector 43B green park,30.7187026,76.7504252,parks,N/A,2025-01-26,N/A,N/A,Himachal Pradesh
ChIJQ9WlkuLsDzkR_cBUytkJrZI,Public Park Sector 27D,30.7197051,76.7934606,parks,N/A,2025-01-26,N/A,N/A,Himachal Pradesh
ChIJ52k2NGPuDzkR2fYylGZmrFU,Phase 4 Public Park,30.7177947,76.7217926,parks,N/A,2025-01-26,N/A,N/A,Himachal Pradesh
ChIJ88VZAqvuDzkRLbrP9tn44B0,Park 2,30.67185379999999,76.73063739999999,parks,N/A,2025-01-26,N/A,N/A,Himachal Pradesh
ChIJz-EZcqrtDzkROxyp4dufZfA,Sector 20A - Park,30.7246265,76.7806279,parks,N/A,2025-01-26,N/A,N/A,Himachal Pradesh
ChIJ6dcA1T_sDzkRo6NZLzKCunA,Green Belt Park,30.6946954,76.7540207,parks,N/A,2025-01-26,N/A,N/A,Himachal Pradesh
ChIJqSj8ikeTDzkRFq3r1rC1owQ,Park 16,30.703138,76.8390977,parks,N/A,2025-01-26,N/A,N/A,Himachal Pradesh
ChIJXRzMiJjuDzkR0drRR5ZIido,Park 15,30.6923907,76.72533349999999,parks,N/A,2025-01-26,N/A,N/A,Himachal Pradesh
ChIJ7zs2kRHtDzkRgINmnyWYyS0,"Park, Chandigarh",30.7366321,76.792484,parks,N/A,2025-01-26,N/A,N/A,Himachal Pradesh
ChIJU4hUxqyTDzkRNs-aiupcTeQ,Tiger park,30.7282989,76.87229909999999,parks,N/A,2025-01-26,N/A,N/A,Himachal Pradesh
ChIJM0DaogjtDzkRw-RqpaTF-eQ,Kk park,30.7321881,76.7842958,parks,N/A,2025-01-26,N/A,N/A,Himachal Pradesh
ChIJb9AFWC7sDzkRmIqdQb-gyx8,Park 2,30.7081839,76.7423343,parks,N/A,2025-01-26,N/A,N/A,Himachal Pradesh
ChIJEwajvQbtDzkRz1_m2Q12W2I,Sector 20A - Park,30.7272342,76.7846502,parks,N/A,2025-01-26,N/A,N/A,Himachal Pradesh
ChIJnyZU64ruDzkRGcZboiRsqvM,Sector 59 Park,30.711372,76.7123521,parks,N/A,2025-01-26,N/A,N/A,Himachal Pradesh
ChIJbwpeZ6jtDzkRrLUECQeWfNk,Park 4,30.7294295,76.7773784,parks,N/A,2025-01-26,N/A,N/A,Himachal Pradesh
ChIJCYJ6B93tDzkRxrtmYIO2EZY,Park No. 4,30.7361587,76.7423544,parks,N/A,2025-01-26,N/A,N/A,Himachal Pradesh
ChIJi-xUWabtDzkRpGb67xlQsDY,Park 4,30.7331469,76.77585789999999,parks,N/A,2025-01-26,N/A,N/A,Himachal Pradesh
ChIJBZJGLLWGDzkR-VLYqImobY4,"The Jawahar Park - Solan District, Himachal Pradesh, India",30.9083533,77.102302,parks,N/A,2025-01-26,N/A,N/A,Himachal Pradesh
ChIJCzEmWoLuDzkROS8v3J6HIx4,Park 4,30.7065941,76.73157789999999,parks,N/A,2025-01-26,N/A,N/A,Himachal Pradesh
ChIJtXW9TeHvDzkRwmal-6QupNo,Park Saachi,30.7470303,76.6594145,parks,N/A,2025-01-26,N/A,N/A,Himachal Pradesh
ChIJu_JNiUrsDzkRoQvLDvxMlgE,Daughter's Dreamland Park,30.7151367,76.7579205,parks,N/A,2025-01-26,N/A,N/A,Himachal Pradesh
ChIJr-XLVBLtDzkRnd_n4TdmEBw,Park Sector 8C,30.7398344,76.79648879999999,parks,N/A,2025-01-26,N/A,N/A,Himachal Pradesh
ChIJ56nh02XtDzkRx8_uMSn99M4,Bougainvillea Park 3 Chd,30.7582694,76.7959428,parks,N/A,2025-01-26,N/A,N/A,Himachal Pradesh
ChIJESWYbFz1DzkRTwD7Kcj4zAQ,Torrent Park,30.9413868,76.80776039999999,parks,N/A,2025-01-26,N/A,N/A,Himachal Pradesh
ChIJNwU5tk6TDzkRwVU5GFanm7k,Public Park 4,30.6965668,76.8330979,parks,N/A,2025-01-26,N/A,N/A,Himachal Pradesh
ChIJhcDOZrHtDzkRnz6KT0ngw5E,UT Park,30.7281962,76.76387880000001,parks,N/A,2025-01-26,N/A,N/A,Himachal Pradesh
ChIJseVKYRLsDzkRYMuyi_KI38A,Park 3,30.6843315,76.75349829999999,parks,N/A,2025-01-26,N/A,N/A,Himachal Pradesh
ChIJBfxa0VnxDzkRvwLh-KCVR48,Picadilly Park,30.7479895,76.6659719,parks,N/A,2025-01-26,N/A,N/A,Himachal Pradesh
ChIJR0b30lWVDzkR8AW10t5tnl4,Hanuman Vatika Park Sector-27 Panchkula,30.6566414,76.88528339999999,parks,N/A,2025-01-26,N/A,N/A,Himachal Pradesh
ChIJv0ZQAmLuDzkRw9XUV0ijdJc,Park,30.7137231,76.7164785,parks,N/A,2025-01-26,N/A,N/A,Himachal Pradesh
ChIJO5Yz1oOUDzkRo2tuSaE0D58,Park 11 (Shri Ram Park) No 2112,30.68010259999999,76.8660712,parks,N/A,2025-01-26,N/A,N/A,Himachal Pradesh
ChIJi3QCJtfvDzkRIhkqFV0qJsQ,Park 38-A,30.7006975,76.7038373,parks,N/A,2025-01-26,N/A,N/A,Himachal Pradesh
ChIJaYIm4kWTDzkR2-6c4Dd7ssk,Park 1,30.7021812,76.8385234,parks,N/A,2025-01-26,N/A,N/A,Himachal Pradesh
ChIJ596__oWUDzkRfvsTsAuU7xM,"Park 4 (Bada Park, Near Ghagar)",30.6724531,76.8660596,parks,N/A,2025-01-26,N/A,N/A,Himachal Pradesh
ChIJ8UgvSeJ4BTkR2dpKGX8M7G4,Himachal State Museum,31.10337,77.150837,museum,N/A,2025-01-26,N/A,N/A,Himachal Pradesh
ChIJ23Om53PtDzkRvspIVtNlOXI,Chandigarh Architecture Museum,30.7484961,76.78585989999999,museum,N/A,2025-01-26,N/A,N/A,Himachal Pradesh
ChIJH2mMF6btDzkR93BPJEqSmss,Government Museum and Art Gallery,30.7490693,76.787326,museum,N/A,2025-01-26,N/A,N/A,Himachal Pradesh
ChIJZ_2AKbiGDzkRJDDBSj68kSk,Zoological Survey Of India Museum,30.9069779,77.09077359999999,museum,N/A,2025-01-26,N/A,N/A,Himachal Pradesh
ChIJCR2V45vtDzkRbF4c2sUUGYw,"Rag Doll museum, Rock garden",30.7526816,76.8084076,museum,N/A,2025-01-26,N/A,N/A,Himachal Pradesh
ChIJdXiZMWvtDzkRbVJZul6buLM,Gandhi Museum,30.7479938,76.7759689,museum,N/A,2025-01-26,N/A,N/A,Himachal Pradesh
ChIJl-ud-XPtDzkRczJ8PWVfhQs,Natural History Museum,30.7480941,76.78588429999999,museum,N/A,2025-01-26,N/A,N/A,Himachal Pradesh
ChIJoz7RGYntDzkR_jW7wpQPlg0,Indian Air Force Heritage Museum Chandigarh,30.7392523,76.79095439999999,museum,N/A,2025-01-26,N/A,N/A,Himachal Pradesh
ChIJA0WjvbrsDzkRrw__dRd4E_4,Heritage Garden,30.6906433,76.8134307,museum,N/A,2025-01-26,N/A,N/A,Himachal Pradesh
ChIJzx9HEYftDzkRMNG-xeippwE,Fine Arts Museum,30.7624216,76.7723898,museum,N/A,2025-01-26,N/A,N/A,Himachal Pradesh
ChIJ4YJrBBntDzkRbKrpPMxw9U4,Le Corbusier Centre,30.7298194,76.7995423,museum,N/A,2025-01-26,N/A,N/A,Himachal Pradesh
ChIJeQgNWvvvDzkRoyi7V1AYwd0,Sikh Museum Mohali,30.7257945,76.6998622,museum,N/A,2025-01-26,N/A,N/A,Himachal Pradesh
ChIJX8vo4UWHDzkRH_8OVujuJjI,Tethys Fossil Museum,30.9232397,77.0199098,museum,N/A,2025-01-26,N/A,N/A,Himachal Pradesh
ChIJq5lk436GDzkR691pXgtyW0o,Dagshai Heritage Museum,30.8862602,77.0527199,museum,N/A,2025-01-26,N/A,N/A,Himachal Pradesh
ChIJtaCtovp4BTkRvUs-8XKLZYU,Army Heritage Museum,31.1095453,77.1591736,museum,N/A,2025-01-26,N/A,N/A,Himachal Pradesh
ChIJP6tF5H-TDzkRiGrv49w1tNc,HARYANA ARCHAEOLOGICAL MUSEUM OF HISTORY,30.6950108,76.8544115,museum,N/A,2025-01-26,N/A,N/A,Himachal Pradesh
ChIJe-6ZiwH0DzkRnVNstEuEKVs,Shaheed Dr. Diwan Singh Kalepani Museum,30.85589329999999,76.7353164,museum,N/A,2025-01-26,N/A,N/A,Himachal Pradesh
ChIJOQPJjACTDzkR02rs7DTlLYs,Indian Army War Memorial,30.7258189,76.8706906,museum,N/A,2025-01-26,N/A,N/A,Himachal Pradesh
ChIJwZbQfpjtDzkRxgZCDo7pIi8,International Dolls Museum,30.7411787,76.7709814,museum,N/A,2025-01-26,N/A,N/A,Himachal Pradesh
ChIJX79fp0DtDzkR7HYkrQJc_FA,Pierre Jeanneret Museum,30.7447729,76.807622,museum,N/A,2025-01-26,N/A,N/A,Himachal Pradesh
ChIJHUu5Cht5BTkRh5mXIGUXKsM,Viceregal Lodge,31.1036706,77.1421749,museum,N/A,2025-01-26,N/A,N/A,Himachal Pradesh
ChIJN3xjxkLtDzkR-U0XCJkyzuc,High Court Museum,30.7560225,76.8051859,museum,N/A,2025-01-26,N/A,N/A,Himachal Pradesh
ChIJPVXveux4BTkRvQqvBK-7lPI,Baba Bhalku Rail Museum,31.1038647,77.1681181,museum,N/A,2025-01-26,N/A,N/A,Himachal Pradesh
ChIJ-20_HX_tDzkRRjiDFJelkNc,National Gallery of Portraits : Sector 17,30.7403557,76.7849185,museum,N/A,2025-01-26,N/A,N/A,Himachal Pradesh
ChIJlzKPi0PtDzkRsi3-RfaAnME,Nek Chand’s Rock Garden of Chandigarh,30.7529331,76.80505409999999,museum,N/A,2025-01-26,N/A,N/A,Himachal Pradesh
ChIJwxmT736GDzkR-NENOt0FyCQ,Dagshai Jail Museum,30.8866978,77.0527518,museum,N/A,2025-01-26,N/A,N/A,Himachal Pradesh
ChIJybf4LcySDzkRj_Arp9sof6g,"Nature Interpretation Centre, Sukhna Lake",30.7394805,76.83102,museum,N/A,2025-01-26,N/A,N/A,Himachal Pradesh
ChIJ3dTnB7TtDzkRLjKiX0x7lyo,Sukhna Gallery,30.7386956,76.815552,museum,N/A,2025-01-26,N/A,N/A,Himachal Pradesh
ChIJwRSfq3btDzkRqpSJixUrNtY,Eiffel Tower Replica,30.7488467,76.785415,museum,N/A,2025-01-26,N/A,N/A,Himachal Pradesh
ChIJnT60_wV_BTkRQkde9wq1ZOM,"Centre for Science Learning and Creativity (CSLC)-Himachal Pradesh Council for Science, Technology and Environment",31.0421181,77.1535904,museum,N/A,2025-01-26,N/A,N/A,Himachal Pradesh
ChIJAQAAkMbtDzkRnfkj1mEogmc,KALA SAGAR,30.729533,76.75114200000002,museum,N/A,2025-01-26,N/A,N/A,Himachal Pradesh
ChIJZUyrd5jtDzkRP6TfLY1Tsew,Bal Bhawan,30.7412293,76.7712264,museum,N/A,2025-01-26,N/A,N/A,Himachal Pradesh
ChIJ_VwjPDOTDzkRsqF-Ad1zY5I,Kalagram,30.7099321,76.8263051,museum,N/A,2025-01-26,N/A,N/A,Himachal Pradesh
ChIJxevRbeGNDzkRhpmGDijJffI,Bhima Devi Temple Site Museum,30.7967663,76.91450329999999,museum,N/A,2025-01-26,N/A,N/A,Himachal Pradesh
ChIJ900QRBw_BTkRL0ZKNV7VZ4g,KEHLOOR FREEDOM FIGHTERS MEMORIAL,31.3449477,76.764387,museum,N/A,2025-01-26,N/A,N/A,Himachal Pradesh
ChIJWe-6fkGZDzkRmBoGM15c0eY,"The Morni Fort - Panchkula district, Haryana, India",30.68861669999999,77.0831439,museum,N/A,2025-01-26,N/A,N/A,Himachal Pradesh
ChIJZRaXAu94BTkRmAyFiu_GKvY,Army Memorial Statue,31.1057159,77.16699779999999,museum,N/A,2025-01-26,N/A,N/A,Himachal Pradesh
ChIJgzPjVDrtDzkRFsBzSDsEc4c,Sukhna Lake Chandigarh,30.7447621,76.8105866,museum,N/A,2025-01-26,N/A,N/A,Himachal Pradesh
ChIJIaK34ux4BTkR5cOKzkly-F4,Bantony Castle,31.1061545,77.1697236,museum,N/A,2025-01-26,N/A,N/A,Himachal Pradesh
ChIJwwV8tqPtDzkRd3OlqRsXBvg,Indian Air Force Heritage Museum Chandigarh Parking Area,30.73906999999999,76.79001219999999,museum,N/A,2025-01-26,N/A,N/A,Himachal Pradesh
ChIJOzZ2JiWDBTkRN8crdPK2vVo,Kufri museum,31.09841949999999,77.2630313,museum,N/A,2025-01-26,N/A,N/A,Himachal Pradesh
ChIJe0jvurGGDzkRayXO7d4sj_s,MAHU NAAG MANDIR,30.900589,77.09461639999999,museum,N/A,2025-01-26,N/A,N/A,Himachal Pradesh
ChIJZ2FTHVzvDzkRmInu9mMQXa8,Peer dargah sunny enclave,30.7475088,76.6626666,museum,N/A,2025-01-26,N/A,N/A,Himachal Pradesh
ChIJcVp1-PkWBTkREYRC8ticuMo,main kandar,31.4397167,76.877853,museum,N/A,2025-01-26,N/A,N/A,Himachal Pradesh
ChIJC9vjeu7tDzkRzErHTPtxNTA,Directorate of Cultural Affairs Archaeology & Archives Museum Punjab,30.7483247,76.75043289999999,museum,N/A,2025-01-26,N/A,N/A,Himachal Pradesh
ChIJ0bH2h4-PDzkRuL7xbJ5DZOU,Railway Heritage museum,30.8413445,76.92941259999999,museum,N/A,2025-01-26,N/A,N/A,Himachal Pradesh
ChIJfVr5l9eBBTkRn1C5mhqiFSo,Unique Art & Craft Museum,31.0665085,77.266832,museum,N/A,2025-01-26,N/A,N/A,Himachal Pradesh
ChIJX6ECkakjBTkRdnrfojO3w7o,Partap Museum Sikander Dhar,31.5504033,76.81175309999999,museum,N/A,2025-01-26,N/A,N/A,Himachal Pradesh
ChIJIeJDStWFDzkRv0aLxtnr0-g,Grave Yard,30.8821591,77.0561994,museum,N/A,2025-01-26,N/A,N/A,Himachal Pradesh
ChIJhUX7qartDzkR_qvvDcUv3KM,Museum Auditorium,30.7492246,76.7872581,museum,N/A,2025-01-26,N/A,N/A,Himachal Pradesh
ChIJY4B8AAB5BTkRJ0Kwlt0GogM,Chadwick house,31.1160748,77.14168579999999,museum,N/A,2025-01-26,N/A,N/A,Himachal Pradesh
ChIJiR337OGNDzkR0zUYMv9zttk,Pandav mandir,30.79699099999999,76.91675090000001,museum,N/A,2025-01-26,N/A,N/A,Himachal Pradesh
ChIJmeBi46l5BTkRH8EEiNJeKec,Bromley Estate,31.12626,77.1696166,museum,N/A,2025-01-26,N/A,N/A,Himachal Pradesh
ChIJYdjNnpjtDzkRIJa24HWFcbo,Gurusharan Singh Memorial Gallery,30.6990612,76.7203804,museum,N/A,2025-01-26,N/A,N/A,Himachal Pradesh
ChIJbcKdq7l5BTkRLDwTHYadlo0,Art gallery,31.1167667,77.1406069,museum,N/A,2025-01-26,N/A,N/A,Himachal Pradesh
ChIJKzHnSmk7BTkRIFQPcjDCazQ,सिद्ध चानो बाबा बली मन्दिर थलोटू,31.4265701,76.67908919999999,museum,N/A,2025-01-26,N/A,N/A,Himachal Pradesh
ChIJuRwVUADvDzkRvcjre3TYnBI,Chappar Chiri Mohali,30.7033037,76.6678803,museum,N/A,2025-01-26,N/A,N/A,Himachal Pradesh
ChIJNWRkQLx5BTkRUajlL15WaQU,Yogoda Satsanga Dyana Kendra Shimla,31.1052155,77.1756985,museum,N/A,2025-01-26,N/A,N/A,Himachal Pradesh
ChIJ_WcjBwDtDzkR2PvfhE0lG44,Rock Garden Parking,30.75282649999999,76.8033281,museum,N/A,2025-01-26,N/A,N/A,Himachal Pradesh
ChIJJfenagd5BTkRkPu_fRtKXfs,Western Himalayan Temperate Arboretum,31.1169932,77.13411719999999,museum,N/A,2025-01-26,N/A,N/A,Himachal Pradesh
ChIJ_ZigCcVnfDkRUCtffnSwlg4,Tekri - Bhopal View Point,23.2818901,77.3647859,attraction,N/A,2025-01-26,N/A,N/A,Madhya Pradesh
ChIJMa3lhi1dfDkRLhxzRSnrpQI,"Sair Sapata, Bhopal",23.2162633,77.3759657,attraction,N/A,2025-01-26,N/A,N/A,Madhya Pradesh
ChIJSUi6kAhDfDkRzwngGYC1Hk8,"Lake View, Bhopal",23.2418174,77.3796899,attraction,N/A,2025-01-26,N/A,N/A,Madhya Pradesh
ChIJO11fI5FCfDkROPp3dfBDMFQ,Birla Museum,23.2377548,77.4081566,attraction,N/A,2025-01-26,N/A,N/A,Madhya Pradesh
ChIJc7evOABdfDkRnD4spYHXrJU,Upper Lake View Point,23.2403788,77.3641294,attraction,N/A,2025-01-26,N/A,N/A,Madhya Pradesh
ChIJ3bNinNpDfDkRIEl3j-R8j_8,Rani kamlapati Statue,23.249587,77.3980157,attraction,N/A,2025-01-26,N/A,N/A,Madhya Pradesh
ChIJGWs4YRxofDkReIkwNzTEBqc,Raja Bhoj Statue,23.2565537,77.39308729999999,attraction,N/A,2025-01-26,N/A,N/A,Madhya Pradesh
ChIJ7ysz5ntDfDkRG-KZUZoILHM,bhopal tourism,23.2499173,77.44151180000001,attraction,N/A,2025-01-26,N/A,N/A,Madhya Pradesh
ChIJlR7qJLkVfDkRqfJ5kZolHkM,Mahadev Paani Waterfalls,23.2983125,77.6251875,attraction,N/A,2025-01-26,N/A,N/A,Madhya Pradesh
ChIJLwbbVh5ofDkRfDg4pZMU8l8,Gauhar Mahal,23.254891,77.39803599999999,attraction,N/A,2025-01-26,N/A,N/A,Madhya Pradesh
ChIJ-yqK_iJCfDkRi72llAihViY,Kamla Nehru Bal Udhyan,23.2311018,77.4612774,attraction,N/A,2025-01-26,N/A,N/A,Madhya Pradesh
ChIJFQHs6qBCfDkRd9aXDvka2Nc,Kamla Park,23.2509766,77.3970535,attraction,N/A,2025-01-26,N/A,N/A,Madhya Pradesh
ChIJ4fWcZDNnfDkR2c6p2xhEjMM,Manuabhan Tekri ropeway Base Point,23.2796101,77.3628111,attraction,N/A,2025-01-26,N/A,N/A,Madhya Pradesh
ChIJv5-xDIJDfDkRGGpxDAxb0ew,Lake View Point,23.2451224,77.388449,attraction,N/A,2025-01-26,N/A,N/A,Madhya Pradesh
ChIJEbd28tVDfDkRun8sB07zRdw,Shahpura Lake View Point,23.2027577,77.42438829999999,attraction,N/A,2025-01-26,N/A,N/A,Madhya Pradesh
ChIJ43xmBxtpfDkRRc2DQopv1XE,VIP road View Point,23.2561207,77.39469679999999,attraction,N/A,2025-01-26,N/A,N/A,Madhya Pradesh
ChIJ6aLcxDy1fTkR3naDYAX0VWE,Delawadi Waterfalls,22.8822478,77.5238268,attraction,N/A,2025-01-26,N/A,N/A,Madhya Pradesh
ChIJEVJkkIpCfDkRUN93sgrN8eo,Chinar Park,23.2315537,77.42301189999999,attraction,N/A,2025-01-26,N/A,N/A,Madhya Pradesh
ChIJeakA1d9nfDkRXakjjlG1UNI,Tekri Turn View,23.281726,77.3636047,attraction,N/A,2025-01-26,N/A,N/A,Madhya Pradesh
ChIJff3VYAtDfDkRoghulvZPi3M,Kaliasoth Walking Trail,23.1995738,77.40900979999999,attraction,N/A,2025-01-26,N/A,N/A,Madhya Pradesh
ChIJRVoO0XZDfDkRkSHLvd4Csjo,Walmi's view point,23.1935222,77.40359409999999,attraction,N/A,2025-01-26,N/A,N/A,Madhya Pradesh
ChIJTyCTGi9vfDkRRI5iMkml4wU,Chaman Mahal Islamnagar,23.3576833,77.4178781,attraction,N/A,2025-01-26,N/A,N/A,Madhya Pradesh
ChIJqeeN6x5ofDkRAJh87s9pD4A,Moti Mahal,23.2564597,77.3973608,attraction,N/A,2025-01-26,N/A,N/A,Madhya Pradesh
ChIJ-7g3lCJdfDkRTx7Xdvo5ENE,Kerwa Dam Bhopal,23.1647022,77.3720507,attraction,N/A,2025-01-26,N/A,N/A,Madhya Pradesh
ChIJf4yozsxTfDkRMk3aLFrHufU,Kolar dam,22.9596581,77.3445634,attraction,N/A,2025-01-26,N/A,N/A,Madhya Pradesh
ChIJ41RFIgrTfTkRaOf53UfSrRk,Amargarh Waterfalls,22.9035381,77.75775329999999,attraction,N/A,2025-01-26,N/A,N/A,Madhya Pradesh
ChIJiwoAfABzfDkR_r73lgccYOQ,Halali Dam Picnic spot,23.5029745,77.5556482,attraction,N/A,2025-01-26,N/A,N/A,Madhya Pradesh
ChIJH8o8Wl9dfDkRsCpBKrm2j0c,"Chatri - Manav Sangrhalaya, Bhopal",23.2396742,77.3760636,attraction,N/A,2025-01-26,N/A,N/A,Madhya Pradesh
ChIJ6YlnF9JnfDkRaMLR9uQPclI,Dot secret,23.245428,77.3133747,attraction,N/A,2025-01-26,N/A,N/A,Madhya Pradesh
ChIJdUpJJvZDfDkRWZtFMFRn1n0,Ashoka Pillar Bhopal,23.2308085,77.3872427,attraction,N/A,2025-01-26,N/A,N/A,Madhya Pradesh
ChIJr2S3nfZDfDkRmz85EwBziqs,Ameya View Point,23.2051967,77.40723489999999,attraction,N/A,2025-01-26,N/A,N/A,Madhya Pradesh
ChIJYZm8Ds4FfDkRsYegLcN_d1o,I love Vidisha,23.5219481,77.81496949999999,attraction,N/A,2025-01-26,N/A,N/A,Madhya Pradesh
ChIJdTJ5nKk9fDkRmbw989cxUwA,Eco tourism Development Centre Kharbai,23.2604603,77.6588343,attraction,N/A,2025-01-26,N/A,N/A,Madhya Pradesh
ChIJ-9mCFDRHfDkRTcEX2Tj6kl4,Selfi sites,23.0966292,77.51787259999999,attraction,N/A,2025-01-26,N/A,N/A,Madhya Pradesh
ChIJK_mGTlFDfDkRlJAs40T8Sh0,"Interpretation Centre -Manav Sangrahalaya, Bhopal",23.2329332,77.38212659999999,attraction,N/A,2025-01-26,N/A,N/A,Madhya Pradesh
ChIJAbevwP1ofDkRoG7K9HZnyW8,"Lal Qila model, people's mall bhopal",23.3083277,77.4225396,attraction,N/A,2025-01-26,N/A,N/A,Madhya Pradesh
ChIJfbDGyk9DfDkRY0rFM8rDLAI,Boulevard Street ( Smart City),23.2271591,77.39972159999999,attraction,N/A,2025-01-26,N/A,N/A,Madhya Pradesh
ChIJyfXZEt5dfDkRUXr67QqDomw,WETLAND LAKE VIEW,23.227862,77.324472,attraction,N/A,2025-01-26,N/A,N/A,Madhya Pradesh
ChIJgfBsSaZdfDkR7Msncx-BmhI,"Himalayan Village- Manav Sangharalaya, Bhopal",23.2307523,77.3765268,attraction,N/A,2025-01-26,N/A,N/A,Madhya Pradesh
ChIJ_dZyTgDxfDkRBZkPGAPPJfg,Konajhir Dam view point,23.1295351,77.04679589999999,attraction,N/A,2025-01-26,N/A,N/A,Madhya Pradesh
ChIJyUeAHABPfDkRu55cb9C4gRs,Jhiri picnic spot,23.0474696,77.3859341,attraction,N/A,2025-01-26,N/A,N/A,Madhya Pradesh
ChIJbXzRz40_fDkRsRkdQJbgjDE,Ajnaal Dam,23.2376788,77.5711001,attraction,N/A,2025-01-26,N/A,N/A,Madhya Pradesh
ChIJJZ44Tq9CfDkRfDzYlWN_B2c,Artificial Water Fall,23.2451834,77.3890531,attraction,N/A,2025-01-26,N/A,N/A,Madhya Pradesh
ChIJPzuxc3Q1fDkR5uhdruA-grg,Bhimbetka rock shelters,22.9395461,77.61243309999999,attraction,N/A,2025-01-26,N/A,N/A,Madhya Pradesh
ChIJv_ujOvZCfDkRe_EULdDgVjM,Nandan Kanan Park,23.2228823,77.4235108,attraction,N/A,2025-01-26,N/A,N/A,Madhya Pradesh
ChIJFwOS1bOJfDkRUfZUHo3kX84,Nabipur Dam,23.3974035,77.1928436,attraction,N/A,2025-01-26,N/A,N/A,Madhya Pradesh
ChIJ99uXsYJCfDkRQ6SP4TFZKHk,Neelam Park,23.2526233,77.4132661,attraction,N/A,2025-01-26,N/A,N/A,Madhya Pradesh
ChIJS1kECa9xfDkR-lydtyuyKzc,Sukaliya The Wonderful Village,23.4823484,77.4431828,attraction,N/A,2025-01-26,N/A,N/A,Madhya Pradesh
ChIJA7hnPIZ_fDkRtl9Cnb2N1Fs,Magarda forest waterfall,23.5980896,77.1996875,attraction,N/A,2025-01-26,N/A,N/A,Madhya Pradesh
ChIJE67gXABRfDkRgaS4PKYeKxE,Forest and tourist attractions place,22.9913811,77.3719752,attraction,N/A,2025-01-26,N/A,N/A,Madhya Pradesh
ChIJnVLrPgBpfDkRPYKUZNgpVmU,Chopati.palasi bhopal,23.3092259,77.3954945,attraction,N/A,2025-01-26,N/A,N/A,Madhya Pradesh
ChIJ46yxMQBDfDkRhcSY8QFHmXw,Balaghat,23.1879548,77.4528043,attraction,N/A,2025-01-26,N/A,N/A,Madhya Pradesh
ChIJ7wQdjPIZfDkRtb-4eAEX1QA,Titli Park,23.3647342,77.76564570000001,attraction,N/A,2025-01-26,N/A,N/A,Madhya Pradesh
ChIJyyFujPJdfDkRZXYrytYCSyc,"Boat club, view point",23.2418202,77.3749005,attraction,N/A,2025-01-26,N/A,N/A,Madhya Pradesh
ChIJNRHN4grTfTkRwWvO9AXTxts,Narmda View Point of Shahganj,22.8456062,77.8014556,attraction,N/A,2025-01-26,N/A,N/A,Madhya Pradesh
ChIJNc4_zmU3fDkRGVHrFXttIFI,"Ashapuri Local Museum, Ashapuri",23.0737568,77.6238796,attraction,N/A,2025-01-26,N/A,N/A,Madhya Pradesh
ChIJWcSfxCARfDkR1bm2c__bF9k,Ruins of Monastery Sunari,23.4320262,77.6638284,attraction,N/A,2025-01-26,N/A,N/A,Madhya Pradesh
ChIJD43pJWEFfDkR9xA0MbKiJtI,Betwa Ghat Vidisha,23.5399062,77.8022988,attraction,N/A,2025-01-26,N/A,N/A,Madhya Pradesh
ChIJRcjE4RFofDkRon2W67dhdxg,Golghar Museum,23.268154,77.39016529999999,attraction,N/A,2025-01-26,N/A,N/A,Madhya Pradesh
ChIJv8-4IwDvfDkRS_hZo3l7Ks4,National Farm,23.0332229,76.9583263,attraction,N/A,2025-01-26,N/A,N/A,Madhya Pradesh
ChIJrxCD1yNnfDkRk4etpZHQ2MY,Big Lake Bhopal,23.2488581,77.3387832,beaches,N/A,2025-01-26,N/A,N/A,Madhya Pradesh
ChIJ5aFLn61DfDkRLa_Ydlug8To,Kaliasoth Canal view point,23.1999325,77.4120736,beaches,N/A,2025-01-26,N/A,N/A,Madhya Pradesh
ChIJTYqbzfFDfDkRDh5ay5YI3HQ,Bhopal Lake view,23.2456683,77.3896625,beaches,N/A,2025-01-26,N/A,N/A,Madhya Pradesh
ChIJF-3jl4thfDkRjXrdzv1yi_g,Galaxy Resort Bhopal,23.2453925,77.25819729999999,beaches,N/A,2025-01-26,N/A,N/A,Madhya Pradesh
ChIJFQHs6qBCfDkRd9aXDvka2Nc,Kamla Park,23.2509766,77.3970535,beaches,N/A,2025-01-26,N/A,N/A,Madhya Pradesh
ChIJgcj0NRlDfDkRj8w3ZrLU-y8,Kaliasot Picnic Spot,23.191523,77.3839858,beaches,N/A,2025-01-26,N/A,N/A,Madhya Pradesh
ChIJ8Q1yzzhDfDkRsRn7y55g8vg,Bhopal upper lake,23.2468096,77.39093510000001,beaches,N/A,2025-01-26,N/A,N/A,Madhya Pradesh
ChIJGWs4YRxofDkReIkwNzTEBqc,Raja Bhoj Statue,23.2565537,77.39308729999999,beaches,N/A,2025-01-26,N/A,N/A,Madhya Pradesh
ChIJqdWwjaBCfDkR5EXvcGwmSf0,Rani Kamlapati Mahal,23.2510188,77.3979896,beaches,N/A,2025-01-26,N/A,N/A,Madhya Pradesh
ChIJv5-xDIJDfDkRGGpxDAxb0ew,Lake View Point,23.2451224,77.388449,beaches,N/A,2025-01-26,N/A,N/A,Madhya Pradesh
ChIJ-yqK_iJCfDkRi72llAihViY,Kamla Nehru Bal Udhyan,23.2311018,77.4612774,beaches,N/A,2025-01-26,N/A,N/A,Madhya Pradesh
ChIJ_ZigCcVnfDkRUCtffnSwlg4,Tekri - Bhopal View Point,23.2818901,77.3647859,beaches,N/A,2025-01-26,N/A,N/A,Madhya Pradesh
ChIJMSjkSQdDfDkRF6QKn83_DJk,Bhagwan Rishabh Dev Udyan,23.2013888,77.4235219,beaches,N/A,2025-01-26,N/A,N/A,Madhya Pradesh
ChIJO11fI5FCfDkROPp3dfBDMFQ,Birla Museum,23.2377548,77.4081566,beaches,N/A,2025-01-26,N/A,N/A,Madhya Pradesh
ChIJRW6OmQdDfDkRn5E9G-DykqA,Lazy Trails,23.2523139,77.4645804,beaches,N/A,2025-01-26,N/A,N/A,Madhya Pradesh
ChIJVQBqhhQ4fDkR9GBOiX6m3OA,Bhojeshwar Mahadev Temple,23.1002782,77.5793977,beaches,N/A,2025-01-26,N/A,N/A,Madhya Pradesh
ChIJ9-0WqK5DfDkRCJHYWPvV9pQ,"The Fern Residency, Bhopal",23.2312055,77.44286249999999,beaches,N/A,2025-01-26,N/A,N/A,Madhya Pradesh
ChIJ____q5dCfDkRS6xIGKXtseg,VLCC BEAUTY CLINIC ( Bhopal),23.2333278,77.40336289999999,beaches,N/A,2025-01-26,N/A,N/A,Madhya Pradesh
ChIJjbqr2WVCfDkRHHLnNKKiom0,Vishal Mega Mart,23.2368306,77.4329204,beaches,N/A,2025-01-26,N/A,N/A,Madhya Pradesh
ChIJtzjCP31DfDkRSTsyui-iuD4,D Mart,23.1610873,77.4135787,beaches,N/A,2025-01-26,N/A,N/A,Madhya Pradesh
ChIJ4_OYcQBDfDkR-iprt6lbr5o,Travel Anywhere Holidays,23.2146979,77.4363995,beaches,N/A,2025-01-26,N/A,N/A,Madhya Pradesh
ChIJW8cbQ0tnfDkRRNIVIUi19sM,"Lenskart.com at Kohefiza, Bhopal",23.2662088,77.3795662,beaches,N/A,2025-01-26,N/A,N/A,Madhya Pradesh
ChIJ-c6wfhRpfDkR68SzgeTdxv4,My Musafir,23.2608307,77.4293089,beaches,N/A,2025-01-26,N/A,N/A,Madhya Pradesh
ChIJpST_tGBCfDkRd7AGRgOSFzs,Hamleys,23.2326881,77.4276704,beaches,N/A,2025-01-26,N/A,N/A,Madhya Pradesh
ChIJ0WoGlwNDfDkRPZJJK_Q_x0Q,"Lenskart.com Flagship Store at DB Mall, Maharana Pratap Nagar",23.2325584,77.430176,beaches,N/A,2025-01-26,N/A,N/A,Madhya Pradesh
ChIJZ5dUViBDfDkRBH9It6GBgEI,Carving Holidays,23.2172086,77.42999089999999,beaches,N/A,2025-01-26,N/A,N/A,Madhya Pradesh
ChIJ9chNr4JCfDkRElNFNU2ISF8,DMart,23.2534639,77.4131999,beaches,N/A,2025-01-26,N/A,N/A,Madhya Pradesh
ChIJs3amAedFfDkR9-bCKkCUTLo,TTV Travel Vistas,23.1348809,77.4073861,beaches,N/A,2025-01-26,N/A,N/A,Madhya Pradesh
ChIJfUmqeexDfDkRSIQd5hQ_ZgU,"Lenskart.com at Bittan Market, Bhopal",23.2225698,77.43715019999999,beaches,N/A,2025-01-26,N/A,N/A,Madhya Pradesh
ChIJI5A3hu9pfDkR0bTruBSlL9Y,SBI Minal Residency,23.2687445,77.4570291,beaches,N/A,2025-01-26,N/A,N/A,Madhya Pradesh
ChIJ7fi4vVpCfDkRbDeL_tmy7Lw,Allahabad Bank,23.2208073,77.4344691,beaches,N/A,2025-01-26,N/A,N/A,Madhya Pradesh
ChIJVTHmrl8EfDkR96q5Nc1_z4k,Get Set Go Tours,23.5218905,77.8114804,beaches,N/A,2025-01-26,N/A,N/A,Madhya Pradesh
ChIJo261GohDfDkRE8_vltPF4Rk,Travel Atrangi,23.1695364,77.4323675,beaches,N/A,2025-01-26,N/A,N/A,Madhya Pradesh
ChIJC8TI3W5RfDkRMzlIoOlNj3U,Jhiri waterfall,23.0244,77.3582,waterfalls,N/A,2025-01-26,N/A,N/A,Madhya Pradesh
ChIJ6aLcxDy1fTkR3naDYAX0VWE,Delawadi Waterfalls,22.8822478,77.5238268,waterfalls,N/A,2025-01-26,N/A,N/A,Madhya Pradesh
ChIJ41RFIgrTfTkRaOf53UfSrRk,Amargarh Waterfalls,22.9035381,77.75775329999999,waterfalls,N/A,2025-01-26,N/A,N/A,Madhya Pradesh
ChIJSz9LBscrfDkR6oKxn0omUHE,Digamber Waterfall,22.9455469,77.86502089999999,waterfalls,N/A,2025-01-26,N/A,N/A,Madhya Pradesh
ChIJQWQJdmI1fDkRdAXnHTBXyOs,Bineka Waterfall,22.9469017,77.6385492,waterfalls,N/A,2025-01-26,N/A,N/A,Madhya Pradesh
ChIJoTPikHPNfTkRkhu_RzU3R9Q,Small fall,22.8313465,77.6732604,waterfalls,N/A,2025-01-26,N/A,N/A,Madhya Pradesh
ChIJk_oQ1-5FfDkRpyBAQV-x2sA,Kathotiya waterfall,23.0742738,77.3786164,waterfalls,N/A,2025-01-26,N/A,N/A,Madhya Pradesh
ChIJ_ZBIF4DNfTkRn1lwrYXbrNk,"Satkunda waterfall, view point",22.8193787,77.6802656,waterfalls,N/A,2025-01-26,N/A,N/A,Madhya Pradesh
ChIJJZ44Tq9CfDkRfDzYlWN_B2c,Artificial Water Fall,23.2451834,77.3890531,waterfalls,N/A,2025-01-26,N/A,N/A,Madhya Pradesh
ChIJMQj_PpxtfDkRKzeLFVyfajM,Bhadbhada Ghat Waterfall,23.3744823,77.5092741,waterfalls,N/A,2025-01-26,N/A,N/A,Madhya Pradesh
ChIJ0QxdGjltfDkRA5cKDviqNc0,Jai bhole waterfalls,23.3752077,77.51799969999999,waterfalls,N/A,2025-01-26,N/A,N/A,Madhya Pradesh
ChIJ_bK2PJAZfDkR-xgx9_k_kiI,Sita Talai Waterfall,23.3374868,77.7656343,waterfalls,N/A,2025-01-26,N/A,N/A,Madhya Pradesh
ChIJAVpq3m5zfDkRBAkv8XhZVTA,Charchari Waterfall Halali,23.5038108,77.55476469999999,waterfalls,N/A,2025-01-26,N/A,N/A,Madhya Pradesh
ChIJ3bAKGQDNfTkRrDnMsorM_jk,Dritvi Waterfall,22.8160625,77.6585625,waterfalls,N/A,2025-01-26,N/A,N/A,Madhya Pradesh
ChIJlR7qJLkVfDkRqfJ5kZolHkM,Mahadev Paani Waterfalls,23.2983125,77.6251875,waterfalls,N/A,2025-01-26,N/A,N/A,Madhya Pradesh
ChIJp91XVgBRfDkRvNv7f0TgEl4,kathotiya waterfall,23.0565396,77.35154849999999,waterfalls,N/A,2025-01-26,N/A,N/A,Madhya Pradesh
ChIJA7hnPIZ_fDkRtl9Cnb2N1Fs,Magarda forest waterfall,23.5980896,77.1996875,waterfalls,N/A,2025-01-26,N/A,N/A,Madhya Pradesh
ChIJV9izSRgTfDkRbh5TFopdlis,Iconic waterfall,23.4131692,77.6158933,waterfalls,N/A,2025-01-26,N/A,N/A,Madhya Pradesh
ChIJl8gyUwBDfDkRT0Vut2bAgAw,Waterfall nearby me,23.1776596,77.42637909999999,waterfalls,N/A,2025-01-26,N/A,N/A,Madhya Pradesh
ChIJy-xY4BRDfDkRbW4i17hOyuc,Water Fall Trek- Kerwa,23.160433,77.3785583,waterfalls,N/A,2025-01-26,N/A,N/A,Madhya Pradesh
ChIJReTWP-0RfDkRqjNU_gmXebQ,Gilgo Waterfall,23.4302457,77.66621119999999,waterfalls,N/A,2025-01-26,N/A,N/A,Madhya Pradesh
ChIJV-iQ8tETfDkR_XaHPkXyQdw,DSA Waterfall,23.4079319,77.5692698,waterfalls,N/A,2025-01-26,N/A,N/A,Madhya Pradesh
ChIJ_5H9MjE9fDkRvcJ7KDbjwzE,Angad waterfall,23.2599375,77.6604375,waterfalls,N/A,2025-01-26,N/A,N/A,Madhya Pradesh
ChIJEwxFDrJtfDkRtBpyIiYY1zs,Track Waterfall,23.374686,77.5211798,waterfalls,N/A,2025-01-26,N/A,N/A,Madhya Pradesh
ChIJ6e2obDHjfDkRjuUG_JAj-QM,Bhatiya Dev Waterfall,22.9030705,76.9990845,waterfalls,N/A,2025-01-26,N/A,N/A,Madhya Pradesh
ChIJEzHxJ3l9ezkROkN8fU3mp2k,Nadiya Pani Waterfall,23.6878721,77.0837779,waterfalls,N/A,2025-01-26,N/A,N/A,Madhya Pradesh
ChIJn5_MyahDfDkRJ5x8yDJ-tzw,Public Park 3,23.1978043,77.42950359999999,parks,N/A,2025-01-26,N/A,N/A,Madhya Pradesh
ChIJJ9KSEuprfDkRhXKCHDqw2Jo,Ayodhya Extension PARK,23.269151,77.4753439,parks,N/A,2025-01-26,N/A,N/A,Madhya Pradesh
ChIJ5zHvH9xpfDkRKUjYhE4WYk4,छतरी पार्क Chhatri Park New Minal Residency,23.2773745,77.4467639,parks,N/A,2025-01-26,N/A,N/A,Madhya Pradesh
ChIJCQpzdAhofDkRuCgf6RfNI8s,Lake View Park,23.2628318,77.38007209999999,parks,N/A,2025-01-26,N/A,N/A,Madhya Pradesh
ChIJGaqEaJVBfDkRujIKmRE6B2o,Hathi park,23.2504431,77.4899089,parks,N/A,2025-01-26,N/A,N/A,Madhya Pradesh
ChIJ671pO79CfDkRrMlKCDzE0kg,Model Park,23.2306689,77.3970975,parks,N/A,2025-01-26,N/A,N/A,Madhya Pradesh
ChIJwymOo1JCfDkRJKu4wAmyWb8,Avantika Park,23.2093152,77.4353189,parks,N/A,2025-01-26,N/A,N/A,Madhya Pradesh
ChIJpf3P7YJDfDkRMxyUBY98jHI,Danish Kunj Childrens Park,23.170527,77.42604519999999,parks,N/A,2025-01-26,N/A,N/A,Madhya Pradesh
ChIJk0d_rWtCfDkRIbNeMGLC_gY,Small Kids Park,23.2356384,77.4436827,parks,N/A,2025-01-26,N/A,N/A,Madhya Pradesh
ChIJ7yfxZutpfDkRPk8eIbiGNuQ,Shubh City Park,23.3217373,77.4016619,parks,N/A,2025-01-26,N/A,N/A,Madhya Pradesh
ChIJh8hSiztnfDkRjGL_X8AsEpY,Small children park,23.2910025,77.37115709999999,parks,N/A,2025-01-26,N/A,N/A,Madhya Pradesh
ChIJKab-jdhDfDkRpLSSkK0bhx4,Park,23.1958286,77.46910199999999,parks,N/A,2025-01-26,N/A,N/A,Madhya Pradesh
ChIJqV70PPdpfDkR1IdT7fL0kfM,Indus Park 2,23.2714758,77.4656176,parks,N/A,2025-01-26,N/A,N/A,Madhya Pradesh
ChIJnaWSAs9pfDkRqNYzO3lw9hk,Shanti Park,23.2751493,77.44600849999999,parks,N/A,2025-01-26,N/A,N/A,Madhya Pradesh
ChIJFQHs6qBCfDkRd9aXDvka2Nc,Kamla Park,23.2509766,77.3970535,parks,N/A,2025-01-26,N/A,N/A,Madhya Pradesh
ChIJw1H9YOJnfDkRJmqD_9XHDjY,Ekta Park,23.2654086,77.3771205,parks,N/A,2025-01-26,N/A,N/A,Madhya Pradesh
ChIJ8c8MUjVGfDkRbuwPHCm_xAI,Lions Park,23.0972991,77.51566749999999,parks,N/A,2025-01-26,N/A,N/A,Madhya Pradesh
ChIJF2lDOYhHfDkRPp_5SBd_rYY,Gulmohar Park,23.1112334,77.5608158,parks,N/A,2025-01-26,N/A,N/A,Madhya Pradesh
ChIJ0U5DjFdpfDkRahah3oUDS-8,Sourabh park,23.2918506,77.3799203,parks,N/A,2025-01-26,N/A,N/A,Madhya Pradesh
ChIJEzdV24xpfDkREwQfh7vUPKw,"Park, Ayodhya Nagar",23.2820432,77.4624357,parks,N/A,2025-01-26,N/A,N/A,Madhya Pradesh
ChIJ40SzQ41CfDkRR4pgZVnE91Y,Mayur Park,23.2314019,77.4137748,parks,N/A,2025-01-26,N/A,N/A,Madhya Pradesh
ChIJ6w6oZbNDfDkRN6Kgv_VtbdY,"Shahpura Park, Bhopal",23.2026076,77.42486939999999,parks,N/A,2025-01-26,N/A,N/A,Madhya Pradesh
ChIJyRF1WPRpfDkRvVmBMuNe3FY,Technology Park,23.2773114,77.46606609999999,parks,N/A,2025-01-26,N/A,N/A,Madhya Pradesh
ChIJEVJkkIpCfDkRUN93sgrN8eo,Chinar Park,23.2315537,77.42301189999999,parks,N/A,2025-01-26,N/A,N/A,Madhya Pradesh
ChIJd97EWh5ofDkR1GVtrnoRtqY,Upper Lake Park,23.2544701,77.3976235,parks,N/A,2025-01-26,N/A,N/A,Madhya Pradesh
ChIJcwUt0dVpfDkRmxVv2wJ53VE,Narmada Park,23.2572267,77.4296681,parks,N/A,2025-01-26,N/A,N/A,Madhya Pradesh
ChIJ_bHgCeFDfDkRUhAddSRE0aY,"Shri Guru Gobind Singh ""EKANT"" PARK",23.2172847,77.4222475,parks,N/A,2025-01-26,N/A,N/A,Madhya Pradesh
ChIJSYgg1HVDfDkRDZdlFxpCaXA,Kaveri Colony Park,23.178354,77.4217832,parks,N/A,2025-01-26,N/A,N/A,Madhya Pradesh
ChIJ24d-vgM0fDkRkjHv5uzA4IY,Tamot Plastic Park,22.986823,77.6461151,parks,N/A,2025-01-26,N/A,N/A,Madhya Pradesh
ChIJ99uXsYJCfDkRQ6SP4TFZKHk,Neelam Park,23.2526233,77.4132661,parks,N/A,2025-01-26,N/A,N/A,Madhya Pradesh
ChIJy_J7boBEfDkRKIrZe_k8fEE,Ekta Park,23.1588078,77.4234254,parks,N/A,2025-01-26,N/A,N/A,Madhya Pradesh
ChIJY0aGTCJCfDkRYObi_XuOnN4,Children's Park (BHEL PARK),23.2312802,77.4627697,parks,N/A,2025-01-26,N/A,N/A,Madhya Pradesh
ChIJhzu_W05CfDkR2frIjed5f08,Anand Park,23.2164717,77.4381871,parks,N/A,2025-01-26,N/A,N/A,Madhya Pradesh
ChIJLZDNJgZCfDkR3-kV3mr6lJs,Ekta Park,23.2531693,77.45895089999999,parks,N/A,2025-01-26,N/A,N/A,Madhya Pradesh
ChIJAQAAwOtpfDkRrjigqwNLF8s,Minal Accupressure Park,23.2772538,77.45424589999999,parks,N/A,2025-01-26,N/A,N/A,Madhya Pradesh
ChIJtSK3hEhdfDkRpi3Rv_zqXwo,Van Vihar National Park Bhopal,23.232214,77.3664318,parks,N/A,2025-01-26,N/A,N/A,Madhya Pradesh
ChIJGQVJgEJCfDkRZb__t6RD9go,Kasturba park,23.2320104,77.438495,parks,N/A,2025-01-26,N/A,N/A,Madhya Pradesh
ChIJ67ZNqEBCfDkR7goUbGYlS8A,Dhanwantri Park,23.2273065,77.4468909,parks,N/A,2025-01-26,N/A,N/A,Madhya Pradesh
ChIJw2xkqSdofDkRsLH4IH57F1w,Yaadgaar- E- Shahjahani Park Nagar Nigam Bhopal,23.256062,77.4101514,parks,N/A,2025-01-26,N/A,N/A,Madhya Pradesh
ChIJgyHU5ZtCfDkR_xzD4IR4GD0,Karishma Park,23.2460961,77.40763919999999,parks,N/A,2025-01-26,N/A,N/A,Madhya Pradesh
ChIJxeBaZ5ZDfDkRiwEiGuqVvMo,Priyadarshini phase 2 park,23.1922251,77.46976719999999,parks,N/A,2025-01-26,N/A,N/A,Madhya Pradesh
ChIJYw3o8EBpfDkRGic3d4bUBTQ,Durga Park,23.2771099,77.45819279999999,parks,N/A,2025-01-26,N/A,N/A,Madhya Pradesh
ChIJ-6GyJllpfDkRNZZcCQdRhJg,lone Park,23.2751936,77.4524224,parks,N/A,2025-01-26,N/A,N/A,Madhya Pradesh
ChIJieyi2eNnfDkRulcH3bLctmk,Rasool Ahmed Siddiqui Park,23.2676387,77.37464899999999,parks,N/A,2025-01-26,N/A,N/A,Madhya Pradesh
ChIJF4B-YjZDfDkRBpgAqtul_k8,Rohit Nagar Park,23.172732,77.4391931,parks,N/A,2025-01-26,N/A,N/A,Madhya Pradesh
ChIJHcLmV7lDfDkRuDLlu296vvM,1st Smart Park of Madhya Pradesh,23.2311422,77.3871673,parks,N/A,2025-01-26,N/A,N/A,Madhya Pradesh
ChIJ5QH_g-lnfDkRd3gK4NLpvDI,Children Park,23.2856641,77.31524859999999,parks,N/A,2025-01-26,N/A,N/A,Madhya Pradesh
ChIJZ7kavFZpfDkRHnfc4byqNC8,Diamond Park,23.270756,77.45751299999999,parks,N/A,2025-01-26,N/A,N/A,Madhya Pradesh
ChIJAQAAAAtofDkRMjpPg3Hs7AA,Shahid Park,23.2713688,77.3812494,parks,N/A,2025-01-26,N/A,N/A,Madhya Pradesh
ChIJcylBjghpfDkR1xIRL9N1JfA,Children park,23.2709174,77.4169777,parks,N/A,2025-01-26,N/A,N/A,Madhya Pradesh
ChIJmS711m1rfDkRI-Y6n_hagsk,"PARK 2 VARDHMAN GREEN CITY, AYODHYA BYPASS, BHOPAL",23.2712924,77.47213909999999,parks,N/A,2025-01-26,N/A,N/A,Madhya Pradesh
ChIJfaismyVpfDkRg7zySguiA6M,"GREEN PARK, NEAR KIDZEE OLD ASHOKA GARDEN",23.2550418,77.43221419999999,parks,N/A,2025-01-26,N/A,N/A,Madhya Pradesh
ChIJtXuUmKFBfDkRovX-TZlM4UY,Shivlok greens park No.2,23.241957,77.5019001,parks,N/A,2025-01-26,N/A,N/A,Madhya Pradesh
ChIJc7-mI3FBfDkR572Bk8762ms,CENTRAL PARK,23.2399659,77.5223573,parks,N/A,2025-01-26,N/A,N/A,Madhya Pradesh
ChIJs56751xhfDkRaC-5VZVjjuo,Park,23.2976519,77.26301649999999,parks,N/A,2025-01-26,N/A,N/A,Madhya Pradesh
ChIJByHosiFnfDkRDfoirm1OYL8,"Gulab udhyan park, bairagarh",23.2679023,77.3315379,parks,N/A,2025-01-26,N/A,N/A,Madhya Pradesh
ChIJWUCCvcNDfDkRSXEQiixLles,Park Sector 2,23.2342778,77.4422912,parks,N/A,2025-01-26,N/A,N/A,Madhya Pradesh
ChIJ4604PZdDfDkRl-Uq_wbxA8k,Atal Bihari Vajpayee Park,23.2178538,77.46036099999999,parks,N/A,2025-01-26,N/A,N/A,Madhya Pradesh
ChIJhTpOFeBDfDkRStalJXKjL3E,Swami Vivekanand Park,23.2359756,77.4373097,parks,N/A,2025-01-26,N/A,N/A,Madhya Pradesh
ChIJxcZHHlhpfDkRmdO2CB4l8co,Tecno park gotam nagar,23.2657303,77.4448113,parks,N/A,2025-01-26,N/A,N/A,Madhya Pradesh
ChIJwYBm7FVCfDkRnsIav9rGBoo,RMNH- Regional Museum Of Natural History,23.2128061,77.4256941,museum,N/A,2025-01-26,N/A,N/A,Madhya Pradesh
ChIJyU5LCr9DfDkRSMH6nHaeW1k,Kamla park museum,23.2505567,77.3980198,museum,N/A,2025-01-26,N/A,N/A,Madhya Pradesh
ChIJJ1oicxtDfDkRsY-D6rIVr0k,State Museum Bhopal,23.2355176,77.3855837,museum,N/A,2025-01-26,N/A,N/A,Madhya Pradesh
ChIJPzqiWrFCfDkRZDu82g2hVsI,Madhya Pradesh Tribal Museum,23.2343968,77.3847649,museum,N/A,2025-01-26,N/A,N/A,Madhya Pradesh
ChIJO11fI5FCfDkROPp3dfBDMFQ,Birla Museum,23.2377548,77.4081566,museum,N/A,2025-01-26,N/A,N/A,Madhya Pradesh
ChIJqUypgrBCfDkRSL36wzyXbhI,Regional Science Center,23.2360581,77.3900396,museum,N/A,2025-01-26,N/A,N/A,Madhya Pradesh
ChIJS_8oIPBpfDkR1QWIB37gKHc,Bhopal Museum & Art Gallery,23.2568588,77.3969406,museum,N/A,2025-01-26,N/A,N/A,Madhya Pradesh
ChIJk54exVJdfDkRvXxq3a87QzE,Indira Gandhi Rashtriya Manav Sangrahalaya,23.2321108,77.3776468,museum,N/A,2025-01-26,N/A,N/A,Madhya Pradesh
ChIJIWSrgYoEfDkRk-M1tXp05-Y,District Museum- Vidisha,23.5197553,77.8165289,museum,N/A,2025-01-26,N/A,N/A,Madhya Pradesh
ChIJizkkpu9CfDkR49vqQwf2obw,Madhav Sapre Sangrahalaya,23.2203602,77.4102077,museum,N/A,2025-01-26,N/A,N/A,Madhya Pradesh
ChIJ1ZRHq_YPfDkRH41hijWkvrM,Sanchi Archaeological Museum,23.4841109,77.7394673,museum,N/A,2025-01-26,N/A,N/A,Madhya Pradesh
ChIJ8XQPPepDfDkRCS6FYzRsVLw,Geological Survey Of India Museum,23.2155383,77.4292737,museum,N/A,2025-01-26,N/A,N/A,Madhya Pradesh
ChIJRcjE4RFofDkRon2W67dhdxg,Golghar Museum,23.268154,77.39016529999999,museum,N/A,2025-01-26,N/A,N/A,Madhya Pradesh
ChIJg1KCREtdfDkRyGmMea9ifoA,Veethi Sankul,23.2320788,77.3773791,museum,N/A,2025-01-26,N/A,N/A,Madhya Pradesh
ChIJybvL4mBCfDkRVlUxENsM32I,Shaurya Smarak Bhopal,23.2330274,77.4275278,museum,N/A,2025-01-26,N/A,N/A,Madhya Pradesh
ChIJrc-I7-9dfDkR_zUMpOqp6-g,"Museum Shop at Lake end- Manav Sangharalaya, Bhopal",23.2399646,77.3756417,museum,N/A,2025-01-26,N/A,N/A,Madhya Pradesh
ChIJWzdlUk8YfDkRofMSKfdTjBg,RAISEN MUSEUM,23.3181144,77.774033,museum,N/A,2025-01-26,N/A,N/A,Madhya Pradesh
ChIJ5WMhMrVCfDkR_CPZ_Ck8FlM,Tribal Habitat,23.2292262,77.378858,museum,N/A,2025-01-26,N/A,N/A,Madhya Pradesh
ChIJ4-r1jJFDfDkRMpVvd3vqfM4,Chhatrapati Shree Shivaji Maharaj Statue,23.2314039,77.4170795,museum,N/A,2025-01-26,N/A,N/A,Madhya Pradesh
ChIJ6wVxiaZCfDkR4u5Khrl_XXk,"Bharat Bhavan,Bhopal",23.2468308,77.39246469999999,museum,N/A,2025-01-26,N/A,N/A,Madhya Pradesh
ChIJN9k0C45DfDkRNaCMeBKa0BY,Zoology museum,23.2360201,77.37952829999999,museum,N/A,2025-01-26,N/A,N/A,Madhya Pradesh
ChIJqTQLpMlDfDkRmC9tUEKVxCM,PROGRESS GALLERY,23.2486245,77.4680093,museum,N/A,2025-01-26,N/A,N/A,Madhya Pradesh
ChIJmWBw8XVpfDkRpvKxtIVYf-U,"Sikh Museum, Bhopal",23.271265,77.3856383,museum,N/A,2025-01-26,N/A,N/A,Madhya Pradesh
ChIJCUra_2ZDfDkR3OyFMIWXF4E,Pragati Deergha,23.2483918,77.4680983,museum,N/A,2025-01-26,N/A,N/A,Madhya Pradesh
ChIJC3C2yxxDfDkR2iVSqrVl_Kc,"Museum Shop, Manav Sangrahalaya, Bhopal",23.2324965,77.37914769999999,museum,N/A,2025-01-26,N/A,N/A,Madhya Pradesh
ChIJu3L1F8pnfDkRgXDEjdQyEZ8,Op Pawan Memorial,23.2905929,77.3567674,museum,N/A,2025-01-26,N/A,N/A,Madhya Pradesh
ChIJBd1PHyAFfDkRt5moCYiXx2k,Udaigiri Museum,23.5397728,77.77286149999999,museum,N/A,2025-01-26,N/A,N/A,Madhya Pradesh
ChIJNc4_zmU3fDkRGVHrFXttIFI,"Ashapuri Local Museum, Ashapuri",23.0737568,77.6238796,museum,N/A,2025-01-26,N/A,N/A,Madhya Pradesh
ChIJeyIpznBDfDkRfhu7zZYZpHk,Manav Sangrahalaya - Gate No.1,23.232887,77.38223119999999,museum,N/A,2025-01-26,N/A,N/A,Madhya Pradesh
ChIJb8uaOqddfDkRKwxi2sdNo4w,Mythological Trail - Manav Sangrhalaya Bhopal,23.2325552,77.3755115,museum,N/A,2025-01-26,N/A,N/A,Madhya Pradesh
ChIJ__u8JAdDfDkRiVn3uN_TlbQ,PARK FOR MEMORIES OF INDIAN SOLDER,23.2346289,77.42743360000001,museum,N/A,2025-01-26,N/A,N/A,Madhya Pradesh
ChIJTT3pgAdDfDkRDiucl4eq73A,Machali Ghar,23.2460479,77.4020127,museum,N/A,2025-01-26,N/A,N/A,Madhya Pradesh
ChIJWxegMABDfDkRANuu9VEXMT4,National Telecom Museum,23.237724,77.4239178,museum,N/A,2025-01-26,N/A,N/A,Madhya Pradesh
ChIJqYXTLQBDfDkRUMN5XAWXT3U,मानव संग्रालय,23.2409616,77.3774976,museum,N/A,2025-01-26,N/A,N/A,Madhya Pradesh
ChIJcc_J1m_5ezkRQTsTH6p7tVo,Chitoriya संग्रहालय,23.6656445,77.7462695,museum,N/A,2025-01-26,N/A,N/A,Madhya Pradesh
ChIJE-x7cABDfDkRAj1DofCaIC8,Barjash,23.2322149,77.4308678,museum,N/A,2025-01-26,N/A,N/A,Madhya Pradesh
ChIJI76HQMBCfDkRGe5RG-tNBrQ,Dushyant Kumar Smarak Pandulipi Sangrahlaya,23.2261245,77.4315074,museum,N/A,2025-01-26,N/A,N/A,Madhya Pradesh
ChIJ7xmzijhdfDkRulwUwT3iO5c,"Karapat Gate @Manav Sangrahalaya, Bhopal",23.2408827,77.3772659,museum,N/A,2025-01-26,N/A,N/A,Madhya Pradesh
ChIJzbsLa59pfDkRfgfSTXsxXDU,Syed Mukarram Ali Warsi,23.2648856,77.3999069,museum,N/A,2025-01-26,N/A,N/A,Madhya Pradesh
ChIJC_O6LbZnfDkRupSjCDIJdSg,Nirmaan Excursion – Yodhasthal,23.2870762,77.3549267,museum,N/A,2025-01-26,N/A,N/A,Madhya Pradesh
ChIJ___vQpxCfDkRoSFdWbKE3YM,Ancient Pumping Station (Rehat),23.2488774,77.4091988,museum,N/A,2025-01-26,N/A,N/A,Madhya Pradesh
ChIJgTAdpCddfDkR4VpiqcxHVCo,Kalagram Art Center,23.2047765,77.3644677,museum,N/A,2025-01-26,N/A,N/A,Madhya Pradesh
ChIJ90Q-iMeGezkRfdgY0kznEnU,Kacheri Ranisab,23.688696,77.3000216,museum,N/A,2025-01-26,N/A,N/A,Madhya Pradesh
ChIJH8o8Wl9dfDkRsCpBKrm2j0c,"Chatri - Manav Sangrhalaya, Bhopal",23.2396742,77.3760636,museum,N/A,2025-01-26,N/A,N/A,Madhya Pradesh
ChIJiyUfT29DfDkRz9iI5T6s1Rs,PERGHAUNI ABHIVYAKTI KENDRA - परघौनी अभिव्यक्ति केंद्र (open theater),23.2345632,77.3845467,museum,N/A,2025-01-26,N/A,N/A,Madhya Pradesh
ChIJjYaadQDvfDkRRt9JYhRVF4Q,Virendra Verma's house,23.0982048,77.00382979999999,museum,N/A,2025-01-26,N/A,N/A,Madhya Pradesh
ChIJ99n13gHlfDkRrejcAaCpl-E,Hanuman Mandir,23.0272186,76.98743520000001,museum,N/A,2025-01-26,N/A,N/A,Madhya Pradesh
ChIJN3zInRxofDkRZ0D62tdS5Yw,Fatehgarh Fort,23.2579693,77.3914501,museum,N/A,2025-01-26,N/A,N/A,Madhya Pradesh
ChIJWdbQDyhDfDkR3TYm0WkHmyE,Center For Creative Learning Mpcst Bhopal,23.2082105,77.39984749999999,museum,N/A,2025-01-26,N/A,N/A,Madhya Pradesh
ChIJVV8_YoDzfDkR-WPIVx2Jkbc,Chhatri of Mishra Brothers,23.197232,77.0719088,museum,N/A,2025-01-26,N/A,N/A,Madhya Pradesh
ChIJw7bPqrVFfDkR1lFWf5JGjNc,TRIBHUWAN SOCIETY,23.1589716,77.44871959999999,museum,N/A,2025-01-26,N/A,N/A,Madhya Pradesh
ChIJ-WqY5P1dfDkRQ85fS35h_lo,National Archeological Museum,23.2409663,77.3774976,museum,N/A,2025-01-26,N/A,N/A,Madhya Pradesh
ChIJkzpZFroPfDkR6G1gd_vl3T4,Sir John Hubert Marshall House,23.4848016,77.73891449999999,museum,N/A,2025-01-26,N/A,N/A,Madhya Pradesh
ChIJP3M-OuIRfDkR4UIqLYoK62c,sunari buddhist monuments,23.4335452,77.6638123,museum,N/A,2025-01-26,N/A,N/A,Madhya Pradesh
ChIJCb3DxpbzfDkRvXuzfnHnngE,hasnabad hanuman mandir,23.1437664,77.0689805,museum,N/A,2025-01-26,N/A,N/A,Madhya Pradesh
ChIJAZF_qbtDfDkRHoDhWqmgru0,RANGA SRI LITTLE BALLET TROUPE BHOPAL,23.234151,77.3880624,museum,N/A,2025-01-26,N/A,N/A,Madhya Pradesh
ChIJwYWzlkVdfDkRUXBNwyCudpw,"Mirdhabaadi @ Manav Sangrahalaya, Bhopal",23.2403384,77.3749672,museum,N/A,2025-01-26,N/A,N/A,Madhya Pradesh
ChIJX-z_6c9HfDkRmnimK45B2yg,gram panchayat Bangrasia,23.143406,77.5321565,museum,N/A,2025-01-26,N/A,N/A,Madhya Pradesh
ChIJZ6SIeALVfTkRQqt0Z0FjrUM,Suraj Kund,22.849142,77.8633566,museum,N/A,2025-01-26,N/A,N/A,Madhya Pradesh
ChIJsUfMaYEcfDkRk_aKL_jU3og,Murel Khurda Stupa,23.4330569,77.84095719999999,museum,N/A,2025-01-26,N/A,N/A,Madhya Pradesh
ChIJY6h2EJ-3vzsRB_haiJ7F51w,Velsao Beach,15.3544232,73.88386369999999,attraction,N/A,2025-01-26,N/A,N/A,Goa
ChIJVUbAVEy9vzsRS6uKBv4zNmI,Harvalem Waterfalls,15.5507728,74.0264703,attraction,N/A,2025-01-26,N/A,N/A,Goa
ChIJ2SyWw3XBvzsREmaXkve8H78,Sinquerim Fort,15.4984466,73.7663559,attraction,N/A,2025-01-26,N/A,N/A,Goa
ChIJ59FcxPu5vzsRa3eXw7AkQaw,Kesarval Spring Verna Waterfall,15.3823119,73.92880099999999,attraction,N/A,2025-01-26,N/A,N/A,Goa
ChIJieAV84SzvzsRzzGW0UdpOvM,Monte Hills View Point,15.2795227,73.9618643,attraction,N/A,2025-01-26,N/A,N/A,Goa
ChIJEfYjUmPBvzsRZ7HsUoMFXIk,Fontainhas Colorful Houses,15.4954147,73.83134729999999,attraction,N/A,2025-01-26,N/A,N/A,Goa
ChIJI2vEMie7vzsRj6GD15iAWac,Mystic Woods,15.4295587,74.0124491,attraction,N/A,2025-01-26,N/A,N/A,Goa
ChIJo1f9PInHvzsROGswlHitpMs,Monkey Beach,15.4004081,73.79124829999999,attraction,N/A,2025-01-26,N/A,N/A,Goa
ChIJQeTU91SwvzsR4cJQMV5lu8c,Big Foot Goa,15.3396604,73.9868568,attraction,N/A,2025-01-26,N/A,N/A,Goa
ChIJ60HZJlpFvjsRKWwSX-EWbsQ,Backwaters Palolem,15.0135625,74.0163125,attraction,N/A,2025-01-26,N/A,N/A,Goa
ChIJW1woz3XBvzsRk_hFYoV_QOo,Lower Aguada Fort,15.4962838,73.7648913,attraction,N/A,2025-01-26,N/A,N/A,Goa
ChIJ8S1Q3YCtvzsRL_HxSknvY0s,Buddha Statue,15.2389341,74.0351654,attraction,N/A,2025-01-26,N/A,N/A,Goa
ChIJTYvlxXfBvzsRoLIpck2UZqE,Sinquerim Fort view Point,15.4975629,73.7649449,attraction,N/A,2025-01-26,N/A,N/A,Goa
ChIJTbWbIA3BvzsR-QwVIsn68-Y,Light House Aguada,15.4920574,73.7740664,attraction,N/A,2025-01-26,N/A,N/A,Goa
ChIJ78Pnrg7BvzsRDdqimlbAw_c,Dolphin Point,15.4972198,73.781824,attraction,N/A,2025-01-26,N/A,N/A,Goa
ChIJwTfthqi3vzsRpAgUskiy6l4,Majorda beach,15.3112107,73.90276690000002,attraction,N/A,2025-01-26,N/A,N/A,Goa
ChIJ751RXI2-vzsRLoDZRIDrQc4,Wax World Museum,15.5002895,73.91368849999999,attraction,N/A,2025-01-26,N/A,N/A,Goa
ChIJe86NrwdPvjsRFvqcDwHvsqk,Butterfly Beach Goa,15.0195801,74.001638,attraction,N/A,2025-01-26,N/A,N/A,Goa
ChIJZ7IctYzAvzsRGFUrmuUJx6s,Campal Gardens,15.49806,73.818748,attraction,N/A,2025-01-26,N/A,N/A,Goa
ChIJE9KIQXe-vzsRH9wlc9QBGK8,Crocodile trip Jake the snake boat trip,15.5225128,73.9327963,attraction,N/A,2025-01-26,N/A,N/A,Goa
ChIJrUMKXou-vzsRG2SLL5cWces,Adil Shah Palace Gateway,15.5056312,73.9140955,attraction,N/A,2025-01-26,N/A,N/A,Goa
ChIJnXi5ICS3vzsR4qiKolF-iYU,Heart Shape Lake,15.3610396,73.84247479999999,attraction,N/A,2025-01-26,N/A,N/A,Goa
ChIJa72MxnXBvzsRHHtpszB2g6M,Aguada Fort,15.4922519,73.77374619999999,attraction,N/A,2025-01-26,N/A,N/A,Goa
ChIJr7GCQHpbvjsRTjE2wcXpE_I,"Palolem Beach, GOA",15.0083261,74.0251467,attraction,N/A,2025-01-26,N/A,N/A,Goa
ChIJVVVVVZUGvzsRsTuQyBI93Ro,Mollem National Park & Bhagwan Mahavir Wildlife Sanctuary,15.3339015,74.2883536,attraction,N/A,2025-01-26,N/A,N/A,Goa
ChIJydtqTn-zvzsRWQIc9YRezQ8,San Thome Museum,15.2398338,73.9414948,attraction,N/A,2025-01-26,N/A,N/A,Goa
ChIJoSA1F069vzsR_Nv7L4B_vNw,Arvalem Caves,15.552527,74.0230428,attraction,N/A,2025-01-26,N/A,N/A,Goa
ChIJqX88uZWevzsRlLG09dvS3nY,Hivrem Waterfall,15.6464111,74.14938889999999,attraction,N/A,2025-01-26,N/A,N/A,Goa
ChIJVd1h6pitvzsRpMu8Fjh2Paw,Fernandes Heritage House,15.2558395,74.0518574,attraction,N/A,2025-01-26,N/A,N/A,Goa
ChIJ20LsSGdMvjsR67AjWiNQ1Eg,Betul Lighthouse,15.14495,73.9581743,attraction,N/A,2025-01-26,N/A,N/A,Goa
ChIJodX_ocdZvjsR3ISyT9zV_zY,Kuske Waterfall,15.0217083,74.2086604,attraction,N/A,2025-01-26,N/A,N/A,Goa
ChIJc5ouLHDpvzsR9nHjejLY4e4,Vagator Beach View,15.5994407,73.7334125,attraction,N/A,2025-01-26,N/A,N/A,Goa
ChIJF3XWiNqZvzsReeuhhhUnApM,Shivling Waterfall,15.5973284,74.1226416,attraction,N/A,2025-01-26,N/A,N/A,Goa
ChIJrRLnXou-vzsRTmy-Yn5wi5A,"Viceroys Arch, Goa",15.5057585,73.9137064,attraction,N/A,2025-01-26,N/A,N/A,Goa
ChIJf9lMjrWevzsRQTaSG8jAYZ8,Charavane Waterfall,15.6412818,74.1284271,attraction,N/A,2025-01-26,N/A,N/A,Goa
ChIJYYST-QnBvzsRO28HncMNPV0,Fountainhas bridge art,15.497275,73.8321352,attraction,N/A,2025-01-26,N/A,N/A,Goa
ChIJCykkqXy3vzsROgn8KsepF3Q,Sankval Beach,15.3703384,73.8667957,attraction,N/A,2025-01-26,N/A,N/A,Goa
ChIJsbm561bGvzsR2uhVi1Uzo9E,Japanese Garden,15.4069725,73.7871306,attraction,N/A,2025-01-26,N/A,N/A,Goa
ChIJd6DGs6DtvzsROx2-Sy8BmTg,Chapora mangroves kayaking,15.6509894,73.8202621,attraction,N/A,2025-01-26,N/A,N/A,Goa
ChIJr73XIwDpvzsRQqSwZ2092PI,Viewing point,15.5615708,73.74531379999999,attraction,N/A,2025-01-26,N/A,N/A,Goa
ChIJk0OIhg7BvzsRy2mHWZCVDDY,Onyx Beach,15.4928118,73.7777471,attraction,N/A,2025-01-26,N/A,N/A,Goa
ChIJL7v1a27vvzsR77ltuRh5gNs,Querim Cave,15.7043033,73.6939386,attraction,N/A,2025-01-26,N/A,N/A,Goa
ChIJi07fkKC3vzsRbodJKvUTgSQ,Cansaulim Beach,15.3444647,73.8888727,attraction,N/A,2025-01-26,N/A,N/A,Goa
ChIJQ-Iqz4jAvzsRuj6Z94O3VjI,Malson Shoes,15.4997434,73.8282138,attraction,N/A,2025-01-26,N/A,N/A,Goa
ChIJwecDXEDrvzsRZZgCAKBw4ak,Peacock Point,15.5593193,73.7899535,attraction,N/A,2025-01-26,N/A,N/A,Goa
ChIJh8I8MtOqvzsRWk2SI90FBNg,Salaulim Dam,15.2127043,74.1788677,attraction,N/A,2025-01-26,N/A,N/A,Goa
ChIJG5yTkTjpvzsRV244itzZQik,Ozran Beach,15.598562,73.73339469999999,attraction,N/A,2025-01-26,N/A,N/A,Goa
ChIJnemhO4rpvzsRcIfLZ5I1_JY,Sunset Point,15.5896849,73.7350371,attraction,N/A,2025-01-26,N/A,N/A,Goa
ChIJb-oRWo25vzsRYL3u1Oyxe_M,Bambolim Beach,15.4496162,73.8518753,attraction,N/A,2025-01-26,N/A,N/A,Goa
ChIJXYxXvOuTvzsRHFiXj3u6xWg,Amthane Dam,15.6707536,73.9071929,attraction,N/A,2025-01-26,N/A,N/A,Goa
ChIJKTxvRgzqvjsR-Cw8kJC9K1M,Sathoddi Falls,14.9499288,74.5792118,attraction,N/A,2025-01-26,N/A,N/A,Goa
ChIJA-KxtK7pvjsRFaUtXpXRkvk,Akala Gavi,14.9965503,74.5326736,attraction,N/A,2025-01-26,N/A,N/A,Goa
ChIJ6553TUecvzsR10PnCeel2KE,Shimbola Waterfalls,15.6996431,74.1526465,attraction,N/A,2025-01-26,N/A,N/A,Goa
ChIJPVpdu_7pvzsR2Il1Efo7wEU,Ozran Cliff,15.5952981,73.7344324,attraction,N/A,2025-01-26,N/A,N/A,Goa
ChIJk-IV703pvzsRQCPHJUNByUQ,LION ROCK,15.5975609,73.7328033,attraction,N/A,2025-01-26,N/A,N/A,Goa
ChIJAaID1HZPvjsRpG_rt1HF_vo,Honeymoon beach,15.0218547,73.99779149999999,attraction,N/A,2025-01-26,N/A,N/A,Goa
ChIJnwi_CMTpvzsRmjwyDcA4YX4,Anjuna Hillpoint,15.5863055,73.7361095,attraction,N/A,2025-01-26,N/A,N/A,Goa
ChIJi420u6uVvzsRqLpaRPrq6SI,Corjuem Fort,15.5968001,73.8927884,attraction,N/A,2025-01-26,N/A,N/A,Goa
ChIJycE4Rs7pvzsRgku78mTsR4s,Mystic Sea View Point,15.585691,73.7374553,attraction,N/A,2025-01-26,N/A,N/A,Goa
ChIJf9whPInAvzsR6nE1kxWvW1Y,Azad Maidan,15.500124,73.8261919,attraction,N/A,2025-01-26,N/A,N/A,Goa
ChIJTacS6IW0vzsRXABeqzqZ6Bc,Varca Beach,15.2325484,73.92571149999999,beaches,N/A,2025-01-26,N/A,N/A,Goa
ChIJn5OqQp7BvzsR7YB4KherD64,Sinquerim Beach,15.4991464,73.76746659999999,beaches,N/A,2025-01-26,N/A,N/A,Goa
ChIJoz6KFzxbvjsR3KwmyqFf0QY,Turtle Beach,14.9599248,74.04899619999999,beaches,N/A,2025-01-26,N/A,N/A,Goa
ChIJTYXuY_3BvzsRq4_IXSwnlic,Callgunte Beach,15.5446641,73.7576483,beaches,N/A,2025-01-26,N/A,N/A,Goa
ChIJFWX6VHLBvzsRrtY68GrdDNA,Aguada Rocky Beach,15.4916426,73.7681518,beaches,N/A,2025-01-26,N/A,N/A,Goa
ChIJwZH0d2W0vzsRQLIaNRHudPU,Trinity Beach,15.2497911,73.9213693,beaches,N/A,2025-01-26,N/A,N/A,Goa
ChIJtVyLxm_qvzsRKbczJzzDfGY,Baga beach,15.5592353,73.7810841,beaches,N/A,2025-01-26,N/A,N/A,Goa
ChIJmQGrEY_pvzsRof_MwgLMd9c,Anjuna Beach,15.5733497,73.74097809999999,beaches,N/A,2025-01-26,N/A,N/A,Goa
ChIJE_nkR1lbvjsRTRsYxK3va-I,Tolivia Beach,14.9350329,74.0468709,beaches,N/A,2025-01-26,N/A,N/A,Goa
ChIJ_96h2BzqvzsR4ME17sBmcLo,Baga Beach,15.5552787,73.7517307,beaches,N/A,2025-01-26,N/A,N/A,Goa
ChIJ4UQFT1pcvjsRDRhnOW6Mc9o,Tilmati Beach,14.8999955,74.0915468,beaches,N/A,2025-01-26,N/A,N/A,Goa
ChIJ0YVAXejuvzsRwE5XWdcQbO4,Mandrem Beach,15.6696522,73.7095472,beaches,N/A,2025-01-26,N/A,N/A,Goa
ChIJ25UVm_3HvzsRh-hROqOLzu0,Bogmalo Beach,15.3697125,73.8335469,beaches,N/A,2025-01-26,N/A,N/A,Goa
ChIJF-xgIlfHvzsRREfLb3uCm5s,Cacra Beach,15.4510093,73.83741049999999,beaches,N/A,2025-01-26,N/A,N/A,Goa
ChIJ0X7xVdDAvzsRuR6HSznJSvE,Caranzalem Beach,15.4664874,73.8047781,beaches,N/A,2025-01-26,N/A,N/A,Goa
ChIJK-30SAHqvzsRF30lXa0vWcs,Calangute Beach,15.549441,73.7534857,beaches,N/A,2025-01-26,N/A,N/A,Goa
ChIJPT7VnVLuvzsRnFTdRFz6jDk,Arambol Beach,15.6871439,73.7028974,beaches,N/A,2025-01-26,N/A,N/A,Goa
ChIJgQ9KpXTrvzsRccrngLKJ-bM,"Calangute Beach, Goa",15.5447206,73.75466899999999,beaches,N/A,2025-01-26,N/A,N/A,Goa
ChIJo3Ithhi0vzsRNQmtLCAb3rU,Colva Beach,15.2805316,73.91199449999999,beaches,N/A,2025-01-26,N/A,N/A,Goa
ChIJdzQeAk7HvzsRyYi0eaZGCLA,Odxel Beach,15.4537162,73.82986799999999,beaches,N/A,2025-01-26,N/A,N/A,Goa
ChIJ5-HxdSzHvzsR70OMv7HQPjw,Dias Beach,15.4532717,73.80128549999999,beaches,N/A,2025-01-26,N/A,N/A,Goa
ChIJ67KZJ_HAvzsRDCoQuZ2z6mY,Kekdole Beach,15.4971687,73.81038459999999,beaches,N/A,2025-01-26,N/A,N/A,Goa
ChIJM6LZcwi3vzsR84ObYtlXgL0,Cansaulim Beach,15.3396258,73.890971,beaches,N/A,2025-01-26,N/A,N/A,Goa
ChIJY6h2EJ-3vzsRB_haiJ7F51w,Velsao Beach,15.3544232,73.88386369999999,beaches,N/A,2025-01-26,N/A,N/A,Goa
ChIJZQCkofW3vzsRynAlDHSbosk,Hollant Beach,15.3698695,73.8619695,beaches,N/A,2025-01-26,N/A,N/A,Goa
ChIJ4evHw5O2vzsRl0btkGSiHIg,Sunset Beach,15.3012749,73.90493479999999,beaches,N/A,2025-01-26,N/A,N/A,Goa
ChIJLVsgjRS0vzsRQl0jQVGvgJI,"Sernabatim Beach, Colva",15.2638375,73.9169531,beaches,N/A,2025-01-26,N/A,N/A,Goa
ChIJ1_mRccjHvzsRt3zkuR__KG0,Baina Beach,15.3915832,73.80680009999999,beaches,N/A,2025-01-26,N/A,N/A,Goa
ChIJg5uysxq3vzsRO8TaBsR85ts,Gonsua Betalbatim Beach,15.3072064,73.9030586,beaches,N/A,2025-01-26,N/A,N/A,Goa
ChIJcV-HSZ9MvjsRUX_vIe7a7B4,Cavelossim Beach,15.1715011,73.941493,beaches,N/A,2025-01-26,N/A,N/A,Goa
ChIJi07fkKC3vzsRbodJKvUTgSQ,Cansaulim Beach,15.3444647,73.8888727,beaches,N/A,2025-01-26,N/A,N/A,Goa
ChIJmVESNQtMvjsRhbnO9vlVEK0,Canaguinim Beach,15.1269856,73.94028519999999,beaches,N/A,2025-01-26,N/A,N/A,Goa
ChIJr7GCQHpbvjsRTjE2wcXpE_I,"Palolem Beach, GOA",15.0083261,74.0251467,beaches,N/A,2025-01-26,N/A,N/A,Goa
ChIJ9RqAKby4vzsRUVLFLojS6gM,Siridao Beach View,15.4421588,73.85936769999999,beaches,N/A,2025-01-26,N/A,N/A,Goa
ChIJte_n3irHvzsRuj7pw-0-kjI,Marivel Beach,15.456096,73.7975171,beaches,N/A,2025-01-26,N/A,N/A,Goa
ChIJWw10cf3HvzsRnMktzbQW5J0,Bogmalo Beach,15.3698038,73.8336358,beaches,N/A,2025-01-26,N/A,N/A,Goa
ChIJww0daCnpvzsR09UMQ9s7oFk,Vagator Beach Sunset Point,15.601075,73.733682,beaches,N/A,2025-01-26,N/A,N/A,Goa
ChIJM0ixxcLAvzsR2Z-xsgKlCBA,Miramar Beach,15.4826531,73.80735159999999,beaches,N/A,2025-01-26,N/A,N/A,Goa
ChIJvcMyo2W0vzsRGcvnaDPdOzU,Benaulim Beach,15.2507866,73.9201835,beaches,N/A,2025-01-26,N/A,N/A,Goa
ChIJ4ayK8NDvvzsR78k8dPh_ryw,Querim Beach,15.7087743,73.6929842,beaches,N/A,2025-01-26,N/A,N/A,Goa
ChIJuwJb0FFFvjsR9bsPS33GGx4,Palolem Beach,15.0099648,74.02321859999999,beaches,N/A,2025-01-26,N/A,N/A,Goa
ChIJv9F7IjzBvzsR70r6HmyML_o,Candolim Beach,15.5179749,73.76261219999999,beaches,N/A,2025-01-26,N/A,N/A,Goa
ChIJN7gFSwNPvjsRikm58eoZL_U,Cola Beach,15.0543277,73.9731321,beaches,N/A,2025-01-26,N/A,N/A,Goa
ChIJwwC70xzqvzsRwtCdkhYXhE0,Baga Beach,15.5581911,73.7506843,beaches,N/A,2025-01-26,N/A,N/A,Goa
ChIJ3RejCQC3vzsRFHNDE7ZDMus,Anand Beach,15.3635406,73.8784057,beaches,N/A,2025-01-26,N/A,N/A,Goa
ChIJrwFB_W7pvzsRAxuEMqa-5x8,Vagator Beach,15.6029835,73.733627,beaches,N/A,2025-01-26,N/A,N/A,Goa
ChIJU2YT71LuvzsRFgfxISbKed0,Arambol Beach,15.6846886,73.70328359999999,beaches,N/A,2025-01-26,N/A,N/A,Goa
ChIJ5fHaRP1LvjsRRHv-U2LzeGY,Cabo de Rama Beach,15.1031826,73.9255111,beaches,N/A,2025-01-26,N/A,N/A,Goa
ChIJCykkqXy3vzsROgn8KsepF3Q,Sankval Beach,15.3703384,73.8667957,beaches,N/A,2025-01-26,N/A,N/A,Goa
ChIJ_xdTp7PHvzsRipbrdyLsj9g,Dona Paula Beach,15.453159,73.8027587,beaches,N/A,2025-01-26,N/A,N/A,Goa
ChIJ2RgaWwC1vzsR0r143KaR49w,Colva Beach,15.2805505,73.912055,beaches,N/A,2025-01-26,N/A,N/A,Goa
ChIJhaMrnGi5vzsROP4xHUOrXxk,Seashells beach,15.4425893,73.858549,beaches,N/A,2025-01-26,N/A,N/A,Goa
ChIJe86NrwdPvjsRFvqcDwHvsqk,Butterfly Beach Goa,15.0195801,74.001638,beaches,N/A,2025-01-26,N/A,N/A,Goa
ChIJv_vJElTHvzsR1UCX6rUIL4k,Baina Beach Sunset Point,15.3946396,73.8046205,beaches,N/A,2025-01-26,N/A,N/A,Goa
ChIJty0vRly5vzsR89Oss_mrsjU,Siridao Rock Beach,15.435788,73.8606813,beaches,N/A,2025-01-26,N/A,N/A,Goa
ChIJjxzZni3HvzsROH4a8guPMYI,Dona Paula Beach,15.4546652,73.80450239999999,beaches,N/A,2025-01-26,N/A,N/A,Goa
ChIJg15sBGy0vzsRh092Ust9yHk,Benaulim Beach,15.2570626,73.91871379999999,beaches,N/A,2025-01-26,N/A,N/A,Goa
ChIJg8LF7u22vzsR2c7E-5SsnVs,Majorda Beach,15.3111553,73.9018114,beaches,N/A,2025-01-26,N/A,N/A,Goa
ChIJM5xmqdrBvzsR0UQsbvbKJDA,Sequarium Beach,15.4991764,73.76743259999999,beaches,N/A,2025-01-26,N/A,N/A,Goa
ChIJG6mIPJm0vzsRx8faCzC4VU4,Varca Beach,15.2209348,73.9290015,beaches,N/A,2025-01-26,N/A,N/A,Goa
ChIJk8EvpZWjvzsRC6z-wCIfnFg,Sonshe waterfall,15.5199185,74.0519628,waterfalls,N/A,2025-01-26,N/A,N/A,Goa
ChIJEUBoDuOxvzsR1dklgr6Zmis,Aqua-falls,15.3434811,73.9549965,waterfalls,N/A,2025-01-26,N/A,N/A,Goa
ChIJuaO9M-9TvjsRGDUSPRk93AM,Blue Waterfall,15.137164,74.117323,waterfalls,N/A,2025-01-26,N/A,N/A,Goa
ChIJ8XYOdVGhvzsRnf64_pJO3Hg,Sanvordem Waterfall,15.5284625,74.1983594,waterfalls,N/A,2025-01-26,N/A,N/A,Goa
ChIJF3XWiNqZvzsReeuhhhUnApM,Shivling Waterfall,15.5973284,74.1226416,waterfalls,N/A,2025-01-26,N/A,N/A,Goa
ChIJ_R9Y1aaTvzsRk5iw6Lxewp4,Perkon Waterfall,15.6980273,73.8660752,waterfalls,N/A,2025-01-26,N/A,N/A,Goa
ChIJ6xFV8hFXvjsRKITFFevXu9A,Bamanbudo Waterfall,15.0600515,74.1595025,waterfalls,N/A,2025-01-26,N/A,N/A,Goa
ChIJ6553TUecvzsR10PnCeel2KE,Shimbola Waterfalls,15.6996431,74.1526465,waterfalls,N/A,2025-01-26,N/A,N/A,Goa
ChIJbzpKjoafvzsRaCj_J0aPg9Y,Jalavne falls,15.6486329,74.1939471,waterfalls,N/A,2025-01-26,N/A,N/A,Goa
ChIJy-bhw5SdvzsRAoaKpfqS6-c,Mangeli Waterfalls,15.6809601,74.1257912,waterfalls,N/A,2025-01-26,N/A,N/A,Goa
ChIJ7YL7gEutvzsRKDVO4piFCOY,Dragon Waterfall Ambaulim,15.206016,74.04779599999999,waterfalls,N/A,2025-01-26,N/A,N/A,Goa
ChIJPfdYY-ihvzsRhjO27of2siA,WaterFall Gho Gho,15.5468551,74.1300143,waterfalls,N/A,2025-01-26,N/A,N/A,Goa
ChIJUTThNtSXvzsRRztdY-sATAs,Dhabdabha Waterfall Bicholim,15.571443,73.9524836,waterfalls,N/A,2025-01-26,N/A,N/A,Goa
ChIJk81BkDu_vzsR4AgJhOdyo_M,Chimbel Waterfall,15.478956,73.87342,waterfalls,N/A,2025-01-26,N/A,N/A,Goa
ChIJcY7l1PJRvjsRkuzob7cwb_I,Gokuldem Waterfall,15.067987,74.07597489999999,waterfalls,N/A,2025-01-26,N/A,N/A,Goa
ChIJU0z4aBVJvjsRSZCNCzEbJ-U,Shiva Waterfall,15.0918457,73.9239697,waterfalls,N/A,2025-01-26,N/A,N/A,Goa
ChIJH9sGnTGXvzsROcdXDquKdPE,Waterfall (Gho-ghaal),15.5669769,73.9886586,waterfalls,N/A,2025-01-26,N/A,N/A,Goa
ChIJ40YNUdUXvzsROo-byksa5sY,Vitthala-Rukmini Waterfalls,15.4889079,74.50311359999999,waterfalls,N/A,2025-01-26,N/A,N/A,Goa
ChIJf9lMjrWevzsRQTaSG8jAYZ8,Charavane Waterfall,15.6412818,74.1284271,waterfalls,N/A,2025-01-26,N/A,N/A,Goa
ChIJk-qTNTe7vzsR-wwnJeA04Zo,Karmale Waterfalls,15.4426862,74.0176814,waterfalls,N/A,2025-01-26,N/A,N/A,Goa
ChIJVUbAVEy9vzsRS6uKBv4zNmI,Harvalem Waterfalls,15.5507728,74.0264703,waterfalls,N/A,2025-01-26,N/A,N/A,Goa
ChIJ59FcxPu5vzsRa3eXw7AkQaw,Kesarval Spring Verna Waterfall,15.3823119,73.92880099999999,waterfalls,N/A,2025-01-26,N/A,N/A,Goa
ChIJQ4srFBimvzsRJQI7KOdIlP0,Dudhsagar Falls,15.3144375,74.3143073,waterfalls,N/A,2025-01-26,N/A,N/A,Goa
ChIJZ2XHsGFXvjsRhzsO_udY2js,Bhupar Waterfalls,15.0500114,74.13027009999999,waterfalls,N/A,2025-01-26,N/A,N/A,Goa
ChIJI5Qsswh3vzsR6hbqOLwuZcg,Betnegundi Waterfalls,15.6857517,74.25328429999999,waterfalls,N/A,2025-01-26,N/A,N/A,Goa
ChIJKR7eRVmfvzsRBB_fqZZ58sc,Chorlagundi Waterfalls.,15.65909,74.125062,waterfalls,N/A,2025-01-26,N/A,N/A,Goa
ChIJ4_TA31DrvjsRykgiVbKMoTg,Kanuru Waterfalls,14.8808046,74.50669169999999,waterfalls,N/A,2025-01-26,N/A,N/A,Goa
ChIJAcvtUHydvzsR6t6zuo-qiuw,Chigulegundi Waterfalls,15.7330125,74.2157031,waterfalls,N/A,2025-01-26,N/A,N/A,Goa
ChIJswolA4J1vzsRutG2Xz4-BLs,Chikhale waterfall,15.6613118,74.2543213,waterfalls,N/A,2025-01-26,N/A,N/A,Goa
ChIJ7RTi_T5PvjsR9iI0nYgw074,Padi Waterfall,15.0892446,74.02851749999999,waterfalls,N/A,2025-01-26,N/A,N/A,Goa
ChIJw9Xdk1eZvzsRym4wkFNdRUM,Vazra Sakla Waterfalls - (Karnataka),15.6585625,74.1071875,waterfalls,N/A,2025-01-26,N/A,N/A,Goa
ChIJG7JtXeV1vzsRVFRH99J_FMc,Satrem Waterfall,15.6355772,74.2342685,waterfalls,N/A,2025-01-26,N/A,N/A,Goa
ChIJ6a8yqP-dvzsRjqV4h82y6eM,Kalasa Waterfalls- (Kanakumbhi),15.6796863,74.1894387,waterfalls,N/A,2025-01-26,N/A,N/A,Goa
ChIJ7Rg8SlC_vzsRgXxblEGUL4M,Shirent waterfall,15.4875596,73.88206559999999,waterfalls,N/A,2025-01-26,N/A,N/A,Goa
ChIJ9WBFt234vjsR5aNM4Prx2cA,Neturlem Waterfall (Savri),15.0612063,74.2319242,waterfalls,N/A,2025-01-26,N/A,N/A,Goa
ChIJr7iHw8PtvzsRBukm7_S2rrE,Mogacho Waterfall,15.6839395,73.78136839999999,waterfalls,N/A,2025-01-26,N/A,N/A,Goa
ChIJBaXfv4oIvzsRw_tzqN9h6gs,Tambdi Surla Waterfalls,15.4564974,74.27132809999999,waterfalls,N/A,2025-01-26,N/A,N/A,Goa
ChIJbx14DROdvzsRv_-dx1ZPSxk,Surla Falls Top Viewpoint,15.6751174,74.1860581,waterfalls,N/A,2025-01-26,N/A,N/A,Goa
ChIJU3FMEfr5vjsRjKsNl2jWNx0,Mainapi Waterfall Netravali,15.0696893,74.2563011,waterfalls,N/A,2025-01-26,N/A,N/A,Goa
ChIJMV0Rk2mcvzsR4CW6lUljVLA,Maanagundi Falls,15.6943125,74.1458906,waterfalls,N/A,2025-01-26,N/A,N/A,Goa
ChIJtxLV4vh1vzsRgfmn086OG64,Satrem Second Waterfall,15.6325999,74.2449393,waterfalls,N/A,2025-01-26,N/A,N/A,Goa
ChIJPdenyeGbvzsRqkEF4nbitis,Aamini Waterfall Virdi,15.65864,74.0819941,waterfalls,N/A,2025-01-26,N/A,N/A,Goa
ChIJHb7IxgevvzsR4JAbcxpcYWE,Siddhanath waterfall,15.3651752,74.04060659999999,waterfalls,N/A,2025-01-26,N/A,N/A,Goa
ChIJ1_HG70LrvzsR9_yqsEpZaw4,Cunchelim Waterfall,15.6141969,73.8206561,waterfalls,N/A,2025-01-26,N/A,N/A,Goa
ChIJodX_ocdZvjsR3ISyT9zV_zY,Kuske Waterfall,15.0217083,74.2086604,waterfalls,N/A,2025-01-26,N/A,N/A,Goa
ChIJb0xbM_evvzsRHYNYDdMFkew,Volulim Waterfall,15.3366175,74.0970171,waterfalls,N/A,2025-01-26,N/A,N/A,Goa
ChIJ0dIqx2qbvzsRfCxx1v1EE_Y,Sādagundi Waterfalls,15.6698551,74.0975678,waterfalls,N/A,2025-01-26,N/A,N/A,Goa
ChIJUWAWEI6XvzsRAqOhmrfJ7s4,ONA WATERFALL,15.5978962,73.9729413,waterfalls,N/A,2025-01-26,N/A,N/A,Goa
ChIJAQBezUChvzsRjuFltXoRB0g,Siranguli Waterfall,15.4926771,74.1853027,waterfalls,N/A,2025-01-26,N/A,N/A,Goa
ChIJaUjBrFZRvjsR3C_EFiB_hUM,Chall Waterfall,15.05839,74.1070573,waterfalls,N/A,2025-01-26,N/A,N/A,Goa
ChIJ27uqrn51vzsR9IHdShl_0GM,Satrem Waterfall,15.619711,74.22343099999999,waterfalls,N/A,2025-01-26,N/A,N/A,Goa
ChIJ2Z6ijox1vzsRN6A7rTsuey0,Parwada Waterfalls,15.668425,74.22329669999999,waterfalls,N/A,2025-01-26,N/A,N/A,Goa
ChIJqX88uZWevzsRlLG09dvS3nY,Hivrem Waterfall,15.6464111,74.14938889999999,waterfalls,N/A,2025-01-26,N/A,N/A,Goa
ChIJK8WixJWxvzsRzsEktS5T5jg,Mist Waterfall,15.3500387,73.944274,waterfalls,N/A,2025-01-26,N/A,N/A,Goa
ChIJB2eYS5DjvjsRCfnzEVDamek,Donapa Water Stream,15.1492104,74.4444276,waterfalls,N/A,2025-01-26,N/A,N/A,Goa
ChIJSY5ZHZflvjsRQMsGO7jLo8U,Twin Waterfalls,15.1198084,74.4803132,waterfalls,N/A,2025-01-26,N/A,N/A,Goa
ChIJBe3VOXGVvzsRkoTr1nkFIYk,Nanora waterfall,15.6432342,73.9132345,waterfalls,N/A,2025-01-26,N/A,N/A,Goa
ChIJKb7Em353vzsRwAbQxv8AA5o,Amate Waterfalls,15.6962282,74.304947,waterfalls,N/A,2025-01-26,N/A,N/A,Goa
ChIJDYdenSi7vzsRGqVhGDsb5xA,GEC goa waterfall,15.4198193,73.9755325,waterfalls,N/A,2025-01-26,N/A,N/A,Goa
ChIJR4T7zNTrvjsRGPk43-EIX8A,Waterfall view point,14.9505097,74.5845971,waterfalls,N/A,2025-01-26,N/A,N/A,Goa
ChIJt9Ons5HHvzsRlLB5ydLBWxM,Vaddem Park,15.3997582,73.8280506,parks,N/A,2025-01-26,N/A,N/A,Goa
ChIJuSV1vDu4vzsR1rLdphXi5Eo,Green Park,15.3870066,73.8731378,parks,N/A,2025-01-26,N/A,N/A,Goa
ChIJ7Y4SRqvBvzsRFLn9TNsA9sc,Nana Nani Natwanche Park,15.5204248,73.8336396,parks,N/A,2025-01-26,N/A,N/A,Goa
ChIJ6VyUvv7BvzsR5Qm7HAhpyiw,Porvorim PDA Colony Children Park,15.5233565,73.8245811,parks,N/A,2025-01-26,N/A,N/A,Goa
ChIJCdqRiO7AvzsRu7iFPhUYx94,Senior Citizen's Park,15.4895998,73.8115924,parks,N/A,2025-01-26,N/A,N/A,Goa
ChIJV4BUh26WvzsRXytfhfdOgAA,BICHOLIM WALKING PARK,15.5872037,73.9507301,parks,N/A,2025-01-26,N/A,N/A,Goa
ChIJpQbhzCzHvzsR5o4mhQqt4EA,"Forest Department Park, Dona Paula",15.4573845,73.8029337,parks,N/A,2025-01-26,N/A,N/A,Goa
ChIJ02xTgsTHvzsRBKIIjTnsOBE,Sunset Park,15.3805756,73.8107895,parks,N/A,2025-01-26,N/A,N/A,Goa
ChIJS9x5GXDpvzsRic311SBTwgo,Coach Park,15.5997133,73.7348785,parks,N/A,2025-01-26,N/A,N/A,Goa
ChIJH0M8PHuWvzsRSQDMUCC-zU0,Bicholim Municipal Park 2,15.597054,73.946528,parks,N/A,2025-01-26,N/A,N/A,Goa
ChIJQ6glKEe-vzsRes_PgBAEj10,Gandhi Park,15.5305228,73.9059822,parks,N/A,2025-01-26,N/A,N/A,Goa
ChIJ_THxN1G7vzsRL4oWpr51Tmk,Children's park,15.4020573,74.0056054,parks,N/A,2025-01-26,N/A,N/A,Goa
ChIJBcXOxW_AvzsRLXtg9s_z-kg,Porvorim Children Park,15.5182151,73.8291064,parks,N/A,2025-01-26,N/A,N/A,Goa
ChIJL5uPVJTBvzsROFZDU3qltUw,Aurelio Pinto Memorial Park,15.519886,73.768231,parks,N/A,2025-01-26,N/A,N/A,Goa
ChIJ1Qbk2m3AvzsRoD0T0i7JGVg,N.G.P.D.A Children Park,15.5224361,73.82809820000001,parks,N/A,2025-01-26,N/A,N/A,Goa
ChIJX-X4B3jpvzsRVzdS2aYJUfI,Anjuna Hill Sightseeing point of Dr. Jawaharlal Henriques,15.5888429,73.73672169999999,parks,N/A,2025-01-26,N/A,N/A,Goa
ChIJW3HRQxNNvjsRmku9OC8uucA,Balwadi Park,15.1704861,74.00525069999999,parks,N/A,2025-01-26,N/A,N/A,Goa
ChIJoQ-jKhOtvzsRl_EoggKvz_A,Pontemol Childrens park and garden,15.2553767,74.1165932,parks,N/A,2025-01-26,N/A,N/A,Goa
ChIJdyXW78j6vjsRJij0Mym0sqM,Anshi National Park,14.9980998,74.35874729999999,parks,N/A,2025-01-26,N/A,N/A,Goa
ChIJBSHRarzHvzsRADEfJ2pESY8,Mormugoa Municipal Childrens park,15.3972813,73.813813,parks,N/A,2025-01-26,N/A,N/A,Goa
ChIJs7nOx3nBvzsRDPajHu1M_RU,Children's Park,15.5289635,73.8296921,parks,N/A,2025-01-26,N/A,N/A,Goa
ChIJ69Pf3N1NvjsRmIf360Dv8WQ,Children's Park,15.1659247,73.9745709,parks,N/A,2025-01-26,N/A,N/A,Goa
ChIJuQIEUQvAvzsRhGyvSs2R68A,children Park,15.5286602,73.8365532,parks,N/A,2025-01-26,N/A,N/A,Goa
ChIJB9kK8OfBvzsRc3KC5Us-kvo,Joggers Park,15.5443481,73.82426250000002,parks,N/A,2025-01-26,N/A,N/A,Goa
ChIJ3dv8MkbBvzsRRdY0BR2MCGk,STEM Park,15.5331087,73.8350894,parks,N/A,2025-01-26,N/A,N/A,Goa
ChIJezwBKn2svzsRfHkn0YYbAI4,Childrens Park,15.2558919,74.1125991,parks,N/A,2025-01-26,N/A,N/A,Goa
ChIJCa72XxqVvzsR775yy348wcQ,aldona park,15.5892899,73.8742285,parks,N/A,2025-01-26,N/A,N/A,Goa
ChIJB3RTrM3AvzsRl1Qyq8Anqg0,Old Park,15.4613169,73.8093462,parks,N/A,2025-01-26,N/A,N/A,Goa
ChIJt9gRqRFNvjsR_mNfqPK8POo,Children park,15.1761113,73.9624437,parks,N/A,2025-01-26,N/A,N/A,Goa
ChIJrWDoQZPpvzsRiNz_XOQ75VE,Morjim Khind Park,15.6296453,73.7467645,parks,N/A,2025-01-26,N/A,N/A,Goa
ChIJBUxJ_DyxvzsR7AitQZ0CStY,Amrut Nagar Park,15.2898212,73.9855418,parks,N/A,2025-01-26,N/A,N/A,Goa
ChIJMX_SMnGWvzsRmd5LC4Swte4,Vishwasnagar Residents Association Joggers Park,15.5891685,73.9418731,parks,N/A,2025-01-26,N/A,N/A,Goa
ChIJ7V61YYO3vzsR35PPzSOFNNY,Children Park Cuelim Goa,15.3630385,73.8939516,parks,N/A,2025-01-26,N/A,N/A,Goa
ChIJb906TeuxvzsRibVc2uvdaJs,Children's Park,15.332859,73.98782,parks,N/A,2025-01-26,N/A,N/A,Goa
ChIJE6OK5HzBvzsROtJCzkCAopo,Walking park,15.4882126,73.82670639999999,parks,N/A,2025-01-26,N/A,N/A,Goa
ChIJCTLKrxq7vzsRYnn5S_lGi84,Municipal Park,15.4021694,74.0057288,parks,N/A,2025-01-26,N/A,N/A,Goa
ChIJC3PtpVDBvzsRgHBhuqXYEBk,Children park,15.4869888,73.8288594,parks,N/A,2025-01-26,N/A,N/A,Goa
ChIJ6fYhfsq9vzsRZA3fDte71Rw,Marcel Park,15.5174136,73.9592223,parks,N/A,2025-01-26,N/A,N/A,Goa
ChIJN4o807OhvzsRRlmeXNfnCTA,Chatrapati Shivaji Maharaj Park Valpoi.,15.5298909,74.1359564,parks,N/A,2025-01-26,N/A,N/A,Goa
ChIJvwxAbJm5vzsRn4F6_tN1b98,Leo park,15.3907183,73.8655948,parks,N/A,2025-01-26,N/A,N/A,Goa
ChIJmSWad6CzvzsR4FJpdt-wQtw,Zamcotto children's park,15.2413334,73.9791542,parks,N/A,2025-01-26,N/A,N/A,Goa
ChIJRz2jgSWjvzsRvmbYOmpR-Sg,Ganpati Park,15.4959258,74.0567293,parks,N/A,2025-01-26,N/A,N/A,Goa
ChIJvzjh016xvzsR1HtraP1YXz4,Rocha Park,15.2934631,73.9711145,parks,N/A,2025-01-26,N/A,N/A,Goa
ChIJl8XyapbBvzsRLyk9VtoQt4w,Children's park,15.4825502,73.8086338,parks,N/A,2025-01-26,N/A,N/A,Goa
ChIJ91XVmTCzvzsRLfTkSvAKCwY,Community park,15.2806104,73.9769293,parks,N/A,2025-01-26,N/A,N/A,Goa
ChIJx-xgFbnHvzsR5S3h0wFh-P0,MPT Grounds,15.3940124,73.8108441,parks,N/A,2025-01-26,N/A,N/A,Goa
ChIJ949jb-frvzsRqu0rj-Snj9Q,City Market Mini Park,15.5875954,73.8081191,parks,N/A,2025-01-26,N/A,N/A,Goa
ChIJD6Zr-pGzvzsRry6LUrjWGVU,Malbhat Childrens Park,15.2692944,73.964282,parks,N/A,2025-01-26,N/A,N/A,Goa
ChIJXS6s8pe9vzsRBJJF73NYaGc,"SDRA Children Park, Devlay, Candola",15.5224936,73.96223979999999,parks,N/A,2025-01-26,N/A,N/A,Goa
ChIJxz0g5w25vzsRWRXugWL7eoo,Sidharth Colony Park (New),15.3901173,73.8616016,parks,N/A,2025-01-26,N/A,N/A,Goa
ChIJf9whPInAvzsR6nE1kxWvW1Y,Azad Maidan,15.500124,73.8261919,parks,N/A,2025-01-26,N/A,N/A,Goa
ChIJx1oRHQCzvzsR16CdSjblkWY,Margao Municipal Garden park,15.2746946,73.9609634,parks,N/A,2025-01-26,N/A,N/A,Goa
ChIJocXVRS_zvjsRDwm_4Yp6a-E,KPC COLONY PARK,14.9147015,74.347003,parks,N/A,2025-01-26,N/A,N/A,Goa
ChIJKxyoMyvHvzsR7BdGZQaiwn0,New Vaddem Last Water tank,15.3905042,73.826633,parks,N/A,2025-01-26,N/A,N/A,Goa
ChIJWb-h2Me9vzsRdpFXNWlHu4A,HBC Joggers Park,15.5622091,74.02512589999999,parks,N/A,2025-01-26,N/A,N/A,Goa
ChIJP_OHZADrvzsRC6uyPCQeOv0,Children park camurlim housing board,15.6376748,73.80838659999999,parks,N/A,2025-01-26,N/A,N/A,Goa
ChIJmym8BdPBvzsRxUN7JQm3_uQ,Albamar Colony Family Park,15.483164,73.81054209999999,parks,N/A,2025-01-26,N/A,N/A,Goa
ChIJu4X04gZPvjsR01QCnwBIfl4,St. Anne's Church Children's Park,15.0412593,73.987993,parks,N/A,2025-01-26,N/A,N/A,Goa
ChIJzQliBSzAvzsRt1Y9NC8huQ0,Aquem Spring,15.5418649,73.799999,parks,N/A,2025-01-26,N/A,N/A,Goa
ChIJJwuVsVurvzsRfiVnMUu_8ko,Salaulim park,15.2145589,74.1786934,parks,N/A,2025-01-26,N/A,N/A,Goa
ChIJsz_IVjXAvzsRKB-KUSodijs,"Museum of Goa, MOG",15.525516,73.79526299999999,museum,N/A,2025-01-26,N/A,N/A,Goa
ChIJkRYoGPO-vzsRJtAbk3TQPEc,Archaeological Museum of Goa,15.503157,73.91093420000001,museum,N/A,2025-01-26,N/A,N/A,Goa
ChIJC_YOKJvAvzsRxHcRKHiw_JQ,Goa State Museum,15.5008431,73.8301075,museum,N/A,2025-01-26,N/A,N/A,Goa
ChIJQ5R707TrvzsR5dh0xxa6F4Y,BHRAMLOK MUSEUM,15.5562594,73.7741066,museum,N/A,2025-01-26,N/A,N/A,Goa
ChIJ-5PLmPSzvzsRqBoUBZmqYm4,Goa Chitra Museum,15.2648991,73.9413364,museum,N/A,2025-01-26,N/A,N/A,Goa
ChIJm81oFRPtvzsR9SpK-R-xTTU,Moda Goa Museum & Research Centre,15.644996,73.8336539,museum,N/A,2025-01-26,N/A,N/A,Goa
ChIJAQAAAIO-vzsRAl-vdrBfS3U,Museum Of Christian Art,15.5011002,73.9069769,museum,N/A,2025-01-26,N/A,N/A,Goa
ChIJk8ZOOfO-vzsRKrPdHNmlgSE,Archaeological Survey of India,15.5031845,73.9109878,museum,N/A,2025-01-26,N/A,N/A,Goa
ChIJ78Pnrg7BvzsR1NxGAY5051A,Calizz,15.5102633,73.7691277,museum,N/A,2025-01-26,N/A,N/A,Goa
ChIJQc3I1bm5vzsRdyf8hmJ3THs,Pilar Seminary Museum,15.4425841,73.89501709999999,museum,N/A,2025-01-26,N/A,N/A,Goa
ChIJydtqTn-zvzsRWQIc9YRezQ8,San Thome Museum,15.2398338,73.9414948,museum,N/A,2025-01-26,N/A,N/A,Goa
ChIJdeIJ_cLAvzsRv6JHTO2XsUI,Goa Science Centre & Planetarium,15.4774432,73.8089382,museum,N/A,2025-01-26,N/A,N/A,Goa
ChIJodEyWQPqvzsRVq-VKgxoy9w,Tito Henry de Souza Statue,15.5561734,73.7519627,museum,N/A,2025-01-26,N/A,N/A,Goa
ChIJAxaYkwrAvzsRMoGzIYj2STg,Houses of Goa Museum,15.5303209,73.8406749,museum,N/A,2025-01-26,N/A,N/A,Goa
ChIJQVux6-_BvzsRItNBiugEORs,Fort Aguada Jail Museum,15.4926645,73.77703749999999,museum,N/A,2025-01-26,N/A,N/A,Goa
ChIJ6S4n7IjAvzsRdRnA6yvbsQk,Indian Customs & Central Excise Museum,15.501018,73.8282409,museum,N/A,2025-01-26,N/A,N/A,Goa
ChIJoW7X1f7HvzsRsbml_wpjpE4,Naval Aviation Museum,15.3746494,73.83877629999999,museum,N/A,2025-01-26,N/A,N/A,Goa
ChIJG72jTQC5vzsR2st1JNppuI8,Ulta Pulta Museum,15.3870509,73.84529049999999,museum,N/A,2025-01-26,N/A,N/A,Goa
ChIJ751RXI2-vzsRLoDZRIDrQc4,Wax World Museum,15.5002895,73.91368849999999,museum,N/A,2025-01-26,N/A,N/A,Goa
ChIJTz2sLQXBvzsRZHM8YsJ-kVk,Dharohar : National Museum of Customs and GST,15.501018,73.8282409,museum,N/A,2025-01-26,N/A,N/A,Goa
ChIJQeTU91SwvzsR4cJQMV5lu8c,Big Foot Goa,15.3396604,73.9868568,museum,N/A,2025-01-26,N/A,N/A,Goa
ChIJD_eBRi_qvzsRns0dXZ9yP6k,Kamal's Art Museum Home,15.5801868,73.7544277,museum,N/A,2025-01-26,N/A,N/A,Goa
ChIJ2dIMYnfBvzsREa3ZA2AyWyw,AAA All About Alcohol Museum,15.5095841,73.7693015,museum,N/A,2025-01-26,N/A,N/A,Goa
ChIJt01f_tS_vzsRd-xibpQcX_s,Festakar And Ghumot Museum,15.5305158,73.90926449999999,museum,N/A,2025-01-26,N/A,N/A,Goa
ChIJuxkQPVSwvzsRcQbqoSJx05s,Famous Left Hander's Museum,15.3396487,73.9872776,museum,N/A,2025-01-26,N/A,N/A,Goa
ChIJAQAAALy6vzsRtmA7M6-XUpg,Glimpses Of INDIA,15.3991338,74.0123922,museum,N/A,2025-01-26,N/A,N/A,Goa
ChIJl4dvbvewvzsRIpK7JrHcKrI,The Figueiredo Mansion,15.3464604,73.979126,museum,N/A,2025-01-26,N/A,N/A,Goa
ChIJA4ICdgC_vzsRm9PGWmDzbq4,Goa State Museum,15.4941441,73.9152828,museum,N/A,2025-01-26,N/A,N/A,Goa
ChIJCQ-MIxgVvzsRqHzzQs35zHs,Sangolli Raayanna Memorial Museum,15.5891125,74.5769219,museum,N/A,2025-01-26,N/A,N/A,Goa
ChIJaQVTa_LrvzsRHDEKtziA-JE,BENZ WAX MUSEUM & FISH AQUARIUM,15.5609664,73.7636452,museum,N/A,2025-01-26,N/A,N/A,Goa
ChIJA44p4y2xvzsRYjVq3GXi4sk,Ashvek Vintage World Car Museum,15.3210804,73.941504,museum,N/A,2025-01-26,N/A,N/A,Goa
ChIJM6GSyPjpvzsR9kp067lrsIM,The Shilajit Museum,15.6312994,73.730278,museum,N/A,2025-01-26,N/A,N/A,Goa
ChIJI2vEMie7vzsRj6GD15iAWac,Mystic Woods,15.4295587,74.0124491,museum,N/A,2025-01-26,N/A,N/A,Goa
ChIJaUpI88WzvzsROv5H6OOxJa8,Pandava Caves,15.2725405,73.9707957,museum,N/A,2025-01-26,N/A,N/A,Goa
ChIJf9whPInAvzsR6nE1kxWvW1Y,Azad Maidan,15.500124,73.8261919,museum,N/A,2025-01-26,N/A,N/A,Goa
ChIJB2W7l_y-vzsRlN1n1DugmKc,Museum Solar Souto Maior,15.4998023,73.89403109999999,museum,N/A,2025-01-26,N/A,N/A,Goa
ChIJQeTU91SwvzsR8j8HamK5f4U,Casa Araujo Alvares,15.3395692,73.98645429999999,museum,N/A,2025-01-26,N/A,N/A,Goa
ChIJoyMme2mvvzsRWG-jg9SrFdM,SATIYE MOL,15.3216891,74.0954923,museum,N/A,2025-01-26,N/A,N/A,Goa
ChIJN_dnvJ6_vzsRa5B1csYp70U,Campus of Church of St. Francis of Assisi,15.5023199,73.91173409999999,museum,N/A,2025-01-26,N/A,N/A,Goa
ChIJ4dKLw5LBvzsR7wzkqv-x1QM,Goa Way,15.5259883,73.76339469999999,museum,N/A,2025-01-26,N/A,N/A,Goa
ChIJjzQwa4XAvzsRZ2nYnlSJ8I8,Gitanjali Gallery,15.4953804,73.83136499999999,museum,N/A,2025-01-26,N/A,N/A,Goa
ChIJxYIM04_AvzsR3s0CrzDoM-s,Sunaparanta Goa Centre for the Arts,15.4937653,73.8275322,museum,N/A,2025-01-26,N/A,N/A,Goa
ChIJP3F1I4DBvzsRbFPScFaqFBk,The Colosseum,15.5242153,73.8315327,museum,N/A,2025-01-26,N/A,N/A,Goa
ChIJTYvlxXfBvzsRoLIpck2UZqE,Sinquerim Fort view Point,15.4975629,73.7649449,museum,N/A,2025-01-26,N/A,N/A,Goa
ChIJIdHV6h3BvzsRcWh-MTFt5S4,Aguad Port & Jail Complex,15.4926341,73.7771255,museum,N/A,2025-01-26,N/A,N/A,Goa
ChIJ3X-jDrrHvzsRA4RuAi7OVYE,Vasco Clock Tower,15.3965513,73.8106686,museum,N/A,2025-01-26,N/A,N/A,Goa
ChIJJ2ypLACZvzsRtqLvWd15jzo,Amache Daaiz,15.6018521,74.0540699,museum,N/A,2025-01-26,N/A,N/A,Goa
ChIJeUU_WQDHvzsRVK6PHZj3f98,Naval Seaview point,15.4078399,73.7857722,museum,N/A,2025-01-26,N/A,N/A,Goa
ChIJXcWMcwDrvzsRqPZ8DF0crkA,Baburao Brothers,15.5458909,73.7645107,museum,N/A,2025-01-26,N/A,N/A,Goa
ChIJ5VZ2d42_vzsRJg_YNH3hRlY,Zaago,15.5267184,73.8528737,museum,N/A,2025-01-26,N/A,N/A,Goa
ChIJT5QoX0-hvzsRGmnTzeM2wow,SAI SEVA MANDIR,15.5614327,74.131573,museum,N/A,2025-01-26,N/A,N/A,Goa
ChIJXYxXvOuTvzsRHFiXj3u6xWg,Amthane Dam,15.6707536,73.9071929,museum,N/A,2025-01-26,N/A,N/A,Goa
ChIJqwxCyXjBvzsRunRzuqI57M0,FERRY CROSS- HISTORICAL PHOTO ARCHIVE AND GUEST HOUSE,15.5060499,73.8244545,museum,N/A,2025-01-26,N/A,N/A,Goa
ChIJ2ZYd-yitvzsRyJPT1dp816c,Palácio do Deão,15.2135835,74.07362859999999,museum,N/A,2025-01-26,N/A,N/A,Goa
ChIJbStrgbjBvzsRK24Qn1V-0Nw,Indian Customs & Indirect Taxes Museum,15.4931256,73.8179783,museum,N/A,2025-01-26,N/A,N/A,Goa
ChIJ2cM03_jBvzsRXI4bnE6otDM,Mangrove Boardwalk,15.4936894,73.8325406,museum,N/A,2025-01-26,N/A,N/A,Goa
ChIJ3VHkufK-vzsR-qTYDyPRyq4,Relics Of St. Francis Xavier,15.5007814,73.9117,museum,N/A,2025-01-26,N/A,N/A,Goa
ChIJb-cqOAAVvzsRy3l-HEEFYf0,VEERA BHOOMI,15.5885252,74.5782242,museum,N/A,2025-01-26,N/A,N/A,Goa
ChIJOc5PZwCtvzsRf4LF62s8iDE,Menezes Braganca East Wing,15.2616258,74.0433126,museum,N/A,2025-01-26,N/A,N/A,Goa
ChIJEb44UADBvzsRXnmaqsZQs5A,Vasco Da Gama Old Residence,15.4981761,73.8318759,museum,N/A,2025-01-26,N/A,N/A,Goa
ChIJpQpA821Z7TkRFYYOWnS6kbg,"Gandhi Ghat, Patna",25.6218983,85.1716986,attraction,N/A,2025-01-26,N/A,N/A,Bihar
ChIJ5wM9fVlX7TkRrPk-0iRQIAs,"Sunset Point, Patna",25.6521877,85.08725659999999,attraction,N/A,2025-01-26,N/A,N/A,Bihar
ChIJY4UBIHdf7TkRqDkSOFNJjuI,Ganga Riverfront,25.61671,85.19405599999999,attraction,N/A,2025-01-26,N/A,N/A,Bihar
ChIJ-WO8-M1Y7TkRQkY7JoIzQbw,MASJID GHAT,25.6192951,85.18448459999999,attraction,N/A,2025-01-26,N/A,N/A,Bihar
ChIJ20YNAMpFjTkRxgvRDShsKJo,Sunset view point,25.3427761,84.7352126,attraction,N/A,2025-01-26,N/A,N/A,Bihar
ChIJf2QqNAw57TkRakFzyXSqumA,Vaishali Stupa,26.0141354,85.1089878,attraction,N/A,2025-01-26,N/A,N/A,Bihar
ChIJ_YM7P8L18jkRNrzZhuohWOo,Tikulipar pond,25.2080645,85.52194879999999,attraction,N/A,2025-01-26,N/A,N/A,Bihar
ChIJaTVoSkc47TkRI2FFvzeOIzA,Ruins of The Fort of Lichhavi King Vishal,25.9870221,85.127485,attraction,N/A,2025-01-26,N/A,N/A,Bihar
ChIJ8akolUJY7TkRojL6_2IsxX0,Buddha Smriti Park,25.6067139,85.13615020000002,attraction,N/A,2025-01-26,N/A,N/A,Bihar
ChIJ4fkkxJVX7TkRtk_g98oEK4E,Mahaveer Path,25.6019851,85.0365585,attraction,N/A,2025-01-26,N/A,N/A,Bihar
ChIJZxMCHv5d7TkRIHR-dw2lXLU,Soanchriya pond,25.6985916,85.2284434,attraction,N/A,2025-01-26,N/A,N/A,Bihar
ChIJOdFKWZd17TkRuquO2Uce9o8,Keshopur Pokhri,25.934063,85.5773495,attraction,N/A,2025-01-26,N/A,N/A,Bihar
ChIJNX4YqkW7kjkRm6cxlFzJOkw,Ganges Coastal Region (CHAPRA),25.772061,84.7369859,attraction,N/A,2025-01-26,N/A,N/A,Bihar
ChIJb94IGzpf7TkR74MmdsKgZGw,"Raja Ghat, Patna",25.6146581,85.20016079999999,attraction,N/A,2025-01-26,N/A,N/A,Bihar
ChIJE2iaDgBf7TkRxlztlRo8NWk,Kumrahar briz,25.6004183,85.1905153,attraction,N/A,2025-01-26,N/A,N/A,Bihar
ChIJ2RiamVHB8jkRzpaj71hj4E0,Beshwak village of gadh,25.172287,85.23690169999999,attraction,N/A,2025-01-26,N/A,N/A,Bihar
ChIJnw41OwBX7TkRY7vRyhOcaB8,Atal path road,25.6230033,85.10553379999999,attraction,N/A,2025-01-26,N/A,N/A,Bihar
ChIJJ_G3EVxX7TkRX_hF0O4_3qo,Raj ghat,25.6504112,85.07628869999999,attraction,N/A,2025-01-26,N/A,N/A,Bihar
ChIJfcQYsodH7TkRrVCaZPpOSXw,Fisherman's Village,25.8738739,85.16815369999999,attraction,N/A,2025-01-26,N/A,N/A,Bihar
ChIJcYzeWRKnkjkRIPix5CU4_ww,Bargad tree,25.6444782,84.7664815,attraction,N/A,2025-01-26,N/A,N/A,Bihar
ChIJ8wpOVryH8jkRumEqolLLG9U,Bakhtiyarpur Beach,25.4627885,85.5332711,attraction,N/A,2025-01-26,N/A,N/A,Bihar
ChIJ2Sy_cDxZ7TkRMwVOmlsL8Os,Musical Fountain Laser Light Show,25.605282,85.13586889999999,attraction,N/A,2025-01-26,N/A,N/A,Bihar
ChIJvRUfnebJ8jkROWb3CkdfZ-w,Sukhna Vigha,25.1607107,85.07359129999999,attraction,N/A,2025-01-26,N/A,N/A,Bihar
ChIJf221DgDH8jkRwAFPk8vrqIM,Kirani ghat (kobil),25.1650587,85.1801287,attraction,N/A,2025-01-26,N/A,N/A,Bihar
ChIJ4ekkq51b7TkR3-FQ0y2R0rc,Sukoon place Sitabganj,25.7431825,85.119247,attraction,N/A,2025-01-26,N/A,N/A,Bihar
ChIJRSRePiBNjTkRlFSkHbUh07Y,G I D TALAB 801102,25.3536434,84.896397,attraction,N/A,2025-01-26,N/A,N/A,Bihar
ChIJ1VjbmhEL7TkRXGQnUm9UdVU,Bhathandi,25.9753979,85.55596940000001,attraction,N/A,2025-01-26,N/A,N/A,Bihar
ChIJc6nCUk9d7TkRbXDnbD2Bfrs,Pokhri(Mini Ganga),25.6874405,85.22659469999999,attraction,N/A,2025-01-26,N/A,N/A,Bihar
ChIJ44Jfd9RZ7TkRvSGfjTmFbyA,Rajendra Smriti Sangrahalaya,25.6323471,85.1113736,attraction,N/A,2025-01-26,N/A,N/A,Bihar
ChIJt_swiqFp7TkRXkvQ6IS3SdE,Chhitrauli old pool,25.8452076,85.34429329999999,attraction,N/A,2025-01-26,N/A,N/A,Bihar
ChIJb-D9ih5JjTkRqu4S5IM7KFM,Kanhaiyachak ghat,25.1975406,84.8268422,attraction,N/A,2025-01-26,N/A,N/A,Bihar
ChIJ38kPw7NY7TkRC6I-_Z1uOHU,Kumhrar Park,25.599848,85.1849969,attraction,N/A,2025-01-26,N/A,N/A,Bihar
ChIJYyOah9hX7TkRec8vSjWajd4,Janardan Ghat,25.6533021,85.0943668,attraction,N/A,2025-01-26,N/A,N/A,Bihar
ChIJ9Q2HVwBJ7TkRoMjRYtEsjBA,SIMRA GHAT,25.9577842,85.075479,attraction,N/A,2025-01-26,N/A,N/A,Bihar
ChIJhYtMIAlZ7TkRWX-UIk8OrNg,"Anta Ghat, Patna",25.6224793,85.150095,attraction,N/A,2025-01-26,N/A,N/A,Bihar
ChIJqTcHjpVX7TkRorhcpH9otMk,Kachahari Ghat,25.6388278,85.0385651,attraction,N/A,2025-01-26,N/A,N/A,Bihar
ChIJlRx7oZ1f7TkRjMmPbFuAitI,"Kangan Ghat, Patna",25.599855,85.2322507,attraction,N/A,2025-01-26,N/A,N/A,Bihar
ChIJRbB2zIGN8jkRUc9p3sp6aTk,VIP,25.2434332,85.46594329999999,attraction,N/A,2025-01-26,N/A,N/A,Bihar
ChIJHZSHj_ZX7TkRMwgNy-G-JsE,Boting stand,25.6529146,85.09057849999999,attraction,N/A,2025-01-26,N/A,N/A,Bihar
ChIJuREFmvtZ7TkRkQ5xgv-pvlk,Water park,25.6010747,85.11489209999999,attraction,N/A,2025-01-26,N/A,N/A,Bihar
ChIJa-9mrmOb8jkRBZ4dhVA8NH0,PASWAN TOLA,25.443214,85.3588393,attraction,N/A,2025-01-26,N/A,N/A,Bihar
ChIJR-5mNQBp7TkRE6zyjGpA0TI,Pali Singh Biodiversity Park,25.8309957,85.3134328,attraction,N/A,2025-01-26,N/A,N/A,Bihar
ChIJKffiDACH8jkROgYzH88WIcQ,RAMNAGAR SABNIMA BRIDGE,25.4633933,85.57136709999999,attraction,N/A,2025-01-26,N/A,N/A,Bihar
ChIJIRqU-_NX7TkRFJo8lXnIq_Y,Sanjay Gandhi Biological Park,25.6002725,85.09913410000001,attraction,N/A,2025-01-26,N/A,N/A,Bihar
ChIJcSdlVQC38jkR9prg96_PQaY,Ajay bhabhan,25.2181833,85.04269169999999,attraction,N/A,2025-01-26,N/A,N/A,Bihar
ChIJ5_gaJKKP8jkRY1rhHR3Z0cA,"Manii pokhr, sirsee",25.4015131,85.4829072,attraction,N/A,2025-01-26,N/A,N/A,Bihar
ChIJ57BqHgBZ7TkR1QAM-1KGtww,Coin of peace,25.6007166,85.1142708,attraction,N/A,2025-01-26,N/A,N/A,Bihar
ChIJG4QVlU6p8jkR58Pwm8ldxQE,Punpun black diamond ghat,25.5015003,85.1014555,attraction,N/A,2025-01-26,N/A,N/A,Bihar
ChIJXe83NABX7TkRE_mN16Wh88U,Digha rotary,25.6514515,85.0968233,attraction,N/A,2025-01-26,N/A,N/A,Bihar
ChIJ80yJQgCl8jkRONiuptYsqkI,Mirhaji chak/mirhazi vhak,25.4363655,85.1800121,attraction,N/A,2025-01-26,N/A,N/A,Bihar
ChIJ_9w-LgCd8jkRwSI6gwSKfRE,Paswan jii ka gaon,25.5315437,85.41455619999999,attraction,N/A,2025-01-26,N/A,N/A,Bihar
ChIJ653AJABX7TkRZpsPf5_tcyM,Ganga path link road,25.6465608,85.1032319,attraction,N/A,2025-01-26,N/A,N/A,Bihar
ChIJBwg5QWK7kjkRoqHwGbRUSLw,Kacheri flyover,25.7893508,84.7507332,attraction,N/A,2025-01-26,N/A,N/A,Bihar
ChIJZUrAbQAT7TkRKhe9Llo76O4,Kushwaha tola,26.0145875,85.4099844,attraction,N/A,2025-01-26,N/A,N/A,Bihar
ChIJkzqJDgBd7TkR2O7zIUCzSqc,"Ramdayalu Nagar - Hajipur Rd, Hajipur, Bihar",25.7020871,85.2165028,attraction,N/A,2025-01-26,N/A,N/A,Bihar
ChIJrZ1mKQCb8jkR62WAd4KqakI,Mohan khandha,25.4537169,85.43749679999999,attraction,N/A,2025-01-26,N/A,N/A,Bihar
ChIJ14rkTgCp8jkR2e_UMqG9lxY,Alok kumar,25.5275404,85.02399559999999,attraction,N/A,2025-01-26,N/A,N/A,Bihar
ChIJff-4m_997TkRpU8zpULgRUw,Badi Durga Mandir,25.6034119,85.4824237,attraction,N/A,2025-01-26,N/A,N/A,Bihar
ChIJ00psMiK58jkRh2QDINUV7OE,Lalti enterprises,25.2292016,85.1837608,attraction,N/A,2025-01-26,N/A,N/A,Bihar
ChIJubvERgDHkjkR72y3zUsHIxo,Anjan baba karath,25.9968077,84.7175117,attraction,N/A,2025-01-26,N/A,N/A,Bihar
ChIJ8wpOVryH8jkRumEqolLLG9U,Bakhtiyarpur Beach,25.4627885,85.5332711,beaches,N/A,2025-01-26,N/A,N/A,Bihar
ChIJ1w2VYzlf7TkRUmRQ8e0YZB4,Gai Ghat,25.6136972,85.2032473,beaches,N/A,2025-01-26,N/A,N/A,Bihar
ChIJw9tDQxVf7TkRXHpCNMJFw1U,Naujar Ghat,25.609601,85.2106125,beaches,N/A,2025-01-26,N/A,N/A,Bihar
ChIJi2-Gtj9f7TkRyGPNC0P9A5Q,Mahavir Ghat,25.6107451,85.20891290000002,beaches,N/A,2025-01-26,N/A,N/A,Bihar
ChIJyTKGPdBY7TkRNrt2frqhATw,Gulbi Ghat,25.6201457,85.18041699999999,beaches,N/A,2025-01-26,N/A,N/A,Bihar
ChIJ7ZN4Gdx17TkRwwlTtE74KuM,Majhaulia beach,25.9653137,85.5654891,beaches,N/A,2025-01-26,N/A,N/A,Bihar
ChIJ5wM9fVlX7TkRrPk-0iRQIAs,"Sunset Point, Patna",25.6521877,85.08725659999999,beaches,N/A,2025-01-26,N/A,N/A,Bihar
ChIJ6SNi3ale7TkRN2KCenBQUEE,Konhara Ghat,25.678306,85.19555729999999,beaches,N/A,2025-01-26,N/A,N/A,Bihar
ChIJH7V55l1Z7TkRBYY0V68B-7k,Ganga Ghat,25.6231498,85.16132440000001,beaches,N/A,2025-01-26,N/A,N/A,Bihar
ChIJdRNBH9pX7TkRWF1eM34XNhw,Digha Ghat,25.6519366,85.0855819,beaches,N/A,2025-01-26,N/A,N/A,Bihar
ChIJpxNfe-RZ7TkR8ZPCamqFQtg,Mishri Ghat,25.6221096,85.1592695,beaches,N/A,2025-01-26,N/A,N/A,Bihar
ChIJBWBzY1ZX7TkROI9wJ1X3MwQ,Fakkar Mahto Ghat,25.6493021,85.07147739999999,beaches,N/A,2025-01-26,N/A,N/A,Bihar
ChIJU71HQQ5Y7TkR-dyif8CtsFg,Muscles Beach Gym,25.5916132,85.1202921,beaches,N/A,2025-01-26,N/A,N/A,Bihar
ChIJ0ev6UhVX7TkRj5sXO6WtaSE,Digha Ghat,25.6533407,85.08624139999999,beaches,N/A,2025-01-26,N/A,N/A,Bihar
ChIJDxJkV4pZ7TkRBFQ571qC4J0,Haunted beach,25.6420059,85.10944130000001,beaches,N/A,2025-01-26,N/A,N/A,Bihar
ChIJ3clpg0df7TkRlvOPOldyvDA,SEA BEACH CAFE 🥪🍝 ⛱️,25.6078607,85.213876,beaches,N/A,2025-01-26,N/A,N/A,Bihar
ChIJNaKLSJZV7TkRPx3h9pXTWWs,Sharma beach,25.6555476,85.0212427,beaches,N/A,2025-01-26,N/A,N/A,Bihar
ChIJH37XHcCn8jkRes5n2AxQnRE,Muscle's beach Amit's Gym,25.5788652,85.1121012,beaches,N/A,2025-01-26,N/A,N/A,Bihar
ChIJsYzjVZVX7TkRaYmn7INVROs,Sri Nirmal Baba Guest House,25.6046143,85.0855392,beaches,N/A,2025-01-26,N/A,N/A,Bihar
ChIJhw_8xhNX7TkRjhEkZ1_Q_jg,VamosParadise,25.6334064,85.0878804,beaches,N/A,2025-01-26,N/A,N/A,Bihar
ChIJDcHsMHBX7TkR5yEECZCPQUg,Digha Ghat,25.6383439,85.1005249,beaches,N/A,2025-01-26,N/A,N/A,Bihar
ChIJw28zfmpZ7TkRJhY2yZ1S7p4,Hotel booking in patna,25.6113178,85.1300574,beaches,N/A,2025-01-26,N/A,N/A,Bihar
ChIJc_tJdBNd7TkRjOPUiEicjhw,Ganga Active Washing Powder,25.6802442,85.214199,beaches,N/A,2025-01-26,N/A,N/A,Bihar
ChIJlSc7UuRX7TkRpHfWPZ4rWD4,SHAMBHU KUMAR VERMA DSA CLUB MAHINDRA VIJAY NAGAR PATNA 800014,25.6102083,85.0665653,beaches,N/A,2025-01-26,N/A,N/A,Bihar
ChIJ2WLjTq9DjTkRDBuCTJ-uG1k,Gordiha,25.322072,84.65968219999999,beaches,N/A,2025-01-26,N/A,N/A,Bihar
ChIJEfesXgClkjkRV0Fsy0nmNm0,Rahul kumar,25.6718429,84.73939159999999,beaches,N/A,2025-01-26,N/A,N/A,Bihar
ChIJxbrzeltY7TkRcK4PmM2N66U,Vishal Mega Mart,25.6125744,85.1397786,beaches,N/A,2025-01-26,N/A,N/A,Bihar
ChIJ8eU8DndX7TkR3BPxOb36FXY,Chitrasangam studio || Pre Wedding || wedding || cinematic | Candid |Patna|| Bihar +16 years,25.6317103,85.0943429,beaches,N/A,2025-01-26,N/A,N/A,Bihar
ChIJJz0ErH1Y7TkREjhVsXEBN4E,Bombay Dyeing,25.6032333,85.1463783,beaches,N/A,2025-01-26,N/A,N/A,Bihar
ChIJTzj_QSpZ7TkRbNl4IlE79Y4,"Lenskart.com at Kurji Road, Patna",25.638079,85.1091812,beaches,N/A,2025-01-26,N/A,N/A,Bihar
ChIJvapqLWtY7TkRy7CIRSytH3I,V2 Mall,25.6072526,85.1381009,beaches,N/A,2025-01-26,N/A,N/A,Bihar
ChIJKauOs_JW7TkR-NcXRT8K_wA,Vishal Mega Mart,25.6389133,85.053679,beaches,N/A,2025-01-26,N/A,N/A,Bihar
ChIJz7hjnM5NjTkR6tUfhxlOcJI,Maa Saraswati medical hall. Bhagwanganj,25.2992143,84.93362479999999,beaches,N/A,2025-01-26,N/A,N/A,Bihar
ChIJI5Xl5gNd7TkRR9BmV-H19lA,Vishal Mega Mart,25.6939823,85.2148668,beaches,N/A,2025-01-26,N/A,N/A,Bihar
ChIJh3Y5Jshy7TkRxb-2epY26Gw,AFCB,25.9607234,85.458398,beaches,N/A,2025-01-26,N/A,N/A,Bihar
ChIJ0UKYZGdfjTkRCOSsjvkH96g,Vishal Mega Mart,25.5579654,84.6685258,beaches,N/A,2025-01-26,N/A,N/A,Bihar
ChIJE22xfAdv7TkRbtp6fgsrNBc,1 India Family Mart,25.8107903,85.3957877,beaches,N/A,2025-01-26,N/A,N/A,Bihar
ChIJBQBcPLJX7TkRzmwgCJZLAA4,SPORTS WORLD,25.606128,85.07569579999999,beaches,N/A,2025-01-26,N/A,N/A,Bihar
ChIJ-zDKu8BbjTkRW60FWpasiBU,राम दरबार,25.4183617,84.698985,beaches,N/A,2025-01-26,N/A,N/A,Bihar
ChIJmemQl_R-DRQRJ5JXij9azp4,Sri Sai Motocorp,25.6101906,85.1178566,beaches,N/A,2025-01-26,N/A,N/A,Bihar
ChIJ3SX1EQBp7TkRblnz-bmT0xk,"NIKKI WATERFALL, BHAGWANPUR",25.8586153,85.299719,waterfalls,N/A,2025-01-26,N/A,N/A,Bihar
ChIJX4uLTQBZ7TkRsse_8qARTiA,Karbighiya Waterfall Golambar Patna Junction,25.6019319,85.1384187,waterfalls,N/A,2025-01-26,N/A,N/A,Bihar
ChIJL9wsLJxZ7TkRVX6txa8t6Kw,Panariya nath waterfall,25.624359,85.1138075,waterfalls,N/A,2025-01-26,N/A,N/A,Bihar
ChIJCV0GIvRX7TkRX4GW7Xh6kHU,Rock Fountain,25.5992415,85.1025599,waterfalls,N/A,2025-01-26,N/A,N/A,Bihar
ChIJE6EwOACrkjkRtD3ehCLUP5c,Nagwan waterfall kasma,25.6133568,84.9219115,waterfalls,N/A,2025-01-26,N/A,N/A,Bihar
ChIJDf-xbgBFjTkRPIn_Euj99aA,Bherhariya english waterfall,25.3093877,84.71738500000001,waterfalls,N/A,2025-01-26,N/A,N/A,Bihar
ChIJW7Dv1DdX7TkR36z1eqv4XA0,Water Garden,25.6000283,85.10109,waterfalls,N/A,2025-01-26,N/A,N/A,Bihar
ChIJuREFmvtZ7TkRkQ5xgv-pvlk,Water park,25.6010747,85.11489209999999,waterfalls,N/A,2025-01-26,N/A,N/A,Bihar
ChIJE0KeiNhX7TkRnNROhMq9R0I,Adarshnagar Lake,25.5823485,85.0781421,waterfalls,N/A,2025-01-26,N/A,N/A,Bihar
ChIJU2wv507z8jkRgNDnW9tL1Jk,Badi Pahadi Park,25.2052375,85.5063014,waterfalls,N/A,2025-01-26,N/A,N/A,Bihar
ChIJ-SYfshlY7TkR_PKVVlWNhuo,Rajdhani Vatika,25.5998093,85.1138933,waterfalls,N/A,2025-01-26,N/A,N/A,Bihar
ChIJ_Tz7EhKl8jkRQd3vrEOMFno,"Fun n City Waterpark, Adventure n Resort",25.3947511,85.15710829999999,waterfalls,N/A,2025-01-26,N/A,N/A,Bihar
ChIJLUlpgRtY7TkRVuoCYEJg7UM,"Adventure Park, Patna",25.5955837,85.1106136,waterfalls,N/A,2025-01-26,N/A,N/A,Bihar
ChIJH_Vozyah8jkRZy4fWniGWSM,Prakash Punj,25.5776365,85.2496117,waterfalls,N/A,2025-01-26,N/A,N/A,Bihar
ChIJK_n7FmtY7TkRvO3QBNY3pME,Harding Park,25.601376,85.12897389999999,waterfalls,N/A,2025-01-26,N/A,N/A,Bihar
ChIJ38kPw7NY7TkRC6I-_Z1uOHU,Kumhrar Park,25.599848,85.1849969,waterfalls,N/A,2025-01-26,N/A,N/A,Bihar
ChIJQVnGVCCn8jkR4SFHlMMYIbc,Funtasia Water Park,25.5416117,85.1597627,waterfalls,N/A,2025-01-26,N/A,N/A,Bihar
ChIJL7jNP25f7TkRwms9CnmJQ1Y,Padri Ki Haveli,25.601163,85.2193379,waterfalls,N/A,2025-01-26,N/A,N/A,Bihar
ChIJXZEVTIhX7TkRmJUlSsAT0Sk,BSPHCL Energy Park,25.6139464,85.1047033,waterfalls,N/A,2025-01-26,N/A,N/A,Bihar
ChIJaXTeM1RZ7TkRaH6InFtD4Z8,Lic Colony Park,25.5965486,85.1623299,parks,N/A,2025-01-26,N/A,N/A,Bihar
ChIJPcP_CIhY7TkR-Jkn0sB-9JY,Weaker Section Park,25.594656,85.14874379999999,parks,N/A,2025-01-26,N/A,N/A,Bihar
ChIJ5cfM1BdX7TkRf3FuaHXtSUQ,BMF Children Park,25.6142276,85.1003434,parks,N/A,2025-01-26,N/A,N/A,Bihar
ChIJD1ORYC1Z7TkRh4lxQpDVVy8,Shaheed Veer Kunwar Singh Azadi Park,25.6020582,85.12990649999999,parks,N/A,2025-01-26,N/A,N/A,Bihar
ChIJf5oi0ZhY7TkR1JRZBiEG1aU,SBI Officer's Colony Park,25.5896601,85.16648500000001,parks,N/A,2025-01-26,N/A,N/A,Bihar
ChIJV3tXZiNY7TkREQZNm6dkos4,Basawan Park,25.6106244,85.11529139999999,parks,N/A,2025-01-26,N/A,N/A,Bihar
ChIJb-IZW0Bf7TkRoCx0OuUT93M,Chandrabagh Park,25.6062425,85.2080867,parks,N/A,2025-01-26,N/A,N/A,Bihar
ChIJUcnr1y1X7TkRFWfW89qGwsE,Police Colony Park C1,25.5850276,85.08697389999999,parks,N/A,2025-01-26,N/A,N/A,Bihar
ChIJY8kTjwCr8jkRSYuj3eEfHIg,"NEHRU PARK, BADIPUR",25.531918,84.9937789,parks,N/A,2025-01-26,N/A,N/A,Bihar
ChIJ0UT9_v1Z7TkRfGrcjYjlbTs,Ayan Park,25.5981297,85.17671399999999,parks,N/A,2025-01-26,N/A,N/A,Bihar
ChIJwSDFMgC7kjkRDm7YT6DBL6Q,Rajendra Park,25.7832297,84.73163319999999,parks,N/A,2025-01-26,N/A,N/A,Bihar
ChIJYYd6ifZZ7TkRr5TvrKKcmQI,Doctors colony park,25.6011164,85.1586751,parks,N/A,2025-01-26,N/A,N/A,Bihar
ChIJ2biOkWJY7TkR6SSzKHACQW0,Shaheed kishore Kunal Memorial Park,25.5965008,85.146988,parks,N/A,2025-01-26,N/A,N/A,Bihar
ChIJ67zTQPhX7TkRMtbzI2Bd0ug,BSAP-5 Park,25.5982249,85.0773911,parks,N/A,2025-01-26,N/A,N/A,Bihar
ChIJL1Gzb5tZ7TkRPlewBUBCRls,Museum Park,25.6125191,85.13399439999999,parks,N/A,2025-01-26,N/A,N/A,Bihar
ChIJy8O4hVhY7TkR53ZQj_zWIyM,Subhash Park,25.61462,85.1473939,parks,N/A,2025-01-26,N/A,N/A,Bihar
ChIJV9pqFtRZ7TkRLb5dhS3Dkhg,Shiv Mandir Park,25.615234,85.1125035,parks,N/A,2025-01-26,N/A,N/A,Bihar
ChIJdeZpZWJY7TkR8gLH_jH8QDY,Teen Koniya Park,25.5978793,85.14726999999999,parks,N/A,2025-01-26,N/A,N/A,Bihar
ChIJjcw25ypY7TkR9rNURBfofSI,Pensionar Park,25.6269736,85.1086807,parks,N/A,2025-01-26,N/A,N/A,Bihar
ChIJ13K9o2JY7TkRuivT6DYB6ZI,Park,25.5955988,85.1475037,parks,N/A,2025-01-26,N/A,N/A,Bihar
ChIJVckkAq1Z7TkRCRw8OOJU9ss,MIG park,25.5906053,85.1753242,parks,N/A,2025-01-26,N/A,N/A,Bihar
ChIJybrQZ0pZ7TkRrWK2g3U_IHQ,C-Sector Park Kankarbagh,25.5955265,85.1554835,parks,N/A,2025-01-26,N/A,N/A,Bihar
ChIJ70FVrfVejTkRRNPKDr7Xl3s,piania park,25.4981797,84.6505232,parks,N/A,2025-01-26,N/A,N/A,Bihar
ChIJM9ibfABVjTkRVU3rLMKFdFg,GREEN VALLEY PARK,25.5636478,84.8598918,parks,N/A,2025-01-26,N/A,N/A,Bihar
ChIJ1TjA62NfjTkRJ2pLRfP3DJU,Loknayak jaiprakash Smriti park,25.5611081,84.6624899,parks,N/A,2025-01-26,N/A,N/A,Bihar
ChIJix7JnYhY7TkR0YUmMG-lfHk,Rental Flat Park,25.5946838,85.15134259999999,parks,N/A,2025-01-26,N/A,N/A,Bihar
ChIJBcSTb7W38jkR9WOEbwiExz8,Aman Park امن پارک,25.2261701,85.0667544,parks,N/A,2025-01-26,N/A,N/A,Bihar
ChIJ53yOA6hZ7TkRplNa0kkac0E,Janta Flat Park Kankarbagh,25.5985593,85.14653659999999,parks,N/A,2025-01-26,N/A,N/A,Bihar
ChIJS3NGGABLjTkR1fegbSHi40I,Dengo park,25.2159121,84.9203491,parks,N/A,2025-01-26,N/A,N/A,Bihar
ChIJ32BUUx3J8jkRJVn60lh7qJ0,Prakand colony park,25.1703644,85.0986,parks,N/A,2025-01-26,N/A,N/A,Bihar
ChIJLUlpgRtY7TkRVuoCYEJg7UM,"Adventure Park, Patna",25.5955837,85.1106136,parks,N/A,2025-01-26,N/A,N/A,Bihar
ChIJr-DQ9sIL7TkRewxqRYu8JVk,Sakra wazid pokhri and park,25.9870328,85.5676424,parks,N/A,2025-01-26,N/A,N/A,Bihar
ChIJ4fGCLABz7TkRAlpWveak_OQ,Childhood central park of khajanpura,25.9312585,85.4732234,parks,N/A,2025-01-26,N/A,N/A,Bihar
ChIJ2TZsFohY7TkRNNoUbPSVZD8,Gulmohar Park,25.5958646,85.1488404,parks,N/A,2025-01-26,N/A,N/A,Bihar
ChIJ18SYzaJZ7TkRhjMR2nsumig,Cricket park,25.6000152,85.17119699999999,parks,N/A,2025-01-26,N/A,N/A,Bihar
ChIJLaspinNZ7TkRKCh-REGFpK4,Patna family park,25.5968204,85.1559111,parks,N/A,2025-01-26,N/A,N/A,Bihar
ChIJeYk71nRZ7TkRPadZW5id_5I,Park no.-22 Kankarbagh Patna,25.6012849,85.1546596,parks,N/A,2025-01-26,N/A,N/A,Bihar
ChIJtdEc6Ei38jkRNTtyurKhCGI,Adab Park ادب پارک,25.2241176,85.06600960000002,parks,N/A,2025-01-26,N/A,N/A,Bihar
ChIJZY-kHu5Z7TkREpXlfWaWeh8,Eco Park fountain,25.5950527,85.10859119999999,parks,N/A,2025-01-26,N/A,N/A,Bihar
ChIJQVhtKP1Z7TkRsS0ieP-hGiE,Munna Park,25.5940439,85.1503685,parks,N/A,2025-01-26,N/A,N/A,Bihar
ChIJuREFmvtZ7TkRkQ5xgv-pvlk,Water park,25.6010747,85.11489209999999,parks,N/A,2025-01-26,N/A,N/A,Bihar
ChIJTbTGDpNY7TkRMZm97q3idSo,Mahamudi Chak Park,25.6041908,85.1617737,parks,N/A,2025-01-26,N/A,N/A,Bihar
ChIJV3hhCv5Z7TkR6wilYMm5b5w,Indian Park,25.6016787,85.14750509999999,parks,N/A,2025-01-26,N/A,N/A,Bihar
ChIJ9cNG6CuvkjkR1o47PWJvmVc,Makhdumpur Park,25.670594,84.8110705,parks,N/A,2025-01-26,N/A,N/A,Bihar
ChIJd-EJ2ylU7TkRi5s3YCkFBRI,Athletic Park,25.6341213,85.02356329999999,parks,N/A,2025-01-26,N/A,N/A,Bihar
ChIJJYH6TQBZ7TkRtkHD1KA6iDg,Rajni park,25.6012353,85.15492069999999,parks,N/A,2025-01-26,N/A,N/A,Bihar
ChIJYZHRi7Sb8jkR3V1Fnzm_tVM,City Park Khusrupur,25.481594,85.3861797,parks,N/A,2025-01-26,N/A,N/A,Bihar
ChIJS3deqOpZ7TkR4O-mqaDQ8aI,Eco Park Entry Gate No 3,25.5950249,85.1097999,parks,N/A,2025-01-26,N/A,N/A,Bihar
ChIJlXq2x4RfjTkRfCmJ-TE49jY,Housing Park,25.5540139,84.6412283,parks,N/A,2025-01-26,N/A,N/A,Bihar
ChIJSWgTCADz8jkRetTM9i_1LwQ,Fitness Park,25.2090276,85.5088408,parks,N/A,2025-01-26,N/A,N/A,Bihar
ChIJVzoMJEGd7TkRISpUVxP_SQc,Green Park,25.8659061,85.6223036,parks,N/A,2025-01-26,N/A,N/A,Bihar
ChIJldGGxcFf7TkRWVBJ_AWEHow,BSEB Park,25.5989866,85.1906628,parks,N/A,2025-01-26,N/A,N/A,Bihar
ChIJS_zU84tX7TkRmqgSAN2mtek,Shastri Nagar Park,25.6094214,85.1018153,parks,N/A,2025-01-26,N/A,N/A,Bihar
ChIJm4RZTDBX7TkRjDjyOXP71CU,Navin Sinha Memorial Park,25.6079106,85.1055566,parks,N/A,2025-01-26,N/A,N/A,Bihar
ChIJCY9Bd3pX7TkRLGcTk0vM3hE,D- Sector park,25.5856733,85.0855933,parks,N/A,2025-01-26,N/A,N/A,Bihar
ChIJ06Ahs8iN8jkRr1hI6ku2z5Y,Rahul Smriti Park,25.2659244,85.4585041,parks,N/A,2025-01-26,N/A,N/A,Bihar
ChIJkTIWsPtY7TkRVV5YWwUrPOE,Park,25.621895,85.1550149,parks,N/A,2025-01-26,N/A,N/A,Bihar
ChIJ_8LLrHx-DRQRW2McxGBOjuI,Ekadash Vrat Park,25.621423,85.14275479999999,parks,N/A,2025-01-26,N/A,N/A,Bihar
ChIJZTsQKGBZ7TkRTV9qv2n1ULY,Shri Krishna Singh Park,25.6196757,85.1467242,parks,N/A,2025-01-26,N/A,N/A,Bihar
ChIJU5oK2UZD7TkR_BE99zpqXlQ,Budhha Park,25.8376989,85.2471461,parks,N/A,2025-01-26,N/A,N/A,Bihar
ChIJ8deO8YtZ7TkRZfAXVDH-jTI,Kumharar Park Museum,25.5997773,85.184145,museum,N/A,2025-01-26,N/A,N/A,Bihar
ChIJwdyPyz1Y7TkROpvzzSOHi30,Bihar Museum,25.6080856,85.12098569999999,museum,N/A,2025-01-26,N/A,N/A,Bihar
ChIJA6fyii847TkRPWiTx-kSltg,Vaishali Museum,25.9947003,85.1154852,museum,N/A,2025-01-26,N/A,N/A,Bihar
ChIJAwAA0FlY7TkRXpEJqKv9tDM,Gandhi Sangrahalaya,25.6209048,85.14241870000001,museum,N/A,2025-01-26,N/A,N/A,Bihar
ChIJ44Jfd9RZ7TkRvSGfjTmFbyA,Rajendra Smriti Sangrahalaya,25.6323471,85.1113736,museum,N/A,2025-01-26,N/A,N/A,Bihar
ChIJl_wFMt1Y7TkRya0UlML1iWA,Patna Science Centre,25.6189073,85.170519,museum,N/A,2025-01-26,N/A,N/A,Bihar
ChIJYTR_Ih5Y7TkRNFefAeQC6mk,Jan Nayak Karpoori Thakur Memorial Museum,25.6007005,85.1131958,museum,N/A,2025-01-26,N/A,N/A,Bihar
ChIJo8hyeJRZ7TkRKXfj1O4JZRk,Bihar Museum of Wax,25.6172945,85.1353305,museum,N/A,2025-01-26,N/A,N/A,Bihar
ChIJOW-UTxG7kjkR-6lCJBUjb2E,Chapra Museum,25.7848828,84.7346046,museum,N/A,2025-01-26,N/A,N/A,Bihar
ChIJdYUXawBZ7TkR9-EWC3ah53Y,Auditorium (Bihar museum),25.6085021,85.12150559999999,museum,N/A,2025-01-26,N/A,N/A,Bihar
ChIJuaIABD5Z7TkRmoNx9fKjMEk,Dr. A. P. J. Abdul Kalam Science City,25.6101479,85.1723165,museum,N/A,2025-01-26,N/A,N/A,Bihar
ChIJ_fh2-WF-DRQRjkyhLaU7LK0,Shrikrishna Science Centre,25.6164189,85.1411084,museum,N/A,2025-01-26,N/A,N/A,Bihar
ChIJY46EAQBZ7TkR1dtC88YY07M,Children museum,25.6075913,85.1203171,museum,N/A,2025-01-26,N/A,N/A,Bihar
ChIJd6K8XQBZ7TkRf79o0x7zyi4,Museum park,25.6076587,85.119767,museum,N/A,2025-01-26,N/A,N/A,Bihar
ChIJ4-A4FWw57TkRp9diba3wFGk,Archaeological Museum,25.9945118,85.11565,museum,N/A,2025-01-26,N/A,N/A,Bihar
ChIJH699sDBi7TkRmGgwdMub0kU,Chechar Museum,25.6263485,85.36957029999999,museum,N/A,2025-01-26,N/A,N/A,Bihar
ChIJZUugPJKx8jkR0TyiPDqBHvE,Taregna Garh,25.3620938,85.0362564,museum,N/A,2025-01-26,N/A,N/A,Bihar
ChIJrWAQTR057TkRF8czj2sdlmA,Buddha shamyak darshan and museum,25.9942839,85.12009599999999,museum,N/A,2025-01-26,N/A,N/A,Bihar
ChIJiRQnXQ1Z7TkRuW7eOKfoac8,Kumhrar and Asokan Palace Museum,25.5997907,85.18414539999999,museum,N/A,2025-01-26,N/A,N/A,Bihar
ChIJETXIqXx-DRQR2cmFcd7WwqM,Satyagraha Bhawan,25.6213309,85.1424172,museum,N/A,2025-01-26,N/A,N/A,Bihar
ChIJY9J8iaFX7TkRfAR8bb4XcSk,Dharohar Darshan Rail Museum,25.5858644,85.0438102,museum,N/A,2025-01-26,N/A,N/A,Bihar
ChIJBy-Yi8Ct8jkR0sJ3qM0zm3c,Archeological Museum Tiskhora,25.3866357,84.94114599999999,museum,N/A,2025-01-26,N/A,N/A,Bihar
ChIJ____v6Jx7TkR2g-qfROg7Fo,Yadoonath Bhawan,25.8533042,85.466252,museum,N/A,2025-01-26,N/A,N/A,Bihar
ChIJqc2UGABZ7TkRDLUSsDyf8PA,Bihar museum,25.6039634,85.107883,museum,N/A,2025-01-26,N/A,N/A,Bihar
ChIJIdBZDABZ7TkRCxYAe_vh_pE,Entrance gate Bihar Museum,25.6083554,85.12089929999999,museum,N/A,2025-01-26,N/A,N/A,Bihar
ChIJ58GRm1QK7TkR9MUfXWH_-wQ,Dargah Shareef Mohanpur,26.0261762,85.56291550000002,museum,N/A,2025-01-26,N/A,N/A,Bihar
ChIJCUy5dpTz8jkRLJauj41ZwZk,"Bihar Sharif Museum (Virasat Bihar) - Nalanda District, Bihar, India",25.2044409,85.5151216,museum,N/A,2025-01-26,N/A,N/A,Bihar
ChIJj3_-IABZ7TkRxJETjLTOYP4,"BAPU TOWER,Patna",25.5921931,85.1137638,museum,N/A,2025-01-26,N/A,N/A,Bihar
ChIJO9MiGgBd7TkRUWLCsIC9Pfw,"Deep Narayan Singh Muesium( Govt. Of Bihar,Dept of Art and culture)",25.7003497,85.21935599999999,museum,N/A,2025-01-26,N/A,N/A,Bihar
ChIJI3fzdgBZ7TkRvYaRwVCUwQE,Ticket Counter bihar museum,25.6082952,85.12096690000001,museum,N/A,2025-01-26,N/A,N/A,Bihar
ChIJYb2vlwgT7TkRmmSkZMf1GqU,Bhawani Bhawan,26.0098634,85.4130746,museum,N/A,2025-01-26,N/A,N/A,Bihar
ChIJpXzaIYNf7TkRh7BnqMaaT6k,Shri Krishna Gausala,25.5956838,85.2339714,museum,N/A,2025-01-26,N/A,N/A,Bihar
ChIJ9wDwTABbjTkRPlikXhsAofE,अमर शहीद जुगेश्वर सिंह स्मृति ⛳,25.3929036,84.70596510000001,museum,N/A,2025-01-26,N/A,N/A,Bihar
ChIJCYRGvUJY7TkRbVxD7LSWi04,Patliputra Karuna Stupa,25.6066731,85.1360007,museum,N/A,2025-01-26,N/A,N/A,Bihar
ChIJL88EN7G48jkRcpsFwoyV_Tk,Telhara University Archaeological Excavation Site,25.2227018,85.18272669999999,museum,N/A,2025-01-26,N/A,N/A,Bihar
ChIJp-TcQQBZ7TkR0V9Y2NBtNtw,Bihar Museum parking,25.6078654,85.1293363,museum,N/A,2025-01-26,N/A,N/A,Bihar
ChIJHfUZjLujkjkRWeT2dM5LF-g,Shiv Mandir Nathmalpur,25.6915343,84.66324589999999,museum,N/A,2025-01-26,N/A,N/A,Bihar
ChIJVS27Bptx7TkRvERuJmwHzQs,nilo dabhaich masjid,25.820384,85.50752349999999,museum,N/A,2025-01-26,N/A,N/A,Bihar
ChIJ6QY77H7JkjkRRJX0WWkuW6o,Pyarepur devi mandir,26.0048481,84.8069034,museum,N/A,2025-01-26,N/A,N/A,Bihar
ChIJ0UQ7bBpx7TkRMA6ezanUdMs,Shiv Mandir Salempur Salkhanni,25.8406483,85.4927017,museum,N/A,2025-01-26,N/A,N/A,Bihar
ChIJua1vs9JZ7TkRliD5cuwzWFg,Heritage Times,25.6190917,85.1548073,museum,N/A,2025-01-26,N/A,N/A,Bihar
ChIJm0PUztrJ8jkRz10blG_yjQI,Maniyawan,25.1868755,85.0417085,museum,N/A,2025-01-26,N/A,N/A,Bihar
ChIJuTMsb2vy8jkR0O26txTJG9c,Xuan Zang ( Hsuen Tsang ) Memorial,25.1449875,85.45401559999999,museum,N/A,2025-01-26,N/A,N/A,Bihar
ChIJOa8lQACvkjkRcTNlCuBbJHw,Chirand Neolithic Archaeological Excavations Site [Chapra],25.7320572,84.8270823,museum,N/A,2025-01-26,N/A,N/A,Bihar
ChIJO2OZZkW1kjkRgjK8Ut4YLnA,Hari Ji Lalitmohan Ji (HM),25.8767536,84.92487299999999,museum,N/A,2025-01-26,N/A,N/A,Bihar
ChIJ8akolUJY7TkRojL6_2IsxX0,Buddha Smriti Park,25.6067139,85.13615020000002,museum,N/A,2025-01-26,N/A,N/A,Bihar
ChIJa-d1EwAN7TkRYXzlYoY0zhY,Noori masjid khaspatti,26.0263873,85.5031085,museum,N/A,2025-01-26,N/A,N/A,Bihar
ChIJa0bJHiU47TkRZLHZozgJEF0,Buddha's Relic Stupa,25.9958307,85.11787869999999,museum,N/A,2025-01-26,N/A,N/A,Bihar
ChIJKddKh_1N7TkRuGfOUzSmhyM,Sultanpur Makhniya Tola,25.8554534,84.99415979999999,museum,N/A,2025-01-26,N/A,N/A,Bihar
ChIJV-a0vmezkjkRQBZrTLEn3dI,Sahid Gangotri Singh Smarak,25.8274375,84.87906249999999,museum,N/A,2025-01-26,N/A,N/A,Bihar
ChIJ97IOOQCj8jkRtxfP22wjg0s,Sardabrat Singh's Home,25.4354702,85.2302575,museum,N/A,2025-01-26,N/A,N/A,Bihar
ChIJ7VOCYQCn8jkRJBshIjWRfMw,Durganandmahto,25.5559919,85.13179970000002,museum,N/A,2025-01-26,N/A,N/A,Bihar
ChIJJbobQQBn7TkRZzIDiXH8WnU,Sahil Kumar rajapakar,25.7292987,85.32468639999999,museum,N/A,2025-01-26,N/A,N/A,Bihar
ChIJKUkLHACP8jkRLDRARGoK4OE,Raushan Yaduvanshi,25.3684366,85.46823080000001,museum,N/A,2025-01-26,N/A,N/A,Bihar
ChIJP-esDQCz8jkR8WmT2Rz5nz4,Umesh Sharma,25.3754927,84.9528158,museum,N/A,2025-01-26,N/A,N/A,Bihar
ChIJrw92HQBZ7TkRJRre374yrNc,Mukutdhari Prasad Chauhan Trust Bhavan,25.605444,85.1191316,museum,N/A,2025-01-26,N/A,N/A,Bihar
ChIJ_95MJgBv7TkR0J04JSvRCeY,Kisan murari chaok,25.7967589,85.42595039999999,museum,N/A,2025-01-26,N/A,N/A,Bihar
ChIJCXb5bURY7TkRePP6YwRYpKM,Patna Museum,25.612727,85.1332734,museum,N/A,2025-01-26,N/A,N/A,Bihar
ChIJEbziCdFZ7TkRPlzAZSouRiM,SBI MUSEUM,25.618163,85.14127119999999,museum,N/A,2025-01-26,N/A,N/A,Bihar
ChIJ____v3df7TkRXxC1V6hH-0c,Jalan Museum,25.5969199,85.2344864,museum,N/A,2025-01-26,N/A,N/A,Bihar
ChIJVVSvT6h5BTkRisydVcRUBdk,Chadwick Falls,31.1196351,77.1389365,attraction,N/A,2025-01-26,N/A,N/A,Punjab
ChIJF04THyTtDzkRLlUCapcr5ls,Butterfly Park,30.729599,76.8105262,attraction,N/A,2025-01-26,N/A,N/A,Punjab
ChIJa--BGLftDzkRO-fNQNv5zJY,Topiary Park,30.7268597,76.761245,attraction,N/A,2025-01-26,N/A,N/A,Punjab
ChIJN7eajZN4BTkRTnLSm2F-XJQ,Hawa Ghar,31.1047034,77.1755591,attraction,N/A,2025-01-26,N/A,N/A,Punjab
ChIJyf46L96YDzkReSpM1tAyGOs,Tikkar Taal,30.6580574,77.08185499999999,attraction,N/A,2025-01-26,N/A,N/A,Punjab
ChIJH_Cdj0aJDzkRVaCyZy9W6Rg,Manki Point,30.8786278,76.9753214,attraction,N/A,2025-01-26,N/A,N/A,Punjab
ChIJOeoRsM2SDzkROyE5qPSXkgQ,Garden of Silence,30.7384342,76.83011739999999,attraction,N/A,2025-01-26,N/A,N/A,Punjab
ChIJAaqw9duIDzkRbec9O9f6HbM,Sunset Point,30.8916236,76.97126089999999,attraction,N/A,2025-01-26,N/A,N/A,Punjab
ChIJo5aKYQXtDzkRammIQ9RY-bc,Chandigarh Bird Park,30.7486638,76.8103337,attraction,N/A,2025-01-26,N/A,N/A,Punjab
ChIJlzKPi0PtDzkRsi3-RfaAnME,Nek Chand’s Rock Garden of Chandigarh,30.7529331,76.80505409999999,attraction,N/A,2025-01-26,N/A,N/A,Punjab
ChIJwRSfq3btDzkRqpSJixUrNtY,Eiffel Tower Replica,30.7488467,76.785415,attraction,N/A,2025-01-26,N/A,N/A,Punjab
ChIJWe-6fkGZDzkRmBoGM15c0eY,"The Morni Fort - Panchkula district, Haryana, India",30.68861669999999,77.0831439,attraction,N/A,2025-01-26,N/A,N/A,Punjab
ChIJ-fgykgvvDzkRIpq88_RYeco,Fateh Burj - Baba Banda Singh Bahadur War Memorial,30.7030475,76.66661119999999,attraction,N/A,2025-01-26,N/A,N/A,Punjab
ChIJQbUapZRVBTkRjKyRpDppUNM,Ropar Head Works Park,30.9886654,76.52413,attraction,N/A,2025-01-26,N/A,N/A,Punjab
ChIJHZnR6m_tDzkR_CcgM7HuD-k,Leisure Valley,30.7528125,76.79206250000001,attraction,N/A,2025-01-26,N/A,N/A,Punjab
ChIJXVut_WCJDzkR-MKeUsUdRN8,jangeshu waterfall,30.8876355,76.9578478,attraction,N/A,2025-01-26,N/A,N/A,Punjab
ChIJeX6cqfuDBTkRrs3H5Dk2Tvc,Kufri Fun World,31.0941261,77.278049,attraction,N/A,2025-01-26,N/A,N/A,Punjab
ChIJv40gLfwoEDkRD1ISc80Yas8,Patiala Heritage Walk,30.320812,76.4025782,attraction,N/A,2025-01-26,N/A,N/A,Punjab
ChIJacZgJ7_tDzkRdNeibenK6uA,Hibiscus Garden,30.7356372,76.7592686,attraction,N/A,2025-01-26,N/A,N/A,Punjab
ChIJtarFmV3tDzkRZ7zT6kluvdc,"The Tower of Shadows - Chandigarh, India",30.7596984,76.8041372,attraction,N/A,2025-01-26,N/A,N/A,Punjab
ChIJwxmT736GDzkR-NENOt0FyCQ,Dagshai Jail Museum,30.8866978,77.0527518,attraction,N/A,2025-01-26,N/A,N/A,Punjab
ChIJ_VwjPDOTDzkRsqF-Ad1zY5I,Kalagram,30.7099321,76.8263051,attraction,N/A,2025-01-26,N/A,N/A,Punjab
ChIJQche0fJ5BTkRdb5RytJjPfc,Marina Waterfall,31.0979018,77.1771097,attraction,N/A,2025-01-26,N/A,N/A,Punjab
ChIJncWATm0pEDkRUcuNx-FsPOg,Deer Park,30.2958799,76.3967095,attraction,N/A,2025-01-26,N/A,N/A,Punjab
ChIJz5Pf-UKCBTkRq_enVbtEKMM,Shimla Water Catchment Wildlife Sanctuary,31.1113908,77.2196979,attraction,N/A,2025-01-26,N/A,N/A,Punjab
ChIJ1dJgWZZ4BTkR0oAnYvrfUJ4,Jakhu Ropeway Shimla,31.10226,77.17936759999999,attraction,N/A,2025-01-26,N/A,N/A,Punjab
ChIJy-jJfiZ5BTkRsfuPy8a0-e8,"Ridge, Shimla",31.1048001,77.1746678,attraction,N/A,2025-01-26,N/A,N/A,Punjab
ChIJIaK34ux4BTkR5cOKzkly-F4,Bantony Castle,31.1061545,77.1697236,attraction,N/A,2025-01-26,N/A,N/A,Punjab
ChIJB7xLA-94BTkR6i5NbujsKJM,Gorton Castle,31.1046861,77.16266929999999,attraction,N/A,2025-01-26,N/A,N/A,Punjab
ChIJDWqfQ3HtDzkR4SeVvWq2ffA,Tank Monument,30.7496155,76.78675400000002,attraction,N/A,2025-01-26,N/A,N/A,Punjab
ChIJM3h23BvsDzkRytFlqsSjoN4,Silvi Park,30.6868329,76.7404391,attraction,N/A,2025-01-26,N/A,N/A,Punjab
ChIJ7bKBXkm2DzkR-bbVjRcX6Kw,Sardar Patel Park,30.3593959,76.8533507,attraction,N/A,2025-01-26,N/A,N/A,Punjab
ChIJT78SDcftDzkRU4WSZ5USnuo,Garden of Fragrance,30.7326709,76.7572113,attraction,N/A,2025-01-26,N/A,N/A,Punjab
ChIJQVUWQIjuDzkR42G51GCENt4,Rose Garden,30.7120968,76.7208455,attraction,N/A,2025-01-26,N/A,N/A,Punjab
ChIJSQ7ddxopEDkRB-fqYER9gj0,Moti Bagh Palace,30.307709,76.3944752,attraction,N/A,2025-01-26,N/A,N/A,Punjab
ChIJE2ZedemDBTkRM9Gs8zujiAU,Kufri Adventures,31.1004917,77.2669852,attraction,N/A,2025-01-26,N/A,N/A,Punjab
ChIJdwuUunuBDzkRgEKFULQp3Jw,Riva Waterfall,30.9275676,77.1487796,attraction,N/A,2025-01-26,N/A,N/A,Punjab
ChIJXf7yu3KABTkR3bNP0yifXi8,Chail Sanctuary,31.0051396,77.20027449999999,attraction,N/A,2025-01-26,N/A,N/A,Punjab
ChIJ_djAaO-DBTkRzhxzz1L0RUY,Nagsons Amusement Park Hip Hip Hurray,31.0975682,77.27097499999999,attraction,N/A,2025-01-26,N/A,N/A,Punjab
ChIJAVmMUWbvDzkRLf4Ag-_lXmA,Thunder Zone Amusement and Water Park,30.6858683,76.6499178,attraction,N/A,2025-01-26,N/A,N/A,Punjab
ChIJszH4qRXpDzkReCi2XmWyKI0,Harpreet's House,30.65430349999999,76.6975164,attraction,N/A,2025-01-26,N/A,N/A,Punjab
ChIJraqq6uiDBTkR-jUF0i8m2Lo,Himalayan Nature Park Kufri,31.0983336,77.26295350000001,attraction,N/A,2025-01-26,N/A,N/A,Punjab
ChIJa2mW8e54BTkR1Z6Tb6iW1m8,Victory Tunnel,31.1051477,77.1638909,attraction,N/A,2025-01-26,N/A,N/A,Punjab
ChIJV6i-5kjIDzkRvHiswrNxlsQ,Haryana Swarn Dwaar,30.3687957,76.7984908,attraction,N/A,2025-01-26,N/A,N/A,Punjab
ChIJcSxms0HXDzkRXWRy3BDXUNU,AVTAR SINGH,30.3646865,76.48086649999999,attraction,N/A,2025-01-26,N/A,N/A,Punjab
ChIJfbguD_woEDkRrtNaWqgbywc,Qila Mubarak,30.3242697,76.40333269999999,attraction,N/A,2025-01-26,N/A,N/A,Punjab
ChIJBxOC0GmPDzkRgo_YXJ7qgHI,Sun set view,30.8362877,76.9765036,attraction,N/A,2025-01-26,N/A,N/A,Punjab
ChIJs1SEGOWDBTkRatVf6nPHXgw,Apple Point,31.0951365,77.27576909999999,attraction,N/A,2025-01-26,N/A,N/A,Punjab
ChIJs72QhaJ_DzkRPkMERqf2YG4,View Point,30.9371222,77.2018196,attraction,N/A,2025-01-26,N/A,N/A,Punjab
ChIJzaPqjk55BTkRfbyWqVYUvnI,Sun Set point,31.0827539,77.1377577,attraction,N/A,2025-01-26,N/A,N/A,Punjab
ChIJ8wEEiJN4BTkR86GX-1d3t8k,View Point,31.1040787,77.17513989999999,attraction,N/A,2025-01-26,N/A,N/A,Punjab
ChIJa-FWp5Z4BTkRNTEP_kXw-Lg,Rani Jhansi Park,31.1033,77.17739999999999,attraction,N/A,2025-01-26,N/A,N/A,Punjab
ChIJW3ctvL2TDzkR8mHph_Y10y4,MDC (Mata Mansa Devi) Singh DWAR,30.7127172,76.8489695,attraction,N/A,2025-01-26,N/A,N/A,Punjab
ChIJXRvjxNKBBTkRPvYrHA3BlNU,valley moments,31.0409758,77.2455095,attraction,N/A,2025-01-26,N/A,N/A,Punjab
ChIJczu01brtDzkROxbY5D3fHN0,Subway (Underground Tunnel),30.7443044,76.7832773,attraction,N/A,2025-01-26,N/A,N/A,Punjab
ChIJ8-ClmQDzDzkRD1_HX3eyo5E,Jainti Dam,30.8141259,76.78038149999999,attraction,N/A,2025-01-26,N/A,N/A,Punjab
ChIJg7LsUtqIDzkRkls08MZa1ZY,Gilbert Nature Trail,30.889128,76.9722886,attraction,N/A,2025-01-26,N/A,N/A,Punjab
ChIJpa3IcX_zDzkR2BLzD6tjEHI,Parchh dam,30.814077,76.8071191,attraction,N/A,2025-01-26,N/A,N/A,Punjab
ChIJ8RQNbADtDzkR5u4SoM2iLeg,Chandigarh,30.7022089,76.822796,attraction,N/A,2025-01-26,N/A,N/A,Punjab
ChIJt9Q7H7KJDzkRG9Hmr2M6RdE,Pine Point,30.9095275,76.9854179,attraction,N/A,2025-01-26,N/A,N/A,Punjab
ChIJC9Aek8BOBTkRQ46I-4gj9LU,River beach,31.1752503,76.5720942,beaches,N/A,2025-01-26,N/A,N/A,Punjab
ChIJIcZRfjjtDzkRh9f2IPZrEUo,Shoe Island,30.7455499,76.8116359,beaches,N/A,2025-01-26,N/A,N/A,Punjab
ChIJ27RE9HmnDzkR3pUAYcc_R2Q,Barouli Beach Front,30.483688,77.103889,beaches,N/A,2025-01-26,N/A,N/A,Punjab
ChIJmz0jnmF5BTkR2QNIzmBb0BA,Mountain and beach travel,31.1024381,77.1989323,beaches,N/A,2025-01-26,N/A,N/A,Punjab
ChIJ6dd7ideNDzkRCx3oQTVe4ok,Tosha Beach,30.8129788,76.9163403,beaches,N/A,2025-01-26,N/A,N/A,Punjab
ChIJhU2JZpKTDzkRmisza36Tqxc,Sukhna Back End,30.7385097,76.82915609999999,beaches,N/A,2025-01-26,N/A,N/A,Punjab
ChIJha5dsCT7DzkRcvvGQAsU3os,Beach Bum's Cafe & Family Restaurants,30.7639815,76.6289405,beaches,N/A,2025-01-26,N/A,N/A,Punjab
ChIJI6z5sQSJDzkResYdob4lX3A,KASAULI (queen of hills),30.89386769999999,76.96244779999999,beaches,N/A,2025-01-26,N/A,N/A,Punjab
ChIJVVSvT6h5BTkRisydVcRUBdk,Chadwick Falls,31.1196351,77.1389365,beaches,N/A,2025-01-26,N/A,N/A,Punjab
ChIJ87pwcN7tDzkR7qvabQkP08s,Beach N Brew,30.723995,76.8068365,beaches,N/A,2025-01-26,N/A,N/A,Punjab
ChIJWR1NF2yTDzkRtTX_PtmLzUI,Fountain Park,30.6997288,76.8558802,beaches,N/A,2025-01-26,N/A,N/A,Punjab
ChIJAQAAQIoZDTkRRePFG5ipH6I,Camp Roxx- Adventure Camp,30.6628587,77.2254462,beaches,N/A,2025-01-26,N/A,N/A,Punjab
ChIJ0Sa6UsmVDzkR0AQrwhQYUy8,Sydney beach resort,30.658541,76.8707498,beaches,N/A,2025-01-26,N/A,N/A,Punjab
ChIJJbX5cruFDzkRTbWK7XqzQaY,"WelcomHeritage Parv Vilas Resort & Spa, Kasauli Hills",30.8530878,77.0728609,beaches,N/A,2025-01-26,N/A,N/A,Punjab
ChIJE0t_4teBDzkRs1Sr4DZ_KjY,Kanishka Retreat Resort Chail,30.9718003,77.1735484,beaches,N/A,2025-01-26,N/A,N/A,Punjab
ChIJUVMMsFh3DzkR3mGBVzi0uTo,Giri Camp,30.8297624,77.2461263,beaches,N/A,2025-01-26,N/A,N/A,Punjab
ChIJNY8F9zKPDzkRpCBIx4IL7Tk,Muscle Beach Gym & Health Studio Kalka,30.8318118,76.9340964,beaches,N/A,2025-01-26,N/A,N/A,Punjab
ChIJ9e_JGeJ4BTkRXXJoVCmX1ek,"Circuit House Willy Park,",31.1023821,77.1495917,beaches,N/A,2025-01-26,N/A,N/A,Punjab
ChIJvVR3YTmGDzkRHl5tMsbV5fs,Pineland Resort & Chalets Kasauli,30.9087861,77.0183079,beaches,N/A,2025-01-26,N/A,N/A,Punjab
ChIJZ7GGsNqDBTkR8el5yB73vfQ,The Travhim Holidays,31.1003625,77.2059577,beaches,N/A,2025-01-26,N/A,N/A,Punjab
ChIJUwmz-quBDzkRuVxqshQ4Jk8,Xanadu Cafe,30.9332726,77.153501,beaches,N/A,2025-01-26,N/A,N/A,Punjab
ChIJ79DAZx0oEDkRlAcBZ17ybBQ,Beauty Beach,30.3567873,76.455613,beaches,N/A,2025-01-26,N/A,N/A,Punjab
ChIJ0erpQKi3DzkR6flDN7cBZWc,VISITGOABEACHES.COM,30.3423287,76.8382365,beaches,N/A,2025-01-26,N/A,N/A,Punjab
ChIJ-9AZmHmJDzkRkJFkdpM8AvM,StayVista at Mysty View in Kasauli | 6 BHK Premium Holiday Home,30.8945939,76.95604209999999,beaches,N/A,2025-01-26,N/A,N/A,Punjab
ChIJ6c9_f-rxDzkREUmqlzH-q6c,SK Networks,30.7589087,76.6671401,beaches,N/A,2025-01-26,N/A,N/A,Punjab
ChIJO6RuOZN4BTkR2xBY9Y6_NaA,Karma Royal Group,31.1051428,77.17212839999999,beaches,N/A,2025-01-26,N/A,N/A,Punjab
ChIJ_9W_5PXvDzkRbj62StQUuZI,Taxi Service in Chandigarh/ Tourist Taxi / Tempo Traveller in Chandigarh-Top Tour And Travel Chandigarh,30.7384916,76.7320065,beaches,N/A,2025-01-26,N/A,N/A,Punjab
ChIJaU7UpKmUDzkR2omf5Ee2tUg,AirGanesha,30.6780317,76.8336206,beaches,N/A,2025-01-26,N/A,N/A,Punjab
ChIJ2UYru_ANDzkRi-3F1rzUeJ4,My Tour Deck (MTD),30.55894889999999,77.2932125,beaches,N/A,2025-01-26,N/A,N/A,Punjab
ChIJ_xLUqxjtDzkRmYSrj-f4gKQ,Arcadia Vacations,30.6947172,76.7707138,beaches,N/A,2025-01-26,N/A,N/A,Punjab
ChIJdU6LEaPtDzkR-3J1mNNmOck,Wave Tourism,30.7348717,76.77645009999999,beaches,N/A,2025-01-26,N/A,N/A,Punjab
ChIJ9T9Tp2CTDzkRDQaHCLShc9o,PureSoul Tourism,30.6862509,76.8489493,beaches,N/A,2025-01-26,N/A,N/A,Punjab
ChIJRc87ryqVDzkRrnMwafBnniM,All Season Vacation,30.6333509,76.82702139999999,beaches,N/A,2025-01-26,N/A,N/A,Punjab
ChIJa1r37OXtDzkRHkTuo_kttPQ,Bright sun vacations,30.7224,76.7695742,beaches,N/A,2025-01-26,N/A,N/A,Punjab
ChIJpwcZFbkoEDkR78KvIwU2les,Reef Holidays,30.335573,76.3836524,beaches,N/A,2025-01-26,N/A,N/A,Punjab
ChIJ__8za0GTDzkRCTb_QYJgaWw,New Global Destination,30.6699436,76.88693549999999,beaches,N/A,2025-01-26,N/A,N/A,Punjab
ChIJveVnh3KTDzkRYktqt2G60BI,Holiday Breaks Ltd,30.6961855,76.8355788,beaches,N/A,2025-01-26,N/A,N/A,Punjab
ChIJVVVVFLZ4BTkRyFVGVhUQHXo,Onism Tour,31.083648,77.1723339,beaches,N/A,2025-01-26,N/A,N/A,Punjab
ChIJAQAAQNzvDzkR8XMW1iZoU5E,Voyage365,30.7109612,76.68638179999999,beaches,N/A,2025-01-26,N/A,N/A,Punjab
ChIJwfJOkTV5BTkRbRHxBLOb4Qo,Hillside Havens,31.0979953,77.12530730000002,beaches,N/A,2025-01-26,N/A,N/A,Punjab
ChIJK0k31G-VDzkRg1XhP8Z8WbY,Travel Dot Set,30.6574963,76.8449839,beaches,N/A,2025-01-26,N/A,N/A,Punjab
ChIJ17eq2oGHDzkRzAD7vaJ3K-M,Bright Vacations,30.9110671,77.0992002,beaches,N/A,2025-01-26,N/A,N/A,Punjab
ChIJlZMghO3qvzsRd5Th0kAyLpQ,Treebo Trend JJ Crown - Hotel in Chandigarh,30.6483146,76.8156633,beaches,N/A,2025-01-26,N/A,N/A,Punjab
ChIJG7_cp6x5BTkRNim7M37DHCc,Kavyansh Travels,31.0862205,77.1865845,beaches,N/A,2025-01-26,N/A,N/A,Punjab
ChIJvc0KmtvrDzkRrRreCXH-zEo,GFK Holidays,30.6505402,76.82255289999999,beaches,N/A,2025-01-26,N/A,N/A,Punjab
ChIJUxtPK8_vDzkRB4B0BAooTPg,"Forever 21 - Chandigarh, Mohali Road",30.737053,76.6784783,beaches,N/A,2025-01-26,N/A,N/A,Punjab
ChIJV5xc4pfrDzkRkqQmRn1itwo,The Golden Destinations,30.6382065,76.8251992,beaches,N/A,2025-01-26,N/A,N/A,Punjab
ChIJZfltQjDdDzkR2kr2UcLyRyU,STAR INTERNATIONAL,30.4923534,76.5996548,beaches,N/A,2025-01-26,N/A,N/A,Punjab
ChIJv0_4CQt5BTkRK0juj6ByI9I,Divine Universe Travel,31.1167667,77.1406069,beaches,N/A,2025-01-26,N/A,N/A,Punjab
ChIJ1RziLZrJDzkRlVfR0_nAPI4,Travelaxy,30.400508,76.79739769999999,beaches,N/A,2025-01-26,N/A,N/A,Punjab
ChIJF_aiswSNDzkR7PfAMXZZ7BY,Negi Pet care & Clinic,30.8123443,76.9161911,beaches,N/A,2025-01-26,N/A,N/A,Punjab
ChIJAQAAwIzsDzkRjw8T6CWpq94,In'Joy Travels,30.69875759999999,76.8685979,beaches,N/A,2025-01-26,N/A,N/A,Punjab
ChIJTU7MSvOBBTkR0k3IyniooA0,Golden Globe Tour and Travel,31.0723282,77.25201009999999,beaches,N/A,2025-01-26,N/A,N/A,Punjab
ChIJKyjjfUnrDzkRTvjSLk1uE1s,"Forever 21 - SS Emporio plaza, Zirakpur",30.6276688,76.82312999999999,beaches,N/A,2025-01-26,N/A,N/A,Punjab
ChIJ8Uc8rWv7DzkRzs9jMgi1iVE,Wedding Vrtaant,30.8226724,76.5841942,beaches,N/A,2025-01-26,N/A,N/A,Punjab
ChIJsd43XYt_BTkRwixV9QdDQL0,Hail Himalayas Waterfall,31.0342466,77.1405405,waterfalls,N/A,2025-01-26,N/A,N/A,Punjab
ChIJB_rQEXaPDzkRxT5rwqSfBvM,Mashobra waterfall,30.8672045,76.95562199999999,waterfalls,N/A,2025-01-26,N/A,N/A,Punjab
ChIJ1W4BRIqZDzkRu8-S1jPCNpg,Prism waterfall,30.6602941,77.085183,waterfalls,N/A,2025-01-26,N/A,N/A,Punjab
ChIJh2Qm66yRDzkRUVVkqRLNeRc,Burj Kotiya (Waterfall),30.74292269999999,76.9446469,waterfalls,N/A,2025-01-26,N/A,N/A,Punjab
ChIJc1JJSydhBTkRbSNOzWbRskw,Seri bodni Waterfall,30.9723945,76.9064782,waterfalls,N/A,2025-01-26,N/A,N/A,Punjab
ChIJVVSvT6h5BTkRisydVcRUBdk,Chadwick Falls,31.1196351,77.1389365,waterfalls,N/A,2025-01-26,N/A,N/A,Punjab
ChIJN35H4VuPDzkRF7Rs9qbCVz4,Chakki Modh Waterfall,30.8624222,77.0043232,waterfalls,N/A,2025-01-26,N/A,N/A,Punjab
ChIJdwuUunuBDzkRgEKFULQp3Jw,Riva Waterfall,30.9275676,77.1487796,waterfalls,N/A,2025-01-26,N/A,N/A,Punjab
ChIJQche0fJ5BTkRdb5RytJjPfc,Marina Waterfall,31.0979018,77.1771097,waterfalls,N/A,2025-01-26,N/A,N/A,Punjab
ChIJC4bbpz-DBTkR01Q4wrQDPwE,Kanola waterfall,31.1385592,77.235263,waterfalls,N/A,2025-01-26,N/A,N/A,Punjab
ChIJmTkRPhZ_BTkRnijZ-UG-lQc,Taradevi Waterfall Zone,31.0339512,77.1377936,waterfalls,N/A,2025-01-26,N/A,N/A,Punjab
ChIJWWwKwRqFDzkRQWRv-LLTkXM,Step Waterfalls,30.8460504,77.0240371,waterfalls,N/A,2025-01-26,N/A,N/A,Punjab
ChIJXVut_WCJDzkR-MKeUsUdRN8,jangeshu waterfall,30.8876355,76.9578478,waterfalls,N/A,2025-01-26,N/A,N/A,Punjab
ChIJGchkUACHDzkRjvQHhr7ag_E,Bhusal Waterfall,30.9516518,77.08106719999999,waterfalls,N/A,2025-01-26,N/A,N/A,Punjab
ChIJK2G6a7N_BTkRKpse8VXMO-4,Waterfall,31.0327035,77.13968919999999,waterfalls,N/A,2025-01-26,N/A,N/A,Punjab
ChIJ94KUB2qJDzkRm4RgFPO_YCk,Step waterfall,30.8914274,76.9975238,waterfalls,N/A,2025-01-26,N/A,N/A,Punjab
ChIJ0bWKJDqBBTkR11jAWOvSq2w,Dhar Waterfall (Seasonal),30.9956941,77.2370832,waterfalls,N/A,2025-01-26,N/A,N/A,Punjab
ChIJNQX2-y6BDzkR05IWTS1OPy4,Tonino Waterfall,30.9275348,77.1487145,waterfalls,N/A,2025-01-26,N/A,N/A,Punjab
ChIJyf12q1t_BTkRtIRMWpNrfHM,Water fall,31.002338,77.1638036,waterfalls,N/A,2025-01-26,N/A,N/A,Punjab
ChIJf7Xfdex_BTkRam8kL7PkIFA,Shoghi waterfall,31.0341089,77.1408281,waterfalls,N/A,2025-01-26,N/A,N/A,Punjab
ChIJlWVpijZ3DzkRxaGKD3L8qaY,Baru Lake & Waterfall,30.7627009,77.2820699,waterfalls,N/A,2025-01-26,N/A,N/A,Punjab
ChIJf68jg_mJDzkRflns3vFePgs,Kanav Falls,30.8782384,76.9616028,waterfalls,N/A,2025-01-26,N/A,N/A,Punjab
ChIJZbmXeACdDzkRawapP5cM6AU,Waterfall Sirmour,30.7855326,77.1778349,waterfalls,N/A,2025-01-26,N/A,N/A,Punjab
ChIJcfygo_ePDzkRFVVGM3iI3mg,Water fall,30.8635211,77.0039396,waterfalls,N/A,2025-01-26,N/A,N/A,Punjab
ChIJzf2QAoyBDzkRKXEBXF6BXqk,Malhotra fall,30.92794229999999,77.14834739999999,waterfalls,N/A,2025-01-26,N/A,N/A,Punjab
ChIJA9G1WoV_BTkR1FlMLNL0nk4,Jafri waterfal treak,30.9946505,77.16026169999999,waterfalls,N/A,2025-01-26,N/A,N/A,Punjab
ChIJdQ2LcMOPDzkRT748E0jZJJg,The Crew Falls,30.8379007,77.0064009,waterfalls,N/A,2025-01-26,N/A,N/A,Punjab
ChIJHQgipbF5BTkR6ZDWihXv2ZI,Chadwick Falls Trailhead,31.12231,77.14319499999999,waterfalls,N/A,2025-01-26,N/A,N/A,Punjab
ChIJ86SrOwCJDzkRYAgvokfR1dQ,Waterfall,30.8830704,76.9887385,waterfalls,N/A,2025-01-26,N/A,N/A,Punjab
ChIJ3V5YQNePDzkRiGgazDU0Au0,Small water fall,30.8288993,76.95965029999999,waterfalls,N/A,2025-01-26,N/A,N/A,Punjab
ChIJSWdVQ1p_BTkR6ObUMN7yxaM,SHIV FALLS,30.9910266,77.14500369999999,waterfalls,N/A,2025-01-26,N/A,N/A,Punjab
ChIJa4djI1mPDzkRa3a8w2bbLfg,Kamali Village River Dam,30.8312189,76.968745,waterfalls,N/A,2025-01-26,N/A,N/A,Punjab
ChIJ68be0GZ_BTkRsQK5GoqdolI,Tara Devi Waterfall trek start point,31.0314513,77.1361105,waterfalls,N/A,2025-01-26,N/A,N/A,Punjab
ChIJm1Th3sF_BTkRmDdJQnSV78g,Shoghi Hidden Water fall,31.0334427,77.1374707,waterfalls,N/A,2025-01-26,N/A,N/A,Punjab
ChIJbx44HUeTDzkRXBoN22OLbmg,Reservoir,30.7320579,76.91633759999999,waterfalls,N/A,2025-01-26,N/A,N/A,Punjab
ChIJQR6gMAJ_BTkRS-jiFCxylZU,Suinta Waterfall,31.0421152,77.1896682,waterfalls,N/A,2025-01-26,N/A,N/A,Punjab
ChIJScdS-K9_BTkRU0Fr4UpCd_0,Phantom Falls,31.0098593,77.16091229999999,waterfalls,N/A,2025-01-26,N/A,N/A,Punjab
ChIJOwrGcACBDzkR6Ab9odRRyWg,Ashwani Khadd,30.9276412,77.1488171,waterfalls,N/A,2025-01-26,N/A,N/A,Punjab
ChIJXZBGt1N5BTkRVzdrhZo8OOc,Nanihal falls,31.0910087,77.1639742,waterfalls,N/A,2025-01-26,N/A,N/A,Punjab
ChIJ36wJaWOJDzkRhkj6VqIBVBY,Sunrise View Point,30.8940067,76.9726482,waterfalls,N/A,2025-01-26,N/A,N/A,Punjab
ChIJc4S1HnV5BTkREE7E8HhsWWE,A best view point,31.1196351,77.1389365,waterfalls,N/A,2025-01-26,N/A,N/A,Punjab
ChIJHQWP0tGFDzkRRdBHFc_nKi0,Solan hill view point,30.8695261,77.1007308,waterfalls,N/A,2025-01-26,N/A,N/A,Punjab
ChIJvYYnmQ4MDzkRYJwvVAvles0,Pakka Tank,30.5621796,77.2937622,waterfalls,N/A,2025-01-26,N/A,N/A,Punjab
ChIJq0YqL_qZDzkRoerIAqGA5jM,Morni waterfall,30.6582066,77.0860598,waterfalls,N/A,2025-01-26,N/A,N/A,Punjab
ChIJP_sNurKBDzkReUBIyMj5dyA,Jhopdi Viewpoint,30.9364697,77.1364699,waterfalls,N/A,2025-01-26,N/A,N/A,Punjab
ChIJCTbkSeGRDzkREyVB6x_zPJg,Mallah lake,30.7653948,77.0011474,waterfalls,N/A,2025-01-26,N/A,N/A,Punjab
ChIJ_e7__YuZDzkRqQ6Mw3kz1rw,Shilyon view point,30.70037,77.059497,waterfalls,N/A,2025-01-26,N/A,N/A,Punjab
ChIJ225b54iZDzkRzFMe8bMJAl8,"""Ishavasyam"" Morni hills haryana",30.6913583,77.08201799999999,waterfalls,N/A,2025-01-26,N/A,N/A,Punjab
ChIJ____P9KGDzkRlqOYDqIcEu0,Solan View,30.9257211,77.0974561,waterfalls,N/A,2025-01-26,N/A,N/A,Punjab
ChIJySANAu2fDzkRl4KHiN_o4UA,Lotus Lake (Sherla Taal),30.6677206,77.1201664,waterfalls,N/A,2025-01-26,N/A,N/A,Punjab
ChIJqVd6mlmPDzkRbW5HljmyJ-E,Waterfall - Homestay and Restaurant,30.8626349,77.00422019999999,waterfalls,N/A,2025-01-26,N/A,N/A,Punjab
ChIJ01cjYC2HDzkRikByaFpv8VM,Karol Tibba Trek,30.9241292,77.0995124,waterfalls,N/A,2025-01-26,N/A,N/A,Punjab
ChIJ01QSr6R3DzkR2Ff-GqmljXo,"Mangarh valley, sirmour",30.7518552,77.2574979,waterfalls,N/A,2025-01-26,N/A,N/A,Punjab
ChIJaYXfBrd_DzkR1GE7SAuHJRE,Lover's Hill,30.9769681,77.2015115,waterfalls,N/A,2025-01-26,N/A,N/A,Punjab
ChIJZ1kmjQKHDzkRSBWPe9gmXA4,Barog station to Solan highway marg,30.8904523,77.08477940000002,waterfalls,N/A,2025-01-26,N/A,N/A,Punjab
ChIJrSnkTBp5BTkRdsI_599bo18,"Village tour, traditional food & trekking",31.14980409999999,77.189846,waterfalls,N/A,2025-01-26,N/A,N/A,Punjab
ChIJg7LsUtqIDzkRkls08MZa1ZY,Gilbert Nature Trail,30.889128,76.9722886,waterfalls,N/A,2025-01-26,N/A,N/A,Punjab
ChIJs72QhaJ_DzkRPkMERqf2YG4,View Point,30.9371222,77.2018196,waterfalls,N/A,2025-01-26,N/A,N/A,Punjab
ChIJU3FDHBePDzkRB5OEXWUvxBY,Kumarhatti - Nahan Highway shortcut,30.8530245,77.002521,waterfalls,N/A,2025-01-26,N/A,N/A,Punjab
ChIJ1w__KvZfBTkRt8JT0_4DKGY,Water Tubewell Kaundi,30.975331,76.78421809999999,waterfalls,N/A,2025-01-26,N/A,N/A,Punjab
ChIJ9zlkueHtDzkRrt13uqKvjKA,Sector 40-A Park,30.7405124,76.73882499999999,parks,N/A,2025-01-26,N/A,N/A,Punjab
ChIJA_uiZ-btDzkRNSVw60wPkqE,Park - Sector 38,30.7428705,76.7428865,parks,N/A,2025-01-26,N/A,N/A,Punjab
ChIJR9EhRS7rDzkRF1XiegCRfPA,"Municipal Park, Lohgarh",30.64280459999999,76.8182442,parks,N/A,2025-01-26,N/A,N/A,Punjab
ChIJ0Ta3gVMoEDkRrEqWbvw64bo,Tej Bagh Colony Park,30.3233126,76.41610829999999,parks,N/A,2025-01-26,N/A,N/A,Punjab
ChIJjwH0r2jsDzkR7kloM2sStas,Park - Sector-47C,30.6909177,76.76764639999999,parks,N/A,2025-01-26,N/A,N/A,Punjab
ChIJ4RLwoH7uDzkRsX5giBO__Wg,Sector 53 Sas Nagar Mohali Park,30.7188749,76.7280121,parks,N/A,2025-01-26,N/A,N/A,Punjab
ChIJay_LJVjIDzkRTtcd2kMCrW4,Vijay Nagar Park,30.369973,76.781803,parks,N/A,2025-01-26,N/A,N/A,Punjab
ChIJPSvm9kPsDzkRXqVVXHgUFF8,Park Sector 46 C,30.7009772,76.7634089,parks,N/A,2025-01-26,N/A,N/A,Punjab
ChIJqUk3-WjvDzkRU6_M0T2zhHU,park sec 80,30.6699526,76.7145735,parks,N/A,2025-01-26,N/A,N/A,Punjab
ChIJD1G_2PfIDzkRwnipjdO7Yq4,Sector 7 Nagar Nigam park no19,30.3752011,76.782122,parks,N/A,2025-01-26,N/A,N/A,Punjab
ChIJ8b7IglbsDzkR0v4GVrjpDGo,Sector 33B - Park,30.7152101,76.7778065,parks,N/A,2025-01-26,N/A,N/A,Punjab
ChIJm0zhSaTtDzkR1mrBl6x5AT0,Nehru Park 22 Chd,30.7336584,76.7724247,parks,N/A,2025-01-26,N/A,N/A,Punjab
ChIJZ7fFLqztDzkR54ltLNJtujg,Public Park - Sector 21 D,30.7241772,76.7716425,parks,N/A,2025-01-26,N/A,N/A,Punjab
ChIJ3VaD5HqTDzkRLw5VVyjnvq8,Sector 4 Park,30.691967,76.86259,parks,N/A,2025-01-26,N/A,N/A,Punjab
ChIJj3sM1pfuDzkRtjcGljj7C1A,Central Park,30.6910538,76.71960729999999,parks,N/A,2025-01-26,N/A,N/A,Punjab
ChIJuQmk4eHsDzkR7YVSsRZ-KUc,Public Park - Sector 27C,30.7214948,76.79837859999999,parks,N/A,2025-01-26,N/A,N/A,Punjab
ChIJc1hRTanvDzkRsDcjffcWSTU,Shivalik palm city park no 1,30.7268037,76.659841,parks,N/A,2025-01-26,N/A,N/A,Punjab
ChIJ7_blTL7tDzkR4NJ_QRVpCEY,Public Park - Sector 23-D,30.7383874,76.7597385,parks,N/A,2025-01-26,N/A,N/A,Punjab
ChIJJ9ViuEXsDzkRgU8UcYUdjYw,46 Park,30.7049083,76.7639952,parks,N/A,2025-01-26,N/A,N/A,Punjab
ChIJgYXKZUSTDzkRbhSP424t-pE,Public Park - 2,30.69266949999999,76.8425785,parks,N/A,2025-01-26,N/A,N/A,Punjab
ChIJ09kAd_b7DzkRBcr9uTCbTTk,Municipal Park Kharar,30.7537724,76.6313821,parks,N/A,2025-01-26,N/A,N/A,Punjab
ChIJ5V1z88ntDzkREDVOqDLWYdE,Park 35D,30.7235916,76.7559325,parks,N/A,2025-01-26,N/A,N/A,Punjab
ChIJQ9WlkuLsDzkR_cBUytkJrZI,Public Park Sector 27D,30.7197051,76.7934606,parks,N/A,2025-01-26,N/A,N/A,Punjab
ChIJFZ8Dl5vrDzkRpPogMC_rP_o,Park Block G,30.6315325,76.7713552,parks,N/A,2025-01-26,N/A,N/A,Punjab
ChIJz-EZcqrtDzkROxyp4dufZfA,Sector 20A - Park,30.7246265,76.7806279,parks,N/A,2025-01-26,N/A,N/A,Punjab
ChIJgf25brSGDzkRzJjYXdvXbmw,Sunny Side Park,30.9056878,77.0986035,parks,N/A,2025-01-26,N/A,N/A,Punjab
ChIJ-WMbl-7tDzkRmMzqEZiPlXw,Sector 38 Sugar Sister Park,30.7469147,76.7500219,parks,N/A,2025-01-26,N/A,N/A,Punjab
ChIJ22bNj2-UDzkR8-YuKI1AMWc,Sector- 25 Park,30.6721,76.8843,parks,N/A,2025-01-26,N/A,N/A,Punjab
ChIJO5Yz1oOUDzkRo2tuSaE0D58,Park 11 (Shri Ram Park) No 2112,30.68010259999999,76.8660712,parks,N/A,2025-01-26,N/A,N/A,Punjab
ChIJq8S65ZnIDzkRhnVju3ZQ6wU,Ashok Vihar Park,30.391669,76.7620946,parks,N/A,2025-01-26,N/A,N/A,Punjab
ChIJE950k8KUDzkRIXg4_PO4DkQ,Public Park Dhakoli,30.64956189999999,76.8477589,parks,N/A,2025-01-26,N/A,N/A,Punjab
ChIJ52k2NGPuDzkR2fYylGZmrFU,Phase 4 Public Park,30.7177947,76.7217926,parks,N/A,2025-01-26,N/A,N/A,Punjab
ChIJIdkyiU3rDzkRXdgF6LqRm78,Park Baltana,30.6672023,76.8218246,parks,N/A,2025-01-26,N/A,N/A,Punjab
ChIJ6dcA1T_sDzkRo6NZLzKCunA,Green Belt Park,30.6946954,76.7540207,parks,N/A,2025-01-26,N/A,N/A,Punjab
ChIJDSdhx4buDzkRVNh0nEWnjYA,Ekta Park,30.7100968,76.72689989999999,parks,N/A,2025-01-26,N/A,N/A,Punjab
ChIJZRfW88ntDzkRl7WE85EKujY,Fountain Park,30.7233117,76.7554809,parks,N/A,2025-01-26,N/A,N/A,Punjab
ChIJESWYbFz1DzkRTwD7Kcj4zAQ,Torrent Park,30.9413868,76.80776039999999,parks,N/A,2025-01-26,N/A,N/A,Punjab
ChIJq6qqquooEDkRUT86ZSHx47w,Baradari park,30.3358888,76.386768,parks,N/A,2025-01-26,N/A,N/A,Punjab
ChIJkWM1ScztDzkRPKU7oZOPLCU,Public Park Sector 43B green park,30.7187026,76.7504252,parks,N/A,2025-01-26,N/A,N/A,Punjab
ChIJ5YMyo_3tDzkR6XItfzkwsBo,Trikona Park,30.752706,76.7351979,parks,N/A,2025-01-26,N/A,N/A,Punjab
ChIJ88VZAqvuDzkRLbrP9tn44B0,Park 2,30.67185379999999,76.73063739999999,parks,N/A,2025-01-26,N/A,N/A,Punjab
ChIJqSj8ikeTDzkRFq3r1rC1owQ,Park 16,30.703138,76.8390977,parks,N/A,2025-01-26,N/A,N/A,Punjab
ChIJXRzMiJjuDzkR0drRR5ZIido,Park 15,30.6923907,76.72533349999999,parks,N/A,2025-01-26,N/A,N/A,Punjab
ChIJ7zs2kRHtDzkRgINmnyWYyS0,"Park, Chandigarh",30.7366321,76.792484,parks,N/A,2025-01-26,N/A,N/A,Punjab
ChIJU4hUxqyTDzkRNs-aiupcTeQ,Tiger park,30.7282989,76.87229909999999,parks,N/A,2025-01-26,N/A,N/A,Punjab
ChIJM0DaogjtDzkRw-RqpaTF-eQ,Kk park,30.7321881,76.7842958,parks,N/A,2025-01-26,N/A,N/A,Punjab
ChIJb9AFWC7sDzkRmIqdQb-gyx8,Park 2,30.7081839,76.7423343,parks,N/A,2025-01-26,N/A,N/A,Punjab
ChIJEwajvQbtDzkRz1_m2Q12W2I,Sector 20A - Park,30.7272342,76.7846502,parks,N/A,2025-01-26,N/A,N/A,Punjab
ChIJnyZU64ruDzkRGcZboiRsqvM,Sector 59 Park,30.711372,76.7123521,parks,N/A,2025-01-26,N/A,N/A,Punjab
ChIJbwpeZ6jtDzkRrLUECQeWfNk,Park 4,30.7294295,76.7773784,parks,N/A,2025-01-26,N/A,N/A,Punjab
ChIJtXW9TeHvDzkRwmal-6QupNo,Park Saachi,30.7470303,76.6594145,parks,N/A,2025-01-26,N/A,N/A,Punjab
ChIJr-XLVBLtDzkRnd_n4TdmEBw,Park Sector 8C,30.7398344,76.79648879999999,parks,N/A,2025-01-26,N/A,N/A,Punjab
ChIJ56nh02XtDzkRx8_uMSn99M4,Bougainvillea Park 3 Chd,30.7582694,76.7959428,parks,N/A,2025-01-26,N/A,N/A,Punjab
ChIJNwU5tk6TDzkRwVU5GFanm7k,Public Park 4,30.6965668,76.8330979,parks,N/A,2025-01-26,N/A,N/A,Punjab
ChIJseVKYRLsDzkRYMuyi_KI38A,Park 3,30.6843315,76.75349829999999,parks,N/A,2025-01-26,N/A,N/A,Punjab
ChIJBfxa0VnxDzkRvwLh-KCVR48,Picadilly Park,30.7479895,76.6659719,parks,N/A,2025-01-26,N/A,N/A,Punjab
ChIJR0b30lWVDzkR8AW10t5tnl4,Hanuman Vatika Park Sector-27 Panchkula,30.6566414,76.88528339999999,parks,N/A,2025-01-26,N/A,N/A,Punjab
ChIJVfAlOvEoEDkRuRbF56zfsag,Arya Samaj Park,30.33400749999999,76.4029137,parks,N/A,2025-01-26,N/A,N/A,Punjab
ChIJv0ZQAmLuDzkRw9XUV0ijdJc,Park,30.7137231,76.7164785,parks,N/A,2025-01-26,N/A,N/A,Punjab
ChIJi3QCJtfvDzkRIhkqFV0qJsQ,Park 38-A,30.7006975,76.7038373,parks,N/A,2025-01-26,N/A,N/A,Punjab
ChIJ8UgvSeJ4BTkR2dpKGX8M7G4,Himachal State Museum,31.10337,77.150837,museum,N/A,2025-01-26,N/A,N/A,Punjab
ChIJ23Om53PtDzkRvspIVtNlOXI,Chandigarh Architecture Museum,30.7484961,76.78585989999999,museum,N/A,2025-01-26,N/A,N/A,Punjab
ChIJH2mMF6btDzkR93BPJEqSmss,Government Museum and Art Gallery,30.7490693,76.787326,museum,N/A,2025-01-26,N/A,N/A,Punjab
ChIJZ_2AKbiGDzkRJDDBSj68kSk,Zoological Survey Of India Museum,30.9069779,77.09077359999999,museum,N/A,2025-01-26,N/A,N/A,Punjab
ChIJCR2V45vtDzkRbF4c2sUUGYw,"Rag Doll museum, Rock garden",30.7526816,76.8084076,museum,N/A,2025-01-26,N/A,N/A,Punjab
ChIJdXiZMWvtDzkRbVJZul6buLM,Gandhi Museum,30.7479938,76.7759689,museum,N/A,2025-01-26,N/A,N/A,Punjab
ChIJl-ud-XPtDzkRczJ8PWVfhQs,Natural History Museum,30.7480941,76.78588429999999,museum,N/A,2025-01-26,N/A,N/A,Punjab
ChIJdXrzjXS_DzkRbFNtDuIexzM,Museum,30.58210739999999,76.8551595,museum,N/A,2025-01-26,N/A,N/A,Punjab
ChIJoz7RGYntDzkR_jW7wpQPlg0,Indian Air Force Heritage Museum Chandigarh,30.7392523,76.79095439999999,museum,N/A,2025-01-26,N/A,N/A,Punjab
ChIJA0WjvbrsDzkRrw__dRd4E_4,Heritage Garden,30.6906433,76.8134307,museum,N/A,2025-01-26,N/A,N/A,Punjab
ChIJ7VzThJQoEDkRdyt9i-Ll3tw,Antique Museum Patiala (Personal Collection),30.3423827,76.39223779999999,museum,N/A,2025-01-26,N/A,N/A,Punjab
ChIJzx9HEYftDzkRMNG-xeippwE,Fine Arts Museum,30.7624216,76.7723898,museum,N/A,2025-01-26,N/A,N/A,Punjab
ChIJzxuf5UhUBTkRQ34Ar1vVHws,Ropar Archeological Museum,30.9725618,76.5217972,museum,N/A,2025-01-26,N/A,N/A,Punjab
ChIJ4YJrBBntDzkRbKrpPMxw9U4,Le Corbusier Centre,30.7298194,76.7995423,museum,N/A,2025-01-26,N/A,N/A,Punjab
ChIJeQgNWvvvDzkRoyi7V1AYwd0,Sikh Museum Mohali,30.7257945,76.6998622,museum,N/A,2025-01-26,N/A,N/A,Punjab
ChIJX8vo4UWHDzkRH_8OVujuJjI,Tethys Fossil Museum,30.9232397,77.0199098,museum,N/A,2025-01-26,N/A,N/A,Punjab
ChIJq5lk436GDzkR691pXgtyW0o,Dagshai Heritage Museum,30.8862602,77.0527199,museum,N/A,2025-01-26,N/A,N/A,Punjab
ChIJtaCtovp4BTkRvUs-8XKLZYU,Army Heritage Museum,31.1095453,77.1591736,museum,N/A,2025-01-26,N/A,N/A,Punjab
ChIJP6tF5H-TDzkRiGrv49w1tNc,HARYANA ARCHAEOLOGICAL MUSEUM OF HISTORY,30.6950108,76.8544115,museum,N/A,2025-01-26,N/A,N/A,Punjab
ChIJlcD2qrcDEDkRjJjsiqhUp8c,Sanghol Buddhist Archaeological Museum,30.7902087,76.4011842,museum,N/A,2025-01-26,N/A,N/A,Punjab
ChIJe-6ZiwH0DzkRnVNstEuEKVs,Shaheed Dr. Diwan Singh Kalepani Museum,30.85589329999999,76.7353164,museum,N/A,2025-01-26,N/A,N/A,Punjab
ChIJOQPJjACTDzkR02rs7DTlLYs,Indian Army War Memorial,30.7258189,76.8706906,museum,N/A,2025-01-26,N/A,N/A,Punjab
ChIJwZbQfpjtDzkRxgZCDo7pIi8,International Dolls Museum,30.7411787,76.7709814,museum,N/A,2025-01-26,N/A,N/A,Punjab
ChIJ-aJl4jscEDkRp3maXHUMjBA,Khanda Sahib Museum,30.6510879,76.3936114,museum,N/A,2025-01-26,N/A,N/A,Punjab
ChIJfXY75nQdEDkRVDkYRo_60V0,Puadhi Jatt da museum,30.6817621,76.3896937,museum,N/A,2025-01-26,N/A,N/A,Punjab
ChIJX79fp0DtDzkR7HYkrQJc_FA,Pierre Jeanneret Museum,30.7447729,76.807622,museum,N/A,2025-01-26,N/A,N/A,Punjab
ChIJ-20_HX_tDzkRRjiDFJelkNc,National Gallery of Portraits : Sector 17,30.7403557,76.7849185,museum,N/A,2025-01-26,N/A,N/A,Punjab
ChIJOzZ2JiWDBTkRN8crdPK2vVo,Kufri museum,31.09841949999999,77.2630313,museum,N/A,2025-01-26,N/A,N/A,Punjab
ChIJybf4LcySDzkRj_Arp9sof6g,"Nature Interpretation Centre, Sukhna Lake",30.7394805,76.83102,museum,N/A,2025-01-26,N/A,N/A,Punjab
ChIJK6eQ-Hy3DzkRsH1hL_9uziw,Science Museum,30.3217295,76.84026279999999,museum,N/A,2025-01-26,N/A,N/A,Punjab
ChIJN3xjxkLtDzkR-U0XCJkyzuc,High Court Museum,30.7560225,76.8051859,museum,N/A,2025-01-26,N/A,N/A,Punjab
ChIJwxmT736GDzkR-NENOt0FyCQ,Dagshai Jail Museum,30.8866978,77.0527518,museum,N/A,2025-01-26,N/A,N/A,Punjab
ChIJPVXveux4BTkRvQqvBK-7lPI,Baba Bhalku Rail Museum,31.1038647,77.1681181,museum,N/A,2025-01-26,N/A,N/A,Punjab
ChIJnT60_wV_BTkRQkde9wq1ZOM,"Centre for Science Learning and Creativity (CSLC)-Himachal Pradesh Council for Science, Technology and Environment",31.0421181,77.1535904,museum,N/A,2025-01-26,N/A,N/A,Punjab
ChIJZRaXAu94BTkRmAyFiu_GKvY,Army Memorial Statue,31.1057159,77.16699779999999,museum,N/A,2025-01-26,N/A,N/A,Punjab
ChIJI_kLlVpOBTkRM_vZlV-xGc4,Saheb Kanshi Ram Birthplace Bahujan Memorial,31.140091,76.58217499999999,museum,N/A,2025-01-26,N/A,N/A,Punjab
ChIJxevRbeGNDzkRhpmGDijJffI,Bhima Devi Temple Site Museum,30.7967663,76.91450329999999,museum,N/A,2025-01-26,N/A,N/A,Punjab
ChIJwwV8tqPtDzkRd3OlqRsXBvg,Indian Air Force Heritage Museum Chandigarh Parking Area,30.73906999999999,76.79001219999999,museum,N/A,2025-01-26,N/A,N/A,Punjab
ChIJAQAAkMbtDzkRnfkj1mEogmc,KALA SAGAR,30.729533,76.75114200000002,museum,N/A,2025-01-26,N/A,N/A,Punjab
ChIJTTsKzqm3DzkRgP38Nzvb1FY,War Heroes Memorial Ambala,30.3221374,76.84023739999999,museum,N/A,2025-01-26,N/A,N/A,Punjab
ChIJZ2FTHVzvDzkRmInu9mMQXa8,Peer dargah sunny enclave,30.7475088,76.6626666,museum,N/A,2025-01-26,N/A,N/A,Punjab
ChIJSQ7ddxopEDkRB-fqYER9gj0,Moti Bagh Palace,30.307709,76.3944752,museum,N/A,2025-01-26,N/A,N/A,Punjab
ChIJ3dTnB7TtDzkRLjKiX0x7lyo,Sukhna Gallery,30.7386956,76.815552,museum,N/A,2025-01-26,N/A,N/A,Punjab
ChIJHUu5Cht5BTkRh5mXIGUXKsM,Viceregal Lodge,31.1036706,77.1421749,museum,N/A,2025-01-26,N/A,N/A,Punjab
ChIJmRJuTQApEDkRgwDmO3DdDRQ,NSNIS SAI Museum,30.3083376,76.3933747,museum,N/A,2025-01-26,N/A,N/A,Punjab
ChIJLQNhWwMoEDkRf2sXsuhTW8o,"Herbarium and Museum, Botany Department",30.3586237,76.4513333,museum,N/A,2025-01-26,N/A,N/A,Punjab
ChIJZUyrd5jtDzkRP6TfLY1Tsew,Bal Bhawan,30.7412293,76.7712264,museum,N/A,2025-01-26,N/A,N/A,Punjab
ChIJ0bH2h4-PDzkRuL7xbJ5DZOU,Railway Heritage museum,30.8413445,76.92941259999999,museum,N/A,2025-01-26,N/A,N/A,Punjab
ChIJfVr5l9eBBTkRn1C5mhqiFSo,Unique Art & Craft Museum,31.0665085,77.266832,museum,N/A,2025-01-26,N/A,N/A,Punjab
ChIJuSZdd0q2DzkRjrus2Jn_rlg,Kharga Heritage Park,30.3615005,76.84938989999999,museum,N/A,2025-01-26,N/A,N/A,Punjab
ChIJIeJDStWFDzkRv0aLxtnr0-g,Grave Yard,30.8821591,77.0561994,museum,N/A,2025-01-26,N/A,N/A,Punjab
ChIJf-UZ0823GjkRXCgHdjz6Kik,Guga Jaharveer Temple,31.1836752,76.27349629999999,museum,N/A,2025-01-26,N/A,N/A,Punjab
ChIJU7yf6QIKDzkRQlRysz0QIi0,Sirmour Virasat,30.5386906,77.2043044,museum,N/A,2025-01-26,N/A,N/A,Punjab
ChIJnfixF24pEDkRIB7VI3PPov8,Sheesh Mahal Patiala,30.3065513,76.3962248,museum,N/A,2025-01-26,N/A,N/A,Punjab
ChIJIaK34ux4BTkR5cOKzkly-F4,Bantony Castle,31.1061545,77.1697236,museum,N/A,2025-01-26,N/A,N/A,Punjab
ChIJ94IieJ8JDzkRF6zOa32JW2s,"Siwalik Fossil Park, Suketi",30.5045737,77.24302,museum,N/A,2025-01-26,N/A,N/A,Punjab
ChIJYdjNnpjtDzkRIJa24HWFcbo,Gurusharan Singh Memorial Gallery,30.6990612,76.7203804,museum,N/A,2025-01-26,N/A,N/A,Punjab
ChIJbcKdq7l5BTkRLDwTHYadlo0,Art gallery,31.1167667,77.1406069,museum,N/A,2025-01-26,N/A,N/A,Punjab
ChIJ1SogDBPFDzkRVxxN2H6fnlE,UCHA DAR BABE NANAK DA,30.4163171,76.7124663,museum,N/A,2025-01-26,N/A,N/A,Punjab
ChIJuRwVUADvDzkRvcjre3TYnBI,Chappar Chiri Mohali,30.7033037,76.6678803,museum,N/A,2025-01-26,N/A,N/A,Punjab
ChIJxZt5n-3iDDkRAruWCglWcYM,Shish Gumbad,28.5938185,77.2202047,attraction,N/A,2025-01-26,N/A,N/A,Haryana
ChIJI85HXAMeDTkRUnfV6u6dkSw,Mehrauli Archeological Park,28.5202041,77.187679,attraction,N/A,2025-01-26,N/A,N/A,Haryana
ChIJm8RPaUr9DDkRDBt4YsluSqI,Jantar Mantar,28.6270547,77.21662669999999,attraction,N/A,2025-01-26,N/A,N/A,Haryana
ChIJabG6qOX9DDkRrotp0P-a2MY,Charti Lal Goel Heritage Park,28.6527018,77.23641549999999,attraction,N/A,2025-01-26,N/A,N/A,Haryana
ChIJb1VVBf0YDTkRh1Md9mN3zyI,Leisure Valley Park,28.4697441,77.06617419999999,attraction,N/A,2025-01-26,N/A,N/A,Haryana
ChIJkZBzVpfjDDkRlzypM092Fhk,Yamuna River Viewing Point No.-1,28.6002768,77.260279,attraction,N/A,2025-01-26,N/A,N/A,Haryana
ChIJMYSLpO_9DDkRyd9OfXHJbmA,Explore Our India,28.6371746,77.2756181,attraction,N/A,2025-01-26,N/A,N/A,Haryana
ChIJgR-aW3TiDDkRaWPzih303gs,Bagh-I-Alam Ka Gumbad,28.5561209,77.1984494,attraction,N/A,2025-01-26,N/A,N/A,Haryana
ChIJ0RNc06I9DTkRg-AQUbA8WpM,Leopard Hills,28.3428791,76.9936456,attraction,N/A,2025-01-26,N/A,N/A,Haryana
ChIJgeCaSNRwdDkRsb163YNes4E,Khas Mahal,28.6560934,77.2436017,attraction,N/A,2025-01-26,N/A,N/A,Haryana
ChIJXU4arQceDTkRD0I7QEOrbug,Alai Minar,28.525848,77.18529180000002,attraction,N/A,2025-01-26,N/A,N/A,Haryana
ChIJP42tbAL9DDkROEV2hk9VaSo,Yamuna Ghat,28.6644866,77.23888269999999,attraction,N/A,2025-01-26,N/A,N/A,Haryana
ChIJ111GQ179DDkRUjhMp6uaYg0,Bhuli Bhatiyari Ka Mahal,28.6418274,77.1982489,attraction,N/A,2025-01-26,N/A,N/A,Haryana
ChIJ7V8LZwnzDDkRxrp1yqWHy9c,"Masuri Jheel ""A Vanya Tourism Alliance""",28.6996917,77.5452176,attraction,N/A,2025-01-26,N/A,N/A,Haryana
ChIJ1cbaNIodDTkR_8WrnVGrC2U,Munda Gumbad,28.5566951,77.1917165,attraction,N/A,2025-01-26,N/A,N/A,Haryana
ChIJmfY0e9zjDDkRrjKLFn1WlX0,Waste of seven wonders,28.5924368,77.2569781,attraction,N/A,2025-01-26,N/A,N/A,Haryana
ChIJ8UFtpxz-DDkRbxytVuHyIxI,Fountain of Oneness by Sant Nirankari Mission,28.7260355,77.2001258,attraction,N/A,2025-01-26,N/A,N/A,Haryana
ChIJfdrC4oodDTkRl__OWKvpxSU,Deer Park Lake,28.5566499,77.1911315,attraction,N/A,2025-01-26,N/A,N/A,Haryana
ChIJ0SlEne0mDTkReTc0recCa8w,Damdama,28.3040294,77.1276424,attraction,N/A,2025-01-26,N/A,N/A,Haryana
ChIJ8-qOkwgdDTkRhijh6ZZ2uv8,Hauz Khas Fort Delhi,28.5531541,77.1935275,attraction,N/A,2025-01-26,N/A,N/A,Haryana
ChIJRxAFBIPbDDkRNOOgQucbyQQ,Raja Nahar Singh Palace,28.3403805,77.3195449,attraction,N/A,2025-01-26,N/A,N/A,Haryana
ChIJu-NFDLrlDDkRLa3kkf7y-WA,Hangout Valley,28.5503372,77.30522069999999,attraction,N/A,2025-01-26,N/A,N/A,Haryana
ChIJ764tjwUeDTkRlcdK4epVeLI,Rajon Ki Baoli,28.5202724,77.1834136,attraction,N/A,2025-01-26,N/A,N/A,Haryana
ChIJVzsxsGDiDDkRO7evvxmOi1Q,Darya Khan's Tomb,28.5722418,77.21669349999999,attraction,N/A,2025-01-26,N/A,N/A,Haryana
ChIJcfQNBDbjDDkRXE4FyvCwdfg,Taj mahal - WOW,28.5910562,77.256602,attraction,N/A,2025-01-26,N/A,N/A,Haryana
ChIJC03rqdriDDkRXT6SJRGXFwc,India Gate,28.612912,77.2295097,attraction,N/A,2025-01-26,N/A,N/A,Haryana
ChIJy2lihNVqDTkRfgGKwkhRuCw,Sheesh Mahal,28.4470158,76.8226722,attraction,N/A,2025-01-26,N/A,N/A,Haryana
ChIJMbY-x4odDTkRlpct5Gmu7UI,Firoz Shah's Tomb,28.5530999,77.193497,attraction,N/A,2025-01-26,N/A,N/A,Haryana
ChIJ78f7mxEeDTkRKKZQwg7WbHY,"Jahaz Mahal, Delhi",28.5143269,77.17859779999999,attraction,N/A,2025-01-26,N/A,N/A,Haryana
ChIJA1nEawAhDTkRZqM78EBju3o,Nature’s Nest - The Petting Farm,28.416691,77.12469899999999,attraction,N/A,2025-01-26,N/A,N/A,Haryana
ChIJsTDFjYsdDTkRVS0dHyMwgjw,Hauz Khas Complex,28.5530287,77.1930605,attraction,N/A,2025-01-26,N/A,N/A,Haryana
ChIJg8SycOXjDDkRnt5yQVsDSAE,Pyramid - WOW,28.5920767,77.2567384,attraction,N/A,2025-01-26,N/A,N/A,Haryana
ChIJw4KKEWUdDTkRqC_urjhY-tg,India Africa Friendship Rose Garden,28.5881629,77.18500379999999,attraction,N/A,2025-01-26,N/A,N/A,Haryana
ChIJ4dFkH8wBDTkRmyy8gnM_kEw,SNOW CITY,28.7259276,77.1137349,attraction,N/A,2025-01-26,N/A,N/A,Haryana
ChIJy2BCmSfjDDkReDki0UHiSTk,"Talāqi Darwaza, Purana Qila",28.611749,77.24163399999999,attraction,N/A,2025-01-26,N/A,N/A,Haryana
ChIJ65X5ZU_jDDkRKSTq2hYlATw,Sunset Point - Akshardham,28.6178559,77.279152,attraction,N/A,2025-01-26,N/A,N/A,Haryana
ChIJpwtG6BzjDDkRDajfOy268bk,Humayun’s Tomb,28.5932848,77.2507492,attraction,N/A,2025-01-26,N/A,N/A,Haryana
ChIJUYjrAQodDTkR_nWf3vgDD0k,Aerocity Fountain,28.5532569,77.1226535,attraction,N/A,2025-01-26,N/A,N/A,Haryana
ChIJFZkh6uPhDDkRHCcxh5hX_BQ,The Garden of Five Senses,28.513403,77.1975227,attraction,N/A,2025-01-26,N/A,N/A,Haryana
ChIJK6BUxosdDTkRldimsH6l95Q,Hauz Khas District Park,28.5562492,77.19021219999999,attraction,N/A,2025-01-26,N/A,N/A,Haryana
ChIJ4Yr8gnPiDDkRwWXLyG-OLuc,Hauz Khas Lake,28.5531653,77.19285289999999,attraction,N/A,2025-01-26,N/A,N/A,Haryana
ChIJrZ_kvLQDDTkR53wTAZTonFk,Tihar Lake,28.6311453,77.10363799999999,attraction,N/A,2025-01-26,N/A,N/A,Haryana
ChIJXUFN1Q8jDTkR5IUsjJlOJ2E,Bhondsi Nature Park,28.363009,77.04498199999999,attraction,N/A,2025-01-26,N/A,N/A,Haryana
ChIJ96hmYV7iDDkRj2hks_0dB5E,Bade Khan Ka Gumbad,28.5731113,77.2201489,attraction,N/A,2025-01-26,N/A,N/A,Haryana
ChIJS9s8-YnhDDkR0GEi4d17D_w,"Satpula, Delhi",28.5316427,77.22352529999999,attraction,N/A,2025-01-26,N/A,N/A,Haryana
ChIJb8aGVGsDDTkRocnBoim60Wk,Bindra park,28.6423389,77.1254165,attraction,N/A,2025-01-26,N/A,N/A,Haryana
ChIJAbTif-H8DDkRP-VHj6rYtBQ,Mumtaz Mahal,28.6545162,77.24343540000001,attraction,N/A,2025-01-26,N/A,N/A,Haryana
ChIJjZ-dzOP8DDkRzC7a5M8RP0c,"Rang Mahal, New Delhi",28.6555279,77.24347279999999,attraction,N/A,2025-01-26,N/A,N/A,Haryana
ChIJ88wXqGvjDDkRZDEv18kGk5c,DBF New Delhi Walk,28.6126736,77.2322226,attraction,N/A,2025-01-26,N/A,N/A,Haryana
ChIJN7aS5NriDDkR48D4OPCDucQ,Children's Park,28.6115018,77.23112309999999,attraction,N/A,2025-01-26,N/A,N/A,Haryana
ChIJtzgTZEr9DDkR8weGG_NEQr8,Ram Yantra,28.6265715,77.2165301,attraction,N/A,2025-01-26,N/A,N/A,Haryana
ChIJP-AfUPcdDTkRWpMp0h346Tk,Scoping Zone,28.5465902,77.187347,attraction,N/A,2025-01-26,N/A,N/A,Haryana
ChIJETWu9BvjDDkRKcvuIXfwpK4,Sunderwala Mahal,28.5960708,77.2465823,attraction,N/A,2025-01-26,N/A,N/A,Haryana
ChIJcWc7SyHjDDkRs8yyCmF5khM,Purana Quila,28.6095744,77.24373709999999,attraction,N/A,2025-01-26,N/A,N/A,Haryana
ChIJjzAJ4zviDDkRHOjuUO1sUyQ,Hauz Khas Forest,28.5479803,77.2246267,attraction,N/A,2025-01-26,N/A,N/A,Haryana
ChIJ05fFmmThDDkRrx3N3hfC_r8,Triangle Point Saket,28.5165025,77.1946038,attraction,N/A,2025-01-26,N/A,N/A,Haryana
ChIJNTzDu4fjDDkRm5W5NDVXUZ8,Kartavya Path,28.6136831,77.2135103,attraction,N/A,2025-01-26,N/A,N/A,Haryana
ChIJR4v0t90DDTkRD6AfYj89BUc,"Ashok Vihar Tomb at Sawan park, Delhi",28.6917569,77.1814988,attraction,N/A,2025-01-26,N/A,N/A,Haryana
ChIJLwvoXQolDTkRAfajE-xQgqA,Ghamroj Natural Waterfall,28.3250625,77.0393125,attraction,N/A,2025-01-26,N/A,N/A,Haryana
ChIJq6qqmkABDTkREBpp5hT5OSo,Adventure Island,28.724723,77.11453279999999,attraction,N/A,2025-01-26,N/A,N/A,Haryana
ChIJDcTM_osZDTkRcouSh62E1vo,School Ground,28.5090106,77.0389055,beaches,N/A,2025-01-26,N/A,N/A,Haryana
ChIJVUTl52nwDDkR2uechSzITsI,Hindon Chaath Ghat,28.6706978,77.400578,beaches,N/A,2025-01-26,N/A,N/A,Haryana
ChIJdUMucKNVDDkRrCgZYyTnMng,Goggz Riverside Beach,28.8979844,77.2331833,beaches,N/A,2025-01-26,N/A,N/A,Haryana
ChIJc8eN5AD_DDkRCcZZq46xPgI,Yamuna Beach,28.7224387,77.2430002,beaches,N/A,2025-01-26,N/A,N/A,Haryana
ChIJv196wE3_DDkRWj0NusJEshs,"Sangwan Beach, Tehari Dawlatpur, Delhi",28.7865184,77.2043278,beaches,N/A,2025-01-26,N/A,N/A,Haryana
ChIJdegLiGX9DDkR9_IQS3KglQc,Signature Beach,28.7086614,77.23275679999999,beaches,N/A,2025-01-26,N/A,N/A,Haryana
ChIJE9-t1fPnDDkRTviKN0qfkDs,Yamuna Beach and Playground,28.53683,77.3244217,beaches,N/A,2025-01-26,N/A,N/A,Haryana
ChIJsVToFeEdDTkREkHgn6UpLcM,Sanjay Van Lake,28.5318209,77.1755326,beaches,N/A,2025-01-26,N/A,N/A,Haryana
ChIJAQAAXN7jDDkRdau3NoKGQ9c,the Turtle Beach,28.5396781,77.2609897,beaches,N/A,2025-01-26,N/A,N/A,Haryana
ChIJP42tbAL9DDkROEV2hk9VaSo,Yamuna Ghat,28.6644866,77.23888269999999,beaches,N/A,2025-01-26,N/A,N/A,Haryana
ChIJkZBzVpfjDDkRlzypM092Fhk,Yamuna River Viewing Point No.-1,28.6002768,77.260279,beaches,N/A,2025-01-26,N/A,N/A,Haryana
ChIJw323u54ZDTkRFaKJxKFlXUI,ancient muscle beach,28.4754675,77.0472018,beaches,N/A,2025-01-26,N/A,N/A,Haryana
ChIJRSj7-BL_DDkRwJQ43FQ_uU8,Rock Point Delhi,28.7868872,77.20426839999999,beaches,N/A,2025-01-26,N/A,N/A,Haryana
ChIJn5sfyREbDTkR51FTGui_Ms4,Dwarka Sec-8 Park,28.5761242,77.071367,beaches,N/A,2025-01-26,N/A,N/A,Haryana
ChIJixZcO_fkDDkRgAd3an8_a0o,Beach & Woods,28.5918173,77.31886469999999,beaches,N/A,2025-01-26,N/A,N/A,Haryana
ChIJ_cynL9AFDTkRDDri6_KpBmk,Uttam Beach,28.6113917,77.0737853,beaches,N/A,2025-01-26,N/A,N/A,Haryana
ChIJw9xy9OYFDTkR_jKqhls3dWo,Penguin Beach,28.6722238,77.0586828,beaches,N/A,2025-01-26,N/A,N/A,Haryana
ChIJ1_s7QgQFDTkRjumfGKZ0q5k,Tilak Nagar Beach,28.6408441,77.09992749999999,beaches,N/A,2025-01-26,N/A,N/A,Haryana
ChIJGzQkjeUYDTkRMWFl6KH_BPA,Oyster's Water Park,28.4608857,77.0722184,beaches,N/A,2025-01-26,N/A,N/A,Haryana
ChIJn6MumTfkDDkRW8_qiR20a6I,Worlds of Wonder,28.5675446,77.3261607,beaches,N/A,2025-01-26,N/A,N/A,Haryana
ChIJvbcCDZvvDDkRzDaVsmHCAas,Noida Park,28.567103,77.3930178,beaches,N/A,2025-01-26,N/A,N/A,Haryana
ChIJhV4bDLQbDTkR3tjwIMiFSYM,Muscle Beach Gym,28.5869544,77.0861188,beaches,N/A,2025-01-26,N/A,N/A,Haryana
ChIJQZ7e0Ib-DDkR5p3003UySSA,Dhai Pusta Park,28.7239082,77.24382229999999,beaches,N/A,2025-01-26,N/A,N/A,Haryana
ChIJf1SrQKL_DDkRKmIzAo6hyqg,Burari Park,28.756273,77.1959435,beaches,N/A,2025-01-26,N/A,N/A,Haryana
ChIJeQ-383gJDTkRXRnfit6PbPQ,LADPUR BOTTING AREA ND SWIMMING BEACH,28.7366501,76.997492,beaches,N/A,2025-01-26,N/A,N/A,Haryana
ChIJaYWXBMUhDTkRym24vE1Brwo,"The Crashpad, Mangar",28.3671517,77.1814098,beaches,N/A,2025-01-26,N/A,N/A,Haryana
ChIJ6fjIVBXvDDkRXKj_R-KBbU0,Mount n Beach Travels,28.623542,77.43619029999999,beaches,N/A,2025-01-26,N/A,N/A,Haryana
ChIJ4YcGHzb9DDkRu6bbSXdrSuw,Beach Spark,28.6304203,77.21772159999999,beaches,N/A,2025-01-26,N/A,N/A,Haryana
ChIJLwvoXQolDTkRAfajE-xQgqA,Ghamroj Natural Waterfall,28.3250625,77.0393125,waterfalls,N/A,2025-01-26,N/A,N/A,Haryana
ChIJ4ebVYNYlDTkRcnVaoC4wbaE,"Badi Kholi, Ghamroj Waterfall",28.324759,77.0391775,waterfalls,N/A,2025-01-26,N/A,N/A,Haryana
ChIJlapLoFADDTkRXNDYX0ij1N4,Park,28.6243361,77.1095814,waterfalls,N/A,2025-01-26,N/A,N/A,Haryana
ChIJl-U4jiXdDDkRFrff7XS6g-c,World street Fountain,28.3874736,77.3539424,waterfalls,N/A,2025-01-26,N/A,N/A,Haryana
ChIJhaaoMGzfDDkREKCq_4csmvs,Jharna Temple,28.3782746,77.2128843,waterfalls,N/A,2025-01-26,N/A,N/A,Haryana
ChIJo81abPf9DDkR8ogqeZIB51w,Mound and waterfall,28.6744511,77.1994441,waterfalls,N/A,2025-01-26,N/A,N/A,Haryana
ChIJ2YyWIQAjDTkRKd93NngpmJQ,Waterfall,28.3509552,77.06148329999999,waterfalls,N/A,2025-01-26,N/A,N/A,Haryana
ChIJ6RkfTBEnDTkR0Zx10bmJAH0,Angira Anand Spring Waterfalls (Village Kot),28.3383257,77.1622919,waterfalls,N/A,2025-01-26,N/A,N/A,Haryana
ChIJU_GKZlcPDTkRKyhQ2FmBpxs,"Water Body, Tikri Kalan-2",28.6802692,76.9663544,waterfalls,N/A,2025-01-26,N/A,N/A,Haryana
ChIJZ9YLDCYbDTkRohPpRF7fvQE,"Water Body, Dhool Siras",28.5545865,77.0323951,waterfalls,N/A,2025-01-26,N/A,N/A,Haryana
ChIJP8OXVy49DTkRcK1OTY0vimI,The Leopard Trail,28.3766475,76.9964046,waterfalls,N/A,2025-01-26,N/A,N/A,Haryana
ChIJD0fOBlUdDTkRoULlelKSlxQ,"Water Body, Sanjay Van",28.5320843,77.17553099999999,waterfalls,N/A,2025-01-26,N/A,N/A,Haryana
ChIJk8GsdnQHDTkRXvtWlOWnVjM,"Water Body, Karala",28.7370173,77.0488968,waterfalls,N/A,2025-01-26,N/A,N/A,Haryana
ChIJK90ePzrfDDkRgNPdPEbYuWc,Valley of Faridabad,28.4393211,77.2819019,waterfalls,N/A,2025-01-26,N/A,N/A,Haryana
ChIJlZqdqTcfDTkRG1_qqQlZaxk,Jharna (Waterfall) Mahal Complex,28.5133906,77.17914449999999,waterfalls,N/A,2025-01-26,N/A,N/A,Haryana
ChIJ5w6xoCsFDTkRURJdrVbnnEw,"Water Body, Hastsal",28.6302823,77.0555682,waterfalls,N/A,2025-01-26,N/A,N/A,Haryana
ChIJ0RNc06I9DTkRg-AQUbA8WpM,Leopard Hills,28.3428791,76.9936456,waterfalls,N/A,2025-01-26,N/A,N/A,Haryana
ChIJlQHCZ4DfDDkRmiKFzSDZQjA,Kamboj Lake,28.3960196,77.2115214,waterfalls,N/A,2025-01-26,N/A,N/A,Haryana
ChIJgbFEL8rvDDkRgNE21G8iZ3A,Gayatri Fountain,28.6085758,77.3999403,waterfalls,N/A,2025-01-26,N/A,N/A,Haryana
ChIJgV0vUbflDDkRti79fwUlYB8,Common kingfisher point,28.6049178,77.3489877,waterfalls,N/A,2025-01-26,N/A,N/A,Haryana
ChIJtVzSIPIlDTkRwN0hdsrAOok,Peela jhoda,28.3146847,77.0452352,waterfalls,N/A,2025-01-26,N/A,N/A,Haryana
ChIJqdQDYpo9DTkRqTaQi7tDF-w,Leopard trail,28.3425361,76.9958138,waterfalls,N/A,2025-01-26,N/A,N/A,Haryana
ChIJX7i-g7Y9DTkRQiIPT-BDIHU,Aravalli Hill View Point,28.3818513,76.9986204,waterfalls,N/A,2025-01-26,N/A,N/A,Haryana
ChIJ6VhlGTQ9DTkR_ng70vBqJEw,Leopard Trail Lake,28.3581529,76.9976823,waterfalls,N/A,2025-01-26,N/A,N/A,Haryana
ChIJlalP9vLfDDkR5juPqLcQseY,Jharna mandir entry,28.3750507,77.2122778,waterfalls,N/A,2025-01-26,N/A,N/A,Haryana
ChIJ05zSsEzzDDkRz4I6Y4H1HtM,Fountains,28.6602873,77.497918,waterfalls,N/A,2025-01-26,N/A,N/A,Haryana
ChIJ_XkQZQAlDTkRdkpHjlGF2LY,RAJPUT marg Ghamroj,28.3281368,77.0671744,waterfalls,N/A,2025-01-26,N/A,N/A,Haryana
ChIJaRnHJvwaDTkROAwO4FMYllg,DDA Water Body and wood land,28.5676657,77.0525493,waterfalls,N/A,2025-01-26,N/A,N/A,Haryana
ChIJvaLF3x8BDTkRg8FliSYam8Q,Fountains,28.7247944,77.1202716,waterfalls,N/A,2025-01-26,N/A,N/A,Haryana
ChIJ2b7qtfMfDTkRoYDiADRCpJ0,Kholi Mandir Bandh Lake,28.4410083,77.12051439999999,waterfalls,N/A,2025-01-26,N/A,N/A,Haryana
ChIJlyoDatEPDTkRxxVKe9CuZww,"Water Body, Neelwal",28.6682022,76.97988,waterfalls,N/A,2025-01-26,N/A,N/A,Haryana
ChIJFzkmDJ4CDTkRYMtvDbghpY8,Paradise Fountains,28.6522162,77.19422229999999,waterfalls,N/A,2025-01-26,N/A,N/A,Haryana
ChIJd1Xn3Rg9DTkRwOlCBz6PQUI,Pandala Hills Drive,28.3689745,76.9957069,waterfalls,N/A,2025-01-26,N/A,N/A,Haryana
ChIJlXXwMnwZDTkR4mnaqjU9pWQ,ncr hikes,28.493412,77.0961757,waterfalls,N/A,2025-01-26,N/A,N/A,Haryana
ChIJTQ2WMP4jDTkRweTGZhpu2tw,Tiger's lake,28.3344263,77.03767409999999,waterfalls,N/A,2025-01-26,N/A,N/A,Haryana
ChIJoeXKGQHfDDkRPvaN6zvzfqc,Jharna Mandir Pali Bani,28.3920908,77.2364274,waterfalls,N/A,2025-01-26,N/A,N/A,Haryana
ChIJ7TY_kpYhDTkRmhJ7x1g8ckU,Valley of Gurugram,28.3913544,77.12966140000002,waterfalls,N/A,2025-01-26,N/A,N/A,Haryana
ChIJIUiAYQUXDTkRPtqc5wyS1qw,Krisumi Waterfall Studio,28.4178402,76.97298789999999,waterfalls,N/A,2025-01-26,N/A,N/A,Haryana
ChIJQRsPrpY9DTkR0WTJ5LuVy4k,"Aravalli hills, sakatpur gurugram",28.3690303,76.99571159999999,waterfalls,N/A,2025-01-26,N/A,N/A,Haryana
ChIJh2kACREeDTkRQNxA_zDGcvQ,Mughal Period Jharna,28.5134242,77.17924339999999,waterfalls,N/A,2025-01-26,N/A,N/A,Haryana
ChIJwRdtBwfnDDkRM3NMW_gTFLQ,Surajkund Circle,28.4895222,77.2866377,waterfalls,N/A,2025-01-26,N/A,N/A,Haryana
ChIJ9z7OBzZvDTkR-XHYDDk8b8E,Shamsyan Ghat,28.5648633,76.7330526,waterfalls,N/A,2025-01-26,N/A,N/A,Haryana
ChIJJ4rVVKIZDTkR0UEMi5RdsCw,Sikanderpur Pond,28.4782977,77.1022912,waterfalls,N/A,2025-01-26,N/A,N/A,Haryana
ChIJj2rVhnzhDDkRomc9mhyQsDk,Death Valley,28.4811401,77.2825742,waterfalls,N/A,2025-01-26,N/A,N/A,Haryana
ChIJsYye6_TdDDkR68rdLxcKVgo,Water booster,28.4247421,77.3247385,waterfalls,N/A,2025-01-26,N/A,N/A,Haryana
ChIJ__f0zoMZDTkRyJ9HZcPvUTU,Triund Trek,28.5078536,77.0710618,waterfalls,N/A,2025-01-26,N/A,N/A,Haryana
ChIJd-mW2uThDDkRA3enTKGuVRQ,शिखर अरावली दिल्ली.,28.4832104,77.2288847,waterfalls,N/A,2025-01-26,N/A,N/A,Haryana
ChIJlY-RqKs9DTkR5kAyWXb6gVw,Krisumi Waterfall Residences Gurgaon,28.4170455,76.97343699999999,waterfalls,N/A,2025-01-26,N/A,N/A,Haryana
ChIJFd6sXJMfDTkREW16cgA1l30,Ahana fountains & waterfalls,28.5127385,77.1857702,waterfalls,N/A,2025-01-26,N/A,N/A,Haryana
ChIJ-1yuuDo9DTkRrKuCH-HJiBc,Aravalli Hills,28.3613,76.9936,waterfalls,N/A,2025-01-26,N/A,N/A,Haryana
ChIJ99LSRgAjDTkRDjCLyI-ag1A,Aravalli Tikli,28.3392013,77.04051249999999,waterfalls,N/A,2025-01-26,N/A,N/A,Haryana
ChIJc9YHgD7lDDkRrrW3KCCRe-I,Rapat ka pura,28.555437,77.356416,waterfalls,N/A,2025-01-26,N/A,N/A,Haryana
ChIJ508T-sbdDDkRPE4ZENiaEYI,Vivekanand Park,28.4174703,77.3060567,waterfalls,N/A,2025-01-26,N/A,N/A,Haryana
ChIJcWR3yLsjDTkRXIWFY5Q3mhg,Leopard Point 1,28.3404637,77.0333383,waterfalls,N/A,2025-01-26,N/A,N/A,Haryana
ChIJe4nqZwAXDTkRgAsPw9SEoOE,Tata Projects - Krisumi Waterfall Residences,28.4186567,76.964552,waterfalls,N/A,2025-01-26,N/A,N/A,Haryana
ChIJP2U1aDICDTkR0yKKIw09DOc,Aravali Hills in Gurgaon,28.3539423,76.996584,waterfalls,N/A,2025-01-26,N/A,N/A,Haryana
ChIJAR77HH4BDTkR5HRamyvlk3Y,Kartik bhai buraria,28.7522323,77.193806,waterfalls,N/A,2025-01-26,N/A,N/A,Haryana
ChIJ_a6f8UojDTkRgnCJoCXSZNU,Maa Bhuvneshwari Lake,28.3595432,77.0446324,waterfalls,N/A,2025-01-26,N/A,N/A,Haryana
ChIJEXI99I7dDDkRf7YlM2ETr4c,Town Park Sector-31,28.4405605,77.31715319999999,waterfalls,N/A,2025-01-26,N/A,N/A,Haryana
ChIJZwx9bx7jDDkRdj55CRyLtEQ,Baansera Park,28.593796,77.2616895,waterfalls,N/A,2025-01-26,N/A,N/A,Haryana
ChIJPYfkAv_pDDkRSNBCb32ULsE,City Park Noida,28.5212213,77.3785765,parks,N/A,2025-01-26,N/A,N/A,Haryana
ChIJdWSb3ejmDDkRFhoJ2rb7v_4,ECO PARK NTPC,28.5149152,77.3122307,parks,N/A,2025-01-26,N/A,N/A,Haryana
ChIJKWwYwT7hDDkRJhrlOJrBUYo,Tughlakabad District Park,28.509514,77.26817280000002,parks,N/A,2025-01-26,N/A,N/A,Haryana
ChIJdwchzijiDDkRF_ieHjBNS_0,Chirag Delhi Park,28.538384,77.2311277,parks,N/A,2025-01-26,N/A,N/A,Haryana
ChIJaWzoQkgCDTkRyBjKVrKUxxU,VIP PARK,28.6844685,77.1584513,parks,N/A,2025-01-26,N/A,N/A,Haryana
ChIJ4f7CTBIdDTkRZSxn0QQssg0,Satya Niketan Park,28.5869974,77.1676932,parks,N/A,2025-01-26,N/A,N/A,Haryana
ChIJq4jAKNoaDTkRUBaH0AeWTNU,DDA Park,28.594874,77.05124099999999,parks,N/A,2025-01-26,N/A,N/A,Haryana
ChIJj9wuBnACDTkRwEx69vC_U5w,DDA Park,28.6761043,77.1730429,parks,N/A,2025-01-26,N/A,N/A,Haryana
ChIJ7cYRv5ADDTkROuJ_gbX3uKY,Baba Ramdev Park,28.672536,77.118543,parks,N/A,2025-01-26,N/A,N/A,Haryana
ChIJEXI99I7dDDkRf7YlM2ETr4c,Town Park Sector-31,28.4405605,77.31715319999999,parks,N/A,2025-01-26,N/A,N/A,Haryana
ChIJw_pFqX0YDTkRoTLmvgW820c,Guru Nanak Park,28.4324187,77.0546263,parks,N/A,2025-01-26,N/A,N/A,Haryana
ChIJRYYlAdQZDTkR7FhP0XwP0t4,"Sector7 Park, Gurgaon",28.4717938,77.0159322,parks,N/A,2025-01-26,N/A,N/A,Haryana
ChIJ42Ubq8YZDTkR6m6i-6Uqlpk,ParkEnclave Park,28.4484526,77.0470903,parks,N/A,2025-01-26,N/A,N/A,Haryana
ChIJO2rj9N_lDDkR26n--y_4y4c,Shaheen Bagh Park,28.5434679,77.2999452,parks,N/A,2025-01-26,N/A,N/A,Haryana
ChIJB3K4j68cDTkRT0BFte7Vrr4,Park,28.6024251,77.11196869999999,parks,N/A,2025-01-26,N/A,N/A,Haryana
ChIJmU3ZmH8XDTkRC-pskhaHpao,Sector 7 Extension Park,28.4668766,77.00794139999999,parks,N/A,2025-01-26,N/A,N/A,Haryana
ChIJUXKhdXXkDDkRaTcD1-6OblQ,Jauhar Park JMI,28.5624283,77.28448089999999,parks,N/A,2025-01-26,N/A,N/A,Haryana
ChIJMZBq5ADjDDkRwAepzY2U9A8,Birbal Park,28.5825147,77.2445109,parks,N/A,2025-01-26,N/A,N/A,Haryana
ChIJ1XELosjnDDkRnoI4gF6fZGM,Lohiya Pull Park,28.5063987,77.3132478,parks,N/A,2025-01-26,N/A,N/A,Haryana
ChIJa_7HR5kDDTkRadKtaZZreP0,MCD Park,28.666538,77.121056,parks,N/A,2025-01-26,N/A,N/A,Haryana
ChIJQWz6X03jDDkRHqr34lsF78g,DDA PARK,28.6274544,77.2749674,parks,N/A,2025-01-26,N/A,N/A,Haryana
ChIJI_hPNNoZDTkRj1T7KuZdjzI,TIKONA PARK,28.4806343,77.0173579,parks,N/A,2025-01-26,N/A,N/A,Haryana
ChIJfd6onMfjDDkRNpOXPcoNchE,MCD Park,28.5574037,77.25462809999999,parks,N/A,2025-01-26,N/A,N/A,Haryana
ChIJV5kKbRwFDTkROyK7HWvc8Ms,Janakpuri Park,28.6310741,77.0904573,parks,N/A,2025-01-26,N/A,N/A,Haryana
ChIJOzmLeXgXDTkRRZ84nD5tTRI,HUDA Park,28.4652066,77.0011166,parks,N/A,2025-01-26,N/A,N/A,Haryana
ChIJ2_FOYBIDDTkRfzi9s8RfElw,Park,28.647868,77.128556,parks,N/A,2025-01-26,N/A,N/A,Haryana
ChIJMe5VlbL8DDkRiP0HLhJoJ_4,Lalita Park,28.632444,77.2714594,parks,N/A,2025-01-26,N/A,N/A,Haryana
ChIJ8aYgyUfiDDkRaTCumgZMH0s,Sri Aurobindo Park,28.5578678,77.2278705,parks,N/A,2025-01-26,N/A,N/A,Haryana
ChIJY5_gtdIEDTkR6gZ47HSY1J0,Bindapur Park,28.609238,77.066609,parks,N/A,2025-01-26,N/A,N/A,Haryana
ChIJvXHzW1fjDDkREskqR19OZ9M,Govt Park,28.6184635,77.28179329999999,parks,N/A,2025-01-26,N/A,N/A,Haryana
ChIJe6VwRLHxDDkRWBUEikMtaW4,Gandhi Park.,28.6733118,77.4308467,parks,N/A,2025-01-26,N/A,N/A,Haryana
ChIJCdzws_LiDDkR_96SAAWSZ8I,Jor Bagh Park,28.5879489,77.217827,parks,N/A,2025-01-26,N/A,N/A,Haryana
ChIJebgQSq78DDkRT4qA4AYJk14,Sanjay Park,28.6310456,77.28122599999999,parks,N/A,2025-01-26,N/A,N/A,Haryana
ChIJD-LLhUziDDkRQp_NCPR2oCk,Park,28.5631432,77.2379969,parks,N/A,2025-01-26,N/A,N/A,Haryana
ChIJ9SpLdMQaDTkRyNNQLSXDVjc,DDA Park Delhi,28.5893914,77.0408729,parks,N/A,2025-01-26,N/A,N/A,Haryana
ChIJp78NPjobDTkRd5aKN-G2vq4,Dwarka Park,28.5958415,77.07268549999999,parks,N/A,2025-01-26,N/A,N/A,Haryana
ChIJobTUfd7kDDkR2h0a3L9wBV4,Dr. Babasaheb Ambedkar Park,28.6138182,77.32708509999999,parks,N/A,2025-01-26,N/A,N/A,Haryana
ChIJndyyKDb9DDkRf55Hg4TM_34,Palika Park,28.6313516,77.2178773,parks,N/A,2025-01-26,N/A,N/A,Haryana
ChIJgcQkWvbhDDkRusMIk2942MY,Haji Abbas Park,28.5283827,77.2097627,parks,N/A,2025-01-26,N/A,N/A,Haryana
ChIJpds36V7iDDkRhKUV9u0ywsg,DDA Park,28.574025,77.2215119,parks,N/A,2025-01-26,N/A,N/A,Haryana
ChIJRfX9Fm3hDDkR7rvcj18210M,"Monkey Park, New Delhi",28.5137562,77.2539855,parks,N/A,2025-01-26,N/A,N/A,Haryana
ChIJf8_H1Zn6DDkRRpaJpMkZzks,Shivaji Park,28.6647034,77.3668371,parks,N/A,2025-01-26,N/A,N/A,Haryana
ChIJZVeFrZjlDDkRDOxNEO-rkYc,Nar Vihar 1 Park,28.5846695,77.3560885,parks,N/A,2025-01-26,N/A,N/A,Haryana
ChIJcUEmmqDjDDkRQPChd87Vl7E,Katoch Park,28.5810423,77.25953419999999,parks,N/A,2025-01-26,N/A,N/A,Haryana
ChIJF3LSVqDjDDkRRQUYRO6DTXQ,Park,28.5792687,77.26106399999999,parks,N/A,2025-01-26,N/A,N/A,Haryana
ChIJVVbWkyeFDTkRMvMXhLfbhKs,Tau Devi Lal Park,28.8871393,76.62809419999999,parks,N/A,2025-01-26,N/A,N/A,Haryana
ChIJhTVs0OUZDTkRznX7RiysGN4,Ansal Park,28.4960243,77.0196855,parks,N/A,2025-01-26,N/A,N/A,Haryana
ChIJSZCk8WDvDDkRwVB0mloKoQE,Master Green Park,28.5830364,77.3982414,parks,N/A,2025-01-26,N/A,N/A,Haryana
ChIJMcfcOqfjDDkR95rf5UQJ1OI,M. C. D. Park,28.579166,77.2569,parks,N/A,2025-01-26,N/A,N/A,Haryana
ChIJIc2tspjxDDkRQsnnX9K9pqE,Vivekanand Park,28.6523522,77.4518152,parks,N/A,2025-01-26,N/A,N/A,Haryana
ChIJ-6_lGlMCDTkRpsnM1zWOkHU,Jaidev Park,28.6708608,77.1505525,parks,N/A,2025-01-26,N/A,N/A,Haryana
ChIJ16M-ChHlDDkRyI4dnILYZ_4,C Block Park,28.6042922,77.3479096,parks,N/A,2025-01-26,N/A,N/A,Haryana
ChIJwb-f6EOwDTkRbP1bqVETsuc,Sector 15 Park,29.0018674,77.0380466,parks,N/A,2025-01-26,N/A,N/A,Haryana
ChIJSfjWnq4cDTkRTxNsZqayqrw,Sahyogi park,28.6070715,77.1099527,parks,N/A,2025-01-26,N/A,N/A,Haryana
ChIJlxTHzD7jDDkRmOpgte5aEQM,Siri Fort park,28.5455175,77.2201699,parks,N/A,2025-01-26,N/A,N/A,Haryana
ChIJ0RU8Loj8DDkRIh0WlMYZakE,Ramleela Park,28.6737698,77.2725638,parks,N/A,2025-01-26,N/A,N/A,Haryana
ChIJh7Nw1VkbDTkRq1Z10GM8YWU,Children's Park (Jhule wala park),28.6005479,77.0994564,parks,N/A,2025-01-26,N/A,N/A,Haryana
ChIJudktv2AEDTkRDX7k9XoYvsA,GH 8 Park Paschim vihar,28.6607536,77.0807664,parks,N/A,2025-01-26,N/A,N/A,Haryana
ChIJRW0ohAjjDDkR_mxYYTcfMJs,MCD Park,28.582768,77.253305,parks,N/A,2025-01-26,N/A,N/A,Haryana
ChIJhUS8ZAiFDTkRqF6bicdD490,Mansarovar Park,28.8956771,76.59758339999999,parks,N/A,2025-01-26,N/A,N/A,Haryana
ChIJ2_aPeJb9DDkRjFaPO3zBsCo,Museum of Illusions,28.6332086,77.2179489,museum,N/A,2025-01-26,N/A,N/A,Haryana
ChIJ6_Afx1L9DDkRz-6lLymfQiA,"National Museum, New Delhi",28.6119078,77.21929089999999,museum,N/A,2025-01-26,N/A,N/A,Haryana
ChIJiwFRG8b9DDkRPZhtt1Ur1M8,Metro Museum,28.62361,77.2147341,museum,N/A,2025-01-26,N/A,N/A,Haryana
ChIJw4iG2zv9DDkRzwyCKBtQfEc,"Museum On 1857- India's First War Of Independence, New Delhi",28.6565568,77.24204259999999,museum,N/A,2025-01-26,N/A,N/A,Haryana
ChIJGwO7EibjDDkR4At2961aPPE,National Science Centre,28.6131368,77.24538369999999,museum,N/A,2025-01-26,N/A,N/A,Haryana
ChIJHwdPU73iDDkRJyADQJ4YfH0,Indira Gandhi Memorial Museum,28.5999159,77.20611219999999,museum,N/A,2025-01-26,N/A,N/A,Haryana
ChIJNy_v7Yn9DDkROSIBo8osMq0,National Children Museum,28.6325152,77.2376666,museum,N/A,2025-01-26,N/A,N/A,Haryana
ChIJid6gIXAdDTkRAqqcP1nQRts,National Rail Museum,28.5849873,77.1814107,museum,N/A,2025-01-26,N/A,N/A,Haryana
ChIJAf9lc-L8DDkR1qqxzzeQwZ4,Archaeological Museum Red Fort,28.6557505,77.2409389,museum,N/A,2025-01-26,N/A,N/A,Haryana
ChIJPQK7Ts4CDTkRMcJcBZUcLF0,National Agricultural Science Museum,28.6263901,77.1619638,museum,N/A,2025-01-26,N/A,N/A,Haryana
ChIJvQ-O2SbjDDkRKw08y1rQu48,Purana Qila Museum,28.6083469,77.2428377,museum,N/A,2025-01-26,N/A,N/A,Haryana
ChIJU1YqWbz9DDkRh22rfsUGXpc,Dr. Ambedkar National Memorial,28.6840878,77.2219269,museum,N/A,2025-01-26,N/A,N/A,Haryana
ChIJl2oDyr_iDDkRCrThtJ7RdPA,Gandhi Smriti Museum,28.6019475,77.2144526,museum,N/A,2025-01-26,N/A,N/A,Haryana
ChIJswdVbHrmDDkRUgQKNKtgbss,Kiran Nadar Museum of Art,28.5364828,77.3434127,museum,N/A,2025-01-26,N/A,N/A,Haryana
ChIJt4Az2yfjDDkRAhrZG8VaoQA,National Crafts Museum & Hastkala Academy,28.6136111,77.24249999999999,museum,N/A,2025-01-26,N/A,N/A,Haryana
ChIJydeFnx09DTkR4MXKIZUlX3I,Urusvati Museum Of Folklore,28.3725862,76.97969189999999,museum,N/A,2025-01-26,N/A,N/A,Haryana
ChIJhXHc3FLjDDkRp0hHSUMGhUY,President House Museum Main Building,28.6191253,77.1971252,museum,N/A,2025-01-26,N/A,N/A,Haryana
ChIJG9iV-ariDDkR5LmpJ5FeurI,Rashtrapati Bhavan Museum,28.6188603,77.1966736,museum,N/A,2025-01-26,N/A,N/A,Haryana
ChIJJ28Tyyj9DDkRSYW6YMQ2fyo,Ghalib Museum,28.6348082,77.2348832,museum,N/A,2025-01-26,N/A,N/A,Haryana
ChIJR4e3xa3hDDkRDpWMZKkvsdE,Science Centre,28.4917356,77.23112940000001,museum,N/A,2025-01-26,N/A,N/A,Haryana
ChIJPT5I0Un9DDkRHzC_gLLtaPY,Charkha Museum,28.6314073,77.2172054,museum,N/A,2025-01-26,N/A,N/A,Haryana
ChIJ1b_O3sfiDDkRgFcAjdRM3lw,National Gandhi Museum,28.6389453,77.24596269999999,museum,N/A,2025-01-26,N/A,N/A,Haryana
ChIJ0cSHnNr8DDkRzc4nGvrfLqA,Mahatma Gandhi Museum,28.6382439,77.2503828,museum,N/A,2025-01-26,N/A,N/A,Haryana
ChIJVVVVVVUBDTkRw9lvmOS59aU,"Sanskriti Kendra, Aya Nagar, Delhi",28.4851576,77.1280355,museum,N/A,2025-01-26,N/A,N/A,Haryana
ChIJxb7V144cDTkRivVwZOyMdj0,Air Force Museum,28.5740052,77.1167105,museum,N/A,2025-01-26,N/A,N/A,Haryana
ChIJKV_Wjh39DDkRyWDgoRSZ_d0,"Swatantrata Sangram Museum, New Delhi",28.6574262,77.2420671,museum,N/A,2025-01-26,N/A,N/A,Haryana
ChIJC1YpwsTiDDkR35_EffneKiM,UPSC MUSEUM BUILDING,28.6089263,77.22776929999999,museum,N/A,2025-01-26,N/A,N/A,Haryana
ChIJSWyUtrTiDDkR9prKThW1SWA,National Philatelic Museum,28.6226256,77.21341480000001,museum,N/A,2025-01-26,N/A,N/A,Haryana
ChIJdQ0duUTjDDkRKBtuXlJb7eI,Pradhanmantri Sangrahalaya,28.6016294,77.1987213,museum,N/A,2025-01-26,N/A,N/A,Haryana
ChIJXTqPgR39DDkRmrDO88sJhVA,Indian War Memorial Museum,28.6558623,77.240945,museum,N/A,2025-01-26,N/A,N/A,Haryana
ChIJs3ZwHBXiDDkRYb2kt0U_hkM,ASI Children's Museum,28.552547,77.2151167,museum,N/A,2025-01-26,N/A,N/A,Haryana
ChIJAekZxxz-DDkR37IG1P2sqw8,Nirankari Museum,28.7256382,77.19861879999999,museum,N/A,2025-01-26,N/A,N/A,Haryana
ChIJ44TxyOT9DDkRW_oKfNC9l5Q,Kasturba Gandhi Museum (Kasturba Kutir),28.7066645,77.2067261,museum,N/A,2025-01-26,N/A,N/A,Haryana
ChIJlS1ZKfT9DDkR02WAwxqawM4,Delhi Police Museum,28.6956726,77.1977507,museum,N/A,2025-01-26,N/A,N/A,Haryana
ChIJV8Ge-jMPDTkRrb1q-elKvQU,Dilli Chalo Museum,28.6872512,76.9809732,museum,N/A,2025-01-26,N/A,N/A,Haryana
ChIJZ6vStdcEDTkR_mQPcmVo2aU,JITSH,28.6169847,77.058065,museum,N/A,2025-01-26,N/A,N/A,Haryana
ChIJ2dFGFaHiDDkRbc3o8bj_tCc,Prime Ministers' Museum & Library,28.6026399,77.1987706,museum,N/A,2025-01-26,N/A,N/A,Haryana
ChIJL4IUx8gdDTkRqcfQ0ljsuuw,Toya,28.5396658,77.1465791,museum,N/A,2025-01-26,N/A,N/A,Haryana
ChIJi6H9JYvjDDkRGDJlolffqt4,Dr. Zakir Hussain Museum & Mausoleum,28.5615398,77.2833066,museum,N/A,2025-01-26,N/A,N/A,Haryana
ChIJM26qegDjDDkRLlTQhl_WVUE,Humayun's Tomb Museum,28.5940902,77.2444084,museum,N/A,2025-01-26,N/A,N/A,Haryana
ChIJ_SavefHjDDkRmmm0q6y9TJU,Museum of Performing Arts,28.6242888,77.2308394,museum,N/A,2025-01-26,N/A,N/A,Haryana
ChIJOTrwxnb9DDkRfrjiG-ksOas,Walled City Museum,28.6568769,77.2183846,museum,N/A,2025-01-26,N/A,N/A,Haryana
ChIJEy4Nq-IZDTkR-S0-YZmI7jU,Museo Camera Centre for the Photographic Arts,28.469616,77.0803851,museum,N/A,2025-01-26,N/A,N/A,Haryana
ChIJPdHLLZf9DDkRY5mcsCEDGkU,"Bharat Ram Centre, Hindu College!",28.6825001,77.2120559,museum,N/A,2025-01-26,N/A,N/A,Haryana
ChIJZXqmEdHiDDkRlU-BdBtrS4U,National War Memorial,28.6127174,77.23303949999999,museum,N/A,2025-01-26,N/A,N/A,Haryana
ChIJgy016tX8DDkR63SrZmHClOI,Shankar's International Dolls Museum,28.6304668,77.2414695,museum,N/A,2025-01-26,N/A,N/A,Haryana
ChIJk0ESqxbjDDkRTjv4F5jv8J0,Nair Museum,28.5750148,77.2192407,museum,N/A,2025-01-26,N/A,N/A,Haryana
ChIJR650QED9DDkRTao0y9sgdiU,"Thakkar Bapa National Tribal Museum and Library, jhandewalan",28.643847,77.2000711,museum,N/A,2025-01-26,N/A,N/A,Haryana
ChIJBe_GKm4dDTkRedlIaZ1zF74,RAIL MUSEUM TOURIST TAXI SERVICE,28.5849319,77.1809907,museum,N/A,2025-01-26,N/A,N/A,Haryana
ChIJ-7aZpi3jDDkRF-wJO79ahnI,Tribal Museum,28.6136007,77.24249929999999,museum,N/A,2025-01-26,N/A,N/A,Haryana
ChIJ_5OKlj0eDTkR0YzHvbMalHM,Baba Nagpal Museum,28.5037322,77.1791811,museum,N/A,2025-01-26,N/A,N/A,Haryana
ChIJm2tpGZr9DDkRdcfqw3cCZmk,Indira Gandhi Museum,28.6435055,77.2490199,museum,N/A,2025-01-26,N/A,N/A,Haryana
ChIJ_____9rR5zsRp-h-K4oIkFM,National Gallery of Modern Art,28.6101926,77.2344179,museum,N/A,2025-01-26,N/A,N/A,Haryana
ChIJj5zZiNXiDDkRkyVZMobRqpU,Supreme Court Museum,28.6242407,77.2400479,museum,N/A,2025-01-26,N/A,N/A,Haryana
ChIJj81kiyX9DDkRxIWOkW8i228,Azadi Ke Diwane,28.656508,77.24489299999999,museum,N/A,2025-01-26,N/A,N/A,Haryana
ChIJZ1BcDgCvDTkRVuOHlBykmg0,Constitution Museum,28.9267647,77.0566563,museum,N/A,2025-01-26,N/A,N/A,Haryana
ChIJWy270Un9DDkRWEdXeKnP_xA,Khadi Museum,28.63181,77.216911,museum,N/A,2025-01-26,N/A,N/A,Haryana
ChIJB10EBxv9DDkR3K1_WEk0BSo,Bhai Mati Das Museum,28.6564862,77.2324008,museum,N/A,2025-01-26,N/A,N/A,Haryana
ChIJcXCxSen9DDkRuwSL59Zur-s,"Kranti Mandir Netaji Subhas Chandra Bose Museum Red Fort, New Delhi",28.65822619999999,77.2420487,museum,N/A,2025-01-26,N/A,N/A,Haryana
ChIJUflCa8r9DDkRbwnPTW1oWAw,Partition Museum & Dara Shukoh Library Cultural Hub,28.6634181,77.2331336,museum,N/A,2025-01-26,N/A,N/A,Haryana
ChIJEyUYKJPpRDcRC3XvLLnJ0As,Agnigarh View Point,26.6174104,92.80242799999999,attraction,N/A,2025-01-26,N/A,N/A,Assam
ChIJu46lwFfoRDcRyHPPuDYYI0I,Bamuni Hills,26.6168205,92.8163081,attraction,N/A,2025-01-26,N/A,N/A,Assam
ChIJGXem-h4BRTcRWDepzsA5LRY,Paklongkam Waterfall,26.3359364,93.0889576,attraction,N/A,2025-01-26,N/A,N/A,Assam
ChIJJ994gjMBRTcRC_7X9V8aYjk,Paklongkam waterfalls,26.3303429,93.0907312,attraction,N/A,2025-01-26,N/A,N/A,Assam
ChIJaQodzRgFRTcRwnaIv0uHK5U,Kangthi Langso Waterfall,26.2863104,92.94998029999999,attraction,N/A,2025-01-26,N/A,N/A,Assam
ChIJDUD21tMdRTcRgwxBi-klZsg,Champawati waterfall,26.3181014,92.911272,attraction,N/A,2025-01-26,N/A,N/A,Assam
ChIJkcNhhkHvRDcRVuLHjFglSco,Tour to Kaliabor,26.5868338,92.9087644,attraction,N/A,2025-01-26,N/A,N/A,Assam
ChIJw68HkCaWRTcRTR1fVxt1CLs,Silveta Waterfall,25.998474,93.31185599999999,attraction,N/A,2025-01-26,N/A,N/A,Assam
ChIJ93KzduAPRTcRirLfb9wdsV8,Akashi Ganga picnic spot,26.1772357,92.9400974,attraction,N/A,2025-01-26,N/A,N/A,Assam
ChIJYyBmBQ8pRTcR-WVSu9pTWAU,Selfie Road,26.3205501,92.5729321,attraction,N/A,2025-01-26,N/A,N/A,Assam
ChIJJ9vwXQBtRTcRrcK-u4HjQco,SS view point,25.9431577,92.9282125,attraction,N/A,2025-01-26,N/A,N/A,Assam
ChIJKTk1nJ_vRDcRCM3nqaW_hAo,Jujube Islet,26.604659,92.86194119999999,attraction,N/A,2025-01-26,N/A,N/A,Assam
ChIJlfzwS3zpRDcR4MSFzj2ny8o,Kesaikhaiti Riverside,26.617781,92.82351,attraction,N/A,2025-01-26,N/A,N/A,Assam
ChIJZU0CFAGsRTcRMxNiI_MXYTA,"Dikrutpi Waterfall,Pak Longkam",26.3360467,93.0888866,attraction,N/A,2025-01-26,N/A,N/A,Assam
ChIJd549FcsnRTcRZ_POtA3MkBI,Milanpur River View Point,26.3396605,92.6799228,attraction,N/A,2025-01-26,N/A,N/A,Assam
ChIJOwWj1qunRTcR32hKthq6oDk,Langherang picnic spot,26.1551433,93.1639673,attraction,N/A,2025-01-26,N/A,N/A,Assam
ChIJfwlAXwCzRTcRa2HN86BChlI,Nihanglangso Festivals Field,26.3535319,93.33418329999999,attraction,N/A,2025-01-26,N/A,N/A,Assam
ChIJ6YPOzELDRDcRohMF0tJ2oQc,Brahmaputra river view point,26.6174854,92.7730098,attraction,N/A,2025-01-26,N/A,N/A,Assam
ChIJ19Q_IZjDRDcRwRNUV4Kh4o4,Bora Chapari Island,26.630649,92.731887,attraction,N/A,2025-01-26,N/A,N/A,Assam
ChIJiwbHiCfpRDcROK_3Wn0XOD8,River Dolphin in Assam,26.6114705,92.85475699999999,attraction,N/A,2025-01-26,N/A,N/A,Assam
ChIJG--6HwAZRTcRUrbHx3S4NlQ,Heaven hills view point ( Nagaon),26.2279403,92.79494350000002,attraction,N/A,2025-01-26,N/A,N/A,Assam
ChIJ152vq3jxRDcRohT8TkL-RFE,Silghat Picnic Ground,26.6195521,92.9529321,attraction,N/A,2025-01-26,N/A,N/A,Assam
ChIJv3Bgo-pHRDcRCVDjtQLHl8E,"Kaziranga Main Entrance - Kaziranga Range, kohora",26.6048519,93.39135089999999,attraction,N/A,2025-01-26,N/A,N/A,Assam
ChIJ1-yGeNvpRDcRN73aQJSa1Z4,Near bamuni hills view point,26.6159111,92.81715559999999,attraction,N/A,2025-01-26,N/A,N/A,Assam
ChIJdWAtD8lPRDcRjSSYhl9QFF4,Bhalukjuri Waterfall,26.5677274,93.2810299,attraction,N/A,2025-01-26,N/A,N/A,Assam
ChIJm7ZXAVpHRDcRsxzN6YYaIWI,Ethnic Village Resort,26.5805919,93.4158552,attraction,N/A,2025-01-26,N/A,N/A,Assam
ChIJB-3Vn8bDRDcRM-9OqLQaoRE,Bora Chuburi Ghat,26.6284596,92.75010410000002,attraction,N/A,2025-01-26,N/A,N/A,Assam
ChIJFVugfYbDRDcRowftXsHPBTI,Lenga chuburi ghat,26.6271313,92.75086189999999,attraction,N/A,2025-01-26,N/A,N/A,Assam
ChIJd_QNtzHtRTcRyLb4J_ucmeg,"Kathilangso Village, Diphu",25.8494494,93.4230777,attraction,N/A,2025-01-26,N/A,N/A,Assam
ChIJk2ErQDboRDcRd6RJ6gJ2yeE,District Museum Tezpur,26.6205841,92.796506,attraction,N/A,2025-01-26,N/A,N/A,Assam
ChIJOyYcxExHRDcRxYqyzM0Ib-s,Paddy field,26.5774351,93.4173033,attraction,N/A,2025-01-26,N/A,N/A,Assam
ChIJqd91bQBvRTcRP-MajZzleYI,Hazagapher Haluri Busu,25.8540682,92.9325808,attraction,N/A,2025-01-26,N/A,N/A,Assam
ChIJ34p7KzTtRTcRFd6Y8Cr7qJc,District Museum,25.8177603,93.3884222,attraction,N/A,2025-01-26,N/A,N/A,Assam
ChIJTT5ofNztRTcR7BqQaDlRhCU,Serdihun statue,25.8437279,93.4326445,attraction,N/A,2025-01-26,N/A,N/A,Assam
ChIJv9pnXEBHRDcR9zW3X7FVAqg,Kaziranga National Park View Point Watch Tower,26.6344453,93.3576949,attraction,N/A,2025-01-26,N/A,N/A,Assam
ChIJWYtIXADDRDcRqSlx8qiAq1I,Shivaling Shaped Rock,26.6174527,92.7701013,attraction,N/A,2025-01-26,N/A,N/A,Assam
ChIJWy04KK5tRTcRi6kJILMKrLg,Dashami Ghat Jurapukhuri,25.9785922,92.9307039,attraction,N/A,2025-01-26,N/A,N/A,Assam
ChIJu_cz9ZXpRDcR41KKyOdyfls,Kaziranga Boat Safari Point,26.6112864,92.8548912,attraction,N/A,2025-01-26,N/A,N/A,Assam
ChIJyc7ahJNBRTcRvgAcIkPqbpM,Artukekang View Point,25.944655,92.71604669999999,attraction,N/A,2025-01-26,N/A,N/A,Assam
ChIJsyw4CAAVRTcR8561clqVZDs,Photography,26.1024119,92.8553426,attraction,N/A,2025-01-26,N/A,N/A,Assam
ChIJw3FI2CnDRDcR4kxr80Tj-Ug,Rudrapath wet field,26.6209749,92.7712245,attraction,N/A,2025-01-26,N/A,N/A,Assam
ChIJ8UqXySbjRDcRJYO3uSAVsR8,Kolong River View Point,26.4383227,92.8758397,attraction,N/A,2025-01-26,N/A,N/A,Assam
ChIJk_X6YgA7RTcR2nLhjSAhORY,Local kaziranga elephant park,26.2043811,92.6835313,attraction,N/A,2025-01-26,N/A,N/A,Assam
ChIJk9PR0Xf9RDcRw5lfmIlIyj4,Borjuri water fall,26.3922433,92.9523735,attraction,N/A,2025-01-26,N/A,N/A,Assam
ChIJKXJESgAfRTcRDIyuMFhWXow,Noi Par ChaliChali,26.3335762,92.8193366,attraction,N/A,2025-01-26,N/A,N/A,Assam
ChIJIymC79C3RTcRbO9qeYJtszA,Singhason peak (Inglongpo),26.2585927,93.3704726,attraction,N/A,2025-01-26,N/A,N/A,Assam
ChIJPcUYYoTNRDcRTjJxPWrfKDA,Picnic spot,26.6094334,92.5027763,attraction,N/A,2025-01-26,N/A,N/A,Assam
ChIJheaqOQAdRTcRo1SE_tBuvw8,Paradise Lake/ Nilapani,26.3664261,92.87843339999999,attraction,N/A,2025-01-26,N/A,N/A,Assam
ChIJh_aZ6JM3RTcRpLNlX91dKWY,Tikar Langso Small Waterfall,26.1032916,92.554273,attraction,N/A,2025-01-26,N/A,N/A,Assam
ChIJfw5WzqlHRDcRXP_4WOZw9w0,Kathpora tower,26.6172576,93.37535989999999,attraction,N/A,2025-01-26,N/A,N/A,Assam
ChIJI1YgB9r5RDcRn-5XotOYoME,So langso Waterfall,26.5603041,93.062793,attraction,N/A,2025-01-26,N/A,N/A,Assam
ChIJHwnT04rLWjcRzg6SROoja5U,Kloklar waterfall,26.0668877,92.44235049999999,attraction,N/A,2025-01-26,N/A,N/A,Assam
ChIJhzJLlpoXRTcRrqcFDWUL_kA,Dera Arong,26.2012896,92.84898109999999,attraction,N/A,2025-01-26,N/A,N/A,Assam
ChIJB0DKs_rjRDcRzbpUF7Y8eRw,OLD GATANGA,26.4337073,92.86328460000001,attraction,N/A,2025-01-26,N/A,N/A,Assam
ChIJFYnsdQDnRDcRqqxmaEWM5OI,"River View Point, Borghuli No 3",26.566922,92.8465409,attraction,N/A,2025-01-26,N/A,N/A,Assam
ChIJNfiOLjHpRDcREvAR2xtUbwk,Forest ghat,26.6172911,92.7920753,attraction,N/A,2025-01-26,N/A,N/A,Assam
ChIJQQmJYQAZRTcROlyH-Dw5OVg,Local Ladakh waterfall,26.2174849,92.82273599999999,attraction,N/A,2025-01-26,N/A,N/A,Assam
ChIJPRh9xzFFRTcRKkKJJjbRfDY,Tharve aum same kokthom,25.872345,92.62883169999999,attraction,N/A,2025-01-26,N/A,N/A,Assam
ChIJs00vOroRRTcRlJY0-Z70Ql0,Zabra khuwa,26.1678871,92.93690289999999,attraction,N/A,2025-01-26,N/A,N/A,Assam
ChIJIUyCfwMnRTcRKyn_7Ax_UDg,Morigaon Syndicate,26.350335,92.67751539999999,attraction,N/A,2025-01-26,N/A,N/A,Assam
ChIJQfA_W7o_RTcRA_5MkbDbhKo,Taradubi Beach,26.0497509,92.7465627,beaches,N/A,2025-01-26,N/A,N/A,Assam
ChIJqeaF1yTvRDcRJPBZc7VblYY,SILGHAT RIVER SIDE BEACH,26.6155823,92.9356224,beaches,N/A,2025-01-26,N/A,N/A,Assam
ChIJq4rD4ng_RTcRIyGJI7FpQoA,Warigading river beach,26.0627859,92.75592619999999,beaches,N/A,2025-01-26,N/A,N/A,Assam
ChIJlXOdGQBLRTcR5dBexa6fQls,Dream Beach (EQ Festival),25.9764375,92.5341875,beaches,N/A,2025-01-26,N/A,N/A,Assam
ChIJLfeX2sM-RTcRpw3-llgbH_E,Bakula Guri,26.0839175,92.7157866,beaches,N/A,2025-01-26,N/A,N/A,Assam
ChIJ15kgRAHTRDcRINX0HDVq5u8,LUIT FESTIVAL,26.5061108,92.46797389999999,beaches,N/A,2025-01-26,N/A,N/A,Assam
ChIJa3e3e047RTcR7NMZ6rahQ0I,Mahgaria Ati Gaon,26.1837326,92.6530846,beaches,N/A,2025-01-26,N/A,N/A,Assam
ChIJ0-EbGgUPRTcRkUIGLLi_Nok,Brahmputra Carnival 2023,26.2006043,92.9375739,beaches,N/A,2025-01-26,N/A,N/A,Assam
ChIJZZ602JjvRDcR58xUU-i1AJk,Silghat Picnic Spot,26.6154018,92.93532809999999,beaches,N/A,2025-01-26,N/A,N/A,Assam
ChIJJyuXKqUnRTcRcLco05SEx5g,ACP board glow sign,26.3453819,92.6923116,beaches,N/A,2025-01-26,N/A,N/A,Assam
ChIJ--glpNQgRTcRcFp1_hDCN1E,Ocean Holidays,26.3523071,92.699146,beaches,N/A,2025-01-26,N/A,N/A,Assam
ChIJx_40GejwRDcRXWnuK6QLdog,Durga Mandir,26.6107989,92.99718039999999,beaches,N/A,2025-01-26,N/A,N/A,Assam
ChIJvwJCaSnwRDcRs82cDyz_MeU,IWAI PORT,26.6181415,92.9410844,beaches,N/A,2025-01-26,N/A,N/A,Assam
ChIJH6pfYiknRTcR4eY8DGWcX5Q,Nagaon Swimming Pool,26.3508054,92.69328900000001,beaches,N/A,2025-01-26,N/A,N/A,Assam
ChIJw68HkCaWRTcRTR1fVxt1CLs,Silveta Waterfall,25.998474,93.31185599999999,waterfalls,N/A,2025-01-26,N/A,N/A,Assam
ChIJGXem-h4BRTcRWDepzsA5LRY,Paklongkam Waterfall,26.3359364,93.0889576,waterfalls,N/A,2025-01-26,N/A,N/A,Assam
ChIJgfBj2RADRTcR1SAx8M0APJU,Hurnat waterfall,26.2991582,92.9590733,waterfalls,N/A,2025-01-26,N/A,N/A,Assam
ChIJC8iodAZJRTcRds2CF-yXWWs,Umru waterfall,25.943359,92.574215,waterfalls,N/A,2025-01-26,N/A,N/A,Assam
ChIJBeC45aIDRTcRmjTWK_pnt1A,Jasuri waterfall,26.338671,92.952004,waterfalls,N/A,2025-01-26,N/A,N/A,Assam
ChIJX2JpFVVHRTcRS-9ZsZflfaI,Tai ikkpi Waterfall,25.9679554,92.622784,waterfalls,N/A,2025-01-26,N/A,N/A,Assam
ChIJJ994gjMBRTcRC_7X9V8aYjk,Paklongkam waterfalls,26.3303429,93.0907312,waterfalls,N/A,2025-01-26,N/A,N/A,Assam
ChIJaQodzRgFRTcRwnaIv0uHK5U,Kangthi Langso Waterfall,26.2863104,92.94998029999999,waterfalls,N/A,2025-01-26,N/A,N/A,Assam
ChIJhWSznTD_RDcRj5tqQXcqlPI,Rengoni Waterfall,26.4124583,93.0785564,waterfalls,N/A,2025-01-26,N/A,N/A,Assam
ChIJdWAtD8lPRDcRjSSYhl9QFF4,Bhalukjuri Waterfall,26.5677274,93.2810299,waterfalls,N/A,2025-01-26,N/A,N/A,Assam
ChIJ04qfdDm_RTcRhlqWNmJFbCQ,TIMLANGPONG WATERFALLS LONGLIT,26.0356004,93.3934846,waterfalls,N/A,2025-01-26,N/A,N/A,Assam
ChIJe2WsC5oHRTcRorn78YK-NbQ,Kasochan waterfalls,26.2690775,93.0307296,waterfalls,N/A,2025-01-26,N/A,N/A,Assam
ChIJNy6cjIQDRTcRRQMQntFjy3A,Hurnatpi waterfalls,26.310143,92.95905150000002,waterfalls,N/A,2025-01-26,N/A,N/A,Assam
ChIJs9d3_FL9RDcRsR1ROKdR9iE,Dewri Bagan Waterfall,26.4034817,92.9631821,waterfalls,N/A,2025-01-26,N/A,N/A,Assam
ChIJd3foeLEdRTcRcby52XIc7u0,Loong Soong Waterfall,26.3529216,92.908191,waterfalls,N/A,2025-01-26,N/A,N/A,Assam
ChIJQSYGE4yxRTcRufIn93t8qZs,Binhum selawor Waterfall,26.2370718,93.2795926,waterfalls,N/A,2025-01-26,N/A,N/A,Assam
ChIJDUD21tMdRTcRgwxBi-klZsg,Champawati waterfall,26.3181014,92.911272,waterfalls,N/A,2025-01-26,N/A,N/A,Assam
ChIJXeJRdPFRRTcR8oLagBeVFao,Biku Alangksun(Baboons Waterfall),25.813744,92.5564114,waterfalls,N/A,2025-01-26,N/A,N/A,Assam
ChIJp1oZIwA9RTcRHe8YfwixSP8,Tenga Pani Waterfall,26.183909,92.73568,waterfalls,N/A,2025-01-26,N/A,N/A,Assam
ChIJ44xOBLkXRTcRv2QFysZjJ7A,Ahutoli waterfall,26.1944335,92.7922688,waterfalls,N/A,2025-01-26,N/A,N/A,Assam
ChIJk9PR0Xf9RDcRw5lfmIlIyj4,Borjuri water fall,26.3922433,92.9523735,waterfalls,N/A,2025-01-26,N/A,N/A,Assam
ChIJpQEhSEsRRTcRGbbs_Q68vs4,Buriganga WaterFall,26.1407407,92.8784434,waterfalls,N/A,2025-01-26,N/A,N/A,Assam
ChIJZU0CFAGsRTcRMxNiI_MXYTA,"Dikrutpi Waterfall,Pak Longkam",26.3360467,93.0888866,waterfalls,N/A,2025-01-26,N/A,N/A,Assam
ChIJk4yjdwCrRTcRKhDfkOmrScA,Dikrutso Waterfall,26.3824599,93.1692908,waterfalls,N/A,2025-01-26,N/A,N/A,Assam
ChIJh_aZ6JM3RTcRpLNlX91dKWY,Tikar Langso Small Waterfall,26.1032916,92.554273,waterfalls,N/A,2025-01-26,N/A,N/A,Assam
ChIJGUBbKjkPRTcRu2kmL_IHB6I,Akashi Ganga Waterfall,26.1771944,92.93791750000001,waterfalls,N/A,2025-01-26,N/A,N/A,Assam
ChIJjxxwSsoXRTcRKYq4jIxQQHA,Kamala waterfall,26.1508819,92.83377759999999,waterfalls,N/A,2025-01-26,N/A,N/A,Assam
ChIJx3sv3SYDRTcRBJ6DcvntwWU,Virvar Waterfall,26.3171277,93.0175113,waterfalls,N/A,2025-01-26,N/A,N/A,Assam
ChIJZargZW89RTcR50H_jeeiRco,Kathiatoli (Tengapani) Waterfall,26.172583,92.76747999999999,waterfalls,N/A,2025-01-26,N/A,N/A,Assam
ChIJOXdePwCrRTcRLYJT-P50OO8,Kloplar Waterfalls,26.3582099,93.1093585,waterfalls,N/A,2025-01-26,N/A,N/A,Assam
ChIJYZJXbwADRTcRs5g3cqvHMHE,Bithi langso Waterfalls,26.2992589,92.9808887,waterfalls,N/A,2025-01-26,N/A,N/A,Assam
ChIJVSqv6W-tRTcRzv4YSKdEUEo,Korkanthiso Waterfall,26.3247557,93.2205941,waterfalls,N/A,2025-01-26,N/A,N/A,Assam
ChIJHwnT04rLWjcRzg6SROoja5U,Kloklar waterfall,26.0668877,92.44235049999999,waterfalls,N/A,2025-01-26,N/A,N/A,Assam
ChIJ1VBHWGTjRDcRj1N4eDB4tyk,Samaguri View Point,26.4252365,92.86425419999999,waterfalls,N/A,2025-01-26,N/A,N/A,Assam
ChIJy02Y4PQcRTcR1PltvwIvkPM,Champawati Water Fall / Chapanala Picnic Spot,26.3208741,92.90034639999999,waterfalls,N/A,2025-01-26,N/A,N/A,Assam
ChIJ_VsIxe9DRTcRL8ysCJM3VzI,Amlong waterfall,25.8739687,92.7233849,waterfalls,N/A,2025-01-26,N/A,N/A,Assam
ChIJL2oKluAFRTcR7jvch-E-Dnw,Hurnat Waterfall Signboard,26.2919728,92.9624925,waterfalls,N/A,2025-01-26,N/A,N/A,Assam
ChIJI1YgB9r5RDcRn-5XotOYoME,So langso Waterfall,26.5603041,93.062793,waterfalls,N/A,2025-01-26,N/A,N/A,Assam
ChIJQQmJYQAZRTcROlyH-Dw5OVg,Local Ladakh waterfall,26.2174849,92.82273599999999,waterfalls,N/A,2025-01-26,N/A,N/A,Assam
ChIJXclmHwBRRDcRRCbjnqqWkQ4,Tungparbip Waterfall,26.5106096,93.2178314,waterfalls,N/A,2025-01-26,N/A,N/A,Assam
ChIJj8VzOgAZRTcR4v0jIiZw9TY,Local Ladakh waterfall,26.2263195,92.8033272,waterfalls,N/A,2025-01-26,N/A,N/A,Assam
ChIJEyQoIgADRTcRROIlQlxhYvw,KLOBOR WATERFALL,26.3119258,93.0055074,waterfalls,N/A,2025-01-26,N/A,N/A,Assam
ChIJEY25WwBTRDcRRGTxvw4sJs0,Langchingbar Waterfall,26.4608584,93.1846545,waterfalls,N/A,2025-01-26,N/A,N/A,Assam
ChIJIUjeizj9RDcRr8lruJ-iSck,Langsunpi waterfall,26.3968127,92.9635362,waterfalls,N/A,2025-01-26,N/A,N/A,Assam
ChIJG2kuMZV6RTcRUGrJl7F6_sw,"Silveeta Waterfall,Picnic Place , Watijur",25.8207967,92.9852216,waterfalls,N/A,2025-01-26,N/A,N/A,Assam
ChIJC_LH42NNRDcRkv6LY2mFcd4,Borlangso Waterfall,26.3905488,93.32198629999999,waterfalls,N/A,2025-01-26,N/A,N/A,Assam
ChIJrZqP2TtHRTcRLvvXWdqOYFs,Lihonjar,25.9678864,92.621522,waterfalls,N/A,2025-01-26,N/A,N/A,Assam
ChIJ7_hxFgD9RDcRImpqEXglopk,Chek langso waterfall,26.4022562,92.96777709999999,waterfalls,N/A,2025-01-26,N/A,N/A,Assam
ChIJvbttO4OnRTcRmzlXMB_wr4M,Waterfall & water supply dyke,26.1542932,93.1657144,waterfalls,N/A,2025-01-26,N/A,N/A,Assam
ChIJd_QNtzHtRTcRyLb4J_ucmeg,"Kathilangso Village, Diphu",25.8494494,93.4230777,waterfalls,N/A,2025-01-26,N/A,N/A,Assam
ChIJh29GIQCvRTcROVngCvLO07c,Langlonghong Waterfall,26.2870003,93.217479,waterfalls,N/A,2025-01-26,N/A,N/A,Assam
ChIJ_YouClQdRTcRb1w-_mKrEKQ,Hod hodi Picnic Spot,26.3528953,92.90835679999999,waterfalls,N/A,2025-01-26,N/A,N/A,Assam
ChIJ93KzduAPRTcRirLfb9wdsV8,Akashi Ganga picnic spot,26.1772357,92.9400974,waterfalls,N/A,2025-01-26,N/A,N/A,Assam
ChIJf8TtWKIERTcRJUepRcBDAF4,Kangthilangso Eco Tourist & Picnic Spot,26.2861294,92.9558849,waterfalls,N/A,2025-01-26,N/A,N/A,Assam
ChIJ32WfNy1BRDcRWJTJ57Z0K4s,Kaziranga National Park,26.6445044,93.3524858,parks,N/A,2025-01-26,N/A,N/A,Assam
ChIJX7T-HG-TRTcRFMjo3t7HSOA,Taralangso Eco Park,25.8831023,93.4194809,parks,N/A,2025-01-26,N/A,N/A,Assam
ChIJV7OL1HJARTcRx6VRfCeM2nw,SING RONGHANG MEMORIAL Tumpreng park,26.0060534,92.7579244,parks,N/A,2025-01-26,N/A,N/A,Assam
ChIJp7r6XSjoRDcRirCfkyb9hSY,Kanaklata Park & Rock Garden,26.6180236,92.7801234,parks,N/A,2025-01-26,N/A,N/A,Assam
ChIJ1d69fiknRTcRIdUH8QeHM0E,Marar Park,26.3502299,92.6931776,parks,N/A,2025-01-26,N/A,N/A,Assam
ChIJiabeLzfoRDcREu0rHusD8Fg,Chitralekha Udyan,26.6181069,92.7938444,parks,N/A,2025-01-26,N/A,N/A,Assam
ChIJYbHqUhDrRTcRTxJ8RvJVkC0,Recreation Park & Medicinal Plants Garden,25.9033921,93.4396514,parks,N/A,2025-01-26,N/A,N/A,Assam
ChIJwU3H7BHpRDcRMyHHCIjRHbg,Island park,26.6221427,92.7926406,parks,N/A,2025-01-26,N/A,N/A,Assam
ChIJ6QsJq3EnRTcRTDgT44cNFME,Amrit Kanon,26.348709,92.6814208,parks,N/A,2025-01-26,N/A,N/A,Assam
ChIJefO-3gltRTcRuNNx5UOMwaw,Eco Park,25.9790275,92.93068919999999,parks,N/A,2025-01-26,N/A,N/A,Assam
ChIJdTHkI4PtRTcRuudIhobETKo,Ha'I Long Park,25.8418909,93.4383864,parks,N/A,2025-01-26,N/A,N/A,Assam
ChIJJacKog04RDcRJWOkUxy-fgU,Kaziranga National Orchid and Biodiversity Park,26.5864382,93.4277911,parks,N/A,2025-01-26,N/A,N/A,Assam
ChIJkarq5S_tRTcRYgZR3SZ9IBs,Botanical Garden,25.84801,93.4287768,parks,N/A,2025-01-26,N/A,N/A,Assam
ChIJ0a6EQzvtRTcRUiw2Eau_JLo,Khorsing Terang Memorial Children Park,25.8464523,93.4337596,parks,N/A,2025-01-26,N/A,N/A,Assam
ChIJwe7Emy8nRTcRpuaBP73bUKw,Park,26.3563917,92.6893336,parks,N/A,2025-01-26,N/A,N/A,Assam
ChIJoUDXNXrpRDcRdaSln43Tyh8,Triangular Park,26.6177899,92.7962324,parks,N/A,2025-01-26,N/A,N/A,Assam
ChIJk2ErQDboRDcRd6RJ6gJ2yeE,District Museum Tezpur,26.6205841,92.796506,museum,N/A,2025-01-26,N/A,N/A,Assam
ChIJ34p7KzTtRTcRFd6Y8Cr7qJc,District Museum,25.8177603,93.3884222,museum,N/A,2025-01-26,N/A,N/A,Assam
ChIJJT7PcuA5RDcRdIKcUWTUuzo,Ethnic Museum,26.5865013,93.4279839,museum,N/A,2025-01-26,N/A,N/A,Assam
ChIJQ5v4ww-TRTcRr9_QMr0cc0k,"Nothengpi, Karbi Heritage Museum",25.8754731,93.41895149999999,museum,N/A,2025-01-26,N/A,N/A,Assam
ChIJQ11KfugfRTcRWEBHKYtJzv4,Kolang Kola Kendra Chittaranjan Borah,26.3802201,92.79549349999999,museum,N/A,2025-01-26,N/A,N/A,Assam
ChIJV95mlszsRTcRaSJHsQSi8yA,Taralangso Museum,25.8760939,93.4209592,museum,N/A,2025-01-26,N/A,N/A,Assam
ChIJRQ7q9SAnRTcRm9ZZLFLzohg,Nagaon Bamboo Museum,26.3487018,92.68097700000001,museum,N/A,2025-01-26,N/A,N/A,Assam
ChIJL5pf0t9PRTcRzZWcpXhgv0M,District Museum Hamren,25.8432746,92.57902659999999,museum,N/A,2025-01-26,N/A,N/A,Assam
ChIJq-AJnBYnRTcRqgnO_nv6lwg,"ART VILLAGE : Art Gallery, Museum & Art School",26.3521032,92.68925320000001,museum,N/A,2025-01-26,N/A,N/A,Assam
ChIJDYkZINLVRDcRE7JtWbJyqQc,Statue of Dr. Bhupen Hazarika,26.4643794,92.47562620000001,museum,N/A,2025-01-26,N/A,N/A,Assam
ChIJ1Qe_qzssRTcRlIdTPmoOWv8,Matharbari Than,26.2601792,92.52150669999999,museum,N/A,2025-01-26,N/A,N/A,Assam
ChIJCenXUgA5RDcR8ZbNLnK9pEg,Indigenous Musical Instruments Museum.,26.5860209,93.42778799999999,museum,N/A,2025-01-26,N/A,N/A,Assam
ChIJkwvrkBLXRDcR2_64-_lwPow,ঘুনুচাবাৰী ক্ষুদ্ৰ সংগ্ৰহালয়,26.410216,92.5441144,museum,N/A,2025-01-26,N/A,N/A,Assam
ChIJqwZqOKfhRDcRVE5wLJNjLqs,Rangili Shilpalaya,26.3973256,92.82507199999999,museum,N/A,2025-01-26,N/A,N/A,Assam
ChIJn3IkBJklRTcR96o7KIBi954,SHAHEED CHANDAN SINGH MEMORIAL STONE,26.2294141,92.6474428,museum,N/A,2025-01-26,N/A,N/A,Assam
ChIJvTdoKABxRTcRbYIp2-r8rSM,Sahid Alom,25.91074,93.00893599999999,museum,N/A,2025-01-26,N/A,N/A,Assam
ChIJWdtgVSfpRDcRxN7cliOCF3c,Kala Bhumi,26.6205766,92.79640069999999,museum,N/A,2025-01-26,N/A,N/A,Assam
ChIJW6IplcIRRTcRoforre629VU,Nahargaon Mikirati Howgaon Jame Mosjid,26.1255593,92.8725937,museum,N/A,2025-01-26,N/A,N/A,Assam
ChIJwbII5kVZRDcRaW8HJXxf41g,Rhino View Point,26.5741376,93.1762226,museum,N/A,2025-01-26,N/A,N/A,Assam
ChIJr9XkdAAnRTcRYQa3eOXmb04,Pranab Baruah Kalakshetra,26.3482222,92.68082079999999,museum,N/A,2025-01-26,N/A,N/A,Assam
ChIJK9W_wQnWRDcRHjeasLzjba8,"Batadrava Than, Nagaon",26.4139651,92.5408247,museum,N/A,2025-01-26,N/A,N/A,Assam
ChIJzdfOcMZxRTcR0OHeEIc18zE,North East Nursery and seeds house,25.9114891,93.0073974,museum,N/A,2025-01-26,N/A,N/A,Assam
ChIJbQSijw6FRTcRbjqq_9f44ZU,Hill Queen Steam Engine,25.7494651,93.1784086,museum,N/A,2025-01-26,N/A,N/A,Assam
ChIJlcZZUwBvRTcRm4IUVPW99G8,THTA Home,25.8917414,92.8851755,museum,N/A,2025-01-26,N/A,N/A,Assam
ChIJvwxtcAANRTcR50cSeo4Ll5A,NIJAM UDDIN house,26.0684843,92.9394473,museum,N/A,2025-01-26,N/A,N/A,Assam
ChIJPZNZp1trRTcRKSU88-GVf_U,"Directorate of Archaeology, Zonal office Hojai",25.997335,92.8501628,museum,N/A,2025-01-26,N/A,N/A,Assam
ChIJF0CafgAVRTcRHveeqIYNu4A,Sajid Alom,26.0645929,92.8003916,museum,N/A,2025-01-26,N/A,N/A,Assam
ChIJAf3hQQBbRTcRoJaqWb3lREY,Thiri,25.8220695,92.6833483,museum,N/A,2025-01-26,N/A,N/A,Assam
ChIJFxA4EV7pRDcRcxr1aaxDif4,BEE TEE Enterprises,26.625514,92.79570340000001,museum,N/A,2025-01-26,N/A,N/A,Assam
ChIJy26CcQDnRDcR18z2HXkBa9w,Safikul Islam,26.5069109,92.8134603,museum,N/A,2025-01-26,N/A,N/A,Assam
ChIJa-QTiiIfRTcR6ExgCX7ipzc,Nabajyoti bhuyan House,26.374949,92.80570089999999,museum,N/A,2025-01-26,N/A,N/A,Assam
ChIJ4bZSNACfRTcRgyMSplZnfe8,"Kocha Bari Gong,",25.9578593,93.1214093,museum,N/A,2025-01-26,N/A,N/A,Assam
ChIJRW1ZSwDnRDcRFVUArnJADHY,Borghuli tapu,26.5673721,92.8291867,museum,N/A,2025-01-26,N/A,N/A,Assam
ChIJ8Sw-VZ7VRDcR1ulLB_C7Q_E,Statue of Mahatma Gandhi,26.4665392,92.4738185,museum,N/A,2025-01-26,N/A,N/A,Assam
ChIJ-WGHUd0nRTcRicSgC8TMmNI,"District Museum, Nagaon",26.3512255,92.693601,museum,N/A,2025-01-26,N/A,N/A,Assam
ChIJu7PaGiM_RTcRxwnMuZWmPuI,AASU SWAHID BEDI,26.1244676,92.74905,museum,N/A,2025-01-26,N/A,N/A,Assam
ChIJo0qA394hRTcRCKXam7g73OQ,Barhampur Swahid Bedi Historical Tree,26.3264241,92.7754825,museum,N/A,2025-01-26,N/A,N/A,Assam
ChIJMTU1OgA3RTcRVclA_c_WGI4,Romesh marak,26.067712,92.6022165,museum,N/A,2025-01-26,N/A,N/A,Assam
ChIJT8lyQx8XRTcRtbnRQNUoKSQ,Vcvv,26.1143303,92.8391601,museum,N/A,2025-01-26,N/A,N/A,Assam
ChIJ_2oAcBjtRTcRFpvf5OOGvDk,"Atur Art, Advertising",25.849301,93.440364,museum,N/A,2025-01-26,N/A,N/A,Assam
ChIJ5x2A15RFRDcRRR67zC_XYhc,Kaziranga National Park entrance,26.5797303,93.2908475,museum,N/A,2025-01-26,N/A,N/A,Assam
ChIJv3Bgo-pHRDcRCVDjtQLHl8E,"Kaziranga Main Entrance - Kaziranga Range, kohora",26.6048519,93.39135089999999,museum,N/A,2025-01-26,N/A,N/A,Assam
ChIJJacKog04RDcRJWOkUxy-fgU,Kaziranga National Orchid and Biodiversity Park,26.5864382,93.4277911,museum,N/A,2025-01-26,N/A,N/A,Assam
ChIJs_k9iICSRTcRMyS6DTFi-S0,Assam University Diphu Campus (AUDC),25.8160758,93.3799153,museum,N/A,2025-01-26,N/A,N/A,Assam
ChIJs5AeEgDfRDcRnDj_mwWoaG8,Sahil's House (Sahil),26.413102,92.7419479,museum,N/A,2025-01-26,N/A,N/A,Assam
ChIJ0x-fpxgNRTcRURCM8wjrUtg,Bhanga Thali Jamia Masjid,26.0296578,92.9733332,museum,N/A,2025-01-26,N/A,N/A,Assam
ChIJA-4UdQALRTcRjs2JhFTFh2s,Shibir ahmed,26.0792438,93.02632899999999,museum,N/A,2025-01-26,N/A,N/A,Assam
ChIJf5GJ1trtRTcRjxlq5snSoTM,Matipung Boa Kata Samabay Samiti Ltd.,25.8499446,93.44118519999999,museum,N/A,2025-01-26,N/A,N/A,Assam
ChIJFZfeBABHRTcRLifbCjJg6uk,Justin Bey,25.9618953,92.6783157,museum,N/A,2025-01-26,N/A,N/A,Assam
ChIJKdqEVwCfRTcRJR3KSLho5xQ,DHARMENDRA NI HATOK,25.9731341,93.1284625,museum,N/A,2025-01-26,N/A,N/A,Assam
ChIJs0HNMQDXRDcROHAhNpPdEq8,Md Shariful Islam,26.4835136,92.5960344,museum,N/A,2025-01-26,N/A,N/A,Assam
ChIJj_oiJQCfRTcRoTH-r48nYb8,1.No. Udangsri Gaon,25.9665673,93.1255168,museum,N/A,2025-01-26,N/A,N/A,Assam
ChIJ_-OwEQA_RTcR4G36d4F3TOI,@aris home,26.1069897,92.7456878,museum,N/A,2025-01-26,N/A,N/A,Assam
ChIJjyHMOODp9DkR9SWDSQebmLc,Patratu Valley,23.5748529,85.27403149999999,attraction,N/A,2025-01-26,N/A,N/A,Jharkhand
ChIJCayUaUnh9DkRemkw0P5hGrQ,Tagore Hill,23.4015497,85.3380737,attraction,N/A,2025-01-26,N/A,N/A,Jharkhand
ChIJS7DvoQPh9DkR1Op97Y99TUA,Ranchi Lake,23.3687692,85.31745049999999,attraction,N/A,2025-01-26,N/A,N/A,Jharkhand
ChIJReZe04hV9DkRF-vB3JG-kzI,Jonha Falls,23.3423069,85.61020549999999,attraction,N/A,2025-01-26,N/A,N/A,Jharkhand
ChIJ-09XT0VV9DkR8BvpmFAGSkM,Sita Falls,23.3417448,85.6440983,attraction,N/A,2025-01-26,N/A,N/A,Jharkhand
ChIJOxzrV5jn9DkReN-AN1S63DM,Mountain Series,23.40889,85.3488011,attraction,N/A,2025-01-26,N/A,N/A,Jharkhand
ChIJ55owf8jh9DkRduf7SRsvOf4,Swami Vivekanand Statue,23.3667003,85.3182702,attraction,N/A,2025-01-26,N/A,N/A,Jharkhand
ChIJMyB57Bjh9DkRrnUlZqKLJ3s,Aqua World Machhli Ghar,23.3823478,85.3202574,attraction,N/A,2025-01-26,N/A,N/A,Jharkhand
ChIJ8_X6taD79DkRMnOitloSyH4,RUKKA DAM,23.4418339,85.4800647,attraction,N/A,2025-01-26,N/A,N/A,Jharkhand
ChIJ97LfAMNW9DkRo43bLCvTDO0,Hundru Waterfall,23.4497246,85.6666868,attraction,N/A,2025-01-26,N/A,N/A,Jharkhand
ChIJ66yg4dXg9DkRg-3ylY2KjYg,Kanke Dam Park,23.4015125,85.3131719,attraction,N/A,2025-01-26,N/A,N/A,Jharkhand
ChIJ7fXt-xjh9DkRUUpxQKlsBl0,Nakshatra Van,23.3812239,85.3207824,attraction,N/A,2025-01-26,N/A,N/A,Jharkhand
ChIJ21EQKszd9DkR1bylPEgqRvs,Ratu Sunrise Point,23.4122909,85.2165416,attraction,N/A,2025-01-26,N/A,N/A,Jharkhand
ChIJcx-p7Dzh9DkRpLnMpH_mQPY,Oxygen Park,23.3904205,85.3263423,attraction,N/A,2025-01-26,N/A,N/A,Jharkhand
ChIJPZ2YlM2d9DkRXXd6SPRWnBY,Galwaan Valley,23.9964056,85.41905919999999,attraction,N/A,2025-01-26,N/A,N/A,Jharkhand
ChIJ44h1ffHb9DkR2tcPKDBJfsg,Lahna Pipeline Waterfall,23.413116,85.1855149,attraction,N/A,2025-01-26,N/A,N/A,Jharkhand
ChIJW24UXDvj9DkRzCAGe2lzfjI,Sunrise Point Mahadev Hill,23.4051843,85.3745326,attraction,N/A,2025-01-26,N/A,N/A,Jharkhand
ChIJOXtKocNX9DkRXsJzf8f8QUk,Sikidiri ghati,23.4790872,85.6150218,attraction,N/A,2025-01-26,N/A,N/A,Jharkhand
ChIJWfxAp6779DkRPHojS6AX4vA,THE BROKEN WOODS,23.4574783,85.49378019999999,attraction,N/A,2025-01-26,N/A,N/A,Jharkhand
ChIJ98xVAQql9DkR-bWCS55ndnc,Ghaghra Water Fall,23.924025,85.13207059999999,attraction,N/A,2025-01-26,N/A,N/A,Jharkhand
ChIJO626quzr9DkRQGig7-FFJE0,Patratu Dam,23.6155574,85.291189,attraction,N/A,2025-01-26,N/A,N/A,Jharkhand
ChIJ2fnDnTod9TkR3Oa-r8eVERk,KUCHANG,23.3078003,85.3757466,attraction,N/A,2025-01-26,N/A,N/A,Jharkhand
ChIJ_-4cx9Ln9DkRJOKYLkySziY,Rock garden,23.4822183,85.2987605,attraction,N/A,2025-01-26,N/A,N/A,Jharkhand
ChIJa6yAciHh9DkREwNteTAAe4I,Sidhu Kanhu Park,23.3885908,85.3169459,attraction,N/A,2025-01-26,N/A,N/A,Jharkhand
ChIJl25wP4WN9DkRO-3urnjh_2Q,Kuju Valley,23.7418375,85.5009568,attraction,N/A,2025-01-26,N/A,N/A,Jharkhand
ChIJo3rx5tPg9DkRfrykC1G9feA,Kanke Dam,23.4055907,85.3074754,attraction,N/A,2025-01-26,N/A,N/A,Jharkhand
ChIJv-qoC2n59DkRjVZne8J-yk0,Bhusur tree's way,23.4787,85.5564366,attraction,N/A,2025-01-26,N/A,N/A,Jharkhand
ChIJAdLWOlKb9DkRvKhvQ0V0850,Juljul Hill,23.9574011,85.4308824,attraction,N/A,2025-01-26,N/A,N/A,Jharkhand
ChIJW07sQkvh9DkR7nziyK6cXrk,Ranchi Science Center,23.4069545,85.34023270000002,attraction,N/A,2025-01-26,N/A,N/A,Jharkhand
ChIJFevbuJL39DkRSvfC_FV4j4Y,Last forest,23.5790255,85.5380404,attraction,N/A,2025-01-26,N/A,N/A,Jharkhand
ChIJfaZmHsDj9DkROuIxtldYqO8,Baragai Hill,23.4082513,85.36232079999999,attraction,N/A,2025-01-26,N/A,N/A,Jharkhand
ChIJz3SGYiKd9DkRv98IJxtVAlY,Baba path hazaribag,23.979354,85.36365819999999,attraction,N/A,2025-01-26,N/A,N/A,Jharkhand
ChIJM9TupBPr9DkRfoRabmfJWF8,Patratu Lake View,23.6102268,85.27964879999999,attraction,N/A,2025-01-26,N/A,N/A,Jharkhand
ChIJ3Td4oOsZ9TkRqQhGgo_GDUk,Little eye view,23.1977664,85.33886989999999,attraction,N/A,2025-01-26,N/A,N/A,Jharkhand
ChIJhxLsLmf39DkRGnlvNmDXuco,Ganrke Dam,23.571768,85.533925,attraction,N/A,2025-01-26,N/A,N/A,Jharkhand
ChIJC6atKjXj9DkRphUQ5Jtzja0,Sky Point,23.3989193,85.3810792,attraction,N/A,2025-01-26,N/A,N/A,Jharkhand
ChIJN_mZbiTh9DkRwpQi7AoqdUg,Hatma Lake,23.3909627,85.3204458,attraction,N/A,2025-01-26,N/A,N/A,Jharkhand
ChIJnzfxXh0f9TkRI9nnglDYDpQ,Sanatorium Lake,23.24357,85.31868329999999,attraction,N/A,2025-01-26,N/A,N/A,Jharkhand
ChIJ0w6Ld5Ef9TkRXonjv3yO-Qk,Black pond,23.2680604,85.3232068,attraction,N/A,2025-01-26,N/A,N/A,Jharkhand
ChIJc6sNctHB9DkRac3El1uwn34,Chaingara valley,23.5972191,85.24181689999999,attraction,N/A,2025-01-26,N/A,N/A,Jharkhand
ChIJzSoYJlav9TkR5YHR5Yyk9EQ,STAN FALL,23.1813886,85.73786390000001,attraction,N/A,2025-01-26,N/A,N/A,Jharkhand
ChIJdeu8IGMZ9TkR1I9o_flzXOE,Anidih picnic spot,23.1782686,85.3439135,attraction,N/A,2025-01-26,N/A,N/A,Jharkhand
ChIJF6WiyGT79DkRhg_IsrLSVYc,"Patra View Point ,berwe",23.4962163,85.4453848,attraction,N/A,2025-01-26,N/A,N/A,Jharkhand
ChIJOdHsWxYf9TkRGyGeb4_lPDk,Kiski Hill,23.2388396,85.32904769999999,attraction,N/A,2025-01-26,N/A,N/A,Jharkhand
ChIJl0wvGACv9TkRxgbgfIUI5SQ,Twins Bridges,23.1837076,85.7430255,attraction,N/A,2025-01-26,N/A,N/A,Jharkhand
ChIJCbsCvwTJ9DkRJdFhhuVVSQk,Jikra Fall,23.626609,85.05857,attraction,N/A,2025-01-26,N/A,N/A,Jharkhand
ChIJeawEVgzp9DkR3Kg1Xn9o6xk,Mountain View point,23.5364995,85.2925971,attraction,N/A,2025-01-26,N/A,N/A,Jharkhand
ChIJa04YirSN9DkRvnzExSOTQRU,Topa tourist place,23.731365,85.4727242,attraction,N/A,2025-01-26,N/A,N/A,Jharkhand
ChIJCzrC_xr59DkR5Ym-z8NjgXA,Getalsud Dam View Point,23.4473371,85.5534332,attraction,N/A,2025-01-26,N/A,N/A,Jharkhand
ChIJ-wY5Z9Kz9DkR3LtR0dS1k5Y,Lalki chattan/ Dhordhorwa Khawa,23.8709513,84.9851947,attraction,N/A,2025-01-26,N/A,N/A,Jharkhand
ChIJOWkZBgCt9TkRnSWKRbaQaBM,Sunset view point 📍,23.2871536,85.74133909999999,attraction,N/A,2025-01-26,N/A,N/A,Jharkhand
ChIJARmkaEbJ9DkRWSd9UjkW9Mc,Jhir jhirya waterfall,23.6433817,85.05289549999999,attraction,N/A,2025-01-26,N/A,N/A,Jharkhand
ChIJX2WQN6sp9TkR66P7WThsOU4,Picnic spot,23.2292477,85.075362,attraction,N/A,2025-01-26,N/A,N/A,Jharkhand
ChIJIwdYZqdj9DkR5fnFBkRkQDQ,JHIR-JHIRIYA FALL,23.8436943,85.6583596,attraction,N/A,2025-01-26,N/A,N/A,Jharkhand
ChIJmUWbFyhX9DkRQgjxbz_5e4c,Hundru Valley view point,23.4504309,85.6646822,attraction,N/A,2025-01-26,N/A,N/A,Jharkhand
ChIJpzAl3-_h9DkROpqVSrBk3YM,Kokar bhabha nagar talab,23.3779796,85.3464703,attraction,N/A,2025-01-26,N/A,N/A,Jharkhand
ChIJVziAYv_g9DkRMUfdc0bkCAc,Nagar Nigam Park,23.359966,85.3102359,attraction,N/A,2025-01-26,N/A,N/A,Jharkhand
ChIJYyy89-wxizkRIPc6Q1WA88s,Sun Point,23.5477588,84.85465339999999,attraction,N/A,2025-01-26,N/A,N/A,Jharkhand
ChIJKw5yrNsh9TkRMMjToTw_mFo,Dhurwa Dam Sunset Point,23.2766707,85.2583772,attraction,N/A,2025-01-26,N/A,N/A,Jharkhand
ChIJQdtRZgDP9DkRhBnjBC2OvIA,William Fall,23.5599464,85.0855772,attraction,N/A,2025-01-26,N/A,N/A,Jharkhand
ChIJN_mZbiTh9DkRwpQi7AoqdUg,Hatma Lake,23.3909627,85.3204458,beaches,N/A,2025-01-26,N/A,N/A,Jharkhand
ChIJS7DvoQPh9DkR1Op97Y99TUA,Ranchi Lake,23.3687692,85.31745049999999,beaches,N/A,2025-01-26,N/A,N/A,Jharkhand
ChIJ9RTN_uqd9DkRXRfgLLIn9pE,Hotel Grand Beach,23.9935296,85.4013504,beaches,N/A,2025-01-26,N/A,N/A,Jharkhand
ChIJCzrC_xr59DkR5Ym-z8NjgXA,Getalsud Dam View Point,23.4473371,85.5534332,beaches,N/A,2025-01-26,N/A,N/A,Jharkhand
ChIJcS8UyD179DkRTB2856xK42Q,Konar Dam,23.9290814,85.7613855,beaches,N/A,2025-01-26,N/A,N/A,Jharkhand
ChIJ8VPe4lQd9TkRk5hLuxMtU8c,Marsilli Pahad Ranchi Namkum,23.3070865,85.4373335,beaches,N/A,2025-01-26,N/A,N/A,Jharkhand
ChIJG5v66vad9DkRraNH_N9rxkQ,POP 81155J Hotel Grand Beach,23.9899196,85.40030949999999,beaches,N/A,2025-01-26,N/A,N/A,Jharkhand
ChIJiU7NvqOe9DkRJ-JQQol8GSM,Hotel Grand Beach,23.9981637,85.34835380000001,beaches,N/A,2025-01-26,N/A,N/A,Jharkhand
ChIJBWHmGYad9DkRNb4Y8_WwaGs,Hotel Beach,23.98992,85.40031,beaches,N/A,2025-01-26,N/A,N/A,Jharkhand
ChIJjyHMOODp9DkR9SWDSQebmLc,Patratu Valley,23.5748529,85.27403149999999,beaches,N/A,2025-01-26,N/A,N/A,Jharkhand
ChIJHcF1FG_r9DkRM_YbnjEXXaY,Patratu dam,23.6098618,85.2827185,beaches,N/A,2025-01-26,N/A,N/A,Jharkhand
ChIJEZbL-6zd9DkR1PPWiFiDBqo,Ratu Sunset point,23.412168,85.216534,beaches,N/A,2025-01-26,N/A,N/A,Jharkhand
ChIJuU9nRxGd9DkR-LrfZMHmlmc,OYO Flagship Hotel Grand Beach,23.9935285,85.4013511,beaches,N/A,2025-01-26,N/A,N/A,Jharkhand
ChIJz4ahbcvf9DkRVhWHrYisFic,golden beach resort chennai,23.3764563,85.2338815,beaches,N/A,2025-01-26,N/A,N/A,Jharkhand
ChIJ693PLSTe9DkRpUTPajb5084,Mourya Hill Park,23.373822,85.266553,beaches,N/A,2025-01-26,N/A,N/A,Jharkhand
ChIJ27l1CkJc9DkRFZ2W_MX0qQU,Rajrappa Waterfall,23.6329209,85.7114757,beaches,N/A,2025-01-26,N/A,N/A,Jharkhand
ChIJyXXnphLt9DkRWjdILci0ikw,"Shiv mandir, bangada, ramgarh(jharkhand)",23.6369352,85.3883441,beaches,N/A,2025-01-26,N/A,N/A,Jharkhand
ChIJt5nh6AEH9TkR5no8NPnx5SE,Surya Mandir(Sun Temple),23.1819594,85.5616646,beaches,N/A,2025-01-26,N/A,N/A,Jharkhand
ChIJ-09XT0VV9DkR8BvpmFAGSkM,Sita Falls,23.3417448,85.6440983,beaches,N/A,2025-01-26,N/A,N/A,Jharkhand
ChIJm42paz6d9DkRH_DSCKA5Cbs,The Dolphino's Resort-Best Resort in Hazaribagh,23.9986316,85.3552325,beaches,N/A,2025-01-26,N/A,N/A,Jharkhand
ChIJqYDPIQQf9TkR44_gmLOYjAk,Coco & Chilly,23.2960279,85.275103,beaches,N/A,2025-01-26,N/A,N/A,Jharkhand
ChIJ_0lRqXnh9DkRqikw0eVAAlg,Jesus Calls Prayer Tower,23.3652017,85.3471962,beaches,N/A,2025-01-26,N/A,N/A,Jharkhand
ChIJya2OVpfh9DkR-qX0qhAYQvo,SEA CLIP HOLIDAYS,23.3786772,85.31556669999999,beaches,N/A,2025-01-26,N/A,N/A,Jharkhand
ChIJ7egJT4Hh9DkRhywVTHxQ7iM,DTDC Courier Services,23.3560639,85.3130096,beaches,N/A,2025-01-26,N/A,N/A,Jharkhand
ChIJXaM3FWSX9DkR7_64gy2zktk,Yogendra Hotal - Ajooba chouk - ( DOKA TAND ),23.8047598,85.2783415,beaches,N/A,2025-01-26,N/A,N/A,Jharkhand
ChIJffQNo9nj9DkR0Xv-k8qt_WM,Raunaq Bajaj,23.3754128,85.3582019,beaches,N/A,2025-01-26,N/A,N/A,Jharkhand
ChIJrdSgr5Pj9DkRdHg37-RFHwM,"Bharat Petroleum Petrol Pump , TIWARI TRADERS",23.3819947,85.4008818,beaches,N/A,2025-01-26,N/A,N/A,Jharkhand
ChIJwQWGerrj9DkRncV82jKxNvo,Vishal Mega Mart,23.4004806,85.3572246,beaches,N/A,2025-01-26,N/A,N/A,Jharkhand
ChIJ6QIzIg_h9DkR7C3J14A9wek,"Lenskart.com at Nucleus Mall, Lalpur",23.377246,85.3311818,beaches,N/A,2025-01-26,N/A,N/A,Jharkhand
ChIJhclTNA_h9DkRPDEWqzs2rOM,Vishal Mega Mart,23.3764547,85.3143455,beaches,N/A,2025-01-26,N/A,N/A,Jharkhand
ChIJOR14NB_h9DkRTZmdA23mjK8,Hamleys,23.3772788,85.3315472,beaches,N/A,2025-01-26,N/A,N/A,Jharkhand
ChIJsyJCag_h9DkR9c48ys02d84,V2 Shoping Mall,23.3679854,85.324978,beaches,N/A,2025-01-26,N/A,N/A,Jharkhand
ChIJJxdTG5uF9DkRu4GtyIcF2WM,Konar waterfall (river),23.9251951,85.4766228,waterfalls,N/A,2025-01-26,N/A,N/A,Jharkhand
ChIJwUtAEXmR9DkRSeRQW1yl8OU,Barat Picharwa Waterfall,23.8695625,85.4004375,waterfalls,N/A,2025-01-26,N/A,N/A,Jharkhand
ChIJ34NjCGg1izkRjhpNQNQ30e8,JhunJhuniya Waterfall,23.6023816,84.8973451,waterfalls,N/A,2025-01-26,N/A,N/A,Jharkhand
ChIJWbDyBw339DkR9agOSoXWGpQ,Kankebar Waterfall,23.5854599,85.5224272,waterfalls,N/A,2025-01-26,N/A,N/A,Jharkhand
ChIJM4G5B4RX9DkR8i144eQt5Nk,Sikidiri Waterfall,23.4833868,85.6110149,waterfalls,N/A,2025-01-26,N/A,N/A,Jharkhand
ChIJs8HnVAvp9DkRktvEVwvW5is,Rarha Waterfall,23.5409792,85.305404,waterfalls,N/A,2025-01-26,N/A,N/A,Jharkhand
ChIJj59fCQz99DkRmzXlqidVIcY,Baheya Waterfall,23.3628623,85.50076469999999,waterfalls,N/A,2025-01-26,N/A,N/A,Jharkhand
ChIJ_UeqU8jr9DkR8z2u2DTLnDo,Nakari Waterfall,23.6576669,85.3469125,waterfalls,N/A,2025-01-26,N/A,N/A,Jharkhand
ChIJP4XSW81n9DkRke_jBUpyHuM,Lalpania Waterfall,23.7518902,85.7560523,waterfalls,N/A,2025-01-26,N/A,N/A,Jharkhand
ChIJz4Kupv9X9DkRClFkVPlTwCo,Hundru Waterfall Lower View Point,23.4526061,85.670001,waterfalls,N/A,2025-01-26,N/A,N/A,Jharkhand
ChIJx2ETbc5n9DkR1ageT_nn6_U,Chharchhariya Waterfall,23.7519169,85.7559112,waterfalls,N/A,2025-01-26,N/A,N/A,Jharkhand
ChIJm8XjW6mp9TkRS1IieQvtkvQ,Sake Waterfall,23.1973858,85.6272602,waterfalls,N/A,2025-01-26,N/A,N/A,Jharkhand
ChIJ9XbqRADB9DkRngv0ueiKdAk,Baghlata waterfall,23.6225896,85.19230929999999,waterfalls,N/A,2025-01-26,N/A,N/A,Jharkhand
ChIJ23ofFFtX9DkR_KA1OwU5SWg,Hidden waterfall,23.4804519,85.60733789999999,waterfalls,N/A,2025-01-26,N/A,N/A,Jharkhand
ChIJDYyGoT7v9DkRWGmT6aYWm_k,Chandra Waterfall,23.548872,85.36434,waterfalls,N/A,2025-01-26,N/A,N/A,Jharkhand
ChIJHenIXkHp9DkRwzybNFy8Ero,Navam Waterfall,23.5410665,85.3054945,waterfalls,N/A,2025-01-26,N/A,N/A,Jharkhand
ChIJp6pVUADf9DkRBuK-MHp_oow,Bonga waterfall,23.3882615,85.2481727,waterfalls,N/A,2025-01-26,N/A,N/A,Jharkhand
ChIJ45xexsL99DkRBIU6EcOHOXY,BONGAIBERA WATERFALL,23.3719762,85.5134308,waterfalls,N/A,2025-01-26,N/A,N/A,Jharkhand
ChIJAV97-a-X9DkR3JOwtlG8jsc,Gatti kocha waterfall,23.8654157,85.3080963,waterfalls,N/A,2025-01-26,N/A,N/A,Jharkhand
ChIJ44h1ffHb9DkR2tcPKDBJfsg,Lahna Pipeline Waterfall,23.413116,85.1855149,waterfalls,N/A,2025-01-26,N/A,N/A,Jharkhand
ChIJ7ZDGanHx9DkR59Rz7BPszMI,Dhordhoria Waterfall,23.5732731,85.47818079999999,waterfalls,N/A,2025-01-26,N/A,N/A,Jharkhand
ChIJiyIHomiX9DkRUrOK2iuRr6c,Bailgirah Waterfall,23.8650607,85.2980202,waterfalls,N/A,2025-01-26,N/A,N/A,Jharkhand
ChIJj4c4zcj99DkRsjxELQabJxQ,Churni waterfall (Baheya),23.3625619,85.4911849,waterfalls,N/A,2025-01-26,N/A,N/A,Jharkhand
ChIJR2nMUOYr9TkRQ29YrCx64y4,Ghaghari dham Waterfalls,23.2277276,85.0138456,waterfalls,N/A,2025-01-26,N/A,N/A,Jharkhand
ChIJMeHN49DB9DkRDt_6FTqH2w4,Palani Waterfall Reservoir,23.6128165,85.2496754,waterfalls,N/A,2025-01-26,N/A,N/A,Jharkhand
ChIJXSyV0AP99DkRoTh5ZMIWjew,TELIYA JARA WATERFALL,23.3717133,85.50874259999999,waterfalls,N/A,2025-01-26,N/A,N/A,Jharkhand
ChIJGxp8vEz99DkRWlSwB3Ihd9c,Mahilong Upper waterfall - Sikku,23.347586,85.451212,waterfalls,N/A,2025-01-26,N/A,N/A,Jharkhand
ChIJwTysBcNW9DkRQrIuXUHIpA0,Hundru Waterfall,23.4508392,85.66679859999999,waterfalls,N/A,2025-01-26,N/A,N/A,Jharkhand
ChIJOQj-dyS59DkRzGWq91VscAE,Koti Water Fall,23.7698809,85.1662084,waterfalls,N/A,2025-01-26,N/A,N/A,Jharkhand
ChIJ27l1CkJc9DkRFZ2W_MX0qQU,Rajrappa Waterfall,23.6329209,85.7114757,waterfalls,N/A,2025-01-26,N/A,N/A,Jharkhand
ChIJReZe04hV9DkRF-vB3JG-kzI,Jonha Falls,23.3423069,85.61020549999999,waterfalls,N/A,2025-01-26,N/A,N/A,Jharkhand
ChIJA25ZPuD99DkRn0djiTvJ5SM,Topi Waterfall,23.3292565,85.4705681,waterfalls,N/A,2025-01-26,N/A,N/A,Jharkhand
ChIJJ_kfHF_I9DkRnPByMO5Cv8Q,Tiru Fall,23.6406518,85.0821084,waterfalls,N/A,2025-01-26,N/A,N/A,Jharkhand
ChIJsVkqNwDB9DkRIG5hZ6WnMv4,Palani Waterfall,23.6128375,85.24985939999999,waterfalls,N/A,2025-01-26,N/A,N/A,Jharkhand
ChIJIY4KZwAD9TkR7ww69Rz44mQ,Marashili Waterfall,23.3081655,85.4435421,waterfalls,N/A,2025-01-26,N/A,N/A,Jharkhand
ChIJARmkaEbJ9DkRWSd9UjkW9Mc,Jhir jhirya waterfall,23.6433817,85.05289549999999,waterfalls,N/A,2025-01-26,N/A,N/A,Jharkhand
ChIJxzc3B7s2izkR-a-b2VS3DnY,Kanti Waterfall Ladhup,23.5986536,84.842681,waterfalls,N/A,2025-01-26,N/A,N/A,Jharkhand
ChIJb2UrCgDB9DkRs_N8fmydn5k,X WaterFall,23.625462,85.1960259,waterfalls,N/A,2025-01-26,N/A,N/A,Jharkhand
ChIJw0o12JOX9DkRWXJYC7O9Hqw,बेलगिरी झरना,23.8721996,85.3060125,waterfalls,N/A,2025-01-26,N/A,N/A,Jharkhand
ChIJDRox4Glc9DkR76p9ThxVNQ8,Rajrappa Waterfall,23.6327308,85.7114465,waterfalls,N/A,2025-01-26,N/A,N/A,Jharkhand
ChIJY8mANwDj9DkRtf2OYGr7hQg,Baram Waterfall,23.3334841,85.4113284,waterfalls,N/A,2025-01-26,N/A,N/A,Jharkhand
ChIJfwccas-X9DkRDDdox6aCv1Y,Amandhara fall,23.8710836,85.3042067,waterfalls,N/A,2025-01-26,N/A,N/A,Jharkhand
ChIJmYGDK4z99DkRQjElefygFGk,Mahilong lower water fall,23.3460458,85.4518667,waterfalls,N/A,2025-01-26,N/A,N/A,Jharkhand
ChIJfwdHfwn99DkRGMrD-hBjeoE,Sanam Waterfall,23.362838,85.50066210000001,waterfalls,N/A,2025-01-26,N/A,N/A,Jharkhand
ChIJ98xVAQql9DkR-bWCS55ndnc,Ghaghra Water Fall,23.924025,85.13207059999999,waterfalls,N/A,2025-01-26,N/A,N/A,Jharkhand
ChIJ97LfAMNW9DkRo43bLCvTDO0,Hundru Waterfall,23.4497246,85.6666868,waterfalls,N/A,2025-01-26,N/A,N/A,Jharkhand
ChIJ44UDTq7_9DkRGI7flNnz9Lg,Garud fall,23.369382,85.523468,waterfalls,N/A,2025-01-26,N/A,N/A,Jharkhand
ChIJ5zAKj9Db9DkRFyKYG8y1QBo,Sundar Waterfalls,23.413013,85.185341,waterfalls,N/A,2025-01-26,N/A,N/A,Jharkhand
ChIJW66Aqatj9DkRQVLP2mnnb10,Jhir Jhiriya waterfall,23.8517734,85.6564971,waterfalls,N/A,2025-01-26,N/A,N/A,Jharkhand
ChIJBb_ABbHB9DkRo6YaZRlaQiM,Palani waterfall green gardan,23.6132878,85.25100239999999,waterfalls,N/A,2025-01-26,N/A,N/A,Jharkhand
ChIJJZ6x45Tv9DkRUDoTNAs8bSo,Dundun Waterfalls,23.5229168,85.4020903,waterfalls,N/A,2025-01-26,N/A,N/A,Jharkhand
ChIJa2XY4LvZ9DkRYvnnjtvzQns,KESARO waterfall,23.3351311,85.18002919999999,waterfalls,N/A,2025-01-26,N/A,N/A,Jharkhand
ChIJS_f54Dkb9TkRHfazxYw2tVA,Simsa Waterfall,23.1731987,85.3881572,waterfalls,N/A,2025-01-26,N/A,N/A,Jharkhand
ChIJjapfcT4H9TkR6kTAdrckPEU,Sun Temple Waterfall,23.1800775,85.5509592,waterfalls,N/A,2025-01-26,N/A,N/A,Jharkhand
ChIJ1cPlIQLx9DkR5ENL6zqAEsc,RMR waterfall,23.570352,85.47496,waterfalls,N/A,2025-01-26,N/A,N/A,Jharkhand
ChIJDe_5QtJX9DkRj1Bocl9iA_k,Hundru falls,23.4507295,85.66636799999999,waterfalls,N/A,2025-01-26,N/A,N/A,Jharkhand
ChIJJRE0EL4p9TkRnwhjvUtLYVQ,Lapung waterfall,23.2245239,85.05358919999999,waterfalls,N/A,2025-01-26,N/A,N/A,Jharkhand
ChIJFTZ-CkXf9DkR17oH8FesbUo,Sarna fall,23.3406219,85.26434929999999,waterfalls,N/A,2025-01-26,N/A,N/A,Jharkhand
ChIJl_iza3Tv9DkR3aBzvxhHrB0,Nimi Jharna (waterfall),23.595773,85.37483499999999,waterfalls,N/A,2025-01-26,N/A,N/A,Jharkhand
ChIJ7_TtCIwe9TkRGS4OgPXtOpw,C - Waterfall,23.2595887,85.33872269999999,waterfalls,N/A,2025-01-26,N/A,N/A,Jharkhand
ChIJH4LUbkrg9DkRPRdwb6drD8U,Mecon Colony Park - 1,23.337304,85.310209,parks,N/A,2025-01-26,N/A,N/A,Jharkhand
ChIJu-bpO_nj9DkRhP6c8rBC2ec,Baragain hill park,23.403734,85.373964,parks,N/A,2025-01-26,N/A,N/A,Jharkhand
ChIJZ7X91iDh9DkRddwAstfGphk,Nilambar Pitambar Park,23.3907927,85.32656109999999,parks,N/A,2025-01-26,N/A,N/A,Jharkhand
ChIJaSJJgBLg9DkRJFZNEii4LV4,Swami Vivekanand Park Sail City,23.3335106,85.2813942,parks,N/A,2025-01-26,N/A,N/A,Jharkhand
ChIJc9wvNeof9TkRSNXUvCJAkBM,Nehru Park,23.292683,85.29038659999999,parks,N/A,2025-01-26,N/A,N/A,Jharkhand
ChIJI8MDLinf9DkRAQLeEHQxo9M,Banhora Park,23.3814375,85.2653125,parks,N/A,2025-01-26,N/A,N/A,Jharkhand
ChIJnVTi8Pfg9DkR8Jl_NmKDHQ4,Harmu Bazar Park,23.360657,85.302848,parks,N/A,2025-01-26,N/A,N/A,Jharkhand
ChIJo0MbSA4g9TkRrPF0aI1Hplg,Dhurwa Dam Park,23.300528,85.258709,parks,N/A,2025-01-26,N/A,N/A,Jharkhand
ChIJc-oidSGc9DkReMb1essUcE0,Jan Nayak Karpuri Thakur Pratima Sthal (Park),24.0056947,85.35891409999999,parks,N/A,2025-01-26,N/A,N/A,Jharkhand
ChIJOf25Edzh9DkR2NSl6oqFxjY,Children park,23.3428112,85.3322713,parks,N/A,2025-01-26,N/A,N/A,Jharkhand
ChIJqbBEo5Dn9DkRlrIT40GS0xI,Chiraundi Park,23.4086537,85.34766220000002,parks,N/A,2025-01-26,N/A,N/A,Jharkhand
ChIJQZozsyvh9DkRGnOzl_twb4Q,Banas talab joggers park,23.3565309,85.33590939999999,parks,N/A,2025-01-26,N/A,N/A,Jharkhand
ChIJtao1KgMg9TkR97Id8NWkH8I,Dhurva Sector C Park,23.299631,85.269509,parks,N/A,2025-01-26,N/A,N/A,Jharkhand
ChIJh7bS_BHy9DkRLB1Zk7rINWw,Park,23.6186687,85.44806969999999,parks,N/A,2025-01-26,N/A,N/A,Jharkhand
ChIJFy91keeb9DkR-JGUT5i2N5A,Panchsheel Park,23.9561933,85.3636032,parks,N/A,2025-01-26,N/A,N/A,Jharkhand
ChIJsXaAXYPj9DkRZx1kJChbUbc,NAGAR NIGAM PARK,23.3989694,85.35883799999999,parks,N/A,2025-01-26,N/A,N/A,Jharkhand
ChIJUcXTHraL9DkRofn4UdaPLe0,Duni River Side Park,23.7705241,85.55494750000001,parks,N/A,2025-01-26,N/A,N/A,Jharkhand
ChIJqf_ti7Kd9DkRO_Mdcvra9_g,Swarn jayanti park,24.0070221,85.3651354,parks,N/A,2025-01-26,N/A,N/A,Jharkhand
ChIJ4xKxIVxV9DkRfUM_0VEkp6E,Jonha Park,23.340463,85.6076926,parks,N/A,2025-01-26,N/A,N/A,Jharkhand
ChIJp7auhNSL9DkRy8_jc9R61bU,J.R.D TATA Park,23.789274,85.55925599999999,parks,N/A,2025-01-26,N/A,N/A,Jharkhand
ChIJdd0sSmzi9DkRA6CcDW0iCvQ,Children Park,23.3296759,85.37934109999999,parks,N/A,2025-01-26,N/A,N/A,Jharkhand
ChIJF3I6NCq29DkRYYvLgTcmLZs,(Wankhede)Indian Colony Park,23.6874297,85.060807,parks,N/A,2025-01-26,N/A,N/A,Jharkhand
ChIJyc0KvSLh9DkRDtVSoJSGkvY,Army Quarter Park,23.385013,85.32275000000001,parks,N/A,2025-01-26,N/A,N/A,Jharkhand
ChIJpaOIGujj9DkRZ1gbG8hFsAk,Ayodhya Enclave community Park.,23.3860727,85.366087,parks,N/A,2025-01-26,N/A,N/A,Jharkhand
ChIJAdTkEUNZ9DkRditOIEyL1bg,Aparna Watika Park,23.5882634,85.6724113,parks,N/A,2025-01-26,N/A,N/A,Jharkhand
ChIJax7q_tXh9DkRkANMzbn-rNA,Karam toli Park,23.3879073,85.33025599999999,parks,N/A,2025-01-26,N/A,N/A,Jharkhand
ChIJXSaXbzXg9DkRJyCMbay6TIM,Mecon Colony Park,23.3358999,85.3113444,parks,N/A,2025-01-26,N/A,N/A,Jharkhand
ChIJ____Dynh9DkR3-xX7qURfaU,Hill Park,23.3985078,85.3177151,parks,N/A,2025-01-26,N/A,N/A,Jharkhand
ChIJM1cWJTng9DkR_vKQgdTo6hM,Nehru Park,23.3320553,85.29883720000001,parks,N/A,2025-01-26,N/A,N/A,Jharkhand
ChIJZ7AdjDzh9DkRkThjZLxLCVk,Shaheed Sankalp Vatika,23.3890118,85.32616829999999,parks,N/A,2025-01-26,N/A,N/A,Jharkhand
ChIJzwbKOL3h9DkRgJ_4THa53xA,Kokar park,23.3754098,85.345503,parks,N/A,2025-01-26,N/A,N/A,Jharkhand
ChIJ7xJYnzb79DkRCPcqjI94JZA,BIT Park,23.4149832,85.44288259999999,parks,N/A,2025-01-26,N/A,N/A,Jharkhand
ChIJdfgAKwWL9DkRAzrlOg6OP0E,JRD Tata Park Gate,23.7910542,85.5608985,parks,N/A,2025-01-26,N/A,N/A,Jharkhand
ChIJMVqbHiPl9DkRweGToUxdTfE,KIDS PARK,23.427612,85.4333521,parks,N/A,2025-01-26,N/A,N/A,Jharkhand
ChIJAQAAkNXg9DkRDR_zMILYTME,Children's Park View,23.4038472,85.3129755,parks,N/A,2025-01-26,N/A,N/A,Jharkhand
ChIJl7F0ilfh9DkRW2T2fKSgmTc,Jail park children zone,23.3767323,85.3311093,parks,N/A,2025-01-26,N/A,N/A,Jharkhand
ChIJlRs7Szb19DkR-M2Ze5Jlstw,Raj Agro Park,23.6281796,85.57600029999999,parks,N/A,2025-01-26,N/A,N/A,Jharkhand
ChIJv0thVNO39DkRKguqyqPPd44,Park,23.6911382,85.0650888,parks,N/A,2025-01-26,N/A,N/A,Jharkhand
ChIJte40izy39DkR6QZ2JgjTzr0,Eco Park,23.7265446,85.0353126,parks,N/A,2025-01-26,N/A,N/A,Jharkhand
ChIJ_3CoLFmd9DkRyU-dDFQ5K3s,Sinpsun Park,24.0010248,85.3662409,parks,N/A,2025-01-26,N/A,N/A,Jharkhand
ChIJlf4sNgAh9TkRS5Wc34N6fGc,Ambedkar Park,23.30633,85.24130989999999,parks,N/A,2025-01-26,N/A,N/A,Jharkhand
ChIJTT0h9s_f9DkRNXQby0XfQOk,Mango park,23.3314929,85.2428089,parks,N/A,2025-01-26,N/A,N/A,Jharkhand
ChIJT0I3Co_z9DkR7k6tRxE2kMY,Dr. Bhim Rao Ambedkar Park,23.6372619,85.5124608,parks,N/A,2025-01-26,N/A,N/A,Jharkhand
ChIJgTdRbnPj9DkRWfWsMBPBMGw,Army Colony Park - 1,23.388511,85.402271,parks,N/A,2025-01-26,N/A,N/A,Jharkhand
ChIJBfd6gGDh9DkRv9UJ5t27p1c,APJ Abdul Kalam Park,23.3445678,85.3232342,parks,N/A,2025-01-26,N/A,N/A,Jharkhand
ChIJy3Ok0a_h9DkRn7cj4jHI0xY,Nigam Park,23.3566983,85.30280049999999,parks,N/A,2025-01-26,N/A,N/A,Jharkhand
ChIJVelMUwDp9DkRVCORRK5OB-I,99 park,23.5027513,85.3032465,parks,N/A,2025-01-26,N/A,N/A,Jharkhand
ChIJR7WEtpzh9DkRqMdvE_YFxNs,RMC Lalman Park,23.3838699,85.3127066,parks,N/A,2025-01-26,N/A,N/A,Jharkhand
ChIJPzF8Wmbr9DkReRQIfQK63F8,Patratu Lake,23.6057374,85.2890613,parks,N/A,2025-01-26,N/A,N/A,Jharkhand
ChIJH24jGGX79DkR-hIBDmBECpY,"Butterfly Park, Ranchi",23.4658625,85.45592189999999,parks,N/A,2025-01-26,N/A,N/A,Jharkhand
ChIJIfyslQ3h9DkRiiJ0QJdBNLc,Birsa Postal Park,23.3424993,85.3222942,parks,N/A,2025-01-26,N/A,N/A,Jharkhand
ChIJ89omL_vh9DkRJjwKEC28Cw4,Argora colony park,23.3485395,85.2969547,parks,N/A,2025-01-26,N/A,N/A,Jharkhand
ChIJU0-Tcg3h9DkRr696ZoxLSxU,Eco Park,23.3426129,85.31681780000001,parks,N/A,2025-01-26,N/A,N/A,Jharkhand
ChIJB_tLl3Hj9DkRsXZPbO7M4UI,Army Life Park,23.39359,85.404727,parks,N/A,2025-01-26,N/A,N/A,Jharkhand
ChIJ7SqDYGvr9DkRHizNiRnR5H0,Kids park,23.6100044,85.2818545,parks,N/A,2025-01-26,N/A,N/A,Jharkhand
ChIJEzkV_srh9DkRKgg6uNfNKp0,Janhit Park,23.3589819,85.3130164,parks,N/A,2025-01-26,N/A,N/A,Jharkhand
ChIJkeXBQ9jh9DkRUfdVuXxxKWg,Green Park,23.3447945,85.32442019999999,parks,N/A,2025-01-26,N/A,N/A,Jharkhand
ChIJpSb2L8eL9DkRFF3IcA2S1ks,J.N Tata Park Gate,23.7765879,85.5386139,parks,N/A,2025-01-26,N/A,N/A,Jharkhand
ChIJ90nqF1vl9DkR_LeQhhjzGAA,BIT OUTER PARK,23.4225559,85.4324565,parks,N/A,2025-01-26,N/A,N/A,Jharkhand
ChIJKSzWcfLh9DkRotiSAzRZcDY,Children's Park,23.3445095,85.3240363,parks,N/A,2025-01-26,N/A,N/A,Jharkhand
ChIJW07sQkvh9DkR7nziyK6cXrk,Ranchi Science Center,23.4069545,85.34023270000002,museum,N/A,2025-01-26,N/A,N/A,Jharkhand
ChIJ5aYkLr3j9DkR8DEO4Njz0R0,State Museum,23.383792,85.3856121,museum,N/A,2025-01-26,N/A,N/A,Jharkhand
ChIJF6OeE5Xh9DkRyjJH73u2XpI,MUSICAL FOUNTAIN,23.3741785,85.32942249999999,museum,N/A,2025-01-26,N/A,N/A,Jharkhand
ChIJA42pyUac9DkR-xlsBeN1In4,Sanskriti Museum and Art Gallery,24.0096551,85.3787155,museum,N/A,2025-01-26,N/A,N/A,Jharkhand
ChIJr_CUaDjh9DkRGd6JXiKISw8,Tribal Research Institute and Museum,23.3941399,85.33323480000001,museum,N/A,2025-01-26,N/A,N/A,Jharkhand
ChIJHTekzbTh9DkR0NO9WPVm2eA,Birsa Munda Museum,23.3771358,85.32879489999999,museum,N/A,2025-01-26,N/A,N/A,Jharkhand
ChIJqV6J0Byc9DkR-cpgrgCGaXI,Imam bara hazaribag jharkhand,23.9911395,85.3562831,museum,N/A,2025-01-26,N/A,N/A,Jharkhand
ChIJ2x8ISwCr9TkRCAvhW2TcK1c,Eco Park,23.2557241,85.6458722,museum,N/A,2025-01-26,N/A,N/A,Jharkhand
ChIJSa6r-zrc9DkRjNgG_Xl0InY,Ratu Fort,23.4189675,85.2183702,museum,N/A,2025-01-26,N/A,N/A,Jharkhand
ChIJfRwBE3T79DkRXTiiegile3k,Bhagwan Birsa Aquarium park,23.4661045,85.4574894,museum,N/A,2025-01-26,N/A,N/A,Jharkhand
ChIJRVXc5Ub79DkRU6_dWKc0hms,The snake house,23.4574817,85.4600857,museum,N/A,2025-01-26,N/A,N/A,Jharkhand
ChIJT79SWnzn9DkRnUDXkZTj3lA,"धुमकुड़िया ,मुरुम(dhumkuriya murum)",23.477021,85.3458553,museum,N/A,2025-01-26,N/A,N/A,Jharkhand
ChIJNxZUUp_h9DkR3s2eDMpk_RM,Birsa Munda Museum Garden,23.3770342,85.32838579999999,museum,N/A,2025-01-26,N/A,N/A,Jharkhand
ChIJtWdnbVOd9DkRDGMn1LUK_ZI,K B SAHAY PARK,23.9855968,85.3731766,museum,N/A,2025-01-26,N/A,N/A,Jharkhand
ChIJSQ6F59MF9TkRKrCQVzuXHp0,Pancha maidan.Ghar,23.209704,85.49118589999999,museum,N/A,2025-01-26,N/A,N/A,Jharkhand
ChIJCayUaUnh9DkRemkw0P5hGrQ,Tagore Hill,23.4015497,85.3380737,museum,N/A,2025-01-26,N/A,N/A,Jharkhand
ChIJn5r-58-p9TkR9fhPBr6BtF0,Durga Mandir,23.1884622,85.6136396,museum,N/A,2025-01-26,N/A,N/A,Jharkhand
ChIJKZ0K8Wh89DkRm73a1imj03E,Karmatand Shiv Mandir,23.9541758,85.6670829,museum,N/A,2025-01-26,N/A,N/A,Jharkhand
ChIJf-Thyeef9DkRf7IrAX9bx9Q,Jute and dokra art,23.9859372,85.3524092,museum,N/A,2025-01-26,N/A,N/A,Jharkhand
ChIJVdXk4cuX9DkRbePq1ZEZu5w,इस्को गुफा,23.8073462,85.3315093,museum,N/A,2025-01-26,N/A,N/A,Jharkhand
ChIJTQUMLMHP9DkRoH0tBbUYUAo,Shiv Mandir,23.5848157,85.0908671,museum,N/A,2025-01-26,N/A,N/A,Jharkhand
ChIJM8_dTYqW9DkRk-rbW4-O-xE,"Isco Rockart (10,000 B.C)",23.8053754,85.3280254,museum,N/A,2025-01-26,N/A,N/A,Jharkhand
ChIJDcV7H46X9DkRwg-B7_1Fy2w,"Sohrai-Khovar Art Gallery, Isko Cave, Barkagaon",23.8057776,85.3267487,museum,N/A,2025-01-26,N/A,N/A,Jharkhand
ChIJHWOcNgC99DkRBTr3OnLkVbk,Sandh,23.8329273,85.2378619,museum,N/A,2025-01-26,N/A,N/A,Jharkhand
ChIJhf2hEwAF9TkRaw5MIxD6UB8,Taimara hill,23.2027528,85.51044139999999,museum,N/A,2025-01-26,N/A,N/A,Jharkhand
ChIJD8GqIoqM9DkRTklGElhrfoc,Shri Shanidev Mandir,23.7442337,85.5039314,museum,N/A,2025-01-26,N/A,N/A,Jharkhand
ChIJE49SQACd9DkR5rrKhj3If7k,Chowk Singhani,23.9932908,85.4002167,museum,N/A,2025-01-26,N/A,N/A,Jharkhand
ChIJwUson_7T9DkRYLkvoutPTsI,Noori Masjid,23.4928181,84.9990272,museum,N/A,2025-01-26,N/A,N/A,Jharkhand
ChIJDamjgejp9DkRqB7J5-5I8Tw,KABRISTAN Pirutola,23.5134133,85.2783888,museum,N/A,2025-01-26,N/A,N/A,Jharkhand
ChIJ9WaBZ0qt9TkRisnk0Z2ieaQ,Shri Shri Durga Mandir,23.3081227,85.70407379999999,museum,N/A,2025-01-26,N/A,N/A,Jharkhand
ChIJqyXjsO5Z9DkR29wmdIJSwm0,Zarina Khatoon Museum,23.5691451,85.6540429,museum,N/A,2025-01-26,N/A,N/A,Jharkhand
ChIJGTs9rKf19DkR3Ji_VFnnDkU,Karma,23.6645765,85.5700993,museum,N/A,2025-01-26,N/A,N/A,Jharkhand
ChIJG0Fz4lX19DkRZF5HEpEbHdg,दमोदर नदी सुगिया,23.651176,85.5555833,museum,N/A,2025-01-26,N/A,N/A,Jharkhand
ChIJAaMBcAAh9TkROmttei_Cf3I,Katari Toli,23.2710018,85.21782320000001,museum,N/A,2025-01-26,N/A,N/A,Jharkhand
ChIJJ7UcLS7h9DkRdJTqXGXP-G4,SARTHAK TECNOLOGY CCTV,23.3699445,85.3132162,museum,N/A,2025-01-26,N/A,N/A,Jharkhand
ChIJA6ohPAD39DkRgYskGThQCsY,B M store,23.5983443,85.60028199999999,museum,N/A,2025-01-26,N/A,N/A,Jharkhand
ChIJgS5vJYfh9DkRNtdJCKvaSho,Goutam Buddha statue,23.3763439,85.32881499999999,museum,N/A,2025-01-26,N/A,N/A,Jharkhand
ChIJt6SQDAAH9TkROXVdVI-rsx4,Atova,23.1599999,85.5869352,museum,N/A,2025-01-26,N/A,N/A,Jharkhand
ChIJEwnoQkGd9DkRaW37ex8L5qI,हजारीबाग,23.9954644,85.3608751,museum,N/A,2025-01-26,N/A,N/A,Jharkhand
ChIJ4RCHzqZZ9DkRQ7IXKgDwUJk,Jama Masjid,23.5700643,85.6811798,museum,N/A,2025-01-26,N/A,N/A,Jharkhand
ChIJGVNuO0nb9DkRAv1xLJLs-Cw,Sarna sthal Chund,23.474578,85.1631675,museum,N/A,2025-01-26,N/A,N/A,Jharkhand
ChIJEWfHGQCH9DkR7lDZCwbt1ZU,Nikhil kumar raj,23.9325234,85.5934262,museum,N/A,2025-01-26,N/A,N/A,Jharkhand
ChIJl-_hcQCn9DkRB_WUEOsk418,Nakul हाउस carpeter,23.9809986,85.1851588,museum,N/A,2025-01-26,N/A,N/A,Jharkhand
ChIJ39tmZgC_9DkRWyTEGlbTpyc,Dev boipai,23.6913486,85.2722472,museum,N/A,2025-01-26,N/A,N/A,Jharkhand
ChIJX0P6aCCd9DkRLtVP-Q1WPaY,BRITISH GRAVEYARD,23.9946081,85.36905999999999,museum,N/A,2025-01-26,N/A,N/A,Jharkhand
ChIJDUAMqVWe9DkRVSnIOL9XQUc,Chadwa Dam,24.0234187,85.3123293,museum,N/A,2025-01-26,N/A,N/A,Jharkhand
ChIJ21xEg7Xh9DkRDjiSsmPugNE,Shilpkaari,23.3815604,85.297017,museum,N/A,2025-01-26,N/A,N/A,Jharkhand
ChIJk-CAQw3h9DkRc4QJOPdjrBU,"Cycle Museum - CycleBABY TRYCYCLE, BABY ELECTRIC CAR BIKE and Fitness Equipment Dealer",23.3713774,85.33676009999999,museum,N/A,2025-01-26,N/A,N/A,Jharkhand
ChIJ-bRWXgbh9DkR5qxwn6kEV48,The Great Statue,23.3549351,85.3200653,museum,N/A,2025-01-26,N/A,N/A,Jharkhand
ChIJOYcZGADT9DkR5gvs5KnWmtY,Sarna place,23.47673,84.946584,museum,N/A,2025-01-26,N/A,N/A,Jharkhand
ChIJy1YJEQDL9DkRn6D3TwvlR1k,Javed alam,23.6510663,84.9915456,museum,N/A,2025-01-26,N/A,N/A,Jharkhand
ChIJ9VPOcABd9DkRgo3Nuk-4oq4,Sarna Place,23.6711875,85.7531875,museum,N/A,2025-01-26,N/A,N/A,Jharkhand
ChIJJ8tSffOd9DkRDM5Tq-1q428,YouTube,23.9950474,85.3560061,museum,N/A,2025-01-26,N/A,N/A,Jharkhand
ChIJhQvwVAC_9DkREHjvxej-xNc,Md faiyaz,23.6913486,85.2722472,museum,N/A,2025-01-26,N/A,N/A,Jharkhand
ChIJMZWVNgDF9DkRq8dwPDLUcT0,Kajidarbar dawakhana Manatu,23.5620138,85.1840948,museum,N/A,2025-01-26,N/A,N/A,Jharkhand
ChIJFbmmGQD19DkRwL8jVVxTjG8,राम सीता डैम,23.6348194,85.5884337,museum,N/A,2025-01-26,N/A,N/A,Jharkhand
ChIJfW2cUgBF9DkRLQ9M4pm9zEE,Goutam home,23.6047741,85.7717907,museum,N/A,2025-01-26,N/A,N/A,Jharkhand
ChIJrWEYYADf9DkRqN4qay6suGs,Bhonda mahuwa toli,23.3737178,85.2004142,museum,N/A,2025-01-26,N/A,N/A,Jharkhand
ChIJH4umx2SD9DkRo8BPaf0VLIs,Niku rana home,24.0090762,85.498756,museum,N/A,2025-01-26,N/A,N/A,Jharkhand
ChIJP2_M1tfp9DkRZvkfg59gU6Q,Pankaj gope,23.5166626,85.2951879,museum,N/A,2025-01-26,N/A,N/A,Jharkhand
ChIJaeS7d7DdKDoRFeTngPtYZhI,Budha Talab Raipur,21.2340842,81.63446689999999,attraction,N/A,2025-01-26,N/A,N/A,Chhattisgarh
ChIJFU7yiafdKDoRyclohWr98pc,Marine Drive,21.2407224,81.6604157,attraction,N/A,2025-01-26,N/A,N/A,Chhattisgarh
ChIJqbwP4r7dKDoRk2PMsqBjBgs,Gandhi Udyan Park,21.2392556,81.6280314,attraction,N/A,2025-01-26,N/A,N/A,Chhattisgarh
ChIJEfUmbCnDKDoRb_eNkHsfaH0,Energy Park(Urja park),21.2191578,81.69764339999999,attraction,N/A,2025-01-26,N/A,N/A,Chhattisgarh
ChIJ3TUixuEmJjoRrOh9zU2NZlI,Dhaskund Waterfall,21.3784512,82.2595656,attraction,N/A,2025-01-26,N/A,N/A,Chhattisgarh
ChIJ3UuDZAAhKToRoww5J84Lpwo,सुकृति फॉर्म भाटागांव,21.1686563,81.5073057,attraction,N/A,2025-01-26,N/A,N/A,Chhattisgarh
ChIJ-d3mDx3HKDoRiLmGozDnGbs,Musical fountain,21.1585278,81.78889819999999,attraction,N/A,2025-01-26,N/A,N/A,Chhattisgarh
ChIJi34HxjLfKDoRmNw8qtiX3lY,Secret place...,21.24032,81.56403999999999,attraction,N/A,2025-01-26,N/A,N/A,Chhattisgarh
ChIJpbbRZgBVLzoRFauJJparSvQ,Dam view point,20.877235,82.1970647,attraction,N/A,2025-01-26,N/A,N/A,Chhattisgarh
ChIJt7SfFLDFKDoRF5IjOtCNMbc,Gyan talab,21.102918,81.74909319999999,attraction,N/A,2025-01-26,N/A,N/A,Chhattisgarh
ChIJ74etyCwjKToRu4710BrWGYA,Gatwa talab,21.2084699,81.42388609999999,attraction,N/A,2025-01-26,N/A,N/A,Chhattisgarh
ChIJO6ZTVOPDKDoRfTfWgovvjW8,Statue of Swami Vivekananda,21.1892926,81.7379299,attraction,N/A,2025-01-26,N/A,N/A,Chhattisgarh
ChIJ8185bv9_KDoRdKq7zf3ezB4,Nayak Talab,21.6842726,82.1659464,attraction,N/A,2025-01-26,N/A,N/A,Chhattisgarh
ChIJcZqeWpn3KDoRaDoXa2C5ajc,Saropi lake,21.6312349,81.7078586,attraction,N/A,2025-01-26,N/A,N/A,Chhattisgarh
ChIJ_X8B5fKhKDoRcqOCa5Z0Fm4,Kodar View Point,21.1994083,82.1883402,attraction,N/A,2025-01-26,N/A,N/A,Chhattisgarh
ChIJiwH1QADBKDoRKtmlokK0LRo,DKG Sunset Point,21.2089944,81.8171711,attraction,N/A,2025-01-26,N/A,N/A,Chhattisgarh
ChIJT-cQXwDBKDoRH-hSICUGdN8,DeepSavi River End picnic spot,21.1812471,81.7872696,attraction,N/A,2025-01-26,N/A,N/A,Chhattisgarh
ChIJjTgdLQDBKDoRR_7LGigoph0,Sendh Lake View Point,21.2066135,81.81964769999999,attraction,N/A,2025-01-26,N/A,N/A,Chhattisgarh
ChIJFyb6fwDFKDoRWMUnolWJTLs,Lake point,21.1284734,81.77391709999999,attraction,N/A,2025-01-26,N/A,N/A,Chhattisgarh
ChIJnfn_IysnKToRx9kFrL772sM,DAULAT VATICA,21.1434952,81.5128282,attraction,N/A,2025-01-26,N/A,N/A,Chhattisgarh
ChIJVWrwhQzdKDoRMiJp37aicMY,"Gandhi Udyan, Raipur",21.2423818,81.6524207,attraction,N/A,2025-01-26,N/A,N/A,Chhattisgarh
ChIJzxdoF2xTLzoR6aT4Q31Xl8A,Ghatarani Waterfall,20.8280625,82.05981249999999,attraction,N/A,2025-01-26,N/A,N/A,Chhattisgarh
ChIJQfeI6-0dKToRfqKVYqAu5EQ,Tension Free Resort & Agro Tourism,21.3385276,81.4559088,attraction,N/A,2025-01-26,N/A,N/A,Chhattisgarh
ChIJnT2G7FShKDoRSTic7Ci19b8,Sirpur Forest Range,21.2817582,82.1911169,attraction,N/A,2025-01-26,N/A,N/A,Chhattisgarh
ChIJH_t5tE2eKDoRb2XsTG3GcyE,Surang Tila,21.3465552,82.1820739,attraction,N/A,2025-01-26,N/A,N/A,Chhattisgarh
ChIJlW7uXwCXKDoR8IxnDhBllAI,Deortilda Dame,21.3625893,82.0007344,attraction,N/A,2025-01-26,N/A,N/A,Chhattisgarh
ChIJPeEkHQApJjoRBfewjt62fiQ,बुड़ती पारा,21.5454403,82.2706142,attraction,N/A,2025-01-26,N/A,N/A,Chhattisgarh
ChIJ8fSkGgBLLzoRJacSXv5O6F4,Durvadera,20.8775625,81.9135625,attraction,N/A,2025-01-26,N/A,N/A,Chhattisgarh
ChIJe_kJCQDhKDoRTEWUjWqdM44,Marine drive 2.0,21.2676996,81.5869933,attraction,N/A,2025-01-26,N/A,N/A,Chhattisgarh
ChIJ49B2uS2nKDoRErnob1pUkAg,Kodar Dam,21.1946819,82.1803898,attraction,N/A,2025-01-26,N/A,N/A,Chhattisgarh
ChIJae1dZ_HlKDoRRR_0vHNlq34,Kharun dam,21.3950822,81.62951939999999,attraction,N/A,2025-01-26,N/A,N/A,Chhattisgarh
ChIJKcTINIHHKDoRGW4AqX_MMr8,Pauta dam,21.1310813,81.8349279,attraction,N/A,2025-01-26,N/A,N/A,Chhattisgarh
ChIJhxk1OYTHKDoR9za-khjSfuU,Kosam-Bir waterfall (Mahanadi main canal),21.1376385,81.86361620000001,attraction,N/A,2025-01-26,N/A,N/A,Chhattisgarh
ChIJxSrh_0_DKDoRpK_4rhZGEpc,Scottish Kelpies Horses Replica,21.1863837,81.73931089999999,attraction,N/A,2025-01-26,N/A,N/A,Chhattisgarh
ChIJ95jXBQDnKDoRwsh9mpTYGqE,Plot bilaspur,21.305706,81.6259518,attraction,N/A,2025-01-26,N/A,N/A,Chhattisgarh
ChIJv8puRwC3KDoR0fkrdUkeMro,रावड लखना स्टाप डेम,21.0032517,81.899305,attraction,N/A,2025-01-26,N/A,N/A,Chhattisgarh
ChIJ40yDnvOBKDoRKxflvkJRPyk,Devsagar Pond,21.6576896,82.1657778,attraction,N/A,2025-01-26,N/A,N/A,Chhattisgarh
ChIJ0XyVT9WTKDoRrSzsZ23E25o,Mohrenga Nature Safari Watch Tower,21.4361385,81.9106893,attraction,N/A,2025-01-26,N/A,N/A,Chhattisgarh
ChIJfWIpsqG1KDoRh35gyrRRkyM,Laxman Jhula Rajim,20.9620608,81.8725473,attraction,N/A,2025-01-26,N/A,N/A,Chhattisgarh
ChIJ98_5mQsHKToRQ77WbqgQpTs,Shivnath river kodwa parpoda berla road,21.5615264,81.398894,attraction,N/A,2025-01-26,N/A,N/A,Chhattisgarh
ChIJt8o3RADRKDoRWnzD5f5uOcI,खारुन नदी बांध सिपकोना,21.0547755,81.6044813,attraction,N/A,2025-01-26,N/A,N/A,Chhattisgarh
ChIJE76xPQAvKToRCTipw3B_dVM,Kala munch,20.9957883,81.41631690000001,attraction,N/A,2025-01-26,N/A,N/A,Chhattisgarh
ChIJAzmpVLYjKToROVhUxoIYqxU,Canal Road,21.208258,81.391296,attraction,N/A,2025-01-26,N/A,N/A,Chhattisgarh
ChIJZZ-2AACfKDoRbTwwa_HPk1Q,Shivling mandir 5,21.3424962,82.1832517,attraction,N/A,2025-01-26,N/A,N/A,Chhattisgarh
ChIJVWDplBnhKDoRWAf2bweZTUo,Check dam kharun river,21.273244,81.5461278,attraction,N/A,2025-01-26,N/A,N/A,Chhattisgarh
ChIJHWL2HGngKDoR9nD7j3PKb6c,Nandan Van Zoo,21.2829557,81.54479309999999,attraction,N/A,2025-01-26,N/A,N/A,Chhattisgarh
ChIJrekLMvTdKDoRSOHBB7APeeQ,Conflictorium,21.2319535,81.64983579999999,attraction,N/A,2025-01-26,N/A,N/A,Chhattisgarh
ChIJE2z_K6DdKDoR6KJMwsi5z5g,Mahant Ghasidas Memorial Museum,21.2438832,81.6449147,attraction,N/A,2025-01-26,N/A,N/A,Chhattisgarh
ChIJCd-i7c-BKDoRSO6_mCHNm9Q,Ranisagar Talab,21.6558499,82.1557067,attraction,N/A,2025-01-26,N/A,N/A,Chhattisgarh
ChIJcabCFM3XKDoRgHfP5umNqkw,Thakurain Tola,21.0746563,81.5757082,attraction,N/A,2025-01-26,N/A,N/A,Chhattisgarh
ChIJzeha4YPtKDoRB6TFbUVB0Hw,Pt. Lakhan Lal Mishra Reservoir (Pendravan),21.406746,81.861284,attraction,N/A,2025-01-26,N/A,N/A,Chhattisgarh
ChIJs_OCi-HzKDoRUB5kHUxAeCU,Jalso dam GSP,21.4656171,81.78283410000002,attraction,N/A,2025-01-26,N/A,N/A,Chhattisgarh
ChIJl0ksL63FKDoRnWy3yJ-mppo,Jungle safari,21.0956979,81.7707302,attraction,N/A,2025-01-26,N/A,N/A,Chhattisgarh
ChIJPzZBWL9NLzoRYVNjmtpPm78,Jharjhara Mata Mandir And Waterfall,20.8388361,82.01604209999999,attraction,N/A,2025-01-26,N/A,N/A,Chhattisgarh
ChIJW4KYawAtLzoRIKIyF0AMYBA,Kanharpuri Dam(कान्हारपूरी डैम)🌊,20.8335456,81.6882188,attraction,N/A,2025-01-26,N/A,N/A,Chhattisgarh
ChIJS-mYKQDFKDoRQPpHgjjD9ec,नौका विहार जंगल सफारी,21.1031383,81.77445,attraction,N/A,2025-01-26,N/A,N/A,Chhattisgarh
ChIJW-mJSVPAKDoRliv5gFWI7Ug,MM Fun City,21.2367995,81.82227019999999,attraction,N/A,2025-01-26,N/A,N/A,Chhattisgarh
ChIJXxKOBTXEKDoRWrUwI1Ve9Pc,Purkhouti Muktangan,21.1340706,81.7588497,attraction,N/A,2025-01-26,N/A,N/A,Chhattisgarh
ChIJ-bZKUGnbKDoR1z78fGC1eow,Satpakhar Kharun River View 2,21.1606296,81.6230817,attraction,N/A,2025-01-26,N/A,N/A,Chhattisgarh
ChIJGf6_YnChKDoRwkqdOIJqaYg,Donga puliya dam,21.2204889,82.1761264,attraction,N/A,2025-01-26,N/A,N/A,Chhattisgarh
ChIJOUFHT1CeKDoRoBM06K0VEtA,Udgam Mela,21.3504614,82.180481,beaches,N/A,2025-01-26,N/A,N/A,Chhattisgarh
ChIJFU7yiafdKDoRyclohWr98pc,Marine Drive,21.2407224,81.6604157,beaches,N/A,2025-01-26,N/A,N/A,Chhattisgarh
ChIJn85WNzrBKDoRPNcfzdY2A9k,Sendh Lake Naya Raipur,21.1951917,81.8070923,beaches,N/A,2025-01-26,N/A,N/A,Chhattisgarh
ChIJt9RgVb6hKDoRwMpoHJUaMh8,Eco camp Kodar,21.2011026,82.19016839999999,beaches,N/A,2025-01-26,N/A,N/A,Chhattisgarh
ChIJ5-g2uSG1KDoRNqFwYNFBJQk,Rajim triveni sangam,20.9623485,81.8709262,beaches,N/A,2025-01-26,N/A,N/A,Chhattisgarh
ChIJO56ZoBdSLzoRk6VbrjQ1qhg,Shri Ghatarani Mandir,20.8279982,82.0596431,beaches,N/A,2025-01-26,N/A,N/A,Chhattisgarh
ChIJC3NwWojeKDoRwr8KRh0FDgI,Shree Hatkeshwar Mahadev Raipur,21.2157207,81.5908529,beaches,N/A,2025-01-26,N/A,N/A,Chhattisgarh
ChIJSbow0iLEKDoRy6J146QfH0g,"MAYFAIR Lake Resort, Atal Nagar, Raipur",21.1517276,81.76806309999999,beaches,N/A,2025-01-26,N/A,N/A,Chhattisgarh
ChIJXxKOBTXEKDoRWrUwI1Ve9Pc,Purkhouti Muktangan,21.1340706,81.7588497,beaches,N/A,2025-01-26,N/A,N/A,Chhattisgarh
ChIJEfUmbCnDKDoRb_eNkHsfaH0,Energy Park(Urja park),21.2191578,81.69764339999999,beaches,N/A,2025-01-26,N/A,N/A,Chhattisgarh
ChIJaeS7d7DdKDoRFeTngPtYZhI,Budha Talab Raipur,21.2340842,81.63446689999999,beaches,N/A,2025-01-26,N/A,N/A,Chhattisgarh
ChIJH9nJN_rnKDoR066cs2HRr34,Chhattisgarh Regional Science Centre,21.2770267,81.6823297,beaches,N/A,2025-01-26,N/A,N/A,Chhattisgarh
ChIJE2z_K6DdKDoR6KJMwsi5z5g,Mahant Ghasidas Memorial Museum,21.2438832,81.6449147,beaches,N/A,2025-01-26,N/A,N/A,Chhattisgarh
ChIJgeh2daPGKDoRD4BPbm6TAxw,Atal Park,21.1578946,81.783675,beaches,N/A,2025-01-26,N/A,N/A,Chhattisgarh
ChIJzxdoF2xTLzoR6aT4Q31Xl8A,Ghatarani Waterfall,20.8280625,82.05981249999999,beaches,N/A,2025-01-26,N/A,N/A,Chhattisgarh
ChIJW-mJSVPAKDoRliv5gFWI7Ug,MM Fun City,21.2367995,81.82227019999999,beaches,N/A,2025-01-26,N/A,N/A,Chhattisgarh
ChIJ37bxGh_eKDoRMoZNvgkJAc4,"Hotel Singhania Sarovar Portico,Raipur",21.260871,81.58367299999999,beaches,N/A,2025-01-26,N/A,N/A,Chhattisgarh
ChIJ_RlAEgC9KDoRZz70iIOwvfI,Bhavesh,21.1956152,81.962186,beaches,N/A,2025-01-26,N/A,N/A,Chhattisgarh
ChIJ21eaanfdKDoRY1sBgoqW0iM,vista holidayz,21.2618558,81.6430213,beaches,N/A,2025-01-26,N/A,N/A,Chhattisgarh
ChIJvQalMefdKDoRo7N0s8Zg6oc,Toni&Guy Raipur,21.2358061,81.6480112,beaches,N/A,2025-01-26,N/A,N/A,Chhattisgarh
ChIJ3TUixuEmJjoRrOh9zU2NZlI,Dhaskund Waterfall,21.3784512,82.2595656,waterfalls,N/A,2025-01-26,N/A,N/A,Chhattisgarh
ChIJhxk1OYTHKDoR9za-khjSfuU,Kosam-Bir waterfall (Mahanadi main canal),21.1376385,81.86361620000001,waterfalls,N/A,2025-01-26,N/A,N/A,Chhattisgarh
ChIJPzZBWL9NLzoRYVNjmtpPm78,Jharjhara Mata Mandir And Waterfall,20.8388361,82.01604209999999,waterfalls,N/A,2025-01-26,N/A,N/A,Chhattisgarh
ChIJ96_vNwAlJjoRVMXovXnBfPk,Nakti Dharsa Waterfall,21.4491268,82.3101081,waterfalls,N/A,2025-01-26,N/A,N/A,Chhattisgarh
ChIJzxdoF2xTLzoR6aT4Q31Xl8A,Ghatarani Waterfall,20.8280625,82.05981249999999,waterfalls,N/A,2025-01-26,N/A,N/A,Chhattisgarh
ChIJ_2Xt7p-9KDoRgzDxWJ2ydw4,SRB Dam Arang,21.2013422,81.99627459999999,waterfalls,N/A,2025-01-26,N/A,N/A,Chhattisgarh
ChIJowHR1_aHKDoR2TuMJlTfEbU,Kukurdi river D.I.G.,21.6470145,82.10200859999999,waterfalls,N/A,2025-01-26,N/A,N/A,Chhattisgarh
ChIJae1dZ_HlKDoRRR_0vHNlq34,Kharun dam,21.3950822,81.62951939999999,waterfalls,N/A,2025-01-26,N/A,N/A,Chhattisgarh
ChIJO56ZoBdSLzoRk6VbrjQ1qhg,Shri Ghatarani Mandir,20.8279982,82.0596431,waterfalls,N/A,2025-01-26,N/A,N/A,Chhattisgarh
ChIJXcbot4dTLzoRJS1WQfmHnWY,Jogidipa Dam,20.8730899,82.0660958,waterfalls,N/A,2025-01-26,N/A,N/A,Chhattisgarh
ChIJxcM6PN1TLzoRcNkHG8Gfkk8,Mini Stop Dam Ghatarani,20.834051,82.05654679999999,waterfalls,N/A,2025-01-26,N/A,N/A,Chhattisgarh
ChIJmS7PRQCVKDoRMzWkEyElNS0,Tanga Bet Waterfall,21.2786567,81.8661442,waterfalls,N/A,2025-01-26,N/A,N/A,Chhattisgarh
ChIJu39QpT4pJjoRNoZI63tU_ko,Turturiya and Sirpur travel,21.4953483,82.2651767,waterfalls,N/A,2025-01-26,N/A,N/A,Chhattisgarh
ChIJnT2G7FShKDoRSTic7Ci19b8,Sirpur Forest Range,21.2817582,82.1911169,waterfalls,N/A,2025-01-26,N/A,N/A,Chhattisgarh
ChIJU2fsLFvdKDoRNjoMRs4mnKs,Bhatagaon Bird Watching Point,21.2057562,81.6081864,waterfalls,N/A,2025-01-26,N/A,N/A,Chhattisgarh
ChIJ8xn1kODbKDoR6XhYoS_6_6M,Satpakhar Kharun River View 1,21.1657454,81.62145029999999,waterfalls,N/A,2025-01-26,N/A,N/A,Chhattisgarh
ChIJ_aiwcpOtKDoRZW2LXhh56Zo,Ganiyari dam,20.9151324,82.0692035,waterfalls,N/A,2025-01-26,N/A,N/A,Chhattisgarh
ChIJv_VRYjDcKDoRyhhhmhYxn7I,.,21.2076426,81.61686569999999,waterfalls,N/A,2025-01-26,N/A,N/A,Chhattisgarh
ChIJ40yDnvOBKDoRKxflvkJRPyk,Devsagar Pond,21.6576896,82.1657778,waterfalls,N/A,2025-01-26,N/A,N/A,Chhattisgarh
ChIJ0W6t7pW7KDoRFxxycD427EY,Bamhani gotan jal sangrah,21.1000166,82.00054190000002,waterfalls,N/A,2025-01-26,N/A,N/A,Chhattisgarh
ChIJwVTBde_dKDoRBAp0ampkppo,Gulmohar Park,21.2514117,81.6198433,parks,N/A,2025-01-26,N/A,N/A,Chhattisgarh
ChIJwcBh1pTdKDoRsGMyfhqGiNM,Park(Kids),21.2463889,81.62583330000001,parks,N/A,2025-01-26,N/A,N/A,Chhattisgarh
ChIJLzoUuB7dKDoRp-DJ5_oEoN0,Vasant Park Raipur,21.2265958,81.66507399999999,parks,N/A,2025-01-26,N/A,N/A,Chhattisgarh
ChIJ8aM0HJndKDoRfDm8fkg1mZU,Devendra Nagar Sector 3 Park,21.2597253,81.6407162,parks,N/A,2025-01-26,N/A,N/A,Chhattisgarh
ChIJp2qfpW7dKDoREcEOTwYiVtA,Pt. Ravishankar Udhyan,21.2515067,81.6630114,parks,N/A,2025-01-26,N/A,N/A,Chhattisgarh
ChIJj7hZ1ZXvKDoRQzAo6Lk5Y2Q,MT PARK,21.3868537,81.7070194,parks,N/A,2025-01-26,N/A,N/A,Chhattisgarh
ChIJdz0BsaTdKDoRunDY016qqdw,Choubey Colony Park,21.2465057,81.61596159999999,parks,N/A,2025-01-26,N/A,N/A,Chhattisgarh
ChIJHeY59NLnKDoRnVd1uWOn4GU,Sudarsan garden,21.2731529,81.622725,parks,N/A,2025-01-26,N/A,N/A,Chhattisgarh
ChIJSSef46rdKDoRHwJn-mR2i9g,Shivom vihar park,21.2194144,81.6709863,parks,N/A,2025-01-26,N/A,N/A,Chhattisgarh
ChIJ0_4TVGnPKDoRIt4f6ad9Ee4,"""The park green"" residential land near new raipur",21.0663092,81.7516316,parks,N/A,2025-01-26,N/A,N/A,Chhattisgarh
ChIJk1W363QhKToRSdpUCQUzDHo,Gandhi Nagar Park,21.2051976,81.42854179999999,parks,N/A,2025-01-26,N/A,N/A,Chhattisgarh
ChIJu8OBFSHeKDoRp0QnHSaa2bI,Radha Swamy Satsang Park,21.2602105,81.5774805,parks,N/A,2025-01-26,N/A,N/A,Chhattisgarh
ChIJS4kLXvbFKDoRIdpCL0EIpro,Ekatma Path park,21.1680365,81.7651486,parks,N/A,2025-01-26,N/A,N/A,Chhattisgarh
ChIJB588rhvdKDoRWLzfOz_qAOk,Park Palace,21.2297139,81.6616739,parks,N/A,2025-01-26,N/A,N/A,Chhattisgarh
ChIJ5RKq5xulKDoR9_2yY_VmHW4,Meghbasant colony park,21.108534,82.099395,parks,N/A,2025-01-26,N/A,N/A,Chhattisgarh
ChIJvSTCVM4hKToRZ_UHqi_FAHc,Bajrang Para Park,21.2059943,81.4296294,parks,N/A,2025-01-26,N/A,N/A,Chhattisgarh
ChIJ3XyUwMfdKDoReXc5T-9qBO0,Ishwar park,21.2667398,81.64165,parks,N/A,2025-01-26,N/A,N/A,Chhattisgarh
ChIJpewpGHrnKDoRCBxtpxdPgvQ,W.R.S. CHILDRENS Park,21.2781436,81.64118599999999,parks,N/A,2025-01-26,N/A,N/A,Chhattisgarh
ChIJPZmHdbclKToRuAFchwctxLg,Free fire Park,21.1143125,81.3845625,parks,N/A,2025-01-26,N/A,N/A,Chhattisgarh
ChIJdT9JBOfdKDoRMmsUEmfr1Sk,VARDHMAN VATIKA,21.2612157,81.6513769,parks,N/A,2025-01-26,N/A,N/A,Chhattisgarh
ChIJh2JkQJ_dKDoRiSqF1dM7p14,Collectorate Garden,21.2453149,81.64300469999999,parks,N/A,2025-01-26,N/A,N/A,Chhattisgarh
ChIJr_vzjyHeKDoRLNfwPTtYrGw,Gurudwara Park,21.2593144,81.57954480000001,parks,N/A,2025-01-26,N/A,N/A,Chhattisgarh
ChIJwQOwS3jdKDoRbMHUD-YGDws,Ramesh mirghani Jogger Park,21.257942,81.649868,parks,N/A,2025-01-26,N/A,N/A,Chhattisgarh
ChIJi4iRUk8jKToRkZXmrmZoIX4,Bapu sarovar park Bhilai,21.2166064,81.387805,parks,N/A,2025-01-26,N/A,N/A,Chhattisgarh
ChIJh-1CDszdKDoRZicMVdKYBuw,Children Park,21.2613372,81.6629876,parks,N/A,2025-01-26,N/A,N/A,Chhattisgarh
ChIJGR-PgmrDKDoRze6h_f5DoHw,Vivekanand Colony Park and Temple,21.1978222,81.7131047,parks,N/A,2025-01-26,N/A,N/A,Chhattisgarh
ChIJf6mW5p3dKDoR--n8Ao_X1kU,Mini Mata Park,21.2506227,81.6462533,parks,N/A,2025-01-26,N/A,N/A,Chhattisgarh
ChIJ-YtKL_LdKDoRwBn1UtNkX4w,Mini park Devendra Nagar,21.2587079,81.6401865,parks,N/A,2025-01-26,N/A,N/A,Chhattisgarh
ChIJk8D2qyzDKDoRm4CuMZGNMLo,CGHB Independent Housing Park,21.2682727,81.7397263,parks,N/A,2025-01-26,N/A,N/A,Chhattisgarh
ChIJnRy4PCDdKDoRkOmpMufn4rU,Kamal Vihar Mini Park,21.1987571,81.6603255,parks,N/A,2025-01-26,N/A,N/A,Chhattisgarh
ChIJi7NdLiHeKDoRaTof9LZEw_M,Nagar Nigam Park,21.2608682,81.5765326,parks,N/A,2025-01-26,N/A,N/A,Chhattisgarh
ChIJh5BDRGLdKDoR0BRsq-xf_Mg,Atal Udyan,21.2302365,81.6646938,parks,N/A,2025-01-26,N/A,N/A,Chhattisgarh
ChIJ1_zCKJi1KDoRzvnX65I0L-I,Rajim Park,20.9597608,81.8858209,parks,N/A,2025-01-26,N/A,N/A,Chhattisgarh
ChIJmVSz_KcjKToRBpOCDhP1t58,CSEB Colony Park,21.2074528,81.4205039,parks,N/A,2025-01-26,N/A,N/A,Chhattisgarh
ChIJ3ZC7I3XhKDoRtDugj4Hag70,Lotus park,21.2828411,81.54341509999999,parks,N/A,2025-01-26,N/A,N/A,Chhattisgarh
ChIJfeWXCOjdKDoRP-ql2K7HENE,Mahila Park,21.264209,81.6197068,parks,N/A,2025-01-26,N/A,N/A,Chhattisgarh
ChIJE7dds_zxKDoR5n1y7AY_dts,Bajrang Garden,21.496273,81.77050059999999,parks,N/A,2025-01-26,N/A,N/A,Chhattisgarh
ChIJPX9UMqrXKDoR4RFkO9hzoKk,khorpa park,21.0321307,81.55751649999999,parks,N/A,2025-01-26,N/A,N/A,Chhattisgarh
ChIJGfIQJM3dKDoR_6XAerM9zY8,Society Park,21.2297292,81.66954230000002,parks,N/A,2025-01-26,N/A,N/A,Chhattisgarh
ChIJMzMNnIqPKDoRknWDHhfZ4IQ,Chess park,21.5662619,82.0210883,parks,N/A,2025-01-26,N/A,N/A,Chhattisgarh
ChIJJ6PYXKUbKToRYWxNkhGLo30,Janmdin Park,21.354736,81.40667200000001,parks,N/A,2025-01-26,N/A,N/A,Chhattisgarh
ChIJ5wT_LQzdKDoRjRyiZNFgsgA,Panchsheel Nagar Park,21.2394828,81.6552313,parks,N/A,2025-01-26,N/A,N/A,Chhattisgarh
ChIJO9zwjJPdKDoRyXE711qUvn4,Environment park Near Simran City Phase-V,21.1990832,81.6361685,parks,N/A,2025-01-26,N/A,N/A,Chhattisgarh
ChIJYV1fAADHKDoREOK51BUXHpo,RIO PARK,21.1342945,81.7844746,parks,N/A,2025-01-26,N/A,N/A,Chhattisgarh
ChIJ39QpPjMjKToRvP4SdYhSbhA,Bakra Market Children Park,21.2032287,81.4241684,parks,N/A,2025-01-26,N/A,N/A,Chhattisgarh
ChIJmVmpEg_dKDoRTri41v1QWxs,Katora Talab Park,21.234322,81.6548578,parks,N/A,2025-01-26,N/A,N/A,Chhattisgarh
ChIJwfRKUwDBKDoREVmfLE60mt8,Sec 12 Sr.HIG Park,21.1848244,81.80054539999999,parks,N/A,2025-01-26,N/A,N/A,Chhattisgarh
ChIJNzRO_lnDKDoRHpwBNbc9IOw,PEEPAL PARK,21.1816157,81.7022546,parks,N/A,2025-01-26,N/A,N/A,Chhattisgarh
ChIJozCov6nfKDoRUXHFnoxBpXA,Sector 4 Park,21.2389731,81.59596789999999,parks,N/A,2025-01-26,N/A,N/A,Chhattisgarh
ChIJq3l0dADDKDoRbUAI_uCL0Gs,Cattputli park,21.1831228,81.7513654,parks,N/A,2025-01-26,N/A,N/A,Chhattisgarh
ChIJqbwP4r7dKDoRk2PMsqBjBgs,Gandhi Udyan Park,21.2392556,81.6280314,parks,N/A,2025-01-26,N/A,N/A,Chhattisgarh
ChIJQX4U5XHeKDoRHFBEg7kIXfQ,Shri Ram Park,21.2347961,81.593128,parks,N/A,2025-01-26,N/A,N/A,Chhattisgarh
ChIJ9zEIdhndKDoR5wCCaSgq1Iw,Children's Park,21.2302968,81.6648005,parks,N/A,2025-01-26,N/A,N/A,Chhattisgarh
ChIJaR9onpyNKDoRXYLjTGEWSU8,Pensioner's park,21.5506019,81.93789459999999,parks,N/A,2025-01-26,N/A,N/A,Chhattisgarh
ChIJg65O9VUiKToRDMO3mc46ze0,Khursipar Corporate & Park,21.2118234,81.38399559999999,parks,N/A,2025-01-26,N/A,N/A,Chhattisgarh
ChIJJS92FdXdKDoRqwLIO7x1CYw,Park,21.2615497,81.6599547,parks,N/A,2025-01-26,N/A,N/A,Chhattisgarh
ChIJmeIir53PKDoRG540DTc_dPw,Atal Pusp Park Abhanpur,21.042656,81.7313524,parks,N/A,2025-01-26,N/A,N/A,Chhattisgarh
ChIJF7ZsXoLdKDoRe-C4lPuyqM0,Devendra Nagar Sector2 Park,21.2586238,81.6505911,parks,N/A,2025-01-26,N/A,N/A,Chhattisgarh
ChIJufM6WNrHKDoRAYoM-FdWTP4,Public Park,21.1438617,81.7863702,parks,N/A,2025-01-26,N/A,N/A,Chhattisgarh
ChIJ_yOPvKUjKToRrDEg8UJ9OVY,SHIV PARK,21.2176025,81.38325999999999,parks,N/A,2025-01-26,N/A,N/A,Chhattisgarh
ChIJE2z_K6DdKDoR6KJMwsi5z5g,Mahant Ghasidas Memorial Museum,21.2438832,81.6449147,museum,N/A,2025-01-26,N/A,N/A,Chhattisgarh
ChIJATVlt9zCKDoRgeENbDiu1XI,Agriculture Museum,21.234861,81.7087392,museum,N/A,2025-01-26,N/A,N/A,Chhattisgarh
ChIJRep3Yk-eKDoRh5sq6Fc3HsQ,Museum,21.3530151,82.1858558,museum,N/A,2025-01-26,N/A,N/A,Chhattisgarh
ChIJkcupbcffKDoR8W1Q-F8xbFw,"Ancient Indian History, Culture & Archaeology Dept.",21.2453763,81.595755,museum,N/A,2025-01-26,N/A,N/A,Chhattisgarh
ChIJYW8wUJK1KDoROHbIwhTSA1k,Brahama Kumaris Museum,20.9679732,81.8792586,museum,N/A,2025-01-26,N/A,N/A,Chhattisgarh
ChIJH9nJN_rnKDoR066cs2HRr34,Chhattisgarh Regional Science Centre,21.2770267,81.6823297,museum,N/A,2025-01-26,N/A,N/A,Chhattisgarh
ChIJrekLMvTdKDoRSOHBB7APeeQ,Conflictorium,21.2319535,81.64983579999999,museum,N/A,2025-01-26,N/A,N/A,Chhattisgarh
ChIJidoJFgDFKDoR7z9THTauByk,Tribal Freedom fighter musium naya Raipur,21.12901,81.7618616,museum,N/A,2025-01-26,N/A,N/A,Chhattisgarh
ChIJ6WgIRdjdKDoRVTdhWQDDxuY,Love Kush Vatika,21.2275744,81.68597749999999,museum,N/A,2025-01-26,N/A,N/A,Chhattisgarh
ChIJhb29_KHdKDoRguix3v7tR1k,Mahakoshal Art Gallery,21.2436955,81.6425206,museum,N/A,2025-01-26,N/A,N/A,Chhattisgarh
ChIJAw_tdQDdKDoRfHqxaReQWRc,Fighter Plane statue,21.2354024,81.6396135,museum,N/A,2025-01-26,N/A,N/A,Chhattisgarh
ChIJ5-fc7c23KDoRZh0hpu5_7Cs,Shri Mahaprabhuji Museum,21.0319143,81.9253494,museum,N/A,2025-01-26,N/A,N/A,Chhattisgarh
ChIJe6DQmbAhKToR2ntPSB3cmRY,"Government and Historical Sendhera Talab(Dabri-Khadan) Sirsakala, Bhilai-3",21.1984855,81.4596031,museum,N/A,2025-01-26,N/A,N/A,Chhattisgarh
ChIJY5KkHBfLKDoRS0SldFvSa8w,Maurikala Gufa,20.9246193,81.80907739999999,museum,N/A,2025-01-26,N/A,N/A,Chhattisgarh
ChIJ50hrH1WLKDoRhUBhPxU0Kuk,GRAYATRI MANDIR CHAMPA,21.5654149,81.86761709999999,museum,N/A,2025-01-26,N/A,N/A,Chhattisgarh
ChIJOVbg8I_fKDoRu0EuF6Et-_Y,REIKI HEALING POWER,21.2606251,81.5887,museum,N/A,2025-01-26,N/A,N/A,Chhattisgarh
ChIJ1Q6wuCLnKDoRevXK6flCgsc,MD,21.3036364,81.65006509999999,museum,N/A,2025-01-26,N/A,N/A,Chhattisgarh
ChIJKWGgYQDXKDoR7pBOo1bZPLw,Patan Art Gallery,21.0379121,81.5425796,museum,N/A,2025-01-26,N/A,N/A,Chhattisgarh
ChIJt6J_IuvdKDoRwz4pABmHF00,DKNS Memorial Geological Museum,21.2457019,81.61794119999999,museum,N/A,2025-01-26,N/A,N/A,Chhattisgarh
ChIJt3W--kHdKDoRekWOg1cVNO4,Rahul,21.2513581,81.6296302,museum,N/A,2025-01-26,N/A,N/A,Chhattisgarh
ChIJETmgm4CLKDoRYEsXTUX5ZiM,Amar krishi farm,21.652712,81.88711409999999,museum,N/A,2025-01-26,N/A,N/A,Chhattisgarh
ChIJd6zRlgwhKToRJIC6jtcdzTs,डोगेशवर तालाब,21.1819861,81.50891419999999,museum,N/A,2025-01-26,N/A,N/A,Chhattisgarh
ChIJGeHwnEDdKDoRTQ84StTlehY,Dakshin Mukhi Hanuman Mandir( Munna Thekedar),21.2219705,81.6088255,museum,N/A,2025-01-26,N/A,N/A,Chhattisgarh
ChIJwSWmu8vTKDoRyyYMWF4jy8w,Maraurdh plot,20.8944802,81.68700679999999,museum,N/A,2025-01-26,N/A,N/A,Chhattisgarh
ChIJid5RaF7dKDoR9Q1_fPtzoNg,Manish Marble,21.217812,81.645974,museum,N/A,2025-01-26,N/A,N/A,Chhattisgarh
ChIJv4ph3dXtKDoRXvTOFVIt5UA,Hanuman Mandir Bartori,21.4218075,81.7800963,museum,N/A,2025-01-26,N/A,N/A,Chhattisgarh
ChIJFU7yiafdKDoRyclohWr98pc,Marine Drive,21.2407224,81.6604157,museum,N/A,2025-01-26,N/A,N/A,Chhattisgarh
ChIJqbwP4r7dKDoRk2PMsqBjBgs,Gandhi Udyan Park,21.2392556,81.6280314,museum,N/A,2025-01-26,N/A,N/A,Chhattisgarh
ChIJJ_VJJQvdKDoRy8EDwgm-6p8,shabari emporium pandri raipur,21.2646321,81.6650282,museum,N/A,2025-01-26,N/A,N/A,Chhattisgarh
ChIJc_30Il3RKDoRc5Wvlp5Fhgc,Ma Mahamaya mandir museum,21.027269,81.6077354,museum,N/A,2025-01-26,N/A,N/A,Chhattisgarh
ChIJO9uI_kXdKDoRsRcsAQi0hAc,Aavesh,21.2552913,81.6564533,museum,N/A,2025-01-26,N/A,N/A,Chhattisgarh
ChIJKz6Sj9u1KDoRrWN8qEk5t34,"FARISHTA BHAWAN, OM SHANTI COLONY, NAWAPARA RAJIM",20.9718805,81.86800339999999,museum,N/A,2025-01-26,N/A,N/A,Chhattisgarh
ChIJpQmCmUnnKDoRleTtlpuNlL4,Daisy,21.2904583,81.6781883,museum,N/A,2025-01-26,N/A,N/A,Chhattisgarh
ChIJ7emv5qW1KDoRf2pT_WXM2AI,चारो धाम गैरेज,20.9551145,81.8978455,museum,N/A,2025-01-26,N/A,N/A,Chhattisgarh
ChIJeWb1R2wlKToR_O657-IPCGY,फेमस जेंट्स बयूटी पार्लर,21.123359,81.38319299999999,museum,N/A,2025-01-26,N/A,N/A,Chhattisgarh
ChIJSftnILiCCTkRfjGs-8l_Aac,Bhulla Taal,29.8440822,78.6787475,attraction,N/A,2025-01-26,N/A,N/A,Uttarakhand
ChIJB4CLEsmuoDkRiWuRT8etIEo,Bhalu Dam,29.62041439999999,79.4775733,attraction,N/A,2025-01-26,N/A,N/A,Uttarakhand
ChIJvbsZw4B7CTkRrbrrmp472C4,charekh uttarakhand,29.83324739999999,78.5489554,attraction,N/A,2025-01-26,N/A,N/A,Uttarakhand
ChIJw_bOZ32poDkRMbugCryuLW8,Ashiyana Park,29.6429317,79.43503380000001,attraction,N/A,2025-01-26,N/A,N/A,Uttarakhand
ChIJxWKzxAwpCjkR8hzPIJsTUQ8,Vatanvasa,29.6996005,78.7482995,attraction,N/A,2025-01-26,N/A,N/A,Uttarakhand
ChIJG3NqnIR1CTkR5Vl5VQCe2bQ,Bhalugarh Waterfall,29.94867,78.6230533,attraction,N/A,2025-01-26,N/A,N/A,Uttarakhand
ChIJ7SOiEGLcCTkROctL84fNRy0,Benital,30.1609652,79.2461618,attraction,N/A,2025-01-26,N/A,N/A,Uttarakhand
ChIJD9PW-1qDCTkRGyFKmlA7y9w,"Bheem Pakora, Lansdowne",29.8390301,78.67030489999999,attraction,N/A,2025-01-26,N/A,N/A,Uttarakhand
ChIJrZqbXqY1CDkR-I75cA_ZHMk,Syalsaur,30.4393671,79.0739388,attraction,N/A,2025-01-26,N/A,N/A,Uttarakhand
ChIJy55izIKlCTkRetJmenZHZTo,Selfie Point,30.1421672,78.7749841,attraction,N/A,2025-01-26,N/A,N/A,Uttarakhand
ChIJMdAAldSdCTkRVYxPWc07Prs,Kyader view point,29.915641,78.7232265,attraction,N/A,2025-01-26,N/A,N/A,Uttarakhand
ChIJ69ZmJXPtCTkRCO258Nuv-lI,Dumlot (talla),29.914124,79.0626899,attraction,N/A,2025-01-26,N/A,N/A,Uttarakhand
ChIJN-HKxxGlCTkR0qa_f6RnPek,River sight-seeing,30.1914554,78.7801812,attraction,N/A,2025-01-26,N/A,N/A,Uttarakhand
ChIJn02jdcHfCTkReEEOoW8wEKY,Rains(God's land),30.1846031,79.3680765,attraction,N/A,2025-01-26,N/A,N/A,Uttarakhand
ChIJSxQuZyR6CTkRu--y4H-mFCc,Dhuratal Viewpoint,29.814748,78.55794949999999,attraction,N/A,2025-01-26,N/A,N/A,Uttarakhand
ChIJ1wsSQfu3CTkRMyxnKQ5BxxA,Rudraprayag Sangam,30.2879427,78.9791891,attraction,N/A,2025-01-26,N/A,N/A,Uttarakhand
ChIJ9-Mwz5ILCTkRKA6kCIwfwx4,BAJUN VILLAGE,30.1053811,78.6423703,attraction,N/A,2025-01-26,N/A,N/A,Uttarakhand
ChIJVYuEXV6DCTkRn9er2itrci0,Manwaring View Point,29.8379264,78.6886237,attraction,N/A,2025-01-26,N/A,N/A,Uttarakhand
ChIJP_gkIOGlCTkRu85_hMsCJtY,Khol,30.1805757,78.7551277,attraction,N/A,2025-01-26,N/A,N/A,Uttarakhand
ChIJASoPHvqlCTkRs8cKsEVfius,Kandoliya sunset point,30.1415488,78.773304,attraction,N/A,2025-01-26,N/A,N/A,Uttarakhand
ChIJk6TUpaNzCTkRj_ypk7ZduUs,Pali Village,30.0093039,78.5191749,attraction,N/A,2025-01-26,N/A,N/A,Uttarakhand
ChIJ6ZBdlSV7pzkRO776YyAfkXM,Tadak Tal,30.34219,79.4849689,attraction,N/A,2025-01-26,N/A,N/A,Uttarakhand
ChIJNXPdQ94fCjkRIB-tcATHk_A,Kinath Khal,29.6715898,79.068044,attraction,N/A,2025-01-26,N/A,N/A,Uttarakhand
ChIJieEQYbodCjkR4XIR40DXSto,Basoli village Ramnagar Road,29.6377523,79.1255802,attraction,N/A,2025-01-26,N/A,N/A,Uttarakhand
ChIJL5FaaXb1CTkROOVCkEhKkKw,Water fall,29.7100147,79.051147,attraction,N/A,2025-01-26,N/A,N/A,Uttarakhand
ChIJ5Q_TA1j5CTkRQzbX005_EbA,Thur-Thapayee,29.7987175,79.2831681,attraction,N/A,2025-01-26,N/A,N/A,Uttarakhand
ChIJM9NsSCd5CTkR0ZxJSiD1pLA,Siddhi Valley,29.8070453,78.6543058,attraction,N/A,2025-01-26,N/A,N/A,Uttarakhand
ChIJ1w_Z9FRRpzkR_KoKuL9vuvU,PANDAV KHOLI,29.83385029999999,79.47089559999999,attraction,N/A,2025-01-26,N/A,N/A,Uttarakhand
ChIJvQajWm6roDkR2I0pBfOk8kI,Ganesh sah,29.6544542,79.4240512,attraction,N/A,2025-01-26,N/A,N/A,Uttarakhand
ChIJD1R5bybFCTkRimKqg1YvrZk,Airoli uttarakhand,30.1845179,79.1991785,attraction,N/A,2025-01-26,N/A,N/A,Uttarakhand
ChIJFxcTDCSroDkRp3AxaWPQ1Ec,Himalaya View Point,29.6434059,79.4357799,attraction,N/A,2025-01-26,N/A,N/A,Uttarakhand
ChIJ52PF88czCDkRSR5qn0yrz0A,"Chopta, Mini Switzerland",30.4891705,79.1988271,attraction,N/A,2025-01-26,N/A,N/A,Uttarakhand
ChIJkflBNgANCTkRDpQ-eUAL6ME,Mini Gartang gali,30.06533169999999,78.5239052,attraction,N/A,2025-01-26,N/A,N/A,Uttarakhand
ChIJPYfnq3m7CTkR9VPAmQBb3is,Gostu Village,30.2309816,78.8989867,attraction,N/A,2025-01-26,N/A,N/A,Uttarakhand
ChIJKSDp3q6toDkRCEr59JJW988,Basulisera Waterfall,29.7324197,79.48902129999999,attraction,N/A,2025-01-26,N/A,N/A,Uttarakhand
ChIJY5K0eADxCTkRxcXMLLFzTNM,Darson,29.8842991,79.1326114,attraction,N/A,2025-01-26,N/A,N/A,Uttarakhand
ChIJmxXmMId7CTkRjcwHM7yimY0,Kotdwara Garhwal,29.7524013,78.5269027,attraction,N/A,2025-01-26,N/A,N/A,Uttarakhand
ChIJtVa-tNcBCjkRsIQCrbEEy5M,Tipola picnic spot,29.6883909,79.3795842,attraction,N/A,2025-01-26,N/A,N/A,Uttarakhand
ChIJhxhYBmQtCDkR-iTtMN_AP5A,River View Point,30.4652681,79.27877269999999,attraction,N/A,2025-01-26,N/A,N/A,Uttarakhand
ChIJtZWF7gqxCTkRoFVFf27IfOA,Rock silde zone,30.2521001,78.9178577,attraction,N/A,2025-01-26,N/A,N/A,Uttarakhand
ChIJDWsVsPN7CTkRjjgmtZew858,Charekh Machan,29.7915322,78.5428708,attraction,N/A,2025-01-26,N/A,N/A,Uttarakhand
ChIJq8hRB6QBCTkR0-9KNq8yVYA,Kunetha Village,30.3163894,78.57032720000001,attraction,N/A,2025-01-26,N/A,N/A,Uttarakhand
ChIJFRz3OwAHCTkRyY1yF-qVu6s,कुडडी का रवैणा,30.2817024,78.6553016,attraction,N/A,2025-01-26,N/A,N/A,Uttarakhand
ChIJUWAEagAdCjkRVdMPsNM8qY0,New एरा,29.6472987,79.1867796,attraction,N/A,2025-01-26,N/A,N/A,Uttarakhand
ChIJ10iBdgAfCjkRBVcYkQjoqCI,Teet,29.6593125,79.08806249999999,attraction,N/A,2025-01-26,N/A,N/A,Uttarakhand
ChIJZ69yXQCtoDkRJmu6Zxs0DCk,Himalaya view point majkali,29.6823476,79.509035,attraction,N/A,2025-01-26,N/A,N/A,Uttarakhand
ChIJkfx-5dJ_pzkRgEeyks2Zxaw,Mountains view point,30.4298985,79.42814419999999,attraction,N/A,2025-01-26,N/A,N/A,Uttarakhand
ChIJofEMvlWDCTkR32eAjBY7Txc,Farsula Village,29.8232873,78.6633075,attraction,N/A,2025-01-26,N/A,N/A,Uttarakhand
ChIJz3_Nul-JCTkRdRxFYHOMHbw,Baman Gaon,29.7759189,78.8800894,attraction,N/A,2025-01-26,N/A,N/A,Uttarakhand
ChIJdd9eWjwDCTkRfpfPDrIteiU,LAMRIDHAR,30.3233421,78.5585986,attraction,N/A,2025-01-26,N/A,N/A,Uttarakhand
ChIJ4f_Xr1ylCTkRO2sTm-1VEs4,mini heaven view point,30.2158481,78.78942909999999,attraction,N/A,2025-01-26,N/A,N/A,Uttarakhand
ChIJxdv99J93CTkRzj1fBzDwMwc,सुराडी,29.9244806,78.5981007,attraction,N/A,2025-01-26,N/A,N/A,Uttarakhand
ChIJ-9YkUwC7CTkRbPImKxA47Eg,I Love KHIRSU,30.1712237,78.8648723,attraction,N/A,2025-01-26,N/A,N/A,Uttarakhand
ChIJawJ8WAALCTkR3rvYQFl58bA,BHANDALOO GAON,30.0544375,78.63018749999999,attraction,N/A,2025-01-26,N/A,N/A,Uttarakhand
ChIJm5f7WxSpoDkR0k2-QTph8fo,Jhula Devi Temple,29.6181375,79.4440156,attraction,N/A,2025-01-26,N/A,N/A,Uttarakhand
ChIJN7nPBQB1CTkRrSzQQ2ocjNo,Jack pahadi studio,29.9586385,78.59715729999999,attraction,N/A,2025-01-26,N/A,N/A,Uttarakhand
ChIJGZO0VwDdCTkRcegW3xXnry0,Ishwar Khaal,30.155577,79.21426079999999,attraction,N/A,2025-01-26,N/A,N/A,Uttarakhand
ChIJUZ-XXACjCTkR-c7Rl74_7y4,Sileth kapolsuyon,30.05079679999999,78.7695583,attraction,N/A,2025-01-26,N/A,N/A,Uttarakhand
ChIJc5NTL-EzCDkRC5soLUwF6Bs,Waterfall Near Ukimath,30.50202059999999,79.12509419999999,attraction,N/A,2025-01-26,N/A,N/A,Uttarakhand
ChIJMeKTDX6poDkR0qR8h1LxDGc,Mankameshwar Temple,29.6420857,79.4302453,attraction,N/A,2025-01-26,N/A,N/A,Uttarakhand
ChIJNco4g1ixCTkR5oBhDafCbZI,R2R Beach,30.2446509,78.9001534,beaches,N/A,2025-01-26,N/A,N/A,Uttarakhand
ChIJOa9L6DqlCTkRQzY00-R2RdA,Riverside beach,30.2194032,78.8087242,beaches,N/A,2025-01-26,N/A,N/A,Uttarakhand
ChIJGX0defSxCTkREu4ie1MrD0o,Rudraprayag view,30.2511762,78.8941181,beaches,N/A,2025-01-26,N/A,N/A,Uttarakhand
ChIJ31xjEJCwCTkRcaExTQE8o-c,Alakananda River Beach,30.2509532,78.8956305,beaches,N/A,2025-01-26,N/A,N/A,Uttarakhand
ChIJocB9maOxCTkROfWXQXP-MIw,Dhari Beach (mini Goa),30.2514688,78.8941996,beaches,N/A,2025-01-26,N/A,N/A,Uttarakhand
ChIJnxhbD90NCTkRCie6FNFe9OA,Kotli Bhel,30.0648521,78.5219481,beaches,N/A,2025-01-26,N/A,N/A,Uttarakhand
ChIJEwl_7GYNCTkRvMBlMon2BV0,Kodiyala view point,30.0749777,78.50130039999999,beaches,N/A,2025-01-26,N/A,N/A,Uttarakhand
ChIJk9HyC5ANCTkRQGMTWoRss0o,Mountain View Point,30.0700497,78.5172614,beaches,N/A,2025-01-26,N/A,N/A,Uttarakhand
ChIJG3NqnIR1CTkR5Vl5VQCe2bQ,Bhalugarh Waterfall,29.94867,78.6230533,waterfalls,N/A,2025-01-26,N/A,N/A,Uttarakhand
ChIJFRNdMvWDCTkRgkibKAsihg8,Chinbo Waterfall,29.81201729999999,78.7422323,waterfalls,N/A,2025-01-26,N/A,N/A,Uttarakhand
ChIJc5NTL-EzCDkRC5soLUwF6Bs,Waterfall Near Ukimath,30.50202059999999,79.12509419999999,waterfalls,N/A,2025-01-26,N/A,N/A,Uttarakhand
ChIJh6gta6ehCTkRTovtBfNjXUM,Gethichera Waterfall,30.1190516,78.6905324,waterfalls,N/A,2025-01-26,N/A,N/A,Uttarakhand
ChIJuZDbjvvXCTkRrC4Os4Sysls,The Hilary waterfall,30.3274099,79.3217685,waterfalls,N/A,2025-01-26,N/A,N/A,Uttarakhand
ChIJsf4ZAUqDCTkRsAjRrYT3qH0,Waterfall Point,29.8327658,78.66905059999999,waterfalls,N/A,2025-01-26,N/A,N/A,Uttarakhand
ChIJDXuH6URzCTkRfazPObhzFso,Gatkot waterfall,29.9675796,78.542388,waterfalls,N/A,2025-01-26,N/A,N/A,Uttarakhand
ChIJreQMiz4JCTkRLqZLR--5xeI,Niger Waterfall,30.18879,78.5795624,waterfalls,N/A,2025-01-26,N/A,N/A,Uttarakhand
ChIJ42kXXPE1CDkRMLyKnHhu_fI,Waterfall kakola,30.478146,79.086382,waterfalls,N/A,2025-01-26,N/A,N/A,Uttarakhand
ChIJmdFOsD6eCTkRVeaOhTzy-qg,Rameshpur Waterfall,29.97400739999999,78.67473319999999,waterfalls,N/A,2025-01-26,N/A,N/A,Uttarakhand
ChIJGxOPJABbpzkR0Agc-n7uUgo,Ratisera waterfall,29.9712709,79.531363,waterfalls,N/A,2025-01-26,N/A,N/A,Uttarakhand
ChIJIy8YkgJbpzkRhegS3rx8h_M,Kunila waterfall,30.0084375,79.5399375,waterfalls,N/A,2025-01-26,N/A,N/A,Uttarakhand
ChIJr2eXe8IBCjkRGB_Tiy8LKPU,Almora waterfall,29.658224,79.30122399999999,waterfalls,N/A,2025-01-26,N/A,N/A,Uttarakhand
ChIJp9fgcACRCTkRvrQzhRAW_8A,Kandari waterfall,29.8927664,78.9104588,waterfalls,N/A,2025-01-26,N/A,N/A,Uttarakhand
ChIJvVoIJAD1CTkRR8DFRB9birU,Nalai Waterfall,29.7267735,79.0787936,waterfalls,N/A,2025-01-26,N/A,N/A,Uttarakhand
ChIJKSDp3q6toDkRCEr59JJW988,Basulisera Waterfall,29.7324197,79.48902129999999,waterfalls,N/A,2025-01-26,N/A,N/A,Uttarakhand
ChIJEVN_RlIzCDkRY_GAoDKIRmc,Photo Waterfall,30.4984425,79.1677916,waterfalls,N/A,2025-01-26,N/A,N/A,Uttarakhand
ChIJxS2TbKuxCTkRGfyXLbkqEiI,Bhelgadh Fall,30.3076952,78.8507907,waterfalls,N/A,2025-01-26,N/A,N/A,Uttarakhand
ChIJh7xdGACDCTkRlkIyUBbUW3M,Palkot waterfall,29.8213163,78.7024471,waterfalls,N/A,2025-01-26,N/A,N/A,Uttarakhand
ChIJI9TPZSl_pzkRiBr_jsq1Gdg,Natural waterfall,30.4327159,79.43359319999999,waterfalls,N/A,2025-01-26,N/A,N/A,Uttarakhand
ChIJYzlSCyj1CTkR9P41yDBD2a8,Barath Waterfall,29.7458716,79.0815683,waterfalls,N/A,2025-01-26,N/A,N/A,Uttarakhand
ChIJsTKYXqnFCTkR_tIGrTmr1mw,Godi Water Fall,30.24331249999999,79.12157479999999,waterfalls,N/A,2025-01-26,N/A,N/A,Uttarakhand
ChIJc12DVAB1CTkR0bGRAkjaLlQ,Prince Waterfall,30.010332,78.637588,waterfalls,N/A,2025-01-26,N/A,N/A,Uttarakhand
ChIJYXJrR_PTCTkRa7dE87OW-sw,Koteshwar WaterFall,30.4386503,79.2794332,waterfalls,N/A,2025-01-26,N/A,N/A,Uttarakhand
ChIJI_1zHJPtCTkRkTRK5IfJP5I,Kheel waterfall,29.95715539999999,79.0285214,waterfalls,N/A,2025-01-26,N/A,N/A,Uttarakhand
ChIJ3xFaXbjLCTkRSkilWFY4eFc,Andargadi Waterfall,30.409934,79.06187349999999,waterfalls,N/A,2025-01-26,N/A,N/A,Uttarakhand
ChIJL5FaaXb1CTkROOVCkEhKkKw,Water fall,29.7100147,79.051147,waterfalls,N/A,2025-01-26,N/A,N/A,Uttarakhand
ChIJ1ThbVwDTCTkRMNL6noYXOB4,Dwabdan waterfall,30.4200008,79.2264616,waterfalls,N/A,2025-01-26,N/A,N/A,Uttarakhand
ChIJpdzx6MtVpzkRZZf9BA6P-zA,Liniri waterfall Nayal Dunagiri almora uttarakhand,29.8194253,79.4663262,waterfalls,N/A,2025-01-26,N/A,N/A,Uttarakhand
ChIJ2Wwq8-G1CTkRHHJSK_t-Pg4,HP Natural Waterfall,30.3690615,78.9956052,waterfalls,N/A,2025-01-26,N/A,N/A,Uttarakhand
ChIJwTviPwANCTkRxyaId_OLVmM,Waterfall Mini Gartang,30.0642956,78.52185159999999,waterfalls,N/A,2025-01-26,N/A,N/A,Uttarakhand
ChIJZ1kAfQCNCTkRTZx9tfZ2ad4,Bas gaddi waterfall,29.8590142,79.0185932,waterfalls,N/A,2025-01-26,N/A,N/A,Uttarakhand
ChIJHcUs62SdCTkRzfwVqzvL-Io,Hans Water Fall,29.9453026,78.69833659999999,waterfalls,N/A,2025-01-26,N/A,N/A,Uttarakhand
ChIJGVgsBAAJCTkRVVQmNGP2C_w,Charakot Hidden waterfall,30.1811612,78.648187,waterfalls,N/A,2025-01-26,N/A,N/A,Uttarakhand
ChIJ9wcuYACDCTkRvYLXwV8YwpQ,Palkot range waterfall,29.81830159999999,78.6952943,waterfalls,N/A,2025-01-26,N/A,N/A,Uttarakhand
ChIJXR7w3oN7CTkR_sps7uEffwA,"Buddha Park, Kotdwar",29.7562723,78.52522479999999,parks,N/A,2025-01-26,N/A,N/A,Uttarakhand
ChIJjUonvgWtoDkRWb6jxh1aZpI,FOREST HEALING CENTRE,29.6637281,79.4769401,parks,N/A,2025-01-26,N/A,N/A,Uttarakhand
ChIJLRHjHnelCTkRCXO2QjtHvqk,Glass House Park,30.2198822,78.7876646,parks,N/A,2025-01-26,N/A,N/A,Uttarakhand
ChIJw_bOZ32poDkRMbugCryuLW8,Ashiyana Park,29.6429317,79.43503380000001,parks,N/A,2025-01-26,N/A,N/A,Uttarakhand
ChIJ9wLQNAClCTkRENFA5zDpAMw,Dr. B.R. Ambedkar park ️,30.2279034,78.7870916,parks,N/A,2025-01-26,N/A,N/A,Uttarakhand
ChIJX9uUIDaDCTkRUkZS-WZsoZo,Manwaring Park,29.83785809999999,78.6884436,parks,N/A,2025-01-26,N/A,N/A,Uttarakhand
ChIJ03-QMTCrCTkRTXd1YBOfcsI,Bhabar chouki,30.3164566,78.6942578,parks,N/A,2025-01-26,N/A,N/A,Uttarakhand
ChIJtyaWghJNCDkRROl-JJ5bgMI,Mohit Rawat Home,30.471262,78.8928888,parks,N/A,2025-01-26,N/A,N/A,Uttarakhand
ChIJFUzHkRutCTkR_L6TQJPrlKU,Saknand Soud,30.3905697,78.8225336,parks,N/A,2025-01-26,N/A,N/A,Uttarakhand
ChIJ-WneCrkHCjkRswtLoiQ8kx8,"Kargina, Chaunaliya",29.618504,79.291482,parks,N/A,2025-01-26,N/A,N/A,Uttarakhand
ChIJG3NqnIR1CTkR5Vl5VQCe2bQ,Bhalugarh Waterfall,29.94867,78.6230533,parks,N/A,2025-01-26,N/A,N/A,Uttarakhand
ChIJy0rdhJijCTkR26HSaYtSxno,Surai Eco Tourism Zone,30.0760029,78.7638707,parks,N/A,2025-01-26,N/A,N/A,Uttarakhand
ChIJ5Wmcs5OroDkRczetnjSXExo,Sunset point ranikhet,29.6560435,79.44580719999999,parks,N/A,2025-01-26,N/A,N/A,Uttarakhand
ChIJA4Wls9DLCTkRn_Rnr9173Yw,Chopta Buzz Eco Camp & Resort,30.4896006,79.1719171,parks,N/A,2025-01-26,N/A,N/A,Uttarakhand
ChIJ11oIHhczCDkR4Jo9uEl98Ok,Himgiri Adventure Camps,30.4830395,79.18212489999999,parks,N/A,2025-01-26,N/A,N/A,Uttarakhand
ChIJYW4aMP-DCTkRwRWOd_D1CQ0,Monkey Hill,29.7878366,78.7162602,parks,N/A,2025-01-26,N/A,N/A,Uttarakhand
ChIJdURzEYDtCTkRkjx2whY1zDY,Erra,29.9334238,79.038479,parks,N/A,2025-01-26,N/A,N/A,Uttarakhand
ChIJt735SMelCTkRO9Uam3yFfvM,Kandoliya Park,30.1471289,78.7716836,parks,N/A,2025-01-26,N/A,N/A,Uttarakhand
ChIJgWGT1yczCDkRv0K2TCH1LIM,Fyoli Mountain View Camp,30.4828198,79.1804437,parks,N/A,2025-01-26,N/A,N/A,Uttarakhand
ChIJgboyVQArCDkRnqfNWAMmYu8,Panar bugyal,30.4693945,79.3483274,parks,N/A,2025-01-26,N/A,N/A,Uttarakhand
ChIJf_CZ3cMzCDkR4KO_J66hiBo,The Little Pahadi | Best Camping in Chopta,30.4811897,79.1895292,parks,N/A,2025-01-26,N/A,N/A,Uttarakhand
ChIJGW3qRgClCTkRwjntwH4gDgw,Chandra Singh Garhwali Park,30.1488704,78.7739474,parks,N/A,2025-01-26,N/A,N/A,Uttarakhand
ChIJJSy8gbJ5CTkRVC42XfRrlHo,Camp Advait,29.8145699,78.60935049999999,parks,N/A,2025-01-26,N/A,N/A,Uttarakhand
ChIJEeR5UADrCTkR5NgyEPyVaZk,Gusain Estate,29.984828,79.10897700000001,parks,N/A,2025-01-26,N/A,N/A,Uttarakhand
ChIJnxhbD90NCTkRCie6FNFe9OA,Kotli Bhel,30.0648521,78.5219481,parks,N/A,2025-01-26,N/A,N/A,Uttarakhand
ChIJ94xW_4EyCDkRVfEMpHRkrwU,Chopta Meadows Heritage Camps,30.4831784,79.1750548,parks,N/A,2025-01-26,N/A,N/A,Uttarakhand
ChIJF7voUe8rCjkRzxnWq-QZWQc,kalagarh tiger reserve,29.6374728,78.70938869999999,parks,N/A,2025-01-26,N/A,N/A,Uttarakhand
ChIJUz1Jwgh_pzkRTwPIBeiKNPI,Biotourism Park -AAGAAS FEDERATION,30.4417415,79.42990309999999,parks,N/A,2025-01-26,N/A,N/A,Uttarakhand
ChIJrc13XIozCDkRxrX1x7QVtuo,Sun & Snow Camp Chopta,30.4817947,79.1804063,parks,N/A,2025-01-26,N/A,N/A,Uttarakhand
ChIJ8wAAg9H-CDkROUvQkNiZ7t8,Corbet National Park,29.7710218,78.8729417,parks,N/A,2025-01-26,N/A,N/A,Uttarakhand
ChIJGRXu-90tCDkR7XT01f6K-NA,Tungnath chopta,30.4843248,79.20070009999999,parks,N/A,2025-01-26,N/A,N/A,Uttarakhand
ChIJYXMAdhCDCTkRaD5Yd2yoEyc,Lansdowne First view,29.8377457,78.6871069,parks,N/A,2025-01-26,N/A,N/A,Uttarakhand
ChIJty1m-_QHCjkRe1y-i9d_ZR8,Him 180,29.6234375,79.3619375,parks,N/A,2025-01-26,N/A,N/A,Uttarakhand
ChIJ71G-BZQzCDkR5Z7VQZUTnt8,Holiday Park Chopta,30.4830699,79.1813737,parks,N/A,2025-01-26,N/A,N/A,Uttarakhand
ChIJuzmz8MkzCDkR4g-kOUjo62I,Himalayan birding guide (Chopta region),30.487465,79.1111553,parks,N/A,2025-01-26,N/A,N/A,Uttarakhand
ChIJk5PADEWiCTkRcpgfnszYyCQ,The Garuda Adventure Camp,30.0790981,78.7792941,parks,N/A,2025-01-26,N/A,N/A,Uttarakhand
ChIJM7lnO4MyCDkRiRyINOgUaXs,Chopta Wildlife Camps Resorts,30.4814758,79.1961231,parks,N/A,2025-01-26,N/A,N/A,Uttarakhand
ChIJtyNa8n0tCDkRPVaz5EUhs8k,Chopta Deoria Tal Cafe,30.4852273,79.20057419999999,parks,N/A,2025-01-26,N/A,N/A,Uttarakhand
ChIJMeHUsRLoCTkRf2s9YHeNbH4,Dudhatoli Danda,30.0894194,79.2249377,parks,N/A,2025-01-26,N/A,N/A,Uttarakhand
ChIJvXgD4JB0CTkRJDgDBZM-sgs,Ganga Riverside camping in rishikesh -Real Adventure Guru,30.0571776,78.5143183,parks,N/A,2025-01-26,N/A,N/A,Uttarakhand
ChIJjXxgHPYyCDkRIBXppEoJDng,Chopta Magpie Jungle Camp,30.4880723,79.17410149999999,parks,N/A,2025-01-26,N/A,N/A,Uttarakhand
ChIJV41mBQENCTkRFH6V7HEx5pU,Camp Ganga Riviera,30.065602,78.51720499999999,parks,N/A,2025-01-26,N/A,N/A,Uttarakhand
ChIJaRjUhGUtCDkRIfxeZsqEKec,PeaceTrips,30.4782136,79.2104236,parks,N/A,2025-01-26,N/A,N/A,Uttarakhand
ChIJn06-X28zCDkRs5T8S1_eY4Y,The Galaxy Camp,30.4832015,79.1816218,parks,N/A,2025-01-26,N/A,N/A,Uttarakhand
ChIJiyY3DAktCDkRvhvNS2iuy1E,Chaukhamba Camp Stay,30.4831872,79.1813008,parks,N/A,2025-01-26,N/A,N/A,Uttarakhand
ChIJ_4pi2vQyCDkRGLTANLIlwh0,Alpine Adventure Camp,30.4862852,79.1769948,parks,N/A,2025-01-26,N/A,N/A,Uttarakhand
ChIJi6K2qe4tCDkRa0slGFFD7go,Pahadi Musafir Camps and Resort,30.4779111,79.2089898,parks,N/A,2025-01-26,N/A,N/A,Uttarakhand
ChIJOaG4Q7kzCDkRUGEvHNMR0Fs,Himalayan Stag Camp,30.483433,79.1843133,parks,N/A,2025-01-26,N/A,N/A,Uttarakhand
ChIJ5YMOyGctCDkR3D8UXa5WKig,Heaven's Getaway,30.4781489,79.2101821,parks,N/A,2025-01-26,N/A,N/A,Uttarakhand
ChIJ-wDF6CotCDkRmBPK2JjZKlQ,Starlight Camps,30.4838225,79.1811139,parks,N/A,2025-01-26,N/A,N/A,Uttarakhand
ChIJm5f7WxSpoDkR0k2-QTph8fo,Jhula Devi Temple,29.6181375,79.4440156,parks,N/A,2025-01-26,N/A,N/A,Uttarakhand
ChIJM1s3aTyPpzkRlyq1kqPjlok,Chopta Swiss camp,30.4863093,79.17690209999999,parks,N/A,2025-01-26,N/A,N/A,Uttarakhand
ChIJAVim1L8zCDkRIgrdhzPkzqk,Rishwasha (Baniyakund),30.4833743,79.1847976,parks,N/A,2025-01-26,N/A,N/A,Uttarakhand
ChIJ5dmRkY0_CDkRGDOIZYrBBXo,Kedarnath Camping Farm,30.4792437,79.1988497,parks,N/A,2025-01-26,N/A,N/A,Uttarakhand
ChIJTTX0tX2jCTkRPdw8Seq8RBs,Himala Garden Homestay,30.1356221,78.7992989,parks,N/A,2025-01-26,N/A,N/A,Uttarakhand
ChIJh27Xc6DLCTkRoOxs7BYXC88,Chopta Mount Holiday Camp & Resort | Camping,30.4837029,79.1829048,parks,N/A,2025-01-26,N/A,N/A,Uttarakhand
ChIJWwJzkcOCCTkRavJjdHYSBZE,"LaHermitage Resort, Lansdowne",29.7494043,78.7514156,parks,N/A,2025-01-26,N/A,N/A,Uttarakhand
ChIJnYGBIgB7CTkRuJDBNEz1MZE,Charak danda,29.814926,78.5589751,parks,N/A,2025-01-26,N/A,N/A,Uttarakhand
ChIJt4_5LGewCTkRq7zMGUlj9HQ,Dhari Devi Temple,30.2578205,78.8774478,parks,N/A,2025-01-26,N/A,N/A,Uttarakhand
ChIJR5Fs1ukzCDkR_jdt2OM0KV8,The Aipan Resort,30.5091371,79.1621433,parks,N/A,2025-01-26,N/A,N/A,Uttarakhand
ChIJIQILCMOCCTkRiDAqFbYRukw,Garhwali Museum,29.8365979,78.68815719999999,museum,N/A,2025-01-26,N/A,N/A,Uttarakhand
ChIJyXG_qWSlCTkRDRCatebhQdA,"Museum , HNB Garhwal University,Chauras Campus",30.2251087,78.8047636,museum,N/A,2025-01-26,N/A,N/A,Uttarakhand
ChIJbfZ89karoDkRGkyIOacM-KE,Kumaon Regimental Center (KRC) Museum,29.6434136,79.4260779,museum,N/A,2025-01-26,N/A,N/A,Uttarakhand
ChIJs4GT0XaDCTkRZiZn0hpaVks,दरबान सिंह संग्रहालय,29.8365746,78.68810370000001,museum,N/A,2025-01-26,N/A,N/A,Uttarakhand
ChIJ5fv0NNxlpzkRKRpoUEpRltQ,उत्तराखंड आंदोलनकारी संग्रहालय,30.2856875,79.4716875,museum,N/A,2025-01-26,N/A,N/A,Uttarakhand
ChIJ56v7_u4BCTkRAZKJo_QdISI,Pokhal village / Tehri,30.3594929,78.6065337,museum,N/A,2025-01-26,N/A,N/A,Uttarakhand
ChIJf3DLJlOroDkRXlANmQvsA0I,Somnath Dwar,29.6448732,79.4436984,museum,N/A,2025-01-26,N/A,N/A,Uttarakhand
ChIJq6qqqvUBCjkRAy20ecUhZEU,"Bhikyasain, Uttarakhand khuredi",29.7036848,79.2930312,museum,N/A,2025-01-26,N/A,N/A,Uttarakhand
ChIJQ6aIEbKtoDkR2HK7SP7PAek,Fernery Ranikhet (Nursery),29.6620816,79.4801281,museum,N/A,2025-01-26,N/A,N/A,Uttarakhand
ChIJe1_mCCSDCTkRwbuLAFdxKmw,शताब्दी द्वार,29.8359477,78.6860658,museum,N/A,2025-01-26,N/A,N/A,Uttarakhand
ChIJoSDTiLMFCjkRmnxLlVL-ckg,Devi Thaan Temple Dadhuli,29.6230083,79.2660815,museum,N/A,2025-01-26,N/A,N/A,Uttarakhand
ChIJ-eECEQ6DCTkRmYvnSn0fbZY,Lansdowne uttrakhand,29.8377071,78.6867726,museum,N/A,2025-01-26,N/A,N/A,Uttarakhand
ChIJN3BuL8zdCTkRncSnVBz6AqM,AATA GAD(Chimata),30.1162681,79.2397295,museum,N/A,2025-01-26,N/A,N/A,Uttarakhand
ChIJ_3kS5gv_CTkR_w5EXYPBCoI,माँ मानिला देवी मंदिर,29.731901,79.3057109,museum,N/A,2025-01-26,N/A,N/A,Uttarakhand
ChIJQzlUPZH7CTkRAlY7hy9CXYo,Gorakhnath Mandir Village Kaljhipa Joshi,29.8207892,79.2539455,museum,N/A,2025-01-26,N/A,N/A,Uttarakhand
ChIJ027V7APVCTkRJE3scpgFR18,Science Amusement Park kothiyalsain Chamoli,30.3932428,79.3172325,museum,N/A,2025-01-26,N/A,N/A,Uttarakhand
ChIJv7JYeIj_CTkRyb3tYan5Zsg,Gavel devta Mandir,29.7767478,79.36511159999999,museum,N/A,2025-01-26,N/A,N/A,Uttarakhand
ChIJEyE5iSGroDkRaqsn63Pqtns,Golu mandir,29.7292406,79.4426754,museum,N/A,2025-01-26,N/A,N/A,Uttarakhand
ChIJIRSadAD5CTkRLdPd0RXPznU,Haned (हनेड),29.7493542,79.209726,museum,N/A,2025-01-26,N/A,N/A,Uttarakhand
ChIJD9PW-1qDCTkRGyFKmlA7y9w,"Bheem Pakora, Lansdowne",29.8390301,78.67030489999999,museum,N/A,2025-01-26,N/A,N/A,Uttarakhand
ChIJu70wfzq1CTkROwTaq2oMtaE,Aadi guru shankaracharya museum,30.37163439999999,79.0059234,museum,N/A,2025-01-26,N/A,N/A,Uttarakhand
ChIJOVGmBwCvCTkRrg1bhqD3eJc,Kamand (पंदेरा धारा),30.2766004,78.7640809,museum,N/A,2025-01-26,N/A,N/A,Uttarakhand
ChIJE42sSwAHCTkRNM6TiZypc10,Akash negi,30.2562465,78.6392556,museum,N/A,2025-01-26,N/A,N/A,Uttarakhand
ChIJSftnILiCCTkRfjGs-8l_Aac,Bhulla Taal,29.8440822,78.6787475,museum,N/A,2025-01-26,N/A,N/A,Uttarakhand
ChIJ43HvMQBlpzkRjBh_gRJ7wUQ,Syanri bangali,30.2048484,79.4793127,museum,N/A,2025-01-26,N/A,N/A,Uttarakhand
ChIJ3x7wrsmCCTkRB8bvQBOmubA,"St. Mary's Church, Lansdowne",29.8469018,78.6821994,museum,N/A,2025-01-26,N/A,N/A,Uttarakhand
ChIJMeKTDX6poDkR0qR8h1LxDGc,Mankameshwar Temple,29.6420857,79.4302453,museum,N/A,2025-01-26,N/A,N/A,Uttarakhand
ChIJOUOLd7iCCTkRoSRGta-074g,"Kaleshwar Mahadev Mandir, Lansdowne",29.8374446,78.6804988,museum,N/A,2025-01-26,N/A,N/A,Uttarakhand
ChIJO12zNjiqoDkRwD_vMmumfJI,Haidakhan Babaji Temple,29.6622656,79.4130485,museum,N/A,2025-01-26,N/A,N/A,Uttarakhand
ChIJB6XNUyoHCjkRhIXMq-wu3dI,Swargashram Binsar Mahadev Mandir,29.6324673,79.3378366,museum,N/A,2025-01-26,N/A,N/A,Uttarakhand
ChIJnbCYgdiroDkRFCdW4eAmXk0,Golf Ground Ranikhet,29.6651578,79.4708236,museum,N/A,2025-01-26,N/A,N/A,Uttarakhand
ChIJpUZ5VsGCCTkRJnoNrtLf9V4,Corbett Hill Resorts Palkot,29.8236724,78.6915104,museum,N/A,2025-01-26,N/A,N/A,Uttarakhand
ChIJ8Z7gzOfxCTkRPRYpjel0Y8g,Purnanand Kandpal and Badri Dutt Kandpal saheed smarak Kandpal basti,29.8152353,79.19702269999999,museum,N/A,2025-01-26,N/A,N/A,Uttarakhand
ChIJK8MTk0qpGToRmGcn4Q2YLtc,Odisha Tour,20.2776872,85.7636318,attraction,N/A,2025-01-26,N/A,N/A,Odisha
ChIJgULBAVcFGToRvC20LWmgAHY,Peacock Valley,20.4616478,85.7637543,attraction,N/A,2025-01-26,N/A,N/A,Odisha
ChIJCyIlOP8JGToRUEL6IF2tqdc,Dhauli Hills,20.1923483,85.8396162,attraction,N/A,2025-01-26,N/A,N/A,Odisha
ChIJLTgAHY6nGToRUJYGxe5vPnI,"Aircraft View Point,Bhubaneswar",20.2658258,85.799781,attraction,N/A,2025-01-26,N/A,N/A,Odisha
ChIJ05wIuz4HGToRQC1FkMk_dLg,Deras Dam,20.314224,85.68810220000002,attraction,N/A,2025-01-26,N/A,N/A,Odisha
ChIJrfdLRrFTGDoR9pViamY_pqw,Tapang hill,20.1001203,85.5843632,attraction,N/A,2025-01-26,N/A,N/A,Odisha
ChIJHzgnTOYLGToRiPYb8a1DkN0,Eco Retreat Odisha,20.2914786,85.85604149999999,attraction,N/A,2025-01-26,N/A,N/A,Odisha
ChIJx-hJaUQRGToRa8Cr0eM_Kno,Mahanadi View Point,20.4802948,85.7772435,attraction,N/A,2025-01-26,N/A,N/A,Odisha
ChIJTRU1t7gJGToRZgaI321QgFY,Mahatma Gandhi Park,20.306174,85.82247,attraction,N/A,2025-01-26,N/A,N/A,Odisha
ChIJ34LIqu2nGToRcCF_emEbpjE,KONARK TOUR AND TRAVELS. BHUBANESWAR ODISHA,20.2608938,85.785584,attraction,N/A,2025-01-26,N/A,N/A,Odisha
ChIJNZm6hECnGToRaJJ47-Rnsy0,Khandagiri Top Peak,20.2631973,85.7856575,attraction,N/A,2025-01-26,N/A,N/A,Odisha
ChIJywDVDOQJGToRJ3chaq0ZHdo,Nicco Park,20.2860312,85.8321124,attraction,N/A,2025-01-26,N/A,N/A,Odisha
ChIJ4eIq8h2nGToRtghpMQeQTOI,Bindusagara Light And Sound Show,20.2407634,85.83463429999999,attraction,N/A,2025-01-26,N/A,N/A,Odisha
ChIJ_zmv3SoIGToRgKarcaoAn8M,Odisha State Tribal Museum,20.2830021,85.8068282,attraction,N/A,2025-01-26,N/A,N/A,Odisha
ChIJx9Bk8cMiGToRpWlcKTCal34,Kapilash Deer Park,20.6918659,85.7504968,attraction,N/A,2025-01-26,N/A,N/A,Odisha
ChIJNZCE-eKnGToR0P-eQt9HzIM,Lingaraj Temple Viewing Platform,20.2390203,85.8339021,attraction,N/A,2025-01-26,N/A,N/A,Odisha
ChIJ8eXMCdDxGDoRraIz7iAr-R8,"Sunset view point, Singhanath temple",20.3710005,85.3783101,attraction,N/A,2025-01-26,N/A,N/A,Odisha
ChIJ8fxd1JenGToRreXSh8pt5P8,Rani Gumpha,20.2626625,85.7860469,attraction,N/A,2025-01-26,N/A,N/A,Odisha
ChIJl6HTSWanGToR33ulKD-jAOI,Khandagiri View Point,20.2632049,85.7856056,attraction,N/A,2025-01-26,N/A,N/A,Odisha
ChIJ3VfrVyGnGToR3Nb3dp1hhhg,Papanasini Pond,20.2398035,85.83268609999999,attraction,N/A,2025-01-26,N/A,N/A,Odisha
ChIJB0mLA00RGToRhdlzFw0QR9E,Sun Set Point,20.4731392,85.7684297,attraction,N/A,2025-01-26,N/A,N/A,Odisha
ChIJKW-xAQ8JGToRBJWhjnhwSlA,SUNDARPUR Hill,20.3561303,85.7806959,attraction,N/A,2025-01-26,N/A,N/A,Odisha
ChIJP4bl2g4MGToRZYduytCzakI,Kuakhai River View,20.3841726,85.86195,attraction,N/A,2025-01-26,N/A,N/A,Odisha
ChIJwzaZrOkDGToRXMf9_sN51R0,Dampada Forest Watch Tower,20.3780702,85.64932920000001,attraction,N/A,2025-01-26,N/A,N/A,Odisha
ChIJ1ZSmK_StGToRnWJH7C4KJvI,Pandaba gumpha,20.1571295,85.6428718,attraction,N/A,2025-01-26,N/A,N/A,Odisha
ChIJd8Mc0yIdGToRC_Am0GIsP3c,Selfie Point,20.4744094,85.64521669999999,attraction,N/A,2025-01-26,N/A,N/A,Odisha
ChIJX1CgzK2nGToRe9RdGu1PYRY,Dhauli View Point Odisha India,20.1901033,85.840825,attraction,N/A,2025-01-26,N/A,N/A,Odisha
ChIJ2Xt6hYtzGToR1o6JQCMscN8,4Sqr Patha,20.4559696,85.9421333,attraction,N/A,2025-01-26,N/A,N/A,Odisha
ChIJl7k7IrVdGToRJAhFep9XwaI,Chandikhol hill,20.6944004,86.1167655,attraction,N/A,2025-01-26,N/A,N/A,Odisha
ChIJq6pqN82gGToResxhngJto0w,Pandava Gumpha,20.2479939,85.84918340000002,attraction,N/A,2025-01-26,N/A,N/A,Odisha
ChIJU_wSAQARGToRDvZzOYl0aP8,Mahanadi side view,20.4707068,85.77772519999999,attraction,N/A,2025-01-26,N/A,N/A,Odisha
ChIJ9QMUigoDGToRIX4XQF1H9FM,Old ostia,20.4554839,85.6242261,attraction,N/A,2025-01-26,N/A,N/A,Odisha
ChIJ65gdcACnGToR7aAKUhZAz5A,Jhumka Dam,20.3287676,85.7126424,attraction,N/A,2025-01-26,N/A,N/A,Odisha
ChIJMYxGCzEHGToRfHIkN2ybPcw,JRRPD View Point,20.3155703,85.7529192,attraction,N/A,2025-01-26,N/A,N/A,Odisha
ChIJF_lWTQAJGToRHhF6zqZOhsI,Dr. Pradyot's Lake,20.340168,85.77092309999999,attraction,N/A,2025-01-26,N/A,N/A,Odisha
ChIJUY0wfDvzGToR2VpyoiTPXR4,Nanjikona ( ନାଞ୍ଜିକୋଣ ),19.8866282,86.1638641,attraction,N/A,2025-01-26,N/A,N/A,Odisha
ChIJNRkxBwCnGToRpzMZjNSxiws,KeutSahi Chhaka,20.2327947,85.83058489999999,attraction,N/A,2025-01-26,N/A,N/A,Odisha
ChIJafaIdwCnGToRd1bv0ZqQtzk,Sahasralinga Tank (सहस्त्रलिंग सरोवर),20.238551,85.83511949999999,attraction,N/A,2025-01-26,N/A,N/A,Odisha
ChIJv3CWvhQRGToRi5-AUfvIx-A,"Go Down Stairs, Old Naraj Road",20.4802018,85.7764995,attraction,N/A,2025-01-26,N/A,N/A,Odisha
ChIJPadVHgAJGToRhRhOwL8qfl0,Hil,20.3689679,85.7796698,attraction,N/A,2025-01-26,N/A,N/A,Odisha
ChIJVdf8VtEbGToRXeYJmOw463Q,Boudhapur Mamu Bhanja Hil,20.501407,85.7433618,attraction,N/A,2025-01-26,N/A,N/A,Odisha
ChIJJ4eUKmsRGToRTxuRgZ2TBSQ,Bhuasuni River Side,20.4922318,85.8240782,attraction,N/A,2025-01-26,N/A,N/A,Odisha
ChIJo7T9MoEdGToRk2d7JwYxyQQ,Peacock view point,20.5096875,85.64745309999999,attraction,N/A,2025-01-26,N/A,N/A,Odisha
ChIJ-VySvTUTGToRTUzrn6ygwKI,Mandapada River Viewpoint,20.4968875,85.89823439999999,attraction,N/A,2025-01-26,N/A,N/A,Odisha
ChIJcxBxYNARGToRLeeMMnicAz4,Madhusudan Setu Square,20.486692,85.8164275,attraction,N/A,2025-01-26,N/A,N/A,Odisha
ChIJVVwVSQAHGToRR-IlKoE_1aU,CHANDAKA FOREST WATERFALL,20.3625109,85.7120607,attraction,N/A,2025-01-26,N/A,N/A,Odisha
ChIJG5bO69SBGToR2ZlDBIjRNyo,I love Jagatsinghpur selfi point,20.2528214,86.1778444,attraction,N/A,2025-01-26,N/A,N/A,Odisha
ChIJ0VoAYAKnGToRjkaRN6Vwsw8,Delta Square,20.275737,85.8037588,attraction,N/A,2025-01-26,N/A,N/A,Odisha
ChIJC6QhEssNGToRyekNXv1hSyE,I ️love WEST,20.4647673,85.893659,attraction,N/A,2025-01-26,N/A,N/A,Odisha
ChIJoRfJhBWnGToRy5c7txxWqOQ,DAKOTA AEROPLANE,20.2544702,85.817324,attraction,N/A,2025-01-26,N/A,N/A,Odisha
ChIJG49IzioDGToRpp0PR6QPeZI,boating station for amangeikuda,20.457672,85.6542545,attraction,N/A,2025-01-26,N/A,N/A,Odisha
ChIJa7TcHgBnGToRUpcSC338KpQ,Pradipta Das,20.5838414,86.11889579999999,attraction,N/A,2025-01-26,N/A,N/A,Odisha
ChIJQ8sfatnzGDoRb1qp9gBQ6to,"Shiv Temple, Gopamathura",20.3968571,85.3512409,attraction,N/A,2025-01-26,N/A,N/A,Odisha
ChIJD1c4SQALGToReyv20VNs7h0,G Udayagiri,20.351944,85.89541129999999,attraction,N/A,2025-01-26,N/A,N/A,Odisha
ChIJVSIy_7GgGToRvJS343V3_wY,Siddheswar Temple,20.2697708,85.8538561,attraction,N/A,2025-01-26,N/A,N/A,Odisha
ChIJry_blW0TGToRi-YxfFnSGc0,Archaeological Survey of India (New Guesthouse),20.4847925,85.86233709999999,attraction,N/A,2025-01-26,N/A,N/A,Odisha
ChIJJzClHwD_GDoRcxTwuHaahXI,Tulasipur -haladia bridge,20.2898277,85.54570179999999,attraction,N/A,2025-01-26,N/A,N/A,Odisha
ChIJTcR46_UfGToRPKNq-Ej5EzU,Jamuna Pond,20.5730145,85.6341503,attraction,N/A,2025-01-26,N/A,N/A,Odisha
ChIJ92LIUqMDGToR5uHU5e9FBdg,Ansupa Hill top 2,20.4647359,85.6083045,attraction,N/A,2025-01-26,N/A,N/A,Odisha
ChIJ25WrHgBRGDoRp_crECq9eNY,Chanakhai waterfall,20.0956665,85.45894539999999,attraction,N/A,2025-01-26,N/A,N/A,Odisha
ChIJEXIvXn7zGToRpAZAQ4ztpHg,"Chandrabhaga Beach, Puri",19.8651339,86.1117759,beaches,N/A,2025-01-26,N/A,N/A,Odisha
ChIJFbQURjkgGjoR9UoVz3SktmQ,Astaranga Sea Beach,19.930692,86.2822216,beaches,N/A,2025-01-26,N/A,N/A,Odisha
ChIJB2fNBKftGToRc1wEV56cEIA,Ramachandi Beach,19.8543995,86.0597478,beaches,N/A,2025-01-26,N/A,N/A,Odisha
ChIJCZuNy0zzGToR-rfnJ03T1_c,Marine Drive Beach,19.8627765,86.10229799999999,beaches,N/A,2025-01-26,N/A,N/A,Odisha
ChIJEZpsCzUKGToRfxvy186vIt0,Kuakhai Beach,20.3272204,85.867712,beaches,N/A,2025-01-26,N/A,N/A,Odisha
ChIJ9-vtYPPyGToRi_1UIkJDY78,Chandrabhaga beach,19.8661664,86.1154473,beaches,N/A,2025-01-26,N/A,N/A,Odisha
ChIJB6qQzLz1GToRCG6G6lYjStc,Tandahar Beach,19.8999925,86.2225579,beaches,N/A,2025-01-26,N/A,N/A,Odisha
ChIJ2yy9AQD1GToRUb55qPASuak,Udayakani beach,19.8972989,86.21444009999999,beaches,N/A,2025-01-26,N/A,N/A,Odisha
ChIJF77NNDkJGToR48P0O61IDpc,Bayojyestha Park,20.3312443,85.8068782,beaches,N/A,2025-01-26,N/A,N/A,Odisha
ChIJRWGxAdzzGToRAS_XAFHwIy4,Konark Beach,19.8641879,86.10739889999999,beaches,N/A,2025-01-26,N/A,N/A,Odisha
ChIJM95e3RbtGToRse8mzjn6qQY,moon beach,19.8552904,86.0627612,beaches,N/A,2025-01-26,N/A,N/A,Odisha
ChIJ0eAVC9QhGjoRvsxI-F_2dZM,Daluakani Beach,19.9214558,86.26626279999999,beaches,N/A,2025-01-26,N/A,N/A,Odisha
ChIJzynwFK_tGToRdS7-ODre0Jc,Chandrabhaga Golden Sea Beach,19.8659895,86.1139279,beaches,N/A,2025-01-26,N/A,N/A,Odisha
ChIJx9Mzg2jzGToRHJm3-D45_WE,କଇଁଛ ସମୁଦ୍ର ତଟ Turtle Beach,19.8810526,86.1647928,beaches,N/A,2025-01-26,N/A,N/A,Odisha
ChIJccElAMcNGToRhx_WqHEBqJg,Saitpuria beach,20.4096539,85.85345199999999,beaches,N/A,2025-01-26,N/A,N/A,Odisha
ChIJKTdSH2whGjoR5A3giIINck0,"Astaranga sea beach, Bay of bengal, Astarang",19.9291383,86.28295,beaches,N/A,2025-01-26,N/A,N/A,Odisha
ChIJY9LgchPzGToRZ2k2_AhMIIw,Chandrabhaga Sea Beach,19.8674671,86.118179,beaches,N/A,2025-01-26,N/A,N/A,Odisha
ChIJ_XaPPpHhGzoRnFrGbca4O0g,River beach,20.6762833,86.25812669999999,beaches,N/A,2025-01-26,N/A,N/A,Odisha
ChIJvQqh414hGjoRcGRMmBEDTes,Camp Bichi Gundalba - Gilehrio Beach Camp Parking spot,19.9348519,86.2846034,beaches,N/A,2025-01-26,N/A,N/A,Odisha
ChIJvQiyoG71GToRMUHCgNBtOrE,Save coastal life.Udayakani olive redly nesting beach,19.8972989,86.21444009999999,beaches,N/A,2025-01-26,N/A,N/A,Odisha
ChIJxXNR1MDtGToRc3bnrKWJa2o,Marine Drive Roadside Viewpoint,19.8567832,86.06803579999999,beaches,N/A,2025-01-26,N/A,N/A,Odisha
ChIJ0_KaOFPzGToRpF3tRq9-Kqc,Badakhanja Beach,19.8789467,86.1564651,beaches,N/A,2025-01-26,N/A,N/A,Odisha
ChIJ9XB2wP3BGToRKhMiPmYRUiA,Beach Waves Camping Resort,19.8501766,85.91937300000001,beaches,N/A,2025-01-26,N/A,N/A,Odisha
ChIJPaEN1OUTGToReKWNNCnjuEc,Mahanadi River Beach(Ring Road Side),20.4831759,85.889746,beaches,N/A,2025-01-26,N/A,N/A,Odisha
ChIJZ-TVfMvrGToRd0t-pYV_A5g,"Balighai Square,beleswar patana",19.8598045,85.93824099999999,beaches,N/A,2025-01-26,N/A,N/A,Odisha
ChIJq7VIEib1GToRlHAW66TT9g8,Singharapal Beach (ସିଂହାରପାଳ),19.893918,86.2037553,beaches,N/A,2025-01-26,N/A,N/A,Odisha
ChIJuWHjYAD1GToRmr28rtdDu20,Singharpal Sea Beach,19.8926033,86.20160109999999,beaches,N/A,2025-01-26,N/A,N/A,Odisha
ChIJU_ZDXy-FGToRfnSvIYbpr6s,Kantisala family picnic place (କଣ୍ଟିଶାଳ ଝାଉଁ ବଣ) River beach,20.1123237,86.1508691,beaches,N/A,2025-01-26,N/A,N/A,Odisha
ChIJzbMAV5HtGToR7e0ofc-jivQ,Ramachandi Beach,19.8517862,86.0577847,beaches,N/A,2025-01-26,N/A,N/A,Odisha
ChIJDfPllVMLGToRG7Uscw2JM8I,Kuakhai river view,20.3274729,85.8611312,beaches,N/A,2025-01-26,N/A,N/A,Odisha
ChIJpYpabG4hGjoRgRd-lW-oxes,jay shree ram sea beach astaranga,19.932609,86.2904456,beaches,N/A,2025-01-26,N/A,N/A,Odisha
ChIJx-hJaUQRGToRa8Cr0eM_Kno,Mahanadi View Point,20.4802948,85.7772435,beaches,N/A,2025-01-26,N/A,N/A,Odisha
ChIJt9VndwAhGjoRGPyNY5SbdyM,Jahania sea beach,19.9805633,86.2679155,beaches,N/A,2025-01-26,N/A,N/A,Odisha
ChIJNZCCP8DHGToRX72c48Htv2s,Selfie point( Jay Jagannatha),19.8513875,85.83620309999999,beaches,N/A,2025-01-26,N/A,N/A,Odisha
ChIJv2KiMgDzGToRTqernof_CLA,Chandrabhaga Beach View,19.8592851,86.1161157,beaches,N/A,2025-01-26,N/A,N/A,Odisha
ChIJW3tckEv1GToR5jZNvP87fDE,"Tandahar olive redly nesting beach, Save coastal life",19.8991447,86.2198458,beaches,N/A,2025-01-26,N/A,N/A,Odisha
ChIJO1oJAYzjGDoRD5MrqAtpvSg,"Sunajhar Waterfall, Kamadhenukote",20.5461981,85.55150440000001,waterfalls,N/A,2025-01-26,N/A,N/A,Odisha
ChIJyT3tP_gjGToRyMyWtgxibEI,Bandhanuagan Waterfall,20.720204,85.701121,waterfalls,N/A,2025-01-26,N/A,N/A,Odisha
ChIJ25WrHgBRGDoRp_crECq9eNY,Chanakhai waterfall,20.0956665,85.45894539999999,waterfalls,N/A,2025-01-26,N/A,N/A,Odisha
ChIJSZ8VJsIjGToRPIWVM4-cMi4,Tenteitangara waterfall,20.6831907,85.721826,waterfalls,N/A,2025-01-26,N/A,N/A,Odisha
ChIJCTzFaJbvGDoRU9Qq-KhebEc,Karada waterfall,20.4852331,85.3843196,waterfalls,N/A,2025-01-26,N/A,N/A,Odisha
ChIJbzI-pFI_GToR44HFCSMZiDQ,Khankira waterfall,20.7479262,85.92799869999999,waterfalls,N/A,2025-01-26,N/A,N/A,Odisha
ChIJbQqppOSnGToRsbTHa9XyVDU,AAI Decor Waterfall,20.2551531,85.8185428,waterfalls,N/A,2025-01-26,N/A,N/A,Odisha
ChIJNZm6hECnGToRaJJ47-Rnsy0,Khandagiri Top Peak,20.2631973,85.7856575,waterfalls,N/A,2025-01-26,N/A,N/A,Odisha
ChIJ3yp9FQAPGToRvgitj61-7D0,Botanical Garden Waterfall,20.4057468,85.8221607,waterfalls,N/A,2025-01-26,N/A,N/A,Odisha
ChIJY0ztSQAHGToRMz7S9f7y_bM,CHANDAKA FOREST WATERFALL,20.3625567,85.7121415,waterfalls,N/A,2025-01-26,N/A,N/A,Odisha
ChIJVVwVSQAHGToRR-IlKoE_1aU,CHANDAKA FOREST WATERFALL,20.3625109,85.7120607,waterfalls,N/A,2025-01-26,N/A,N/A,Odisha
ChIJ844XIILxGDoR2cI5Uc92oKM,Katarapal Dam,20.4570471,85.3734899,waterfalls,N/A,2025-01-26,N/A,N/A,Odisha
ChIJHbQhWGzvGDoRZTB88QvtYB8,"Karada Dam, Badamba",20.4734375,85.3965625,waterfalls,N/A,2025-01-26,N/A,N/A,Odisha
ChIJ9xfrGk2hGToRsl2uMsAAiGU,Aqua World,20.2241773,85.91871920000001,waterfalls,N/A,2025-01-26,N/A,N/A,Odisha
ChIJw-tXSHMjGToR-MASwzjBvHg,Kapilash View Point,20.6818937,85.76308879999999,waterfalls,N/A,2025-01-26,N/A,N/A,Odisha
ChIJ05wIuz4HGToRQC1FkMk_dLg,Deras Dam,20.314224,85.68810220000002,waterfalls,N/A,2025-01-26,N/A,N/A,Odisha
ChIJZRKJL-EjGToRA_7ongiujzI,Kapilash Hill Top View point,20.6832102,85.7582182,waterfalls,N/A,2025-01-26,N/A,N/A,Odisha
ChIJDdU6jorfGDoRi4HkvrXTf0s,Ramayala River,20.6763354,85.5816782,waterfalls,N/A,2025-01-26,N/A,N/A,Odisha
ChIJo2qZV7MVGToRLrQEFlNPTD8,Damadamani Dam,20.6350967,85.8632907,waterfalls,N/A,2025-01-26,N/A,N/A,Odisha
ChIJpQSZhFMGGToRstczI1JDvv8,Reserve Forest Waterhole,20.3301161,85.7316316,waterfalls,N/A,2025-01-26,N/A,N/A,Odisha
ChIJE_I-TxynGToRM-TNQGyIVwI,Bhima Kunda,20.237303,85.82134479999999,waterfalls,N/A,2025-01-26,N/A,N/A,Odisha
ChIJ895uaMWnGToRgXEARXCoEP0,Kapileswar Park Lake,20.2286041,85.8244835,waterfalls,N/A,2025-01-26,N/A,N/A,Odisha
ChIJX1CgzK2nGToRe9RdGu1PYRY,Dhauli View Point Odisha India,20.1901033,85.840825,waterfalls,N/A,2025-01-26,N/A,N/A,Odisha
ChIJZUytVYUEGToRjNLRWewPo6k,Debidwar,20.429466,85.7008266,waterfalls,N/A,2025-01-26,N/A,N/A,Odisha
ChIJe8QSVFutGToRkX9eozkwk2k,"Sitakunda, Barunei",20.1576297,85.6432054,waterfalls,N/A,2025-01-26,N/A,N/A,Odisha
ChIJl6HTSWanGToR33ulKD-jAOI,Khandagiri View Point,20.2632049,85.7856056,waterfalls,N/A,2025-01-26,N/A,N/A,Odisha
ChIJoaHKu9SmGToRlNh3EID_epY,Sisupalgarh Fort,20.2293833,85.84781939999999,waterfalls,N/A,2025-01-26,N/A,N/A,Odisha
ChIJY_AbV9EHGToRXVtWQWYLJnM,Jhumka Dam View,20.3268125,85.71018749999999,waterfalls,N/A,2025-01-26,N/A,N/A,Odisha
ChIJ31dvD4QSGToR6YvzoVvZZGw,Mahanadi River View (Sunset Point),20.4797329,85.8953398,waterfalls,N/A,2025-01-26,N/A,N/A,Odisha
ChIJtSP-3dMdGToRFmedeiNnn7M,I Love Athagarh Selfiee Point By Aravh,20.5166698,85.62749989999999,waterfalls,N/A,2025-01-26,N/A,N/A,Odisha
ChIJ92LIUqMDGToR5uHU5e9FBdg,Ansupa Hill top 2,20.4647359,85.6083045,waterfalls,N/A,2025-01-26,N/A,N/A,Odisha
ChIJaWu05NXvGDoRVwjxtG8ioWo,"Panchama Hill Top, Badamba",20.4875538,85.4071828,waterfalls,N/A,2025-01-26,N/A,N/A,Odisha
ChIJB0mLA00RGToRhdlzFw0QR9E,Sun Set Point,20.4731392,85.7684297,waterfalls,N/A,2025-01-26,N/A,N/A,Odisha
ChIJUQm6tRoQGToRZGWLwh76bn8,Odisha Tourism Development Corporation Park,20.481058,85.77713519999999,waterfalls,N/A,2025-01-26,N/A,N/A,Odisha
ChIJ1x6tpo89GToRrlS3fuv6Zxo,"Badabandha project Dam Gundurapasi, Dhenkanal",20.7261786,85.8113984,waterfalls,N/A,2025-01-26,N/A,N/A,Odisha
ChIJS9va1uwHGToRDkk2dsPsBZc,Andharua Picnic Place For Feasts..All water and Electricity Available,20.3356035,85.7596825,waterfalls,N/A,2025-01-26,N/A,N/A,Odisha
ChIJDfPllVMLGToRG7Uscw2JM8I,Kuakhai river view,20.3274729,85.8611312,waterfalls,N/A,2025-01-26,N/A,N/A,Odisha
ChIJY9F3mj7hGDoRGVQXj1E5X8Q,Mu Odia Selfie Point,20.6493781,85.5952774,waterfalls,N/A,2025-01-26,N/A,N/A,Odisha
ChIJWcePk5AJGToRI4shsgCp0Qw,Shaheed Park,20.3133489,85.8338914,parks,N/A,2025-01-26,N/A,N/A,Odisha
ChIJwZyrcsMJGToRdRFaV8N0tjc,Jaydev Vihar Park,20.2954546,85.8242944,parks,N/A,2025-01-26,N/A,N/A,Odisha
ChIJs0F-Zg8SGToRIvxIhBy8wkA,Akshay Mohanty Memorial Park,20.4802185,85.8593449,parks,N/A,2025-01-26,N/A,N/A,Odisha
ChIJjWpNnPQNGToRXGkzoLm0O28,Gouri Shankar Park,20.4668606,85.8673723,parks,N/A,2025-01-26,N/A,N/A,Odisha
ChIJ21tDHC-nGToR_7on44xw3yE,Kedar Gouri Park,20.2420773,85.840724,parks,N/A,2025-01-26,N/A,N/A,Odisha
ChIJd3cipUERGToRqE5m57bpZ6o,Chahata park,20.4934346,85.8399213,parks,N/A,2025-01-26,N/A,N/A,Odisha
ChIJIxAsh3AJGToRk2TP8BgYbxc,E.W.S PARK,20.3192371,85.8158059,parks,N/A,2025-01-26,N/A,N/A,Odisha
ChIJV5kGDR4HGToRN5izdX1ajAM,Jhumka Eco Park,20.3146334,85.7147614,parks,N/A,2025-01-26,N/A,N/A,Odisha
ChIJaZLvtCQJGToRiPTj5CElYcI,Park,20.289158,85.8354682,parks,N/A,2025-01-26,N/A,N/A,Odisha
ChIJw5gM4ZhDGToRJH5rniLPix8,Bhusandhapur Grammeena Park,20.716295,86.07934329999999,parks,N/A,2025-01-26,N/A,N/A,Odisha
ChIJNd5rI92pGToRRkxMRa9SnYY,Baga Park,20.2779256,85.7642176,parks,N/A,2025-01-26,N/A,N/A,Odisha
ChIJl8HxfD8TGToR0Fs2uMF3hZE,Housing Board Park,20.5448186,85.9130802,parks,N/A,2025-01-26,N/A,N/A,Odisha
ChIJ895uaMWnGToRgXEARXCoEP0,Kapileswar Park Lake,20.2286041,85.8244835,parks,N/A,2025-01-26,N/A,N/A,Odisha
ChIJp61_9jkJGToRJwJB65mDTUU,MIG-1 Children's park HB colony,20.3281306,85.81683149999999,parks,N/A,2025-01-26,N/A,N/A,Odisha
ChIJ5fKqt-OnGToRjMu5i_4-BN8,Netaji Subhash Chandra Bose park,20.2549288,85.8058174,parks,N/A,2025-01-26,N/A,N/A,Odisha
ChIJMRHfFYzyGToR1adEFBt6wm4,Jaidev Park,19.867145,86.10996879999999,parks,N/A,2025-01-26,N/A,N/A,Odisha
ChIJnyL7DsgJGToR3_S6R7ns0T4,Jayadev Vihar Childrens Park,20.294816,85.8205078,parks,N/A,2025-01-26,N/A,N/A,Odisha
ChIJifNmaMuhGToRA8sNUGhAHLA,Park Near Badagada Police station (Sillicon park),20.2499375,85.8505625,parks,N/A,2025-01-26,N/A,N/A,Odisha
ChIJkQ_SpA4JGToRJy_9zqZhiDU,Buddha Park Hils,20.3244946,85.8076859,parks,N/A,2025-01-26,N/A,N/A,Odisha
ChIJP83uqyhtGToR9HJ1k1rBVN8,Jagatapur Park,20.4950536,85.9353587,parks,N/A,2025-01-26,N/A,N/A,Odisha
ChIJa3jhtY6nGToRjBO_7RFlUt0,Forest park Bhubaneswar,20.255568,85.82148769999999,parks,N/A,2025-01-26,N/A,N/A,Odisha
ChIJyXj0w4ITGToRTRgrBy2_tOI,Deer Park,20.4883078,85.8619087,parks,N/A,2025-01-26,N/A,N/A,Odisha
ChIJwUex5ZoJGToR4AxHsHlLxFY,"Police colony, Children park",20.2931248,85.82659679999999,parks,N/A,2025-01-26,N/A,N/A,Odisha
ChIJJbkEpSmtGToRPuRrkMLLRPc,Janaki Ballav Pattnaik Park,20.1652689,85.6143512,parks,N/A,2025-01-26,N/A,N/A,Odisha
ChIJV_SmdiERGToR9jBG-EYIltA,Park,20.4793346,85.83710579999999,parks,N/A,2025-01-26,N/A,N/A,Odisha
ChIJrZDe-BQJGToRhP96dQn5L6w,Housing Board Park,20.3494075,85.8258139,parks,N/A,2025-01-26,N/A,N/A,Odisha
ChIJuTefIHKhGToRBvOj4LohOM4,KALAM CHILDREN'S PARK,20.2480808,85.8501469,parks,N/A,2025-01-26,N/A,N/A,Odisha
ChIJc5cAgS4JGToRfnk0H1TBkCE,Utkala Nagar Park,20.303954,85.8364542,parks,N/A,2025-01-26,N/A,N/A,Odisha
ChIJF2ALXN0DGToRJydTfNW-mUY,Dompada Park,20.3909141,85.6144655,parks,N/A,2025-01-26,N/A,N/A,Odisha
ChIJTRyo8HK9GToRT9xfH9mAlGs,Kasipur Park,20.0615872,85.9000001,parks,N/A,2025-01-26,N/A,N/A,Odisha
ChIJAQl0NpR9GToRl2_50zbkljM,Buhalo park,20.4552405,86.1754717,parks,N/A,2025-01-26,N/A,N/A,Odisha
ChIJwwahPiwNGToRJftDkAnptiU,Ahimsa Gandhi Park,20.4661613,85.85432209999999,parks,N/A,2025-01-26,N/A,N/A,Odisha
ChIJezirVDkJGToROqA-JRrn_hw,Deer park,20.2845777,85.7982639,parks,N/A,2025-01-26,N/A,N/A,Odisha
ChIJbx0G1XehGToR2fSJl4fTjMM,"BDA Park,Brit Colony",20.2503163,85.8518672,parks,N/A,2025-01-26,N/A,N/A,Odisha
ChIJs0-nC7N8GToRvJbCRz-bJc4,Mahima Mishra Park,20.4772174,86.1889994,parks,N/A,2025-01-26,N/A,N/A,Odisha
ChIJ4fXbymqPGToRB1TK3Mfpi_I,"Village park , Fakirsahi",20.0403571,86.1716103,parks,N/A,2025-01-26,N/A,N/A,Odisha
ChIJKZgAFXYJGToR6R9pcFv3LW0,BMC PARK,20.3384958,85.81305929999999,parks,N/A,2025-01-26,N/A,N/A,Odisha
ChIJw1yW7eEJGToRDalyuARukN8,"Triangular Park, Baramunda HB Colony",20.2839861,85.79432849999999,parks,N/A,2025-01-26,N/A,N/A,Odisha
ChIJmfVAwXoJGToRbibKfC2xBHg,Children Park,20.2818873,85.79998119999999,parks,N/A,2025-01-26,N/A,N/A,Odisha
ChIJXRkNFcUNGToR7RjJbrijJ4c,Parala Maharaja Childrens PARK,20.4578506,85.9007934,parks,N/A,2025-01-26,N/A,N/A,Odisha
ChIJl8CLw2ANGToRUsmgL1Qh-7I,Kids Park,20.4367509,85.8639438,parks,N/A,2025-01-26,N/A,N/A,Odisha
ChIJgezDwxMJGToRMJ_iB8EDzrU,Shanti park,20.3323365,85.8080077,parks,N/A,2025-01-26,N/A,N/A,Odisha
ChIJqQCoGHGnGToRk5VHQulrGa4,Dr piterson Park,20.2668043,85.8126758,parks,N/A,2025-01-26,N/A,N/A,Odisha
ChIJNec59-enGToRnu7zPQmhofg,BSNL COLONY PARK,20.2433002,85.8250699,parks,N/A,2025-01-26,N/A,N/A,Odisha
ChIJP9v-Z_yLGToRgHSjDBQzp4k,"RURAL PARK,MANDUKI",19.9503227,86.24554169999999,parks,N/A,2025-01-26,N/A,N/A,Odisha
ChIJFYalNJAJGToR10vqQH9iVhA,"Nature Park, Bharatpur",20.3060415,85.7768901,parks,N/A,2025-01-26,N/A,N/A,Odisha
ChIJVXFwjzBVGDoRtsvLPP-i-fc,GP Park Pubusahi,20.2091926,85.5512375,parks,N/A,2025-01-26,N/A,N/A,Odisha
ChIJaVr3mAQJGToRg9KvxznC9gY,Bda children park,20.3177697,85.8171138,parks,N/A,2025-01-26,N/A,N/A,Odisha
ChIJCaxktLOpGToRtdrH0DFeI1E,K6 park,20.2544531,85.75769249999999,parks,N/A,2025-01-26,N/A,N/A,Odisha
ChIJUUB9djGhGToR1mwYLTTTJbo,Park,20.2444973,85.8531533,parks,N/A,2025-01-26,N/A,N/A,Odisha
ChIJi2G9mTIJGToRyHwhA_7BKHk,AE Children's Park,20.3087602,85.84319029999999,parks,N/A,2025-01-26,N/A,N/A,Odisha
ChIJX9sDaEUJGToR_YR0-wtPHQU,BRIT COLONY PARK 5,20.2832722,85.8118564,parks,N/A,2025-01-26,N/A,N/A,Odisha
ChIJS6DD1EKBGToRPyLx5Wz-c7Y,Sipi - Mini Park,20.245676,86.18785079999999,parks,N/A,2025-01-26,N/A,N/A,Odisha
ChIJT9N2MgAJGToRxS55yp7XEtY,N6 Park,20.294906,85.82058599999999,parks,N/A,2025-01-26,N/A,N/A,Odisha
ChIJaTmHvH-pGToRcaruveT-uXE,Dr. APJ Abdul Kalam Park,20.2779794,85.7652815,parks,N/A,2025-01-26,N/A,N/A,Odisha
ChIJJ-EfnDYNGToR5Qn5__eFqkQ,Basanti Studio Park,20.4461,85.9251,parks,N/A,2025-01-26,N/A,N/A,Odisha
ChIJxVGlXZenGToRZzY1NA_SvCI,Kharavela Nagar Park,20.2720069,85.838804,parks,N/A,2025-01-26,N/A,N/A,Odisha
ChIJHZtXjuqnGToRvJ49HiBpKb8,Kharavela Park,20.2571196,85.7847597,parks,N/A,2025-01-26,N/A,N/A,Odisha
ChIJqw0o13URGToR2sSsrUsk2MI,ଜଷ୍ଟିସ ଯୁଗଳ କିଶୋର ମହାନ୍ତି ଉଦ୍ୟାନ Justice Jugala Kishore Mohanty Park,20.4798447,85.83260419999999,parks,N/A,2025-01-26,N/A,N/A,Odisha
ChIJb_oumKoJGToRHvuvZLvURVU,"MIG PARK, ARYA VIHAR",20.3317593,85.8107124,parks,N/A,2025-01-26,N/A,N/A,Odisha
ChIJ9_sI4OsJGToRbITbPX638ys,Regional Museum of Natural History,20.2990827,85.8320717,museum,N/A,2025-01-26,N/A,N/A,Odisha
ChIJk2xMtjenGToRLL1qb6ks-xU,Odisha State Museum,20.2563713,85.84128659999999,museum,N/A,2025-01-26,N/A,N/A,Odisha
ChIJ_zmv3SoIGToRgKarcaoAn8M,Odisha State Tribal Museum,20.2830021,85.8068282,museum,N/A,2025-01-26,N/A,N/A,Odisha
ChIJWZjzSX0NGToRj_wc7jbNdec,"Odisha State Maritime Museum, Cuttack",20.4789263,85.89618229999999,museum,N/A,2025-01-26,N/A,N/A,Odisha
ChIJbQrT-isTGToR-bnbzkxPKsg,Museum Of Justice,20.4856351,85.86405309999999,museum,N/A,2025-01-26,N/A,N/A,Odisha
ChIJt4yv2BfzGToRwch5Ppayd2g,Konark Sun Temple Museum,19.8911432,86.0945275,museum,N/A,2025-01-26,N/A,N/A,Odisha
ChIJs5CR9RESGToRebB0YdWEj6o,Odisha High Court Museum,20.4856478,85.8637421,museum,N/A,2025-01-26,N/A,N/A,Odisha
ChIJBY6njrsJGToRuwd2YBpox88,Acharya vihar bhubaneswar,20.2953726,85.8294416,museum,N/A,2025-01-26,N/A,N/A,Odisha
ChIJdYMTdegJGToRHQKHul0Lw7Y,Regional Science Centre Bhubaneswar (Science Park),20.2938096,85.83256229999999,museum,N/A,2025-01-26,N/A,N/A,Odisha
ChIJK0vSH4sNGToRbFFuKRI9X5M,Netaji Birth Place Museum - Cuttack,20.4700716,85.8667917,museum,N/A,2025-01-26,N/A,N/A,Odisha
ChIJFbzkaKfyGToRdurah5OPVA4,"Archeological Museum, Konark",19.8911451,86.09446989999999,museum,N/A,2025-01-26,N/A,N/A,Odisha
ChIJhfuXAeANGToRLCq7EUd-roU,Subash Chandra Bose Museum,20.4700657,85.8667881,museum,N/A,2025-01-26,N/A,N/A,Odisha
ChIJEbXxLDvEGToRzIIsfQ8o5So,Sudam Sand Art Museum,19.8461369,85.9120781,museum,N/A,2025-01-26,N/A,N/A,Odisha
ChIJgUHIu86nGToRgtBht2ldTd4,Kala Bhoomi Odisha Crafts Museum,20.2521434,85.80732929999999,museum,N/A,2025-01-26,N/A,N/A,Odisha
ChIJ9wahUWpuGToRBgkOgbd4NGY,Madhubabu Museum,20.501566,86.03308729999999,museum,N/A,2025-01-26,N/A,N/A,Odisha
ChIJn2CwdnATGToRrF4m3qxjeSs,Aquarium maritime museum,20.4789838,85.89706509999999,museum,N/A,2025-01-26,N/A,N/A,Odisha
ChIJBwAAwBoSGToReisdbRbZIN0,Anand Bhawan Museum And Learning Centre,20.4846648,85.8603962,museum,N/A,2025-01-26,N/A,N/A,Odisha
ChIJddwdp10NGToR8u4dKSshU9c,Geology Museum,20.4639054,85.8955891,museum,N/A,2025-01-26,N/A,N/A,Odisha
ChIJqzOLen2nGToRYzP548pq29Y,Smt. Nandini Satpathy Chowk,20.269209,85.8200373,museum,N/A,2025-01-26,N/A,N/A,Odisha
ChIJq6q6P2oMGToRxowfVgkDeo0,Jain Museum,20.3997485,85.8730442,museum,N/A,2025-01-26,N/A,N/A,Odisha
ChIJnQqsQAK_GToRvA9fF_D6gvk,"ଉତ୍କଳମଣି ପଣ୍ଡିତ ଗୋପବନ୍ଧୁ ଦାସ ସ୍ମାରକୀ ସଂଗ୍ରହାଳୟ,ସୁଆଣ୍ଡୋ। Utkalmani Pandit Gopabandhu Das Memorial Museum,Suando",19.9684375,85.87356249999999,museum,N/A,2025-01-26,N/A,N/A,Odisha
ChIJjQaEH0BuGToR6AXO7UIABPQ,Utkal Gaurab Madhusudan Das Memorial Museum,20.5017104,86.0327014,museum,N/A,2025-01-26,N/A,N/A,Odisha
ChIJL3xubgynGToRHpDxdrvvcwo,Gandhi Peace Center,20.2663029,85.7852023,museum,N/A,2025-01-26,N/A,N/A,Odisha
ChIJRQg6FwCnGToR59Wf-H9Q8js,Ambedkar Museum,20.2745211,85.7923148,museum,N/A,2025-01-26,N/A,N/A,Odisha
ChIJM9PBruRhGToRhzNoiK8QjSQ,Old Lalitagiri Museum,20.58885,86.25101749999999,museum,N/A,2025-01-26,N/A,N/A,Odisha
ChIJp9BaUeJhGToRY2oczxid_fo,Lalitagiri New Museum,20.5919154,86.2541523,museum,N/A,2025-01-26,N/A,N/A,Odisha
ChIJcZSYBgCfGToRF_7BG_WG_MM,Jaydev Museum,20.2185949,85.9946643,museum,N/A,2025-01-26,N/A,N/A,Odisha
ChIJDd_i1RWnGToRyghuVf-hE34,Gopinath Aytiha Kansaa Pitala Tatha Abahelita Kalakruti Sangrahalaya (Private museum),20.2550936,85.7995836,museum,N/A,2025-01-26,N/A,N/A,Odisha
ChIJn7WXfQTgGDoRgvJyxQGc68Y,Dhenkanal Science Center,20.6475619,85.597299,museum,N/A,2025-01-26,N/A,N/A,Odisha
ChIJAfY20mhdGToRk2MBnX2Yw7U,Tarapur Buddhist museum,20.7437854,86.15594949999999,museum,N/A,2025-01-26,N/A,N/A,Odisha
ChIJ8cuMPUMNGToRPeUBt_D6zQM,Netaji Subhash Chandra Bose birth place Gate,20.468781,85.8697703,museum,N/A,2025-01-26,N/A,N/A,Odisha
ChIJGcNoGKeiGToR1gIScFfw2eU,Rabi Sir Museum,20.1098198,85.9283238,museum,N/A,2025-01-26,N/A,N/A,Odisha
ChIJkzdbIQwNGToRbW4aoHOJkJk,Odisha Printing Press Museum,20.4438922,85.8962128,museum,N/A,2025-01-26,N/A,N/A,Odisha
ChIJu2Bhy9EJGToRIg_QDdDtgyg,PVTG World,20.2827255,85.8066743,museum,N/A,2025-01-26,N/A,N/A,Odisha
ChIJSasF42CrGToR8rb1SHyss8k,Radhagobinda Museum,20.1853084,85.6253121,museum,N/A,2025-01-26,N/A,N/A,Odisha
ChIJRSqYzGbhGDoRv-oj8swsPCo,"Tribal Museum, Dhenkanal",20.6488143,85.5966724,museum,N/A,2025-01-26,N/A,N/A,Odisha
ChIJ-doKSavzGToR_Ht99g-Z60E,Konark Interpretation Centre - Indian Oil Foundation,19.8872807,86.0979619,museum,N/A,2025-01-26,N/A,N/A,Odisha
ChIJV9p8h0apGToRadSnzZaHM3I,OPAG HOUSE,20.2331455,85.73857,museum,N/A,2025-01-26,N/A,N/A,Odisha
ChIJOea1BwATGToR_GMvxggtk-k,ଓଡ଼ିଶା ରାଜ୍ଯ ନୌବାଣିଜ୍ୟ ସଂଗ୍ରାହାଳୟ,20.4790553,85.89620939999999,museum,N/A,2025-01-26,N/A,N/A,Odisha
ChIJzxl8sTv7GDoRALQyH30nz6I,kusunda pokhori,20.4480909,85.4925179,museum,N/A,2025-01-26,N/A,N/A,Odisha
ChIJIY4F92EJGToRFksKmOi3il8,Pal Mansion,20.2943285,85.8472592,museum,N/A,2025-01-26,N/A,N/A,Odisha
ChIJycohawQJGToReU5Lw1DwkLY,Gopinath Metal Crafts Museum,20.3362424,85.81390569999999,museum,N/A,2025-01-26,N/A,N/A,Odisha
ChIJiVd6LwANGToRDqEq2VMkbpA,Cuttack Art gallery,20.4618117,85.8674159,museum,N/A,2025-01-26,N/A,N/A,Odisha
ChIJo2anCgANGToR8AhDoraP4Rg,Netaji Interpretetion Centre,20.4684413,85.8699133,museum,N/A,2025-01-26,N/A,N/A,Odisha
ChIJY-kJSiMTGToRi_EAcyogkBk,Zorba machine gallery,20.4787618,85.8959275,museum,N/A,2025-01-26,N/A,N/A,Odisha
ChIJA-RIGpKnGToR543bLJcH1Sg,Sculpture Garden Odisha state museum,20.2565632,85.8407927,museum,N/A,2025-01-26,N/A,N/A,Odisha
ChIJkxElbwCdGToRJF7D2TSb_cY,PRACHI HERITAGE,20.2121388,86.0144734,museum,N/A,2025-01-26,N/A,N/A,Odisha
ChIJbXoeZwDhGDoRH266CTiutXQ,Eight Scientist statues (ଆଠ ବୈଜ୍ଞାନିକଙ୍କ ପ୍ରତିମୂର୍ତ୍ତି),20.6479226,85.5966174,museum,N/A,2025-01-26,N/A,N/A,Odisha
ChIJHWpaYAOnGToRmc_Fg4Lz1J8,Zion Art Work,20.2763891,85.8042483,museum,N/A,2025-01-26,N/A,N/A,Odisha
ChIJL81qkQjHGToR_vjezTzcLxA,OM UNIVERSAL ARTS AND CRAFT,19.900169,85.8096522,museum,N/A,2025-01-26,N/A,N/A,Odisha
ChIJf7PYaKOnGToRZrOM1FJs9dA,SITE,20.2662756,85.82880759999999,museum,N/A,2025-01-26,N/A,N/A,Odisha
ChIJLV2UKwBHGDoR_43PCGW0t5U,Bijay House,19.9278488,85.4311091,museum,N/A,2025-01-26,N/A,N/A,Odisha
ChIJZS0RP-6rGToRN57tOxX0bT4,Karunamayee Memorial Newspaper Museum,20.1820441,85.6239952,museum,N/A,2025-01-26,N/A,N/A,Odisha
ChIJxV_4dfQTGToReIgaL20y19Y,Boat Shed,20.478273,85.8957932,museum,N/A,2025-01-26,N/A,N/A,Odisha
ChIJ738QewCvGToRVv7kZ6JW41E,Kalinga War Point,20.1030789,85.7074624,museum,N/A,2025-01-26,N/A,N/A,Odisha
ChIJv33hAcQJGToR6FhSMql56-Q,Sudarshan Art and Crafts Village,20.29905,85.823071,museum,N/A,2025-01-26,N/A,N/A,Odisha
ChIJJe-ffu7zGToRDkMU5Af1fcg,"Sun Dial @ Archeological Museum, Konark",19.8909329,86.0944713,museum,N/A,2025-01-26,N/A,N/A,Odisha
ChIJi_6To1MKGToRb1gQT4vTSrI,"Marble Museum- Marble Handicraft, tiles showroom granites suplier in Bhubanehswar",20.3268253,85.882937,museum,N/A,2025-01-26,N/A,N/A,Odisha
ChIJI-O4OQBDGToRLaeiL7S332I,KAYLASH BABU (HOUSE),20.6836949,86.0736261,museum,N/A,2025-01-26,N/A,N/A,Odisha
ChIJE9NTHWfHGToRqEmFzp-kewY,Raghurajpur International Art &Culture exchange,19.8854657,85.8253108,museum,N/A,2025-01-26,N/A,N/A,Odisha
ChIJq6qq2oqXyzsR6Ovd2kXV2U0,Chowmahalla Palace,17.3578233,78.4716897,attraction,N/A,2025-01-26,N/A,N/A,Telangana
ChIJBwuFeoibyzsRNwyD0X5OHaA,Hill point,17.4669105,78.5639226,attraction,N/A,2025-01-26,N/A,N/A,Telangana
ChIJx1XhK-GZyzsRgz59_QQNKS0,Hussain Sagar Lake,17.4221803,78.4744262,attraction,N/A,2025-01-26,N/A,N/A,Telangana
ChIJw0H_AOOZyzsRiCaNUk4ZBOA,Love Hyderabad Sculpture,17.4198415,78.4656979,attraction,N/A,2025-01-26,N/A,N/A,Telangana
ChIJk_CvAViXyzsRJARbEWzvR0w,Buddha Statue,17.4155657,78.474973,attraction,N/A,2025-01-26,N/A,N/A,Telangana
ChIJi0ChFSSYyzsRdnHk9Qq8hLU,Purani Haveli,17.3666724,78.4828835,attraction,N/A,2025-01-26,N/A,N/A,Telangana
ChIJ1aHM_0iTyzsRdgwt9yJzXuc,Khajaguda Lake Point,17.4239186,78.3714743,attraction,N/A,2025-01-26,N/A,N/A,Telangana
ChIJI1WvBbW9yzsRGRLpvEiipP4,Umda Sagar View-Point,17.3014146,78.45720399999999,attraction,N/A,2025-01-26,N/A,N/A,Telangana
ChIJ3UnhAdqZyzsRLmg15nWvtW8,King Kothi Palace,17.3929508,78.4808474,attraction,N/A,2025-01-26,N/A,N/A,Telangana
ChIJUcjMQO2ZyzsRqg0ZhDEGmsc,Mini Shilparamam Park - UPPAL,17.3832369,78.5566412,attraction,N/A,2025-01-26,N/A,N/A,Telangana
ChIJw0JFpl6YyzsRJtxd38oY6y8,Raymond's Tomb,17.3647651,78.5152143,attraction,N/A,2025-01-26,N/A,N/A,Telangana
ChIJWb7ImOeUyzsRHToco7R8rSU,Osman Sagar View Point,17.380668,78.3171898,attraction,N/A,2025-01-26,N/A,N/A,Telangana
ChIJlVOHr4oJyzsRG2cIAmyERMM,Ramoji Film City,17.2641373,78.6818239,attraction,N/A,2025-01-26,N/A,N/A,Telangana
ChIJPd29RKSRyzsR0y7p6aqUp6c,Rangadhamuni Lake | IDL Lake,17.4783289,78.41450119999999,attraction,N/A,2025-01-26,N/A,N/A,Telangana
ChIJwdSs98OXyzsRLZVzijq_VzQ,Deer Park,17.3486328,78.4467717,attraction,N/A,2025-01-26,N/A,N/A,Telangana
ChIJv27XO4yWyzsRl9j36JwqKw8,Bala Hissar Darwaza,17.3842008,78.4027919,attraction,N/A,2025-01-26,N/A,N/A,Telangana
ChIJMf3KaQCXyzsRv0gonz_DTQE,Malkam Cheruvu,17.4172368,78.3860065,attraction,N/A,2025-01-26,N/A,N/A,Telangana
ChIJSQhyFxmVyzsRgj9biYLrvoU,Gandipet Lake,17.3791346,78.3154416,attraction,N/A,2025-01-26,N/A,N/A,Telangana
ChIJ7zcpCqIFyzsRwiOItAMvhAc,Pallagattu Waterfalls,17.1125159,78.83622629999999,attraction,N/A,2025-01-26,N/A,N/A,Telangana
ChIJwcdsHV8LyzsR9Z9i9JYhWNc,Highway waterfalls,17.3134895,78.658198,attraction,N/A,2025-01-26,N/A,N/A,Telangana
ChIJx_BKebaWyzsRE5hMdiuKdxA,Adventure Cove,17.4185508,78.40163989999999,attraction,N/A,2025-01-26,N/A,N/A,Telangana
ChIJK8F_ltqTyzsRiDYtLm3tTGw,Lotus Rock,17.4653287,78.32289740000002,attraction,N/A,2025-01-26,N/A,N/A,Telangana
ChIJodqk_d-VyzsRLhWPHCzPIo4,Khajaguda Hills Sunrise Point,17.4098901,78.3659962,attraction,N/A,2025-01-26,N/A,N/A,Telangana
ChIJj6mupo6WyzsRWjNa1t_sdms,Golconda Fort,17.3842008,78.40190919999999,attraction,N/A,2025-01-26,N/A,N/A,Telangana
ChIJb6_lzfSXyzsRQZg0eWueMkY,Tahniyat Mahal,17.3569455,78.47158499999999,attraction,N/A,2025-01-26,N/A,N/A,Telangana
ChIJS9LLun6PyzsR-i306TwrM4M,IARE Lakeview,17.6004009,78.4197057,attraction,N/A,2025-01-26,N/A,N/A,Telangana
ChIJq6qq2o2XyzsRyMe7TMFZ6aA,Khursheed Jah Devdi,17.3583974,78.4662682,attraction,N/A,2025-01-26,N/A,N/A,Telangana
ChIJV_DfhtCWyzsR8uhYYNm5cI8,Lotus Pond,17.4136151,78.42067349999999,attraction,N/A,2025-01-26,N/A,N/A,Telangana
ChIJIYQAn02ZyzsRUPa1XnXokpo,Floating Rock Sculpture,17.3834874,78.4752804,attraction,N/A,2025-01-26,N/A,N/A,Telangana
ChIJWwy3SsaXyzsRqPRDEAz-WfE,Tiger Safari,17.3533953,78.43951349999999,attraction,N/A,2025-01-26,N/A,N/A,Telangana
ChIJgwph6USTyzsRgOnvqmdDvGY,The Turtle Building,17.456277,78.3598717,attraction,N/A,2025-01-26,N/A,N/A,Telangana
ChIJB2p2LcqPyzsRu1QnM-1Y5rA,Quary,17.5240503,78.4084626,attraction,N/A,2025-01-26,N/A,N/A,Telangana
ChIJmbvmg90FyzsRVIJsVW1szGM,Bodakonda Waterfalls,17.0741324,78.7837613,attraction,N/A,2025-01-26,N/A,N/A,Telangana
ChIJc5MqnNOVyzsRGUUEb_u2MYY,Tiger Rock,17.3667036,78.35352960000002,attraction,N/A,2025-01-26,N/A,N/A,Telangana
ChIJl8OqpACayzsRIWGgv3Q_yJI,Sanjeevaiah Children's Park,17.4320751,78.4753877,attraction,N/A,2025-01-26,N/A,N/A,Telangana
ChIJM5p53p-TyzsRtPGf_h2smBQ,Mushroom Rock,17.441077,78.33904439999999,attraction,N/A,2025-01-26,N/A,N/A,Telangana
ChIJV9AUakd1zDsR-boGl1ZAvWI,Watch tower - Urban Forest Park Narsapur,17.7200839,78.29568499999999,attraction,N/A,2025-01-26,N/A,N/A,Telangana
ChIJUQA_j0cLyzsRb-sMI2aJ-qI,Kuntala Waterfalls,17.3133718,78.6582104,attraction,N/A,2025-01-26,N/A,N/A,Telangana
ChIJP-em_4mXyzsRSxZu2f5jkUU,Gulzar Houz,17.3634322,78.4750088,attraction,N/A,2025-01-26,N/A,N/A,Telangana
ChIJ-4k1WC-TyzsRgsBzZH38cSs,The Charging Bull,17.4263504,78.3366364,attraction,N/A,2025-01-26,N/A,N/A,Telangana
ChIJf989SomXyzsRhf9IFn14Eiw,Golconda Watch Tower,17.389866,78.394897,attraction,N/A,2025-01-26,N/A,N/A,Telangana
ChIJUw1sNasLyzsRSFgtDxaIH2o,Gandi Cheruvu,17.3046396,78.6841226,attraction,N/A,2025-01-26,N/A,N/A,Telangana
ChIJ3Z5k1OaTyzsRwS1IWaLO5J0,Peacock Point,17.4546061,78.36179010000001,attraction,N/A,2025-01-26,N/A,N/A,Telangana
ChIJT9nTbMeZyzsRic4BnHshbrc,Buddha Statue - View Point,17.4148766,78.4790536,attraction,N/A,2025-01-26,N/A,N/A,Telangana
ChIJEadvQpeWyzsR9dHNyw6hS4A,Qutub Shahi Tombs,17.3955129,78.3968287,attraction,N/A,2025-01-26,N/A,N/A,Telangana
ChIJ_UUshNiQyzsRFAZAtHKvyvk,Krishna Kanth Park,17.4401416,78.430342,attraction,N/A,2025-01-26,N/A,N/A,Telangana
ChIJu9dj4oeXyzsRQaBpm0uTOzU,Salar Jung Museum,17.3716084,78.48024389999999,attraction,N/A,2025-01-26,N/A,N/A,Telangana
ChIJpRcSgY-RyzsR38Cm8etGNQg,HUDA Park,17.481004,78.393041,attraction,N/A,2025-01-26,N/A,N/A,Telangana
ChIJz-bL-YuTyzsRQIyCtFgwu6o,Mindspace Underpass,17.4393362,78.3769906,attraction,N/A,2025-01-26,N/A,N/A,Telangana
ChIJxTnoGnf5yzsR0v-i-cLJ91Q,Mehboob Sagar,17.626307,78.093702,attraction,N/A,2025-01-26,N/A,N/A,Telangana
ChIJ7-tvxx6VyzsRfP9bE9vGwEs,Khajaguda Hills - Lake View,17.4108371,78.3635627,attraction,N/A,2025-01-26,N/A,N/A,Telangana
ChIJK1MJwrWdyzsRszjuAzCrLMU,Lake view,17.4768936,78.60863049999999,attraction,N/A,2025-01-26,N/A,N/A,Telangana
ChIJZ3KrgLiXyzsRPsSWUAd8yGQ,Pigeon Spot,17.3703378,78.4688944,attraction,N/A,2025-01-26,N/A,N/A,Telangana
ChIJVVVVVRyQyzsR-Z4ePfRG-Kw,Fox Sagar Lake,17.5211292,78.4708362,attraction,N/A,2025-01-26,N/A,N/A,Telangana
ChIJh7hJ8AuEyzsRachGtObHrqY,Shamirpet Deer Park,17.600065,78.56161940000001,attraction,N/A,2025-01-26,N/A,N/A,Telangana
ChIJbcKNnIKXyzsRDf7vnVVE-H0,Gyan Bagh Palace,17.3798239,78.4657051,attraction,N/A,2025-01-26,N/A,N/A,Telangana
ChIJkYHzUSGRyzsRWX7QYyUC4_o,Durgam Cheruvu Cable Bridge,17.4317996,78.38965759999999,attraction,N/A,2025-01-26,N/A,N/A,Telangana
ChIJg2CGucOdyzsRbx7VrDE0yV4,Environment Saviour Statue,17.4937367,78.6056881,attraction,N/A,2025-01-26,N/A,N/A,Telangana
ChIJj1xQtjGbyzsR8eCmkpyvWrI,Paradise Cross road,17.4432902,78.4874663,attraction,N/A,2025-01-26,N/A,N/A,Telangana
ChIJq_MIEwDvyzsR_dEidLCiW6g,Daisy dale farm park & Resort,17.449191,78.171733,attraction,N/A,2025-01-26,N/A,N/A,Telangana
ChIJ0wkvDIqZyzsRI_Zb4e73n5Q,Beach Volleyball,17.353484,78.5436922,beaches,N/A,2025-01-26,N/A,N/A,Telangana
ChIJK1MJwrWdyzsRszjuAzCrLMU,Lake view,17.4768936,78.60863049999999,beaches,N/A,2025-01-26,N/A,N/A,Telangana
ChIJVVn5ez-nyzsRzDLCNDLCcSc,Lake View,17.2019261,78.62546069999999,beaches,N/A,2025-01-26,N/A,N/A,Telangana
ChIJ9S8josWZyzsRd6Pn5J3aiG4,Hussain Sagar View Point,17.4161054,78.48005549999999,beaches,N/A,2025-01-26,N/A,N/A,Telangana
ChIJKbvmyWa_yzsR-uXvv0P3pOI,Musi river view,17.3277398,78.3723057,beaches,N/A,2025-01-26,N/A,N/A,Telangana
ChIJCSspH3ehyzsRTWb3R1t5X8M,HAYATH NAGAR LAKE VIEW,17.3172137,78.60159139999999,beaches,N/A,2025-01-26,N/A,N/A,Telangana
ChIJWb7ImOeUyzsRHToco7R8rSU,Osman Sagar View Point,17.380668,78.3171898,beaches,N/A,2025-01-26,N/A,N/A,Telangana
ChIJ9edzbqmXyzsR5uvV5dZHR8c,Hanumant office men beach,17.4092647,78.4241819,beaches,N/A,2025-01-26,N/A,N/A,Telangana
ChIJsUIwuAuTyzsRBOIWDqBKvNA,Sand pit,17.4950177,78.3819573,beaches,N/A,2025-01-26,N/A,N/A,Telangana
ChIJRf_WRM6ZyzsRgGQocVH6XKU,Kothapet Telangana park,17.3750124,78.5460354,beaches,N/A,2025-01-26,N/A,N/A,Telangana
ChIJe0YKpbLxyzsRAOkPNZ1UH_E,Granite swimming spot,17.5707736,78.18738220000002,beaches,N/A,2025-01-26,N/A,N/A,Telangana
ChIJvUBgQ0WXyzsRCRcLikG-eV4,Lake View Park,17.4132105,78.4652466,beaches,N/A,2025-01-26,N/A,N/A,Telangana
ChIJP02oCfChyzsRw28qp1uvPRk,Home Beach Residency,17.3350927,78.57805789999999,beaches,N/A,2025-01-26,N/A,N/A,Telangana
ChIJ_1pRoFKVyzsR1smJCaBPb3w,Lake spot,17.3535262,78.3181999,beaches,N/A,2025-01-26,N/A,N/A,Telangana
ChIJC_E7dZefyzsRyuEKCuJ9YXk,Bandlaguda Lake,17.366479,78.5684315,beaches,N/A,2025-01-26,N/A,N/A,Telangana
ChIJL8gRgTG_yzsRxf6rCreEuhM,Himayath Sagar view point,17.3049985,78.36853289999999,beaches,N/A,2025-01-26,N/A,N/A,Telangana
ChIJm4SZP6WZyzsRZZg8cfnUz8s,Lingala gadda park,17.3960004,78.51056559999999,beaches,N/A,2025-01-26,N/A,N/A,Telangana
ChIJp3hOV2e_yzsRsRyHZ-5s8oM,Himayat Sagar Lake Picnic Area,17.315991,78.3704302,beaches,N/A,2025-01-26,N/A,N/A,Telangana
ChIJxRUtcGKRyzsRFBlhzfti8S4,Arena Beach Volley Ball,17.453066,78.3849767,beaches,N/A,2025-01-26,N/A,N/A,Telangana
ChIJ1WUTq_MLyzsR84ElyafgpQQ,Sandhamoni Waterfalls,17.3292534,78.7083758,waterfalls,N/A,2025-01-26,N/A,N/A,Telangana
ChIJo07YD5UPyzsRJBDwb9lQdN4,Waterfalls,17.1995625,78.7994375,waterfalls,N/A,2025-01-26,N/A,N/A,Telangana
ChIJeQrAoXDByzsRTkRXnR9tU2M,Venkatapur waterfalls,17.2467788,78.2457913,waterfalls,N/A,2025-01-26,N/A,N/A,Telangana
ChIJtXps6AkLyzsRxbmr8GFeDyM,"Antharaganga Waterfalls, Kawadipally, RR District.",17.329032,78.708323,waterfalls,N/A,2025-01-26,N/A,N/A,Telangana
ChIJ40lnFkkDyzsRxQioEFOEgSw,Ajjilapuram Waterfalls,16.9994535,78.8120642,waterfalls,N/A,2025-01-26,N/A,N/A,Telangana
ChIJ7zcpCqIFyzsRwiOItAMvhAc,Pallagattu Waterfalls,17.1125159,78.83622629999999,waterfalls,N/A,2025-01-26,N/A,N/A,Telangana
ChIJcTDMRDMLyzsRffVZxyNo9UE,Mazidpur Water Falls,17.2632005,78.71344119999999,waterfalls,N/A,2025-01-26,N/A,N/A,Telangana
ChIJmbvmg90FyzsRVIJsVW1szGM,Bodakonda Waterfalls,17.0741324,78.7837613,waterfalls,N/A,2025-01-26,N/A,N/A,Telangana
ChIJkQxDowOPyzsRkQQm6NhHttE,YUVVA Waterfalls,17.5327613,78.3847411,waterfalls,N/A,2025-01-26,N/A,N/A,Telangana
ChIJwcdsHV8LyzsR9Z9i9JYhWNc,Highway waterfalls,17.3134895,78.658198,waterfalls,N/A,2025-01-26,N/A,N/A,Telangana
ChIJk5tNK0kLyzsR03TnCU7aNw4,Anthar ganga waterfalls pond,17.3253249,78.7033088,waterfalls,N/A,2025-01-26,N/A,N/A,Telangana
ChIJAXx5DVKXyzsRYc55xoOqdH4,Musi River Waterfall,17.3475207,78.4012226,waterfalls,N/A,2025-01-26,N/A,N/A,Telangana
ChIJLenIUiaXyzsRTCkOKJDy-_M,Rajendra Nagar waterfalls,17.3475518,78.4017064,waterfalls,N/A,2025-01-26,N/A,N/A,Telangana
ChIJmaIQkaMDyzsR0_CO0kmiKpI,Bugga waterfalls,16.9978482,78.8136619,waterfalls,N/A,2025-01-26,N/A,N/A,Telangana
ChIJVfAsAz4LyzsRb35JvWTJA4A,Antharaganga waterfalls base,17.3264596,78.70672789999999,waterfalls,N/A,2025-01-26,N/A,N/A,Telangana
ChIJYfXnlgyTyzsRBXw4M2A1p18,Waterfall,17.4524741,78.37708310000001,waterfalls,N/A,2025-01-26,N/A,N/A,Telangana
ChIJI0IzrqBxyzsRc0lKxElHqA0,Chinneru river mini water falls,17.4851389,78.8124425,waterfalls,N/A,2025-01-26,N/A,N/A,Telangana
ChIJH0T7eyoDyzsRCOuB1yF7noE,Korravanitanda waterfalls,17.062705,78.7942192,waterfalls,N/A,2025-01-26,N/A,N/A,Telangana
ChIJdZ5MR0IDyzsRLwn8qLP6bzY,Bodakonda small waterfalls,17.0661259,78.772718,waterfalls,N/A,2025-01-26,N/A,N/A,Telangana
ChIJUQA_j0cLyzsRb-sMI2aJ-qI,Kuntala Waterfalls,17.3133718,78.6582104,waterfalls,N/A,2025-01-26,N/A,N/A,Telangana
ChIJx1znMbDHyzsRtMLdQUXYIPQ,Nanajipur Waterfalls,17.229798,78.2919828,waterfalls,N/A,2025-01-26,N/A,N/A,Telangana
ChIJddKAmxCXyzsRAaTrUV8LzdU,Suncity Waterfall,17.347386,78.40047729999999,waterfalls,N/A,2025-01-26,N/A,N/A,Telangana
ChIJcYlz3c0LyzsRWeUQqYl5V-U,MONSOON WATERFALLS,17.3134815,78.65846789999999,waterfalls,N/A,2025-01-26,N/A,N/A,Telangana
ChIJw1xyBCSHyzsReSDhwGKqF2w,Kshetragiri Waterfalls,17.6337737,78.5523668,waterfalls,N/A,2025-01-26,N/A,N/A,Telangana
ChIJ-UNfrvwdyzsR8T0z1g8ELOI,Gangadevi waterfalls,17.048091,78.85437379999999,waterfalls,N/A,2025-01-26,N/A,N/A,Telangana
ChIJe4wZt7INyzsRnzH4jIHxcek,Malkapur Waterfalls,17.2692478,78.7921737,waterfalls,N/A,2025-01-26,N/A,N/A,Telangana
ChIJvcNPJFQDyzsRhKQrpn32RCE,Trekking bodakonda waterfalls,17.0736186,78.7831731,waterfalls,N/A,2025-01-26,N/A,N/A,Telangana
ChIJ8yxzWNCnyzsRlgcaR0KFdVY,Akhanda Water Falls,17.2054564,78.6169001,waterfalls,N/A,2025-01-26,N/A,N/A,Telangana
ChIJA7W8RQBtyzsRo8MXTdOlcRo,Muchukunda waterfalls,17.3694375,78.9016875,waterfalls,N/A,2025-01-26,N/A,N/A,Telangana
ChIJS5XoVQC9yzsRnGh4GsYDt78,Jallpally Waterfall,17.2930609,78.458298,waterfalls,N/A,2025-01-26,N/A,N/A,Telangana
ChIJtw5-DwB7yzsROdQqUm4DEk8,Machan Pally Water Falls 🌊,17.571192,78.7743307,waterfalls,N/A,2025-01-26,N/A,N/A,Telangana
ChIJF509-zWVyzsRP7sqpMBgfE8,Water front,17.3971001,78.30400999999999,waterfalls,N/A,2025-01-26,N/A,N/A,Telangana
ChIJcail86UFyzsRn--S4PRWnnI,ROYAL RESORTS WATERFALLS,17.1101892,78.8129769,waterfalls,N/A,2025-01-26,N/A,N/A,Telangana
ChIJbWG6YrIFyzsRRASQY_VOdgU,Season greeters waterfall,17.0789729,78.83185329999999,waterfalls,N/A,2025-01-26,N/A,N/A,Telangana
ChIJFyJueQUPyzsRHSBWMy2lwIg,MALKAPUR - KOYYALAGUDEM MOUNTAIN WATER FALLS,17.2524565,78.8260809,waterfalls,N/A,2025-01-26,N/A,N/A,Telangana
ChIJFw3ieOiiyzsRjCQVuoAjQMM,Overhead Water Tank Orchid IVK,17.3008955,78.5002945,waterfalls,N/A,2025-01-26,N/A,N/A,Telangana
ChIJ8eF1WD2hyzsR8kyh6O8U9RQ,Edhulu cheruvu,17.3090461,78.63887,waterfalls,N/A,2025-01-26,N/A,N/A,Telangana
ChIJvUkI9pLFyzsRajLTCo656F0,Chandanvelly waterfalls,17.2188093,78.1688877,waterfalls,N/A,2025-01-26,N/A,N/A,Telangana
ChIJYc6y09GJyzsRPDNbLyFU6P8,Dundigal lake,17.616048,78.40971499999999,waterfalls,N/A,2025-01-26,N/A,N/A,Telangana
ChIJ36ysQDZ5yzsRKTcrvpMGeZ0,Shamirpet lake outflow waterfall,17.6237662,78.65916899999999,waterfalls,N/A,2025-01-26,N/A,N/A,Telangana
ChIJ0wDvP-6_yzsRfS87o1sCsPs,Dream Valley resort water falls,17.3060746,78.3043862,waterfalls,N/A,2025-01-26,N/A,N/A,Telangana
ChIJxTnoGnf5yzsR0v-i-cLJ91Q,Mehboob Sagar,17.626307,78.093702,waterfalls,N/A,2025-01-26,N/A,N/A,Telangana
ChIJ1_UDKDKhyzsR-93lfgsKHNg,Navisha secret pond,17.2840794,78.65651059999999,waterfalls,N/A,2025-01-26,N/A,N/A,Telangana
ChIJd3xMchgLyzsRTeBwNGiqmno,Antharaganga entry point,17.3286501,78.7080992,waterfalls,N/A,2025-01-26,N/A,N/A,Telangana
ChIJYcjn-_6PyzsRGiJ4uY1nnfk,Dundigal Lake,17.6050805,78.4208336,waterfalls,N/A,2025-01-26,N/A,N/A,Telangana
ChIJszlWnlilyzsRgKwu34A4Mxg,Raviryala Lake,17.2228297,78.50766879999999,waterfalls,N/A,2025-01-26,N/A,N/A,Telangana
ChIJy5TDg-ORyzsRtuyAXlnRwJA,Pragathi Nagar Lake,17.5106738,78.3986913,waterfalls,N/A,2025-01-26,N/A,N/A,Telangana
ChIJldekb0t1yzsRsoAyzPR_3G0,Veerappa Cheruvu,17.346953,78.6845462,waterfalls,N/A,2025-01-26,N/A,N/A,Telangana
ChIJ232xEwFvyzsR0QM01LxdJB4,Bhuvanagiri Lake,17.5112963,78.8751807,waterfalls,N/A,2025-01-26,N/A,N/A,Telangana
ChIJJS8OsVXvyzsRVG3Z2s0ZZRY,Wild Waters - Water & Amusement Theme Park - Hyderabad,17.4094858,78.1153849,waterfalls,N/A,2025-01-26,N/A,N/A,Telangana
ChIJe_GPBKOhyzsRZ1zJHr8hiDo,Koheda Gutta,17.2906638,78.6563637,waterfalls,N/A,2025-01-26,N/A,N/A,Telangana
ChIJ_UXLjSCTyzsRgKPFHocb87s,Water Court,17.4631853,78.3124947,waterfalls,N/A,2025-01-26,N/A,N/A,Telangana
ChIJo880czeHyzsRZOe1II7thoY,Medchal lake view,17.6279736,78.4843533,waterfalls,N/A,2025-01-26,N/A,N/A,Telangana
ChIJ15d0W9ODyzsRNaMkjSwGCWk,Shamirpet Lake Outflow,17.6153177,78.6105188,waterfalls,N/A,2025-01-26,N/A,N/A,Telangana
ChIJZWCRObh7yzsRC7neojHxhdw,Wadaparthy Mini DAM,17.5548085,78.8274649,waterfalls,N/A,2025-01-26,N/A,N/A,Telangana
ChIJP5wl3V4LyzsRh4FaKisAyxs,Way to Antharaganga,17.325839,78.7065599,waterfalls,N/A,2025-01-26,N/A,N/A,Telangana
ChIJX2CvmOy9yzsRpVHV6ldl1d4,Texas Rocks Valley,17.3005653,78.3932464,waterfalls,N/A,2025-01-26,N/A,N/A,Telangana
ChIJHW3AOQCTyzsRBSJAOe4eSg0,Waterfall Inside Infosys Campus,17.434991,78.34946409999999,waterfalls,N/A,2025-01-26,N/A,N/A,Telangana
ChIJq1JHl3W9yzsRzX4dZjl9PgY,Manasa hills,17.3010887,78.39258830000001,waterfalls,N/A,2025-01-26,N/A,N/A,Telangana
ChIJU5xtQ3mXyzsRJEOdc1BCwsI,Water fountain,17.409883,78.4725032,waterfalls,N/A,2025-01-26,N/A,N/A,Telangana
ChIJsY1_-Z-ZyzsRDJcvCQA7PHU,Middle park,17.4067197,78.49178979999999,parks,N/A,2025-01-26,N/A,N/A,Telangana
ChIJ91cX556YyzsRquvPx5ZFt0c,Laxmi Ganesh Nagar Park,17.3421762,78.5400672,parks,N/A,2025-01-26,N/A,N/A,Telangana
ChIJ63J3Z_WhyzsR3i3ydyvNfEw,SKD Nagar Residence Park Playground,17.3176778,78.5668849,parks,N/A,2025-01-26,N/A,N/A,Telangana
ChIJVwDEejSTyzsRoYhv6YvvJn4,Miyapur Metro Park,17.4973862,78.37635019999999,parks,N/A,2025-01-26,N/A,N/A,Telangana
ChIJqV2A5CWgyzsRgAXIIcFirjQ,Ravishanker Colony Park,17.3365691,78.6237427,parks,N/A,2025-01-26,N/A,N/A,Telangana
ChIJAeudP1GFyzsR37_HFGEQl7s,NCL Colony Park,17.5283171,78.4821254,parks,N/A,2025-01-26,N/A,N/A,Telangana
ChIJvQJ1cmeSyzsRtD5uTkZ77IY,Mythrinagar Park II,17.490794,78.346875,parks,N/A,2025-01-26,N/A,N/A,Telangana
ChIJ0R9boziNyzsRX2bHNKx5qSU,Bandari layout 7b park,17.5205244,78.3834768,parks,N/A,2025-01-26,N/A,N/A,Telangana
ChIJcSAMOo6RyzsRIB_--0xADFA,KPHB MIG Park,17.484553,78.39459889999999,parks,N/A,2025-01-26,N/A,N/A,Telangana
ChIJnzQdOa6eyzsRfMT7Kr2WbE0,Mallaiah Nagar Colony Park,17.4227515,78.57372149999999,parks,N/A,2025-01-26,N/A,N/A,Telangana
ChIJFaraWEmWyzsRz1xRYixYHHI,Pedda Talla Kunta Park,17.359897,78.42359859999999,parks,N/A,2025-01-26,N/A,N/A,Telangana
ChIJvWQ6cIubyzsRlADG9lqp7_U,Park,17.5109375,78.4942031,parks,N/A,2025-01-26,N/A,N/A,Telangana
ChIJ_9_kFa6eyzsRChqXgs1lbfo,ANUSREENAGAR PARK,17.4225193,78.5731327,parks,N/A,2025-01-26,N/A,N/A,Telangana
ChIJgUt2oHGbyzsRDEDUNmiy-6Y,Suchitra Park,17.4995065,78.4766916,parks,N/A,2025-01-26,N/A,N/A,Telangana
ChIJVUKcRl2NyzsRLZh3nvuU1Wo,Harithavanam colony Children Park,17.5465236,78.36698319999999,parks,N/A,2025-01-26,N/A,N/A,Telangana
ChIJl2hiJs2QyzsRS5NCfBN10PQ,MCH Park,17.426469,78.44376439999999,parks,N/A,2025-01-26,N/A,N/A,Telangana
ChIJG0c8TEOZyzsRCalfsCWU6Yw,Shalivahana Nagar Park,17.3751877,78.52208499999999,parks,N/A,2025-01-26,N/A,N/A,Telangana
ChIJx0t8jxaGyzsRLtESKVQalCM,N.J.R - K.L.R Park,17.6352479,78.49160839999999,parks,N/A,2025-01-26,N/A,N/A,Telangana
ChIJYQ_VhDyXyzsRDK9zXO8gztM,Pleasant Park Colony - Park 3,17.3670348,78.4194043,parks,N/A,2025-01-26,N/A,N/A,Telangana
ChIJrUHsBuGdyzsRd6s1B7StCUc,Ayyappa colony Park,17.4598076,78.6499415,parks,N/A,2025-01-26,N/A,N/A,Telangana
ChIJq77l-K6jyzsRlFs8cksspPw,Tulja Bhavani Nagar Park,17.3300724,78.5444543,parks,N/A,2025-01-26,N/A,N/A,Telangana
ChIJEZpt5faXyzsRmjfhCRxvoUs,KBR Park Jogging Track,17.4230418,78.4253355,parks,N/A,2025-01-26,N/A,N/A,Telangana
ChIJnTWIdMeeyzsRTgGZ7C8fIL8,Anjaneya Nagar Park 2,17.4090286,78.5806346,parks,N/A,2025-01-26,N/A,N/A,Telangana
ChIJuxU1MbqNyzsRqviRDgSxuc8,Nizampet Municipal Park,17.5205497,78.3833849,parks,N/A,2025-01-26,N/A,N/A,Telangana
ChIJryjUELWTyzsRgHcEWyN4F6s,FRIENDS COLONY PARK,17.501352,78.325698,parks,N/A,2025-01-26,N/A,N/A,Telangana
ChIJSX00J8yTyzsRk8pBTgW1eXA,"KTR Colony Park, Nizampet",17.5136326,78.3806863,parks,N/A,2025-01-26,N/A,N/A,Telangana
ChIJ9_wipESQyzsRvVfMl5V5hMY,Adarsh Nagar Park,17.484915,78.4463837,parks,N/A,2025-01-26,N/A,N/A,Telangana
ChIJOcF2TTahyzsRnDtSA1m9knA,PAVANAGIRI COLONY PARK (GARDEN),17.3398758,78.6016108,parks,N/A,2025-01-26,N/A,N/A,Telangana
ChIJPTR7YQeSyzsR6C-5G3j1NSE,Sri Vinayaka nagar Park,17.5145538,78.3767854,parks,N/A,2025-01-26,N/A,N/A,Telangana
ChIJEb93KiKXyzsRmWAzjMOJyMU,GHMC Park,17.4132268,78.4159885,parks,N/A,2025-01-26,N/A,N/A,Telangana
ChIJCQXvDpCNyzsRHG2oeTV0qTc,Panchatatva Park,17.5308025,78.3230912,parks,N/A,2025-01-26,N/A,N/A,Telangana
ChIJiR0JonOTyzsRYQxNAg5NgNA,GHMC Park No.13,17.4388982,78.3315781,parks,N/A,2025-01-26,N/A,N/A,Telangana
ChIJ_5Ku1keXyzsRs9MJxF_XZmY,Hilltop Colony Park,17.4141959,78.45491609999999,parks,N/A,2025-01-26,N/A,N/A,Telangana
ChIJryXJiTyUyzsRdfOPqOM3HNE,Alkapoor Township Park,17.3886647,78.3702857,parks,N/A,2025-01-26,N/A,N/A,Telangana
ChIJP7229vyRyzsRykneSM-HWCw,Durganagar Colony Park,17.4267259,78.45372569999999,parks,N/A,2025-01-26,N/A,N/A,Telangana
ChIJTdaBQe6RyzsRa-rpSJQkkoY,Addagutta Society Park,17.5001573,78.3973628,parks,N/A,2025-01-26,N/A,N/A,Telangana
ChIJUQuRUkGXyzsRFr7vKMI5uPY,Bandlaguda Jagir Municipal park,17.357441,78.3962,parks,N/A,2025-01-26,N/A,N/A,Telangana
ChIJw6QH0KyTyzsRh1H3yb35Qac,GHMC Public Park,17.4656853,78.3466029,parks,N/A,2025-01-26,N/A,N/A,Telangana
ChIJ7SY3X9mZyzsRwskXH9HGkxA,MCH Park,17.3498316,78.5060326,parks,N/A,2025-01-26,N/A,N/A,Telangana
ChIJWbIn9tWRyzsRne5YaG5FIMU,GHMC park Gafoor Nagar,17.4393876,78.3858046,parks,N/A,2025-01-26,N/A,N/A,Telangana
ChIJOfK7KgynyzsRUZojuCEyPJc,FUN PARK,17.1932453,78.6436578,parks,N/A,2025-01-26,N/A,N/A,Telangana
ChIJP61gABGTyzsRkf8QuGIOT4s,Triangular Park MANUU,17.4271799,78.3619477,parks,N/A,2025-01-26,N/A,N/A,Telangana
ChIJK8F0WgKPyzsRbjiJJMFTZKU,Captain Lakshmi Sahgal Park,17.5369499,78.39309329999999,parks,N/A,2025-01-26,N/A,N/A,Telangana
ChIJ2yL6_jyRyzsRAaQgHlDMEwY,Hilltop Lake Park,17.444062,78.41571929999999,parks,N/A,2025-01-26,N/A,N/A,Telangana
ChIJxXZsMcaYyzsRqGGt_R9HS-U,Alkapuri Park,17.3653811,78.5537756,parks,N/A,2025-01-26,N/A,N/A,Telangana
ChIJ8xucgQORyzsRBYWmPgh6QDQ,KIRANMAYEE PARK,17.4904558,78.3953761,parks,N/A,2025-01-26,N/A,N/A,Telangana
ChIJkRctId2ayzsRYwsZ9DE9BjQ,Maruthi Park,17.502008,78.51035929999999,parks,N/A,2025-01-26,N/A,N/A,Telangana
ChIJr6dlhiGXyzsR6dYaVNDvCNU,Family Park,17.3538158,78.4080603,parks,N/A,2025-01-26,N/A,N/A,Telangana
ChIJ8Q0nSrihyzsRhbFdop5vXHU,SRI KRISHNA HILLS COLONY PARK,17.3369365,78.60414109999999,parks,N/A,2025-01-26,N/A,N/A,Telangana
ChIJPRHzycWVyzsRssavGY1GiM8,Walk way to gandipet park,17.3836535,78.3168467,parks,N/A,2025-01-26,N/A,N/A,Telangana
ChIJZe78QtKWyzsRA7_hetcQNG4,Kasu Brahmanandha Reddy National Park (KBR),17.4200063,78.4230546,parks,N/A,2025-01-26,N/A,N/A,Telangana
ChIJj4YV8BuRyzsRx28A6VuLjMc,Womens and Children Park,17.4848058,78.3920578,parks,N/A,2025-01-26,N/A,N/A,Telangana
ChIJJ603X03JyzsRP5NpLoOI0cA,Freedom Park Shadnagar Municipality,17.0596341,78.2025776,parks,N/A,2025-01-26,N/A,N/A,Telangana
ChIJ5dJ0DuGfyzsRhGxwiWkz1Fs,Tree Park Keshav Nagar,17.4086432,78.58449829999999,parks,N/A,2025-01-26,N/A,N/A,Telangana
ChIJjYVQcnWXyzsRLKAjuyoJQwg,Padmanabhanagar Park,17.3912009,78.4292353,parks,N/A,2025-01-26,N/A,N/A,Telangana
ChIJZUnXoLiZyzsREcmKoC5i0s8,Sundarayya Park,17.3981978,78.4976538,parks,N/A,2025-01-26,N/A,N/A,Telangana
ChIJEYAT5Wu_yzsRvxpZ_Eziv4M,panchavati park entrance and ticket counter,17.2781252,78.3721083,parks,N/A,2025-01-26,N/A,N/A,Telangana
ChIJReXqlAmVyzsRW7oZS_PPsCU,Argentum / Aurum Park,17.3590295,78.3720881,parks,N/A,2025-01-26,N/A,N/A,Telangana
ChIJ1zAtGyiPyzsRTZkXd8g6C18,Nizampet Municipal Corporation NTR Park,17.5178927,78.3954562,parks,N/A,2025-01-26,N/A,N/A,Telangana
ChIJu-MnyvKeyzsReOukK2W0kyg,Vishwam Park,17.4110283,78.60169929999999,parks,N/A,2025-01-26,N/A,N/A,Telangana
ChIJqSkwlV2XyzsRbe8H9C_U2Qs,B.M. Birla Science Center,17.4039862,78.4694861,museum,N/A,2025-01-26,N/A,N/A,Telangana
ChIJ2XySwueZyzsRqLx0zVQp6DA,Jagdish and Kamla Mittal Museum of Indian Art,17.4063872,78.48543210000001,museum,N/A,2025-01-26,N/A,N/A,Telangana
ChIJu9dj4oeXyzsRQaBpm0uTOzU,Salar Jung Museum,17.3716084,78.48024389999999,museum,N/A,2025-01-26,N/A,N/A,Telangana
ChIJUYJZsPSWyzsRl3Bq52XEV5w,Khazana Building Archaeological Museum,17.381802,78.4075757,museum,N/A,2025-01-26,N/A,N/A,Telangana
ChIJt-t10z-XyzsRc0UlGeD-6YI,Nehru Centenary Tribal Museum,17.4030289,78.4496855,museum,N/A,2025-01-26,N/A,N/A,Telangana
ChIJ____DySYyzsRFNV1cjppAkw,The Nizam's Museum,17.3664944,78.4828496,museum,N/A,2025-01-26,N/A,N/A,Telangana
ChIJyWI-zQmZyzsRKGpm2Rh9WEM,The Art museum,17.371642,78.4805001,museum,N/A,2025-01-26,N/A,N/A,Telangana
ChIJkS8D9PqayzsRIlQdxexBkUY,EME Archives And Museum,17.4851215,78.5110388,museum,N/A,2025-01-26,N/A,N/A,Telangana
ChIJG4Lch82ZyzsRo5ddKh662Yw,Telangana State Archaeology Museum,17.3992596,78.4703147,museum,N/A,2025-01-26,N/A,N/A,Telangana
ChIJuZcNn9iZyzsRi6EWwtN2564,Archaeology and Museums Department,17.3967441,78.4751409,museum,N/A,2025-01-26,N/A,N/A,Telangana
ChIJBYopM2eXyzsRxDGsQU5S7qc,Saifabad Mint Museum,17.4094922,78.4673267,museum,N/A,2025-01-26,N/A,N/A,Telangana
ChIJXWz5hI2TyzsR0S3KXhG2CV4,hitex,17.4706081,78.3746233,museum,N/A,2025-01-26,N/A,N/A,Telangana
ChIJBeQcMJWXyzsRfXrCcadCoQg,Sudha Car Museum,17.3570362,78.4543447,museum,N/A,2025-01-26,N/A,N/A,Telangana
ChIJ3w6INQOXyzsRRXg0NdWQpdE,Health Museum,17.3993997,78.4689755,museum,N/A,2025-01-26,N/A,N/A,Telangana
ChIJp7pP4GubyzsRbsql5VLuAQs,YK Antiques Home Museum,17.4931323,78.5137111,museum,N/A,2025-01-26,N/A,N/A,Telangana
ChIJTdleoFWXyzsRZnXlTO6Qx80,Natural history museum,17.3513942,78.4504556,museum,N/A,2025-01-26,N/A,N/A,Telangana
ChIJb6_lzfSXyzsRQZg0eWueMkY,Tahniyat Mahal,17.3569455,78.47158499999999,museum,N/A,2025-01-26,N/A,N/A,Telangana
ChIJj1KOiduTyzsRjYXdFPMfr-U,Sculpture Park Shilparamam,17.4508384,78.37672069999999,museum,N/A,2025-01-26,N/A,N/A,Telangana
ChIJ5e6nH9ufyzsRYs3_SOGeXc4,Dr. William king Geological Museum,17.3638595,78.5817363,museum,N/A,2025-01-26,N/A,N/A,Telangana
ChIJWb-QWSuTyzsRzlvfAHi1Fzg,"Village Museum, Shilparamam",17.4533093,78.3766011,museum,N/A,2025-01-26,N/A,N/A,Telangana
ChIJdRF4o2mZyzsRt-sW4rOYM2w,Salar Jung Museum,17.3714534,78.480378,museum,N/A,2025-01-26,N/A,N/A,Telangana
ChIJsynRNweayzsRn8rEPY-BUGo,DoScience,17.4325392,78.4770111,museum,N/A,2025-01-26,N/A,N/A,Telangana
ChIJi0ChFSSYyzsRdnHk9Qq8hLU,Purani Haveli,17.3666724,78.4828835,museum,N/A,2025-01-26,N/A,N/A,Telangana
ChIJlYa0mdiZyzsR3FnCCn8pF1o,Centenary Heritage Museum,17.3969119,78.47566599999999,museum,N/A,2025-01-26,N/A,N/A,Telangana
ChIJg-cNMTWXyzsR-KEfhRuMbV4,Strigifo,17.4254985,78.450549,museum,N/A,2025-01-26,N/A,N/A,Telangana
ChIJF7lgEbaZyzsRmBZMwGYwHPk,Rail Museum,17.3889738,78.4989717,museum,N/A,2025-01-26,N/A,N/A,Telangana
ChIJy6_uJuj5yzsR8Vvao_XzPow,Sir C.V. RAMAN Science Museum - Sangareddy,17.6029914,78.0763893,museum,N/A,2025-01-26,N/A,N/A,Telangana
ChIJ4ZjEDACZyzsR0_bBNOPDFe0,Salar Jung Museum Entry,17.3722029,78.480614,museum,N/A,2025-01-26,N/A,N/A,Telangana
ChIJWQ7zpWCXyzsR-k7oD4Xb3Ro,Birla Planetarium,17.4034605,78.4706743,museum,N/A,2025-01-26,N/A,N/A,Telangana
ChIJo8vCjM2XyzsRAzpuzfKdoBE,Crafts Council of Telangana,17.411697,78.42902099999999,museum,N/A,2025-01-26,N/A,N/A,Telangana
ChIJUfhlJAALyzsRoPiTTWAcEXc,Butterfly Museum,17.258696,78.68214019999999,museum,N/A,2025-01-26,N/A,N/A,Telangana
ChIJg7qPYACbyzsRxbK2_qTZn_0,Knowledge Museum,17.5029463,78.5218008,museum,N/A,2025-01-26,N/A,N/A,Telangana
ChIJJ6BbAQCVyzsRRFnUYYCX8xU,OM SHANTI SPIRITUAL MUSEUM,17.3445375,78.3010304,museum,N/A,2025-01-26,N/A,N/A,Telangana
ChIJyfTwLJAJyzsRjN23L171gUk,Janaharsha dream city,17.1905181,78.6818351,museum,N/A,2025-01-26,N/A,N/A,Telangana
ChIJi6At2vSXyzsR0Q5GgA8AYfw,Aftab Mahal,17.3559013,78.4714673,museum,N/A,2025-01-26,N/A,N/A,Telangana
ChIJTxRtagCZyzsRohsmHBnzFVw,Japanese Gallery,17.3719159,78.4813084,museum,N/A,2025-01-26,N/A,N/A,Telangana
ChIJfalTneuWyzsRWrKUgCJZOdA,Sayeed Thermacol Arts Museum,17.3951711,78.40989359999999,museum,N/A,2025-01-26,N/A,N/A,Telangana
ChIJRbAzj8-ZyzsRykAFavycLL0,British Residency,17.38367,78.4869485,museum,N/A,2025-01-26,N/A,N/A,Telangana
ChIJVVVVVfLGyzsR2_2M5i6CvuM,Inner Peace Museum,17.1831772,78.21997209999999,museum,N/A,2025-01-26,N/A,N/A,Telangana
ChIJ8wYDuSGZyzsRrMJyT8C_u80,Gandhara's Sculptures,17.3710229,78.47957199999999,museum,N/A,2025-01-26,N/A,N/A,Telangana
ChIJVVXFyWaXyzsRxqyEh_xWlrs,Horticultural Department and Museum,17.3993852,78.4690227,museum,N/A,2025-01-26,N/A,N/A,Telangana
ChIJM7MEtVmZyzsRkP_r86Xm2Qc,Indian Modern Paintings Gallery,17.3713166,78.480502,museum,N/A,2025-01-26,N/A,N/A,Telangana
ChIJXc3ySJeZyzsRZg_ubTxtiY4,Parking Lot - Salarjung Museum,17.3705064,78.4800114,museum,N/A,2025-01-26,N/A,N/A,Telangana
ChIJBUvIbreZyzsRHkIGLKWNlrE,Vishwaguru Basaveshwara statue,17.4178249,78.4815211,museum,N/A,2025-01-26,N/A,N/A,Telangana
ChIJo0YveCSXyzsRJZTY0Mnxst0,Irram Manzil Palace,17.4195746,78.45490459999999,museum,N/A,2025-01-26,N/A,N/A,Telangana
ChIJfxVchWGXyzsRtIh0yGx5PPo,Moolagundam Art Gallery,17.4208595,78.4084057,museum,N/A,2025-01-26,N/A,N/A,Telangana
ChIJVzphziiYyzsRQ7NEAtwN25Q,HHEC Museum Shop,17.3714697,78.4803409,museum,N/A,2025-01-26,N/A,N/A,Telangana
ChIJ-9kUiVWZyzsRrIimiEicmvw,Chinese Gallery,17.3712896,78.48033319999999,museum,N/A,2025-01-26,N/A,N/A,Telangana
ChIJA-fHvk0NyzsRsLRonM59Vgs,Pochampally Chenetha Kala Kendram Weaving Museum,17.350054,78.8252637,museum,N/A,2025-01-26,N/A,N/A,Telangana
ChIJverL5fSXyzsRvnHuG6PNnO0,Vintage Cars & Buggies,17.3553922,78.471803,museum,N/A,2025-01-26,N/A,N/A,Telangana
ChIJ350WOQCbyzsRRGTdFScMl1A,Water & Stepwell Conservation Interpretation Centre,17.5060388,78.5193451,museum,N/A,2025-01-26,N/A,N/A,Telangana
ChIJ5QyxPLWZyzsRmDRN6tNJTvM,Ivory Carving Gallery,17.3714411,78.48069579999999,museum,N/A,2025-01-26,N/A,N/A,Telangana
ChIJ5R-IMwCTyzsRaDSrX43EvOw,Guddhu Bhayya palace,17.4503696,78.3684079,museum,N/A,2025-01-26,N/A,N/A,Telangana
ChIJ8Wo2naubyzsR0vSb80sl0P8,Rashtrapati Nilayam Bolarum,17.5046831,78.521394,museum,N/A,2025-01-26,N/A,N/A,Telangana
ChIJJZFiwQiZyzsRdlhpFcEbz7U,Telangana State Tribal Welfare Department Museum Land,17.39062,78.475439,museum,N/A,2025-01-26,N/A,N/A,Telangana
ChIJq6qq2oqXyzsR6Ovd2kXV2U0,Chowmahalla Palace,17.3578233,78.4716897,museum,N/A,2025-01-26,N/A,N/A,Telangana
ChIJV7eEFa2ZyzsR9SLQ-_yMWl0,Metal Ware Gallery,17.3712452,78.4806266,museum,N/A,2025-01-26,N/A,N/A,Telangana
ChIJBdw5qTCZyzsRbv__n8RfNOs,Indian Textile & Mughul Glass Gallery,17.3711979,78.4802694,museum,N/A,2025-01-26,N/A,N/A,Telangana
ChIJW2KiU5abyzsR9BLhF9zs5Ds,"Tourist Plaza(Interpretation Center), Bansilalpet stepwell",17.4304563,78.4935385,museum,N/A,2025-01-26,N/A,N/A,Telangana
ChIJE_CLdDSTyzsRpIHzifVXueA,KALADHARI HANDICRAFTS,17.4766758,78.3039673,museum,N/A,2025-01-26,N/A,N/A,Telangana
ChIJI6ch7qU1UzoRfwgglB4zCkI,Gingee Fort,12.2500981,79.394847,attraction,N/A,2025-01-26,N/A,N/A,Puducherry
ChIJRxZXS05jUzoR0cGpeiep9nU,Rock Mountains - Picture Spot,11.9369033,79.8363993,attraction,N/A,2025-01-26,N/A,N/A,Puducherry
ChIJSW_qs9RjUzoRmeMTilI_akg,Bharathi Park Puducherry,11.9330191,79.8341938,attraction,N/A,2025-01-26,N/A,N/A,Puducherry
ChIJoRP3A6ZjUzoRxMA1IxiNz9A,Serenity Beach,11.9733492,79.8448264,attraction,N/A,2025-01-26,N/A,N/A,Puducherry
ChIJIeb1h9ZjUzoRgdmFmre2eM0,Puducherry Museum,11.9344874,79.8348546,attraction,N/A,2025-01-26,N/A,N/A,Puducherry
ChIJJfOFaCBjUzoRIfJCm_X52q4,Rock Beach,11.9339038,79.83619569999999,attraction,N/A,2025-01-26,N/A,N/A,Puducherry
ChIJw-__5GpjUzoRtk_Ph1Yd3n8,Pondicherry french city (White Town),11.930327,79.83470799999999,attraction,N/A,2025-01-26,N/A,N/A,Puducherry
ChIJ56uR8sZjUzoR56xlgEskaiM,Pondicherry white town,11.9359032,79.8343987,attraction,N/A,2025-01-26,N/A,N/A,Puducherry
ChIJOc6XqSZhUzoRR6jdvgivc3E,Cycle Tour in Pondichéry,11.9244755,79.8098686,attraction,N/A,2025-01-26,N/A,N/A,Puducherry
ChIJvy8sWXpjUzoRek5mefwOo7M,Old Lighthouse,11.9329234,79.8357532,attraction,N/A,2025-01-26,N/A,N/A,Puducherry
ChIJrbRYK4FcUzoRYAsoMoZPSMs,"The Tiruvakkarai National Fossil Wood Park - Villupuram District, Tamil Nadu, India",12.0191112,79.6556911,attraction,N/A,2025-01-26,N/A,N/A,Puducherry
ChIJeZrIXXdjUzoRnzZYeSxKNuk,Pondy Marina View Point,11.907313,79.83085799999999,attraction,N/A,2025-01-26,N/A,N/A,Puducherry
ChIJlVORw8xhUzoRzZeKDq5cD2o,Pondy Lady Graffiti,11.9322585,79.8279287,attraction,N/A,2025-01-26,N/A,N/A,Puducherry
ChIJWVIeDwBjUzoROktqeV1lVVU,Pondy french colony,11.930412,79.834722,attraction,N/A,2025-01-26,N/A,N/A,Puducherry
ChIJj-t1PdhjUzoRbHrxXm3V1CA,Picture Spot - Outside Rue Romain Rolland,11.9270761,79.8332396,attraction,N/A,2025-01-26,N/A,N/A,Puducherry
ChIJx3OwZoYJUzoR8l-vqQml2g0,"Tamilnadu Tourism Raindrop boat house, mudaliarkuppam",12.3521387,80.0619249,attraction,N/A,2025-01-26,N/A,N/A,Puducherry
ChIJTeborSxiUzoRdVmKL5db8B8,Mahatma Gandhi Statue,11.9325599,79.8359352,attraction,N/A,2025-01-26,N/A,N/A,Puducherry
ChIJ80RdFABhUzoRqnFsEMSN5Y8,Ruby beach,11.9023022,79.82798620000001,attraction,N/A,2025-01-26,N/A,N/A,Puducherry
ChIJk4qPWfFjUzoR-cvc0ie5eqI,Serenity Beach Sunrise Point,11.9703682,79.8445236,attraction,N/A,2025-01-26,N/A,N/A,Puducherry
ChIJwzq1fa2fVDoRot5qk9TQpxU,Sandunes Paradise Beach - Tourist Spot,11.8716875,79.8179375,attraction,N/A,2025-01-26,N/A,N/A,Puducherry
ChIJX68J4bZjUzoRtBgjT4kNiJg,Puducherry Sunrise Beach,11.9460625,79.83818749999999,attraction,N/A,2025-01-26,N/A,N/A,Puducherry
ChIJVVXlpJNmUzoRKDCokH0mXdU,Auroville Matrimandir,12.0070941,79.8106322,attraction,N/A,2025-01-26,N/A,N/A,Puducherry
ChIJAwlmliBiUzoRVwQVeCYHOWI,Pondy Marina,11.913038,79.8293662,attraction,N/A,2025-01-26,N/A,N/A,Puducherry
ChIJ2djSSABnUzoRT2KFGFyVG9w,AUROVILLE,12.0010963,79.8006465,attraction,N/A,2025-01-26,N/A,N/A,Puducherry
ChIJdWrH76FjUzoRQBx5B0hG89k,Sea Beach ️,11.9365981,79.837143,attraction,N/A,2025-01-26,N/A,N/A,Puducherry
ChIJIQq4OWNhUzoR1iN1D0xeoL8,Boy graffity,11.9378808,79.82020779999999,attraction,N/A,2025-01-26,N/A,N/A,Puducherry
ChIJSWsiSIxjUzoRWNskXYdd4Aw,Nandhi Statue,11.9340977,79.8339859,attraction,N/A,2025-01-26,N/A,N/A,Puducherry
ChIJjVeTXzVjUzoRhn6MKvnhRHI,Veerampattinam Beach,11.9017439,79.8298909,attraction,N/A,2025-01-26,N/A,N/A,Puducherry
ChIJe_JAaQmjVDoR1JzTVd9-W7Y,Bamboo forest,11.7044697,79.7154984,attraction,N/A,2025-01-26,N/A,N/A,Puducherry
ChIJ_bUmrjlFUzoR4Up4VMMAoRk,Veedur Dam - TNWRD,12.0722861,79.58609009999999,attraction,N/A,2025-01-26,N/A,N/A,Puducherry
ChIJJSYvCl1jUzoRwCRSJBJq168,AK view Point,11.957495,79.8406492,attraction,N/A,2025-01-26,N/A,N/A,Puducherry
ChIJGZxhbKRhUzoR97wD4YYsnM8,Peacock mural,11.9235473,79.7873219,attraction,N/A,2025-01-26,N/A,N/A,Puducherry
ChIJjfu0YUJhUzoRVh3YuLYoTvM,Osudu lake entrance,11.9413936,79.7465385,attraction,N/A,2025-01-26,N/A,N/A,Puducherry
ChIJO_KEIKWfVDoR15c0ofgVacA,Panithittu Beach,11.8297324,79.8059045,attraction,N/A,2025-01-26,N/A,N/A,Puducherry
ChIJk9psZQBdUzoRLmwgIfTPjRQ,Thiruvakkarai Canyon,12.0261558,79.660325,attraction,N/A,2025-01-26,N/A,N/A,Puducherry
ChIJGVx9k0NhUzoRNJimxj47RCI,White Sand Beach,11.910369,79.82954579999999,attraction,N/A,2025-01-26,N/A,N/A,Puducherry
ChIJHyNdX9RjUzoRxr273LLGdWA,Arulmigu Manakula Vinayagar Devasthanam,11.9357756,79.83366219999999,attraction,N/A,2025-01-26,N/A,N/A,Puducherry
ChIJgdHZBj9hUzoRNUktoQyVpmQ,Nooradi pallam,11.9473075,79.77254990000002,attraction,N/A,2025-01-26,N/A,N/A,Puducherry
ChIJ__-_qCxiUzoR_sXy93RPrlY,Old Customs House,11.932236,79.8355393,attraction,N/A,2025-01-26,N/A,N/A,Puducherry
ChIJjw46DRJhUzoRc-V0VHSGm4E,Le Pondy Farm,11.9309863,79.74811299999999,attraction,N/A,2025-01-26,N/A,N/A,Puducherry
ChIJWaE1x8C1VDoRIOECfaCTG9w,Thermal station View point,11.586397,79.46562949999999,attraction,N/A,2025-01-26,N/A,N/A,Puducherry
ChIJi-Z2_Rc1UzoRwGBOcnTfR8M,Hill view point,12.260677,79.428392,attraction,N/A,2025-01-26,N/A,N/A,Puducherry
ChIJqyw8r18LUzoRAxLLYs0EUL4,Light House-Kadapakkam,12.2754941,80.01076429999999,attraction,N/A,2025-01-26,N/A,N/A,Puducherry
ChIJidYOFyVjUzoR-IpCbqVtyEA,Sunrise view point,11.9498194,79.83871099999999,attraction,N/A,2025-01-26,N/A,N/A,Puducherry
ChIJuaD5lSldUzoRsFqOkyFO9xs,Kalaiselvan farm land,12.004685,79.7075526,attraction,N/A,2025-01-26,N/A,N/A,Puducherry
ChIJH72vHGM5UzoRVOQ83Fb7o6M,Murugan temple,12.3109043,79.6366458,attraction,N/A,2025-01-26,N/A,N/A,Puducherry
ChIJjZVzPHNLqzsRQ1gAOEz898g,Hidden pond,11.5141152,79.349642,attraction,N/A,2025-01-26,N/A,N/A,Puducherry
ChIJ7-NP_R45UzoRRT9iFbYfi-0,Kodiyam lake,12.3230057,79.6284235,attraction,N/A,2025-01-26,N/A,N/A,Puducherry
ChIJPdT2DABhUzoRUjHiQw0iF6k,Marie oulgaret,11.9381999,79.7731917,attraction,N/A,2025-01-26,N/A,N/A,Puducherry
ChIJe3fv5ug9UzoR--fkaIpFbw4,Oodai small dam,12.3550396,79.68809320000001,attraction,N/A,2025-01-26,N/A,N/A,Puducherry
ChIJ7zGtFRiZVDoRhn0c_uoGFAg,Cuddalore OT Harbour Beach View Point,11.7075314,79.7844408,attraction,N/A,2025-01-26,N/A,N/A,Puducherry
ChIJZ6HRq5pjUzoRm_Fb6VCItAM,New Sand Beach,11.9281177,79.8351058,attraction,N/A,2025-01-26,N/A,N/A,Puducherry
ChIJ-5S1etxjUzoRSCzkwUtwQ2g,Le Capucin Hotel,11.9267291,79.833106,attraction,N/A,2025-01-26,N/A,N/A,Puducherry
ChIJzS_9toJVUzoRgT2-NHf27-k,ThennPennai River,11.8753045,79.44233849999999,attraction,N/A,2025-01-26,N/A,N/A,Puducherry
ChIJ03Or4qpjUzoRE19H6kbJuRU,Picture Spot - Outside Chitra's Cuisine,11.9276066,79.8328058,attraction,N/A,2025-01-26,N/A,N/A,Puducherry
ChIJC3uObww5UzoROjYr8K-X5uw,Salai,12.2505463,79.5795053,attraction,N/A,2025-01-26,N/A,N/A,Puducherry
ChIJyZpajH1jUzoR898J8-W66Kc,GGClicks_Pondy,11.9403193,79.8322511,attraction,N/A,2025-01-26,N/A,N/A,Puducherry
ChIJWwYq_9CpVDoRK-FqTPtWzqI,Enathirimangalam River,11.8654052,79.48429159999999,attraction,N/A,2025-01-26,N/A,N/A,Puducherry
ChIJ6Q658SO5VDoRLdyDZUBbPOk,Vadalur Ayyan Lake,11.5554178,79.5605793,attraction,N/A,2025-01-26,N/A,N/A,Puducherry
ChIJq3mKI2FjUzoRYy7vHHPzZvU,Stone Bridge,11.9718755,79.8461954,attraction,N/A,2025-01-26,N/A,N/A,Puducherry
ChIJp9QnRGqVVDoRu6U8LowXcO4,Samiyar Pettai Beach,11.5496634,79.75857359999999,beaches,N/A,2025-01-26,N/A,N/A,Puducherry
ChIJlRvv9nqfVDoRk-FXp7Uv9CE,Narambai Beach Shore,11.812107,79.8012469,beaches,N/A,2025-01-26,N/A,N/A,Puducherry
ChIJQTQq2LFzUzoR_2r_LHKzDhc,Thirtavari Beach,12.1971471,79.9717154,beaches,N/A,2025-01-26,N/A,N/A,Puducherry
ChIJ25Od7mpkUzoR-U98MtSCMCk,Bommayapalayam Beach,11.998192,79.85428259999999,beaches,N/A,2025-01-26,N/A,N/A,Puducherry
ChIJl0BD0_hhUzoR2QIHMDrjklc,DIAMOND BEACH,11.8931989,79.8272714,beaches,N/A,2025-01-26,N/A,N/A,Puducherry
ChIJDVILvIrrVDoRs9W5WhUe97U,C.Puthupettai beach,11.5166875,79.7710625,beaches,N/A,2025-01-26,N/A,N/A,Puducherry
ChIJS555GvFjUzoRQ1EsLRa_dyc,Bodhi Beach,11.9707095,79.84436269999999,beaches,N/A,2025-01-26,N/A,N/A,Puducherry
ChIJIwbMkqqVVDoRQoSN0JmlBic,Alapakkam private beach,11.6120913,79.7592743,beaches,N/A,2025-01-26,N/A,N/A,Puducherry
ChIJGVx9k0NhUzoRNJimxj47RCI,White Sand Beach,11.910369,79.82954579999999,beaches,N/A,2025-01-26,N/A,N/A,Puducherry
ChIJq_oNnCxiUzoR8fNcqLDnp_s,Promenade Beach,11.9312773,79.83580189999999,beaches,N/A,2025-01-26,N/A,N/A,Puducherry
ChIJnWdjnk9kUzoRJEKbLmb7rVM,Pondicherry University Beach,12.0138964,79.8606582,beaches,N/A,2025-01-26,N/A,N/A,Puducherry
ChIJubGaCh6ZVDoRIxkhjT4zJN4,"Silver Beach, Cuddalore",11.7395954,79.7857317,beaches,N/A,2025-01-26,N/A,N/A,Puducherry
ChIJL_gUaQNlUzoRK1d-_40KdjE,Anichankuppam Beach,12.0588175,79.88209440000001,beaches,N/A,2025-01-26,N/A,N/A,Puducherry
ChIJg6kbecuXVDoRwe3QwAibUp4,Sothikuppam beach,11.6884033,79.7740791,beaches,N/A,2025-01-26,N/A,N/A,Puducherry
ChIJDSJCZbqXVDoRmVd_w8HYKlI,Coastal area OT Beach,11.7053433,79.7866141,beaches,N/A,2025-01-26,N/A,N/A,Puducherry
ChIJk4qPWfFjUzoR-cvc0ie5eqI,Serenity Beach Sunrise Point,11.9703682,79.8445236,beaches,N/A,2025-01-26,N/A,N/A,Puducherry
ChIJpfdnmkmfVDoRwOafV8D5Qok,Paradise beach,11.8818451,79.8237982,beaches,N/A,2025-01-26,N/A,N/A,Puducherry
ChIJFyPEnauZVDoREOdSaR7wv9g,Silver Beach,11.7397673,79.7868099,beaches,N/A,2025-01-26,N/A,N/A,Puducherry
ChIJtcHcZu1xUzoREwG3BB4nvPM,French Beach,12.1493556,79.9393817,beaches,N/A,2025-01-26,N/A,N/A,Puducherry
ChIJCyVoNO1vUzoRJzz4Z5mm0fc,White Beach,12.0835957,79.8967048,beaches,N/A,2025-01-26,N/A,N/A,Puducherry
ChIJXwmQc9NjUzoRZ3Qe7iz_Rhk,Puducherry Beach,11.9353019,79.8364573,beaches,N/A,2025-01-26,N/A,N/A,Puducherry
ChIJNRgNlBKeVDoRGzpSjNVi-Tk,Paradise Beach Puducherry,11.8734501,79.8212602,beaches,N/A,2025-01-26,N/A,N/A,Puducherry
ChIJq0LqLfBjUzoRnYQwIjoQ2nY,Serenity Beach,11.9691126,79.8445907,beaches,N/A,2025-01-26,N/A,N/A,Puducherry
ChIJb2CXsBJkUzoRsfY29w1I3gk,Auroville Beach,11.9865408,79.8496571,beaches,N/A,2025-01-26,N/A,N/A,Puducherry
ChIJJfOFaCBjUzoRIfJCm_X52q4,Rock Beach,11.9339038,79.83619569999999,beaches,N/A,2025-01-26,N/A,N/A,Puducherry
ChIJB3EpP2mfVDoRkqLVaZN0Ops,Eden Beach - Blue flag Beach,11.8814318,79.8242184,beaches,N/A,2025-01-26,N/A,N/A,Puducherry
ChIJKZnOJ_9hUzoRo_d__ebNLko,Veerampattinam Beach,11.892355,79.8270246,beaches,N/A,2025-01-26,N/A,N/A,Puducherry
ChIJoRP3A6ZjUzoRxMA1IxiNz9A,Serenity Beach,11.9733492,79.8448264,beaches,N/A,2025-01-26,N/A,N/A,Puducherry
ChIJlVb26_hjUzoRrO2bzL3_K8Q,Puducherry Beach,11.9328554,79.8361243,beaches,N/A,2025-01-26,N/A,N/A,Puducherry
ChIJZ6HRq5pjUzoRm_Fb6VCItAM,New Sand Beach,11.9281177,79.8351058,beaches,N/A,2025-01-26,N/A,N/A,Puducherry
ChIJrbUiY2pkUzoR85WP97idhG8,Auro Beach,12.0003978,79.85510029999999,beaches,N/A,2025-01-26,N/A,N/A,Puducherry
ChIJ9Ws797SZVDoRxf6M6RBFcGk,Beach Cuddalore,11.7390229,79.7865937,beaches,N/A,2025-01-26,N/A,N/A,Puducherry
ChIJH5ysrgaeVDoRK--ohsTyZcA,Chinnaveerampattinam Beach,11.8827421,79.82463609999999,beaches,N/A,2025-01-26,N/A,N/A,Puducherry
ChIJHZu5ShKeVDoRlg1qK8Smhfg,RKN Beach Resort,11.8688493,79.81563280000002,beaches,N/A,2025-01-26,N/A,N/A,Puducherry
ChIJd6M9I_BjUzoRQnV-HHaEunM,Rock beach view point,11.9333249,79.835956,beaches,N/A,2025-01-26,N/A,N/A,Puducherry
ChIJjVeTXzVjUzoRhn6MKvnhRHI,Veerampattinam Beach,11.9017439,79.8298909,beaches,N/A,2025-01-26,N/A,N/A,Puducherry
ChIJ6ecoM5WVVDoRMapHWmFoPj4,Alapakkam Beach,11.5958426,79.7573767,beaches,N/A,2025-01-26,N/A,N/A,Puducherry
ChIJdwzXKh5iUzoR1vKrU0KfRKc,Uppalam Harbour Beach,11.9072614,79.829837,beaches,N/A,2025-01-26,N/A,N/A,Puducherry
ChIJdWrH76FjUzoRQBx5B0hG89k,Sea Beach ️,11.9365981,79.837143,beaches,N/A,2025-01-26,N/A,N/A,Puducherry
ChIJdfb36N9jUzoRJReAaCZsC-c,PONDY BA BEACH,11.9391031,79.8371499,beaches,N/A,2025-01-26,N/A,N/A,Puducherry
ChIJ_WX65zGZVDoR-B3cFZ7bqk8,Pudhukuppam Beach,11.7901094,79.7968405,beaches,N/A,2025-01-26,N/A,N/A,Puducherry
ChIJF9x_9U1lUzoReSYU5tzZUcs,Luna Beach,11.9938144,79.85250669999999,beaches,N/A,2025-01-26,N/A,N/A,Puducherry
ChIJTURgwCqYVDoRRa2rWXFcybw,Cuddalore O.T beach phile,11.7073755,79.7825522,beaches,N/A,2025-01-26,N/A,N/A,Puducherry
ChIJnznJ54RlUzoRWP3qrcoUXNQ,Kalapet Beach,12.0327687,79.8690012,beaches,N/A,2025-01-26,N/A,N/A,Puducherry
ChIJVVVVThtzUzoR5VfaSnSRoc0,Marakkanam Beach,12.2157855,79.9831359,beaches,N/A,2025-01-26,N/A,N/A,Puducherry
ChIJ0WdHGzGfVDoRBm4d5JLPRhM,Kingfisher beach,11.8533301,79.81348349999999,beaches,N/A,2025-01-26,N/A,N/A,Puducherry
ChIJX68J4bZjUzoRtBgjT4kNiJg,Puducherry Sunrise Beach,11.9460625,79.83818749999999,beaches,N/A,2025-01-26,N/A,N/A,Puducherry
ChIJj6PATmKVVDoR2gNMdTqWby0,Nanjai Beach,11.6128628,79.75944059999999,beaches,N/A,2025-01-26,N/A,N/A,Puducherry
ChIJ_z-yRGMLUzoRjQ9eXM3j27M,Marie Beach,12.3008994,80.0329603,beaches,N/A,2025-01-26,N/A,N/A,Puducherry
ChIJWdQ35Y2ZVDoRbNbrTesVafc,Pudukuppam star beach,11.7963639,79.7976661,beaches,N/A,2025-01-26,N/A,N/A,Puducherry
ChIJWZYc-SdvUzoRHWnEOnNLXWw,Koonimedu Beach,12.0756922,79.89259109999999,beaches,N/A,2025-01-26,N/A,N/A,Puducherry
ChIJO_KEIKWfVDoR15c0ofgVacA,Panithittu Beach,11.8297324,79.8059045,beaches,N/A,2025-01-26,N/A,N/A,Puducherry
ChIJT_M7BWRlUzoRwIdtKxeSBmA,Caribbean Beach(Periyakalapet),12.0280366,79.8672302,beaches,N/A,2025-01-26,N/A,N/A,Puducherry
ChIJIaGHQ5ljUzoRMzP00Rbc0IM,Le Bay Beach Resort,11.9732596,79.8434139,beaches,N/A,2025-01-26,N/A,N/A,Puducherry
ChIJfb4pktQLUzoRcuQeeuMZz2E,Alambarai Hidden beach,12.2813615,80.0200639,beaches,N/A,2025-01-26,N/A,N/A,Puducherry
ChIJF91DMQBvUzoR3bLs6z47N9w,Little Goa Beach,12.0806415,79.8955845,beaches,N/A,2025-01-26,N/A,N/A,Puducherry
ChIJW0sU6FVxUzoRO92bCCi-C3E,French beach,12.1548108,79.9429473,beaches,N/A,2025-01-26,N/A,N/A,Puducherry
ChIJ593GDw1kUzoRjPAGLWM4ihE,Auro beach,11.9877246,79.84990619999999,beaches,N/A,2025-01-26,N/A,N/A,Puducherry
ChIJBZmQLt-fVDoRo5GTWE-3VV8,Pudukuppam Beach - புதுக்குப்பம் கடற்கரை,11.8671252,79.8185297,beaches,N/A,2025-01-26,N/A,N/A,Puducherry
ChIJ3RIqWWVlUzoRJU11KjVQ5OY,Puthukuppam beach,12.0520563,79.87881399999999,beaches,N/A,2025-01-26,N/A,N/A,Puducherry
ChIJyZpajH1jUzoR898J8-W66Kc,GGClicks_Pondy,11.9403193,79.8322511,waterfalls,N/A,2025-01-26,N/A,N/A,Puducherry
ChIJ_-OwiBFJUzoRq9-9r5T7bMA,Nedi mozhiyanur Akkarai kali amman chinna dam,12.1519241,79.5513919,waterfalls,N/A,2025-01-26,N/A,N/A,Puducherry
ChIJcX7Ljn5DUzoR7Q2I77C-zmY,TKP Lake waterfall,12.151958,79.716872,waterfalls,N/A,2025-01-26,N/A,N/A,Puducherry
ChIJWUTnnG1RUzoRKnGToBwxibE,Ayyankovilpattu Dam,11.9698427,79.50520139999999,waterfalls,N/A,2025-01-26,N/A,N/A,Puducherry
ChIJJWagwEJhUzoRCNiESNkE_js,K K White House Puducherry Park,11.955319,79.814194,waterfalls,N/A,2025-01-26,N/A,N/A,Puducherry
ChIJC3g38dmZVDoR7hxg9Nwczt8,Dolphin Water Fountain,11.7545123,79.7626258,waterfalls,N/A,2025-01-26,N/A,N/A,Puducherry
ChIJ_ZYPV8hhUzoRRwg05TN5jG4,Dhurai aarumugam foundation,11.9557179,79.809556,waterfalls,N/A,2025-01-26,N/A,N/A,Puducherry
ChIJaxPr7z5nUzoR-ayRUfTcVUw,Sedarapet Lake,11.9911482,79.74564939999999,waterfalls,N/A,2025-01-26,N/A,N/A,Puducherry
ChIJTzcX7Ei1VDoRCkE4mnAFsTY,Neyveli Karuvetti Lake,11.5681067,79.447946,waterfalls,N/A,2025-01-26,N/A,N/A,Puducherry
ChIJ04gOxeahVDoRXajKjyWD2uQ,Viswanathapuram Reservoir Dam,11.8053314,79.6599123,waterfalls,N/A,2025-01-26,N/A,N/A,Puducherry
ChIJzbEGTFxhUzoRIBWwN6prcPY,Sundara Vinayagar Koil lake,11.9579915,79.82240809999999,waterfalls,N/A,2025-01-26,N/A,N/A,Puducherry
ChIJDboeqN5WUzoRhWAkI_tWHPY,Oorakuttai,11.9483793,79.5098428,waterfalls,N/A,2025-01-26,N/A,N/A,Puducherry
ChIJDzwSkHRhUzoRRjUyucYMcB0,Green park,11.9183774,79.8208428,waterfalls,N/A,2025-01-26,N/A,N/A,Puducherry
ChIJqbL8Mg9hUzoRh-B5MxEAj7U,Kanagan Lake,11.9367617,79.7978038,waterfalls,N/A,2025-01-26,N/A,N/A,Puducherry
ChIJTd51D2thUzoRBopxUrh-BpY,Desa Viduthalai Poratta Thiyagigal Fountain,11.9509008,79.8095262,waterfalls,N/A,2025-01-26,N/A,N/A,Puducherry
ChIJIQq4OWNhUzoR1iN1D0xeoL8,Boy graffity,11.9378808,79.82020779999999,waterfalls,N/A,2025-01-26,N/A,N/A,Puducherry
ChIJsYxeZ5GfVDoRQzndq0j_wAw,VENKATACHALAPATHY hiking area,11.818404,79.76121959999999,waterfalls,N/A,2025-01-26,N/A,N/A,Puducherry
ChIJrbRYK4FcUzoRYAsoMoZPSMs,"The Tiruvakkarai National Fossil Wood Park - Villupuram District, Tamil Nadu, India",12.0191112,79.6556911,waterfalls,N/A,2025-01-26,N/A,N/A,Puducherry
ChIJKVKxI6BhUzoR-TUA_S5AqbY,Natesan Nagar Park,11.9301999,79.80680000000001,waterfalls,N/A,2025-01-26,N/A,N/A,Puducherry
ChIJx1UJUptgUzoRIvNIa0U0vIY,Oussudu Lake,11.9419542,79.7467521,waterfalls,N/A,2025-01-26,N/A,N/A,Puducherry
ChIJk7-l702YVDoRMiI2lwJXut8,St. David Fort (RUINS),11.7386589,79.7800628,waterfalls,N/A,2025-01-26,N/A,N/A,Puducherry
ChIJq-i1tmJeUzoRiEwmN7urr9w,Gingee River,11.9540546,79.7028251,waterfalls,N/A,2025-01-26,N/A,N/A,Puducherry
ChIJcaPJrfSYVDoRDKmA4xnn4lc,Cuddalore Corporation Subbhurayalu Park,11.7549721,79.7626868,waterfalls,N/A,2025-01-26,N/A,N/A,Puducherry
ChIJcdVkhC5nUzoRn5bBFQJ9A_Q,Sadhana Forest,11.9810064,79.7766232,waterfalls,N/A,2025-01-26,N/A,N/A,Puducherry
ChIJ0XS_1dFWUzoR0Kv_PwBCSLw,Ka.Kuppam Lake,11.957643,79.50588929999999,waterfalls,N/A,2025-01-26,N/A,N/A,Puducherry
ChIJfXCuIXRXUzoRyfLXzUBPc6w,Atti,11.9371261,79.48838339999999,waterfalls,N/A,2025-01-26,N/A,N/A,Puducherry
ChIJcfGVAgBhUzoRjAYO9NHRbs4,Ofra Garden,11.8882849,79.8201816,waterfalls,N/A,2025-01-26,N/A,N/A,Puducherry
ChIJzy1A69I5UzoRXbRKVFT539I,Bharathithasanpettai,12.2423198,79.63465819999999,waterfalls,N/A,2025-01-26,N/A,N/A,Puducherry
ChIJC-aujFcLUzoRT_0iTyQb0vE,Alamparai Fort,12.2661875,80.0101875,waterfalls,N/A,2025-01-26,N/A,N/A,Puducherry
ChIJsRZknEE1UzoRPFAdnqLXfZ0,Raja Fort,12.2500385,79.39468070000001,waterfalls,N/A,2025-01-26,N/A,N/A,Puducherry
ChIJ-5S1etxjUzoRSCzkwUtwQ2g,Le Capucin Hotel,11.9267291,79.833106,waterfalls,N/A,2025-01-26,N/A,N/A,Puducherry
ChIJ1bbn9CpZUzoRYg0lKsyPm9E,Thothathri Nadhar Temple,11.9275484,79.6476046,waterfalls,N/A,2025-01-26,N/A,N/A,Puducherry
ChIJx3OwZoYJUzoR8l-vqQml2g0,"Tamilnadu Tourism Raindrop boat house, mudaliarkuppam",12.3521387,80.0619249,waterfalls,N/A,2025-01-26,N/A,N/A,Puducherry
ChIJAQAAQPOlVDoRGDp15M2Td-o,Sri Saranarayana Perumal Temple,11.7684135,79.5716814,waterfalls,N/A,2025-01-26,N/A,N/A,Puducherry
ChIJ_XEjZHthUzoRMFHSaTVGxFM,Rainbow Nagar Park,11.9419045,79.8234849,parks,N/A,2025-01-26,N/A,N/A,Puducherry
ChIJSW_qs9RjUzoRmeMTilI_akg,Bharathi Park Puducherry,11.9330191,79.8341938,parks,N/A,2025-01-26,N/A,N/A,Puducherry
ChIJjcMP6mWxVDoRvr7ThxCGiwA,Golden Jubilee Park Neyveli Township,11.6129375,79.4869375,parks,N/A,2025-01-26,N/A,N/A,Puducherry
ChIJSwFqstRjUzoR9uY_pkbcTmk,Park,11.9330575,79.8344899,parks,N/A,2025-01-26,N/A,N/A,Puducherry
ChIJI7bEGtawVDoRQVN4yVP7Lc0,JAWAHARLAL NEHRU CENTENARY PARK,11.6127616,79.51594999999999,parks,N/A,2025-01-26,N/A,N/A,Puducherry
ChIJYRTdmWJFUzoRTld-Rwzeqdg,Veedur Dam Park,12.0899333,79.56127169999999,parks,N/A,2025-01-26,N/A,N/A,Puducherry
ChIJQXgG01dgUzoR7loSs7i7ibg,Teacher's Colony Park,11.930204,79.77628,parks,N/A,2025-01-26,N/A,N/A,Puducherry
ChIJX8B_C21hUzoRXKVZ9inh-s8,Kokku Park,11.9435535,79.8088653,parks,N/A,2025-01-26,N/A,N/A,Puducherry
ChIJTy8qoVuvVDoR707I1fxtK1w,Gandhi Park,11.7724138,79.5518618,parks,N/A,2025-01-26,N/A,N/A,Puducherry
ChIJf9BTvL9hUzoR0yndCNXBja0,Health Employees Colony Park,11.9108312,79.80536479999999,parks,N/A,2025-01-26,N/A,N/A,Puducherry
ChIJH4B4uDqeVDoRJeLhKbHZBsg,Pondy Ocean Park – Amusement | Adventure & Water Theme Park | Mangrove Boating |Paradise & Eden Beach |Boat House Pondicherry,11.874134,79.7968813,parks,N/A,2025-01-26,N/A,N/A,Puducherry
ChIJeW_1aWtjUzoRY5WLvPCuKyA,Solai Nagar Park,11.9553197,79.8387288,parks,N/A,2025-01-26,N/A,N/A,Puducherry
ChIJIcC7kj9hUzoRkOXgK5_bsEQ,Kurunji Nagar Modern Park,11.9558,79.8065,parks,N/A,2025-01-26,N/A,N/A,Puducherry
ChIJFdrwe49hUzoRe5d_tqDSw-k,JIPMER Gandhi Children's Park,11.948977,79.80038560000001,parks,N/A,2025-01-26,N/A,N/A,Puducherry
ChIJp-r6j9S2VDoR9QSGmerBk_8,Neem Park,11.6040477,79.5104961,parks,N/A,2025-01-26,N/A,N/A,Puducherry
ChIJbVsoiRVXUzoRFnw0ZUUutI8,Jaganathan Nagar Park,11.9230239,79.47711129999999,parks,N/A,2025-01-26,N/A,N/A,Puducherry
ChIJwdQWa2G3VDoRVPla_O5hggU,25 Block Park,11.6041715,79.495528,parks,N/A,2025-01-26,N/A,N/A,Puducherry
ChIJaet272phUzoReNp5VTonp_Y,Rajiv Gandhi Children's Park,11.9523758,79.80917219999999,parks,N/A,2025-01-26,N/A,N/A,Puducherry
ChIJwzpo8PCYVDoRzuOoD0QTkDQ,Police Quarters Park,11.7582759,79.7717911,parks,N/A,2025-01-26,N/A,N/A,Puducherry
ChIJdxf2kJmwVDoRT37dK0x1Fmk,K.N VASUDEVAN MEMORIAL PARK,11.6348124,79.5511078,parks,N/A,2025-01-26,N/A,N/A,Puducherry
ChIJ8VnQ16VZUzoRoU49HE6AFp0,Valavanur Park,11.9207715,79.57576399999999,parks,N/A,2025-01-26,N/A,N/A,Puducherry
ChIJ9ahC7nKtrDsRqeFNpWs1ssY,Dhandapani Agricultural Park,11.9662885,79.34844919999999,parks,N/A,2025-01-26,N/A,N/A,Puducherry
ChIJD9souZiZVDoRo6gPOtBlFto,Silver Beach children park,11.7399076,79.7860472,parks,N/A,2025-01-26,N/A,N/A,Puducherry
ChIJhQg-J01HUzoRIOJ92_MGwKo,Omanthurar Park,12.2277896,79.6492428,parks,N/A,2025-01-26,N/A,N/A,Puducherry
ChIJAwAAAHS2VDoRMrkjS-yqwOU,Mother Teresa Park,11.5432364,79.4760132,parks,N/A,2025-01-26,N/A,N/A,Puducherry
ChIJeTeWLKKZVDoRNnSLgssaO74,Siruvar Poonga,11.7540662,79.7711351,parks,N/A,2025-01-26,N/A,N/A,Puducherry
ChIJg_SUMpCZVDoRNq8R4xzQc7Y,Singaravel nagar Park,11.7388959,79.7549882,parks,N/A,2025-01-26,N/A,N/A,Puducherry
ChIJ9edOHgBfUzoRjwW0JkVyUGc,Vijayalakshmi nagar park,11.9040984,79.7281778,parks,N/A,2025-01-26,N/A,N/A,Puducherry
ChIJR3dqB8uxVDoR0nRkfZuheuA,Bharathi park,11.6263845,79.5526534,parks,N/A,2025-01-26,N/A,N/A,Puducherry
ChIJ6dNq06ejVDoRn9fqDRXU95w,Kamaraj Nagar Park,11.7826817,79.673119,parks,N/A,2025-01-26,N/A,N/A,Puducherry
ChIJDdWfD-CZVDoRSMMrbp_Saz0,Dhanalakshmi nagar park,11.7416415,79.74284109999999,parks,N/A,2025-01-26,N/A,N/A,Puducherry
ChIJ_2vwLLZjUzoRWzVlPPIMuoc,Park Selvaradjalou,11.935414,79.8361644,parks,N/A,2025-01-26,N/A,N/A,Puducherry
ChIJzVgrDOBhUzoRtnZM583AYJI,Jaya Nagar Park,11.9314256,79.79214449999999,parks,N/A,2025-01-26,N/A,N/A,Puducherry
ChIJ6zSSAXRnUzoRNqzqP4az38M,Fertile east Park,12.0132375,79.8286719,parks,N/A,2025-01-26,N/A,N/A,Puducherry
ChIJoXIg58CvVDoRnwJs_gvGUDg,Park poonga,11.7779342,79.5385819,parks,N/A,2025-01-26,N/A,N/A,Puducherry
ChIJY2RoyPuzVDoR8xo6ryzmAYE,Park,11.6102237,79.46805049999999,parks,N/A,2025-01-26,N/A,N/A,Puducherry
ChIJszeccp-YVDoR_c4ZtoNFOKQ,Children's Park,11.7706365,79.74347949999999,parks,N/A,2025-01-26,N/A,N/A,Puducherry
ChIJDYHlncCxVDoRetMkogbt0dI,Sri Ram Nagar Park,11.6237616,79.55185209999999,parks,N/A,2025-01-26,N/A,N/A,Puducherry
ChIJ73ol_guVVDoRX5i3WyUFPFA,Children's park,11.5268888,79.7641627,parks,N/A,2025-01-26,N/A,N/A,Puducherry
ChIJ9cP5TqKYVDoRpb-wVuAVbkw,Children's Park,11.7746339,79.7465821,parks,N/A,2025-01-26,N/A,N/A,Puducherry
ChIJxenlwJFhUzoRvQ-MXYdAIGA,MOOLAKULAM OM SHAKTI NAGAR PARK,11.9280251,79.7704756,parks,N/A,2025-01-26,N/A,N/A,Puducherry
ChIJ42GsV6yfVDoRvxlsZBQJDwc,Anugraha Satellite Township Open Space Reserve Park,11.8487246,79.7818905,parks,N/A,2025-01-26,N/A,N/A,Puducherry
ChIJBUXFHOO3VDoR8073H3P7QKg,"Children's Park, Vadalur Municipality",11.5638869,79.5496577,parks,N/A,2025-01-26,N/A,N/A,Puducherry
ChIJi1deFsdhUzoRYF2NFWF0qHI,Walking Park,11.9553319,79.8143935,parks,N/A,2025-01-26,N/A,N/A,Puducherry
ChIJPwaqUgBlUzoRHRtmdMCdL14,Mahatma Gandhi Park,12.0207581,79.8564608,parks,N/A,2025-01-26,N/A,N/A,Puducherry
ChIJGX_pN6eZVDoRulwY4BKg58w,Anna nagar park,11.7528878,79.7722381,parks,N/A,2025-01-26,N/A,N/A,Puducherry
ChIJow3Ew8g1UzoRi_5SLmt1A7o,Raja Desing Memorial,12.3060862,79.3978433,parks,N/A,2025-01-26,N/A,N/A,Puducherry
ChIJa4OUDwBhUzoR2d3ZU74TH-o,NR Park,11.9457668,79.7903829,parks,N/A,2025-01-26,N/A,N/A,Puducherry
ChIJb9hH1uWpVDoRBa5ZY2ANcyA,Shanmuga Nadar Nagar Park,11.7942028,79.5340312,parks,N/A,2025-01-26,N/A,N/A,Puducherry
ChIJT8uDQ-qZVDoRPsy7cgkk_FY,Varadharajan Park,11.7604728,79.74904339999999,parks,N/A,2025-01-26,N/A,N/A,Puducherry
ChIJMXbsdzZjUzoRyzcwj0_JSt0,Children's Park,11.9540927,79.83267169999999,parks,N/A,2025-01-26,N/A,N/A,Puducherry
ChIJW6_ME5mZVDoR3fqOneslF2A,DEEPAN NAGAR PARK,11.7622237,79.7450233,parks,N/A,2025-01-26,N/A,N/A,Puducherry
ChIJI3noEQBlUzoRk-ifCGlZvtY,Oxygen Park,12.0213342,79.8560062,parks,N/A,2025-01-26,N/A,N/A,Puducherry
ChIJAQAAsINhUzoRTJQ1lmhD6TQ,buddha park,11.9288391,79.8219704,parks,N/A,2025-01-26,N/A,N/A,Puducherry
ChIJvzWmVgBlUzoRUcTUs9-am9E,G20 Park,12.0208384,79.8573188,parks,N/A,2025-01-26,N/A,N/A,Puducherry
ChIJh2zU0jWxVDoRKJkt6MQKnl8,Pana Square,11.6107156,79.4956816,parks,N/A,2025-01-26,N/A,N/A,Puducherry
ChIJ9Qi7lFlBUzoRoz7pUnK2u84,Montfort Park,12.2245136,79.6558678,parks,N/A,2025-01-26,N/A,N/A,Puducherry
ChIJ356mVsdnUzoRRtQqTEusNdg,Mahalaxmi Park,12.0054341,79.8143616,parks,N/A,2025-01-26,N/A,N/A,Puducherry
ChIJF7L03J1hUzoRevMVrhpGCyg,GS Park,11.9751347,79.8050379,parks,N/A,2025-01-26,N/A,N/A,Puducherry
ChIJFzZ0V6-ZVDoReUfnS1kKA58,Cuddalore Park,11.7746418,79.7646955,parks,N/A,2025-01-26,N/A,N/A,Puducherry
ChIJIeb1h9ZjUzoRgdmFmre2eM0,Puducherry Museum,11.9344874,79.8348546,museum,N/A,2025-01-26,N/A,N/A,Puducherry
ChIJKT8eRIFhUzoRgzzXyeYMElc,PUDHUVAI MUSEUM,11.9278599,79.825109,museum,N/A,2025-01-26,N/A,N/A,Puducherry
ChIJmWZp7X1hUzoREKVl61nLSnM,Mahakavi Bharathiyar Memorial Centre,11.9391574,79.832498,museum,N/A,2025-01-26,N/A,N/A,Puducherry
ChIJa0SAMeZjUzoRnHEPkvPijlY,Live Art Museum - Wow,11.9307601,79.8335841,museum,N/A,2025-01-26,N/A,N/A,Puducherry
ChIJLZt1ZNZjUzoRUnAtlTgktP0,BHARATHIDASAN MUSEUM,11.940666,79.82945339999999,museum,N/A,2025-01-26,N/A,N/A,Puducherry
ChIJDR0x12phUzoR7gXqfXfkoZ0,Dr. Abdul Kalam Puducherry Science Centre and Planetarium,11.9518808,79.80789,museum,N/A,2025-01-26,N/A,N/A,Puducherry
ChIJ2wzmt31hUzoRdtf6blC-OL4,Bharathidasan Memorial Museum,11.9391644,79.8325089,museum,N/A,2025-01-26,N/A,N/A,Puducherry
ChIJ3aK3EauZVDoRedNscG4LG4o,Cuddalore District Museum,11.755468,79.76540469999999,museum,N/A,2025-01-26,N/A,N/A,Puducherry
ChIJG_1SVdRjUzoRPcekt-gSvog,Police Museum,11.9309584,79.8348453,museum,N/A,2025-01-26,N/A,N/A,Puducherry
ChIJF16c_UZjUzoR6wkC-iNBHy4,Tribute Wall,11.932388,79.83556600000001,museum,N/A,2025-01-26,N/A,N/A,Puducherry
ChIJaXK6AvBhUzoRpAcEZJNpXaM,Arikamedu Trust,11.9012163,79.82012259999999,museum,N/A,2025-01-26,N/A,N/A,Puducherry
ChIJhWBqDABhUzoRgvS-ENAqmrM,Wildlife Art Gallery,11.9026229,79.8125615,museum,N/A,2025-01-26,N/A,N/A,Puducherry
ChIJw9OoUSZjUzoRq_K8-xeBfeE,Click art museum - pondy,11.9295488,79.8320354,museum,N/A,2025-01-26,N/A,N/A,Puducherry
ChIJK0BvRwDrVDoR5OIrvwcox5Y,Marine museum,11.491469,79.7651351,museum,N/A,2025-01-26,N/A,N/A,Puducherry
ChIJiUqnTzWrVDoRtc6lBQUOfAo,EMS Memorial .,11.8439443,79.4335376,museum,N/A,2025-01-26,N/A,N/A,Puducherry
ChIJDyzJ3W9hUzoRXJVEcYuY9Q4,Fish Aquarium in Botanical Garden,11.9288391,79.8219704,museum,N/A,2025-01-26,N/A,N/A,Puducherry
ChIJn0IJaxVDUzoR0DgYjF9lwWM,Sri Muthu Mariyamman Kovil ஸ்ரீ முத்துமாரியம்மன் கோவில் இலவம்பட்டு,12.0821812,79.7047583,museum,N/A,2025-01-26,N/A,N/A,Puducherry
ChIJpdIwGj1nUzoRJEAGbMdCnF0,Tamil Heritage Centre,12.0087751,79.8019857,museum,N/A,2025-01-26,N/A,N/A,Puducherry
ChIJFWZyMZNhUzoRsBQM9aSddcw,Arikamedu oldest building sea Port,11.8986902,79.81901119999999,museum,N/A,2025-01-26,N/A,N/A,Puducherry
ChIJYRqlEdpjUzoRA_--hKHOxjU,oviyam,11.9450276,79.83611479999999,museum,N/A,2025-01-26,N/A,N/A,Puducherry
ChIJ5QZoOJhjUzoRhTLw_OHf1D4,netaji memorial,11.9351883,79.8337578,museum,N/A,2025-01-26,N/A,N/A,Puducherry
ChIJY5zu-5yqVDoRjsyerLhe_yw,Lake,11.8689403,79.41172379999999,museum,N/A,2025-01-26,N/A,N/A,Puducherry
ChIJ1UTBRbifVDoRgZypMXkxOh4,Dr BR Ambedkar Statue,11.8428734,79.77132809999999,museum,N/A,2025-01-26,N/A,N/A,Puducherry
ChIJ03yzh5xcUzoR_8fpxt0P7CY,திருவக்கரை,12.0303382,79.65523739999999,museum,N/A,2025-01-26,N/A,N/A,Puducherry
ChIJ_UCtawCzrDsRNFw7P80Kyig,புதிய கற்கால நாகரிகம் (குகை),12.1199237,79.371099,museum,N/A,2025-01-26,N/A,N/A,Puducherry
ChIJ91GxaWZBUzoRz0-7DNt3A3M,Perumukkal cholan fort,12.201212,79.7369973,museum,N/A,2025-01-26,N/A,N/A,Puducherry
ChIJ_R2vXsJTqzsRAqZzOjAPK9M,Kadavarayar Palace,11.7461793,79.3773365,museum,N/A,2025-01-26,N/A,N/A,Puducherry
ChIJDUH1deBhUzoRUvW_zSZPx4o,ஸ்ரீ மதுரைவீரன் ஆலயம்,11.951895,79.7758169,museum,N/A,2025-01-26,N/A,N/A,Puducherry
ChIJATHp1OCtrDsRg_EBmYZxIOI,"பாறை ஓவியங்கள், அத்தியூர் திருக்கை",12.0417444,79.3547868,museum,N/A,2025-01-26,N/A,N/A,Puducherry
ChIJr8RBTxmZVDoRVr_KQcfahw4,S.S Ramasamy Padayatchiyar statue,11.7522923,79.7659205,museum,N/A,2025-01-26,N/A,N/A,Puducherry
ChIJsf7vuYCZVDoRU_gtFp_WJHk,Anna Statue,11.764475,79.7648093,museum,N/A,2025-01-26,N/A,N/A,Puducherry
ChIJSdpMZ-xmUzoRhreJqWggOuk,Savitri Bhavan,12.006458,79.804199,museum,N/A,2025-01-26,N/A,N/A,Puducherry
ChIJLV5zA75nUzoR9zLPbK7m4xo,Web Of Life design lab,11.9925,79.81877779999999,museum,N/A,2025-01-26,N/A,N/A,Puducherry
ChIJNaWNBABNUzoR1kxqekWkImo,Mandagapattu,12.107568,79.457213,museum,N/A,2025-01-26,N/A,N/A,Puducherry
ChIJxS7B3HywVDoRSqEQz0KLlis,Maaveeran Desing,11.6559804,79.5502585,museum,N/A,2025-01-26,N/A,N/A,Puducherry
ChIJr9hLQbJPUzoRmB-LF813-M0,Padaleeswarar Temple,12.1180069,79.481724,museum,N/A,2025-01-26,N/A,N/A,Puducherry
ChIJA2ut7uGzrDsR_foQvt5LEc0,Muslim's crematorium,12.1127444,79.37403499999999,museum,N/A,2025-01-26,N/A,N/A,Puducherry
ChIJp5v0XPFmUzoRTZVSxvAkOBo,SVARAM Experience - Sound Garden,12.0162253,79.8029,museum,N/A,2025-01-26,N/A,N/A,Puducherry
ChIJeY5z7v9XUzoRcKIspg5zzRk,Ambedkar Statue,11.8842234,79.51596839999999,museum,N/A,2025-01-26,N/A,N/A,Puducherry
ChIJDVEfhdVjUzoRwDQI_4qjiUU,OKIT,11.9360265,79.8302851,museum,N/A,2025-01-26,N/A,N/A,Puducherry
ChIJSW_qs9RjUzoRmeMTilI_akg,Bharathi Park Puducherry,11.9330191,79.8341938,museum,N/A,2025-01-26,N/A,N/A,Puducherry
ChIJK_K1SndzUzoRci4bbsCJruE,Shri Ayyanar Temple,12.1809272,79.9216794,museum,N/A,2025-01-26,N/A,N/A,Puducherry
ChIJ75oB7PZhUzoROB8VEXefZqs,Integrated POLICE SP OFFICE,11.949111,79.7944,museum,N/A,2025-01-26,N/A,N/A,Puducherry
ChIJF-UQKQFfUzoRF765_CsEJA0,RK ENGINEERING,11.9189477,79.7060616,museum,N/A,2025-01-26,N/A,N/A,Puducherry
ChIJ4X7RU_o1UzoRaUmdPQtgf98,Gingee Fort Ticket Counter,12.2501041,79.40209569999999,museum,N/A,2025-01-26,N/A,N/A,Puducherry
ChIJeeDG4UWnVDoR_snOmjHemFM,மாரிஅம்மன் கோவில்,11.8562231,79.59675279999999,museum,N/A,2025-01-26,N/A,N/A,Puducherry
ChIJWXmTmUWEUzcR-499qJv18Nk,Neermahal,23.5064439,91.3150465,attraction,N/A,2025-01-26,N/A,N/A,Tripura
ChIJe45EWOWZUzcRl5zGQQvnVhI,Tepania Eco Park,23.5540247,91.4505691,attraction,N/A,2025-01-26,N/A,N/A,Tripura
ChIJjab7o_jBUzcRn0rC82pxhWo,Raima Waterfall,23.8352858,91.5221414,attraction,N/A,2025-01-26,N/A,N/A,Tripura
ChIJSXxz8sqlUzcRvUZBUBd8RfA,Chabimura cave,23.5417326,91.60576309999999,attraction,N/A,2025-01-26,N/A,N/A,Tripura
ChIJ1YUaRIPsUzcRNWcaUkp45Sk,KHUMULWNG PARK,23.7942978,91.4397391,attraction,N/A,2025-01-26,N/A,N/A,Tripura
ChIJ6behSUvxUzcRIIHgWW3iN_E,View Point,23.9243983,91.29101659999999,attraction,N/A,2025-01-26,N/A,N/A,Tripura
ChIJO4xQNEvJUzcRX7XVKtwjaC8,Montang Valley,23.7694658,91.7375347,attraction,N/A,2025-01-26,N/A,N/A,Tripura
ChIJ76QwGMPBUzcRyjPdEMoeaJ8,Barmura waterfall,23.8105999,91.571918,attraction,N/A,2025-01-26,N/A,N/A,Tripura
ChIJuV7HSQBpVDcR-ydXscwFBaI,আল্লাহ চত্ত্বর মুরাদনগর,23.6389165,90.93097929999999,attraction,N/A,2025-01-26,N/A,N/A,Tripura
ChIJszHveCbzUzcR1NKn6ICXxRE,Sunset View,23.8280408,91.29365519999999,attraction,N/A,2025-01-26,N/A,N/A,Tripura
ChIJV_ZcAwCHUzcRdjtgy_1opcs,The King's Place,23.5330291,91.2837787,attraction,N/A,2025-01-26,N/A,N/A,Tripura
ChIJsVDet7X2UzcR2KuKNbWhbDA,Lichubagan,23.8746948,91.2860942,attraction,N/A,2025-01-26,N/A,N/A,Tripura
ChIJRZV4skXJUzcRZoeMH6YTka8,Views point,23.7752587,91.73794199999999,attraction,N/A,2025-01-26,N/A,N/A,Tripura
ChIJt5jGTABRUTcRe28X9y2F3yk,নিরিবিলি পরিবেশ ..,24.2696784,91.3494623,attraction,N/A,2025-01-26,N/A,N/A,Tripura
ChIJC1KXAAAhVDcR9OIwRDE4oQg,পাচাটিয়া পদ্মবিল,24.1201292,90.888644,attraction,N/A,2025-01-26,N/A,N/A,Tripura
ChIJIyyyGwDpUzcRmyHfNU2J4Kg,Green Island View point,23.891294,91.509126,attraction,N/A,2025-01-26,N/A,N/A,Tripura
ChIJAWuP7HqbUzcRoxbdzQCEQio,View Point,23.4729501,91.4087594,attraction,N/A,2025-01-26,N/A,N/A,Tripura
ChIJEf6QnVXJUzcRr5t7rIIieLQ,Nuna Cherra Buruiphang View point,23.7725942,91.73848149999999,attraction,N/A,2025-01-26,N/A,N/A,Tripura
ChIJ-62UeF2xUzcRUqOQWof6B7M,Naithau Moing tila View Point,23.5705236,91.74836479999999,attraction,N/A,2025-01-26,N/A,N/A,Tripura
ChIJyd7cDAB9VDcR0j9tFkw9AP4,বান্টি পোল,23.4550888,91.1109415,attraction,N/A,2025-01-26,N/A,N/A,Tripura
ChIJI2xxRABbUTcRB7moJUG0mWk,রাবার বাগান হবিগঞ্জ,24.2538988,91.3865264,attraction,N/A,2025-01-26,N/A,N/A,Tripura
ChIJyZtVUz6PUzcRbPR0dpCtw4I,Tourist Attraction Guide And Air/Rail Tickets,23.606145,91.34370299999999,attraction,N/A,2025-01-26,N/A,N/A,Tripura
ChIJ6_n4QialVjcRnbubuneCT_M,Bajitpur - Austagram Tourist Attractions,24.2529225,91.0248804,attraction,N/A,2025-01-26,N/A,N/A,Tripura
ChIJG_Cj8H7xUzcRbIlb_njVX_s,Laxmilunga Tea Garden,23.9288815,91.3044793,attraction,N/A,2025-01-26,N/A,N/A,Tripura
ChIJz_q8IwD1UzcRS93adfeTkOc,New dimsagar lake,23.8415152,91.2817881,attraction,N/A,2025-01-26,N/A,N/A,Tripura
ChIJYzDpMQD1UzcRoue0Vv_lb-Q,BIRDS PLANAT,23.8179521,91.2922636,attraction,N/A,2025-01-26,N/A,N/A,Tripura
ChIJh7snciWLUzcRVz-7HS89mPI,Diptanu's lake,23.7474809,91.24112319999999,attraction,N/A,2025-01-26,N/A,N/A,Tripura
ChIJjXNncQDzUzcR2jvr0nMkYQI,Uttam Roy,23.8089109,91.29035809999999,attraction,N/A,2025-01-26,N/A,N/A,Tripura
ChIJswyWWAB_VDcR-Xj135g2MRs,"সুজানগর, বখশীয়া দরবার শরীফ",23.4646675,91.19786619999999,attraction,N/A,2025-01-26,N/A,N/A,Tripura
ChIJie-NWAAFVDcRw6HRVtAX59g,স্বাধীনতার সূর্যোদয়,23.9645153,91.11259439999999,attraction,N/A,2025-01-26,N/A,N/A,Tripura
ChIJV2i2OADZUzcRKwNHRD4R_bY,Champahour,24.0616328,91.6536174,attraction,N/A,2025-01-26,N/A,N/A,Tripura
ChIJJ9UGVJy7UzcR9edWLNYn9mE,Elephant Rock Waterfall,23.584963,91.6114796,attraction,N/A,2025-01-26,N/A,N/A,Tripura
ChIJx75Sj1GZUzcRVU8G2qKnHI0,Kalyan Sagar Ghat,23.5085457,91.499186,attraction,N/A,2025-01-26,N/A,N/A,Tripura
ChIJf97oaADJUzcR497gtXdsK70,Chakmaghat Boat Ghat,23.8353713,91.68210909999999,attraction,N/A,2025-01-26,N/A,N/A,Tripura
ChIJncGUqPmTUzcRlDQvyUkbqbs,Khumchak View Point,23.681152,91.3756212,attraction,N/A,2025-01-26,N/A,N/A,Tripura
ChIJ_9fwTOjxUzcRAjKL7A8c-TI,Lembucherra Tea Garden,23.9152998,91.301563,attraction,N/A,2025-01-26,N/A,N/A,Tripura
ChIJp0JgtS-MUzcR2hkm96Ofay4,"Sepahijala Zoological Park - Sepahijala District, Tripura, India",23.6729052,91.3203298,attraction,N/A,2025-01-26,N/A,N/A,Tripura
ChIJF-ML0an2UzcRI5MAILEArkc,Nehru Park,23.853691,91.281944,attraction,N/A,2025-01-26,N/A,N/A,Tripura
ChIJiSZEdwBtVDcRX7I8ey3vfV8,ডালপা বিল,23.7283979,91.05764230000001,attraction,N/A,2025-01-26,N/A,N/A,Tripura
ChIJZ-9ncWH1UzcRm9PWjlV_r9Y,Steel Bridge,23.8470786,91.251617,attraction,N/A,2025-01-26,N/A,N/A,Tripura
ChIJu4VMxDr3UzcRibxzItqhoM4,Durgabari Tea Estate,23.9172554,91.2748043,attraction,N/A,2025-01-26,N/A,N/A,Tripura
ChIJaTwUbgCpVjcRx5xh8b_BgMA,Kandipara Kheyaghat,24.2234874,91.1224295,attraction,N/A,2025-01-26,N/A,N/A,Tripura
ChIJoX0C-q6NUzcRR6LxLsvkpA8,Kapali Para,23.7322869,91.2954913,attraction,N/A,2025-01-26,N/A,N/A,Tripura
ChIJDRiWSGuYUzcR7QsHxfeRxqA,Raj Bari Palace,23.5410625,91.5053125,attraction,N/A,2025-01-26,N/A,N/A,Tripura
ChIJS9pVPSvJUzcRHzC3dPyx6Ew,Sunset Point,23.7632971,91.73761610000001,attraction,N/A,2025-01-26,N/A,N/A,Tripura
ChIJt94_ucKlUzcRdeUHr_7KJiM,Chakrakma Mwtai Statue,23.5347837,91.60109399999999,attraction,N/A,2025-01-26,N/A,N/A,Tripura
ChIJk2WscwCVUzcRSNltbvRl4BA,Sam Valley,23.745757,91.4557291,attraction,N/A,2025-01-26,N/A,N/A,Tripura
ChIJ_7hDEgDHUzcRWhz9dvy0M54,Baishghoria,23.848398,91.6311473,attraction,N/A,2025-01-26,N/A,N/A,Tripura
ChIJy1CdFWHnUzcRqpuS5kLs2Gs,Sita Twisa Lake View point,24.0084375,91.4648125,attraction,N/A,2025-01-26,N/A,N/A,Tripura
ChIJb333QQD7UzcRTbWmue7bSzY,আমার আপনার প্রিয় গ্রাম বামুটিয়া,23.9643413,91.2953172,attraction,N/A,2025-01-26,N/A,N/A,Tripura
ChIJa47mGgCfUzcRsH5fAZctLnQ,Yaksama para train bridge,23.389794,91.5030888,attraction,N/A,2025-01-26,N/A,N/A,Tripura
ChIJZcOzJvC9UzcRWYS4djEIT0M,"BANGFAI WATERFALL (TUI_RWCHOM),Near Dewanchhara Nityabazar",23.5898402,91.5900977,attraction,N/A,2025-01-26,N/A,N/A,Tripura
ChIJv1FgLQCjUzcRw3M9mmW2TDE,Ajla Dam,23.4779626,91.5591366,attraction,N/A,2025-01-26,N/A,N/A,Tripura
ChIJD_8-LACfUzcROmPUHaJpGpM,Gangachara view point,23.4581165,91.4517963,attraction,N/A,2025-01-26,N/A,N/A,Tripura
ChIJWTdkagA_VDcR1zwp5hTyOxQ,Joynagor Bridge,23.8487468,90.8424976,attraction,N/A,2025-01-26,N/A,N/A,Tripura
ChIJAY0nESONUzcRfqjiupyC5mM,Om Tour and Cars,23.6797375,91.3557658,attraction,N/A,2025-01-26,N/A,N/A,Tripura
ChIJZehxaACZUzcRc9CBkN3fd7Q,Rahatul podder,23.5214343,91.4938861,attraction,N/A,2025-01-26,N/A,N/A,Tripura
ChIJp6wxgVnRUzcRs9UG_7-fypo,Dumala Water falls,24.0241679,91.75158979999999,attraction,N/A,2025-01-26,N/A,N/A,Tripura
ChIJWeW9cgB7VDcRzUEa7azwjw4,Tourist attraction,23.4917298,91.1347467,attraction,N/A,2025-01-26,N/A,N/A,Tripura
ChIJiWcqSwDJUzcREt5oP77aeo0,Valley View Point,23.8231998,91.6985863,attraction,N/A,2025-01-26,N/A,N/A,Tripura
ChIJoUXz8Z6JUzcREDFyNFrvSlk,Kamthana Beach,23.6541106,91.2149203,beaches,N/A,2025-01-26,N/A,N/A,Tripura
ChIJSQ7CLiAPVDcR9YoK3iBFVI0,Mini Cox's Bazar,23.8822153,91.1255293,beaches,N/A,2025-01-26,N/A,N/A,Tripura
ChIJAwnVCgAFVDcRHVswKAxk52Y,Mini Sea Beach,23.9969967,91.10929519999999,beaches,N/A,2025-01-26,N/A,N/A,Tripura
ChIJsVDet7X2UzcR2KuKNbWhbDA,Lichubagan,23.8746948,91.2860942,beaches,N/A,2025-01-26,N/A,N/A,Tripura
ChIJ05CE22M5VDcR4v2C_30ces8,ULU Beach,23.8529518,90.8120659,beaches,N/A,2025-01-26,N/A,N/A,Tripura
ChIJ4a3E-EF_VDcR_GW8N1NJKg0,Sea beach of comilla,23.4647423,91.1794964,beaches,N/A,2025-01-26,N/A,N/A,Tripura
ChIJG5NjbTY7VDcRE1O-1mVhWCo,Local river beach,23.8769566,90.8285329,beaches,N/A,2025-01-26,N/A,N/A,Tripura
ChIJU5zo8vfhUzcRXeOG5L1ANmw,Satchari National Park,24.1246454,91.4445892,beaches,N/A,2025-01-26,N/A,N/A,Tripura
ChIJ1YUaRIPsUzcRNWcaUkp45Sk,KHUMULWNG PARK,23.7942978,91.4397391,beaches,N/A,2025-01-26,N/A,N/A,Tripura
ChIJmemeOwFFVDcR_7VB5AZBApQ,Lemfor beach,23.5968898,90.80337610000001,beaches,N/A,2025-01-26,N/A,N/A,Tripura
ChIJa1LznGL1UzcRYOUtODY49Uc,Bay of Agartala,23.828115,91.2727551,beaches,N/A,2025-01-26,N/A,N/A,Tripura
ChIJM1fyzrUXVDcRKc5JOE7OuV8,দড়িলাপাং Dorilapang Beach,23.9071517,90.93997809999999,beaches,N/A,2025-01-26,N/A,N/A,Tripura
ChIJdeNYCymPUzcRUBn19hZjMmk,Shipahijala Naukaghat,23.6561393,91.29885,beaches,N/A,2025-01-26,N/A,N/A,Tripura
ChIJ43f0BQBlVDcRDlwb_bn6vH8,কোড়ের পাড়- (sea beach),23.4870252,91.0434081,beaches,N/A,2025-01-26,N/A,N/A,Tripura
ChIJ04OEL5AJVDcRX2ajOK41w7M,তিতাস মিনি কক্সবাজার,23.8789169,91.2008515,beaches,N/A,2025-01-26,N/A,N/A,Tripura
ChIJn0G-Gg70UzcR6R9a31uM-y0,"Shri Jagannath Temple, Agartala",23.8363174,91.28059350000001,beaches,N/A,2025-01-26,N/A,N/A,Tripura
ChIJkQbJzyLyUzcRGH956ntR1qI,Fourteen Gods' and Goddesses' Temple,23.8414504,91.34519619999999,beaches,N/A,2025-01-26,N/A,N/A,Tripura
ChIJO3Rwfq2ZUzcR8J3hUxCcd18,Tripura Sundari (Shakti Peeth) Temple,23.5090455,91.49827259999999,beaches,N/A,2025-01-26,N/A,N/A,Tripura
ChIJ72JPSDwRVDcRDfxAPq505sI,গাজির কান্দি মিনি সি-বীচ,23.9493268,90.984647,beaches,N/A,2025-01-26,N/A,N/A,Tripura
ChIJRzZhUM0dVDcRy3WhB-qsPUc,Sonarampur Island,24.0467071,91.0037711,beaches,N/A,2025-01-26,N/A,N/A,Tripura
ChIJM2rRVZzYUzcR0a2eGHMNhmo,Rema Kalenga Reserved Forest,24.129051,91.6255654,beaches,N/A,2025-01-26,N/A,N/A,Tripura
ChIJR4lnefqVUzcRO3y1yltBh8I,Tiprajwk Namm,23.7081351,91.4500848,beaches,N/A,2025-01-26,N/A,N/A,Tripura
ChIJZcOzJvC9UzcRWYS4djEIT0M,"BANGFAI WATERFALL (TUI_RWCHOM),Near Dewanchhara Nityabazar",23.5898402,91.5900977,waterfalls,N/A,2025-01-26,N/A,N/A,Tripura
ChIJ76QwGMPBUzcRyjPdEMoeaJ8,Barmura waterfall,23.8105999,91.571918,waterfalls,N/A,2025-01-26,N/A,N/A,Tripura
ChIJp6wxgVnRUzcRs9UG_7-fypo,Dumala Water falls,24.0241679,91.75158979999999,waterfalls,N/A,2025-01-26,N/A,N/A,Tripura
ChIJjab7o_jBUzcRn0rC82pxhWo,Raima Waterfall,23.8352858,91.5221414,waterfalls,N/A,2025-01-26,N/A,N/A,Tripura
ChIJOWoT8029UzcRs-Pn0cllS0k,Budum Budum Tiyari - Waterfall,23.6450053,91.52329759999999,waterfalls,N/A,2025-01-26,N/A,N/A,Tripura
ChIJC97wgADBUzcR34oXyN6J0Z4,Hot topic waterfall,23.7896184,91.55409569999999,waterfalls,N/A,2025-01-26,N/A,N/A,Tripura
ChIJJc7TVFSpUzcRZ6kLuKZj6s8,Jhor jhoria waterfall,23.4353873,91.7112762,waterfalls,N/A,2025-01-26,N/A,N/A,Tripura
ChIJJ9UGVJy7UzcR9edWLNYn9mE,Elephant Rock Waterfall,23.584963,91.6114796,waterfalls,N/A,2025-01-26,N/A,N/A,Tripura
ChIJEX-_miTXUzcRUYG78YUajfY,Way to Tokbak khor waterfall,24.1290504,91.7133968,waterfalls,N/A,2025-01-26,N/A,N/A,Tripura
ChIJl1t4-IvXUzcRJcoXR_Wj5yQ,Tayung Tuku Waterfall,24.067224,91.7494112,waterfalls,N/A,2025-01-26,N/A,N/A,Tripura
ChIJWx8MLgC_UzcRvZCTWW17ekM,Leon waterfall,23.7428999,91.55674409999999,waterfalls,N/A,2025-01-26,N/A,N/A,Tripura
ChIJbSTgMvGlUzcRhM_4rA8owpg,Kolsi water falls (Ngâthup),23.5604318,91.6044115,waterfalls,N/A,2025-01-26,N/A,N/A,Tripura
ChIJcb4KbQCvUzcRuXRhCQPuPU0,Gamako waterfall,23.5339869,91.7010724,waterfalls,N/A,2025-01-26,N/A,N/A,Tripura
ChIJD6b33CPPUzcRGs-uAaHGG7o,Atharomura waterfall,23.910333,91.7324519,waterfalls,N/A,2025-01-26,N/A,N/A,Tripura
ChIJ8ResQsDNUzcRMjtnVPRJkJY,Mahadev Tila water fall,23.8872694,91.7667153,waterfalls,N/A,2025-01-26,N/A,N/A,Tripura
ChIJ2zmfV9K_UzcR4sPVX24wFt0,Robokva Twin Falls,23.7378796,91.5865189,waterfalls,N/A,2025-01-26,N/A,N/A,Tripura
ChIJM2rRVZzYUzcR0a2eGHMNhmo,Rema Kalenga Reserved Forest,24.129051,91.6255654,waterfalls,N/A,2025-01-26,N/A,N/A,Tripura
ChIJfRHdJwD3UzcR-G3HKclvwsI,GSpot View Point,23.914189,91.28716,waterfalls,N/A,2025-01-26,N/A,N/A,Tripura
ChIJabDwVXvBUzcR_vRpSRgNKTU,BARAMURA ECO PARK,23.8187371,91.5832765,waterfalls,N/A,2025-01-26,N/A,N/A,Tripura
ChIJETAQK6r2UzcR9U0v1pe8YwY,Heritage Park,23.8565449,91.2849114,parks,N/A,2025-01-26,N/A,N/A,Tripura
ChIJxdP99SPxUzcRy7HauryLq00,Kumari Tilla Jogging Park,23.8550624,91.2912302,parks,N/A,2025-01-26,N/A,N/A,Tripura
ChIJ1YUaRIPsUzcRNWcaUkp45Sk,KHUMULWNG PARK,23.7942978,91.4397391,parks,N/A,2025-01-26,N/A,N/A,Tripura
ChIJge_o-AH0UzcRLTlo6h3H-ag,Rabindra Kanan,23.8526433,91.2842718,parks,N/A,2025-01-26,N/A,N/A,Tripura
ChIJaVS4F8v3UzcRQnbtxShqwho,Kunjaban Township South Park,23.8586518,91.2885342,parks,N/A,2025-01-26,N/A,N/A,Tripura
ChIJm8PkTobzUzcRlr2CjYIsQCU,Night View Point,23.8277813,91.29257869999999,parks,N/A,2025-01-26,N/A,N/A,Tripura
ChIJi6AOpy5_VDcRg6SD1NZCmjo,Cumilla City Park,23.4670732,91.1788694,parks,N/A,2025-01-26,N/A,N/A,Tripura
ChIJ44QRw6v2UzcRn8kfTTZVFOo,Heritage Park Parking Area,23.8573511,91.2849957,parks,N/A,2025-01-26,N/A,N/A,Tripura
ChIJF-ML0an2UzcRI5MAILEArkc,Nehru Park,23.853691,91.281944,parks,N/A,2025-01-26,N/A,N/A,Tripura
ChIJNxTpapjzUzcRsvZrA-Bsgog,Binay Badal Dinesh Park,23.8160389,91.3069883,parks,N/A,2025-01-26,N/A,N/A,Tripura
ChIJneb9nIf1UzcRvuVXIuT5WjM,Gopal Park,23.833221,91.273652,parks,N/A,2025-01-26,N/A,N/A,Tripura
ChIJe45EWOWZUzcRl5zGQQvnVhI,Tepania Eco Park,23.5540247,91.4505691,parks,N/A,2025-01-26,N/A,N/A,Tripura
ChIJKS1KMN2ZUzcRJlqq-RJTG3A,Police Line Park,23.5546667,91.46453249999999,parks,N/A,2025-01-26,N/A,N/A,Tripura
ChIJ-1mvJSPsUzcRnzJKY69LUD0,Knowledge Park,23.8409414,91.42129589999999,parks,N/A,2025-01-26,N/A,N/A,Tripura
ChIJDwiYED_3UzcR_bUSsKT7_IU,Oxygen Park,23.8817821,91.2872179,parks,N/A,2025-01-26,N/A,N/A,Tripura
ChIJabDwVXvBUzcR_vRpSRgNKTU,BARAMURA ECO PARK,23.8187371,91.5832765,parks,N/A,2025-01-26,N/A,N/A,Tripura
ChIJR64rbpIFVDcRaZUnXcsp8hg,Obokash Park (Faruque Park),23.9632619,91.11255949999999,parks,N/A,2025-01-26,N/A,N/A,Tripura
ChIJ2xFfT0f0UzcReAu1JmFZD50,Dashamighat Children's Park,23.8284834,91.2644396,parks,N/A,2025-01-26,N/A,N/A,Tripura
ChIJxTFLqg30UzcRiP0Nhp7yiGA,Children's Park Ground,23.8325369,91.2816678,parks,N/A,2025-01-26,N/A,N/A,Tripura
ChIJbZTMcQ70UzcRd-hIKvg69l0,Rajbari Lake Garden,23.8360168,91.281127,parks,N/A,2025-01-26,N/A,N/A,Tripura
ChIJU6Ic8ZGBUzcRN2F3eAVEjz0,Hassan Park,23.4444128,91.2723209,parks,N/A,2025-01-26,N/A,N/A,Tripura
ChIJMTFI5mb1UzcRqRDPhDUq7FE,Chatra Sangha Lake Park,23.8406081,91.27312789999999,parks,N/A,2025-01-26,N/A,N/A,Tripura
ChIJ26tI6ctlVDcR-Vw-Kw79hlM,Eco Park,23.4782166,91.0019236,parks,N/A,2025-01-26,N/A,N/A,Tripura
ChIJw2Zm-6bzUzcRfRGoU8UxA2Y,Bankumari Park,23.816041,91.30698919999999,parks,N/A,2025-01-26,N/A,N/A,Tripura
ChIJCTjY8zv1UzcRfzGDfIiUWBg,Uma park,23.836042,91.2842534,parks,N/A,2025-01-26,N/A,N/A,Tripura
ChIJz5nesf-jVjcRNy8iBYjzYEM,Chatirchar Water Park Mini Ratargul,24.2807725,90.9628245,parks,N/A,2025-01-26,N/A,N/A,Tripura
ChIJc0W0rRN3VDcRjoT04SZJs-Y,Village Park,23.6228882,91.2119431,parks,N/A,2025-01-26,N/A,N/A,Tripura
ChIJM2rRVZzYUzcR0a2eGHMNhmo,Rema Kalenga Reserved Forest,24.129051,91.6255654,parks,N/A,2025-01-26,N/A,N/A,Tripura
ChIJn2ApZoLzUzcRZTyUFPjF3tc,Geetabitan,23.846132,91.3474251,parks,N/A,2025-01-26,N/A,N/A,Tripura
ChIJn3TEJyIXVDcRoXlYIs8ZJJY,"মনমোহন পাবলিক পার্ক, নবীনগর। Mono Mohan Public Park, Nbainagar.",23.8881678,90.97157860000002,parks,N/A,2025-01-26,N/A,N/A,Tripura
ChIJ23sY1YbzUzcRxAR0AvlQyIY,Purba Banamalipur Dighi,23.8320425,91.28914540000001,parks,N/A,2025-01-26,N/A,N/A,Tripura
ChIJmzZgjPEFVDcRG1LX5YcWrPM,Alamgir Riverview Park,24.0100716,91.12018359999999,parks,N/A,2025-01-26,N/A,N/A,Tripura
ChIJ_83BTwAVVDcRuf52rDBtYTw,GREEN PARK,23.8234167,90.92588889999999,parks,N/A,2025-01-26,N/A,N/A,Tripura
ChIJyysCJACVUzcRocpadXwn22E,Chatto Park,23.7383205,91.4869856,parks,N/A,2025-01-26,N/A,N/A,Tripura
ChIJtcGdiDL7UzcR4O2jfygT7_U,Malanchapur Picnic Park,23.9875714,91.35139989999999,parks,N/A,2025-01-26,N/A,N/A,Tripura
ChIJTQ3CUkX9UzcRZuh_l1Vz18o,𝐇𝐚𝐟𝐞𝐳 𝐊𝐚𝐦𝐚𝐥 𝐔𝐝𝐝𝐢𝐧 𝐟𝐮𝐭𝐮𝐫𝐞 𝐩𝐚𝐫𝐤,24.1080112,91.3002119,parks,N/A,2025-01-26,N/A,N/A,Tripura
ChIJAy3-mAmhVjcR16eAfCqteZ8,Kunapara park,24.1799795,90.9143781,parks,N/A,2025-01-26,N/A,N/A,Tripura
ChIJv9n4vLIXVDcRCDHVOl0XkB8,সোবহান Park গোপাল পুর,23.8625956,90.9381313,parks,N/A,2025-01-26,N/A,N/A,Tripura
ChIJ3QX4DACZUzcRGTX5txwDfoE,"Jagannath Dighi Park , Udaipur",23.5360406,91.489953,parks,N/A,2025-01-26,N/A,N/A,Tripura
ChIJkwUW40CYUzcRcwm13Y-onEM,Olympic Park,23.5391437,91.4983987,parks,N/A,2025-01-26,N/A,N/A,Tripura
ChIJ3-RNMbT2UzcRwyXx75jelYc,Abul Kalam Azad Forest Tripura,23.8735376,91.2851744,parks,N/A,2025-01-26,N/A,N/A,Tripura
ChIJX05oL_31UzcRCrj0YB9cZaQ,Arundhauti Nagar Children's Park,23.8157189,91.2628568,parks,N/A,2025-01-26,N/A,N/A,Tripura
ChIJ4-1eiRzsUzcRIQ-BI1TuPm8,10 Battalion TSR Park,23.847009,91.4316274,parks,N/A,2025-01-26,N/A,N/A,Tripura
ChIJu7d2LGH1UzcRqSPcuV1Tm08,Mangalik Sanskritic Park,23.8336523,91.2704682,parks,N/A,2025-01-26,N/A,N/A,Tripura
ChIJD4pL-6TxUzcRMXlZmrv8Xnk,Bamboo Park,23.8849867,91.3354615,parks,N/A,2025-01-26,N/A,N/A,Tripura
ChIJcZgpa16NUzcRcX4EmUQEw_Q,"The Clouded Leopard National Park - Tripura, India",23.6689578,91.3193991,parks,N/A,2025-01-26,N/A,N/A,Tripura
ChIJa1LznGL1UzcRYOUtODY49Uc,Bay of Agartala,23.828115,91.2727551,parks,N/A,2025-01-26,N/A,N/A,Tripura
ChIJkQd-TS1hUTcRFeIYxzbPAKY,Greenland Park,24.230848,91.5686966,parks,N/A,2025-01-26,N/A,N/A,Tripura
ChIJM4MIVc71UzcR1yofcA4X66w,Triangular Park,23.8142183,91.2702083,parks,N/A,2025-01-26,N/A,N/A,Tripura
ChIJUQZrKsylUzcR7Dcob9dT6Tw,Amarpur Park,23.5205724,91.6536617,parks,N/A,2025-01-26,N/A,N/A,Tripura
ChIJK0qyJNL2UzcRIdktc-ZrozQ,CPWD Flower Garden,23.8907456,91.284877,parks,N/A,2025-01-26,N/A,N/A,Tripura
ChIJsdIr00vZUzcRguy4PThpceI,Gonjaran Sishu Udyan A Children's park,24.0815382,91.6130014,parks,N/A,2025-01-26,N/A,N/A,Tripura
ChIJ7xjPFEWYUzcRGxWCiGwQEv4,Swami Vivekananda Children Park,23.5317516,91.49306299999999,parks,N/A,2025-01-26,N/A,N/A,Tripura
ChIJbbLBEn_FUzcRJHpl1v2bYmM,Totabari Park,23.9072793,91.61919019999999,parks,N/A,2025-01-26,N/A,N/A,Tripura
ChIJV3z6Z_MFVDcR1KV58a_r_aU,Talukdar-bari park,24.0098125,91.1206875,parks,N/A,2025-01-26,N/A,N/A,Tripura
ChIJZyjobiBfVDcRPvYarH8fNl8,Esha Pritul Park Kalakopa,23.4266928,90.84665539999999,parks,N/A,2025-01-26,N/A,N/A,Tripura
ChIJuZl8HGuRUzcRcp0DjvvzFTw,Rwngthang Eco Park,23.5942536,91.3925593,parks,N/A,2025-01-26,N/A,N/A,Tripura
ChIJXSELMZHjUzcRbuuNfQQYxY4,Satchari National Park Guest Rest House,24.1280401,91.44150979999999,parks,N/A,2025-01-26,N/A,N/A,Tripura
ChIJ-Xk6Is8fVDcRtnDt8eV8kxk,ভৈরব পৌর পার্ক Bhairab municipal park,24.0549057,90.97930129999999,parks,N/A,2025-01-26,N/A,N/A,Tripura
ChIJawD5bQD3UzcRbmAu-cKl3uM,Hirapur Shesho park,23.8564955,91.2385752,parks,N/A,2025-01-26,N/A,N/A,Tripura
ChIJ6_YZOwz0UzcRcOPdYJRYpuA,Tripura State Museum,23.837288,91.2827282,museum,N/A,2025-01-26,N/A,N/A,Tripura
ChIJpVpFv6cmVDcRn6SjMSFrG4Y,Wari Bateshwar Citadel Open Air Museum,24.0927539,90.82544039999999,museum,N/A,2025-01-26,N/A,N/A,Tripura
ChIJc5m2P131UzcRA76yAAgvU28,Ujjayanta Palace,23.8373503,91.2827128,museum,N/A,2025-01-26,N/A,N/A,Tripura
ChIJzVYrrn9-VDcRKvOM4e8Nn-Q,Mainamati Museum,23.4235625,91.13718750000001,museum,N/A,2025-01-26,N/A,N/A,Tripura
ChIJBxtPUQpHVDcRg3rWM2j1ua8,মুক্তিযুদ্ধ স্মৃতিস্তম্ভ হোমনা,23.7346468,90.79476939999999,museum,N/A,2025-01-26,N/A,N/A,Tripura
ChIJzQtDaI30UzcRB4vxjO7uD9Q,Science City Agartala,23.7946279,91.27115479999999,museum,N/A,2025-01-26,N/A,N/A,Tripura
ChIJ002SOEmZUzcR-7LcAaO9gao,Udaipur Science Centre,23.5493586,91.49558119999999,museum,N/A,2025-01-26,N/A,N/A,Tripura
ChIJH4Uk_Cp5VDcRKfLGTcj4OoY,Kaliajury Shaheed Minar,23.4758481,91.17159819999999,museum,N/A,2025-01-26,N/A,N/A,Tripura
ChIJC_fJf10nVDcRn-V7alHD7-s,বটেশ্বর জাদুঘর,24.0861088,90.82192769999999,museum,N/A,2025-01-26,N/A,N/A,Tripura
ChIJyaSTSqgnVDcRgw0bV-3cf9I,উয়ারি দূর্গনগর জাদুঘর,24.0969975,90.8242003,museum,N/A,2025-01-26,N/A,N/A,Tripura
ChIJg49sOn2ZUzcR3_5RMvM4fTY,Sub Regional Science Centre,23.5433336,91.49446429999999,museum,N/A,2025-01-26,N/A,N/A,Tripura
ChIJMeQgO75FVDcRd2VAgJ1_V1M,ঐচার চর,23.6251512,90.81334389999999,museum,N/A,2025-01-26,N/A,N/A,Tripura
ChIJP_3n5pwFVDcRyGFdwNw9Bog,Brahmanbaria museum,23.9640162,91.1108778,museum,N/A,2025-01-26,N/A,N/A,Tripura
ChIJx8dOGR9DVDcROQIiOEh7ZP8,আলীর চর কেন্দ্রীয় ঈদগাহ,23.6444278,90.8662653,museum,N/A,2025-01-26,N/A,N/A,Tripura
ChIJL-jxegB_VDcR8H3VmK8xa4Q,rajabari,23.4593894,91.17836059999999,museum,N/A,2025-01-26,N/A,N/A,Tripura
ChIJIW65hnQNVDcRwfhW0WAgCyw,পাগল শাহ্ মাজার শরীফ,23.8158257,91.0635599,museum,N/A,2025-01-26,N/A,N/A,Tripura
ChIJw2T-Z68nVDcRfRIq4_Gv6Kc,Gangariddhi Museum-Bateshwar,24.08688,90.81938,museum,N/A,2025-01-26,N/A,N/A,Tripura
ChIJD7Wd_yAZVDcReu2WvdNTk6A,The door of Mina Bari,24.0375268,90.95547309999999,museum,N/A,2025-01-26,N/A,N/A,Tripura
ChIJTyxE4Ll9VDcRPVpSr8euoxw,Colonel Mura,23.4397103,91.12918619999999,museum,N/A,2025-01-26,N/A,N/A,Tripura
ChIJKf92J6kRVDcRp8G4vnYIdTo,সেমন্ত রাজার মঠ,23.8938574,91.025504,museum,N/A,2025-01-26,N/A,N/A,Tripura
ChIJvXGQFwATVDcRIPx1FTYaBZQ,দয়ালবাবা হযরত ফিরোজ শাহ মাজার,23.81279,90.987707,museum,N/A,2025-01-26,N/A,N/A,Tripura
ChIJB65P2SqWUzcR_G7sAjzLm20,Gunapada Memorial Hall,23.6141693,91.5187015,museum,N/A,2025-01-26,N/A,N/A,Tripura
ChIJRUrLJeiLUzcRuMmQnsorpLc,Murabari Graveyard,23.6769553,91.27033639999999,museum,N/A,2025-01-26,N/A,N/A,Tripura
ChIJY2GjDABvVDcRBBDhB-4G7OU,হোসেনপুর হাফিজিয়া মাদরাসা ও এতিমখানা,23.5734946,91.0333096,museum,N/A,2025-01-26,N/A,N/A,Tripura
ChIJoSeRfqMJVDcRID4gQ11q0Es,Abdul mannan Bhuiyan villa,23.8657048,91.155889,museum,N/A,2025-01-26,N/A,N/A,Tripura
ChIJo69z8JoDVDcRz3BiLzZrkSc,Bitghar Sadullahbari,24.0643992,91.0809144,museum,N/A,2025-01-26,N/A,N/A,Tripura
ChIJxyKp4wPZUzcR2zuwAYyo7os,Khowai rihapbeliti center,24.0569833,91.6095454,museum,N/A,2025-01-26,N/A,N/A,Tripura
ChIJGz0xJqldUTcRcoank80e5XI,Moddo Lakuripara koborstan,24.2655097,91.50524399999999,museum,N/A,2025-01-26,N/A,N/A,Tripura
ChIJ6-Vf5NR9VDcRYNCzuQGDB0s,"রমিজ উদ্দিন সমাধি,Romiz uddin grave",23.4191714,91.0996806,museum,N/A,2025-01-26,N/A,N/A,Tripura
ChIJJcajSiYLVDcRp_dvWTiT9f0,অনন্তখলা মসজিদ,23.769713,91.1735836,museum,N/A,2025-01-26,N/A,N/A,Tripura
ChIJBQQesEJ_VDcRz4FUozrSwm0,RHR,23.4604979,91.1805822,museum,N/A,2025-01-26,N/A,N/A,Tripura
ChIJsQxNboQLVDcRxxonjE0029k,সুইজ গেইট,23.8352207,91.20918139999999,museum,N/A,2025-01-26,N/A,N/A,Tripura
ChIJswKbNq5nVDcR3G0u3wJn5l4,নাওতলা পশ্চিম উত্তর পাড়া বাইতুল মামুর জামে মসজিদ,23.5040613,90.9230177,museum,N/A,2025-01-26,N/A,N/A,Tripura
ChIJ8UiLJf4bVDcRm-qYG7h9i34,Ashuganj Shaheed Minar,24.0367574,91.00931560000001,museum,N/A,2025-01-26,N/A,N/A,Tripura
ChIJfWYs2OxZVDcRoPSyjC_H5zQ,মালিগাঁও উত্তর পাড়া মৃধা বাড়ি জামে মসজিদ,23.4406271,90.8003368,museum,N/A,2025-01-26,N/A,N/A,Tripura
ChIJndacIACrVjcRN6A66oNf_uI,নাসির নগর পশ্চিম পাড়া শান্তি নগর,24.1957594,91.1953145,museum,N/A,2025-01-26,N/A,N/A,Tripura
ChIJt72bd3XfUzcRmk00PRyja-s,"SIYAM AHEMD,,,চিটবল",24.1002885,91.5385007,museum,N/A,2025-01-26,N/A,N/A,Tripura
ChIJ9zNZTwBdUTcRFyfEN8zZlIs,অর্ক হাসান,24.2329264,91.5154134,museum,N/A,2025-01-26,N/A,N/A,Tripura
ChIJbSRzAACpVjcR4DYdTpPVoUw,"আবুবক্কার ছিদ্দিক, তামিম ইকবাল",24.1963515,91.0776908,museum,N/A,2025-01-26,N/A,N/A,Tripura
ChIJ1wd66oF_VDcRgz8VzQjzR3M,"Central Shahid Minar,Sujanagar.",23.465095,91.1987412,museum,N/A,2025-01-26,N/A,N/A,Tripura
ChIJl94tFst1VDcRRfRhDyHd0Jw,Kullah Patthor Sahid Minar,23.6863431,91.1757905,museum,N/A,2025-01-26,N/A,N/A,Tripura
ChIJy4v-tp9fVDcRVlQEPUT_R7Q,Gazi Shahin Museum,23.4602973,90.8477394,museum,N/A,2025-01-26,N/A,N/A,Tripura
ChIJrZV3MjIZVDcRiGVew_RX8Nk,Birshrestha Shaheed Flight Lieutenant Matiur Rahman Library and Memorial Museum,24.0406554,90.9556521,museum,N/A,2025-01-26,N/A,N/A,Tripura
ChIJ0z3NtS9xVDcR8V1NNzZ6Q9k,পূর্ণমিত পশ্চিম পাড়া জামে মসজিদ ( তল্লা,23.5813443,91.114131,museum,N/A,2025-01-26,N/A,N/A,Tripura
ChIJCy-yk1aBUzcR-e-Stu43qGI,চাষাপাড়া পশ্চিমপাড়া বাইতুন নূর জামে মসজিদ,23.3974875,91.2188906,museum,N/A,2025-01-26,N/A,N/A,Tripura
ChIJqSbkEkZlVDcRrXiKIGJk0XY,মা-মনি কুটিরশিল্প,23.4874745,91.00545389999999,museum,N/A,2025-01-26,N/A,N/A,Tripura
ChIJtYbvaOpxVDcRMQsqMbsyfHo,সাইফ নকশা ঘর শাহজালাল সাইচাপাড়া,23.5907463,91.06253459999999,museum,N/A,2025-01-26,N/A,N/A,Tripura
ChIJK0I_IlokVDcRc0hG-y-4OLI,জানখারটেক বৌদ্ধ বিহার,24.0055467,90.80211729999999,museum,N/A,2025-01-26,N/A,N/A,Tripura
ChIJ9QZlDpEbVDcR0Ox-3gDF1A4,দামচাইল জামে মসজিদ,23.9750919,91.0422682,museum,N/A,2025-01-26,N/A,N/A,Tripura
ChIJIRiR-f89VDcRchbWWKMjyFE,Kalipur,23.9405477,90.87585299999999,museum,N/A,2025-01-26,N/A,N/A,Tripura
ChIJIQ4TCVojVDcR6Y9P1XjrHtU,Jahangir nagar West village,24.0140457,90.8615756,museum,N/A,2025-01-26,N/A,N/A,Tripura
ChIJvXMxRgB_VDcRN7LXgL0pqB8,Cumilla Dharmasagar Museum,23.4672417,91.18004719999999,museum,N/A,2025-01-26,N/A,N/A,Tripura
ChIJA59Htjd8VDcRfA70IpAuAIs,হাতিগাড়া মুড়া,23.4354385,91.1173945,museum,N/A,2025-01-26,N/A,N/A,Tripura
ChIJq-cKc8IPVDcRgqfbGh1YezI,হাবলাউচ্চ আল-ফালাহ জামে মসজিদ,23.9017972,91.1160574,museum,N/A,2025-01-26,N/A,N/A,Tripura
ChIJxwLRid1_VDcRuMJYt-5JmZg,Field Marshal Slim's Underground Command Post of WWII,23.4498326,91.18466219999999,museum,N/A,2025-01-26,N/A,N/A,Tripura
ChIJYY3rN4AlVDcRPqabYr9UUjk,যোশর উত্তরপাড়া ঈদগাহ মাঠ,24.033615,90.8188567,museum,N/A,2025-01-26,N/A,N/A,Tripura
ChIJ31GlcIMJVDcRhFTbDXN3Q0c,Ali Mahmed,23.8634758,91.20490459999999,museum,N/A,2025-01-26,N/A,N/A,Tripura
ChIJFcM7waRBVDcReygwQav8Zjs,বালুয়াকান্দি দক্ষিণ পাড়া,23.7044644,90.8679974,museum,N/A,2025-01-26,N/A,N/A,Tripura
ChIJAazoVJwJVDcRETlWQFvqxAs,চিনাইর আলাকপুর কবরস্থান,23.8998796,91.15137849999999,museum,N/A,2025-01-26,N/A,N/A,Tripura
ChIJd86IJQ1_VDcRxuu6ZNg8VEM,"রেডিয়েন্ট ফিস ওয়াল্ড, কক্সবাজার এর কুমিল্লা অফিস",23.4588325,91.18036169999999,museum,N/A,2025-01-26,N/A,N/A,Tripura
ChIJazcmmWd7UDcRyW0H2iulSAc,Laitlum Canyon,25.4488074,91.9089724,attraction,N/A,2025-01-26,N/A,N/A,Meghalaya
ChIJ6SKWbPKBWjcRh7JOWIFtE1g,Umiam Lake,25.669844,91.9010187,attraction,N/A,2025-01-26,N/A,N/A,Meghalaya
ChIJPa7dJMZ-UDcR6gWIGKC-euk,Lady Hydari Park,25.5659286,91.8819635,attraction,N/A,2025-01-26,N/A,N/A,Meghalaya
ChIJVfNVS0OHUDcRkI3aTsUkW0s,"Elephant Falls, Shillong",25.5375374,91.8225513,attraction,N/A,2025-01-26,N/A,N/A,Meghalaya
ChIJ____a5vyUDcRn0AyXbPO8cM,Double Decker Living Root Bridge,25.25126,91.6719691,attraction,N/A,2025-01-26,N/A,N/A,Meghalaya
ChIJge8tuAGfUDcRtTANBsQGmt8,Kyllang Rock,25.6034705,91.5582653,attraction,N/A,2025-01-26,N/A,N/A,Meghalaya
ChIJAbe69mvzUDcRxDndPGOkKJk,Mawsmai Cave,25.2445707,91.7240877,attraction,N/A,2025-01-26,N/A,N/A,Meghalaya
ChIJhxNzp75vUDcRIgY0LMqSXfI,Laitlum View Point,25.4492615,91.9101945,attraction,N/A,2025-01-26,N/A,N/A,Meghalaya
ChIJuRopMyx8UDcRbW81XhM7TKM,"Shillong View Point, Laitkor Peak",25.5473644,91.87497169999999,attraction,N/A,2025-01-26,N/A,N/A,Meghalaya
ChIJ767JbwDzUDcRqcaa2f19UlQ,Kynrem falls,25.2272466,91.7166567,attraction,N/A,2025-01-26,N/A,N/A,Meghalaya
ChIJI_VD1-GBWjcRpV83QN0utuk,Umiam Lake Viewpoint,25.6511877,91.894055,attraction,N/A,2025-01-26,N/A,N/A,Meghalaya
ChIJPUb9hF6HUDcRVZEQDlrhwWE,Air Force Museum,25.5366563,91.82739889999999,attraction,N/A,2025-01-26,N/A,N/A,Meghalaya
ChIJ____C-Z-UDcRbRXi2qkWkSo,Don Bosco Museum,25.5928183,91.88274539999999,attraction,N/A,2025-01-26,N/A,N/A,Meghalaya
ChIJqXtbYk6PUDcRyC5_qoEFng8,Khasi Heritage Village,25.4483136,91.7482236,attraction,N/A,2025-01-26,N/A,N/A,Meghalaya
ChIJ4wIqGzaBWjcRwWMgYbfgQXI,Umiam lake shillong,25.6764653,91.8963818,attraction,N/A,2025-01-26,N/A,N/A,Meghalaya
ChIJ8eSB8iFcUDcR6bu9pZuOcbU,Sky View Point,25.2014892,91.9140039,attraction,N/A,2025-01-26,N/A,N/A,Meghalaya
ChIJ_8En6yt8UDcRHOJ41LFBbbs,Upper Shillong Forest,25.5473689,91.868421,attraction,N/A,2025-01-26,N/A,N/A,Meghalaya
ChIJd49Qu9BzUDcRBe2UG4Fjo3s,Nongjrong viewpoint,25.4776458,92.0949162,attraction,N/A,2025-01-26,N/A,N/A,Meghalaya
ChIJER4zibgNUDcRrpbAdqrZTxo,TYRSHI WATER FALL,25.4711421,92.192037,attraction,N/A,2025-01-26,N/A,N/A,Meghalaya
ChIJeRurKQBfUDcRFVnrFF328K8,Asia's Cleanest Village,25.2020435,91.91532869999999,attraction,N/A,2025-01-26,N/A,N/A,Meghalaya
ChIJ-zcTm-cLUDcRtHixZehEe0c,Nartiang Monoliths,25.5739926,92.2161283,attraction,N/A,2025-01-26,N/A,N/A,Meghalaya
ChIJrQhv3Fl-UDcRNy8OFWqRSds,Beadon Bishop View Point,25.5912724,91.86745719999999,attraction,N/A,2025-01-26,N/A,N/A,Meghalaya
ChIJeZZd9qV_UDcRMKcWJ9X6NsQ,Crinoline Falls,25.5609917,91.88255939999999,attraction,N/A,2025-01-26,N/A,N/A,Meghalaya
ChIJrwBvQvKMUDcRCkPyTNVvehI,Wah-Kaba Falls,25.3115599,91.7326608,attraction,N/A,2025-01-26,N/A,N/A,Meghalaya
ChIJcwSDOeiMUDcRtG3pybFsMsc,Arwah Cave,25.298561,91.7263686,attraction,N/A,2025-01-26,N/A,N/A,Meghalaya
ChIJIx5Ha1x-UDcRlL3OcwohSo0,Bishop's Falls,25.5790999,91.8633601,attraction,N/A,2025-01-26,N/A,N/A,Meghalaya
ChIJU4RwKiZ_UDcR2VTSCaRFqo0,"Shillong Ward's Lake - East Khasi Hills District, Meghalaya, India",25.5787726,91.8932535,attraction,N/A,2025-01-26,N/A,N/A,Meghalaya
ChIJ277Nc3sVUDcRCVnScOnuEJ8,Umbyrlein Falls,25.3353125,92.2196875,attraction,N/A,2025-01-26,N/A,N/A,Meghalaya
ChIJLVnDrttDUDcRvSXdxkc0rrI,Jaflong Zero Point,25.1822945,92.0178976,attraction,N/A,2025-01-26,N/A,N/A,Meghalaya
ChIJ8xLu4p1eUDcRJMGgQJSbP5s,Balancing Rock of Mawlynnong,25.206415,91.90920299999999,attraction,N/A,2025-01-26,N/A,N/A,Meghalaya
ChIJB0lLfwBfUDcRaLSiaWY-ekg,Nohwet view Point,25.2078636,91.8905151,attraction,N/A,2025-01-26,N/A,N/A,Meghalaya
ChIJQfcR7anyUDcRVnprU0pDKp0,Rainbow Falls,25.2674959,91.67717259999999,attraction,N/A,2025-01-26,N/A,N/A,Meghalaya
ChIJGUf8n-2jUDcROxfOAbU46o0,Mawthadraishan Peak,25.5402177,91.45431990000002,attraction,N/A,2025-01-26,N/A,N/A,Meghalaya
ChIJwSseyTttUDcRDhMz1eUtXMo,Synrangkhit fall,25.376894,92.10030189999999,attraction,N/A,2025-01-26,N/A,N/A,Meghalaya
ChIJuTmAItcRUDcRzKIBdYjGmHQ,Ialong Park,25.4516774,92.2551859,attraction,N/A,2025-01-26,N/A,N/A,Meghalaya
ChIJTTpooIRcUDcRc1-sF2ouf38,Borhill Falls,25.1827099,91.9576756,attraction,N/A,2025-01-26,N/A,N/A,Meghalaya
ChIJq9fEY6XzUDcR0VJqycbVg7k,Thangkharang Park,25.2167071,91.72407760000002,attraction,N/A,2025-01-26,N/A,N/A,Meghalaya
ChIJCxy1GMwTUDcRa8WzTpXf7JY,Sah ksaw Falls,25.3692387,92.21360229999999,attraction,N/A,2025-01-26,N/A,N/A,Meghalaya
ChIJ4byVslppUDcRBO7JrYuNAao,Wahrashi Falls (Syntung),25.3533944,92.0614671,attraction,N/A,2025-01-26,N/A,N/A,Meghalaya
ChIJIz8EXuB_UDcRUBwpr0Oj_wE,Top View Lumparing,25.557774,91.8830136,attraction,N/A,2025-01-26,N/A,N/A,Meghalaya
ChIJrYOqKsOJWjcRpUOeuGgPT_k,Mawroh View Point,25.9170625,91.8810625,attraction,N/A,2025-01-26,N/A,N/A,Meghalaya
ChIJlVbJWgCHUDcR8jSW_vfzGAw,View Point,25.5549565,91.82044909999999,attraction,N/A,2025-01-26,N/A,N/A,Meghalaya
ChIJa8m-6g6NUDcR-w8k8Pr91wI,Janailar Falls,25.3139155,91.70164439999999,attraction,N/A,2025-01-26,N/A,N/A,Meghalaya
ChIJDwn-4sJ_UDcRSkTOEh5sfcI,Blue Heaven Falls,25.55939,91.883809,attraction,N/A,2025-01-26,N/A,N/A,Meghalaya
ChIJmSuk42N5UDcRkxc6kscOj5Q,Ever Living Museum,25.5603631,91.9345567,attraction,N/A,2025-01-26,N/A,N/A,Meghalaya
ChIJ3wMpGaZDUDcRP6MCaRwKbC0,Dawki river view point,25.1890665,92.0171539,attraction,N/A,2025-01-26,N/A,N/A,Meghalaya
ChIJ4f-cY3SNUDcROVq5a9c_8AI,Wei sohphoh falls,25.2987322,91.6992126,attraction,N/A,2025-01-26,N/A,N/A,Meghalaya
ChIJv-8VXXJrWjcR6LhiS79OaAw,Assam Meghalaya Forest View Point,25.9761009,91.5415305,attraction,N/A,2025-01-26,N/A,N/A,Meghalaya
ChIJhyowDVCNUDcRzWTe9t3jeyU,Prut Waterfall,25.3133566,91.6916823,attraction,N/A,2025-01-26,N/A,N/A,Meghalaya
ChIJH0wXOBiJWjcRIK2_ZbFVfzQ,Nongpoh Viewpoint,25.9048273,91.88162799999999,attraction,N/A,2025-01-26,N/A,N/A,Meghalaya
ChIJnWkjaU2NUDcRpJNt63ejCCM,Nohkalikai waterfalls Top,25.2755653,91.68655059999999,attraction,N/A,2025-01-26,N/A,N/A,Meghalaya
ChIJl78p_VyHUDcRoCfpYH1L-uo,Matilang Park,25.5392944,91.8217432,attraction,N/A,2025-01-26,N/A,N/A,Meghalaya
ChIJC8dQBDNcUDcRuiRl8n1OolE,Rymben Falls,25.1937156,91.9562933,attraction,N/A,2025-01-26,N/A,N/A,Meghalaya
ChIJsbDjVgB_UDcRPWllOk03xZ4,Lumpdeng View Point,25.5665045,91.855172,attraction,N/A,2025-01-26,N/A,N/A,Meghalaya
ChIJA_ewGwCXUDcR0u4Lx4uZc70,Markham Valley Entry Point,25.4602463,91.54534269999999,attraction,N/A,2025-01-26,N/A,N/A,Meghalaya
ChIJrS5tnGitWjcRJFEPVEy13sM,View point,25.8055517,92.3887455,attraction,N/A,2025-01-26,N/A,N/A,Meghalaya
ChIJ1yUNtJe7UDcRq2CDyM3q1Xk,Phyllut view point,25.4552808,91.4413534,attraction,N/A,2025-01-26,N/A,N/A,Meghalaya
ChIJQ_KTRQDzUDcRd1EANjhCjog,Bamboo Bridge,25.2331884,91.7466632,attraction,N/A,2025-01-26,N/A,N/A,Meghalaya
ChIJbUm0CW65WjcR7siCi4sK9wc,Umswai Paddy field view point,25.9470944,92.2407824,attraction,N/A,2025-01-26,N/A,N/A,Meghalaya
ChIJk1zVGwCDWjcR2kuMuHr8X1o,Way to mawthei viewpoint,25.7074638,91.94440270000001,attraction,N/A,2025-01-26,N/A,N/A,Meghalaya
ChIJE2CrjtibWjcR5kxiMgHIQ0Y,Ribhoi River Beach,25.7594142,92.0318836,beaches,N/A,2025-01-26,N/A,N/A,Meghalaya
ChIJXcN0I9UTUDcRjzAnknYUrWI,Sah-dakha beach,25.3702969,92.2163324,beaches,N/A,2025-01-26,N/A,N/A,Meghalaya
ChIJAS6uBUV_UDcRvzTfI-UHkR4,Umsngur's Beach,25.5961162,91.8495705,beaches,N/A,2025-01-26,N/A,N/A,Meghalaya
ChIJJ53Oe1dDUDcRICwPCdfoMsU,"Dadang Stoney Beach, Shnongpdeng - Dawki",25.2064737,92.00758619999999,beaches,N/A,2025-01-26,N/A,N/A,Meghalaya
ChIJOxDIdxsNWjcROffhfTWPt7w,river beach,25.802236,91.50135,beaches,N/A,2025-01-26,N/A,N/A,Meghalaya
ChIJV2a2Hy9DUDcRwTRHyQY1wdQ,Kyndongreskhai Waterfalls,25.2069727,92.0489777,waterfalls,N/A,2025-01-26,N/A,N/A,Meghalaya
ChIJt82Pi74NUDcRi4aFOmbKIu4,"Kaikada Waterfall, Mupliang Village",25.5466596,92.2178854,waterfalls,N/A,2025-01-26,N/A,N/A,Meghalaya
ChIJ2WKB_oNDUDcRB-NbSERvJUs,Umkrem Waterfalls,25.186967,91.99649989999999,waterfalls,N/A,2025-01-26,N/A,N/A,Meghalaya
ChIJ95vQ7DTzUDcRNGp2_PJo-m8,Seven Sisters Waterfall,25.2425913,91.7437423,waterfalls,N/A,2025-01-26,N/A,N/A,Meghalaya
ChIJX3UkNPKMUDcRBbyid-SbXBE,Wah-kaba Falls Entry Gate,25.3118348,91.7305576,waterfalls,N/A,2025-01-26,N/A,N/A,Meghalaya
ChIJ277Nc3sVUDcRCVnScOnuEJ8,Umbyrlein Falls,25.3353125,92.2196875,waterfalls,N/A,2025-01-26,N/A,N/A,Meghalaya
ChIJ25KWslUXUDcRrjFVAOBpRRU,Rangtep Waterfall,25.324582,92.2426784,waterfalls,N/A,2025-01-26,N/A,N/A,Meghalaya
ChIJRULJtvQTUDcRMvtZCpZIryU,Rynji Falls,25.3669354,92.2043923,waterfalls,N/A,2025-01-26,N/A,N/A,Meghalaya
ChIJoz7i-bhtWjcRCEA2eJmaFkU,Ram Teng Waterfalls,25.868311,91.542188,waterfalls,N/A,2025-01-26,N/A,N/A,Meghalaya
ChIJUTQV71-NUDcRlX9lwGl4t0s,Mawsawdong Falls,25.321966,91.70989949999999,waterfalls,N/A,2025-01-26,N/A,N/A,Meghalaya
ChIJ47RLWVjzUDcRyPp9DmB3muI,Kynrem falls view Point,25.2238408,91.71587149999999,waterfalls,N/A,2025-01-26,N/A,N/A,Meghalaya
ChIJTTpooIRcUDcRc1-sF2ouf38,Borhill Falls,25.1827099,91.9576756,waterfalls,N/A,2025-01-26,N/A,N/A,Meghalaya
ChIJXQ3TTX-5WjcRoQd_LpBgOrs,Chala Waterfalls,25.9872445,92.2623196,waterfalls,N/A,2025-01-26,N/A,N/A,Meghalaya
ChIJCxy1GMwTUDcRa8WzTpXf7JY,Sah ksaw Falls,25.3692387,92.21360229999999,waterfalls,N/A,2025-01-26,N/A,N/A,Meghalaya
ChIJxwbp_-K5UDcR99fmP4MqX0o,Waterfall,25.2997347,91.41451119999999,waterfalls,N/A,2025-01-26,N/A,N/A,Meghalaya
ChIJcWaeGzLrUDcRdcC0L3Fv_Wo,Umdikain Waterfall,25.2358166,91.5618289,waterfalls,N/A,2025-01-26,N/A,N/A,Meghalaya
ChIJubGsW-uvWjcRe-OfbWOEfYE,Therolangso waterfall,25.7779011,92.361386,waterfalls,N/A,2025-01-26,N/A,N/A,Meghalaya
ChIJ2wk-F0oRUDcRb8Ka-EQEGB4,Moopun Falls,25.3666464,92.2423522,waterfalls,N/A,2025-01-26,N/A,N/A,Meghalaya
ChIJ21nF_ICZUDcRLEqU_7oE_HM,Chait Chait waterfall,25.5113559,91.56782899999999,waterfalls,N/A,2025-01-26,N/A,N/A,Meghalaya
ChIJHxtuijy3WjcRYtigfyNjYlQ,Phaslang Waterfall,26.0162891,92.3187794,waterfalls,N/A,2025-01-26,N/A,N/A,Meghalaya
ChIJ8XD3RE2NUDcR4YMhmro_WEk,Sweet Falls,25.2751479,91.68653630000001,waterfalls,N/A,2025-01-26,N/A,N/A,Meghalaya
ChIJc56U39hrUDcRKvZNbc0JTRg,Krang Suri Waterfall,25.2878776,92.1251569,waterfalls,N/A,2025-01-26,N/A,N/A,Meghalaya
ChIJE2KmUk2NUDcRQZxvadk2Sh4,NohKaLikai Falls,25.2754203,91.68595619999999,waterfalls,N/A,2025-01-26,N/A,N/A,Meghalaya
ChIJ767JbwDzUDcRqcaa2f19UlQ,Kynrem falls,25.2272466,91.7166567,waterfalls,N/A,2025-01-26,N/A,N/A,Meghalaya
ChIJER4zibgNUDcRrpbAdqrZTxo,TYRSHI WATER FALL,25.4711421,92.192037,waterfalls,N/A,2025-01-26,N/A,N/A,Meghalaya
ChIJo1CAcxltWjcRwfAv0c2Trww,Si sohdhung waterfall....umsohpanan,25.9204375,91.57718750000001,waterfalls,N/A,2025-01-26,N/A,N/A,Meghalaya
ChIJaZq-QGG5WjcRJzjyJx6YyBE,Khawra Tana Ti ( 11 steps waterfall ),25.946269,92.300108,waterfalls,N/A,2025-01-26,N/A,N/A,Meghalaya
ChIJMUyTxGx5UDcRZ8C8KXCS_NA,Lailyngkhot waterfall,25.5768423,91.97489739999999,waterfalls,N/A,2025-01-26,N/A,N/A,Meghalaya
ChIJvSPL_l8VUDcRz2cMux9LIcY,Phe Phe Fall,25.3506184,92.1611373,waterfalls,N/A,2025-01-26,N/A,N/A,Meghalaya
ChIJTT-fVWGNUDcRti7dj9do1Ak,Cherra waterfall,25.2887589,91.71922289999999,waterfalls,N/A,2025-01-26,N/A,N/A,Meghalaya
ChIJhyowDVCNUDcRzWTe9t3jeyU,Prut Waterfall,25.3133566,91.6916823,waterfalls,N/A,2025-01-26,N/A,N/A,Meghalaya
ChIJhcxhRIJcUDcR0TJSq8CQObo,Panthumai waterfall,25.1779997,91.9555912,waterfalls,N/A,2025-01-26,N/A,N/A,Meghalaya
ChIJtc7zNAWTUDcR29Oh8_HQfN0,Sohpung Waterfalls,25.2878073,91.6746399,waterfalls,N/A,2025-01-26,N/A,N/A,Meghalaya
ChIJnWkjaU2NUDcRpJNt63ejCCM,Nohkalikai waterfalls Top,25.2755653,91.68655059999999,waterfalls,N/A,2025-01-26,N/A,N/A,Meghalaya
ChIJZxKeguRBUDcR3PrThSmhd1Y,Muliang Waterfalls,25.2672576,92.0678155,waterfalls,N/A,2025-01-26,N/A,N/A,Meghalaya
ChIJmUBNdrPyUDcRQuzPv_8z9a4,Nohkalikai Falls View point,25.271305,91.68988499999999,waterfalls,N/A,2025-01-26,N/A,N/A,Meghalaya
ChIJx_WhNfqLWjcRvdEep2C6rRo,Dugdugi Waterfall,26.0260625,91.89456249999999,waterfalls,N/A,2025-01-26,N/A,N/A,Meghalaya
ChIJdYnEQHVfUDcRL1UPVby9oos,pengshohrew Waterfall,25.2349398,91.8886708,waterfalls,N/A,2025-01-26,N/A,N/A,Meghalaya
ChIJVfNVS0OHUDcRkI3aTsUkW0s,"Elephant Falls, Shillong",25.5375374,91.8225513,waterfalls,N/A,2025-01-26,N/A,N/A,Meghalaya
ChIJz-SMiafyUDcRu3HLvy_ymv4,El Waterfall and Natural Swimming Pool (Blue Lagoon),25.2605552,91.676152,waterfalls,N/A,2025-01-26,N/A,N/A,Meghalaya
ChIJAxVZUphsWjcRqgPPl4tpi_Y,"Umsur Waterfall, Meghalay",25.9291462,91.5424895,waterfalls,N/A,2025-01-26,N/A,N/A,Meghalaya
ChIJGX4ZMK2IUDcRS0fy-u0pfG0,Umkawang Falls,25.4584125,91.7548091,waterfalls,N/A,2025-01-26,N/A,N/A,Meghalaya
ChIJe8RglcyLUDcR63UBENIHdT4,Natural waterfall,25.3053055,91.785168,waterfalls,N/A,2025-01-26,N/A,N/A,Meghalaya
ChIJOzrKj7rzUDcRl6qJbQlKCtQ,Double Drive Waterfall,25.2294537,91.7255351,waterfalls,N/A,2025-01-26,N/A,N/A,Meghalaya
ChIJyXf0JpYUWjcRaJjQK-eCzCM,Dewpani Waterfall,25.9547865,91.5012864,waterfalls,N/A,2025-01-26,N/A,N/A,Meghalaya
ChIJd3_yy8AXUDcRECtr18fQp_Y,Tangnop Waterfalls,25.3253,92.2453029,waterfalls,N/A,2025-01-26,N/A,N/A,Meghalaya
ChIJC53umjB3UDcRPT4m1gwsDNw,Kshaid Weithir (Waterfall),25.5723431,92.0409921,waterfalls,N/A,2025-01-26,N/A,N/A,Meghalaya
ChIJxVhBjNZDUDcR--OCn5QicwI,Amlunong Waterfalls,25.245455,92.00857119999999,waterfalls,N/A,2025-01-26,N/A,N/A,Meghalaya
ChIJOXcy_7yJUDcRsp_hTnMmzXs,Kshaid Sum Puri Dympep Waterfalls View Point,25.4206014,91.7916576,waterfalls,N/A,2025-01-26,N/A,N/A,Meghalaya
ChIJIV8iJAA_UDcRy3w2ALGjdMY,Noh Kawang Falls,25.2066593,92.1821889,waterfalls,N/A,2025-01-26,N/A,N/A,Meghalaya
ChIJa8m-6g6NUDcR-w8k8Pr91wI,Janailar Falls,25.3139155,91.70164439999999,waterfalls,N/A,2025-01-26,N/A,N/A,Meghalaya
ChIJueWdmhldUDcR2DIGLYapvaI,Wei Sted Fall,25.2530637,91.9529824,waterfalls,N/A,2025-01-26,N/A,N/A,Meghalaya
ChIJX5Wgi-B5UDcRqRVOZodGlt8,Mawlynrei Falls,25.5675782,91.95028649999999,waterfalls,N/A,2025-01-26,N/A,N/A,Meghalaya
ChIJfz_A51OMUDcR7K4hPSHAT_A,Lyngngai Falls,25.3285002,91.71928419999999,waterfalls,N/A,2025-01-26,N/A,N/A,Meghalaya
ChIJiagbR2ppUDcRbAs4ZzRWF9Y,Ryngkyui waterfalls at nohron,25.3521509,92.03523539999999,waterfalls,N/A,2025-01-26,N/A,N/A,Meghalaya
ChIJQfcR7anyUDcRVnprU0pDKp0,Rainbow Falls,25.2674959,91.67717259999999,waterfalls,N/A,2025-01-26,N/A,N/A,Meghalaya
ChIJCSEQrCyTUDcRtDTQGYb_vSs,BunKyrdan Waterfall Weiloi,25.3587276,91.60674809999999,waterfalls,N/A,2025-01-26,N/A,N/A,Meghalaya
ChIJm9Nr8zsRUDcRUeIIEgTb39s,Motha Kyrsong Waterfall,25.4028799,92.24841029999999,waterfalls,N/A,2025-01-26,N/A,N/A,Meghalaya
ChIJR8ryZUkRWjcRjirXVu8x6rY,Jholkat Waterfall,25.8531401,91.44011019999999,waterfalls,N/A,2025-01-26,N/A,N/A,Meghalaya
ChIJ-eigMiM-UDcR9Oqegchh3mc,Leskha Falls,25.2556612,92.20091339999999,waterfalls,N/A,2025-01-26,N/A,N/A,Meghalaya
ChIJrZeu81B8UDcRKRWGEj1Q4LI,Mercury Environmental park,25.5171052,91.8792264,parks,N/A,2025-01-26,N/A,N/A,Meghalaya
ChIJu0AbIw_zUDcR9lA3yN-TApM,Mot I pun / Palong Park,25.2243834,91.7285127,parks,N/A,2025-01-26,N/A,N/A,Meghalaya
ChIJn2o98859UDcRI-6s3U8GRG4,Park And Garden,25.540994,91.8646891,parks,N/A,2025-01-26,N/A,N/A,Meghalaya
ChIJQVQLKBsNUDcR9ymbxDzJhZA,Sajar Nangli Memorial Park,25.4958516,92.17405649999999,parks,N/A,2025-01-26,N/A,N/A,Meghalaya
ChIJm9jHIbGAWjcR3x_PchKCzek,Kharsati Park,25.7372474,91.8453152,parks,N/A,2025-01-26,N/A,N/A,Meghalaya
ChIJhzwQZVR5UDcR5bwu_hgFdC0,"Children Park, BSF CAMP, UMPLING",25.5831062,91.9230714,parks,N/A,2025-01-26,N/A,N/A,Meghalaya
ChIJUyF4fVt_UDcR4sMlFkLQ7wI,Lumparing Greenery Children Park,25.5599144,91.8816215,parks,N/A,2025-01-26,N/A,N/A,Meghalaya
ChIJFejlb-WBWjcROMbhSjRxjeQ,Lum Nehru Park,25.6615819,91.89835719999999,parks,N/A,2025-01-26,N/A,N/A,Meghalaya
ChIJWUrc2CZ9UDcREQYnBlGcTJI,Chandra park,25.485649,91.9059147,parks,N/A,2025-01-26,N/A,N/A,Meghalaya
ChIJn_XlqI9-UDcRka_e3liyOqE,Vidya Bajoria Park,25.5702086,91.87869909999999,parks,N/A,2025-01-26,N/A,N/A,Meghalaya
ChIJuTmAItcRUDcRzKIBdYjGmHQ,Ialong Park,25.4516774,92.2551859,parks,N/A,2025-01-26,N/A,N/A,Meghalaya
ChIJEzrPDdvyUDcRIbahKXRvSqo,"Monolith Park, Mawmluh",25.2545653,91.70296069999999,parks,N/A,2025-01-26,N/A,N/A,Meghalaya
ChIJB3gqDl15UDcR6_8smocrcmI,Karna Maya Children Park,25.5651,91.92779999999999,parks,N/A,2025-01-26,N/A,N/A,Meghalaya
ChIJ394HTpJ-UDcRac-W4FCAHbo,Khyndailad Fountain,25.5760152,91.8828101,parks,N/A,2025-01-26,N/A,N/A,Meghalaya
ChIJU7TycL9-UDcRkmaVqnEVISc,"Shillong, Laitkor Reserve Forest",25.5788138,91.8932192,parks,N/A,2025-01-26,N/A,N/A,Meghalaya
ChIJXY2AWtx_UDcR0oPk-JshnRk,Polo Park,25.5802884,91.8911371,parks,N/A,2025-01-26,N/A,N/A,Meghalaya
ChIJ2Y2mD4p-UDcRl-ar4z4c8xc,Lord Mahavira Park,25.5747543,91.8712807,parks,N/A,2025-01-26,N/A,N/A,Meghalaya
ChIJ__8_LWsSUDcRMKeLRO2h9wU,Panaliar Children's Park,25.4368229,92.20391649999999,parks,N/A,2025-01-26,N/A,N/A,Meghalaya
ChIJSY045_udUDcReo-0QlfUCkw,Tirot Sing Ecological And Heritage Park,25.569829,91.640318,parks,N/A,2025-01-26,N/A,N/A,Meghalaya
ChIJkSLCjqF_UDcROseVTRSdsEo,Malki Forest,25.5593,91.8866,parks,N/A,2025-01-26,N/A,N/A,Meghalaya
ChIJC4FsiNGLWjcRYqsy4HZVTAY,"Wonder Park, Umling",25.9668754,91.8600335,parks,N/A,2025-01-26,N/A,N/A,Meghalaya
ChIJ7dwpQ3ITUDcR28tp06Olet4,Angel park,25.454679,92.1949046,parks,N/A,2025-01-26,N/A,N/A,Meghalaya
ChIJNRQLYHWXUDcRKqmBiA7bvH0,"Dommurok View Point, Markham Village",25.4586323,91.5459747,parks,N/A,2025-01-26,N/A,N/A,Meghalaya
ChIJyTUkL4GPWjcRK6mqDbfTtIM,Children's Park,25.8881028,91.9296435,parks,N/A,2025-01-26,N/A,N/A,Meghalaya
ChIJuY58QVuMUDcRcyR_WGDlWfQ,Kshaid-U-Rai Falls,25.3316733,91.72862239999999,parks,N/A,2025-01-26,N/A,N/A,Meghalaya
ChIJU7TycL9-UDcRKIboY_TC5z8,Kids Park,25.5787725,91.8932535,parks,N/A,2025-01-26,N/A,N/A,Meghalaya
ChIJxfENelt_UDcROvMN9gVMD3s,Harmony Park,25.5775462,91.8805909,parks,N/A,2025-01-26,N/A,N/A,Meghalaya
ChIJ-fwc2V2BWjcRtZBttHFF3eY,Umran,25.737669,91.90072599999999,parks,N/A,2025-01-26,N/A,N/A,Meghalaya
ChIJQchqKAi_WjcR5XzABJ3Nfek,Panthai Park,25.9507668,92.22249409999999,parks,N/A,2025-01-26,N/A,N/A,Meghalaya
ChIJg-2N7BcSUDcRItMdLERRhTE,Syntu Ksiar Fish Sanctuary,25.434418,92.2129686,parks,N/A,2025-01-26,N/A,N/A,Meghalaya
ChIJQw3UKh9_UDcRsRu1v5tIEXw,Children park,25.5941241,91.871909,parks,N/A,2025-01-26,N/A,N/A,Meghalaya
ChIJ_8En6yt8UDcRHOJ41LFBbbs,Upper Shillong Forest,25.5473689,91.868421,parks,N/A,2025-01-26,N/A,N/A,Meghalaya
ChIJxy9mX5ydWjcRcS5jGaEGMTo,Khweng Children's Park,25.7394326,92.0515377,parks,N/A,2025-01-26,N/A,N/A,Meghalaya
ChIJCx89wegTUDcR8kOG3seETQI,Park,25.439787,92.19707799999999,parks,N/A,2025-01-26,N/A,N/A,Meghalaya
ChIJp9oLLx15UDcRgpM5jh-V1oo,"Children Park - 2, BSF CAMP UMPLING",25.5824639,91.9123973,parks,N/A,2025-01-26,N/A,N/A,Meghalaya
ChIJvSFaGPzrUDcR3CJ22W-ezOU,Split Rock trail (MawsiangJroi),25.221093,91.529012,parks,N/A,2025-01-26,N/A,N/A,Meghalaya
ChIJ2SR7ZAR5UDcRelhxxG0xphI,Children's Park,25.5899824,91.9362079,parks,N/A,2025-01-26,N/A,N/A,Meghalaya
ChIJ6w2qQHvzUDcRMXSnNxwkALU,"Marai Thymmai PARK, SOHRA",25.26251,91.699165,parks,N/A,2025-01-26,N/A,N/A,Meghalaya
ChIJC30paHycUDcR_zjKZYq-D-4,"Krem Tirot, Ecological and Heritage Park Mairang",25.569584,91.6402865,parks,N/A,2025-01-26,N/A,N/A,Meghalaya
ChIJzTDvKQDzUDcRad0LTfYYsgg,Nurthlong Park,25.2164365,91.72855,parks,N/A,2025-01-26,N/A,N/A,Meghalaya
ChIJh4PZeQSPWjcRzvAsfFw-9yg,Inglongpi Longtar (Ecological Park),25.9152476,91.96121149999999,parks,N/A,2025-01-26,N/A,N/A,Meghalaya
ChIJcT011CeDWjcRHPN6EibL7oA,Eco Park Mawlai,25.6529461,91.91251229999999,parks,N/A,2025-01-26,N/A,N/A,Meghalaya
ChIJl78p_VyHUDcRoCfpYH1L-uo,Matilang Park,25.5392944,91.8217432,parks,N/A,2025-01-26,N/A,N/A,Meghalaya
ChIJbRpz_3GDWjcRqD0bfNkIYtU,NERIE park,25.6724748,91.912981,parks,N/A,2025-01-26,N/A,N/A,Meghalaya
ChIJSaE2gh53UDcRT48Zmg8pI9Y,Evergreen Park,25.5873304,91.9950458,parks,N/A,2025-01-26,N/A,N/A,Meghalaya
ChIJaw6Kf2DtUDcRlAmTU9R8wx0,Blue Lagoon,25.2506135,91.6737313,parks,N/A,2025-01-26,N/A,N/A,Meghalaya
ChIJr8HIYlGNUDcRnz0jZOAB770,Diengdoh Woods,25.2755737,91.7351408,parks,N/A,2025-01-26,N/A,N/A,Meghalaya
ChIJzQc5CQATUDcRsff_viMUTm4,Niche Children Park wildlife complex,25.4453875,92.20423439999999,parks,N/A,2025-01-26,N/A,N/A,Meghalaya
ChIJvTg7tQSJWjcRLPdqWEridMY,Nongkhyllem wildlife sanctuary park,25.8699136,91.8337212,parks,N/A,2025-01-26,N/A,N/A,Meghalaya
ChIJXbJvdACJWjcRKPyVYt1J8rg,Children's Park,25.9192487,91.87499319999999,parks,N/A,2025-01-26,N/A,N/A,Meghalaya
ChIJq9fEY6XzUDcR0VJqycbVg7k,Thangkharang Park,25.2167071,91.72407760000002,parks,N/A,2025-01-26,N/A,N/A,Meghalaya
ChIJBz-lyxoSUDcRxIfdj2qrMHs,Kdong-Myntwa dulong,25.4446625,92.2152656,parks,N/A,2025-01-26,N/A,N/A,Meghalaya
ChIJX-kNjAWPWjcRm52Ltr6qAwc,Marngar Lake,25.8873327,91.9296432,parks,N/A,2025-01-26,N/A,N/A,Meghalaya
ChIJlfxCDKJ-UDcRxXWqUJ1Guqs,Risa Colony Hills Forest,25.5594037,91.89614110000001,parks,N/A,2025-01-26,N/A,N/A,Meghalaya
ChIJscdd5QSNUDcRS9OFfvLthIY,Mawshyieng Nongrum,25.283875,91.72470330000002,parks,N/A,2025-01-26,N/A,N/A,Meghalaya
ChIJ05thDop5UDcRS-an13wXWnE,HERBAL GARDEN,25.5905303,91.9388381,parks,N/A,2025-01-26,N/A,N/A,Meghalaya
ChIJV4fWDQt_UDcRT86RKrb0lYo,Wards Lake Entry Point,25.5748735,91.88759019999999,parks,N/A,2025-01-26,N/A,N/A,Meghalaya
ChIJUx-ujTsTUDcRrxw75VfNVnU,Dulong Children's Park,25.4389439,92.202341,parks,N/A,2025-01-26,N/A,N/A,Meghalaya
ChIJGzr60ReLUDcRnH72pcg8i-A,MAWDNGONG PARK MAWLYNDIAR(picnic spot),25.3108828,91.7598553,parks,N/A,2025-01-26,N/A,N/A,Meghalaya
ChIJy-TuEQB_UDcRTlfDR0djR08,Unity park,25.5679366,91.8830847,parks,N/A,2025-01-26,N/A,N/A,Meghalaya
ChIJ_0eQ8pB-UDcRi_FC9Bs_kKU,Capt. Williamson Sangma State Museum,25.569676,91.8840171,museum,N/A,2025-01-26,N/A,N/A,Meghalaya
ChIJPUb9hF6HUDcRVZEQDlrhwWE,Air Force Museum,25.5366563,91.82739889999999,museum,N/A,2025-01-26,N/A,N/A,Meghalaya
ChIJ____C-Z-UDcRbRXi2qkWkSo,Don Bosco Museum,25.5928183,91.88274539999999,museum,N/A,2025-01-26,N/A,N/A,Meghalaya
ChIJ-Z5s0ol-UDcRGFzkopeDvWM,Rhino Heritage Museum,25.5712964,91.8714174,museum,N/A,2025-01-26,N/A,N/A,Meghalaya
ChIJmSuk42N5UDcRkxc6kscOj5Q,Ever Living Museum,25.5603631,91.9345567,museum,N/A,2025-01-26,N/A,N/A,Meghalaya
ChIJx5u18PJ-UDcRiKkQ9xdblns,Wankhar Entomology Museum,25.5815594,91.88011739999999,museum,N/A,2025-01-26,N/A,N/A,Meghalaya
ChIJ_YGhZYh-UDcRjW2bVj-ksqY,Rabindranath Tagore Art Gallery,25.5689766,91.8727263,museum,N/A,2025-01-26,N/A,N/A,Meghalaya
ChIJ8XSAQD6NUDcRPCeqC9aGH00,Indigenous Heritage Museum,25.2803187,91.69564729999999,museum,N/A,2025-01-26,N/A,N/A,Meghalaya
ChIJk1KsbEbFUDcRC-7U5fBizGY,নতুন গুদিগাঁও দক্ষিণ পাড়া জামে মসজিদ,25.1477836,91.4007841,museum,N/A,2025-01-26,N/A,N/A,Meghalaya
ChIJq6qqeoh-UDcRbfTcj7NyY1k,Brookside Bunglow Rabindranath Tagore Museum,25.5688041,91.8726835,museum,N/A,2025-01-26,N/A,N/A,Meghalaya
ChIJt20xqB5_UDcRph62PzwXURA,Butterfly Domes,25.6086853,91.8857364,museum,N/A,2025-01-26,N/A,N/A,Meghalaya
ChIJuaTKiCTtUDcRtmdhXv24Zx8,GG SWELL MUSEUM,25.2178939,91.65565199999999,museum,N/A,2025-01-26,N/A,N/A,Meghalaya
ChIJAYPW3X5ZUDcR3YH6_sCoXLw,জামান হাউজ,25.1595544,91.8827591,museum,N/A,2025-01-26,N/A,N/A,Meghalaya
ChIJ88F7Q6_uUDcRNaZwfdnpDm8,Bashtola Shaheed Monument,25.1732029,91.6074151,museum,N/A,2025-01-26,N/A,N/A,Meghalaya
ChIJF07r40Z_UDcRfMa6AWGpaoA,Khublei Shillong,25.5695797,91.883933,museum,N/A,2025-01-26,N/A,N/A,Meghalaya
ChIJI_VD1-GBWjcRpV83QN0utuk,Umiam Lake Viewpoint,25.6511877,91.894055,museum,N/A,2025-01-26,N/A,N/A,Meghalaya
ChIJG8JnC3VfUDcR6h5hX0aXNXc,Riwai Living-root Bridge,25.206239,91.89761999999999,museum,N/A,2025-01-26,N/A,N/A,Meghalaya
ChIJWWcI4r99UDcRWA_2CP7Qx8Y,Shillong Peak,25.547326,91.8749656,museum,N/A,2025-01-26,N/A,N/A,Meghalaya
ChIJ_dF0uhl_UDcRBtmWIfoAlPM,Don Bosco Museum Parking,25.5926313,91.8826663,museum,N/A,2025-01-26,N/A,N/A,Meghalaya
ChIJd9H-PnJ-UDcRYAEf8z1Kcho,Lumpdeng View Point,25.5665625,91.8551875,museum,N/A,2025-01-26,N/A,N/A,Meghalaya
ChIJqXtbYk6PUDcRyC5_qoEFng8,Khasi Heritage Village,25.4483136,91.7482236,museum,N/A,2025-01-26,N/A,N/A,Meghalaya
ChIJaVrfXpR-UDcRnJGMyV3y2Xc,Botanical Garden,25.576543,91.8868543,museum,N/A,2025-01-26,N/A,N/A,Meghalaya
ChIJV7YCNr1-UDcRTi3Rw0B1pY4,Cathedral of Mary Help of Christians,25.5685787,91.8911923,museum,N/A,2025-01-26,N/A,N/A,Meghalaya
ChIJYx3zBpV5UDcRm9n9dFXwkvM,Sweet falls valley view point,25.562065,91.94404399999999,museum,N/A,2025-01-26,N/A,N/A,Meghalaya
ChIJr1I_n3B-UDcR_2rzvhzQLVY,Mahadev Khola Dham,25.5639261,91.8609487,museum,N/A,2025-01-26,N/A,N/A,Meghalaya
ChIJrQhv3Fl-UDcRNy8OFWqRSds,Beadon Bishop View Point,25.5912724,91.86745719999999,museum,N/A,2025-01-26,N/A,N/A,Meghalaya
ChIJgdn_NHV5UDcRoFRoLm2vsDU,Sweet Fall View Point,25.5647757,91.9565112,museum,N/A,2025-01-26,N/A,N/A,Meghalaya
ChIJuRopMyx8UDcRbW81XhM7TKM,"Shillong View Point, Laitkor Peak",25.5473644,91.87497169999999,museum,N/A,2025-01-26,N/A,N/A,Meghalaya
ChIJk4W4Vi19UDcRTFjMitftGNg,Kshaid Tymmen Falls,25.5466009,91.85168379999999,museum,N/A,2025-01-26,N/A,N/A,Meghalaya
ChIJCUeoh9eMUDcRl39WHBospcM,Ramakrishna Mission Sohra Cherrapunjee Ashrama,25.2860026,91.7169373,museum,N/A,2025-01-26,N/A,N/A,Meghalaya
ChIJazcmmWd7UDcRyW0H2iulSAc,Laitlum Canyon,25.4488074,91.9089724,museum,N/A,2025-01-26,N/A,N/A,Meghalaya
ChIJn2X4RfZ_UDcRhwtSS46Qj9U,Shillong TOUR,25.58134,91.8736066,museum,N/A,2025-01-26,N/A,N/A,Meghalaya
ChIJPa7dJMZ-UDcR6gWIGKC-euk,Lady Hydari Park,25.5659286,91.8819635,museum,N/A,2025-01-26,N/A,N/A,Meghalaya
ChIJVfNVS0OHUDcRkI3aTsUkW0s,"Elephant Falls, Shillong",25.5375374,91.8225513,museum,N/A,2025-01-26,N/A,N/A,Meghalaya
ChIJIx5Ha1x-UDcRlL3OcwohSo0,Bishop's Falls,25.5790999,91.8633601,museum,N/A,2025-01-26,N/A,N/A,Meghalaya
ChIJE3Dsx5B-UDcRRHMXq0NQzNE,All Saints' Cathedral,25.5694393,91.88441879999999,museum,N/A,2025-01-26,N/A,N/A,Meghalaya
ChIJ7yySuCGHUDcRJhl0hT9Ywvc,Air Force Museum Parking,25.5370867,91.82661519999999,museum,N/A,2025-01-26,N/A,N/A,Meghalaya
ChIJMd2og9wjUDcRrRAGF9aHhQo,Kotsati Cave,25.1799455,92.3769545,museum,N/A,2025-01-26,N/A,N/A,Meghalaya
ChIJBR0DEeY7TzcRO_mWProdMhg,Tharon cave,25.065846,93.54557989999999,attraction,N/A,2025-01-26,N/A,N/A,Manipur
ChIJ1bdbYw_YSDcRxGli8d1yfgk,Matai Garden,24.8614216,93.91661769999999,attraction,N/A,2025-01-26,N/A,N/A,Manipur
ChIJh9pRFsIsSTcRjVE-onXWz1U,Sadu chiru waterfalls,24.7425748,93.74302469999999,attraction,N/A,2025-01-26,N/A,N/A,Manipur
ChIJwSRoZ1MmSTcRYc8TQdZIRbg,Manipur State Museum,24.8052683,93.93716049999999,attraction,N/A,2025-01-26,N/A,N/A,Manipur
ChIJdU9Ap2IVSTcRJbhRozBJZHo,Langol Peak Garden,24.5042359,94.06961749999999,attraction,N/A,2025-01-26,N/A,N/A,Manipur
ChIJ-ybTvCUpSTcRXKRm_-XizGI,HADO Tourist Spot,24.8314631,93.8999815,attraction,N/A,2025-01-26,N/A,N/A,Manipur
ChIJoaweZuclSTcRDTcJ185HwOg,Langthabal Konung,24.7503292,93.9260328,attraction,N/A,2025-01-26,N/A,N/A,Manipur
ChIJA_GKo1j3SDcRH-Bz3aL1shc,Mova Cave,25.0340288,94.333243,attraction,N/A,2025-01-26,N/A,N/A,Manipur
ChIJ497uBlghSTcRG3-6t45cKXM,Yaralpat View Point,24.8242533,94.01244419999999,attraction,N/A,2025-01-26,N/A,N/A,Manipur
ChIJcwdWxPkmSTcRlcmAlQRW2Qw,Three Mothers Art Gallery,24.7940339,93.9500523,attraction,N/A,2025-01-26,N/A,N/A,Manipur
ChIJ98zH9XgnSTcR372p0HvUKNk,City View 2nd Tower,24.8403002,93.9335759,attraction,N/A,2025-01-26,N/A,N/A,Manipur
ChIJ1YvtGY01STcROZghPWlLH40,Loktak lake view point,24.5148485,93.79429979999999,attraction,N/A,2025-01-26,N/A,N/A,Manipur
ChIJsU2foq0nSTcRfdm1wXfzFGk,Indira Park,24.8088722,93.9381952,attraction,N/A,2025-01-26,N/A,N/A,Manipur
ChIJsb9BZ1MmSTcRDlSLcGIqcIg,Kangla Museum,24.8034751,93.9415992,attraction,N/A,2025-01-26,N/A,N/A,Manipur
ChIJp6UVjfsmSTcRvj3y44bxF5c,Eco Historical Park,24.7982094,93.9535224,attraction,N/A,2025-01-26,N/A,N/A,Manipur
ChIJw-vIOJErTzcRUEJXlNlhRp4,Prayer Garden,24.8742079,93.6848851,attraction,N/A,2025-01-26,N/A,N/A,Manipur
ChIJv3H83YHZSDcRLnrwvt0oqyU,View Tower Marjing Polo Complex by TISI Enterprise,24.8805107,93.9553071,attraction,N/A,2025-01-26,N/A,N/A,Manipur
ChIJk78ZsnJYSDcRNNObYPkthbE,Khangkhui Khullen Mangsor Cave,25.052946,94.4072127,attraction,N/A,2025-01-26,N/A,N/A,Manipur
ChIJl_qzLiHRSDcRZouU2r19ZPA,Valley View Point,24.9591449,93.8548624,attraction,N/A,2025-01-26,N/A,N/A,Manipur
ChIJacE6nIooSTcRYysyVW1fvi0,Makoi Park,24.8062063,93.8875307,attraction,N/A,2025-01-26,N/A,N/A,Manipur
ChIJ59kFC9UpTzcRawbjNa29H3o,Noney tourism,24.8606526,93.6238898,attraction,N/A,2025-01-26,N/A,N/A,Manipur
ChIJXZc1zWHZTjcRtdH2jICo_iQ,Devpriya Hill,24.8187119,93.5377891,attraction,N/A,2025-01-26,N/A,N/A,Manipur
ChIJA92cprUsSTcRX6Ij5gHQTS8,LEIMARAM WATER FALL,24.7408104,93.74646849999999,attraction,N/A,2025-01-26,N/A,N/A,Manipur
ChIJd-u1TgDpSDcRsPJ6LBBEpjk,THANGAL CHING,25.1294726,94.09620389999999,attraction,N/A,2025-01-26,N/A,N/A,Manipur
ChIJSe5NcUIjSTcRIfYv_rCkdfc,Tulihal Gate,24.6817751,94.04082629999999,attraction,N/A,2025-01-26,N/A,N/A,Manipur
ChIJeZkAVgDLTjcRMof5q_sBzkE,Deban paddy field,24.4960312,93.7420171,attraction,N/A,2025-01-26,N/A,N/A,Manipur
ChIJ59gkjszcTjcRZyjcQ9BHpmo,Khoupum Cave,24.6666244,93.4799372,attraction,N/A,2025-01-26,N/A,N/A,Manipur
ChIJM9xpWKjFTjcRfLh4cBxOHmQ,Khoupum dam,24.6636181,93.5308556,attraction,N/A,2025-01-26,N/A,N/A,Manipur
ChIJyUFMS0chSTcRZtdPAMs6Zd0,Selloi Langmai Ecological Park,24.7791718,94.002752,attraction,N/A,2025-01-26,N/A,N/A,Manipur
ChIJM5ia3gw1STcRKV7ec3ypVyI,INA Museum Moirang,24.5027111,93.7770056,attraction,N/A,2025-01-26,N/A,N/A,Manipur
ChIJKb9aNtg9STcRsOQ-sMWCCu8,"The Khongjom War Memorial Complex (Houses World's Tallest Sword Statue) - Thoubal District, Manipur, India",24.5678795,94.0399892,attraction,N/A,2025-01-26,N/A,N/A,Manipur
ChIJa0gDuEQtSTcRp7Mo1_Jk_1w,Leimaram Picnic Park And Resort,24.7125003,93.77295579999999,attraction,N/A,2025-01-26,N/A,N/A,Manipur
ChIJ5Z4P1jpBSTcRUxtmKuPTiKU,Sengwai River,24.4667625,94.0443281,attraction,N/A,2025-01-26,N/A,N/A,Manipur
ChIJR59VVow9STcR1ZB-Fo-vRq4,Uyal Saram Hill,24.6258,94.0628091,attraction,N/A,2025-01-26,N/A,N/A,Manipur
ChIJ7_CQXAA1STcR9Hbf9ytbyV4,Sendra viewpoint,24.510902,93.7880462,attraction,N/A,2025-01-26,N/A,N/A,Manipur
ChIJlTc1-LEhSTcRTeSzl0nWCio,Baruni hill waterfall,24.7942472,94.0104637,attraction,N/A,2025-01-26,N/A,N/A,Manipur
ChIJY-ezQm4tSTcR_0MBL-jC9tM,Leimaram water Place,24.734465,93.77221399999999,attraction,N/A,2025-01-26,N/A,N/A,Manipur
ChIJ0TfDCvkpSTcRrYW-HVehbY0,"Manipur Zoological Garden (Sangai Dancing Deer Habitat)- Imphal West District, Manipur, India",24.8175275,93.8908644,attraction,N/A,2025-01-26,N/A,N/A,Manipur
ChIJ-Z3H5ooXSTcRdK7nH_ZdJT8,"Thamlai Waterfall, Thamlai",24.5775348,94.138733,attraction,N/A,2025-01-26,N/A,N/A,Manipur
ChIJE7mvU2YvTzcRx7NHGue8sBA,Tuilut waterfall,24.9548216,93.6505116,attraction,N/A,2025-01-26,N/A,N/A,Manipur
ChIJJyv0YB1HSTcRVATduu9bu8Y,New Wangparal Waterfall,24.4119891,93.9786709,attraction,N/A,2025-01-26,N/A,N/A,Manipur
ChIJx6vRGGcnSTcRrXZEDs9ML2A,"The Kangla (Prominent part of the dry land) Fort - Imphal District, Manipur, India",24.8170016,93.93684089999999,attraction,N/A,2025-01-26,N/A,N/A,Manipur
ChIJ6xwFEEQrSTcRpH9sf6oOWhw,Hobbiton kangleipak,24.7884375,93.8169375,attraction,N/A,2025-01-26,N/A,N/A,Manipur
ChIJr9m1HwAnSTcRqjq6MKqrlfk,Lamdaibung Leirak,24.8326592,93.9583957,attraction,N/A,2025-01-26,N/A,N/A,Manipur
ChIJOTa5QwDzSDcRCP81Ekc2ReA,Kashung's Farm,25.2165679,94.26895859999999,attraction,N/A,2025-01-26,N/A,N/A,Manipur
ChIJ21VTQwA1STcR2_iTjS0ZGjY,Crafts Handloom Village,24.5070895,93.782883,attraction,N/A,2025-01-26,N/A,N/A,Manipur
ChIJJXUk36nNTjcRaGzOBzQNw-o,Lamdan - Loktak - Leimatak View Pt,24.5923692,93.70858009999999,attraction,N/A,2025-01-26,N/A,N/A,Manipur
ChIJ2yZ-OADVSDcR0k0oRPOh8UA,Kainengkol Mol,24.8691875,93.7586875,attraction,N/A,2025-01-26,N/A,N/A,Manipur
ChIJA25qNwDhSDcRjsfgwI3HEnE,"Tarung houbee Garden, Andro Leitanpekpham.",24.8541188,94.0786663,attraction,N/A,2025-01-26,N/A,N/A,Manipur
ChIJvabcFJo7TzcRupDFDd1cC4A,Alangtakhou Waterfall,25.0585199,93.5214293,attraction,N/A,2025-01-26,N/A,N/A,Manipur
ChIJ29RArLw1STcRnHw9kIIXo5s,"Omba and Nurathel Garden, Takmu Lake",24.5059826,93.79454480000001,attraction,N/A,2025-01-26,N/A,N/A,Manipur
ChIJIUPMgOVJSTcRtbUQfD0Nx6M,Kakching khunou Hijam Maning Leikai,24.4038402,93.8974643,attraction,N/A,2025-01-26,N/A,N/A,Manipur
ChIJ9XhudFwgSTcRn-l_kGr9cbs,children park of sandhya yaikhom,24.8206373,94.0352805,attraction,N/A,2025-01-26,N/A,N/A,Manipur
ChIJAcLCIQA9STcRTU9D_SNaSzI,Joy's Farm Tentha Marongband,24.5671483,93.9891533,attraction,N/A,2025-01-26,N/A,N/A,Manipur
ChIJTS7Oo_XRSDcRdkb5cUOA_As,Makhan Waterfall ( Chakha Malan Jai),25.011634,93.8419941,attraction,N/A,2025-01-26,N/A,N/A,Manipur
ChIJxWGu6PvQSDcRQ5QVTqnTLZg,Makhan,24.9884901,93.8716477,attraction,N/A,2025-01-26,N/A,N/A,Manipur
ChIJ62ZZZwA7STcRJAERpvU6ZDY,Ikop pat dam macha,24.6107383,93.9409867,attraction,N/A,2025-01-26,N/A,N/A,Manipur
ChIJEXzqJwDXSDcRIsQjUU_r6PU,Eengen Ching,24.9178764,93.8876947,attraction,N/A,2025-01-26,N/A,N/A,Manipur
ChIJ1xzSXwBJSTcRX5BghhE600U,wangoo turel mapang Ireng,24.3973468,93.8470763,attraction,N/A,2025-01-26,N/A,N/A,Manipur
ChIJ-TbL-x0jSTcRFy2plNaRUoA,Roadside view point,24.7254722,94.0144321,attraction,N/A,2025-01-26,N/A,N/A,Manipur
ChIJr2tLRUfjSDcR2bYYm_ox6iM,Shangkai Picnic beach,24.9374558,94.1705266,beaches,N/A,2025-01-26,N/A,N/A,Manipur
ChIJBVuH-K0nSTcR6glwReo7KiQ,Beach Fashion,24.8104418,93.9362647,beaches,N/A,2025-01-26,N/A,N/A,Manipur
ChIJE7mvU2YvTzcRx7NHGue8sBA,Tuilut waterfall,24.9548216,93.6505116,waterfalls,N/A,2025-01-26,N/A,N/A,Manipur
ChIJz8inpGTJSDcRf6Ln94vEEQc,Malanzai Falls,25.1772217,93.88134149999999,waterfalls,N/A,2025-01-26,N/A,N/A,Manipur
ChIJaadyrFvDTjcR26fFXGZrg28,Khoupum Waterfall,24.6587512,93.4931206,waterfalls,N/A,2025-01-26,N/A,N/A,Manipur
ChIJC5xg9yIrSTcR4NRSY58mhfE,S.laijang waterfalls,24.8004769,93.7619339,waterfalls,N/A,2025-01-26,N/A,N/A,Manipur
ChIJ-Z3H5ooXSTcRdK7nH_ZdJT8,"Thamlai Waterfall, Thamlai",24.5775348,94.138733,waterfalls,N/A,2025-01-26,N/A,N/A,Manipur
ChIJm51Lo_vQSDcRd9lYbgC6xSk,Kanglatongbi Shantipur Waterfall,24.9881674,93.8720941,waterfalls,N/A,2025-01-26,N/A,N/A,Manipur
ChIJlTc1-LEhSTcRTeSzl0nWCio,Baruni hill waterfall,24.7942472,94.0104637,waterfalls,N/A,2025-01-26,N/A,N/A,Manipur
ChIJh9pRFsIsSTcRjVE-onXWz1U,Sadu chiru waterfalls,24.7425748,93.74302469999999,waterfalls,N/A,2025-01-26,N/A,N/A,Manipur
ChIJvabcFJo7TzcRupDFDd1cC4A,Alangtakhou Waterfall,25.0585199,93.5214293,waterfalls,N/A,2025-01-26,N/A,N/A,Manipur
ChIJ7-mEruy_SDcRGmMVArWhQ6g,Taphou Waterfalls (Twilha Kawl),25.2393552,94.023573,waterfalls,N/A,2025-01-26,N/A,N/A,Manipur
ChIJe7H3k07HSDcRw6wUkrP9B9Q,Chandraman waterfall,25.1431783,93.93595669999999,waterfalls,N/A,2025-01-26,N/A,N/A,Manipur
ChIJSZ9eUQDTSDcRhzm8C_wbuIw,Leimakhong waterfall,24.9530202,93.8239862,waterfalls,N/A,2025-01-26,N/A,N/A,Manipur
ChIJlfqdXZfVSDcRp-BIXetL4go,Ireng Waterfall Picnic Spot,24.8974189,93.7865838,waterfalls,N/A,2025-01-26,N/A,N/A,Manipur
ChIJWcK7OXTHSDcRnasXu-uI6Xs,J. Songtun Waterfall,25.1551496,93.9251081,waterfalls,N/A,2025-01-26,N/A,N/A,Manipur
ChIJJyv0YB1HSTcRVATduu9bu8Y,New Wangparal Waterfall,24.4119891,93.9786709,waterfalls,N/A,2025-01-26,N/A,N/A,Manipur
ChIJTS7Oo_XRSDcRdkb5cUOA_As,Makhan Waterfall ( Chakha Malan Jai),25.011634,93.8419941,waterfalls,N/A,2025-01-26,N/A,N/A,Manipur
ChIJ9Q_ZZXzvSDcRToBMTtg9Tw4,Sirarakhong Waterfall,25.0496015,94.1996741,waterfalls,N/A,2025-01-26,N/A,N/A,Manipur
ChIJA92cprUsSTcRX6Ij5gHQTS8,LEIMARAM WATER FALL,24.7408104,93.74646849999999,waterfalls,N/A,2025-01-26,N/A,N/A,Manipur
ChIJkeUFUWDRSDcRx2gYVF7oEdE,Khunkhu Naga Waterfall/Ariang waterfall,24.9824373,93.8479708,waterfalls,N/A,2025-01-26,N/A,N/A,Manipur
ChIJ59gkjszcTjcRZyjcQ9BHpmo,Khoupum Cave,24.6666244,93.4799372,waterfalls,N/A,2025-01-26,N/A,N/A,Manipur
ChIJgaeOaQDRSDcRvTXYN-0ja-Q,SAK Mini waterfall,25.0064764,93.867224,waterfalls,N/A,2025-01-26,N/A,N/A,Manipur
ChIJY-ezQm4tSTcR_0MBL-jC9tM,Leimaram water Place,24.734465,93.77221399999999,waterfalls,N/A,2025-01-26,N/A,N/A,Manipur
ChIJ2ceq4iXLSDcRaItDu0tHAP4,chalwa waterfall,25.1915598,93.7772383,waterfalls,N/A,2025-01-26,N/A,N/A,Manipur
ChIJDdgBrnjbSDcRHNNcten3zA0,Sanjellok WaterFall,24.9527588,93.95266579999999,waterfalls,N/A,2025-01-26,N/A,N/A,Manipur
ChIJM9xpWKjFTjcRfLh4cBxOHmQ,Khoupum dam,24.6636181,93.5308556,waterfalls,N/A,2025-01-26,N/A,N/A,Manipur
ChIJScat68QtSTcRgXTbTF6COZs,WAROI GARDEN LEIMARAM,24.7275632,93.77260070000001,waterfalls,N/A,2025-01-26,N/A,N/A,Manipur
ChIJWdOTIkgtSTcRDcGMgzerUJs,Leimaram Main Gate,24.7001434,93.8094504,waterfalls,N/A,2025-01-26,N/A,N/A,Manipur
ChIJ5fQ_UyktSTcR43VSMIzWWyg,Agape Garden,24.7382606,93.7475506,waterfalls,N/A,2025-01-26,N/A,N/A,Manipur
ChIJf-5LaU_1SDcRWefU7hpzAu4,Nayi kaphung,25.1396448,94.3429336,waterfalls,N/A,2025-01-26,N/A,N/A,Manipur
ChIJtT8nWQDJSDcRbsRSm5Ai96k,IRANG WATERFALL,25.1782816,93.8805764,waterfalls,N/A,2025-01-26,N/A,N/A,Manipur
ChIJa0gDuEQtSTcRp7Mo1_Jk_1w,Leimaram Picnic Park And Resort,24.7125003,93.77295579999999,waterfalls,N/A,2025-01-26,N/A,N/A,Manipur
ChIJBR0DEeY7TzcRO_mWProdMhg,Tharon cave,25.065846,93.54557989999999,waterfalls,N/A,2025-01-26,N/A,N/A,Manipur
ChIJFa5z263VSDcRG_yXh-mOKJM,Konsakhul Water Brook,24.9284234,93.79634329999999,waterfalls,N/A,2025-01-26,N/A,N/A,Manipur
ChIJk78ZsnJYSDcRNNObYPkthbE,Khangkhui Khullen Mangsor Cave,25.052946,94.4072127,waterfalls,N/A,2025-01-26,N/A,N/A,Manipur
ChIJxWGu6PvQSDcRQ5QVTqnTLZg,Makhan,24.9884901,93.8716477,waterfalls,N/A,2025-01-26,N/A,N/A,Manipur
ChIJ7SCdEZMtSTcR_0d3EA2r97Q,Irengbam-Leimaram woods,24.7132519,93.7720217,waterfalls,N/A,2025-01-26,N/A,N/A,Manipur
ChIJFfXBbbspSTcRLbqKBesUyvw,Chattering bird's retreat (HADO),24.8314424,93.8997924,waterfalls,N/A,2025-01-26,N/A,N/A,Manipur
ChIJbQq4_9YtSTcRKd643ghclTM,Sadu chiru village,24.7366264,93.75549339999999,waterfalls,N/A,2025-01-26,N/A,N/A,Manipur
ChIJjfJk0jYmSTcRFJE8u3GkpZY,Sayang Park,24.7973526,93.92173869999999,parks,N/A,2025-01-26,N/A,N/A,Manipur
ChIJx5UIR_c8STcRtVaU4s2uUTY,MMRC & Unity Park,24.6183643,94.0173054,parks,N/A,2025-01-26,N/A,N/A,Manipur
ChIJ86RY_U0mSTcR6OwJQNDbsWA,Jadonang Memorial Park,24.7992525,93.93626309999999,parks,N/A,2025-01-26,N/A,N/A,Manipur
ChIJZcb3Q_gvSTcR-ro7K0izDXs,Thiyam Leishangkhong Park,24.6736819,93.9046578,parks,N/A,2025-01-26,N/A,N/A,Manipur
ChIJfQHE6ekpSTcRscDcMB2SalA,THE SHANGRI-LA PARK,24.8385975,93.8443183,parks,N/A,2025-01-26,N/A,N/A,Manipur
ChIJAdiF-Y4lSTcR0vLJzdPLsmE,Chajing Park,24.720834,93.9391129,parks,N/A,2025-01-26,N/A,N/A,Manipur
ChIJx8Li-nMnSTcRXJm8uy0rr8Y,Thingel Garden,24.815467,93.931325,parks,N/A,2025-01-26,N/A,N/A,Manipur
ChIJNbW82YgzSTcRCRYWxxAaEF4,P.P. Park,24.6510938,93.7660059,parks,N/A,2025-01-26,N/A,N/A,Manipur
ChIJjXgQMkzXSDcRFTfF74LA8ic,Rajeev memorial park,24.9484966,93.84704909999999,parks,N/A,2025-01-26,N/A,N/A,Manipur
ChIJaxHyGJQ5STcRjiQveXwzzYI,Tejpur Children Park,24.4946134,93.9573684,parks,N/A,2025-01-26,N/A,N/A,Manipur
ChIJxdbhB8k4STcR37jYSqq15Q8,Kakching Irabot Memorial Park,24.498781,93.9808629,parks,N/A,2025-01-26,N/A,N/A,Manipur
ChIJ3beKLtslSTcRvPFH3uR8iXA,"Gambhir Sing Park, Canchipur",24.7461075,93.9338672,parks,N/A,2025-01-26,N/A,N/A,Manipur
ChIJ4-UnQUMmSTcRh-NGTpolXWc,Children Park,24.7851943,93.9358195,parks,N/A,2025-01-26,N/A,N/A,Manipur
ChIJK8FF0MsnSTcRZw5HIkeCL_Q,Children Park,24.810813,93.9235783,parks,N/A,2025-01-26,N/A,N/A,Manipur
ChIJMwfS1X3zSDcR4d7vMFw5eBc,MTKC PARK,25.1388493,94.28338219999999,parks,N/A,2025-01-26,N/A,N/A,Manipur
ChIJrxieQnglSTcR9A0ZYou4J4k,Heibok Hill Eco Park,24.7327297,93.9160862,parks,N/A,2025-01-26,N/A,N/A,Manipur
ChIJ0e3-qeonSTcRbo89H86Baps,keikhu kabui village Park,24.7821041,93.9712279,parks,N/A,2025-01-26,N/A,N/A,Manipur
ChIJ5a_H8J80STcRHF8Or9OF7b8,"PG PARK (ꯄꯥꯔꯛ),",24.5716184,93.7641903,parks,N/A,2025-01-26,N/A,N/A,Manipur
ChIJRV_IqvAnSTcRztF6wb_iMVs,Rani Gaidinliu Park,24.8380302,93.94221089999999,parks,N/A,2025-01-26,N/A,N/A,Manipur
ChIJQ_xPlIr3SDcRJ0EhF9kRqpc,C M Nganingkhui Eco Park,25.0725656,94.3659215,parks,N/A,2025-01-26,N/A,N/A,Manipur
ChIJyUFMS0chSTcRZtdPAMs6Zd0,Selloi Langmai Ecological Park,24.7791718,94.002752,parks,N/A,2025-01-26,N/A,N/A,Manipur
ChIJqfF6uZnhSDcRRvzsEdgkguY,Kangaching Park,24.8636735,94.090766,parks,N/A,2025-01-26,N/A,N/A,Manipur
ChIJw-KkNdwlSTcR3R3wy1VnP5k,Canchi Park,24.7506678,93.9293903,parks,N/A,2025-01-26,N/A,N/A,Manipur
ChIJ8Rw0w7TdSDcR1kFGYGbw7RQ,Hongmahn village Park,24.95665,94.05683040000001,parks,N/A,2025-01-26,N/A,N/A,Manipur
ChIJkURZcLMnSTcREyKdScPEsIk,KBL Recreational Park,24.807662,93.932487,parks,N/A,2025-01-26,N/A,N/A,Manipur
ChIJdUo0HtvtSDcRMi1dmcNCU50,"NIT park, Teinang",25.1638125,94.2098125,parks,N/A,2025-01-26,N/A,N/A,Manipur
ChIJ96Mws7svSTcRRlopYPxtc_0,Nungsi Road Park,24.7449693,93.87128419999999,parks,N/A,2025-01-26,N/A,N/A,Manipur
ChIJdU9Ap2IVSTcRJbhRozBJZHo,Langol Peak Garden,24.5042359,94.06961749999999,parks,N/A,2025-01-26,N/A,N/A,Manipur
ChIJGxhiktMhSTcRtP0cK3kTlgc,Thumbilok Children Amusement Park,24.8235148,94.035187,parks,N/A,2025-01-26,N/A,N/A,Manipur
ChIJm-K9GDTZSDcR8WfUdmHokRc,Bioresources Park,24.9172349,93.9833783,parks,N/A,2025-01-26,N/A,N/A,Manipur
ChIJfY5SofPYSDcRfcGpqHyjxsY,Ebudhou Marjing Eco-Tourism Park,24.8791043,93.9537236,parks,N/A,2025-01-26,N/A,N/A,Manipur
ChIJRe5faQDRSDcRPCFLows0ipU,KILKHONG MEMORIAL PARK,24.9911652,93.891953,parks,N/A,2025-01-26,N/A,N/A,Manipur
ChIJeSKyciQnSTcRXqI5njgykBE,Kangla,24.807303,93.9416385,parks,N/A,2025-01-26,N/A,N/A,Manipur
ChIJbcdUK8nASDcRIspP3rQT4Fc,Ecological Park,25.2003786,93.9951926,parks,N/A,2025-01-26,N/A,N/A,Manipur
ChIJjQOwVjRLSTcRNiFNvpQvLdk,Keibul Lamjao National Park,24.478798,93.8395226,parks,N/A,2025-01-26,N/A,N/A,Manipur
ChIJU4OnjSz1SDcRA89Vy2JmWQQ,MACHEW PARK,25.1271851,94.3244307,parks,N/A,2025-01-26,N/A,N/A,Manipur
ChIJKRr9FS8fSTcRlh14jA6V2bQ,Kanglei Park,24.816625,94.07504229999999,parks,N/A,2025-01-26,N/A,N/A,Manipur
ChIJ_4Eo8MbYSDcRNYrvGBARXzA,Pangei Club Park,24.879107,93.9744618,parks,N/A,2025-01-26,N/A,N/A,Manipur
ChIJmdZkOQDXSDcR8SS7bSOZ7To,Phumlou keiroi park,24.8865715,93.8475588,parks,N/A,2025-01-26,N/A,N/A,Manipur
ChIJYdT0MgAnSTcR4H_MK-gdwtk,Park,24.7857008,93.9358132,parks,N/A,2025-01-26,N/A,N/A,Manipur
ChIJ-0Q2VhPZSDcRC6nRj5sV4eY,Heingang Ching,24.8685765,93.96640409999999,parks,N/A,2025-01-26,N/A,N/A,Manipur
ChIJNUcfR-s4STcRwu1dIObUxnU,Angaan Ching,24.4970736,93.96372629999999,parks,N/A,2025-01-26,N/A,N/A,Manipur
ChIJp6UVjfsmSTcRvj3y44bxF5c,Eco Historical Park,24.7982094,93.9535224,parks,N/A,2025-01-26,N/A,N/A,Manipur
ChIJW0tICI4lSTcRP2REcWSNX3k,Heibok Biodiversity Park (East),24.7277769,93.9266275,parks,N/A,2025-01-26,N/A,N/A,Manipur
ChIJOytimiQ5TzcRxtDC_DDrfaY,Everspring Park,25.2253343,93.54717749999999,parks,N/A,2025-01-26,N/A,N/A,Manipur
ChIJacE6nIooSTcRYysyVW1fvi0,Makoi Park,24.8062063,93.8875307,parks,N/A,2025-01-26,N/A,N/A,Manipur
ChIJgZ4mjZ_XSDcRFsqXecOeoIw,Awunching Park.,24.8998125,93.8864375,parks,N/A,2025-01-26,N/A,N/A,Manipur
ChIJmfNSm7DNTjcRcI36Ybi-_P8,NHPC Loktak Park,24.5850958,93.7373669,parks,N/A,2025-01-26,N/A,N/A,Manipur
ChIJ7X410WIvSTcRJ7JupuNwCU4,Ereima Eco Park,24.73446,93.9052098,parks,N/A,2025-01-26,N/A,N/A,Manipur
ChIJCSHp_ikiSTcRbuil8wp9EgU,"Santhei Natural Park,Andro",24.7526574,94.0354334,parks,N/A,2025-01-26,N/A,N/A,Manipur
ChIJsU2foq0nSTcRfdm1wXfzFGk,Indira Park,24.8088722,93.9381952,parks,N/A,2025-01-26,N/A,N/A,Manipur
ChIJHcnmKhAqSTcRtqMr1YXPgA0,Phayeng Hei-yu Park,24.844139,93.811994,parks,N/A,2025-01-26,N/A,N/A,Manipur
ChIJ1bdbYw_YSDcRxGli8d1yfgk,Matai Garden,24.8614216,93.91661769999999,parks,N/A,2025-01-26,N/A,N/A,Manipur
ChIJZ25p3lveSDcRK9dfb8UeTbY,Irabot Memorial Park,24.9135376,94.034037,parks,N/A,2025-01-26,N/A,N/A,Manipur
ChIJ3wh4CconSTcRrCyZS4Yz-hM,Khamnam Leirak Park,24.794068,93.90934779999999,parks,N/A,2025-01-26,N/A,N/A,Manipur
ChIJFYD3Ac3hSDcRUlaoa6B4GfM,Nungsikol Park,24.8693756,94.0757095,parks,N/A,2025-01-26,N/A,N/A,Manipur
ChIJFxHEQzX9SDcRtbH0puD_eag,Hule Ecological Park.,24.8728931,94.31136839999999,parks,N/A,2025-01-26,N/A,N/A,Manipur
ChIJQ0ZKUP4nSTcRaEUQWF8riVU,Thengra park,24.8156289,93.93083399999999,parks,N/A,2025-01-26,N/A,N/A,Manipur
ChIJB64n87I_STcRzd5E3EgWvBo,Inuram Park,24.5116512,94.038817,parks,N/A,2025-01-26,N/A,N/A,Manipur
ChIJQQyaRAInSTcR4DbePJhcLl8,Khoyathong pukhri Achouba mini Children park,24.8155075,93.9371432,parks,N/A,2025-01-26,N/A,N/A,Manipur
ChIJb51dV0wjSTcRfVYW6iqHuWc,"Andro Cultural Heritage Museum (Mutua Bahadur Museum) - Imphal East District, Manipur, India",24.7434579,94.0417332,museum,N/A,2025-01-26,N/A,N/A,Manipur
ChIJwSRoZ1MmSTcRYc8TQdZIRbg,Manipur State Museum,24.8052683,93.93716049999999,museum,N/A,2025-01-26,N/A,N/A,Manipur
ChIJM5ia3gw1STcRKV7ec3ypVyI,INA Museum Moirang,24.5027111,93.7770056,museum,N/A,2025-01-26,N/A,N/A,Manipur
ChIJsb9BZ1MmSTcRDlSLcGIqcIg,Kangla Museum,24.8034751,93.9415992,museum,N/A,2025-01-26,N/A,N/A,Manipur
ChIJDc-OtE8mSTcRHq-2JQlqIkM,RKCS Art Gallery And Museum,24.7960798,93.9359716,museum,N/A,2025-01-26,N/A,N/A,Manipur
ChIJc7kMGgA1STcRV8HbEXwP_I8,LOKTAK FOLKLORE MUSIUM,24.5176987,93.81367949999999,museum,N/A,2025-01-26,N/A,N/A,Manipur
ChIJT1bzW6knSTcR71UReUOoE_Q,Archaeological Museum,24.8113864,93.9429375,museum,N/A,2025-01-26,N/A,N/A,Manipur
ChIJWcjFqF_fSDcRzxoZekpl8b8,"SEKTA ARCHEOLOGICAL LIVING MUSEUM- Imphal East District, Manipur, India",24.8956288,94.038167,museum,N/A,2025-01-26,N/A,N/A,Manipur
ChIJuSeP8akiSTcRKSEWbrzhhxE,Gwarok Mahadeva,24.6659677,94.06853489999999,museum,N/A,2025-01-26,N/A,N/A,Manipur
ChIJLTdjGdUnSTcR63DMLqSC1Fc,Science Centre,24.8032994,93.9073476,museum,N/A,2025-01-26,N/A,N/A,Manipur
ChIJgamKAMEtSTcREq0CqqcVunc,Imphal Peace Museum,24.7052836,93.81758169999999,museum,N/A,2025-01-26,N/A,N/A,Manipur
ChIJPQaiiK0nSTcRH_NfQqO-4ZQ,Manipur Assembly Museum,24.8087908,93.93688519999999,museum,N/A,2025-01-26,N/A,N/A,Manipur
ChIJT8W_SKcnSTcRiCgEl6zdttY,"War Cemetary, Dewlahlane",24.8220392,93.94600659999999,museum,N/A,2025-01-26,N/A,N/A,Manipur
ChIJvVW3itzKTjcRI30wKBk5A5E,ETHNOLOGICAL MUSEUM KHOIRENTAK,24.516363,93.72614109999999,museum,N/A,2025-01-26,N/A,N/A,Manipur
ChIJh5oij6wnSTcR4xHrfpjxLaM,ꯍꯤꯌꯥꯡ ꯍꯤꯔꯦꯟ ꯊꯝꯐꯝ Boat House,24.8077189,93.9411883,museum,N/A,2025-01-26,N/A,N/A,Manipur
ChIJ39qcwqsXSTcR9I5pEKKdZoo,Nongpok Lourembam,24.63913,94.0734901,museum,N/A,2025-01-26,N/A,N/A,Manipur
ChIJcwdWxPkmSTcRlcmAlQRW2Qw,Three Mothers Art Gallery,24.7940339,93.9500523,museum,N/A,2025-01-26,N/A,N/A,Manipur
ChIJVe8By9EtSTcR1bpgHNkn9Co,"India Peace Memorial, Maibam",24.7048006,93.81588219999999,museum,N/A,2025-01-26,N/A,N/A,Manipur
ChIJw3Kt0W0jTzcRNtGZgXV-vJE,Inriangluang Reng Gaan,25.0224362,93.4857251,museum,N/A,2025-01-26,N/A,N/A,Manipur
ChIJWQ2cKhkmSTcRX1Yec0LM138,ISKCON Temple Imphal,24.7793885,93.9109833,museum,N/A,2025-01-26,N/A,N/A,Manipur
ChIJdRBpjqsnSTcRd8Q-91AtFew,Kangla Fort,24.8074625,93.94279689999999,museum,N/A,2025-01-26,N/A,N/A,Manipur
ChIJR01yebgvSTcRzc9rHpi3-4c,Chaning Leirembi Park,24.7285961,93.84095529999999,museum,N/A,2025-01-26,N/A,N/A,Manipur
ChIJU6gmjD41STcRztaqH1qXIOc,"Sendra tourist center, takmu",24.5128221,93.7930729,museum,N/A,2025-01-26,N/A,N/A,Manipur
ChIJZ-aNxBgnSTcRJ8ifLmyCw0Y,Luphou Nung,24.8073019,93.9426867,museum,N/A,2025-01-26,N/A,N/A,Manipur
ChIJYz7ELAA7STcRALPRd-JRT4U,KANGLEIPAK BONSAI MUSEUM,24.580904,93.97766399999999,museum,N/A,2025-01-26,N/A,N/A,Manipur
ChIJzTSA1ic1STcRI07swEfg_Zs,KHOIDUMBA-KEINAHAL MEMO,24.5275304,93.8215675,museum,N/A,2025-01-26,N/A,N/A,Manipur
ChIJrccv9K_1SDcR5tqPCaQfQJ0,Bredwell Museum,25.1421611,94.3679398,museum,N/A,2025-01-26,N/A,N/A,Manipur
ChIJ_Xka4ujFSDcRx8DCE6ouDDg,Thadou Tribe museum,25.0969177,93.9396719,museum,N/A,2025-01-26,N/A,N/A,Manipur
ChIJ3UjaEdE1STcRzxW29j9RjYU,"Ebudhou Thangjing,Thanga Moirangthem",24.5208342,93.8172918,museum,N/A,2025-01-26,N/A,N/A,Manipur
ChIJXf-8QXHhSDcRmFwwBd599ZA,Phaijol village office,24.9003125,94.0873125,museum,N/A,2025-01-26,N/A,N/A,Manipur
ChIJ0dJNVQAnSTcRM-vAbc6qhm0,Marjing statue,24.8374157,93.9495828,museum,N/A,2025-01-26,N/A,N/A,Manipur
ChIJcydxMFmfSDcRLHhQDvSn8c8,Dzükou Valley,25.5553627,94.0652787,attraction,N/A,2025-01-26,N/A,N/A,Nagaland
ChIJScD8Il4JRjcRD7rxyL6VZh8,Triple Falls Seithekema,25.8063018,93.816648,attraction,N/A,2025-01-26,N/A,N/A,Nagaland
ChIJRfPEGfzhRTcRze5VEJddVnE,Nagaland Science Centre,25.9037829,93.73844679999999,attraction,N/A,2025-01-26,N/A,N/A,Nagaland
ChIJEbdKb1shRjcRMX5bzseVKSA,Nagaland Heritage Village,25.6164264,94.1144107,attraction,N/A,2025-01-26,N/A,N/A,Nagaland
ChIJgcGo5A4JRjcRaMH4izlyvjI,Aqua Mellow Park,25.8653595,93.7911053,attraction,N/A,2025-01-26,N/A,N/A,Nagaland
ChIJNY2UTq87RjcRySu6y_-AXjs,"Tourist Village Tuophema(Ancient Heritage Village) - Kohima District, Nagaland, India",25.8458488,94.1829613,attraction,N/A,2025-01-26,N/A,N/A,Nagaland
ChIJu_2UZyuXSDcRSGtDDrYjLpM,ViewPoint.,25.390144,94.093189,attraction,N/A,2025-01-26,N/A,N/A,Nagaland
ChIJhXQ93wwfRjcRIPDuCHD07C4,Khonoma village,25.6523425,94.0229921,attraction,N/A,2025-01-26,N/A,N/A,Nagaland
ChIJpVKSn6YhRjcRblaqC8tsTo0,Shürho View Point,25.6110301,94.1148245,attraction,N/A,2025-01-26,N/A,N/A,Nagaland
ChIJoyxm3ysgRjcRrnAPc1cZGOA,"Puliebadze, Jotsoma Village",25.6477122,94.07311179999999,attraction,N/A,2025-01-26,N/A,N/A,Nagaland
ChIJoY3QOD5PRjcRPzwDPrcvGUs,Wokha Clock Tower,26.0962088,94.25444550000002,attraction,N/A,2025-01-26,N/A,N/A,Nagaland
ChIJK-GjC5chRjcReyjhpf3bbzs,Cathedral Hill View Point,25.6531896,94.1045613,attraction,N/A,2025-01-26,N/A,N/A,Nagaland
ChIJDS3-G1KfSDcRmb1Sd35mqWU,Mao viewpoint,25.5112866,94.13343429999999,attraction,N/A,2025-01-26,N/A,N/A,Nagaland
ChIJNXtIeA8bRjcRAP_z2hushN0,Midway Viewpoint,25.7520749,93.9736293,attraction,N/A,2025-01-26,N/A,N/A,Nagaland
ChIJbUbpZQC7SDcRrNZO58aDh6E,Makiulongdi Renggaan,25.35608,93.9602491,attraction,N/A,2025-01-26,N/A,N/A,Nagaland
ChIJRYQI30BVTzcRh0RNeEuLdgI,Peren view point,25.5426732,93.7312345,attraction,N/A,2025-01-26,N/A,N/A,Nagaland
ChIJ7QcuJgCbSDcRAVOGe63qLGY,Saranamai view point,25.461787,94.2053433,attraction,N/A,2025-01-26,N/A,N/A,Nagaland
ChIJ9w46m4d1RjcR-V64CvHf4Po,Chitranella Gardens,26.0182388,93.7436061,attraction,N/A,2025-01-26,N/A,N/A,Nagaland
ChIJbTxAU_K_SDcRMqcX0-Vvuec,I LOVE SENAPATI Selfie Point,25.2739332,94.0243801,attraction,N/A,2025-01-26,N/A,N/A,Nagaland
ChIJF9pRGQCZSDcR7NTX0C1tDnQ,Band of Brothers tower,25.490216,94.1205195,attraction,N/A,2025-01-26,N/A,N/A,Nagaland
ChIJMTfVPQDVRzcRMtDWjcX123Q,KHALOTÜ VIEW POINT,25.6525625,94.4208125,attraction,N/A,2025-01-26,N/A,N/A,Nagaland
ChIJc4VDTQAhRjcRO5QeSmLIkj0,Ao morung,25.61579,94.1137536,attraction,N/A,2025-01-26,N/A,N/A,Nagaland
ChIJFyCs2TufSDcRXpX2xPuxj-s,Watch Tower R. Khel,25.5589567,94.146699,attraction,N/A,2025-01-26,N/A,N/A,Nagaland
ChIJGYTo2EXjRTcR3FGKNpFovcE,Cultural heritage Thilixu village block VI,25.8549924,93.73389949999999,attraction,N/A,2025-01-26,N/A,N/A,Nagaland
ChIJZXYqYAgnRjcRVbcUXDnlh8g,Seidzü valley,25.6653851,94.2191393,attraction,N/A,2025-01-26,N/A,N/A,Nagaland
ChIJ9z9EOwD7RTcRS-53Bwp6a4o,Far valley Angling zone,25.7244283,93.61101,attraction,N/A,2025-01-26,N/A,N/A,Nagaland
ChIJK13BOx-ZSDcRB4Wm_Ac22aE,Oheburi Ground,25.4757425,94.0763747,attraction,N/A,2025-01-26,N/A,N/A,Nagaland
ChIJ5ZbhAUYhRjcRHf65yuV1Y3M,Kohima View Point,25.60953,94.11516309999999,attraction,N/A,2025-01-26,N/A,N/A,Nagaland
ChIJ05bEF7gfRjcRP6DPp4upacs,Khonoma Rice Terraces,25.650831,94.0203135,attraction,N/A,2025-01-26,N/A,N/A,Nagaland
ChIJixVcoeZVTzcRQQcJsBO8dn0,Picnic spot jalukie,25.6048638,93.6875412,attraction,N/A,2025-01-26,N/A,N/A,Nagaland
ChIJN-hs3s-ZSDcR8tZXFcfKjM0,Sotsii Mato View point,25.4403932,94.109332,attraction,N/A,2025-01-26,N/A,N/A,Nagaland
ChIJXbi9TADnRTcRWtij34ghlF4,Lhosheto Ayemi,25.9200297,93.6573154,attraction,N/A,2025-01-26,N/A,N/A,Nagaland
ChIJzc9YIACfSDcRwVp0I6Hur1c,Dzüko Viswema View Point (Short Cut),25.5417375,94.0947344,attraction,N/A,2025-01-26,N/A,N/A,Nagaland
ChIJk1J6agCzSDcRrzMWeNNIas4,Wisaunamai Reserve Forest,25.3601213,93.7868503,attraction,N/A,2025-01-26,N/A,N/A,Nagaland
ChIJY6NMRwCDSDcRU5o6zfBkKsc,Dumeh Tsudu,25.5129557,94.31155679999999,attraction,N/A,2025-01-26,N/A,N/A,Nagaland
ChIJd8oX0c-LSDcRKEXXre00hRQ,Vokngayar Hoomi village,25.2668712,94.3291831,attraction,N/A,2025-01-26,N/A,N/A,Nagaland
ChIJfwt1BgCFSDcR8gS0oY9Crnc,Saranamai view point,25.4428986,94.245553,attraction,N/A,2025-01-26,N/A,N/A,Nagaland
ChIJhYWWIgAnRjcR2hNtVHo4IMk,Driver's Shelter,25.648657,94.1836043,attraction,N/A,2025-01-26,N/A,N/A,Nagaland
ChIJGXWdIAB1RjcR3rirEZ7CZr0,Dhansiri Riverfront,26.0494824,93.7814811,attraction,N/A,2025-01-26,N/A,N/A,Nagaland
ChIJz0lS4NaJSDcRUcABQjHPlJw,Ngari Wonphrou Village,25.3541122,94.3721667,attraction,N/A,2025-01-26,N/A,N/A,Nagaland
ChIJswzQNgCZSDcRscRWWmHA3bA,Makhan watch tower,25.4507371,94.1174822,attraction,N/A,2025-01-26,N/A,N/A,Nagaland
ChIJ4XOfMACjSDcRW6qeDD_StFU,View point,25.4539533,94.0238557,attraction,N/A,2025-01-26,N/A,N/A,Nagaland
ChIJCastVgAdRjcRZhkHGnaxx60,Happiness,25.6404639,93.9807777,attraction,N/A,2025-01-26,N/A,N/A,Nagaland
ChIJ7SNw1aGfSDcR4usVfm7rN3A,Dzüko Caves,25.5546125,94.0654844,attraction,N/A,2025-01-26,N/A,N/A,Nagaland
ChIJFWLSUgCZSDcRsuMBO79b5to,CHIIPFO LIJII MATI,25.4567769,94.1415681,attraction,N/A,2025-01-26,N/A,N/A,Nagaland
ChIJ93cvJQCZSDcRi8trtUtrOOY,Ledepa li (Rhododendron Garden),25.509442,94.1078098,attraction,N/A,2025-01-26,N/A,N/A,Nagaland
ChIJzxhjJFyZSDcREb9cva4wDzk,Watch Tower - Hardier's Club,25.4852716,94.122688,attraction,N/A,2025-01-26,N/A,N/A,Nagaland
ChIJqWsmBwB3RjcRGLoZY141Kek,Balipathar Rice Field Sunset Point,26.1169974,93.7798591,attraction,N/A,2025-01-26,N/A,N/A,Nagaland
ChIJL4UdQe2_SDcR4WvZkAt9spw,Chomnu Twikhuh,25.245068,94.015607,attraction,N/A,2025-01-26,N/A,N/A,Nagaland
ChIJUbfKpiLlRTcRGNEBVyg6sWo,Dimaraja Kharnai (Lake),25.8241817,93.6386217,attraction,N/A,2025-01-26,N/A,N/A,Nagaland
ChIJWQzHXurhRTcRynrZQcrQ2pU,Life Spring Corner,25.9212838,93.7232471,attraction,N/A,2025-01-26,N/A,N/A,Nagaland
ChIJn5cZdjGXSDcRB2PCpgpTVEc,Barak Valley Pine Forest,25.4031822,94.1436545,attraction,N/A,2025-01-26,N/A,N/A,Nagaland
ChIJ76_ecwAhRjcRzOEBAIY1DoQ,CabinV,25.6630437,94.13899119999999,attraction,N/A,2025-01-26,N/A,N/A,Nagaland
ChIJT4fwCn1zRjcRny07ZTDnRmc,Gelajan Tiniali,26.0577223,93.8956836,attraction,N/A,2025-01-26,N/A,N/A,Nagaland
ChIJ9fpiknb_RTcRkO5bCNgVRAI,"Water reservoir, Dungki",25.6530331,93.7394916,attraction,N/A,2025-01-26,N/A,N/A,Nagaland
ChIJzzszawCfSDcRnZ_1f1EAOG4,Luho and sale monumentary stone,25.538556,94.13183599999999,attraction,N/A,2025-01-26,N/A,N/A,Nagaland
ChIJx7uCbACfSDcRRI-h9cUnPSA,Chakre Chovow (Song Song Village),25.5128274,94.1358154,attraction,N/A,2025-01-26,N/A,N/A,Nagaland
ChIJwxA8JwAHRjcRH1b45Nh1Xsc,NIT Nagaland Gate,25.7875102,93.77157559999999,attraction,N/A,2025-01-26,N/A,N/A,Nagaland
ChIJV65sp4-ZSDcRvB6_l6IDEfA,Maram Waterfall (Haba dui Waterfall),25.4249888,94.09190629999999,attraction,N/A,2025-01-26,N/A,N/A,Nagaland
ChIJc_g3wwKcSDcR5HGrY3eZbM0,Soku Mate,25.5201205,94.1532577,attraction,N/A,2025-01-26,N/A,N/A,Nagaland
ChIJcydxMFmfSDcRLHhQDvSn8c8,Dzükou Valley,25.5553627,94.0652787,beaches,N/A,2025-01-26,N/A,N/A,Nagaland
ChIJy0eQm5apSDcRbdYoOeNIYLk,"Mt. Pauna, Benreu village",25.5881875,93.8618125,beaches,N/A,2025-01-26,N/A,N/A,Nagaland
ChIJfUy5hb75RTcRATX81N6qy8c,Mongleu Resort,25.6249375,93.6588125,beaches,N/A,2025-01-26,N/A,N/A,Nagaland
ChIJeVd6xAFPRjcR5O5xMwpSRpQ,The Hammock Resort,26.1160828,94.2735338,beaches,N/A,2025-01-26,N/A,N/A,Nagaland
ChIJD8dD548hRjcRBzLTHX8wrjc,Vishal Mega Mart,25.6891911,94.0985202,beaches,N/A,2025-01-26,N/A,N/A,Nagaland
ChIJfTXZYZLhRTcRgEMKREotkYM,Vishal Mega Mart,25.91226,93.72071840000001,beaches,N/A,2025-01-26,N/A,N/A,Nagaland
ChIJ-bKiBvSDSDcRnxWLusWeiVc,Jüthseri Waterfalls,25.5328337,94.2434615,waterfalls,N/A,2025-01-26,N/A,N/A,Nagaland
ChIJScD8Il4JRjcRD7rxyL6VZh8,Triple Falls Seithekema,25.8063018,93.816648,waterfalls,N/A,2025-01-26,N/A,N/A,Nagaland
ChIJLco31k9XTzcR_nT2XL-e3hM,Ahthibung waterfall,25.541316,93.62819890000002,waterfalls,N/A,2025-01-26,N/A,N/A,Nagaland
ChIJV65sp4-ZSDcRvB6_l6IDEfA,Maram Waterfall (Haba dui Waterfall),25.4249888,94.09190629999999,waterfalls,N/A,2025-01-26,N/A,N/A,Nagaland
ChIJ7-mEruy_SDcRGmMVArWhQ6g,Taphou Waterfalls (Twilha Kawl),25.2393552,94.023573,waterfalls,N/A,2025-01-26,N/A,N/A,Nagaland
ChIJgXnpv5ifSDcROoogw4vV1wg,Lüsoke Waterfall Khuzama,25.5315192,94.1212262,waterfalls,N/A,2025-01-26,N/A,N/A,Nagaland
ChIJ_SY-WbOfSDcRvy7ibxPJ8zk,Khunhyo Waterfall,25.5226546,94.1216235,waterfalls,N/A,2025-01-26,N/A,N/A,Nagaland
ChIJ7SNw1aGfSDcR4usVfm7rN3A,Dzüko Caves,25.5546125,94.0654844,waterfalls,N/A,2025-01-26,N/A,N/A,Nagaland
ChIJ9fpiknb_RTcRkO5bCNgVRAI,"Water reservoir, Dungki",25.6530331,93.7394916,waterfalls,N/A,2025-01-26,N/A,N/A,Nagaland
ChIJU1OvJKkHRjcRd0k0NWR5Ffg,New Chümoukedima Dam,25.7644353,93.8078161,waterfalls,N/A,2025-01-26,N/A,N/A,Nagaland
ChIJ0WLl9lGFSDcR5qMVG4CGsC4,Lyave Dziiphya (Waterfall),25.4235187,94.2526804,waterfalls,N/A,2025-01-26,N/A,N/A,Nagaland
ChIJtdE9rMUHRjcRj-THbxKDi-c,Patkai Viewpoint,25.7940595,93.79252249999999,waterfalls,N/A,2025-01-26,N/A,N/A,Nagaland
ChIJk1nvBa6nSDcRU6E9iVih-bk,Heunambe Village,25.6077381,93.9145355,waterfalls,N/A,2025-01-26,N/A,N/A,Nagaland
ChIJy0eQm5apSDcRbdYoOeNIYLk,"Mt. Pauna, Benreu village",25.5881875,93.8618125,waterfalls,N/A,2025-01-26,N/A,N/A,Nagaland
ChIJMwKjDZDhRTcRc-nzIDa5EM4,Children Park,25.9126522,93.71356759999999,parks,N/A,2025-01-26,N/A,N/A,Nagaland
ChIJyUK3rArhRTcRhZtQw1C6f0g,Primary Park,25.9233939,93.702519,parks,N/A,2025-01-26,N/A,N/A,Nagaland
ChIJXbu_P4bhRTcRH2-B9aT1VoY,Tribal Park,25.903822,93.711867,parks,N/A,2025-01-26,N/A,N/A,Nagaland
ChIJkR5Zi9YHRjcR2IX8v8Q7KlQ,Appu Park,25.7986566,93.7751747,parks,N/A,2025-01-26,N/A,N/A,Nagaland
ChIJjwOEuoXhRTcRFzwOBvpCC2U,Children Park,25.9077337,93.71112819999999,parks,N/A,2025-01-26,N/A,N/A,Nagaland
ChIJB2GDi59iSDcRIvrkkEITx_c,Eco park,25.3838903,94.39912149999999,parks,N/A,2025-01-26,N/A,N/A,Nagaland
ChIJ-3gvm23hRTcRJX8tPuT_Yuw,Jordan Park,25.9203674,93.692178,parks,N/A,2025-01-26,N/A,N/A,Nagaland
ChIJe5wk5BMeRjcR4JEMqgPQGWs,Sikhakie Park,25.6264784,94.0022283,parks,N/A,2025-01-26,N/A,N/A,Nagaland
ChIJPxlgHSjhRTcRci4H-OFoEh8,INNER WHEEL PARK,25.9086867,93.71582169999999,parks,N/A,2025-01-26,N/A,N/A,Nagaland
ChIJ9e8-_84hRjcRU0F862s1Fok,Sokhriezie Park,25.6585027,94.0996794,parks,N/A,2025-01-26,N/A,N/A,Nagaland
ChIJsyXpinPhRTcRcu-uPmPsd1c,Rengma Church Park,25.9193017,93.69752799999999,parks,N/A,2025-01-26,N/A,N/A,Nagaland
ChIJMbwjBYnhRTcR7jf3QnOeub4,Sachu Community Park,25.903164,93.71588,parks,N/A,2025-01-26,N/A,N/A,Nagaland
ChIJtxBc46SdSDcRBcLAu3--7R4,Kidima Prayer Park,25.571035,94.183953,parks,N/A,2025-01-26,N/A,N/A,Nagaland
ChIJ_Tnhmx0KRjcRUkcF4RNtOnU,Sheela Park,25.9132489,93.7511269,parks,N/A,2025-01-26,N/A,N/A,Nagaland
ChIJs0Qgdl03RjcRSPhPfGyIglU,Pulo Park,25.893222,94.27215609999999,parks,N/A,2025-01-26,N/A,N/A,Nagaland
ChIJCdYdZSIiRjcRVpYF0lTeIEQ,Highland Park,25.7086589,94.0907302,parks,N/A,2025-01-26,N/A,N/A,Nagaland
ChIJKylKway3RzcRSWd2GauefGM,Children's Park,26.0105214,94.5221789,parks,N/A,2025-01-26,N/A,N/A,Nagaland
ChIJvcQ5FUBPRjcRRwzZTCvBZ3g,LSU Marty's Park,26.0956937,94.2526568,parks,N/A,2025-01-26,N/A,N/A,Nagaland
ChIJ96UI7xwJRjcR56g_ZgsOfpM,Niathu Children Park,25.8231487,93.7811667,parks,N/A,2025-01-26,N/A,N/A,Nagaland
ChIJpckJ4Wv5RTcRTrGXhkVx2o4,Newly Constructed Park,25.6248814,93.6588627,parks,N/A,2025-01-26,N/A,N/A,Nagaland
ChIJp29oAQ8KRjcR0PJak8zKRUA,"Lakeview, H.K.Khulu road, Jorepukhri",25.9129874,93.750852,parks,N/A,2025-01-26,N/A,N/A,Nagaland
ChIJnXxabywiRjcRevp2_2E75cU,A. Z. Phizo Memorial,25.7068663,94.1072197,parks,N/A,2025-01-26,N/A,N/A,Nagaland
ChIJJ_Kz3HMKRjcRM_hAKv0b_f4,Kachari Sports Complex,25.927317,93.75011699999999,parks,N/A,2025-01-26,N/A,N/A,Nagaland
ChIJp5L_4Y3jRTcR98eKZRcCzIg,Phevima Eco Park,25.8989486,93.6973953,parks,N/A,2025-01-26,N/A,N/A,Nagaland
ChIJ905UrTZ1RjcRMijEsvyCX3U,Children Park,26.0198606,93.78528299999999,parks,N/A,2025-01-26,N/A,N/A,Nagaland
ChIJl46DOa4hRjcRPBiuokeueIs,NSF Martyrs' Park,25.6607641,94.10120219999999,parks,N/A,2025-01-26,N/A,N/A,Nagaland
ChIJu9C_MPtXTzcRmKfyzaCktEg,Ahthibung Kuki Memorial Park,25.5463834,93.6222985,parks,N/A,2025-01-26,N/A,N/A,Nagaland
ChIJWQzHXurhRTcRynrZQcrQ2pU,Life Spring Corner,25.9212838,93.7232471,parks,N/A,2025-01-26,N/A,N/A,Nagaland
ChIJ71sJpo7hRTcR9RVko-wo7GU,Children's Park,25.9069457,93.71509379999999,parks,N/A,2025-01-26,N/A,N/A,Nagaland
ChIJtdE9rMUHRjcRj-THbxKDi-c,Patkai Viewpoint,25.7940595,93.79252249999999,parks,N/A,2025-01-26,N/A,N/A,Nagaland
ChIJ02SiKMKRSDcRIVoLYaYy680,Naamai Zho Eco Tourism Park,25.4039745,94.15793289999999,parks,N/A,2025-01-26,N/A,N/A,Nagaland
ChIJ5d9LXnjhRTcR1iVJkswlYuw,Jubilee Park,25.9060098,93.7384871,parks,N/A,2025-01-26,N/A,N/A,Nagaland
ChIJb84OUiPTRzcRMolDH9KkvlI,Children Park,25.7155149,94.4640786,parks,N/A,2025-01-26,N/A,N/A,Nagaland
ChIJL3wwIjHjRTcRWn8JSgT0PJk,Pelke Sovima,25.8441947,93.7347893,parks,N/A,2025-01-26,N/A,N/A,Nagaland
ChIJxyyjDZQJRjcRcRDcksrWgkc,Children park,25.8797072,93.7678341,parks,N/A,2025-01-26,N/A,N/A,Nagaland
ChIJ84sJkt7JRzcRmmaq2q4akGM,SUMI MARTYRS' PARK,25.9668347,94.50380709999999,parks,N/A,2025-01-26,N/A,N/A,Nagaland
ChIJUYeQUFMiRjcR7QxBP-ZcAX8,Children Park,25.7407034,94.10898189999999,parks,N/A,2025-01-26,N/A,N/A,Nagaland
ChIJuV22suL7RTcRi6TTWvECcWA,CoCo- A site for Picnic and Camping,25.7671452,93.6216532,parks,N/A,2025-01-26,N/A,N/A,Nagaland
ChIJw8MU9k6dSDcRVl15fd8Sb4A,NSF Park,25.5129393,94.1610929,parks,N/A,2025-01-26,N/A,N/A,Nagaland
ChIJA3FXOQAjRjcRcBEXYl39dVk,"Local Park, Central Secreteriate",25.706291,94.107343,parks,N/A,2025-01-26,N/A,N/A,Nagaland
ChIJJ46TLrYJRjcRtnIocmPqrRY,Green Park,25.8606135,93.76207010000002,parks,N/A,2025-01-26,N/A,N/A,Nagaland
ChIJgcGo5A4JRjcRaMH4izlyvjI,Aqua Mellow Park,25.8653595,93.7911053,parks,N/A,2025-01-26,N/A,N/A,Nagaland
ChIJt9VxlgO_SDcRs0iQkgr1M5Y,Happy Valley,25.3040116,94.0362183,parks,N/A,2025-01-26,N/A,N/A,Nagaland
ChIJQzhNe6shRjcR95NSDCFx9GQ,Sakhrie Park,25.6548966,94.10569559999999,parks,N/A,2025-01-26,N/A,N/A,Nagaland
ChIJnxFS8nMJRjcRWdarDr5sUso,The waterfront,25.8862607,93.7816177,parks,N/A,2025-01-26,N/A,N/A,Nagaland
ChIJ94i7l17iRTcRrIZQ0G4EJjo,Nagaland Zoological Park,25.8530689,93.72411579999999,parks,N/A,2025-01-26,N/A,N/A,Nagaland
ChIJ8-mWwjIjRjcRvbhCt-0h2xU,Joggers Park,25.7190194,94.1072744,parks,N/A,2025-01-26,N/A,N/A,Nagaland
ChIJZfeek4MhRjcR4iSZ6KQfB5I,Longyang's Lounge,25.6923459,94.1062223,parks,N/A,2025-01-26,N/A,N/A,Nagaland
ChIJScD8Il4JRjcRD7rxyL6VZh8,Triple Falls Seithekema,25.8063018,93.816648,parks,N/A,2025-01-26,N/A,N/A,Nagaland
ChIJS9lTAdchRjcRhGaA5C70UVc,Sensory park,25.6696965,94.10665139999999,parks,N/A,2025-01-26,N/A,N/A,Nagaland
ChIJrwrbNIbhRTcRUJrubRLx6fw,Lotha Park,25.902506,93.711969,parks,N/A,2025-01-26,N/A,N/A,Nagaland
ChIJIcwUUTydSDcRUUr1xxNwqbg,"Phinyo Park - Kidima, Nagaland",25.5445269,94.170664,parks,N/A,2025-01-26,N/A,N/A,Nagaland
ChIJN0_4HgKZSDcRkWAlrGdCBig,Kalinamai eco park,25.4875094,94.12115349999999,parks,N/A,2025-01-26,N/A,N/A,Nagaland
ChIJB5dV6cghRjcRV2pwPM7iBbA,Putsolie nuca,25.6704541,94.0982303,parks,N/A,2025-01-26,N/A,N/A,Nagaland
ChIJN-MPORQfRjcRvacqum6Et7Q,Khriesaneisa Memorial,25.6740751,94.0450743,parks,N/A,2025-01-26,N/A,N/A,Nagaland
ChIJKQ25-Ms5RjcRVOXZ6TqdLTg,C T Rengma Park,25.9546277,94.21540159999999,parks,N/A,2025-01-26,N/A,N/A,Nagaland
ChIJ5xHWI5gJRjcRaJB4WYHSCiY,Stone Garden NEZCC,25.8758333,93.77444440000001,parks,N/A,2025-01-26,N/A,N/A,Nagaland
ChIJj8rR5vaZSDcRiL6-ku598VA,Martyr's Park,25.4963182,94.1286945,parks,N/A,2025-01-26,N/A,N/A,Nagaland
ChIJEVbbD23hRTcRMSQLdtP28yA,Local Park,25.9214162,93.6909781,parks,N/A,2025-01-26,N/A,N/A,Nagaland
ChIJdTd028ThRTcRcWVLsOyyJm4,Lovers point Dimapur,25.9084086,93.7213125,parks,N/A,2025-01-26,N/A,N/A,Nagaland
ChIJ5cl8hJshRjcRBvlHw3ONYDA,Nagaland State Museum,25.6850203,94.1048673,museum,N/A,2025-01-26,N/A,N/A,Nagaland
ChIJt13r_zEJRjcRDbZOhVpxxlE,Chumpo Museum,25.8409526,93.76343519999999,museum,N/A,2025-01-26,N/A,N/A,Nagaland
ChIJRfPEGfzhRTcRze5VEJddVnE,Nagaland Science Centre,25.9037829,93.73844679999999,museum,N/A,2025-01-26,N/A,N/A,Nagaland
ChIJw6_M1OkLRjcRnNA_os91JUQ,District Museum,25.9857194,93.80730319999999,museum,N/A,2025-01-26,N/A,N/A,Nagaland
ChIJy-F9Cs4fRjcRFNhtC0ocWRw,Kuotsu Heritage Museum,25.6532175,94.02104969999999,museum,N/A,2025-01-26,N/A,N/A,Nagaland
ChIJuaDaQDmDSDcRXt__ZbvXf2U,Zapami Heritage Museum,25.5350228,94.2477152,museum,N/A,2025-01-26,N/A,N/A,Nagaland
ChIJ45aqLwilSDcRmAAmhm28NGE,Stone monolith,25.4701615,93.97296159999999,museum,N/A,2025-01-26,N/A,N/A,Nagaland
ChIJP1rzgLLjRTcRFTTfuozt92Y,3 Corps War Memorial,25.884586,93.7061104,museum,N/A,2025-01-26,N/A,N/A,Nagaland
ChIJQdJZWSYIRjcR1zJIaMW8BmY,SOVIMA Village Ao Cemetry,25.837016,93.7470493,museum,N/A,2025-01-26,N/A,N/A,Nagaland
ChIJE-bGp6ubSDcRzQyyW25vwCw,Nagaland mu manipur tsiiswe,25.5033141,94.20113429999999,museum,N/A,2025-01-26,N/A,N/A,Nagaland
ChIJkU8PMACdSDcR9pi159_gesk,World war-II - Japanese Trenches -,25.5736675,94.1849565,museum,N/A,2025-01-26,N/A,N/A,Nagaland
ChIJrW5tAQAhRjcR0R9NbzuYvO8,World war car museum,25.616453,94.115482,museum,N/A,2025-01-26,N/A,N/A,Nagaland
ChIJm0jSBBqYSDcR7AKckziVHUI,Spa Khii Zang,25.4279466,94.0843948,museum,N/A,2025-01-26,N/A,N/A,Nagaland
ChIJAWcfDqs7RjcR9pBe3QKlBV8,Rural museum Tuophema,25.8449388,94.1831626,museum,N/A,2025-01-26,N/A,N/A,Nagaland
ChIJHXGTQTmDSDcRosxPYmLQ9uw,Village Museum,25.5352321,94.2475243,museum,N/A,2025-01-26,N/A,N/A,Nagaland
ChIJZUdjGvMJRjcR-KznL3mj010,Ao Yimti Süngküm,25.8899999,93.7620768,museum,N/A,2025-01-26,N/A,N/A,Nagaland
ChIJN4s06tHhRTcR2XDV4zcZ1b8,Penial church,25.9160009,93.714131,museum,N/A,2025-01-26,N/A,N/A,Nagaland
ChIJyxLTNXSZSDcReWURTpA_ArE,Makhan Centre Zero Point,25.4342858,94.119281,museum,N/A,2025-01-26,N/A,N/A,Nagaland
ChIJ472Opb3hRTcRB4EUnC3bo1I,Karagaon sib mandir,25.949787,93.7183869,museum,N/A,2025-01-26,N/A,N/A,Nagaland
ChIJZYzZ2cVHRjcRgC4mVQpTxiQ,SHAKI STUDENTS UNION GOLDEN JUBILEE MEMORIAL STONE,26.000412,94.157631,museum,N/A,2025-01-26,N/A,N/A,Nagaland
ChIJNY2UTq87RjcRySu6y_-AXjs,"Tourist Village Tuophema(Ancient Heritage Village) - Kohima District, Nagaland, India",25.8458488,94.1829613,museum,N/A,2025-01-26,N/A,N/A,Nagaland
ChIJjZ5CKABPRjcRum_qaTRAYCI,District Library & Museum,26.0958105,94.2523923,museum,N/A,2025-01-26,N/A,N/A,Nagaland
ChIJdz_CCAA3RjcRO4CBnwFIB6U,SABAK Museum and Library,25.8930049,94.27371819999999,museum,N/A,2025-01-26,N/A,N/A,Nagaland
ChIJHb2skq4hRjcRt8zOAxE5HQU,Kisama Heritage Village,25.616329,94.11440340000001,museum,N/A,2025-01-26,N/A,N/A,Nagaland
ChIJ94i7l17iRTcRrIZQ0G4EJjo,Nagaland Zoological Park,25.8530689,93.72411579999999,museum,N/A,2025-01-26,N/A,N/A,Nagaland
ChIJNYiqlhwhRjcR0AVMZpI69eY,Catholic Church,25.610717,94.14177939999999,museum,N/A,2025-01-26,N/A,N/A,Nagaland
ChIJoyxm3ysgRjcRrnAPc1cZGOA,"Puliebadze, Jotsoma Village",25.6477122,94.07311179999999,museum,N/A,2025-01-26,N/A,N/A,Nagaland
ChIJIcipj78iRjcRH8-5vokOFtU,Captain Kengurusie (MVC) Memorial,25.7732904,94.0894919,museum,N/A,2025-01-26,N/A,N/A,Nagaland
ChIJxw3FPgCFSDcRDUEkGfUJXM4,Shevadu Chu,25.425109,94.2466463,museum,N/A,2025-01-26,N/A,N/A,Nagaland
ChIJ0xK4SgCbSDcRCPDdUEi0esI,Pesani bvii,25.4527736,94.1524025,museum,N/A,2025-01-26,N/A,N/A,Nagaland
ChIJq6qq_qUHRDcRvV7gxKhg-rc,Indira Gandhi Park,27.0981262,93.62151829999999,attraction,N/A,2025-01-26,N/A,N/A,Arunachal Pradesh
ChIJk_6CAxAHRDcRPeWH7qbcFGE,Ita Fort,27.0921598,93.63178409999999,attraction,N/A,2025-01-26,N/A,N/A,Arunachal Pradesh
ChIJbTQsYvIARDcRJEQ4F_WcXZg,Polo Park,27.098352,93.6937043,attraction,N/A,2025-01-26,N/A,N/A,Arunachal Pradesh
ChIJDewJDoljRDcRGr_fvi1UseQ,"Karbi Block, Pothailangso Eco Camp",26.8645132,93.1489402,attraction,N/A,2025-01-26,N/A,N/A,Arunachal Pradesh
ChIJTQnE3MwbRDcRcgoC1DORWO0,Butterfly Intersection,26.8881949,93.6295578,attraction,N/A,2025-01-26,N/A,N/A,Arunachal Pradesh
ChIJuQPkMQAhRDcRS-5iDmhRqvk,Peace Point,26.6693866,93.71878459999999,attraction,N/A,2025-01-26,N/A,N/A,Arunachal Pradesh
ChIJy2GTPgCzRjcRjHqtZJSF6hA,Teteliguri,27.0715823,93.90663339999999,attraction,N/A,2025-01-26,N/A,N/A,Arunachal Pradesh
ChIJuSvg207_QzcRdPTMuQjChgE,Kheel Picnic Spot,27.2080625,93.6910625,attraction,N/A,2025-01-26,N/A,N/A,Arunachal Pradesh
ChIJQ1jomKFHQTcRJpCSLWjqEVc,Kakoi Valley,27.3447692,94.06543359999999,attraction,N/A,2025-01-26,N/A,N/A,Arunachal Pradesh
ChIJowQuDwBhQTcR_uBIy3a-s-U,Integrated Aqua Park,27.5184164,93.8279409,attraction,N/A,2025-01-26,N/A,N/A,Arunachal Pradesh
ChIJPwd4NABHQTcRpvzQnHQCezA,Joyhing Picnic Spot,27.311464,94.0023397,attraction,N/A,2025-01-26,N/A,N/A,Arunachal Pradesh
ChIJMd5wm3cBRDcRd4FwlTM7DFs,Hanging bridge naharlagun,27.1163327,93.69793469999999,attraction,N/A,2025-01-26,N/A,N/A,Arunachal Pradesh
ChIJl76MyUVfQTcRMz_lQ8pDzgA,Yazali view,27.4116785,93.7453403,attraction,N/A,2025-01-26,N/A,N/A,Arunachal Pradesh
ChIJoUG4n0JZQTcRDhGz4TYs220,POTIN VIEW POINT,27.3373274,93.8222931,attraction,N/A,2025-01-26,N/A,N/A,Arunachal Pradesh
ChIJP0g22fc3QTcRzHMiJb5_vl8,Rohdhola Pukhuri,27.2359695,94.1091318,attraction,N/A,2025-01-26,N/A,N/A,Arunachal Pradesh
ChIJiYrEyO-PQzcRuuFnnw7yh-U,Leporiang views point,27.2304652,93.3350744,attraction,N/A,2025-01-26,N/A,N/A,Arunachal Pradesh
ChIJkydzn1IRRDcRHGnTJQt-xPI,Mintu Ghat,26.8479571,93.55723130000001,attraction,N/A,2025-01-26,N/A,N/A,Arunachal Pradesh
ChIJFa5SNQBfRDcRl_d9SbhNeaE,The Deep,26.7260126,93.133112,attraction,N/A,2025-01-26,N/A,N/A,Arunachal Pradesh
ChIJ8xh3DcBHQTcR2zi1TlrYhpw,Kakoi picnic place (কাকৈ বনভোজৰ ঠাই),27.3598029,94.0572059,attraction,N/A,2025-01-26,N/A,N/A,Arunachal Pradesh
ChIJUdBdvjGvRjcRkIqceMaLY-o,Clock Tower,26.9512747,93.85527549999999,attraction,N/A,2025-01-26,N/A,N/A,Arunachal Pradesh
ChIJGSR0QrlLQTcRbzWsnKfc2t4,Lake view,27.2075987,94.05088699999999,attraction,N/A,2025-01-26,N/A,N/A,Arunachal Pradesh
ChIJRbJIlGgHRDcRMz909ea9AaU,View Point - Above Gompa,27.1049833,93.625266,attraction,N/A,2025-01-26,N/A,N/A,Arunachal Pradesh
ChIJIwULLAAbRDcRcMhbXXtYUgE,Jacana View Point,26.8894703,93.62936739999999,attraction,N/A,2025-01-26,N/A,N/A,Arunachal Pradesh
ChIJTWcrdO1zRDcRhNAgjzb1CUI,Ramghat Hanging Bridge:,26.9592081,93.4044005,attraction,N/A,2025-01-26,N/A,N/A,Arunachal Pradesh
ChIJ9U36dABVQTcRlVvBO8UQm4M,Melaground,27.1414192,93.750732,attraction,N/A,2025-01-26,N/A,N/A,Arunachal Pradesh
ChIJJV-Z2FgNRDcRuzoJcJqIofI,Bhanghapahar View Point,26.9882711,93.49385079999999,attraction,N/A,2025-01-26,N/A,N/A,Arunachal Pradesh
ChIJS6u1JD9ZQTcRWd0oeJa__k0,Potin View Point,27.3145363,93.81002529999999,attraction,N/A,2025-01-26,N/A,N/A,Arunachal Pradesh
ChIJXfyNYgAHRDcRv9X7FmbHahM,Sinki view Jungle,27.1045641,93.6097501,attraction,N/A,2025-01-26,N/A,N/A,Arunachal Pradesh
ChIJa3fqfrbHRjcRCeJs-T1CNyE,Baghmora Eco Camp,26.8425999,94.10901179999999,attraction,N/A,2025-01-26,N/A,N/A,Arunachal Pradesh
ChIJBbfZQZMHRDcREbaWf7p1EhI,Clock Tower,27.0873174,93.61166419999999,attraction,N/A,2025-01-26,N/A,N/A,Arunachal Pradesh
ChIJS1U7er9DRDcR9zODLR4t2ms,Brahmaputra Ghat,26.7461499,93.3055289,attraction,N/A,2025-01-26,N/A,N/A,Arunachal Pradesh
ChIJRRm9pLSVRjcR9KDZM1eDdWU,Kakodonga River Bend,26.7264866,94.0442089,attraction,N/A,2025-01-26,N/A,N/A,Arunachal Pradesh
ChIJ52--fXM3QTcRIgVxFD4rqFM,Mon Jai,27.2729862,94.08760629999999,attraction,N/A,2025-01-26,N/A,N/A,Arunachal Pradesh
ChIJy10VYKaBQzcR9E14cGW-h00,Rilloh View Point,27.2009935,93.15949239999999,attraction,N/A,2025-01-26,N/A,N/A,Arunachal Pradesh
ChIJrff1ewCnRjcRZiwoltxnNq4,Brahmaputra Viewpoint,26.8470152,93.79936750000002,attraction,N/A,2025-01-26,N/A,N/A,Arunachal Pradesh
ChIJGVIR-FhZRDcRiGYDP4q_EPY,Biswanath Ghat Sunset view point,26.6636616,93.1553691,attraction,N/A,2025-01-26,N/A,N/A,Arunachal Pradesh
ChIJY1iewhs3QTcRuuCrutq2_LI,Lovlina Borgohain Painting,27.2725,94.0932608,attraction,N/A,2025-01-26,N/A,N/A,Arunachal Pradesh
ChIJNZ6NUkxlRDcRurPMkOR46co,"Hatidepot picnic spot , Borgang ,Assam",26.9040807,93.2440963,attraction,N/A,2025-01-26,N/A,N/A,Arunachal Pradesh
ChIJVaCVadVtRDcRufUbgR4txGo,BUROIGHAT PICNIC SPOT (BOROI),26.8515163,93.41170079999999,attraction,N/A,2025-01-26,N/A,N/A,Arunachal Pradesh
ChIJ4X52-7QHRDcR8ekIOFHj0w8,Mani,27.0877579,93.6204066,attraction,N/A,2025-01-26,N/A,N/A,Arunachal Pradesh
ChIJTcSbgnIJRDcRV6OR0TEz-N4,Lonam Picnic Spot Poma,27.0683472,93.5205939,attraction,N/A,2025-01-26,N/A,N/A,Arunachal Pradesh
ChIJRy1MJtr9QzcRHhr_MnvPBww,Kheel Picnic Spot,27.2253604,93.70494029999999,attraction,N/A,2025-01-26,N/A,N/A,Arunachal Pradesh
ChIJteejeQBlRDcRijCfhpIXYqw,Jonji picnic spot,26.8991607,93.2268788,attraction,N/A,2025-01-26,N/A,N/A,Arunachal Pradesh
ChIJ2TdHvs-JQzcRRaPD3eBWfNE,Khodaso Village,27.1831867,93.28599469999999,attraction,N/A,2025-01-26,N/A,N/A,Arunachal Pradesh
ChIJKUc54GNLQTcR4Fh2BScxxtM,Shree Shree Dev park,27.207291,94.05133149999999,attraction,N/A,2025-01-26,N/A,N/A,Arunachal Pradesh
ChIJ9VpAwLw3QTcRgDXQwh7nZIw,Tongi Ghar,27.1693685,94.0730038,attraction,N/A,2025-01-26,N/A,N/A,Arunachal Pradesh
ChIJ90nfKgBPQTcRO5P_7fbhUAc,Rove ghar thapassa,27.2217655,93.9317385,attraction,N/A,2025-01-26,N/A,N/A,Arunachal Pradesh
ChIJd2MkTwD3QzcR7Ef7JybAGpQ,Mahseer conservation site,27.2112922,93.51462649999999,attraction,N/A,2025-01-26,N/A,N/A,Arunachal Pradesh
ChIJR8PDdoQ3QTcRUBmoax0_tng,Clock tower NORTH LAKHIMPUR,27.2380801,94.1081454,attraction,N/A,2025-01-26,N/A,N/A,Arunachal Pradesh
ChIJce4WH1hFQTcR-bsjeZbMARs,Jumi Picnic Spot,27.325586,93.9830418,attraction,N/A,2025-01-26,N/A,N/A,Arunachal Pradesh
ChIJPfkgHYBhRDcR2jioaSTcLJM,Folk Tea,26.826622,93.1583957,attraction,N/A,2025-01-26,N/A,N/A,Arunachal Pradesh
ChIJJ9hlWwAbRDcRcSyIi464VI0,Farm House,26.8527412,93.58570639999999,attraction,N/A,2025-01-26,N/A,N/A,Arunachal Pradesh
ChIJ24pLcHMHRDcRNJcH7KrtAWI,Secretariate wall,27.0925392,93.61819129999999,attraction,N/A,2025-01-26,N/A,N/A,Arunachal Pradesh
ChIJQRPuJwCfRjcRHlO9TXESDZk,মলুৱা বিল,26.7060753,93.7636247,attraction,N/A,2025-01-26,N/A,N/A,Arunachal Pradesh
ChIJG30ibgA3QTcRtzh_puyqf40,RRR,27.233109,94.093203,attraction,N/A,2025-01-26,N/A,N/A,Arunachal Pradesh
ChIJM-ZcHEGTRjcREWxAhBggMtQ,Batiporia Sariali,26.6373743,94.0189496,attraction,N/A,2025-01-26,N/A,N/A,Arunachal Pradesh
ChIJDw6oxQRTQTcRvXs6eMoSGV8,Picnic spot Bogoli forest,27.1549349,93.85442619999999,attraction,N/A,2025-01-26,N/A,N/A,Arunachal Pradesh
ChIJuX0bBxk1QTcRR9sJCVP_RCk,Tongi Ghar Organic Farming and Tourist Destinations,27.1837639,94.07082299999999,attraction,N/A,2025-01-26,N/A,N/A,Arunachal Pradesh
ChIJe_V_oqBVQTcRT29idVw3JYU,RoseCampsite,27.1958155,93.7912511,attraction,N/A,2025-01-26,N/A,N/A,Arunachal Pradesh
ChIJLW-plyYBRDcRiR9T3RUzpOQ,"Rakap colony ,Nabam yaluk paddy garden",27.1016278,93.70888649999999,attraction,N/A,2025-01-26,N/A,N/A,Arunachal Pradesh
ChIJk_6CAxAHRDcRPeWH7qbcFGE,Ita Fort,27.0921598,93.63178409999999,beaches,N/A,2025-01-26,N/A,N/A,Arunachal Pradesh
ChIJneOdZptPQTcR0gm7QHKNI50,Kimin View Point Resort,27.2941442,93.97204479999999,beaches,N/A,2025-01-26,N/A,N/A,Arunachal Pradesh
ChIJhWrL8QsHRDcR5MPXNwlVPYA,Vishal Mega Mart,27.0984788,93.62628149999999,beaches,N/A,2025-01-26,N/A,N/A,Arunachal Pradesh
ChIJVfkpjNpXQTcR1lAsf-4DZaE,Potin Waterfall,27.3044369,93.80422630000001,waterfalls,N/A,2025-01-26,N/A,N/A,Arunachal Pradesh
ChIJ-3TzGAAPRDcRYvXY8Yh7Oa8,HERCULES waterfall,26.9864375,93.5420625,waterfalls,N/A,2025-01-26,N/A,N/A,Arunachal Pradesh
ChIJRY4y-KlXQTcRZfzg6RoZ0SA,HOJ WATERFALL,27.3022865,93.8027592,waterfalls,N/A,2025-01-26,N/A,N/A,Arunachal Pradesh
ChIJFxb8YfPxQzcRQgCX8Yy4S00,Rigo Waterfall,27.2290679,93.5523656,waterfalls,N/A,2025-01-26,N/A,N/A,Arunachal Pradesh
ChIJp6fxhd4HRDcRxHfC2vDssmU,Donyi polo water fall,27.1235625,93.6340625,waterfalls,N/A,2025-01-26,N/A,N/A,Arunachal Pradesh
ChIJeUJIbF4LRDcRqmctEY1S4fc,B Waterfall,27.0645418,93.4720109,waterfalls,N/A,2025-01-26,N/A,N/A,Arunachal Pradesh
ChIJJW9yDacHRDcRVj041Ea-9bw,"Dariya Waterfall, Itanagar",27.1247576,93.6340403,waterfalls,N/A,2025-01-26,N/A,N/A,Arunachal Pradesh
ChIJx95CY51fRDcRRnihVwXClgw,Biswanath Clock Tower & Trimurti Park,26.7384026,93.1389051,parks,N/A,2025-01-26,N/A,N/A,Arunachal Pradesh
ChIJnwFSAJNfRDcRH8SI__9Pcyg,Nirmal Children Park,26.7364796,93.1103529,parks,N/A,2025-01-26,N/A,N/A,Arunachal Pradesh
ChIJKQL5fKCvRjcRo4zzOYikJug,Narayanpur green park,26.9516076,93.8544738,parks,N/A,2025-01-26,N/A,N/A,Arunachal Pradesh
ChIJk0FQw6A8RDcRv6XORTKD-KA,"Eastern Range, Kaziranga",26.6599159,93.564295,parks,N/A,2025-01-26,N/A,N/A,Arunachal Pradesh
ChIJi2qUt2FtRDcRBetfFBEj2Xc,PARK,26.8523888,93.3803504,parks,N/A,2025-01-26,N/A,N/A,Arunachal Pradesh
ChIJeTtQIbEQRDcRVXywES1gZBc,Jyoti park,26.8547381,93.5670681,parks,N/A,2025-01-26,N/A,N/A,Arunachal Pradesh
ChIJb3mOOvkbRDcRfOHkDVRWXJc,Borpukhuri park,26.8827151,93.6146062,parks,N/A,2025-01-26,N/A,N/A,Arunachal Pradesh
ChIJB5AoE0xvRDcRThjz-LqkDAs,Behali Wildlife Sanctuary,26.908888,93.30805500000001,parks,N/A,2025-01-26,N/A,N/A,Arunachal Pradesh
ChIJhVLVGXaZRjcRuoGAPo5jdE4,Swahid Kamala Miri Park,26.698377,93.846418,parks,N/A,2025-01-26,N/A,N/A,Arunachal Pradesh
ChIJ1y-_O8xfRDcRM6Ft90lQSY0,"Children Park ,BNCA",26.7265776,93.14140049999999,parks,N/A,2025-01-26,N/A,N/A,Arunachal Pradesh
ChIJbTQsYvIARDcRJEQ4F_WcXZg,Polo Park,27.098352,93.6937043,parks,N/A,2025-01-26,N/A,N/A,Arunachal Pradesh
ChIJLTVmSwBVQTcRdNux25bNn8k,Selfie with Deer,27.1476959,93.76776640000001,parks,N/A,2025-01-26,N/A,N/A,Arunachal Pradesh
ChIJOUi7FPymRjcR11vGbpljQXw,Borpukhuri Park,26.8802734,93.78823799999999,parks,N/A,2025-01-26,N/A,N/A,Arunachal Pradesh
ChIJwRflNBlKQTcRNvuZ4JJgobo,Satajaan Bird Sanctuary,27.2086918,94.05169529999999,parks,N/A,2025-01-26,N/A,N/A,Arunachal Pradesh
ChIJQ16IAFI3QTcR5_gAUMUdjF8,KeshahoonJewellary,27.2381671,94.1079711,parks,N/A,2025-01-26,N/A,N/A,Arunachal Pradesh
ChIJq6qq_qUHRDcRvV7gxKhg-rc,Indira Gandhi Park,27.0981262,93.62151829999999,parks,N/A,2025-01-26,N/A,N/A,Arunachal Pradesh
ChIJXxCEzp-tRjcRZZy78NZKcBM,Park,27.0320602,93.8921404,parks,N/A,2025-01-26,N/A,N/A,Arunachal Pradesh
ChIJlQbVSEcHRDcR-gZNmfuVyU0,Gandhi Udyan park,27.0976155,93.61255799999999,parks,N/A,2025-01-26,N/A,N/A,Arunachal Pradesh
ChIJzeNpup9LQTcR1Yl5B4PtJEE,Nowboicha Children Park,27.165548,94.00642130000001,parks,N/A,2025-01-26,N/A,N/A,Arunachal Pradesh
ChIJbzWSMnI3QTcRK94Up-NxzOs,Gandhi Park,27.2253189,94.10533070000001,parks,N/A,2025-01-26,N/A,N/A,Arunachal Pradesh
ChIJ_22D31wHRDcRUg9DzweoNaU,GOYA PICNIC PARK,27.0826822,93.5855055,parks,N/A,2025-01-26,N/A,N/A,Arunachal Pradesh
ChIJOdpg-GsHRDcRVVmGJZCZSCw,Goya Picnic Park,27.0843682,93.6053163,parks,N/A,2025-01-26,N/A,N/A,Arunachal Pradesh
ChIJ27j_t2qeRjcRPmTkOiJULnE,Mohuramukh,26.674928,93.76445419999999,parks,N/A,2025-01-26,N/A,N/A,Arunachal Pradesh
ChIJc4C6zeMDRDcRhDe0SFbt-5I,Van Vigyan kendra,27.0251179,93.7302205,parks,N/A,2025-01-26,N/A,N/A,Arunachal Pradesh
ChIJ08jKzW-xRjcRgyLNKg5ITzE,Bihpuria Park,27.0058391,93.9162964,parks,N/A,2025-01-26,N/A,N/A,Arunachal Pradesh
ChIJH-fbf6GvRjcRxbcn7S3KCko,"I love Narayanpur ,green park , naryanpur",26.9517896,93.8591678,parks,N/A,2025-01-26,N/A,N/A,Arunachal Pradesh
ChIJvZ7WuNAHRDcRJRrfvrOUOqI,Public park,27.0710315,93.60093529999999,parks,N/A,2025-01-26,N/A,N/A,Arunachal Pradesh
ChIJQUBdeLIHRDcRKhPHdnvu7KU,I g park & bage tin ali,27.0843682,93.6053163,parks,N/A,2025-01-26,N/A,N/A,Arunachal Pradesh
ChIJtwVCnXFVQTcRcxD64gUnAYg,V. C Park,27.1454467,93.7696278,parks,N/A,2025-01-26,N/A,N/A,Arunachal Pradesh
ChIJvWzGTHBfRDcRD3gaMqx9YI4,Cheniram Das Memorial Childrens' Park,26.7338731,93.1406951,parks,N/A,2025-01-26,N/A,N/A,Arunachal Pradesh
ChIJT_33LAA3QTcRm4M7mq7Nb-c,LMCH PARK,27.2608325,94.10567710000001,parks,N/A,2025-01-26,N/A,N/A,Arunachal Pradesh
ChIJsbXur9NnQTcRtgl-8CflwBg,Forest Children Park,27.5270761,93.8503145,parks,N/A,2025-01-26,N/A,N/A,Arunachal Pradesh
ChIJ29IEA8ABRDcR305OxKcPRRE,Mahatma Gandhi park,27.1027706,93.6867949,parks,N/A,2025-01-26,N/A,N/A,Arunachal Pradesh
ChIJhTFI6JyZRjcRguO4jXxGNhs,"Khumtai TE, Badulipara Ltd",26.6633949,93.8688397,parks,N/A,2025-01-26,N/A,N/A,Arunachal Pradesh
ChIJq-PF5FoPRDcRJJlSJD8XjM0,Green Picnic Spot Balijan,26.9771517,93.5055121,parks,N/A,2025-01-26,N/A,N/A,Arunachal Pradesh
ChIJqQmeQ95hRDcRXxuwf7aeFgM,Public park,26.7617105,93.16115959999999,parks,N/A,2025-01-26,N/A,N/A,Arunachal Pradesh
ChIJJ99kYgABRDcRhWxRCWIOyI4,Polo park Entrance,27.0998464,93.6922874,parks,N/A,2025-01-26,N/A,N/A,Arunachal Pradesh
ChIJy5RGcKhNQTcRixsu3GPhS2Y,Gagoli poth,27.1470729,93.9533974,parks,N/A,2025-01-26,N/A,N/A,Arunachal Pradesh
ChIJ8WgQpZhhQTcRibwE7fe0tjA,Taw Tiibe,27.5115758,93.82320299999999,parks,N/A,2025-01-26,N/A,N/A,Arunachal Pradesh
ChIJ4xX7dTIHRDcRT02O1fxCmCw,Biological Park Itanagar,27.0707619,93.5824791,parks,N/A,2025-01-26,N/A,N/A,Arunachal Pradesh
ChIJSXPjwFs2QTcRMmxHHG01Chk,Gandhi Park,27.2402358,94.1032532,parks,N/A,2025-01-26,N/A,N/A,Arunachal Pradesh
ChIJi8S8CmVZQTcRv4PxFwrBu8A,CHILDREN'S PARK,27.3426535,93.7946917,parks,N/A,2025-01-26,N/A,N/A,Arunachal Pradesh
ChIJOZYqvNxPQTcRR4fTpSpfMJg,Rajgarh- Sec-17,27.2915395,93.98516920000002,parks,N/A,2025-01-26,N/A,N/A,Arunachal Pradesh
ChIJI0szMPs3QTcRgp1eHczF3Nw,My mini farm,27.2322323,94.0806858,parks,N/A,2025-01-26,N/A,N/A,Arunachal Pradesh
ChIJCc-2oKsVRDcRP4lAz9F1UhU,Statue ofAadikabi Bhanubhakta's,26.8011959,93.4693039,parks,N/A,2025-01-26,N/A,N/A,Arunachal Pradesh
ChIJMQsDJVQfRDcRRZfxUTOhsYI,PP,26.8332959,93.6748463,parks,N/A,2025-01-26,N/A,N/A,Arunachal Pradesh
ChIJv9pnXEBHRDcR9zW3X7FVAqg,Kaziranga National Park View Point Watch Tower,26.6344453,93.3576949,parks,N/A,2025-01-26,N/A,N/A,Arunachal Pradesh
ChIJUahbbnpVQTcRaviF6d2k44U,Children Park,27.1520933,93.7679639,parks,N/A,2025-01-26,N/A,N/A,Arunachal Pradesh
ChIJcQiWau9pRDcRWalj_BnRqYY,Santosh Bharali Tea Garden,26.7799073,93.291797,parks,N/A,2025-01-26,N/A,N/A,Arunachal Pradesh
ChIJnQ2xjSkGRDcRqgyvlSktQlE,Rathor park,27.074559,93.5827446,parks,N/A,2025-01-26,N/A,N/A,Arunachal Pradesh
ChIJg6H6UL4kRDcRBu68lMrReiY,Indira Gandhi Children's Park,26.6370949,93.5994283,parks,N/A,2025-01-26,N/A,N/A,Arunachal Pradesh
ChIJqcDZXQCnRjcRZ8Kr4qBK9Rc,Khanapara Bori,26.8849794,93.77960329999999,parks,N/A,2025-01-26,N/A,N/A,Arunachal Pradesh
ChIJD8e4-7cbRDcRGHDt5dtfWOc,MohitMamu Tea garden,26.9250013,93.6088247,parks,N/A,2025-01-26,N/A,N/A,Arunachal Pradesh
ChIJzU3YNFs3QTcRt8BImHtNmGo,Shiv Temple Park,27.2269038,94.09397969999999,parks,N/A,2025-01-26,N/A,N/A,Arunachal Pradesh
ChIJo3YnNABnQTcRSeTmj_VCLKk,Bullo Tana Buni Pvt Forest,27.529551,93.8552057,parks,N/A,2025-01-26,N/A,N/A,Arunachal Pradesh
ChIJH0r9aPBZQTcRQzczpi5vQqA,Yayo Orange garden,27.3657924,93.75260689999999,parks,N/A,2025-01-26,N/A,N/A,Arunachal Pradesh
ChIJA0lFaWABRDcRcouMAjps2T0,Talar's Farm,27.1108022,93.7135821,parks,N/A,2025-01-26,N/A,N/A,Arunachal Pradesh
ChIJJ018mo0hRDcRrGILnr06uAE,Camp Nikori,26.6856708,93.6806623,parks,N/A,2025-01-26,N/A,N/A,Arunachal Pradesh
ChIJMTMEZo0ARDcRjTgzsaIAP4U,My Little Garden,27.1034749,93.6933576,parks,N/A,2025-01-26,N/A,N/A,Arunachal Pradesh
ChIJcauRgFwlRDcRezoboKIXAQk,Kaziranga Jeep safari and Elephant,26.6411551,93.58696909999999,parks,N/A,2025-01-26,N/A,N/A,Arunachal Pradesh
ChIJNWWCPQsHRDcR8025Ci5SnyY,State Museum,27.1019103,93.62501069999999,museum,N/A,2025-01-26,N/A,N/A,Arunachal Pradesh
ChIJA3otIbwWRDcRjYqKgABBOzY,Kanaklata Baruah Statue,26.8280246,93.5153037,museum,N/A,2025-01-26,N/A,N/A,Arunachal Pradesh
ChIJe7zxd8HCRjcRDjKLQasT6ro,Kala Kshetra Jorhat,26.7168281,94.0773584,museum,N/A,2025-01-26,N/A,N/A,Arunachal Pradesh
ChIJ345qcluvRjcRJ2WW8raCF4s,Banatirtha,26.942011,93.8328586,museum,N/A,2025-01-26,N/A,N/A,Arunachal Pradesh
ChIJP8TPN7TqRjcR1DgIqqLePRM,Swargadeo Chaolung Siu-Ka-Pha Samanway Kshetra,26.7167416,94.07708439999999,museum,N/A,2025-01-26,N/A,N/A,Arunachal Pradesh
ChIJi55F2bZVQTcRyKwXGJ2iA8A,Tribal Heritage Museum,27.146524,93.7688738,museum,N/A,2025-01-26,N/A,N/A,Arunachal Pradesh
ChIJD07sFJgfRDcRqKuq7j7FWG0,Charaibari Bridge,26.8182159,93.69209359999999,museum,N/A,2025-01-26,N/A,N/A,Arunachal Pradesh
ChIJZTUjSXSvRjcRn8TbfS_F2rQ,Sakrahi Satra,26.9519158,93.8626262,museum,N/A,2025-01-26,N/A,N/A,Arunachal Pradesh
ChIJT_cBpqYHRDcRjMqArmkbKTI,Science Centre,27.0970707,93.6169784,museum,N/A,2025-01-26,N/A,N/A,Arunachal Pradesh
ChIJZ8ZsnwXrRjcRKBhE-hXyl8Q,Swargadeo Chaolung Siu-Ka-Pha Memorial Building,26.7160096,94.0761141,museum,N/A,2025-01-26,N/A,N/A,Arunachal Pradesh
ChIJI68zJe-1RjcRLKBMF3vLayI,Romjan tiniali,27.0543248,94.027215,museum,N/A,2025-01-26,N/A,N/A,Arunachal Pradesh
ChIJF-deFCwcRDcRJcRoeooagsM,DHANDI DOL,26.84996,93.69892469999999,museum,N/A,2025-01-26,N/A,N/A,Arunachal Pradesh
ChIJeQJsZAAjRDcR04lyvaYanPc,Late Mohidul Charo Memorial Monument প্ৰধান শিক্ষক মহিদুল চাৰ’ স্মৃতিসৌধ,26.6576016,93.5848662,museum,N/A,2025-01-26,N/A,N/A,Arunachal Pradesh
ChIJk_6CAxAHRDcRPeWH7qbcFGE,Ita Fort,27.0921598,93.63178409999999,museum,N/A,2025-01-26,N/A,N/A,Arunachal Pradesh
ChIJ7cBsf4IIRDcRBtgkWW_EVw8,Itanagar Zoo,27.0703278,93.5828358,museum,N/A,2025-01-26,N/A,N/A,Arunachal Pradesh
ChIJmSdyTQsHRDcRx6gkSB-Vfic,"Gompa Buddhist Temple - Itanagar, Arunachal Pradesh, India",27.1032658,93.6260528,museum,N/A,2025-01-26,N/A,N/A,Arunachal Pradesh
ChIJ_1VaLQCvRjcRAFB9Li3we5c,"Madhavdev kolakhetra, narayanpur, Lakhimpur, Assam, India",26.9545212,93.85044649999999,museum,N/A,2025-01-26,N/A,N/A,Arunachal Pradesh
ChIJ8UvptfoHRDcRiFL8rrN4W-U,Museum Colony,27.1019103,93.62501069999999,museum,N/A,2025-01-26,N/A,N/A,Arunachal Pradesh
ChIJiTsvsutrRDcRVpCSAvWHeRY,पीताम्बर पीठ धाम,26.7912444,93.38087469999999,museum,N/A,2025-01-26,N/A,N/A,Arunachal Pradesh
ChIJMTCqbQBLQTcRRJelp0pbM6E,Inamul House,27.135178,94.001598,museum,N/A,2025-01-26,N/A,N/A,Arunachal Pradesh
ChIJL8oYegCrRjcRpwHX5nvuWe4,Bro. Prem Bhai house museum,27.1112178,93.8172946,museum,N/A,2025-01-26,N/A,N/A,Arunachal Pradesh
ChIJq6qq_qUHRDcRvV7gxKhg-rc,Indira Gandhi Park,27.0981262,93.62151829999999,museum,N/A,2025-01-26,N/A,N/A,Arunachal Pradesh
ChIJTcSbgnIJRDcRV6OR0TEz-N4,Lonam Picnic Spot Poma,27.0683472,93.5205939,museum,N/A,2025-01-26,N/A,N/A,Arunachal Pradesh
ChIJ--YpBlGvRjcRTpyOcwhRINo,Swahid Lila kanta Deori Museum & Library,26.9628567,93.8663737,museum,N/A,2025-01-26,N/A,N/A,Arunachal Pradesh
ChIJowQuDwBhQTcR_uBIy3a-s-U,Integrated Aqua Park,27.5184164,93.8279409,museum,N/A,2025-01-26,N/A,N/A,Arunachal Pradesh
ChIJCzbEhx3rRjcRtFtK6KeiYyY,Chaulung Su-Ka-Fa Cultural Meusiaum,26.7173068,94.0779915,museum,N/A,2025-01-26,N/A,N/A,Arunachal Pradesh
ChIJv-HaGl0HRDcRyKpbcs_8X_g,ITANAGAR GUEST HOUSE cum HOME STAY,27.0809695,93.60478049999999,museum,N/A,2025-01-26,N/A,N/A,Arunachal Pradesh
ChIJ750gpiWzRjcR9Cryiqrj_nc,SRI SRI NACHANIPAR SATRA শ্ৰীশ্ৰীনাচনিপাৰ সত্ৰ,27.0441192,93.9802335,museum,N/A,2025-01-26,N/A,N/A,Arunachal Pradesh
ChIJAQAAABsKTTcR45Ned2G0qlY,Vantawng Falls,23.2343703,92.7511995,attraction,N/A,2025-01-26,N/A,N/A,Mizoram
ChIJ5-z8rFw5TTcRuJv33NSJWuw,Theiriat Tlâng,22.8683581,92.78813749999999,attraction,N/A,2025-01-26,N/A,N/A,Mizoram
ChIJmYiZaiV1TTcRlZ4SDdzZWj8,Thenzawl Vety. Dilpui,23.2650063,92.75550009999999,attraction,N/A,2025-01-26,N/A,N/A,Mizoram
ChIJsyI0XEyXTTcREkmOzBiIo3s,Tuirivang Falls,23.572152,92.75697629999999,attraction,N/A,2025-01-26,N/A,N/A,Mizoram
ChIJR0IQwgMBTTcRb0OkHff_thk,Mura Pûk,23.3288178,93.0954472,attraction,N/A,2025-01-26,N/A,N/A,Mizoram
ChIJm899TH8gTTcR8hPnpF1Seg0,"Sâikûti Thlan, Thingsâi",22.9292447,93.0967847,attraction,N/A,2025-01-26,N/A,N/A,Mizoram
ChIJacLVO1pbTDcRrYOMbG2WUaI,Joy of Champhai,23.4691429,93.3350543,attraction,N/A,2025-01-26,N/A,N/A,Mizoram
ChIJtepnL5aFTTcRLYHdRc7YJoU,Dârlung View,23.4594984,92.6097867,attraction,N/A,2025-01-26,N/A,N/A,Mizoram
ChIJRbyw8ymZTTcRMDArxEVsHNY,Midum Kham View Point,23.4696531,92.7403446,attraction,N/A,2025-01-26,N/A,N/A,Mizoram
ChIJsRkRfsTvTDcRDqY7GndumxA,Lamsial Puk,23.1356243,93.2810926,attraction,N/A,2025-01-26,N/A,N/A,Mizoram
ChIJM4oCA9jpTDcR9VGbkwfXck8,Home Gourd Tlang,23.0157889,93.3371126,attraction,N/A,2025-01-26,N/A,N/A,Mizoram
ChIJq2I--gJdTDcRNNafv-79jno,Mualnuam,23.4551981,93.34933459999999,attraction,N/A,2025-01-26,N/A,N/A,Mizoram
ChIJgyG0H5ufTTcRC9WNjwkScLE,Sunset View Point,23.4500909,92.75682259999999,attraction,N/A,2025-01-26,N/A,N/A,Mizoram
ChIJW96vYsKXTTcRd2zYp5wZIA4,RANGTLA LI,23.5671337,92.76026329999999,attraction,N/A,2025-01-26,N/A,N/A,Mizoram
ChIJwbjZSMkDTTcRQwCPE7WWD8o,East Lungdar Tlâng,23.2014215,93.08319259999999,attraction,N/A,2025-01-26,N/A,N/A,Mizoram
ChIJY_0MJIdBTTcR2OgkgmTXtL4,View of Lunglei,22.9265663,92.7505836,attraction,N/A,2025-01-26,N/A,N/A,Mizoram
ChIJ_W7sBBJRTDcRi8rIp9wMMyk,Tuifar (Falls),23.4736468,93.2384727,attraction,N/A,2025-01-26,N/A,N/A,Mizoram
ChIJg_sAexFzTTcRUXlGys-XHeY,Vantawng Khawhthla,23.2328125,92.7510625,attraction,N/A,2025-01-26,N/A,N/A,Mizoram
ChIJ0VhCB7Y8TTcRsbZlSFaZY-E,"Fish Sanctuary, Tuipui D",22.9023258,92.93252919999999,attraction,N/A,2025-01-26,N/A,N/A,Mizoram
ChIJh5iabAB1TTcRPyjs7u59M1Y,Thenzawl Point,23.2796274,92.7725394,attraction,N/A,2025-01-26,N/A,N/A,Mizoram
ChIJDWhP52lzTTcR1iJ7oyDq1po,Vantawng Khawhthla Waterfall View Point,23.2340511,92.75474,attraction,N/A,2025-01-26,N/A,N/A,Mizoram
ChIJeyIZOQB9TTcRKPccDy5maKM,Tleu Quarry,23.2109079,92.52460110000001,attraction,N/A,2025-01-26,N/A,N/A,Mizoram
ChIJLyKV22VVTDcRL55hmmGg2ig,Khawhai Tlâng,23.3734156,93.1163423,attraction,N/A,2025-01-26,N/A,N/A,Mizoram
ChIJuw7zs9JDTDcRaOQ1kuvGH7U,Ngur tlang Chawlhbuk Viewpoint,23.5397341,93.3789068,attraction,N/A,2025-01-26,N/A,N/A,Mizoram
ChIJScFVda-fTTcRi5AonzPXMbo,Sialsuk Tlâng,23.3933263,92.7544463,attraction,N/A,2025-01-26,N/A,N/A,Mizoram
ChIJf0VoLQDnTDcRYhqzpYv_XQI,Rinpui Nu Lungdonh ( Tlaanglennak),22.9985738,93.19037499999999,attraction,N/A,2025-01-26,N/A,N/A,Mizoram
ChIJowT8IhifTTcRW1lbNm7_OIY,Thingse chawlhhmun,23.4106537,92.7506744,attraction,N/A,2025-01-26,N/A,N/A,Mizoram
ChIJD-o58i5zTTcRvUiaZee_zqo,"Bungtianghawl, Kanghmun South",23.2065045,92.7400602,attraction,N/A,2025-01-26,N/A,N/A,Mizoram
ChIJ2XhmVVFRTDcR1lUFzSHNqAI,Lungtagi/lungthlanghing,23.5320746,93.234267,attraction,N/A,2025-01-26,N/A,N/A,Mizoram
ChIJ1aww1PcLTTcRtyn0UQ4uP8E,Zero Point Thenzawl Serchhip,23.31384,92.7964628,attraction,N/A,2025-01-26,N/A,N/A,Mizoram
ChIJFX6T-2vPTDcRouiKh8RsHSY,Lungmili,22.714143,93.35160259999999,attraction,N/A,2025-01-26,N/A,N/A,Mizoram
ChIJWx7dDxCfTTcR_EROg1URk2E,"Hmuifang Watch Tower, Panoramic Views",23.453076,92.75161790000001,attraction,N/A,2025-01-26,N/A,N/A,Mizoram
ChIJ8SobdgDdTDcRDdIOkcB-1KI,Mual Lai,22.9023906,93.2259947,attraction,N/A,2025-01-26,N/A,N/A,Mizoram
ChIJRzWYMSsXTTcR0xGRqwAJ4yc,Pangzawl Khawngbawk Bûng,23.0664968,92.89789379999999,attraction,N/A,2025-01-26,N/A,N/A,Mizoram
ChIJg9006U45TTcR1m3qzReuFFQ,Areopagy,22.8501029,92.79415739999999,attraction,N/A,2025-01-26,N/A,N/A,Mizoram
ChIJacuUryLtTDcRUKVL6ZA3Qyg,Harhva Chuah,23.070584,93.3515623,attraction,N/A,2025-01-26,N/A,N/A,Mizoram
ChIJcYmDumdBTTcRYyKQC8sKXho,Lunglei stone bridge trail,22.8887298,92.766367,attraction,N/A,2025-01-26,N/A,N/A,Mizoram
ChIJu46v_OtRTDcRLD_5ASM68BU,Khawpuiṭan,23.4596024,93.22214269999999,attraction,N/A,2025-01-26,N/A,N/A,Mizoram
ChIJ6wAvdgBbTDcROBJyJLRQQwA,Forestkawn,23.4834462,93.329825,attraction,N/A,2025-01-26,N/A,N/A,Mizoram
ChIJ2cp854Q5TTcRiCt10uB8s38,Sairep Tlang,22.8184355,92.8213013,attraction,N/A,2025-01-26,N/A,N/A,Mizoram
ChIJNbudmnZfTDcR0wvtnDNvGzY,Rihtlangpui View Point,23.3478924,93.3862917,attraction,N/A,2025-01-26,N/A,N/A,Mizoram
ChIJgxdere0LTTcRPXXnVwsjgRg,Aizawl - Serchhip - Thenzawl Junction,23.3138035,92.7964555,attraction,N/A,2025-01-26,N/A,N/A,Mizoram
ChIJtyzSKEDuTDcRBVANY_xFjv4,Thasiama Seno-neihna,23.1308474,93.31770619999999,attraction,N/A,2025-01-26,N/A,N/A,Mizoram
ChIJKRQE9bZzTTcR79d1k9WBh-o,"Horse Riding Area (Dilpui, Thenzawl)",23.2636398,92.7568445,attraction,N/A,2025-01-26,N/A,N/A,Mizoram
ChIJe6ob-3WjTTcRX_AQEH8DR5k,Ramri Tlang,23.5170896,92.8262172,attraction,N/A,2025-01-26,N/A,N/A,Mizoram
ChIJse30DACnTTcRbRzesBXcfg8,Khawhthla mawi,23.4495293,92.8987042,attraction,N/A,2025-01-26,N/A,N/A,Mizoram
ChIJ82k1-3gJTTcRlIoS29dQn4c,R.Thanchuanga Colony len thla,23.3151528,92.85909529999999,attraction,N/A,2025-01-26,N/A,N/A,Mizoram
ChIJ4amScdVzTTcRsyy-LwZwTt4,Vantawng khawhthla peng,23.246642,92.7551359,attraction,N/A,2025-01-26,N/A,N/A,Mizoram
ChIJEwaBYYFbTDcR79eBkWlvj-w,Dâm Lî,23.4566937,93.2610133,attraction,N/A,2025-01-26,N/A,N/A,Mizoram
ChIJH4tQShAnTTcRB87-sHHXWo4,PHUNHNAWMA LUNG,22.8282657,93.0331345,attraction,N/A,2025-01-26,N/A,N/A,Mizoram
ChIJVV-NTQBbTDcR-zpJxHQUxV4,Seventhday Mual,23.4881506,93.3272471,attraction,N/A,2025-01-26,N/A,N/A,Mizoram
ChIJp_bg0UA9TTcREWbcl55Y6dM,Chhimtuipui River,22.908082,92.9350122,attraction,N/A,2025-01-26,N/A,N/A,Mizoram
ChIJL0IdIgBDTDcRXbzqb1ze0yI,Tuilut Puk,23.5411255,93.3727095,attraction,N/A,2025-01-26,N/A,N/A,Mizoram
ChIJyReeDmypTTcRtWj4mLKTw_U,Belrawhkawn,23.4460219,92.9516802,attraction,N/A,2025-01-26,N/A,N/A,Mizoram
ChIJPWQZX3slTTcRoKMGA8XPrTI,Dârzo Tlâng,22.8321206,92.9555982,attraction,N/A,2025-01-26,N/A,N/A,Mizoram
ChIJddGfGTx1TTcR9Jv5mfEFktQ,Thenzawl Golf Resort Viewing Gallery,23.2798029,92.74965139999999,attraction,N/A,2025-01-26,N/A,N/A,Mizoram
ChIJza8Iv5hzTTcRDHwO5XzbDgc,Kanghmun South Waiting Shed,23.2158756,92.74082469999999,attraction,N/A,2025-01-26,N/A,N/A,Mizoram
ChIJacCsgZinTTcRV0pBa0werl8,Sahlam tuikhur,23.4264294,92.90707669999999,attraction,N/A,2025-01-26,N/A,N/A,Mizoram
ChIJcXlWKJ6fTTcRRhUCnemiJEc,"Trekking Route, Sialsuk",23.3926164,92.7538783,attraction,N/A,2025-01-26,N/A,N/A,Mizoram
ChIJxaenJzJfTTcR9LckNY1eplo,Missionary Kai,22.9058254,92.4661824,attraction,N/A,2025-01-26,N/A,N/A,Mizoram
ChIJ_____xC2TDcRTm9N1_HefHA,Lahva Thantlang,22.7257221,93.4116301,beaches,N/A,2025-01-26,N/A,N/A,Mizoram
ChIJhWCKoy5BTTcRklKY7vR0Er8,Abel's Resort,22.9374341,92.75256,beaches,N/A,2025-01-26,N/A,N/A,Mizoram
ChIJAQAAABsKTTcR45Ned2G0qlY,Vantawng Falls,23.2343703,92.7511995,waterfalls,N/A,2025-01-26,N/A,N/A,Mizoram
ChIJjzU4jBJzTTcRJehK04YZjR4,Tuirihiau Falls,23.2368655,92.7491194,waterfalls,N/A,2025-01-26,N/A,N/A,Mizoram
ChIJsyI0XEyXTTcREkmOzBiIo3s,Tuirivang Falls,23.572152,92.75697629999999,waterfalls,N/A,2025-01-26,N/A,N/A,Mizoram
ChIJDWhP52lzTTcR1iJ7oyDq1po,Vantawng Khawhthla Waterfall View Point,23.2340511,92.75474,waterfalls,N/A,2025-01-26,N/A,N/A,Mizoram
ChIJg_sAexFzTTcRUXlGys-XHeY,Vantawng Khawhthla,23.2328125,92.7510625,waterfalls,N/A,2025-01-26,N/A,N/A,Mizoram
ChIJ_7CSDwBzTTcR1BXRhi4F1KA,Vanva Lui,23.2326345,92.75077920000001,waterfalls,N/A,2025-01-26,N/A,N/A,Mizoram
ChIJ4amScdVzTTcRsyy-LwZwTt4,Vantawng khawhthla peng,23.246642,92.7551359,waterfalls,N/A,2025-01-26,N/A,N/A,Mizoram
ChIJ62a5vY0fTTcRUvEzNQZD5iM,"Khawhthlasang, South Chawngtui",23.0584406,93.0389354,waterfalls,N/A,2025-01-26,N/A,N/A,Mizoram
ChIJmYiZaiV1TTcRlZ4SDdzZWj8,Thenzawl Vety. Dilpui,23.2650063,92.75550009999999,waterfalls,N/A,2025-01-26,N/A,N/A,Mizoram
ChIJ-fOyLC1zTTcRgD6ulyze8UM,Aizawl Tlang,23.2555895,92.7579871,waterfalls,N/A,2025-01-26,N/A,N/A,Mizoram
ChIJRUeQDwhzTTcRuYkOyhgGnl4,Pu Rawla Khawhthla,23.2428603,92.7752498,waterfalls,N/A,2025-01-26,N/A,N/A,Mizoram
ChIJR0IQwgMBTTcRb0OkHff_thk,Mura Pûk,23.3288178,93.0954472,waterfalls,N/A,2025-01-26,N/A,N/A,Mizoram
ChIJddGfGTx1TTcR9Jv5mfEFktQ,Thenzawl Golf Resort Viewing Gallery,23.2798029,92.74965139999999,waterfalls,N/A,2025-01-26,N/A,N/A,Mizoram
ChIJnfUhROwcTTcRNBdP0jnyREE,Khâwng Park — North Vanlaiphai,23.1311902,93.0411835,parks,N/A,2025-01-26,N/A,N/A,Mizoram
ChIJJyTf0DDnTDcR1XwTXixuDmQ,"DBYF, Park",22.9892092,93.1893175,parks,N/A,2025-01-26,N/A,N/A,Mizoram
ChIJ0cfhzxHpTDcRqonh_BFscKE,Public Park,23.0089982,93.33817979999999,parks,N/A,2025-01-26,N/A,N/A,Mizoram
ChIJzRw73G5ATTcRdjkhDs2liJg,Laldenga Park,22.9449072,92.76408649999999,parks,N/A,2025-01-26,N/A,N/A,Mizoram
ChIJT4jNZ0OmTTcRQdEcbTcKSsA,"YMA Park, Thentlang",23.4215825,92.9090009,parks,N/A,2025-01-26,N/A,N/A,Mizoram
ChIJ41zs-soFTTcRjx-Y1fwho3U,Eco park,23.2236599,93.0011998,parks,N/A,2025-01-26,N/A,N/A,Mizoram
ChIJrYfRgOI4TTcRSEnDUk-noaM,Lunglei District Park,22.8481537,92.8175377,parks,N/A,2025-01-26,N/A,N/A,Mizoram
ChIJeSzyTo5zTTcRm4xyuwKKgJw,"LAD Park, Thenzawl",23.2626815,92.7690549,parks,N/A,2025-01-26,N/A,N/A,Mizoram
ChIJY2tdOIwCTTcRmHG_EdSW6Kc,East Lungdar Martar Lungdawh,23.2013685,93.08149739999999,parks,N/A,2025-01-26,N/A,N/A,Mizoram
ChIJSbB8BfmfTTcRQj1uumtxaI0,Samlukhai Park (Zathawma Bûng),23.4218274,92.71342829999999,parks,N/A,2025-01-26,N/A,N/A,Mizoram
ChIJTS5Kd8hdTDcR_BwmzkWAdDM,YMA PARK (New),23.4978465,93.3486411,parks,N/A,2025-01-26,N/A,N/A,Mizoram
ChIJ3753mqxeTDcRdOjTibmLg5E,"YMA Park, Ruantlang",23.4353421,93.340578,parks,N/A,2025-01-26,N/A,N/A,Mizoram
ChIJUZuUvW1RTDcRINE01NTeta8,Mualvawm park,23.5348427,93.18595839999999,parks,N/A,2025-01-26,N/A,N/A,Mizoram
ChIJ_bckrc5BTTcRoGa3--Y2D6E,LDF Park,22.9385877,92.7512095,parks,N/A,2025-01-26,N/A,N/A,Mizoram
ChIJ-fOyLC1zTTcRgD6ulyze8UM,Aizawl Tlang,23.2555895,92.7579871,parks,N/A,2025-01-26,N/A,N/A,Mizoram
ChIJy2WhV3tbTTcR0eEeolWkV2U,"BDO Park, Lungsen",22.8787962,92.58863550000001,parks,N/A,2025-01-26,N/A,N/A,Mizoram
ChIJK0Xj3BV9TTcRXTUfW-l0vto,YMA park,23.2629424,92.4757302,parks,N/A,2025-01-26,N/A,N/A,Mizoram
ChIJMdOflgCZTTcR7iGAn3tYVNQ,Maubuang Park,23.4874681,92.7079528,parks,N/A,2025-01-26,N/A,N/A,Mizoram
ChIJ9QvCVuZbTDcR4fcJT5K2ruc,Hmunhmeltha YMA park,23.4989673,93.3291052,parks,N/A,2025-01-26,N/A,N/A,Mizoram
ChIJRSv58VhdTDcRS39LNbIFAT4,Y.M.A Park,23.5316397,93.3687358,parks,N/A,2025-01-26,N/A,N/A,Mizoram
ChIJeb8mM2BVTDcR5fJ9dWPm86c,Chalrang YMA Park,23.3854436,93.14939179999999,parks,N/A,2025-01-26,N/A,N/A,Mizoram
ChIJ3SHRIlChTTcR2tn-EXi3Kmk,Bengkhuaia Hriatrengna Lungphun,23.3580924,92.7869302,parks,N/A,2025-01-26,N/A,N/A,Mizoram
ChIJk7rQkfX5TDcRHC7e9FwoQ_8,Bungzung YMA Park,23.2799443,93.2342737,parks,N/A,2025-01-26,N/A,N/A,Mizoram
ChIJgfc_foBzTTcRCHFfFQzKez0,YMA Park,23.181529,92.7369236,parks,N/A,2025-01-26,N/A,N/A,Mizoram
ChIJ82isudEZTTcR6fGC_AbLr1w,Tarpho park,23.0061174,92.9991093,parks,N/A,2025-01-26,N/A,N/A,Mizoram
ChIJQ2v76Kn1TDcRcfKLZA6qToU,"YMA Park, Sesih",23.285429,93.3408891,parks,N/A,2025-01-26,N/A,N/A,Mizoram
ChIJl6Fw5I9bTDcRomUrnk9_Oqo,Champhai YMA Sub Hqrs Park,23.4760289,93.3361027,parks,N/A,2025-01-26,N/A,N/A,Mizoram
ChIJHXoG5OEfTTcRjj5jpWUsCiA,Cherhlun YMA Jubilee Park,23.0076138,93.0846275,parks,N/A,2025-01-26,N/A,N/A,Mizoram
ChIJhWgwSjtlTTcRav4yb_Fs5vU,Changpui YMA Park,23.1678675,92.6113316,parks,N/A,2025-01-26,N/A,N/A,Mizoram
ChIJtwMD3ecLTTcRpfPRUFBxthI,New Serchhip VC Park,23.3408817,92.8488627,parks,N/A,2025-01-26,N/A,N/A,Mizoram
ChIJRRDT0dDpTDcRxUrXlBf9AYc,Purabo Park,23.0024143,93.33414309999999,parks,N/A,2025-01-26,N/A,N/A,Mizoram
ChIJCTIT8nVzTTcR0gh7QR5OTiU,Vantawng Peng bul park,23.2465946,92.75605859999999,parks,N/A,2025-01-26,N/A,N/A,Mizoram
ChIJlZQ0HNGvTTcRIY39306ppUk,"MSU Park, Maite",23.5278876,93.0020933,parks,N/A,2025-01-26,N/A,N/A,Mizoram
ChIJAUO4DJa9TTcRLNUT-NBwmRM,Venghlun YMA Park,23.5976257,92.85125939999999,parks,N/A,2025-01-26,N/A,N/A,Mizoram
ChIJi-yKdVwpTTcRK9Ww0XVK0qo,YLA park,22.7541658,93.0745347,parks,N/A,2025-01-26,N/A,N/A,Mizoram
ChIJ78wYMcs3TTcRFX5gE7qGZq4,Hnawncheua Park,22.7170162,92.8392544,parks,N/A,2025-01-26,N/A,N/A,Mizoram
ChIJ_77AjP1BTTcR4t5sB4IbDbs,Jacob's Villa,22.9000311,92.7370005,parks,N/A,2025-01-26,N/A,N/A,Mizoram
ChIJT4yaAe4LTTcRfbHSY_JuJWY,"YMA PARK, Sailam",23.3538921,92.789833,parks,N/A,2025-01-26,N/A,N/A,Mizoram
ChIJRc7NmtPpTDcRtRc5Fqz5BEs,Tlanglo National Park,23.010811,93.33669429999999,parks,N/A,2025-01-26,N/A,N/A,Mizoram
ChIJ04IhelhbTDcRAGI7N9m-mu4,UPA Rohmingthanga Memorial Park,23.4772322,93.3179787,parks,N/A,2025-01-26,N/A,N/A,Mizoram
ChIJewb_EuOhTTcRaPdqUNb-X80,Lamchhip YMA - Vanapa Section Park,23.4389836,92.78156779999999,parks,N/A,2025-01-26,N/A,N/A,Mizoram
ChIJdfHVU-QvTTcRmNzjQa5qXwM,YLA PARK Lungtian II,22.7176372,92.97344729999999,parks,N/A,2025-01-26,N/A,N/A,Mizoram
ChIJL86TewANTTcRSeJzadVLz9c,YMA Park Chhipphir,23.175048,92.8008337,parks,N/A,2025-01-26,N/A,N/A,Mizoram
ChIJW1mC-dJATTcRXDt2Ek1SCLw,War Memorial Park,22.8849246,92.74610249999999,parks,N/A,2025-01-26,N/A,N/A,Mizoram
ChIJh1zUxSUpTTcRDaCoMm8tSMc,"YLA Park, Sangau – I",22.7375703,93.0640057,parks,N/A,2025-01-26,N/A,N/A,Mizoram
ChIJ3bFTGzydTTcRZyqEYXOZ03c,"YMA Park, South Khawlek",23.3655191,92.63319519999999,parks,N/A,2025-01-26,N/A,N/A,Mizoram
ChIJGcfPVQBfTTcRXQkx09HT7P4,Approach Rd to Nagar Van Park,22.9112966,92.46589519999999,parks,N/A,2025-01-26,N/A,N/A,Mizoram
ChIJxaq8dtqYTTcRPshES5MiV84,Damdiai Botanical Garden & Eco Tourism Park,23.465785,92.74473599999999,parks,N/A,2025-01-26,N/A,N/A,Mizoram
ChIJhdEmQABHTTcRY56yMxqHbRk,H&B Farm,22.8497918,92.7585678,parks,N/A,2025-01-26,N/A,N/A,Mizoram
ChIJDZpVllmfTTcRrjDywtBPVfw,"YMA Park, Lamchhip",23.4391433,92.7740951,parks,N/A,2025-01-26,N/A,N/A,Mizoram
ChIJH2jsDMh3TTcRch-LGV4EGGU,Buarpui YMA Park.,23.2776486,92.65805809999999,parks,N/A,2025-01-26,N/A,N/A,Mizoram
ChIJ5wsXtmEETTcRQNF5AE0IIoc,Zawngtelukhai Park,23.2125028,93.0004404,parks,N/A,2025-01-26,N/A,N/A,Mizoram
ChIJl5oMB9QOTTcRPBBUHNWBGJY,"District Park, Dawngzawl",23.2551506,92.8927192,parks,N/A,2025-01-26,N/A,N/A,Mizoram
ChIJCWfSOgBfTTcRHYm-3lDF8eU,Nagar Van Park (EF & CC),22.9099285,92.4634856,parks,N/A,2025-01-26,N/A,N/A,Mizoram
ChIJv-5pRkN1TTcR7NKKQVS9w_4,NEC PARK,23.2647252,92.75563819999999,parks,N/A,2025-01-26,N/A,N/A,Mizoram
ChIJRcdYpmr7TDcROBjUswQZAyU,"Zopui Phûl, Samthang",23.1726904,93.2532755,parks,N/A,2025-01-26,N/A,N/A,Mizoram
ChIJ01oCybvrTDcRslq9PNl7N9c,Biaksang Lung,23.0373978,93.34603059999999,parks,N/A,2025-01-26,N/A,N/A,Mizoram
ChIJZ5hpcQBBTTcRiIoACjNymTw,Aikha park (Nghasih Road),22.8836672,92.76540709999999,parks,N/A,2025-01-26,N/A,N/A,Mizoram
ChIJoW4DSgAlTTcR9BG_VHP9oLg,South Vanlaiphai kawtchhuah,22.7976463,92.9942485,parks,N/A,2025-01-26,N/A,N/A,Mizoram
ChIJYfy4u5ThTDcRlMCktWkV7tA,"Kahchham Park, Ngharchhip",22.9803859,93.11646739999999,parks,N/A,2025-01-26,N/A,N/A,Mizoram
ChIJpXj2Zdn6TDcRmVi-A3f2hD8,Mizo Hlakungpui Mual,23.1618802,93.21884659999999,museum,N/A,2025-01-26,N/A,N/A,Mizoram
ChIJOe7mbsulTTcRPBNY30db3Rg,"Chhingpuii Park, Chhingchhip",23.483734,92.8584221,museum,N/A,2025-01-26,N/A,N/A,Mizoram
ChIJd2P6ZwBBTTcRtysd1Uknus0,"Lunglei District Museum, Sazaikawn",22.8845389,92.7319399,museum,N/A,2025-01-26,N/A,N/A,Mizoram
ChIJ6yQYEQBXTTcRg82cqhaEZD8,Community Hall,22.7857655,92.5034936,museum,N/A,2025-01-26,N/A,N/A,Mizoram
ChIJzTpg-tBATTcRccn2SVUFiiM,Saikuti Hall,22.8918261,92.744907,museum,N/A,2025-01-26,N/A,N/A,Mizoram
ChIJcYy7uy2l5jkRFbz75PzWwZE,Ban Jhakri Falls Park,27.3507643,88.6032316,attraction,N/A,2025-01-26,N/A,N/A,Sikkim
ChIJPeBFfbK65jkR8ClZdNqYMBg,Bakthang Waterfall,27.3578061,88.6235499,attraction,N/A,2025-01-26,N/A,N/A,Sikkim
ChIJN0NYmTGJ5jkROoVJJxG0Mic,Kanchenjunga Falls,27.3586875,88.1988125,attraction,N/A,2025-01-26,N/A,N/A,Sikkim
ChIJ7xbzIhOl5jkRj6Nf_EOoINw,Namnang View Point,27.3230655,88.6133583,attraction,N/A,2025-01-26,N/A,N/A,Sikkim
ChIJt5XPqSID5DkRKgawQZtRsC4,"Rishyap View Point- Kalimpong District, West Bengal, India",27.1112068,88.6525963,attraction,N/A,2025-01-26,N/A,N/A,Sikkim
ChIJaUTmATkf5DkRljEPHksdgK8,Deolo View Point,27.0893257,88.502178,attraction,N/A,2025-01-26,N/A,N/A,Sikkim
ChIJq_qA36qs5jkR_dpRPlqTGYg,Thambi View Point,27.2659243,88.785258,attraction,N/A,2025-01-26,N/A,N/A,Sikkim
ChIJi7D8sMyl5jkRtBLd6472zV4,Saramsa Garden,27.277125,88.59487329999999,attraction,N/A,2025-01-26,N/A,N/A,Sikkim
ChIJ2asIbyuH5jkR5rB0NaNIZHk,Sky Walk Pelling Sikkim,27.2969309,88.21951779999999,attraction,N/A,2025-01-26,N/A,N/A,Sikkim
ChIJ_eEJeKcD5DkRZOW_coZb438,Changey Waterfall,27.1129749,88.6786645,attraction,N/A,2025-01-26,N/A,N/A,Sikkim
ChIJQW3O7ri65jkRZKZgDCuo8mU,"Tashi View Point, Bojoghari",27.3705874,88.61610019999999,attraction,N/A,2025-01-26,N/A,N/A,Sikkim
ChIJJyS4o0Wl5jkRxL1wamCFWVE,Ganesh Tok,27.3414806,88.62129639999999,attraction,N/A,2025-01-26,N/A,N/A,Sikkim
ChIJ1ccDJkCl5jkRWxsK5UptQlo,Flower Exhibition Centre - Ridge Park.,27.3316656,88.61628189999999,attraction,N/A,2025-01-26,N/A,N/A,Sikkim
ChIJC4KMtaWI5jkRsaqywUyHMGc,Phamrong Falls,27.3579058,88.2341677,attraction,N/A,2025-01-26,N/A,N/A,Sikkim
ChIJTTbksj2b5jkRWXexrCkhROs,Maenam Wildlife Sanctuary,27.3239572,88.3799727,attraction,N/A,2025-01-26,N/A,N/A,Sikkim
ChIJ1xSBUzkf5DkRyGREaF0IZnk,Delo Park,27.0891412,88.5032992,attraction,N/A,2025-01-26,N/A,N/A,Sikkim
ChIJ3xQ0vL6r5jkRUZ0XHqP826c,Zuluk,27.2519405,88.77723089999999,attraction,N/A,2025-01-26,N/A,N/A,Sikkim
ChIJX5RkxJ7N5jkR4EDy8UKuPYA,Way to lachung,27.6887896,88.74058749999999,attraction,N/A,2025-01-26,N/A,N/A,Sikkim
ChIJAbfe6FlT4TkR2MajnBg0odE,Lungthung View Point,27.2670875,88.7981719,attraction,N/A,2025-01-26,N/A,N/A,Sikkim
ChIJOSxp3wGl5jkRAgmX0KiK80w,Gangtok view,27.3257141,88.61531289999999,attraction,N/A,2025-01-26,N/A,N/A,Sikkim
ChIJtTYnHRWy5jkRC6AfMBRivbU,Kyongnosla Waterfall,27.3766375,88.7283906,attraction,N/A,2025-01-26,N/A,N/A,Sikkim
ChIJyebsbFaa5jkRMradXAwgLGI,Tathagata Tsal - Sleeping Buddha Statue,27.3121739,88.3640832,attraction,N/A,2025-01-26,N/A,N/A,Sikkim
ChIJvcD5E3Gc5jkREZXiIzHuja0,Rayong Sunrise View Point,27.250507,88.375863,attraction,N/A,2025-01-26,N/A,N/A,Sikkim
ChIJt9VDVTon5DkR8FcM1p2L80Q,Lungchok,27.1321836,88.3893102,attraction,N/A,2025-01-26,N/A,N/A,Sikkim
ChIJ3Q_KOxEz4TkRJn7EKNYvWZM,Katao - North Sikkim,27.6691375,88.8010781,attraction,N/A,2025-01-26,N/A,N/A,Sikkim
ChIJKcIBIZGd5jkRoEYyJI6AOOo,Namchi Rock Garden,27.1807085,88.37522299999999,attraction,N/A,2025-01-26,N/A,N/A,Sikkim
ChIJ27sHN3Gk5jkRTl7oS0WKVEk,Jawaharlal Nehru Botanical Garden,27.2947797,88.56376089999999,attraction,N/A,2025-01-26,N/A,N/A,Sikkim
ChIJL0tFl7TW5jkRoaS3hCZgsHo,Yumthang Valley,27.8267952,88.6958087,attraction,N/A,2025-01-26,N/A,N/A,Sikkim
ChIJjVtqTYT94zkRrkPzBuGoSbg,BINDU VIEW POINT,27.1019584,88.8705801,attraction,N/A,2025-01-26,N/A,N/A,Sikkim
ChIJ4XnWxJaD5jkRS4nQDhJxVT4,Poison Lake,27.2384439,88.2722541,attraction,N/A,2025-01-26,N/A,N/A,Sikkim
ChIJIZTHKFmH5jkRIDr48DmBSZ4,Rimbi river,27.3197716,88.2400333,attraction,N/A,2025-01-26,N/A,N/A,Sikkim
ChIJlzfwL5Kb5jkRE9-uggnG-Dg,Cho-Dzo Lake,27.3153863,88.3638368,attraction,N/A,2025-01-26,N/A,N/A,Sikkim
ChIJrfRShKyr5jkRo3sPIhfNQMc,Sikkim Silk Route,27.249958,88.77346999999999,attraction,N/A,2025-01-26,N/A,N/A,Sikkim
ChIJc3u0lgUp5DkRpo-8gNcEuuE,Chipchipey View Point,27.0933275,88.2616942,attraction,N/A,2025-01-26,N/A,N/A,Sikkim
ChIJB81w7cwp5DkRVhlkDBGFs7c,View point,27.0882502,88.2991409,attraction,N/A,2025-01-26,N/A,N/A,Sikkim
ChIJFaZepIfX5jkRcfFkMXdBHwo,Valley of Flowers,27.8267952,88.6958087,attraction,N/A,2025-01-26,N/A,N/A,Sikkim
ChIJbVBx4Jrf5jkRI8QA2P_mnXQ,Chopta Valley View Point,27.903684,88.510499,attraction,N/A,2025-01-26,N/A,N/A,Sikkim
ChIJXWs_1Pq75jkRm3-Ty2oaQko,Pangthang forests View point,27.3739324,88.5976161,attraction,N/A,2025-01-26,N/A,N/A,Sikkim
ChIJGTzAdJ2v5jkRWnnh3dGIKws,Mandakini waterfall,27.3083637,88.6723578,attraction,N/A,2025-01-26,N/A,N/A,Sikkim
ChIJZeXAmpwp5DkRznWiYDbJlwk,Love Dara View Point,27.1047375,88.2707969,attraction,N/A,2025-01-26,N/A,N/A,Sikkim
ChIJu1v-BzwD5DkRnDXtjjOEA5k,"Tiffin Dara, forest area",27.1031073,88.64833929999999,attraction,N/A,2025-01-26,N/A,N/A,Sikkim
ChIJu7GD8nel5jkRhIrsactrppU,Gangtok Viewpoint,27.3414837,88.5847814,attraction,N/A,2025-01-26,N/A,N/A,Sikkim
ChIJ8yaWac-75jkRTBDKQxeXVIU,Amitabh Bachchan Falls,27.3760994,88.62811889999999,attraction,N/A,2025-01-26,N/A,N/A,Sikkim
ChIJ0QoeM9yx5jkRVCGuyVSrdNM,Kanchenjunga View Point,27.3815244,88.67299249999999,attraction,N/A,2025-01-26,N/A,N/A,Sikkim
ChIJh2oqEjul5jkRr5yVXnLdsrM,Kanchendzonga national park,27.3420236,88.6213265,attraction,N/A,2025-01-26,N/A,N/A,Sikkim
ChIJK1AjvrqH5jkRuADxx8arr6E,Rimbi Orange Garden,27.3164669,88.19521999999999,attraction,N/A,2025-01-26,N/A,N/A,Sikkim
ChIJBwXCUUJS4TkRhdHzKAeCs90,Elephant Lake View Point,27.3308661,88.83884929999999,attraction,N/A,2025-01-26,N/A,N/A,Sikkim
ChIJax46p5Od5jkRaaQEY-iD9io,Samdruptse,27.1799743,88.3796775,attraction,N/A,2025-01-26,N/A,N/A,Sikkim
ChIJ9YlBXOqb5jkREbrh0MC5Jy8,View point,27.3098756,88.3613936,attraction,N/A,2025-01-26,N/A,N/A,Sikkim
ChIJK9EJ_xKl5jkRrZocXlzmmqQ,Gangtok Ropeway,27.3178355,88.6066283,attraction,N/A,2025-01-26,N/A,N/A,Sikkim
ChIJkXNzRfV95jkRTXpnRnSFhRI,Changay waterfalls,27.2786984,88.16753589999999,attraction,N/A,2025-01-26,N/A,N/A,Sikkim
ChIJ5df6pTez5jkR1bi2u1qyVA4,Lake Yak Selfie Point,27.3748227,88.75774059999999,attraction,N/A,2025-01-26,N/A,N/A,Sikkim
ChIJl_KJtaup5jkRvJvq-xrUK2k,Bandey View Point,27.2129667,88.63666500000001,attraction,N/A,2025-01-26,N/A,N/A,Sikkim
ChIJsZKpgDmr5jkRCoThbmZHht4,View point,27.1979375,88.7146875,attraction,N/A,2025-01-26,N/A,N/A,Sikkim
ChIJx7AcM8VT4TkRhATFjYvUFKI,Gnathang Valley View Point,27.319019,88.82804,attraction,N/A,2025-01-26,N/A,N/A,Sikkim
ChIJHRP537WZ5jkR5jRDsMbeUaU,Neya Waterfall Yangang,27.3279299,88.43555599999999,attraction,N/A,2025-01-26,N/A,N/A,Sikkim
ChIJR0qI1UGz5jkRhQfBH441Yss,TSOMGO LAKE VIEW POINT,27.3775603,88.76879129999999,attraction,N/A,2025-01-26,N/A,N/A,Sikkim
ChIJxUEVoO6l5jkRI8BQvavdpBs,MG Marg High Mast Indian National Flag,27.3300628,88.6125359,attraction,N/A,2025-01-26,N/A,N/A,Sikkim
ChIJaZ5FWQDV5jkRytkP-bRkGtE,Zero Point,27.9136959,88.7127053,attraction,N/A,2025-01-26,N/A,N/A,Sikkim
ChIJ723hN8Oh5jkRa1QbESTN-80,Ecantt picnic hangout,27.2107098,88.48961829999999,attraction,N/A,2025-01-26,N/A,N/A,Sikkim
ChIJ0XLOlCWD5jkRrEaOu9-RXtc,biksthang sikkim,27.1959861,88.2935534,beaches,N/A,2025-01-26,N/A,N/A,Sikkim
ChIJw-fbD_S_5jkRS7WkUk9DXqE,Mantam,27.5363111,88.4943634,beaches,N/A,2025-01-26,N/A,N/A,Sikkim
ChIJt9VDVTon5DkR8FcM1p2L80Q,Lungchok,27.1321836,88.3893102,beaches,N/A,2025-01-26,N/A,N/A,Sikkim
ChIJx5apF-kd5DkRQ24CdVYEbKU,Ramitay View Point,27.1470503,88.5692983,beaches,N/A,2025-01-26,N/A,N/A,Sikkim
ChIJt88evqAf5DkRRF0PIfBdkOQ,I LOVE KALIMPONG,27.0891413,88.50352640000001,beaches,N/A,2025-01-26,N/A,N/A,Sikkim
ChIJ_eEJeKcD5DkRZOW_coZb438,Changey Waterfall,27.1129749,88.6786645,waterfalls,N/A,2025-01-26,N/A,N/A,Sikkim
ChIJ8513Acmn5jkRj9oD3QFKgG4,"Indreni Waterfalls, kaizaley",27.2040852,88.6319611,waterfalls,N/A,2025-01-26,N/A,N/A,Sikkim
ChIJN0NYmTGJ5jkROoVJJxG0Mic,Kanchenjunga Falls,27.3586875,88.1988125,waterfalls,N/A,2025-01-26,N/A,N/A,Sikkim
ChIJHRP537WZ5jkR5jRDsMbeUaU,Neya Waterfall Yangang,27.3279299,88.43555599999999,waterfalls,N/A,2025-01-26,N/A,N/A,Sikkim
ChIJd37ZE8kz4TkRueUhYAlctrk,Chinar Waterfalls,27.675908,88.792013,waterfalls,N/A,2025-01-26,N/A,N/A,Sikkim
ChIJnaErIbir5jkRYiP7RecKzws,Buddha Waterfalls,27.2595213,88.7116034,waterfalls,N/A,2025-01-26,N/A,N/A,Sikkim
ChIJKVgoSEfJ5jkRvumcCvTGVQA,Bheem Nala Fall,27.6341713,88.7042077,waterfalls,N/A,2025-01-26,N/A,N/A,Sikkim
ChIJt20zgqtN4TkRdsDfusqM9fQ,Bholenath Waterfall,27.3671633,88.840469,waterfalls,N/A,2025-01-26,N/A,N/A,Sikkim
ChIJYai6Klu75jkRQhEBHY3YXdU,Lhasa Waterfall,27.3662469,88.62640859999999,waterfalls,N/A,2025-01-26,N/A,N/A,Sikkim
ChIJQ131Vzal5jkRmK0vglGuUl8,Minimalist Waterfall,27.3474227,88.60985769999999,waterfalls,N/A,2025-01-26,N/A,N/A,Sikkim
ChIJ6SCwMGOj5jkRgrlC6uHlqWg,Bar Changay Waterfall,27.2689868,88.54676880000001,waterfalls,N/A,2025-01-26,N/A,N/A,Sikkim
ChIJjatOy8zO5jkRTh_jBE6Cb-E,Bhewma Falls,27.6902636,88.7403964,waterfalls,N/A,2025-01-26,N/A,N/A,Sikkim
ChIJK0AUeTq55jkRmzKaDFARw6Q,Meyong Waterfall,27.3760994,88.62811889999999,waterfalls,N/A,2025-01-26,N/A,N/A,Sikkim
ChIJHcWFV_7J5jkRBGHOaBiKNdI,Raga water falls,27.5507665,88.6436552,waterfalls,N/A,2025-01-26,N/A,N/A,Sikkim
ChIJ6argkkir5jkRvJt3zJoL2rA,Quekhola Falls,27.2360231,88.75746989999999,waterfalls,N/A,2025-01-26,N/A,N/A,Sikkim
ChIJGTzAdJ2v5jkRWnnh3dGIKws,Mandakini waterfall,27.3083637,88.6723578,waterfalls,N/A,2025-01-26,N/A,N/A,Sikkim
ChIJZ5mEsgql5jkRSYiGS1MSYsU,Gautam Falls,27.3540429,88.5857372,waterfalls,N/A,2025-01-26,N/A,N/A,Sikkim
ChIJ3Tiw5f6H5jkRKdHpjD4cj9I,Lounglang Waterfall,27.310178,88.1911052,waterfalls,N/A,2025-01-26,N/A,N/A,Sikkim
ChIJkXNzRfV95jkRTXpnRnSFhRI,Changay waterfalls,27.2786984,88.16753589999999,waterfalls,N/A,2025-01-26,N/A,N/A,Sikkim
ChIJCQOWNqHD5jkRtYNzd_vH4k4,Mountain Riders waterfall.,27.7155549,88.55928759999999,waterfalls,N/A,2025-01-26,N/A,N/A,Sikkim
ChIJy0KByCiH5jkRRVQHQITb9PA,Seven Luckey Waterfalls,27.2798498,88.1296306,waterfalls,N/A,2025-01-26,N/A,N/A,Sikkim
ChIJh7sU-i6r5jkROjNI45ZowmE,Gambirey waterfalls,27.2202903,88.73011520000001,waterfalls,N/A,2025-01-26,N/A,N/A,Sikkim
ChIJjfEGiSa65jkRYA2UAjQ-9H0,The Seven Sisters Waterfall,27.4437539,88.60819099999999,waterfalls,N/A,2025-01-26,N/A,N/A,Sikkim
ChIJ_RNWpgC45jkR1sOSdsBGpx4,Naga Falls,27.5426546,88.62971,waterfalls,N/A,2025-01-26,N/A,N/A,Sikkim
ChIJ9fdHzd285jkR7q1p0mh_rjQ,Butterfly Waterfalls,27.3744853,88.52325619999999,waterfalls,N/A,2025-01-26,N/A,N/A,Sikkim
ChIJPeBFfbK65jkR8ClZdNqYMBg,Bakthang Waterfall,27.3578061,88.6235499,waterfalls,N/A,2025-01-26,N/A,N/A,Sikkim
ChIJF1OF4t6_5jkR6v_ZphUiM28,Waterfalls,27.5028906,88.52982460000001,waterfalls,N/A,2025-01-26,N/A,N/A,Sikkim
ChIJC0Jopz265jkR9rx4IiRkEsY,"Seven Step Fall, North Sikkim",27.4417139,88.6107019,waterfalls,N/A,2025-01-26,N/A,N/A,Sikkim
ChIJtTYnHRWy5jkRC6AfMBRivbU,Kyongnosla Waterfall,27.3766375,88.7283906,waterfalls,N/A,2025-01-26,N/A,N/A,Sikkim
ChIJKytiAlod5DkRbYhKQA_NAtQ,Duka falls,27.1083167,88.6151886,waterfalls,N/A,2025-01-26,N/A,N/A,Sikkim
ChIJvfvCWxux5jkRVVuzHEWYtzA,Mandakini water falls,27.3722425,88.7088302,waterfalls,N/A,2025-01-26,N/A,N/A,Sikkim
ChIJOS1yKh6l5jkRUZ908_f04LM,Tumlabung Waterfall,27.2770809,88.5724747,waterfalls,N/A,2025-01-26,N/A,N/A,Sikkim
ChIJFa58A7v_4zkRxPR5vilFXBY,Thari chaga waterfall,27.1037967,88.80215899999999,waterfalls,N/A,2025-01-26,N/A,N/A,Sikkim
ChIJhQh1O7e55jkR1SBRdzdAPmI,Meyong Waterfall,27.5288184,88.5901743,waterfalls,N/A,2025-01-26,N/A,N/A,Sikkim
ChIJC4KMtaWI5jkRsaqywUyHMGc,Phamrong Falls,27.3579058,88.2341677,waterfalls,N/A,2025-01-26,N/A,N/A,Sikkim
ChIJr780j-jq5jkRPOQWrM_BqIE,"Lingzya Waterfall, Upper Dzongu",27.567776,88.4507749,waterfalls,N/A,2025-01-26,N/A,N/A,Sikkim
ChIJd_Rt0Umd5jkRLzBnbjGBIwM,Tirikhola waterfalls,27.1791621,88.3665833,waterfalls,N/A,2025-01-26,N/A,N/A,Sikkim
ChIJnasyUNR95jkR1sL0aDlLS8E,The Luckey Seven Waterfalls,27.297764,88.097,waterfalls,N/A,2025-01-26,N/A,N/A,Sikkim
ChIJA0o0XemR5jkRVr5D8IalOok,Silver Water Falls,27.3648184,88.36368619999999,waterfalls,N/A,2025-01-26,N/A,N/A,Sikkim
ChIJRZglGJiH5jkRfnOMK03jrSw,RIMBI WATER FALLS,27.3134397,88.1907411,waterfalls,N/A,2025-01-26,N/A,N/A,Sikkim
ChIJRWNCyoyj5jkR24bHkN1ZpGs,Namrang Waterfalls,27.3403805,88.5155542,waterfalls,N/A,2025-01-26,N/A,N/A,Sikkim
ChIJqxQ63Vl75jkRZmh-unOzSVs,Mainebus Waterfalls,27.2715169,88.05864559999999,waterfalls,N/A,2025-01-26,N/A,N/A,Sikkim
ChIJ061Bfqgf5DkRO_AOP6JfHns,Panchami Waterfall,27.1016265,88.5107488,waterfalls,N/A,2025-01-26,N/A,N/A,Sikkim
ChIJf8dIWcwf5DkRqdUxoA9Opbc,Tar khola waterfall,27.1304532,88.5021757,waterfalls,N/A,2025-01-26,N/A,N/A,Sikkim
ChIJ8yaWac-75jkRTBDKQxeXVIU,Amitabh Bachchan Falls,27.3760994,88.62811889999999,waterfalls,N/A,2025-01-26,N/A,N/A,Sikkim
ChIJ-1qffwAD5DkRoI9MBgzrnsA,"Changey waterfall,Kolakham",27.1018914,88.67657469999999,waterfalls,N/A,2025-01-26,N/A,N/A,Sikkim
ChIJIZTHKFmH5jkRIDr48DmBSZ4,Rimbi river,27.3197716,88.2400333,waterfalls,N/A,2025-01-26,N/A,N/A,Sikkim
ChIJD8nPrgC45jkRl5qF3dqAurs,Scintillating Sister Waterfall,27.5424586,88.6293704,waterfalls,N/A,2025-01-26,N/A,N/A,Sikkim
ChIJx1W2aB_H5jkRJz6vx1ky7mA,Yuigang waterfall’s,27.6280954,88.62240539999999,waterfalls,N/A,2025-01-26,N/A,N/A,Sikkim
ChIJtUl_-fOp5jkRF0B-BzH0ERk,"Indreni Waterfalls, kaizaley",27.1976844,88.63698610000002,waterfalls,N/A,2025-01-26,N/A,N/A,Sikkim
ChIJo2aXK1WP5jkROyG-Qmglg7Y,Rungdung waterfalls,27.4204524,88.29957970000001,waterfalls,N/A,2025-01-26,N/A,N/A,Sikkim
ChIJSWr1mYux5jkRfldtuwndnf4,Water Fall,27.3827875,88.7069844,waterfalls,N/A,2025-01-26,N/A,N/A,Sikkim
ChIJGXmBXLRN4TkR-uCfEAkkEXw,Namnang cho Waterfalls,27.3671151,88.8402435,waterfalls,N/A,2025-01-26,N/A,N/A,Sikkim
ChIJqc3rWoW35jkR7M-yBvxusP8,zero point Waterfall,27.4661,88.654144,waterfalls,N/A,2025-01-26,N/A,N/A,Sikkim
ChIJ60Vn2Jwd5DkRIZRZ2pCl-Z0,Mudung waterfalls,27.1368125,88.6278125,waterfalls,N/A,2025-01-26,N/A,N/A,Sikkim
ChIJhepAOwC75jkRYJW1wAfOkYE,AVN Rock Waterfall,27.4374322,88.6141646,waterfalls,N/A,2025-01-26,N/A,N/A,Sikkim
ChIJRxqNNdV95jkRjyLE7X4Ubzs,Luckey Seven Waterfalls,27.275489,88.1221412,waterfalls,N/A,2025-01-26,N/A,N/A,Sikkim
ChIJcYy7uy2l5jkRFbz75PzWwZE,Ban Jhakri Falls Park,27.3507643,88.6032316,waterfalls,N/A,2025-01-26,N/A,N/A,Sikkim
ChIJsYenO4-r5jkRdsYtKVXrHyY,Phadamchen waterfalls route,27.2455,88.764,waterfalls,N/A,2025-01-26,N/A,N/A,Sikkim
ChIJDU0kSgCl5jkRo3fZ_uRGn6w,Partha Waterfall,27.3172512,88.591512,waterfalls,N/A,2025-01-26,N/A,N/A,Sikkim
ChIJr4u188Ch5jkR1bHWoLz43ME,Bhanu Park,27.2325991,88.49706309999999,parks,N/A,2025-01-26,N/A,N/A,Sikkim
ChIJg_BUcy2E5jkRA-wfCF4XJhk,Sidekeong Tulku Bird Park,27.3027501,88.2527604,parks,N/A,2025-01-26,N/A,N/A,Sikkim
ChIJW9Uqgmql5jkRk9vQE7RvXYU,Chogyal Memorial Park,27.3316164,88.6162222,parks,N/A,2025-01-26,N/A,N/A,Sikkim
ChIJJ-K4HDef5jkR7AzVEhvHVao,Park RightBank,27.2500442,88.45668909999999,parks,N/A,2025-01-26,N/A,N/A,Sikkim
ChIJkbcePoep5jkRNJHkCLv3R7E,Bhanu Park,27.1747323,88.6447271,parks,N/A,2025-01-26,N/A,N/A,Sikkim
ChIJ3yA3lkYD5DkRu2aHOchL93Y,LAVA PINE PARK,27.0852025,88.6550824,parks,N/A,2025-01-26,N/A,N/A,Sikkim
ChIJM9LnnZ2Z5jkRNR27eRzTHIE,"Culture Park, Sikkim",27.306741,88.4137952,parks,N/A,2025-01-26,N/A,N/A,Sikkim
ChIJix-TDZqe5jkRLkUamXBD5NQ,Temi Biodiversity Park,27.228047,88.41074499999999,parks,N/A,2025-01-26,N/A,N/A,Sikkim
ChIJLY1iWkyl5jkR_4hAAtqlwR4,Park,27.3376134,88.6187891,parks,N/A,2025-01-26,N/A,N/A,Sikkim
ChIJH3ctcm-b5jkREvPN8BTPeyM,Biodiversity Park,27.3118991,88.3643403,parks,N/A,2025-01-26,N/A,N/A,Sikkim
ChIJO4wXLjaf5jkRbRLNTklbKwo,Linga natural Park,27.2504639,88.4593743,parks,N/A,2025-01-26,N/A,N/A,Sikkim
ChIJ9-W5Qo8d5DkRDqwjgM1NdUg,Himali Park Jhora,27.1591539,88.5848736,parks,N/A,2025-01-26,N/A,N/A,Sikkim
ChIJ4aiJDwKk5jkRdBG-ig5xGfE,Park,27.2609045,88.56189189999999,parks,N/A,2025-01-26,N/A,N/A,Sikkim
ChIJ0aF1BACl5jkRL8lE4KImXWE,Wellness Park Gangtok,27.3311437,88.614746,parks,N/A,2025-01-26,N/A,N/A,Sikkim
ChIJT9abSySp5jkRTMr0aQqVlWo,Bazar Park,27.2030898,88.7010464,parks,N/A,2025-01-26,N/A,N/A,Sikkim
ChIJHSAyiQAg5DkRHhiymwq3yjk,Namthang Bazaar Park,27.164337,88.476452,parks,N/A,2025-01-26,N/A,N/A,Sikkim
ChIJh2oqEjul5jkRr5yVXnLdsrM,Kanchendzonga national park,27.3420236,88.6213265,parks,N/A,2025-01-26,N/A,N/A,Sikkim
ChIJ-U2QLkKl5jkRRYQJxSxgeBU,Bhotay khola,27.3440098,88.58172700000001,parks,N/A,2025-01-26,N/A,N/A,Sikkim
ChIJa40dQRWH5jkRAAW4aeIC5-c,Sidkeong Bird Park,27.3027587,88.2527065,parks,N/A,2025-01-26,N/A,N/A,Sikkim
ChIJw0kwdCmd5jkRO8jNq_teztI,KITCHUDUMRA BIODIVERSITY PARK,27.1896483,88.3298847,parks,N/A,2025-01-26,N/A,N/A,Sikkim
ChIJlaym4tuD5jkRUjze0bjsxbE,Mangalbarey Mini Park,27.1914162,88.2848142,parks,N/A,2025-01-26,N/A,N/A,Sikkim
ChIJ6ckq914d5DkRgT7dJhFR5rI,Sahid Palendra Park,27.162899,88.6171971,parks,N/A,2025-01-26,N/A,N/A,Sikkim
ChIJawi5D1K95jkR0KtHo2XdGas,Jurassic Park Sikkim Tourism,27.3660508,88.48483139999999,parks,N/A,2025-01-26,N/A,N/A,Sikkim
ChIJNb8CxlSa5jkRp0c1DYDS8iI,Ravangla Playground,27.305877,88.36615669999999,parks,N/A,2025-01-26,N/A,N/A,Sikkim
ChIJmSK0I5Wz5jkRZM6fVxYI_mo,Jhakri park,27.3738369,88.76054889999999,parks,N/A,2025-01-26,N/A,N/A,Sikkim
ChIJ75gxxxyn5jkRYicAlxoXd9M,JAIDEEP PARK,27.1793125,88.6304531,parks,N/A,2025-01-26,N/A,N/A,Sikkim
ChIJa-BRhvuh5jkRYASGwIW5ChA,Amrit Mahatsov Green Park,27.2440625,88.5243125,parks,N/A,2025-01-26,N/A,N/A,Sikkim
ChIJnbviTX6d5jkR-qW4IScc0Tg,Mahatma Gandhi Botanical Park,27.1661511,88.3600572,parks,N/A,2025-01-26,N/A,N/A,Sikkim
ChIJ5QsGBgeb5jkRFCe9QLGpT14,"Ravangla, Sikkim",27.3056027,88.3657602,parks,N/A,2025-01-26,N/A,N/A,Sikkim
ChIJKf0WTxyk5jkR2oGsn5JqPJ8,Children Park,27.2639375,88.56943749999999,parks,N/A,2025-01-26,N/A,N/A,Sikkim
ChIJRwiFZYYn5DkRd6x1AIzV1Ds,Central Park Namchi,27.1659328,88.3622043,parks,N/A,2025-01-26,N/A,N/A,Sikkim
ChIJ8SMbIMkq5DkRCW3MpLaeaZ8,Titanic Park,27.1337655,88.1754387,parks,N/A,2025-01-26,N/A,N/A,Sikkim
ChIJN0iAzTMr5DkRDKbwjuTWZg0,Jamuni Park,27.1004426,88.2374561,parks,N/A,2025-01-26,N/A,N/A,Sikkim
ChIJ1wVVi5Qh5DkRNie-xQsauIY,Central Square,27.090102,88.45764059999999,parks,N/A,2025-01-26,N/A,N/A,Sikkim
ChIJ7Y_LUQB95jkRPQUE1lUYbWA,Tenzing-Hillary Park,27.2598629,88.0948808,parks,N/A,2025-01-26,N/A,N/A,Sikkim
ChIJbQtmA_kf5DkRtY5QVwwF410,Triratna Buddha park,27.0888421,88.51911919999999,parks,N/A,2025-01-26,N/A,N/A,Sikkim
ChIJ9VKJckYr5DkRa8ixmahmwaM,"Hingautar Park, Chumbung",27.1463706,88.2420028,parks,N/A,2025-01-26,N/A,N/A,Sikkim
ChIJx84nsTub5jkRvwBvcgqxi44,Fountain @ Buddha Park,27.3132592,88.36380489999999,parks,N/A,2025-01-26,N/A,N/A,Sikkim
ChIJKcIBIZGd5jkRoEYyJI6AOOo,Namchi Rock Garden,27.1807085,88.37522299999999,parks,N/A,2025-01-26,N/A,N/A,Sikkim
ChIJwbG1FRCb5jkRrtzW73uZXpI,Eco Friendly Park,27.307745,88.3486867,parks,N/A,2025-01-26,N/A,N/A,Sikkim
ChIJaffBbvAf5DkR6RxoBIQcfNQ,Bio-Diversity Park Delo,27.0870559,88.5042679,parks,N/A,2025-01-26,N/A,N/A,Sikkim
ChIJKQlTOBB_5jkR_RtJ0NGEmGo,Barsey Rhododendron Sanctuary,27.1942,88.11829999999999,parks,N/A,2025-01-26,N/A,N/A,Sikkim
ChIJpwhJZQAd5DkRRGi4qT6j1T8,Himali Park,27.1379839,88.5598952,parks,N/A,2025-01-26,N/A,N/A,Sikkim
ChIJWWNVJeYD5DkRXfmcPEIjn88,Chaudapheri Camp,27.0933009,88.7018602,parks,N/A,2025-01-26,N/A,N/A,Sikkim
ChIJ1xSBUzkf5DkRyGREaF0IZnk,Delo Park,27.0891412,88.5032992,parks,N/A,2025-01-26,N/A,N/A,Sikkim
ChIJBYeSPwAp5DkRCIdHrr6khbI,Chisopani south sikkim,27.1562922,88.3023156,parks,N/A,2025-01-26,N/A,N/A,Sikkim
ChIJE4w5S4jW5TkRkJLIwHjqpEc,Jarayo Pokhri Lake,27.1116673,88.07790589999999,parks,N/A,2025-01-26,N/A,N/A,Sikkim
ChIJQ9WUdHye5jkREvBJSobT5Tw,Tendong Hilltop,27.2059748,88.4077519,parks,N/A,2025-01-26,N/A,N/A,Sikkim
ChIJI6SE7j_T5jkRlrdc8g1rb2A,Shingba Rhododendron Sanctuary,27.8012861,88.76951969999999,parks,N/A,2025-01-26,N/A,N/A,Sikkim
ChIJDW6ePY4d5DkRSlnhJWzG1lg,Shaheed Park,27.1555625,88.58195309999999,parks,N/A,2025-01-26,N/A,N/A,Sikkim
ChIJtQfWbuwD5DkRvCaLoc7rsug,Neora Valley Jungle Camp Entrance,27.0992603,88.6804923,parks,N/A,2025-01-26,N/A,N/A,Sikkim
ChIJ34qbHT-l5jkRQF6ggXXB9w0,Children's Park,27.3350495,88.6121462,parks,N/A,2025-01-26,N/A,N/A,Sikkim
ChIJ7R5e_U0m5DkRiSABOs3QFEY,Kitam Bird Sanctuary,27.1080194,88.35064679999999,parks,N/A,2025-01-26,N/A,N/A,Sikkim
ChIJU7Jxf18D5DkR7BuAy-7rK60,Neora Valley National Park 15a,27.1007065,88.6751018,parks,N/A,2025-01-26,N/A,N/A,Sikkim
ChIJeY40qEkD5DkRwoXJStNwPBo,NEORA VALLEY NATIONAL PARK 14a,27.1128512,88.6890067,parks,N/A,2025-01-26,N/A,N/A,Sikkim
ChIJ55R18yQf5DkRwBsTjfC_xbY,Kalimpong Science Centre,27.0874891,88.510266,parks,N/A,2025-01-26,N/A,N/A,Sikkim
ChIJn6kVKvWm5jkRnMCIa11Aqz8,Bhanubhakta Memorial,27.2367625,88.59282809999999,parks,N/A,2025-01-26,N/A,N/A,Sikkim
ChIJQbCaLm6t5jkRaBZNGtU7Dwc,Pangolakha Wildlife Sanctuary,27.3410674,88.7594314,parks,N/A,2025-01-26,N/A,N/A,Sikkim
ChIJmbsGQLWb5jkRxBRZ1wAWBHU,Ravangla Dhobi Dhara View,27.3065811,88.3639986,parks,N/A,2025-01-26,N/A,N/A,Sikkim
ChIJp4_O3O555jkRlPZJdFY7rXc,ᤛᤣᤘᤠᤖᤥ Singalila Pass,27.23734,88.0246693,parks,N/A,2025-01-26,N/A,N/A,Sikkim
ChIJ55R18yQf5DkRwBsTjfC_xbY,Kalimpong Science Centre,27.0874891,88.510266,museum,N/A,2025-01-26,N/A,N/A,Sikkim
ChIJFy8m6vql5jkRc28nvq_aImI,Black Cat Museum,27.3175777,88.6023692,museum,N/A,2025-01-26,N/A,N/A,Sikkim
ChIJq-0VxzSk5jkRvvNp-OCNXnQ,Sikkim Science Centre,27.2798067,88.5943489,museum,N/A,2025-01-26,N/A,N/A,Sikkim
ChIJRRnkaQ-l5jkRRrR-ZXFrf7s,Namgyal Institute of Tibetology,27.3159457,88.6047748,museum,N/A,2025-01-26,N/A,N/A,Sikkim
ChIJvcAoBTCb5jkR2Y9_0jdmBbo,Ganju Lama VC Museum,27.2806326,88.37117409999999,museum,N/A,2025-01-26,N/A,N/A,Sikkim
ChIJ8crTujml5jkRcb43BkakMg8,High Court of Sikkim Museum,27.3408328,88.6113503,museum,N/A,2025-01-26,N/A,N/A,Sikkim
ChIJsU77cXFN4TkRJy5GcSgOVac,"Sherathang War Memorial, Nathu La, Sikkim",27.3733128,88.8195973,museum,N/A,2025-01-26,N/A,N/A,Sikkim
ChIJK8hlNFwd5DkRLwYsNHb9YUI,Maya Museum,27.1597295,88.61706459999999,museum,N/A,2025-01-26,N/A,N/A,Sikkim
ChIJIUYqcQBN4TkRz94r8AlTCdQ,Natula War Memorial,27.3864375,88.8300156,museum,N/A,2025-01-26,N/A,N/A,Sikkim
ChIJmW4x8Pup5jkRseiUn2Q1GO0,Old British Graveyard,27.1821888,88.6624951,museum,N/A,2025-01-26,N/A,N/A,Sikkim
ChIJt14L9iOF5jkRNmSe14k7Ipg,Yuksom Khangchendzonga National Park Nature Interpretation Centre,27.331944,88.248333,museum,N/A,2025-01-26,N/A,N/A,Sikkim
ChIJIau1uQ-l5jkR6_h30XN5XMA,Butter Fly Bridge,27.3181636,88.6071285,museum,N/A,2025-01-26,N/A,N/A,Sikkim
ChIJNUrTShCf5jkRB1eJAGjUUfI,Singtam teesta dam,27.2419935,88.4775758,museum,N/A,2025-01-26,N/A,N/A,Sikkim
ChIJPaTAXkel5jkRZCR877Z5mO8,Directorate of Handicrafts & Handloom,27.3383798,88.61471019999999,museum,N/A,2025-01-26,N/A,N/A,Sikkim
ChIJufcyUvtI4TkRCi92bfqcMT4,亚东县大礼堂,27.486928,88.908311,museum,N/A,2025-01-26,N/A,N/A,Sikkim
ChIJERFDZf5I4TkRFkbsUfH1r1M,亚东县青少年校外活动中心,27.493269,88.904901,museum,N/A,2025-01-26,N/A,N/A,Sikkim
ChIJMy8FOwAD5DkRt42qtAU69bc,Samsuhang Khim,27.1082778,88.67908729999999,museum,N/A,2025-01-26,N/A,N/A,Sikkim
ChIJ27sHN3Gk5jkRTl7oS0WKVEk,Jawaharlal Nehru Botanical Garden,27.2947797,88.56376089999999,museum,N/A,2025-01-26,N/A,N/A,Sikkim
ChIJj7Pkj4S65jkR6DGOAFc5wvE,Enchey Monastery,27.3359368,88.6191659,museum,N/A,2025-01-26,N/A,N/A,Sikkim
ChIJLysZahWl5jkRv92-cEe32H4,"Shri Thakurbari Temple, Gangtok",27.3303532,88.6131983,museum,N/A,2025-01-26,N/A,N/A,Sikkim
ChIJ750aose65jkRLJzHi7Yilig,Gonjang Monastery,27.3690385,88.6132007,museum,N/A,2025-01-26,N/A,N/A,Sikkim
ChIJ52zJSwB95jkRn6OkpU_3BiI,Khopako dhunga,27.2795697,88.1600448,museum,N/A,2025-01-26,N/A,N/A,Sikkim
ChIJ45wTTACh5jkRmlt6wIEsa1E,Himalayan Heritage Research and Development Society,27.2072788,88.53314569999999,museum,N/A,2025-01-26,N/A,N/A,Sikkim
ChIJ6_xhaqu65jkRUKaFuFtFV1M,Sikkim Himalayan Zoological Park,27.3567013,88.63001489999999,museum,N/A,2025-01-26,N/A,N/A,Sikkim
ChIJ8y2S-kUf5DkRSEf8Ae30YKU,Katherine Graham Memorial Chapel,27.0836616,88.49317289999999,museum,N/A,2025-01-26,N/A,N/A,Sikkim
ChIJXQvHS1Gl5jkRY7c162kNdp0,Hanuman Tok,27.34783,88.6287,museum,N/A,2025-01-26,N/A,N/A,Sikkim
ChIJzw1XXdOF5jkROMqwHfXYqbs,Pemayangtse Monastery,27.3052206,88.2515876,museum,N/A,2025-01-26,N/A,N/A,Sikkim
ChIJ9VytYWwd5DkRhAoJQMw00YY,Sangchen Dorjee Monastery,27.146185,88.6086906,museum,N/A,2025-01-26,N/A,N/A,Sikkim
ChIJyebsbFaa5jkRMradXAwgLGI,Tathagata Tsal - Sleeping Buddha Statue,27.3121739,88.3640832,museum,N/A,2025-01-26,N/A,N/A,Sikkim
ChIJG_2ZaA-l5jkRcYOEzUYVuGY,Do Drul Chorten,27.3128415,88.6048366,museum,N/A,2025-01-26,N/A,N/A,Sikkim
ChIJz5UvKPSH5jkRFCV1mlft5m4,Yangthang Farms,27.2977845,88.23538839999999,museum,N/A,2025-01-26,N/A,N/A,Sikkim
ChIJD_XrE1aa5jkRzTRsIWcEQXc,Buddha Park,27.3143623,88.3632705,museum,N/A,2025-01-26,N/A,N/A,Sikkim
ChIJRQlYUADTiDARmN55CIIA61s,Neil's Cove,11.9862805,92.94026099999999,attraction,N/A,2025-01-26,N/A,N/A,Andaman and Nicobar Islands
ChIJrfddXQ2ViDAR1f9qYs28p3M,Marina Park,11.6698312,92.7474232,attraction,N/A,2025-01-26,N/A,N/A,Andaman and Nicobar Islands
ChIJ710ozpeViDARuC_DoZQpNdc,Naval Marine Museum Samudrika,11.6718057,92.7263692,attraction,N/A,2025-01-26,N/A,N/A,Andaman and Nicobar Islands
ChIJNTkamwmViDARjxbTerBSLn0,Zonal Anthropological Museum,11.6646202,92.7401259,attraction,N/A,2025-01-26,N/A,N/A,Andaman and Nicobar Islands
ChIJ41EpLpGViDAR1enoP412sWU,Mini Zoo,11.6772933,92.7253072,attraction,N/A,2025-01-26,N/A,N/A,Andaman and Nicobar Islands
ChIJlXy5N9u_iDAR09yYyBktlbE,North Bay underwater activity,11.7044375,92.7516875,attraction,N/A,2025-01-26,N/A,N/A,Andaman and Nicobar Islands
ChIJW1B0MeGNiDAR2klcAL3wYTk,Chidiyatapu Sunset Point,11.5002828,92.7022159,attraction,N/A,2025-01-26,N/A,N/A,Andaman and Nicobar Islands
ChIJGSHE6rSViDARv3zInyVr-rM,tales of andamans,11.6740457,92.7257322,attraction,N/A,2025-01-26,N/A,N/A,Andaman and Nicobar Islands
ChIJeSKHk3KViDARvvFxg-lHoEo,Veer Savarkar Park,11.6732701,92.74771319999999,attraction,N/A,2025-01-26,N/A,N/A,Andaman and Nicobar Islands
ChIJ3x2tqOuViDARtmRvPmMxGAQ,Clip View Point,11.6440257,92.7448472,attraction,N/A,2025-01-26,N/A,N/A,Andaman and Nicobar Islands
ChIJPwazmNPZiDAR_2sWo4rzQoM,Night sky stargazing,11.8361119,93.02007329999999,attraction,N/A,2025-01-26,N/A,N/A,Andaman and Nicobar Islands
ChIJO9cDaQDZiDAR1joEX_ix70Q,Clown fish(Nemo) watching site,11.8180236,93.0394809,attraction,N/A,2025-01-26,N/A,N/A,Andaman and Nicobar Islands
ChIJX1H0ghiViDARzfkbtlij8xo,Cobra Street,11.6709816,92.7240327,attraction,N/A,2025-01-26,N/A,N/A,Andaman and Nicobar Islands
ChIJD35oHACViDAR-g1rjRKGN4k,Night bridge view point,11.672819,92.7466015,attraction,N/A,2025-01-26,N/A,N/A,Andaman and Nicobar Islands
ChIJEUABdACTiDAR7Q0oR0GWBCA,Rose Valley Beach View Point,11.5759819,92.737488,attraction,N/A,2025-01-26,N/A,N/A,Andaman and Nicobar Islands
ChIJB4b4hpzZiDARH3j5vu2T3ek,Ram Nagar beach,11.8145031,93.0455465,attraction,N/A,2025-01-26,N/A,N/A,Andaman and Nicobar Islands
ChIJPY0cZACTiDAREjCst1cpipM,Yellow Garden,11.5655614,92.7303201,attraction,N/A,2025-01-26,N/A,N/A,Andaman and Nicobar Islands
ChIJDTfmBxOFiDARvqx1zguO_ME,Coral point,11.5039365,92.60788,attraction,N/A,2025-01-26,N/A,N/A,Andaman and Nicobar Islands
ChIJsfI5WmSViDARVIm8x6qfaeQ,Chatham Jetty,11.6883827,92.7220423,attraction,N/A,2025-01-26,N/A,N/A,Andaman and Nicobar Islands
ChIJcXa3fwDbiDARCrQIUXDgkmo,Natural bridge tourist guide,11.8325493,93.01644879999999,attraction,N/A,2025-01-26,N/A,N/A,Andaman and Nicobar Islands
ChIJqZn6IXeViDARUuqrzpHjVUo,Andaman and nicobar,11.6341401,92.7210131,attraction,N/A,2025-01-26,N/A,N/A,Andaman and Nicobar Islands
ChIJBaZ2my3biDARi7SQcVsB9EI,Nemo Point,11.8363283,93.0136023,attraction,N/A,2025-01-26,N/A,N/A,Andaman and Nicobar Islands
ChIJ2S6_dzuViDARnc9a-SZ21NU,Rajeev Gandhi Statue,11.6716011,92.7496796,attraction,N/A,2025-01-26,N/A,N/A,Andaman and Nicobar Islands
ChIJlS4reAKbiDARZXmn_zD89D4,Belly island,11.5695427,92.5664274,attraction,N/A,2025-01-26,N/A,N/A,Andaman and Nicobar Islands
ChIJKRt2PeHTiDARFfrJf_oYVgw,Havelock Island,12.035975,92.9841624,attraction,N/A,2025-01-26,N/A,N/A,Andaman and Nicobar Islands
ChIJEcGpagDbiDARUeMyaNGj5mY,Pearl Park Rocky Beach,11.8463074,93.01296289999999,attraction,N/A,2025-01-26,N/A,N/A,Andaman and Nicobar Islands
ChIJl5TX_eiViDARHkoYoaiBqL8,First flag hoisting place,11.6662881,92.7552994,attraction,N/A,2025-01-26,N/A,N/A,Andaman and Nicobar Islands
ChIJVxLbPADNiDARCdBGwH5cB98,Turtle Beach Dive Site,12.008193,92.937485,attraction,N/A,2025-01-26,N/A,N/A,Andaman and Nicobar Islands
ChIJiwGRTWfTiDAR1lT_R9IP1X4,Tidal Trek Andaman,12.0304754,92.9999236,attraction,N/A,2025-01-26,N/A,N/A,Andaman and Nicobar Islands
ChIJ2WrGpzWViDARmw7zCV23M9o,Rock Island,11.6378165,92.7548362,attraction,N/A,2025-01-26,N/A,N/A,Andaman and Nicobar Islands
ChIJwdts9zW-iDARsKBYmjJlDEk,Mount Harriet National Park,11.7201967,92.7334546,attraction,N/A,2025-01-26,N/A,N/A,Andaman and Nicobar Islands
ChIJ19GdEGubiDARifvncZyu3z0,Parissa Island,11.5894988,92.5936656,attraction,N/A,2025-01-26,N/A,N/A,Andaman and Nicobar Islands
ChIJVUXtIG2ViDARKTDF_dMdDMQ,Aberdeen Jetty,11.6720405,92.75022109999999,attraction,N/A,2025-01-26,N/A,N/A,Andaman and Nicobar Islands
ChIJ-8ow5PKViDARJc-rGLeAjbc,Andaman FlyAir Parasailing,11.6721378,92.7501727,attraction,N/A,2025-01-26,N/A,N/A,Andaman and Nicobar Islands
ChIJB3--z_GZiDAR8Zo579xped0,Wandoor beach Andaman,11.6206648,92.6170313,attraction,N/A,2025-01-26,N/A,N/A,Andaman and Nicobar Islands
ChIJe02nEQDZiDARG5GSCyuyFKo,Natural Cave,11.8257696,93.0649981,attraction,N/A,2025-01-26,N/A,N/A,Andaman and Nicobar Islands
ChIJx2ufs3uViDARliYU4yt40Jc,Tiranga Memorial,11.6662258,92.75532,attraction,N/A,2025-01-26,N/A,N/A,Andaman and Nicobar Islands
ChIJ05x4TQDZiDARvMeGJJCdaow,Neil island,11.8178569,93.0439475,attraction,N/A,2025-01-26,N/A,N/A,Andaman and Nicobar Islands
ChIJt1Hh-8GTiDARQpjIubC9gMw,RGCA View Beach rock area,11.5308473,92.72416079999999,attraction,N/A,2025-01-26,N/A,N/A,Andaman and Nicobar Islands
ChIJZ5KRZACViDARvBZlfRjGMDI,Dr B R Ambedkar statues,11.6630142,92.73250139999999,attraction,N/A,2025-01-26,N/A,N/A,Andaman and Nicobar Islands
ChIJY3xTMPS_iDARUJ7t8iNE6MA,View Point of North bay and Light house,11.7203595,92.7336565,attraction,N/A,2025-01-26,N/A,N/A,Andaman and Nicobar Islands
ChIJlU-_OFa_iDARmhTtRTGMlwo,Sea Walk Point,11.7016486,92.7525106,attraction,N/A,2025-01-26,N/A,N/A,Andaman and Nicobar Islands
ChIJ_xp8SPq7iDARkGXyn6O_D4M,Jirkatang Waterfall,11.8348182,92.65354529999999,attraction,N/A,2025-01-26,N/A,N/A,Andaman and Nicobar Islands
ChIJ6dUzDaTTiDAR0Ovxlh3yOH8,Sea Walk Station,12.0131413,92.94963829999999,attraction,N/A,2025-01-26,N/A,N/A,Andaman and Nicobar Islands
ChIJGaI-AADTiDARJtHZEruqNb4,Exploring the Skies with Habitat Institute,12.0318523,92.988807,attraction,N/A,2025-01-26,N/A,N/A,Andaman and Nicobar Islands
ChIJCwE6smS_iDARnCU987WthWo,"Emerald View Point, North Bay",11.7212856,92.7342006,attraction,N/A,2025-01-26,N/A,N/A,Andaman and Nicobar Islands
ChIJdShYEUubiDAR1NusyWmRVcQ,Red Skin Island,11.5725725,92.5934614,attraction,N/A,2025-01-26,N/A,N/A,Andaman and Nicobar Islands
ChIJ9WvY7ZCbiDARYAW-NH1vY5I,Chester island,11.5834926,92.57862879999999,attraction,N/A,2025-01-26,N/A,N/A,Andaman and Nicobar Islands
ChIJl01Q9JLTiDARF71bFzCQZdM,AQUAWAVES WATERSPORTS,12.0258481,92.99283799999999,attraction,N/A,2025-01-26,N/A,N/A,Andaman and Nicobar Islands
ChIJZa_KBADTiDARCkvEF1dJNy4,Dive Andaman,12.0375778,92.9865418,attraction,N/A,2025-01-26,N/A,N/A,Andaman and Nicobar Islands
ChIJidl5tl6NiDAR39U8TcB5baY,Chidyatapu Light House,11.4806953,92.7108684,attraction,N/A,2025-01-26,N/A,N/A,Andaman and Nicobar Islands
ChIJi9_JcgDTiDARAggm8cV6TYA,Lone Wolf's Place,12.0078356,93.0077511,attraction,N/A,2025-01-26,N/A,N/A,Andaman and Nicobar Islands
ChIJQzilEADTiDAR7p1LH9QBDmE,Havelock Forest,11.9934918,92.98925659999999,attraction,N/A,2025-01-26,N/A,N/A,Andaman and Nicobar Islands
ChIJF4zRfQCjiDAR1p4Lj2R-ivI,Tirur Waterfall,11.7187706,92.6198014,attraction,N/A,2025-01-26,N/A,N/A,Andaman and Nicobar Islands
ChIJUW1XJemViDARVzA5if7SaVo,Andaman Water Sports complex,11.6724844,92.7475722,attraction,N/A,2025-01-26,N/A,N/A,Andaman and Nicobar Islands
ChIJtVLpy7C_iDARNIxSqPyaMVU,Parachattan Waterfall,11.7565936,92.715222,attraction,N/A,2025-01-26,N/A,N/A,Andaman and Nicobar Islands
ChIJGUHKa1fTiDARgFPObwRGjYo,Andaman Sea Wonders,12.0094517,92.9473782,attraction,N/A,2025-01-26,N/A,N/A,Andaman and Nicobar Islands
ChIJYwFQ39HTiDAR1nBmmNBB_G4,Beach no 2,12.036273,92.99008070000001,attraction,N/A,2025-01-26,N/A,N/A,Andaman and Nicobar Islands
ChIJUxnJ7KTTiDARmGgc50S8fP8,Shangrilas sunrise point,12.0221422,93.0067845,attraction,N/A,2025-01-26,N/A,N/A,Andaman and Nicobar Islands
ChIJPUApw0CTiDAREzn_DuOlc84,Kodiyaghat beach,11.5285593,92.7238077,attraction,N/A,2025-01-26,N/A,N/A,Andaman and Nicobar Islands
ChIJ8asdNMGViDART-QPCGxcBYg,Back Side Beach,11.6292991,92.7509192,beaches,N/A,2025-01-26,N/A,N/A,Andaman and Nicobar Islands
ChIJS8ZZf0eQiDARDutC6SbNmgE,Manjery Beach,11.5358633,92.6462138,beaches,N/A,2025-01-26,N/A,N/A,Andaman and Nicobar Islands
ChIJnwhPHSLaiDARyOUlTA-EuO8,"Sunset Point, Lakshmanpur Beach 1",11.8497003,93.0127588,beaches,N/A,2025-01-26,N/A,N/A,Andaman and Nicobar Islands
ChIJ273iIKeTiDARpF-6mR_Ez2Q,RGCA Beach View Point,11.5290077,92.72325719999999,beaches,N/A,2025-01-26,N/A,N/A,Andaman and Nicobar Islands
ChIJ24jsQTiTiDARPLgFxBXW-zU,Bunker Beach,11.5710862,92.73848679999999,beaches,N/A,2025-01-26,N/A,N/A,Andaman and Nicobar Islands
ChIJnQTbz_yUiDARZe3cbXfj1WA,Corbyn’s Cove Beach,11.6450857,92.74815679999999,beaches,N/A,2025-01-26,N/A,N/A,Andaman and Nicobar Islands
ChIJPUApw0CTiDAREzn_DuOlc84,Kodiyaghat beach,11.5285593,92.7238077,beaches,N/A,2025-01-26,N/A,N/A,Andaman and Nicobar Islands
ChIJ00rmkBiViDARlLJGMqTotL0,Rocky Beach Cliff,11.6551937,92.75737730000002,beaches,N/A,2025-01-26,N/A,N/A,Andaman and Nicobar Islands
ChIJTZMHIRuaiDARRlYO9Tqu5gY,Wandoor Beach वंडूर बीच,11.5957905,92.6079007,beaches,N/A,2025-01-26,N/A,N/A,Andaman and Nicobar Islands
ChIJ-fkAz5rTiDARUNcLO9f3-pA,Kala Pathar Beach,11.9822455,93.01583160000001,beaches,N/A,2025-01-26,N/A,N/A,Andaman and Nicobar Islands
ChIJESWwgRPSiDARYplQfDO-cLw,"Ecological Park, Radhanagar Beach",11.9848424,92.9523749,beaches,N/A,2025-01-26,N/A,N/A,Andaman and Nicobar Islands
ChIJ347nuvyUiDAR6xBlTbsfxMU,Corbyns Cove Beach,11.6437303,92.7469514,beaches,N/A,2025-01-26,N/A,N/A,Andaman and Nicobar Islands
ChIJ6zwAC3jTiDAR6HEkJnJT0hs,Vijaya Nagar Beach,12.0102003,93.0088506,beaches,N/A,2025-01-26,N/A,N/A,Andaman and Nicobar Islands
ChIJX_Ns1QWTiDARsOx15H7jwt0,Pagdandi ocean beach,11.5504994,92.7331821,beaches,N/A,2025-01-26,N/A,N/A,Andaman and Nicobar Islands
ChIJYYqPoSDaiDARU4ScV-oV1aA,Laxmanpur Beach No 1,11.847006,93.01560959999999,beaches,N/A,2025-01-26,N/A,N/A,Andaman and Nicobar Islands
ChIJc7dLFhLSiDARs2Vymn1jFZc,Radhanagar Beach,11.9844552,92.95084539999999,beaches,N/A,2025-01-26,N/A,N/A,Andaman and Nicobar Islands
ChIJuxxn7AXUiDARVrYBCLEF2PY,Vijay Nagar Beach,12.0102182,93.00865859999999,beaches,N/A,2025-01-26,N/A,N/A,Andaman and Nicobar Islands
ChIJMx8PR33SiDAR-gWRWyf8lr4,Elephant Beach,12.0081083,92.9416061,beaches,N/A,2025-01-26,N/A,N/A,Andaman and Nicobar Islands
ChIJk6pG0prTiDARvRqcSV6kYqU,Kala Pathar Beach,12.0006111,93.0070952,beaches,N/A,2025-01-26,N/A,N/A,Andaman and Nicobar Islands
ChIJvf9fRAjTiDAR5n-uWJIU2ck,Kala Patthar Beach,11.9979729,93.0084823,beaches,N/A,2025-01-26,N/A,N/A,Andaman and Nicobar Islands
ChIJw3m0RtLTiDARPTpmwhcPctA,Elephant Beach,12.0097904,92.9472572,beaches,N/A,2025-01-26,N/A,N/A,Andaman and Nicobar Islands
ChIJB3--z_GZiDAR8Zo579xped0,Wandoor beach Andaman,11.6206648,92.6170313,beaches,N/A,2025-01-26,N/A,N/A,Andaman and Nicobar Islands
ChIJhxTwSyu3iDARPm7zKZBHyQY,Ferry point for beach,11.8940919,92.77402839999999,beaches,N/A,2025-01-26,N/A,N/A,Andaman and Nicobar Islands
ChIJW7JQm2vZiDARYVEUmF37mx4,"Sunrise View Point, Sitapur Beach No 5",11.8204002,93.0615176,beaches,N/A,2025-01-26,N/A,N/A,Andaman and Nicobar Islands
ChIJdYk6SMbTiDARrXDInADCHxI,Kala pathar beach Havelock AN,11.9803,93.01639700000001,beaches,N/A,2025-01-26,N/A,N/A,Andaman and Nicobar Islands
ChIJO72XT2rTiDARhttoEFvXdhI,Govind Nagar Beach,12.0306216,93.00084199999999,beaches,N/A,2025-01-26,N/A,N/A,Andaman and Nicobar Islands
ChIJsUSeYADbiDARPmVgOVPpygo,Lakshmanpur Beach No 2,11.8309913,93.0146051,beaches,N/A,2025-01-26,N/A,N/A,Andaman and Nicobar Islands
ChIJB4b4hpzZiDARH3j5vu2T3ek,Ram Nagar beach,11.8145031,93.0455465,beaches,N/A,2025-01-26,N/A,N/A,Andaman and Nicobar Islands
ChIJ1RAe-xePiDARkRm2KM3l9BQ,Cobra Beach,11.4306447,92.623241,beaches,N/A,2025-01-26,N/A,N/A,Andaman and Nicobar Islands
ChIJkXVGiOGZiDAR74ZR1b8CqTg,North Wandoor Beach,11.6211506,92.6171772,beaches,N/A,2025-01-26,N/A,N/A,Andaman and Nicobar Islands
ChIJhX0AuzvbiDARIGr17Xeo3kA,Laxmanpur Beach Neil Island AN,11.8471,93.0159,beaches,N/A,2025-01-26,N/A,N/A,Andaman and Nicobar Islands
ChIJUbEmOXWYiDARrvSGPwgMPLc,Khurmadera Beach,11.6656715,92.5952525,beaches,N/A,2025-01-26,N/A,N/A,Andaman and Nicobar Islands
ChIJMWG4Y_jYiDARSTW_deQBe20,Sitapur Beach,11.8261573,93.0650936,beaches,N/A,2025-01-26,N/A,N/A,Andaman and Nicobar Islands
ChIJIQ7K9orbiDARwb9seTmyLRE,End of Sandy Section of Laxmanpur Beach 2,11.8381183,93.0126837,beaches,N/A,2025-01-26,N/A,N/A,Andaman and Nicobar Islands
ChIJUxnJ7KTTiDARmGgc50S8fP8,Shangrilas sunrise point,12.0221422,93.0067845,beaches,N/A,2025-01-26,N/A,N/A,Andaman and Nicobar Islands
ChIJwfr10pOViDAR7D9j-wkLJN8,Corbyn Cove Sea Wall,11.6435855,92.7471654,beaches,N/A,2025-01-26,N/A,N/A,Andaman and Nicobar Islands
ChIJr8-hR2-ViDARv60y-yMFHlc,Open Sea View Beach,11.6712016,92.76268739999999,beaches,N/A,2025-01-26,N/A,N/A,Andaman and Nicobar Islands
ChIJdwB-8RnbiDARZyk1VwJvZDY,Lakshmanpur Beach 1 - Mangroves,11.8469677,93.0156549,beaches,N/A,2025-01-26,N/A,N/A,Andaman and Nicobar Islands
ChIJt1Hh-8GTiDARQpjIubC9gMw,RGCA View Beach rock area,11.5308473,92.72416079999999,beaches,N/A,2025-01-26,N/A,N/A,Andaman and Nicobar Islands
ChIJM1PSQ4zTiDARYGeWAbsIWUI,Trekking / Nature trails at Radhanagar Beach (with Krishna),11.985768,92.9536969,beaches,N/A,2025-01-26,N/A,N/A,Andaman and Nicobar Islands
ChIJz-zwJPyNiDARUfMOLySo8wg,Chidiya Tapu Beach,11.5059682,92.70146489999999,beaches,N/A,2025-01-26,N/A,N/A,Andaman and Nicobar Islands
ChIJq0kjFzKPiDARD7BXxFyxGYg,Chota Balu Beach,11.5080833,92.69103349999999,beaches,N/A,2025-01-26,N/A,N/A,Andaman and Nicobar Islands
ChIJA8yQDZnZiDARCvxwdDa0hIM,"Bharatpur Beach, Neil Island",11.8361324,93.03419699999999,beaches,N/A,2025-01-26,N/A,N/A,Andaman and Nicobar Islands
ChIJG0ASa-iNiDARzeVb4wpCM4o,Munda Pahad Beach,11.4914543,92.7087511,beaches,N/A,2025-01-26,N/A,N/A,Andaman and Nicobar Islands
ChIJp19JObSViDARNSk4ae87BPE,Seashore Dock Beach,11.6809739,92.7256578,beaches,N/A,2025-01-26,N/A,N/A,Andaman and Nicobar Islands
ChIJ5ymGfWLTiDAR_gxfdDoeoKA,Havelock Exotic Beach Resorts,12.0283793,93.0021814,beaches,N/A,2025-01-26,N/A,N/A,Andaman and Nicobar Islands
ChIJnZJjs4WRiDARFTtH6ZaJWs0,BONY BEACH,11.5186147,92.651669,beaches,N/A,2025-01-26,N/A,N/A,Andaman and Nicobar Islands
ChIJLX6qFX_SiDARET7CBzjQNoo,Sea Link Adventures - Sea walk,12.0067412,92.94139880000002,beaches,N/A,2025-01-26,N/A,N/A,Andaman and Nicobar Islands
ChIJzWUsHPuViDARxyrUAA3u7Aw,Tamil Beach,11.6449942,92.7480274,beaches,N/A,2025-01-26,N/A,N/A,Andaman and Nicobar Islands
ChIJR1ml-N6TiDARmNMxobgJBNw,Nariyal bagicha beach,11.5982037,92.7438547,beaches,N/A,2025-01-26,N/A,N/A,Andaman and Nicobar Islands
ChIJuesE7F3SiDAR8EMSguUZys8,Walking Path To Elephant Beach,12.0087171,92.9635124,beaches,N/A,2025-01-26,N/A,N/A,Andaman and Nicobar Islands
ChIJuUSL-7CPiDARLXkHjIzYKTU,Chidiyatapu BadaBalu Beach ️,11.5108125,92.6773594,beaches,N/A,2025-01-26,N/A,N/A,Andaman and Nicobar Islands
ChIJ1fIi26DTiDARTzHv9IND-pw,Nemo Beach,12.0385245,92.9866017,beaches,N/A,2025-01-26,N/A,N/A,Andaman and Nicobar Islands
ChIJYwFQ39HTiDAR1nBmmNBB_G4,Beach no 2,12.036273,92.99008070000001,beaches,N/A,2025-01-26,N/A,N/A,Andaman and Nicobar Islands
ChIJczaH3L-RiDARbm0I90ZEkf8,Wandoor beach,11.5942329,92.6195687,beaches,N/A,2025-01-26,N/A,N/A,Andaman and Nicobar Islands
ChIJlc0cidnJiDAR9VV5Hg4qD6Q,Shoal Bay Beach,11.8924817,92.7786039,beaches,N/A,2025-01-26,N/A,N/A,Andaman and Nicobar Islands
ChIJY_hUwMzTiDARlS_e3kRh6a4,Broken tree beach,11.9796821,92.96081040000001,beaches,N/A,2025-01-26,N/A,N/A,Andaman and Nicobar Islands
ChIJ84r2F8zbiDARCSBKrgSlcU4,Pearl Park Beach Resort Private Limited,11.8455956,93.0143265,beaches,N/A,2025-01-26,N/A,N/A,Andaman and Nicobar Islands
ChIJce8PqIjTiDARRg3FilMv9uw,Radha Nagar Beach,11.9846935,92.9531651,beaches,N/A,2025-01-26,N/A,N/A,Andaman and Nicobar Islands
ChIJlX-u_smViDAR2KOkxHJEkb8,Sunrise Point,11.677594,92.73088399999999,beaches,N/A,2025-01-26,N/A,N/A,Andaman and Nicobar Islands
ChIJKVlyd8a_iDAR0_-JIfvOX0Q,Waterfall,11.7529685,92.70769399999999,waterfalls,N/A,2025-01-26,N/A,N/A,Andaman and Nicobar Islands
ChIJ_xp8SPq7iDARkGXyn6O_D4M,Jirkatang Waterfall,11.8348182,92.65354529999999,waterfalls,N/A,2025-01-26,N/A,N/A,Andaman and Nicobar Islands
ChIJtVLpy7C_iDARNIxSqPyaMVU,Parachattan Waterfall,11.7565936,92.715222,waterfalls,N/A,2025-01-26,N/A,N/A,Andaman and Nicobar Islands
ChIJF4zRfQCjiDAR1p4Lj2R-ivI,Tirur Waterfall,11.7187706,92.6198014,waterfalls,N/A,2025-01-26,N/A,N/A,Andaman and Nicobar Islands
ChIJGx79YQCziDARoCPVqMMe_wA,Tinurvai Waterfalls & Swimming spot,12.0494236,92.67965029999999,waterfalls,N/A,2025-01-26,N/A,N/A,Andaman and Nicobar Islands
ChIJXaWHFbW7iDARJdQbiIbVQro,Mile Tilak Waterfalls,11.7885436,92.63063009999999,waterfalls,N/A,2025-01-26,N/A,N/A,Andaman and Nicobar Islands
ChIJlS8MFAG_iDARzO27gqq6IAI,Panighat water fall,11.7102704,92.74050980000001,waterfalls,N/A,2025-01-26,N/A,N/A,Andaman and Nicobar Islands
ChIJE7OFnHy_iDARhfdIyiFMCu0,Sea Shore drive-by (Bambooflat),11.7060692,92.7171693,waterfalls,N/A,2025-01-26,N/A,N/A,Andaman and Nicobar Islands
ChIJM1PSQ4zTiDARYGeWAbsIWUI,Trekking / Nature trails at Radhanagar Beach (with Krishna),11.985768,92.9536969,waterfalls,N/A,2025-01-26,N/A,N/A,Andaman and Nicobar Islands
ChIJ1b1-u_S_iDARvoQcYD3cEGA,Bandarikona Dam,11.7232615,92.7185301,waterfalls,N/A,2025-01-26,N/A,N/A,Andaman and Nicobar Islands
ChIJwdts9zW-iDARsKBYmjJlDEk,Mount Harriet National Park,11.7201967,92.7334546,waterfalls,N/A,2025-01-26,N/A,N/A,Andaman and Nicobar Islands
ChIJJTgteXWViDARawiCKVe5UkY,Water Tank Viewpoint,11.6081717,92.7100909,waterfalls,N/A,2025-01-26,N/A,N/A,Andaman and Nicobar Islands
ChIJdw5OD43XiDARbirbLABU9_U,Laukik & Soham Beach,11.9523125,93.02781250000001,waterfalls,N/A,2025-01-26,N/A,N/A,Andaman and Nicobar Islands
ChIJ082Qz3iXiDAREk0vjYl8Ay0,"Goal Tikrey, Chouldari",11.6483837,92.6803393,waterfalls,N/A,2025-01-26,N/A,N/A,Andaman and Nicobar Islands
ChIJqYgzro6ViDARzOOJG1baeZA,Forest Museum,11.6877872,92.72382859999999,waterfalls,N/A,2025-01-26,N/A,N/A,Andaman and Nicobar Islands
ChIJY-V6s4K_iDARDYSTO1WEnFA,Wimberlygunj Junction,11.7373754,92.7083723,waterfalls,N/A,2025-01-26,N/A,N/A,Andaman and Nicobar Islands
ChIJR9wHXQDTiDARmg02ioT_VSA,Ancient Lava stream trek by Habitat Institute,11.9830822,92.9577369,waterfalls,N/A,2025-01-26,N/A,N/A,Andaman and Nicobar Islands
ChIJUb1LMQmViDARgYqPzKuz3cE,Mahatmagandhi Statue (Gandhi Park),11.6630867,92.7437845,waterfalls,N/A,2025-01-26,N/A,N/A,Andaman and Nicobar Islands
ChIJzSfhqqqViDARQ0tdoJ_91Ag,Jogger's Park,11.6569162,92.741523,parks,N/A,2025-01-26,N/A,N/A,Andaman and Nicobar Islands
ChIJeSKHk3KViDARvvFxg-lHoEo,Veer Savarkar Park,11.6732701,92.74771319999999,parks,N/A,2025-01-26,N/A,N/A,Andaman and Nicobar Islands
ChIJH_b28XGXiDARfaN2UpTVJbA,VEER SAVARKAR PARK,11.6324513,92.6692526,parks,N/A,2025-01-26,N/A,N/A,Andaman and Nicobar Islands
ChIJwdts9zW-iDARsKBYmjJlDEk,Mount Harriet National Park,11.7201967,92.7334546,parks,N/A,2025-01-26,N/A,N/A,Andaman and Nicobar Islands
ChIJP2ppjQuaiDARO8s89fvd23U,Mahatma Gandhi Marine National Park,11.58709,92.6155601,parks,N/A,2025-01-26,N/A,N/A,Andaman and Nicobar Islands
ChIJCUIFKlCViDARoiTVmUPzNlE,Vatika Park,11.6438202,92.7196768,parks,N/A,2025-01-26,N/A,N/A,Andaman and Nicobar Islands
ChIJhVYXUHi8iDARAUl3sglcgQU,Rani Jhansi Marine National Park,11.7833399,92.6666714,parks,N/A,2025-01-26,N/A,N/A,Andaman and Nicobar Islands
ChIJ8asdNMGViDART-QPCGxcBYg,Back Side Beach,11.6292991,92.7509192,parks,N/A,2025-01-26,N/A,N/A,Andaman and Nicobar Islands
ChIJ273iIKeTiDARpF-6mR_Ez2Q,RGCA Beach View Point,11.5290077,92.72325719999999,parks,N/A,2025-01-26,N/A,N/A,Andaman and Nicobar Islands
ChIJFennZW2ViDAR1y6Hcjn_hUs,Aberdeen Memorial,11.6728029,92.7486658,parks,N/A,2025-01-26,N/A,N/A,Andaman and Nicobar Islands
ChIJUa1vEKWViDARDQD20DSWwHs,Shaheed Captain Ashim Bhattacharya Park,11.6618702,92.7299771,parks,N/A,2025-01-26,N/A,N/A,Andaman and Nicobar Islands
ChIJlfaPjG2ViDARLsIRG3gWufs,Millenium Clock,11.672503,92.7471612,parks,N/A,2025-01-26,N/A,N/A,Andaman and Nicobar Islands
ChIJ-cjfjyKViDAR3qiC_IkOiys,Shaheed Ramesh Singh Park,11.6583229,92.74442619999999,parks,N/A,2025-01-26,N/A,N/A,Andaman and Nicobar Islands
ChIJESWwgRPSiDARYplQfDO-cLw,"Ecological Park, Radhanagar Beach",11.9848424,92.9523749,parks,N/A,2025-01-26,N/A,N/A,Andaman and Nicobar Islands
ChIJO1EsfA2ViDARw799d65eHm0,Parama Vira Chakra Memorial,11.668536,92.747951,parks,N/A,2025-01-26,N/A,N/A,Andaman and Nicobar Islands
ChIJrZZ5geSViDARfJAwxsiIU0U,Radha Krishna park,11.6664221,92.7506768,parks,N/A,2025-01-26,N/A,N/A,Andaman and Nicobar Islands
ChIJE-NDO0yXiDAR5R8TOLVDdjM,Birsa Nagar Children's Park,11.6340597,92.6965602,parks,N/A,2025-01-26,N/A,N/A,Andaman and Nicobar Islands
ChIJt8qVJE6ViDARnfBjqxNu_4I,children's park Ground Haddo,11.679149,92.7243495,parks,N/A,2025-01-26,N/A,N/A,Andaman and Nicobar Islands
ChIJJ0gsXieViDAR2QsV0_TAU0M,Nature park,11.6741397,92.72212909999999,parks,N/A,2025-01-26,N/A,N/A,Andaman and Nicobar Islands
ChIJWQ58OACFiDARXQMIZpfNNoI,Jolly Bouy Island,11.5077351,92.612149,parks,N/A,2025-01-26,N/A,N/A,Andaman and Nicobar Islands
ChIJ05GN1D-ViDARaoFY0CxfHs0,Vijaybaugh Children's Park,11.6555315,92.7306883,parks,N/A,2025-01-26,N/A,N/A,Andaman and Nicobar Islands
ChIJzTVuIQCRiDARKDkeZ26ZVmY,PVR Park,11.5982303,92.6929972,parks,N/A,2025-01-26,N/A,N/A,Andaman and Nicobar Islands
ChIJQwcbMwmViDARfTFJLFsd3Ls,"Childrens Park, Gandhi Park",11.6640804,92.74609199999999,parks,N/A,2025-01-26,N/A,N/A,Andaman and Nicobar Islands
ChIJwUZNcACViDAReD_KN_-Svug,Hamara Adda,11.6198513,92.7188386,parks,N/A,2025-01-26,N/A,N/A,Andaman and Nicobar Islands
ChIJUb1LMQmViDARgYqPzKuz3cE,Mahatmagandhi Statue (Gandhi Park),11.6630867,92.7437845,parks,N/A,2025-01-26,N/A,N/A,Andaman and Nicobar Islands
ChIJwZkMn2vTiDARNNgu2gz6osY,Trail to Elephant Beach,12.0110307,92.9565081,parks,N/A,2025-01-26,N/A,N/A,Andaman and Nicobar Islands
ChIJ4daHaZ6JiDARM5rhcnHOvio,Thaggi Khilesh Forest,11.3758472,92.62655649999999,parks,N/A,2025-01-26,N/A,N/A,Andaman and Nicobar Islands
ChIJYRugxCyViDARsai1LxsnCVw,Nature Park and Interpretation Centre,11.6767219,92.7245279,parks,N/A,2025-01-26,N/A,N/A,Andaman and Nicobar Islands
ChIJncMYSL-ViDAR6nKmjzDCK1U,Children's Cycle Park,11.6720093,92.74721199999999,parks,N/A,2025-01-26,N/A,N/A,Andaman and Nicobar Islands
ChIJkcIR2Hy-iDARegPwCLVPSSc,Children's Park,11.7367365,92.7076541,parks,N/A,2025-01-26,N/A,N/A,Andaman and Nicobar Islands
ChIJQ4TogbuViDARejjQIBXnehQ,Marina Sea View Point,11.6732465,92.74898929999999,parks,N/A,2025-01-26,N/A,N/A,Andaman and Nicobar Islands
ChIJbXeiYG2ViDARKVpxnj7uupA,Tsunami Memorial,11.6724401,92.7483516,parks,N/A,2025-01-26,N/A,N/A,Andaman and Nicobar Islands
ChIJ26mvMAmViDARJYDILzjqD9Y,Gandhi Park,11.6638498,92.7429775,parks,N/A,2025-01-26,N/A,N/A,Andaman and Nicobar Islands
ChIJo2aCOdOViDARGHbpn9pJF-M,Deer Park,11.6764235,92.7613362,parks,N/A,2025-01-26,N/A,N/A,Andaman and Nicobar Islands
ChIJl0rDnBPSiDARS8AuITfYE9s,Park,11.9847558,92.9518753,parks,N/A,2025-01-26,N/A,N/A,Andaman and Nicobar Islands
ChIJUcRXz4XZiDAR0PBNHCpgsl8,Atreya Mangrove point,11.813912,93.048278,parks,N/A,2025-01-26,N/A,N/A,Andaman and Nicobar Islands
ChIJ43oTRwCViDARpunveh0317M,Jogger's Park (Parking Lot),11.6572387,92.74113349999999,parks,N/A,2025-01-26,N/A,N/A,Andaman and Nicobar Islands
ChIJ14KO4vyNiDARjG8PHnWkFf4,"The Port Blair Biological Park - South Andaman District, Andaman and Nicobar Islands, India",11.5032496,92.70212509999999,parks,N/A,2025-01-26,N/A,N/A,Andaman and Nicobar Islands
ChIJ7_ZTKgWViDARn7f1avPMp6w,भारत का नक्शा,11.6669787,92.7471322,parks,N/A,2025-01-26,N/A,N/A,Andaman and Nicobar Islands
ChIJoQx3jn2ViDAR9ikYLbP6N8w,Garden,11.6730455,92.7473414,parks,N/A,2025-01-26,N/A,N/A,Andaman and Nicobar Islands
ChIJrfddXQ2ViDAR1f9qYs28p3M,Marina Park,11.6698312,92.7474232,parks,N/A,2025-01-26,N/A,N/A,Andaman and Nicobar Islands
ChIJB8ud7IOViDARpyHDlF3o5uw,Agro Park,11.6192195,92.7101793,parks,N/A,2025-01-26,N/A,N/A,Andaman and Nicobar Islands
ChIJXzRiYgDZiDARuhl32-zxIaM,Laxmanpur Neil Island,11.839762,93.02326599999999,parks,N/A,2025-01-26,N/A,N/A,Andaman and Nicobar Islands
ChIJQ9qwtSmViDARcJCHEIlqo74,Sankalp Smarak,11.6432711,92.7323438,parks,N/A,2025-01-26,N/A,N/A,Andaman and Nicobar Islands
ChIJnQTbz_yUiDARZe3cbXfj1WA,Corbyn’s Cove Beach,11.6450857,92.74815679999999,parks,N/A,2025-01-26,N/A,N/A,Andaman and Nicobar Islands
ChIJPU65_z3ZiDARxrJ7UTy-iyA,Public Garden,11.833041,93.02896199999999,parks,N/A,2025-01-26,N/A,N/A,Andaman and Nicobar Islands
ChIJK9xvAaOxiDARzg8LTP37oQs,Jarawa Reserve Forest,11.8910509,92.6897182,parks,N/A,2025-01-26,N/A,N/A,Andaman and Nicobar Islands
ChIJwWAWIgOViDARvsn6Mwf1IVU,Mini Park,11.6705521,92.7442361,parks,N/A,2025-01-26,N/A,N/A,Andaman and Nicobar Islands
ChIJR0YmYgW7iDARCS-DPF6g9o4,Children Park,11.7905814,92.6569523,parks,N/A,2025-01-26,N/A,N/A,Andaman and Nicobar Islands
ChIJEcGpagDbiDARUeMyaNGj5mY,Pearl Park Rocky Beach,11.8463074,93.01296289999999,parks,N/A,2025-01-26,N/A,N/A,Andaman and Nicobar Islands
ChIJQThBVryViDARqyIvh2Npqj0,Children Park,11.6669747,92.73574620000001,parks,N/A,2025-01-26,N/A,N/A,Andaman and Nicobar Islands
ChIJqfYSOgCViDAR2KZKvoizAA4,Bay Watch,11.6503776,92.7161035,parks,N/A,2025-01-26,N/A,N/A,Andaman and Nicobar Islands
ChIJPY0cZACTiDAREjCst1cpipM,Yellow Garden,11.5655614,92.7303201,parks,N/A,2025-01-26,N/A,N/A,Andaman and Nicobar Islands
ChIJl8yMPACjiDARpoiP7_M_JMM,Parashuram Biswas garden,11.7064205,92.6129651,parks,N/A,2025-01-26,N/A,N/A,Andaman and Nicobar Islands
ChIJA2VIOACViDARlgozULAVlIM,Relax point,11.66507,92.7391828,parks,N/A,2025-01-26,N/A,N/A,Andaman and Nicobar Islands
ChIJj4r1TQBLjzARpM8QYrfkpG0,Belle Island Wildlife Sanctuary,12.1107933,92.74017990000002,parks,N/A,2025-01-26,N/A,N/A,Andaman and Nicobar Islands
ChIJ7WLFCgCNiDAR4lljtvgViqg,Munda pahar trekking,11.4902968,92.709583,parks,N/A,2025-01-26,N/A,N/A,Andaman and Nicobar Islands
ChIJ89HiYgqViDAR2iBHmr75TKE,ITF Fountain,11.6548646,92.7340732,parks,N/A,2025-01-26,N/A,N/A,Andaman and Nicobar Islands
ChIJB8NDqMeViDARBqA_Wk_fXMg,GSAT,11.6494391,92.7474489,parks,N/A,2025-01-26,N/A,N/A,Andaman and Nicobar Islands
ChIJx9mLrPtKjzARietgfPly46E,Limestone Cave Baratang,12.0959029,92.7454867,parks,N/A,2025-01-26,N/A,N/A,Andaman and Nicobar Islands
ChIJqYgzro6ViDARzOOJG1baeZA,Forest Museum,11.6877872,92.72382859999999,museum,N/A,2025-01-26,N/A,N/A,Andaman and Nicobar Islands
ChIJy2qVvZeViDARXuAr75NrVao,ZSI REGIONAL MUSEUM,11.6731192,92.7269798,museum,N/A,2025-01-26,N/A,N/A,Andaman and Nicobar Islands
ChIJ710ozpeViDARuC_DoZQpNdc,Naval Marine Museum Samudrika,11.6718057,92.7263692,museum,N/A,2025-01-26,N/A,N/A,Andaman and Nicobar Islands
ChIJNTkamwmViDARjxbTerBSLn0,Zonal Anthropological Museum,11.6646202,92.7401259,museum,N/A,2025-01-26,N/A,N/A,Andaman and Nicobar Islands
ChIJix0OwxiViDARlroGA0eX7TQ,Science Centre,11.65467,92.7563673,museum,N/A,2025-01-26,N/A,N/A,Andaman and Nicobar Islands
ChIJTXYziuyViDARcvIJPlnw0jY,Netaji Subash Chandra Bose Memorial,11.673835,92.76139719999999,museum,N/A,2025-01-26,N/A,N/A,Andaman and Nicobar Islands
ChIJv-QVzNy_iDARtnd7xNN9krY,North Bay Lighthouse,11.7047739,92.75472909999999,museum,N/A,2025-01-26,N/A,N/A,Andaman and Nicobar Islands
ChIJ5RkRx3KViDARZxn_CjiPC0o,Fisheries Musueum Cum Aquarium,11.6719285,92.74679069999999,museum,N/A,2025-01-26,N/A,N/A,Andaman and Nicobar Islands
ChIJQfJ8VBGViDARSVQWYHXuWgY,Pillar of the planet,11.6877829,92.7241398,museum,N/A,2025-01-26,N/A,N/A,Andaman and Nicobar Islands
ChIJTfDXelOViDARhwor0b-yObw,Netaji Gallery and Art Gallery,11.6737255,92.74754430000002,museum,N/A,2025-01-26,N/A,N/A,Andaman and Nicobar Islands
ChIJ9XLlhCuRiDARTo6plb-NYzw,Balidan Vedi,11.6002085,92.66312479999999,museum,N/A,2025-01-26,N/A,N/A,Andaman and Nicobar Islands
ChIJB6i5XpiViDAROnVY7Y_UUts,CHITTAN CEMETRY,11.6728795,92.7304606,museum,N/A,2025-01-26,N/A,N/A,Andaman and Nicobar Islands
ChIJ_aYmUueViDARyXs7NeUhJtw,Gautama Buddha Statue,11.6727875,92.7482222,museum,N/A,2025-01-26,N/A,N/A,Andaman and Nicobar Islands
ChIJYRugxCyViDARsai1LxsnCVw,Nature Park and Interpretation Centre,11.6767219,92.7245279,museum,N/A,2025-01-26,N/A,N/A,Andaman and Nicobar Islands
ChIJP2ppjQuaiDARO8s89fvd23U,Mahatma Gandhi Marine National Park,11.58709,92.6155601,museum,N/A,2025-01-26,N/A,N/A,Andaman and Nicobar Islands
ChIJeSKHk3KViDARvvFxg-lHoEo,Veer Savarkar Park,11.6732701,92.74771319999999,museum,N/A,2025-01-26,N/A,N/A,Andaman and Nicobar Islands
ChIJB_AtYO2ViDARi0FHrdhlP-A,Cellular Jail,11.6747052,92.74787289999999,museum,N/A,2025-01-26,N/A,N/A,Andaman and Nicobar Islands
ChIJVTtCWgCViDARr3v4BYAQXqY,Kalapani,11.6740838,92.74810149999999,museum,N/A,2025-01-26,N/A,N/A,Andaman and Nicobar Islands
ChIJ5Sc1b8OViDARcqpk7acEoWE,Soniyaiti,11.6626598,92.7262368,museum,N/A,2025-01-26,N/A,N/A,Andaman and Nicobar Islands
ChIJVVSvT6h5BTkRisydVcRUBdk,Chadwick Falls,31.1196351,77.1389365,attraction,N/A,2025-01-26,N/A,N/A,Chandigarh
ChIJF04THyTtDzkRLlUCapcr5ls,Butterfly Park,30.729599,76.8105262,attraction,N/A,2025-01-26,N/A,N/A,Chandigarh
ChIJa--BGLftDzkRO-fNQNv5zJY,Topiary Park,30.7268597,76.761245,attraction,N/A,2025-01-26,N/A,N/A,Chandigarh
ChIJN7eajZN4BTkRTnLSm2F-XJQ,Hawa Ghar,31.1047034,77.1755591,attraction,N/A,2025-01-26,N/A,N/A,Chandigarh
ChIJyf46L96YDzkReSpM1tAyGOs,Tikkar Taal,30.6580574,77.08185499999999,attraction,N/A,2025-01-26,N/A,N/A,Chandigarh
ChIJH_Cdj0aJDzkRVaCyZy9W6Rg,Manki Point,30.8786278,76.9753214,attraction,N/A,2025-01-26,N/A,N/A,Chandigarh
ChIJOeoRsM2SDzkROyE5qPSXkgQ,Garden of Silence,30.7384342,76.83011739999999,attraction,N/A,2025-01-26,N/A,N/A,Chandigarh
ChIJAaqw9duIDzkRbec9O9f6HbM,Sunset Point,30.8916236,76.97126089999999,attraction,N/A,2025-01-26,N/A,N/A,Chandigarh
ChIJo5aKYQXtDzkRammIQ9RY-bc,Chandigarh Bird Park,30.7486638,76.8103337,attraction,N/A,2025-01-26,N/A,N/A,Chandigarh
ChIJlzKPi0PtDzkRsi3-RfaAnME,Nek Chand’s Rock Garden of Chandigarh,30.7529331,76.80505409999999,attraction,N/A,2025-01-26,N/A,N/A,Chandigarh
ChIJwRSfq3btDzkRqpSJixUrNtY,Eiffel Tower Replica,30.7488467,76.785415,attraction,N/A,2025-01-26,N/A,N/A,Chandigarh
ChIJWe-6fkGZDzkRmBoGM15c0eY,"The Morni Fort - Panchkula district, Haryana, India",30.68861669999999,77.0831439,attraction,N/A,2025-01-26,N/A,N/A,Chandigarh
ChIJ-fgykgvvDzkRIpq88_RYeco,Fateh Burj - Baba Banda Singh Bahadur War Memorial,30.7030475,76.66661119999999,attraction,N/A,2025-01-26,N/A,N/A,Chandigarh
ChIJQbUapZRVBTkRjKyRpDppUNM,Ropar Head Works Park,30.9886654,76.52413,attraction,N/A,2025-01-26,N/A,N/A,Chandigarh
ChIJHZnR6m_tDzkR_CcgM7HuD-k,Leisure Valley,30.7528125,76.79206250000001,attraction,N/A,2025-01-26,N/A,N/A,Chandigarh
ChIJXVut_WCJDzkR-MKeUsUdRN8,jangeshu waterfall,30.8876355,76.9578478,attraction,N/A,2025-01-26,N/A,N/A,Chandigarh
ChIJeX6cqfuDBTkRrs3H5Dk2Tvc,Kufri Fun World,31.0941261,77.278049,attraction,N/A,2025-01-26,N/A,N/A,Chandigarh
ChIJv40gLfwoEDkRD1ISc80Yas8,Patiala Heritage Walk,30.320812,76.4025782,attraction,N/A,2025-01-26,N/A,N/A,Chandigarh
ChIJacZgJ7_tDzkRdNeibenK6uA,Hibiscus Garden,30.7356372,76.7592686,attraction,N/A,2025-01-26,N/A,N/A,Chandigarh
ChIJtarFmV3tDzkRZ7zT6kluvdc,"The Tower of Shadows - Chandigarh, India",30.7596984,76.8041372,attraction,N/A,2025-01-26,N/A,N/A,Chandigarh
ChIJwxmT736GDzkR-NENOt0FyCQ,Dagshai Jail Museum,30.8866978,77.0527518,attraction,N/A,2025-01-26,N/A,N/A,Chandigarh
ChIJ_VwjPDOTDzkRsqF-Ad1zY5I,Kalagram,30.7099321,76.8263051,attraction,N/A,2025-01-26,N/A,N/A,Chandigarh
ChIJQche0fJ5BTkRdb5RytJjPfc,Marina Waterfall,31.0979018,77.1771097,attraction,N/A,2025-01-26,N/A,N/A,Chandigarh
ChIJncWATm0pEDkRUcuNx-FsPOg,Deer Park,30.2958799,76.3967095,attraction,N/A,2025-01-26,N/A,N/A,Chandigarh
ChIJz5Pf-UKCBTkRq_enVbtEKMM,Shimla Water Catchment Wildlife Sanctuary,31.1113908,77.2196979,attraction,N/A,2025-01-26,N/A,N/A,Chandigarh
ChIJ1dJgWZZ4BTkR0oAnYvrfUJ4,Jakhu Ropeway Shimla,31.10226,77.17936759999999,attraction,N/A,2025-01-26,N/A,N/A,Chandigarh
ChIJy-jJfiZ5BTkRsfuPy8a0-e8,"Ridge, Shimla",31.1048001,77.1746678,attraction,N/A,2025-01-26,N/A,N/A,Chandigarh
ChIJIaK34ux4BTkR5cOKzkly-F4,Bantony Castle,31.1061545,77.1697236,attraction,N/A,2025-01-26,N/A,N/A,Chandigarh
ChIJB7xLA-94BTkR6i5NbujsKJM,Gorton Castle,31.1046861,77.16266929999999,attraction,N/A,2025-01-26,N/A,N/A,Chandigarh
ChIJDWqfQ3HtDzkR4SeVvWq2ffA,Tank Monument,30.7496155,76.78675400000002,attraction,N/A,2025-01-26,N/A,N/A,Chandigarh
ChIJM3h23BvsDzkRytFlqsSjoN4,Silvi Park,30.6868329,76.7404391,attraction,N/A,2025-01-26,N/A,N/A,Chandigarh
ChIJ7bKBXkm2DzkR-bbVjRcX6Kw,Sardar Patel Park,30.3593959,76.8533507,attraction,N/A,2025-01-26,N/A,N/A,Chandigarh
ChIJT78SDcftDzkRU4WSZ5USnuo,Garden of Fragrance,30.7326709,76.7572113,attraction,N/A,2025-01-26,N/A,N/A,Chandigarh
ChIJQVUWQIjuDzkR42G51GCENt4,Rose Garden,30.7120968,76.7208455,attraction,N/A,2025-01-26,N/A,N/A,Chandigarh
ChIJSQ7ddxopEDkRB-fqYER9gj0,Moti Bagh Palace,30.307709,76.3944752,attraction,N/A,2025-01-26,N/A,N/A,Chandigarh
ChIJE2ZedemDBTkRM9Gs8zujiAU,Kufri Adventures,31.1004917,77.2669852,attraction,N/A,2025-01-26,N/A,N/A,Chandigarh
ChIJdwuUunuBDzkRgEKFULQp3Jw,Riva Waterfall,30.9275676,77.1487796,attraction,N/A,2025-01-26,N/A,N/A,Chandigarh
ChIJXf7yu3KABTkR3bNP0yifXi8,Chail Sanctuary,31.0051396,77.20027449999999,attraction,N/A,2025-01-26,N/A,N/A,Chandigarh
ChIJ_djAaO-DBTkRzhxzz1L0RUY,Nagsons Amusement Park Hip Hip Hurray,31.0975682,77.27097499999999,attraction,N/A,2025-01-26,N/A,N/A,Chandigarh
ChIJAVmMUWbvDzkRLf4Ag-_lXmA,Thunder Zone Amusement and Water Park,30.6858683,76.6499178,attraction,N/A,2025-01-26,N/A,N/A,Chandigarh
ChIJszH4qRXpDzkReCi2XmWyKI0,Harpreet's House,30.65430349999999,76.6975164,attraction,N/A,2025-01-26,N/A,N/A,Chandigarh
ChIJraqq6uiDBTkR-jUF0i8m2Lo,Himalayan Nature Park Kufri,31.0983336,77.26295350000001,attraction,N/A,2025-01-26,N/A,N/A,Chandigarh
ChIJa2mW8e54BTkR1Z6Tb6iW1m8,Victory Tunnel,31.1051477,77.1638909,attraction,N/A,2025-01-26,N/A,N/A,Chandigarh
ChIJV6i-5kjIDzkRvHiswrNxlsQ,Haryana Swarn Dwaar,30.3687957,76.7984908,attraction,N/A,2025-01-26,N/A,N/A,Chandigarh
ChIJcSxms0HXDzkRXWRy3BDXUNU,AVTAR SINGH,30.3646865,76.48086649999999,attraction,N/A,2025-01-26,N/A,N/A,Chandigarh
ChIJfbguD_woEDkRrtNaWqgbywc,Qila Mubarak,30.3242697,76.40333269999999,attraction,N/A,2025-01-26,N/A,N/A,Chandigarh
ChIJBxOC0GmPDzkRgo_YXJ7qgHI,Sun set view,30.8362877,76.9765036,attraction,N/A,2025-01-26,N/A,N/A,Chandigarh
ChIJs1SEGOWDBTkRatVf6nPHXgw,Apple Point,31.0951365,77.27576909999999,attraction,N/A,2025-01-26,N/A,N/A,Chandigarh
ChIJs72QhaJ_DzkRPkMERqf2YG4,View Point,30.9371222,77.2018196,attraction,N/A,2025-01-26,N/A,N/A,Chandigarh
ChIJzaPqjk55BTkRfbyWqVYUvnI,Sun Set point,31.0827539,77.1377577,attraction,N/A,2025-01-26,N/A,N/A,Chandigarh
ChIJ8wEEiJN4BTkR86GX-1d3t8k,View Point,31.1040787,77.17513989999999,attraction,N/A,2025-01-26,N/A,N/A,Chandigarh
ChIJa-FWp5Z4BTkRNTEP_kXw-Lg,Rani Jhansi Park,31.1033,77.17739999999999,attraction,N/A,2025-01-26,N/A,N/A,Chandigarh
ChIJW3ctvL2TDzkR8mHph_Y10y4,MDC (Mata Mansa Devi) Singh DWAR,30.7127172,76.8489695,attraction,N/A,2025-01-26,N/A,N/A,Chandigarh
ChIJXRvjxNKBBTkRPvYrHA3BlNU,valley moments,31.0409758,77.2455095,attraction,N/A,2025-01-26,N/A,N/A,Chandigarh
ChIJczu01brtDzkROxbY5D3fHN0,Subway (Underground Tunnel),30.7443044,76.7832773,attraction,N/A,2025-01-26,N/A,N/A,Chandigarh
ChIJ8-ClmQDzDzkRD1_HX3eyo5E,Jainti Dam,30.8141259,76.78038149999999,attraction,N/A,2025-01-26,N/A,N/A,Chandigarh
ChIJg7LsUtqIDzkRkls08MZa1ZY,Gilbert Nature Trail,30.889128,76.9722886,attraction,N/A,2025-01-26,N/A,N/A,Chandigarh
ChIJpa3IcX_zDzkR2BLzD6tjEHI,Parchh dam,30.814077,76.8071191,attraction,N/A,2025-01-26,N/A,N/A,Chandigarh
ChIJ8RQNbADtDzkR5u4SoM2iLeg,Chandigarh,30.7022089,76.822796,attraction,N/A,2025-01-26,N/A,N/A,Chandigarh
ChIJt9Q7H7KJDzkRG9Hmr2M6RdE,Pine Point,30.9095275,76.9854179,attraction,N/A,2025-01-26,N/A,N/A,Chandigarh
ChIJC9Aek8BOBTkRQ46I-4gj9LU,River beach,31.1752503,76.5720942,beaches,N/A,2025-01-26,N/A,N/A,Chandigarh
ChIJIcZRfjjtDzkRh9f2IPZrEUo,Shoe Island,30.7455499,76.8116359,beaches,N/A,2025-01-26,N/A,N/A,Chandigarh
ChIJ27RE9HmnDzkR3pUAYcc_R2Q,Barouli Beach Front,30.483688,77.103889,beaches,N/A,2025-01-26,N/A,N/A,Chandigarh
ChIJmz0jnmF5BTkR2QNIzmBb0BA,Mountain and beach travel,31.1024381,77.1989323,beaches,N/A,2025-01-26,N/A,N/A,Chandigarh
ChIJ87pwcN7tDzkR7qvabQkP08s,Beach N Brew,30.723995,76.8068365,beaches,N/A,2025-01-26,N/A,N/A,Chandigarh
ChIJc1JJSydhBTkRbSNOzWbRskw,Seri bodni Waterfall,30.9723945,76.9064782,waterfalls,N/A,2025-01-26,N/A,N/A,Chandigarh
ChIJsd43XYt_BTkRwixV9QdDQL0,Hail Himalayas Waterfall,31.0342466,77.1405405,waterfalls,N/A,2025-01-26,N/A,N/A,Chandigarh
ChIJB_rQEXaPDzkRxT5rwqSfBvM,Mashobra waterfall,30.8672045,76.95562199999999,waterfalls,N/A,2025-01-26,N/A,N/A,Chandigarh
ChIJ1W4BRIqZDzkRu8-S1jPCNpg,Prism waterfall,30.6602941,77.085183,waterfalls,N/A,2025-01-26,N/A,N/A,Chandigarh
ChIJN35H4VuPDzkRF7Rs9qbCVz4,Chakki Modh Waterfall,30.8624222,77.0043232,waterfalls,N/A,2025-01-26,N/A,N/A,Chandigarh
ChIJh2Qm66yRDzkRUVVkqRLNeRc,Burj Kotiya (Waterfall),30.74292269999999,76.9446469,waterfalls,N/A,2025-01-26,N/A,N/A,Chandigarh
ChIJC4bbpz-DBTkR01Q4wrQDPwE,Kanola waterfall,31.1385592,77.235263,waterfalls,N/A,2025-01-26,N/A,N/A,Chandigarh
ChIJVVSvT6h5BTkRisydVcRUBdk,Chadwick Falls,31.1196351,77.1389365,waterfalls,N/A,2025-01-26,N/A,N/A,Chandigarh
ChIJdwuUunuBDzkRgEKFULQp3Jw,Riva Waterfall,30.9275676,77.1487796,waterfalls,N/A,2025-01-26,N/A,N/A,Chandigarh
ChIJmTkRPhZ_BTkRnijZ-UG-lQc,Taradevi Waterfall Zone,31.0339512,77.1377936,waterfalls,N/A,2025-01-26,N/A,N/A,Chandigarh
ChIJXVut_WCJDzkR-MKeUsUdRN8,jangeshu waterfall,30.8876355,76.9578478,waterfalls,N/A,2025-01-26,N/A,N/A,Chandigarh
ChIJQche0fJ5BTkRdb5RytJjPfc,Marina Waterfall,31.0979018,77.1771097,waterfalls,N/A,2025-01-26,N/A,N/A,Chandigarh
ChIJK2G6a7N_BTkRKpse8VXMO-4,Waterfall,31.0327035,77.13968919999999,waterfalls,N/A,2025-01-26,N/A,N/A,Chandigarh
ChIJWWwKwRqFDzkRQWRv-LLTkXM,Step Waterfalls,30.8460504,77.0240371,waterfalls,N/A,2025-01-26,N/A,N/A,Chandigarh
ChIJf7Xfdex_BTkRam8kL7PkIFA,Shoghi waterfall,31.0341089,77.1408281,waterfalls,N/A,2025-01-26,N/A,N/A,Chandigarh
ChIJGchkUACHDzkRjvQHhr7ag_E,Bhusal Waterfall,30.9516518,77.08106719999999,waterfalls,N/A,2025-01-26,N/A,N/A,Chandigarh
ChIJNQX2-y6BDzkR05IWTS1OPy4,Tonino Waterfall,30.9275348,77.1487145,waterfalls,N/A,2025-01-26,N/A,N/A,Chandigarh
ChIJ94KUB2qJDzkRm4RgFPO_YCk,Step waterfall,30.8914274,76.9975238,waterfalls,N/A,2025-01-26,N/A,N/A,Chandigarh
ChIJ0bWKJDqBBTkR11jAWOvSq2w,Dhar Waterfall (Seasonal),30.9956941,77.2370832,waterfalls,N/A,2025-01-26,N/A,N/A,Chandigarh
ChIJlWVpijZ3DzkRxaGKD3L8qaY,Baru Lake & Waterfall,30.7627009,77.2820699,waterfalls,N/A,2025-01-26,N/A,N/A,Chandigarh
ChIJyf12q1t_BTkRtIRMWpNrfHM,Water fall,31.002338,77.1638036,waterfalls,N/A,2025-01-26,N/A,N/A,Chandigarh
ChIJf68jg_mJDzkRflns3vFePgs,Kanav Falls,30.8782384,76.9616028,waterfalls,N/A,2025-01-26,N/A,N/A,Chandigarh
ChIJZbmXeACdDzkRawapP5cM6AU,Waterfall Sirmour,30.7855326,77.1778349,waterfalls,N/A,2025-01-26,N/A,N/A,Chandigarh
ChIJcfygo_ePDzkRFVVGM3iI3mg,Water fall,30.8635211,77.0039396,waterfalls,N/A,2025-01-26,N/A,N/A,Chandigarh
ChIJzf2QAoyBDzkRKXEBXF6BXqk,Malhotra fall,30.92794229999999,77.14834739999999,waterfalls,N/A,2025-01-26,N/A,N/A,Chandigarh
ChIJA9G1WoV_BTkR1FlMLNL0nk4,Jafri waterfal treak,30.9946505,77.16026169999999,waterfalls,N/A,2025-01-26,N/A,N/A,Chandigarh
ChIJdQ2LcMOPDzkRT748E0jZJJg,The Crew Falls,30.8379007,77.0064009,waterfalls,N/A,2025-01-26,N/A,N/A,Chandigarh
ChIJHQgipbF5BTkR6ZDWihXv2ZI,Chadwick Falls Trailhead,31.12231,77.14319499999999,waterfalls,N/A,2025-01-26,N/A,N/A,Chandigarh
ChIJ86SrOwCJDzkRYAgvokfR1dQ,Waterfall,30.8830704,76.9887385,waterfalls,N/A,2025-01-26,N/A,N/A,Chandigarh
ChIJ3V5YQNePDzkRiGgazDU0Au0,Small water fall,30.8288993,76.95965029999999,waterfalls,N/A,2025-01-26,N/A,N/A,Chandigarh
ChIJSWdVQ1p_BTkR6ObUMN7yxaM,SHIV FALLS,30.9910266,77.14500369999999,waterfalls,N/A,2025-01-26,N/A,N/A,Chandigarh
ChIJa4djI1mPDzkRa3a8w2bbLfg,Kamali Village River Dam,30.8312189,76.968745,waterfalls,N/A,2025-01-26,N/A,N/A,Chandigarh
ChIJ68be0GZ_BTkRsQK5GoqdolI,Tara Devi Waterfall trek start point,31.0314513,77.1361105,waterfalls,N/A,2025-01-26,N/A,N/A,Chandigarh
ChIJm1Th3sF_BTkRmDdJQnSV78g,Shoghi Hidden Water fall,31.0334427,77.1374707,waterfalls,N/A,2025-01-26,N/A,N/A,Chandigarh
ChIJbx44HUeTDzkRXBoN22OLbmg,Reservoir,30.7320579,76.91633759999999,waterfalls,N/A,2025-01-26,N/A,N/A,Chandigarh
ChIJQR6gMAJ_BTkRS-jiFCxylZU,Suinta Waterfall,31.0421152,77.1896682,waterfalls,N/A,2025-01-26,N/A,N/A,Chandigarh
ChIJScdS-K9_BTkRU0Fr4UpCd_0,Phantom Falls,31.0098593,77.16091229999999,waterfalls,N/A,2025-01-26,N/A,N/A,Chandigarh
ChIJOwrGcACBDzkR6Ab9odRRyWg,Ashwani Khadd,30.9276412,77.1488171,waterfalls,N/A,2025-01-26,N/A,N/A,Chandigarh
ChIJXZBGt1N5BTkRVzdrhZo8OOc,Nanihal falls,31.0910087,77.1639742,waterfalls,N/A,2025-01-26,N/A,N/A,Chandigarh
ChIJ36wJaWOJDzkRhkj6VqIBVBY,Sunrise View Point,30.8940067,76.9726482,waterfalls,N/A,2025-01-26,N/A,N/A,Chandigarh
ChIJc4S1HnV5BTkREE7E8HhsWWE,A best view point,31.1196351,77.1389365,waterfalls,N/A,2025-01-26,N/A,N/A,Chandigarh
ChIJHQWP0tGFDzkRRdBHFc_nKi0,Solan hill view point,30.8695261,77.1007308,waterfalls,N/A,2025-01-26,N/A,N/A,Chandigarh
ChIJvYYnmQ4MDzkRYJwvVAvles0,Pakka Tank,30.5621796,77.2937622,waterfalls,N/A,2025-01-26,N/A,N/A,Chandigarh
ChIJq0YqL_qZDzkRoerIAqGA5jM,Morni waterfall,30.6582066,77.0860598,waterfalls,N/A,2025-01-26,N/A,N/A,Chandigarh
ChIJP_sNurKBDzkReUBIyMj5dyA,Jhopdi Viewpoint,30.9364697,77.1364699,waterfalls,N/A,2025-01-26,N/A,N/A,Chandigarh
ChIJCTbkSeGRDzkREyVB6x_zPJg,Mallah lake,30.7653948,77.0011474,waterfalls,N/A,2025-01-26,N/A,N/A,Chandigarh
ChIJ_e7__YuZDzkRqQ6Mw3kz1rw,Shilyon view point,30.70037,77.059497,waterfalls,N/A,2025-01-26,N/A,N/A,Chandigarh
ChIJ225b54iZDzkRzFMe8bMJAl8,"""Ishavasyam"" Morni hills haryana",30.6913583,77.08201799999999,waterfalls,N/A,2025-01-26,N/A,N/A,Chandigarh
ChIJ____P9KGDzkRlqOYDqIcEu0,Solan View,30.9257211,77.0974561,waterfalls,N/A,2025-01-26,N/A,N/A,Chandigarh
ChIJySANAu2fDzkRl4KHiN_o4UA,Lotus Lake (Sherla Taal),30.6677206,77.1201664,waterfalls,N/A,2025-01-26,N/A,N/A,Chandigarh
ChIJqVd6mlmPDzkRbW5HljmyJ-E,Waterfall - Homestay and Restaurant,30.8626349,77.00422019999999,waterfalls,N/A,2025-01-26,N/A,N/A,Chandigarh
ChIJ01cjYC2HDzkRikByaFpv8VM,Karol Tibba Trek,30.9241292,77.0995124,waterfalls,N/A,2025-01-26,N/A,N/A,Chandigarh
ChIJ01QSr6R3DzkR2Ff-GqmljXo,"Mangarh valley, sirmour",30.7518552,77.2574979,waterfalls,N/A,2025-01-26,N/A,N/A,Chandigarh
ChIJaYXfBrd_DzkR1GE7SAuHJRE,Lover's Hill,30.9769681,77.2015115,waterfalls,N/A,2025-01-26,N/A,N/A,Chandigarh
ChIJZ1kmjQKHDzkRSBWPe9gmXA4,Barog station to Solan highway marg,30.8904523,77.08477940000002,waterfalls,N/A,2025-01-26,N/A,N/A,Chandigarh
ChIJrSnkTBp5BTkRdsI_599bo18,"Village tour, traditional food & trekking",31.14980409999999,77.189846,waterfalls,N/A,2025-01-26,N/A,N/A,Chandigarh
ChIJg7LsUtqIDzkRkls08MZa1ZY,Gilbert Nature Trail,30.889128,76.9722886,waterfalls,N/A,2025-01-26,N/A,N/A,Chandigarh
ChIJs72QhaJ_DzkRPkMERqf2YG4,View Point,30.9371222,77.2018196,waterfalls,N/A,2025-01-26,N/A,N/A,Chandigarh
ChIJU3FDHBePDzkRB5OEXWUvxBY,Kumarhatti - Nahan Highway shortcut,30.8530245,77.002521,waterfalls,N/A,2025-01-26,N/A,N/A,Chandigarh
ChIJ1w__KvZfBTkRt8JT0_4DKGY,Water Tubewell Kaundi,30.975331,76.78421809999999,waterfalls,N/A,2025-01-26,N/A,N/A,Chandigarh
ChIJj3sM1pfuDzkRtjcGljj7C1A,Central Park,30.6910538,76.71960729999999,parks,N/A,2025-01-26,N/A,N/A,Chandigarh
ChIJS4GfSvXtDzkRNXlH8FHMtKo,Waste to Wonder Park,30.6921356,76.7589071,parks,N/A,2025-01-26,N/A,N/A,Chandigarh
ChIJ3VaD5HqTDzkRLw5VVyjnvq8,Sector 4 Park,30.691967,76.86259,parks,N/A,2025-01-26,N/A,N/A,Chandigarh
ChIJA_uiZ-btDzkRNSVw60wPkqE,Park - Sector 38,30.7428705,76.7428865,parks,N/A,2025-01-26,N/A,N/A,Chandigarh
ChIJPSvm9kPsDzkRXqVVXHgUFF8,Park Sector 46 C,30.7009772,76.7634089,parks,N/A,2025-01-26,N/A,N/A,Chandigarh
ChIJR9EhRS7rDzkRF1XiegCRfPA,"Municipal Park, Lohgarh",30.64280459999999,76.8182442,parks,N/A,2025-01-26,N/A,N/A,Chandigarh
ChIJ09kAd_b7DzkRBcr9uTCbTTk,Municipal Park Kharar,30.7537724,76.6313821,parks,N/A,2025-01-26,N/A,N/A,Chandigarh
ChIJQ9WlkuLsDzkR_cBUytkJrZI,Public Park Sector 27D,30.7197051,76.7934606,parks,N/A,2025-01-26,N/A,N/A,Chandigarh
ChIJm0zhSaTtDzkR1mrBl6x5AT0,Nehru Park 22 Chd,30.7336584,76.7724247,parks,N/A,2025-01-26,N/A,N/A,Chandigarh
ChIJ8b7IglbsDzkR0v4GVrjpDGo,Sector 33B - Park,30.7152101,76.7778065,parks,N/A,2025-01-26,N/A,N/A,Chandigarh
ChIJnyZU64ruDzkRGcZboiRsqvM,Sector 59 Park,30.711372,76.7123521,parks,N/A,2025-01-26,N/A,N/A,Chandigarh
ChIJqUk3-WjvDzkRU6_M0T2zhHU,park sec 80,30.6699526,76.7145735,parks,N/A,2025-01-26,N/A,N/A,Chandigarh
ChIJ4RLwoH7uDzkRsX5giBO__Wg,Sector 53 Sas Nagar Mohali Park,30.7188749,76.7280121,parks,N/A,2025-01-26,N/A,N/A,Chandigarh
ChIJ56nh02XtDzkRx8_uMSn99M4,Bougainvillea Park 3 Chd,30.7582694,76.7959428,parks,N/A,2025-01-26,N/A,N/A,Chandigarh
ChIJqSj8ikeTDzkRFq3r1rC1owQ,Park 16,30.703138,76.8390977,parks,N/A,2025-01-26,N/A,N/A,Chandigarh
ChIJ0Ta3gVMoEDkRrEqWbvw64bo,Tej Bagh Colony Park,30.3233126,76.41610829999999,parks,N/A,2025-01-26,N/A,N/A,Chandigarh
ChIJz-EZcqrtDzkROxyp4dufZfA,Sector 20A - Park,30.7246265,76.7806279,parks,N/A,2025-01-26,N/A,N/A,Chandigarh
ChIJjwH0r2jsDzkR7kloM2sStas,Park - Sector-47C,30.6909177,76.76764639999999,parks,N/A,2025-01-26,N/A,N/A,Chandigarh
ChIJ596__oWUDzkRfvsTsAuU7xM,"Park 4 (Bada Park, Near Ghagar)",30.6724531,76.8660596,parks,N/A,2025-01-26,N/A,N/A,Chandigarh
ChIJE950k8KUDzkRIXg4_PO4DkQ,Public Park Dhakoli,30.64956189999999,76.8477589,parks,N/A,2025-01-26,N/A,N/A,Chandigarh
ChIJ9zlkueHtDzkRrt13uqKvjKA,Sector 40-A Park,30.7405124,76.73882499999999,parks,N/A,2025-01-26,N/A,N/A,Chandigarh
ChIJay_LJVjIDzkRTtcd2kMCrW4,Vijay Nagar Park,30.369973,76.781803,parks,N/A,2025-01-26,N/A,N/A,Chandigarh
ChIJD1G_2PfIDzkRwnipjdO7Yq4,Sector 7 Nagar Nigam park no19,30.3752011,76.782122,parks,N/A,2025-01-26,N/A,N/A,Chandigarh
ChIJZ7fFLqztDzkR54ltLNJtujg,Public Park - Sector 21 D,30.7241772,76.7716425,parks,N/A,2025-01-26,N/A,N/A,Chandigarh
ChIJuQmk4eHsDzkR7YVSsRZ-KUc,Public Park - Sector 27C,30.7214948,76.79837859999999,parks,N/A,2025-01-26,N/A,N/A,Chandigarh
ChIJc1hRTanvDzkRsDcjffcWSTU,Shivalik palm city park no 1,30.7268037,76.659841,parks,N/A,2025-01-26,N/A,N/A,Chandigarh
ChIJ7_blTL7tDzkR4NJ_QRVpCEY,Public Park - Sector 23-D,30.7383874,76.7597385,parks,N/A,2025-01-26,N/A,N/A,Chandigarh
ChIJJ9ViuEXsDzkRgU8UcYUdjYw,46 Park,30.7049083,76.7639952,parks,N/A,2025-01-26,N/A,N/A,Chandigarh
ChIJgYXKZUSTDzkRbhSP424t-pE,Public Park - 2,30.69266949999999,76.8425785,parks,N/A,2025-01-26,N/A,N/A,Chandigarh
ChIJkWM1ScztDzkRPKU7oZOPLCU,Public Park Sector 43B green park,30.7187026,76.7504252,parks,N/A,2025-01-26,N/A,N/A,Chandigarh
ChIJDSdhx4buDzkRVNh0nEWnjYA,Ekta Park,30.7100968,76.72689989999999,parks,N/A,2025-01-26,N/A,N/A,Chandigarh
ChIJ-WMbl-7tDzkRmMzqEZiPlXw,Sector 38 Sugar Sister Park,30.7469147,76.7500219,parks,N/A,2025-01-26,N/A,N/A,Chandigarh
ChIJ52k2NGPuDzkR2fYylGZmrFU,Phase 4 Public Park,30.7177947,76.7217926,parks,N/A,2025-01-26,N/A,N/A,Chandigarh
ChIJ5V1z88ntDzkREDVOqDLWYdE,Park 35D,30.7235916,76.7559325,parks,N/A,2025-01-26,N/A,N/A,Chandigarh
ChIJ88VZAqvuDzkRLbrP9tn44B0,Park 2,30.67185379999999,76.73063739999999,parks,N/A,2025-01-26,N/A,N/A,Chandigarh
ChIJ6dcA1T_sDzkRo6NZLzKCunA,Green Belt Park,30.6946954,76.7540207,parks,N/A,2025-01-26,N/A,N/A,Chandigarh
ChIJ22bNj2-UDzkR8-YuKI1AMWc,Sector- 25 Park,30.6721,76.8843,parks,N/A,2025-01-26,N/A,N/A,Chandigarh
ChIJXRzMiJjuDzkR0drRR5ZIido,Park 15,30.6923907,76.72533349999999,parks,N/A,2025-01-26,N/A,N/A,Chandigarh
ChIJIdkyiU3rDzkRXdgF6LqRm78,Park Baltana,30.6672023,76.8218246,parks,N/A,2025-01-26,N/A,N/A,Chandigarh
ChIJ7zs2kRHtDzkRgINmnyWYyS0,"Park, Chandigarh",30.7366321,76.792484,parks,N/A,2025-01-26,N/A,N/A,Chandigarh
ChIJZRfW88ntDzkRl7WE85EKujY,Fountain Park,30.7233117,76.7554809,parks,N/A,2025-01-26,N/A,N/A,Chandigarh
ChIJU4hUxqyTDzkRNs-aiupcTeQ,Tiger park,30.7282989,76.87229909999999,parks,N/A,2025-01-26,N/A,N/A,Chandigarh
ChIJM0DaogjtDzkRw-RqpaTF-eQ,Kk park,30.7321881,76.7842958,parks,N/A,2025-01-26,N/A,N/A,Chandigarh
ChIJb9AFWC7sDzkRmIqdQb-gyx8,Park 2,30.7081839,76.7423343,parks,N/A,2025-01-26,N/A,N/A,Chandigarh
ChIJEwajvQbtDzkRz1_m2Q12W2I,Sector 20A - Park,30.7272342,76.7846502,parks,N/A,2025-01-26,N/A,N/A,Chandigarh
ChIJbwpeZ6jtDzkRrLUECQeWfNk,Park 4,30.7294295,76.7773784,parks,N/A,2025-01-26,N/A,N/A,Chandigarh
ChIJtXW9TeHvDzkRwmal-6QupNo,Park Saachi,30.7470303,76.6594145,parks,N/A,2025-01-26,N/A,N/A,Chandigarh
ChIJr-XLVBLtDzkRnd_n4TdmEBw,Park Sector 8C,30.7398344,76.79648879999999,parks,N/A,2025-01-26,N/A,N/A,Chandigarh
ChIJESWYbFz1DzkRTwD7Kcj4zAQ,Torrent Park,30.9413868,76.80776039999999,parks,N/A,2025-01-26,N/A,N/A,Chandigarh
ChIJNwU5tk6TDzkRwVU5GFanm7k,Public Park 4,30.6965668,76.8330979,parks,N/A,2025-01-26,N/A,N/A,Chandigarh
ChIJseVKYRLsDzkRYMuyi_KI38A,Park 3,30.6843315,76.75349829999999,parks,N/A,2025-01-26,N/A,N/A,Chandigarh
ChIJq8S65ZnIDzkRhnVju3ZQ6wU,Ashok Vihar Park,30.391669,76.7620946,parks,N/A,2025-01-26,N/A,N/A,Chandigarh
ChIJBfxa0VnxDzkRvwLh-KCVR48,Picadilly Park,30.7479895,76.6659719,parks,N/A,2025-01-26,N/A,N/A,Chandigarh
ChIJR0b30lWVDzkR8AW10t5tnl4,Hanuman Vatika Park Sector-27 Panchkula,30.6566414,76.88528339999999,parks,N/A,2025-01-26,N/A,N/A,Chandigarh
ChIJVfAlOvEoEDkRuRbF56zfsag,Arya Samaj Park,30.33400749999999,76.4029137,parks,N/A,2025-01-26,N/A,N/A,Chandigarh
ChIJv0ZQAmLuDzkRw9XUV0ijdJc,Park,30.7137231,76.7164785,parks,N/A,2025-01-26,N/A,N/A,Chandigarh
ChIJO5Yz1oOUDzkRo2tuSaE0D58,Park 11 (Shri Ram Park) No 2112,30.68010259999999,76.8660712,parks,N/A,2025-01-26,N/A,N/A,Chandigarh
ChIJi3QCJtfvDzkRIhkqFV0qJsQ,Park 38-A,30.7006975,76.7038373,parks,N/A,2025-01-26,N/A,N/A,Chandigarh
ChIJaYIm4kWTDzkR2-6c4Dd7ssk,Park 1,30.7021812,76.8385234,parks,N/A,2025-01-26,N/A,N/A,Chandigarh
ChIJZ995F1bsDzkRlc00TGqwNqU,Park 1,30.7128387,76.77905109999999,parks,N/A,2025-01-26,N/A,N/A,Chandigarh
ChIJ8UgvSeJ4BTkR2dpKGX8M7G4,Himachal State Museum,31.10337,77.150837,museum,N/A,2025-01-26,N/A,N/A,Chandigarh
ChIJ23Om53PtDzkRvspIVtNlOXI,Chandigarh Architecture Museum,30.7484961,76.78585989999999,museum,N/A,2025-01-26,N/A,N/A,Chandigarh
ChIJH2mMF6btDzkR93BPJEqSmss,Government Museum and Art Gallery,30.7490693,76.787326,museum,N/A,2025-01-26,N/A,N/A,Chandigarh
ChIJZ_2AKbiGDzkRJDDBSj68kSk,Zoological Survey Of India Museum,30.9069779,77.09077359999999,museum,N/A,2025-01-26,N/A,N/A,Chandigarh
ChIJCR2V45vtDzkRbF4c2sUUGYw,"Rag Doll museum, Rock garden",30.7526816,76.8084076,museum,N/A,2025-01-26,N/A,N/A,Chandigarh
ChIJdXiZMWvtDzkRbVJZul6buLM,Gandhi Museum,30.7479938,76.7759689,museum,N/A,2025-01-26,N/A,N/A,Chandigarh
ChIJl-ud-XPtDzkRczJ8PWVfhQs,Natural History Museum,30.7480941,76.78588429999999,museum,N/A,2025-01-26,N/A,N/A,Chandigarh
ChIJdXrzjXS_DzkRbFNtDuIexzM,Museum,30.58210739999999,76.8551595,museum,N/A,2025-01-26,N/A,N/A,Chandigarh
ChIJoz7RGYntDzkR_jW7wpQPlg0,Indian Air Force Heritage Museum Chandigarh,30.7392523,76.79095439999999,museum,N/A,2025-01-26,N/A,N/A,Chandigarh
ChIJA0WjvbrsDzkRrw__dRd4E_4,Heritage Garden,30.6906433,76.8134307,museum,N/A,2025-01-26,N/A,N/A,Chandigarh
ChIJ7VzThJQoEDkRdyt9i-Ll3tw,Antique Museum Patiala (Personal Collection),30.3423827,76.39223779999999,museum,N/A,2025-01-26,N/A,N/A,Chandigarh
ChIJzx9HEYftDzkRMNG-xeippwE,Fine Arts Museum,30.7624216,76.7723898,museum,N/A,2025-01-26,N/A,N/A,Chandigarh
ChIJzxuf5UhUBTkRQ34Ar1vVHws,Ropar Archeological Museum,30.9725618,76.5217972,museum,N/A,2025-01-26,N/A,N/A,Chandigarh
ChIJ4YJrBBntDzkRbKrpPMxw9U4,Le Corbusier Centre,30.7298194,76.7995423,museum,N/A,2025-01-26,N/A,N/A,Chandigarh
ChIJeQgNWvvvDzkRoyi7V1AYwd0,Sikh Museum Mohali,30.7257945,76.6998622,museum,N/A,2025-01-26,N/A,N/A,Chandigarh
ChIJX8vo4UWHDzkRH_8OVujuJjI,Tethys Fossil Museum,30.9232397,77.0199098,museum,N/A,2025-01-26,N/A,N/A,Chandigarh
ChIJq5lk436GDzkR691pXgtyW0o,Dagshai Heritage Museum,30.8862602,77.0527199,museum,N/A,2025-01-26,N/A,N/A,Chandigarh
ChIJtaCtovp4BTkRvUs-8XKLZYU,Army Heritage Museum,31.1095453,77.1591736,museum,N/A,2025-01-26,N/A,N/A,Chandigarh
ChIJP6tF5H-TDzkRiGrv49w1tNc,HARYANA ARCHAEOLOGICAL MUSEUM OF HISTORY,30.6950108,76.8544115,museum,N/A,2025-01-26,N/A,N/A,Chandigarh
ChIJlcD2qrcDEDkRjJjsiqhUp8c,Sanghol Buddhist Archaeological Museum,30.7902087,76.4011842,museum,N/A,2025-01-26,N/A,N/A,Chandigarh
ChIJe-6ZiwH0DzkRnVNstEuEKVs,Shaheed Dr. Diwan Singh Kalepani Museum,30.85589329999999,76.7353164,museum,N/A,2025-01-26,N/A,N/A,Chandigarh
ChIJOQPJjACTDzkR02rs7DTlLYs,Indian Army War Memorial,30.7258189,76.8706906,museum,N/A,2025-01-26,N/A,N/A,Chandigarh
ChIJwZbQfpjtDzkRxgZCDo7pIi8,International Dolls Museum,30.7411787,76.7709814,museum,N/A,2025-01-26,N/A,N/A,Chandigarh
ChIJ-aJl4jscEDkRp3maXHUMjBA,Khanda Sahib Museum,30.6510879,76.3936114,museum,N/A,2025-01-26,N/A,N/A,Chandigarh
ChIJfXY75nQdEDkRVDkYRo_60V0,Puadhi Jatt da museum,30.6817621,76.3896937,museum,N/A,2025-01-26,N/A,N/A,Chandigarh
ChIJX79fp0DtDzkR7HYkrQJc_FA,Pierre Jeanneret Museum,30.7447729,76.807622,museum,N/A,2025-01-26,N/A,N/A,Chandigarh
ChIJ-20_HX_tDzkRRjiDFJelkNc,National Gallery of Portraits : Sector 17,30.7403557,76.7849185,museum,N/A,2025-01-26,N/A,N/A,Chandigarh
ChIJOzZ2JiWDBTkRN8crdPK2vVo,Kufri museum,31.09841949999999,77.2630313,museum,N/A,2025-01-26,N/A,N/A,Chandigarh
ChIJybf4LcySDzkRj_Arp9sof6g,"Nature Interpretation Centre, Sukhna Lake",30.7394805,76.83102,museum,N/A,2025-01-26,N/A,N/A,Chandigarh
ChIJK6eQ-Hy3DzkRsH1hL_9uziw,Science Museum,30.3217295,76.84026279999999,museum,N/A,2025-01-26,N/A,N/A,Chandigarh
ChIJN3xjxkLtDzkR-U0XCJkyzuc,High Court Museum,30.7560225,76.8051859,museum,N/A,2025-01-26,N/A,N/A,Chandigarh
ChIJwxmT736GDzkR-NENOt0FyCQ,Dagshai Jail Museum,30.8866978,77.0527518,museum,N/A,2025-01-26,N/A,N/A,Chandigarh
ChIJPVXveux4BTkRvQqvBK-7lPI,Baba Bhalku Rail Museum,31.1038647,77.1681181,museum,N/A,2025-01-26,N/A,N/A,Chandigarh
ChIJnT60_wV_BTkRQkde9wq1ZOM,"Centre for Science Learning and Creativity (CSLC)-Himachal Pradesh Council for Science, Technology and Environment",31.0421181,77.1535904,museum,N/A,2025-01-26,N/A,N/A,Chandigarh
ChIJZRaXAu94BTkRmAyFiu_GKvY,Army Memorial Statue,31.1057159,77.16699779999999,museum,N/A,2025-01-26,N/A,N/A,Chandigarh
ChIJI_kLlVpOBTkRM_vZlV-xGc4,Saheb Kanshi Ram Birthplace Bahujan Memorial,31.140091,76.58217499999999,museum,N/A,2025-01-26,N/A,N/A,Chandigarh
ChIJxevRbeGNDzkRhpmGDijJffI,Bhima Devi Temple Site Museum,30.7967663,76.91450329999999,museum,N/A,2025-01-26,N/A,N/A,Chandigarh
ChIJwwV8tqPtDzkRd3OlqRsXBvg,Indian Air Force Heritage Museum Chandigarh Parking Area,30.73906999999999,76.79001219999999,museum,N/A,2025-01-26,N/A,N/A,Chandigarh
ChIJAQAAkMbtDzkRnfkj1mEogmc,KALA SAGAR,30.729533,76.75114200000002,museum,N/A,2025-01-26,N/A,N/A,Chandigarh
ChIJTTsKzqm3DzkRgP38Nzvb1FY,War Heroes Memorial Ambala,30.3221374,76.84023739999999,museum,N/A,2025-01-26,N/A,N/A,Chandigarh
ChIJ3dTnB7TtDzkRLjKiX0x7lyo,Sukhna Gallery,30.7386956,76.815552,museum,N/A,2025-01-26,N/A,N/A,Chandigarh
ChIJSQ7ddxopEDkRB-fqYER9gj0,Moti Bagh Palace,30.307709,76.3944752,museum,N/A,2025-01-26,N/A,N/A,Chandigarh
ChIJlzKPi0PtDzkRsi3-RfaAnME,Nek Chand’s Rock Garden of Chandigarh,30.7529331,76.80505409999999,museum,N/A,2025-01-26,N/A,N/A,Chandigarh
ChIJZ2FTHVzvDzkRmInu9mMQXa8,Peer dargah sunny enclave,30.7475088,76.6626666,museum,N/A,2025-01-26,N/A,N/A,Chandigarh
ChIJHUu5Cht5BTkRh5mXIGUXKsM,Viceregal Lodge,31.1036706,77.1421749,museum,N/A,2025-01-26,N/A,N/A,Chandigarh
ChIJmRJuTQApEDkRgwDmO3DdDRQ,NSNIS SAI Museum,30.3083376,76.3933747,museum,N/A,2025-01-26,N/A,N/A,Chandigarh
ChIJfVr5l9eBBTkRn1C5mhqiFSo,Unique Art & Craft Museum,31.0665085,77.266832,museum,N/A,2025-01-26,N/A,N/A,Chandigarh
ChIJLQNhWwMoEDkRf2sXsuhTW8o,"Herbarium and Museum, Botany Department",30.3586237,76.4513333,museum,N/A,2025-01-26,N/A,N/A,Chandigarh
ChIJZUyrd5jtDzkRP6TfLY1Tsew,Bal Bhawan,30.7412293,76.7712264,museum,N/A,2025-01-26,N/A,N/A,Chandigarh
ChIJ0bH2h4-PDzkRuL7xbJ5DZOU,Railway Heritage museum,30.8413445,76.92941259999999,museum,N/A,2025-01-26,N/A,N/A,Chandigarh
ChIJbcKdq7l5BTkRLDwTHYadlo0,Art gallery,31.1167667,77.1406069,museum,N/A,2025-01-26,N/A,N/A,Chandigarh
ChIJIeJDStWFDzkRv0aLxtnr0-g,Grave Yard,30.8821591,77.0561994,museum,N/A,2025-01-26,N/A,N/A,Chandigarh
ChIJuRwVUADvDzkRvcjre3TYnBI,Chappar Chiri Mohali,30.7033037,76.6678803,museum,N/A,2025-01-26,N/A,N/A,Chandigarh
ChIJf-UZ0823GjkRXCgHdjz6Kik,Guga Jaharveer Temple,31.1836752,76.27349629999999,museum,N/A,2025-01-26,N/A,N/A,Chandigarh
ChIJuSZdd0q2DzkRjrus2Jn_rlg,Kharga Heritage Park,30.3615005,76.84938989999999,museum,N/A,2025-01-26,N/A,N/A,Chandigarh
ChIJU7yf6QIKDzkRQlRysz0QIi0,Sirmour Virasat,30.5386906,77.2043044,museum,N/A,2025-01-26,N/A,N/A,Chandigarh
ChIJIaK34ux4BTkR5cOKzkly-F4,Bantony Castle,31.1061545,77.1697236,museum,N/A,2025-01-26,N/A,N/A,Chandigarh
ChIJ1SogDBPFDzkRVxxN2H6fnlE,UCHA DAR BABE NANAK DA,30.4163171,76.7124663,museum,N/A,2025-01-26,N/A,N/A,Chandigarh
ChIJYdjNnpjtDzkRIJa24HWFcbo,Gurusharan Singh Memorial Gallery,30.6990612,76.7203804,museum,N/A,2025-01-26,N/A,N/A,Chandigarh
ChIJXS2TuwEpEDkRiLVEcxMzXy4,Marble Baradari,30.3070796,76.3952734,museum,N/A,2025-01-26,N/A,N/A,Chandigarh
ChIJDSbkhNPR4DsRIYg9G2hkpK8,LakhamDev Lake,20.3725548,72.8922784,attraction,N/A,2025-01-26,N/A,N/A,Dadra and Nagar Haveli and Daman and Diu
ChIJa_b77H_b4DsRRlMtS-M4o1k,Daman Tour (Sk Creation),20.4310601,72.82832669999999,attraction,N/A,2025-01-26,N/A,N/A,Dadra and Nagar Haveli and Daman and Diu
ChIJQa5Lb37L4DsRO4IBhsWJqZk,Hirwa Van Garden,20.2893338,72.9954322,attraction,N/A,2025-01-26,N/A,N/A,Dadra and Nagar Haveli and Daman and Diu
ChIJryPThWrM4DsRLbprXZApbm4,Vanganga Garden,20.3120909,72.9702365,attraction,N/A,2025-01-26,N/A,N/A,Dadra and Nagar Haveli and Daman and Diu
ChIJnWSMhZ7Q4DsRcsmd3ge_fKg,Nani Daman Jetty,20.412254,72.83177599999999,attraction,N/A,2025-01-26,N/A,N/A,Dadra and Nagar Haveli and Daman and Diu
ChIJN3WETkHa4DsRj5bKi81kiAw,Devka Amusement Park,20.4444944,72.8328712,attraction,N/A,2025-01-26,N/A,N/A,Dadra and Nagar Haveli and Daman and Diu
ChIJjRyuF0fb4DsRTlg-ETBR8Bs,Udvada Beach,20.473272,72.8606338,attraction,N/A,2025-01-26,N/A,N/A,Dadra and Nagar Haveli and Daman and Diu
ChIJ-_bzDO1L5zsRVksUyCaIVO8,Dudhani lake,20.1829318,73.15208729999999,attraction,N/A,2025-01-26,N/A,N/A,Dadra and Nagar Haveli and Daman and Diu
ChIJVTqv_9a74DsRNgUWO6Hocz0,Ganesh Waterfall,20.4678004,73.24480249999999,attraction,N/A,2025-01-26,N/A,N/A,Dadra and Nagar Haveli and Daman and Diu
ChIJaWCfdg_O4DsRdGBt2T8JN78,DAMAN GANGA DAM,20.3401636,72.9117107,attraction,N/A,2025-01-26,N/A,N/A,Dadra and Nagar Haveli and Daman and Diu
ChIJFxe1y5jM4DsRluqf_7phU-Y,Vandhara Garden,20.2718565,72.9871156,attraction,N/A,2025-01-26,N/A,N/A,Dadra and Nagar Haveli and Daman and Diu
ChIJuzDY1ZjQ4DsRJRLG7sR5DUM,Daman Lighthouse,20.4096646,72.83086759999999,attraction,N/A,2025-01-26,N/A,N/A,Dadra and Nagar Haveli and Daman and Diu
ChIJVVVVXp7Q4DsRBjLB4H9hmZk,St. Jerome Fort,20.4132924,72.8321617,attraction,N/A,2025-01-26,N/A,N/A,Dadra and Nagar Haveli and Daman and Diu
ChIJqwm4xDu94DsRGtPUW7oib3g,Garud Gufa Waterfall,20.6387753,73.23529409999999,attraction,N/A,2025-01-26,N/A,N/A,Dadra and Nagar Haveli and Daman and Diu
ChIJaciPImYp5zsR9YKIovTClVc,Weekend Tales Point 5,20.1279551,72.7501693,attraction,N/A,2025-01-26,N/A,N/A,Dadra and Nagar Haveli and Daman and Diu
ChIJ23iSmEAv5zsRCHKAoGDty1k,Barad Caves,20.0689921,72.8235626,attraction,N/A,2025-01-26,N/A,N/A,Dadra and Nagar Haveli and Daman and Diu
ChIJxwSdyE254DsRXpCzcKPPmzg,Lady Wilson Museum,20.537363,73.1681406,attraction,N/A,2025-01-26,N/A,N/A,Dadra and Nagar Haveli and Daman and Diu
ChIJ964eLZnQ4DsRY0IRLcHZRa4,Old Lighthouse,20.4099725,72.8312193,attraction,N/A,2025-01-26,N/A,N/A,Dadra and Nagar Haveli and Daman and Diu
ChIJGYHpYz3b4DsR7f9LK-aO7KY,Palm Forest,20.4628493,72.8515515,attraction,N/A,2025-01-26,N/A,N/A,Dadra and Nagar Haveli and Daman and Diu
ChIJe1zBGlnr4DsRLADWXgU-Ytc,Eco Point Soldhara,20.7139884,73.07244949999999,attraction,N/A,2025-01-26,N/A,N/A,Dadra and Nagar Haveli and Daman and Diu
ChIJsZkgBS7b4DsROgHLmDGq494,Udvada lake,20.476845,72.8766314,attraction,N/A,2025-01-26,N/A,N/A,Dadra and Nagar Haveli and Daman and Diu
ChIJRUGs95DD4DsRVk1H6qmlhp0,National Flag Monument,20.6078086,72.9333401,attraction,N/A,2025-01-26,N/A,N/A,Dadra and Nagar Haveli and Daman and Diu
ChIJBdcjmgbP4DsRxo3ks8c3_H0,I LOVE CHHARWADA,20.3840048,72.9219695,attraction,N/A,2025-01-26,N/A,N/A,Dadra and Nagar Haveli and Daman and Diu
ChIJHxofhbm74DsR-tcn50SpQ88,River,20.5183486,73.2710034,attraction,N/A,2025-01-26,N/A,N/A,Dadra and Nagar Haveli and Daman and Diu
ChIJd5GV-tAn5zsR0RgQermPiv0,Lotus Lake point,19.9878655,72.7248261,attraction,N/A,2025-01-26,N/A,N/A,Dadra and Nagar Haveli and Daman and Diu
ChIJdfAJYncn5zsRo8GBpdbE29I,Parnaka Beach Point,19.9863248,72.72154139999999,attraction,N/A,2025-01-26,N/A,N/A,Dadra and Nagar Haveli and Daman and Diu
ChIJvzBazFfD4DsRIP8XJUpKfGQ,Parnera Hills Viewpoint,20.5496613,72.9480875,attraction,N/A,2025-01-26,N/A,N/A,Dadra and Nagar Haveli and Daman and Diu
ChIJz69CD21E5zsRIo3OZikumbo,Dabhosa Waterfall,20.0058107,73.2080503,attraction,N/A,2025-01-26,N/A,N/A,Dadra and Nagar Haveli and Daman and Diu
ChIJG05W3cPR4DsRM68krrIclo0,Moti Daman Sunset Point,20.4080353,72.82904300000001,attraction,N/A,2025-01-26,N/A,N/A,Dadra and Nagar Haveli and Daman and Diu
ChIJF85qeevR4DsRQOIwEhSAU1c,Jampore Beach,20.3951987,72.8284741,attraction,N/A,2025-01-26,N/A,N/A,Dadra and Nagar Haveli and Daman and Diu
ChIJXSvoWzLb4DsRBV5Nxg6QKkM,Vatar Lake,20.4331181,72.8774921,attraction,N/A,2025-01-26,N/A,N/A,Dadra and Nagar Haveli and Daman and Diu
ChIJhWVWBqPR4DsRo_xmM1og_EY,New jetty garden (JT garden ),20.4129329,72.8336461,attraction,N/A,2025-01-26,N/A,N/A,Dadra and Nagar Haveli and Daman and Diu
ChIJJeYhEYVT5zsR_QP5NLc-4u8,Kolvera Hill,20.2509552,73.2932888,attraction,N/A,2025-01-26,N/A,N/A,Dadra and Nagar Haveli and Daman and Diu
ChIJ7yXCFsHD4DsRmbyLT-SPX2U,Heritage Engine,20.6070802,72.9332804,attraction,N/A,2025-01-26,N/A,N/A,Dadra and Nagar Haveli and Daman and Diu
ChIJVbtBbNrV4DsR44iyCKM6T2Q,Nargol Beach,20.2307021,72.744133,attraction,N/A,2025-01-26,N/A,N/A,Dadra and Nagar Haveli and Daman and Diu
ChIJv2MfYwDL4DsRkTRWNJRaZPc,Dev dhod,20.3022025,73.0861737,attraction,N/A,2025-01-26,N/A,N/A,Dadra and Nagar Haveli and Daman and Diu
ChIJB4kXtMi74DsRhHv5ISF1krA,Weekend Tales' Point,20.4606055,73.2630379,attraction,N/A,2025-01-26,N/A,N/A,Dadra and Nagar Haveli and Daman and Diu
ChIJTXQMCfjb4DsRA8PdzKsAEoo,Daman preshoot location,20.4387984,72.8653437,attraction,N/A,2025-01-26,N/A,N/A,Dadra and Nagar Haveli and Daman and Diu
ChIJjX_aYwDB4DsR5y0vfphPA68,River view point,20.5993938,72.99804739999999,attraction,N/A,2025-01-26,N/A,N/A,Dadra and Nagar Haveli and Daman and Diu
ChIJ0x2WNADB4DsRixV0v9zTt34,Kalanabha Waterfall View Point,20.6045625,73.01243749999999,attraction,N/A,2025-01-26,N/A,N/A,Dadra and Nagar Haveli and Daman and Diu
ChIJX3MsIQDL4DsRq_O3E8A56e8,Dev dhod,20.2935585,73.05073449999999,attraction,N/A,2025-01-26,N/A,N/A,Dadra and Nagar Haveli and Daman and Diu
ChIJHTM7CNPb4DsRIb_1X91aM4o,Old Tamarind Tree,20.4546948,72.85742929999999,attraction,N/A,2025-01-26,N/A,N/A,Dadra and Nagar Haveli and Daman and Diu
ChIJdTxl-aSR4DsRk3uR3VtaVEk,Zari Hill Station,20.7722362,73.2453692,attraction,N/A,2025-01-26,N/A,N/A,Dadra and Nagar Haveli and Daman and Diu
ChIJ25wiaJ7Q4DsRh1_f5lN9sfE,Nani Daman Fort,20.4131597,72.8331468,attraction,N/A,2025-01-26,N/A,N/A,Dadra and Nagar Haveli and Daman and Diu
ChIJSQb39JvQ4DsR_zeGXTUORXA,Moti Daman Jetty Garden,20.4102981,72.83516449999999,attraction,N/A,2025-01-26,N/A,N/A,Dadra and Nagar Haveli and Daman and Diu
ChIJES-JA5a14DsRPYXBtkLKLXE,Umerkui waterfall Parking,20.264379,73.103245,attraction,N/A,2025-01-26,N/A,N/A,Dadra and Nagar Haveli and Daman and Diu
ChIJMX2ZcrC74DsRPPoNixbsX5k,Jodia Waterfall,20.5113515,73.2159678,attraction,N/A,2025-01-26,N/A,N/A,Dadra and Nagar Haveli and Daman and Diu
ChIJz6KL8Pbv4DsRIADB1Hle2Y0,Vagrech Tidal Dam,20.7560734,72.9540035,attraction,N/A,2025-01-26,N/A,N/A,Dadra and Nagar Haveli and Daman and Diu
ChIJW79M1GLV4DsRVDa5Lx1VoBQ,Forest by the Sea,20.252232,72.747873,attraction,N/A,2025-01-26,N/A,N/A,Dadra and Nagar Haveli and Daman and Diu
ChIJcSmdRQC34DsRpQD0CXQqIBY,"Kolak River Bridge, Chival,Pardi,Valsad.",20.4127648,73.1078335,attraction,N/A,2025-01-26,N/A,N/A,Dadra and Nagar Haveli and Daman and Diu
ChIJXQjCMQCx4DsRLAvAJXLK4L4,View point,20.3851745,73.2739082,attraction,N/A,2025-01-26,N/A,N/A,Dadra and Nagar Haveli and Daman and Diu
ChIJmZnWScbL4DsRaE7TPME_Qgg,I ️love Silvassa,20.2735399,73.0047153,attraction,N/A,2025-01-26,N/A,N/A,Dadra and Nagar Haveli and Daman and Diu
ChIJq7nL7-CX4DsR8XqT4-mImYQ,"Kansariya, Gujarat",20.7254375,73.2625625,attraction,N/A,2025-01-26,N/A,N/A,Dadra and Nagar Haveli and Daman and Diu
ChIJSb9cyayx4DsRwW-t9O10UOA,Mavalkada dhodh,20.3605127,73.1922195,attraction,N/A,2025-01-26,N/A,N/A,Dadra and Nagar Haveli and Daman and Diu
ChIJVcUj2erv4DsRlTfP33W151A,Desra Talav,20.7592728,72.9755017,attraction,N/A,2025-01-26,N/A,N/A,Dadra and Nagar Haveli and Daman and Diu
ChIJiSO8i-aZ4DsRdNUwOwLbbug,View point ajamalgadh,20.6828131,73.29699360000001,attraction,N/A,2025-01-26,N/A,N/A,Dadra and Nagar Haveli and Daman and Diu
ChIJ41xst9jR4DsRbxbD7E8DKko,Jampore Beach,20.3781593,72.8235529,attraction,N/A,2025-01-26,N/A,N/A,Dadra and Nagar Haveli and Daman and Diu
ChIJ8fNh-Z-14DsRGeBA0jr6BHs,One tree hill,20.3290294,73.1267146,attraction,N/A,2025-01-26,N/A,N/A,Dadra and Nagar Haveli and Daman and Diu
ChIJP1iq8tzt4DsRtwMeBEO6WhM,ALIPORE GATE,20.7895165,73.065515,attraction,N/A,2025-01-26,N/A,N/A,Dadra and Nagar Haveli and Daman and Diu
ChIJw-DJmRY15zsRO_sn8vAAj1I,Fish Shape Island,20.1926349,73.08361889999999,attraction,N/A,2025-01-26,N/A,N/A,Dadra and Nagar Haveli and Daman and Diu
ChIJq7dmrWzb4DsR-Mumg1mKZQI,Udwada Beach,20.4889347,72.868558,beaches,N/A,2025-01-26,N/A,N/A,Dadra and Nagar Haveli and Daman and Diu
ChIJwYq8DbPV4DsRvMzU4E-rj2Q,Dandi Beach,20.2855425,72.754949,beaches,N/A,2025-01-26,N/A,N/A,Dadra and Nagar Haveli and Daman and Diu
ChIJS8HDdq3V4DsRPrl45WSD0AI,Tadgam Beach,20.2804337,72.7543402,beaches,N/A,2025-01-26,N/A,N/A,Dadra and Nagar Haveli and Daman and Diu
ChIJARdgXN_D4DsRzVe7AbilMXk,Tithal Beach,20.5964606,72.8995528,beaches,N/A,2025-01-26,N/A,N/A,Dadra and Nagar Haveli and Daman and Diu
ChIJl-hJrcAp5zsRka-ovwWne_0,Bordi Beach,20.099826,72.732567,beaches,N/A,2025-01-26,N/A,N/A,Dadra and Nagar Haveli and Daman and Diu
ChIJby-Ecfoq5zsROdOGLH1K1aY,Umbergaon Beach,20.1950821,72.7461052,beaches,N/A,2025-01-26,N/A,N/A,Dadra and Nagar Haveli and Daman and Diu
ChIJ8TkFO0Ha4DsR2WdJKvi7DtE,Devka Beach,20.4435885,72.83170009999999,beaches,N/A,2025-01-26,N/A,N/A,Dadra and Nagar Haveli and Daman and Diu
ChIJS9ZovtzQ4DsRWeBhb80GAyM,Jampore Beach,20.3809422,72.8238528,beaches,N/A,2025-01-26,N/A,N/A,Dadra and Nagar Haveli and Daman and Diu
ChIJje1PQ0Qq5zsRi0cG-DgV63o,Dehri Beach,20.161241,72.741072,beaches,N/A,2025-01-26,N/A,N/A,Dadra and Nagar Haveli and Daman and Diu
ChIJh1z6epUp5zsR4_lJfln8-BE,Bordi Beach,20.1078853,72.7359128,beaches,N/A,2025-01-26,N/A,N/A,Dadra and Nagar Haveli and Daman and Diu
ChIJh344xZjQ4DsRByffYO5UcdY,Moti Daman Beach,20.4090154,72.82999889999999,beaches,N/A,2025-01-26,N/A,N/A,Dadra and Nagar Haveli and Daman and Diu
ChIJsS3NUJ0n5zsRltNR4Ynb1H4,Dahanu Beach,19.9912083,72.7224621,beaches,N/A,2025-01-26,N/A,N/A,Dadra and Nagar Haveli and Daman and Diu
ChIJu0V6F4nR4DsRjBjVE3rg4OE,Daman beach,20.403062,72.82565989999999,beaches,N/A,2025-01-26,N/A,N/A,Dadra and Nagar Haveli and Daman and Diu
ChIJkd-rXAMo5zsRxUotImu4gsw,Gohels Sea Castle,20.046019,72.71491139999999,beaches,N/A,2025-01-26,N/A,N/A,Dadra and Nagar Haveli and Daman and Diu
ChIJg3AZgJXW4DsRLbNnlpc3WyM,Kalgam Bariyawad Beach,20.3393928,72.7805499,beaches,N/A,2025-01-26,N/A,N/A,Dadra and Nagar Haveli and Daman and Diu
ChIJxR7Myhrd4DsR9IAKg7pwmUc,MS Beach (Silent Beach),20.5785183,72.8980358,beaches,N/A,2025-01-26,N/A,N/A,Dadra and Nagar Haveli and Daman and Diu
ChIJY_ZUuFzd4DsReMZ59IIeuxc,Umarsadi Beach,20.5308826,72.8882371,beaches,N/A,2025-01-26,N/A,N/A,Dadra and Nagar Haveli and Daman and Diu
ChIJVbtBbNrV4DsR44iyCKM6T2Q,Nargol Beach,20.2307021,72.744133,beaches,N/A,2025-01-26,N/A,N/A,Dadra and Nagar Haveli and Daman and Diu
ChIJ9TOTsjLV4DsRo_CHhTsvpg0,Nargol Beach,20.2241606,72.7453664,beaches,N/A,2025-01-26,N/A,N/A,Dadra and Nagar Haveli and Daman and Diu
ChIJ52Is4T3b4DsRXBfD47qMNK8,Beach Treat Resort Silvassa,20.437275,72.8296707,beaches,N/A,2025-01-26,N/A,N/A,Dadra and Nagar Haveli and Daman and Diu
ChIJ8atnq8XW4DsRaGDIzNgot64,Mitanwad Beach,20.3508741,72.7896092,beaches,N/A,2025-01-26,N/A,N/A,Dadra and Nagar Haveli and Daman and Diu
ChIJF85qeevR4DsRQOIwEhSAU1c,Jampore Beach,20.3951987,72.8284741,beaches,N/A,2025-01-26,N/A,N/A,Dadra and Nagar Haveli and Daman and Diu
ChIJJa44Jwgr5zsRLzqP2W9EQOM,Nargol Beach View,20.2212082,72.74623989999999,beaches,N/A,2025-01-26,N/A,N/A,Dadra and Nagar Haveli and Daman and Diu
ChIJc6PdoFHb4DsRpD1wz78ObbY,Black Sand Beach,20.4172845,72.8290343,beaches,N/A,2025-01-26,N/A,N/A,Dadra and Nagar Haveli and Daman and Diu
ChIJw5WY1fIn5zsRMc4ZYodo-iI,Narpad Beach,20.0131623,72.7186708,beaches,N/A,2025-01-26,N/A,N/A,Dadra and Nagar Haveli and Daman and Diu
ChIJtXb0Jh3n4DsR8505T_k5f40,Dandi Beach kakwadi,20.6951516,72.8630974,beaches,N/A,2025-01-26,N/A,N/A,Dadra and Nagar Haveli and Daman and Diu
ChIJQxgJ6I0n5zsRyV95XeOODHI,Agar-Narpad Beach,20.0080789,72.7201209,beaches,N/A,2025-01-26,N/A,N/A,Dadra and Nagar Haveli and Daman and Diu
ChIJrYeLyCDn4DsR-myo_HZGYI4,Beach Photo Point,20.6077909,72.89220740000002,beaches,N/A,2025-01-26,N/A,N/A,Dadra and Nagar Haveli and Daman and Diu
ChIJ7Y63qGz74DsRuwXStYNBQHo,Onjal Machhivad Beach,20.8135093,72.8272611,beaches,N/A,2025-01-26,N/A,N/A,Dadra and Nagar Haveli and Daman and Diu
ChIJdfAJYncn5zsRo8GBpdbE29I,Parnaka Beach Point,19.9863248,72.72154139999999,beaches,N/A,2025-01-26,N/A,N/A,Dadra and Nagar Haveli and Daman and Diu
ChIJ8_xc6SbR4DsRt_jDz6HUZ5g,Nani Daman beach,20.41441,72.82917309999999,beaches,N/A,2025-01-26,N/A,N/A,Dadra and Nagar Haveli and Daman and Diu
ChIJeVueTZ0n5zsRSwO8HwMz9RQ,2nd Beach,19.9910302,72.7217326,beaches,N/A,2025-01-26,N/A,N/A,Dadra and Nagar Haveli and Daman and Diu
ChIJh0B9TlLd4DsRYQPyRMYENQM,Tithal Beach,20.5978009,72.89490959999999,beaches,N/A,2025-01-26,N/A,N/A,Dadra and Nagar Haveli and Daman and Diu
ChIJjRyuF0fb4DsRTlg-ETBR8Bs,Udvada Beach,20.473272,72.8606338,beaches,N/A,2025-01-26,N/A,N/A,Dadra and Nagar Haveli and Daman and Diu
ChIJ-dQjw7Td4DsROcIb9JQEbT8,Beach walk way,20.6056086,72.89271269999999,beaches,N/A,2025-01-26,N/A,N/A,Dadra and Nagar Haveli and Daman and Diu
ChIJZxxCt5jQ4DsRhXs02VAFnR8,Daman New Beach,20.4089824,72.8294836,beaches,N/A,2025-01-26,N/A,N/A,Dadra and Nagar Haveli and Daman and Diu
ChIJqUC6Nh4o5zsR6wGHbPdBumU,Chikhla Beach,20.0512851,72.71229389999999,beaches,N/A,2025-01-26,N/A,N/A,Dadra and Nagar Haveli and Daman and Diu
ChIJ-3up6p7b4DsRVDsl9SkIlpU,Devka beach,20.4430892,72.831515,beaches,N/A,2025-01-26,N/A,N/A,Dadra and Nagar Haveli and Daman and Diu
ChIJEedJclwn5zsRI8teQgya5SU,Dahanu Beach - Sunset point,20.0338543,72.7152828,beaches,N/A,2025-01-26,N/A,N/A,Dadra and Nagar Haveli and Daman and Diu
ChIJ60UUPL_n4DsRKYOUxuZCfms,"Tithal beach, North Zone",20.6099219,72.8917417,beaches,N/A,2025-01-26,N/A,N/A,Dadra and Nagar Haveli and Daman and Diu
ChIJ1UOV2_0r5zsR4F5PNmBxOtM,Zai Beach,20.1330625,72.73718749999999,beaches,N/A,2025-01-26,N/A,N/A,Dadra and Nagar Haveli and Daman and Diu
ChIJuWWkk6bb4DsRRSDfrz5wVKg,Kolak Beach,20.467022,72.8586064,beaches,N/A,2025-01-26,N/A,N/A,Dadra and Nagar Haveli and Daman and Diu
ChIJLV4GTIUn5zsRM-HNVkwDDJg,Agar Beach,19.9980751,72.7213866,beaches,N/A,2025-01-26,N/A,N/A,Dadra and Nagar Haveli and Daman and Diu
ChIJ3__nAwDb4DsR0CKWe10o2wU,Kadaiya Beach,20.4643667,72.8519633,beaches,N/A,2025-01-26,N/A,N/A,Dadra and Nagar Haveli and Daman and Diu
ChIJFTGE39Pl4DsR9VzHGEzeGCY,Danti Beach,20.722442,72.85561229999999,beaches,N/A,2025-01-26,N/A,N/A,Dadra and Nagar Haveli and Daman and Diu
ChIJ-9eXy4Ln4DsRidbAkc_tL-w,Bhagal Beach,20.6786572,72.8684021,beaches,N/A,2025-01-26,N/A,N/A,Dadra and Nagar Haveli and Daman and Diu
ChIJt_YRawAr5zsR2IQBgNfg7LU,Umbergaon Beach,20.1737489,72.7640566,beaches,N/A,2025-01-26,N/A,N/A,Dadra and Nagar Haveli and Daman and Diu
ChIJZXoAM9XV4DsRC49SRtlPoHc,Malwan Beach,20.249834,72.7446181,beaches,N/A,2025-01-26,N/A,N/A,Dadra and Nagar Haveli and Daman and Diu
ChIJG05W3cPR4DsRM68krrIclo0,Moti Daman Sunset Point,20.4080353,72.82904300000001,beaches,N/A,2025-01-26,N/A,N/A,Dadra and Nagar Haveli and Daman and Diu
ChIJAQAAANUq5zsRK6psNKZxjGg,Nargol Beach,20.2208958,72.7540473,beaches,N/A,2025-01-26,N/A,N/A,Dadra and Nagar Haveli and Daman and Diu
ChIJ9YdnntTl4DsRq0jVSFBYS0s,Bhat Beach,20.770829,72.846233,beaches,N/A,2025-01-26,N/A,N/A,Dadra and Nagar Haveli and Daman and Diu
ChIJ964eLZnQ4DsRY0IRLcHZRa4,Old Lighthouse,20.4099725,72.8312193,beaches,N/A,2025-01-26,N/A,N/A,Dadra and Nagar Haveli and Daman and Diu
ChIJa9t_ZAAn5zsR5gWpsoC9kw8,Dahanu beach,19.9907267,72.7217343,beaches,N/A,2025-01-26,N/A,N/A,Dadra and Nagar Haveli and Daman and Diu
ChIJ41xst9jR4DsRbxbD7E8DKko,Jampore Beach,20.3781593,72.8235529,beaches,N/A,2025-01-26,N/A,N/A,Dadra and Nagar Haveli and Daman and Diu
ChIJyzJHONYn5zsRHvEw-uMLQFg,Dhakati Dahanu Beach,19.9688351,72.7135646,beaches,N/A,2025-01-26,N/A,N/A,Dadra and Nagar Haveli and Daman and Diu
ChIJ39PJPUPn4DsRDBjIwxy5NzA,Bhagal Machhiwad Beach,20.6706228,72.8713824,beaches,N/A,2025-01-26,N/A,N/A,Dadra and Nagar Haveli and Daman and Diu
ChIJ11fe7qHX4DsREn1KUggkZZI,Kamrwad beach,20.350347,72.8014867,beaches,N/A,2025-01-26,N/A,N/A,Dadra and Nagar Haveli and Daman and Diu
ChIJ_4vMeZLX4DsRd7LPOZ4hj4c,Fansa Mangelwad Beach,20.3440775,72.78483829999999,beaches,N/A,2025-01-26,N/A,N/A,Dadra and Nagar Haveli and Daman and Diu
ChIJIa_1KL_n4DsRl3hsTyva3Ro,Divadandi Beach,20.6322555,72.8862613,beaches,N/A,2025-01-26,N/A,N/A,Dadra and Nagar Haveli and Daman and Diu
ChIJt8QFRwCb4DsRRaKYj0JgvTM,Vishal Beach ( Moti valzar ),20.7955234,73.30896779999999,beaches,N/A,2025-01-26,N/A,N/A,Dadra and Nagar Haveli and Daman and Diu
ChIJz69CD21E5zsRIo3OZikumbo,Dabhosa Waterfall,20.0058107,73.2080503,waterfalls,N/A,2025-01-26,N/A,N/A,Dadra and Nagar Haveli and Daman and Diu
ChIJVTqv_9a74DsRNgUWO6Hocz0,Ganesh Waterfall,20.4678004,73.24480249999999,waterfalls,N/A,2025-01-26,N/A,N/A,Dadra and Nagar Haveli and Daman and Diu
ChIJDwQyXzi14DsRPCp3NhMFV50,BORSAPADA WATERFALL BONTA,20.2962383,73.1197995,waterfalls,N/A,2025-01-26,N/A,N/A,Dadra and Nagar Haveli and Daman and Diu
ChIJ1Qnjumav4DsRRvwYed65AMA,Nandgan Waterfalls,20.3839457,73.3124143,waterfalls,N/A,2025-01-26,N/A,N/A,Dadra and Nagar Haveli and Daman and Diu
ChIJFxVMid5C5zsR2nBNGpaPgZk,Khadkhad Waterfall,19.9457927,73.25624619999999,waterfalls,N/A,2025-01-26,N/A,N/A,Dadra and Nagar Haveli and Daman and Diu
ChIJ8d12-1S14DsRoeNezdIup_I,ANAS WATERFALL,20.2957858,73.1222943,waterfalls,N/A,2025-01-26,N/A,N/A,Dadra and Nagar Haveli and Daman and Diu
ChIJW_fwAxNF5zsRCwitf6TnDi8,SukhaDadar waterfall,20.02086,73.221,waterfalls,N/A,2025-01-26,N/A,N/A,Dadra and Nagar Haveli and Daman and Diu
ChIJ3egbe8C74DsR_Se7eJIDHp4,Bilpudi Mavli Mata Waterfall,20.5135207,73.21464809999999,waterfalls,N/A,2025-01-26,N/A,N/A,Dadra and Nagar Haveli and Daman and Diu
ChIJMX2ZcrC74DsRPPoNixbsX5k,Jodia Waterfall,20.5113515,73.2159678,waterfalls,N/A,2025-01-26,N/A,N/A,Dadra and Nagar Haveli and Daman and Diu
ChIJGV9_gB6z4DsRwu6fjzgTKM4,Matuniya waterfall,20.3611603,73.27453609999999,waterfalls,N/A,2025-01-26,N/A,N/A,Dadra and Nagar Haveli and Daman and Diu
ChIJ4aGqgUKx4DsRYyET_Jhc4QQ,Mandva Waterfall,20.3605042,73.19220779999999,waterfalls,N/A,2025-01-26,N/A,N/A,Dadra and Nagar Haveli and Daman and Diu
ChIJw-w3TAxF5zsRsYW9wposv9A,"Khedpa.waterfalls, DNHDD & M",20.0503296,73.19277509999999,waterfalls,N/A,2025-01-26,N/A,N/A,Dadra and Nagar Haveli and Daman and Diu
ChIJaWiQF69J5zsRwLgbhep4gb4,Kherarbari waterfall,20.150083,73.1297398,waterfalls,N/A,2025-01-26,N/A,N/A,Dadra and Nagar Haveli and Daman and Diu
ChIJv6ZQybSz4DsRNPHuQDzq4zU,mandva waterfall,20.3461749,73.2074387,waterfalls,N/A,2025-01-26,N/A,N/A,Dadra and Nagar Haveli and Daman and Diu
ChIJC95mYW1E5zsRshrCIDUuhOY,Dabhosa Waterfalls,20.0040272,73.20810890000001,waterfalls,N/A,2025-01-26,N/A,N/A,Dadra and Nagar Haveli and Daman and Diu
ChIJFfeptBC14DsRamHCTU0yLg8,Umarkui Waterfall Point,20.2609818,73.1054478,waterfalls,N/A,2025-01-26,N/A,N/A,Dadra and Nagar Haveli and Daman and Diu
ChIJ0x2WNADB4DsRixV0v9zTt34,Kalanabha Waterfall View Point,20.6045625,73.01243749999999,waterfalls,N/A,2025-01-26,N/A,N/A,Dadra and Nagar Haveli and Daman and Diu
ChIJLxs-9ouX4DsR73v21hSI2eo,Vajra Waterfall,20.6723459,73.27071099999999,waterfalls,N/A,2025-01-26,N/A,N/A,Dadra and Nagar Haveli and Daman and Diu
ChIJj0CuzKGz4DsR3Sywq1M2vpk,Dinbari waterfalls,20.3314282,73.2627572,waterfalls,N/A,2025-01-26,N/A,N/A,Dadra and Nagar Haveli and Daman and Diu
ChIJJYzdY7ot5zsRz59hgREhDqo,Devni waterfall,20.1701617,72.84246999999999,waterfalls,N/A,2025-01-26,N/A,N/A,Dadra and Nagar Haveli and Daman and Diu
ChIJES-JA5a14DsRPYXBtkLKLXE,Umerkui waterfall Parking,20.264379,73.103245,waterfalls,N/A,2025-01-26,N/A,N/A,Dadra and Nagar Haveli and Daman and Diu
ChIJqwm4xDu94DsRGtPUW7oib3g,Garud Gufa Waterfall,20.6387753,73.23529409999999,waterfalls,N/A,2025-01-26,N/A,N/A,Dadra and Nagar Haveli and Daman and Diu
ChIJOQFznseR4DsRQlWlqif3vBE,Crezy waterfall,20.7624375,73.2748125,waterfalls,N/A,2025-01-26,N/A,N/A,Dadra and Nagar Haveli and Daman and Diu
ChIJIT5QrBNE5zsRU5NN7R5Tayc,Dabhosa Waterfall Nature Park,20.0060434,73.2023232,waterfalls,N/A,2025-01-26,N/A,N/A,Dadra and Nagar Haveli and Daman and Diu
ChIJJ0ovqgBF5zsR4Zb-APiLoLI,Hiradpada Waterfall,20.0055623,73.21626549999999,waterfalls,N/A,2025-01-26,N/A,N/A,Dadra and Nagar Haveli and Daman and Diu
ChIJLylqFgC14DsRN237PRCtsCI,Mini waterfall Bonta,20.2990659,73.1241172,waterfalls,N/A,2025-01-26,N/A,N/A,Dadra and Nagar Haveli and Daman and Diu
ChIJD8f0KwVF5zsR_FZU7sRaZfo,TWINS WATERFALL OR VASTAL KADA,20.0503368,73.1928002,waterfalls,N/A,2025-01-26,N/A,N/A,Dadra and Nagar Haveli and Daman and Diu
ChIJcZBNIOBL5zsROHkMPtkJd-c,"Koshimpada Waterfall, near Kauncha Garden",20.2109536,73.1807286,waterfalls,N/A,2025-01-26,N/A,N/A,Dadra and Nagar Haveli and Daman and Diu
ChIJvxus4til4DsR8gNXwGKv7Sc,Shilp waterfall,20.494609,73.287212,waterfalls,N/A,2025-01-26,N/A,N/A,Dadra and Nagar Haveli and Daman and Diu
ChIJn9y-kFyv4DsR4HCLP4XI91I,Janki Waterfall,20.4426802,73.3133316,waterfalls,N/A,2025-01-26,N/A,N/A,Dadra and Nagar Haveli and Daman and Diu
ChIJRxjW8d-l4DsR_2jKgmcSqC4,Charm Waterfall,20.4949889,73.2878731,waterfalls,N/A,2025-01-26,N/A,N/A,Dadra and Nagar Haveli and Daman and Diu
ChIJ8eF5O-g15zsR5grXHKwHECg,Waterfalls Dapada,20.182067,73.02670839999999,waterfalls,N/A,2025-01-26,N/A,N/A,Dadra and Nagar Haveli and Daman and Diu
ChIJtY980-HL4DsRjm1-mOqCYCA,Karvir waterfall,20.2786917,73.040616,waterfalls,N/A,2025-01-26,N/A,N/A,Dadra and Nagar Haveli and Daman and Diu
ChIJSb9cyayx4DsRwW-t9O10UOA,Mavalkada dhodh,20.3605127,73.1922195,waterfalls,N/A,2025-01-26,N/A,N/A,Dadra and Nagar Haveli and Daman and Diu
ChIJH8N1w5hN5zsRxxpQREKAKsk,Pendhardevi Waterfall,20.2403393,73.1921132,waterfalls,N/A,2025-01-26,N/A,N/A,Dadra and Nagar Haveli and Daman and Diu
ChIJtWo42cqz4DsR49_Yaf4ZbQo,Sandipani Fall,20.306233,73.1989998,waterfalls,N/A,2025-01-26,N/A,N/A,Dadra and Nagar Haveli and Daman and Diu
ChIJyVKUTWAr5zsR--a_FBTnF_c,Talav Faliya Lake,20.1678289,72.7972501,waterfalls,N/A,2025-01-26,N/A,N/A,Dadra and Nagar Haveli and Daman and Diu
ChIJe49OLwBD5zsRuUiWEutfVqc,Domzhara Waterfall,19.9521077,73.2598859,waterfalls,N/A,2025-01-26,N/A,N/A,Dadra and Nagar Haveli and Daman and Diu
ChIJc9cbDQBD5zsRNI_D1Cmex64,Surfy Waterfall,19.9520923,73.2599262,waterfalls,N/A,2025-01-26,N/A,N/A,Dadra and Nagar Haveli and Daman and Diu
ChIJRew015674DsRgXN5kRdyS2g,फुलवाडी वाटरफॉल्स,20.4657241,73.1865661,waterfalls,N/A,2025-01-26,N/A,N/A,Dadra and Nagar Haveli and Daman and Diu
ChIJl9mBmBux4DsRMHEfUUFJiEk,Veri bhavada kada waterfall,20.3858072,73.2390234,waterfalls,N/A,2025-01-26,N/A,N/A,Dadra and Nagar Haveli and Daman and Diu
ChIJrdTj0Lqj4DsRZFyE0Y6dT3k,Bedmal waterfall,20.6238067,73.3137175,waterfalls,N/A,2025-01-26,N/A,N/A,Dadra and Nagar Haveli and Daman and Diu
ChIJf14iwpZN5zsRVthjI4QyVc8,Niloshi waterfall,20.2595742,73.2732967,waterfalls,N/A,2025-01-26,N/A,N/A,Dadra and Nagar Haveli and Daman and Diu
ChIJsatNeThL5zsRiHnisPkzndo,KAUNCHA Waterfall..kauncha garden,20.2082851,73.1419234,waterfalls,N/A,2025-01-26,N/A,N/A,Dadra and Nagar Haveli and Daman and Diu
ChIJD3k5PABN5zsR5Wut5pc0Khc,Sildha Karnjpada faliya. waterfall,20.2573322,73.22868849999999,waterfalls,N/A,2025-01-26,N/A,N/A,Dadra and Nagar Haveli and Daman and Diu
ChIJWZc8k2XL4DsRxpmdTb1O0yI,WHITE VALLEY WATERFALL,20.2765619,73.04866,waterfalls,N/A,2025-01-26,N/A,N/A,Dadra and Nagar Haveli and Daman and Diu
ChIJ4dYokXtF5zsRvzuRti606IA,Dabhosa Raah Plantation Well,20.0105762,73.20124,waterfalls,N/A,2025-01-26,N/A,N/A,Dadra and Nagar Haveli and Daman and Diu
ChIJ-cdkJwC14DsRcyR5nCOxlNM,Morkhal Waterfall,20.3109313,73.0952473,waterfalls,N/A,2025-01-26,N/A,N/A,Dadra and Nagar Haveli and Daman and Diu
ChIJizwheQBD5zsRKMC031yYLUM,Domzara Waterfall Trekking Start Point,19.9523078,73.260527,waterfalls,N/A,2025-01-26,N/A,N/A,Dadra and Nagar Haveli and Daman and Diu
ChIJyTvGZBGj4DsR-3KOK1o67Bw,Dharm waterfall,20.5728125,73.31368750000001,waterfalls,N/A,2025-01-26,N/A,N/A,Dadra and Nagar Haveli and Daman and Diu
ChIJwyyIBACl4DsRDhuJBMeNy4M,Titukhadak Waterfall,20.4719957,73.2927526,waterfalls,N/A,2025-01-26,N/A,N/A,Dadra and Nagar Haveli and Daman and Diu
ChIJf1pRN7BF5zsRti5QFhOGeIY,Hiradpada waterfall observation deck,20.0037171,73.21610020000001,waterfalls,N/A,2025-01-26,N/A,N/A,Dadra and Nagar Haveli and Daman and Diu
ChIJcRUIPSsv5zsRqXpaPUPbyTE,Aaswali Dam,20.086959,72.805624,waterfalls,N/A,2025-01-26,N/A,N/A,Dadra and Nagar Haveli and Daman and Diu
ChIJJ7fZfezp4DsRD1XdwZVuMPw,"Tadiya Hill , Dungri",20.6869126,72.9594319,waterfalls,N/A,2025-01-26,N/A,N/A,Dadra and Nagar Haveli and Daman and Diu
ChIJxQkYY_m14DsR9f5ojww45jk,Bonta Nature Trail,20.2920402,73.1031222,waterfalls,N/A,2025-01-26,N/A,N/A,Dadra and Nagar Haveli and Daman and Diu
ChIJC8Jsz86z4DsRruz9KOdBdW4,Sunset point,20.3449426,73.2083124,waterfalls,N/A,2025-01-26,N/A,N/A,Dadra and Nagar Haveli and Daman and Diu
ChIJiamuSmXL4DsRo-2W9WLRxUg,Royal Park,20.2842652,73.0041825,parks,N/A,2025-01-26,N/A,N/A,Dadra and Nagar Haveli and Daman and Diu
ChIJ-33Ibk_n4DsRUwNCCD4NNJg,Chhatrapati Shivaji Park - Ranchhodji Tekra,20.6222443,72.8968764,parks,N/A,2025-01-26,N/A,N/A,Dadra and Nagar Haveli and Daman and Diu
ChIJ83nhoW3O4DsR_iixrPxe2e4,Vrundavan Park,20.3461296,72.9256754,parks,N/A,2025-01-26,N/A,N/A,Dadra and Nagar Haveli and Daman and Diu
ChIJl6URPSXb4DsRK2PWORIq0GY,Dunes children's playground,20.4282083,72.8453404,parks,N/A,2025-01-26,N/A,N/A,Dadra and Nagar Haveli and Daman and Diu
ChIJxbvvhHK74DsRsPyenSqWcCU,Community Garden,20.5394022,73.1929571,parks,N/A,2025-01-26,N/A,N/A,Dadra and Nagar Haveli and Daman and Diu
ChIJSQb39JvQ4DsR_zeGXTUORXA,Moti Daman Jetty Garden,20.4102981,72.83516449999999,parks,N/A,2025-01-26,N/A,N/A,Dadra and Nagar Haveli and Daman and Diu
ChIJndPZ9Xva4DsRXjQlRB8FPG8,Niketan Park,20.4242141,72.8455463,parks,N/A,2025-01-26,N/A,N/A,Dadra and Nagar Haveli and Daman and Diu
ChIJ_2EI5pvQ4DsR-az9K0ljt1Y,Paragola Garden,20.4094079,72.83449259999999,parks,N/A,2025-01-26,N/A,N/A,Dadra and Nagar Haveli and Daman and Diu
ChIJu0NBSmY25zsRzx5BmooXhpg,Bindraben Tapovan Garden,20.1412233,73.0507477,parks,N/A,2025-01-26,N/A,N/A,Dadra and Nagar Haveli and Daman and Diu
ChIJ7Tts4WfD4DsRjDOCnA1sSow,"Dhakshineswar park, vivekanand nagar",20.6103574,72.9350025,parks,N/A,2025-01-26,N/A,N/A,Dadra and Nagar Haveli and Daman and Diu
ChIJISIpySjV4DsRz086wT-pmws,Labhshanker Vyas Garden,20.2332821,72.7516285,parks,N/A,2025-01-26,N/A,N/A,Dadra and Nagar Haveli and Daman and Diu
ChIJdx9q9b_p4DsRgelw2iS9_hA,Dadiya Faliya Talav,20.6110092,72.91621180000001,parks,N/A,2025-01-26,N/A,N/A,Dadra and Nagar Haveli and Daman and Diu
ChIJ42nFK8rN4DsRik9l20vGuqQ,Silvassa river front,20.272615,72.986375,parks,N/A,2025-01-26,N/A,N/A,Dadra and Nagar Haveli and Daman and Diu
ChIJB1E-u0y54DsRoEC0MMlXvsU,dharampur garden,20.5406625,73.1652831,parks,N/A,2025-01-26,N/A,N/A,Dadra and Nagar Haveli and Daman and Diu
ChIJA-6sqKXb4DsR8pr7y6vnrlc,Quarry lake,20.4380899,72.8658081,parks,N/A,2025-01-26,N/A,N/A,Dadra and Nagar Haveli and Daman and Diu
ChIJj39uBkTL4DsRCKLmDnspoX0,Bal Udyan Park,20.266388,73.010387,parks,N/A,2025-01-26,N/A,N/A,Dadra and Nagar Haveli and Daman and Diu
ChIJK8l3S7XP4DsRw7IrY1wMT38,Avenue Park,20.3791856,72.9243156,parks,N/A,2025-01-26,N/A,N/A,Dadra and Nagar Haveli and Daman and Diu
ChIJBcOoJ2Tv4DsRECJmrezKYWU,Bilimora Bird Park,20.7605576,72.97502159999999,parks,N/A,2025-01-26,N/A,N/A,Dadra and Nagar Haveli and Daman and Diu
ChIJq7NbFpjC4DsRu2R-qxWdyn8,Sai Baba Park,20.5991404,72.9237587,parks,N/A,2025-01-26,N/A,N/A,Dadra and Nagar Haveli and Daman and Diu
ChIJ7QqiNgA35zsRNsWxX3rYCO0,Karachgam riverfront,20.1226472,73.0181783,parks,N/A,2025-01-26,N/A,N/A,Dadra and Nagar Haveli and Daman and Diu
ChIJvR7IFEc25zsRzc8UmIwcdTM,Butterfly Park,20.1310297,73.0622708,parks,N/A,2025-01-26,N/A,N/A,Dadra and Nagar Haveli and Daman and Diu
ChIJsd8XIGfL4DsRp-OWWlV0nUw,Everest Park,20.2729026,72.9992699,parks,N/A,2025-01-26,N/A,N/A,Dadra and Nagar Haveli and Daman and Diu
ChIJFzPhRALT4DsRGiwK7iOlEPk,Artificial pond (Sarigam),20.2828285,72.86156249999999,parks,N/A,2025-01-26,N/A,N/A,Dadra and Nagar Haveli and Daman and Diu
ChIJWfOnPFXP4DsR3Ex2LaRiWlw,GAVAN ARENA PARK,20.390893,72.92688079999999,parks,N/A,2025-01-26,N/A,N/A,Dadra and Nagar Haveli and Daman and Diu
ChIJaToYBj015zsReO2ewh37hD4,Orient Press Ltd,20.2309246,73.0563938,parks,N/A,2025-01-26,N/A,N/A,Dadra and Nagar Haveli and Daman and Diu
ChIJYesIEXvO4DsRKjQKOw7ozcU,Lake View,20.3439988,72.9381731,parks,N/A,2025-01-26,N/A,N/A,Dadra and Nagar Haveli and Daman and Diu
ChIJVVVVnNbR4DsRp-PqlB2Mhpk,Lakham Dev Garden,20.3722504,72.8924736,parks,N/A,2025-01-26,N/A,N/A,Dadra and Nagar Haveli and Daman and Diu
ChIJkSNAbFnP4DsRJ_zQPE_ljyI,Dharmshi Park,20.376834,72.9225589,parks,N/A,2025-01-26,N/A,N/A,Dadra and Nagar Haveli and Daman and Diu
ChIJz69CD21E5zsRIo3OZikumbo,Dabhosa Waterfall,20.0058107,73.2080503,parks,N/A,2025-01-26,N/A,N/A,Dadra and Nagar Haveli and Daman and Diu
ChIJN3WETkHa4DsRj5bKi81kiAw,Devka Amusement Park,20.4444944,72.8328712,parks,N/A,2025-01-26,N/A,N/A,Dadra and Nagar Haveli and Daman and Diu
ChIJo-gQW3vM4DsRvGkHmSf3lPo,Ambika Park,20.2983437,72.9822367,parks,N/A,2025-01-26,N/A,N/A,Dadra and Nagar Haveli and Daman and Diu
ChIJvbIiIZTR4DsR9BGYDRSbMXg,Kachigam Garden,20.3842552,72.8765078,parks,N/A,2025-01-26,N/A,N/A,Dadra and Nagar Haveli and Daman and Diu
ChIJ-zvc4irO4DsR5KhEirKwinE,Janseva Garden,20.3747327,72.9015044,parks,N/A,2025-01-26,N/A,N/A,Dadra and Nagar Haveli and Daman and Diu
ChIJRaPnYyfo4DsRwbex7GuR4DA,Kalyan Baug,20.6107167,72.93018470000001,parks,N/A,2025-01-26,N/A,N/A,Dadra and Nagar Haveli and Daman and Diu
ChIJcRUIPSsv5zsRqXpaPUPbyTE,Aaswali Dam,20.086959,72.805624,parks,N/A,2025-01-26,N/A,N/A,Dadra and Nagar Haveli and Daman and Diu
ChIJUQixULjx4DsR1-nOTzK5MIY,Gaurav Patel's Home,20.8467815,72.9858981,parks,N/A,2025-01-26,N/A,N/A,Dadra and Nagar Haveli and Daman and Diu
ChIJf4T3K1C34DsRgbQftk_eBW0,Viraj,20.4330518,73.17252239999999,parks,N/A,2025-01-26,N/A,N/A,Dadra and Nagar Haveli and Daman and Diu
ChIJryPThWrM4DsRLbprXZApbm4,Vanganga Garden,20.3120909,72.9702365,parks,N/A,2025-01-26,N/A,N/A,Dadra and Nagar Haveli and Daman and Diu
ChIJU6_JVKgr5zsR4UJ4S_2qVGI,Rameshwar Park,20.1762975,72.765976,parks,N/A,2025-01-26,N/A,N/A,Dadra and Nagar Haveli and Daman and Diu
ChIJ72PwLhgt5zsRuuxEbxYHcZ4,Green Park Club Resort,20.2111447,72.87934589999999,parks,N/A,2025-01-26,N/A,N/A,Dadra and Nagar Haveli and Daman and Diu
ChIJm4Z176HM4DsRSH1AG_JvquA,Damanganga River Front,20.2705492,72.98764779999999,parks,N/A,2025-01-26,N/A,N/A,Dadra and Nagar Haveli and Daman and Diu
ChIJTTW0QnvO4DsRfuT7EqtuCIE,GIDC Vapi Lake,20.3447247,72.9393952,parks,N/A,2025-01-26,N/A,N/A,Dadra and Nagar Haveli and Daman and Diu
ChIJ522dRk_P4DsRIWgG0MG_vI0,Pidilite garden,20.3431312,72.93530779999999,parks,N/A,2025-01-26,N/A,N/A,Dadra and Nagar Haveli and Daman and Diu
ChIJIe0scN5C5zsRJEMSNYZv-Sc,Jawhar Camping,19.9472976,73.2497623,parks,N/A,2025-01-26,N/A,N/A,Dadra and Nagar Haveli and Daman and Diu
ChIJJV_3vxrD4DsRdBQeXJxqtow,Shivraj Park,20.6055871,72.9244959,parks,N/A,2025-01-26,N/A,N/A,Dadra and Nagar Haveli and Daman and Diu
ChIJj3M5A_aF4DsRkLOElYGovwM,Kos Lake,20.8420625,73.2860625,parks,N/A,2025-01-26,N/A,N/A,Dadra and Nagar Haveli and Daman and Diu
ChIJPTZQPbTx4DsRNGr5QWntGLU,"Dwadash , Andheshwar Mahadev Mandir",20.8244133,72.9511971,parks,N/A,2025-01-26,N/A,N/A,Dadra and Nagar Haveli and Daman and Diu
ChIJMZgTAQDd4DsRDfFjUf42oWM,VIP Box,20.5471481,72.8886243,parks,N/A,2025-01-26,N/A,N/A,Dadra and Nagar Haveli and Daman and Diu
ChIJDf9Fwlq54DsRokDi0ML1irE,Dharmudada Park,20.5351637,73.16991829999999,parks,N/A,2025-01-26,N/A,N/A,Dadra and Nagar Haveli and Daman and Diu
ChIJL_6LTADr4DsRmb-3uut-P5A,Nim,20.7056303,73.08542229999999,parks,N/A,2025-01-26,N/A,N/A,Dadra and Nagar Haveli and Daman and Diu
ChIJi0sa2CPQ4DsR1rfp5X0rtbc,Cine Park,20.3951236,72.8927386,parks,N/A,2025-01-26,N/A,N/A,Dadra and Nagar Haveli and Daman and Diu
ChIJA-Epr6bN4DsRdecIBZ5jmNc,Dadra garden,20.3117746,72.9702318,parks,N/A,2025-01-26,N/A,N/A,Dadra and Nagar Haveli and Daman and Diu
ChIJv21YBtbR4DsR0wbPBElWzvQ,Vishal,20.3725548,72.8922784,parks,N/A,2025-01-26,N/A,N/A,Dadra and Nagar Haveli and Daman and Diu
ChIJq6qqqt3R4DsRd8CGqx50AD0,LAKHAMDEV LAKE GARDEN,20.3555405,72.8899466,parks,N/A,2025-01-26,N/A,N/A,Dadra and Nagar Haveli and Daman and Diu
ChIJ3egbe8C74DsR_Se7eJIDHp4,Bilpudi Mavli Mata Waterfall,20.5135207,73.21464809999999,parks,N/A,2025-01-26,N/A,N/A,Dadra and Nagar Haveli and Daman and Diu
ChIJIaALWQAt5zsRckBgf4sj9yg,Sanjan,20.1921126,72.8179439,parks,N/A,2025-01-26,N/A,N/A,Dadra and Nagar Haveli and Daman and Diu
ChIJFSmiAjHL4DsRJLTlHn4pFts,Manek farm,20.3215316,73.0334907,parks,N/A,2025-01-26,N/A,N/A,Dadra and Nagar Haveli and Daman and Diu
ChIJvy2vcDs15zsRQ4R_mr8NwBU,Silvassa Tinoda Nature Trail,20.194989,73.0254818,parks,N/A,2025-01-26,N/A,N/A,Dadra and Nagar Haveli and Daman and Diu
ChIJ0-0rmb_R4DsRTOIoKhgu8Og,Bharat Ratna Shri Atal Bihari Vajpayee Jal Udhyan,20.3889772,72.88705519999999,parks,N/A,2025-01-26,N/A,N/A,Dadra and Nagar Haveli and Daman and Diu
ChIJEadwy0c25zsRhEvDsUTrhnk,Golden Pond Resort,20.1288483,73.0616771,parks,N/A,2025-01-26,N/A,N/A,Dadra and Nagar Haveli and Daman and Diu
ChIJxwSdyE254DsRXpCzcKPPmzg,Lady Wilson Museum,20.537363,73.1681406,museum,N/A,2025-01-26,N/A,N/A,Dadra and Nagar Haveli and Daman and Diu
ChIJQ96wqqm54DsRvreD0u8op8A,મોહનદેવજી મહેલ,20.4567756,73.1597302,museum,N/A,2025-01-26,N/A,N/A,Dadra and Nagar Haveli and Daman and Diu
ChIJLQUDeSfo4DsRAxh-5vRP6DY,Morarji Desai Museum,20.6107502,72.93105299999999,museum,N/A,2025-01-26,N/A,N/A,Dadra and Nagar Haveli and Daman and Diu
ChIJ9wA1IWvb4DsRQmTAFvVA0GY,Zoroastrian Museum & Information Centre,20.490266,72.8719557,museum,N/A,2025-01-26,N/A,N/A,Dadra and Nagar Haveli and Daman and Diu
ChIJpZPuw0254DsRvF0l4CRZuI4,District Science Centre,20.5369116,73.168809,museum,N/A,2025-01-26,N/A,N/A,Dadra and Nagar Haveli and Daman and Diu
ChIJ8fliU9rp4DsR7gv_5qgvNLg,Daksha Bhavan,20.617445,72.9336653,museum,N/A,2025-01-26,N/A,N/A,Dadra and Nagar Haveli and Daman and Diu
ChIJqaqqakg25zsRPM09nBqXXQY,"NATURAL HISTORY MUSEUM, KHANVEL",20.1262915,73.0626638,museum,N/A,2025-01-26,N/A,N/A,Dadra and Nagar Haveli and Daman and Diu
ChIJ964eLZnQ4DsRY0IRLcHZRa4,Old Lighthouse,20.4099725,72.8312193,museum,N/A,2025-01-26,N/A,N/A,Dadra and Nagar Haveli and Daman and Diu
ChIJSQb39JvQ4DsR_zeGXTUORXA,Moti Daman Jetty Garden,20.4102981,72.83516449999999,museum,N/A,2025-01-26,N/A,N/A,Dadra and Nagar Haveli and Daman and Diu
ChIJEyU4IVE35zsRJNuw2mr135k,Tapovan Tourist Complex,20.1416247,73.0502643,museum,N/A,2025-01-26,N/A,N/A,Dadra and Nagar Haveli and Daman and Diu
ChIJ5xloYEvb4DsRM-s3GeFNWws,Varasa surat,20.441338,72.8554831,museum,N/A,2025-01-26,N/A,N/A,Dadra and Nagar Haveli and Daman and Diu
ChIJeaPnxCw15zsRL_pzB91KkPE,River,20.2142949,73.0062958,museum,N/A,2025-01-26,N/A,N/A,Dadra and Nagar Haveli and Daman and Diu
ChIJNcqfxM214DsRKW2tB8_V6EI,Morkhal khori pada,20.3393975,73.1051791,museum,N/A,2025-01-26,N/A,N/A,Dadra and Nagar Haveli and Daman and Diu
ChIJ25wiaJ7Q4DsRh1_f5lN9sfE,Nani Daman Fort,20.4131597,72.8331468,museum,N/A,2025-01-26,N/A,N/A,Dadra and Nagar Haveli and Daman and Diu
ChIJY9avdRQ35zsRiWmBopHYw1E,Khadoli umabarpada RG,20.1519652,73.0435011,museum,N/A,2025-01-26,N/A,N/A,Dadra and Nagar Haveli and Daman and Diu
ChIJ7de1Tbrb4DsRNvz9rWxow0A,OREINT PACKAGING,20.440929,72.85568649999999,museum,N/A,2025-01-26,N/A,N/A,Dadra and Nagar Haveli and Daman and Diu
ChIJudARO8Mn5zsRUUsdEMEuFYs,Avni Ganesh Art & Avni DJ or Live Orchestra,20.0296832,72.73354909999999,museum,N/A,2025-01-26,N/A,N/A,Dadra and Nagar Haveli and Daman and Diu
ChIJ76ql-yLP4DsRsnKlzya8kuQ,Amit Sharma Geeta Nagar Vapi Bhai,20.3705643,72.91126129999999,museum,N/A,2025-01-26,N/A,N/A,Dadra and Nagar Haveli and Daman and Diu
ChIJbePLDS_M4DsRjwM97c0OCWw,Museum,20.328143,72.95609470000001,museum,N/A,2025-01-26,N/A,N/A,Dadra and Nagar Haveli and Daman and Diu
ChIJMSejHqbL4DsRQ59GCnUpe4k,CHATARAPATI SHIVAJI RAJE CHOWK,20.2823675,72.9990042,museum,N/A,2025-01-26,N/A,N/A,Dadra and Nagar Haveli and Daman and Diu
ChIJ4VkJBABJ5zsR6RyCd_E7pb4,Sunday point VASDA,20.1330515,73.1775421,museum,N/A,2025-01-26,N/A,N/A,Dadra and Nagar Haveli and Daman and Diu
ChIJRYiwY9TL4DsR7b9tlXzDWgo,RMC PLANT NAROLI,20.2753406,73.0072986,museum,N/A,2025-01-26,N/A,N/A,Dadra and Nagar Haveli and Daman and Diu
ChIJD0S-Xe3R4DsRLR136pfRdDk,Daman RunBurn Fest,20.4102593,72.83203320000001,museum,N/A,2025-01-26,N/A,N/A,Dadra and Nagar Haveli and Daman and Diu
ChIJFaRbZGbP4DsRnc6vzTxrZcg,Shambhu sena (ganpati mandap),20.3747163,72.9208211,museum,N/A,2025-01-26,N/A,N/A,Dadra and Nagar Haveli and Daman and Diu
ChIJnWSMhZ7Q4DsRcsmd3ge_fKg,Nani Daman Jetty,20.412254,72.83177599999999,museum,N/A,2025-01-26,N/A,N/A,Dadra and Nagar Haveli and Daman and Diu
ChIJWdJl8ZrM4DsR--tN0gnR2_s,Nakshatra Van,20.2788945,72.9833683,museum,N/A,2025-01-26,N/A,N/A,Dadra and Nagar Haveli and Daman and Diu
ChIJVVVVXp7Q4DsRBjLB4H9hmZk,St. Jerome Fort,20.4132924,72.8321617,museum,N/A,2025-01-26,N/A,N/A,Dadra and Nagar Haveli and Daman and Diu
ChIJLzzTLvDP4DsRoevIRworwIE,AF Electrician,20.378003,72.9548822,museum,N/A,2025-01-26,N/A,N/A,Dadra and Nagar Haveli and Daman and Diu
ChIJ8amoVE3d4DsRk9A5C1pBlnM,Bhuliba,20.5953032,72.8987394,museum,N/A,2025-01-26,N/A,N/A,Dadra and Nagar Haveli and Daman and Diu
ChIJya9x17OX4DsRmXNAGuUfnuQ,Aadivasi zhupdi,20.7031795,73.2114801,museum,N/A,2025-01-26,N/A,N/A,Dadra and Nagar Haveli and Daman and Diu
ChIJ77E7BgAr5zsRhZWCFmzoNC8,Vevji vaijalpada,20.144423,72.7954159,museum,N/A,2025-01-26,N/A,N/A,Dadra and Nagar Haveli and Daman and Diu
ChIJZ-K8eSvL4DsRhvED7KR9v2Q,Abu's tagara headshot,20.2723222,73.0035776,museum,N/A,2025-01-26,N/A,N/A,Dadra and Nagar Haveli and Daman and Diu
ChIJHe-megBR5zsRvFSUoe2fAPs,Domin Joon,20.1472744,73.2992026,museum,N/A,2025-01-26,N/A,N/A,Dadra and Nagar Haveli and Daman and Diu
ChIJ1ciPHwDP4DsRGa1X5DUPYGs,Bariya Ishwar,20.3469994,72.9317722,museum,N/A,2025-01-26,N/A,N/A,Dadra and Nagar Haveli and Daman and Diu
ChIJx_t7X-HP4DsRwsuiSNgTDGU,Indraprasth society,20.3714085,72.9080834,museum,N/A,2025-01-26,N/A,N/A,Dadra and Nagar Haveli and Daman and Diu
ChIJR9Ha33zN4DsR0wA2-YZeoOE,Masjid Dungra (मस्जिद डूंगरा मंगलम),20.3273562,72.958043,museum,N/A,2025-01-26,N/A,N/A,Dadra and Nagar Haveli and Daman and Diu
ChIJR_IK3qnT4DsRyIO2AHFMBTE,ATUL MASALA,20.2860115,72.8574558,museum,N/A,2025-01-26,N/A,N/A,Dadra and Nagar Haveli and Daman and Diu
ChIJ468J_uHL4DsRUmZUaW_zbKE,DIG KISHOR,20.2993923,73.0650033,museum,N/A,2025-01-26,N/A,N/A,Dadra and Nagar Haveli and Daman and Diu
ChIJrUxc8B6T4DsRgIC2ClJLEkU,Ghaduli criket group,20.7450849,73.1056066,museum,N/A,2025-01-26,N/A,N/A,Dadra and Nagar Haveli and Daman and Diu
ChIJ7zMMZwC34DsRJRepqBAPTt8,Arnala Medan,20.4386413,73.0943249,museum,N/A,2025-01-26,N/A,N/A,Dadra and Nagar Haveli and Daman and Diu
ChIJO8jVsDhLnjsRg_CmgPlatpA,Kavaratti Island,10.56507,72.64172649999999,attraction,N/A,2025-01-26,N/A,N/A,Lakshadweep
ChIJT5vS4xeJnjsRb6OMb-HFfUQ,Lagoon Beach,10.8782278,72.2019114,attraction,N/A,2025-01-26,N/A,N/A,Lakshadweep
ChIJrZuDLgCJnjsRn56WolbacJg,Lakshadweep Tourist place,10.8350638,72.1821774,attraction,N/A,2025-01-26,N/A,N/A,Lakshadweep
ChIJ_9GTBxVLnjsRsf8TSotjaME,Paradise Island Hut kavaratti,10.5723342,72.6380999,attraction,N/A,2025-01-26,N/A,N/A,Lakshadweep
ChIJSw3A54pLnjsRKOETaVE0uW8,Marine Aquarium and Museum,10.5764466,72.64026249999999,attraction,N/A,2025-01-26,N/A,N/A,Lakshadweep
ChIJ5RdEvzJLnjsRCOPhPYpk0_g,"Sunset Photography Point, Kavaratti",10.5414954,72.6185641,attraction,N/A,2025-01-26,N/A,N/A,Lakshadweep
ChIJcagpAwCJnjsR4rzaP-sCH6k,Sea explore,10.8707126,72.1948713,attraction,N/A,2025-01-26,N/A,N/A,Lakshadweep
ChIJV0yTCEuJnjsR_G-fZtfJj-8,Island,10.8575607,72.1934421,attraction,N/A,2025-01-26,N/A,N/A,Lakshadweep
ChIJufVpWgCJnjsRQwzR2WsLBK4,Agatti Beach,10.8669155,72.19289719999999,attraction,N/A,2025-01-26,N/A,N/A,Lakshadweep
ChIJEyUVONRLnjsRZ-duqYlYxUU,Statue Of Mahatma Gandhi,10.570596,72.6376654,attraction,N/A,2025-01-26,N/A,N/A,Lakshadweep
ChIJtzM5CJNLnjsRS1NtWjTBA5k,Guppy,10.575463,72.6391782,attraction,N/A,2025-01-26,N/A,N/A,Lakshadweep
ChIJy6qL6vWJnjsRIZUPYuMbX1U,Chalakad beach,10.8701288,72.1945046,attraction,N/A,2025-01-26,N/A,N/A,Lakshadweep
ChIJIbm3qoFLnjsRoew0TBUnxII,Shipwreck shore,10.5412278,72.6178627,attraction,N/A,2025-01-26,N/A,N/A,Lakshadweep
ChIJLwq0IWFLnjsRz8tQEmNIBBk,Walk way and Resting point,10.5470656,72.6234443,attraction,N/A,2025-01-26,N/A,N/A,Lakshadweep
ChIJU6l1bARLnjsRInynFVbDM_o,East Port Kavaratti,10.5612949,72.6466059,attraction,N/A,2025-01-26,N/A,N/A,Lakshadweep
ChIJXatgHwBLnjsR3uGc7QCDvXI,Ship grounded,10.5411289,72.6189459,attraction,N/A,2025-01-26,N/A,N/A,Lakshadweep
ChIJj7gKVxqJnjsRYYEAFY34mMU,LAGOON TRAVELS AND TOURISM AGATTI,10.8575607,72.1934421,attraction,N/A,2025-01-26,N/A,N/A,Lakshadweep
ChIJO_KLUAD1dTsRfVwwUV_dvMg,Pankaj's tourist beach ⛱️,10.1274031,72.3267716,attraction,N/A,2025-01-26,N/A,N/A,Lakshadweep
ChIJ9-7UMWqJnjsR7azUZ1vI5Po,Scuba Diving Point,10.8681315,72.1857109,attraction,N/A,2025-01-26,N/A,N/A,Lakshadweep
ChIJs5xgeABLnjsRdwOe0DGrnY8,Ustad beach,10.5465936,72.62223630000001,attraction,N/A,2025-01-26,N/A,N/A,Lakshadweep
ChIJCeKVrclLnjsRP4cL05VszgM,PWD Beach,10.5612517,72.63217829999999,attraction,N/A,2025-01-26,N/A,N/A,Lakshadweep
ChIJd-DycgCNnjsR4t3wb_mTLss,Bangaram lagoons West side,10.9420776,72.2850082,attraction,N/A,2025-01-26,N/A,N/A,Lakshadweep
ChIJqxys9TlLnjsRuuaEQs66qcA,Kavaratti beach,10.566582,72.633315,attraction,N/A,2025-01-26,N/A,N/A,Lakshadweep
ChIJex7qFwCJnjsRGt6d_kTJRok,Safa beach,10.8575607,72.1934421,attraction,N/A,2025-01-26,N/A,N/A,Lakshadweep
ChIJxevmqLhLnjsRsHw89HofUkU,Shipwreck Nand Aparajita,10.5411915,72.61879069999999,attraction,N/A,2025-01-26,N/A,N/A,Lakshadweep
ChIJdYECTABLnjsR8td1X8DDoFY,Kavaratti Sunrise Point Park,10.5771319,72.64287929999999,attraction,N/A,2025-01-26,N/A,N/A,Lakshadweep
ChIJEXvCK7eJnjsRwcffcYggREQ,Cordelia Cruise point,10.8663116,72.21381269999999,attraction,N/A,2025-01-26,N/A,N/A,Lakshadweep
ChIJHULr8EGNnjsRSfQP2CuT3tI,Thinnakara Light House,10.9433125,72.3156875,attraction,N/A,2025-01-26,N/A,N/A,Lakshadweep
ChIJgyByNAeJnjsRDjpNIybhIS4,North Beach,10.8775798,72.20389089999999,attraction,N/A,2025-01-26,N/A,N/A,Lakshadweep
ChIJX5mclq2JnjsRN_kmhkjoCjk,Snorkelling Coral Grounds,10.8687699,72.1904258,attraction,N/A,2025-01-26,N/A,N/A,Lakshadweep
ChIJC7yGdwCJnjsRVv2SeAaoT_g,Cordelia cruise ship,10.8677166,72.2061339,attraction,N/A,2025-01-26,N/A,N/A,Lakshadweep
ChIJ1xQLIuCNnjsRGK65BsqraLQ,BANGARAM SOUTH POINT,10.93501,72.2865123,attraction,N/A,2025-01-26,N/A,N/A,Lakshadweep
ChIJXWSa-3pLnjsR2A5HVUog-W0,Chicken neck area,10.5473698,72.623271,attraction,N/A,2025-01-26,N/A,N/A,Lakshadweep
ChIJq3LziztLnjsRn9V1Ke6AjaY,Bhirani,10.5593204,72.63581340000002,attraction,N/A,2025-01-26,N/A,N/A,Lakshadweep
ChIJzf7RzV-JnjsRjdFVXio9_co,Eastern Jetty View Point,10.8680381,72.2059649,attraction,N/A,2025-01-26,N/A,N/A,Lakshadweep
ChIJTagttiNLnjsRP67TXcSir0I,"Broken ship Point, Kavaratti",10.5414375,72.6185625,attraction,N/A,2025-01-26,N/A,N/A,Lakshadweep
ChIJEwVfYwCNnjsR71aNdnjbYK8,Ship Wreck Snorkeling Point,10.930455,72.31344539999999,attraction,N/A,2025-01-26,N/A,N/A,Lakshadweep
ChIJZ8VhZQCJnjsRmqWntXhh1Tg,Ambar sinha point Agatti,10.8686334,72.20303729999999,attraction,N/A,2025-01-26,N/A,N/A,Lakshadweep
ChIJe24IaABLnjsRnuTXkh6i3d8,Ambar Sinha Beach Point,10.562582,72.63298,attraction,N/A,2025-01-26,N/A,N/A,Lakshadweep
ChIJf9sMOABLnjsRhkIS4Yc_oMk,Harshavardhan Mudaliar Beach,10.5576712,72.6382859,attraction,N/A,2025-01-26,N/A,N/A,Lakshadweep
ChIJITaA2dRLnjsRKthlJ-4lMp4,Manga Thottam (Mango Gardens),10.5678014,72.6453466,attraction,N/A,2025-01-26,N/A,N/A,Lakshadweep
ChIJ56GdFQBLnjsRg5u4azfJn3Q,Unjil ulla sthalam chill sheevam,10.5735316,72.6384775,attraction,N/A,2025-01-26,N/A,N/A,Lakshadweep
ChIJJbTXKMJLnjsRMTumGtUuwgQ,Childrens Park,10.5542331,72.6325233,attraction,N/A,2025-01-26,N/A,N/A,Lakshadweep
ChIJV-u36pZLnjsRGt-bKr2WkUo,Kavaratti Lighthouse,10.5610774,72.6462918,attraction,N/A,2025-01-26,N/A,N/A,Lakshadweep
ChIJR9Eus-pLnjsRzXJ_4L_QgFw,Botanical Garden,10.5576461,72.63873699999999,attraction,N/A,2025-01-26,N/A,N/A,Lakshadweep
ChIJPVqXGLSJnjsRi2K7grXPB8U,"The Agatti Golden Jubilee Museum - Lakshadweep Islands, India",10.8666573,72.1944754,attraction,N/A,2025-01-26,N/A,N/A,Lakshadweep
ChIJ81kPesWJnjsRqeTFA3QpugM,Branching Coral Colony,10.8691654,72.1901761,attraction,N/A,2025-01-26,N/A,N/A,Lakshadweep
ChIJo6nR4IwfnjsRkFWJ_MSQunU,Konas garden,10.130595,72.32878199999999,attraction,N/A,2025-01-26,N/A,N/A,Lakshadweep
ChIJRZWgDIlLnjsR_RM8oPCZKlc,Muttiyar Beach മുട്ടിയാർ ബീച്ച്.,10.5758146,72.64623639999999,attraction,N/A,2025-01-26,N/A,N/A,Lakshadweep
ChIJfR8bi8D1dTsRcRY9_Ez9tzM,Valiyakkara Island,10.1287253,72.32885399999999,attraction,N/A,2025-01-26,N/A,N/A,Lakshadweep
ChIJxdIcOACJnjsRG7No_Wr9BxA,Agatti dive site,10.8575607,72.1934421,attraction,N/A,2025-01-26,N/A,N/A,Lakshadweep
ChIJWwhBAf-MnjsRl6T_j2HsxhY,Nagusaty Point,10.9455896,72.2864208,beaches,N/A,2025-01-26,N/A,N/A,Lakshadweep
ChIJgyByNAeJnjsRDjpNIybhIS4,North Beach,10.8775798,72.20389089999999,beaches,N/A,2025-01-26,N/A,N/A,Lakshadweep
ChIJy6qL6vWJnjsRIZUPYuMbX1U,Chalakad beach,10.8701288,72.1945046,beaches,N/A,2025-01-26,N/A,N/A,Lakshadweep
ChIJqxys9TlLnjsRuuaEQs66qcA,Kavaratti beach,10.566582,72.633315,beaches,N/A,2025-01-26,N/A,N/A,Lakshadweep
ChIJT5vS4xeJnjsRb6OMb-HFfUQ,Lagoon Beach,10.8782278,72.2019114,beaches,N/A,2025-01-26,N/A,N/A,Lakshadweep
ChIJufVpWgCJnjsRQwzR2WsLBK4,Agatti Beach,10.8669155,72.19289719999999,beaches,N/A,2025-01-26,N/A,N/A,Lakshadweep
ChIJCeKVrclLnjsRP4cL05VszgM,PWD Beach,10.5612517,72.63217829999999,beaches,N/A,2025-01-26,N/A,N/A,Lakshadweep
ChIJS3do28NLnjsRVr9oaB4RmaE,Kavaratti Beach,10.570247,72.6366908,beaches,N/A,2025-01-26,N/A,N/A,Lakshadweep
ChIJH4GQewCNnjsRGId2CM3AE1I,Thinnakra Beach,10.9427518,72.3134745,beaches,N/A,2025-01-26,N/A,N/A,Lakshadweep
ChIJs5xgeABLnjsRdwOe0DGrnY8,Ustad beach,10.5465936,72.62223630000001,beaches,N/A,2025-01-26,N/A,N/A,Lakshadweep
ChIJRZWgDIlLnjsR_RM8oPCZKlc,Muttiyar Beach മുട്ടിയാർ ബീച്ച്.,10.5758146,72.64623639999999,beaches,N/A,2025-01-26,N/A,N/A,Lakshadweep
ChIJ____P_eMnjsRtqjjskX0kq4,Bangaram Island Resort,10.9427792,72.28792299999999,beaches,N/A,2025-01-26,N/A,N/A,Lakshadweep
ChIJex7qFwCJnjsRGt6d_kTJRok,Safa beach,10.8575607,72.1934421,beaches,N/A,2025-01-26,N/A,N/A,Lakshadweep
ChIJAb15ZQCJnjsRvLSviZNO14I,Kizra beach resort,10.8477906,72.1889449,beaches,N/A,2025-01-26,N/A,N/A,Lakshadweep
ChIJV0yTCEuJnjsR_G-fZtfJj-8,Island,10.8575607,72.1934421,beaches,N/A,2025-01-26,N/A,N/A,Lakshadweep
ChIJv3lSllWMnjsRTshYa4YBSv4,Bangaram Lagoon,10.9368477,72.271908,beaches,N/A,2025-01-26,N/A,N/A,Lakshadweep
ChIJO_KLUAD1dTsRfVwwUV_dvMg,Pankaj's tourist beach ⛱️,10.1274031,72.3267716,beaches,N/A,2025-01-26,N/A,N/A,Lakshadweep
ChIJT5lrwYpLnjsReoxQSkSQt1k,Sandy Beach Restaurant,10.5771646,72.6403741,beaches,N/A,2025-01-26,N/A,N/A,Lakshadweep
ChIJn4zQVvNLnjsRAmaKpXqBBBs,Kavaratti Island Beach Resort,10.5724674,72.638002,beaches,N/A,2025-01-26,N/A,N/A,Lakshadweep
ChIJjU0VPwCNnjsRo8RVI5AdRzk,Aleti Surachith Reddy Beach,10.9431685,72.312698,beaches,N/A,2025-01-26,N/A,N/A,Lakshadweep
ChIJN5qfbKuJnjsRKui8skK8RXA,Red Corals Beach Resort Agatti,10.8444563,72.18697639999999,beaches,N/A,2025-01-26,N/A,N/A,Lakshadweep
ChIJ6RWrrhWJnjsR40B2bWYV1ow,White Pearl Beach Resort Agatti,10.8434751,72.1864238,beaches,N/A,2025-01-26,N/A,N/A,Lakshadweep
ChIJDzpNMB6JnjsRsWoso5b113A,Seaview beach resort,10.8476154,72.18840449999999,beaches,N/A,2025-01-26,N/A,N/A,Lakshadweep
ChIJB9kxAlaJnjsRHXxECmvw5j4,White Sand Beach Holiday Home,10.8643568,72.1927084,beaches,N/A,2025-01-26,N/A,N/A,Lakshadweep
ChIJYxJTES-JnjsRraCHETdlz7w,Coraline Beach Resort,10.8473392,72.1890852,beaches,N/A,2025-01-26,N/A,N/A,Lakshadweep
ChIJ_9GTBxVLnjsRsf8TSotjaME,Paradise Island Hut kavaratti,10.5723342,72.6380999,beaches,N/A,2025-01-26,N/A,N/A,Lakshadweep
ChIJ1xQLIuCNnjsRGK65BsqraLQ,BANGARAM SOUTH POINT,10.93501,72.2865123,beaches,N/A,2025-01-26,N/A,N/A,Lakshadweep
ChIJva9n2OeJnjsR0sjOQB8V5N4,Seashore Beach Resort,10.8490686,72.1903384,beaches,N/A,2025-01-26,N/A,N/A,Lakshadweep
ChIJd-DycgCNnjsR4t3wb_mTLss,Bangaram lagoons West side,10.9420776,72.2850082,beaches,N/A,2025-01-26,N/A,N/A,Lakshadweep
ChIJs1A63ZGJnjsRpFyHKhIDpmI,PP beach villa,10.8446568,72.18677199999999,beaches,N/A,2025-01-26,N/A,N/A,Lakshadweep
ChIJq6qq6gCJnjsR1V_9HRyEpIE,Kasims Beach Villa,10.8441688,72.18672509999999,beaches,N/A,2025-01-26,N/A,N/A,Lakshadweep
ChIJIbm3qoFLnjsRoew0TBUnxII,Shipwreck shore,10.5412278,72.6178627,beaches,N/A,2025-01-26,N/A,N/A,Lakshadweep
ChIJHULr8EGNnjsRSfQP2CuT3tI,Thinnakara Light House,10.9433125,72.3156875,beaches,N/A,2025-01-26,N/A,N/A,Lakshadweep
ChIJI0ehVu-JnjsRfZdORvahHSY,Wundervoll Resort,10.8453496,72.1873267,beaches,N/A,2025-01-26,N/A,N/A,Lakshadweep
ChIJDT37VrNLnjsRzDIZbnoI3-E,Reef Beach Cafe,10.548767,72.6242413,beaches,N/A,2025-01-26,N/A,N/A,Lakshadweep
ChIJjZ1WIQCJnjsRVfYbg39mXKc,Ocean Oasis,10.8678108,72.19393550000001,beaches,N/A,2025-01-26,N/A,N/A,Lakshadweep
ChIJ9a5h2f-MnjsRdDtWKEI7Bvg,"Sand Bank, Bangaram",10.947692,72.2872472,beaches,N/A,2025-01-26,N/A,N/A,Lakshadweep
ChIJlTIAndeJnjsRGemCcR-CO_0,Turtle Nest Resort,10.8411189,72.1848593,beaches,N/A,2025-01-26,N/A,N/A,Lakshadweep
ChIJnQv72N-JnjsRb-GNSBaajlI,Faikkuli Beach Soccer Arena,10.8762319,72.206501,beaches,N/A,2025-01-26,N/A,N/A,Lakshadweep
ChIJ2-s0YQCJnjsRl-60LjrfwfE,Silver Sand Beach Resort,10.850661,72.18979,beaches,N/A,2025-01-26,N/A,N/A,Lakshadweep
ChIJ_WlUT2CJnjsRjsEN6AdCztA,CORAL COVE,10.8767777,72.2016542,beaches,N/A,2025-01-26,N/A,N/A,Lakshadweep
ChIJEz_LZldLnjsR9E4bb5mQeNI,Sea Shells Beach Resort Kavaratti,10.5507639,72.625526,beaches,N/A,2025-01-26,N/A,N/A,Lakshadweep
ChIJVdVrCvmMnjsR_J1G68mIfeQ,Bangaram Atoll,10.9364592,72.2881907,beaches,N/A,2025-01-26,N/A,N/A,Lakshadweep
ChIJbWQE1FKInjsRbthV6TZagIc,Agatti Island,10.8575607,72.1934421,beaches,N/A,2025-01-26,N/A,N/A,Lakshadweep
ChIJV-u36pZLnjsRGt-bKr2WkUo,Kavaratti Lighthouse,10.5610774,72.6462918,beaches,N/A,2025-01-26,N/A,N/A,Lakshadweep
ChIJIxS6PNBLnjsRAX4EVAV8WiM,Palalam Beach Resort,10.5670839,72.649266,beaches,N/A,2025-01-26,N/A,N/A,Lakshadweep
ChIJ5RdEvzJLnjsRCOPhPYpk0_g,"Sunset Photography Point, Kavaratti",10.5414954,72.6185641,beaches,N/A,2025-01-26,N/A,N/A,Lakshadweep
ChIJAbzr09mMnjsR6zvT3bq_lzM,Thinnakkara Island,10.9475166,72.3188265,beaches,N/A,2025-01-26,N/A,N/A,Lakshadweep
ChIJ9aeXgdeMnjsR3a_iSOOJDkU,Tinnakara,10.9470893,72.318533,beaches,N/A,2025-01-26,N/A,N/A,Lakshadweep
ChIJmfI6m7WJnjsRBcx8KPhMkiY,Agatti Beach Volleyball Court,10.8784537,72.2017417,beaches,N/A,2025-01-26,N/A,N/A,Lakshadweep
ChIJOXjAJQCJnjsRKdcvVwwzvjQ,THENGODAM BEACH VILAA,10.8686402,72.19433819999999,beaches,N/A,2025-01-26,N/A,N/A,Lakshadweep
ChIJ24OQTwCJnjsRP7TEvDqbP4w,Sahakar Beach Resort,10.8575607,72.1934421,beaches,N/A,2025-01-26,N/A,N/A,Lakshadweep
ChIJsUvYVgBLnjsR-cv7IGg5jXg,Sk paradise beach resort,10.5696738,72.6494242,beaches,N/A,2025-01-26,N/A,N/A,Lakshadweep
ChIJ53k_GgCJnjsRkDH7c08FBFs,SN BEACH HOME STAY,10.8711044,72.1954939,beaches,N/A,2025-01-26,N/A,N/A,Lakshadweep
ChIJkf1cf-lLnjsR5DT_den9a9U,Kavaratti,10.56507,72.64172649999999,beaches,N/A,2025-01-26,N/A,N/A,Lakshadweep
ChIJVVVVVepLnjsRDSiwWP_3mL4,Heavens Treat Beach Restaurant,10.5477914,72.62355529999999,beaches,N/A,2025-01-26,N/A,N/A,Lakshadweep
ChIJIcAEiDGNnjsRq_sVh5xtyVA,"Praveg Atoll's Lakshadweep, Bangaram",10.9408288,72.2891947,beaches,N/A,2025-01-26,N/A,N/A,Lakshadweep
ChIJ_b2uNwCJnjsRYxMC1nQ4QuQ,Safari beach homestay,10.871328,72.20429399999999,beaches,N/A,2025-01-26,N/A,N/A,Lakshadweep
ChIJK_sZAACJnjsRbymDJ44b3HU,Silver Beach Hotel,10.8476768,72.1884608,beaches,N/A,2025-01-26,N/A,N/A,Lakshadweep
ChIJJbTXKMJLnjsRMTumGtUuwgQ,Childrens Park,10.5542331,72.6325233,parks,N/A,2025-01-26,N/A,N/A,Lakshadweep
ChIJRZWgDIlLnjsR_RM8oPCZKlc,Muttiyar Beach മുട്ടിയാർ ബീച്ച്.,10.5758146,72.64623639999999,parks,N/A,2025-01-26,N/A,N/A,Lakshadweep
ChIJ81kPesWJnjsRqeTFA3QpugM,Branching Coral Colony,10.8691654,72.1901761,parks,N/A,2025-01-26,N/A,N/A,Lakshadweep
ChIJjU0VPwCNnjsRo8RVI5AdRzk,Aleti Surachith Reddy Beach,10.9431685,72.312698,parks,N/A,2025-01-26,N/A,N/A,Lakshadweep
ChIJdYECTABLnjsR8td1X8DDoFY,Kavaratti Sunrise Point Park,10.5771319,72.64287929999999,parks,N/A,2025-01-26,N/A,N/A,Lakshadweep
ChIJH4GQewCNnjsRGId2CM3AE1I,Thinnakra Beach,10.9427518,72.3134745,parks,N/A,2025-01-26,N/A,N/A,Lakshadweep
ChIJ56GdFQBLnjsRg5u4azfJn3Q,Unjil ulla sthalam chill sheevam,10.5735316,72.6384775,parks,N/A,2025-01-26,N/A,N/A,Lakshadweep
ChIJ9a5h2f-MnjsRdDtWKEI7Bvg,"Sand Bank, Bangaram",10.947692,72.2872472,parks,N/A,2025-01-26,N/A,N/A,Lakshadweep
ChIJR9Eus-pLnjsRzXJ_4L_QgFw,Botanical Garden,10.5576461,72.63873699999999,parks,N/A,2025-01-26,N/A,N/A,Lakshadweep
ChIJaRFXOQCJnjsRzkzoDSMjlgY,Blue tide watersports,10.8492427,72.18950579999999,parks,N/A,2025-01-26,N/A,N/A,Lakshadweep
ChIJo6nR4IwfnjsRkFWJ_MSQunU,Konas garden,10.130595,72.32878199999999,parks,N/A,2025-01-26,N/A,N/A,Lakshadweep
ChIJ7aP33a5LnjsR4J32Ld_7UTw,Gajendra potdar,10.558673,72.63295579999999,parks,N/A,2025-01-26,N/A,N/A,Lakshadweep
ChIJITaA2dRLnjsRKthlJ-4lMp4,Manga Thottam (Mango Gardens),10.5678014,72.6453466,parks,N/A,2025-01-26,N/A,N/A,Lakshadweep
ChIJ_9GTBxVLnjsRsf8TSotjaME,Paradise Island Hut kavaratti,10.5723342,72.6380999,parks,N/A,2025-01-26,N/A,N/A,Lakshadweep
ChIJSw3A54pLnjsRKOETaVE0uW8,Marine Aquarium and Museum,10.5764466,72.64026249999999,parks,N/A,2025-01-26,N/A,N/A,Lakshadweep
ChIJfR8bi8D1dTsRcRY9_Ez9tzM,Valiyakkara Island,10.1287253,72.32885399999999,parks,N/A,2025-01-26,N/A,N/A,Lakshadweep
ChIJ5YPRJABLnjsRydKvTD_p5gI,Guravarettiyurr,10.5593204,72.63581340000002,parks,N/A,2025-01-26,N/A,N/A,Lakshadweep
ChIJvS2b7TxLnjsRSakm5r9-qUM,Solar park,10.5417298,72.6177014,parks,N/A,2025-01-26,N/A,N/A,Lakshadweep
ChIJ9X_1wa6JnjsRhKFvLBjXR2Y,Mohammed Saleem,10.8622241,72.19418859999999,parks,N/A,2025-01-26,N/A,N/A,Lakshadweep
ChIJSw3A54pLnjsRKOETaVE0uW8,Marine Aquarium and Museum,10.5764466,72.64026249999999,museum,N/A,2025-01-26,N/A,N/A,Lakshadweep
ChIJ9xTwYVFLnjsRQ4KxUEEPg1g,The Kavaratti Museum & Planetarium,10.5547655,72.6301639,museum,N/A,2025-01-26,N/A,N/A,Lakshadweep
ChIJPVqXGLSJnjsRi2K7grXPB8U,"The Agatti Golden Jubilee Museum - Lakshadweep Islands, India",10.8666573,72.1944754,museum,N/A,2025-01-26,N/A,N/A,Lakshadweep
ChIJ23utBMtLnjsRGFmKuYeuw2Q,Garox Kingdom,10.5593204,72.63581340000002,museum,N/A,2025-01-26,N/A,N/A,Lakshadweep
ChIJV1guGuzr4TgRA3lmAGqipwQ,Yousmarg,33.8315828,74.6644026,attraction,N/A,2025-01-26,N/A,N/A,Jammu and Kashmir
ChIJ-Z4qeA7A4TgRIDfaHav0TuM,Doodhpathri,33.8635025,74.5686722,attraction,N/A,2025-01-26,N/A,N/A,Jammu and Kashmir
ChIJ72mquC2v4TgR-s-udnub1jI,Strawberry Valley,34.0689216,74.3734221,attraction,N/A,2025-01-26,N/A,N/A,Jammu and Kashmir
ChIJYXcM6ZM_4jgRHZ5Da9nhVG4,Baisaran Valley,34.0043749,75.3321035,attraction,N/A,2025-01-26,N/A,N/A,Jammu and Kashmir
ChIJVSsFAyel4TgRmKQWZ7Yu440,Drung Waterfall,34.0383937,74.407286,attraction,N/A,2025-01-26,N/A,N/A,Jammu and Kashmir
ChIJM_X0TKWI4TgROXG94YYSHgQ,Chashme Shahi Garden,34.0858864,74.8869056,attraction,N/A,2025-01-26,N/A,N/A,Jammu and Kashmir
ChIJIduDfRc14jgRI958gsvUxl4,Thajiwas Glacier,34.3031616,75.293111,attraction,N/A,2025-01-26,N/A,N/A,Jammu and Kashmir
ChIJg3X_tew_4jgRtKtB86YKl_E,Lavender park,34.0181247,75.3135404,attraction,N/A,2025-01-26,N/A,N/A,Jammu and Kashmir
ChIJS8xWWAk_4jgR1TctJIQok60,Lidder Amusement Park,34.0226812,75.3118818,attraction,N/A,2025-01-26,N/A,N/A,Jammu and Kashmir
ChIJO2trb9KP4TgR-XXD40qDm1w,Dalgate,34.0806838,74.8284223,attraction,N/A,2025-01-26,N/A,N/A,Jammu and Kashmir
ChIJtz3uufaF4TgRwxpumBiUDUU,Badam Wari Park,34.1090997,74.82079449999999,attraction,N/A,2025-01-26,N/A,N/A,Jammu and Kashmir
ChIJlU-i3x6H4TgRhTAlAJ4yYwE,Nishat Garden,34.1248531,74.88006829999999,attraction,N/A,2025-01-26,N/A,N/A,Jammu and Kashmir
ChIJs8NVI3GG4TgRlOTwP4_3P_0,Shah Kashmir Arts Emporium,34.1229156,74.8793917,attraction,N/A,2025-01-26,N/A,N/A,Jammu and Kashmir
ChIJSUUJTmeP4TgROO0LjfGub00,Zabarwan Park زبرون پارک,34.0860072,74.8497993,attraction,N/A,2025-01-26,N/A,N/A,Jammu and Kashmir
ChIJDcLRROmG4TgRhqqjUeSPOxE,Harwan Garden,34.158183,74.90208650000001,attraction,N/A,2025-01-26,N/A,N/A,Jammu and Kashmir
ChIJjeijtks14jgRpYFYOcCk9LI,Krishnasar lake,34.3031616,75.293111,attraction,N/A,2025-01-26,N/A,N/A,Jammu and Kashmir
ChIJ110udd2P4TgR2IfF3270P7g,Jhelum Rajbagh Riverfront,34.0705232,74.81814580000001,attraction,N/A,2025-01-26,N/A,N/A,Jammu and Kashmir
ChIJk1C58M2H4TgR3k8OaUUVf0Y,KASHMIR PLACES,34.1219225,74.8801922,attraction,N/A,2025-01-26,N/A,N/A,Jammu and Kashmir
ChIJEUTUEdav4TgRUpKYKcGaHCo,Kongdoori Phase 1,34.0326375,74.3669531,attraction,N/A,2025-01-26,N/A,N/A,Jammu and Kashmir
ChIJz9NFLwA14jgRe3_0DddDgtA,Srinagar to Sonamarg,34.3031616,75.293111,attraction,N/A,2025-01-26,N/A,N/A,Jammu and Kashmir
ChIJsXfqMgKv4TgRuBtrFiApTyA,Buta Pathri,34.0610343,74.378986,attraction,N/A,2025-01-26,N/A,N/A,Jammu and Kashmir
ChIJrSvr5ieE4TgRPZBfa0LuH_0,Shalimar Garden,34.1495248,74.87292459999999,attraction,N/A,2025-01-26,N/A,N/A,Jammu and Kashmir
ChIJh2ZbIlo_4jgRR4lcUXMht7c,"Mini Switzerland, Baisaran, Pahalgam",34.0031111,75.33425679999999,attraction,N/A,2025-01-26,N/A,N/A,Jammu and Kashmir
ChIJdwAITzOF4TgRi8rMAlEhWKI,Wonderlust,34.1386653,74.80916669999999,attraction,N/A,2025-01-26,N/A,N/A,Jammu and Kashmir
ChIJU8m8l85v4TgRThIHr3WD7fU,AthwatooTourist point,34.4923376,74.70267,attraction,N/A,2025-01-26,N/A,N/A,Jammu and Kashmir
ChIJsU5ampc_4jgROb-1HGeIWwE,Lidder valley,34.0170181,75.32434169999999,attraction,N/A,2025-01-26,N/A,N/A,Jammu and Kashmir
ChIJI7OGp7OI4TgRw7xBy0TCdyE,Pari Mahal,34.0811939,74.877152,attraction,N/A,2025-01-26,N/A,N/A,Jammu and Kashmir
ChIJtfkk8omP4TgRLs-5ZCteNmw,Selfie Point #KASHMIR,34.0706002,74.8185853,attraction,N/A,2025-01-26,N/A,N/A,Jammu and Kashmir
ChIJ03maEgDr4TgRbJjSHBFC8CE,Sunset Viewing Point,33.8336467,74.6670398,attraction,N/A,2025-01-26,N/A,N/A,Jammu and Kashmir
ChIJ_wsgts3r4TgREKqZ-LN3PDs,AdvenTour EcoTourism Village,33.8718506,74.6602882,attraction,N/A,2025-01-26,N/A,N/A,Jammu and Kashmir
ChIJ6cgJqu6P4TgRmloCzgazE_k,Shankaracharya View point,34.078706,74.8398764,attraction,N/A,2025-01-26,N/A,N/A,Jammu and Kashmir
ChIJYxqhKz6P4TgRJJ_7Fq0Rjg4,Jammu and Kashmir,34.0787974,74.80066719999999,attraction,N/A,2025-01-26,N/A,N/A,Jammu and Kashmir
ChIJuauJeqGP4TgR1bOBwHGIgvw,Dal lake,34.0873603,74.831378,attraction,N/A,2025-01-26,N/A,N/A,Jammu and Kashmir
ChIJgfTvSP3r4TgRlgfdbQZxF9Y,Birding Point,33.8349805,74.663276,attraction,N/A,2025-01-26,N/A,N/A,Jammu and Kashmir
ChIJpQ_2MROF4TgRtiHlQjnrAAw,Sangeen darwaza,34.1092443,74.81067139999999,attraction,N/A,2025-01-26,N/A,N/A,Jammu and Kashmir
ChIJI38typeP4TgRNm5EWlPHqPA,SPS Museum,34.0668125,74.8130156,attraction,N/A,2025-01-26,N/A,N/A,Jammu and Kashmir
ChIJSWJGbgDv4TgRV2-mCvh7RaE,"Bijbreod,spring",33.7376328,74.6983667,attraction,N/A,2025-01-26,N/A,N/A,Jammu and Kashmir
ChIJIZ8HgiQ14jgRW6V5UHWHI40,"View Point, Jammu and Kashmir Tourism",34.3010382,75.2928639,attraction,N/A,2025-01-26,N/A,N/A,Jammu and Kashmir
ChIJeXjuMVl54TgRVNOx9VHJ7QQ,Rafting Point,34.2820886,74.8517518,attraction,N/A,2025-01-26,N/A,N/A,Jammu and Kashmir
ChIJz628G3aF4TgROPC9dL1aSGU,Nature Lover Point,34.1028206,74.81317059999999,attraction,N/A,2025-01-26,N/A,N/A,Jammu and Kashmir
ChIJ7TEkMfuP4TgRYcLDsuhuBmM,Tour Travel and Adventure,34.0844,74.8086734,attraction,N/A,2025-01-26,N/A,N/A,Jammu and Kashmir
ChIJlyANGkPJ4TgRW0QIHvBcC8A,Tourist Place Danna,33.8391277,74.33571289999999,attraction,N/A,2025-01-26,N/A,N/A,Jammu and Kashmir
ChIJm4zKSP0P4TgR0tcp8SMkhLw,View Point Marbal,34.3832176,74.4441107,attraction,N/A,2025-01-26,N/A,N/A,Jammu and Kashmir
ChIJC3BLQQDB4TgRfe5Nx_9fOAA,Doudpather دودپتھری,33.849033,74.5672526,attraction,N/A,2025-01-26,N/A,N/A,Jammu and Kashmir
ChIJUzLOunS_4TgR8aNQuhBTw7o,Tosmodaan tourist attraction and view point,33.9140816,74.5100203,attraction,N/A,2025-01-26,N/A,N/A,Jammu and Kashmir
ChIJCzuqGvYV4TgRY59CBTvqaXw,Lashkoot,34.5124695,74.55284139999999,attraction,N/A,2025-01-26,N/A,N/A,Jammu and Kashmir
ChIJwa69LyCF4TgRZqLkkwypjFs,Tailbal Secret ViewPoint,34.1472096,74.8472015,attraction,N/A,2025-01-26,N/A,N/A,Jammu and Kashmir
ChIJlWG4CPZ34TgRvplTxr63AyE,Trag Tourist Place LRP,34.2856414,74.7104702,attraction,N/A,2025-01-26,N/A,N/A,Jammu and Kashmir
ChIJtbsCeQl14TgR2VHG3b8LKtY,Asham bridge,34.2479934,74.6239971,attraction,N/A,2025-01-26,N/A,N/A,Jammu and Kashmir
ChIJUYC5WaDB4TgRU-qeEY3I_3Q,VIEW POINT,33.8730206,74.5784797,attraction,N/A,2025-01-26,N/A,N/A,Jammu and Kashmir
ChIJpxoorN-v4TgRq3uvnidzQXI,Gulmarg Tourist Spot,34.05289580000001,74.3982054,attraction,N/A,2025-01-26,N/A,N/A,Jammu and Kashmir
ChIJ693VEHTN4TgRcq0GIm4F12A,Jabbi Top,33.7506236,74.28244389999999,attraction,N/A,2025-01-26,N/A,N/A,Jammu and Kashmir
ChIJwVm7G2-l4TgRFKaCajYo8dY,Ziyarat Bridge,34.0489809,74.42027759999999,attraction,N/A,2025-01-26,N/A,N/A,Jammu and Kashmir
ChIJ096otcQ_4jgR_5RtSEJ5F4g,Manoj Pahalgam,34.0112969,75.3169319,attraction,N/A,2025-01-26,N/A,N/A,Jammu and Kashmir
ChIJg2ccSM-n4TgRwAqPkZD6pz4,Darwa wagoora,34.1549194,74.4152278,attraction,N/A,2025-01-26,N/A,N/A,Jammu and Kashmir
ChIJcRYIqtY_4jgRnhsdIOJ8XrM,Baisaran Zipline Adventure,34.003389,75.3335718,attraction,N/A,2025-01-26,N/A,N/A,Jammu and Kashmir
ChIJP9Tg_As_4jgRusev8hbZ2eI,Two falls,34.0529375,75.2925625,attraction,N/A,2025-01-26,N/A,N/A,Jammu and Kashmir
ChIJRRQw7DmF4TgRTn7UMWXpnyk,Makedtoperfection,34.1304094,74.8426494,attraction,N/A,2025-01-26,N/A,N/A,Jammu and Kashmir
ChIJWR66YSg_4jgRqx007I4Z1Zc,Chandanwari Baba Amarnath Trackin point,34.0144777,75.3187149,attraction,N/A,2025-01-26,N/A,N/A,Jammu and Kashmir
ChIJMfLGdZ0R4TgRvevOTHd3KYQ,Nagmarg,34.4709375,74.4981875,attraction,N/A,2025-01-26,N/A,N/A,Jammu and Kashmir
ChIJQb6Zi-w_4jgRtJN_vpvbqWo,Beach Resort Pahalgam,34.0261847,75.3194687,beaches,N/A,2025-01-26,N/A,N/A,Jammu and Kashmir
ChIJH2lK2FqF4TgR58NPtaZCyVs,BEACH FRONT TOURS,34.0985114,74.8242102,beaches,N/A,2025-01-26,N/A,N/A,Jammu and Kashmir
ChIJqe9PI7GP4TgRYvr3waGJ9AI,Sureshwari Dal Lake,34.0853125,74.8624375,beaches,N/A,2025-01-26,N/A,N/A,Jammu and Kashmir
ChIJmWOX0xF94TgR8QL1_osGojM,Nund Kol,34.4180251,74.9357204,beaches,N/A,2025-01-26,N/A,N/A,Jammu and Kashmir
ChIJGwoGwAmF4TgRQuQNV3Uf8xA,German island,34.107139,74.8619483,beaches,N/A,2025-01-26,N/A,N/A,Jammu and Kashmir
ChIJOaTkmKE_4jgRLMo1KzU4SuU,Moon View Resorts Pahalgam,33.9166125,75.282595,beaches,N/A,2025-01-26,N/A,N/A,Jammu and Kashmir
ChIJDV33uWWP4TgRGtbpzzFLX60,Shankaracharya Reserved Forest,34.0789151,74.84340259999999,beaches,N/A,2025-01-26,N/A,N/A,Jammu and Kashmir
ChIJRZG_YUk54jgRBfZGnvBUecw,Kashmir Outlook Adventures,34.0915082,75.2632666,beaches,N/A,2025-01-26,N/A,N/A,Jammu and Kashmir
ChIJ5eUHjoeP4TgR1bcgs48iPes,Hotel Sindh Resorts,34.3040689,75.2846643,beaches,N/A,2025-01-26,N/A,N/A,Jammu and Kashmir
ChIJVSsFAyel4TgRmKQWZ7Yu440,Drung Waterfall,34.0383937,74.407286,beaches,N/A,2025-01-26,N/A,N/A,Jammu and Kashmir
ChIJb_A-6Mg_4jgRVPnqwWoQ8uM,Wind rush,34.026665,75.3186247,beaches,N/A,2025-01-26,N/A,N/A,Jammu and Kashmir
ChIJ89JwbwWP4TgRYayNCSRPF48,Nehru park,34.0848783,74.8375211,beaches,N/A,2025-01-26,N/A,N/A,Jammu and Kashmir
ChIJS8xWWAk_4jgR1TctJIQok60,Lidder Amusement Park,34.0226812,75.3118818,beaches,N/A,2025-01-26,N/A,N/A,Jammu and Kashmir
ChIJz94XJo0P4jgRi553D9OYlaU,Vollyball Court Magraypora,33.7066032,75.2159271,beaches,N/A,2025-01-26,N/A,N/A,Jammu and Kashmir
ChIJY2RA-18_4jgR5FeOlf7OPSY,Sonsar Guest house,34.0260536,75.3196045,beaches,N/A,2025-01-26,N/A,N/A,Jammu and Kashmir
ChIJTbZqaI334TgRN6POKDykNJs,Friends ARIHAL,33.8145987,74.8893106,beaches,N/A,2025-01-26,N/A,N/A,Jammu and Kashmir
ChIJgVC1epuj4TgRb4Ke3MYIVfs,Go For Trip Kashmir,34.08359,74.5011593,beaches,N/A,2025-01-26,N/A,N/A,Jammu and Kashmir
ChIJ1fj_vwqP4TgRtBO8pJEgsBc,Regenta Central,34.068003,74.8252084,beaches,N/A,2025-01-26,N/A,N/A,Jammu and Kashmir
ChIJUaAN7QWF4TgRCr0c43k5a1c,Takeoff travela,34.1083337,74.8106157,beaches,N/A,2025-01-26,N/A,N/A,Jammu and Kashmir
ChIJAZiddYSP4TgR7hREynmJOy4,Kashmir Hilltown,34.0814727,74.8220663,beaches,N/A,2025-01-26,N/A,N/A,Jammu and Kashmir
ChIJjdjhEUCF4TgR6YYA0waYOQc,Holiday clap tour and travels,34.1768046,74.855284,beaches,N/A,2025-01-26,N/A,N/A,Jammu and Kashmir
ChIJtdlG4d0_4jgRAWim1sZQuMs,River Retreat,34.0284724,75.3185417,beaches,N/A,2025-01-26,N/A,N/A,Jammu and Kashmir
ChIJw2SO8gcV4jgRugladGBBUMY,Batkot,33.9393975,75.295298,beaches,N/A,2025-01-26,N/A,N/A,Jammu and Kashmir
ChIJq5quQHyP4TgRzx8BEX9W_n8,New Lucky Flower House Boat Kashmir,34.0873426,74.8352783,beaches,N/A,2025-01-26,N/A,N/A,Jammu and Kashmir
ChIJm1VVhWuP4TgRL4_QZIwqaMg,Peakmark Adventures,34.0755032,74.8330064,beaches,N/A,2025-01-26,N/A,N/A,Jammu and Kashmir
ChIJLSiP278I4TgRrewap9w4O_E,Mazbugh,34.2782672,74.4276478,beaches,N/A,2025-01-26,N/A,N/A,Jammu and Kashmir
ChIJFyk6fhyF4TgRgToZ4Yk7--Y,Kashmir Walks & Beyond,34.0983769,74.81081329999999,beaches,N/A,2025-01-26,N/A,N/A,Jammu and Kashmir
ChIJRRz1zDoP4jgRW76gHNjHkXs,Travelan Experiencial Holidays,33.7888043,75.2430122,beaches,N/A,2025-01-26,N/A,N/A,Jammu and Kashmir
ChIJ5bu43n6R4TgR74Q63EGjrt4,Luna Holidays Kashmir,34.0548688,74.74627939999999,beaches,N/A,2025-01-26,N/A,N/A,Jammu and Kashmir
ChIJ_zWr3Z6P4TgRT0GJM_JYXt4,Dhruzbha Tours And Travels,34.0090619,74.8275105,beaches,N/A,2025-01-26,N/A,N/A,Jammu and Kashmir
ChIJzz5UtraP4TgRDzrxBPaDTqs,DECATHLON SRINAGAR,34.0711744,74.80903909999999,beaches,N/A,2025-01-26,N/A,N/A,Jammu and Kashmir
ChIJ7frCVOuP4TgRBdaSoZ5r7e4,Bombay Dyeing,34.0698738,74.8040216,beaches,N/A,2025-01-26,N/A,N/A,Jammu and Kashmir
ChIJKa6pbJqP4TgRkJ-FGHgjxr0,"Prestige Xcluisve - New Habba Kadal, Srinagar",34.0815327,74.80490790000002,beaches,N/A,2025-01-26,N/A,N/A,Jammu and Kashmir
ChIJFTJlTwAd4TgRQuBGMuN6PHM,Goa beach HANDWARA,34.396054,74.283341,beaches,N/A,2025-01-26,N/A,N/A,Jammu and Kashmir
ChIJVSsFAyel4TgRmKQWZ7Yu440,Drung Waterfall,34.0383937,74.407286,waterfalls,N/A,2025-01-26,N/A,N/A,Jammu and Kashmir
ChIJoXAcQ_su4jgRkAlRgZEnEzk,Sonmasti Waterfall,34.172558,75.0974112,waterfalls,N/A,2025-01-26,N/A,N/A,Jammu and Kashmir
ChIJHchgyqr84TgRYu17wTPo25E,Aharbal Waterfall,33.6490517,74.783439,waterfalls,N/A,2025-01-26,N/A,N/A,Jammu and Kashmir
ChIJlYyFY5qd4TgRgQdhstcQQ1A,Waterfall Ganderbal,34.2274375,74.7763125,waterfalls,N/A,2025-01-26,N/A,N/A,Jammu and Kashmir
ChIJYXXTLXkj4jgRjpMPsSsUXwk,Lam Waterfall,34.0182358,75.11043719999999,waterfalls,N/A,2025-01-26,N/A,N/A,Jammu and Kashmir
ChIJ-xwzoHel4TgRN_g-IzzLvGQ,Shrunz Waterfall,34.0608525,74.4247164,waterfalls,N/A,2025-01-26,N/A,N/A,Jammu and Kashmir
ChIJ4eudxDt_4TgR_8X_w7ac5tg,Barwalla waterfall,34.2809375,74.8974375,waterfalls,N/A,2025-01-26,N/A,N/A,Jammu and Kashmir
ChIJFX0ZO4ev4TgRR7U5xBXBBRk,Srunz Waterfall,34.096267,74.37682210000001,waterfalls,N/A,2025-01-26,N/A,N/A,Jammu and Kashmir
ChIJfwJEUHGr4TgRGJyKEn-jZds,Namblan WaterFall Namblan,34.1366702,74.30331819999999,waterfalls,N/A,2025-01-26,N/A,N/A,Jammu and Kashmir
ChIJ5T-2wSuu4TgRVPPtDrGemFA,Waterfall,34.0325785,74.3544173,waterfalls,N/A,2025-01-26,N/A,N/A,Jammu and Kashmir
ChIJS0sjBSnJ4TgRC-4CbGVtwsE,Nandi chool Waterfall,33.8470625,74.37481249999999,waterfalls,N/A,2025-01-26,N/A,N/A,Jammu and Kashmir
ChIJQ24NtOgB4jgR5q1GCC1AlYs,WATERFALL Kahrote,33.6619375,75.00881249999999,waterfalls,N/A,2025-01-26,N/A,N/A,Jammu and Kashmir
ChIJbeBt2hgR4jgRYxpa5nTMaEQ,Waterfall liver,33.863211,75.235371,waterfalls,N/A,2025-01-26,N/A,N/A,Jammu and Kashmir
ChIJdx4lHK914TgRM7xS9aV59k0,Dudnaar Waterfall,34.2868802,74.6821427,waterfalls,N/A,2025-01-26,N/A,N/A,Jammu and Kashmir
ChIJp4f2Io6D4TgRbFLXrnQI_D0,Dignibal water fall,34.2207747,74.8518679,waterfalls,N/A,2025-01-26,N/A,N/A,Jammu and Kashmir
ChIJg8AdOZe_4TgR-TpZAfyWgC0,Waterfall Arizal,33.9246278,74.5912641,waterfalls,N/A,2025-01-26,N/A,N/A,Jammu and Kashmir
ChIJIXq1FBr94TgRW6SEirH-zJI,Adabal Waterfall,33.6516601,74.8327544,waterfalls,N/A,2025-01-26,N/A,N/A,Jammu and Kashmir
ChIJ7V6If3sD4jgRqYE-qxPwoIQ,Kanjikulla Waterfall,33.7314733,75.0140567,waterfalls,N/A,2025-01-26,N/A,N/A,Jammu and Kashmir
ChIJ-0xfGHMV4TgRQLL3ifYWlgI,Affan Waterfall,34.5180212,74.5004569,waterfalls,N/A,2025-01-26,N/A,N/A,Jammu and Kashmir
ChIJ-1V9SjiG4TgRdeLeNOn8wN8,Zabarvan Falls,34.1184176,74.9076793,waterfalls,N/A,2025-01-26,N/A,N/A,Jammu and Kashmir
ChIJdVykGYOp4TgRvgRWRkCJPIk,Mithwayan water fall,34.1782045,74.3230158,waterfalls,N/A,2025-01-26,N/A,N/A,Jammu and Kashmir
ChIJy3bb5P-34TgRZdnYUovpu0c,Jamia waterfall,33.8932583,74.3463429,waterfalls,N/A,2025-01-26,N/A,N/A,Jammu and Kashmir
ChIJ4w2Nk8UR4jgRyy_M61vJNh0,Waterfall Kathsu,33.8543852,75.2332847,waterfalls,N/A,2025-01-26,N/A,N/A,Jammu and Kashmir
ChIJ-2FE6pm34TgRUzu0N5P-HwY,Sathraban waterfall,33.8846176,74.326398,waterfalls,N/A,2025-01-26,N/A,N/A,Jammu and Kashmir
ChIJHxirOu8P4TgRbQCvW65HzJE,HARDUSHIVA WATERFALL,34.3815012,74.4491255,waterfalls,N/A,2025-01-26,N/A,N/A,Jammu and Kashmir
ChIJV78oHXx_4TgRaOlRK18bkno,Famous Yari Waterfall,34.281004,74.8974714,waterfalls,N/A,2025-01-26,N/A,N/A,Jammu and Kashmir
ChIJ2RiPLyj74TgRHU314EKvQzo,Waterfall View Point,33.6562703,74.7837247,waterfalls,N/A,2025-01-26,N/A,N/A,Jammu and Kashmir
ChIJ38lkME-34TgRHAQ36cuwvHs,Pine wood waterfall,33.88453880000001,74.3268224,waterfalls,N/A,2025-01-26,N/A,N/A,Jammu and Kashmir
ChIJycRqP3I_4jgRAby_QHAsGK8,Water fall,33.9911088,75.3301218,waterfalls,N/A,2025-01-26,N/A,N/A,Jammu and Kashmir
ChIJoQimfUqr4TgRxlH8RUVHngA,Namblan Waterfall Road,34.1794375,74.2945625,waterfalls,N/A,2025-01-26,N/A,N/A,Jammu and Kashmir
ChIJZf8Jvoy_4TgRXoSUOb_p6_I,Sukhnag Waterfall,33.88482190000001,74.57387969999999,waterfalls,N/A,2025-01-26,N/A,N/A,Jammu and Kashmir
ChIJ6wUHW7y34TgR0eQZAEsGU9c,Toulala Waterfall,33.8911354,74.34334849999999,waterfalls,N/A,2025-01-26,N/A,N/A,Jammu and Kashmir
ChIJMReleNsH4TgRL3f0KIdu8YA,Gratnar waterfall,34.2167023,74.3158227,waterfalls,N/A,2025-01-26,N/A,N/A,Jammu and Kashmir
ChIJg2dFEBHF4TgRwnlVv38IgqE,Jedha waterfall,33.7365612,74.4525627,waterfalls,N/A,2025-01-26,N/A,N/A,Jammu and Kashmir
ChIJOc9GYQAj4jgR_GDKlBlyWqE,WATERFALL DUDHKULLEN,33.986828,75.1178548,waterfalls,N/A,2025-01-26,N/A,N/A,Jammu and Kashmir
ChIJhTR_jRTJ4TgRZTFkqk1sHtc,Mini Waterfall Loran,33.8479047,74.3461994,waterfalls,N/A,2025-01-26,N/A,N/A,Jammu and Kashmir
ChIJC_0TfwDb4TgRRkRAt1FIOsA,Panar Waterfall,33.644413,74.4342563,waterfalls,N/A,2025-01-26,N/A,N/A,Jammu and Kashmir
ChIJ27JoAAuH4TgR7dSO-FLbKis,Dara water place,34.162629,74.891897,waterfalls,N/A,2025-01-26,N/A,N/A,Jammu and Kashmir
ChIJ_32nNwDF4zgRlTgJD3M4kPw,Prateek Matoria’s waterfall,34.5050351,75.2340297,waterfalls,N/A,2025-01-26,N/A,N/A,Jammu and Kashmir
ChIJUfUd-7d54TgRn76YPNP_v4Q,WATER FALL preng,34.2732373,74.8732162,waterfalls,N/A,2025-01-26,N/A,N/A,Jammu and Kashmir
ChIJDSwYMoI54jgRqIWK40HUBHs,KATAR FALLS,34.1140625,75.2963125,waterfalls,N/A,2025-01-26,N/A,N/A,Jammu and Kashmir
ChIJ8UddA2yr4TgRPXGEHFZQTys,BATINSAR PARK,34.138602,74.3049697,waterfalls,N/A,2025-01-26,N/A,N/A,Jammu and Kashmir
ChIJGxcD5Z0t4jgRymQe54mxZv8,Mudrose waterfall,34.2720514,75.07840519999999,waterfalls,N/A,2025-01-26,N/A,N/A,Jammu and Kashmir
ChIJN8fUtNYz4jgRnCRnTbP8_XY,Goat Waterfall,34.3046433,75.2206515,waterfalls,N/A,2025-01-26,N/A,N/A,Jammu and Kashmir
ChIJ3YBsEvoN4jgRyOHVBjk9UvY,Chatpal,33.73307800000001,75.31060599999999,waterfalls,N/A,2025-01-26,N/A,N/A,Jammu and Kashmir
ChIJh4Hgfuyl4TgRDQDnC0W5N4A,Rangmarg View Point,34.0456875,74.42581249999999,waterfalls,N/A,2025-01-26,N/A,N/A,Jammu and Kashmir
ChIJHbw63Nfb4TgRhae85GL8bjE,Drag Bari Waterfall,33.63910740000001,74.4332106,waterfalls,N/A,2025-01-26,N/A,N/A,Jammu and Kashmir
ChIJ2UzGx_u74TgREaJrGhrffsI,Gogaldara Chill Point,34.01808630000001,74.46910989999999,waterfalls,N/A,2025-01-26,N/A,N/A,Jammu and Kashmir
ChIJez4CtQ4z4jgR92iNnNKWGyI,Kijpora Kangan ganderbal waterfall,34.294644,75.216892,waterfalls,N/A,2025-01-26,N/A,N/A,Jammu and Kashmir
ChIJ5RLHXQAN4TgRPO8GseHzyMw,Waterfall,34.3681088,74.5161284,waterfalls,N/A,2025-01-26,N/A,N/A,Jammu and Kashmir
ChIJ4xdKrgyl4TgRY5MnC4ZM-x0,Aadil's Heaven,34.04408050000001,74.4305803,waterfalls,N/A,2025-01-26,N/A,N/A,Jammu and Kashmir
ChIJdzU3eXmn4TgR4cqe8ADke_Y,WaterFall Kawacheck,34.1555445,74.45300859999999,waterfalls,N/A,2025-01-26,N/A,N/A,Jammu and Kashmir
ChIJ4ZpP-i3B4TgRPowGVQ0WVQw,Doodhpathri river view,33.8483948,74.5672221,waterfalls,N/A,2025-01-26,N/A,N/A,Jammu and Kashmir
ChIJXz-TdQAX4TgRXMTAX_4nlWo,Afwan waterfall,34.4933739,74.4932934,waterfalls,N/A,2025-01-26,N/A,N/A,Jammu and Kashmir
ChIJowNNbA374TgRdxtQKkGRTR8,Hill View Point Aharbal,33.6497936,74.7832435,waterfalls,N/A,2025-01-26,N/A,N/A,Jammu and Kashmir
ChIJL2qNVqar4TgRe4mwdF_I4GI,Namblan to Gulmarg trekking Route,34.142247,74.30872719999999,waterfalls,N/A,2025-01-26,N/A,N/A,Jammu and Kashmir
ChIJ5SYFh5XB4TgRFh6S7YHj5BY,Doodhpathree view point,33.8330923,74.5450433,waterfalls,N/A,2025-01-26,N/A,N/A,Jammu and Kashmir
ChIJ3VlMGgDJ4TgRCQ2DejuihrY,Isa wali,33.8031007,74.3747817,waterfalls,N/A,2025-01-26,N/A,N/A,Jammu and Kashmir
ChIJgRP--2YH4TgRuBf_qrCqr4k,Suspension Bridge Baramula,34.2077557,74.35032489999999,waterfalls,N/A,2025-01-26,N/A,N/A,Jammu and Kashmir
ChIJ18etJLKl4TgRNO-A07UWazA,Ferozpur River,34.0385268,74.4086861,waterfalls,N/A,2025-01-26,N/A,N/A,Jammu and Kashmir
ChIJ5VTWS3SF4TgRLMLvZql4Rbw,Martyrs Park,34.106586,74.82403889999999,parks,N/A,2025-01-26,N/A,N/A,Jammu and Kashmir
ChIJQ9wXFAuF4TgRaqYTgI8lCC8,Jenab Sahib Public Park and Playground,34.1417682,74.7979095,parks,N/A,2025-01-26,N/A,N/A,Jammu and Kashmir
ChIJn4MEb02E4TgRZUrhN90Bzos,Chinar Heritage Park بونۂ باگ,34.13603680000001,74.8399061,parks,N/A,2025-01-26,N/A,N/A,Jammu and Kashmir
ChIJHSIQ4wmF4TgRiA91EE4p3gc,Cherry Park چری پارک,34.1173917,74.8271084,parks,N/A,2025-01-26,N/A,N/A,Jammu and Kashmir
ChIJ2TeKUD2P4TgRhmyfTSsR1lY,BATWARA PUBLIC PARK,34.0601159,74.8512523,parks,N/A,2025-01-26,N/A,N/A,Jammu and Kashmir
ChIJL55EvVqP4TgR_FXHsVre-oE,Nehru Park,34.0902139,74.84576450000002,parks,N/A,2025-01-26,N/A,N/A,Jammu and Kashmir
ChIJoex-B_kH4TgRohvfAigFp98,Zanana and children park old town,34.2146166,74.3409922,parks,N/A,2025-01-26,N/A,N/A,Jammu and Kashmir
ChIJKQg3E2SF4TgRxwWfKRmNvGI,"Eco Park, Foreshore Road",34.1426217,74.8620596,parks,N/A,2025-01-26,N/A,N/A,Jammu and Kashmir
ChIJ06BX4mCP4TgRtBRNl6-md4g,Dalview Park,34.0881417,74.84793309999999,parks,N/A,2025-01-26,N/A,N/A,Jammu and Kashmir
ChIJ8z8f9kGl4TgRkX_tKUYIp8E,Park,34.0583347,74.42329649999999,parks,N/A,2025-01-26,N/A,N/A,Jammu and Kashmir
ChIJ04dfWS-d4TgR3554x2WX2xI,Calm Park,34.2185712,74.7695361,parks,N/A,2025-01-26,N/A,N/A,Jammu and Kashmir
ChIJt6r2jYBt4TgRPokkvuUBznc,Nishat Park نشاط پارک nebripora bandipora,34.4142621,74.6435199,parks,N/A,2025-01-26,N/A,N/A,Jammu and Kashmir
ChIJF8-fKfCR4TgR1N29TWjAwyQ,Park,34.0767218,74.77397049999999,parks,N/A,2025-01-26,N/A,N/A,Jammu and Kashmir
ChIJhbTKrCgR4jgR1b2QZWKEhek,Lavender Park,33.8468382,75.15696249999999,parks,N/A,2025-01-26,N/A,N/A,Jammu and Kashmir
ChIJpSVWFUWb4TgRVhoWxkYvtjI,Khoje park,34.0879765,74.7680347,parks,N/A,2025-01-26,N/A,N/A,Jammu and Kashmir
ChIJMz_hJkmO4TgRzqHOiPOU97k,Gulshan Park گلشن پارک,34.03531,74.8087815,parks,N/A,2025-01-26,N/A,N/A,Jammu and Kashmir
ChIJcVwP6S-P4TgRhd2ZLarSCVo,Abu Bakar Masjid Park مسجد ابوبکر پارک,34.0357887,74.8084332,parks,N/A,2025-01-26,N/A,N/A,Jammu and Kashmir
ChIJ78eljLz74TgR28mapyvWjjI,PADPAWAN PARK,33.6872735,74.78357059999999,parks,N/A,2025-01-26,N/A,N/A,Jammu and Kashmir
ChIJ-TykWC2a4TgR0uHX1pzz-GU,Ali Park,34.1153513,74.6985433,parks,N/A,2025-01-26,N/A,N/A,Jammu and Kashmir
ChIJXwoXWmcJ4TgRU-J_DSEto-Q,Haigam Veer Park,34.2526318,74.4981717,parks,N/A,2025-01-26,N/A,N/A,Jammu and Kashmir
ChIJSz1hq56P4TgRs3tRETigeYg,Jehlum View Park,34.0717118,74.8216064,parks,N/A,2025-01-26,N/A,N/A,Jammu and Kashmir
ChIJSUUJTmeP4TgROO0LjfGub00,Zabarwan Park زبرون پارک,34.0860072,74.8497993,parks,N/A,2025-01-26,N/A,N/A,Jammu and Kashmir
ChIJofXkbfaP4TgRlhS_qTjzCV0,Dachigam National Park,34.1371836,75.03775,parks,N/A,2025-01-26,N/A,N/A,Jammu and Kashmir
ChIJg3X_tew_4jgRtKtB86YKl_E,Lavender park,34.0181247,75.3135404,parks,N/A,2025-01-26,N/A,N/A,Jammu and Kashmir
ChIJoWtTcFd_4TgRejPf9cJS5EQ,Sindh View Environmental Park Kangan Srinagar,34.2731561,74.8849298,parks,N/A,2025-01-26,N/A,N/A,Jammu and Kashmir
ChIJ77ckFXWP4TgRAp12T5dOe0E,River View Park,34.0690606,74.8292377,parks,N/A,2025-01-26,N/A,N/A,Jammu and Kashmir
ChIJw7NkqZiP4TgRY8fDq29Falw,Joggers' Park,34.0668025,74.8210769,parks,N/A,2025-01-26,N/A,N/A,Jammu and Kashmir
ChIJm6vwKyqr4TgRQNS9HmN2rdo,Eco park,34.1940356,74.2977282,parks,N/A,2025-01-26,N/A,N/A,Jammu and Kashmir
ChIJzefan5WP4TgRaoCxhK3X-_Y,Children Park,34.0659631,74.8066626,parks,N/A,2025-01-26,N/A,N/A,Jammu and Kashmir
ChIJN5s37bJz4TgRespD222NXmo,Wular Vantage Park,34.3637921,74.6562275,parks,N/A,2025-01-26,N/A,N/A,Jammu and Kashmir
ChIJO5WmZXkH4TgRX3QQ3sMf1Xs,Gulnar Park Baramulla,34.2093767,74.35416169999999,parks,N/A,2025-01-26,N/A,N/A,Jammu and Kashmir
ChIJ0_z4VyQ_4jgR3e1S2KK0RFU,Island park,34.0108874,75.31526509999999,parks,N/A,2025-01-26,N/A,N/A,Jammu and Kashmir
ChIJc4g__yed4TgRFBd4rAIboyU,QAMARIA PARK,34.2121937,74.7685346,parks,N/A,2025-01-26,N/A,N/A,Jammu and Kashmir
ChIJ-UUJeUcJ4TgR7CxPlZTAlig,Shaheed Akbar Bhai Park,34.2898553,74.4741277,parks,N/A,2025-01-26,N/A,N/A,Jammu and Kashmir
ChIJvfYlmxWF4TgR5nOK_NKLAJU,Ali Park علی پارک,34.1112272,74.8046985,parks,N/A,2025-01-26,N/A,N/A,Jammu and Kashmir
ChIJH7SY4Y4Z4jgRwQ8hxAXB280,DILNAG PARK,33.9266665,75.1194987,parks,N/A,2025-01-26,N/A,N/A,Jammu and Kashmir
ChIJ44eIfh8S4jgR1d_m_UIhIQ0,Midway Park Akad آکڈ پارک,33.8143074,75.2511875,parks,N/A,2025-01-26,N/A,N/A,Jammu and Kashmir
ChIJrdvuA56P4TgRoDqexa_fdAI,Emporium Park امپوریم پارک,34.0723993,74.8269358,parks,N/A,2025-01-26,N/A,N/A,Jammu and Kashmir
ChIJlxfqVIuP4TgRrDXx-swrhs4,Salim Ali National Park,34.080991,74.8040171,parks,N/A,2025-01-26,N/A,N/A,Jammu and Kashmir
ChIJsY8sJsvr4TgRDVDLVJCqJ9c,Yusmarg Park,33.8290831,74.6630538,parks,N/A,2025-01-26,N/A,N/A,Jammu and Kashmir
ChIJNdglkWyR4TgRVwJguj9WeZU,PUBLIC PARK KHANPORA,34.0145367,74.73442969999999,parks,N/A,2025-01-26,N/A,N/A,Jammu and Kashmir
ChIJ61N0Qy2a4TgRMmmj049LGwg,Hussaini Park,34.1151252,74.6977659,parks,N/A,2025-01-26,N/A,N/A,Jammu and Kashmir
ChIJb_wpo9eb4TgRWOgPSzNluWs,MIG Colony Park,34.0890874,74.7694295,parks,N/A,2025-01-26,N/A,N/A,Jammu and Kashmir
ChIJhxs5OmOF4TgRdLxw3QTEC2c,GELANI PARK,34.0911555,74.8147516,parks,N/A,2025-01-26,N/A,N/A,Jammu and Kashmir
ChIJWZ-1iJn14TgREcsk0TQjyuc,Shaheed park Barpora pulwama,33.8887363,74.88353769999999,parks,N/A,2025-01-26,N/A,N/A,Jammu and Kashmir
ChIJyZA6YjE_4jgR0a94feD4f0M,Lidder View Park Pahalgam,34.018696,75.317319,parks,N/A,2025-01-26,N/A,N/A,Jammu and Kashmir
ChIJgUBH5FSP4TgRxtjQbIvcRFM,PARK,34.0303449,74.8084258,parks,N/A,2025-01-26,N/A,N/A,Jammu and Kashmir
ChIJWbEIhbb54TgRX3JXRTzUb5E,Park (Jamia masjid),33.675292,74.90067839999999,parks,N/A,2025-01-26,N/A,N/A,Jammu and Kashmir
ChIJy1S2VB154TgRFex9KTk9MUs,Preng Park پرنگ پارک,34.2743807,74.8701193,parks,N/A,2025-01-26,N/A,N/A,Jammu and Kashmir
ChIJO4uI1KGD4TgRmgE11i4GVgM,Park,34.1984488,74.83033429999999,parks,N/A,2025-01-26,N/A,N/A,Jammu and Kashmir
ChIJr5WxA-ub4TgRng7HRzJnSgg,HIG/MIG PARK,34.090068,74.766395,parks,N/A,2025-01-26,N/A,N/A,Jammu and Kashmir
ChIJlxZVI_SP4TgRetl3qCS03o4,Horticulture Park,34.0817884,74.798795,parks,N/A,2025-01-26,N/A,N/A,Jammu and Kashmir
ChIJ9Xpvt3CF4TgRFDRJTD0gDdc,Makai Park,34.097357,74.8735616,parks,N/A,2025-01-26,N/A,N/A,Jammu and Kashmir
ChIJAYYODbGP4TgRE5RqPqWKMfM,TRC Park,34.0746735,74.82483549999999,parks,N/A,2025-01-26,N/A,N/A,Jammu and Kashmir
ChIJ1YANjt6R4TgRavxexVN1dII,Zehra park (B.Z Park Budgam),34.0265579,74.7218407,parks,N/A,2025-01-26,N/A,N/A,Jammu and Kashmir
ChIJYRYMaiUF4jgRs-d6MloXdVo,Wazir park Anantnag,33.7330841,75.1444623,parks,N/A,2025-01-26,N/A,N/A,Jammu and Kashmir
ChIJi7cal4-F4TgRV04v7woiIt8,Naseem park Hazratbal,34.1326482,74.8417821,parks,N/A,2025-01-26,N/A,N/A,Jammu and Kashmir
ChIJoyx0ARNt4TgRPiGwOfUjhfs,GULSHAN PARK,34.4206578,74.63796339999999,parks,N/A,2025-01-26,N/A,N/A,Jammu and Kashmir
ChIJrbMPGS6F4TgRVvFtrfynDOI,Noorbagh Public Park,34.0959277,74.78316310000001,parks,N/A,2025-01-26,N/A,N/A,Jammu and Kashmir
ChIJh-olgY6F4TgRoPjjpghh9YM,Dull bagh park,34.1410795,74.803463,parks,N/A,2025-01-26,N/A,N/A,Jammu and Kashmir
ChIJI38typeP4TgRNm5EWlPHqPA,SPS Museum,34.0668125,74.8130156,museum,N/A,2025-01-26,N/A,N/A,Jammu and Kashmir
ChIJn6Zq_2eP4TgR-ZcpH3mTg50,Heritage Arts Museum and Hotel,34.0824818,74.8197587,museum,N/A,2025-01-26,N/A,N/A,Jammu and Kashmir
ChIJN7V7V-af4TgR3V7nEzIKJno,Parihaspora Temple Ruins,34.1593671,74.6528447,museum,N/A,2025-01-26,N/A,N/A,Jammu and Kashmir
ChIJoeaq9bKP4TgRkOxzzB7MT2Q,Art Museum,34.0735306,74.8047859,museum,N/A,2025-01-26,N/A,N/A,Jammu and Kashmir
ChIJ95VvBw2P4TgRvaeRbvK4L5s,T-T GATE,34.0559603,74.85995040000002,museum,N/A,2025-01-26,N/A,N/A,Jammu and Kashmir
ChIJf7VUX-yP4TgRUmKJB5QCQkM,Craft Museum - School Of Designs,34.0711942,74.8009783,museum,N/A,2025-01-26,N/A,N/A,Jammu and Kashmir
ChIJ9c5ECJiv4TgRC7_mWYmydV0,Gul- A - Seum (Gulmarg army museum),34.0483524,74.3805376,museum,N/A,2025-01-26,N/A,N/A,Jammu and Kashmir
ChIJ276NlX2P4TgR3kznvM4-3GI,Srinagar City Museum,34.0733006,74.8057942,museum,N/A,2025-01-26,N/A,N/A,Jammu and Kashmir
ChIJ-wdXox2F4TgRYxoovQivU08,Burzahom Archaeological Site,34.1696677,74.86669230000001,museum,N/A,2025-01-26,N/A,N/A,Jammu and Kashmir
ChIJa5ExNNoJ4TgRadX2qmNShvA,Meeras Mahal Museum Sopore मिरास महल म्यूजियम میراث محل میوزیم,34.3019102,74.4781513,museum,N/A,2025-01-26,N/A,N/A,Jammu and Kashmir
ChIJ4TSXiI6v4TgRTdtLM0PBepk,Maharaja Hari Singh Palace,34.0621206,74.3971406,museum,N/A,2025-01-26,N/A,N/A,Jammu and Kashmir
ChIJ0xUDrBqp4TgROCCTsH8R8Bc,Narvaw Literary Society,34.1296896,74.3591193,museum,N/A,2025-01-26,N/A,N/A,Jammu and Kashmir
ChIJmzpdM3zd4TgRvJ1Rw4btQx4,Mughal Sarai Aliabad Shopian,33.6417582,74.5835603,museum,N/A,2025-01-26,N/A,N/A,Jammu and Kashmir
ChIJYaVqtt4_4jgRyOfKenVl4cw,Amusement park,34.0241761,75.31095669999999,museum,N/A,2025-01-26,N/A,N/A,Jammu and Kashmir
ChIJ0yX2KD2H4TgROrUBQ5Il1TQ,Village art gallery,34.1188574,74.8811839,museum,N/A,2025-01-26,N/A,N/A,Jammu and Kashmir
ChIJX1ucEV0F4jgRZ_snaul6TCM,Ikku billi love,33.7266285,75.1047997,museum,N/A,2025-01-26,N/A,N/A,Jammu and Kashmir
ChIJtQCpMtUN4TgR0O91jmsy2gw,Durkei Lut,34.3759194,74.5355251,museum,N/A,2025-01-26,N/A,N/A,Jammu and Kashmir
ChIJtfKNy6wL4TgRE9cXmAhhxTM,Shahgund Hajin Road,34.2793687,74.5699435,museum,N/A,2025-01-26,N/A,N/A,Jammu and Kashmir
ChIJx5LNwtUT4TgRDC5E8OFl6Vw,Eze-Quiel,34.437057,74.581121,museum,N/A,2025-01-26,N/A,N/A,Jammu and Kashmir
ChIJkdAG5gab4TgRO4OgtPEiDZ8,Jamiya Masjid Chonchi Faqir,34.1288708,74.74161450000001,museum,N/A,2025-01-26,N/A,N/A,Jammu and Kashmir
ChIJ3TuQRACD4TgRSFsu9raUtrs,Gul e seum,34.1989876,74.8065204,museum,N/A,2025-01-26,N/A,N/A,Jammu and Kashmir
ChIJKQos5H_n4TgRPRkHjaUqau0,ALIABAD SARAI,33.6502086,74.6027922,museum,N/A,2025-01-26,N/A,N/A,Jammu and Kashmir
ChIJRwbpkl2R4TgR2aMgf58mgFE,Geoscience Museum Department of Geology and Mining,34.0164322,74.7394359,museum,N/A,2025-01-26,N/A,N/A,Jammu and Kashmir
ChIJb-XnSQD34TgR12hn0HEV4q8,Gulmarg,33.7618511,74.94614659999999,museum,N/A,2025-01-26,N/A,N/A,Jammu and Kashmir
ChIJKYGoJwAH4TgRvBM6dvRDBQw,Kachroo House,34.2100204,74.33570929999999,museum,N/A,2025-01-26,N/A,N/A,Jammu and Kashmir
ChIJDcNP0ost4jgRRmIw9864hvQ,TITANIC BRIDGE,34.2555748,75.0892491,museum,N/A,2025-01-26,N/A,N/A,Jammu and Kashmir
ChIJ50fLnwmF4TgRGR_kgua9jS4,Parray arts,34.1404012,74.82439389999999,museum,N/A,2025-01-26,N/A,N/A,Jammu and Kashmir
ChIJK5gTmtGH4TgRj-voLNYz7dU,Mughal Heritage,34.125546,74.8835045,museum,N/A,2025-01-26,N/A,N/A,Jammu and Kashmir
ChIJcclkTH-P4TgR9XHqlnM9Ey0,"Directorate of Archives, Archaeology & Museums",34.06706380000001,74.8123327,museum,N/A,2025-01-26,N/A,N/A,Jammu and Kashmir
ChIJ4bjTn3yF4TgR2_jpS8-zYPQ,Masjid Dastgeer Sahib,34.0955229,74.8176822,museum,N/A,2025-01-26,N/A,N/A,Jammu and Kashmir
ChIJo-05J_6P4TgRdduWsZal2DY,Vintage Art & Craft Emporium LiveStar Complex,34.0682199,74.83338979999999,museum,N/A,2025-01-26,N/A,N/A,Jammu and Kashmir
ChIJ08IGumeJ4TgRjycAk4eiQgU,Fossil Park Khonmoh,34.0723125,74.96031250000001,museum,N/A,2025-01-26,N/A,N/A,Jammu and Kashmir
ChIJVVVVOO2G4TgRZ7z36xosCbM,Harwan Buddhist Ruins,34.1539489,74.898406,museum,N/A,2025-01-26,N/A,N/A,Jammu and Kashmir
ChIJT6AYQgBt4TgRjkni2uQeOyY,Benlipora,34.4188021,74.6356528,museum,N/A,2025-01-26,N/A,N/A,Jammu and Kashmir
ChIJiRDmSDgJ4TgRBq8IadvkKvw,Museum world sopore,34.2875005,74.4619771,museum,N/A,2025-01-26,N/A,N/A,Jammu and Kashmir
ChIJcZaFHJOP4TgRGI4gtmlfStU,Old Secretariat,34.0726689,74.8059314,museum,N/A,2025-01-26,N/A,N/A,Jammu and Kashmir
ChIJq6qq6nCF4TgRqKZW6o8xlgE,Hari Prabhat,34.1056252,74.8162625,museum,N/A,2025-01-26,N/A,N/A,Jammu and Kashmir
ChIJaQwqbc6P4TgRZuI34uOXVng,Shawl Museum,34.0700148,74.8088228,museum,N/A,2025-01-26,N/A,N/A,Jammu and Kashmir
ChIJ299GOYWd4TgRYaOzJyfSCec,J K Shwal Museum,34.2225121,74.7326607,museum,N/A,2025-01-26,N/A,N/A,Jammu and Kashmir
ChIJA38MP2GF4TgRClLsXKUaENc,Shah E Hamdan R.H Mosque,34.0913875,74.8078281,museum,N/A,2025-01-26,N/A,N/A,Jammu and Kashmir
ChIJtz3uufaF4TgRwxpumBiUDUU,Badam Wari Park,34.1090997,74.82079449999999,museum,N/A,2025-01-26,N/A,N/A,Jammu and Kashmir
ChIJK7qYUwCp4TgR9kr1jPYKDuE,IMRAN JAVID BABA,34.1846678,74.31328529999999,museum,N/A,2025-01-26,N/A,N/A,Jammu and Kashmir
ChIJSUUJTmeP4TgROO0LjfGub00,Zabarwan Park زبرون پارک,34.0860072,74.8497993,museum,N/A,2025-01-26,N/A,N/A,Jammu and Kashmir
ChIJB4KMqpeP4TgR2_t4aKTSuow,The Shelter Group of Houseboats in Srinagar,34.0682193,74.81289579999999,museum,N/A,2025-01-26,N/A,N/A,Jammu and Kashmir
ChIJqULSswSF4TgRVJqugUWUal8,Bait ul Meras,34.0950711,74.802482,museum,N/A,2025-01-26,N/A,N/A,Jammu and Kashmir
ChIJX_XN2Puv4TgRY42AfnVwZNA,Gul-a-seum (Gulmarg Army Museum and Cafe),34.0574767,74.4006417,museum,N/A,2025-01-26,N/A,N/A,Jammu and Kashmir
ChIJqza9phOP4TgRLRn8fFj5OAQ,Hostels In Srinagar,34.0681502,74.8129178,museum,N/A,2025-01-26,N/A,N/A,Jammu and Kashmir
ChIJraGEU4CP4TgRfOUYAych7Xg,Hangout Holidays | Best Travel Agency In Kashmir,34.0788278,74.815879,museum,N/A,2025-01-26,N/A,N/A,Jammu and Kashmir
ChIJt1vkP58H4TgRlgfeRUUVMGQ,Rohama markat,34.2742859,74.3567405,museum,N/A,2025-01-26,N/A,N/A,Jammu and Kashmir
ChIJBWV_LqKP4TgRRFqd07ilKLA,Wayn Tours and Travels | Best tour operator in Srinagar |Best travel agent | Best Tour Operator in Gulmarg,34.0767305,74.821001,museum,N/A,2025-01-26,N/A,N/A,Jammu and Kashmir
ChIJFyk6fhyF4TgRgToZ4Yk7--Y,Kashmir Walks & Beyond,34.0983769,74.81081329999999,museum,N/A,2025-01-26,N/A,N/A,Jammu and Kashmir
ChIJt3_4rmmP4TgRFx6Aj2t5jzw,House boat cherry flower,34.0693441,74.8128265,museum,N/A,2025-01-26,N/A,N/A,Jammu and Kashmir
ChIJ9a-ieVaP4TgRLPDSd1jtO14,Kohimaran Travels,34.0920699,74.8679854,museum,N/A,2025-01-26,N/A,N/A,Jammu and Kashmir
ChIJFS6arOTT4TgReZoLeq94R38,Irfan The Vlogger (YouTube),33.6398695,74.2634159,museum,N/A,2025-01-26,N/A,N/A,Jammu and Kashmir
ChIJsTVmOHaF4TgRSCHQL66bhBE,Travelogear Holidays,34.0908107,74.8085596,museum,N/A,2025-01-26,N/A,N/A,Jammu and Kashmir
ChIJsyON6FiP4TgRyivtGGZmK6A,Kashmir Lakes Trek,34.068047,74.8131368,museum,N/A,2025-01-26,N/A,N/A,Jammu and Kashmir
ChIJb8uX8S0J4TgRUfyoK1ymcc8,Kashmir Tour package / Denizen Holidays | kashmir Trip package| best tour operator,34.2725123,74.4618557,museum,N/A,2025-01-26,N/A,N/A,Jammu and Kashmir
ChIJafDXGQKP4TgROzIPk2a0K-E,i travel,34.0680121,74.83109840000002,museum,N/A,2025-01-26,N/A,N/A,Jammu and Kashmir
ChIJdxjAY9-b4TgR6t9BAlap1SM,Kresian Arts,34.0926954,74.7765269,museum,N/A,2025-01-26,N/A,N/A,Jammu and Kashmir
ChIJpz7lSQCl4TgRSwTAwGKAnow,UMS Medicate & Diagnostic Centre,34.07059470000001,74.4591667,museum,N/A,2025-01-26,N/A,N/A,Jammu and Kashmir
ChIJlTKZDBXr_TgR5iejpYONGsQ,Leh Palace,34.1660308,77.5871575,attraction,N/A,2025-01-26,N/A,N/A,Ladakh
ChIJLdeTCRjr_TgRTUG6OWAQ29Q,Explore Ladakh,34.17544090000001,77.58497779999999,attraction,N/A,2025-01-26,N/A,N/A,Ladakh
ChIJF2mpA9WZ_TgRpN1re-FHZZY,Sangam point,34.1653744,77.332813,attraction,N/A,2025-01-26,N/A,N/A,Ladakh
ChIJu8NZH6xN_DgRkyUp0YD410Q,Nubra Valley Sand Dunes,34.6242682,77.4374751,attraction,N/A,2025-01-26,N/A,N/A,Ladakh
ChIJMaYI0Yfr_TgRH5ON_iembLg,Mani Wall,34.1538653,77.5838756,attraction,N/A,2025-01-26,N/A,N/A,Ladakh
ChIJH3wn8p5L_DgRQbOxjWa3sjQ,Hunder Attractions,34.57261440000001,77.49547489999999,attraction,N/A,2025-01-26,N/A,N/A,Ladakh
ChIJszka87vr_TgRfsLlJp5ecRM,Best Tour Operator,34.1656256,77.57831809999999,attraction,N/A,2025-01-26,N/A,N/A,Ladakh
ChIJFX_pGUnr_TgR94PcBD7Z3WY,Zorawar Fort,34.1581389,77.5698889,attraction,N/A,2025-01-26,N/A,N/A,Ladakh
ChIJERJ4lkrr_TgRPH2fjCLg6S4,Ladakh Selfie Point,34.1636591,77.5854526,attraction,N/A,2025-01-26,N/A,N/A,Ladakh
ChIJsY-KT6CU_TgRodFJ-lbe13M,"Hall of Fame, Leh",34.1392425,77.5411812,attraction,N/A,2025-01-26,N/A,N/A,Ladakh
ChIJS85w9jXr_TgRDVziaZRuScI,Bird Statue,34.1634586,77.58465699999999,attraction,N/A,2025-01-26,N/A,N/A,Ladakh
ChIJD6X5gzSd_TgRdrTthjGyKeQ,Zanskar vally view point,34.037,77.2016,attraction,N/A,2025-01-26,N/A,N/A,Ladakh
ChIJW30F6R3u_TgRe0_aCQGBg5s,Sankar Gompa,34.1741421,77.5854233,attraction,N/A,2025-01-26,N/A,N/A,Ladakh
ChIJQSotwQRL_DgR0uYSicOQzgM,Hunder sand dunes double hump camel ride,34.5752836,77.4988753,attraction,N/A,2025-01-26,N/A,N/A,Ladakh
ChIJGb0yOOtL_DgRKHWHS-OOZo4,Sand Dunes,34.5782747,77.50526359999999,attraction,N/A,2025-01-26,N/A,N/A,Ladakh
ChIJ4T_ulpJL_DgRa_Ht4y0fIE0,Nubra Hunder,34.5752836,77.4988753,attraction,N/A,2025-01-26,N/A,N/A,Ladakh
ChIJtYhC89zr_TgRprcr2IkSZiM,Guphuks view point,34.1525864,77.57705349999999,attraction,N/A,2025-01-26,N/A,N/A,Ladakh
ChIJ4YjXHwCV_TgRFRSi0QEK7DU,Ice Stupa Phyang Village,34.2158054,77.51377459999999,attraction,N/A,2025-01-26,N/A,N/A,Ladakh
ChIJ52QpNiXr_TgRqN0pZxJhBsk,Shanti Stupa,34.17361959999999,77.5749988,attraction,N/A,2025-01-26,N/A,N/A,Ladakh
ChIJG3vDl-Tx_TgRSvq54UndDfw,Thiksey Monastery,34.0559137,77.6677625,attraction,N/A,2025-01-26,N/A,N/A,Ladakh
ChIJK0EfuAvt_TgRDVWNUURyeJQ,Sindhu Ghat Viewpoint,34.0849741,77.60906539999999,attraction,N/A,2025-01-26,N/A,N/A,Ladakh
ChIJDSoZ_Vi1_TgRwhU2E4csJ7M,Nubra Valley,34.5507383,77.5462409,attraction,N/A,2025-01-26,N/A,N/A,Ladakh
ChIJWfmGSSad_TgRdT56oETRLko,Chilling Village,34.0387297,77.2029391,attraction,N/A,2025-01-26,N/A,N/A,Ladakh
ChIJqxRN-kiY_TgRCm1Wv25sPkE,Magnetic Hill,34.1709525,77.3526479,attraction,N/A,2025-01-26,N/A,N/A,Ladakh
ChIJ2UPnWlZL_DgRrZYKeG2rx-k,Hundar Sand Dunes,34.5719272,77.5008198,attraction,N/A,2025-01-26,N/A,N/A,Ladakh
ChIJLbb5YQCT_TgRO3gMJzygd14,Spituk marshes,34.1214383,77.52930719999999,attraction,N/A,2025-01-26,N/A,N/A,Ladakh
ChIJcUS-yEmZ_TgRax6kFF1BB-w,Confluence of Indus and Zanskar Rivers Viewpoint,34.16281000000001,77.3400643,attraction,N/A,2025-01-26,N/A,N/A,Ladakh
ChIJb_OIgCTr_TgRJVFZhgYglaY,Route Ladakh,34.17654479999999,77.5789439,attraction,N/A,2025-01-26,N/A,N/A,Ladakh
ChIJ88F5IOnr_TgRu8MsX3j0Bks,뷰포인트,34.1685948,77.58024739999999,attraction,N/A,2025-01-26,N/A,N/A,Ladakh
ChIJm3_R8E8B_jgRfjQKc90Jtg8,Ke La Pass,33.9998878,77.939647,attraction,N/A,2025-01-26,N/A,N/A,Ladakh
ChIJ-_kc4ojr_TgRMeynDgLTyAY,"Leh City & Glacier Photography Point , South Pullu",34.2187226,77.6150388,attraction,N/A,2025-01-26,N/A,N/A,Ladakh
ChIJdT-ZfADB_TgRUvTgKaFaNW8,Khardungla pass top sign post,34.2790046,77.60480439999999,attraction,N/A,2025-01-26,N/A,N/A,Ladakh
ChIJSUdnTArF_TgR0ynE2LRnyj0,Ladakh Mountain Ranges,34.4020546,77.6576721,attraction,N/A,2025-01-26,N/A,N/A,Ladakh
ChIJvWQvBbPx_TgRHhv8u8eVPe4,Stakna Bridge,34.0072132,77.68864049999999,attraction,N/A,2025-01-26,N/A,N/A,Ladakh
ChIJA961qbvN_TgRJNBPqfsF4fo,"Milkha Point, ATV Ride, Nubra Valley",34.5253779,77.658666,attraction,N/A,2025-01-26,N/A,N/A,Ladakh
ChIJjwHbTjbF_TgRS79QSUrKqwg,"Khardungla Pass, 5359M altitude",34.2786257,77.6046991,attraction,N/A,2025-01-26,N/A,N/A,Ladakh
ChIJLYrgQt73_TgRogvAc1C7oWY,"Karu City , Leh Ladakh",33.9194105,77.7369149,attraction,N/A,2025-01-26,N/A,N/A,Ladakh
ChIJl6wlL4CV_TgRuFM3wnXHcPA,Indus Viewpoint,34.1410267,77.4835829,attraction,N/A,2025-01-26,N/A,N/A,Ladakh
ChIJ7feaVAA1_DgRixz5OPhCWnU,Eco Buddha Statue and Park,34.6132446,77.6145604,attraction,N/A,2025-01-26,N/A,N/A,Ladakh
ChIJN4v_v_vL_TgRZDoVgpcBa9I,Longest High Altitude Zipline Khalsar,34.5212975,77.64130209999999,attraction,N/A,2025-01-26,N/A,N/A,Ladakh
ChIJZy__1CwJ_TgRdbDb6PB9TUA,Tsermanchan La,34.3128125,77.1029375,attraction,N/A,2025-01-26,N/A,N/A,Ladakh
ChIJJ9FzAgDP_TgRgTWueYWMWHA,Desert himalaya adventure park Zipline ATV,34.4905795,77.7029976,attraction,N/A,2025-01-26,N/A,N/A,Ladakh
ChIJi-DNHidR_DgR7XNHrJpfYaE,Skuru Village,34.6718,77.2927699,attraction,N/A,2025-01-26,N/A,N/A,Ladakh
ChIJuS1xsBTt_TgRgLGFBeH2Otw,Shey Lake,34.0708298,77.6336079,attraction,N/A,2025-01-26,N/A,N/A,Ladakh
ChIJ2V7WVADH_TgRS4gNcqrQsZw,River view,34.3293092,77.64475449999999,attraction,N/A,2025-01-26,N/A,N/A,Ladakh
ChIJc_BQLai1_TgR7Z3pCZDbdHA,Sand Duner- Camel Ride,34.5485043,77.55621,attraction,N/A,2025-01-26,N/A,N/A,Ladakh
ChIJC--ZeOBJ_DgRpcdvILqsPgM,Charasa Palace,34.6732694,77.5548707,attraction,N/A,2025-01-26,N/A,N/A,Ladakh
ChIJazKdgKqf_TgRtGfkmRHi4z0,Tsogtsy eco village,34.1292875,77.2757017,attraction,N/A,2025-01-26,N/A,N/A,Ladakh
ChIJQdYZsGaf_TgRuQr_ivnU15Q,Meiram Point,34.1425621,77.2847914,attraction,N/A,2025-01-26,N/A,N/A,Ladakh
ChIJKxhVypZ9_TgRDM3JNHzzpb8,Zaskar Valley,33.908623,77.0965576,attraction,N/A,2025-01-26,N/A,N/A,Ladakh
ChIJ7xf4Xw_z_TgRn0FTVVU0ovM,STANBA HOUSE,33.9960067,77.62688729999999,attraction,N/A,2025-01-26,N/A,N/A,Ladakh
ChIJRQ8zvtb3_TgRA30smYSHxwI,Hemis Gateway,33.9174501,77.73085950000001,attraction,N/A,2025-01-26,N/A,N/A,Ladakh
ChIJjTpF_HaR_TgR5XFRp7NqFtY,Phey view point,34.1209457,77.4330964,attraction,N/A,2025-01-26,N/A,N/A,Ladakh
ChIJjze3RxsH_jgR6R9q12tIZfg,Chang La Pass,34.0471702,77.930494,attraction,N/A,2025-01-26,N/A,N/A,Ladakh
ChIJ-6Sf-0HP_TgRBJStlnCVFGo,Err-Gauch,34.4415127,77.6887753,attraction,N/A,2025-01-26,N/A,N/A,Ladakh
ChIJh04OZwB3_TgR4B3OEdz-QVo,Chilling water fall,34.0312082,77.1920902,attraction,N/A,2025-01-26,N/A,N/A,Ladakh
ChIJg8iXvDHH_TgRa1p-8cPp7Ag,North Pullu View Point,34.3285835,77.643115,attraction,N/A,2025-01-26,N/A,N/A,Ladakh
ChIJ0T36Xl57_TgRYSxDgctCljc,Tibb Cave,33.9122825,77.0307577,attraction,N/A,2025-01-26,N/A,N/A,Ladakh
ChIJV08Fu5w1_DgRWLKUkdwP_Jc,Sumoor Sand Dunes and Wet Land,34.60588620000001,77.6069552,attraction,N/A,2025-01-26,N/A,N/A,Ladakh
ChIJK08daxLx_TgR5sP1Y7V3vJE,Skyango rendezvous,34.0527834,77.66792889999999,attraction,N/A,2025-01-26,N/A,N/A,Ladakh
ChIJvWQvBbPx_TgRHhv8u8eVPe4,Stakna Bridge,34.0072132,77.68864049999999,beaches,N/A,2025-01-26,N/A,N/A,Ladakh
ChIJmzAbOAnt_TgR-_f9hVvDX3g,The Indus River Camp,34.0868218,77.6024996,beaches,N/A,2025-01-26,N/A,N/A,Ladakh
ChIJC9TdCozt_TgRQFVxKDO-qt4,Bikamp Camp Leh Ladakh,34.06386000000001,77.62584869999999,beaches,N/A,2025-01-26,N/A,N/A,Ladakh
ChIJSUdnTArF_TgR0ynE2LRnyj0,Ladakh Mountain Ranges,34.4020546,77.6576721,beaches,N/A,2025-01-26,N/A,N/A,Ladakh
ChIJnatJza7r_TgRmrtq0-dL9pQ,Travellersthing,34.1632742,77.5794574,beaches,N/A,2025-01-26,N/A,N/A,Ladakh
ChIJbdyd0z3r_TgR1mhBMvIwPRs,Zostel Leh,34.1691436,77.5822237,beaches,N/A,2025-01-26,N/A,N/A,Ladakh
ChIJczqcYwGZ_TgRT952WgA0UYQ,Confluence of Indus and Zanskar Rivers,34.1657433,77.3330149,beaches,N/A,2025-01-26,N/A,N/A,Ladakh
ChIJTc-64UPr_TgRj2deP3suTXc,Pristine Escapes,34.1574459,77.5803376,beaches,N/A,2025-01-26,N/A,N/A,Ladakh
ChIJJZWCU4TL_TgR0wvU8ckkcUc,JB waterfall,34.52234079999999,77.6375293,waterfalls,N/A,2025-01-26,N/A,N/A,Ladakh
ChIJBSXBfP1P_DgRIJIKidLp6Lk,Hundri Waterfall,34.6742984,77.4173119,waterfalls,N/A,2025-01-26,N/A,N/A,Ladakh
ChIJh04OZwB3_TgR4B3OEdz-QVo,Chilling water fall,34.0312082,77.1920902,waterfalls,N/A,2025-01-26,N/A,N/A,Ladakh
ChIJ0T36Xl57_TgRYSxDgctCljc,Tibb Cave,33.9122825,77.0307577,waterfalls,N/A,2025-01-26,N/A,N/A,Ladakh
ChIJD6X5gzSd_TgRdrTthjGyKeQ,Zanskar vally view point,34.037,77.2016,waterfalls,N/A,2025-01-26,N/A,N/A,Ladakh
ChIJKxhVypZ9_TgRDM3JNHzzpb8,Zaskar Valley,33.908623,77.0965576,waterfalls,N/A,2025-01-26,N/A,N/A,Ladakh
ChIJWfmGSSad_TgRdT56oETRLko,Chilling Village,34.0387297,77.2029391,waterfalls,N/A,2025-01-26,N/A,N/A,Ladakh
ChIJoW6G0RMNAjkRR9suuT5dN2I,Kongmaru La Pass,33.7904604,77.6173171,waterfalls,N/A,2025-01-26,N/A,N/A,Ladakh
ChIJQ_CTBQBN_DgR7gNf2e81Wpc,Waterfall Homestay,34.6226257,77.4355411,waterfalls,N/A,2025-01-26,N/A,N/A,Ladakh
ChIJzWVrmzvr_TgR-fuRdMMBmRs,ZHE Ladakh,34.1705767,77.57837289999999,waterfalls,N/A,2025-01-26,N/A,N/A,Ladakh
ChIJIRkDRTrr_TgRptm5rQFCDc0,Housing Colony Park,34.1459535,77.58139469999999,parks,N/A,2025-01-26,N/A,N/A,Ladakh
ChIJxfK_6HLr_TgRJ8qlvM9GNrw,Public park,34.1441829,77.5752334,parks,N/A,2025-01-26,N/A,N/A,Ladakh
ChIJIRsTQI7t_TgRLAHQwQaZ2ZA,Riverside Public Park,34.1091066,77.5704684,parks,N/A,2025-01-26,N/A,N/A,Ladakh
ChIJNRxUhvDt_TgR3HA_v511OIc,Forest park,34.1048182,77.589322,parks,N/A,2025-01-26,N/A,N/A,Ladakh
ChIJo04DnCrr_TgRLSAkM_vINMs,3R Park ༣ར་ལྡུམ་ར་,34.1639474,77.5840137,parks,N/A,2025-01-26,N/A,N/A,Ladakh
ChIJ4UmIArLx_TgR2wuPeqxWSbA,THE VILLAGE,34.0539406,77.6593541,parks,N/A,2025-01-26,N/A,N/A,Ladakh
ChIJj2yDOAAHAjkR3VVquKg9Egs,UV’s viewpoint,33.8271619,77.8138889,parks,N/A,2025-01-26,N/A,N/A,Ladakh
ChIJLwAt8HDr_TgRzjpUkwZaZAY,Eco Park,34.1632505,77.58459359999999,parks,N/A,2025-01-26,N/A,N/A,Ladakh
ChIJERNLRwCV_TgROTZpIWP-w2g,Small garden,34.1416946,77.4891713,parks,N/A,2025-01-26,N/A,N/A,Ladakh
ChIJy8v0SADr_TgRaJz-4Ys84FU,Abass gazi murtsey clonoy,34.144235,77.57440919999999,parks,N/A,2025-01-26,N/A,N/A,Ladakh
ChIJW2l0S8XL_TgRTAwbPTtcqHM,Desert Himalaya Adventure park,34.5214375,77.6465625,parks,N/A,2025-01-26,N/A,N/A,Ladakh
ChIJK0EfuAvt_TgRDVWNUURyeJQ,Sindhu Ghat Viewpoint,34.0849741,77.60906539999999,parks,N/A,2025-01-26,N/A,N/A,Ladakh
ChIJ81BG_d7r_TgRmPvMQeZ6Xoc,Children park,34.1586394,77.567809,parks,N/A,2025-01-26,N/A,N/A,Ladakh
ChIJ2UPnWlZL_DgRrZYKeG2rx-k,Hundar Sand Dunes,34.5719272,77.5008198,parks,N/A,2025-01-26,N/A,N/A,Ladakh
ChIJd6OSOwCj_TgReqCLS5LEwrc,Zen camping and picnic spot,34.2807677,77.3029969,parks,N/A,2025-01-26,N/A,N/A,Ladakh
ChIJA-8gxWh1AjkRU6X4YceZJO0,Twin tigu lakes,33.8060889,77.55875,parks,N/A,2025-01-26,N/A,N/A,Ladakh
ChIJxb-1Cy01_DgR54_NJbg57TI,Buddha Eco Park,34.6234067,77.62210910000002,parks,N/A,2025-01-26,N/A,N/A,Ladakh
ChIJ5WBrawCV_TgRqNeio6EkRto,Shradhanjali Park,34.1436792,77.547561,parks,N/A,2025-01-26,N/A,N/A,Ladakh
ChIJJ9FzAgDP_TgRgTWueYWMWHA,Desert himalaya adventure park Zipline ATV,34.4905795,77.7029976,parks,N/A,2025-01-26,N/A,N/A,Ladakh
ChIJoW6G0RMNAjkRR9suuT5dN2I,Kongmaru La Pass,33.7904604,77.6173171,parks,N/A,2025-01-26,N/A,N/A,Ladakh
ChIJ7feaVAA1_DgRixz5OPhCWnU,Eco Buddha Statue and Park,34.6132446,77.6145604,parks,N/A,2025-01-26,N/A,N/A,Ladakh
ChIJofedoTEDAjkR_1HEErOvYbg,Spon picnic spot shara,33.7814512,77.8925364,parks,N/A,2025-01-26,N/A,N/A,Ladakh
ChIJPe8Odfm1_TgR4CUmVbHasSU,SN chinnu Love park diskit,34.5464127,77.5596822,parks,N/A,2025-01-26,N/A,N/A,Ladakh
ChIJ-6fCMR3r_TgR-QBe4_wUmLE,"Col Chhewang Rinchen MVC,**SM Memorial Park",34.1478625,77.5795156,parks,N/A,2025-01-26,N/A,N/A,Ladakh
ChIJ7ZMJuMjr_TgRQSGgNQQ7MxA,War Memorial Statue Leh,34.152267,77.5764373,parks,N/A,2025-01-26,N/A,N/A,Ladakh
ChIJtb2A8ZRN_DgReZx44Mdp6fg,Choskor Lhung,34.5894454,77.4678528,parks,N/A,2025-01-26,N/A,N/A,Ladakh
ChIJJ882L-Tr_TgRg9UQjvLqeoc,Skara spang,34.1573842,77.56762959999999,parks,N/A,2025-01-26,N/A,N/A,Ladakh
ChIJD_QLAZ3t_TgRxncCrDSFjog,"Dr. B. R. Ambedkar Memorial Park, Leh",34.1012916,77.6147701,parks,N/A,2025-01-26,N/A,N/A,Ladakh
ChIJf_YS8V_r_TgRv38FRykdSOg,Robot Garden,34.1600554,77.5681808,parks,N/A,2025-01-26,N/A,N/A,Ladakh
ChIJRbHj-ZCZ_TgRmaeS4_RAIK4,Vajrathang Memorial,34.17114910000001,77.352268,parks,N/A,2025-01-26,N/A,N/A,Ladakh
ChIJxWNccwDx_TgRewxmfR_slh8,TRX,34.0259888,77.6751544,parks,N/A,2025-01-26,N/A,N/A,Ladakh
ChIJlzkQjuDz_TgRONPVCJodsEo,Hafiz Abdul Salam Park bijnor,34.050144,77.64686809999999,parks,N/A,2025-01-26,N/A,N/A,Ladakh
ChIJlcwZdgDt_TgRcAqQIq8GvDw,Acoustive snow park,34.069602,77.565139,parks,N/A,2025-01-26,N/A,N/A,Ladakh
ChIJVV_5MgDr_TgRBQMJGiNpuEs,Nawang Dorjay Stobdan Memorial Stupa,34.1498062,77.5750637,parks,N/A,2025-01-26,N/A,N/A,Ladakh
ChIJb8qk2dvx_TgRGLt7gol8nzg,Uncle Forest Camp,34.0537689,77.66033519999999,parks,N/A,2025-01-26,N/A,N/A,Ladakh
ChIJxW7_eElL_DgRBF6i66D-Of8,West Valley Camp,34.5909375,77.4766875,parks,N/A,2025-01-26,N/A,N/A,Ladakh
ChIJk7KMRgDr_TgRTAEUzhJoxVw,VIP parking,34.1698845,77.56269640000001,parks,N/A,2025-01-26,N/A,N/A,Ladakh
ChIJC9TdCozt_TgRQFVxKDO-qt4,Bikamp Camp Leh Ladakh,34.06386000000001,77.62584869999999,parks,N/A,2025-01-26,N/A,N/A,Ladakh
ChIJfcY3egCR_TgROOwhwXWb6PY,The Rumbak Wildlife Lodge,34.0542268,77.4311116,parks,N/A,2025-01-26,N/A,N/A,Ladakh
ChIJJ4CVKgDt_TgRvagJqmvbAxM,DEVA CAMPING SITE,34.0673907,77.6343466,parks,N/A,2025-01-26,N/A,N/A,Ladakh
ChIJsY-KT6CU_TgRodFJ-lbe13M,"Hall of Fame, Leh",34.1392425,77.5411812,parks,N/A,2025-01-26,N/A,N/A,Ladakh
ChIJfVeoclLN_TgRr4Xc4GNQmwE,Selfie Point,34.5275566,77.68694529999999,parks,N/A,2025-01-26,N/A,N/A,Ladakh
ChIJT2qAkceS_TgRpEQ_IsU84eM,Stok Museum,34.0730034,77.5485784,parks,N/A,2025-01-26,N/A,N/A,Ladakh
ChIJi9KY2D_r_TgRK7jgpDROiWU,Central Asian Museum,34.165291,77.5847711,parks,N/A,2025-01-26,N/A,N/A,Ladakh
ChIJu8NZH6xN_DgRkyUp0YD410Q,Nubra Valley Sand Dunes,34.6242682,77.4374751,parks,N/A,2025-01-26,N/A,N/A,Ladakh
ChIJmzAbOAnt_TgR-_f9hVvDX3g,The Indus River Camp,34.0868218,77.6024996,parks,N/A,2025-01-26,N/A,N/A,Ladakh
ChIJMZkHQADB_TgRoyj8R18FgPo,Khardungla,34.2789154,77.6046867,parks,N/A,2025-01-26,N/A,N/A,Ladakh
ChIJhXOdLKXr_TgRIcZR2LG5KCM,Mir house gonpa,34.187033,77.5883631,parks,N/A,2025-01-26,N/A,N/A,Ladakh
ChIJe_KN1exL_DgR6vjShyiUKxE,Nubra Pika Camp,34.5813383,77.4780801,parks,N/A,2025-01-26,N/A,N/A,Ladakh
ChIJVy7G5cjx_TgRLXjFK1b_OB8,Sakin spang,34.0367381,77.6565304,parks,N/A,2025-01-26,N/A,N/A,Ladakh
ChIJuzy7j97x_TgR-2dyZzI94f4,Horticulture Seed multiplication farm,34.0321181,77.6769075,parks,N/A,2025-01-26,N/A,N/A,Ladakh
ChIJczqcYwGZ_TgRT952WgA0UYQ,Confluence of Indus and Zanskar Rivers,34.1657433,77.3330149,parks,N/A,2025-01-26,N/A,N/A,Ladakh
ChIJAyEG4oS__TgRqesU4ZGGKos,Dr Rennoj Point,34.2777181,77.55963670000001,parks,N/A,2025-01-26,N/A,N/A,Ladakh
ChIJqxRN-kiY_TgRCm1Wv25sPkE,Magnetic Hill,34.1709525,77.3526479,parks,N/A,2025-01-26,N/A,N/A,Ladakh
ChIJH3wn8p5L_DgRQbOxjWa3sjQ,Hunder Attractions,34.57261440000001,77.49547489999999,parks,N/A,2025-01-26,N/A,N/A,Ladakh
ChIJfSTkZQCh_TgR--R_mCvrKXk,Sham Valley Trek Trailhead,34.273393,77.19984099999999,parks,N/A,2025-01-26,N/A,N/A,Ladakh
ChIJ23Xxq2K1_TgREgrFUGBCPjg,Nubra valley,34.561527,77.5482755,parks,N/A,2025-01-26,N/A,N/A,Ladakh
ChIJA2MvUpxL_DgRC09OGTJSZvI,DE Nubra Camp,34.580463,77.48167649999999,parks,N/A,2025-01-26,N/A,N/A,Ladakh
ChIJZzzNwT_r_TgRdK3zWMDy2Ko,Trekking in Ladakh,34.1652727,77.58360139999999,parks,N/A,2025-01-26,N/A,N/A,Ladakh
ChIJG3vDl-Tx_TgRSvq54UndDfw,Thiksey Monastery,34.0559137,77.6677625,parks,N/A,2025-01-26,N/A,N/A,Ladakh
ChIJi9KY2D_r_TgRK7jgpDROiWU,Central Asian Museum,34.165291,77.5847711,museum,N/A,2025-01-26,N/A,N/A,Ladakh
ChIJF2Umlsr3_TgRm-gbdePPxAo,Hemis Monastery Museum,33.9124471,77.7028431,museum,N/A,2025-01-26,N/A,N/A,Ladakh
ChIJT2qAkceS_TgRpEQ_IsU84eM,Stok Museum,34.0730034,77.5485784,museum,N/A,2025-01-26,N/A,N/A,Ladakh
ChIJsY-KT6CU_TgRodFJ-lbe13M,"Hall of Fame, Leh",34.1392425,77.5411812,museum,N/A,2025-01-26,N/A,N/A,Ladakh
ChIJ2Su98B7t_TgRstUw1J8retM,Leh Museum,34.0717029,77.6343246,museum,N/A,2025-01-26,N/A,N/A,Ladakh
ChIJyTjYf-rt_TgRux8iBe1-LLw,Dalai Lama Palace,34.103166,77.59325729999999,museum,N/A,2025-01-26,N/A,N/A,Ladakh
ChIJi4yHtR7r_TgR09KoFIWBcCk,Zorawar Museum,34.1582756,77.5702029,museum,N/A,2025-01-26,N/A,N/A,Ladakh
ChIJgShpekPr_TgR2nHKIVeHFRE,Textile Museum of Ladakh,34.162168,77.5869068,museum,N/A,2025-01-26,N/A,N/A,Ladakh
ChIJLxA89imd_TgR4W1g5OCIGiU,Serzo Museum,34.0383601,77.2037327,museum,N/A,2025-01-26,N/A,N/A,Ladakh
ChIJFX_pGUnr_TgR94PcBD7Z3WY,Zorawar Fort,34.1581389,77.5698889,museum,N/A,2025-01-26,N/A,N/A,Ladakh
ChIJ0a1-uq01_DgRvax9TEZvBX8,"Col Chewang Rinchen, Mahavir Chakra Bar, Sena medal Museum",34.6205426,77.6233651,museum,N/A,2025-01-26,N/A,N/A,Ladakh
ChIJR7JZArTt_TgRGj3Y4SCecGg,Shey Palace,34.0716582,77.6327901,museum,N/A,2025-01-26,N/A,N/A,Ladakh
ChIJu8JnMGwL_TgR9m1hMePeSSw,Alchi Petroglyphs,34.241572,77.155315,museum,N/A,2025-01-26,N/A,N/A,Ladakh
ChIJ7ZMJuMjr_TgRQSGgNQQ7MxA,War Memorial Statue Leh,34.152267,77.5764373,museum,N/A,2025-01-26,N/A,N/A,Ladakh
ChIJBTEJnMiT_TgRM34OpSrOGmg,"Buddha Statue, Stok",34.0666628,77.5439066,museum,N/A,2025-01-26,N/A,N/A,Ladakh
ChIJXVjJ5lDr_TgR16k82EjZZvg,Tibetian thangka art gallery,34.1651043,77.583806,museum,N/A,2025-01-26,N/A,N/A,Ladakh
ChIJB2FYgOX3_TgRxkNSQazROQg,Hemis Monastery,33.9136846,77.71015299999999,museum,N/A,2025-01-26,N/A,N/A,Ladakh
ChIJq4p4w27r_TgRbomPKL2Yaek,Art Asia handicrafts,34.1635753,77.58464579999999,museum,N/A,2025-01-26,N/A,N/A,Ladakh
ChIJDfppZRLr_TgRuq4IXa7HAwE,Ladakh Arts and Media Organisation (LAMO),34.1655639,77.5868832,museum,N/A,2025-01-26,N/A,N/A,Ladakh
ChIJLdeTCRjr_TgRTUG6OWAQ29Q,Explore Ladakh,34.17544090000001,77.58497779999999,museum,N/A,2025-01-26,N/A,N/A,Ladakh
ChIJlTKZDBXr_TgR5iejpYONGsQ,Leh Palace,34.1660308,77.5871575,museum,N/A,2025-01-26,N/A,N/A,Ladakh
ChIJXWs6nO7t_TgR1XE3CO6xLtM,Ancient palace Shey,34.0715752,77.6329145,museum,N/A,2025-01-26,N/A,N/A,Ladakh
ChIJd540FwC__TgRyS9YN5uabag,Albaksh Ali,34.2268475,77.5619419,museum,N/A,2025-01-26,N/A,N/A,Ladakh
ChIJB5SwOKf5_TgR16UccNfcKKY,Chemrey Gompa,33.95909049999999,77.7890953,museum,N/A,2025-01-26,N/A,N/A,Ladakh
ChIJRQ8zvtb3_TgRA30smYSHxwI,Hemis Gateway,33.9174501,77.73085950000001,museum,N/A,2025-01-26,N/A,N/A,Ladakh
ChIJVZrJgsiV_TgRD-JbLkhHZOs,Phyang Monastery,34.1863933,77.48977169999999,museum,N/A,2025-01-26,N/A,N/A,Ladakh
ChIJSfeoHVIIAjkRU7jLnrhrDdo,हेमिस गोम्पा,33.9125964,77.7029689,museum,N/A,2025-01-26,N/A,N/A,Ladakh
ChIJtVO89jvr_TgRGYt23lH-m4Q,Visit Ladakh,34.1693366,77.5788548,museum,N/A,2025-01-26,N/A,N/A,Ladakh
ChIJAW9AIken_TgRaHcyEGioyqY,Likir Gompa,34.2931967,77.21511,museum,N/A,2025-01-26,N/A,N/A,Ladakh
ChIJaUkd1DLt_TgRY8kiR4AIigc,Ladakh Rocks and Minerals Museum,34.0719694,77.6345017,museum,N/A,2025-01-26,N/A,N/A,Ladakh
ChIJLUUhdumX_TgRrygjV5f6IbM,Palay House,34.131642,77.466959,museum,N/A,2025-01-26,N/A,N/A,Ladakh
ChIJNfkOW58P_TgRaLeMNUkybSk,Sgango monastery,34.3040701,77.07781609999999,museum,N/A,2025-01-26,N/A,N/A,Ladakh
ChIJO_-k1Ibr_TgRzQ4KWyZuI60,Mototour Ladakh / Himalayas Motorcycle Expedition in India,34.1424873,77.5847699,museum,N/A,2025-01-26,N/A,N/A,Ladakh
ChIJNXDug_yuJzoR9dj71JT1_L0,"Active Adventures | Best Tour Operators in Ladakh | Travel Agents in Leh, Excursions, & Trekking | Bike Rental in Leh Ladakh",34.165315,77.583845,museum,N/A,2025-01-26,N/A,N/A,Ladakh
ChIJdYZ9AmkL_TgRCUIE1BPMFck,Alchi Ancient Museum and Traditional Cuisine,34.2352574,77.163586,museum,N/A,2025-01-26,N/A,N/A,Ladakh
ChIJMcNetsvr_TgRg-Rapx_W8p0,Himalayan collection,34.1616563,77.583807,museum,N/A,2025-01-26,N/A,N/A,Ladakh
ChIJ64YgyyTr_TgRTH3OijQUTgU,Snowline Tour & Travel,34.1652691,77.5835427,museum,N/A,2025-01-26,N/A,N/A,Ladakh
ChIJxeOy2D_r_TgRUR7-FjJf7jk,Gurudwara Datun Sahib Ji,34.1653014,77.58514939999999,museum,N/A,2025-01-26,N/A,N/A,Ladakh
ChIJvTEHI4Hr_TgRuM2Bz9DxBFI,Salik & Nisa,34.1657293,77.5852266,museum,N/A,2025-01-26,N/A,N/A,Ladakh
ChIJuXtImtbr_TgRsZ5VStscf9c,The new view guest house,34.1735107,77.5878165,museum,N/A,2025-01-26,N/A,N/A,Ladakh
ChIJx8syIR7r_TgRh_nwz3rl3Bc,Leh Main Market,34.1635959,77.5839192,museum,N/A,2025-01-26,N/A,N/A,Ladakh
ChIJp69FIrPr_TgR73aKbAvAcDU,The Ladakh Art Palace,34.1628731,77.5854949,museum,N/A,2025-01-26,N/A,N/A,Ladakh
ChIJlR7Dz4jr_TgRKkOxfDQxO7k,"TOURISM DEPARTMENT, LEH",34.1613783,77.5899417,museum,N/A,2025-01-26,N/A,N/A,Ladakh
ChIJ5Y_oJXj3_TgRLLfZTYTgSRA,Rgodtsang Retreat Monastery,33.9146759,77.6937767,museum,N/A,2025-01-26,N/A,N/A,Ladakh
ChIJeUqc_rmS_TgRYHjkVTKbl6Y,Stok,34.06441,77.553344,museum,N/A,2025-01-26,N/A,N/A,Ladakh
ChIJr-FqcgC__TgR6nf7m_XMDic,Khalubar War Memorial,34.2268475,77.5619419,museum,N/A,2025-01-26,N/A,N/A,Ladakh
ChIJGU6aNKKd_TgR_Qlt9lHgdSE,Chilling Copper Crafts,34.0382285,77.2024306,museum,N/A,2025-01-26,N/A,N/A,Ladakh
ChIJFQMHTwDr_TgRyOpcgGNJtLA,Rangdum labrang,34.162168,77.5869068,museum,N/A,2025-01-26,N/A,N/A,Ladakh
