Name,Latitude,Longitude,Rating,Categories,Keyword,State,Season,District,Visitors Count of Ratings
Hawa Camp (Lohit View),27.9213665,96.3313012,4.6,"park, tourist_attraction, point_of_interest, establishment",parks,Arunachal Pradesh,Spring,Anjaw,79
Lohit,27.999469,96.20083369999999,4,"park, point_of_interest, establishment",parks,Arunachal Pradesh,Spring,Anjaw,1
Alisha's Garden,27.905479,96.28012939999999,5,"park, point_of_interest, establishment",parks,Arunachal Pradesh,Spring,Anjaw,2
Beyond Brahmaputra Campsite Parshuram,27.8864375,96.3490625,4.7,"campground, park, lodging, point_of_interest, establishment",parks,Arunachal Pradesh,Spring,Anjaw,45
Shree Parshurama Kunda Temple,27.8760781,96.3595711,4.5,"hindu_temple, tourist_attraction, place_of_worship, point_of_interest, establishment",parks,Arunachal Pradesh,Spring,Anjaw,1232
Mithun bandh reserved area,28.0787576,96.5311756,0,"park, point_of_interest, establishment",parks,Arunachal Pradesh,Spring,Anjaw,0
Braptong village,28.1396441,96.6250771,0,"park, point_of_interest, establishment",parks,Arunachal Pradesh,Spring,Anjaw,0
Ming Farm Changliang,27.919358,96.2031894,0,"park, point_of_interest, establishment",parks,Arunachal Pradesh,Spring,Anjaw,0
Pul,27.96856,96.1918725,0,"campground, park, lodging, point_of_interest, establishment",parks,Arunachal Pradesh,Spring,Anjaw,0
Busines man,28.0784783,96.5430059,0,"point_of_interest, establishment",parks,Arunachal Pradesh,Spring,Anjaw,0
Tezu Islet,27.9529217,96.1933789,5,"tourist_attraction, point_of_interest, establishment",waterfalls,Arunachal Pradesh,Monsoon,Anjaw,1
Kuh-maroh water fall,28.2815192,96.57410639999999,4,"tourist_attraction, point_of_interest, establishment",waterfalls,Arunachal Pradesh,Monsoon,Anjaw,6
Shree Parshurama Kunda Temple,27.8760781,96.3595711,4.5,"hindu_temple, tourist_attraction, place_of_worship, point_of_interest, establishment",waterfalls,Arunachal Pradesh,Monsoon,Anjaw,1232
Lohit River,28.0286953,96.6212323,4.4,"natural_feature, establishment",waterfalls,Arunachal Pradesh,Monsoon,Anjaw,143
Mompani,28.039893,96.43970660000001,No rating,"locality, political",waterfalls,Arunachal Pradesh,Monsoon,Anjaw,0
Hindu Temple,28.0108136,96.2102235,4.2,"hindu_temple, place_of_worship, point_of_interest, establishment",temples,Arunachal Pradesh,All Seasons,Anjaw,11
Laxmi Mandir,27.9067565,96.2816658,4.1,"hindu_temple, place_of_worship, point_of_interest, establishment",temples,Arunachal Pradesh,All Seasons,Anjaw,7
Shree Parshurama Kunda Temple,27.8760781,96.3595711,4.5,"hindu_temple, tourist_attraction, place_of_worship, point_of_interest, establishment",temples,Arunachal Pradesh,All Seasons,Anjaw,1232
Unit Temple,28.0125144,96.2120518,4.7,"hindu_temple, place_of_worship, point_of_interest, establishment",temples,Arunachal Pradesh,All Seasons,Anjaw,14
Shri Hanuman Temple,27.8758357,96.3596376,5,"hindu_temple, place_of_worship, point_of_interest, establishment",temples,Arunachal Pradesh,All Seasons,Anjaw,1
shiv mandir,27.95245,96.2547384,5,"hindu_temple, place_of_worship, point_of_interest, establishment",temples,Arunachal Pradesh,All Seasons,Anjaw,1
"Shiv mandir,ram mandir,ram mandir,dandariya mandir",28.0829046,96.525315,0,"hindu_temple, place_of_worship, point_of_interest, establishment",temples,Arunachal Pradesh,All Seasons,Anjaw,0
Vodaru shivdham,27.9967159,96.2428633,5,"hindu_temple, place_of_worship, point_of_interest, establishment",temples,Arunachal Pradesh,All Seasons,Anjaw,5
Shiv mandir changliang,27.91591,96.20691959999999,3,"hindu_temple, place_of_worship, point_of_interest, establishment",temples,Arunachal Pradesh,All Seasons,Anjaw,2
Demwe,27.9067778,96.28163289999999,5,"hindu_temple, place_of_worship, point_of_interest, establishment",temples,Arunachal Pradesh,All Seasons,Anjaw,1
Shiv Mandir,28.0779329,96.54287049999999,0,"hindu_temple, place_of_worship, point_of_interest, establishment",temples,Arunachal Pradesh,All Seasons,Anjaw,0
Parashurama kunda,27.8753037,96.36317679999999,4.6,"tourist_attraction, place_of_worship, point_of_interest, establishment",temples,Arunachal Pradesh,All Seasons,Anjaw,507
Chameliang shive mandir,28.0826114,96.5346795,0,"hindu_temple, place_of_worship, point_of_interest, establishment",temples,Arunachal Pradesh,All Seasons,Anjaw,0
Tidding ram mandir,27.9626623,96.40351919999999,0,"hindu_temple, place_of_worship, point_of_interest, establishment",temples,Arunachal Pradesh,All Seasons,Anjaw,0
Parashurama Kunda Ropeway,27.8767585,96.3620334,3.6,"tourist_attraction, point_of_interest, establishment",temples,Arunachal Pradesh,All Seasons,Anjaw,5
Hotel Mishmi Hills cum Home stay & Anu Nimai Restaurant,28.0797897,96.522959,4.3,"lodging, point_of_interest, establishment",hills,Arunachal Pradesh,Winter,Anjaw,37
Lohit Viewpoint,27.8784176,96.3587072,4.5,"tourist_attraction, point_of_interest, establishment",attraction,Arunachal Pradesh,All Seasons,Anjaw,22
View point,27.9163036,96.3315485,4.6,"tourist_attraction, point_of_interest, establishment",attraction,Arunachal Pradesh,All Seasons,Anjaw,21
Kuh-maroh water fall,28.2815192,96.57410639999999,4,"tourist_attraction, point_of_interest, establishment",attraction,Arunachal Pradesh,All Seasons,Anjaw,6
Lohit-Mountain view,27.9617477,96.3929079,4.7,"tourist_attraction, point_of_interest, establishment",attraction,Arunachal Pradesh,All Seasons,Anjaw,3
View point,27.950256,96.407562,4,"tourist_attraction, point_of_interest, establishment",attraction,Arunachal Pradesh,All Seasons,Anjaw,1
Place for photo shoot,27.9175114,96.3335736,4.3,"tourist_attraction, point_of_interest, establishment",attraction,Arunachal Pradesh,All Seasons,Anjaw,3
Tezu Islet,27.9529217,96.1933789,5,"tourist_attraction, point_of_interest, establishment",attraction,Arunachal Pradesh,All Seasons,Anjaw,1
View point of Parshuram kund,27.8804,96.3671555,4.9,"tourist_attraction, point_of_interest, establishment",attraction,Arunachal Pradesh,All Seasons,Anjaw,8
One of Tributaries of Lohit river,28.0378835,96.43757079999999,4.5,"tourist_attraction, point_of_interest, establishment",attraction,Arunachal Pradesh,All Seasons,Anjaw,2
Parashurama Kunda Ropeway,27.8767585,96.3620334,3.6,"tourist_attraction, point_of_interest, establishment",attraction,Arunachal Pradesh,All Seasons,Anjaw,5
Parashurama kunda,27.8753037,96.36317679999999,4.6,"tourist_attraction, place_of_worship, point_of_interest, establishment",attraction,Arunachal Pradesh,All Seasons,Anjaw,507
Hawa Camp (Lohit View),27.9213665,96.3313012,4.6,"park, tourist_attraction, point_of_interest, establishment",attraction,Arunachal Pradesh,All Seasons,Anjaw,79
Shree Parshurama Kunda Temple,27.8760781,96.3595711,4.5,"hindu_temple, tourist_attraction, place_of_worship, point_of_interest, establishment",attraction,Arunachal Pradesh,All Seasons,Anjaw,1232
Gandhi Statue,28.0804624,96.5225111,5,"tourist_attraction, point_of_interest, establishment",attraction,Arunachal Pradesh,All Seasons,Anjaw,3
Dehing Patkai National Park,27.3051589,95.5257896,4.4,"park, point_of_interest, establishment",parks,Arunachal Pradesh,Spring,Changlang,102
Stillwell Monument park,27.3192819,95.81435929999999,4.1,"park, point_of_interest, establishment",parks,Arunachal Pradesh,Spring,Changlang,92
Digboi Centenary Park,27.3873512,95.61458429999999,4.2,"park, tourist_attraction, point_of_interest, establishment",parks,Arunachal Pradesh,Spring,Changlang,589
Dr. Bhupen Hazarika Children's Park,27.2903632,95.67573569999999,3.9,"park, point_of_interest, establishment",parks,Arunachal Pradesh,Spring,Changlang,82
Digboi Station Park,27.3869185,95.6158299,4.3,"park, point_of_interest, establishment",parks,Arunachal Pradesh,Spring,Changlang,10
Dehing Patkai National Park,27.3432258,95.54247199999999,4.6,"tourist_attraction, zoo, park, point_of_interest, establishment",parks,Arunachal Pradesh,Spring,Changlang,145
SCP @ Digboi Refinery Township,27.3862862,95.6159066,4.1,"park, point_of_interest, establishment",parks,Arunachal Pradesh,Spring,Changlang,15
"Soraipung Range,Digboi Forest Division,Dihing Patkai National Park",27.3115143,95.4693613,4.5,"park, point_of_interest, establishment",parks,Arunachal Pradesh,Spring,Changlang,14
Margherita Eco Park,27.2882289,95.65963939999999,4.1,"park, point_of_interest, establishment",parks,Arunachal Pradesh,Spring,Changlang,58
Margherita Charali Netaji Memorial Park,27.2898513,95.67893289999999,4.5,"park, point_of_interest, establishment",parks,Arunachal Pradesh,Spring,Changlang,6
Gandhi Park Ledo Bazar,27.2910721,95.7431556,3.5,"park, point_of_interest, establishment",parks,Arunachal Pradesh,Spring,Changlang,83
Changlang Arunachal Pradesh,27.140519,95.7368571,4.2,"park, point_of_interest, establishment",parks,Arunachal Pradesh,Spring,Changlang,80
Khonsa Park,26.9916589,95.5086548,3.7,"park, point_of_interest, establishment",parks,Arunachal Pradesh,Spring,Changlang,143
Sarat boro Island,27.3559651,95.7748067,5,"park, point_of_interest, establishment",parks,Arunachal Pradesh,Spring,Changlang,1
দিহিং পাটকাই ৰাষ্ট্ৰীয় উদ্যান,27.2370633,95.45086429999999,4.3,"park, point_of_interest, establishment",parks,Arunachal Pradesh,Spring,Changlang,4
Baragolai Netaji Park,27.2774156,95.7103889,3.1,"park, point_of_interest, establishment",parks,Arunachal Pradesh,Spring,Changlang,16
Dihing Patkai National Park,27.3115975,95.46971789999999,5,"park, point_of_interest, establishment",parks,Arunachal Pradesh,Spring,Changlang,1
দিহিং পাটকাই ৰাষ্ট্ৰীয় উদ্যান,27.2493619,95.4125962,4.3,"park, point_of_interest, establishment",parks,Arunachal Pradesh,Spring,Changlang,35
Jeypore Rainforest,27.3272894,95.495655,4.4,"zoo, park, point_of_interest, establishment",parks,Arunachal Pradesh,Spring,Changlang,45
Digboi Reserve Forest,27.3579484,95.53317729999999,4.5,"park, point_of_interest, establishment",parks,Arunachal Pradesh,Spring,Changlang,22
Coal Heritage Park & Museum,27.2884933,95.67351400000001,4.2,"museum, tourist_attraction, point_of_interest, establishment",parks,Arunachal Pradesh,Spring,Changlang,631
THANI PARK (AWADESH),27.3208091,95.82954289999999,3,"park, point_of_interest, establishment",parks,Arunachal Pradesh,Spring,Changlang,1
Ridge Point,27.388109,95.63235809999999,4.3,"tourist_attraction, point_of_interest, establishment",parks,Arunachal Pradesh,Spring,Changlang,27
Tipam deosali hills,27.2604373,95.4152224,4.5,"park, point_of_interest, establishment",parks,Arunachal Pradesh,Spring,Changlang,409
Eco park,27.298965,95.740336,3.5,"park, point_of_interest, establishment",parks,Arunachal Pradesh,Spring,Changlang,2
Bhupen Hazarika Park,27.2968022,95.6564234,0,"park, point_of_interest, establishment",parks,Arunachal Pradesh,Spring,Changlang,0
10 KLD Faecal sludge treatment Plant (FSTP),27.3770354,95.661244,0,"park, point_of_interest, establishment",parks,Arunachal Pradesh,Spring,Changlang,0
"Ulup Pather, উলুপ পথাৰ",27.359266,95.740155,4,"park, point_of_interest, establishment",parks,Arunachal Pradesh,Spring,Changlang,2
Dirok airfield,27.2803117,95.6196416,4.2,"park, point_of_interest, establishment",parks,Arunachal Pradesh,Spring,Changlang,5
Bokuloni Bor Pothar (বকুলনী বৰ পথাৰ),27.3539176,95.4147809,5,"park, point_of_interest, establishment",parks,Arunachal Pradesh,Spring,Changlang,1
Moh mol ground officer colony,27.1352533,95.73155,3.5,"park, point_of_interest, establishment",parks,Arunachal Pradesh,Spring,Changlang,6
Changlang Arunachal Pradesh,27.1355348,95.73644170000001,4.8,"park, point_of_interest, establishment",parks,Arunachal Pradesh,Spring,Changlang,4
Evergreen Nursery,27.3064106,95.6445432,4.8,"park, point_of_interest, establishment",parks,Arunachal Pradesh,Spring,Changlang,11
Sudhakantha Kanon Tipong Colliery,27.3106493,95.8630306,3.6,"park, point_of_interest, establishment",parks,Arunachal Pradesh,Spring,Changlang,5
দিহিং পাতকাই অভয়াৰণ্য,27.3794603,95.599393,5,"park, point_of_interest, establishment",parks,Arunachal Pradesh,Spring,Changlang,3
TRIDIP HOME,27.3025625,95.66564059999999,3.7,"park, point_of_interest, establishment",parks,Arunachal Pradesh,Spring,Changlang,3
Hassak paddy field,27.3614415,95.8118222,0,"park, point_of_interest, establishment",parks,Arunachal Pradesh,Spring,Changlang,0
দিহিং পাটকাই ৰাষ্ট্ৰীয় উদ্যান,27.3330285,95.6110649,0,"park, point_of_interest, establishment",parks,Arunachal Pradesh,Spring,Changlang,0
Utpal soren,27.3563437,95.6484241,0,"park, point_of_interest, establishment",parks,Arunachal Pradesh,Spring,Changlang,0
Ledo forest reserve,27.2997794,95.7407175,0,"park, point_of_interest, establishment",parks,Arunachal Pradesh,Spring,Changlang,0
Pradip Munda House,27.3799375,95.87543749999999,0,"park, point_of_interest, establishment",parks,Arunachal Pradesh,Spring,Changlang,0
Khaman Pather Forest office,27.3710472,95.7377113,3.7,"park, point_of_interest, establishment",parks,Arunachal Pradesh,Spring,Changlang,10
Manmow pathar,27.3472976,95.74773049999999,5,"park, point_of_interest, establishment",parks,Arunachal Pradesh,Spring,Changlang,1
Tong Tilla,27.2574265,95.63019709999999,4.5,"park, point_of_interest, establishment",parks,Arunachal Pradesh,Spring,Changlang,4
Jiten Hajong Home,27.3803632,95.89703829999999,0,"park, point_of_interest, establishment",parks,Arunachal Pradesh,Spring,Changlang,0
Ledo matti,27.3029909,95.72584549999999,0,"park, point_of_interest, establishment",parks,Arunachal Pradesh,Spring,Changlang,0
Akash Small Tea Garden,27.3750248,95.9050365,0,"park, point_of_interest, establishment",parks,Arunachal Pradesh,Spring,Changlang,0
Deomali Elephant Reserve,27.212063,95.49464499999999,5,"zoo, park, point_of_interest, establishment",parks,Arunachal Pradesh,Spring,Changlang,1
Deepak barla,27.2723496,95.6124952,4,"park, point_of_interest, establishment",parks,Arunachal Pradesh,Spring,Changlang,2
Paharpur Pur,27.3429022,95.8562778,1,"park, point_of_interest, establishment",parks,Arunachal Pradesh,Spring,Changlang,1
kadir Ali home,27.367186,95.613653,0,"park, point_of_interest, establishment",parks,Arunachal Pradesh,Spring,Changlang,0
1 No Wara Village Assamness,27.355695,95.9680133,4.7,"campground, park, lodging, point_of_interest, establishment",parks,Arunachal Pradesh,Spring,Changlang,3
Katha adarsha N.C.assam,27.3699651,95.9313485,5,"park, point_of_interest, establishment",parks,Arunachal Pradesh,Spring,Changlang,1
AASU All Assam Students' Union,27.2900876,95.6801479,0,"park, point_of_interest, establishment",parks,Arunachal Pradesh,Spring,Changlang,0
View point of kaimoi village (panshih nu gem ) Nassagem),26.8518468,95.4159825,5,"park, point_of_interest, establishment",parks,Arunachal Pradesh,Spring,Changlang,1
DILIP GOGOI,27.316357,95.6665112,5,"campground, park, lodging, point_of_interest, establishment",parks,Arunachal Pradesh,Spring,Changlang,2
Bania paddy fields,27.3046976,95.74001820000001,0,"park, point_of_interest, establishment",parks,Arunachal Pradesh,Spring,Changlang,0
taiwang wangsa,27.1756042,95.475315,4.5,"park, point_of_interest, establishment",parks,Arunachal Pradesh,Spring,Changlang,2
Chinmoy Mech,27.3117491,95.6493052,0,"park, point_of_interest, establishment",parks,Arunachal Pradesh,Spring,Changlang,0
Kengia No1 forest,27.3531439,95.9133935,0,"park, point_of_interest, establishment",parks,Arunachal Pradesh,Spring,Changlang,0
Coal Heritage Park & Museum,27.2884933,95.67351400000001,4.2,"museum, tourist_attraction, point_of_interest, establishment",museum,Arunachal Pradesh,Winter,Changlang,631
Digboi Centenary Museum,27.3885849,95.6242637,4.5,"tourist_attraction, museum, point_of_interest, establishment",museum,Arunachal Pradesh,Winter,Changlang,872
"Khonsa District Museum - Khonsa, Tirap District, Arunachal Pradesh, India",26.9907591,95.5031537,3,"museum, tourist_attraction, point_of_interest, establishment",museum,Arunachal Pradesh,Winter,Changlang,7
Jesus statue,27.200052,95.4597527,5,"museum, point_of_interest, establishment",museum,Arunachal Pradesh,Winter,Changlang,2
4 Mile,27.3480087,95.86025149999999,4.8,"museum, point_of_interest, establishment",museum,Arunachal Pradesh,Winter,Changlang,5
Digboi Centenary Park,27.3873512,95.61458429999999,4.2,"park, tourist_attraction, point_of_interest, establishment",museum,Arunachal Pradesh,Winter,Changlang,589
DIGBOI DURGA PUKHURI,27.3857509,95.61600849999999,3,"museum, point_of_interest, establishment",museum,Arunachal Pradesh,Winter,Changlang,2
Ridge Point,27.388109,95.63235809999999,4.3,"tourist_attraction, point_of_interest, establishment",museum,Arunachal Pradesh,Winter,Changlang,27
Dihing Patkai waterfall,27.3315628,95.4893892,4.2,"tourist_attraction, point_of_interest, establishment",waterfalls,Arunachal Pradesh,Monsoon,Changlang,9
Tipam Fakial,27.259895,95.41496599999999,4.2,"tourist_attraction, point_of_interest, establishment",waterfalls,Arunachal Pradesh,Monsoon,Changlang,28
Tipam deosali hills,27.2604373,95.4152224,4.5,"park, point_of_interest, establishment",waterfalls,Arunachal Pradesh,Monsoon,Changlang,409
Tirap valley Fall,26.9956602,95.4951653,3.2,"tourist_attraction, point_of_interest, establishment",waterfalls,Arunachal Pradesh,Monsoon,Changlang,5
Tipam Deohali Than,27.2578625,95.41560940000001,4.3,"place_of_worship, point_of_interest, establishment",waterfalls,Arunachal Pradesh,Monsoon,Changlang,113
Jeypore Rainforest,27.3272894,95.495655,4.4,"zoo, park, point_of_interest, establishment",zoo,Arunachal Pradesh,Winter,Changlang,45
Dehing Patkai National Park,27.3432258,95.54247199999999,4.6,"tourist_attraction, zoo, park, point_of_interest, establishment",zoo,Arunachal Pradesh,Winter,Changlang,145
Deomali Elephant Reserve,27.212063,95.49464499999999,5,"zoo, park, point_of_interest, establishment",zoo,Arunachal Pradesh,Winter,Changlang,1
Shiv Temple,27.2875142,95.7465744,5,"hindu_temple, place_of_worship, point_of_interest, establishment",temples,Arunachal Pradesh,All Seasons,Changlang,26
SRI SRI EKADASHI LAXMI NARAYAN MANDIR,27.368043,95.84172749999999,5,"hindu_temple, place_of_worship, point_of_interest, establishment",temples,Arunachal Pradesh,All Seasons,Changlang,24
Laxmi Narayan Temple,27.3584839,95.8723428,4.5,"hindu_temple, place_of_worship, point_of_interest, establishment",temples,Arunachal Pradesh,All Seasons,Changlang,35
Margherita Buddhist Temple,27.2880074,95.68874269999999,4.4,"place_of_worship, point_of_interest, establishment",temples,Arunachal Pradesh,All Seasons,Changlang,111
Shiva Temple,26.9977817,95.5066391,4.8,"hindu_temple, place_of_worship, point_of_interest, establishment",temples,Arunachal Pradesh,All Seasons,Changlang,11
Ketetong Buddhist monastery,27.34276,95.7103223,4.4,"place_of_worship, point_of_interest, establishment",temples,Arunachal Pradesh,All Seasons,Changlang,51
Dibong Buddhist Temple,27.3285304,95.690207,4.6,"place_of_worship, point_of_interest, establishment",temples,Arunachal Pradesh,All Seasons,Changlang,58
MARGHERITA KALI BARI MANDIR,27.2875626,95.67356079999999,4.2,"hindu_temple, place_of_worship, point_of_interest, establishment",temples,Arunachal Pradesh,All Seasons,Changlang,30
"Shiv Temple, Pathan Line, Bargolai",27.2772962,95.7143921,4.4,"hindu_temple, place_of_worship, point_of_interest, establishment",temples,Arunachal Pradesh,All Seasons,Changlang,11
TIKAK COLLIERY-SHIV MANDIR,27.2860084,95.73132969999999,4.8,"hindu_temple, place_of_worship, point_of_interest, establishment",temples,Arunachal Pradesh,All Seasons,Changlang,10
Radha Krishna Temple,27.2968903,95.74389939999999,5,"hindu_temple, place_of_worship, point_of_interest, establishment",temples,Arunachal Pradesh,All Seasons,Changlang,1
Hanumaan Temple,27.3829671,95.90040060000001,4.2,"hindu_temple, place_of_worship, point_of_interest, establishment",temples,Arunachal Pradesh,All Seasons,Changlang,31
Shiv Temple,27.2966625,95.75742989999999,5,"hindu_temple, place_of_worship, point_of_interest, establishment",temples,Arunachal Pradesh,All Seasons,Changlang,1
Satsang Kendra,26.9944285,95.50423839999999,4.8,"hindu_temple, place_of_worship, point_of_interest, establishment",temples,Arunachal Pradesh,All Seasons,Changlang,4
Bishnu Mandir,27.3758477,95.92961749999999,4.1,"hindu_temple, place_of_worship, point_of_interest, establishment",temples,Arunachal Pradesh,All Seasons,Changlang,22
Hill View,27.2863231,95.6614259,4.1,"car_wash, point_of_interest, establishment",hills,Arunachal Pradesh,Winter,Changlang,34
Tipam deosali hills,27.2604373,95.4152224,4.5,"park, point_of_interest, establishment",hills,Arunachal Pradesh,Winter,Changlang,409
Ngabon hill,26.8847943,95.4445688,5,"point_of_interest, establishment",hills,Arunachal Pradesh,Winter,Changlang,1
Hill-Top Resort (Notun kheti Village),27.0759177,95.53262339999999,5,"restaurant, point_of_interest, food, establishment",hills,Arunachal Pradesh,Winter,Changlang,3
HILL VIEW ENGLISH HIGH SCHOOL,27.2894543,95.7438571,4.3,"school, point_of_interest, establishment",hills,Arunachal Pradesh,Winter,Changlang,21
Ranwang hill,26.8864471,95.4391424,0,"tourist_attraction, point_of_interest, establishment",hills,Arunachal Pradesh,Winter,Changlang,0
Kuhoo hill,26.9266496,95.46157,0,"point_of_interest, establishment",hills,Arunachal Pradesh,Winter,Changlang,0
Patkai Hills Nursery,27.2971702,95.7698356,5,"point_of_interest, establishment",hills,Arunachal Pradesh,Winter,Changlang,6
Kulam Hoo Hills,26.9247331,95.461282,2.3,"point_of_interest, establishment",hills,Arunachal Pradesh,Winter,Changlang,3
HILL TOP WINES,27.1405601,95.737256,0,"liquor_store, store, point_of_interest, establishment",hills,Arunachal Pradesh,Winter,Changlang,0
Archaeological site Borduria ( Songlong thong),27.0323424,95.47633789999999,4,"point_of_interest, establishment",hills,Arunachal Pradesh,Winter,Changlang,2
Hotel Hilltop,26.9897617,95.5046191,4.8,"lodging, point_of_interest, establishment",hills,Arunachal Pradesh,Winter,Changlang,6
Kenia Bridge,27.3496359,95.87236039999999,4.6,"point_of_interest, establishment",hills,Arunachal Pradesh,Winter,Changlang,14
China Basti Kali Bari,27.2893695,95.73330949999999,4,"hindu_temple, place_of_worship, point_of_interest, establishment",hills,Arunachal Pradesh,Winter,Changlang,39
Dehing,27.2498559,95.4243935,4.5,"natural_feature, establishment",hills,Arunachal Pradesh,Winter,Changlang,8
Qahwah CAFE & DINE,27.2862751,95.66148679999999,4.1,"restaurant, point_of_interest, food, establishment",hills,Arunachal Pradesh,Winter,Changlang,13
Deomali,27.1973178,95.4678242,No rating,"locality, political",hills,Arunachal Pradesh,Winter,Changlang,0
Patkai,27.0,96.00000000000001,4.3,"natural_feature, establishment",hills,Arunachal Pradesh,Winter,Changlang,66
Tipam Fakial,27.259895,95.41496599999999,4.2,"tourist_attraction, point_of_interest, establishment",hills,Arunachal Pradesh,Winter,Changlang,28
Pokaa Ghor,27.2867283,95.65635739999999,4.3,"point_of_interest, establishment",hills,Arunachal Pradesh,Winter,Changlang,4
M&M farm,27.2861237,95.6608457,5,"point_of_interest, establishment",hills,Arunachal Pradesh,Winter,Changlang,1
VERTICAL PHARMACY,27.2906234,95.65781919999999,0,"pharmacy, health, store, point_of_interest, establishment",hills,Arunachal Pradesh,Winter,Changlang,0
Upwards,27.0,96.00000000000001,0,"point_of_interest, establishment",hills,Arunachal Pradesh,Winter,Changlang,0
General Store,27.2884973,95.6605641,0,"store, food, point_of_interest, establishment",hills,Arunachal Pradesh,Winter,Changlang,0
Indian Oil Petrol Pump,26.9939936,95.50867699999999,3.4,"gas_station, point_of_interest, establishment",hills,Arunachal Pradesh,Winter,Changlang,40
Sanjoy Shop,27.2632573,95.41408179999999,0,"store, food, point_of_interest, establishment",hills,Arunachal Pradesh,Winter,Changlang,0
State Bank of India KHONSA,26.9894967,95.5024352,3.4,"bank, point_of_interest, finance, establishment",hills,Arunachal Pradesh,Winter,Changlang,17
Dehing Patkai National Park,27.3432258,95.54247199999999,4.6,"tourist_attraction, zoo, park, point_of_interest, establishment",attraction,Arunachal Pradesh,All Seasons,Changlang,145
Ridge Point,27.388109,95.63235809999999,4.3,"tourist_attraction, point_of_interest, establishment",attraction,Arunachal Pradesh,All Seasons,Changlang,27
Margherita sunset point,27.2859119,95.65742019999999,4.2,"tourist_attraction, point_of_interest, establishment",attraction,Arunachal Pradesh,All Seasons,Changlang,26
Namdang peace point path,27.2701446,95.69023469999999,4.4,"tourist_attraction, point_of_interest, establishment",attraction,Arunachal Pradesh,All Seasons,Changlang,5
View Point,27.2928004,95.61657749999999,2.8,"tourist_attraction, point_of_interest, establishment",attraction,Arunachal Pradesh,All Seasons,Changlang,4
Tipam Fakial,27.259895,95.41496599999999,4.2,"tourist_attraction, point_of_interest, establishment",attraction,Arunachal Pradesh,All Seasons,Changlang,28
View Point,27.1078395,95.6613818,4.7,"tourist_attraction, point_of_interest, establishment",attraction,Arunachal Pradesh,All Seasons,Changlang,9
Tirap valley Fall,26.9956602,95.4951653,3.2,"tourist_attraction, point_of_interest, establishment",attraction,Arunachal Pradesh,All Seasons,Changlang,5
Jay D site,27.2314454,95.6291272,0,"tourist_attraction, point_of_interest, establishment",attraction,Arunachal Pradesh,All Seasons,Changlang,0
Buddha Statue,27.2449424,95.5061247,4.3,"tourist_attraction, point_of_interest, establishment",attraction,Arunachal Pradesh,All Seasons,Changlang,7
Hawa mahal namtok,27.2351429,95.6504076,2.8,"tourist_attraction, point_of_interest, establishment",attraction,Arunachal Pradesh,All Seasons,Changlang,5
"Ledo pahar,view point",27.2645838,95.7234431,5,"tourist_attraction, point_of_interest, establishment",attraction,Arunachal Pradesh,All Seasons,Changlang,2
Dehing Patkai National Forest,27.247705,95.4375853,4.5,"tourist_attraction, point_of_interest, establishment",attraction,Arunachal Pradesh,All Seasons,Changlang,2
"Eco tourism, Hukanjuri",27.1256011,95.4353842,4,"tourist_attraction, point_of_interest, establishment",attraction,Arunachal Pradesh,All Seasons,Changlang,3
Kangkan Mising Gaon,27.3853506,95.9032512,3.3,"tourist_attraction, point_of_interest, establishment",attraction,Arunachal Pradesh,All Seasons,Changlang,3
Dihing Patkai waterfall,27.3315628,95.4893892,4.2,"tourist_attraction, point_of_interest, establishment",attraction,Arunachal Pradesh,All Seasons,Changlang,9
Coal Heritage Park & Museum,27.2884933,95.67351400000001,4.2,"museum, tourist_attraction, point_of_interest, establishment",attraction,Arunachal Pradesh,All Seasons,Changlang,631
Mopaya picnic place,27.2448169,95.5670304,4.2,"tourist_attraction, point_of_interest, establishment",attraction,Arunachal Pradesh,All Seasons,Changlang,13
Tairit Rai (Tairit Stream),26.9318383,96.0131559,0,"tourist_attraction, point_of_interest, establishment",attraction,Arunachal Pradesh,All Seasons,Changlang,0
View point,26.8598197,95.4158058,0,"tourist_attraction, point_of_interest, establishment",attraction,Arunachal Pradesh,All Seasons,Changlang,0
Boga pani,27.0913383,95.4363183,4,"tourist_attraction, point_of_interest, establishment",attraction,Arunachal Pradesh,All Seasons,Changlang,1
Picnic spot,27.2281742,95.4778849,5,"tourist_attraction, point_of_interest, establishment",attraction,Arunachal Pradesh,All Seasons,Changlang,1
Yüyut Rai (Yüyut River),26.9745492,96.0098239,0,"tourist_attraction, point_of_interest, establishment",attraction,Arunachal Pradesh,All Seasons,Changlang,0
Taipum Rai (Taipum Stream),26.871022,95.92152,0,"tourist_attraction, point_of_interest, establishment",attraction,Arunachal Pradesh,All Seasons,Changlang,0
"Tipam, First Capital of Ahom Dynasty",27.2579966,95.4157232,4.4,"tourist_attraction, point_of_interest, establishment",attraction,Arunachal Pradesh,All Seasons,Changlang,7
Ranghill Village,27.1015735,95.9662139,3.3,"tourist_attraction, point_of_interest, establishment",attraction,Arunachal Pradesh,All Seasons,Changlang,3
Vivekananda Statue,27.2389742,95.488068,4.4,"tourist_attraction, point_of_interest, establishment",attraction,Arunachal Pradesh,All Seasons,Changlang,8
Bodhi Dwar - Grand Entrance Arch,27.2461121,95.5062416,0,"tourist_attraction, point_of_interest, establishment",attraction,Arunachal Pradesh,All Seasons,Changlang,0
Maizpix Rai (Maizpix Stream),26.8952976,95.9663932,0,"tourist_attraction, point_of_interest, establishment",attraction,Arunachal Pradesh,All Seasons,Changlang,0
Jagun ghat,27.3803632,95.89703829999999,0,"tourist_attraction, point_of_interest, establishment",attraction,Arunachal Pradesh,All Seasons,Changlang,0
Katani Tiniali-Binud store,27.3489939,95.46977389999999,2.2,"tourist_attraction, point_of_interest, establishment",attraction,Arunachal Pradesh,All Seasons,Changlang,6
Shiva Statue (Ramakrishna Mission Narottam Nagar),27.2431095,95.4914823,4.2,"tourist_attraction, point_of_interest, establishment",attraction,Arunachal Pradesh,All Seasons,Changlang,5
Tailaiz Rai,26.95982,95.97020529999999,0,"tourist_attraction, point_of_interest, establishment",attraction,Arunachal Pradesh,All Seasons,Changlang,0
Digboi Centenary Park,27.3873512,95.61458429999999,4.2,"park, tourist_attraction, point_of_interest, establishment",attraction,Arunachal Pradesh,All Seasons,Changlang,589
Khonsa (tirap district),26.9925901,95.5014167,0,"tourist_attraction, point_of_interest, establishment",attraction,Arunachal Pradesh,All Seasons,Changlang,0
Digboi Centenary Museum,27.3885849,95.6242637,4.5,"tourist_attraction, museum, point_of_interest, establishment",attraction,Arunachal Pradesh,All Seasons,Changlang,872
"Khonsa District Museum - Khonsa, Tirap District, Arunachal Pradesh, India",26.9907591,95.5031537,3,"museum, tourist_attraction, point_of_interest, establishment",attraction,Arunachal Pradesh,All Seasons,Changlang,7
Jeypore Rainforest,27.3272894,95.495655,4.4,"zoo, park, point_of_interest, establishment",attraction,Arunachal Pradesh,All Seasons,Changlang,45
Nilu's Camping Ground,28.9907867,95.9336166,0,"campground, lodging, park, point_of_interest, establishment",parks,Arunachal Pradesh,Spring,Dibang Valley,0
Dibang Wildlife Sanctuary,29.0135705,95.95836489999999,4.4,"park, point_of_interest, establishment",parks,Arunachal Pradesh,Spring,Dibang Valley,338
Leyaka Camping Ground,28.7909527,95.90292679999999,4.4,"campground, lodging, park, point_of_interest, establishment",parks,Arunachal Pradesh,Spring,Dibang Valley,16
Mipi,28.7972218,95.9047875,4.3,"campground, lodging, park, point_of_interest, establishment",parks,Arunachal Pradesh,Spring,Dibang Valley,29
Emuli Top,28.9022264,95.8387553,5,"park, point_of_interest, establishment",parks,Arunachal Pradesh,Spring,Dibang Valley,3
Seven lake,28.793267,96.0566685,5,"park, point_of_interest, establishment",parks,Arunachal Pradesh,Spring,Dibang Valley,4
Shiva Lake - Acheso,28.9246008,95.9746658,3.5,"park, point_of_interest, establishment",parks,Arunachal Pradesh,Spring,Dibang Valley,4
Matu Waterfall,28.95231249999999,95.9647344,4.7,"tourist_attraction, point_of_interest, establishment",waterfalls,Arunachal Pradesh,Monsoon,Dibang Valley,28
Emiya view point,28.68558729999999,95.8478765,4.3,"tourist_attraction, point_of_interest, establishment",waterfalls,Arunachal Pradesh,Monsoon,Dibang Valley,7
Anini View Point,28.8022808,95.9119722,4.6,"tourist_attraction, point_of_interest, establishment",waterfalls,Arunachal Pradesh,Monsoon,Dibang Valley,342
Seven lake,28.793267,96.0566685,5,"park, point_of_interest, establishment",waterfalls,Arunachal Pradesh,Monsoon,Dibang Valley,4
Chigu Camp,29.0685875,96.0270464,4.6,"tourist_attraction, lodging, point_of_interest, establishment",waterfalls,Arunachal Pradesh,Monsoon,Dibang Valley,139
Dree-Afra Campsite (Acheso),28.9338008,95.97214079999999,4.7,"lodging, point_of_interest, establishment",waterfalls,Arunachal Pradesh,Monsoon,Dibang Valley,72
Dri River,29.0507134,96.0071712,4.4,"natural_feature, establishment",waterfalls,Arunachal Pradesh,Monsoon,Dibang Valley,28
GREF MANDIR,28.8017401,95.9126048,3,"hindu_temple, place_of_worship, point_of_interest, establishment",temples,Arunachal Pradesh,All Seasons,Dibang Valley,1
"Mishmi Hill Resorts, Anini",28.8060924,95.89030840000001,4,"lodging, point_of_interest, establishment",hills,Arunachal Pradesh,Winter,Dibang Valley,105
Blue Hills Cyber Cafe,28.7930102,95.89851790000002,0,"point_of_interest, establishment",hills,Arunachal Pradesh,Winter,Dibang Valley,0
Mishmi Takin Homestay,28.8023189,95.8941811,4.9,"lodging, point_of_interest, establishment",hills,Arunachal Pradesh,Winter,Dibang Valley,72
Hotel Pine Valley,28.7994769,95.90104769999999,3.7,"lodging, point_of_interest, establishment",hills,Arunachal Pradesh,Winter,Dibang Valley,69
Anini View Point,28.8022808,95.9119722,4.6,"tourist_attraction, point_of_interest, establishment",attraction,Arunachal Pradesh,All Seasons,Dibang Valley,342
Emiya view point,28.68558729999999,95.8478765,4.3,"tourist_attraction, point_of_interest, establishment",attraction,Arunachal Pradesh,All Seasons,Dibang Valley,7
Dibang valley view point,28.7972218,95.9047875,1,"tourist_attraction, point_of_interest, establishment",attraction,Arunachal Pradesh,All Seasons,Dibang Valley,1
I love anini point,28.78096499999999,95.8938044,0,"tourist_attraction, point_of_interest, establishment",attraction,Arunachal Pradesh,All Seasons,Dibang Valley,0
Chai pani,28.9213545,95.9732778,4.7,"tourist_attraction, point_of_interest, establishment",attraction,Arunachal Pradesh,All Seasons,Dibang Valley,3
Emuly Grasslands,28.8949038,95.83469509999999,5,"tourist_attraction, point_of_interest, establishment",attraction,Arunachal Pradesh,All Seasons,Dibang Valley,3
Matu Waterfall,28.95231249999999,95.9647344,4.7,"tourist_attraction, point_of_interest, establishment",attraction,Arunachal Pradesh,All Seasons,Dibang Valley,28
Ritu Molo Trout fish farm,28.907759,95.9494859,0,"tourist_attraction, point_of_interest, establishment",attraction,Arunachal Pradesh,All Seasons,Dibang Valley,0
Seven lake,28.793267,96.0566685,5,"park, point_of_interest, establishment",attraction,Arunachal Pradesh,All Seasons,Dibang Valley,4
Chigu Camp,29.0685875,96.0270464,4.6,"tourist_attraction, lodging, point_of_interest, establishment",attraction,Arunachal Pradesh,All Seasons,Dibang Valley,139
Bengia Tabin fruit plantation,27.9139181,93.3234172,5,"park, point_of_interest, establishment",parks,Arunachal Pradesh,Spring,East Kameng,1
Jayang bag and srp point,27.738977,93.160561,0,"park, point_of_interest, establishment",parks,Arunachal Pradesh,Spring,East Kameng,0
Bengia Hashi Orange Orchard,27.9091092,93.3395822,0,"park, point_of_interest, establishment",parks,Arunachal Pradesh,Spring,East Kameng,0
Dharmu,28.1230625,93.00631249999999,0,"park, point_of_interest, establishment",parks,Arunachal Pradesh,Spring,East Kameng,0
Tapa,28.1641875,93.2000625,0,"park, point_of_interest, establishment",parks,Arunachal Pradesh,Spring,East Kameng,0
Semai Forest,28.0116875,92.8824375,0,"park, point_of_interest, establishment",parks,Arunachal Pradesh,Spring,East Kameng,0
Jammu Chimai,28.1755625,92.9035625,0,"park, point_of_interest, establishment",parks,Arunachal Pradesh,Spring,East Kameng,0
UNU LEGO PEAK,28.1649757,92.80276359999999,0,"park, point_of_interest, establishment",parks,Arunachal Pradesh,Spring,East Kameng,0
Jay baba veer nath,27.9263185,93.1628267,0,"hindu_temple, place_of_worship, point_of_interest, establishment",temples,Arunachal Pradesh,All Seasons,East Kameng,0
Taping Yarda (Hill),27.8930153,93.3376564,4.5,"tourist_attraction, point_of_interest, establishment",hills,Arunachal Pradesh,Winter,East Kameng,2
Taping Yarda (Hill),27.8930153,93.3376564,4.5,"tourist_attraction, point_of_interest, establishment",attraction,Arunachal Pradesh,All Seasons,East Kameng,2
Chimpung La,28.1929375,93.0515625,0,"tourist_attraction, point_of_interest, establishment",attraction,Arunachal Pradesh,All Seasons,East Kameng,0
Lutin La,28.1905625,93.0415625,5,"tourist_attraction, point_of_interest, establishment",attraction,Arunachal Pradesh,All Seasons,East Kameng,1
Park,28.0644156,95.3273928,3.4,"park, point_of_interest, establishment",parks,Arunachal Pradesh,Spring,East Siang,379
Siang Park,28.0957135,95.3033598,4.2,"park, point_of_interest, establishment",parks,Arunachal Pradesh,Spring,East Siang,189
SND PARK,27.8323347,95.26564669999999,4.8,"park, point_of_interest, establishment",parks,Arunachal Pradesh,Spring,East Siang,4
Jonai Children Park,27.8264362,95.22753449999999,3.3,"park, point_of_interest, establishment",parks,Arunachal Pradesh,Spring,East Siang,208
Komlighat Park,28.0768937,95.33531669999999,4.1,"park, point_of_interest, establishment",parks,Arunachal Pradesh,Spring,East Siang,215
Botanical Playground Park,28.0690142,95.31899279999999,3.8,"park, point_of_interest, establishment",parks,Arunachal Pradesh,Spring,East Siang,4
Daying Ering wildlife sanctuary,27.9961496,95.44057529999999,3.9,"tourist_attraction, park, point_of_interest, establishment",parks,Arunachal Pradesh,Spring,East Siang,16
JN College Park,28.0835769,95.3082254,4,"park, point_of_interest, establishment",parks,Arunachal Pradesh,Spring,East Siang,1
Midu Lireng,28.1320035,95.2997322,4.2,"park, point_of_interest, establishment",parks,Arunachal Pradesh,Spring,East Siang,5
Komlighat,28.0773016,95.3359289,4.2,"tourist_attraction, point_of_interest, establishment",parks,Arunachal Pradesh,Spring,East Siang,63
WRC Field of Opil Pertin,27.9580887,95.33034219999999,0,"park, point_of_interest, establishment",parks,Arunachal Pradesh,Spring,East Siang,0
Rambang Mini Tea Garden,27.9036875,95.3294375,4.7,"park, point_of_interest, establishment",parks,Arunachal Pradesh,Spring,East Siang,3
OJING BORANG RUBBER GARDEN,27.9245625,95.1895625,5,"park, point_of_interest, establishment",parks,Arunachal Pradesh,Spring,East Siang,1
Robin Lego's Area,28.1027148,95.3052039,5,"park, point_of_interest, establishment",parks,Arunachal Pradesh,Spring,East Siang,1
Hill top garden,28.2689976,95.61688339999999,0,"park, point_of_interest, establishment",parks,Arunachal Pradesh,Spring,East Siang,0
Bharat Modi firm,28.0201615,95.3134913,5,"park, point_of_interest, establishment",parks,Arunachal Pradesh,Spring,East Siang,1
Bikram house,27.8144489,95.14835029999999,0,"park, point_of_interest, establishment",parks,Arunachal Pradesh,Spring,East Siang,0
Mangnang Forest,27.8913763,95.27954919999999,0,"park, point_of_interest, establishment",parks,Arunachal Pradesh,Spring,East Siang,0
Modi bettle nut garden,28.074472,95.276596,0,"park, point_of_interest, establishment",parks,Arunachal Pradesh,Spring,East Siang,0
Kalapani,28.0101863,95.6399718,4,"park, point_of_interest, establishment",parks,Arunachal Pradesh,Spring,East Siang,2
Rambang Betel Nut Garden,27.915549,95.3469957,5,"park, point_of_interest, establishment",parks,Arunachal Pradesh,Spring,East Siang,1
A & N (TBH) Garden,27.8475371,95.08956909999999,4,"park, point_of_interest, establishment",parks,Arunachal Pradesh,Spring,East Siang,3
Lala Bhai kem,27.8598778,95.6272618,4,"park, point_of_interest, establishment",parks,Arunachal Pradesh,Spring,East Siang,1
Jiti Linggi Timber Plantation Aohali Village,28.1959356,95.5255933,4.2,"park, point_of_interest, establishment",parks,Arunachal Pradesh,Spring,East Siang,5
Pogi Mepola Orange garden Aohali,28.2174147,95.53379249999999,5,"park, point_of_interest, establishment",parks,Arunachal Pradesh,Spring,East Siang,3
D'Ering Memorial Wildlife Sanctuary,27.9399757,95.4497166,4,"park, point_of_interest, establishment",parks,Arunachal Pradesh,Spring,East Siang,4
APUM PINE APPLE GARDEN,28.265753,95.6254945,5,"park, point_of_interest, establishment",parks,Arunachal Pradesh,Spring,East Siang,1
DUNABARI WRC field,28.0059404,95.58364739999999,0,"park, point_of_interest, establishment",parks,Arunachal Pradesh,Spring,East Siang,0
Pyayin korong,28.2943614,95.5706527,5,"park, point_of_interest, establishment",parks,Arunachal Pradesh,Spring,East Siang,1
Buse Liiyak,28.2997845,95.6062996,5,"park, point_of_interest, establishment",parks,Arunachal Pradesh,Spring,East Siang,1
"Mirem, Remi River",27.9614337,95.2003926,5,"park, point_of_interest, establishment",parks,Arunachal Pradesh,Spring,East Siang,2
Rambang Mini Tea Garden 2,27.8964046,95.367181,0,"park, point_of_interest, establishment",parks,Arunachal Pradesh,Spring,East Siang,0
Santa Bahadur Rai Garden,27.8063003,95.13495809999999,0,"park, point_of_interest, establishment",parks,Arunachal Pradesh,Spring,East Siang,0
"Sibo Rivers / Bridge, Aohali",28.1653794,95.404369,5,"park, point_of_interest, establishment",parks,Arunachal Pradesh,Spring,East Siang,1
Monam,27.8158584,95.2305828,0,"park, point_of_interest, establishment",parks,Arunachal Pradesh,Spring,East Siang,0
Augusta doley..house,27.8576686,95.55525449999999,3,"park, point_of_interest, establishment",parks,Arunachal Pradesh,Spring,East Siang,1
Doso Aguluu (Nallah),28.1929824,95.52631819999999,0,"park, point_of_interest, establishment",parks,Arunachal Pradesh,Spring,East Siang,0
Jintu Hazarika,28.045585,95.61884,0,"park, point_of_interest, establishment",parks,Arunachal Pradesh,Spring,East Siang,0
Rajeet Tayeng WRC field,28.0288841,95.4997556,0,"park, point_of_interest, establishment",parks,Arunachal Pradesh,Spring,East Siang,0
Harvesting,27.8961655,95.36167139999999,0,"park, point_of_interest, establishment",parks,Arunachal Pradesh,Spring,East Siang,0
Rank of,27.8249035,95.2263584,1,"park, point_of_interest, establishment",parks,Arunachal Pradesh,Spring,East Siang,1
Sikang Boggo Eco Tour,28.1507336,95.2732102,4.2,"campground, park, lodging, point_of_interest, establishment",parks,Arunachal Pradesh,Spring,East Siang,12
Ogom's Orchard,28.036009,95.3434259,0,"park, point_of_interest, establishment",parks,Arunachal Pradesh,Spring,East Siang,0
Kedeyang Apum,28.2682018,95.62319339999999,0,"park, point_of_interest, establishment",parks,Arunachal Pradesh,Spring,East Siang,0
siang view,28.0880625,95.3246875,0,"park, point_of_interest, establishment",parks,Arunachal Pradesh,Spring,East Siang,0
Lover piont,27.9092029,95.228768,2,"park, point_of_interest, establishment",parks,Arunachal Pradesh,Spring,East Siang,1
Nari Moopin Ground,27.7956425,95.0554748,3.6,"park, point_of_interest, establishment",parks,Arunachal Pradesh,Spring,East Siang,34
Hanging Bridge Top,27.891146,95.21271800000001,5,"park, point_of_interest, establishment",parks,Arunachal Pradesh,Spring,East Siang,2
Digring stream,27.9546596,95.20243839999999,0,"park, point_of_interest, establishment",parks,Arunachal Pradesh,Spring,East Siang,0
Botanical Garden,27.8298892,95.2330444,0,"park, point_of_interest, establishment",parks,Arunachal Pradesh,Spring,East Siang,0
Trek point,27.8917482,95.21269649999999,0,"park, point_of_interest, establishment",parks,Arunachal Pradesh,Spring,East Siang,0
Pinda Linggi Plantation Garden Aohali,28.1097051,95.1432068,0,"park, point_of_interest, establishment",parks,Arunachal Pradesh,Spring,East Siang,0
O. YOSUNG PLOT PEJAP ARIK,28.0152275,95.32941249999999,0,"park, point_of_interest, establishment",parks,Arunachal Pradesh,Spring,East Siang,0
Railway track on YOSUNG PLOT,28.0152725,95.32983899999999,0,"park, point_of_interest, establishment",parks,Arunachal Pradesh,Spring,East Siang,0
K. Pao small tea garden,27.8354416,95.3337731,0,"park, point_of_interest, establishment",parks,Arunachal Pradesh,Spring,East Siang,0
Rukbo Oil palm Field,27.9952416,95.3315818,0,"park, point_of_interest, establishment",parks,Arunachal Pradesh,Spring,East Siang,0
CHOUDHURY HOUSE,27.851309,95.2595705,0,"park, point_of_interest, establishment",parks,Arunachal Pradesh,Spring,East Siang,0
Orem Gao,28.050869,95.31779449999999,0,"park, point_of_interest, establishment",parks,Arunachal Pradesh,Spring,East Siang,0
Tatak fishery,27.9023737,95.30435229999999,4.7,"campground, park, lodging, point_of_interest, establishment",parks,Arunachal Pradesh,Spring,East Siang,3
Krishna pur village,27.8337864,95.22014279999999,0,"park, point_of_interest, establishment",parks,Arunachal Pradesh,Spring,East Siang,0
District Museum Pasighat,28.0684403,95.33131990000001,3.2,"museum, tourist_attraction, point_of_interest, establishment",museum,Arunachal Pradesh,Winter,East Siang,28
Komlighat,28.0773016,95.3359289,4.2,"tourist_attraction, point_of_interest, establishment",museum,Arunachal Pradesh,Winter,East Siang,63
Museum,28.0618866,95.32590119999999,0,"museum, point_of_interest, establishment",museum,Arunachal Pradesh,Winter,East Siang,0
The Hump Museum,28.0400029,95.3384844,3.8,"museum, point_of_interest, establishment",museum,Arunachal Pradesh,Winter,East Siang,5
Sirki waterfall,28.102949,95.2680979,4.2,"tourist_attraction, point_of_interest, establishment",waterfalls,Arunachal Pradesh,Monsoon,East Siang,700
Pasighat View Point,28.1739753,95.21731799999999,4.4,"tourist_attraction, point_of_interest, establishment",waterfalls,Arunachal Pradesh,Monsoon,East Siang,68
Peaceful SIANG point of view,28.0964749,95.3010632,4.4,"tourist_attraction, point_of_interest, establishment",waterfalls,Arunachal Pradesh,Monsoon,East Siang,114
Siku River,28.15238,95.38051899999999,4.2,"tourist_attraction, point_of_interest, establishment",waterfalls,Arunachal Pradesh,Monsoon,East Siang,42
Siang Park,28.0957135,95.3033598,4.2,"park, point_of_interest, establishment",waterfalls,Arunachal Pradesh,Monsoon,East Siang,189
Komlighat,28.0773016,95.3359289,4.2,"tourist_attraction, point_of_interest, establishment",waterfalls,Arunachal Pradesh,Monsoon,East Siang,63
Rengging View Point,28.1395968,95.2761053,4.5,"tourist_attraction, point_of_interest, establishment",waterfalls,Arunachal Pradesh,Monsoon,East Siang,38
Park,28.0644156,95.3273928,3.4,"park, point_of_interest, establishment",waterfalls,Arunachal Pradesh,Monsoon,East Siang,379
Komlighat Park,28.0768937,95.33531669999999,4.1,"park, point_of_interest, establishment",waterfalls,Arunachal Pradesh,Monsoon,East Siang,215
Dambuk picnic,28.266156,95.60718039999999,4.2,"tourist_attraction, point_of_interest, establishment",waterfalls,Arunachal Pradesh,Monsoon,East Siang,88
Siang River View Resort,28.1031102,95.3058375,4.3,"tourist_attraction, point_of_interest, establishment",waterfalls,Arunachal Pradesh,Monsoon,East Siang,122
Dura Valley Swimming Pool and Dura Valley Resort,28.1222636,95.2737858,5,"tourist_attraction, point_of_interest, establishment",waterfalls,Arunachal Pradesh,Monsoon,East Siang,2
I Love Pasighat Tourist Spot,28.0957706,95.3034668,4.3,"tourist_attraction, point_of_interest, establishment",waterfalls,Arunachal Pradesh,Monsoon,East Siang,9
River view of siang,28.1116421,95.2825003,4.5,"tourist_attraction, point_of_interest, establishment",waterfalls,Arunachal Pradesh,Monsoon,East Siang,6
"Dambuk, Arunachal Pradesh",28.2689976,95.61688339999999,4.4,"tourist_attraction, point_of_interest, establishment",waterfalls,Arunachal Pradesh,Monsoon,East Siang,210
RENGGING HORIZON,28.1229797,95.2739715,5,"campground, park, lodging, point_of_interest, establishment",waterfalls,Arunachal Pradesh,Monsoon,East Siang,1
Sikang Boggo Eco Tour,28.1507336,95.2732102,4.2,"campground, park, lodging, point_of_interest, establishment",waterfalls,Arunachal Pradesh,Monsoon,East Siang,12
Sibot picnic spot,28.1544745,95.265247,4.5,"point_of_interest, establishment",waterfalls,Arunachal Pradesh,Monsoon,East Siang,55
"Siang River, Pasighat",28.0697456,95.3412216,4.8,"point_of_interest, establishment",waterfalls,Arunachal Pradesh,Monsoon,East Siang,24
Memories point Meenam&Ano,28.1667131,95.24841579999999,5,"point_of_interest, establishment",waterfalls,Arunachal Pradesh,Monsoon,East Siang,3
Sibot picnic spot,28.1544745,95.265247,4.5,"point_of_interest, establishment",beaches,Arunachal Pradesh,Summer,East Siang,55
Komlighat Park,28.0768937,95.33531669999999,4.1,"park, point_of_interest, establishment",beaches,Arunachal Pradesh,Summer,East Siang,215
Miniso,28.0621764,95.33465079999999,3.7,"department_store, store, point_of_interest, establishment",beaches,Arunachal Pradesh,Summer,East Siang,57
Sri Sri Mrityunjay Shiv Mandir,27.8212556,95.2150896,4.8,"hindu_temple, place_of_worship, point_of_interest, establishment",temples,Arunachal Pradesh,All Seasons,East Siang,5
Dangaria Baba Mandir,27.8285994,95.2204637,5,"hindu_temple, place_of_worship, point_of_interest, establishment",temples,Arunachal Pradesh,All Seasons,East Siang,5
Lakhi Nepali Durga Mandir,27.8358848,95.22235959999999,4,"hindu_temple, place_of_worship, point_of_interest, establishment",temples,Arunachal Pradesh,All Seasons,East Siang,36
Dangaria Baba Shiva Temple,28.0896966,95.2998853,4.3,"hindu_temple, tourist_attraction, place_of_worship, point_of_interest, establishment",temples,Arunachal Pradesh,All Seasons,East Siang,295
Mainawpur Mahadev Mandir,27.8088351,95.12782829999999,5,"hindu_temple, place_of_worship, point_of_interest, establishment",temples,Arunachal Pradesh,All Seasons,East Siang,1
Sunapur Shiva Thaan,27.8150908,95.1398121,4.8,"hindu_temple, place_of_worship, point_of_interest, establishment",temples,Arunachal Pradesh,All Seasons,East Siang,4
Balaji Mandir,28.0611243,95.3301908,3.6,"hindu_temple, place_of_worship, point_of_interest, establishment",temples,Arunachal Pradesh,All Seasons,East Siang,27
Durga Mandir,27.830152,95.1835649,4.3,"hindu_temple, place_of_worship, point_of_interest, establishment",temples,Arunachal Pradesh,All Seasons,East Siang,20
Shree Shree Hanuman Mandir Udaipur.jonai,27.8246361,95.23081119999999,3.7,"hindu_temple, place_of_worship, point_of_interest, establishment",temples,Arunachal Pradesh,All Seasons,East Siang,3
No 1 Singapur Singa than Temple,27.8081909,95.1374675,4.7,"hindu_temple, place_of_worship, point_of_interest, establishment",temples,Arunachal Pradesh,All Seasons,East Siang,10
Basudev Temple,27.8038702,95.04724039999999,4.6,"hindu_temple, place_of_worship, point_of_interest, establishment",temples,Arunachal Pradesh,All Seasons,East Siang,9
TAI AHOM TEMPLE,27.8348345,95.22179489999999,0,"place_of_worship, point_of_interest, establishment",temples,Arunachal Pradesh,All Seasons,East Siang,0
Bathou Mandir,28.0475597,95.33302309999999,5,"hindu_temple, place_of_worship, point_of_interest, establishment",temples,Arunachal Pradesh,All Seasons,East Siang,2
Sri Sri Sankat Mochan Mandir,27.8419924,95.22156,4.7,"hindu_temple, place_of_worship, point_of_interest, establishment",temples,Arunachal Pradesh,All Seasons,East Siang,6
"Shiv Mandir, Niglok",27.8959383,95.23435429999999,4,"hindu_temple, place_of_worship, point_of_interest, establishment",temples,Arunachal Pradesh,All Seasons,East Siang,4
Shiv Mandir,28.070303,95.32276929999999,5,"hindu_temple, place_of_worship, point_of_interest, establishment",temples,Arunachal Pradesh,All Seasons,East Siang,2
"Bathou Mandir, Maidangsri",27.802164,95.13936059999999,5,"hindu_temple, place_of_worship, point_of_interest, establishment",temples,Arunachal Pradesh,All Seasons,East Siang,1
Krishna Mandir ( Temple),27.8572148,95.3374903,5,"hindu_temple, place_of_worship, point_of_interest, establishment",temples,Arunachal Pradesh,All Seasons,East Siang,1
Durga Mandir,27.8248496,95.2289113,4.7,"hindu_temple, place_of_worship, point_of_interest, establishment",temples,Arunachal Pradesh,All Seasons,East Siang,6
Chorten,27.8349052,95.1797354,4.8,"place_of_worship, point_of_interest, establishment",temples,Arunachal Pradesh,All Seasons,East Siang,11
Nepali Shive Mandir,28.0472481,95.33342929999999,4.7,"hindu_temple, place_of_worship, point_of_interest, establishment",temples,Arunachal Pradesh,All Seasons,East Siang,3
Shiv Mandir,27.8286011,95.2204615,4,"hindu_temple, place_of_worship, point_of_interest, establishment",temples,Arunachal Pradesh,All Seasons,East Siang,7
Rayang Temple,27.8309583,95.1827696,5,"hindu_temple, place_of_worship, point_of_interest, establishment",temples,Arunachal Pradesh,All Seasons,East Siang,1
"HANUMAN MANDIR, JONAI",27.8238094,95.2294599,4.1,"hindu_temple, place_of_worship, point_of_interest, establishment",temples,Arunachal Pradesh,All Seasons,East Siang,8
Bashudev tample gate,27.8054524,95.04639460000001,4,"hindu_temple, place_of_worship, point_of_interest, establishment",temples,Arunachal Pradesh,All Seasons,East Siang,1
ब्रह्म मन्दिर,27.8011714,95.1401788,3.8,"hindu_temple, place_of_worship, point_of_interest, establishment",temples,Arunachal Pradesh,All Seasons,East Siang,4
KHARHA TAPU HANUMAN MANDIR,27.8538133,95.63667679999999,3,"hindu_temple, place_of_worship, point_of_interest, establishment",temples,Arunachal Pradesh,All Seasons,East Siang,5
Oriyamghat bolenat Sib MANDIR (Temple),27.8387363,95.3510589,4,"hindu_temple, place_of_worship, point_of_interest, establishment",temples,Arunachal Pradesh,All Seasons,East Siang,2
"বাথৌ মন্দির,জনাই বিয়াব",27.8241608,95.2144753,4.5,"hindu_temple, place_of_worship, point_of_interest, establishment",temples,Arunachal Pradesh,All Seasons,East Siang,2
No 1 Singapur Gorkha Velley Durga Mandir,27.8131235,95.1363777,4.6,"hindu_temple, place_of_worship, point_of_interest, establishment",temples,Arunachal Pradesh,All Seasons,East Siang,11
Shri Shri Hanuman Mandir,27.8370769,95.2172241,4,"hindu_temple, place_of_worship, point_of_interest, establishment",temples,Arunachal Pradesh,All Seasons,East Siang,2
3netra Baba Temple,27.8239407,95.2187466,4,"hindu_temple, place_of_worship, point_of_interest, establishment",temples,Arunachal Pradesh,All Seasons,East Siang,6
Kamakhya Tatóh Yayó Bura Buri Taan (Mandir/Temple ),27.8562387,95.33828729999999,5,"hindu_temple, place_of_worship, point_of_interest, establishment",temples,Arunachal Pradesh,All Seasons,East Siang,2
Siv mondir,27.7988797,95.1784617,3,"hindu_temple, place_of_worship, point_of_interest, establishment",temples,Arunachal Pradesh,All Seasons,East Siang,2
"Mainaopur Brahma Mandir, माइनावपुर ब्रह्म मन्दिर",27.8003875,95.1294027,4,"hindu_temple, place_of_worship, point_of_interest, establishment",temples,Arunachal Pradesh,All Seasons,East Siang,2
Kali Mandir,27.8009533,95.2469766,3.9,"hindu_temple, place_of_worship, point_of_interest, establishment",temples,Arunachal Pradesh,All Seasons,East Siang,7
Shiv Mandir Romdum,28.1665771,95.42464249999999,5,"hindu_temple, place_of_worship, point_of_interest, establishment",temples,Arunachal Pradesh,All Seasons,East Siang,2
Shive Mandir,27.8065251,95.13119239999999,3.5,"hindu_temple, place_of_worship, point_of_interest, establishment",temples,Arunachal Pradesh,All Seasons,East Siang,2
Brahma Mandir ब्रह्म मन्दिर,27.8072473,95.1491858,4,"hindu_temple, place_of_worship, point_of_interest, establishment",temples,Arunachal Pradesh,All Seasons,East Siang,2
"বাথৌ মন্দির, হাথিজান",27.8279469,95.20852599999999,5,"hindu_temple, place_of_worship, point_of_interest, establishment",temples,Arunachal Pradesh,All Seasons,East Siang,1
No,27.8321907,95.2214434,0,"hindu_temple, place_of_worship, point_of_interest, establishment",temples,Arunachal Pradesh,All Seasons,East Siang,0
Sukan Nala Ma kali mondir,27.817244,95.18576949999999,5,"hindu_temple, place_of_worship, point_of_interest, establishment",temples,Arunachal Pradesh,All Seasons,East Siang,1
Appun Dolung Murong,27.8182782,95.2163829,5,"hindu_temple, place_of_worship, point_of_interest, establishment",temples,Arunachal Pradesh,All Seasons,East Siang,2
SRI SRI SHIB KHALI MANDIR,27.8202371,95.2753168,0,"hindu_temple, place_of_worship, point_of_interest, establishment",temples,Arunachal Pradesh,All Seasons,East Siang,0
Sri Sri Maha shiv dangoriya Temple Rigbi,27.8039838,95.2750693,0,"hindu_temple, place_of_worship, point_of_interest, establishment",temples,Arunachal Pradesh,All Seasons,East Siang,0
"Gompa, Pasighat",28.0709029,95.3301989,3.7,"place_of_worship, point_of_interest, establishment",temples,Arunachal Pradesh,All Seasons,East Siang,3
Balia,27.8215058,95.23580349999999,0,"hindu_temple, place_of_worship, point_of_interest, establishment",temples,Arunachal Pradesh,All Seasons,East Siang,0
Keteki aai mandir,27.8639979,95.29334949999999,3,"hindu_temple, place_of_worship, point_of_interest, establishment",temples,Arunachal Pradesh,All Seasons,East Siang,1
Ranjan das,27.8262677,95.222814,0,"hindu_temple, place_of_worship, point_of_interest, establishment",temples,Arunachal Pradesh,All Seasons,East Siang,0
Mahadev Temple,27.8293321,95.2195417,1,"hindu_temple, place_of_worship, point_of_interest, establishment",temples,Arunachal Pradesh,All Seasons,East Siang,1
"Bathou Mandir,बाथौ मन्दिर",27.8068328,95.1487427,0,"hindu_temple, place_of_worship, point_of_interest, establishment",temples,Arunachal Pradesh,All Seasons,East Siang,0
Oriyamghat DOONYI POOLO Prayer Centre ( Ganging),27.8440985,95.3498553,5,"hindu_temple, place_of_worship, point_of_interest, establishment",temples,Arunachal Pradesh,All Seasons,East Siang,1
Joy guru Mandir,27.8261819,95.22010159999999,0,"hindu_temple, place_of_worship, point_of_interest, establishment",temples,Arunachal Pradesh,All Seasons,East Siang,0
SATSANG KENDRA PASIGHAT,28.0549269,95.34082599999999,2.7,"hindu_temple, place_of_worship, point_of_interest, establishment",temples,Arunachal Pradesh,All Seasons,East Siang,3
Udaipur Bathwu Mondir,27.7952365,95.1607306,0,"hindu_temple, place_of_worship, point_of_interest, establishment",temples,Arunachal Pradesh,All Seasons,East Siang,0
"Bathou Mandir, Silikhaguri",27.8075996,95.19852709999999,0,"hindu_temple, place_of_worship, point_of_interest, establishment",temples,Arunachal Pradesh,All Seasons,East Siang,0
"সিলিখাগুড়ি ব্রহ্ম মন্দিৰ,सिलिखागुरि ब्रह्म मन्दिर",27.8082095,95.1988975,5,"hindu_temple, place_of_worship, point_of_interest, establishment",temples,Arunachal Pradesh,All Seasons,East Siang,1
Jonai Station Namghar,27.8307439,95.2211095,3.9,"hindu_temple, place_of_worship, point_of_interest, establishment",temples,Arunachal Pradesh,All Seasons,East Siang,14
Ratanput,27.7979869,95.235709,0,"hindu_temple, place_of_worship, point_of_interest, establishment",temples,Arunachal Pradesh,All Seasons,East Siang,0
JUNBOR NAMGHAR,27.8066464,95.1598333,0,"hindu_temple, place_of_worship, point_of_interest, establishment",temples,Arunachal Pradesh,All Seasons,East Siang,0
Hill top garden,28.2689976,95.61688339999999,0,"park, point_of_interest, establishment",hills,Arunachal Pradesh,Winter,East Siang,0
Lakku hills,28.2714125,95.60956519999999,4.8,"tourist_attraction, point_of_interest, establishment",hills,Arunachal Pradesh,Winter,East Siang,4
Siang Park,28.0957135,95.3033598,4.2,"park, point_of_interest, establishment",hills,Arunachal Pradesh,Winter,East Siang,189
"Rombo Hills , pasighat",28.0832672,95.2934136,5,"point_of_interest, establishment",hills,Arunachal Pradesh,Winter,East Siang,1
HILL TOP GARDEN,28.2802275,95.61099589999999,0,"lodging, point_of_interest, establishment",hills,Arunachal Pradesh,Winter,East Siang,0
Green Hills Cafe,27.8411554,95.2217841,5,"restaurant, food, point_of_interest, establishment",hills,Arunachal Pradesh,Winter,East Siang,1
Rombo Hills village,27.8665783,95.2230749,0,"point_of_interest, establishment",hills,Arunachal Pradesh,Winter,East Siang,0
"Hill Top S.O, 791103",28.0787884,95.3131574,1,"post_office, finance, point_of_interest, establishment",hills,Arunachal Pradesh,Winter,East Siang,1
Kusum Red Hill Restaurant,27.8255277,95.2284959,0,"restaurant, food, point_of_interest, establishment",hills,Arunachal Pradesh,Winter,East Siang,0
Alpine View Resort,28.2762243,95.6166835,4.6,"lodging, point_of_interest, establishment",hills,Arunachal Pradesh,Winter,East Siang,20
Aayo quarter,28.0631741,95.32391969999999,0,"point_of_interest, establishment",hills,Arunachal Pradesh,Winter,East Siang,0
Komlighat,28.0773016,95.3359289,4.2,"tourist_attraction, point_of_interest, establishment",attraction,Arunachal Pradesh,All Seasons,East Siang,63
I Love Pasighat Tourist Spot,28.0957706,95.3034668,4.3,"tourist_attraction, point_of_interest, establishment",attraction,Arunachal Pradesh,All Seasons,East Siang,9
Sirki waterfall,28.102949,95.2680979,4.2,"tourist_attraction, point_of_interest, establishment",attraction,Arunachal Pradesh,All Seasons,East Siang,700
"Dambuk, Arunachal Pradesh",28.2689976,95.61688339999999,4.4,"tourist_attraction, point_of_interest, establishment",attraction,Arunachal Pradesh,All Seasons,East Siang,210
Rengging View Point,28.1395968,95.2761053,4.5,"tourist_attraction, point_of_interest, establishment",attraction,Arunachal Pradesh,All Seasons,East Siang,38
Peaceful SIANG point of view,28.0964749,95.3010632,4.4,"tourist_attraction, point_of_interest, establishment",attraction,Arunachal Pradesh,All Seasons,East Siang,114
Pasighat View Point,28.1739753,95.21731799999999,4.4,"tourist_attraction, point_of_interest, establishment",attraction,Arunachal Pradesh,All Seasons,East Siang,68
Talom rukbo memorial statue,28.0671948,95.3138403,4.2,"tourist_attraction, point_of_interest, establishment",attraction,Arunachal Pradesh,All Seasons,East Siang,30
"Sisar Bridge, Sisseri",28.2667957,95.5501941,4.5,"tourist_attraction, point_of_interest, establishment",attraction,Arunachal Pradesh,All Seasons,East Siang,204
Khem Tamang,28.0509442,95.34156089999999,4.5,"tourist_attraction, point_of_interest, establishment",attraction,Arunachal Pradesh,All Seasons,East Siang,2
River view of siang,28.1116421,95.2825003,4.5,"tourist_attraction, point_of_interest, establishment",attraction,Arunachal Pradesh,All Seasons,East Siang,6
Sissen Suspension Bridge,28.1323266,95.13549619999999,4.4,"tourist_attraction, point_of_interest, establishment",attraction,Arunachal Pradesh,All Seasons,East Siang,16
Siku River,28.15238,95.38051899999999,4.2,"tourist_attraction, point_of_interest, establishment",attraction,Arunachal Pradesh,All Seasons,East Siang,42
Sine Bridge,28.2661927,95.6062245,4.5,"tourist_attraction, point_of_interest, establishment",attraction,Arunachal Pradesh,All Seasons,East Siang,2
Lakku hills,28.2714125,95.60956519999999,4.8,"tourist_attraction, point_of_interest, establishment",attraction,Arunachal Pradesh,All Seasons,East Siang,4
Dambuk picnic,28.266156,95.60718039999999,4.2,"tourist_attraction, point_of_interest, establishment",attraction,Arunachal Pradesh,All Seasons,East Siang,88
Amarpur river crossing,27.8460729,95.5866588,5,"tourist_attraction, point_of_interest, establishment",attraction,Arunachal Pradesh,All Seasons,East Siang,1
Daying ering wildlife sanctuary,28.0278888,95.37505499999999,0,"tourist_attraction, point_of_interest, establishment",attraction,Arunachal Pradesh,All Seasons,East Siang,0
Pasighat BODGHAT,28.0983846,95.29504569999999,0,"tourist_attraction, point_of_interest, establishment",attraction,Arunachal Pradesh,All Seasons,East Siang,0
Silluk Zero Waste Village,28.1695483,95.492075,4.6,"tourist_attraction, point_of_interest, establishment",attraction,Arunachal Pradesh,All Seasons,East Siang,19
"Rane Resort cum Picnic spot,pasighat.",28.096232,95.3008892,5,"tourist_attraction, point_of_interest, establishment",attraction,Arunachal Pradesh,All Seasons,East Siang,1
Siang River View Resort,28.1031102,95.3058375,4.3,"tourist_attraction, point_of_interest, establishment",attraction,Arunachal Pradesh,All Seasons,East Siang,122
Mali Pigo(GTC Siang),28.0927124,95.31757429999999,0,"tourist_attraction, point_of_interest, establishment",attraction,Arunachal Pradesh,All Seasons,East Siang,0
Daying Ering wildlife sanctuary,27.9961496,95.44057529999999,3.9,"tourist_attraction, park, point_of_interest, establishment",attraction,Arunachal Pradesh,All Seasons,East Siang,16
Dura Valley Swimming Pool and Dura Valley Resort,28.1222636,95.2737858,5,"tourist_attraction, point_of_interest, establishment",attraction,Arunachal Pradesh,All Seasons,East Siang,2
District Museum Pasighat,28.0684403,95.33131990000001,3.2,"museum, tourist_attraction, point_of_interest, establishment",attraction,Arunachal Pradesh,All Seasons,East Siang,28
MRK View Point,28.1803972,95.4716021,4,"tourist_attraction, point_of_interest, establishment",attraction,Arunachal Pradesh,All Seasons,East Siang,1
Kangkan Nogor,27.8127102,95.2261956,0,"tourist_attraction, point_of_interest, establishment",attraction,Arunachal Pradesh,All Seasons,East Siang,0
New Teanali,28.0383824,95.59113690000001,0,"tourist_attraction, point_of_interest, establishment",attraction,Arunachal Pradesh,All Seasons,East Siang,0
Magic mushrooms fun festival,28.0949957,95.3001221,5,"tourist_attraction, point_of_interest, establishment",attraction,Arunachal Pradesh,All Seasons,East Siang,1
Borpukhuri gaon,27.860175,95.62739510000002,0,"tourist_attraction, point_of_interest, establishment",attraction,Arunachal Pradesh,All Seasons,East Siang,0
Aohali Ehi valley,28.2498125,95.5349375,0,"tourist_attraction, point_of_interest, establishment",attraction,Arunachal Pradesh,All Seasons,East Siang,0
Padumoni Park,27.4115652,94.19370049999999,4.2,"park, point_of_interest, establishment",parks,Arunachal Pradesh,Spring,Kamle,141
"Nandan Kanan Park, Gerukamukh",27.5366552,94.2711945,4.4,"park, point_of_interest, establishment",parks,Arunachal Pradesh,Spring,Kamle,45
INAYA PARK,27.5375244,94.271732,5,"park, point_of_interest, establishment",parks,Arunachal Pradesh,Spring,Kamle,4
Biodiversity park,27.4136984,94.1936964,4,"park, point_of_interest, establishment",parks,Arunachal Pradesh,Spring,Kamle,2
NHPC Office Quarters,27.5355884,94.2704875,4.1,"park, point_of_interest, establishment",parks,Arunachal Pradesh,Spring,Kamle,384
Ganesh Mandir Children Park,27.3577786,94.1814455,3,"park, point_of_interest, establishment",parks,Arunachal Pradesh,Spring,Kamle,1
Pakitis house,27.4736633,94.55526359999999,4,"park, point_of_interest, establishment",parks,Arunachal Pradesh,Spring,Kamle,2
FARMHOUSE @DEVID,27.4821933,94.2440493,4,"park, point_of_interest, establishment",parks,Arunachal Pradesh,Spring,Kamle,1
Khanindra payeng,27.3996194,94.16695960000001,4.3,"park, point_of_interest, establishment",parks,Arunachal Pradesh,Spring,Kamle,4
Bordoibam Bilmukh Bird sanctuary,27.3292202,94.3394886,3.9,"zoo, park, point_of_interest, establishment",parks,Arunachal Pradesh,Spring,Kamle,59
Dulung Rain Forest,27.412358,94.1782552,4.7,"park, point_of_interest, establishment",parks,Arunachal Pradesh,Spring,Kamle,3
Cinatolia Tea Garden,27.3286205,94.0931707,3.8,"park, point_of_interest, establishment",parks,Arunachal Pradesh,Spring,Kamle,14
Kakoi Reserve Forest,27.3839796,94.0947676,4.5,"park, point_of_interest, establishment",parks,Arunachal Pradesh,Spring,Kamle,4
Jyoti Tea Garden,27.4757259,94.3406973,5,"park, point_of_interest, establishment",parks,Arunachal Pradesh,Spring,Kamle,7
Boori Boot Community Ground,27.4890096,94.1982318,3.8,"tourist_attraction, park, point_of_interest, establishment",parks,Arunachal Pradesh,Spring,Kamle,22
Adikalia maj gaon tiniali,27.5680455,94.50012240000001,5,"park, point_of_interest, establishment",parks,Arunachal Pradesh,Spring,Kamle,1
Talley Valley Wildlife Sanctuary,27.569588,93.9829201,4.5,"zoo, park, point_of_interest, establishment",parks,Arunachal Pradesh,Spring,Kamle,28
Magar Tea garden,27.4558746,94.2262114,4.2,"park, home_goods_store, store, point_of_interest, establishment",parks,Arunachal Pradesh,Spring,Kamle,5
T. kena tea garden and residential,27.5592576,94.30147799999999,3.5,"park, point_of_interest, establishment",parks,Arunachal Pradesh,Spring,Kamle,2
Ngopi River,27.710669,94.521194,2,"park, point_of_interest, establishment",parks,Arunachal Pradesh,Spring,Kamle,1
Phatik Hazarika path,27.4386595,94.29258349999999,5,"park, point_of_interest, establishment",parks,Arunachal Pradesh,Spring,Kamle,1
Panbari Forest,27.5500816,94.44420799999999,5,"park, point_of_interest, establishment",parks,Arunachal Pradesh,Spring,Kamle,2
BHUSHAN STG,27.4727007,94.23029559999999,5,"park, point_of_interest, establishment",parks,Arunachal Pradesh,Spring,Kamle,2
Newton tea garden,27.417448,94.25879669999999,5,"park, point_of_interest, establishment",parks,Arunachal Pradesh,Spring,Kamle,1
Tree grade,27.463732,94.3581759,0,"park, point_of_interest, establishment",parks,Arunachal Pradesh,Spring,Kamle,0
Subansiri Dam,27.5526248,94.2587999,4.3,"tourist_attraction, park, point_of_interest, establishment",parks,Arunachal Pradesh,Spring,Kamle,431
Mazi Gitung Phatia tea Bagan,27.3925383,94.5530713,3.2,"zoo, park, point_of_interest, establishment",parks,Arunachal Pradesh,Spring,Kamle,14
DEC Lake,27.5163867,94.4842347,0,"park, point_of_interest, establishment",parks,Arunachal Pradesh,Spring,Kamle,0
Madhab STG,27.4697902,94.23001529999999,5,"park, point_of_interest, establishment",parks,Arunachal Pradesh,Spring,Kamle,3
Barney peak point,27.3305918,94.19918059999999,5,"park, point_of_interest, establishment",parks,Arunachal Pradesh,Spring,Kamle,1
Pic nic spot in dhemaji,27.5720562,94.4534584,4,"park, point_of_interest, establishment",parks,Arunachal Pradesh,Spring,Kamle,2
Tepuram Bahoni,27.4185879,94.345592,0,"park, point_of_interest, establishment",parks,Arunachal Pradesh,Spring,Kamle,0
Kamte jengrai kotal guri,27.386047,94.1756947,0,"park, point_of_interest, establishment",parks,Arunachal Pradesh,Spring,Kamle,0
Titus area,27.3597713,94.0533591,0,"park, point_of_interest, establishment",parks,Arunachal Pradesh,Spring,Kamle,0
gogamukh moina para,27.4384975,94.3423155,0,"park, point_of_interest, establishment",parks,Arunachal Pradesh,Spring,Kamle,0
Jamar pinapple farming,27.5995678,94.5424457,0,"park, point_of_interest, establishment",parks,Arunachal Pradesh,Spring,Kamle,0
Changmai Goan gubadi,27.4845461,94.34361150000001,0,"park, point_of_interest, establishment",parks,Arunachal Pradesh,Spring,Kamle,0
Bhaskar meeting point,27.4243733,94.3002017,0,"park, point_of_interest, establishment",parks,Arunachal Pradesh,Spring,Kamle,0
Nil Newar,27.4619669,94.2280626,5,"park, point_of_interest, establishment",parks,Arunachal Pradesh,Spring,Kamle,1
Ngechi village,27.7848456,94.0667562,0,"park, point_of_interest, establishment",parks,Arunachal Pradesh,Spring,Kamle,0
Deka Chang,27.3976235,94.4157747,5,"campground, park, lodging, point_of_interest, establishment",parks,Arunachal Pradesh,Spring,Kamle,20
Rajib,27.407018,94.53794719999999,5,"park, point_of_interest, establishment",parks,Arunachal Pradesh,Spring,Kamle,1
Menam Nampa Kaptak Small Tea Garden,27.5240405,94.5249061,0,"park, point_of_interest, establishment",parks,Arunachal Pradesh,Spring,Kamle,0
Kangku Bosti,27.5739,94.477341,5,"park, point_of_interest, establishment",parks,Arunachal Pradesh,Spring,Kamle,3
Dirgha quwari,27.3809507,94.10321379999999,5,"park, point_of_interest, establishment",parks,Arunachal Pradesh,Spring,Kamle,1
Kakoi Reserved Forest (Dirgha Sub-beat),27.3716405,94.083272,3,"park, point_of_interest, establishment",parks,Arunachal Pradesh,Spring,Kamle,2
Mikjom Taso's Rubber Garden,27.5583861,94.41732909999999,0,"park, point_of_interest, establishment",parks,Arunachal Pradesh,Spring,Kamle,0
Land of Ruti,27.7106691,94.5211935,0,"park, point_of_interest, establishment",parks,Arunachal Pradesh,Spring,Kamle,0
Namoni tajik tiniali,27.405785,94.3273979,0,"park, point_of_interest, establishment",parks,Arunachal Pradesh,Spring,Kamle,0
Baruah tea garden,27.3428352,94.520698,0,"park, point_of_interest, establishment",parks,Arunachal Pradesh,Spring,Kamle,0
MK Small Tea Garden,27.3584648,94.1168383,0,"park, point_of_interest, establishment",parks,Arunachal Pradesh,Spring,Kamle,0
Mithun &goat farming zone (মিথুন আৰু ছাগলী পোহ-পালন),27.3486877,94.05488849999999,3,"park, point_of_interest, establishment",parks,Arunachal Pradesh,Spring,Kamle,1
Saikia mini tea garden,27.3512803,94.5212365,5,"park, point_of_interest, establishment",parks,Arunachal Pradesh,Spring,Kamle,1
KONCH GAON,27.5072241,94.5175008,5,"park, point_of_interest, establishment",parks,Arunachal Pradesh,Spring,Kamle,3
D bhuyan tea garden,27.4134171,94.2620925,1,"park, point_of_interest, establishment",parks,Arunachal Pradesh,Spring,Kamle,1
T.N JUMI TEA GARDEN,27.3337433,94.0076263,5,"park, point_of_interest, establishment",parks,Arunachal Pradesh,Spring,Kamle,1
SURYA MINI TEA GARDEN,27.3820618,94.1314558,4.5,"park, point_of_interest, establishment",parks,Arunachal Pradesh,Spring,Kamle,2
MAZIA STG,27.4570144,94.2273136,5,"park, point_of_interest, establishment",parks,Arunachal Pradesh,Spring,Kamle,3
Major bari boro Kumar boro Bilding,27.4477616,94.3780424,5,"park, point_of_interest, establishment",parks,Arunachal Pradesh,Spring,Kamle,1
Jamar Ruti betel nut garden,27.5993125,94.54243749999999,5,"park, point_of_interest, establishment",parks,Arunachal Pradesh,Spring,Kamle,1
Sri Sri Dighali Sarai Khurang Satra,27.4405785,94.3669474,4.3,"museum, point_of_interest, establishment",museum,Arunachal Pradesh,Winter,Kamle,6
Goroimari Tiniali,27.4287286,94.4909801,0,"museum, point_of_interest, establishment",museum,Arunachal Pradesh,Winter,Kamle,0
Subansiri Dam,27.5526248,94.2587999,4.3,"tourist_attraction, park, point_of_interest, establishment",museum,Arunachal Pradesh,Winter,Kamle,431
"Twin Sister Water Falls, Rupoi",27.5595542,94.3364017,4.9,"park, point_of_interest, establishment",waterfalls,Arunachal Pradesh,Monsoon,Kamle,8
Jiadhalmukh Picnic Spot,27.5786386,94.4405313,4.2,"tourist_attraction, point_of_interest, establishment",waterfalls,Arunachal Pradesh,Monsoon,Kamle,142
Baghinijan waterfall (বাঘিনীজান জলপ্ৰপাত),27.4201117,94.1950158,3.9,"point_of_interest, establishment",waterfalls,Arunachal Pradesh,Monsoon,Kamle,17
Ming Mang Water fall rupohi mising Djpatir camping cabin first order by food delivery,27.5165318,94.36098249999999,4.4,"lodging, point_of_interest, establishment",waterfalls,Arunachal Pradesh,Monsoon,Kamle,13
Adikalia maj gaon tiniali,27.5680455,94.50012240000001,5,"park, point_of_interest, establishment",waterfalls,Arunachal Pradesh,Monsoon,Kamle,1
Talley Valley Wildlife Sanctuary,27.569588,93.9829201,4.5,"zoo, park, point_of_interest, establishment",zoo,Arunachal Pradesh,Winter,Kamle,28
Mazi Gitung Phatia tea Bagan,27.3925383,94.5530713,3.2,"zoo, park, point_of_interest, establishment",zoo,Arunachal Pradesh,Winter,Kamle,14
Bordoibam Bilmukh Bird sanctuary,27.3292202,94.3394886,3.9,"zoo, park, point_of_interest, establishment",zoo,Arunachal Pradesh,Winter,Kamle,59
Sri Sri Padumoni Aai Than,27.4104786,94.1951414,4.6,"hindu_temple, tourist_attraction, place_of_worship, point_of_interest, establishment",temples,Arunachal Pradesh,All Seasons,Kamle,812
Shri Sankat Mochan Hanuman Mandir,27.434205,94.31347749999999,4.6,"hindu_temple, place_of_worship, point_of_interest, establishment",temples,Arunachal Pradesh,All Seasons,Kamle,448
Shiva Mandir,27.4466222,94.2297863,5,"hindu_temple, place_of_worship, point_of_interest, establishment",temples,Arunachal Pradesh,All Seasons,Kamle,4
HORI MANDIR,27.4308772,94.3074692,4,"hindu_temple, place_of_worship, point_of_interest, establishment",temples,Arunachal Pradesh,All Seasons,Kamle,5
Gajanan Baba Shiva Temple,27.5564882,94.46485299999999,5,"hindu_temple, place_of_worship, point_of_interest, establishment",temples,Arunachal Pradesh,All Seasons,Kamle,1
Shri Shri Bishnu Mandir Temple,27.4481041,94.24296179999999,4.5,"hindu_temple, place_of_worship, point_of_interest, establishment",temples,Arunachal Pradesh,All Seasons,Kamle,15
SHIV TEMPLE PANIYAMERANI N.C (শিৱ মন্দিৰ পানীয়ামেৰানী),27.3667554,94.38365689999999,5,"hindu_temple, place_of_worship, point_of_interest, establishment",temples,Arunachal Pradesh,All Seasons,Kamle,2
Dihingia Gaon Horunamghar,27.4163371,94.44394349999999,5,"hindu_temple, place_of_worship, point_of_interest, establishment",temples,Arunachal Pradesh,All Seasons,Kamle,1
"Shiv Mandir, Chauldhuwa Baligain",27.4297761,94.3089906,3.6,"hindu_temple, place_of_worship, point_of_interest, establishment",temples,Arunachal Pradesh,All Seasons,Kamle,9
मानव धर्म आसरम,27.47014,94.2308997,5,"hindu_temple, place_of_worship, point_of_interest, establishment",temples,Arunachal Pradesh,All Seasons,Kamle,2
Majgaon Shiv Mandir,27.4696026,94.2974045,4.7,"hindu_temple, place_of_worship, point_of_interest, establishment",temples,Arunachal Pradesh,All Seasons,Kamle,3
"Tai Ahom Temple, Habung",27.3419349,94.50113259999999,4.7,"place_of_worship, point_of_interest, establishment",temples,Arunachal Pradesh,All Seasons,Kamle,23
Radha Krishna Mandir Dirgha maj gaon,27.3655192,94.1108782,5,"hindu_temple, place_of_worship, point_of_interest, establishment",temples,Arunachal Pradesh,All Seasons,Kamle,7
Milanpur Namghar,27.4383304,94.2895211,4.8,"hindu_temple, place_of_worship, point_of_interest, establishment",temples,Arunachal Pradesh,All Seasons,Kamle,5
GOGAMUKH RADHA GOBINDO TEMPLE,27.4324177,94.3076273,4.3,"hindu_temple, place_of_worship, point_of_interest, establishment",temples,Arunachal Pradesh,All Seasons,Kamle,13
SANTIPUR AMGURI NAAM GHAR,27.5436919,94.4978582,5,"hindu_temple, place_of_worship, point_of_interest, establishment",temples,Arunachal Pradesh,All Seasons,Kamle,1
Juli Chariali shiv temple,27.3506599,94.5410059,4.5,"hindu_temple, place_of_worship, point_of_interest, establishment",temples,Arunachal Pradesh,All Seasons,Kamle,2
Podumoni temple,27.3780454,94.3423844,4.8,"hindu_temple, place_of_worship, point_of_interest, establishment",temples,Arunachal Pradesh,All Seasons,Kamle,4
Sri Sri Pub Bordoloni Harbbojonin Trinayan Dham,27.4207445,94.4367491,4.5,"hindu_temple, place_of_worship, point_of_interest, establishment",temples,Arunachal Pradesh,All Seasons,Kamle,4
Dhemaji Kalibari,27.4700355,94.5538279,4.7,"hindu_temple, place_of_worship, point_of_interest, establishment",temples,Arunachal Pradesh,All Seasons,Kamle,11
Satsang Vihar Dhemaji,27.4777447,94.5468142,3.5,"place_of_worship, point_of_interest, establishment",temples,Arunachal Pradesh,All Seasons,Kamle,11
Ghuguha Dol,27.3708867,94.4706262,4.2,"hindu_temple, tourist_attraction, place_of_worship, point_of_interest, establishment",temples,Arunachal Pradesh,All Seasons,Kamle,141
Kachutali Boro Bathou Sibisali,27.4609075,94.32811699999999,4.8,"hindu_temple, place_of_worship, point_of_interest, establishment",temples,Arunachal Pradesh,All Seasons,Kamle,6
BISHNUPUR SHIV TEMPLE,27.521731,94.48632239999999,4.7,"hindu_temple, place_of_worship, point_of_interest, establishment",temples,Arunachal Pradesh,All Seasons,Kamle,3
Radha Krishna Mandir,27.5030384,94.4108,5,"hindu_temple, place_of_worship, point_of_interest, establishment",temples,Arunachal Pradesh,All Seasons,Kamle,1
Bilotia Harimandir,27.34486,94.55240239999999,4.3,"hindu_temple, place_of_worship, point_of_interest, establishment",temples,Arunachal Pradesh,All Seasons,Kamle,3
Podumoni Gaon Namghar,27.4182082,94.41321789999999,4.4,"hindu_temple, place_of_worship, point_of_interest, establishment",temples,Arunachal Pradesh,All Seasons,Kamle,9
Gogamukh Durga Mondir ( Temple ),27.4396193,94.3167283,3.8,"hindu_temple, place_of_worship, point_of_interest, establishment",temples,Arunachal Pradesh,All Seasons,Kamle,32
Shiva Mandir,27.4406228,94.3203758,5,"hindu_temple, place_of_worship, point_of_interest, establishment",temples,Arunachal Pradesh,All Seasons,Kamle,1
Bakulbari Harimandir,27.4281789,94.4331369,4.1,"hindu_temple, place_of_worship, point_of_interest, establishment",temples,Arunachal Pradesh,All Seasons,Kamle,9
TEKJURI HORI MONDIR,27.4914477,94.49393119999999,5,"hindu_temple, place_of_worship, point_of_interest, establishment",temples,Arunachal Pradesh,All Seasons,Kamle,1
Shiv tempal,27.3924312,94.1532478,5,"hindu_temple, place_of_worship, point_of_interest, establishment",temples,Arunachal Pradesh,All Seasons,Kamle,1
Sri Hari Mandir,27.4403774,94.2397726,4.3,"hindu_temple, place_of_worship, point_of_interest, establishment",temples,Arunachal Pradesh,All Seasons,Kamle,6
Sri Sri Prashiddha Maha Mandir ( বান্দানা),27.5407907,94.509149,5,"hindu_temple, place_of_worship, point_of_interest, establishment",temples,Arunachal Pradesh,All Seasons,Kamle,1
Chutiyapora bathuw temple,27.4720909,94.3498844,5,"hindu_temple, place_of_worship, point_of_interest, establishment",temples,Arunachal Pradesh,All Seasons,Kamle,1
Kamalpur Hori Mandir,27.4874657,94.4474418,5,"hindu_temple, place_of_worship, point_of_interest, establishment",temples,Arunachal Pradesh,All Seasons,Kamle,2
Vaidik Hari Mandir,27.3410997,94.1266665,5,"hindu_temple, place_of_worship, point_of_interest, establishment",temples,Arunachal Pradesh,All Seasons,Kamle,1
Honuman temple,27.4608954,94.3079285,5,"hindu_temple, place_of_worship, point_of_interest, establishment",temples,Arunachal Pradesh,All Seasons,Kamle,1
Bishnupur Dubia Hari Mondir,27.5131165,94.5036171,3.8,"hindu_temple, place_of_worship, point_of_interest, establishment",temples,Arunachal Pradesh,All Seasons,Kamle,5
Kawaimari Harimandir,27.3531089,94.49095129999999,5,"hindu_temple, place_of_worship, point_of_interest, establishment",temples,Arunachal Pradesh,All Seasons,Kamle,3
Dhemaji,27.5085662,94.5237707,5,"hindu_temple, place_of_worship, point_of_interest, establishment",temples,Arunachal Pradesh,All Seasons,Kamle,3
Shiv Temple,27.5046714,94.30865279999999,4.2,"hindu_temple, place_of_worship, point_of_interest, establishment",temples,Arunachal Pradesh,All Seasons,Kamle,5
नारुवा बाथौ थानसालि (Narua Bathou temple),27.4687848,94.3588357,5,"hindu_temple, place_of_worship, point_of_interest, establishment",temples,Arunachal Pradesh,All Seasons,Kamle,1
Radha Krishna mandir(Tajik),27.4117277,94.3231594,5,"hindu_temple, place_of_worship, point_of_interest, establishment",temples,Arunachal Pradesh,All Seasons,Kamle,2
HARI MONDIR (হৰি মন্দিৰ),27.3866388,94.4136932,3.5,"hindu_temple, place_of_worship, point_of_interest, establishment",temples,Arunachal Pradesh,All Seasons,Kamle,2
Tengagara shiv mandir,27.3552397,94.33348079999999,5,"hindu_temple, place_of_worship, point_of_interest, establishment",temples,Arunachal Pradesh,All Seasons,Kamle,1
Hanuman Mandir,27.4465978,94.24529509999999,5,"hindu_temple, place_of_worship, point_of_interest, establishment",temples,Arunachal Pradesh,All Seasons,Kamle,1
Sree Sree Ganesh Mandir,27.3365394,94.1119779,4.3,"hindu_temple, place_of_worship, point_of_interest, establishment",temples,Arunachal Pradesh,All Seasons,Kamle,3
Jai guru Temple,27.4777954,94.5470182,5,"place_of_worship, point_of_interest, establishment",temples,Arunachal Pradesh,All Seasons,Kamle,1
Gobindapur Bathou Mandir,27.5242855,94.38012839999999,4,"hindu_temple, place_of_worship, point_of_interest, establishment",temples,Arunachal Pradesh,All Seasons,Kamle,2
Moinapara,27.4353057,94.3295036,5,"hindu_temple, place_of_worship, point_of_interest, establishment",temples,Arunachal Pradesh,All Seasons,Kamle,1
Shiv Mandir,27.4527727,94.548892,5,"hindu_temple, place_of_worship, point_of_interest, establishment",temples,Arunachal Pradesh,All Seasons,Kamle,4
Abhaypur Hari mandir,27.4686839,94.43831039999999,5,"hindu_temple, place_of_worship, point_of_interest, establishment",temples,Arunachal Pradesh,All Seasons,Kamle,2
Bamchenia shiv tample,27.463575,94.37530300000002,4,"hindu_temple, place_of_worship, point_of_interest, establishment",temples,Arunachal Pradesh,All Seasons,Kamle,1
Dirpai Ganesh Mandir,27.4915216,94.300142,3.9,"hindu_temple, place_of_worship, point_of_interest, establishment",temples,Arunachal Pradesh,All Seasons,Kamle,7
Bokanala bishnu mandir (au),27.3751706,94.12919389999999,5,"hindu_temple, place_of_worship, point_of_interest, establishment",temples,Arunachal Pradesh,All Seasons,Kamle,1
Maa Phuleswari Temple,27.548688,94.33586299999999,5,"hindu_temple, place_of_worship, point_of_interest, establishment",temples,Arunachal Pradesh,All Seasons,Kamle,1
No 2 Manikpur Bramha Mondir,27.5307076,94.39458549999999,0,"hindu_temple, place_of_worship, point_of_interest, establishment",temples,Arunachal Pradesh,All Seasons,Kamle,0
Tarioni Ganesh Mandir,27.4057242,94.1650571,4.8,"hindu_temple, place_of_worship, point_of_interest, establishment",temples,Arunachal Pradesh,All Seasons,Kamle,4
Sunpur Namghor,27.3775148,94.1757884,5,"hindu_temple, place_of_worship, point_of_interest, establishment",temples,Arunachal Pradesh,All Seasons,Kamle,4
Hajw Gaokhlab (Broken Hill),27.560233,94.42211999999999,0,"park, point_of_interest, establishment",hills,Arunachal Pradesh,Winter,Kamle,0
"Circuit House, Raga",27.792316,94.07529199999999,3.2,"lodging, point_of_interest, establishment",hills,Arunachal Pradesh,Winter,Kamle,52
NHPC SLP Pragati Setu,27.5428178,94.25748109999999,4.4,"tourist_attraction, point_of_interest, establishment",hills,Arunachal Pradesh,Winter,Kamle,294
Tarajan river,27.5526585,94.4188485,3.3,"tourist_attraction, point_of_interest, establishment",hills,Arunachal Pradesh,Winter,Kamle,4
Gogamukh Railway stations,27.441556,94.32044979999999,3.8,"point_of_interest, establishment",hills,Arunachal Pradesh,Winter,Kamle,50
"Vivekananda Kendra Vidyalaya, Raga",27.7987828,94.0638216,4.9,"school, point_of_interest, establishment",hills,Arunachal Pradesh,Winter,Kamle,15
Kakoi Valley,27.3447692,94.06543359999999,4.3,"tourist_attraction, point_of_interest, establishment",attraction,Arunachal Pradesh,All Seasons,Kamle,11
SUBANSIRI ISLAND,27.4353896,94.24425749999999,3.8,"tourist_attraction, point_of_interest, establishment",attraction,Arunachal Pradesh,All Seasons,Kamle,4
Ghuguha Tiniali,27.3611917,94.45840369999999,4.1,"tourist_attraction, point_of_interest, establishment",attraction,Arunachal Pradesh,All Seasons,Kamle,13
Tarajan river,27.5526585,94.4188485,3.3,"tourist_attraction, point_of_interest, establishment",attraction,Arunachal Pradesh,All Seasons,Kamle,4
jiadhal sluice gate,27.4252242,94.4634165,0,"tourist_attraction, point_of_interest, establishment",attraction,Arunachal Pradesh,All Seasons,Kamle,0
Bihanga Kanon,27.4097419,94.1700743,5,"tourist_attraction, point_of_interest, establishment",attraction,Arunachal Pradesh,All Seasons,Kamle,2
চৈধ্য মাইল তিনীআলী,27.4010229,94.1944649,3.4,"tourist_attraction, point_of_interest, establishment",attraction,Arunachal Pradesh,All Seasons,Kamle,5
Laipolia ghat,27.3315396,94.54646,4.8,"tourist_attraction, point_of_interest, establishment",attraction,Arunachal Pradesh,All Seasons,Kamle,5
Habung Tiniali,27.3416183,94.4990361,4.1,"tourist_attraction, point_of_interest, establishment",attraction,Arunachal Pradesh,All Seasons,Kamle,27
Rafikul Bhaijaan,27.3686202,94.2654637,0,"tourist_attraction, point_of_interest, establishment",attraction,Arunachal Pradesh,All Seasons,Kamle,0
Kakoi picnic place (কাকৈ বনভোজৰ ঠাই),27.3598029,94.0572059,4.1,"tourist_attraction, point_of_interest, establishment",attraction,Arunachal Pradesh,All Seasons,Kamle,35
Guptar bridge,27.5412883,94.2938643,5,"tourist_attraction, point_of_interest, establishment",attraction,Arunachal Pradesh,All Seasons,Kamle,1
Zironi Homestay - Community Based Tourism,27.5574316,94.4642348,5,"tourist_attraction, point_of_interest, establishment",attraction,Arunachal Pradesh,All Seasons,Kamle,4
River Side Picnic Spot,27.5567542,94.39274859999999,5,"tourist_attraction, point_of_interest, establishment",attraction,Arunachal Pradesh,All Seasons,Kamle,3
Borajan picnic spot,27.6007824,94.5424537,4.7,"tourist_attraction, point_of_interest, establishment",attraction,Arunachal Pradesh,All Seasons,Kamle,3
Subansiri Dam,27.5526248,94.2587999,4.3,"tourist_attraction, park, point_of_interest, establishment",attraction,Arunachal Pradesh,All Seasons,Kamle,431
Bagaribari Picnic Spot,27.3730297,94.5288181,4.3,"tourist_attraction, point_of_interest, establishment",attraction,Arunachal Pradesh,All Seasons,Kamle,9
Jiadhalmukh Picnic Spot,27.5786386,94.4405313,4.2,"tourist_attraction, point_of_interest, establishment",attraction,Arunachal Pradesh,All Seasons,Kamle,142
"Chrusher Point, Dollungmukh",27.5303584,94.25459149999999,3.8,"tourist_attraction, point_of_interest, establishment",attraction,Arunachal Pradesh,All Seasons,Kamle,6
Soni Nalla,27.5200687,94.24889429999999,5,"tourist_attraction, point_of_interest, establishment",attraction,Arunachal Pradesh,All Seasons,Kamle,3
NHPC SLP Pragati Setu,27.5428178,94.25748109999999,4.4,"tourist_attraction, point_of_interest, establishment",attraction,Arunachal Pradesh,All Seasons,Kamle,294
Konch Residency,27.4744322,94.54161719999999,0,"tourist_attraction, point_of_interest, establishment",attraction,Arunachal Pradesh,All Seasons,Kamle,0
Boori Boot Community Ground,27.4890096,94.1982318,3.8,"tourist_attraction, park, point_of_interest, establishment",attraction,Arunachal Pradesh,All Seasons,Kamle,22
Ghuguha Dol,27.3708867,94.4706262,4.2,"hindu_temple, tourist_attraction, place_of_worship, point_of_interest, establishment",attraction,Arunachal Pradesh,All Seasons,Kamle,141
Padumoni Park,27.4115652,94.19370049999999,4.2,"park, point_of_interest, establishment",parks,Arunachal Pradesh,Spring,Kra Daadi,141
Ganesh Mandir Children Park,27.3577786,94.1814455,3,"park, point_of_interest, establishment",parks,Arunachal Pradesh,Spring,Kra Daadi,1
Biodiversity park,27.4136984,94.1936964,4,"park, point_of_interest, establishment",parks,Arunachal Pradesh,Spring,Kra Daadi,2
Riimey Park Siiro,27.5250107,93.83983529999999,3.6,"park, point_of_interest, establishment",parks,Arunachal Pradesh,Spring,Kra Daadi,20
Forest Children Park,27.5270761,93.8503145,4,"park, point_of_interest, establishment",parks,Arunachal Pradesh,Spring,Kra Daadi,2
Pine picnic spot,27.5391303,93.85075030000002,0,"park, point_of_interest, establishment",parks,Arunachal Pradesh,Spring,Kra Daadi,0
P-E Demarcation Area (Taroo Arang),27.5336754,93.8058605,0,"park, point_of_interest, establishment",parks,Arunachal Pradesh,Spring,Kra Daadi,0
খলিহামাৰী মিলি পৰিয়ালৰ মাটি,27.3668708,94.1994723,5,"park, point_of_interest, establishment",parks,Arunachal Pradesh,Spring,Kra Daadi,1
Lañgo biijey (kuru tajang),27.544912,93.8196686,0,"park, point_of_interest, establishment",parks,Arunachal Pradesh,Spring,Kra Daadi,0
Kamte jengrai kotal guri,27.386047,94.1756947,0,"park, point_of_interest, establishment",parks,Arunachal Pradesh,Spring,Kra Daadi,0
Kakoi Reserve Forest,27.3839796,94.0947676,4.5,"park, point_of_interest, establishment",parks,Arunachal Pradesh,Spring,Kra Daadi,4
"Heritage Park and Botanical Garden, Ziro",27.6018615,93.82424030000001,4.1,"tourist_attraction, point_of_interest, establishment",parks,Arunachal Pradesh,Spring,Kra Daadi,68
Sikhe lake ziro,27.6164185,93.8192373,5,"park, point_of_interest, establishment",parks,Arunachal Pradesh,Spring,Kra Daadi,1
Midinya Picnic spot,27.544912,93.8196686,0,"park, point_of_interest, establishment",parks,Arunachal Pradesh,Spring,Kra Daadi,0
Yayo Orange garden,27.3657924,93.75260689999999,5,"park, point_of_interest, establishment",parks,Arunachal Pradesh,Spring,Kra Daadi,1
Bengia Takar,27.3623033,93.7682552,0,"park, point_of_interest, establishment",parks,Arunachal Pradesh,Spring,Kra Daadi,0
Ziro hidden lake,27.6160485,93.81650049999999,4.1,"park, point_of_interest, establishment",parks,Arunachal Pradesh,Spring,Kra Daadi,12
Tage Paddy field,27.3564586,94.09430220000002,0,"park, point_of_interest, establishment",parks,Arunachal Pradesh,Spring,Kra Daadi,0
Hembin Polyang,27.5228292,93.8447549,0,"park, point_of_interest, establishment",parks,Arunachal Pradesh,Spring,Kra Daadi,0
Riimey Park,27.5510441,93.832931,0,"tourist_attraction, point_of_interest, establishment",parks,Arunachal Pradesh,Spring,Kra Daadi,0
Integrated Aqua Park,27.5184164,93.8279409,4.8,"tourist_attraction, point_of_interest, establishment",parks,Arunachal Pradesh,Spring,Kra Daadi,6
Yazali View Point,27.4190572,93.748426,3.8,"park, point_of_interest, establishment",parks,Arunachal Pradesh,Spring,Kra Daadi,14
Boori Boot Community Ground,27.4890096,94.1982318,3.8,"tourist_attraction, park, point_of_interest, establishment",parks,Arunachal Pradesh,Spring,Kra Daadi,22
Pung & Kurung meeting point,27.8002129,93.8833713,5,"park, point_of_interest, establishment",parks,Arunachal Pradesh,Spring,Kra Daadi,1
Ecoland Park Ziro,27.5387567,93.82766,4.3,"tourist_attraction, point_of_interest, establishment",parks,Arunachal Pradesh,Spring,Kra Daadi,12
Talley Valley Wildlife Sanctuary,27.569588,93.9829201,4.5,"zoo, park, point_of_interest, establishment",parks,Arunachal Pradesh,Spring,Kra Daadi,28
Bullo Tana Buni Pvt Forest,27.529551,93.8552057,0,"park, point_of_interest, establishment",parks,Arunachal Pradesh,Spring,Kra Daadi,0
Titus area,27.3597713,94.0533591,0,"park, point_of_interest, establishment",parks,Arunachal Pradesh,Spring,Kra Daadi,0
Hula Putu,27.5271326,93.84397229999999,5,"park, point_of_interest, establishment",parks,Arunachal Pradesh,Spring,Kra Daadi,1
Cabbage Garden,27.6379025,93.8581397,4.9,"park, point_of_interest, establishment",parks,Arunachal Pradesh,Spring,Kra Daadi,20
Taw Tiibe,27.5115758,93.82320299999999,4.8,"park, point_of_interest, establishment",parks,Arunachal Pradesh,Spring,Kra Daadi,5
Ngechi village,27.7848456,94.0667562,0,"park, point_of_interest, establishment",parks,Arunachal Pradesh,Spring,Kra Daadi,0
Bamboo Farm Raja Taku,27.7077183,93.66235689999999,0,"park, point_of_interest, establishment",parks,Arunachal Pradesh,Spring,Kra Daadi,0
"Hage Yanya Mudang, Kiwi Garden, Rubu",27.5381074,93.8571255,5,"park, point_of_interest, establishment",parks,Arunachal Pradesh,Spring,Kra Daadi,3
Dopyo Morey (Tage Dogin-Habung-Kani-Paru Uru) Ur,27.642931,93.7852936,5,"park, point_of_interest, establishment",parks,Arunachal Pradesh,Spring,Kra Daadi,5
Payeng farm,27.3969468,94.168266,5,"park, point_of_interest, establishment",parks,Arunachal Pradesh,Spring,Kra Daadi,2
1962 War Memorial Park at Neelam Village,27.5888125,93.68481249999999,5,"tourist_attraction, point_of_interest, establishment",parks,Arunachal Pradesh,Spring,Kra Daadi,5
Thevillager Campsite,27.5703988,93.8523307,5,"campground, park, lodging, point_of_interest, establishment",parks,Arunachal Pradesh,Spring,Kra Daadi,58
Dirgha quwari,27.3809507,94.10321379999999,5,"park, point_of_interest, establishment",parks,Arunachal Pradesh,Spring,Kra Daadi,1
DELI VILLAGE JORAM,27.5114006,93.7683763,0,"park, point_of_interest, establishment",parks,Arunachal Pradesh,Spring,Kra Daadi,0
Camp Challo,27.5672737,93.8504312,4.8,"campground, park, lodging, point_of_interest, establishment",parks,Arunachal Pradesh,Spring,Kra Daadi,25
Dulung Rain Forest,27.412358,94.1782552,4.7,"park, point_of_interest, establishment",parks,Arunachal Pradesh,Spring,Kra Daadi,3
Stargaper & Plugpine Ziro Campsite,27.5662437,93.8522679,4.9,"campground, park, lodging, point_of_interest, establishment",parks,Arunachal Pradesh,Spring,Kra Daadi,25
Camp Nuri Piisa,27.566686,93.85375979999999,5,"campground, park, lodging, point_of_interest, establishment",parks,Arunachal Pradesh,Spring,Kra Daadi,1
The Local Hero Camps,27.5731065,93.85374689999999,3.5,"campground, park, lodging, point_of_interest, establishment",parks,Arunachal Pradesh,Spring,Kra Daadi,2
Sai yari garden,27.6976731,93.64184879999999,0,"park, point_of_interest, establishment",parks,Arunachal Pradesh,Spring,Kra Daadi,0
Queen bees Campsite,27.5732599,93.8554163,5,"campground, park, lodging, point_of_interest, establishment",parks,Arunachal Pradesh,Spring,Kra Daadi,3
"Hill People Jungle Camp, Ziro",27.5651694,93.8479905,4.3,"campground, park, lodging, point_of_interest, establishment",parks,Arunachal Pradesh,Spring,Kra Daadi,12
Kakoi Reserved Forest (Dirgha Sub-beat),27.3716405,94.083272,3,"park, point_of_interest, establishment",parks,Arunachal Pradesh,Spring,Kra Daadi,2
3S Picnic Spot,27.544912,93.8196686,5,"park, point_of_interest, establishment",parks,Arunachal Pradesh,Spring,Kra Daadi,1
Camp Hapa,27.568495,93.84388589999999,0,"campground, park, lodging, point_of_interest, establishment",parks,Arunachal Pradesh,Spring,Kra Daadi,0
BONORIA CAMPERS,27.5759608,93.84548649999999,5,"campground, park, lodging, point_of_interest, establishment",parks,Arunachal Pradesh,Spring,Kra Daadi,2
Nomadsroof Ziro Campsite,27.5704136,93.8537379,5,"campground, park, lodging, point_of_interest, establishment",parks,Arunachal Pradesh,Spring,Kra Daadi,2
Mithun &goat farming zone (মিথুন আৰু ছাগলী পোহ-পালন),27.3486877,94.05488849999999,3,"park, point_of_interest, establishment",parks,Arunachal Pradesh,Spring,Kra Daadi,1
SURYA MINI TEA GARDEN,27.3820618,94.1314558,4.5,"park, point_of_interest, establishment",parks,Arunachal Pradesh,Spring,Kra Daadi,2
Monuj Borah House,27.3545045,94.1558817,4,"park, point_of_interest, establishment",parks,Arunachal Pradesh,Spring,Kra Daadi,1
Radhe Ranii,27.6225506,93.85461459999999,5,"park, point_of_interest, establishment",parks,Arunachal Pradesh,Spring,Kra Daadi,4
Boasimla View Point,27.7333665,93.9921595,4,"park, point_of_interest, establishment",parks,Arunachal Pradesh,Spring,Kra Daadi,7
Punyo Rika Dilling,27.5361161,93.816661,0,"park, point_of_interest, establishment",parks,Arunachal Pradesh,Spring,Kra Daadi,0
Khyoda Bagang Cardamom plantation,27.6741167,93.88557999999999,0,"park, point_of_interest, establishment",parks,Arunachal Pradesh,Spring,Kra Daadi,0
Mumpa Memorial Museum,27.550151,93.814994,3.6,"museum, point_of_interest, establishment",museum,Arunachal Pradesh,Winter,Kra Daadi,11
"District Museum, Ziro",27.539661,93.8180495,3.8,"museum, point_of_interest, establishment",museum,Arunachal Pradesh,Winter,Kra Daadi,159
Integrated Aqua Park,27.5184164,93.8279409,4.8,"tourist_attraction, point_of_interest, establishment",museum,Arunachal Pradesh,Winter,Kra Daadi,6
Ecoland Park Ziro,27.5387567,93.82766,4.3,"tourist_attraction, point_of_interest, establishment",museum,Arunachal Pradesh,Winter,Kra Daadi,12
"SEEH LAKE, Biirii, Ziro",27.5685839,93.8546286,4.3,"tourist_attraction, point_of_interest, establishment",waterfalls,Arunachal Pradesh,Monsoon,Kra Daadi,620
"Heritage Park and Botanical Garden, Ziro",27.6018615,93.82424030000001,4.1,"tourist_attraction, point_of_interest, establishment",waterfalls,Arunachal Pradesh,Monsoon,Kra Daadi,68
Baghinijan waterfall (বাঘিনীজান জলপ্ৰপাত),27.4201117,94.1950158,3.9,"point_of_interest, establishment",waterfalls,Arunachal Pradesh,Monsoon,Kra Daadi,17
Yamin waterfall (forest),27.6393125,93.87081250000001,0,"amusement_park, point_of_interest, establishment",waterfalls,Arunachal Pradesh,Monsoon,Kra Daadi,0
Pechi Putu Ziro,27.5659175,93.83984869999999,4.6,"tourist_attraction, point_of_interest, establishment",waterfalls,Arunachal Pradesh,Monsoon,Kra Daadi,18
"Pamu Yalang, Ziro",27.5642513,93.8238987,4.3,"tourist_attraction, point_of_interest, establishment",waterfalls,Arunachal Pradesh,Monsoon,Kra Daadi,59
Old Ziro best view,27.5934925,93.8255664,4.4,"tourist_attraction, point_of_interest, establishment",waterfalls,Arunachal Pradesh,Monsoon,Kra Daadi,71
Taw Tiibe,27.5115758,93.82320299999999,4.8,"park, point_of_interest, establishment",waterfalls,Arunachal Pradesh,Monsoon,Kra Daadi,5
Ziro Valley view,27.5668994,93.83513529999999,4.3,"tourist_attraction, point_of_interest, establishment",waterfalls,Arunachal Pradesh,Monsoon,Kra Daadi,38
Hakhe Tari,27.5868802,93.8444928,4.1,"park, point_of_interest, establishment",waterfalls,Arunachal Pradesh,Monsoon,Kra Daadi,16
Ziro Town,27.5433623,93.8117104,4.3,"tourist_attraction, point_of_interest, establishment",waterfalls,Arunachal Pradesh,Monsoon,Kra Daadi,8
UnexploredNortheast,27.5684147,93.8529344,4,"campground, park, lodging, point_of_interest, establishment",waterfalls,Arunachal Pradesh,Monsoon,Kra Daadi,1
MILLO ATUNG URU WATERFALL(FOREST),27.6392264,93.8707713,0,"point_of_interest, establishment",waterfalls,Arunachal Pradesh,Monsoon,Kra Daadi,0
Talley Valley Wildlife Sanctuary,27.569588,93.9829201,4.5,"zoo, park, point_of_interest, establishment",zoo,Arunachal Pradesh,Winter,Kra Daadi,28
Lumri,27.460152,93.74069999999999,No rating,"locality, political",zoo,Arunachal Pradesh,Winter,Kra Daadi,0
Sri Sri Padumoni Aai Than,27.4104786,94.1951414,4.6,"hindu_temple, tourist_attraction, place_of_worship, point_of_interest, establishment",temples,Arunachal Pradesh,All Seasons,Kra Daadi,812
"Siddheswar Mahadev Shiv Mandir, Hapoli, Ziro",27.5561574,93.78676519999999,4.6,"hindu_temple, place_of_worship, point_of_interest, establishment",temples,Arunachal Pradesh,All Seasons,Kra Daadi,75
Sree Sidheswar Nath Temple Siva Linga,27.5562227,93.7867796,4.7,"hindu_temple, place_of_worship, point_of_interest, establishment",temples,Arunachal Pradesh,All Seasons,Kra Daadi,182
Natural Shivlinga Temple,27.556152,93.78676610000001,4.7,"hindu_temple, place_of_worship, point_of_interest, establishment",temples,Arunachal Pradesh,All Seasons,Kra Daadi,12
Shiv tample,27.3616455,94.1641717,5,"hindu_temple, place_of_worship, point_of_interest, establishment",temples,Arunachal Pradesh,All Seasons,Kra Daadi,1
शिव मंदिर,27.6952154,93.6300461,4.5,"hindu_temple, place_of_worship, point_of_interest, establishment",temples,Arunachal Pradesh,All Seasons,Kra Daadi,2
Shiv tempal,27.3924312,94.1532478,5,"hindu_temple, place_of_worship, point_of_interest, establishment",temples,Arunachal Pradesh,All Seasons,Kra Daadi,1
Old Ziro Shiv Mandir,27.5953122,93.8260584,4.5,"hindu_temple, place_of_worship, point_of_interest, establishment",temples,Arunachal Pradesh,All Seasons,Kra Daadi,10
Boginadi Police station Shiva temple,27.3596067,94.18123059999999,3.5,"hindu_temple, place_of_worship, point_of_interest, establishment",temples,Arunachal Pradesh,All Seasons,Kra Daadi,14
Sri Sri Shiv Mandir শিৱন্দিৰ,27.4271761,94.19815249999999,4.8,"hindu_temple, place_of_worship, point_of_interest, establishment",temples,Arunachal Pradesh,All Seasons,Kra Daadi,5
Radha Krishna Mandir Dirgha maj gaon,27.3655192,94.1108782,5,"hindu_temple, place_of_worship, point_of_interest, establishment",temples,Arunachal Pradesh,All Seasons,Kra Daadi,7
Tarioni Durga Mandir,27.4004083,94.15022859999999,4.3,"hindu_temple, place_of_worship, point_of_interest, establishment",temples,Arunachal Pradesh,All Seasons,Kra Daadi,9
Sunpur Namghor,27.3775148,94.1757884,5,"hindu_temple, place_of_worship, point_of_interest, establishment",temples,Arunachal Pradesh,All Seasons,Kra Daadi,4
Ganesh Tample,27.360518,94.12216040000001,5,"hindu_temple, place_of_worship, point_of_interest, establishment",temples,Arunachal Pradesh,All Seasons,Kra Daadi,1
UTTAR GUMNADI DURGA MANDIR,27.3471613,94.1009581,4.3,"hindu_temple, place_of_worship, point_of_interest, establishment",temples,Arunachal Pradesh,All Seasons,Kra Daadi,3
Shri Shri Ram mandir,27.3729311,94.1359171,4,"hindu_temple, place_of_worship, point_of_interest, establishment",temples,Arunachal Pradesh,All Seasons,Kra Daadi,1
Ram Mandir,27.5391373,93.812405,4.6,"hindu_temple, place_of_worship, point_of_interest, establishment",temples,Arunachal Pradesh,All Seasons,Kra Daadi,5
Tarioni Ganesh Mandir,27.4057242,94.1650571,4.8,"hindu_temple, place_of_worship, point_of_interest, establishment",temples,Arunachal Pradesh,All Seasons,Kra Daadi,4
Ghulichuk Brahma Mandir,27.377723,94.1553536,4.7,"hindu_temple, place_of_worship, point_of_interest, establishment",temples,Arunachal Pradesh,All Seasons,Kra Daadi,3
Mansa Mandir No3 Baginadi,27.3617256,94.17301529999999,4.2,"hindu_temple, place_of_worship, point_of_interest, establishment",temples,Arunachal Pradesh,All Seasons,Kra Daadi,5
Shiv Mandir,27.3782616,94.0920888,5,"hindu_temple, place_of_worship, point_of_interest, establishment",temples,Arunachal Pradesh,All Seasons,Kra Daadi,3
arjun ghimire Upper Bagetar Haflong,27.3961535,94.1679412,5,"hindu_temple, place_of_worship, point_of_interest, establishment",temples,Arunachal Pradesh,All Seasons,Kra Daadi,2
Bokanala bishnu mandir (au),27.3751706,94.12919389999999,5,"hindu_temple, place_of_worship, point_of_interest, establishment",temples,Arunachal Pradesh,All Seasons,Kra Daadi,1
Khring khring baitho puja mandir,27.3546719,94.17868849999999,5,"hindu_temple, place_of_worship, point_of_interest, establishment",temples,Arunachal Pradesh,All Seasons,Kra Daadi,1
Sri Sri Shiv Kali Mohashkati Ashram,27.3625859,94.1853112,4,"hindu_temple, place_of_worship, point_of_interest, establishment",temples,Arunachal Pradesh,All Seasons,Kra Daadi,10
খলিহামাৰী নামঘৰ,27.378339,94.1966319,4.2,"hindu_temple, place_of_worship, point_of_interest, establishment",temples,Arunachal Pradesh,All Seasons,Kra Daadi,5
Ratanpur hari mandir,27.3721662,94.1638246,5,"hindu_temple, place_of_worship, point_of_interest, establishment",temples,Arunachal Pradesh,All Seasons,Kra Daadi,1
Boginadi hechamora hori mondir,27.3570663,94.18170909999999,5,"hindu_temple, place_of_worship, point_of_interest, establishment",temples,Arunachal Pradesh,All Seasons,Kra Daadi,1
"Milanjyoti Brahma Mandir,मिलनज्योति ब्रह्म मन्दिर,",27.3475506,94.16329689999999,3,"hindu_temple, place_of_worship, point_of_interest, establishment",temples,Arunachal Pradesh,All Seasons,Kra Daadi,1
Singidoloni Bathou Mondir,27.3450873,94.1929384,3.4,"hindu_temple, place_of_worship, point_of_interest, establishment",temples,Arunachal Pradesh,All Seasons,Kra Daadi,5
Krishna tample,27.3606338,94.1299123,0,"hindu_temple, place_of_worship, point_of_interest, establishment",temples,Arunachal Pradesh,All Seasons,Kra Daadi,0
Bokulbari Bornamghar,27.4230178,94.19722259999999,5,"hindu_temple, place_of_worship, point_of_interest, establishment",temples,Arunachal Pradesh,All Seasons,Kra Daadi,1
2no Senchuwa Bor Namghar,27.379705,94.17006429999999,4,"hindu_temple, place_of_worship, point_of_interest, establishment",temples,Arunachal Pradesh,All Seasons,Kra Daadi,1
গোপালপুৰ প্ৰাথমিক নামঘৰ ( শ্ৰীমন্ত শংকৰদেৱ সংঘ ),27.3826541,94.13605419999999,5,"hindu_temple, place_of_worship, point_of_interest, establishment",temples,Arunachal Pradesh,All Seasons,Kra Daadi,2
Bukanala Sonowal gaon Namghar,27.3704163,94.1275392,5,"hindu_temple, place_of_worship, point_of_interest, establishment",temples,Arunachal Pradesh,All Seasons,Kra Daadi,3
Tariani Brahma Mandir,27.3927939,94.164739,4,"hindu_temple, place_of_worship, point_of_interest, establishment",temples,Arunachal Pradesh,All Seasons,Kra Daadi,4
Vishnu temple,27.3606114,94.1298393,0,"hindu_temple, place_of_worship, point_of_interest, establishment",temples,Arunachal Pradesh,All Seasons,Kra Daadi,0
Seva mandir,27.3564486,94.1693718,0,"hindu_temple, place_of_worship, point_of_interest, establishment",temples,Arunachal Pradesh,All Seasons,Kra Daadi,0
Hari Mandir,27.3526627,94.09785219999999,0,"hindu_temple, place_of_worship, point_of_interest, establishment",temples,Arunachal Pradesh,All Seasons,Kra Daadi,0
No1 lalpani,27.351055,94.14664169999999,5,"hindu_temple, place_of_worship, point_of_interest, establishment",temples,Arunachal Pradesh,All Seasons,Kra Daadi,2
Mukut house,27.3607088,94.12964319999999,5,"hindu_temple, place_of_worship, point_of_interest, establishment",temples,Arunachal Pradesh,All Seasons,Kra Daadi,1
POOSA DURGA MANDIR,27.3457727,93.792681,3,"hindu_temple, place_of_worship, point_of_interest, establishment",temples,Arunachal Pradesh,All Seasons,Kra Daadi,1
শ্ৰী শ্ৰী শলগুৰি সত্ৰ,27.3828589,94.171418,5,"hindu_temple, place_of_worship, point_of_interest, establishment",temples,Arunachal Pradesh,All Seasons,Kra Daadi,1
Boginadi Majgaon Bornamghor,27.3725332,94.1863057,5,"hindu_temple, place_of_worship, point_of_interest, establishment",temples,Arunachal Pradesh,All Seasons,Kra Daadi,3
Lalpani sibo Mandir,27.35715,94.1555959,5,"hindu_temple, place_of_worship, point_of_interest, establishment",temples,Arunachal Pradesh,All Seasons,Kra Daadi,1
Horioni Gaon Bor Namghor,27.374809,94.1828893,5,"hindu_temple, place_of_worship, point_of_interest, establishment",temples,Arunachal Pradesh,All Seasons,Kra Daadi,2
Nolonichuk Bornamghar,27.3504246,94.1795745,4.5,"hindu_temple, place_of_worship, point_of_interest, establishment",temples,Arunachal Pradesh,All Seasons,Kra Daadi,2
Shiv mandir dirgha,27.3614631,94.139169,1,"hindu_temple, place_of_worship, point_of_interest, establishment",temples,Arunachal Pradesh,All Seasons,Kra Daadi,1
No 2 Singidoloni Bathou Mandir,27.351502,94.19217239999999,0,"hindu_temple, place_of_worship, point_of_interest, establishment",temples,Arunachal Pradesh,All Seasons,Kra Daadi,0
Siajuli Shiv mandir,27.3574109,94.1027738,0,"hindu_temple, place_of_worship, point_of_interest, establishment",temples,Arunachal Pradesh,All Seasons,Kra Daadi,0
"Old ziro ,Suman home",27.5955119,93.82553829999999,4,"hindu_temple, place_of_worship, point_of_interest, establishment",temples,Arunachal Pradesh,All Seasons,Kra Daadi,2
Natura Tallest Shiv Mandir,27.5448696,93.8196529,5,"hindu_temple, place_of_worship, point_of_interest, establishment",temples,Arunachal Pradesh,All Seasons,Kra Daadi,1
Balijan Namghar,27.3907459,94.1915367,0,"hindu_temple, place_of_worship, point_of_interest, establishment",temples,Arunachal Pradesh,All Seasons,Kra Daadi,0
ঘূলিচুক নামঘৰ,27.3793706,94.1517774,3,"hindu_temple, place_of_worship, point_of_interest, establishment",temples,Arunachal Pradesh,All Seasons,Kra Daadi,2
Dirgha Baligaon Hori Mondir,27.356675,94.12338899999999,0,"hindu_temple, place_of_worship, point_of_interest, establishment",temples,Arunachal Pradesh,All Seasons,Kra Daadi,0
SHIVA MANDIR,27.6459432,93.87069819999999,0,"hindu_temple, place_of_worship, point_of_interest, establishment",temples,Arunachal Pradesh,All Seasons,Kra Daadi,0
"Kardo,Ziro, Arunachal Pradesh",27.5562227,93.7867796,5,"hindu_temple, place_of_worship, point_of_interest, establishment",temples,Arunachal Pradesh,All Seasons,Kra Daadi,3
Baligaon HoriMondir,27.3563121,94.1114734,0,"hindu_temple, place_of_worship, point_of_interest, establishment",temples,Arunachal Pradesh,All Seasons,Kra Daadi,0
Shree Shiv Mandir (ITBP),27.6961772,93.6353226,0,"hindu_temple, place_of_worship, point_of_interest, establishment",temples,Arunachal Pradesh,All Seasons,Kra Daadi,0
Khanikar Chuk Namghor,27.4104636,94.1982805,0,"hindu_temple, place_of_worship, point_of_interest, establishment",temples,Arunachal Pradesh,All Seasons,Kra Daadi,0
"Hill People Jungle Camp, Ziro",27.5651694,93.8479905,4.3,"campground, park, lodging, point_of_interest, establishment",hills,Arunachal Pradesh,Winter,Kra Daadi,12
Hotel Hill View,27.5386819,93.8145783,4.8,"restaurant, food, point_of_interest, establishment",hills,Arunachal Pradesh,Winter,Kra Daadi,5
Hill Queen Education Institute Ziro,27.5415671,93.8137814,3.6,"school, point_of_interest, establishment",hills,Arunachal Pradesh,Winter,Kra Daadi,10
Hill top,27.5361507,93.81656629999999,0,"point_of_interest, establishment",hills,Arunachal Pradesh,Winter,Kra Daadi,0
Ziro valley Paddy field,27.5452715,93.8099673,4.7,"tourist_attraction, point_of_interest, establishment",hills,Arunachal Pradesh,Winter,Kra Daadi,36
Hills Auto Agency,27.544815,93.8147011,0,"point_of_interest, establishment",hills,Arunachal Pradesh,Winter,Kra Daadi,0
Maruti Suzuki Authorised Service (Hills Auto Agency),27.537949,93.8190503,4,"car_repair, point_of_interest, establishment",hills,Arunachal Pradesh,Winter,Kra Daadi,2
Circuit House,27.5424109,93.8160113,4,"lodging, point_of_interest, establishment",hills,Arunachal Pradesh,Winter,Kra Daadi,155
"Circuit House, Raga",27.792316,94.07529199999999,3.2,"lodging, point_of_interest, establishment",hills,Arunachal Pradesh,Winter,Kra Daadi,52
Hilltop School,27.5341936,93.8178707,0,"school, point_of_interest, establishment",hills,Arunachal Pradesh,Winter,Kra Daadi,0
Palin Heliport,27.6958998,93.635753,2,"airport, point_of_interest, establishment",hills,Arunachal Pradesh,Winter,Kra Daadi,10
Taniang Lapang (Gangte),27.8599093,93.9388276,5,"point_of_interest, establishment",hills,Arunachal Pradesh,Winter,Kra Daadi,5
Pegu Store,27.537529,93.82525129999999,5,"food, point_of_interest, store, establishment",hills,Arunachal Pradesh,Winter,Kra Daadi,2
"Teresa Girls Hostel, Haopoli",27.5351103,93.8160522,4.1,"point_of_interest, establishment",hills,Arunachal Pradesh,Winter,Kra Daadi,29
Punyo Elly Apartments,27.5361507,93.81656629999999,0,"point_of_interest, establishment",hills,Arunachal Pradesh,Winter,Kra Daadi,0
Free SRCM Heartfulness Meditation Centre,27.5359623,93.8174109,4.5,"health, point_of_interest, establishment",hills,Arunachal Pradesh,Winter,Kra Daadi,4
Hage Yassung,27.5356511,93.81829359999999,0,"food, point_of_interest, store, establishment",hills,Arunachal Pradesh,Winter,Kra Daadi,0
CMPCS LTD CAR WASH ZIRO,27.537554,93.81660339999999,4.3,"car_wash, point_of_interest, establishment",hills,Arunachal Pradesh,Winter,Kra Daadi,6
Nani Ribia Residence,27.5445406,93.7996263,5,"point_of_interest, establishment",hills,Arunachal Pradesh,Winter,Kra Daadi,1
National Insurance Company Ltd. Ziro Bussiness Centre.,27.534785,93.8165887,3,"insurance_agency, point_of_interest, establishment",hills,Arunachal Pradesh,Winter,Kra Daadi,1
"Pamu Yalang, Ziro",27.5642513,93.8238987,4.3,"tourist_attraction, point_of_interest, establishment",hills,Arunachal Pradesh,Winter,Kra Daadi,59
"PAMU YALANG VIEW POINT, ZIRO (Arunachal Pradesh)",27.5648298,93.82370069999999,4.3,"tourist_attraction, point_of_interest, establishment",hills,Arunachal Pradesh,Winter,Kra Daadi,29
Cabbage Garden,27.6379025,93.8581397,4.9,"park, point_of_interest, establishment",hills,Arunachal Pradesh,Winter,Kra Daadi,20
Camp Wildbugs - Camping site for Ziro Music Festival,27.5685415,93.8397028,4.6,"campground, park, lodging, point_of_interest, establishment",hills,Arunachal Pradesh,Winter,Kra Daadi,22
"SEEH LAKE, Biirii, Ziro",27.5685839,93.8546286,4.3,"tourist_attraction, point_of_interest, establishment",hills,Arunachal Pradesh,Winter,Kra Daadi,620
Talley Valley Wildlife Sanctuary,27.569588,93.9829201,4.5,"zoo, park, point_of_interest, establishment",hills,Arunachal Pradesh,Winter,Kra Daadi,28
Padumoni Park,27.4115652,94.19370049999999,4.2,"park, point_of_interest, establishment",hills,Arunachal Pradesh,Winter,Kra Daadi,141
Riimey Park Siiro,27.5250107,93.83983529999999,3.6,"park, point_of_interest, establishment",hills,Arunachal Pradesh,Winter,Kra Daadi,20
Biodiversity park,27.4136984,94.1936964,4,"park, point_of_interest, establishment",hills,Arunachal Pradesh,Winter,Kra Daadi,2
Jawahar Navodaya Vidyalaya,27.4680721,93.76717479999999,4.5,"school, point_of_interest, establishment",hills,Arunachal Pradesh,Winter,Kra Daadi,28
Vegetable Vendor,27.5386714,93.8150946,0,"store, food, point_of_interest, establishment",hills,Arunachal Pradesh,Winter,Kra Daadi,0
"SEEH LAKE, Biirii, Ziro",27.5685839,93.8546286,4.3,"tourist_attraction, point_of_interest, establishment",attraction,Arunachal Pradesh,All Seasons,Kra Daadi,620
View point,27.5979511,93.85055980000001,4.2,"tourist_attraction, point_of_interest, establishment",attraction,Arunachal Pradesh,All Seasons,Kra Daadi,5
Kakoi Valley,27.3447692,94.06543359999999,4.3,"tourist_attraction, point_of_interest, establishment",attraction,Arunachal Pradesh,All Seasons,Kra Daadi,11
Yazali view,27.4116785,93.7453403,4.1,"tourist_attraction, point_of_interest, establishment",attraction,Arunachal Pradesh,All Seasons,Kra Daadi,32
Ziro valley Paddy field,27.5452715,93.8099673,4.7,"tourist_attraction, point_of_interest, establishment",attraction,Arunachal Pradesh,All Seasons,Kra Daadi,36
Bihanga Kanon,27.4097419,94.1700743,5,"tourist_attraction, point_of_interest, establishment",attraction,Arunachal Pradesh,All Seasons,Kra Daadi,2
Old Ziro best view,27.5934925,93.8255664,4.4,"tourist_attraction, point_of_interest, establishment",attraction,Arunachal Pradesh,All Seasons,Kra Daadi,71
Welcome gate Kugi-Tot village,27.5629031,93.6299287,5,"tourist_attraction, point_of_interest, establishment",attraction,Arunachal Pradesh,All Seasons,Kra Daadi,2
Integrated Aqua Park,27.5184164,93.8279409,4.8,"tourist_attraction, point_of_interest, establishment",attraction,Arunachal Pradesh,All Seasons,Kra Daadi,6
Yangte valley,27.8232271,93.628113,4.2,"tourist_attraction, point_of_interest, establishment",attraction,Arunachal Pradesh,All Seasons,Kra Daadi,5
চৈধ্য মাইল তিনীআলী,27.4010229,94.1944649,3.4,"tourist_attraction, point_of_interest, establishment",attraction,Arunachal Pradesh,All Seasons,Kra Daadi,5
Kurung kumey meeting point,27.8201619,93.92554799999999,4,"tourist_attraction, point_of_interest, establishment",attraction,Arunachal Pradesh,All Seasons,Kra Daadi,16
Pechi Putu Ziro,27.5659175,93.83984869999999,4.6,"tourist_attraction, point_of_interest, establishment",attraction,Arunachal Pradesh,All Seasons,Kra Daadi,18
Palang Sangri,27.8719241,93.6571836,5,"tourist_attraction, point_of_interest, establishment",attraction,Arunachal Pradesh,All Seasons,Kra Daadi,1
Taro SIIGYA community forest,27.5448694,93.81965459999999,0,"tourist_attraction, point_of_interest, establishment",attraction,Arunachal Pradesh,All Seasons,Kra Daadi,0
Kakoi picnic place (কাকৈ বনভোজৰ ঠাই),27.3598029,94.0572059,4.1,"tourist_attraction, point_of_interest, establishment",attraction,Arunachal Pradesh,All Seasons,Kra Daadi,35
Tribal camp (eco-friendly environmental),27.5737099,93.8569126,3.7,"tourist_attraction, point_of_interest, establishment",attraction,Arunachal Pradesh,All Seasons,Kra Daadi,7
Gyadi Habu,27.8020864,93.88883899999999,5,"tourist_attraction, point_of_interest, establishment",attraction,Arunachal Pradesh,All Seasons,Kra Daadi,1
"PAMU YALANG VIEW POINT, ZIRO (Arunachal Pradesh)",27.5648298,93.82370069999999,4.3,"tourist_attraction, point_of_interest, establishment",attraction,Arunachal Pradesh,All Seasons,Kra Daadi,29
1962 War Memorial Park at Neelam Village,27.5888125,93.68481249999999,5,"tourist_attraction, point_of_interest, establishment",attraction,Arunachal Pradesh,All Seasons,Kra Daadi,5
"Pamu Yalang, Ziro",27.5642513,93.8238987,4.3,"tourist_attraction, point_of_interest, establishment",attraction,Arunachal Pradesh,All Seasons,Kra Daadi,59
"Heritage Park and Botanical Garden, Ziro",27.6018615,93.82424030000001,4.1,"tourist_attraction, point_of_interest, establishment",attraction,Arunachal Pradesh,All Seasons,Kra Daadi,68
Ziro Valley view,27.5668994,93.83513529999999,4.3,"tourist_attraction, point_of_interest, establishment",attraction,Arunachal Pradesh,All Seasons,Kra Daadi,38
Ecoland Park Ziro,27.5387567,93.82766,4.3,"tourist_attraction, point_of_interest, establishment",attraction,Arunachal Pradesh,All Seasons,Kra Daadi,12
Camp Urban Jungle,27.5615581,93.86259419999999,4.7,"tourist_attraction, point_of_interest, establishment",attraction,Arunachal Pradesh,All Seasons,Kra Daadi,34
Likha Tekhi Memorial Tower,27.5088461,93.7777627,5,"tourist_attraction, point_of_interest, establishment",attraction,Arunachal Pradesh,All Seasons,Kra Daadi,1
PEGG BALO,27.8027596,93.8979303,0,"tourist_attraction, point_of_interest, establishment",attraction,Arunachal Pradesh,All Seasons,Kra Daadi,0
Ziro Town,27.5433623,93.8117104,4.3,"tourist_attraction, point_of_interest, establishment",attraction,Arunachal Pradesh,All Seasons,Kra Daadi,8
Riimey Park,27.5510441,93.832931,0,"tourist_attraction, point_of_interest, establishment",attraction,Arunachal Pradesh,All Seasons,Kra Daadi,0
Abu Kipa Bulla Village View Point,27.5931425,93.82803260000001,5,"tourist_attraction, point_of_interest, establishment",attraction,Arunachal Pradesh,All Seasons,Kra Daadi,1
Suchusi Homestay,27.5151973,93.83939509999999,5,"tourist_attraction, point_of_interest, establishment",attraction,Arunachal Pradesh,All Seasons,Kra Daadi,8
The Whispering Pines Campsite,27.5667797,93.84680039999999,5,"tourist_attraction, point_of_interest, establishment",attraction,Arunachal Pradesh,All Seasons,Kra Daadi,2
Boori Boot Community Ground,27.4890096,94.1982318,3.8,"tourist_attraction, park, point_of_interest, establishment",attraction,Arunachal Pradesh,All Seasons,Kra Daadi,22
Kago Ampi,27.5582583,93.84828530000001,0,"grocery_or_supermarket, tourist_attraction, store, point_of_interest, food, establishment",attraction,Arunachal Pradesh,All Seasons,Kra Daadi,0
Riimey Park Siiro,27.5250107,93.83983529999999,3.6,"park, point_of_interest, establishment",attraction,Arunachal Pradesh,All Seasons,Kra Daadi,20
Bengia potum garden,27.9209963,93.37327309999999,0,"park, point_of_interest, establishment",parks,Arunachal Pradesh,Spring,Kurung Kumey,0
Bengia Tabin fruit plantation,27.9139181,93.3234172,5,"park, point_of_interest, establishment",parks,Arunachal Pradesh,Spring,Kurung Kumey,1
Likha Asha Garden,27.9038219,93.35341969999999,0,"park, point_of_interest, establishment",parks,Arunachal Pradesh,Spring,Kurung Kumey,0
Jayang bag and srp point,27.738977,93.160561,0,"park, point_of_interest, establishment",parks,Arunachal Pradesh,Spring,Kurung Kumey,0
Bengia Hashi Orange Orchard,27.9091092,93.3395822,0,"park, point_of_interest, establishment",parks,Arunachal Pradesh,Spring,Kurung Kumey,0
Take - Hogu,27.9890621,93.5133438,0,"park, point_of_interest, establishment",parks,Arunachal Pradesh,Spring,Kurung Kumey,0
Tapa,28.1641875,93.2000625,0,"park, point_of_interest, establishment",parks,Arunachal Pradesh,Spring,Kurung Kumey,0
RETROS AND PROSPECTIVES,27.8989678,93.35148629999999,0,"park, point_of_interest, establishment",parks,Arunachal Pradesh,Spring,Kurung Kumey,0
N Lungte,27.8962698,93.3813228,0,"park, point_of_interest, establishment",parks,Arunachal Pradesh,Spring,Kurung Kumey,0
Bake Jose Terrace Field,27.7064464,93.6298965,1,"park, point_of_interest, establishment",parks,Arunachal Pradesh,Spring,Kurung Kumey,1
Bake Jose,27.6954855,93.6324682,0,"park, point_of_interest, establishment",parks,Arunachal Pradesh,Spring,Kurung Kumey,0
Takey,27.737708,93.3866922,1,"campground, park, lodging, point_of_interest, establishment",parks,Arunachal Pradesh,Spring,Kurung Kumey,1
Sai yari farm,27.6971687,93.64114529999999,0,"campground, park, lodging, point_of_interest, establishment",parks,Arunachal Pradesh,Spring,Kurung Kumey,0
शिव मंदिर,27.6952154,93.6300461,4.5,"hindu_temple, place_of_worship, point_of_interest, establishment",temples,Arunachal Pradesh,All Seasons,Kurung Kumey,2
Shree Shiv Mandir (ITBP),27.6961772,93.6353226,0,"hindu_temple, place_of_worship, point_of_interest, establishment",temples,Arunachal Pradesh,All Seasons,Kurung Kumey,0
MAA Kali temple,27.784016,93.53282100000001,0,"hindu_temple, place_of_worship, point_of_interest, establishment",temples,Arunachal Pradesh,All Seasons,Kurung Kumey,0
Jay baba veer nath,27.9263185,93.1628267,0,"hindu_temple, place_of_worship, point_of_interest, establishment",temples,Arunachal Pradesh,All Seasons,Kurung Kumey,0
Taping Yarda (Hill),27.8930153,93.3376564,4.5,"tourist_attraction, point_of_interest, establishment",hills,Arunachal Pradesh,Winter,Kurung Kumey,2
Palin Heliport,27.6958998,93.635753,2,"airport, point_of_interest, establishment",hills,Arunachal Pradesh,Winter,Kurung Kumey,10
Yangte valley,27.8232271,93.628113,4.2,"tourist_attraction, point_of_interest, establishment",attraction,Arunachal Pradesh,All Seasons,Kurung Kumey,5
Taping Yarda (Hill),27.8930153,93.3376564,4.5,"tourist_attraction, point_of_interest, establishment",attraction,Arunachal Pradesh,All Seasons,Kurung Kumey,2
Pingrung(cave),27.7770017,93.4112468,5,"tourist_attraction, point_of_interest, establishment",attraction,Arunachal Pradesh,All Seasons,Kurung Kumey,1
Nyapin Pics,27.7498387,93.39040879999999,3.2,"tourist_attraction, point_of_interest, establishment",attraction,Arunachal Pradesh,All Seasons,Kurung Kumey,5
Pingphek paling pingrung,27.7781838,93.4146614,0,"tourist_attraction, point_of_interest, establishment",attraction,Arunachal Pradesh,All Seasons,Kurung Kumey,0
Langth-loth (dartey),27.7781894,93.4146549,0,"tourist_attraction, point_of_interest, establishment",attraction,Arunachal Pradesh,All Seasons,Kurung Kumey,0
Taping yarda,27.9038219,93.35341969999999,0,"tourist_attraction, point_of_interest, establishment",attraction,Arunachal Pradesh,All Seasons,Kurung Kumey,0
Chimpung La,28.1929375,93.0515625,0,"tourist_attraction, point_of_interest, establishment",attraction,Arunachal Pradesh,All Seasons,Kurung Kumey,0
Lutin La,28.1905625,93.0415625,5,"tourist_attraction, point_of_interest, establishment",attraction,Arunachal Pradesh,All Seasons,Kurung Kumey,1
Palang sengri,27.8232271,93.628113,0,"tourist_attraction, point_of_interest, establishment",attraction,Arunachal Pradesh,All Seasons,Kurung Kumey,0
Palang sangri,27.8254379,93.6231418,5,"tourist_attraction, point_of_interest, establishment",attraction,Arunachal Pradesh,All Seasons,Kurung Kumey,1
"Heritage Park and Botanical Garden, Ziro",27.6018615,93.82424030000001,4.1,"tourist_attraction, point_of_interest, establishment",parks,Arunachal Pradesh,Spring,Lepa Rada,68
Ziro hidden lake,27.6160485,93.81650049999999,4.1,"park, point_of_interest, establishment",parks,Arunachal Pradesh,Spring,Lepa Rada,12
Cabbage Garden,27.6379025,93.8581397,4.9,"park, point_of_interest, establishment",parks,Arunachal Pradesh,Spring,Lepa Rada,20
N Swimming pool-cum-bar,27.9719884,94.2062704,3.5,"park, point_of_interest, establishment",parks,Arunachal Pradesh,Spring,Lepa Rada,8
Pung & Kurung meeting point,27.8002129,93.8833713,5,"park, point_of_interest, establishment",parks,Arunachal Pradesh,Spring,Lepa Rada,1
Farm House of Taru Gusar,27.9889807,94.2430729,0,"park, point_of_interest, establishment",parks,Arunachal Pradesh,Spring,Lepa Rada,0
Ngechi village,27.7848456,94.0667562,0,"park, point_of_interest, establishment",parks,Arunachal Pradesh,Spring,Lepa Rada,0
Sikhe lake ziro,27.6164185,93.8192373,5,"park, point_of_interest, establishment",parks,Arunachal Pradesh,Spring,Lepa Rada,1
BYK's Orange Orchard,28.001493,94.24194879999999,0,"park, point_of_interest, establishment",parks,Arunachal Pradesh,Spring,Lepa Rada,0
Kama Soki Family Orange Garden,28.0480907,94.1291136,0,"park, point_of_interest, establishment",parks,Arunachal Pradesh,Spring,Lepa Rada,0
Tate Raji Orange Garden,28.0224511,94.1930373,0,"park, point_of_interest, establishment",parks,Arunachal Pradesh,Spring,Lepa Rada,0
Layla Majnu (Lover Point),27.9856401,94.23171239999999,0,"park, point_of_interest, establishment",parks,Arunachal Pradesh,Spring,Lepa Rada,0
Air field,27.9819831,94.2159925,0,"park, point_of_interest, establishment",parks,Arunachal Pradesh,Spring,Lepa Rada,0
BYK's Farm House,27.9983311,94.243146,0,"park, point_of_interest, establishment",parks,Arunachal Pradesh,Spring,Lepa Rada,0
Radhe Ranii,27.6225506,93.85461459999999,5,"park, point_of_interest, establishment",parks,Arunachal Pradesh,Spring,Lepa Rada,4
Khyoda Bagang Cardamom plantation,27.6741167,93.88557999999999,0,"park, point_of_interest, establishment",parks,Arunachal Pradesh,Spring,Lepa Rada,0
Boasimla View Point,27.7333665,93.9921595,4,"park, point_of_interest, establishment",parks,Arunachal Pradesh,Spring,Lepa Rada,7
Kuru Rabin Hasang Forest (Byomang Morey),27.6391212,93.8756616,5,"park, point_of_interest, establishment",parks,Arunachal Pradesh,Spring,Lepa Rada,1
Subansiri Island,27.9862879,94.2205209,0,"park, point_of_interest, establishment",parks,Arunachal Pradesh,Spring,Lepa Rada,0
RT BEKI KIWI GARDEN,27.642183,93.877512,0,"park, point_of_interest, establishment",parks,Arunachal Pradesh,Spring,Lepa Rada,0
Jumni maro,27.9915655,94.40590619999999,5,"park, point_of_interest, establishment",parks,Arunachal Pradesh,Spring,Lepa Rada,1
DORA TASSING CARDAMOM GARDEN,27.6583894,93.8914508,3,"park, point_of_interest, establishment",parks,Arunachal Pradesh,Spring,Lepa Rada,1
Peet Village/Tayo Meyma Garden,27.6472056,93.8850889,0,"park, point_of_interest, establishment",parks,Arunachal Pradesh,Spring,Lepa Rada,0
Tamak Riddi Orange Garden,28.042587,94.1952646,5,"park, point_of_interest, establishment",parks,Arunachal Pradesh,Spring,Lepa Rada,1
"Lee Garden, NOLUM",28.100046,94.3522653,0,"park, point_of_interest, establishment",parks,Arunachal Pradesh,Spring,Lepa Rada,0
Duyu Doley Forest,27.6203553,93.85801269999999,0,"park, point_of_interest, establishment",parks,Arunachal Pradesh,Spring,Lepa Rada,0
AJIK YERB,27.658058,93.892749,0,"park, point_of_interest, establishment",parks,Arunachal Pradesh,Spring,Lepa Rada,0
Talley pussang Siire Moreh,27.6641975,93.82163919999999,0,"park, point_of_interest, establishment",parks,Arunachal Pradesh,Spring,Lepa Rada,0
Boundary between G.Tekir and H. Ruth,27.7485895,94.0134923,0,"park, point_of_interest, establishment",parks,Arunachal Pradesh,Spring,Lepa Rada,0
Guchi Gaa,27.7436817,94.0086492,0,"park, point_of_interest, establishment",parks,Arunachal Pradesh,Spring,Lepa Rada,0
Jogdi Svlv,28.0686938,94.16616929999999,0,"park, point_of_interest, establishment",parks,Arunachal Pradesh,Spring,Lepa Rada,0
Nani kojing pussang uru Moreh,27.6431029,93.846565,0,"park, point_of_interest, establishment",parks,Arunachal Pradesh,Spring,Lepa Rada,0
Ana home,27.597131,93.83914270000001,0,"park, point_of_interest, establishment",parks,Arunachal Pradesh,Spring,Lepa Rada,0
T Zirdo Tea Garden,27.60515,94.307953,0,"park, point_of_interest, establishment",parks,Arunachal Pradesh,Spring,Lepa Rada,0
Tado Lvn,28.0694142,94.1705054,0,"park, point_of_interest, establishment",parks,Arunachal Pradesh,Spring,Lepa Rada,0
Padi Bhung Morey (Forest),27.6427785,93.8954505,0,"park, point_of_interest, establishment",parks,Arunachal Pradesh,Spring,Lepa Rada,0
Haj Hardang Morey,27.6148016,93.8349576,0,"park, point_of_interest, establishment",parks,Arunachal Pradesh,Spring,Lepa Rada,0
DORA TASSING KIWI & BAMBOO GARDEN,27.6672296,93.89216929999999,0,"park, point_of_interest, establishment",parks,Arunachal Pradesh,Spring,Lepa Rada,0
Bokens farm house,27.6031115,93.817404,0,"park, point_of_interest, establishment",parks,Arunachal Pradesh,Spring,Lepa Rada,0
DORA TADAK KIWI & TEA GARDEN,27.6589337,93.8952159,0,"park, point_of_interest, establishment",parks,Arunachal Pradesh,Spring,Lepa Rada,0
Dular Dujom’s Orange Orchard,27.996988,94.220835,0,"park, point_of_interest, establishment",parks,Arunachal Pradesh,Spring,Lepa Rada,0
MAGA AJIK(DORA)GINGER GARDEN,27.6775879,93.88339940000002,0,"park, point_of_interest, establishment",parks,Arunachal Pradesh,Spring,Lepa Rada,0
Kabla lusi,27.9862879,94.2205209,0,"campground, park, lodging, point_of_interest, establishment",parks,Arunachal Pradesh,Spring,Lepa Rada,0
Eru home,27.9819831,94.2159925,0,"park, point_of_interest, establishment",parks,Arunachal Pradesh,Spring,Lepa Rada,0
"Heritage Park and Botanical Garden, Ziro",27.6018615,93.82424030000001,4.1,"tourist_attraction, point_of_interest, establishment",waterfalls,Arunachal Pradesh,Monsoon,Lepa Rada,68
MILLO ATUNG URU WATERFALL(FOREST),27.6392264,93.8707713,0,"point_of_interest, establishment",waterfalls,Arunachal Pradesh,Monsoon,Lepa Rada,0
Yamin waterfall (forest),27.6393125,93.87081250000001,0,"amusement_park, point_of_interest, establishment",waterfalls,Arunachal Pradesh,Monsoon,Lepa Rada,0
Manga cave,28.1007551,94.1463382,4.2,"hindu_temple, place_of_worship, point_of_interest, establishment",temples,Arunachal Pradesh,All Seasons,Lepa Rada,34
Old Ziro Shiv Mandir,27.5953122,93.8260584,4.5,"hindu_temple, place_of_worship, point_of_interest, establishment",temples,Arunachal Pradesh,All Seasons,Lepa Rada,10
CE NTRAL RESERVE POLICE FORCE ZIBN TEMPLE,27.9861276,94.2272081,0,"hindu_temple, place_of_worship, point_of_interest, establishment",temples,Arunachal Pradesh,All Seasons,Lepa Rada,0
Sikarijo SHIV MANDIR,27.994797,94.2134202,0,"hindu_temple, place_of_worship, point_of_interest, establishment",temples,Arunachal Pradesh,All Seasons,Lepa Rada,0
"BN, Shiv Mandir",27.9855161,94.2287829,0,"hindu_temple, place_of_worship, point_of_interest, establishment",temples,Arunachal Pradesh,All Seasons,Lepa Rada,0
SARBOJANIN DURGA MANDIR,27.9874241,94.2249356,5,"hindu_temple, place_of_worship, point_of_interest, establishment",temples,Arunachal Pradesh,All Seasons,Lepa Rada,2
Bholenath Shiv Shankar temple,27.9880499,94.22196819999999,2,"hindu_temple, place_of_worship, point_of_interest, establishment",temples,Arunachal Pradesh,All Seasons,Lepa Rada,1
SHREE MANTA SANKARDEV ART& CULTURAL CENTRE,27.9860809,94.2263037,5,"hindu_temple, place_of_worship, point_of_interest, establishment",temples,Arunachal Pradesh,All Seasons,Lepa Rada,1
SHIVA MANDIR,27.6459432,93.87069819999999,0,"hindu_temple, place_of_worship, point_of_interest, establishment",temples,Arunachal Pradesh,All Seasons,Lepa Rada,0
Shiv Mandir,27.9854759,94.41722109999999,0,"hindu_temple, place_of_worship, point_of_interest, establishment",temples,Arunachal Pradesh,All Seasons,Lepa Rada,0
"Old ziro ,Suman home",27.5955119,93.82553829999999,4,"hindu_temple, place_of_worship, point_of_interest, establishment",temples,Arunachal Pradesh,All Seasons,Lepa Rada,2
Gopal monder,27.7548925,94.027384,0,"hindu_temple, place_of_worship, point_of_interest, establishment",temples,Arunachal Pradesh,All Seasons,Lepa Rada,0
SULULYA MEDER NELLO,27.6011205,93.825109,4.5,"place_of_worship, point_of_interest, establishment",temples,Arunachal Pradesh,All Seasons,Lepa Rada,2
M/s. Hill View Wine Shop,27.9850146,94.21739389999999,0,"liquor_store, store, point_of_interest, establishment",hills,Arunachal Pradesh,Winter,Lepa Rada,0
Miri Hills,28.0697222,94.03111109999999,1,"natural_feature, establishment",hills,Arunachal Pradesh,Winter,Lepa Rada,1
"Circuit House, Raga",27.792316,94.07529199999999,3.2,"lodging, point_of_interest, establishment",hills,Arunachal Pradesh,Winter,Lepa Rada,52
Taniang Lapang (Gangte),27.8599093,93.9388276,5,"point_of_interest, establishment",hills,Arunachal Pradesh,Winter,Lepa Rada,5
View point,27.5979511,93.85055980000001,4.2,"tourist_attraction, point_of_interest, establishment",attraction,Arunachal Pradesh,All Seasons,Lepa Rada,5
"Bamboo suspension Bridge - Daporijo, Subansiri District, Arunachal Pradesh, India",27.9945589,94.2239707,4.1,"tourist_attraction, point_of_interest, establishment",attraction,Arunachal Pradesh,All Seasons,Lepa Rada,19
Kurung kumey meeting point,27.8201619,93.92554799999999,4,"tourist_attraction, point_of_interest, establishment",attraction,Arunachal Pradesh,All Seasons,Lepa Rada,16
yikar place,27.9952661,94.2158228,5,"tourist_attraction, point_of_interest, establishment",attraction,Arunachal Pradesh,All Seasons,Lepa Rada,4
Topo Statue,27.9802856,94.2771705,5,"tourist_attraction, point_of_interest, establishment",attraction,Arunachal Pradesh,All Seasons,Lepa Rada,7
"Heritage Park and Botanical Garden, Ziro",27.6018615,93.82424030000001,4.1,"tourist_attraction, point_of_interest, establishment",attraction,Arunachal Pradesh,All Seasons,Lepa Rada,68
Gyadi Habu,27.8020864,93.88883899999999,5,"tourist_attraction, point_of_interest, establishment",attraction,Arunachal Pradesh,All Seasons,Lepa Rada,1
PEGG BALO,27.8027596,93.8979303,0,"tourist_attraction, point_of_interest, establishment",attraction,Arunachal Pradesh,All Seasons,Lepa Rada,0
DAMGO YINYO FARM HOUSE,27.9922725,94.2537457,0,"tourist_attraction, point_of_interest, establishment",attraction,Arunachal Pradesh,All Seasons,Lepa Rada,0
DON,27.9690382,94.2596805,3.8,"tourist_attraction, point_of_interest, establishment",attraction,Arunachal Pradesh,All Seasons,Lepa Rada,10
Hawa Camp (Lohit View),27.9213665,96.3313012,4.6,"park, tourist_attraction, point_of_interest, establishment",parks,Arunachal Pradesh,Spring,Lohit,79
Mehao Wildlife Sanctuary,28.1467749,95.9393194,4.5,"zoo, park, point_of_interest, establishment",parks,Arunachal Pradesh,Spring,Lohit,13
Khyapa Park,27.7799989,96.3486818,4,"park, point_of_interest, establishment",parks,Arunachal Pradesh,Spring,Lohit,2
Lohit,27.999469,96.20083369999999,4,"park, point_of_interest, establishment",parks,Arunachal Pradesh,Spring,Lohit,1
Kamlang Forest,27.7725247,96.3253818,4.2,"park, point_of_interest, establishment",parks,Arunachal Pradesh,Spring,Lohit,6
Vivekananda Children Park,27.9231085,96.1674798,3.5,"park, point_of_interest, establishment",parks,Arunachal Pradesh,Spring,Lohit,4
"Tezu Botanical Garden - Tezu, Arunachal Pradesh, India",27.9289419,96.15313499999999,3.6,"tourist_attraction, park, point_of_interest, establishment",parks,Arunachal Pradesh,Spring,Lohit,397
Ansika jaan tezu,27.9283234,96.15263069999999,0,"park, point_of_interest, establishment",parks,Arunachal Pradesh,Spring,Lohit,0
Children Park,27.9412189,96.14829429999999,0,"park, point_of_interest, establishment",parks,Arunachal Pradesh,Spring,Lohit,0
Mehao Lake,28.1484407,95.94414499999999,3.8,"park, point_of_interest, establishment",parks,Arunachal Pradesh,Spring,Lohit,16
Loponli - Village,27.9488125,95.88320309999999,0,"park, point_of_interest, establishment",parks,Arunachal Pradesh,Spring,Lohit,0
Kamlang Tiger Reserve & Wildlife Sanctuary,27.7401704,96.33900299999999,4.2,"tourist_attraction, park, point_of_interest, establishment",parks,Arunachal Pradesh,Spring,Lohit,69
Bidianso Korah Yield,27.9682752,96.14767250000001,0,"park, point_of_interest, establishment",parks,Arunachal Pradesh,Spring,Lohit,0
Paya Reserved Forest,27.869296,95.9971951,4,"park, point_of_interest, establishment",parks,Arunachal Pradesh,Spring,Lohit,1
Suhana tea garden,27.8153569,96.13582339999999,5,"park, point_of_interest, establishment",parks,Arunachal Pradesh,Spring,Lohit,1
S.bellai private area,27.9331394,96.1241544,5,"park, point_of_interest, establishment",parks,Arunachal Pradesh,Spring,Lohit,1
Alisha's Garden,27.905479,96.28012939999999,5,"park, point_of_interest, establishment",parks,Arunachal Pradesh,Spring,Lohit,2
Rukham Rangyah bodh,27.8150458,96.07337419999999,5,"park, point_of_interest, establishment",parks,Arunachal Pradesh,Spring,Lohit,1
"District Museum And Community Convention CentreTezu, Lohit District, Arunachal Pradesh, India",27.9235772,96.16554149999999,3.8,"museum, tourist_attraction, point_of_interest, establishment",parks,Arunachal Pradesh,Spring,Lohit,151
Manyuliayg Tea Estate,27.7810224,96.3272597,3.5,"park, point_of_interest, establishment",parks,Arunachal Pradesh,Spring,Lohit,19
Beyond Brahmaputra Campsite Parshuram,27.8864375,96.3490625,4.7,"campground, park, lodging, point_of_interest, establishment",parks,Arunachal Pradesh,Spring,Lohit,45
Napatia PHE water tank,27.834559,96.01026139999999,3,"park, point_of_interest, establishment",parks,Arunachal Pradesh,Spring,Lohit,4
New Job Card Road. Mabira,27.7947895,95.95609189999999,0,"park, point_of_interest, establishment",parks,Arunachal Pradesh,Spring,Lohit,0
Shree Parshurama Kunda Temple,27.8760781,96.3595711,4.5,"hindu_temple, tourist_attraction, place_of_worship, point_of_interest, establishment",parks,Arunachal Pradesh,Spring,Lohit,1232
Jemochaya Reserve,27.7521386,95.9668592,0,"park, point_of_interest, establishment",parks,Arunachal Pradesh,Spring,Lohit,0
getingso kri area,27.7870372,96.1763307,0,"park, point_of_interest, establishment",parks,Arunachal Pradesh,Spring,Lohit,0
"New mekailiang , MPrasad farmer",27.9422215,96.1529717,5,"park, point_of_interest, establishment",parks,Arunachal Pradesh,Spring,Lohit,1
Yamphai Nala,27.877212,95.90768100000001,0,"park, point_of_interest, establishment",parks,Arunachal Pradesh,Spring,Lohit,0
Chow thawing manpoong,27.7379142,95.9096866,0,"park, point_of_interest, establishment",parks,Arunachal Pradesh,Spring,Lohit,0
Chikro Bamboo Plantation,27.7841645,96.35411859999999,3,"park, point_of_interest, establishment",parks,Arunachal Pradesh,Spring,Lohit,1
Marwa,27.8029583,96.14179829999999,4.8,"park, point_of_interest, establishment",parks,Arunachal Pradesh,Spring,Lohit,4
ROBAN SAROVAR,27.9120871,96.1547923,2,"park, point_of_interest, establishment",parks,Arunachal Pradesh,Spring,Lohit,1
Tunku pulu Orange garden,28.039546,96.0081594,0,"park, point_of_interest, establishment",parks,Arunachal Pradesh,Spring,Lohit,0
Angijo pulu,28.0523225,96.00749739999999,0,"park, point_of_interest, establishment",parks,Arunachal Pradesh,Spring,Lohit,0
goverment reserve forest,28.077761,95.90974229999999,0,"park, point_of_interest, establishment",parks,Arunachal Pradesh,Spring,Lohit,0
Rrr,28.0672049,96.1516869,0,"park, point_of_interest, establishment",parks,Arunachal Pradesh,Spring,Lohit,0
Pusuram turning,27.7974339,96.163659,5,"park, point_of_interest, establishment",parks,Arunachal Pradesh,Spring,Lohit,2
Juntu mendo ka cow farm,28.0387948,96.0496946,3,"park, point_of_interest, establishment",parks,Arunachal Pradesh,Spring,Lohit,2
Tunku pulu Tea Garden,28.0527305,96.0055371,0,"park, point_of_interest, establishment",parks,Arunachal Pradesh,Spring,Lohit,0
Kanu,27.9276542,96.1533094,0,"park, point_of_interest, establishment",parks,Arunachal Pradesh,Spring,Lohit,0
getingso kri land area,27.7792283,96.2615113,0,"park, point_of_interest, establishment",parks,Arunachal Pradesh,Spring,Lohit,0
"Molaseng namchoom camp area,tonko nala",27.7023125,96.1069375,0,"park, point_of_interest, establishment",parks,Arunachal Pradesh,Spring,Lohit,0
GOLDEN PAGODA,27.7724797,95.97490239999999,4.6,"tourist_attraction, place_of_worship, point_of_interest, establishment",parks,Arunachal Pradesh,Spring,Lohit,5137
Misaya A,28.0861865,96.04731280000001,0,"park, point_of_interest, establishment",parks,Arunachal Pradesh,Spring,Lohit,0
Bulruram turning,27.7974292,96.16366230000001,0,"park, point_of_interest, establishment",parks,Arunachal Pradesh,Spring,Lohit,0
Chiangliang,27.9278036,96.1709281,0,"park, point_of_interest, establishment",parks,Arunachal Pradesh,Spring,Lohit,0
Ming Farm Changliang,27.919358,96.2031894,0,"park, point_of_interest, establishment",parks,Arunachal Pradesh,Spring,Lohit,0
Pembu mihu,28.039744,96.01068099999999,0,"park, point_of_interest, establishment",parks,Arunachal Pradesh,Spring,Lohit,0
BRC Goat farm,27.950325,96.14305999999999,0,"park, point_of_interest, establishment",parks,Arunachal Pradesh,Spring,Lohit,0
Pul,27.96856,96.1918725,0,"campground, park, lodging, point_of_interest, establishment",parks,Arunachal Pradesh,Spring,Lohit,0
"District Museum And Community Convention CentreTezu, Lohit District, Arunachal Pradesh, India",27.9235772,96.16554149999999,3.8,"museum, tourist_attraction, point_of_interest, establishment",museum,Arunachal Pradesh,Winter,Lohit,151
TIBET HOUSE,27.9123776,96.1286737,4.9,"museum, point_of_interest, establishment",museum,Arunachal Pradesh,Winter,Lohit,50
Sutonpe Manfaiseng,27.7095204,95.926726,3.4,"museum, point_of_interest, establishment",museum,Arunachal Pradesh,Winter,Lohit,9
"Tamladu Ground, Khoroliang",27.918514,96.182178,3.9,"museum, point_of_interest, establishment",museum,Arunachal Pradesh,Winter,Lohit,20
GOLDEN PAGODA,27.7724797,95.97490239999999,4.6,"tourist_attraction, place_of_worship, point_of_interest, establishment",museum,Arunachal Pradesh,Winter,Lohit,5137
Tezu Islet,27.9529217,96.1933789,5,"tourist_attraction, point_of_interest, establishment",waterfalls,Arunachal Pradesh,Monsoon,Lohit,1
Napatia PHE water tank,27.834559,96.01026139999999,3,"park, point_of_interest, establishment",waterfalls,Arunachal Pradesh,Monsoon,Lohit,4
"Tezu Botanical Garden - Tezu, Arunachal Pradesh, India",27.9289419,96.15313499999999,3.6,"tourist_attraction, park, point_of_interest, establishment",waterfalls,Arunachal Pradesh,Monsoon,Lohit,397
Clock Tower Tezu,27.9252239,96.1633653,4.1,"tourist_attraction, point_of_interest, establishment",waterfalls,Arunachal Pradesh,Monsoon,Lohit,719
Shree Parshurama Kunda Temple,27.8760781,96.3595711,4.5,"hindu_temple, tourist_attraction, place_of_worship, point_of_interest, establishment",waterfalls,Arunachal Pradesh,Monsoon,Lohit,1232
ASSAMNESS HOTSPOT TEZU,27.9122515,96.1675448,4,"tourist_attraction, point_of_interest, establishment",waterfalls,Arunachal Pradesh,Monsoon,Lohit,8
"District Museum And Community Convention CentreTezu, Lohit District, Arunachal Pradesh, India",27.9235772,96.16554149999999,3.8,"museum, tourist_attraction, point_of_interest, establishment",waterfalls,Arunachal Pradesh,Monsoon,Lohit,151
Tezu Nallah,27.914681,96.1732435,4,"natural_feature, establishment",waterfalls,Arunachal Pradesh,Monsoon,Lohit,70
Tezu Town,27.9276453,96.1532488,3.9,"lodging, point_of_interest, establishment",waterfalls,Arunachal Pradesh,Monsoon,Lohit,96
Soppong Island Resort,27.7929466,96.1051584,3.6,"lodging, point_of_interest, establishment",beaches,Arunachal Pradesh,Summer,Lohit,87
GOLDEN PAGODA,27.7724797,95.97490239999999,4.6,"tourist_attraction, place_of_worship, point_of_interest, establishment",beaches,Arunachal Pradesh,Summer,Lohit,5137
Mehao Wildlife Sanctuary,28.1467749,95.9393194,4.5,"zoo, park, point_of_interest, establishment",zoo,Arunachal Pradesh,Winter,Lohit,13
Universe Restro & K K Resort,28.1555477,95.8599434,4,"lodging, restaurant, food, point_of_interest, establishment",zoo,Arunachal Pradesh,Winter,Lohit,41
Krishna Temple,27.8364676,96.0185023,4.6,"hindu_temple, place_of_worship, point_of_interest, establishment",temples,Arunachal Pradesh,All Seasons,Lohit,12
Nanam Khamti Buddhist Temple,27.7070711,95.89904969999999,3.9,"place_of_worship, point_of_interest, establishment",temples,Arunachal Pradesh,All Seasons,Lohit,13
"Sivji Temple,kamlang",27.8384935,96.0377711,4.4,"hindu_temple, place_of_worship, point_of_interest, establishment",temples,Arunachal Pradesh,All Seasons,Lohit,9
Shiv Mandir,27.8567372,95.8877612,4,"hindu_temple, place_of_worship, point_of_interest, establishment",temples,Arunachal Pradesh,All Seasons,Lohit,3
Chongkham Buddhist Temple,27.8079073,96.03686719999999,4.4,"place_of_worship, point_of_interest, establishment",temples,Arunachal Pradesh,All Seasons,Lohit,55
Hindu Temple,27.9279921,96.16493969999999,4.2,"hindu_temple, place_of_worship, point_of_interest, establishment",temples,Arunachal Pradesh,All Seasons,Lohit,25
"Shree Shiva Radha Krishna Temple, Sunpura Toribari",27.8471496,95.87739680000001,4.4,"hindu_temple, place_of_worship, point_of_interest, establishment",temples,Arunachal Pradesh,All Seasons,Lohit,17
"Golden Peace Pagoda, CHOWKHAM",27.8065802,96.0356678,4.6,"place_of_worship, point_of_interest, establishment",temples,Arunachal Pradesh,All Seasons,Lohit,52
Hindu Temple,28.0108136,96.2102235,4.2,"hindu_temple, place_of_worship, point_of_interest, establishment",temples,Arunachal Pradesh,All Seasons,Lohit,11
Golden Pagoda Lord Buddha Statue,27.7713171,95.9769192,4.6,"place_of_worship, point_of_interest, establishment",temples,Arunachal Pradesh,All Seasons,Lohit,64
Buddhist Temple,27.9284137,96.16554359999999,4.4,"place_of_worship, point_of_interest, establishment",temples,Arunachal Pradesh,All Seasons,Lohit,38
Shri Rama Temple,27.9253565,96.1692442,4.2,"hindu_temple, place_of_worship, point_of_interest, establishment",temples,Arunachal Pradesh,All Seasons,Lohit,14
Kherem Buddhist temple,27.8089142,96.1333145,1,"place_of_worship, point_of_interest, establishment",temples,Arunachal Pradesh,All Seasons,Lohit,1
"Dangoria Mandir , Chowkham",27.8043353,96.0318167,4.2,"hindu_temple, place_of_worship, point_of_interest, establishment",temples,Arunachal Pradesh,All Seasons,Lohit,10
Kali mandir,27.7854698,96.34826210000001,4.5,"hindu_temple, place_of_worship, point_of_interest, establishment",temples,Arunachal Pradesh,All Seasons,Lohit,2
Shri Ganesha Temple,28.078933,95.912451,4.6,"hindu_temple, place_of_worship, point_of_interest, establishment",temples,Arunachal Pradesh,All Seasons,Lohit,19
Empong Buddhist Temple,27.790433,96.1205679,4.8,"place_of_worship, point_of_interest, establishment",temples,Arunachal Pradesh,All Seasons,Lohit,27
Shree Parshurama Kunda Temple,27.8760781,96.3595711,4.5,"hindu_temple, tourist_attraction, place_of_worship, point_of_interest, establishment",temples,Arunachal Pradesh,All Seasons,Lohit,1232
Hanuman Temple,27.9278587,96.16474,4.8,"hindu_temple, place_of_worship, point_of_interest, establishment",temples,Arunachal Pradesh,All Seasons,Lohit,4
JONA - I BUDDHIST TEMPLE,27.7401388,95.882733,4.8,"place_of_worship, point_of_interest, establishment",temples,Arunachal Pradesh,All Seasons,Lohit,4
"Nirvan Sadak Vana Vihara, Buddhist temple, Kamlang",27.8376119,96.0789503,4.4,"place_of_worship, point_of_interest, establishment",temples,Arunachal Pradesh,All Seasons,Lohit,10
Shri Shiva Temple,27.8898173,96.04948000000002,4.4,"hindu_temple, place_of_worship, point_of_interest, establishment",temples,Arunachal Pradesh,All Seasons,Lohit,8
Unit Temple,28.0125144,96.2120518,4.7,"hindu_temple, place_of_worship, point_of_interest, establishment",temples,Arunachal Pradesh,All Seasons,Lohit,14
Nitai kachari hari namghar,27.9016764,95.8657803,5,"hindu_temple, place_of_worship, point_of_interest, establishment",temples,Arunachal Pradesh,All Seasons,Lohit,1
Shri Shiva Temple,27.961189,96.1576813,4.7,"hindu_temple, place_of_worship, point_of_interest, establishment",temples,Arunachal Pradesh,All Seasons,Lohit,9
Solungtoo Buddhist Temple,27.7304553,95.9060794,4.8,"place_of_worship, point_of_interest, establishment",temples,Arunachal Pradesh,All Seasons,Lohit,15
GOLDEN PAGODA,27.7724797,95.97490239999999,4.6,"tourist_attraction, place_of_worship, point_of_interest, establishment",temples,Arunachal Pradesh,All Seasons,Lohit,5137
Emphum Buddhist Temple,27.7721949,96.1400371,4.8,"place_of_worship, point_of_interest, establishment",temples,Arunachal Pradesh,All Seasons,Lohit,4
"Radha Krishna Mandir,Alubari",27.8360339,96.0173524,4,"hindu_temple, place_of_worship, point_of_interest, establishment",temples,Arunachal Pradesh,All Seasons,Lohit,7
Mankao Buddhist Temple,27.7890913,96.1272955,4.5,"place_of_worship, point_of_interest, establishment",temples,Arunachal Pradesh,All Seasons,Lohit,8
"Nalong, Buddhist Temple",27.8018257,96.00063999999999,4,"place_of_worship, point_of_interest, establishment",temples,Arunachal Pradesh,All Seasons,Lohit,12
Chowkham Temples,27.8065954,96.03466689999999,4.5,"place_of_worship, point_of_interest, establishment",temples,Arunachal Pradesh,All Seasons,Lohit,13
Shiv Mandir,27.8965756,95.8786887,4.7,"hindu_temple, place_of_worship, point_of_interest, establishment",temples,Arunachal Pradesh,All Seasons,Lohit,3
Shri Hanuman Temple,27.8758357,96.3596376,5,"hindu_temple, place_of_worship, point_of_interest, establishment",temples,Arunachal Pradesh,All Seasons,Lohit,1
Panbari Krishna Temple,27.9169479,96.1861301,4.8,"hindu_temple, place_of_worship, point_of_interest, establishment",temples,Arunachal Pradesh,All Seasons,Lohit,4
Shiv Mandir,27.8092282,96.0417358,4.5,"hindu_temple, place_of_worship, point_of_interest, establishment",temples,Arunachal Pradesh,All Seasons,Lohit,2
Kungseng Buddhist Temple,27.7838425,96.029224,5,"place_of_worship, point_of_interest, establishment",temples,Arunachal Pradesh,All Seasons,Lohit,1
Shree Shree omkareswor shiv mandir,27.9084266,95.88267119999999,5,"hindu_temple, place_of_worship, point_of_interest, establishment",temples,Arunachal Pradesh,All Seasons,Lohit,1
Shiv Mandir,27.9223443,95.87451390000001,3.7,"hindu_temple, place_of_worship, point_of_interest, establishment",temples,Arunachal Pradesh,All Seasons,Lohit,3
shiv mandir,27.95245,96.2547384,5,"hindu_temple, place_of_worship, point_of_interest, establishment",temples,Arunachal Pradesh,All Seasons,Lohit,1
Shiv Mandir,27.9073875,95.8906688,0,"hindu_temple, place_of_worship, point_of_interest, establishment",temples,Arunachal Pradesh,All Seasons,Lohit,0
Maha Shiv Mandir,27.8775143,96.04054219999999,2.3,"hindu_temple, place_of_worship, point_of_interest, establishment",temples,Arunachal Pradesh,All Seasons,Lohit,3
Bathou than,27.9217027,95.9025267,0,"hindu_temple, place_of_worship, point_of_interest, establishment",temples,Arunachal Pradesh,All Seasons,Lohit,0
Shiv Mandir,27.8115728,96.0624046,5,"hindu_temple, place_of_worship, point_of_interest, establishment",temples,Arunachal Pradesh,All Seasons,Lohit,1
Devi Than,27.9167083,95.8729682,0,"hindu_temple, place_of_worship, point_of_interest, establishment",temples,Arunachal Pradesh,All Seasons,Lohit,0
Lakhi aai Mandir,27.9020605,95.861262,0,"hindu_temple, place_of_worship, point_of_interest, establishment",temples,Arunachal Pradesh,All Seasons,Lohit,0
Shiv Mandir,27.7884687,96.18477969999999,3.8,"hindu_temple, place_of_worship, point_of_interest, establishment",temples,Arunachal Pradesh,All Seasons,Lohit,4
"Shiv Mandir,Alubari",27.8385104,96.01491539999999,4.6,"hindu_temple, place_of_worship, point_of_interest, establishment",temples,Arunachal Pradesh,All Seasons,Lohit,5
Govinda bhavan Shiva temple Udaipur,27.8778833,95.9159742,0,"hindu_temple, place_of_worship, point_of_interest, establishment",temples,Arunachal Pradesh,All Seasons,Lohit,0
Mimey Buddhist Temple,27.7791802,96.1127351,3.8,"place_of_worship, point_of_interest, establishment",temples,Arunachal Pradesh,All Seasons,Lohit,4
SHIV MANDIR (T.MISO Mandir),28.0247828,95.8934578,3.5,"hindu_temple, place_of_worship, point_of_interest, establishment",temples,Arunachal Pradesh,All Seasons,Lohit,4
Dhaniyapur Shiv mandir,27.8755971,95.8637176,0,"hindu_temple, place_of_worship, point_of_interest, establishment",temples,Arunachal Pradesh,All Seasons,Lohit,0
Hatidandi Shiva Mandir,27.9081238,95.877878,3.8,"hindu_temple, place_of_worship, point_of_interest, establishment",temples,Arunachal Pradesh,All Seasons,Lohit,6
Sunpura Buddhist temple,27.8360877,95.8800643,5,"place_of_worship, point_of_interest, establishment",temples,Arunachal Pradesh,All Seasons,Lohit,5
Dara Gaon Shiv Mandir,27.9154432,95.88673270000001,4.2,"hindu_temple, place_of_worship, point_of_interest, establishment",temples,Arunachal Pradesh,All Seasons,Lohit,5
Tibetan Buddhist Monastery,27.9129723,96.1396097,0,"place_of_worship, point_of_interest, establishment",temples,Arunachal Pradesh,All Seasons,Lohit,0
Saraswati Temple,27.9153645,96.1648113,0,"place_of_worship, point_of_interest, establishment",temples,Arunachal Pradesh,All Seasons,Lohit,0
1No Harikirtan Mandali,27.9170826,95.8918477,0,"hindu_temple, place_of_worship, point_of_interest, establishment",temples,Arunachal Pradesh,All Seasons,Lohit,0
Tidding ram mandir,27.9626623,96.40351919999999,0,"hindu_temple, place_of_worship, point_of_interest, establishment",temples,Arunachal Pradesh,All Seasons,Lohit,0
Shiv mandir changliang,27.91591,96.20691959999999,3,"hindu_temple, place_of_worship, point_of_interest, establishment",temples,Arunachal Pradesh,All Seasons,Lohit,2
Mishmi Hills Homestay,27.9372687,96.1336769,4,"cafe, food, point_of_interest, establishment",hills,Arunachal Pradesh,Winter,Lohit,24
green hills pvt.Ltd,27.9387671,96.1507463,5,"point_of_interest, establishment",hills,Arunachal Pradesh,Winter,Lohit,8
Mishmi Hills Tea,28.0706339,95.9176875,5,"food, point_of_interest, establishment",hills,Arunachal Pradesh,Winter,Lohit,2
Mayodiya Coffee House,28.2328174,95.90910389999999,3.9,"lodging, restaurant, food, point_of_interest, establishment",hills,Arunachal Pradesh,Winter,Lohit,240
Wakro Eco Resort,27.7841828,96.3427966,4,"lodging, point_of_interest, establishment",hills,Arunachal Pradesh,Winter,Lohit,154
Tezu SE Electrical circle of (pole),27.9331586,96.14350689999999,5,"point_of_interest, establishment",hills,Arunachal Pradesh,Winter,Lohit,1
Lohit Viewpoint,27.8784176,96.3587072,4.5,"tourist_attraction, point_of_interest, establishment",attraction,Arunachal Pradesh,All Seasons,Lohit,22
Kamlang Tiger Reserve & Wildlife Sanctuary,27.7401704,96.33900299999999,4.2,"tourist_attraction, park, point_of_interest, establishment",attraction,Arunachal Pradesh,All Seasons,Lohit,69
IHO Viewpoint,28.2384022,95.8914614,4.4,"tourist_attraction, point_of_interest, establishment",attraction,Arunachal Pradesh,All Seasons,Lohit,16
View point,27.9163036,96.3315485,4.6,"tourist_attraction, point_of_interest, establishment",attraction,Arunachal Pradesh,All Seasons,Lohit,21
Sun set point Tezu,27.9183054,96.1776618,4,"tourist_attraction, point_of_interest, establishment",attraction,Arunachal Pradesh,All Seasons,Lohit,7
beutiful Stream near Digaru,27.888531,96.0211922,4.7,"tourist_attraction, point_of_interest, establishment",attraction,Arunachal Pradesh,All Seasons,Lohit,3
Lohit-Mountain view,27.9617477,96.3929079,4.7,"tourist_attraction, point_of_interest, establishment",attraction,Arunachal Pradesh,All Seasons,Lohit,3
View point,27.950256,96.407562,4,"tourist_attraction, point_of_interest, establishment",attraction,Arunachal Pradesh,All Seasons,Lohit,1
Break,27.7612993,95.94727209999999,4.6,"tourist_attraction, point_of_interest, establishment",attraction,Arunachal Pradesh,All Seasons,Lohit,13
GLAW LAKE,27.6958913,96.4519488,4.8,"tourist_attraction, point_of_interest, establishment",attraction,Arunachal Pradesh,All Seasons,Lohit,9
Place for photo shoot,27.9175114,96.3335736,4.3,"tourist_attraction, point_of_interest, establishment",attraction,Arunachal Pradesh,All Seasons,Lohit,3
Community land,27.8476468,96.0355795,0,"tourist_attraction, point_of_interest, establishment",attraction,Arunachal Pradesh,All Seasons,Lohit,0
Tezu Islet,27.9529217,96.1933789,5,"tourist_attraction, point_of_interest, establishment",attraction,Arunachal Pradesh,All Seasons,Lohit,1
View point of Parshuram kund,27.8804,96.3671555,4.9,"tourist_attraction, point_of_interest, establishment",attraction,Arunachal Pradesh,All Seasons,Lohit,8
Alubari bridge,27.8417833,96.02401669999999,4.8,"tourist_attraction, point_of_interest, establishment",attraction,Arunachal Pradesh,All Seasons,Lohit,10
One of Tributaries of Lohit river,28.0378835,96.43757079999999,4.5,"tourist_attraction, point_of_interest, establishment",attraction,Arunachal Pradesh,All Seasons,Lohit,2
Ambikapur Picnic Spot,27.9309154,95.89234049999999,5,"tourist_attraction, point_of_interest, establishment",attraction,Arunachal Pradesh,All Seasons,Lohit,2
Clock Tower Tezu,27.9252239,96.1633653,4.1,"tourist_attraction, point_of_interest, establishment",attraction,Arunachal Pradesh,All Seasons,Lohit,719
ASSAMNESS HOTSPOT TEZU,27.9122515,96.1675448,4,"tourist_attraction, point_of_interest, establishment",attraction,Arunachal Pradesh,All Seasons,Lohit,8
Mabira tinali point,27.8285784,96.01208869999999,2.3,"tourist_attraction, point_of_interest, establishment",attraction,Arunachal Pradesh,All Seasons,Lohit,7
GOLDEN PAGODA,27.7724797,95.97490239999999,4.6,"tourist_attraction, place_of_worship, point_of_interest, establishment",attraction,Arunachal Pradesh,All Seasons,Lohit,5137
Chow Pha Plang Lu Ground,27.9105637,96.075988,4.7,"tourist_attraction, point_of_interest, establishment",attraction,Arunachal Pradesh,All Seasons,Lohit,3
Parashurama Kunda Ropeway,27.8767585,96.3620334,3.6,"tourist_attraction, point_of_interest, establishment",attraction,Arunachal Pradesh,All Seasons,Lohit,5
Asin billai,27.8652485,96.122022,5,"tourist_attraction, point_of_interest, establishment",attraction,Arunachal Pradesh,All Seasons,Lohit,2
Parashurama kunda,27.8753037,96.36317679999999,4.6,"tourist_attraction, place_of_worship, point_of_interest, establishment",attraction,Arunachal Pradesh,All Seasons,Lohit,507
"Tezu Botanical Garden - Tezu, Arunachal Pradesh, India",27.9289419,96.15313499999999,3.6,"tourist_attraction, park, point_of_interest, establishment",attraction,Arunachal Pradesh,All Seasons,Lohit,397
"District Museum And Community Convention CentreTezu, Lohit District, Arunachal Pradesh, India",27.9235772,96.16554149999999,3.8,"museum, tourist_attraction, point_of_interest, establishment",attraction,Arunachal Pradesh,All Seasons,Lohit,151
Hawa Camp (Lohit View),27.9213665,96.3313012,4.6,"park, tourist_attraction, point_of_interest, establishment",attraction,Arunachal Pradesh,All Seasons,Lohit,79
Dalai party,27.7745686,96.1278639,0,"tourist_attraction, point_of_interest, establishment",attraction,Arunachal Pradesh,All Seasons,Lohit,0
Shree Parshurama Kunda Temple,27.8760781,96.3595711,4.5,"hindu_temple, tourist_attraction, place_of_worship, point_of_interest, establishment",attraction,Arunachal Pradesh,All Seasons,Lohit,1232
"Sukaliang, mekailiang village",27.9496977,96.11773439999999,0,"tourist_attraction, point_of_interest, establishment",attraction,Arunachal Pradesh,All Seasons,Lohit,0
Zone 3,27.9121081,96.16814079999999,0,"tourist_attraction, point_of_interest, establishment",attraction,Arunachal Pradesh,All Seasons,Lohit,0
CAN,27.7698129,95.9732034,1,"tourist_attraction, point_of_interest, establishment",attraction,Arunachal Pradesh,All Seasons,Lohit,1
Mekailiang Village,27.9452968,96.15993739999999,0,"tourist_attraction, point_of_interest, establishment",attraction,Arunachal Pradesh,All Seasons,Lohit,0
Digboi Centenary Park,27.3873512,95.61458429999999,4.2,"park, tourist_attraction, point_of_interest, establishment",parks,Arunachal Pradesh,Spring,Longding,589
CISF park,27.357446,95.3465059,4.4,"park, point_of_interest, establishment",parks,Arunachal Pradesh,Spring,Longding,19
Dighala Pathar Park,27.2793337,95.3269927,3.6,"park, point_of_interest, establishment",parks,Arunachal Pradesh,Spring,Longding,147
Dehing Patkai National Park,27.3432258,95.54247199999999,4.6,"tourist_attraction, zoo, park, point_of_interest, establishment",parks,Arunachal Pradesh,Spring,Longding,146
"Children Park, namrup",27.1870957,95.3502707,3.8,"park, point_of_interest, establishment",parks,Arunachal Pradesh,Spring,Longding,25
Merbil Eco Park,27.3378978,95.2595537,4.1,"park, point_of_interest, establishment",parks,Arunachal Pradesh,Spring,Longding,61
Margherita Charali Netaji Memorial Park,27.2898513,95.67893289999999,4.5,"park, point_of_interest, establishment",parks,Arunachal Pradesh,Spring,Longding,6
Dr Bhupen Hazarika Memorial park Tengakhat,27.3814535,95.16751,4.7,"park, point_of_interest, establishment",parks,Arunachal Pradesh,Spring,Longding,3
"Children's Park, DZ Area",27.3671103,95.3328126,4.3,"park, point_of_interest, establishment",parks,Arunachal Pradesh,Spring,Longding,23
Dehing Patkai National Park,27.3051589,95.5257896,4.4,"park, point_of_interest, establishment",parks,Arunachal Pradesh,Spring,Longding,102
Jeypore Rainforest,27.3272894,95.495655,4.4,"zoo, park, point_of_interest, establishment",parks,Arunachal Pradesh,Spring,Longding,45
"Children's Park, Senior D+ Area",27.3652219,95.3299014,4.1,"park, point_of_interest, establishment",parks,Arunachal Pradesh,Spring,Longding,26
Digboi Reserve Forest,27.3579484,95.53317729999999,4.5,"park, point_of_interest, establishment",parks,Arunachal Pradesh,Spring,Longding,22
Digboi Station Park,27.3869185,95.6158299,4.3,"park, point_of_interest, establishment",parks,Arunachal Pradesh,Spring,Longding,10
TD+ Children's Park,27.3712894,95.3204208,4.1,"park, point_of_interest, establishment",parks,Arunachal Pradesh,Spring,Longding,44
Margherita Eco Park,27.2882289,95.65963939999999,4.1,"park, point_of_interest, establishment",parks,Arunachal Pradesh,Spring,Longding,58
SCP @ Digboi Refinery Township,27.3862862,95.6159066,4.1,"park, point_of_interest, establishment",parks,Arunachal Pradesh,Spring,Longding,15
Rupahi aideo park & camp,27.1404781,95.3674952,4.3,"campground, park, lodging, point_of_interest, establishment",parks,Arunachal Pradesh,Spring,Longding,7
Dilli Ghat,27.1423519,95.3660116,4.3,"tourist_attraction, park, point_of_interest, establishment",parks,Arunachal Pradesh,Spring,Longding,792
Khonsa Park,26.9916589,95.5086548,3.7,"park, point_of_interest, establishment",parks,Arunachal Pradesh,Spring,Longding,143
Merbil-Sasoni Eco-tourism Park,27.3141702,95.21113199999999,4,"park, point_of_interest, establishment",parks,Arunachal Pradesh,Spring,Longding,139
"Soraipung Range,Digboi Forest Division,Dihing Patkai National Park",27.3115143,95.4693613,4.5,"park, point_of_interest, establishment",parks,Arunachal Pradesh,Spring,Longding,14
দিহিং পাটকাই ৰাষ্ট্ৰীয় উদ্যান,27.2493619,95.4125962,4.3,"park, point_of_interest, establishment",parks,Arunachal Pradesh,Spring,Longding,35
B type Children's Park,27.3589685,95.3203463,3.1,"park, point_of_interest, establishment",parks,Arunachal Pradesh,Spring,Longding,11
"Moubon Children's Park, DD area",27.3667285,95.3274532,4.1,"park, point_of_interest, establishment",parks,Arunachal Pradesh,Spring,Longding,7
Dr. Bhupen Hazarika park,27.1871455,95.3473022,4.4,"park, point_of_interest, establishment",parks,Arunachal Pradesh,Spring,Longding,47
Dihing Patkai National Park,27.3115975,95.46971789999999,5,"park, point_of_interest, establishment",parks,Arunachal Pradesh,Spring,Longding,1
Panibil Eco Tourism,27.1417068,95.16127250000001,0,"park, point_of_interest, establishment",parks,Arunachal Pradesh,Spring,Longding,0
Tipam deosali hills,27.2604373,95.4152224,4.5,"park, point_of_interest, establishment",parks,Arunachal Pradesh,Spring,Longding,409
দিহিং পাটকাই ৰাষ্ট্ৰীয় উদ্যান,27.2370633,95.45086429999999,4.3,"park, point_of_interest, establishment",parks,Arunachal Pradesh,Spring,Longding,4
Bhupen Hazarika Park,27.2968022,95.6564234,0,"park, point_of_interest, establishment",parks,Arunachal Pradesh,Spring,Longding,0
Wanu shawla village,26.917284,95.23795299999999,0,"park, point_of_interest, establishment",parks,Arunachal Pradesh,Spring,Longding,0
10 KLD Faecal sludge treatment Plant (FSTP),27.3770354,95.661244,0,"park, point_of_interest, establishment",parks,Arunachal Pradesh,Spring,Longding,0
Park,27.3630625,95.31054689999999,0,"park, point_of_interest, establishment",parks,Arunachal Pradesh,Spring,Longding,0
Tipling Tea Estate,27.3409958,95.3864997,3.9,"park, point_of_interest, establishment",parks,Arunachal Pradesh,Spring,Longding,17
Timon bortani,27.1251526,95.1041269,5,"park, point_of_interest, establishment",parks,Arunachal Pradesh,Spring,Longding,1
Dr. Bhupen Hazarika Children's Park,27.2903632,95.67573569999999,3.9,"park, point_of_interest, establishment",parks,Arunachal Pradesh,Spring,Longding,82
Bokuloni Bor Pothar (বকুলনী বৰ পথাৰ),27.3539176,95.4147809,5,"park, point_of_interest, establishment",parks,Arunachal Pradesh,Spring,Longding,1
Krishnachura Nursery,27.3495123,95.2539972,0,"park, point_of_interest, establishment",parks,Arunachal Pradesh,Spring,Longding,0
Teenali Tea Estate,27.2636269,95.1718307,4.1,"park, point_of_interest, establishment",parks,Arunachal Pradesh,Spring,Longding,98
MB Garden,27.368398,95.36533,5,"park, point_of_interest, establishment",parks,Arunachal Pradesh,Spring,Longding,1
Abhaipur gaow play ground,27.2183726,95.3928404,5,"park, point_of_interest, establishment",parks,Arunachal Pradesh,Spring,Longding,1
Tong Tilla,27.2574265,95.63019709999999,4.5,"park, point_of_interest, establishment",parks,Arunachal Pradesh,Spring,Longding,4
Khogen kumar gogoi,27.1676942,95.27546459999999,5,"park, point_of_interest, establishment",parks,Arunachal Pradesh,Spring,Longding,1
Duliajan,27.3531278,95.31939969999999,0,"park, point_of_interest, establishment",parks,Arunachal Pradesh,Spring,Longding,0
New TDX Children Park,27.3705052,95.3162449,0,"park, point_of_interest, establishment",parks,Arunachal Pradesh,Spring,Longding,0
Deepak barla,27.2723496,95.6124952,4,"park, point_of_interest, establishment",parks,Arunachal Pradesh,Spring,Longding,2
Haluwa Forest Reserve,27.081798,95.280531,4.5,"park, point_of_interest, establishment",parks,Arunachal Pradesh,Spring,Longding,4
Children park,27.0250797,95.18367339999999,0,"park, point_of_interest, establishment",parks,Arunachal Pradesh,Spring,Longding,0
সোণাৰু তল,27.3056308,95.2971826,0,"park, point_of_interest, establishment",parks,Arunachal Pradesh,Spring,Longding,0
Pirti,27.3819072,95.27839619999999,0,"park, point_of_interest, establishment",parks,Arunachal Pradesh,Spring,Longding,0
দিহিং পাতকাই অভয়াৰণ্য,27.3794603,95.599393,5,"park, point_of_interest, establishment",parks,Arunachal Pradesh,Spring,Longding,3
Utpal soren,27.3563437,95.6484241,0,"park, point_of_interest, establishment",parks,Arunachal Pradesh,Spring,Longding,0
Bhupen Hazarika House,27.2845019,95.2514997,5,"park, point_of_interest, establishment",parks,Arunachal Pradesh,Spring,Longding,1
Sasoni Pothar,27.2959295,95.26186779999999,5,"park, point_of_interest, establishment",parks,Arunachal Pradesh,Spring,Longding,2
Kenchahun(কেচাঁসোণ) Horticulture Farming,27.099824,95.21498199999999,4.2,"park, point_of_interest, establishment",parks,Arunachal Pradesh,Spring,Longding,5
2 No Deodhai.,27.3259559,95.2240575,0,"park, point_of_interest, establishment",parks,Arunachal Pradesh,Spring,Longding,0
Lahori Tea Plantation,27.3691014,95.1666678,0,"park, point_of_interest, establishment",parks,Arunachal Pradesh,Spring,Longding,0
Belbari Bungalow,27.3479423,95.10574079999999,3.5,"park, point_of_interest, establishment",parks,Arunachal Pradesh,Spring,Longding,6
Tilok chetry,27.3363616,95.14070439999999,0,"park, point_of_interest, establishment",parks,Arunachal Pradesh,Spring,Longding,0
Coal Heritage Park & Museum,27.2884933,95.67351400000001,4.2,"museum, tourist_attraction, point_of_interest, establishment",museum,Arunachal Pradesh,Winter,Longding,631
Digboi Centenary Museum,27.3885849,95.6242637,4.5,"tourist_attraction, museum, point_of_interest, establishment",museum,Arunachal Pradesh,Winter,Longding,872
"Khonsa District Museum - Khonsa, Tirap District, Arunachal Pradesh, India",26.9907591,95.5031537,3,"museum, tourist_attraction, point_of_interest, establishment",museum,Arunachal Pradesh,Winter,Longding,7
Tai Phake Museum,27.2828109,95.3661779,3.8,"museum, point_of_interest, establishment",museum,Arunachal Pradesh,Winter,Longding,4
Digboi Centenary Park,27.3873512,95.61458429999999,4.2,"park, tourist_attraction, point_of_interest, establishment",museum,Arunachal Pradesh,Winter,Longding,589
DIGBOI DURGA PUKHURI,27.3857509,95.61600849999999,3,"museum, point_of_interest, establishment",museum,Arunachal Pradesh,Winter,Longding,2
Jesus statue,27.200052,95.4597527,5,"museum, point_of_interest, establishment",museum,Arunachal Pradesh,Winter,Longding,2
Ridge Point,27.388109,95.63235809999999,4.3,"tourist_attraction, point_of_interest, establishment",museum,Arunachal Pradesh,Winter,Longding,27
Rohit,27.3530361,95.3024792,0,"museum, point_of_interest, establishment",museum,Arunachal Pradesh,Winter,Longding,0
ART GALLERY,26.8852136,95.3166186,0,"point_of_interest, establishment",museum,Arunachal Pradesh,Winter,Longding,0
Nepali Siva Mandir,27.2877661,95.67292549999999,3.8,"hindu_temple, place_of_worship, point_of_interest, establishment",museum,Arunachal Pradesh,Winter,Longding,6
Dihing Patkai waterfall,27.3315628,95.4893892,4.2,"tourist_attraction, point_of_interest, establishment",waterfalls,Arunachal Pradesh,Monsoon,Longding,9
Senua Waterfall,26.8995117,95.36235239999999,4.5,"tourist_attraction, point_of_interest, establishment",waterfalls,Arunachal Pradesh,Monsoon,Longding,11
Longding Waterfall,26.8842498,95.3286763,4.1,"tourist_attraction, point_of_interest, establishment",waterfalls,Arunachal Pradesh,Monsoon,Longding,85
BVFCL Jack Well,27.1726853,95.34831199999999,4.2,"tourist_attraction, point_of_interest, establishment",waterfalls,Arunachal Pradesh,Monsoon,Longding,389
Namrup Waterfalls - Dichang,27.1729737,95.3482564,3.7,"tourist_attraction, point_of_interest, establishment",waterfalls,Arunachal Pradesh,Monsoon,Longding,47
Dilli Ghat,27.1423519,95.3660116,4.3,"tourist_attraction, park, point_of_interest, establishment",waterfalls,Arunachal Pradesh,Monsoon,Longding,792
Tipam Fakial,27.259895,95.41496599999999,4.2,"tourist_attraction, point_of_interest, establishment",waterfalls,Arunachal Pradesh,Monsoon,Longding,28
Longding View point,26.9388024,95.2582994,4.5,"tourist_attraction, point_of_interest, establishment",waterfalls,Arunachal Pradesh,Monsoon,Longding,139
Tipam deosali hills,27.2604373,95.4152224,4.5,"park, point_of_interest, establishment",waterfalls,Arunachal Pradesh,Monsoon,Longding,409
Tirap valley Fall,26.9956602,95.4951653,3.2,"tourist_attraction, point_of_interest, establishment",waterfalls,Arunachal Pradesh,Monsoon,Longding,5
Wanu View Point,26.934113,95.2605605,4.4,"tourist_attraction, point_of_interest, establishment",waterfalls,Arunachal Pradesh,Monsoon,Longding,18
Dehing,27.307853,95.29652929999999,4,"natural_feature, establishment",waterfalls,Arunachal Pradesh,Monsoon,Longding,58
Tissa picnic spot,26.9098298,95.36379679999999,4.1,"park, point_of_interest, establishment",waterfalls,Arunachal Pradesh,Monsoon,Longding,29
Tipam Deohali Than,27.2578625,95.41560940000001,4.3,"place_of_worship, point_of_interest, establishment",waterfalls,Arunachal Pradesh,Monsoon,Longding,113
Namrup BVFCL Jack Well 2,27.171392,95.3507197,2.5,"point_of_interest, establishment",waterfalls,Arunachal Pradesh,Monsoon,Longding,2
Jeypore Rainforest,27.3272894,95.495655,4.4,"zoo, park, point_of_interest, establishment",zoo,Arunachal Pradesh,Winter,Longding,45
Dehing Patkai National Park,27.3432258,95.54247199999999,4.6,"tourist_attraction, zoo, park, point_of_interest, establishment",zoo,Arunachal Pradesh,Winter,Longding,146
Deomali Elephant Reserve,27.212063,95.49464499999999,5,"zoo, park, point_of_interest, establishment",zoo,Arunachal Pradesh,Winter,Longding,1
Hari Milan Mandir,27.3549098,95.3234277,4.4,"hindu_temple, place_of_worship, point_of_interest, establishment",temples,Arunachal Pradesh,All Seasons,Longding,15
Dev Mandir,27.1905363,95.3523929,4.7,"hindu_temple, place_of_worship, point_of_interest, establishment",temples,Arunachal Pradesh,All Seasons,Longding,10
Tingalibam Ram Mandir,26.9977104,95.11575289999999,4.8,"hindu_temple, place_of_worship, point_of_interest, establishment",temples,Arunachal Pradesh,All Seasons,Longding,12
Shiv mandir,27.3798443,95.30452380000001,3.8,"hindu_temple, place_of_worship, point_of_interest, establishment",temples,Arunachal Pradesh,All Seasons,Longding,6
Duliajan Kalibari Mandir,27.3530234,95.32702239999999,4.4,"hindu_temple, place_of_worship, point_of_interest, establishment",temples,Arunachal Pradesh,All Seasons,Longding,27
Hanuman Temple,27.2832111,95.335701,4.5,"hindu_temple, place_of_worship, point_of_interest, establishment",temples,Arunachal Pradesh,All Seasons,Longding,63
Joy Guru Temple (Satsang Vihar Margherita),27.2879723,95.69057029999999,4.3,"hindu_temple, place_of_worship, point_of_interest, establishment",temples,Arunachal Pradesh,All Seasons,Longding,6
Durga Mandir Duliajan,27.3653673,95.31795489999999,4.9,"hindu_temple, place_of_worship, point_of_interest, establishment",temples,Arunachal Pradesh,All Seasons,Longding,12
BHAGAWATI TEMPLE,27.3468503,95.3380875,5,"hindu_temple, place_of_worship, point_of_interest, establishment",temples,Arunachal Pradesh,All Seasons,Longding,3
Shiv Mandir,26.9902864,95.5059996,4.8,"hindu_temple, place_of_worship, point_of_interest, establishment",temples,Arunachal Pradesh,All Seasons,Longding,5
Duliajan Kalibari Temple,27.367385,95.3138817,4.3,"hindu_temple, place_of_worship, point_of_interest, establishment",temples,Arunachal Pradesh,All Seasons,Longding,88
Tipam Temple,27.272409,95.4019179,4.4,"hindu_temple, place_of_worship, point_of_interest, establishment",temples,Arunachal Pradesh,All Seasons,Longding,8
"Shiv Mandir, Dilli Ghat, Namrup, Assam",27.1575771,95.3587537,4.3,"hindu_temple, place_of_worship, point_of_interest, establishment",temples,Arunachal Pradesh,All Seasons,Longding,36
Radhakrishna Mandir,27.2863084,95.3339653,4.6,"hindu_temple, place_of_worship, point_of_interest, establishment",temples,Arunachal Pradesh,All Seasons,Longding,14
Sri Sri Loknath Brahmachari Baba Mandir Margherita,27.2874375,95.66806249999999,4.8,"hindu_temple, place_of_worship, point_of_interest, establishment",temples,Arunachal Pradesh,All Seasons,Longding,12
Krishna temple,27.3163572,95.31375229999999,4.8,"hindu_temple, place_of_worship, point_of_interest, establishment",temples,Arunachal Pradesh,All Seasons,Longding,12
Margherita Buddhist Temple,27.2880074,95.68874269999999,4.4,"place_of_worship, point_of_interest, establishment",temples,Arunachal Pradesh,All Seasons,Longding,111
"Temple (Ramakrishna Mission, Narottam Nagar)",27.2438253,95.4987295,5,"hindu_temple, place_of_worship, point_of_interest, establishment",temples,Arunachal Pradesh,All Seasons,Longding,8
Bhagwati mandir,27.3473425,95.3246755,5,"hindu_temple, place_of_worship, point_of_interest, establishment",temples,Arunachal Pradesh,All Seasons,Longding,1
Shani Temple,26.9903402,95.50441599999999,4.6,"hindu_temple, place_of_worship, point_of_interest, establishment",temples,Arunachal Pradesh,All Seasons,Longding,7
Namphake Buddhist Monastery,27.2824592,95.3666096,4.6,"tourist_attraction, place_of_worship, point_of_interest, establishment",temples,Arunachal Pradesh,All Seasons,Longding,931
Radha Krishna temple,27.3769758,95.16187819999999,0,"hindu_temple, place_of_worship, point_of_interest, establishment",temples,Arunachal Pradesh,All Seasons,Longding,0
Elephant Temple,27.3120199,95.32741630000001,4.6,"hindu_temple, place_of_worship, point_of_interest, establishment",temples,Arunachal Pradesh,All Seasons,Longding,9
Hanuman Mandir,27.1974321,95.4679996,3.7,"hindu_temple, place_of_worship, point_of_interest, establishment",temples,Arunachal Pradesh,All Seasons,Longding,3
Radha Krishna temple,27.3411617,95.65435920000002,0,"hindu_temple, place_of_worship, point_of_interest, establishment",temples,Arunachal Pradesh,All Seasons,Longding,0
Ouguri Shyam Buddhist temple,27.0286054,95.14017419999999,4.7,"place_of_worship, point_of_interest, establishment",temples,Arunachal Pradesh,All Seasons,Longding,37
Sri Srimanta Sankar dev temple,27.3857231,95.5832585,5,"hindu_temple, place_of_worship, point_of_interest, establishment",temples,Arunachal Pradesh,All Seasons,Longding,3
Dibong Buddhist Temple,27.3285304,95.690207,4.6,"place_of_worship, point_of_interest, establishment",temples,Arunachal Pradesh,All Seasons,Longding,58
Temple,27.3852198,95.3540714,0,"hindu_temple, place_of_worship, point_of_interest, establishment",temples,Arunachal Pradesh,All Seasons,Longding,0
Duliajan Buddha Vihara,27.3611875,95.31693750000001,4.7,"place_of_worship, point_of_interest, establishment",temples,Arunachal Pradesh,All Seasons,Longding,13
MAHAKAAL TEMPLE,27.2864232,95.666991,4.5,"hindu_temple, place_of_worship, point_of_interest, establishment",temples,Arunachal Pradesh,All Seasons,Longding,2
Shiva Temple,26.9977817,95.5066391,4.8,"hindu_temple, place_of_worship, point_of_interest, establishment",temples,Arunachal Pradesh,All Seasons,Longding,11
Maa Kali Temple,27.3176307,95.3262103,4.3,"hindu_temple, place_of_worship, point_of_interest, establishment",temples,Arunachal Pradesh,All Seasons,Longding,6
Ahom temple,27.1510166,95.2161297,5,"place_of_worship, point_of_interest, establishment",temples,Arunachal Pradesh,All Seasons,Longding,2
Siva Temple,27.2933267,95.65932450000001,5,"hindu_temple, place_of_worship, point_of_interest, establishment",temples,Arunachal Pradesh,All Seasons,Longding,1
Sri Sri Arunachaleshwar Shiv Mandir,27.0251929,95.182756,4.2,"hindu_temple, place_of_worship, point_of_interest, establishment",temples,Arunachal Pradesh,All Seasons,Longding,12
Hindu Temple,27.1391911,95.13921739999999,3.5,"hindu_temple, place_of_worship, point_of_interest, establishment",temples,Arunachal Pradesh,All Seasons,Longding,2
Hindu Temple,26.8856098,95.32243609999999,5,"hindu_temple, place_of_worship, point_of_interest, establishment",temples,Arunachal Pradesh,All Seasons,Longding,4
gorokhia bam shiva temple,27.1074888,95.19275429999999,4.9,"hindu_temple, place_of_worship, point_of_interest, establishment",temples,Arunachal Pradesh,All Seasons,Longding,7
"Sitla Temple, Dehing Puria",27.291375,95.6726929,5,"hindu_temple, place_of_worship, point_of_interest, establishment",temples,Arunachal Pradesh,All Seasons,Longding,2
DHARMACHAKRA BUDDHA BIHAR,27.3725083,95.6180427,5,"place_of_worship, point_of_interest, establishment",temples,Arunachal Pradesh,All Seasons,Longding,4
DHARMAJYOTI BUDDHA VIHAR,27.3044369,95.6563233,5,"place_of_worship, point_of_interest, establishment",temples,Arunachal Pradesh,All Seasons,Longding,1
"Radha Krishna Mandir, Duliajan",27.3653318,95.3107328,4.3,"hindu_temple, place_of_worship, point_of_interest, establishment",temples,Arunachal Pradesh,All Seasons,Longding,16
Shiv Temple Tengakhat Model Hospital,27.3804298,95.16760909999999,4,"hindu_temple, place_of_worship, point_of_interest, establishment",temples,Arunachal Pradesh,All Seasons,Longding,1
Bhitor Borjan Siva Mandir,27.373298,95.5648052,4.3,"hindu_temple, place_of_worship, point_of_interest, establishment",temples,Arunachal Pradesh,All Seasons,Longding,14
Peepal Tree Temple,27.3713867,95.3111816,4.5,"hindu_temple, place_of_worship, point_of_interest, establishment",temples,Arunachal Pradesh,All Seasons,Longding,2
"Satsang Vihar, Namrup",27.192755,95.35679030000001,4.1,"hindu_temple, place_of_worship, point_of_interest, establishment",temples,Arunachal Pradesh,All Seasons,Longding,18
Uriamguri shiv temple,27.3473137,95.19407849999999,5,"hindu_temple, place_of_worship, point_of_interest, establishment",temples,Arunachal Pradesh,All Seasons,Longding,1
Shri Hanuman Temple,27.3613638,95.3173509,3.2,"hindu_temple, place_of_worship, point_of_interest, establishment",temples,Arunachal Pradesh,All Seasons,Longding,5
Sheshnag Shiv Temple,27.367978,95.3164671,4,"hindu_temple, place_of_worship, point_of_interest, establishment",temples,Arunachal Pradesh,All Seasons,Longding,1
Tikirabali shiv temple,27.3359581,95.1409769,5,"hindu_temple, place_of_worship, point_of_interest, establishment",temples,Arunachal Pradesh,All Seasons,Longding,1
Bengenabari Siva Mondir,27.0455559,95.10312259999999,4.2,"hindu_temple, place_of_worship, point_of_interest, establishment",temples,Arunachal Pradesh,All Seasons,Longding,18
Mayajan shiv mandir,27.3861137,95.4080776,4,"hindu_temple, place_of_worship, point_of_interest, establishment",temples,Arunachal Pradesh,All Seasons,Longding,1
Devi than,27.3053684,95.3700145,5,"hindu_temple, place_of_worship, point_of_interest, establishment",temples,Arunachal Pradesh,All Seasons,Longding,3
Devabhumi Temple Complex,27.2463809,95.50617199999999,4.4,"hindu_temple, place_of_worship, point_of_interest, establishment",temples,Arunachal Pradesh,All Seasons,Longding,7
Siddheshwar Shiv Mandir,27.2702594,95.11160129999999,5,"hindu_temple, place_of_worship, point_of_interest, establishment",temples,Arunachal Pradesh,All Seasons,Longding,4
Purbanchal Namghar ( নামঘৰ ),27.2895659,95.6832766,4.3,"hindu_temple, place_of_worship, point_of_interest, establishment",temples,Arunachal Pradesh,All Seasons,Longding,9
Buddhist Temple,27.198542,95.46069969999999,4.4,"place_of_worship, point_of_interest, establishment",temples,Arunachal Pradesh,All Seasons,Longding,5
Ram Thakur Temple,27.2904046,95.677925,5,"hindu_temple, place_of_worship, point_of_interest, establishment",temples,Arunachal Pradesh,All Seasons,Longding,1
Shiv Temple,27.2878093,95.7001897,4.3,"hindu_temple, place_of_worship, point_of_interest, establishment",temples,Arunachal Pradesh,All Seasons,Longding,3
Hill View,27.2863231,95.6614259,4.1,"car_wash, point_of_interest, establishment",hills,Arunachal Pradesh,Winter,Longding,34
Ngabon hill,26.8847943,95.4445688,5,"point_of_interest, establishment",hills,Arunachal Pradesh,Winter,Longding,1
Tipam deosali hills,27.2604373,95.4152224,4.5,"park, point_of_interest, establishment",hills,Arunachal Pradesh,Winter,Longding,409
Hill-Top Resort (Notun kheti Village),27.0759177,95.53262339999999,5,"restaurant, point_of_interest, food, establishment",hills,Arunachal Pradesh,Winter,Longding,3
Ranwang hill,26.8864471,95.4391424,0,"tourist_attraction, point_of_interest, establishment",hills,Arunachal Pradesh,Winter,Longding,0
Hills view family resort,27.1871851,95.351591,3.7,"restaurant, point_of_interest, food, establishment",hills,Arunachal Pradesh,Winter,Longding,3
Kuhoo hill,26.9266496,95.46157,0,"point_of_interest, establishment",hills,Arunachal Pradesh,Winter,Longding,0
Hillghagori waterfall,27.094931,95.2937368,4.2,"tourist_attraction, point_of_interest, establishment",hills,Arunachal Pradesh,Winter,Longding,21
Kulam Hoo Hills,26.9247331,95.461282,2.3,"point_of_interest, establishment",hills,Arunachal Pradesh,Winter,Longding,3
Hills Restaurant,26.8762012,95.3112695,3.9,"restaurant, point_of_interest, food, establishment",hills,Arunachal Pradesh,Winter,Longding,8
Hotel Hilltop,26.9897617,95.5046191,4.8,"lodging, point_of_interest, establishment",hills,Arunachal Pradesh,Winter,Longding,6
Archaeological site Borduria ( Songlong thong),27.0323424,95.47633789999999,4,"point_of_interest, establishment",hills,Arunachal Pradesh,Winter,Longding,2
Qahwah CAFE & DINE,27.2862751,95.66148679999999,4.1,"restaurant, point_of_interest, food, establishment",hills,Arunachal Pradesh,Winter,Longding,13
Dehing,27.2498559,95.4243935,4.5,"natural_feature, establishment",hills,Arunachal Pradesh,Winter,Longding,8
Pokaa Ghor,27.2867283,95.65635739999999,4.3,"point_of_interest, establishment",hills,Arunachal Pradesh,Winter,Longding,4
Baba Store,27.3273854,95.1866228,0,"store, point_of_interest, food, establishment",hills,Arunachal Pradesh,Winter,Longding,0
Tipam Fakial,27.259895,95.41496599999999,4.2,"tourist_attraction, point_of_interest, establishment",hills,Arunachal Pradesh,Winter,Longding,28
Deomali,27.1973178,95.4678242,No rating,"locality, political",hills,Arunachal Pradesh,Winter,Longding,0
M&M farm,27.2861237,95.6608457,5,"point_of_interest, establishment",hills,Arunachal Pradesh,Winter,Longding,1
VERTICAL PHARMACY,27.2906234,95.65781919999999,0,"pharmacy, health, store, point_of_interest, establishment",hills,Arunachal Pradesh,Winter,Longding,0
General Store,27.2884973,95.6605641,0,"store, point_of_interest, food, establishment",hills,Arunachal Pradesh,Winter,Longding,0
Indian Oil Petrol Pump,26.9939936,95.50867699999999,3.4,"gas_station, point_of_interest, establishment",hills,Arunachal Pradesh,Winter,Longding,40
Sanjoy Shop,27.2632573,95.41408179999999,0,"store, point_of_interest, food, establishment",hills,Arunachal Pradesh,Winter,Longding,0
Russa,27.015821,95.2565,No rating,"locality, political",hills,Arunachal Pradesh,Winter,Longding,0
Purvanchal glass and Hardware,27.2868039,95.32299979999999,5,"hardware_store, store, point_of_interest, establishment",hills,Arunachal Pradesh,Winter,Longding,1
Rabi General Store,27.2629629,95.40957499999999,0,"store, point_of_interest, food, establishment",hills,Arunachal Pradesh,Winter,Longding,0
State Bank of India KHONSA,26.9894967,95.5024352,3.4,"bank, point_of_interest, finance, establishment",hills,Arunachal Pradesh,Winter,Longding,17
Dehing Patkai National Park,27.3432258,95.54247199999999,4.6,"tourist_attraction, zoo, park, point_of_interest, establishment",attraction,Arunachal Pradesh,All Seasons,Longding,146
Ridge Point,27.388109,95.63235809999999,4.3,"tourist_attraction, point_of_interest, establishment",attraction,Arunachal Pradesh,All Seasons,Longding,27
Dilli Ghat,27.1423519,95.3660116,4.3,"tourist_attraction, park, point_of_interest, establishment",attraction,Arunachal Pradesh,All Seasons,Longding,792
Margherita sunset point,27.2859119,95.65742019999999,4.2,"tourist_attraction, point_of_interest, establishment",attraction,Arunachal Pradesh,All Seasons,Longding,26
BVFCL Jack Well,27.1726853,95.34831199999999,4.2,"tourist_attraction, point_of_interest, establishment",attraction,Arunachal Pradesh,All Seasons,Longding,389
Longding View point,26.9388024,95.2582994,4.5,"tourist_attraction, point_of_interest, establishment",attraction,Arunachal Pradesh,All Seasons,Longding,139
Wanu View Point,26.934113,95.2605605,4.4,"tourist_attraction, point_of_interest, establishment",attraction,Arunachal Pradesh,All Seasons,Longding,18
Longding Waterfall,26.8842498,95.3286763,4.1,"tourist_attraction, point_of_interest, establishment",attraction,Arunachal Pradesh,All Seasons,Longding,85
View Point,27.2928004,95.61657749999999,2.8,"tourist_attraction, point_of_interest, establishment",attraction,Arunachal Pradesh,All Seasons,Longding,4
Tipam Fakial,27.259895,95.41496599999999,4.2,"tourist_attraction, point_of_interest, establishment",attraction,Arunachal Pradesh,All Seasons,Longding,28
View Point,27.1078395,95.6613818,4.7,"tourist_attraction, point_of_interest, establishment",attraction,Arunachal Pradesh,All Seasons,Longding,9
Kendu tree,27.2475085,95.36398179999999,4.3,"tourist_attraction, point_of_interest, establishment",attraction,Arunachal Pradesh,All Seasons,Longding,9
"Buridehing View Point, Bamungaon",27.3023407,95.34462599999999,2.8,"tourist_attraction, point_of_interest, establishment",attraction,Arunachal Pradesh,All Seasons,Longding,6
The Clock Tower,27.3558148,95.31952489999999,4.5,"tourist_attraction, point_of_interest, establishment",attraction,Arunachal Pradesh,All Seasons,Longding,21
Moung Dun Sun Kham Gate,27.2667177,95.38610969999999,4.3,"tourist_attraction, point_of_interest, establishment",attraction,Arunachal Pradesh,All Seasons,Longding,46
Tirap valley Fall,26.9956602,95.4951653,3.2,"tourist_attraction, point_of_interest, establishment",attraction,Arunachal Pradesh,All Seasons,Longding,5
Jay D site,27.2314454,95.6291272,0,"tourist_attraction, point_of_interest, establishment",attraction,Arunachal Pradesh,All Seasons,Longding,0
Tengakhat Town,27.3806265,95.17188259999999,4.1,"tourist_attraction, point_of_interest, establishment",attraction,Arunachal Pradesh,All Seasons,Longding,165
Buddha Statue,27.2449424,95.5061247,4.3,"tourist_attraction, point_of_interest, establishment",attraction,Arunachal Pradesh,All Seasons,Longding,7
Hawa mahal namtok,27.2351429,95.6504076,2.8,"tourist_attraction, point_of_interest, establishment",attraction,Arunachal Pradesh,All Seasons,Longding,5
Tingkhong lake,27.2282435,95.17188259999999,0,"tourist_attraction, point_of_interest, establishment",attraction,Arunachal Pradesh,All Seasons,Longding,0
Balooghat View Point,27.2956661,95.3309752,5,"tourist_attraction, point_of_interest, establishment",attraction,Arunachal Pradesh,All Seasons,Longding,2
Dehing Patkai National Forest,27.247705,95.4375853,4.5,"tourist_attraction, point_of_interest, establishment",attraction,Arunachal Pradesh,All Seasons,Longding,2
Duliajan Selfie Point,27.3570241,95.33587299999999,3.1,"tourist_attraction, point_of_interest, establishment",attraction,Arunachal Pradesh,All Seasons,Longding,9
Namrup clock tower,27.1937846,95.35582319999999,4.6,"tourist_attraction, point_of_interest, establishment",attraction,Arunachal Pradesh,All Seasons,Longding,14
"Eco tourism, Hukanjuri",27.1256011,95.4353842,4,"tourist_attraction, point_of_interest, establishment",attraction,Arunachal Pradesh,All Seasons,Longding,3
Dihing Patkai waterfall,27.3315628,95.4893892,4.2,"tourist_attraction, point_of_interest, establishment",attraction,Arunachal Pradesh,All Seasons,Longding,9
Dihing ILand,27.3115731,95.3024308,0,"tourist_attraction, point_of_interest, establishment",attraction,Arunachal Pradesh,All Seasons,Longding,0
Guiyakhati Ghat to moran,27.3287347,95.10415789999999,3.5,"tourist_attraction, point_of_interest, establishment",attraction,Arunachal Pradesh,All Seasons,Longding,8
Mopaya picnic place,27.2448169,95.5670304,4.2,"tourist_attraction, point_of_interest, establishment",attraction,Arunachal Pradesh,All Seasons,Longding,13
Namrup Waterfalls - Dichang,27.1729737,95.3482564,3.7,"tourist_attraction, point_of_interest, establishment",attraction,Arunachal Pradesh,All Seasons,Longding,47
View point,26.8598197,95.4158058,0,"tourist_attraction, point_of_interest, establishment",attraction,Arunachal Pradesh,All Seasons,Longding,0
Coal Heritage Park & Museum,27.2884933,95.67351400000001,4.2,"museum, tourist_attraction, point_of_interest, establishment",attraction,Arunachal Pradesh,All Seasons,Longding,631
Boga pani,27.0913383,95.4363183,4,"tourist_attraction, point_of_interest, establishment",attraction,Arunachal Pradesh,All Seasons,Longding,1
Vivekananda Statue,27.2389742,95.488068,4.4,"tourist_attraction, point_of_interest, establishment",attraction,Arunachal Pradesh,All Seasons,Longding,8
Picnic spot,27.2281742,95.4778849,5,"tourist_attraction, point_of_interest, establishment",attraction,Arunachal Pradesh,All Seasons,Longding,1
View Point Nokfan,27.050207,95.35369779999999,0,"tourist_attraction, point_of_interest, establishment",attraction,Arunachal Pradesh,All Seasons,Longding,0
Chajen Wa-am Hah-hua,26.955395,95.33849719999999,0,"tourist_attraction, point_of_interest, establishment",attraction,Arunachal Pradesh,All Seasons,Longding,0
"Tipam, First Capital of Ahom Dynasty",27.2579966,95.4157232,4.4,"tourist_attraction, point_of_interest, establishment",attraction,Arunachal Pradesh,All Seasons,Longding,7
Chanu Zero Point,26.9339235,95.31439580000001,0,"tourist_attraction, point_of_interest, establishment",attraction,Arunachal Pradesh,All Seasons,Longding,0
Merbil-Sasoni Eco-tourism Park,27.3141702,95.21113199999999,4,"park, point_of_interest, establishment",attraction,Arunachal Pradesh,All Seasons,Longding,139
Jeypore Rainforest,27.3272894,95.495655,4.4,"zoo, park, point_of_interest, establishment",attraction,Arunachal Pradesh,All Seasons,Longding,45
Digboi Centenary Museum,27.3885849,95.6242637,4.5,"tourist_attraction, museum, point_of_interest, establishment",attraction,Arunachal Pradesh,All Seasons,Longding,872
Digboi Centenary Park,27.3873512,95.61458429999999,4.2,"park, tourist_attraction, point_of_interest, establishment",attraction,Arunachal Pradesh,All Seasons,Longding,589
Senua Waterfall,26.8995117,95.36235239999999,4.5,"tourist_attraction, point_of_interest, establishment",attraction,Arunachal Pradesh,All Seasons,Longding,11
Chahuakho Chanu,26.9434358,95.3260239,0,"tourist_attraction, point_of_interest, establishment",attraction,Arunachal Pradesh,All Seasons,Longding,0
Chanu Zaklo Zero Point,26.9274375,95.3209375,5,"tourist_attraction, point_of_interest, establishment",attraction,Arunachal Pradesh,All Seasons,Longding,1
Salon,27.3094886,95.2093089,4.1,"tourist_attraction, hair_care, point_of_interest, establishment",attraction,Arunachal Pradesh,All Seasons,Longding,73
Shiva Statue (Ramakrishna Mission Narottam Nagar),27.2431095,95.4914823,4.2,"tourist_attraction, point_of_interest, establishment",attraction,Arunachal Pradesh,All Seasons,Longding,5
Bodhi Dwar - Grand Entrance Arch,27.2461121,95.5062416,0,"tourist_attraction, point_of_interest, establishment",attraction,Arunachal Pradesh,All Seasons,Longding,0
Katani Tiniali-Binud store,27.3489939,95.46977389999999,2.2,"tourist_attraction, point_of_interest, establishment",attraction,Arunachal Pradesh,All Seasons,Longding,6
"Khonsa District Museum - Khonsa, Tirap District, Arunachal Pradesh, India",26.9907591,95.5031537,3,"museum, tourist_attraction, point_of_interest, establishment",attraction,Arunachal Pradesh,All Seasons,Longding,7
Khonsa (tirap district),26.9925901,95.5014167,0,"tourist_attraction, point_of_interest, establishment",attraction,Arunachal Pradesh,All Seasons,Longding,0
Deopani Park,28.1572446,95.84953709999999,4.2,"park, tourist_attraction, point_of_interest, establishment",parks,Arunachal Pradesh,Spring,Lower Dibang Valley,273
Jia Water Theme Park (Water Treatment & Supply),28.0509309,95.76210209999999,4.1,"park, point_of_interest, establishment",parks,Arunachal Pradesh,Spring,Lower Dibang Valley,145
Roing Mini Park ( Eze Breeze ),28.1573167,95.84957,4,"park, point_of_interest, establishment",parks,Arunachal Pradesh,Spring,Lower Dibang Valley,39
Roing,28.1178597,95.8225911,4.8,"park, point_of_interest, establishment",parks,Arunachal Pradesh,Spring,Lower Dibang Valley,10
Rukmini Udyan,27.9108001,95.7658793,4.3,"park, point_of_interest, establishment",parks,Arunachal Pradesh,Spring,Lower Dibang Valley,27
Gandhi Park,28.1398233,95.8434197,4,"park, point_of_interest, establishment",parks,Arunachal Pradesh,Spring,Lower Dibang Valley,1
Dambuk Road Tinali Garden,28.1150843,95.8195846,3.9,"park, point_of_interest, establishment",parks,Arunachal Pradesh,Spring,Lower Dibang Valley,37
Mehao Lake,28.1484407,95.94414499999999,3.8,"park, point_of_interest, establishment",parks,Arunachal Pradesh,Spring,Lower Dibang Valley,16
Camp OSA,28.2620295,95.5720743,4.7,"campground, park, lodging, point_of_interest, establishment",parks,Arunachal Pradesh,Spring,Lower Dibang Valley,3
Loponli - Village,27.9488125,95.88320309999999,0,"park, point_of_interest, establishment",parks,Arunachal Pradesh,Spring,Lower Dibang Valley,0
Kembing Pertin 8 kilo Patying arik,28.1939416,95.64240889999999,5,"campground, park, lodging, point_of_interest, establishment",parks,Arunachal Pradesh,Spring,Lower Dibang Valley,1
Roing Zoo,28.1568768,95.8537803,3.5,"zoo, tourist_attraction, point_of_interest, establishment",parks,Arunachal Pradesh,Spring,Lower Dibang Valley,255
Eze(Deopani) Bridge,28.1588813,95.8468901,4.5,"tourist_attraction, point_of_interest, establishment",parks,Arunachal Pradesh,Spring,Lower Dibang Valley,788
Deopani Bridge Viewpoint,28.1580158,95.8473313,3.8,"park, point_of_interest, establishment",parks,Arunachal Pradesh,Spring,Lower Dibang Valley,4
Getor River (Korong),28.0110939,95.70010789999999,5,"park, point_of_interest, establishment",parks,Arunachal Pradesh,Spring,Lower Dibang Valley,2
Sadiya Eco Camp,27.9614694,95.7572893,4.5,"campground, park, lodging, point_of_interest, establishment",parks,Arunachal Pradesh,Spring,Lower Dibang Valley,40
Borziya Eco Camp,27.9380361,95.76471140000001,4.4,"campground, park, lodging, point_of_interest, establishment",parks,Arunachal Pradesh,Spring,Lower Dibang Valley,12
Pogi Mepola Orange garden Aohali,28.2174147,95.53379249999999,5,"park, point_of_interest, establishment",parks,Arunachal Pradesh,Spring,Lower Dibang Valley,3
Samnyo Bokdum (Parbuk),28.0194661,95.69872149999999,4.7,"park, point_of_interest, establishment",parks,Arunachal Pradesh,Spring,Lower Dibang Valley,3
"Lower Dibang Valley,",28.0829633,95.81428849999999,5,"park, point_of_interest, establishment",parks,Arunachal Pradesh,Spring,Lower Dibang Valley,2
RIWATCH Museum,28.0330978,95.8126348,4.5,"museum, point_of_interest, establishment",museum,Arunachal Pradesh,Winter,Lower Dibang Valley,103
TIBET HOUSE,27.9123776,96.1286737,4.9,"museum, point_of_interest, establishment",museum,Arunachal Pradesh,Winter,Lower Dibang Valley,50
Adali museum,28.1160183,95.8235583,0,"point_of_interest, establishment",museum,Arunachal Pradesh,Winter,Lower Dibang Valley,0
ArogyacenterRIWATCH,28.0326254,95.8125204,5,"hospital, health, point_of_interest, establishment",museum,Arunachal Pradesh,Winter,Lower Dibang Valley,1
"Research Institute of World’s Ancient Traditions, Cultures & Heritage",28.0320116,95.81177869999999,3.8,"point_of_interest, establishment",museum,Arunachal Pradesh,Winter,Lower Dibang Valley,5
Roing Zoo,28.1568768,95.8537803,3.5,"zoo, tourist_attraction, point_of_interest, establishment",zoo,Arunachal Pradesh,Winter,Lower Dibang Valley,255
Deopani Park,28.1572446,95.84953709999999,4.2,"park, tourist_attraction, point_of_interest, establishment",zoo,Arunachal Pradesh,Winter,Lower Dibang Valley,273
Mehao Wildlife Sanctuary,28.1467749,95.9393194,4.5,"zoo, park, point_of_interest, establishment",zoo,Arunachal Pradesh,Winter,Lower Dibang Valley,13
Frogmouth Camp & Resort,28.197966,95.8086324,4.3,"tourist_attraction, lodging, point_of_interest, establishment",zoo,Arunachal Pradesh,Winter,Lower Dibang Valley,46
Universe Restro & K K Resort,28.1555477,95.8599434,4,"lodging, restaurant, food, point_of_interest, establishment",zoo,Arunachal Pradesh,Winter,Lower Dibang Valley,41
chinu restaurant,28.1576333,95.85813979999999,4,"restaurant, food, point_of_interest, establishment",zoo,Arunachal Pradesh,Winter,Lower Dibang Valley,2
Lama Store,28.1518002,95.84713119999999,0,"food, point_of_interest, store, establishment",zoo,Arunachal Pradesh,Winter,Lower Dibang Valley,0
Pathibhara Mandir,27.8683332,95.87695389999999,4.8,"hindu_temple, place_of_worship, point_of_interest, establishment",temples,Arunachal Pradesh,All Seasons,Lower Dibang Valley,15
Harihar mandir,27.9359839,95.7390274,5,"hindu_temple, place_of_worship, point_of_interest, establishment",temples,Arunachal Pradesh,All Seasons,Lower Dibang Valley,3
Shri Ganesha Temple,28.078933,95.912451,4.6,"hindu_temple, place_of_worship, point_of_interest, establishment",temples,Arunachal Pradesh,All Seasons,Lower Dibang Valley,19
Shri Durga Devi Temple,28.1425395,95.8477312,4.3,"hindu_temple, place_of_worship, point_of_interest, establishment",temples,Arunachal Pradesh,All Seasons,Lower Dibang Valley,28
Siva mandir,27.8784375,95.7771875,5,"hindu_temple, place_of_worship, point_of_interest, establishment",temples,Arunachal Pradesh,All Seasons,Lower Dibang Valley,1
Shri Shiva Temple,27.8898173,96.04948000000002,4.4,"hindu_temple, place_of_worship, point_of_interest, establishment",temples,Arunachal Pradesh,All Seasons,Lower Dibang Valley,8
Shiv Mandir,28.1389169,95.84351880000001,4.3,"hindu_temple, place_of_worship, point_of_interest, establishment",temples,Arunachal Pradesh,All Seasons,Lower Dibang Valley,12
Om Shanti Brahamkumari Temple Roing,28.1432572,95.84785269999999,4.7,"hindu_temple, place_of_worship, point_of_interest, establishment",temples,Arunachal Pradesh,All Seasons,Lower Dibang Valley,3
Gorkha Siddheswar Dham,27.9571964,95.73314429999999,5,"hindu_temple, place_of_worship, point_of_interest, establishment",temples,Arunachal Pradesh,All Seasons,Lower Dibang Valley,7
Pati Pather Gorkha Shiva Mandir,27.913027,95.7430239,4.6,"hindu_temple, place_of_worship, point_of_interest, establishment",temples,Arunachal Pradesh,All Seasons,Lower Dibang Valley,14
Mishmi Hills,28.25,96.00000000000001,4.2,"natural_feature, establishment",hills,Arunachal Pradesh,Winter,Lower Dibang Valley,29
Hill Side Restaurant,28.1625371,95.84801039999999,4.4,"restaurant, point_of_interest, food, establishment",hills,Arunachal Pradesh,Winter,Lower Dibang Valley,9
Hill Mart,28.1383353,95.842777,3.2,"department_store, store, point_of_interest, establishment",hills,Arunachal Pradesh,Winter,Lower Dibang Valley,9
Mishmi Hill Camp,28.1585897,95.8542846,4.1,"lodging, point_of_interest, establishment",hills,Arunachal Pradesh,Winter,Lower Dibang Valley,7
Mishmi Hills Production - Event Planning & Production Servises,28.1334769,95.840902,5,"point_of_interest, establishment",hills,Arunachal Pradesh,Winter,Lower Dibang Valley,2
Hill top garden,28.2689976,95.61688339999999,0,"park, point_of_interest, establishment",hills,Arunachal Pradesh,Winter,Lower Dibang Valley,0
HILL TOP GARDEN,28.2802275,95.61099589999999,0,"lodging, point_of_interest, establishment",hills,Arunachal Pradesh,Winter,Lower Dibang Valley,0
Lakku hills,28.2714125,95.60956519999999,4.8,"tourist_attraction, point_of_interest, establishment",hills,Arunachal Pradesh,Winter,Lower Dibang Valley,4
Mishmi Hills Homestay,27.9372687,96.1336769,4,"cafe, point_of_interest, food, establishment",hills,Arunachal Pradesh,Winter,Lower Dibang Valley,24
Mishmi Hills Tea,28.0706339,95.9176875,5,"point_of_interest, food, establishment",hills,Arunachal Pradesh,Winter,Lower Dibang Valley,2
The Mishmi Hills Trekking Company,28.1628926,95.8427612,0,"point_of_interest, establishment",hills,Arunachal Pradesh,Winter,Lower Dibang Valley,0
Mayudiya Pass,28.2420138,95.9252868,4.5,"tourist_attraction, point_of_interest, establishment",hills,Arunachal Pradesh,Winter,Lower Dibang Valley,571
"Dambuk, Arunachal Pradesh",28.2689976,95.61688339999999,4.4,"tourist_attraction, point_of_interest, establishment",attraction,Arunachal Pradesh,All Seasons,Lower Dibang Valley,210
Kangkong Líreng,27.973272,95.7559806,4,"tourist_attraction, point_of_interest, establishment",attraction,Arunachal Pradesh,All Seasons,Lower Dibang Valley,4
Mayudiya Pass,28.2420138,95.9252868,4.5,"tourist_attraction, point_of_interest, establishment",attraction,Arunachal Pradesh,All Seasons,Lower Dibang Valley,571
IHO Viewpoint,28.2384022,95.8914614,4.4,"tourist_attraction, point_of_interest, establishment",attraction,Arunachal Pradesh,All Seasons,Lower Dibang Valley,16
Nizam ghat,28.2765137,95.7016877,4.4,"tourist_attraction, point_of_interest, establishment",attraction,Arunachal Pradesh,All Seasons,Lower Dibang Valley,43
"Sisar Bridge, Sisseri",28.2667957,95.5501941,4.5,"tourist_attraction, point_of_interest, establishment",attraction,Arunachal Pradesh,All Seasons,Lower Dibang Valley,204
Tupsinga ghoa,27.9239294,95.7884414,4.3,"tourist_attraction, point_of_interest, establishment",attraction,Arunachal Pradesh,All Seasons,Lower Dibang Valley,8
Eze(Deopani) Bridge,28.1588813,95.8468901,4.5,"tourist_attraction, point_of_interest, establishment",attraction,Arunachal Pradesh,All Seasons,Lower Dibang Valley,788
beutiful Stream near Digaru,27.888531,96.0211922,4.7,"tourist_attraction, point_of_interest, establishment",attraction,Arunachal Pradesh,All Seasons,Lower Dibang Valley,3
Sine Bridge,28.2661927,95.6062245,4.5,"tourist_attraction, point_of_interest, establishment",attraction,Arunachal Pradesh,All Seasons,Lower Dibang Valley,2
Deopani Park,28.1572446,95.84953709999999,4.2,"park, tourist_attraction, point_of_interest, establishment",attraction,Arunachal Pradesh,All Seasons,Lower Dibang Valley,273
Lakku hills,28.2714125,95.60956519999999,4.8,"tourist_attraction, point_of_interest, establishment",attraction,Arunachal Pradesh,All Seasons,Lower Dibang Valley,4
Sirki Nala,28.2764325,95.67159099999999,5,"tourist_attraction, point_of_interest, establishment",attraction,Arunachal Pradesh,All Seasons,Lower Dibang Valley,4
Dambuk picnic,28.266156,95.60718039999999,4.2,"tourist_attraction, point_of_interest, establishment",attraction,Arunachal Pradesh,All Seasons,Lower Dibang Valley,88
Dr. Bhupen Hazarika Memorial Statue,28.0317475,95.75874449999999,3.8,"tourist_attraction, point_of_interest, establishment",attraction,Arunachal Pradesh,All Seasons,Lower Dibang Valley,13
Ambikapur Picnic Spot,27.9309154,95.89234049999999,5,"tourist_attraction, point_of_interest, establishment",attraction,Arunachal Pradesh,All Seasons,Lower Dibang Valley,2
Dree Afra,28.1389171,95.82185849999999,0,"tourist_attraction, point_of_interest, establishment",attraction,Arunachal Pradesh,All Seasons,Lower Dibang Valley,0
Saly lake entry point,28.1672915,95.8375889,3.3,"tourist_attraction, point_of_interest, establishment",attraction,Arunachal Pradesh,All Seasons,Lower Dibang Valley,8
Roing Zoo,28.1568768,95.8537803,3.5,"zoo, tourist_attraction, point_of_interest, establishment",attraction,Arunachal Pradesh,All Seasons,Lower Dibang Valley,255
Punjabi camp VOLVO,28.3293742,95.77565799999999,3.9,"tourist_attraction, point_of_interest, establishment",attraction,Arunachal Pradesh,All Seasons,Lower Dibang Valley,15
Chow Pha Plang Lu Ground,27.9105637,96.075988,4.7,"tourist_attraction, point_of_interest, establishment",attraction,Arunachal Pradesh,All Seasons,Lower Dibang Valley,3
Asin billai,27.8652485,96.122022,5,"tourist_attraction, point_of_interest, establishment",attraction,Arunachal Pradesh,All Seasons,Lower Dibang Valley,2
New Teanali,28.0383824,95.59113690000001,0,"tourist_attraction, point_of_interest, establishment",attraction,Arunachal Pradesh,All Seasons,Lower Dibang Valley,0
"Sukaliang, mekailiang village",27.9496977,96.11773439999999,0,"tourist_attraction, point_of_interest, establishment",attraction,Arunachal Pradesh,All Seasons,Lower Dibang Valley,0
Aohali Ehi valley,28.2498125,95.5349375,0,"tourist_attraction, point_of_interest, establishment",attraction,Arunachal Pradesh,All Seasons,Lower Dibang Valley,0
N Swimming pool-cum-bar,27.9719884,94.2062704,3.5,"park, point_of_interest, establishment",parks,Arunachal Pradesh,Spring,Lower Siang,8
Biken tamul garden,27.6155899,94.60566569999999,5,"park, point_of_interest, establishment",parks,Arunachal Pradesh,Spring,Lower Siang,1
Rajesh Doley tree garden(dularam Doley),27.6179015,94.6014835,4.5,"park, point_of_interest, establishment",parks,Arunachal Pradesh,Spring,Lower Siang,2
"Nyago Ruti's WRC Field, New Ngopi",27.6040625,94.56781250000002,5,"park, point_of_interest, establishment",parks,Arunachal Pradesh,Spring,Lower Siang,1
Ngopi River,27.710669,94.521194,2,"park, point_of_interest, establishment",parks,Arunachal Pradesh,Spring,Lower Siang,1
Farm House of Taru Gusar,27.9889807,94.2430729,0,"park, point_of_interest, establishment",parks,Arunachal Pradesh,Spring,Lower Siang,0
Ngechi village,27.7848456,94.0667562,0,"park, point_of_interest, establishment",parks,Arunachal Pradesh,Spring,Lower Siang,0
Todor Putu,28.0533776,94.5700674,0,"park, point_of_interest, establishment",parks,Arunachal Pradesh,Spring,Lower Siang,0
Kama Soki Family Orange Garden,28.0480907,94.1291136,0,"park, point_of_interest, establishment",parks,Arunachal Pradesh,Spring,Lower Siang,0
Arunachal forest Road new Ngopi,27.6077752,94.5788044,0,"park, point_of_interest, establishment",parks,Arunachal Pradesh,Spring,Lower Siang,0
Arunachal Pradesh Forest road TJ,27.6000506,94.5622803,0,"park, point_of_interest, establishment",parks,Arunachal Pradesh,Spring,Lower Siang,0
Tao Bagaan,27.9643663,94.6099797,0,"park, point_of_interest, establishment",parks,Arunachal Pradesh,Spring,Lower Siang,0
Menluk Kamcham's Area,27.6159544,94.6050471,1,"park, point_of_interest, establishment",parks,Arunachal Pradesh,Spring,Lower Siang,1
Air field,27.9819831,94.2159925,0,"park, point_of_interest, establishment",parks,Arunachal Pradesh,Spring,Lower Siang,0
Land of Ruti,27.7106691,94.5211935,0,"park, point_of_interest, establishment",parks,Arunachal Pradesh,Spring,Lower Siang,0
Tate Raji Orange Garden,28.0224511,94.1930373,0,"park, point_of_interest, establishment",parks,Arunachal Pradesh,Spring,Lower Siang,0
Jumni maro,27.9915655,94.40590619999999,5,"park, point_of_interest, establishment",parks,Arunachal Pradesh,Spring,Lower Siang,1
BYK's Orange Orchard,28.001493,94.24194879999999,0,"park, point_of_interest, establishment",parks,Arunachal Pradesh,Spring,Lower Siang,0
Layla Majnu (Lover Point),27.9856401,94.23171239999999,0,"park, point_of_interest, establishment",parks,Arunachal Pradesh,Spring,Lower Siang,0
NGOPI VILLAGE DOLU NGOPI TJ,27.6031531,94.56384369999999,0,"park, point_of_interest, establishment",parks,Arunachal Pradesh,Spring,Lower Siang,0
Rupe Ruti Palm Oil Garden,27.5990332,94.5407747,1,"park, point_of_interest, establishment",parks,Arunachal Pradesh,Spring,Lower Siang,1
Jamar pinapple farming,27.5995678,94.5424457,0,"park, point_of_interest, establishment",parks,Arunachal Pradesh,Spring,Lower Siang,0
"Kamte jengrai kotalguri gaon, Mr Rajesh Doley",27.6109457,94.61662969999999,0,"park, point_of_interest, establishment",parks,Arunachal Pradesh,Spring,Lower Siang,0
SHRI LARTA RUTI's Rubber plantation,27.6095091,94.56619099999999,0,"park, point_of_interest, establishment",parks,Arunachal Pradesh,Spring,Lower Siang,0
Jamar Ruti betel nut garden,27.5993125,94.54243749999999,5,"park, point_of_interest, establishment",parks,Arunachal Pradesh,Spring,Lower Siang,1
BYK's Farm House,27.9983311,94.243146,0,"park, point_of_interest, establishment",parks,Arunachal Pradesh,Spring,Lower Siang,0
Hopvsia ( YEKO AREA ),27.6506057,94.4777646,0,"park, point_of_interest, establishment",parks,Arunachal Pradesh,Spring,Lower Siang,0
Subansiri Island,27.9862879,94.2205209,0,"park, point_of_interest, establishment",parks,Arunachal Pradesh,Spring,Lower Siang,0
Menyi Nyokir's Area,27.6179133,94.5943136,0,"park, point_of_interest, establishment",parks,Arunachal Pradesh,Spring,Lower Siang,0
"Nyago Ruti's Arecanut Garden, New Ngopi",27.6075393,94.57557059999999,5,"park, point_of_interest, establishment",parks,Arunachal Pradesh,Spring,Lower Siang,1
Pakmi Ruti Land Area,27.6054749,94.5615457,0,"park, point_of_interest, establishment",parks,Arunachal Pradesh,Spring,Lower Siang,0
"Lee Garden, NOLUM",28.100046,94.3522653,0,"park, point_of_interest, establishment",parks,Arunachal Pradesh,Spring,Lower Siang,0
RUTI RIVER,27.6017879,94.5422244,4.5,"park, point_of_interest, establishment",parks,Arunachal Pradesh,Spring,Lower Siang,2
Tamak Riddi Orange Garden,28.042587,94.1952646,5,"park, point_of_interest, establishment",parks,Arunachal Pradesh,Spring,Lower Siang,1
"Kamcham , taipodia pineapple garden",27.630739,94.638802,0,"park, point_of_interest, establishment",parks,Arunachal Pradesh,Spring,Lower Siang,0
LARTA RUTI'S LAND AREA NGOPI,27.6076338,94.5667981,0,"park, point_of_interest, establishment",parks,Arunachal Pradesh,Spring,Lower Siang,0
Smt. Bai Kamcham's Pineapples Garden,27.6228176,94.6184736,0,"park, point_of_interest, establishment",parks,Arunachal Pradesh,Spring,Lower Siang,0
Pakmi Ruti private land,27.6064035,94.56930500000001,0,"park, point_of_interest, establishment",parks,Arunachal Pradesh,Spring,Lower Siang,0
Bijar plam oil gardens,27.630739,94.638802,0,"park, point_of_interest, establishment",parks,Arunachal Pradesh,Spring,Lower Siang,0
RUTI AGRICULTURAL LAND MENLAR AO,27.6046434,94.569758,0,"park, point_of_interest, establishment",parks,Arunachal Pradesh,Spring,Lower Siang,0
District Museum Daporijo,27.9871992,94.2221283,0,"museum, point_of_interest, establishment",museum,Arunachal Pradesh,Winter,Lower Siang,0
"Yummar Taipodia Bridge, Gensi",27.842154,94.62267829999999,3.6,"tourist_attraction, point_of_interest, establishment",waterfalls,Arunachal Pradesh,Monsoon,Lower Siang,8
Manga cave,28.1007551,94.1463382,4.2,"hindu_temple, place_of_worship, point_of_interest, establishment",temples,Arunachal Pradesh,All Seasons,Lower Siang,34
Shri Shri Durga Mandir,27.5960706,94.43757769999999,0,"hindu_temple, place_of_worship, point_of_interest, establishment",temples,Arunachal Pradesh,All Seasons,Lower Siang,0
Sikarijo SHIV MANDIR,27.994797,94.2134202,0,"hindu_temple, place_of_worship, point_of_interest, establishment",temples,Arunachal Pradesh,All Seasons,Lower Siang,0
Misamari Chapori Horimondir,27.6101359,94.6315781,5,"hindu_temple, place_of_worship, point_of_interest, establishment",temples,Arunachal Pradesh,All Seasons,Lower Siang,1
Silikhaguri Namghar,27.5983868,94.624515,5,"hindu_temple, place_of_worship, point_of_interest, establishment",temples,Arunachal Pradesh,All Seasons,Lower Siang,2
"Rai pur maj gaon,ৰাইপুৰ মাজ গাওঁ",27.6014711,94.5652813,5,"hindu_temple, place_of_worship, point_of_interest, establishment",temples,Arunachal Pradesh,All Seasons,Lower Siang,1
SARBOJANIN DURGA MANDIR,27.9874241,94.2249356,5,"hindu_temple, place_of_worship, point_of_interest, establishment",temples,Arunachal Pradesh,All Seasons,Lower Siang,2
SHREE MANTA SANKARDEV ART& CULTURAL CENTRE,27.9860809,94.2263037,5,"hindu_temple, place_of_worship, point_of_interest, establishment",temples,Arunachal Pradesh,All Seasons,Lower Siang,1
Santipur konwar gaon,27.5986181,94.6206924,0,"hindu_temple, place_of_worship, point_of_interest, establishment",temples,Arunachal Pradesh,All Seasons,Lower Siang,0
Bholenath Shiv Shankar temple,27.9880499,94.22196819999999,2,"hindu_temple, place_of_worship, point_of_interest, establishment",temples,Arunachal Pradesh,All Seasons,Lower Siang,1
Jengrai Shiv Mondir,27.6113451,94.61184949999999,0,"hindu_temple, place_of_worship, point_of_interest, establishment",temples,Arunachal Pradesh,All Seasons,Lower Siang,0
Raiput ghuguha hunali pam,27.596813,94.5669041,2,"hindu_temple, place_of_worship, point_of_interest, establishment",temples,Arunachal Pradesh,All Seasons,Lower Siang,3
"BN, Shiv Mandir",27.9855161,94.2287829,0,"hindu_temple, place_of_worship, point_of_interest, establishment",temples,Arunachal Pradesh,All Seasons,Lower Siang,0
Kardo,27.974649,94.538078,0,"hindu_temple, place_of_worship, point_of_interest, establishment",temples,Arunachal Pradesh,All Seasons,Lower Siang,0
Shiv Mandir,27.9854759,94.41722109999999,0,"hindu_temple, place_of_worship, point_of_interest, establishment",temples,Arunachal Pradesh,All Seasons,Lower Siang,0
Milonpur Horimondi,27.6099972,94.61305139999999,0,"hindu_temple, place_of_worship, point_of_interest, establishment",temples,Arunachal Pradesh,All Seasons,Lower Siang,0
Konwar gaon Horimondir,27.5986406,94.6206821,0,"hindu_temple, place_of_worship, point_of_interest, establishment",temples,Arunachal Pradesh,All Seasons,Lower Siang,0
Bijoy pur Gaon Hari mondir,27.6115777,94.6207884,0,"hindu_temple, place_of_worship, point_of_interest, establishment",temples,Arunachal Pradesh,All Seasons,Lower Siang,0
Sree Siddeshwar Nath Natural Shiv Linga Temple,27.974649,94.538078,0,"hindu_temple, place_of_worship, point_of_interest, establishment",temples,Arunachal Pradesh,All Seasons,Lower Siang,0
"Bechamora,ghuguha hunali pam",27.5965575,94.5653428,0,"hindu_temple, place_of_worship, point_of_interest, establishment",temples,Arunachal Pradesh,All Seasons,Lower Siang,0
Gopal monder,27.7548925,94.027384,0,"hindu_temple, place_of_worship, point_of_interest, establishment",temples,Arunachal Pradesh,All Seasons,Lower Siang,0
Dularam Doley farmer area Rajesh doley farmer area (Doley farmer area),27.6186721,94.5979352,0,"hindu_temple, place_of_worship, point_of_interest, establishment",temples,Arunachal Pradesh,All Seasons,Lower Siang,0
CE NTRAL RESERVE POLICE FORCE ZIBN TEMPLE,27.9861276,94.2272081,0,"hindu_temple, place_of_worship, point_of_interest, establishment",temples,Arunachal Pradesh,All Seasons,Lower Siang,0
"Kardo Sivalinga, Ziro",27.974649,94.538078,4.5,"place_of_worship, point_of_interest, establishment",temples,Arunachal Pradesh,All Seasons,Lower Siang,13
M/s. Hill View Wine Shop,27.9850146,94.21739389999999,0,"liquor_store, point_of_interest, store, establishment",hills,Arunachal Pradesh,Winter,Lower Siang,0
Miri Hills,28.0697222,94.03111109999999,1,"natural_feature, establishment",hills,Arunachal Pradesh,Winter,Lower Siang,1
"Circuit House, Raga",27.792316,94.07529199999999,3.2,"lodging, point_of_interest, establishment",hills,Arunachal Pradesh,Winter,Lower Siang,52
"Vivekananda Kendra Vidyalaya, Raga",27.7987828,94.0638216,4.9,"school, point_of_interest, establishment",hills,Arunachal Pradesh,Winter,Lower Siang,15
"Bamboo suspension Bridge - Daporijo, Subansiri District, Arunachal Pradesh, India",27.9945589,94.2239707,4.1,"tourist_attraction, point_of_interest, establishment",attraction,Arunachal Pradesh,All Seasons,Lower Siang,19
"Yummar Taipodia Bridge, Gensi",27.842154,94.62267829999999,3.6,"tourist_attraction, point_of_interest, establishment",attraction,Arunachal Pradesh,All Seasons,Lower Siang,8
yikar place,27.9952661,94.2158228,5,"tourist_attraction, point_of_interest, establishment",attraction,Arunachal Pradesh,All Seasons,Lower Siang,4
Topo Statue,27.9802856,94.2771705,5,"tourist_attraction, point_of_interest, establishment",attraction,Arunachal Pradesh,All Seasons,Lower Siang,7
কলিয়াগগৈ। দোকান,27.6178893,94.62350239999999,0,"tourist_attraction, point_of_interest, establishment",attraction,Arunachal Pradesh,All Seasons,Lower Siang,0
Borajan picnic spot,27.6007824,94.5424537,4.7,"tourist_attraction, point_of_interest, establishment",attraction,Arunachal Pradesh,All Seasons,Lower Siang,3
Jargum & kenba bamboo area,27.6305398,94.6388996,0,"tourist_attraction, point_of_interest, establishment",attraction,Arunachal Pradesh,All Seasons,Lower Siang,0
DAMGO YINYO FARM HOUSE,27.9922725,94.2537457,0,"tourist_attraction, point_of_interest, establishment",attraction,Arunachal Pradesh,All Seasons,Lower Siang,0
Miki Tranquil Home,27.6176875,94.5898125,0,"tourist_attraction, point_of_interest, establishment",attraction,Arunachal Pradesh,All Seasons,Lower Siang,0
DON,27.9690382,94.2596805,3.8,"tourist_attraction, point_of_interest, establishment",attraction,Arunachal Pradesh,All Seasons,Lower Siang,10
Baliso Abu(Adv. Tagi Ruti),27.614643,94.5802159,0,"tourist_attraction, point_of_interest, establishment",attraction,Arunachal Pradesh,All Seasons,Lower Siang,0
Senpak Ruti oil pump Plantation,27.6034865,94.55999639999999,5,"tourist_attraction, point_of_interest, establishment",attraction,Arunachal Pradesh,All Seasons,Lower Siang,1
Rupe Ruti's quarry,27.5992745,94.54159039999999,0,"tourist_attraction, point_of_interest, establishment",attraction,Arunachal Pradesh,All Seasons,Lower Siang,0
Kamrak Attwm View Point,27.7584995,94.06066290000001,2,"tourist_attraction, point_of_interest, establishment",attraction,Arunachal Pradesh,All Seasons,Lower Siang,1
কলিয়াগগৈ। 2ন দলটো গাওঁ,27.6182434,94.62269069999999,0,"tourist_attraction, point_of_interest, establishment",attraction,Arunachal Pradesh,All Seasons,Lower Siang,0
TAO VALLEY,27.9612083,94.61146629999999,4.3,"tourist_attraction, point_of_interest, establishment",attraction,Arunachal Pradesh,All Seasons,Lower Siang,3
Water Fall (Nyumchi Nyumtv),28.0466427,94.1795733,5,"tourist_attraction, point_of_interest, establishment",attraction,Arunachal Pradesh,All Seasons,Lower Siang,5
"Fodi, waterfalls",27.7106691,94.5211935,0,"tourist_attraction, point_of_interest, establishment",attraction,Arunachal Pradesh,All Seasons,Lower Siang,0
"Heritage Park and Botanical Garden, Ziro",27.6018615,93.82424030000001,4.1,"tourist_attraction, point_of_interest, establishment",parks,Arunachal Pradesh,Spring,Lower Subansiri,68
Riimey Park Siiro,27.5250107,93.83983529999999,3.6,"park, point_of_interest, establishment",parks,Arunachal Pradesh,Spring,Lower Subansiri,20
Ziro hidden lake,27.6160485,93.81650049999999,4.1,"park, point_of_interest, establishment",parks,Arunachal Pradesh,Spring,Lower Subansiri,12
Integrated Aqua Park,27.5184164,93.8279409,4.8,"tourist_attraction, point_of_interest, establishment",parks,Arunachal Pradesh,Spring,Lower Subansiri,6
Forest Children Park,27.5270761,93.8503145,4,"park, point_of_interest, establishment",parks,Arunachal Pradesh,Spring,Lower Subansiri,2
Ecoland Park Ziro,27.5387567,93.82766,4.3,"tourist_attraction, point_of_interest, establishment",parks,Arunachal Pradesh,Spring,Lower Subansiri,12
Cabbage Garden,27.6379025,93.8581397,4.9,"park, point_of_interest, establishment",parks,Arunachal Pradesh,Spring,Lower Subansiri,20
Thevillager Campsite,27.5703988,93.8523307,5,"campground, park, lodging, point_of_interest, establishment",parks,Arunachal Pradesh,Spring,Lower Subansiri,58
Taw Tiibe,27.5115758,93.82320299999999,4.8,"park, point_of_interest, establishment",parks,Arunachal Pradesh,Spring,Lower Subansiri,5
Yazali View Point,27.4190572,93.748426,3.8,"park, point_of_interest, establishment",parks,Arunachal Pradesh,Spring,Lower Subansiri,14
Sikhe lake ziro,27.6164185,93.8192373,5,"park, point_of_interest, establishment",parks,Arunachal Pradesh,Spring,Lower Subansiri,1
Pung & Kurung meeting point,27.8002129,93.8833713,5,"park, point_of_interest, establishment",parks,Arunachal Pradesh,Spring,Lower Subansiri,1
Camp Challo,27.5672737,93.8504312,4.8,"campground, park, lodging, point_of_interest, establishment",parks,Arunachal Pradesh,Spring,Lower Subansiri,25
Bullo Tana Buni Pvt Forest,27.529551,93.8552057,0,"park, point_of_interest, establishment",parks,Arunachal Pradesh,Spring,Lower Subansiri,0
Yayo Orange garden,27.3657924,93.75260689999999,5,"park, point_of_interest, establishment",parks,Arunachal Pradesh,Spring,Lower Subansiri,1
Kakoi Reserve Forest,27.3839796,94.0947676,4.5,"park, point_of_interest, establishment",parks,Arunachal Pradesh,Spring,Lower Subansiri,4
Talley Valley Wildlife Sanctuary,27.569588,93.9829201,4.5,"zoo, park, point_of_interest, establishment",parks,Arunachal Pradesh,Spring,Lower Subansiri,28
Hula Putu,27.5271326,93.84397229999999,5,"park, point_of_interest, establishment",parks,Arunachal Pradesh,Spring,Lower Subansiri,1
Stargaper & Plugpine Ziro Campsite,27.5662437,93.8522679,4.9,"campground, park, lodging, point_of_interest, establishment",parks,Arunachal Pradesh,Spring,Lower Subansiri,25
Camp Nuri Piisa,27.566686,93.85375979999999,5,"campground, park, lodging, point_of_interest, establishment",parks,Arunachal Pradesh,Spring,Lower Subansiri,1
"Hage Yanya Mudang, Kiwi Garden, Rubu",27.5381074,93.8571255,5,"park, point_of_interest, establishment",parks,Arunachal Pradesh,Spring,Lower Subansiri,3
Dopyo Morey (Tage Dogin-Habung-Kani-Paru Uru) Ur,27.642931,93.7852936,5,"park, point_of_interest, establishment",parks,Arunachal Pradesh,Spring,Lower Subansiri,5
Riimey Park,27.5510441,93.832931,0,"tourist_attraction, point_of_interest, establishment",parks,Arunachal Pradesh,Spring,Lower Subansiri,0
Anda Ankha Kiwi Garden,27.5447892,93.81969090000001,5,"park, point_of_interest, establishment",parks,Arunachal Pradesh,Spring,Lower Subansiri,4
The Local Hero Camps,27.5731065,93.85374689999999,3.5,"campground, park, lodging, point_of_interest, establishment",parks,Arunachal Pradesh,Spring,Lower Subansiri,2
"Pamu Yalang, Ziro",27.5642513,93.8238987,4.3,"tourist_attraction, point_of_interest, establishment",parks,Arunachal Pradesh,Spring,Lower Subansiri,59
Sai yari garden,27.6976731,93.64184879999999,0,"park, point_of_interest, establishment",parks,Arunachal Pradesh,Spring,Lower Subansiri,0
P-E Demarcation Area (Taroo Arang),27.5336754,93.8058605,0,"park, point_of_interest, establishment",parks,Arunachal Pradesh,Spring,Lower Subansiri,0
Queen bees Campsite,27.5732599,93.8554163,5,"campground, park, lodging, point_of_interest, establishment",parks,Arunachal Pradesh,Spring,Lower Subansiri,3
Ngechi village,27.7848456,94.0667562,0,"park, point_of_interest, establishment",parks,Arunachal Pradesh,Spring,Lower Subansiri,0
"Hill People Jungle Camp, Ziro",27.5651694,93.8479905,4.3,"campground, park, lodging, point_of_interest, establishment",parks,Arunachal Pradesh,Spring,Lower Subansiri,12
DELI VILLAGE JORAM,27.5114006,93.7683763,0,"park, point_of_interest, establishment",parks,Arunachal Pradesh,Spring,Lower Subansiri,0
Dirgha quwari,27.3809507,94.10321379999999,5,"park, point_of_interest, establishment",parks,Arunachal Pradesh,Spring,Lower Subansiri,1
Midinya Picnic spot,27.544912,93.8196686,0,"park, point_of_interest, establishment",parks,Arunachal Pradesh,Spring,Lower Subansiri,0
Pine picnic spot,27.5391303,93.85075030000002,0,"park, point_of_interest, establishment",parks,Arunachal Pradesh,Spring,Lower Subansiri,0
Kakoi Reserved Forest (Dirgha Sub-beat),27.3716405,94.083272,3,"park, point_of_interest, establishment",parks,Arunachal Pradesh,Spring,Lower Subansiri,2
Lañgo biijey (kuru tajang),27.544912,93.8196686,0,"park, point_of_interest, establishment",parks,Arunachal Pradesh,Spring,Lower Subansiri,0
3S Picnic Spot,27.544912,93.8196686,5,"park, point_of_interest, establishment",parks,Arunachal Pradesh,Spring,Lower Subansiri,1
"WHIMSY WOODS CAMPSITE, Ziro",27.5657327,93.8465749,5,"campground, park, lodging, point_of_interest, establishment",parks,Arunachal Pradesh,Spring,Lower Subansiri,1
Zipcode Club,27.5706481,93.8520887,5,"campground, park, lodging, point_of_interest, establishment",parks,Arunachal Pradesh,Spring,Lower Subansiri,1
Camp Hapa,27.568495,93.84388589999999,0,"campground, park, lodging, point_of_interest, establishment",parks,Arunachal Pradesh,Spring,Lower Subansiri,0
BONORIA CAMPERS,27.5759608,93.84548649999999,5,"campground, park, lodging, point_of_interest, establishment",parks,Arunachal Pradesh,Spring,Lower Subansiri,2
Nomadsroof Ziro Campsite,27.5704136,93.8537379,5,"campground, park, lodging, point_of_interest, establishment",parks,Arunachal Pradesh,Spring,Lower Subansiri,2
SURYA MINI TEA GARDEN,27.3820618,94.1314558,4.5,"park, point_of_interest, establishment",parks,Arunachal Pradesh,Spring,Lower Subansiri,2
Bengia Takar,27.3623033,93.7682552,0,"park, point_of_interest, establishment",parks,Arunachal Pradesh,Spring,Lower Subansiri,0
Radhe Ranii,27.6225506,93.85461459999999,5,"park, point_of_interest, establishment",parks,Arunachal Pradesh,Spring,Lower Subansiri,4
Hakhe Tari,27.4949242,93.85669610000001,4.5,"park, point_of_interest, establishment",parks,Arunachal Pradesh,Spring,Lower Subansiri,12
Boasimla View Point,27.7333665,93.9921595,4,"park, point_of_interest, establishment",parks,Arunachal Pradesh,Spring,Lower Subansiri,7
Punyo Rika Dilling,27.5361161,93.816661,0,"park, point_of_interest, establishment",parks,Arunachal Pradesh,Spring,Lower Subansiri,0
Khyoda Bagang Cardamom plantation,27.6741167,93.88557999999999,0,"park, point_of_interest, establishment",parks,Arunachal Pradesh,Spring,Lower Subansiri,0
Campscape Camping,27.5405054,93.8134479,0,"campground, park, lodging, point_of_interest, establishment",parks,Arunachal Pradesh,Spring,Lower Subansiri,0
Hembin Polyang,27.5228292,93.8447549,0,"park, point_of_interest, establishment",parks,Arunachal Pradesh,Spring,Lower Subansiri,0
Kuru Rabin Hasang Forest (Byomang Morey),27.6391212,93.8756616,5,"park, point_of_interest, establishment",parks,Arunachal Pradesh,Spring,Lower Subansiri,1
New yazali bridge,27.4138064,93.7365653,4,"park, point_of_interest, establishment",parks,Arunachal Pradesh,Spring,Lower Subansiri,6
BIJE CAMP,27.5574367,93.8585414,5,"campground, park, lodging, point_of_interest, establishment",parks,Arunachal Pradesh,Spring,Lower Subansiri,24
Second soil,27.3649113,94.1325284,4,"park, point_of_interest, establishment",parks,Arunachal Pradesh,Spring,Lower Subansiri,2
"APU DOKHO ACHANG,MICHI-VILLAGE",27.5433972,93.78931329999999,4,"park, point_of_interest, establishment",parks,Arunachal Pradesh,Spring,Lower Subansiri,2
Takhung,27.544912,93.8196686,4,"park, point_of_interest, establishment",parks,Arunachal Pradesh,Spring,Lower Subansiri,1
Green outdoor nature camp,27.5675167,93.8496467,0,"campground, park, lodging, point_of_interest, establishment",parks,Arunachal Pradesh,Spring,Lower Subansiri,0
Pading Forest,27.5539167,93.80671509999999,0,"park, point_of_interest, establishment",parks,Arunachal Pradesh,Spring,Lower Subansiri,0
Mumpa Memorial Museum,27.550151,93.814994,3.6,"museum, point_of_interest, establishment",museum,Arunachal Pradesh,Winter,Lower Subansiri,11
"District Museum, Ziro",27.539661,93.8180495,3.8,"museum, point_of_interest, establishment",museum,Arunachal Pradesh,Winter,Lower Subansiri,159
Integrated Aqua Park,27.5184164,93.8279409,4.8,"tourist_attraction, point_of_interest, establishment",museum,Arunachal Pradesh,Winter,Lower Subansiri,6
Ecoland Park Ziro,27.5387567,93.82766,4.3,"tourist_attraction, point_of_interest, establishment",museum,Arunachal Pradesh,Winter,Lower Subansiri,12
MILLO ATUNG URU WATERFALL(FOREST),27.6392264,93.8707713,0,"point_of_interest, establishment",waterfalls,Arunachal Pradesh,Monsoon,Lower Subansiri,0
"SEEH LAKE, Biirii, Ziro",27.5685839,93.8546286,4.3,"tourist_attraction, point_of_interest, establishment",waterfalls,Arunachal Pradesh,Monsoon,Lower Subansiri,620
"Heritage Park and Botanical Garden, Ziro",27.6018615,93.82424030000001,4.1,"tourist_attraction, point_of_interest, establishment",waterfalls,Arunachal Pradesh,Monsoon,Lower Subansiri,68
"Pamu Yalang, Ziro",27.5642513,93.8238987,4.3,"tourist_attraction, point_of_interest, establishment",waterfalls,Arunachal Pradesh,Monsoon,Lower Subansiri,59
Yamin waterfall (forest),27.6393125,93.87081250000001,0,"amusement_park, point_of_interest, establishment",waterfalls,Arunachal Pradesh,Monsoon,Lower Subansiri,0
Old Ziro best view,27.5934925,93.8255664,4.4,"tourist_attraction, point_of_interest, establishment",waterfalls,Arunachal Pradesh,Monsoon,Lower Subansiri,71
Ziro Valley view,27.5668994,93.83513529999999,4.3,"tourist_attraction, point_of_interest, establishment",waterfalls,Arunachal Pradesh,Monsoon,Lower Subansiri,38
Taw Tiibe,27.5115758,93.82320299999999,4.8,"park, point_of_interest, establishment",waterfalls,Arunachal Pradesh,Monsoon,Lower Subansiri,5
Pechi Putu Ziro,27.5659175,93.83984869999999,4.6,"tourist_attraction, point_of_interest, establishment",waterfalls,Arunachal Pradesh,Monsoon,Lower Subansiri,18
Hakhe Tari,27.5868802,93.8444928,4.1,"park, point_of_interest, establishment",waterfalls,Arunachal Pradesh,Monsoon,Lower Subansiri,16
Ziro Town,27.5433623,93.8117104,4.3,"tourist_attraction, point_of_interest, establishment",waterfalls,Arunachal Pradesh,Monsoon,Lower Subansiri,8
Talley Valley Wildlife Sanctuary,27.569588,93.9829201,4.5,"zoo, park, point_of_interest, establishment",zoo,Arunachal Pradesh,Winter,Lower Subansiri,28
Lumri,27.460152,93.74069999999999,No rating,"locality, political",zoo,Arunachal Pradesh,Winter,Lower Subansiri,0
Sree Sidheswar Nath Temple Siva Linga,27.5562227,93.7867796,4.7,"hindu_temple, place_of_worship, point_of_interest, establishment",temples,Arunachal Pradesh,All Seasons,Lower Subansiri,182
Radha Krishna Mandir Dirgha maj gaon,27.3655192,94.1108782,5,"hindu_temple, place_of_worship, point_of_interest, establishment",temples,Arunachal Pradesh,All Seasons,Lower Subansiri,7
"Siddheswar Mahadev Shiv Mandir, Hapoli, Ziro",27.5561574,93.78676519999999,4.6,"hindu_temple, place_of_worship, point_of_interest, establishment",temples,Arunachal Pradesh,All Seasons,Lower Subansiri,75
शिव मंदिर,27.6952154,93.6300461,4.5,"hindu_temple, place_of_worship, point_of_interest, establishment",temples,Arunachal Pradesh,All Seasons,Lower Subansiri,2
Natural Shivlinga Temple,27.556152,93.78676610000001,4.7,"hindu_temple, place_of_worship, point_of_interest, establishment",temples,Arunachal Pradesh,All Seasons,Lower Subansiri,12
Shiv Mandir,27.3782616,94.0920888,5,"hindu_temple, place_of_worship, point_of_interest, establishment",temples,Arunachal Pradesh,All Seasons,Lower Subansiri,3
Ram Mandir,27.5391373,93.812405,4.6,"hindu_temple, place_of_worship, point_of_interest, establishment",temples,Arunachal Pradesh,All Seasons,Lower Subansiri,5
Shri Shri Ram mandir,27.3729311,94.1359171,4,"hindu_temple, place_of_worship, point_of_interest, establishment",temples,Arunachal Pradesh,All Seasons,Lower Subansiri,1
Old Ziro Shiv Mandir,27.5953122,93.8260584,4.5,"hindu_temple, place_of_worship, point_of_interest, establishment",temples,Arunachal Pradesh,All Seasons,Lower Subansiri,10
Bokanala bishnu mandir (au),27.3751706,94.12919389999999,5,"hindu_temple, place_of_worship, point_of_interest, establishment",temples,Arunachal Pradesh,All Seasons,Lower Subansiri,1
গোপালপুৰ প্ৰাথমিক নামঘৰ ( শ্ৰীমন্ত শংকৰদেৱ সংঘ ),27.3826541,94.13605419999999,5,"hindu_temple, place_of_worship, point_of_interest, establishment",temples,Arunachal Pradesh,All Seasons,Lower Subansiri,2
Bukanala Sonowal gaon Namghar,27.3704163,94.1275392,5,"hindu_temple, place_of_worship, point_of_interest, establishment",temples,Arunachal Pradesh,All Seasons,Lower Subansiri,3
Natura Tallest Shiv Mandir,27.5448696,93.8196529,5,"hindu_temple, place_of_worship, point_of_interest, establishment",temples,Arunachal Pradesh,All Seasons,Lower Subansiri,1
"Old ziro ,Suman home",27.5955119,93.82553829999999,4,"hindu_temple, place_of_worship, point_of_interest, establishment",temples,Arunachal Pradesh,All Seasons,Lower Subansiri,2
Shiv mandir dirgha,27.3614631,94.139169,1,"hindu_temple, place_of_worship, point_of_interest, establishment",temples,Arunachal Pradesh,All Seasons,Lower Subansiri,1
SHIVA MANDIR,27.6459432,93.87069819999999,0,"hindu_temple, place_of_worship, point_of_interest, establishment",temples,Arunachal Pradesh,All Seasons,Lower Subansiri,0
"Kardo,Ziro, Arunachal Pradesh",27.5562227,93.7867796,5,"hindu_temple, place_of_worship, point_of_interest, establishment",temples,Arunachal Pradesh,All Seasons,Lower Subansiri,3
Shree Shiv Mandir (ITBP),27.6961772,93.6353226,0,"hindu_temple, place_of_worship, point_of_interest, establishment",temples,Arunachal Pradesh,All Seasons,Lower Subansiri,0
MAA Kali temple,27.784016,93.53282100000001,0,"hindu_temple, place_of_worship, point_of_interest, establishment",temples,Arunachal Pradesh,All Seasons,Lower Subansiri,0
Shiv mandir seajuli 7no center,27.3665037,94.106753,0,"hindu_temple, place_of_worship, point_of_interest, establishment",temples,Arunachal Pradesh,All Seasons,Lower Subansiri,0
Shibey,27.553464,93.79588059999999,0,"hindu_temple, place_of_worship, point_of_interest, establishment",temples,Arunachal Pradesh,All Seasons,Lower Subansiri,0
Gopal monder,27.7548925,94.027384,0,"hindu_temple, place_of_worship, point_of_interest, establishment",temples,Arunachal Pradesh,All Seasons,Lower Subansiri,0
LAKHYA MEDAK,27.5930312,93.8273208,0,"place_of_worship, point_of_interest, establishment",temples,Arunachal Pradesh,All Seasons,Lower Subansiri,0
"Hill People Jungle Camp, Ziro",27.5651694,93.8479905,4.3,"campground, park, lodging, point_of_interest, establishment",hills,Arunachal Pradesh,Winter,Lower Subansiri,12
Hotel Hill View,27.5386819,93.8145783,4.8,"restaurant, food, point_of_interest, establishment",hills,Arunachal Pradesh,Winter,Lower Subansiri,5
Hill top,27.5361507,93.81656629999999,0,"point_of_interest, establishment",hills,Arunachal Pradesh,Winter,Lower Subansiri,0
Hill Queen Education Institute Ziro,27.5415671,93.8137814,3.6,"school, point_of_interest, establishment",hills,Arunachal Pradesh,Winter,Lower Subansiri,10
Ziro valley Paddy field,27.5452715,93.8099673,4.7,"tourist_attraction, point_of_interest, establishment",hills,Arunachal Pradesh,Winter,Lower Subansiri,36
Maruti Suzuki Authorised Service (Hills Auto Agency),27.537949,93.8190503,4,"car_repair, point_of_interest, establishment",hills,Arunachal Pradesh,Winter,Lower Subansiri,2
Hills Auto Agency,27.544815,93.8147011,0,"point_of_interest, establishment",hills,Arunachal Pradesh,Winter,Lower Subansiri,0
Free SRCM Heartfulness Meditation Centre,27.5359623,93.8174109,4.5,"health, point_of_interest, establishment",hills,Arunachal Pradesh,Winter,Lower Subansiri,4
CMPCS LTD CAR WASH ZIRO,27.537554,93.81660339999999,4.3,"car_wash, point_of_interest, establishment",hills,Arunachal Pradesh,Winter,Lower Subansiri,6
Hilltop School,27.5341936,93.8178707,0,"school, point_of_interest, establishment",hills,Arunachal Pradesh,Winter,Lower Subansiri,0
Punyo Elly Apartments,27.5361507,93.81656629999999,0,"point_of_interest, establishment",hills,Arunachal Pradesh,Winter,Lower Subansiri,0
Pegu Store,27.537529,93.82525129999999,5,"food, point_of_interest, store, establishment",hills,Arunachal Pradesh,Winter,Lower Subansiri,2
Taniang Lapang (Gangte),27.8599093,93.9388276,5,"point_of_interest, establishment",hills,Arunachal Pradesh,Winter,Lower Subansiri,5
"Teresa Girls Hostel, Haopoli",27.5351103,93.8160522,4.1,"point_of_interest, establishment",hills,Arunachal Pradesh,Winter,Lower Subansiri,29
"Circuit House, Raga",27.792316,94.07529199999999,3.2,"lodging, point_of_interest, establishment",hills,Arunachal Pradesh,Winter,Lower Subansiri,52
Circuit House,27.5424109,93.8160113,4,"lodging, point_of_interest, establishment",hills,Arunachal Pradesh,Winter,Lower Subansiri,155
Hage Yassung,27.5356511,93.81829359999999,0,"food, point_of_interest, store, establishment",hills,Arunachal Pradesh,Winter,Lower Subansiri,0
National Insurance Company Ltd. Ziro Bussiness Centre.,27.534785,93.8165887,3,"insurance_agency, point_of_interest, establishment",hills,Arunachal Pradesh,Winter,Lower Subansiri,1
Palin Heliport,27.6958998,93.635753,2,"airport, point_of_interest, establishment",hills,Arunachal Pradesh,Winter,Lower Subansiri,10
"SEEH LAKE, Biirii, Ziro",27.5685839,93.8546286,4.3,"tourist_attraction, point_of_interest, establishment",attraction,Arunachal Pradesh,All Seasons,Lower Subansiri,620
Yazali view,27.4116785,93.7453403,4.1,"tourist_attraction, point_of_interest, establishment",attraction,Arunachal Pradesh,All Seasons,Lower Subansiri,32
Ziro valley Paddy field,27.5452715,93.8099673,4.7,"tourist_attraction, point_of_interest, establishment",attraction,Arunachal Pradesh,All Seasons,Lower Subansiri,36
Old Ziro best view,27.5934925,93.8255664,4.4,"tourist_attraction, point_of_interest, establishment",attraction,Arunachal Pradesh,All Seasons,Lower Subansiri,71
Integrated Aqua Park,27.5184164,93.8279409,4.8,"tourist_attraction, point_of_interest, establishment",attraction,Arunachal Pradesh,All Seasons,Lower Subansiri,6
View point,27.5979511,93.85055980000001,4.2,"tourist_attraction, point_of_interest, establishment",attraction,Arunachal Pradesh,All Seasons,Lower Subansiri,5
Yangte valley,27.8232271,93.628113,4.2,"tourist_attraction, point_of_interest, establishment",attraction,Arunachal Pradesh,All Seasons,Lower Subansiri,5
Pechi Putu Ziro,27.5659175,93.83984869999999,4.6,"tourist_attraction, point_of_interest, establishment",attraction,Arunachal Pradesh,All Seasons,Lower Subansiri,18
Kurung kumey meeting point,27.8201619,93.92554799999999,4,"tourist_attraction, point_of_interest, establishment",attraction,Arunachal Pradesh,All Seasons,Lower Subansiri,16
Welcome gate Kugi-Tot village,27.5629031,93.6299287,5,"tourist_attraction, point_of_interest, establishment",attraction,Arunachal Pradesh,All Seasons,Lower Subansiri,2
"PAMU YALANG VIEW POINT, ZIRO (Arunachal Pradesh)",27.5648298,93.82370069999999,4.3,"tourist_attraction, point_of_interest, establishment",attraction,Arunachal Pradesh,All Seasons,Lower Subansiri,29
"Pamu Yalang, Ziro",27.5642513,93.8238987,4.3,"tourist_attraction, point_of_interest, establishment",attraction,Arunachal Pradesh,All Seasons,Lower Subansiri,59
"Heritage Park and Botanical Garden, Ziro",27.6018615,93.82424030000001,4.1,"tourist_attraction, point_of_interest, establishment",attraction,Arunachal Pradesh,All Seasons,Lower Subansiri,68
Ziro Valley view,27.5668994,93.83513529999999,4.3,"tourist_attraction, point_of_interest, establishment",attraction,Arunachal Pradesh,All Seasons,Lower Subansiri,38
1962 War Memorial Park at Neelam Village,27.5888125,93.68481249999999,5,"tourist_attraction, point_of_interest, establishment",attraction,Arunachal Pradesh,All Seasons,Lower Subansiri,5
Palang Sangri,27.8719241,93.6571836,5,"tourist_attraction, point_of_interest, establishment",attraction,Arunachal Pradesh,All Seasons,Lower Subansiri,1
Taro SIIGYA community forest,27.5448694,93.81965459999999,0,"tourist_attraction, point_of_interest, establishment",attraction,Arunachal Pradesh,All Seasons,Lower Subansiri,0
Ecoland Park Ziro,27.5387567,93.82766,4.3,"tourist_attraction, point_of_interest, establishment",attraction,Arunachal Pradesh,All Seasons,Lower Subansiri,12
Gyadi Habu,27.8020864,93.88883899999999,5,"tourist_attraction, point_of_interest, establishment",attraction,Arunachal Pradesh,All Seasons,Lower Subansiri,1
Tribal camp (eco-friendly environmental),27.5737099,93.8569126,3.7,"tourist_attraction, point_of_interest, establishment",attraction,Arunachal Pradesh,All Seasons,Lower Subansiri,7
Camp Urban Jungle,27.5615581,93.86259419999999,4.7,"tourist_attraction, point_of_interest, establishment",attraction,Arunachal Pradesh,All Seasons,Lower Subansiri,34
Likha Tekhi Memorial Tower,27.5088461,93.7777627,5,"tourist_attraction, point_of_interest, establishment",attraction,Arunachal Pradesh,All Seasons,Lower Subansiri,1
PEGG BALO,27.8027596,93.8979303,0,"tourist_attraction, point_of_interest, establishment",attraction,Arunachal Pradesh,All Seasons,Lower Subansiri,0
Ziro Town,27.5433623,93.8117104,4.3,"tourist_attraction, point_of_interest, establishment",attraction,Arunachal Pradesh,All Seasons,Lower Subansiri,8
Riimey Park,27.5510441,93.832931,0,"tourist_attraction, point_of_interest, establishment",attraction,Arunachal Pradesh,All Seasons,Lower Subansiri,0
Abu Kipa Bulla Village View Point,27.5931425,93.82803260000001,5,"tourist_attraction, point_of_interest, establishment",attraction,Arunachal Pradesh,All Seasons,Lower Subansiri,1
Suchusi Homestay,27.5151973,93.83939509999999,5,"tourist_attraction, point_of_interest, establishment",attraction,Arunachal Pradesh,All Seasons,Lower Subansiri,8
The Whispering Pines Campsite,27.5667797,93.84680039999999,5,"tourist_attraction, point_of_interest, establishment",attraction,Arunachal Pradesh,All Seasons,Lower Subansiri,2
Kago Ampi,27.5582583,93.84828530000001,0,"grocery_or_supermarket, tourist_attraction, store, food, point_of_interest, establishment",attraction,Arunachal Pradesh,All Seasons,Lower Subansiri,0
Riimey Park Siiro,27.5250107,93.83983529999999,3.6,"park, point_of_interest, establishment",attraction,Arunachal Pradesh,All Seasons,Lower Subansiri,20
Talley Valley Wildlife Sanctuary,27.569588,93.9829201,4.5,"zoo, park, point_of_interest, establishment",attraction,Arunachal Pradesh,All Seasons,Lower Subansiri,28
Stillwell Monument park,27.3192819,95.81435929999999,4.1,"park, point_of_interest, establishment",parks,Arunachal Pradesh,Spring,Namsai,92
Coal Heritage Park & Museum,27.2884933,95.67351400000001,4.2,"museum, tourist_attraction, point_of_interest, establishment",parks,Arunachal Pradesh,Spring,Namsai,631
Baragolai Netaji Park,27.2774156,95.7103889,3.1,"park, point_of_interest, establishment",parks,Arunachal Pradesh,Spring,Namsai,16
Margherita Eco Park,27.2882289,95.65963939999999,4.1,"park, point_of_interest, establishment",parks,Arunachal Pradesh,Spring,Namsai,58
Margherita Charali Netaji Memorial Park,27.2898513,95.67893289999999,4.5,"park, point_of_interest, establishment",parks,Arunachal Pradesh,Spring,Namsai,6
Changlang Arunachal Pradesh,27.140519,95.7368571,4.2,"park, point_of_interest, establishment",parks,Arunachal Pradesh,Spring,Namsai,80
THANI PARK (AWADESH),27.3208091,95.82954289999999,3,"park, point_of_interest, establishment",parks,Arunachal Pradesh,Spring,Namsai,1
Eco park,27.298965,95.740336,3.5,"park, point_of_interest, establishment",parks,Arunachal Pradesh,Spring,Namsai,2
Dr. Bhupen Hazarika Children's Park,27.2903632,95.67573569999999,3.9,"park, point_of_interest, establishment",parks,Arunachal Pradesh,Spring,Namsai,82
Chaopha Siu-dang-pha မြင်ကွင်း,27.2221859,96.1487573,5,"park, point_of_interest, establishment",parks,Arunachal Pradesh,Spring,Namsai,3
Evergreen Nursery,27.3064106,95.6445432,4.8,"park, point_of_interest, establishment",parks,Arunachal Pradesh,Spring,Namsai,11
ချမ်းမြေ့ဉယျာဉ်,26.9805241,96.1747171,5,"park, point_of_interest, establishment",parks,Arunachal Pradesh,Spring,Namsai,1
Gandhi Park Ledo Bazar,27.2910721,95.7431556,3.5,"park, point_of_interest, establishment",parks,Arunachal Pradesh,Spring,Namsai,83
Bhupen Hazarika Park,27.2968022,95.6564234,0,"park, point_of_interest, establishment",parks,Arunachal Pradesh,Spring,Namsai,0
Manmow pathar,27.3472976,95.74773049999999,5,"park, point_of_interest, establishment",parks,Arunachal Pradesh,Spring,Namsai,1
"লাই-লেচাই টিলা, Lai-Lechai Tila",27.2629968,95.71670139999999,4.3,"park, point_of_interest, establishment",parks,Arunachal Pradesh,Spring,Namsai,4
TRIDIP HOME,27.3025625,95.66564059999999,3.7,"park, point_of_interest, establishment",parks,Arunachal Pradesh,Spring,Namsai,3
Deepak barla,27.2723496,95.6124952,4,"park, point_of_interest, establishment",parks,Arunachal Pradesh,Spring,Namsai,2
Tong Tilla,27.2574265,95.63019709999999,4.5,"park, point_of_interest, establishment",parks,Arunachal Pradesh,Spring,Namsai,4
Dirok airfield,27.2803117,95.6196416,4.2,"park, point_of_interest, establishment",parks,Arunachal Pradesh,Spring,Namsai,5
Coal Heritage Park & Museum,27.2884933,95.67351400000001,4.2,"museum, tourist_attraction, point_of_interest, establishment",museum,Arunachal Pradesh,Winter,Namsai,631
War Museum,27.313954,96.0531524,4.4,"museum, point_of_interest, establishment",museum,Arunachal Pradesh,Winter,Namsai,11
4 Mile,27.3480087,95.86025149999999,4.8,"museum, point_of_interest, establishment",museum,Arunachal Pradesh,Winter,Namsai,5
Nepali Siva Mandir,27.2877661,95.67292549999999,3.8,"hindu_temple, place_of_worship, point_of_interest, establishment",museum,Arunachal Pradesh,Winter,Namsai,6
Margherita India Club,27.2904189,95.6753665,4.2,"point_of_interest, establishment",museum,Arunachal Pradesh,Winter,Namsai,128
"District Museum, Changlang",27.1390388,95.7359135,3.2,"museum, point_of_interest, establishment",museum,Arunachal Pradesh,Winter,Namsai,30
Ketetong Buddhist monastery,27.34276,95.7103223,4.4,"place_of_worship, point_of_interest, establishment",temples,Arunachal Pradesh,All Seasons,Namsai,51
Margherita Buddhist Temple,27.2880074,95.68874269999999,4.4,"place_of_worship, point_of_interest, establishment",temples,Arunachal Pradesh,All Seasons,Namsai,111
Dibong Buddhist Temple,27.3285304,95.690207,4.6,"place_of_worship, point_of_interest, establishment",temples,Arunachal Pradesh,All Seasons,Namsai,58
Shiv Temple,27.2875142,95.7465744,5,"hindu_temple, place_of_worship, point_of_interest, establishment",temples,Arunachal Pradesh,All Seasons,Namsai,26
Sri Sri Loknath Brahmachari Baba Mandir Margherita,27.2874375,95.66806249999999,4.8,"hindu_temple, place_of_worship, point_of_interest, establishment",temples,Arunachal Pradesh,All Seasons,Namsai,12
Shiv Temple,27.2966625,95.75742989999999,5,"hindu_temple, place_of_worship, point_of_interest, establishment",temples,Arunachal Pradesh,All Seasons,Namsai,1
Manmowmukh Buddhist Monastery (Temple),27.3485021,95.7262982,4.5,"place_of_worship, point_of_interest, establishment",temples,Arunachal Pradesh,All Seasons,Namsai,11
MAHAKAAL TEMPLE,27.2864232,95.666991,4.5,"hindu_temple, place_of_worship, point_of_interest, establishment",temples,Arunachal Pradesh,All Seasons,Namsai,2
Tirap Radha Krishna Mandir,27.3297504,95.84221939999999,5,"hindu_temple, place_of_worship, point_of_interest, establishment",temples,Arunachal Pradesh,All Seasons,Namsai,3
Siva mandir,27.318286,95.697076,5,"hindu_temple, place_of_worship, point_of_interest, establishment",temples,Arunachal Pradesh,All Seasons,Namsai,1
Milan Temple,27.2936661,95.7380297,4.4,"hindu_temple, place_of_worship, point_of_interest, establishment",temples,Arunachal Pradesh,All Seasons,Namsai,28
"Buddhist Temple, Nepali Line",27.2781501,95.71271899999999,4.8,"place_of_worship, point_of_interest, establishment",temples,Arunachal Pradesh,All Seasons,Namsai,9
Joy Guru Temple (Satsang Vihar Margherita),27.2879723,95.69057029999999,4.3,"hindu_temple, place_of_worship, point_of_interest, establishment",temples,Arunachal Pradesh,All Seasons,Namsai,6
Siva Temple,27.2933267,95.65932450000001,5,"hindu_temple, place_of_worship, point_of_interest, establishment",temples,Arunachal Pradesh,All Seasons,Namsai,1
Satsang Vihar Margherita,27.2879734,95.6905682,4.7,"hindu_temple, place_of_worship, point_of_interest, establishment",temples,Arunachal Pradesh,All Seasons,Namsai,30
"Shiv Temple, Pathan Line, Bargolai",27.2772962,95.7143921,4.4,"hindu_temple, place_of_worship, point_of_interest, establishment",temples,Arunachal Pradesh,All Seasons,Namsai,11
Buddhist Monastery,27.3189045,95.7180559,4.7,"place_of_worship, point_of_interest, establishment",temples,Arunachal Pradesh,All Seasons,Namsai,3
Shiv Mandir,27.3417684,95.8996289,5,"hindu_temple, place_of_worship, point_of_interest, establishment",temples,Arunachal Pradesh,All Seasons,Namsai,2
Buddha Mandir,27.3168902,95.7461313,5,"place_of_worship, point_of_interest, establishment",temples,Arunachal Pradesh,All Seasons,Namsai,3
"Sitla Temple, Dehing Puria",27.291375,95.6726929,5,"hindu_temple, place_of_worship, point_of_interest, establishment",temples,Arunachal Pradesh,All Seasons,Namsai,2
Hanuman Mandir,27.281644,95.7125822,4,"hindu_temple, place_of_worship, point_of_interest, establishment",temples,Arunachal Pradesh,All Seasons,Namsai,14
DHARMAJYOTI BUDDHA VIHAR,27.3044369,95.6563233,5,"place_of_worship, point_of_interest, establishment",temples,Arunachal Pradesh,All Seasons,Namsai,1
Hanuman Mandir ️,27.3488655,95.8430083,5,"hindu_temple, place_of_worship, point_of_interest, establishment",temples,Arunachal Pradesh,All Seasons,Namsai,1
Coal India Kali Mandir,27.2747246,95.71423109999999,4.3,"hindu_temple, place_of_worship, point_of_interest, establishment",temples,Arunachal Pradesh,All Seasons,Namsai,7
Shiv Mandir,27.3004151,95.64938839999999,4.4,"hindu_temple, place_of_worship, point_of_interest, establishment",temples,Arunachal Pradesh,All Seasons,Namsai,5
Tipong Kali Mandir,27.3165244,95.85095779999999,3.5,"hindu_temple, place_of_worship, point_of_interest, establishment",temples,Arunachal Pradesh,All Seasons,Namsai,10
Shiva Mandir,27.2808469,95.70795269999999,3.5,"hindu_temple, place_of_worship, point_of_interest, establishment",temples,Arunachal Pradesh,All Seasons,Namsai,6
Kenia Buddhist Gompa,27.343347,95.89582229999999,3.7,"place_of_worship, point_of_interest, establishment",temples,Arunachal Pradesh,All Seasons,Namsai,6
TIKAK COLLIERY-SHIV MANDIR,27.2860084,95.73132969999999,4.8,"hindu_temple, place_of_worship, point_of_interest, establishment",temples,Arunachal Pradesh,All Seasons,Namsai,10
New Borphakial Buddhist Temple,27.3272406,95.7086899,4.5,"place_of_worship, point_of_interest, establishment",temples,Arunachal Pradesh,All Seasons,Namsai,21
"SRI SRI SMASHAN KALI MANDIR, MARGHERITA",27.2913893,95.68607659999999,0,"hindu_temple, place_of_worship, point_of_interest, establishment",temples,Arunachal Pradesh,All Seasons,Namsai,0
Kali Mandir,27.2715506,95.65110829999999,0,"hindu_temple, place_of_worship, point_of_interest, establishment",temples,Arunachal Pradesh,All Seasons,Namsai,0
အောင်​သိဒ္ဓိ​မဟာ​ဘုန်း​ကမ္ဘာ​ကျော်စေတီတော်မြတ်ကြီး,26.976918,96.1712596,0,"place_of_worship, point_of_interest, establishment",temples,Arunachal Pradesh,All Seasons,Namsai,0
MARGHERITA KALI BARI MANDIR,27.2875626,95.67356079999999,4.2,"hindu_temple, place_of_worship, point_of_interest, establishment",temples,Arunachal Pradesh,All Seasons,Namsai,30
Radha Krishna Temple,27.2968903,95.74389939999999,5,"hindu_temple, place_of_worship, point_of_interest, establishment",temples,Arunachal Pradesh,All Seasons,Namsai,1
Namtok new line kali mandir,27.2507707,95.65299139999999,0,"hindu_temple, place_of_worship, point_of_interest, establishment",temples,Arunachal Pradesh,All Seasons,Namsai,0
Gopaldham vishnu laxmi temple,27.2909818,95.71313370000001,5,"hindu_temple, place_of_worship, point_of_interest, establishment",temples,Arunachal Pradesh,All Seasons,Namsai,3
"Kali Mandir, Dhalai",27.3016603,95.86157759999999,0,"hindu_temple, place_of_worship, point_of_interest, establishment",temples,Arunachal Pradesh,All Seasons,Namsai,0
Hanuman Mandir,27.3084875,95.66157810000001,4.5,"hindu_temple, place_of_worship, point_of_interest, establishment",temples,Arunachal Pradesh,All Seasons,Namsai,2
Sani Mandir,27.2906278,95.67773419999999,0,"hindu_temple, place_of_worship, point_of_interest, establishment",temples,Arunachal Pradesh,All Seasons,Namsai,0
Sri Sri Ram Thakur Mandir,27.2829267,95.71289589999999,2,"hindu_temple, place_of_worship, point_of_interest, establishment",temples,Arunachal Pradesh,All Seasons,Namsai,1
shiv bhagwan temple,27.3212261,95.8314915,4.5,"hindu_temple, place_of_worship, point_of_interest, establishment",temples,Arunachal Pradesh,All Seasons,Namsai,2
Purbanchal Namghar ( নামঘৰ ),27.2895659,95.6832766,4.3,"hindu_temple, place_of_worship, point_of_interest, establishment",temples,Arunachal Pradesh,All Seasons,Namsai,9
Ram Thakur Temple,27.2904046,95.677925,5,"hindu_temple, place_of_worship, point_of_interest, establishment",temples,Arunachal Pradesh,All Seasons,Namsai,1
Shiv Temple,27.2878093,95.7001897,4.3,"hindu_temple, place_of_worship, point_of_interest, establishment",temples,Arunachal Pradesh,All Seasons,Namsai,3
Shakti Temple,27.1386445,95.7357021,4,"hindu_temple, place_of_worship, point_of_interest, establishment",temples,Arunachal Pradesh,All Seasons,Namsai,3
Hanuman Temple,27.2914703,95.72881930000001,5,"hindu_temple, place_of_worship, point_of_interest, establishment",temples,Arunachal Pradesh,All Seasons,Namsai,1
Shiv Temple,27.2810176,95.6994766,4,"hindu_temple, place_of_worship, point_of_interest, establishment",temples,Arunachal Pradesh,All Seasons,Namsai,9
Shive mandir,27.2558742,95.70735049999999,3.3,"hindu_temple, place_of_worship, point_of_interest, establishment",temples,Arunachal Pradesh,All Seasons,Namsai,4
Dhalai shiv mandir,27.3118233,95.8610884,4.7,"hindu_temple, place_of_worship, point_of_interest, establishment",temples,Arunachal Pradesh,All Seasons,Namsai,3
Hindu Milan Mandir,27.3003836,95.8604403,4,"hindu_temple, place_of_worship, point_of_interest, establishment",temples,Arunachal Pradesh,All Seasons,Namsai,1
Shiv Temple,27.3317319,95.7828131,5,"hindu_temple, place_of_worship, point_of_interest, establishment",temples,Arunachal Pradesh,All Seasons,Namsai,1
Krishna Temple,27.1382528,95.7349196,5,"hindu_temple, place_of_worship, point_of_interest, establishment",temples,Arunachal Pradesh,All Seasons,Namsai,3
Shiv Temple,27.2975437,96.0436871,5,"hindu_temple, place_of_worship, point_of_interest, establishment",temples,Arunachal Pradesh,All Seasons,Namsai,3
Margherita Charali Durgabari,27.2904374,95.6782451,4.8,"hindu_temple, place_of_worship, point_of_interest, establishment",temples,Arunachal Pradesh,All Seasons,Namsai,4
Shiv Temple.,27.2460801,95.91779559999999,3,"hindu_temple, place_of_worship, point_of_interest, establishment",temples,Arunachal Pradesh,All Seasons,Namsai,2
Bisa gaon Buddhist temple,27.3246579,95.76720279999999,4.5,"place_of_worship, point_of_interest, establishment",temples,Arunachal Pradesh,All Seasons,Namsai,2
Maa Sitala Temple,27.2919085,95.6731803,5,"hindu_temple, place_of_worship, point_of_interest, establishment",temples,Arunachal Pradesh,All Seasons,Namsai,1
Kali Mander,27.3214941,95.8219481,4.8,"hindu_temple, place_of_worship, point_of_interest, establishment",temples,Arunachal Pradesh,All Seasons,Namsai,6
Ram Thakur Mandir,27.2930171,95.7389179,4.4,"hindu_temple, place_of_worship, point_of_interest, establishment",temples,Arunachal Pradesh,All Seasons,Namsai,7
Hill View,27.2863231,95.6614259,4.1,"car_wash, point_of_interest, establishment",hills,Arunachal Pradesh,Winter,Namsai,34
HILL VIEW ENGLISH HIGH SCHOOL,27.2894543,95.7438571,4.3,"school, point_of_interest, establishment",hills,Arunachal Pradesh,Winter,Namsai,21
HILL TOP WINES,27.1405601,95.737256,0,"liquor_store, store, point_of_interest, establishment",hills,Arunachal Pradesh,Winter,Namsai,0
Patkai,27.0,96.00000000000001,4.3,"natural_feature, establishment",hills,Arunachal Pradesh,Winter,Namsai,66
Patkai Hills Nursery,27.2971702,95.7698356,5,"point_of_interest, establishment",hills,Arunachal Pradesh,Winter,Namsai,6
Qahwah CAFE & DINE,27.2862751,95.66148679999999,4.1,"restaurant, food, point_of_interest, establishment",hills,Arunachal Pradesh,Winter,Namsai,13
China Basti Kali Bari,27.2893695,95.73330949999999,4,"hindu_temple, place_of_worship, point_of_interest, establishment",hills,Arunachal Pradesh,Winter,Namsai,39
Pokaa Ghor,27.2867283,95.65635739999999,4.3,"point_of_interest, establishment",hills,Arunachal Pradesh,Winter,Namsai,4
Kenia Bridge,27.3496359,95.87236039999999,4.6,"point_of_interest, establishment",hills,Arunachal Pradesh,Winter,Namsai,14
M&M farm,27.2861237,95.6608457,5,"point_of_interest, establishment",hills,Arunachal Pradesh,Winter,Namsai,1
VERTICAL PHARMACY,27.2906234,95.65781919999999,0,"pharmacy, health, store, point_of_interest, establishment",hills,Arunachal Pradesh,Winter,Namsai,0
Pansaung,27.2152954,96.1805422,No rating,"locality, political",hills,Arunachal Pradesh,Winter,Namsai,0
Upwards,27.0,96.00000000000001,0,"point_of_interest, establishment",hills,Arunachal Pradesh,Winter,Namsai,0
General Store,27.2884973,95.6605641,0,"store, food, point_of_interest, establishment",hills,Arunachal Pradesh,Winter,Namsai,0
Margherita sunset point,27.2859119,95.65742019999999,4.2,"tourist_attraction, point_of_interest, establishment",attraction,Arunachal Pradesh,All Seasons,Namsai,26
Namdang peace point path,27.2701446,95.69023469999999,4.4,"tourist_attraction, point_of_interest, establishment",attraction,Arunachal Pradesh,All Seasons,Namsai,5
View Point,27.2928004,95.61657749999999,2.8,"tourist_attraction, point_of_interest, establishment",attraction,Arunachal Pradesh,All Seasons,Namsai,4
View Point,27.1078395,95.6613818,4.7,"tourist_attraction, point_of_interest, establishment",attraction,Arunachal Pradesh,All Seasons,Namsai,9
Jay D site,27.2314454,95.6291272,0,"tourist_attraction, point_of_interest, establishment",attraction,Arunachal Pradesh,All Seasons,Namsai,0
Hawa mahal namtok,27.2351429,95.6504076,2.8,"tourist_attraction, point_of_interest, establishment",attraction,Arunachal Pradesh,All Seasons,Namsai,5
"Ledo pahar,view point",27.2645838,95.7234431,5,"tourist_attraction, point_of_interest, establishment",attraction,Arunachal Pradesh,All Seasons,Namsai,2
Pangsau Pass,27.2470063,96.15327979999999,4.4,"tourist_attraction, point_of_interest, establishment",attraction,Arunachal Pradesh,All Seasons,Namsai,98
Coal Heritage Park & Museum,27.2884933,95.67351400000001,4.2,"museum, tourist_attraction, point_of_interest, establishment",attraction,Arunachal Pradesh,All Seasons,Namsai,631
Tairit Rai (Tairit Stream),26.9318383,96.0131559,0,"tourist_attraction, point_of_interest, establishment",attraction,Arunachal Pradesh,All Seasons,Namsai,0
Taikham Rai (Taikham River),26.870852,96.058734,0,"tourist_attraction, point_of_interest, establishment",attraction,Arunachal Pradesh,All Seasons,Namsai,0
Yüyut Rai (Yüyut River),26.9745492,96.0098239,0,"tourist_attraction, point_of_interest, establishment",attraction,Arunachal Pradesh,All Seasons,Namsai,0
Taipum Rai (Taipum Stream),26.871022,95.92152,0,"tourist_attraction, point_of_interest, establishment",attraction,Arunachal Pradesh,All Seasons,Namsai,0
Ranghill Village,27.1015735,95.9662139,3.3,"tourist_attraction, point_of_interest, establishment",attraction,Arunachal Pradesh,All Seasons,Namsai,3
Maizpix Rai (Maizpix Stream),26.8952976,95.9663932,0,"tourist_attraction, point_of_interest, establishment",attraction,Arunachal Pradesh,All Seasons,Namsai,0
Lake of No Return View Point,27.247592,96.1554152,0,"tourist_attraction, point_of_interest, establishment",attraction,Arunachal Pradesh,All Seasons,Namsai,0
Tailaiz Rai,26.95982,95.97020529999999,0,"tourist_attraction, point_of_interest, establishment",attraction,Arunachal Pradesh,All Seasons,Namsai,0
Rikka,27.221874,93.10488099999999,0,"park, point_of_interest, establishment",parks,Arunachal Pradesh,Spring,Pakke-Kessang,0
Jiju dada,27.3610318,93.0392957,5,"park, point_of_interest, establishment",parks,Arunachal Pradesh,Spring,Pakke-Kessang,1
Takikh sa-aahi Nibi Farms,27.2764563,92.8908051,5,"park, point_of_interest, establishment",parks,Arunachal Pradesh,Spring,Pakke-Kessang,2
Tayam farmhouse,27.2825722,92.92639630000001,0,"park, point_of_interest, establishment",parks,Arunachal Pradesh,Spring,Pakke-Kessang,0
Pakke Tiger Reserve,27.0983555,92.8178291,4.2,"tourist_attraction, park, point_of_interest, establishment",parks,Arunachal Pradesh,Spring,Pakke-Kessang,1512
Late Smti Nyari Welly Memorial Tomb,27.3578432,93.04118009999999,3,"park, point_of_interest, establishment",parks,Arunachal Pradesh,Spring,Pakke-Kessang,1
Lata plot,27.3213697,93.0168609,1,"park, point_of_interest, establishment",parks,Arunachal Pradesh,Spring,Pakke-Kessang,1
View point of hissang road,27.36724,93.052685,0,"park, point_of_interest, establishment",parks,Arunachal Pradesh,Spring,Pakke-Kessang,0
Haunted place,27.363637,93.040016,0,"park, point_of_interest, establishment",parks,Arunachal Pradesh,Spring,Pakke-Kessang,0
Bohungso eco camp seppa,27.3119714,92.9484025,4.6,"park, point_of_interest, establishment",parks,Arunachal Pradesh,Spring,Pakke-Kessang,5
Base Camp Ywlpu Trekking,27.1589412,93.2074533,5,"park, point_of_interest, establishment",parks,Arunachal Pradesh,Spring,Pakke-Kessang,2
Ayu Saley,27.3433867,93.05742219999999,0,"park, point_of_interest, establishment",parks,Arunachal Pradesh,Spring,Pakke-Kessang,0
T.J ENTERPRISE,27.1816879,93.28211669999999,0,"park, point_of_interest, establishment",parks,Arunachal Pradesh,Spring,Pakke-Kessang,0
G&S Resort,27.3276157,93.0458287,4.3,"restaurant, park, lodging, food, point_of_interest, establishment",parks,Arunachal Pradesh,Spring,Pakke-Kessang,41
KAMENG WATERFALL KOTTO,27.3084936,92.9936329,0,"park, point_of_interest, establishment",parks,Arunachal Pradesh,Spring,Pakke-Kessang,0
Sepa,27.3401134,93.0445932,4.1,"park, point_of_interest, establishment",parks,Arunachal Pradesh,Spring,Pakke-Kessang,33
Waterfall,27.4420757,93.0217723,4,"tourist_attraction, point_of_interest, establishment",waterfalls,Arunachal Pradesh,Monsoon,Pakke-Kessang,4
Kaku Sadang Waterfall,27.3513342,93.07221799999999,3.9,"tourist_attraction, point_of_interest, establishment",waterfalls,Arunachal Pradesh,Monsoon,Pakke-Kessang,9
KAMENG WATERFALL KOTTO,27.3084936,92.9936329,0,"park, point_of_interest, establishment",waterfalls,Arunachal Pradesh,Monsoon,Pakke-Kessang,0
Sangri Resort Seppa,27.3609692,93.0393655,3.9,"lodging, point_of_interest, establishment",beaches,Arunachal Pradesh,Summer,Pakke-Kessang,53
Naag Mandir,27.3412802,93.038348,3.9,"hindu_temple, place_of_worship, point_of_interest, establishment",temples,Arunachal Pradesh,All Seasons,Pakke-Kessang,15
Shri Shri Baba Shiv Mandir,27.3615136,93.0400186,5,"hindu_temple, place_of_worship, point_of_interest, establishment",temples,Arunachal Pradesh,All Seasons,Pakke-Kessang,1
Takarpu Gompa | Seppa,27.3578337,93.0463102,5,"place_of_worship, point_of_interest, establishment",temples,Arunachal Pradesh,All Seasons,Pakke-Kessang,1
Sarbajanin Shri Shri Maa Durga and Maa Kali Mandir,27.3640019,93.0398689,3.3,"hindu_temple, place_of_worship, point_of_interest, establishment",temples,Arunachal Pradesh,All Seasons,Pakke-Kessang,3
Baba Shiv Mandir,27.3467374,93.0396214,3,"hindu_temple, place_of_worship, point_of_interest, establishment",temples,Arunachal Pradesh,All Seasons,Pakke-Kessang,1
Nam Ghar,27.3640697,93.0398847,5,"hindu_temple, place_of_worship, point_of_interest, establishment",temples,Arunachal Pradesh,All Seasons,Pakke-Kessang,1
Jai Maa Sitala & Maa Kali Mandir,27.3468029,93.0398652,0,"hindu_temple, place_of_worship, point_of_interest, establishment",temples,Arunachal Pradesh,All Seasons,Pakke-Kessang,0
Kafla Fundi,27.296047,92.95549799999999,0,"hindu_temple, place_of_worship, point_of_interest, establishment",temples,Arunachal Pradesh,All Seasons,Pakke-Kessang,0
Lalu teaching,27.1590513,93.2178347,0,"place_of_worship, point_of_interest, establishment",temples,Arunachal Pradesh,All Seasons,Pakke-Kessang,0
Paragliding Point Papu Valley,27.287658,93.0543213,4.5,"tourist_attraction, point_of_interest, establishment",attraction,Arunachal Pradesh,All Seasons,Pakke-Kessang,18
Rilloh View Point,27.2009935,93.15949239999999,4.8,"tourist_attraction, point_of_interest, establishment",attraction,Arunachal Pradesh,All Seasons,Pakke-Kessang,5
Rang Village,27.3644375,93.0314375,4.6,"tourist_attraction, point_of_interest, establishment",attraction,Arunachal Pradesh,All Seasons,Pakke-Kessang,31
Waterfall,27.4420757,93.0217723,4,"tourist_attraction, point_of_interest, establishment",attraction,Arunachal Pradesh,All Seasons,Pakke-Kessang,4
Khodaso Village,27.1831867,93.28599469999999,4.7,"tourist_attraction, point_of_interest, establishment",attraction,Arunachal Pradesh,All Seasons,Pakke-Kessang,9
"HOTEL VIEW POINT, RILLOW",27.1935643,93.1332925,4.2,"tourist_attraction, point_of_interest, establishment",attraction,Arunachal Pradesh,All Seasons,Pakke-Kessang,10
Kaku Sadang Waterfall,27.3513342,93.07221799999999,3.9,"tourist_attraction, point_of_interest, establishment",attraction,Arunachal Pradesh,All Seasons,Pakke-Kessang,9
Ywl Pwttung,27.1194669,93.21234369999999,5,"tourist_attraction, point_of_interest, establishment",attraction,Arunachal Pradesh,All Seasons,Pakke-Kessang,3
Papu Valley,27.3610318,93.0392957,4.9,"park, point_of_interest, establishment",attraction,Arunachal Pradesh,All Seasons,Pakke-Kessang,18
Pakke Tiger Reserve,27.0983555,92.8178291,4.2,"tourist_attraction, park, point_of_interest, establishment",attraction,Arunachal Pradesh,All Seasons,Pakke-Kessang,1512
Indira Gandhi Park,27.0981262,93.62151829999999,3.9,"park, tourist_attraction, point_of_interest, establishment",parks,Arunachal Pradesh,Spring,Papum Pare,5159
Rathor park,27.074559,93.5827446,3.5,"park, point_of_interest, establishment",parks,Arunachal Pradesh,Spring,Papum Pare,99
Jyoti park,26.8547381,93.5670681,4,"park, point_of_interest, establishment",parks,Arunachal Pradesh,Spring,Papum Pare,64
Borpukhuri park,26.8827151,93.6146062,4.4,"park, point_of_interest, establishment",parks,Arunachal Pradesh,Spring,Papum Pare,20
Energy Park,27.0994468,93.61830529999999,3.6,"park, point_of_interest, establishment",parks,Arunachal Pradesh,Spring,Papum Pare,667
Biological Park Itanagar,27.0707619,93.5824791,3.8,"park, point_of_interest, establishment",parks,Arunachal Pradesh,Spring,Papum Pare,13
NERIST Puja Ground,27.1312088,93.7417038,3.7,"park, point_of_interest, establishment",parks,Arunachal Pradesh,Spring,Papum Pare,644
PARK,26.8523888,93.3803504,4,"park, point_of_interest, establishment",parks,Arunachal Pradesh,Spring,Papum Pare,4
Jayaprakash Narayan Park,27.1006297,93.6380478,3.3,"park, point_of_interest, establishment",parks,Arunachal Pradesh,Spring,Papum Pare,3
Narayanpur green park,26.9516076,93.8544738,3.7,"park, point_of_interest, establishment",parks,Arunachal Pradesh,Spring,Papum Pare,7
Sahitya Manishi Bio-Diversity Park.,26.9041844,93.3896906,3.8,"park, point_of_interest, establishment",parks,Arunachal Pradesh,Spring,Papum Pare,6
Polo Park,27.098352,93.6937043,3.3,"park, tourist_attraction, point_of_interest, establishment",parks,Arunachal Pradesh,Spring,Papum Pare,3114
Borpukhuri Park,26.8802734,93.78823799999999,4.1,"park, point_of_interest, establishment",parks,Arunachal Pradesh,Spring,Papum Pare,18
Bush Park,27.1500384,93.7332119,3.6,"park, point_of_interest, establishment",parks,Arunachal Pradesh,Spring,Papum Pare,9
Gandhi Udyan park,27.0976155,93.61255799999999,4,"park, point_of_interest, establishment",parks,Arunachal Pradesh,Spring,Papum Pare,22
B.N.S Rubber Park cum Picnic Spot,27.2067477,93.8064874,4,"park, point_of_interest, establishment",parks,Arunachal Pradesh,Spring,Papum Pare,6
GOYA PICNIC PARK,27.0826822,93.5855055,3.8,"park, point_of_interest, establishment",parks,Arunachal Pradesh,Spring,Papum Pare,14
Goya Picnic Park,27.0843682,93.6053163,4.3,"park, point_of_interest, establishment",parks,Arunachal Pradesh,Spring,Papum Pare,3
Selfie with Deer,27.1476959,93.76776640000001,5,"park, point_of_interest, establishment",parks,Arunachal Pradesh,Spring,Papum Pare,1
Park,27.0320602,93.8921404,5,"park, point_of_interest, establishment",parks,Arunachal Pradesh,Spring,Papum Pare,5
Mahatma Gandhi park,27.1027706,93.6867949,1,"park, point_of_interest, establishment",parks,Arunachal Pradesh,Spring,Papum Pare,1
RGGP College Children's Park,27.0731995,93.60460560000001,0,"park, point_of_interest, establishment",parks,Arunachal Pradesh,Spring,Papum Pare,0
Public park,27.0710315,93.60093529999999,3,"park, point_of_interest, establishment",parks,Arunachal Pradesh,Spring,Papum Pare,1
Baba park,26.9393503,93.881258,0,"park, point_of_interest, establishment",parks,Arunachal Pradesh,Spring,Papum Pare,0
My Little Garden,27.1034749,93.6933576,0,"park, point_of_interest, establishment",parks,Arunachal Pradesh,Spring,Papum Pare,0
V. C Park,27.1454467,93.7696278,3.4,"park, point_of_interest, establishment",parks,Arunachal Pradesh,Spring,Papum Pare,10
PP,26.8332959,93.6748463,3,"park, point_of_interest, establishment",parks,Arunachal Pradesh,Spring,Papum Pare,1
"I love Narayanpur ,green park , naryanpur",26.9517896,93.8591678,4.2,"park, point_of_interest, establishment",parks,Arunachal Pradesh,Spring,Papum Pare,6
I g park & bage tin ali,27.0843682,93.6053163,4,"park, point_of_interest, establishment",parks,Arunachal Pradesh,Spring,Papum Pare,2
Bihpuria Park,27.0058391,93.9162964,5,"park, point_of_interest, establishment",parks,Arunachal Pradesh,Spring,Papum Pare,1
Polo park Entrance,27.0998464,93.6922874,3,"park, point_of_interest, establishment",parks,Arunachal Pradesh,Spring,Papum Pare,1
BIKASH Bhuyan,26.8739261,93.57508349999999,0,"park, point_of_interest, establishment",parks,Arunachal Pradesh,Spring,Papum Pare,0
Shyam Bahadur Darjee Nagar,26.8568481,93.57314459999999,5,"park, point_of_interest, establishment",parks,Arunachal Pradesh,Spring,Papum Pare,2
IG Park Yoga Ground,27.0968803,93.61834759999999,0,"park, point_of_interest, establishment",parks,Arunachal Pradesh,Spring,Papum Pare,0
Children Park,27.1520933,93.7679639,3,"park, point_of_interest, establishment",parks,Arunachal Pradesh,Spring,Papum Pare,3
Delhousi kalver,26.8626683,93.6251717,3,"park, point_of_interest, establishment",parks,Arunachal Pradesh,Spring,Papum Pare,1
THE FARMiSLAND,27.1091061,93.691591,0,"park, point_of_interest, establishment",parks,Arunachal Pradesh,Spring,Papum Pare,0
Khanapara Bori,26.8849794,93.77960329999999,3,"park, point_of_interest, establishment",parks,Arunachal Pradesh,Spring,Papum Pare,1
Dologuri Pukhuri,26.8625742,93.7529177,5,"park, point_of_interest, establishment",parks,Arunachal Pradesh,Spring,Papum Pare,1
Sachi shiv mandir,27.0119295,93.8629852,0,"park, point_of_interest, establishment",parks,Arunachal Pradesh,Spring,Papum Pare,0
Van Vigyan kendra,27.0251179,93.7302205,4.8,"park, point_of_interest, establishment",parks,Arunachal Pradesh,Spring,Papum Pare,9
Green Picnic Spot Balijan,26.9771517,93.5055121,4,"park, point_of_interest, establishment",parks,Arunachal Pradesh,Spring,Papum Pare,2
Balijan Forest (KAMLESWAR GOYARI),26.886523,93.5553371,5,"park, point_of_interest, establishment",parks,Arunachal Pradesh,Spring,Papum Pare,1
Blues Point,27.068833,93.598314,0,"park, point_of_interest, establishment",parks,Arunachal Pradesh,Spring,Papum Pare,0
CHILDREN'S PARK,27.3426535,93.7946917,5,"park, point_of_interest, establishment",parks,Arunachal Pradesh,Spring,Papum Pare,1
Dufflaghur Tea Estate,26.9327834,93.5030079,4.6,"park, point_of_interest, establishment",parks,Arunachal Pradesh,Spring,Papum Pare,40
Helem Tea Estate,26.8612898,93.4701347,4,"park, point_of_interest, establishment",parks,Arunachal Pradesh,Spring,Papum Pare,63
I LOVE NARAYANPUR,26.9517224,93.854554,5,"park, point_of_interest, establishment",parks,Arunachal Pradesh,Spring,Papum Pare,1
MohitMamu Tea garden,26.9250013,93.6088247,5,"park, point_of_interest, establishment",parks,Arunachal Pradesh,Spring,Papum Pare,2
I Love Gohpur,26.8825434,93.615195,3.9,"park, point_of_interest, establishment",parks,Arunachal Pradesh,Spring,Papum Pare,8
Yayo Orange garden,27.3657924,93.75260689999999,5,"park, point_of_interest, establishment",parks,Arunachal Pradesh,Spring,Papum Pare,1
Talar's Farm,27.1108022,93.7135821,5,"park, point_of_interest, establishment",parks,Arunachal Pradesh,Spring,Papum Pare,1
Daflagarh Tea Garden,26.9399478,93.5096004,5,"park, point_of_interest, establishment",parks,Arunachal Pradesh,Spring,Papum Pare,2
Biswajit kalita__agrifield 1,27.091561,93.9049952,5,"park, point_of_interest, establishment",parks,Arunachal Pradesh,Spring,Papum Pare,1
Bogoli Reserve Forest and Wild Sanctuary,27.1598699,93.8502973,3.3,"zoo, park, point_of_interest, establishment",parks,Arunachal Pradesh,Spring,Papum Pare,10
Zen Garden,27.0923915,93.6187214,4.3,"park, point_of_interest, establishment",parks,Arunachal Pradesh,Spring,Papum Pare,10
HERCULES ECO CAMP,26.9624303,93.5356896,5,"amusement_park, park, point_of_interest, establishment",parks,Arunachal Pradesh,Spring,Papum Pare,1
New Ghagra Tea Estate,26.9103604,93.6087513,4.3,"park, point_of_interest, establishment",parks,Arunachal Pradesh,Spring,Papum Pare,12
Kamdewal pathar,26.8470443,93.7418804,5,"park, point_of_interest, establishment",parks,Arunachal Pradesh,Spring,Papum Pare,1
Nerist garden,27.132444,93.7484454,0,"park, point_of_interest, establishment",parks,Arunachal Pradesh,Spring,Papum Pare,0
State Museum,27.1019103,93.62501069999999,4.2,"museum, tourist_attraction, point_of_interest, establishment",museum,Arunachal Pradesh,Winter,Papum Pare,346
Science Centre,27.0970707,93.6169784,3.8,"museum, point_of_interest, establishment",museum,Arunachal Pradesh,Winter,Papum Pare,265
Banatirtha,26.942011,93.8328586,4.6,"museum, point_of_interest, establishment",museum,Arunachal Pradesh,Winter,Papum Pare,27
Kanaklata Baruah Statue,26.8280246,93.5153037,4.4,"museum, point_of_interest, establishment",museum,Arunachal Pradesh,Winter,Papum Pare,271
Tribal Heritage Museum,27.146524,93.7688738,4.6,"museum, point_of_interest, establishment",museum,Arunachal Pradesh,Winter,Papum Pare,8
Sakrahi Satra,26.9519158,93.8626262,4.7,"museum, point_of_interest, establishment",museum,Arunachal Pradesh,Winter,Papum Pare,19
Itanagar Zoo,27.0703278,93.5828358,3.9,"zoo, tourist_attraction, point_of_interest, establishment",museum,Arunachal Pradesh,Winter,Papum Pare,842
DHANDI DOL,26.84996,93.69892469999999,4.4,"museum, point_of_interest, establishment",museum,Arunachal Pradesh,Winter,Papum Pare,105
Ita Fort,27.0921598,93.63178409999999,3.8,"tourist_attraction, point_of_interest, establishment",museum,Arunachal Pradesh,Winter,Papum Pare,1210
Sri Sri Madhabdev Kalakshetra,26.952027,93.85614079999999,0,"museum, point_of_interest, establishment",museum,Arunachal Pradesh,Winter,Papum Pare,0
Indira Gandhi Park,27.0981262,93.62151829999999,3.9,"park, tourist_attraction, point_of_interest, establishment",museum,Arunachal Pradesh,Winter,Papum Pare,5159
"Gompa Buddhist Temple - Itanagar, Arunachal Pradesh, India",27.1032658,93.6260528,4.4,"tourist_attraction, place_of_worship, point_of_interest, establishment",museum,Arunachal Pradesh,Winter,Papum Pare,2045
"Madhavdev kolakhetra, narayanpur, Lakhimpur, Assam, India",26.9545212,93.85044649999999,0,"museum, point_of_interest, establishment",museum,Arunachal Pradesh,Winter,Papum Pare,0
Museum Colony,27.1019103,93.62501069999999,0,"point_of_interest, establishment",museum,Arunachal Pradesh,Winter,Papum Pare,0
Swahid Lila kanta Deori Museum & Library,26.9628567,93.8663737,5,"library, point_of_interest, establishment",museum,Arunachal Pradesh,Winter,Papum Pare,3
Digital Library and Museum,26.9878108,93.88805930000001,0,"library, point_of_interest, establishment",museum,Arunachal Pradesh,Winter,Papum Pare,0
Bro. Prem Bhai house museum,27.1111596,93.81730990000001,0,"church, place_of_worship, point_of_interest, establishment",museum,Arunachal Pradesh,Winter,Papum Pare,0
Lonam Picnic Spot Poma,27.0683472,93.5205939,3.9,"tourist_attraction, point_of_interest, establishment",museum,Arunachal Pradesh,Winter,Papum Pare,33
Mobile Museum,27.1087812,93.70003109999999,0,"point_of_interest, store, establishment",museum,Arunachal Pradesh,Winter,Papum Pare,0
Waii International Hotel,27.1045278,93.62350599999999,3.9,"lodging, point_of_interest, establishment",museum,Arunachal Pradesh,Winter,Papum Pare,1052
ITANAGAR GUEST HOUSE cum HOME STAY,27.0809695,93.60478049999999,4.1,"lodging, point_of_interest, establishment",museum,Arunachal Pradesh,Winter,Papum Pare,111
"Cygnett Inn Trendz, Itanagar",27.0824975,93.6016357,4.3,"lodging, point_of_interest, establishment",museum,Arunachal Pradesh,Winter,Papum Pare,601
Rubber Board Regional Office,27.1022162,93.6283808,0,"point_of_interest, establishment",museum,Arunachal Pradesh,Winter,Papum Pare,0
HERCULES waterfall,26.9864375,93.5420625,4.7,"tourist_attraction, point_of_interest, establishment",waterfalls,Arunachal Pradesh,Monsoon,Papum Pare,13
Rigo Waterfall,27.2290679,93.5523656,4.8,"tourist_attraction, point_of_interest, establishment",waterfalls,Arunachal Pradesh,Monsoon,Papum Pare,4
Donyi polo water fall,27.1235625,93.6340625,4.2,"tourist_attraction, point_of_interest, establishment",waterfalls,Arunachal Pradesh,Monsoon,Papum Pare,52
HOJ WATERFALL,27.3022865,93.8027592,4.1,"tourist_attraction, point_of_interest, establishment",waterfalls,Arunachal Pradesh,Monsoon,Papum Pare,36
Potin Waterfall,27.3044369,93.80422630000001,4.3,"tourist_attraction, point_of_interest, establishment",waterfalls,Arunachal Pradesh,Monsoon,Papum Pare,24
"Dariya Waterfall, Itanagar",27.1247576,93.6340403,4,"tourist_attraction, point_of_interest, establishment",waterfalls,Arunachal Pradesh,Monsoon,Papum Pare,3
B Waterfall,27.0645418,93.4720109,1,"park, point_of_interest, establishment",waterfalls,Arunachal Pradesh,Monsoon,Papum Pare,1
Sesa Pahar,27.028273,93.7018303,4.1,"tourist_attraction, point_of_interest, establishment",waterfalls,Arunachal Pradesh,Monsoon,Papum Pare,66
Potin View Point,27.3145363,93.81002529999999,4.4,"tourist_attraction, point_of_interest, establishment",waterfalls,Arunachal Pradesh,Monsoon,Papum Pare,81
Kheel Picnic Spot,27.2253604,93.70494029999999,4.3,"tourist_attraction, point_of_interest, establishment",waterfalls,Arunachal Pradesh,Monsoon,Papum Pare,45
Ranganadi Dam,27.3426594,93.8168405,4.2,"tourist_attraction, point_of_interest, establishment",waterfalls,Arunachal Pradesh,Monsoon,Papum Pare,46
SESA PICNIC SPOT,27.0286526,93.7028787,4.5,"point_of_interest, establishment",waterfalls,Arunachal Pradesh,Monsoon,Papum Pare,19
"Gompa Buddhist Temple - Itanagar, Arunachal Pradesh, India",27.1032658,93.6260528,4.4,"tourist_attraction, place_of_worship, point_of_interest, establishment",waterfalls,Arunachal Pradesh,Monsoon,Papum Pare,2045
UNDER PASS ITANAGAR,27.1018127,93.6289661,2.7,"tourist_attraction, point_of_interest, establishment",waterfalls,Arunachal Pradesh,Monsoon,Papum Pare,10
"Nyorch yupia, cobra saale",27.1514391,93.7069423,3.7,"park, point_of_interest, establishment",waterfalls,Arunachal Pradesh,Monsoon,Papum Pare,24
Ita Fort,27.0921598,93.63178409999999,3.8,"tourist_attraction, point_of_interest, establishment",beaches,Arunachal Pradesh,Summer,Papum Pare,1210
Vishal Mega Mart,27.0984545,93.6262769,3.4,"supermarket, grocery_or_supermarket, store, food, point_of_interest, establishment",beaches,Arunachal Pradesh,Summer,Papum Pare,2374
Itanagar Zoo,27.0703278,93.5828358,3.9,"zoo, tourist_attraction, point_of_interest, establishment",zoo,Arunachal Pradesh,Winter,Papum Pare,842
Biological Park Itanagar,27.0707619,93.5824791,3.8,"park, point_of_interest, establishment",zoo,Arunachal Pradesh,Winter,Papum Pare,13
Rathor park,27.074559,93.5827446,3.5,"park, point_of_interest, establishment",zoo,Arunachal Pradesh,Winter,Papum Pare,99
Bogoli Reserve Forest and Wild Sanctuary,27.1598699,93.8502973,3.3,"zoo, park, point_of_interest, establishment",zoo,Arunachal Pradesh,Winter,Papum Pare,10
Indira Gandhi Park,27.0981262,93.62151829999999,3.9,"park, tourist_attraction, point_of_interest, establishment",zoo,Arunachal Pradesh,Winter,Papum Pare,5159
Polo Park,27.098352,93.6937043,3.3,"park, tourist_attraction, point_of_interest, establishment",zoo,Arunachal Pradesh,Winter,Papum Pare,3114
Energy Park,27.0994468,93.61830529999999,3.6,"park, point_of_interest, establishment",zoo,Arunachal Pradesh,Winter,Papum Pare,667
ZOO B.S RESTUARANT,27.0724087,93.58141549999999,4.5,"lodging, point_of_interest, establishment",zoo,Arunachal Pradesh,Winter,Papum Pare,2
"Gompa Buddhist Temple - Itanagar, Arunachal Pradesh, India",27.1032658,93.6260528,4.4,"tourist_attraction, place_of_worship, point_of_interest, establishment",zoo,Arunachal Pradesh,Winter,Papum Pare,2045
State Museum,27.1019103,93.62501069999999,4.2,"museum, tourist_attraction, point_of_interest, establishment",zoo,Arunachal Pradesh,Winter,Papum Pare,346
Zoo Shop,27.0752182,93.58775500000002,0,"store, food, point_of_interest, establishment",zoo,Arunachal Pradesh,Winter,Papum Pare,0
M/S M.D. Enterprises,27.0767367,93.585915,5,"park, point_of_interest, establishment",zoo,Arunachal Pradesh,Winter,Papum Pare,1
BUDDHA HOTEL,27.075765,93.5849564,4.5,"lodging, point_of_interest, establishment",zoo,Arunachal Pradesh,Winter,Papum Pare,2
Nasir Hotel,26.9619546,93.6420479,0,"lodging, point_of_interest, establishment",zoo,Arunachal Pradesh,Winter,Papum Pare,0
Yami's Beauty Parlour,27.0750157,93.584053,4.5,"beauty_salon, point_of_interest, establishment",zoo,Arunachal Pradesh,Winter,Papum Pare,11
PURNIMA HOTEL,27.0748687,93.58325789999999,0,"lodging, point_of_interest, establishment",zoo,Arunachal Pradesh,Winter,Papum Pare,0
Arunachal Pradesh State Human Rights Commission,27.0725327,93.5848937,5,"point_of_interest, establishment",zoo,Arunachal Pradesh,Winter,Papum Pare,1
Yapung Nabum Store,27.0738144,93.5824952,3,"store, food, point_of_interest, establishment",zoo,Arunachal Pradesh,Winter,Papum Pare,1
AUXILIUM SCHOOL,27.0750728,93.59009329999999,4.3,"school, point_of_interest, establishment",zoo,Arunachal Pradesh,Winter,Papum Pare,6
Behali Shiva Temple,26.8315231,93.3539642,4.7,"hindu_temple, place_of_worship, point_of_interest, establishment",temples,Arunachal Pradesh,All Seasons,Papum Pare,14
Sribhuyan Buddhist Temple,27.0014066,93.8564268,3.8,"place_of_worship, point_of_interest, establishment",temples,Arunachal Pradesh,All Seasons,Papum Pare,13
Borkhamti Buddhist Temple,26.9665521,93.8629086,4.6,"place_of_worship, point_of_interest, establishment",temples,Arunachal Pradesh,All Seasons,Papum Pare,60
Jakaipelowa no1 namghar hindu temple,27.0423613,93.8954495,5,"hindu_temple, place_of_worship, point_of_interest, establishment",temples,Arunachal Pradesh,All Seasons,Papum Pare,1
Borpathar Buddhist Temple,27.0121173,93.8446507,4.6,"place_of_worship, point_of_interest, establishment",temples,Arunachal Pradesh,All Seasons,Papum Pare,119
SHRI SHRI BIHPURIA HANUMAN MANDIR,27.0213171,93.9165697,4.9,"hindu_temple, place_of_worship, point_of_interest, establishment",temples,Arunachal Pradesh,All Seasons,Papum Pare,8
Theravada Buddhist Temple,27.0819012,93.60661089999999,4.3,"place_of_worship, point_of_interest, establishment",temples,Arunachal Pradesh,All Seasons,Papum Pare,121
Kachikata Than temple,26.9708438,93.9197339,5,"hindu_temple, place_of_worship, point_of_interest, establishment",temples,Arunachal Pradesh,All Seasons,Papum Pare,2
Brahmin Hari Mandir,27.0771876,93.8631516,4.4,"hindu_temple, place_of_worship, point_of_interest, establishment",temples,Arunachal Pradesh,All Seasons,Papum Pare,7
Shree Radhakrishna Temple,27.102132,93.62910950000001,4.2,"hindu_temple, place_of_worship, point_of_interest, establishment",temples,Arunachal Pradesh,All Seasons,Papum Pare,23
Sonapur Brahma Temple,26.9475741,93.6451915,4,"hindu_temple, place_of_worship, point_of_interest, establishment",temples,Arunachal Pradesh,All Seasons,Papum Pare,8
Satsang Vihar Amjarani,26.8950052,93.504612,4.5,"hindu_temple, place_of_worship, point_of_interest, establishment",temples,Arunachal Pradesh,All Seasons,Papum Pare,20
"Shree Shiva Temple- Itanagar District, Arunachal Pradesh, India",27.1031779,93.6945655,4.6,"hindu_temple, place_of_worship, point_of_interest, establishment",temples,Arunachal Pradesh,All Seasons,Papum Pare,27
"Shri Hari Shankar Mandir, Missamari",26.8433103,93.4567093,4.1,"hindu_temple, place_of_worship, point_of_interest, establishment",temples,Arunachal Pradesh,All Seasons,Papum Pare,10
"Shree Ram Janaki Mandir, 2 No. Dhemagarh",27.031094,93.75039860000001,5,"hindu_temple, place_of_worship, point_of_interest, establishment",temples,Arunachal Pradesh,All Seasons,Papum Pare,2
"Gompa Buddhist Temple - Itanagar, Arunachal Pradesh, India",27.1032658,93.6260528,4.4,"tourist_attraction, place_of_worship, point_of_interest, establishment",temples,Arunachal Pradesh,All Seasons,Papum Pare,2045
Maghnowa Doul,26.9584444,93.79844969999999,4.5,"hindu_temple, place_of_worship, point_of_interest, establishment",temples,Arunachal Pradesh,All Seasons,Papum Pare,97
Bori Gaon Namghar,27.0181234,93.8529174,5,"hindu_temple, place_of_worship, point_of_interest, establishment",temples,Arunachal Pradesh,All Seasons,Papum Pare,1
Dubia Pathar Hari Mandir,26.902354,93.713735,4.2,"hindu_temple, place_of_worship, point_of_interest, establishment",temples,Arunachal Pradesh,All Seasons,Papum Pare,6
Rajbari Shiv Mandir বনাশ্ৰম,27.0309873,93.8993689,4.9,"hindu_temple, place_of_worship, point_of_interest, establishment",temples,Arunachal Pradesh,All Seasons,Papum Pare,7
Shri Radhekrishna Temple,27.2189414,93.6711373,0,"hindu_temple, place_of_worship, point_of_interest, establishment",temples,Arunachal Pradesh,All Seasons,Papum Pare,0
Ganesh mandir,27.0727315,93.8521512,5,"hindu_temple, place_of_worship, point_of_interest, establishment",temples,Arunachal Pradesh,All Seasons,Papum Pare,6
Hindu Temple,27.1768919,93.8963878,5,"hindu_temple, place_of_worship, point_of_interest, establishment",temples,Arunachal Pradesh,All Seasons,Papum Pare,1
Bordeuri Deuri Temple,26.9604052,93.88417439999999,4.3,"hindu_temple, place_of_worship, point_of_interest, establishment",temples,Arunachal Pradesh,All Seasons,Papum Pare,11
Panbari Bor Namghar,26.9773529,93.87967839999999,4.2,"hindu_temple, place_of_worship, point_of_interest, establishment",temples,Arunachal Pradesh,All Seasons,Papum Pare,26
Shiva temple,26.8537483,93.67626829999999,1,"hindu_temple, place_of_worship, point_of_interest, establishment",temples,Arunachal Pradesh,All Seasons,Papum Pare,1
Kharonijan Tongia Bathou Temple,26.9323927,93.66305340000001,4.5,"hindu_temple, place_of_worship, point_of_interest, establishment",temples,Arunachal Pradesh,All Seasons,Papum Pare,15
Gumpa (Bouddha Temple),26.8491145,93.46837509999999,3.9,"place_of_worship, point_of_interest, establishment",temples,Arunachal Pradesh,All Seasons,Papum Pare,18
Tipling shiva temple,27.0466418,93.8328856,5,"hindu_temple, place_of_worship, point_of_interest, establishment",temples,Arunachal Pradesh,All Seasons,Papum Pare,1
Temple,26.8510496,93.5559897,4,"hindu_temple, place_of_worship, point_of_interest, establishment",temples,Arunachal Pradesh,All Seasons,Papum Pare,6
Hanuman Mandir,27.1199143,93.8593451,4.4,"hindu_temple, place_of_worship, point_of_interest, establishment",temples,Arunachal Pradesh,All Seasons,Papum Pare,14
Shiv Temple শিৱ মন্দিৰ।,27.1102576,93.8382549,3.5,"hindu_temple, place_of_worship, point_of_interest, establishment",temples,Arunachal Pradesh,All Seasons,Papum Pare,10
Bihpuria Shiva Temple,27.0191315,93.9215541,4.7,"hindu_temple, place_of_worship, point_of_interest, establishment",temples,Arunachal Pradesh,All Seasons,Papum Pare,12
Lokhimon Temple,27.1913754,93.88382980000002,5,"hindu_temple, place_of_worship, point_of_interest, establishment",temples,Arunachal Pradesh,All Seasons,Papum Pare,1
Hanuman Mandir,26.8326375,93.5060156,4.7,"hindu_temple, place_of_worship, point_of_interest, establishment",temples,Arunachal Pradesh,All Seasons,Papum Pare,28
Halem Shiv Mandir,26.8435487,93.4749003,4.4,"hindu_temple, place_of_worship, point_of_interest, establishment",temples,Arunachal Pradesh,All Seasons,Papum Pare,15
Bishnupur Temple,26.9359205,93.58423979999999,5,"hindu_temple, place_of_worship, point_of_interest, establishment",temples,Arunachal Pradesh,All Seasons,Papum Pare,2
Shiv Mandir,26.8834228,93.6145569,4.6,"hindu_temple, place_of_worship, point_of_interest, establishment",temples,Arunachal Pradesh,All Seasons,Papum Pare,15
Pathalipahar Bishnu Mandir (পথালি পাহাৰ বিষ্ণু মন্দিৰ),27.0781001,93.83851500000002,4.8,"hindu_temple, place_of_worship, point_of_interest, establishment",temples,Arunachal Pradesh,All Seasons,Papum Pare,4
Dubia Shiva Temple,26.9028611,93.7134657,0,"hindu_temple, place_of_worship, point_of_interest, establishment",temples,Arunachal Pradesh,All Seasons,Papum Pare,0
Serfanguri Bathou temple,26.9527903,93.61219059999999,5,"hindu_temple, place_of_worship, point_of_interest, establishment",temples,Arunachal Pradesh,All Seasons,Papum Pare,1
Borah temple,26.8890985,93.690332,5,"hindu_temple, place_of_worship, point_of_interest, establishment",temples,Arunachal Pradesh,All Seasons,Papum Pare,1
Sadhu Temple (Devidhar Xetra Guru Dham),26.9777111,93.86518029999999,5,"hindu_temple, place_of_worship, point_of_interest, establishment",temples,Arunachal Pradesh,All Seasons,Papum Pare,1
LAKSHMI TEMPLE,26.9717861,93.7019488,5,"hindu_temple, place_of_worship, point_of_interest, establishment",temples,Arunachal Pradesh,All Seasons,Papum Pare,1
Kalyanpur Hari Temple,26.9823241,93.81064339999999,5,"hindu_temple, place_of_worship, point_of_interest, establishment",temples,Arunachal Pradesh,All Seasons,Papum Pare,4
"Old Shiva Temple - Doimukh, Papum Pare district, Arunachal Pradesh, India",27.1421228,93.7473325,3.7,"hindu_temple, place_of_worship, point_of_interest, establishment",temples,Arunachal Pradesh,All Seasons,Papum Pare,74
Nabapur Shiv Temple,26.9167271,93.84964049999999,4.6,"hindu_temple, place_of_worship, point_of_interest, establishment",temples,Arunachal Pradesh,All Seasons,Papum Pare,5
Kundi Gira Deuri Temple,26.9819517,93.8491918,4.9,"hindu_temple, place_of_worship, point_of_interest, establishment",temples,Arunachal Pradesh,All Seasons,Papum Pare,7
"Bathou temple, Borpokri",26.9390141,93.5998809,5,"hindu_temple, place_of_worship, point_of_interest, establishment",temples,Arunachal Pradesh,All Seasons,Papum Pare,1
Shiva Temple,26.8579565,93.4188195,5,"hindu_temple, place_of_worship, point_of_interest, establishment",temples,Arunachal Pradesh,All Seasons,Papum Pare,4
Lokhimon mondir OH HEMPHU LOKHIMON TEMPLE,26.9389914,93.48130859999999,5,"hindu_temple, place_of_worship, point_of_interest, establishment",temples,Arunachal Pradesh,All Seasons,Papum Pare,1
Pochim Kheroni Bathou Temple,26.9400002,93.6036894,0,"hindu_temple, place_of_worship, point_of_interest, establishment",temples,Arunachal Pradesh,All Seasons,Papum Pare,0
Nepali Durga Mandir P Sector,27.1003384,93.63400229999999,3.5,"hindu_temple, place_of_worship, point_of_interest, establishment",temples,Arunachal Pradesh,All Seasons,Papum Pare,2
Sirajuli LOKHIMON TEMPLE,26.9273074,93.4435998,5,"hindu_temple, place_of_worship, point_of_interest, establishment",temples,Arunachal Pradesh,All Seasons,Papum Pare,4
Shiv Temple Sesa Bridge,26.9682062,93.7293292,5,"hindu_temple, place_of_worship, point_of_interest, establishment",temples,Arunachal Pradesh,All Seasons,Papum Pare,1
Krishna Guru Temple,26.8418052,93.72027659999999,4.4,"hindu_temple, place_of_worship, point_of_interest, establishment",temples,Arunachal Pradesh,All Seasons,Papum Pare,8
Shiv Mandir,27.1572187,93.7521098,3.7,"hindu_temple, place_of_worship, point_of_interest, establishment",temples,Arunachal Pradesh,All Seasons,Papum Pare,22
Tokowbari Mahadev's Temple,26.8659962,93.4266219,5,"hindu_temple, place_of_worship, point_of_interest, establishment",temples,Arunachal Pradesh,All Seasons,Papum Pare,2
Shiv Mandir,27.1770463,93.8971655,4.8,"hindu_temple, place_of_worship, point_of_interest, establishment",temples,Arunachal Pradesh,All Seasons,Papum Pare,6
BATHOU (TEMPLE),26.9477217,93.53093059999999,4,"hindu_temple, place_of_worship, point_of_interest, establishment",temples,Arunachal Pradesh,All Seasons,Papum Pare,1
"Hill top hall, Pastoral Center Itanagar",27.0869375,93.6251875,3.9,"point_of_interest, establishment",hills,Arunachal Pradesh,Winter,Papum Pare,72
Rono Hill Restaurant,27.1518218,93.7551208,3.5,"restaurant, food, point_of_interest, establishment",hills,Arunachal Pradesh,Winter,Papum Pare,52
Hill Bird Travels,27.0843733,93.6053834,4.6,"point_of_interest, establishment",hills,Arunachal Pradesh,Winter,Papum Pare,7
"Techi Hill, Diphu Balijan",26.9975954,93.53256209999999,4,"park, point_of_interest, establishment",hills,Arunachal Pradesh,Winter,Papum Pare,1
Hotel Blue Hill,27.101607,93.692708,3.6,"restaurant, food, point_of_interest, establishment",hills,Arunachal Pradesh,Winter,Papum Pare,97
Ayar's Hill Resort,27.0980196,93.5876732,4.9,"restaurant, food, point_of_interest, establishment",hills,Arunachal Pradesh,Winter,Papum Pare,8
Kopu Hill,27.3380174,93.820296,0,"park, point_of_interest, establishment",hills,Arunachal Pradesh,Winter,Papum Pare,0
Tago Putu Hills Paragliding take off field,27.110986,93.5985914,5,"tourist_attraction, point_of_interest, establishment",hills,Arunachal Pradesh,Winter,Papum Pare,1
Pappu Hill,27.1002679,93.6765853,No rating,"neighborhood, political",hills,Arunachal Pradesh,Winter,Papum Pare,0
Pine Hill Guest House & Restro,27.0978539,93.6131644,3.7,"lodging, point_of_interest, establishment",hills,Arunachal Pradesh,Winter,Papum Pare,19
"PR Brothers (Goopu Home), Donyi-Polo Road, Dariya Hill Tinali, Itanagar",27.104667,93.62808489999999,5,"shopping_mall, point_of_interest, establishment",hills,Arunachal Pradesh,Winter,Papum Pare,3
Bright Hill School,27.0968446,93.6679159,0,"school, point_of_interest, establishment",hills,Arunachal Pradesh,Winter,Papum Pare,0
"Lobi, Division 4, Dariya Hills, Itanagar",27.111755,93.6111341,3.7,"church, place_of_worship, point_of_interest, establishment",hills,Arunachal Pradesh,Winter,Papum Pare,10
Hillton Restaurant,27.0815065,93.6031372,3.5,"restaurant, food, point_of_interest, establishment",hills,Arunachal Pradesh,Winter,Papum Pare,154
Mystical hill homestay,27.111453,93.6129318,5,"lodging, point_of_interest, establishment",hills,Arunachal Pradesh,Winter,Papum Pare,9
Blue Hill Travels,27.1289563,93.7417479,3.8,"travel_agency, point_of_interest, establishment",hills,Arunachal Pradesh,Winter,Papum Pare,9
DP HILL COLLECTION,27.1238467,93.85512059999999,5,"clothing_store, store, point_of_interest, establishment",hills,Arunachal Pradesh,Winter,Papum Pare,1
Hills College of Teacher Education,27.0986047,93.6948634,3.2,"university, point_of_interest, establishment",hills,Arunachal Pradesh,Winter,Papum Pare,25
Hill View,27.1017658,93.6911846,0,"point_of_interest, establishment",hills,Arunachal Pradesh,Winter,Papum Pare,0
Hills college of teacher education,27.1244241,93.7240776,4,"university, point_of_interest, establishment",hills,Arunachal Pradesh,Winter,Papum Pare,4
Hills Heritage,27.0748053,93.59272879999999,5,"clothing_store, store, point_of_interest, establishment",hills,Arunachal Pradesh,Winter,Papum Pare,1
Indira Gandhi Park,27.0981262,93.62151829999999,3.9,"park, tourist_attraction, point_of_interest, establishment",hills,Arunachal Pradesh,Winter,Papum Pare,5159
Dafla Hills,27.3333333,93.4833333,3.8,"natural_feature, establishment",hills,Arunachal Pradesh,Winter,Papum Pare,5
Polo Park,27.098352,93.6937043,3.3,"park, tourist_attraction, point_of_interest, establishment",hills,Arunachal Pradesh,Winter,Papum Pare,3114
hills society,27.097987,93.61297549999999,4,"point_of_interest, establishment",hills,Arunachal Pradesh,Winter,Papum Pare,1
Helem Tea Estate,26.8612898,93.4701347,4,"park, point_of_interest, establishment",hills,Arunachal Pradesh,Winter,Papum Pare,63
Ita Fort,27.0921598,93.63178409999999,3.8,"tourist_attraction, point_of_interest, establishment",hills,Arunachal Pradesh,Winter,Papum Pare,1210
HOTEl DIAMOND HILLS,27.1027592,93.6090231,4.8,"restaurant, lodging, food, point_of_interest, establishment",hills,Arunachal Pradesh,Winter,Papum Pare,5
RONO HILLS BOYS PG,27.1413918,93.7655327,4.3,"point_of_interest, establishment",hills,Arunachal Pradesh,Winter,Papum Pare,3
HOJ WATERFALL,27.3022865,93.8027592,4.1,"tourist_attraction, point_of_interest, establishment",hills,Arunachal Pradesh,Winter,Papum Pare,36
RGU Rono Hills Doimukh,27.1474191,93.7657478,4.4,"school, point_of_interest, establishment",hills,Arunachal Pradesh,Winter,Papum Pare,20
"Gompa Buddhist Temple - Itanagar, Arunachal Pradesh, India",27.1032658,93.6260528,4.4,"tourist_attraction, place_of_worship, point_of_interest, establishment",hills,Arunachal Pradesh,Winter,Papum Pare,2045
J Taba Enterprise (3 Hills Printing Press),27.1019963,93.69412179999999,4.5,"store, point_of_interest, establishment",hills,Arunachal Pradesh,Winter,Papum Pare,12
Donyi polo water fall,27.1235625,93.6340625,4.2,"tourist_attraction, point_of_interest, establishment",hills,Arunachal Pradesh,Winter,Papum Pare,52
RONO HILLS CHURCH,27.1479334,93.76136299999999,4.8,"church, place_of_worship, point_of_interest, establishment",hills,Arunachal Pradesh,Winter,Papum Pare,4
SAHARA TOURS & TRAVELS,27.0879076,93.6132334,4.9,"travel_agency, tourist_attraction, point_of_interest, establishment",hills,Arunachal Pradesh,Winter,Papum Pare,151
Tiger Hall of Residence,27.1461284,93.7247155,3.5,"point_of_interest, establishment",hills,Arunachal Pradesh,Winter,Papum Pare,96
Doordarshan Colony Hilltop,27.0870253,93.62209449999999,4.6,"point_of_interest, establishment",hills,Arunachal Pradesh,Winter,Papum Pare,7
Drupang Gaon,27.0392069,93.77779799999999,No rating,"locality, political",hills,Arunachal Pradesh,Winter,Papum Pare,0
Potin Waterfall,27.3044369,93.80422630000001,4.3,"tourist_attraction, point_of_interest, establishment",hills,Arunachal Pradesh,Winter,Papum Pare,24
Kameng arena,27.101418,93.676115,5,"point_of_interest, establishment",hills,Arunachal Pradesh,Winter,Papum Pare,9
hillkulture,27.0843733,93.6053834,0,"point_of_interest, establishment",hills,Arunachal Pradesh,Winter,Papum Pare,0
Ita Fort,27.0921598,93.63178409999999,3.8,"tourist_attraction, point_of_interest, establishment",attraction,Arunachal Pradesh,All Seasons,Papum Pare,1210
Indira Gandhi Park,27.0981262,93.62151829999999,3.9,"park, tourist_attraction, point_of_interest, establishment",attraction,Arunachal Pradesh,All Seasons,Papum Pare,5159
Sagalee viewpoint,27.2449999,93.5055546,3.7,"tourist_attraction, point_of_interest, establishment",attraction,Arunachal Pradesh,All Seasons,Papum Pare,15
Ranganadi Dam,27.3426594,93.8168405,4.2,"tourist_attraction, point_of_interest, establishment",attraction,Arunachal Pradesh,All Seasons,Papum Pare,46
Teteliguri,27.0715823,93.90663339999999,5,"tourist_attraction, point_of_interest, establishment",attraction,Arunachal Pradesh,All Seasons,Papum Pare,3
POTIN VIEW POINT,27.3373274,93.8222931,4.1,"tourist_attraction, point_of_interest, establishment",attraction,Arunachal Pradesh,All Seasons,Papum Pare,683
Jacana View Point,26.8894703,93.62936739999999,4.5,"tourist_attraction, point_of_interest, establishment",attraction,Arunachal Pradesh,All Seasons,Papum Pare,2
Polo Park,27.098352,93.6937043,3.3,"park, tourist_attraction, point_of_interest, establishment",attraction,Arunachal Pradesh,All Seasons,Papum Pare,3114
Butterfly Intersection,26.8881949,93.6295578,4.7,"tourist_attraction, point_of_interest, establishment",attraction,Arunachal Pradesh,All Seasons,Papum Pare,6
"""R G U"" Selfie with broad landscape",27.1516339,93.76787069999999,5,"tourist_attraction, point_of_interest, establishment",attraction,Arunachal Pradesh,All Seasons,Papum Pare,3
Potin View Point,27.3145363,93.81002529999999,4.4,"tourist_attraction, point_of_interest, establishment",attraction,Arunachal Pradesh,All Seasons,Papum Pare,81
Clock Tower,26.9512747,93.85527549999999,4.6,"tourist_attraction, point_of_interest, establishment",attraction,Arunachal Pradesh,All Seasons,Papum Pare,7
Bhanghapahar View Point,26.9882711,93.49385079999999,4.9,"tourist_attraction, point_of_interest, establishment",attraction,Arunachal Pradesh,All Seasons,Papum Pare,9
View Point - Above Gompa,27.1049833,93.625266,4.5,"tourist_attraction, point_of_interest, establishment",attraction,Arunachal Pradesh,All Seasons,Papum Pare,17
Hanging bridge naharlagun,27.1163327,93.69793469999999,3.5,"tourist_attraction, point_of_interest, establishment",attraction,Arunachal Pradesh,All Seasons,Papum Pare,34
Leporiang views point,27.2304652,93.3350744,3,"tourist_attraction, point_of_interest, establishment",attraction,Arunachal Pradesh,All Seasons,Papum Pare,3
Kheel Picnic Spot,27.2080625,93.6910625,3.8,"tourist_attraction, point_of_interest, establishment",attraction,Arunachal Pradesh,All Seasons,Papum Pare,6
Sinki view Jungle,27.1045641,93.6097501,0,"tourist_attraction, point_of_interest, establishment",attraction,Arunachal Pradesh,All Seasons,Papum Pare,0
Mintu Ghat,26.8479571,93.55723130000001,4.7,"tourist_attraction, point_of_interest, establishment",attraction,Arunachal Pradesh,All Seasons,Papum Pare,11
Brahmaputra Viewpoint,26.8470152,93.79936750000002,5,"tourist_attraction, point_of_interest, establishment",attraction,Arunachal Pradesh,All Seasons,Papum Pare,2
Melaground,27.1414192,93.750732,5,"tourist_attraction, point_of_interest, establishment",attraction,Arunachal Pradesh,All Seasons,Papum Pare,1
Temera River View Spot,26.9342439,93.88941609999999,4,"tourist_attraction, point_of_interest, establishment",attraction,Arunachal Pradesh,All Seasons,Papum Pare,15
Ramghat Hanging Bridge:,26.9592081,93.4044005,4.4,"tourist_attraction, point_of_interest, establishment",attraction,Arunachal Pradesh,All Seasons,Papum Pare,64
Donyi polo water fall,27.1235625,93.6340625,4.2,"tourist_attraction, point_of_interest, establishment",attraction,Arunachal Pradesh,All Seasons,Papum Pare,52
Clock Tower,27.0873174,93.61166419999999,4.4,"tourist_attraction, point_of_interest, establishment",attraction,Arunachal Pradesh,All Seasons,Papum Pare,18
Mahseer conservation site,27.2112922,93.51462649999999,0,"tourist_attraction, point_of_interest, establishment",attraction,Arunachal Pradesh,All Seasons,Papum Pare,0
HOJ WATERFALL,27.3022865,93.8027592,4.1,"tourist_attraction, point_of_interest, establishment",attraction,Arunachal Pradesh,All Seasons,Papum Pare,36
Mani,27.0877579,93.6204066,4,"tourist_attraction, point_of_interest, establishment",attraction,Arunachal Pradesh,All Seasons,Papum Pare,6
RoseCampsite,27.1958155,93.7912511,4.8,"tourist_attraction, point_of_interest, establishment",attraction,Arunachal Pradesh,All Seasons,Papum Pare,12
Kheel Picnic Spot,27.2253604,93.70494029999999,4.3,"tourist_attraction, point_of_interest, establishment",attraction,Arunachal Pradesh,All Seasons,Papum Pare,45
Rigo Waterfall,27.2290679,93.5523656,4.8,"tourist_attraction, point_of_interest, establishment",attraction,Arunachal Pradesh,All Seasons,Papum Pare,4
Itanagar Zoo,27.0703278,93.5828358,3.9,"zoo, tourist_attraction, point_of_interest, establishment",attraction,Arunachal Pradesh,All Seasons,Papum Pare,842
BUROIGHAT PICNIC SPOT (BOROI),26.8515163,93.41170079999999,4.3,"tourist_attraction, point_of_interest, establishment",attraction,Arunachal Pradesh,All Seasons,Papum Pare,16
Farm House,26.8527412,93.58570639999999,0,"tourist_attraction, point_of_interest, establishment",attraction,Arunachal Pradesh,All Seasons,Papum Pare,0
Potin Waterfall,27.3044369,93.80422630000001,4.3,"tourist_attraction, point_of_interest, establishment",attraction,Arunachal Pradesh,All Seasons,Papum Pare,24
"Rakap colony ,Nabam yaluk paddy garden",27.1016278,93.70888649999999,4.8,"tourist_attraction, point_of_interest, establishment",attraction,Arunachal Pradesh,All Seasons,Papum Pare,4
Lonam Picnic Spot Poma,27.0683472,93.5205939,3.9,"tourist_attraction, point_of_interest, establishment",attraction,Arunachal Pradesh,All Seasons,Papum Pare,33
Picnic spot Bogoli forest,27.1549349,93.85442619999999,4,"tourist_attraction, point_of_interest, establishment",attraction,Arunachal Pradesh,All Seasons,Papum Pare,3
Secretariate wall,27.0925392,93.61819129999999,4.6,"tourist_attraction, point_of_interest, establishment",attraction,Arunachal Pradesh,All Seasons,Papum Pare,8
Sesa Pahar,27.028273,93.7018303,4.1,"tourist_attraction, point_of_interest, establishment",attraction,Arunachal Pradesh,All Seasons,Papum Pare,66
HERCULES waterfall,26.9864375,93.5420625,4.7,"tourist_attraction, point_of_interest, establishment",attraction,Arunachal Pradesh,All Seasons,Papum Pare,13
"Dariya Waterfall, Itanagar",27.1247576,93.6340403,4,"tourist_attraction, point_of_interest, establishment",attraction,Arunachal Pradesh,All Seasons,Papum Pare,3
Taying Putung Donyi Polo,27.1162487,93.633208,1,"tourist_attraction, point_of_interest, establishment",attraction,Arunachal Pradesh,All Seasons,Papum Pare,1
"Down Polo Colony ,G SECTOR ,DAM SITE TINALI",27.0996123,93.6998455,0,"tourist_attraction, point_of_interest, establishment",attraction,Arunachal Pradesh,All Seasons,Papum Pare,0
O- Point Tinali,27.10188,93.62925949999999,4.2,"tourist_attraction, point_of_interest, establishment",attraction,Arunachal Pradesh,All Seasons,Papum Pare,5
"Tesia Camp, Assam",27.1568625,93.8642031,5,"tourist_attraction, point_of_interest, establishment",attraction,Arunachal Pradesh,All Seasons,Papum Pare,24
Tago Putu Hills Paragliding take off field,27.110986,93.5985914,5,"tourist_attraction, point_of_interest, establishment",attraction,Arunachal Pradesh,All Seasons,Papum Pare,1
Rban Recreation Point,27.0157746,93.4272124,0,"tourist_attraction, campground, park, lodging, point_of_interest, establishment",attraction,Arunachal Pradesh,All Seasons,Papum Pare,0
বামুণৰ পিতনি ( Pond),26.8563255,93.6892548,5,"tourist_attraction, point_of_interest, establishment",attraction,Arunachal Pradesh,All Seasons,Papum Pare,3
Lekhi natural swimming pool,27.224387,93.81310309999999,4.3,"tourist_attraction, point_of_interest, establishment",attraction,Arunachal Pradesh,All Seasons,Papum Pare,3
Mesmerizing Bamboo Fusion,26.9185727,93.80053319999999,4.8,"tourist_attraction, lodging, point_of_interest, establishment",attraction,Arunachal Pradesh,All Seasons,Papum Pare,34
TamarBaki Vlog,27.0885572,93.61722739999999,3.5,"tourist_attraction, travel_agency, point_of_interest, establishment",attraction,Arunachal Pradesh,All Seasons,Papum Pare,2
Pathali pahar chariali,27.0711044,93.8477173,0,"tourist_attraction, point_of_interest, establishment",attraction,Arunachal Pradesh,All Seasons,Papum Pare,0
"Gompa Buddhist Temple - Itanagar, Arunachal Pradesh, India",27.1032658,93.6260528,4.4,"tourist_attraction, place_of_worship, point_of_interest, establishment",attraction,Arunachal Pradesh,All Seasons,Papum Pare,2045
Yab Kaih Yasa (YKY) Paramotoring,27.1690504,93.7772457,4.2,"tourist_attraction, point_of_interest, establishment",attraction,Arunachal Pradesh,All Seasons,Papum Pare,9
Techi Hitlar Territory,26.9660378,93.53399139999999,5,"tourist_attraction, point_of_interest, establishment",attraction,Arunachal Pradesh,All Seasons,Papum Pare,3
Adv. Nabam Tango (Farm land),27.0279387,93.4109744,0,"tourist_attraction, point_of_interest, establishment",attraction,Arunachal Pradesh,All Seasons,Papum Pare,0
UNDER PASS ITANAGAR,27.1018127,93.6289661,2.7,"tourist_attraction, point_of_interest, establishment",attraction,Arunachal Pradesh,All Seasons,Papum Pare,10
State Museum,27.1019103,93.62501069999999,4.2,"museum, tourist_attraction, point_of_interest, establishment",attraction,Arunachal Pradesh,All Seasons,Papum Pare,346
Energy Park,27.0994468,93.61830529999999,3.6,"park, point_of_interest, establishment",attraction,Arunachal Pradesh,All Seasons,Papum Pare,667
Mouling National Park,28.4738185,94.7484518,4,"tourist_attraction, park, point_of_interest, establishment",parks,Arunachal Pradesh,Spring,Shi-Yomi,83
Aayi WRC field Kambu,28.3021384,94.690561,0,"park, point_of_interest, establishment",parks,Arunachal Pradesh,Spring,Shi-Yomi,0
Babi Gellu,28.2008037,94.7288954,0,"park, point_of_interest, establishment",parks,Arunachal Pradesh,Spring,Shi-Yomi,0
Dante farm place,28.502256,94.626305,0,"park, point_of_interest, establishment",parks,Arunachal Pradesh,Spring,Shi-Yomi,0
Soro Picnic spot,28.2179994,94.7277528,0,"campground, park, lodging, point_of_interest, establishment",parks,Arunachal Pradesh,Spring,Shi-Yomi,0
"Lee Garden, NOLUM",28.100046,94.3522653,0,"park, point_of_interest, establishment",parks,Arunachal Pradesh,Spring,Shi-Yomi,0
DOLY LOYI BAMBOO GARDENS AND RETREAT CENTRE,28.1920258,94.77323229999999,5,"park, point_of_interest, establishment",parks,Arunachal Pradesh,Spring,Shi-Yomi,2
Jogdi Svlv,28.0686938,94.16616929999999,0,"park, point_of_interest, establishment",parks,Arunachal Pradesh,Spring,Shi-Yomi,0
Komde Island Peri,28.2942549,94.68494539999999,0,"park, point_of_interest, establishment",parks,Arunachal Pradesh,Spring,Shi-Yomi,0
Paya eco,28.197908,94.73871199999999,3,"campground, park, lodging, point_of_interest, establishment",parks,Arunachal Pradesh,Spring,Shi-Yomi,1
Zero point,28.5967254,94.1725228,5,"parking, point_of_interest, establishment",parks,Arunachal Pradesh,Spring,Shi-Yomi,1
Tado Lvn,28.0694142,94.1705054,0,"park, point_of_interest, establishment",parks,Arunachal Pradesh,Spring,Shi-Yomi,0
Kali loya,28.1920436,94.76324849999999,1,"park, point_of_interest, establishment",parks,Arunachal Pradesh,Spring,Shi-Yomi,1
MOSEN LOYI MAHOGANY PLANTATIONS AND GARDENS,28.1931555,94.7623919,0,"park, point_of_interest, establishment",parks,Arunachal Pradesh,Spring,Shi-Yomi,0
Basics camp,28.2179994,94.7277528,0,"campground, park, lodging, point_of_interest, establishment",parks,Arunachal Pradesh,Spring,Shi-Yomi,0
Lido Loyi's Farm,28.1921786,94.7623979,0,"park, point_of_interest, establishment",parks,Arunachal Pradesh,Spring,Shi-Yomi,0
Bj Resort,28.2554599,94.6821107,0,"campground, park, lodging, point_of_interest, establishment",parks,Arunachal Pradesh,Spring,Shi-Yomi,0
Ronya,28.314208,94.6450425,0,"park, point_of_interest, establishment",parks,Arunachal Pradesh,Spring,Shi-Yomi,0
Museum,28.2215658,94.7267589,0,"travel_agency, point_of_interest, establishment",museum,Arunachal Pradesh,Winter,Shi-Yomi,0
Rigo Waterfall,28.144394,94.757347,4,"tourist_attraction, point_of_interest, establishment",waterfalls,Arunachal Pradesh,Monsoon,Shi-Yomi,3
Siko Dido Waterfalls,28.5087675,94.4466526,4.5,"tourist_attraction, point_of_interest, establishment",waterfalls,Arunachal Pradesh,Monsoon,Shi-Yomi,104
Hiba Line Hotel,28.510306,94.4473543,4,"restaurant, point_of_interest, food, establishment",waterfalls,Arunachal Pradesh,Monsoon,Shi-Yomi,3
Paya Lipor,28.1954179,94.73612729999999,5,"tourist_attraction, point_of_interest, establishment",beaches,Arunachal Pradesh,Summer,Shi-Yomi,4
Donyi Polo Temple,28.3737443,94.6848864,4.7,"place_of_worship, point_of_interest, establishment",temples,Arunachal Pradesh,All Seasons,Shi-Yomi,3
Akashi Ganga Kund Shakti Peeth,28.147254,94.7484518,4.8,"hindu_temple, place_of_worship, point_of_interest, establishment",temples,Arunachal Pradesh,All Seasons,Shi-Yomi,4
Saly lake downtown hill,28.2178765,94.7280643,0,"hindu_temple, place_of_worship, point_of_interest, establishment",temples,Arunachal Pradesh,All Seasons,Shi-Yomi,0
Jommar loyi,28.1885304,94.7658383,0,"place_of_worship, point_of_interest, establishment",temples,Arunachal Pradesh,All Seasons,Shi-Yomi,0
Saly lake downtown hill,28.2178765,94.7280643,0,"hindu_temple, place_of_worship, point_of_interest, establishment",hills,Arunachal Pradesh,Winter,Shi-Yomi,0
Tamer hill top,28.2179994,94.7277528,0,"point_of_interest, establishment",hills,Arunachal Pradesh,Winter,Shi-Yomi,0
Abor Hills,28.4594444,94.54055559999999,4,"natural_feature, establishment",hills,Arunachal Pradesh,Winter,Shi-Yomi,5
Siko Dido Waterfalls,28.5087675,94.4466526,4.5,"tourist_attraction, point_of_interest, establishment",attraction,Arunachal Pradesh,All Seasons,Shi-Yomi,104
Rigo Waterfall,28.144394,94.757347,4,"tourist_attraction, point_of_interest, establishment",attraction,Arunachal Pradesh,All Seasons,Shi-Yomi,3
Pak Lwipor Camping Spot,28.20218,94.72171879999999,4.9,"tourist_attraction, point_of_interest, establishment",attraction,Arunachal Pradesh,All Seasons,Shi-Yomi,10
Paya Lipor,28.1954179,94.73612729999999,5,"tourist_attraction, point_of_interest, establishment",attraction,Arunachal Pradesh,All Seasons,Shi-Yomi,4
RiZ Eco Resort Aalo,28.2124892,94.6995152,3.7,"tourist_attraction, point_of_interest, establishment",attraction,Arunachal Pradesh,All Seasons,Shi-Yomi,7
Mouling National Park,28.4738185,94.7484518,4,"tourist_attraction, park, point_of_interest, establishment",attraction,Arunachal Pradesh,All Seasons,Shi-Yomi,83
Tato (shi yomi district) H Q,28.5314244,94.3766704,4.2,"tourist_attraction, point_of_interest, establishment",attraction,Arunachal Pradesh,All Seasons,Shi-Yomi,38
East of Geling,28.2179994,94.7277528,0,"tourist_attraction, point_of_interest, establishment",attraction,Arunachal Pradesh,All Seasons,Shi-Yomi,0
Sight seeing Tangon River,28.2179994,94.7277528,0,"tourist_attraction, point_of_interest, establishment",attraction,Arunachal Pradesh,All Seasons,Shi-Yomi,0
Wak Bridge,28.2179994,94.7277528,0,"tourist_attraction, point_of_interest, establishment",attraction,Arunachal Pradesh,All Seasons,Shi-Yomi,0
chimpung La Pass,28.2179994,94.7277528,0,"tourist_attraction, point_of_interest, establishment",attraction,Arunachal Pradesh,All Seasons,Shi-Yomi,0
"Lungdur, South of Kalakang",28.2179994,94.7277528,0,"tourist_attraction, point_of_interest, establishment",attraction,Arunachal Pradesh,All Seasons,Shi-Yomi,0
Ajay Spur,28.2179994,94.7277528,0,"tourist_attraction, point_of_interest, establishment",attraction,Arunachal Pradesh,All Seasons,Shi-Yomi,0
Zena La,28.2179994,94.7277528,0,"tourist_attraction, point_of_interest, establishment",attraction,Arunachal Pradesh,All Seasons,Shi-Yomi,0
Topchi morh,28.2179994,94.7277528,0,"tourist_attraction, point_of_interest, establishment",attraction,Arunachal Pradesh,All Seasons,Shi-Yomi,0
Mouling National Park,28.4738185,94.7484518,4,"tourist_attraction, park, point_of_interest, establishment",parks,Arunachal Pradesh,Spring,Siang,83
Lane organic garden,28.320529,94.9550616,5,"park, point_of_interest, establishment",parks,Arunachal Pradesh,Spring,Siang,1
Panya 1,28.1671233,94.81452499999999,3.7,"park, point_of_interest, establishment",parks,Arunachal Pradesh,Spring,Siang,7
Kom organic orange garden,28.2239056,94.9938045,5,"park, point_of_interest, establishment",parks,Arunachal Pradesh,Spring,Siang,1
Tate nyitan kotle asi arik,28.4667204,94.8355297,0,"park, point_of_interest, establishment",parks,Arunachal Pradesh,Spring,Siang,0
Damro Rockway,28.4485014,95.2410247,4.5,"park, point_of_interest, establishment",parks,Arunachal Pradesh,Spring,Siang,12
Dante farm place,28.502256,94.626305,0,"park, point_of_interest, establishment",parks,Arunachal Pradesh,Spring,Siang,0
Aayi WRC field Kambu,28.3021384,94.690561,0,"park, point_of_interest, establishment",parks,Arunachal Pradesh,Spring,Siang,0
Ogom Taloh's Orchard,28.2493066,94.9921251,0,"park, point_of_interest, establishment",parks,Arunachal Pradesh,Spring,Siang,0
Talom orange garden,28.2314232,94.84996729999999,5,"park, point_of_interest, establishment",parks,Arunachal Pradesh,Spring,Siang,2
Babi Gellu,28.2008037,94.7288954,0,"park, point_of_interest, establishment",parks,Arunachal Pradesh,Spring,Siang,0
Integrated Farming School,28.1492951,94.8337269,0,"park, point_of_interest, establishment",parks,Arunachal Pradesh,Spring,Siang,0
Kayi talom Kayi talom,28.4341086,95.04274939999999,4,"park, point_of_interest, establishment",parks,Arunachal Pradesh,Spring,Siang,1
Yamne siat odum,28.4029358,95.2377842,5,"park, point_of_interest, establishment",parks,Arunachal Pradesh,Spring,Siang,2
siru rijo tea garden,28.1655728,94.80222479999999,3.8,"park, point_of_interest, establishment",parks,Arunachal Pradesh,Spring,Siang,22
Kom Organic orange garden,28.2367299,94.9901649,4.5,"park, point_of_interest, establishment",parks,Arunachal Pradesh,Spring,Siang,2
DOLY LOYI BAMBOO GARDENS AND RETREAT CENTRE,28.1920258,94.77323229999999,5,"park, point_of_interest, establishment",parks,Arunachal Pradesh,Spring,Siang,2
Kali loya,28.1920436,94.76324849999999,1,"park, point_of_interest, establishment",parks,Arunachal Pradesh,Spring,Siang,1
KOMUT'S PABO ARIK,28.2395178,95.00611409999999,0,"park, point_of_interest, establishment",parks,Arunachal Pradesh,Spring,Siang,0
Paya eco,28.197908,94.73871199999999,3,"campground, park, lodging, point_of_interest, establishment",parks,Arunachal Pradesh,Spring,Siang,1
Soro Picnic spot,28.2179994,94.7277528,0,"campground, park, lodging, point_of_interest, establishment",parks,Arunachal Pradesh,Spring,Siang,0
Hipom Arik/ Kalen Paron,28.4133349,95.0750841,0,"park, point_of_interest, establishment",parks,Arunachal Pradesh,Spring,Siang,0
Pinda Linggi Plantation Garden Aohali,28.1097051,95.1432068,0,"park, point_of_interest, establishment",parks,Arunachal Pradesh,Spring,Siang,0
Rangkop WRC,28.176388,94.7980317,3.3,"park, point_of_interest, establishment",parks,Arunachal Pradesh,Spring,Siang,3
Roying WRC,28.1880217,94.8044834,0,"park, point_of_interest, establishment",parks,Arunachal Pradesh,Spring,Siang,0
Taying sitang Orange garden,28.2426198,94.958342,0,"park, point_of_interest, establishment",parks,Arunachal Pradesh,Spring,Siang,0
Tangor Taloh Ooying paddy field,28.3220116,94.9549923,0,"park, point_of_interest, establishment",parks,Arunachal Pradesh,Spring,Siang,0
Komde Island Peri,28.2942549,94.68494539999999,0,"park, point_of_interest, establishment",parks,Arunachal Pradesh,Spring,Siang,0
Jini Eyi,28.1628125,94.8054375,0,"park, point_of_interest, establishment",parks,Arunachal Pradesh,Spring,Siang,0
Mize Buutung,28.2285875,94.9945441,0,"park, point_of_interest, establishment",parks,Arunachal Pradesh,Spring,Siang,0
Orange Orchard Rajeet Tayeng,28.2538169,95.2109098,0,"park, point_of_interest, establishment",parks,Arunachal Pradesh,Spring,Siang,0
Pabo,28.2261661,94.9933339,0,"park, point_of_interest, establishment",parks,Arunachal Pradesh,Spring,Siang,0
KOMUT'S ORANGE GARDEN,28.2487197,94.9936663,0,"park, point_of_interest, establishment",parks,Arunachal Pradesh,Spring,Siang,0
KOMUT'S DIREM ARIK,28.2635243,95.01095649999999,0,"park, point_of_interest, establishment",parks,Arunachal Pradesh,Spring,Siang,0
KOMUT'S RIYING ARIK,28.2447718,95.0201505,0,"park, point_of_interest, establishment",parks,Arunachal Pradesh,Spring,Siang,0
Boko palace,28.4911512,95.15351729999999,0,"park, point_of_interest, establishment",parks,Arunachal Pradesh,Spring,Siang,0
Aado fish pound,28.1282207,94.81433469999999,0,"park, point_of_interest, establishment",parks,Arunachal Pradesh,Spring,Siang,0
MOSEN LOYI MAHOGANY PLANTATIONS AND GARDENS,28.1931555,94.7623919,0,"park, point_of_interest, establishment",parks,Arunachal Pradesh,Spring,Siang,0
Basics camp,28.2179994,94.7277528,0,"campground, park, lodging, point_of_interest, establishment",parks,Arunachal Pradesh,Spring,Siang,0
Sipu Puyi Aalo,28.1561412,94.79587330000001,3.5,"park, point_of_interest, establishment",parks,Arunachal Pradesh,Spring,Siang,4
Lido Loyi's Farm,28.1921786,94.7623979,0,"park, point_of_interest, establishment",parks,Arunachal Pradesh,Spring,Siang,0
Kadai yomgam,28.1700983,94.79833169999999,0,"park, point_of_interest, establishment",parks,Arunachal Pradesh,Spring,Siang,0
Mitkong Orange Farm,28.5265962,95.1754205,2,"park, point_of_interest, establishment",parks,Arunachal Pradesh,Spring,Siang,1
Bj Resort,28.2554599,94.6821107,0,"campground, park, lodging, point_of_interest, establishment",parks,Arunachal Pradesh,Spring,Siang,0
Ronya,28.314208,94.6450425,0,"park, point_of_interest, establishment",parks,Arunachal Pradesh,Spring,Siang,0
Museum,28.2215658,94.7267589,0,"travel_agency, point_of_interest, establishment",museum,Arunachal Pradesh,Winter,Siang,0
Rigo Waterfall,28.144394,94.757347,4,"tourist_attraction, point_of_interest, establishment",waterfalls,Arunachal Pradesh,Monsoon,Siang,3
Pasighat View Point,28.1739753,95.21731799999999,4.4,"tourist_attraction, point_of_interest, establishment",waterfalls,Arunachal Pradesh,Monsoon,Siang,68
Paya Lipor,28.1954179,94.73612729999999,5,"tourist_attraction, point_of_interest, establishment",beaches,Arunachal Pradesh,Summer,Siang,4
"Ramakrishna Mission, Aalo",28.1528413,94.78604089999999,4.8,"school, point_of_interest, establishment",beaches,Arunachal Pradesh,Summer,Siang,60
Shiva Temple,28.1788275,94.8049808,5,"hindu_temple, place_of_worship, point_of_interest, establishment",temples,Arunachal Pradesh,All Seasons,Siang,2
SHIV MANDIR,28.160555,94.7943335,5,"hindu_temple, place_of_worship, point_of_interest, establishment",temples,Arunachal Pradesh,All Seasons,Siang,3
जय माता दी मन्दिर,28.1800746,94.8134827,5,"hindu_temple, place_of_worship, point_of_interest, establishment",temples,Arunachal Pradesh,All Seasons,Siang,1
YOJI YORA SHIVA TEMPLE,28.1521389,94.8031243,0,"hindu_temple, place_of_worship, point_of_interest, establishment",temples,Arunachal Pradesh,All Seasons,Siang,0
Shree Ramakrishna Temple,28.1526202,94.7841436,4.9,"hindu_temple, place_of_worship, point_of_interest, establishment",temples,Arunachal Pradesh,All Seasons,Siang,18
Donyi Polo Temple,28.3737443,94.6848864,4.7,"place_of_worship, point_of_interest, establishment",temples,Arunachal Pradesh,All Seasons,Siang,3
Doni polo temple,28.1663981,94.79853349999999,4,"place_of_worship, point_of_interest, establishment",temples,Arunachal Pradesh,All Seasons,Siang,1
HANUMAN MANDIR,28.356037,95.018219,0,"hindu_temple, place_of_worship, point_of_interest, establishment",temples,Arunachal Pradesh,All Seasons,Siang,0
Jomlo bari,28.192442,94.801361,0,"hindu_temple, place_of_worship, point_of_interest, establishment",temples,Arunachal Pradesh,All Seasons,Siang,0
Akashi Ganga Kund Shakti Peeth,28.147254,94.7484518,4.8,"hindu_temple, place_of_worship, point_of_interest, establishment",temples,Arunachal Pradesh,All Seasons,Siang,4
Saly lake downtown hill,28.2178765,94.7280643,0,"hindu_temple, place_of_worship, point_of_interest, establishment",temples,Arunachal Pradesh,All Seasons,Siang,0
Jommar loyi,28.1885304,94.7658383,0,"place_of_worship, point_of_interest, establishment",temples,Arunachal Pradesh,All Seasons,Siang,0
"Ramakrishna Mission, Aalo",28.1528413,94.78604089999999,4.8,"school, point_of_interest, establishment",temples,Arunachal Pradesh,All Seasons,Siang,60
Oyin home,28.4301845,95.10632059999999,0,"place_of_worship, point_of_interest, establishment",temples,Arunachal Pradesh,All Seasons,Siang,0
Donyi-Polo dere,28.166643,94.7989393,0,"place_of_worship, point_of_interest, establishment",temples,Arunachal Pradesh,All Seasons,Siang,0
Hill Side Family Restaurant Gumin Nagar,28.1562402,94.8012577,4.9,"restaurant, food, point_of_interest, establishment",hills,Arunachal Pradesh,Winter,Siang,9
Gaur Hill,28.1654724,94.80535619999999,3.8,"point_of_interest, establishment",hills,Arunachal Pradesh,Winter,Siang,5
"Hill view, Home stay, Aalo",28.1592,94.80435399999999,5,"lodging, point_of_interest, establishment",hills,Arunachal Pradesh,Winter,Siang,9
Saly lake downtown hill,28.2178765,94.7280643,0,"hindu_temple, place_of_worship, point_of_interest, establishment",hills,Arunachal Pradesh,Winter,Siang,0
"Four Hill, Aalo",28.1627836,94.8054142,0,"point_of_interest, establishment",hills,Arunachal Pradesh,Winter,Siang,0
Tamer hill top,28.2179994,94.7277528,0,"point_of_interest, establishment",hills,Arunachal Pradesh,Winter,Siang,0
JE Qtr,28.1654724,94.80535619999999,0,"point_of_interest, establishment",hills,Arunachal Pradesh,Winter,Siang,0
Abu Corner,28.1559504,94.80066269999999,0,"store, food, point_of_interest, establishment",hills,Arunachal Pradesh,Winter,Siang,0
K3 Wine Shop,28.1658051,94.80528369999999,0,"liquor_store, store, food, point_of_interest, establishment",hills,Arunachal Pradesh,Winter,Siang,0
Yingam Ango Rike,28.162415,94.805443,0,"grocery_or_supermarket, store, food, point_of_interest, establishment",hills,Arunachal Pradesh,Winter,Siang,0
Parong Viewpoint,28.3582022,95.01386199999999,3.3,"tourist_attraction, point_of_interest, establishment",attraction,Arunachal Pradesh,All Seasons,Siang,3
Lorging view point,28.2387711,94.83914659999999,4.9,"tourist_attraction, point_of_interest, establishment",attraction,Arunachal Pradesh,All Seasons,Siang,7
Tension Free View,28.1423635,94.78741819999999,4.1,"tourist_attraction, point_of_interest, establishment",attraction,Arunachal Pradesh,All Seasons,Siang,9
Mariyang View point,28.4859135,95.22255969999999,0,"tourist_attraction, point_of_interest, establishment",attraction,Arunachal Pradesh,All Seasons,Siang,0
Pasighat View Point,28.1739753,95.21731799999999,4.4,"tourist_attraction, point_of_interest, establishment",attraction,Arunachal Pradesh,All Seasons,Siang,68
Sissen Suspension Bridge,28.1323266,95.13549619999999,4.4,"tourist_attraction, point_of_interest, establishment",attraction,Arunachal Pradesh,All Seasons,Siang,16
The SoulGazer Point - AR1,28.5077996,95.10289759999999,0,"tourist_attraction, point_of_interest, establishment",attraction,Arunachal Pradesh,All Seasons,Siang,0
Boleng,28.316899,94.9529967,0,"tourist_attraction, point_of_interest, establishment",attraction,Arunachal Pradesh,All Seasons,Siang,0
Pisang Korong,28.4806565,95.20342350000001,0,"tourist_attraction, point_of_interest, establishment",attraction,Arunachal Pradesh,All Seasons,Siang,0
Mariyang-Geku road top point,28.4191202,95.08831459999999,0,"tourist_attraction, point_of_interest, establishment",attraction,Arunachal Pradesh,All Seasons,Siang,0
Pak Lwipor Camping Spot,28.20218,94.72171879999999,4.9,"tourist_attraction, point_of_interest, establishment",attraction,Arunachal Pradesh,All Seasons,Siang,10
Aalo View,28.1146149,94.7917425,3.7,"tourist_attraction, point_of_interest, establishment",attraction,Arunachal Pradesh,All Seasons,Siang,3
Rigo Waterfall,28.144394,94.757347,4,"tourist_attraction, point_of_interest, establishment",attraction,Arunachal Pradesh,All Seasons,Siang,3
Paya Lipor,28.1954179,94.73612729999999,5,"tourist_attraction, point_of_interest, establishment",attraction,Arunachal Pradesh,All Seasons,Siang,4
Tarok sitong Yamne River Bank,28.4810343,95.1996617,0,"tourist_attraction, point_of_interest, establishment",attraction,Arunachal Pradesh,All Seasons,Siang,0
Yengkir Millang-Dalbing FSB,28.4864615,95.224792,0,"tourist_attraction, point_of_interest, establishment",attraction,Arunachal Pradesh,All Seasons,Siang,0
Mouling National Park,28.4738185,94.7484518,4,"tourist_attraction, park, point_of_interest, establishment",attraction,Arunachal Pradesh,All Seasons,Siang,83
RiZ Eco Resort Aalo,28.2124892,94.6995152,3.7,"tourist_attraction, point_of_interest, establishment",attraction,Arunachal Pradesh,All Seasons,Siang,7
Kombo School Puutu,28.1197104,94.8298762,4.6,"tourist_attraction, point_of_interest, establishment",attraction,Arunachal Pradesh,All Seasons,Siang,5
Children Park and Open Garden Gym Lumla,27.5317877,91.7136655,4,"park, point_of_interest, establishment",parks,Arunachal Pradesh,Spring,Tawang,12
Jang Park,27.5736915,91.98569359999999,4.2,"park, point_of_interest, establishment",parks,Arunachal Pradesh,Spring,Tawang,6
Panga Teng Tso lake,27.6379321,91.85621929999999,4.6,"tourist_attraction, point_of_interest, establishment",parks,Arunachal Pradesh,Spring,Tawang,474
विठ्ठल बांगर फार्म,27.5718114,91.9038078,0,"park, point_of_interest, establishment",parks,Arunachal Pradesh,Spring,Tawang,0
Bum La post road,27.7138513,91.89208959999999,5,"park, point_of_interest, establishment",parks,Arunachal Pradesh,Spring,Tawang,2
Bum La Pass- India,27.7211597,91.892227,4.8,"tourist_attraction, landmark, point_of_interest, establishment",parks,Arunachal Pradesh,Spring,Tawang,1720
Nyakchung La,27.330604,91.8962554,5,"park, point_of_interest, establishment",parks,Arunachal Pradesh,Spring,Tawang,1
Tsho nag,27.3253892,91.90734669999999,5,"park, point_of_interest, establishment",parks,Arunachal Pradesh,Spring,Tawang,1
Aaring land,27.5345473,91.688344,5,"park, point_of_interest, establishment",parks,Arunachal Pradesh,Spring,Tawang,1
Thrakthrik Campsite,27.4183093,91.8750455,5,"campground, park, lodging, point_of_interest, establishment",parks,Arunachal Pradesh,Spring,Tawang,1
Giant Buddha Statue & Temple,27.5976647,91.87098429999999,4.6,"tourist_attraction, point_of_interest, establishment",parks,Arunachal Pradesh,Spring,Tawang,2163
Tsong Tsong La,27.4638188,91.76671309999999,3,"park, point_of_interest, establishment",parks,Arunachal Pradesh,Spring,Tawang,2
POWERGRID CORPORATION OF INDIA LIMITED TAWANG SITE,27.5970844,91.8657956,5,"campground, park, lodging, point_of_interest, establishment",parks,Arunachal Pradesh,Spring,Tawang,2
Garden area,27.5860574,91.8594062,0,"park, point_of_interest, establishment",parks,Arunachal Pradesh,Spring,Tawang,0
Gribtsang Tso (Nagula Lake),27.65486,91.8632129,5,"park, point_of_interest, establishment",parks,Arunachal Pradesh,Spring,Tawang,2
CAMP MON DRUK,27.5852607,91.8697311,5,"campground, park, lodging, point_of_interest, establishment",parks,Arunachal Pradesh,Spring,Tawang,3
Thongja,27.3973726,91.6051911,0,"park, point_of_interest, establishment",parks,Arunachal Pradesh,Spring,Tawang,0
Galing Tsendhenshing,27.3351475,91.64287569999999,0,"park, point_of_interest, establishment",parks,Arunachal Pradesh,Spring,Tawang,0
Manchuka,27.5860574,91.8594062,1,"park, point_of_interest, establishment",parks,Arunachal Pradesh,Spring,Tawang,1
"Chibling, Merak",27.3415372,91.764331,0,"park, point_of_interest, establishment",parks,Arunachal Pradesh,Spring,Tawang,0
Jangda View,27.5967753,91.974491,0,"park, point_of_interest, establishment",parks,Arunachal Pradesh,Spring,Tawang,0
Phatsabrak zampa,27.5071694,91.5754505,0,"park, point_of_interest, establishment",parks,Arunachal Pradesh,Spring,Tawang,0
Serphu mountain,27.5147929,91.5743025,0,"park, point_of_interest, establishment",parks,Arunachal Pradesh,Spring,Tawang,0
Orchid propagation house,27.3302656,91.5640646,1,"park, point_of_interest, establishment",parks,Arunachal Pradesh,Spring,Tawang,1
Joenkhar Park Range Office,27.3993123,91.8022034,0,"point_of_interest, establishment",parks,Arunachal Pradesh,Spring,Tawang,0
Sakten Park Range Office,27.4038348,91.9203359,0,"local_government_office, point_of_interest, establishment",parks,Arunachal Pradesh,Spring,Tawang,0
Gaden Namgyal Lhatse Museum,27.5860593,91.8572008,4.6,"museum, point_of_interest, establishment",museum,Arunachal Pradesh,Winter,Tawang,10
Bartsham Community Museum,27.3919658,91.60711669999999,5,"museum, point_of_interest, establishment",museum,Arunachal Pradesh,Winter,Tawang,1
MAJOR RALENGNAO BOB KHATHING MUSEUM OF VALOUR - TAWANG,27.5867468,91.8767834,5,"museum, point_of_interest, establishment",museum,Arunachal Pradesh,Winter,Tawang,1
Tawang War Memorial,27.586816,91.8768571,4.7,"tourist_attraction, point_of_interest, establishment",museum,Arunachal Pradesh,Winter,Tawang,3453
khinmey-nyingma-monastery,27.5970723,91.89102199999999,4.6,"museum, place_of_worship, point_of_interest, establishment",museum,Arunachal Pradesh,Winter,Tawang,58
"Jaswantgarh War Memorial(In Honour of the Rifleman Jaswant Singh Rawat)- Nuranang, Tawang District, Arunachal Pradesh, India",27.5601718,91.9980003,4.8,"point_of_interest, establishment",museum,Arunachal Pradesh,Winter,Tawang,2167
Tawang Monastery - Tawang Gaden Namgyal Lhatse Monastery,27.5867261,91.8577194,4.7,"tourist_attraction, place_of_worship, point_of_interest, establishment",museum,Arunachal Pradesh,Winter,Tawang,3899
Nyukmadung War Memorial,27.4086219,92.1325861,4.7,"tourist_attraction, point_of_interest, establishment",museum,Arunachal Pradesh,Winter,Tawang,305
Giant Buddha Statue & Temple,27.5976647,91.87098429999999,4.6,"tourist_attraction, point_of_interest, establishment",museum,Arunachal Pradesh,Winter,Tawang,2163
Veerangan Gate,27.5864765,91.8767129,5,"museum, point_of_interest, establishment",museum,Arunachal Pradesh,Winter,Tawang,1
16 madras museum,27.4087246,92.1329701,0,"museum, point_of_interest, establishment",museum,Arunachal Pradesh,Winter,Tawang,0
Holy Water Falls - Chumi Gyatse-India,27.7664473,91.9856071,4.9,"tourist_attraction, place_of_worship, point_of_interest, establishment",waterfalls,Arunachal Pradesh,Monsoon,Tawang,89
Kimaya Falls,27.6753762,91.7043812,4.5,"tourist_attraction, point_of_interest, establishment",waterfalls,Arunachal Pradesh,Monsoon,Tawang,17
Jung falls (Nuranang falls),27.5894875,91.9832969,4.8,"tourist_attraction, point_of_interest, establishment",waterfalls,Arunachal Pradesh,Monsoon,Tawang,2542
Waterfall on the way to Shungetsar Lake,27.7183569,91.8281931,5,"tourist_attraction, point_of_interest, establishment",waterfalls,Arunachal Pradesh,Monsoon,Tawang,4
Jang Valley,27.5771317,91.9980077,4.4,"tourist_attraction, point_of_interest, establishment",waterfalls,Arunachal Pradesh,Monsoon,Tawang,30
BTK waterfall,27.6304352,91.72069169999999,5,"tourist_attraction, point_of_interest, establishment",waterfalls,Arunachal Pradesh,Monsoon,Tawang,5
Panga Teng Tso lake,27.6379321,91.85621929999999,4.6,"tourist_attraction, point_of_interest, establishment",waterfalls,Arunachal Pradesh,Monsoon,Tawang,474
Zero Point Mangnam,27.5540261,91.7545426,4.2,"tourist_attraction, point_of_interest, establishment",waterfalls,Arunachal Pradesh,Monsoon,Tawang,18
"Murga Bridge, Jang, Tawang, Arunachal Pradesh",27.6114773,91.9976902,4.7,"tourist_attraction, point_of_interest, establishment",waterfalls,Arunachal Pradesh,Monsoon,Tawang,3
Bum La Pass- India,27.7211597,91.892227,4.8,"tourist_attraction, landmark, point_of_interest, establishment",waterfalls,Arunachal Pradesh,Monsoon,Tawang,1720
Shungetsar Lake,27.7216875,91.82382810000001,4.7,"tourist_attraction, point_of_interest, establishment",waterfalls,Arunachal Pradesh,Monsoon,Tawang,209
Nuranang Valley,27.5340403,92.05316739999999,4.2,"point_of_interest, establishment",waterfalls,Arunachal Pradesh,Monsoon,Tawang,10
Blooming Alpine grass,27.5316676,92.0616438,4.9,"tourist_attraction, point_of_interest, establishment",waterfalls,Arunachal Pradesh,Monsoon,Tawang,7
Lungrola,27.7567652,91.7820184,4.9,"tourist_attraction, point_of_interest, establishment",waterfalls,Arunachal Pradesh,Monsoon,Tawang,16
Hot Spring Tsechu,27.7228618,92.02144009999999,5,"tourist_attraction, point_of_interest, establishment",waterfalls,Arunachal Pradesh,Monsoon,Tawang,5
Jang Park,27.5736915,91.98569359999999,4.2,"park, point_of_interest, establishment",waterfalls,Arunachal Pradesh,Monsoon,Tawang,6
Tawang War Memorial,27.586816,91.8768571,4.7,"tourist_attraction, point_of_interest, establishment",waterfalls,Arunachal Pradesh,Monsoon,Tawang,3453
"Sangestar Tso Lake - Tawang District, Arunachal Pradesh, India",27.5860574,91.8594062,4.8,"tourist_attraction, point_of_interest, establishment",waterfalls,Arunachal Pradesh,Monsoon,Tawang,31
Giant Buddha Statue & Temple,27.5976647,91.87098429999999,4.6,"tourist_attraction, point_of_interest, establishment",waterfalls,Arunachal Pradesh,Monsoon,Tawang,2163
Lungroo Grazing Ground,27.6844683,91.9507599,4.6,"tourist_attraction, point_of_interest, establishment",waterfalls,Arunachal Pradesh,Monsoon,Tawang,9
Tawang Monastery - Tawang Gaden Namgyal Lhatse Monastery,27.5867261,91.8577194,4.7,"tourist_attraction, place_of_worship, point_of_interest, establishment",temples,Arunachal Pradesh,All Seasons,Tawang,3899
Shree Swayambhu Mandir,27.6919611,91.8794229,4.7,"hindu_temple, place_of_worship, point_of_interest, establishment",temples,Arunachal Pradesh,All Seasons,Tawang,6
Chador Lhakhang,27.3957244,91.6061113,4.3,"tourist_attraction, place_of_worship, point_of_interest, establishment",temples,Arunachal Pradesh,All Seasons,Tawang,20
Muktangkhar lhakhang,27.3663659,91.5757924,4,"place_of_worship, point_of_interest, establishment",temples,Arunachal Pradesh,All Seasons,Tawang,1
Ugyenling Buddhist Monastery - Tawang,27.5797934,91.87297579999999,4.6,"place_of_worship, point_of_interest, establishment",temples,Arunachal Pradesh,All Seasons,Tawang,74
Sera jey jamyang choekhorling monastery,27.5721775,91.86829739999999,5,"place_of_worship, point_of_interest, establishment",temples,Arunachal Pradesh,All Seasons,Tawang,2
Changbu Shiv mandir,27.5977922,91.87915550000001,5,"hindu_temple, place_of_worship, point_of_interest, establishment",temples,Arunachal Pradesh,All Seasons,Tawang,5
Guru Padmasambhaba Monastery,27.7143051,91.7203263,4.7,"place_of_worship, point_of_interest, establishment",temples,Arunachal Pradesh,All Seasons,Tawang,11
Brama-dung-chung Ani Gompa,27.6121924,91.85469049999999,4.7,"place_of_worship, point_of_interest, establishment",temples,Arunachal Pradesh,All Seasons,Tawang,9
Gurudwara Tiger Hill,27.686959,91.8550999,4.9,"place_of_worship, point_of_interest, establishment",temples,Arunachal Pradesh,All Seasons,Tawang,45
"Gorsam Chorten Buddhist stupa (Oldest and Largest Buddhist Stupa)- Zemithang, Tawang District, Arunachal Pradesh, India",27.6981516,91.71592799999999,4.6,"place_of_worship, point_of_interest, establishment",temples,Arunachal Pradesh,All Seasons,Tawang,40
Gyalwa Jampa Lhakhang,27.5057155,91.65648569999999,0,"place_of_worship, point_of_interest, establishment",temples,Arunachal Pradesh,All Seasons,Tawang,0
Holy Water Falls - Chumi Gyatse-India,27.7664473,91.9856071,4.9,"tourist_attraction, place_of_worship, point_of_interest, establishment",temples,Arunachal Pradesh,All Seasons,Tawang,89
Norbulingka Gonpa,27.4254836,92.1377363,4.7,"place_of_worship, point_of_interest, establishment",temples,Arunachal Pradesh,All Seasons,Tawang,3
Khromten Gompa,27.603514,91.802002,5,"place_of_worship, point_of_interest, establishment",temples,Arunachal Pradesh,All Seasons,Tawang,5
Thongmin monastery,27.5852793,91.9126886,3.7,"place_of_worship, point_of_interest, establishment",temples,Arunachal Pradesh,All Seasons,Tawang,3
Kangteng monastery,27.571604,91.84972069999999,5,"place_of_worship, point_of_interest, establishment",temples,Arunachal Pradesh,All Seasons,Tawang,1
"Khyam-Tong Monastary, Mirba Village",27.5533912,91.9427558,5,"place_of_worship, point_of_interest, establishment",temples,Arunachal Pradesh,All Seasons,Tawang,1
Tokshimang temple,27.3606929,91.7234051,5,"place_of_worship, point_of_interest, establishment",temples,Arunachal Pradesh,All Seasons,Tawang,1
Giant Buddha Statue & Temple,27.5976647,91.87098429999999,4.6,"tourist_attraction, point_of_interest, establishment",temples,Arunachal Pradesh,All Seasons,Tawang,2163
Xungma tse,27.5879623,91.9582617,4,"place_of_worship, point_of_interest, establishment",temples,Arunachal Pradesh,All Seasons,Tawang,2
Urgelling gompa,27.581205,91.844025,4.4,"place_of_worship, point_of_interest, establishment",temples,Arunachal Pradesh,All Seasons,Tawang,8
Tsenkharla Zangdopelri Lhakhang,27.472014,91.5666062,4.5,"place_of_worship, point_of_interest, establishment",temples,Arunachal Pradesh,All Seasons,Tawang,2
Thongphu Trashigang,27.3200439,91.6538132,5,"place_of_worship, point_of_interest, establishment",temples,Arunachal Pradesh,All Seasons,Tawang,3
Changprong Gonpa,27.5738384,91.8637789,5,"place_of_worship, point_of_interest, establishment",temples,Arunachal Pradesh,All Seasons,Tawang,1
Birth place of H E TG Rinpoche,27.5880242,91.95837800000001,5,"place_of_worship, point_of_interest, establishment",temples,Arunachal Pradesh,All Seasons,Tawang,2
Thromang Lhakhang,27.3191682,91.7118886,5,"place_of_worship, point_of_interest, establishment",temples,Arunachal Pradesh,All Seasons,Tawang,1
Borongtse Temple,27.4179106,91.92293409999999,4.5,"place_of_worship, point_of_interest, establishment",temples,Arunachal Pradesh,All Seasons,Tawang,2
Kharshung Lhakhang,27.3223721,91.6154419,3,"place_of_worship, point_of_interest, establishment",temples,Arunachal Pradesh,All Seasons,Tawang,1
"New Tall 1000 Buddha Gonpa, Tawang",27.5830667,91.87585999999999,4,"place_of_worship, point_of_interest, establishment",temples,Arunachal Pradesh,All Seasons,Tawang,1
Jamgon Choileng Monastery (Kharung),27.5089271,91.7458427,5,"place_of_worship, point_of_interest, establishment",temples,Arunachal Pradesh,All Seasons,Tawang,1
Naktsang Goenkhang,27.3894712,91.60569509999999,5,"place_of_worship, point_of_interest, establishment",temples,Arunachal Pradesh,All Seasons,Tawang,1
Sengcham Goenpa,27.3434402,91.655283,5,"place_of_worship, point_of_interest, establishment",temples,Arunachal Pradesh,All Seasons,Tawang,3
Mahabodhi Dhammika Stupa,27.5602948,91.87874099999999,5,"place_of_worship, point_of_interest, establishment",temples,Arunachal Pradesh,All Seasons,Tawang,1
Durga Mandir,27.5751107,91.9834978,0,"hindu_temple, place_of_worship, point_of_interest, establishment",temples,Arunachal Pradesh,All Seasons,Tawang,0
Giant statue of Tara Devi,27.5298329,91.71078729999999,4.7,"tourist_attraction, point_of_interest, establishment",temples,Arunachal Pradesh,All Seasons,Tawang,184
Rinchin Wamhchuk,27.594179,91.8669006,5,"place_of_worship, point_of_interest, establishment",temples,Arunachal Pradesh,All Seasons,Tawang,2
Bongleng Gonpa,27.4859405,91.7319327,5,"place_of_worship, point_of_interest, establishment",temples,Arunachal Pradesh,All Seasons,Tawang,1
Gom Kora,27.4256997,91.5643072,4.6,"tourist_attraction, place_of_worship, point_of_interest, establishment",temples,Arunachal Pradesh,All Seasons,Tawang,40
OM Bha Ney,27.5084783,91.6050736,4.8,"place_of_worship, point_of_interest, establishment",temples,Arunachal Pradesh,All Seasons,Tawang,11
Buddha Statue - Thongba Gompa,27.7110662,91.7174588,5,"place_of_worship, point_of_interest, establishment",temples,Arunachal Pradesh,All Seasons,Tawang,2
Kakani Lhakhang,27.3728341,91.63806559999999,4.5,"place_of_worship, point_of_interest, establishment",temples,Arunachal Pradesh,All Seasons,Tawang,2
Center for Buddhist Cultural Studies,27.5868882,91.8571127,4.5,"place_of_worship, point_of_interest, establishment",temples,Arunachal Pradesh,All Seasons,Tawang,2
Old Market Gonpa,27.5946199,91.8716381,4.5,"place_of_worship, point_of_interest, establishment",temples,Arunachal Pradesh,All Seasons,Tawang,6
Kapal draphu,27.4241552,91.5618669,4.5,"place_of_worship, point_of_interest, establishment",temples,Arunachal Pradesh,All Seasons,Tawang,2
Goekar Lhakhang,27.4535504,91.61205199999999,3,"place_of_worship, point_of_interest, establishment",temples,Arunachal Pradesh,All Seasons,Tawang,1
Taktsang Gompa Tawang,27.7171823,91.8019504,4.7,"place_of_worship, point_of_interest, establishment",temples,Arunachal Pradesh,All Seasons,Tawang,100
Shakshing Goenpa,27.4872812,91.5669082,4,"place_of_worship, point_of_interest, establishment",temples,Arunachal Pradesh,All Seasons,Tawang,8
Choeten lhakhang,27.3987052,91.6088922,4,"place_of_worship, point_of_interest, establishment",temples,Arunachal Pradesh,All Seasons,Tawang,1
Serdam Goenpa (Lhakhang),27.3907442,91.79220649999999,5,"place_of_worship, point_of_interest, establishment",temples,Arunachal Pradesh,All Seasons,Tawang,1
Giant Copper Buddha Statue,27.5059415,91.6563776,4.8,"place_of_worship, point_of_interest, establishment",temples,Arunachal Pradesh,All Seasons,Tawang,6
Guga Mandir,27.5751426,91.983452,0,"hindu_temple, place_of_worship, point_of_interest, establishment",temples,Arunachal Pradesh,All Seasons,Tawang,0
Dumaang lhakhang,27.4827183,91.6005167,0,"place_of_worship, point_of_interest, establishment",temples,Arunachal Pradesh,All Seasons,Tawang,0
Khabti Lhakhang,27.3358522,91.6087172,0,"place_of_worship, point_of_interest, establishment",temples,Arunachal Pradesh,All Seasons,Tawang,0
Darchen Goenpa (དར་གཅན་དགོན་པ།),27.5020449,91.5654995,5,"place_of_worship, point_of_interest, establishment",temples,Arunachal Pradesh,All Seasons,Tawang,2
Galing Rinpoche Lhakhang,27.3335047,91.6566601,0,"place_of_worship, point_of_interest, establishment",temples,Arunachal Pradesh,All Seasons,Tawang,0
Shree Swayambhu Lake,27.6921018,91.8772201,5,"tourist_attraction, point_of_interest, establishment",temples,Arunachal Pradesh,All Seasons,Tawang,1
Yoeju Lhakhang,27.4023653,91.92171019999999,5,"place_of_worship, point_of_interest, establishment",temples,Arunachal Pradesh,All Seasons,Tawang,2
Ani Gompa monastery,27.6113591,91.8192337,3.8,"place_of_worship, point_of_interest, establishment",temples,Arunachal Pradesh,All Seasons,Tawang,6
Shim gonpa,27.4341992,92.14802999999999,0,"place_of_worship, point_of_interest, establishment",temples,Arunachal Pradesh,All Seasons,Tawang,0
Hotel North Hill,27.5976835,91.87036570000001,4.4,"lodging, point_of_interest, establishment",hills,Arunachal Pradesh,Winter,Tawang,87
DOWN HILL JANG,27.5821427,91.98070659999999,3.6,"drugstore, pharmacy, health, store, point_of_interest, establishment",hills,Arunachal Pradesh,Winter,Tawang,11
Gurudwara Tiger Hill,27.686959,91.8550999,4.9,"place_of_worship, point_of_interest, establishment",hills,Arunachal Pradesh,Winter,Tawang,45
Tom Hill,27.4186013,92.14797229999999,5,"place_of_worship, point_of_interest, establishment",hills,Arunachal Pradesh,Winter,Tawang,2
"""62 DOWN HILL"" FOODING AND LODGING (Tour Agency)",27.5779679,91.98404330000001,4.4,"lodging, point_of_interest, establishment",hills,Arunachal Pradesh,Winter,Tawang,28
Destination Hills,27.5950137,91.8685505,5,"point_of_interest, establishment",hills,Arunachal Pradesh,Winter,Tawang,15
Tawang city,27.5946629,91.8709343,4.7,"tourist_attraction, point_of_interest, establishment",hills,Arunachal Pradesh,Winter,Tawang,209
Nye Chen Guest House Tawang,27.5975773,91.87035329999999,5,"lodging, point_of_interest, establishment",hills,Arunachal Pradesh,Winter,Tawang,21
Giant statue of Tara Devi,27.5298329,91.71078729999999,4.7,"tourist_attraction, point_of_interest, establishment",hills,Arunachal Pradesh,Winter,Tawang,184
Taktsang Gompa Tawang,27.7171823,91.8019504,4.7,"place_of_worship, point_of_interest, establishment",hills,Arunachal Pradesh,Winter,Tawang,100
"Hotel Mon Paradise, Tawang",27.5917824,91.8755683,4.2,"lodging, point_of_interest, establishment",hills,Arunachal Pradesh,Winter,Tawang,263
Panga Teng Tso lake,27.6379321,91.85621929999999,4.6,"tourist_attraction, point_of_interest, establishment",attraction,Arunachal Pradesh,All Seasons,Tawang,474
Bum La Pass- India,27.7211597,91.892227,4.8,"tourist_attraction, landmark, point_of_interest, establishment",attraction,Arunachal Pradesh,All Seasons,Tawang,1720
Sela Lake,27.5098079,92.100854,4.7,"tourist_attraction, point_of_interest, establishment",attraction,Arunachal Pradesh,All Seasons,Tawang,277
Jung falls (Nuranang falls),27.5894875,91.9832969,4.8,"tourist_attraction, point_of_interest, establishment",attraction,Arunachal Pradesh,All Seasons,Tawang,2542
Giant Buddha Statue & Temple,27.5976647,91.87098429999999,4.6,"tourist_attraction, point_of_interest, establishment",attraction,Arunachal Pradesh,All Seasons,Tawang,2163
Snow Access wooden bridge,27.5486702,92.0254453,4,"tourist_attraction, point_of_interest, establishment",attraction,Arunachal Pradesh,All Seasons,Tawang,2
Giant statue of Tara Devi,27.5298329,91.71078729999999,4.7,"tourist_attraction, point_of_interest, establishment",attraction,Arunachal Pradesh,All Seasons,Tawang,184
Tawang War Memorial Light & Sound Show Point,27.5868125,91.8768594,5,"tourist_attraction, point_of_interest, establishment",attraction,Arunachal Pradesh,All Seasons,Tawang,2
Hot Spring,27.6511308,92.1120919,3.9,"tourist_attraction, point_of_interest, establishment",attraction,Arunachal Pradesh,All Seasons,Tawang,7
SELA TUNNEL,27.5494862,92.02433429999999,4.7,"tourist_attraction, point_of_interest, establishment",attraction,Arunachal Pradesh,All Seasons,Tawang,43
Stupa & View Point of Tawang,27.5904528,91.85890239999999,5,"tourist_attraction, point_of_interest, establishment",attraction,Arunachal Pradesh,All Seasons,Tawang,3
Darkgreen Adventures Sela Point,27.5056917,92.1049644,4.7,"tourist_attraction, point_of_interest, establishment",attraction,Arunachal Pradesh,All Seasons,Tawang,26
Holy Water Falls - Chumi Gyatse-India,27.7664473,91.9856071,4.9,"tourist_attraction, place_of_worship, point_of_interest, establishment",attraction,Arunachal Pradesh,All Seasons,Tawang,89
Sirdi Water falls,27.7097349,91.72894219999999,0,"tourist_attraction, point_of_interest, establishment",attraction,Arunachal Pradesh,All Seasons,Tawang,0
Tawang city,27.5946629,91.8709343,4.7,"tourist_attraction, point_of_interest, establishment",attraction,Arunachal Pradesh,All Seasons,Tawang,209
Jang Valley,27.5771317,91.9980077,4.4,"tourist_attraction, point_of_interest, establishment",attraction,Arunachal Pradesh,All Seasons,Tawang,30
Tawang War Memorial,27.586816,91.8768571,4.7,"tourist_attraction, point_of_interest, establishment",attraction,Arunachal Pradesh,All Seasons,Tawang,3453
Festival ground,27.5986357,91.8767463,4.4,"tourist_attraction, point_of_interest, establishment",attraction,Arunachal Pradesh,All Seasons,Tawang,26
Kimaya Falls,27.6753762,91.7043812,4.5,"tourist_attraction, point_of_interest, establishment",attraction,Arunachal Pradesh,All Seasons,Tawang,17
Shree Swayambhu Lake,27.6921018,91.8772201,5,"tourist_attraction, point_of_interest, establishment",attraction,Arunachal Pradesh,All Seasons,Tawang,1
Lungroo Grazing Ground,27.6844683,91.9507599,4.6,"tourist_attraction, point_of_interest, establishment",attraction,Arunachal Pradesh,All Seasons,Tawang,9
"Murga Bridge, Jang, Tawang, Arunachal Pradesh",27.6114773,91.9976902,4.7,"tourist_attraction, point_of_interest, establishment",attraction,Arunachal Pradesh,All Seasons,Tawang,3
Tawang war memorial,27.632451,91.7538817,4.8,"tourist_attraction, point_of_interest, establishment",attraction,Arunachal Pradesh,All Seasons,Tawang,4
Sela top,27.5016386,92.1042456,4.4,"tourist_attraction, point_of_interest, establishment",attraction,Arunachal Pradesh,All Seasons,Tawang,49
Waterfall on the way to Shungetsar Lake,27.7183569,91.8281931,5,"tourist_attraction, point_of_interest, establishment",attraction,Arunachal Pradesh,All Seasons,Tawang,4
Zero Point Mangnam,27.5540261,91.7545426,4.2,"tourist_attraction, point_of_interest, establishment",attraction,Arunachal Pradesh,All Seasons,Tawang,18
"Shiva's stone face, Mirba village",27.5376733,91.9546424,5,"tourist_attraction, point_of_interest, establishment",attraction,Arunachal Pradesh,All Seasons,Tawang,2
Shungetsar Lake,27.7216875,91.82382810000001,4.7,"tourist_attraction, point_of_interest, establishment",attraction,Arunachal Pradesh,All Seasons,Tawang,209
Selatop,27.5139945,92.10164689999999,4.5,"tourist_attraction, point_of_interest, establishment",attraction,Arunachal Pradesh,All Seasons,Tawang,19
MUMMY HUT (IN),27.6931622,91.95173659999999,3.8,"tourist_attraction, point_of_interest, establishment",attraction,Arunachal Pradesh,All Seasons,Tawang,4
Lungrola,27.7567652,91.7820184,4.9,"tourist_attraction, point_of_interest, establishment",attraction,Arunachal Pradesh,All Seasons,Tawang,16
"Sangestar Tso Lake - Tawang District, Arunachal Pradesh, India",27.5860574,91.8594062,4.8,"tourist_attraction, point_of_interest, establishment",attraction,Arunachal Pradesh,All Seasons,Tawang,31
Hot Spring Tsechu,27.7228618,92.02144009999999,5,"tourist_attraction, point_of_interest, establishment",attraction,Arunachal Pradesh,All Seasons,Tawang,5
BTK waterfall,27.6304352,91.72069169999999,5,"tourist_attraction, point_of_interest, establishment",attraction,Arunachal Pradesh,All Seasons,Tawang,5
Hot Spring Damteng,27.7226579,92.013942,4.7,"tourist_attraction, point_of_interest, establishment",attraction,Arunachal Pradesh,All Seasons,Tawang,6
Y Junction,27.6077271,91.851343,0,"tourist_attraction, point_of_interest, establishment",attraction,Arunachal Pradesh,All Seasons,Tawang,0
Sela Pass,27.5034929,92.1044897,4.8,"tourist_attraction, point_of_interest, establishment",attraction,Arunachal Pradesh,All Seasons,Tawang,270
Blooming Alpine grass,27.5316676,92.0616438,4.9,"tourist_attraction, point_of_interest, establishment",attraction,Arunachal Pradesh,All Seasons,Tawang,7
Sela Lake,27.5860574,91.8594062,4,"tourist_attraction, point_of_interest, establishment",attraction,Arunachal Pradesh,All Seasons,Tawang,1
SUBASH HUT (IN),27.7019873,91.9689513,4,"tourist_attraction, point_of_interest, establishment",attraction,Arunachal Pradesh,All Seasons,Tawang,4
Smriti Sthal,27.5505692,92.02162059999999,5,"tourist_attraction, point_of_interest, establishment",attraction,Arunachal Pradesh,All Seasons,Tawang,1
Holy Tree of Grong Kukpa,27.7678189,91.72734009999999,4.9,"tourist_attraction, place_of_worship, point_of_interest, establishment",attraction,Arunachal Pradesh,All Seasons,Tawang,22
Gom Kora,27.4256997,91.5643072,4.6,"tourist_attraction, place_of_worship, point_of_interest, establishment",attraction,Arunachal Pradesh,All Seasons,Tawang,40
Manam,27.4930914,91.64498139999999,0,"tourist_attraction, point_of_interest, establishment",attraction,Arunachal Pradesh,All Seasons,Tawang,0
104 feet National Flag Tawang,27.5965626,91.87171719999999,4.8,"tourist_attraction, point_of_interest, establishment",attraction,Arunachal Pradesh,All Seasons,Tawang,13
Jangjang Mani,27.3748426,91.5971696,4.5,"tourist_attraction, point_of_interest, establishment",attraction,Arunachal Pradesh,All Seasons,Tawang,4
Tawang Monastery - Tawang Gaden Namgyal Lhatse Monastery,27.5867261,91.8577194,4.7,"tourist_attraction, place_of_worship, point_of_interest, establishment",attraction,Arunachal Pradesh,All Seasons,Tawang,3899
Subedar Joginder Singh Amphitheatre Light and sound show,27.5879692,91.87695219999999,4.3,"tourist_attraction, point_of_interest, establishment",attraction,Arunachal Pradesh,All Seasons,Tawang,4
Madhuri lake,27.5860574,91.8594062,0,"tourist_attraction, point_of_interest, establishment",attraction,Arunachal Pradesh,All Seasons,Tawang,0
Chador Lhakhang,27.3957244,91.6061113,4.3,"tourist_attraction, place_of_worship, point_of_interest, establishment",attraction,Arunachal Pradesh,All Seasons,Tawang,20
Nyukmadung War Memorial,27.4086219,92.1325861,4.7,"tourist_attraction, point_of_interest, establishment",attraction,Arunachal Pradesh,All Seasons,Tawang,305
Dr. Bhupen Hazarika park,27.1871455,95.3473022,4.4,"park, point_of_interest, establishment",parks,Arunachal Pradesh,Spring,Tirap,47
"Children Park, namrup",27.1870957,95.3502707,3.8,"park, point_of_interest, establishment",parks,Arunachal Pradesh,Spring,Tirap,25
সেউজী উদ্যান,27.1882967,95.34609019999999,5,"park, point_of_interest, establishment",parks,Arunachal Pradesh,Spring,Tirap,2
Khonsa Park,26.9916589,95.5086548,3.7,"park, point_of_interest, establishment",parks,Arunachal Pradesh,Spring,Tirap,143
B NAHARDEKA,27.1945125,95.3477344,1,"park, point_of_interest, establishment",parks,Arunachal Pradesh,Spring,Tirap,1
দিহিং পাটকাই ৰাষ্ট্ৰীয় উদ্যান,27.2370633,95.45086429999999,4.3,"park, point_of_interest, establishment",parks,Arunachal Pradesh,Spring,Tirap,4
Moh mol ground officer colony,27.1352533,95.73155,3.5,"park, point_of_interest, establishment",parks,Arunachal Pradesh,Spring,Tirap,6
2no.Dillighat V.D.P CAMP,27.1670732,95.35606399999999,0,"park, point_of_interest, establishment",parks,Arunachal Pradesh,Spring,Tirap,0
দিহিং পাটকাই ৰাষ্ট্ৰীয় উদ্যান,27.2493619,95.4125962,4.3,"park, point_of_interest, establishment",parks,Arunachal Pradesh,Spring,Tirap,35
Rupahi aideo park & camp,27.1404781,95.3674952,4.3,"campground, park, lodging, point_of_interest, establishment",parks,Arunachal Pradesh,Spring,Tirap,7
Manbang's garden,26.8503464,95.4108447,0,"park, point_of_interest, establishment",parks,Arunachal Pradesh,Spring,Tirap,0
Abhaipur gaow play ground,27.2183726,95.3928404,5,"park, point_of_interest, establishment",parks,Arunachal Pradesh,Spring,Tirap,1
Changu field,27.167076,95.35606,0,"park, point_of_interest, establishment",parks,Arunachal Pradesh,Spring,Tirap,0
Changlang Arunachal Pradesh,27.1355348,95.73644170000001,4.8,"park, point_of_interest, establishment",parks,Arunachal Pradesh,Spring,Tirap,4
Changlang Arunachal Pradesh,27.140519,95.7368571,4.2,"park, point_of_interest, establishment",parks,Arunachal Pradesh,Spring,Tirap,80
Mintong Arunachal,26.780024,95.3288077,0,"park, point_of_interest, establishment",parks,Arunachal Pradesh,Spring,Tirap,0
Valley view point of Kalapahar Wakka ww,26.7907156,95.41627319999999,4.6,"park, point_of_interest, establishment",parks,Arunachal Pradesh,Spring,Tirap,8
Network point,26.837169,95.35208759999999,0,"park, point_of_interest, establishment",parks,Arunachal Pradesh,Spring,Tirap,0
Minu's Garden,27.2657044,95.3927831,5,"park, point_of_interest, establishment",parks,Arunachal Pradesh,Spring,Tirap,1
Tong Tilla,27.2574265,95.63019709999999,4.5,"park, point_of_interest, establishment",parks,Arunachal Pradesh,Spring,Tirap,4
Dilli Ghat,27.1423519,95.3660116,4.3,"tourist_attraction, park, point_of_interest, establishment",parks,Arunachal Pradesh,Spring,Tirap,792
Bihutoli Lotus Garden,27.1939218,95.3595304,3.7,"park, point_of_interest, establishment",parks,Arunachal Pradesh,Spring,Tirap,86
Tipam deosali hills,27.2604373,95.4152224,4.5,"park, point_of_interest, establishment",parks,Arunachal Pradesh,Spring,Tirap,409
Dehing Patkai National Forest,27.247705,95.4375853,4.5,"tourist_attraction, point_of_interest, establishment",parks,Arunachal Pradesh,Spring,Tirap,2
Tissa picnic spot,26.9098298,95.36379679999999,4.1,"park, point_of_interest, establishment",parks,Arunachal Pradesh,Spring,Tirap,29
"লাই-লেচাই টিলা, Lai-Lechai Tila",27.2629968,95.71670139999999,4.3,"park, point_of_interest, establishment",parks,Arunachal Pradesh,Spring,Tirap,4
Pradhan Chari Aali,27.1669613,95.3561739,5,"park, point_of_interest, establishment",parks,Arunachal Pradesh,Spring,Tirap,4
Deomali Elephant Reserve,27.212063,95.49464499999999,5,"zoo, park, point_of_interest, establishment",parks,Arunachal Pradesh,Spring,Tirap,1
Dalda Garden,27.2053146,95.4703066,4.6,"park, point_of_interest, establishment",parks,Arunachal Pradesh,Spring,Tirap,9
View point of kaimoi village (panshih nu gem ) Nassagem),26.8518468,95.4159825,5,"park, point_of_interest, establishment",parks,Arunachal Pradesh,Spring,Tirap,1
naga goli,27.1614616,95.3269744,5,"park, point_of_interest, establishment",parks,Arunachal Pradesh,Spring,Tirap,1
NGAWANG POSHA,26.8819298,95.41049500000001,5,"park, point_of_interest, establishment",parks,Arunachal Pradesh,Spring,Tirap,1
taiwang wangsa,27.1756042,95.475315,4.5,"park, point_of_interest, establishment",parks,Arunachal Pradesh,Spring,Tirap,2
BANGSIA TEA & ARECANUT GARDEN,27.0424198,95.4537862,0,"park, point_of_interest, establishment",parks,Arunachal Pradesh,Spring,Tirap,0
Ogaman kamhuanoknu,26.783296,95.3225755,5,"park, point_of_interest, establishment",parks,Arunachal Pradesh,Spring,Tirap,1
HONDIK'S Garden,26.9021384,95.5806688,0,"park, point_of_interest, establishment",parks,Arunachal Pradesh,Spring,Tirap,0
Man Bahadur Tea Garden,27.2632597,95.7042895,0,"park, point_of_interest, establishment",parks,Arunachal Pradesh,Spring,Tirap,0
TINGKAM LUKHAM's PLOT No-IV,26.9593329,95.32991679999999,5,"park, point_of_interest, establishment",parks,Arunachal Pradesh,Spring,Tirap,5
Akashi Ganga,27.157782,95.4062032,3,"park, point_of_interest, establishment",parks,Arunachal Pradesh,Spring,Tirap,1
Dehing Eco-Camp,27.2698546,95.4003398,4,"campground, park, lodging, point_of_interest, establishment",parks,Arunachal Pradesh,Spring,Tirap,1
Tea Estate,27.011764,95.49746999999999,4.8,"park, point_of_interest, establishment",parks,Arunachal Pradesh,Spring,Tirap,6
Mountain view,27.0876777,95.385401,2,"park, point_of_interest, establishment",parks,Arunachal Pradesh,Spring,Tirap,1
Munna kumar,27.1835838,95.3468563,0,"park, point_of_interest, establishment",parks,Arunachal Pradesh,Spring,Tirap,0
Lapnan chinsong pit,26.9907198,95.4827449,4,"park, point_of_interest, establishment",parks,Arunachal Pradesh,Spring,Tirap,1
1 pst,26.9928749,95.501379,0,"park, point_of_interest, establishment",parks,Arunachal Pradesh,Spring,Tirap,0
John pal Markey,27.1835838,95.3468563,0,"park, point_of_interest, establishment",parks,Arunachal Pradesh,Spring,Tirap,0
Puspa Tamang,27.1983125,95.4706875,0,"park, point_of_interest, establishment",parks,Arunachal Pradesh,Spring,Tirap,0
SOIL,27.2682494,95.3884678,4.3,"campground, park, lodging, point_of_interest, establishment",parks,Arunachal Pradesh,Spring,Tirap,6
Nagendra (Khiru),27.2606002,95.41233539999999,0,"park, point_of_interest, establishment",parks,Arunachal Pradesh,Spring,Tirap,0
Taliam tea garden,27.0472296,95.452489,0,"park, point_of_interest, establishment",parks,Arunachal Pradesh,Spring,Tirap,0
Divya gogoi,27.1873333,95.3622833,0,"park, point_of_interest, establishment",parks,Arunachal Pradesh,Spring,Tirap,0
First view point of kaimoi village (nassa),26.8585722,95.4033674,0,"park, point_of_interest, establishment",parks,Arunachal Pradesh,Spring,Tirap,0
Way to wakka road,26.8395676,95.4452628,0,"park, point_of_interest, establishment",parks,Arunachal Pradesh,Spring,Tirap,0
Enush home,27.1835838,95.3468563,0,"park, point_of_interest, establishment",parks,Arunachal Pradesh,Spring,Tirap,0
Tehian Kuh,26.8936001,95.4611573,0,"park, point_of_interest, establishment",parks,Arunachal Pradesh,Spring,Tirap,0
LONGKAI VILLAGE LONGKAI NOK,26.8812441,95.40925179999999,4.2,"park, point_of_interest, establishment",parks,Arunachal Pradesh,Spring,Tirap,5
SH.P.WANGSU TEMANG PATHAR,26.9387086,95.35028109999999,0,"park, point_of_interest, establishment",parks,Arunachal Pradesh,Spring,Tirap,0
PANKAM RANGKHAM & LEMKAI RANGKHAM Fish farm & eco Tourism,26.9632412,95.3371279,0,"park, point_of_interest, establishment",parks,Arunachal Pradesh,Spring,Tirap,0
Land (boby longku ),27.2350931,95.6170643,0,"park, point_of_interest, establishment",parks,Arunachal Pradesh,Spring,Tirap,0
Khoichai kamho,26.7994586,95.34591879999999,0,"park, point_of_interest, establishment",parks,Arunachal Pradesh,Spring,Tirap,0
"Khonsa District Museum - Khonsa, Tirap District, Arunachal Pradesh, India",26.9907591,95.5031537,3,"museum, tourist_attraction, point_of_interest, establishment",museum,Arunachal Pradesh,Winter,Tirap,7
Senua Waterfall,26.8995117,95.36235239999999,4.5,"tourist_attraction, point_of_interest, establishment",waterfalls,Arunachal Pradesh,Monsoon,Tirap,11
Longding Waterfall,26.8842498,95.3286763,4.1,"tourist_attraction, point_of_interest, establishment",waterfalls,Arunachal Pradesh,Monsoon,Tirap,85
BVFCL Jack Well,27.1726853,95.34831199999999,4.2,"tourist_attraction, point_of_interest, establishment",waterfalls,Arunachal Pradesh,Monsoon,Tirap,389
Namrup Waterfalls - Dichang,27.1729737,95.3482564,3.7,"tourist_attraction, point_of_interest, establishment",waterfalls,Arunachal Pradesh,Monsoon,Tirap,47
Dilli Ghat,27.1423519,95.3660116,4.3,"tourist_attraction, park, point_of_interest, establishment",waterfalls,Arunachal Pradesh,Monsoon,Tirap,792
Tipam Fakial,27.259895,95.41496599999999,4.2,"tourist_attraction, point_of_interest, establishment",waterfalls,Arunachal Pradesh,Monsoon,Tirap,28
Tipam deosali hills,27.2604373,95.4152224,4.5,"park, point_of_interest, establishment",waterfalls,Arunachal Pradesh,Monsoon,Tirap,409
Tirap valley Fall,26.9956602,95.4951653,3.2,"tourist_attraction, point_of_interest, establishment",waterfalls,Arunachal Pradesh,Monsoon,Tirap,5
Tissa picnic spot,26.9098298,95.36379679999999,4.1,"park, point_of_interest, establishment",waterfalls,Arunachal Pradesh,Monsoon,Tirap,29
Tipam Deohali Than,27.2578625,95.41560940000001,4.3,"place_of_worship, point_of_interest, establishment",waterfalls,Arunachal Pradesh,Monsoon,Tirap,113
Namrup BVFCL Jack Well 2,27.171392,95.3507197,2.5,"point_of_interest, establishment",waterfalls,Arunachal Pradesh,Monsoon,Tirap,2
Dev Mandir,27.1905363,95.3523929,4.7,"hindu_temple, place_of_worship, point_of_interest, establishment",temples,Arunachal Pradesh,All Seasons,Tirap,10
Shiv Mandir,26.9902864,95.5059996,4.8,"hindu_temple, place_of_worship, point_of_interest, establishment",temples,Arunachal Pradesh,All Seasons,Tirap,5
Satsang Kendra,26.9944285,95.50423839999999,4.8,"hindu_temple, place_of_worship, point_of_interest, establishment",temples,Arunachal Pradesh,All Seasons,Tirap,4
Durga mandir,27.1941253,95.3610523,4.9,"hindu_temple, place_of_worship, point_of_interest, establishment",temples,Arunachal Pradesh,All Seasons,Tirap,7
"Shiv Mandir, Dilli Ghat, Namrup, Assam",27.1575771,95.3587537,4.3,"hindu_temple, place_of_worship, point_of_interest, establishment",temples,Arunachal Pradesh,All Seasons,Tirap,36
Shani Temple,26.9903402,95.50441599999999,4.6,"hindu_temple, place_of_worship, point_of_interest, establishment",temples,Arunachal Pradesh,All Seasons,Tirap,7
"Temple (Ramakrishna Mission, Narottam Nagar)",27.2438253,95.4987295,5,"hindu_temple, place_of_worship, point_of_interest, establishment",temples,Arunachal Pradesh,All Seasons,Tirap,8
Shani Mandir Namrup Duwania Gaon,27.191752,95.3520406,4.8,"hindu_temple, place_of_worship, point_of_interest, establishment",temples,Arunachal Pradesh,All Seasons,Tirap,5
Shiva Temple,26.9977817,95.5066391,4.8,"hindu_temple, place_of_worship, point_of_interest, establishment",temples,Arunachal Pradesh,All Seasons,Tirap,11
Sarbojanin Kumari Mandir,27.1874214,95.3461367,0,"hindu_temple, place_of_worship, point_of_interest, establishment",temples,Arunachal Pradesh,All Seasons,Tirap,0
Hindu Temple,26.8856098,95.32243609999999,5,"hindu_temple, place_of_worship, point_of_interest, establishment",temples,Arunachal Pradesh,All Seasons,Tirap,4
"Satsang Vihar, Namrup",27.192755,95.35679030000001,4.1,"hindu_temple, place_of_worship, point_of_interest, establishment",temples,Arunachal Pradesh,All Seasons,Tirap,18
Devabhumi Temple Complex,27.2463809,95.50617199999999,4.4,"hindu_temple, place_of_worship, point_of_interest, establishment",temples,Arunachal Pradesh,All Seasons,Tirap,7
Buddhist Temple,27.198542,95.46069969999999,4.4,"place_of_worship, point_of_interest, establishment",temples,Arunachal Pradesh,All Seasons,Tirap,5
Gram Kali Than,27.1990392,95.3571102,0,"hindu_temple, place_of_worship, point_of_interest, establishment",temples,Arunachal Pradesh,All Seasons,Tirap,0
Hanuman Mandir,27.266462,95.3963095,3.5,"hindu_temple, place_of_worship, point_of_interest, establishment",temples,Arunachal Pradesh,All Seasons,Tirap,4
Shakti Temple,27.1386445,95.7357021,4,"hindu_temple, place_of_worship, point_of_interest, establishment",temples,Arunachal Pradesh,All Seasons,Tirap,3
Shive mandir,27.2558742,95.70735049999999,3.3,"hindu_temple, place_of_worship, point_of_interest, establishment",temples,Arunachal Pradesh,All Seasons,Tirap,4
Shanti Mandir,27.1862867,95.4683065,4.7,"hindu_temple, place_of_worship, point_of_interest, establishment",temples,Arunachal Pradesh,All Seasons,Tirap,9
Aai Than,27.2019013,95.355023,5,"hindu_temple, place_of_worship, point_of_interest, establishment",temples,Arunachal Pradesh,All Seasons,Tirap,3
Krishna Temple,27.1382528,95.7349196,5,"hindu_temple, place_of_worship, point_of_interest, establishment",temples,Arunachal Pradesh,All Seasons,Tirap,3
Shanti Mandir,27.1801977,95.4731266,5,"hindu_temple, place_of_worship, point_of_interest, establishment",temples,Arunachal Pradesh,All Seasons,Tirap,1
Shiv Mandir,27.2403452,95.3262024,5,"hindu_temple, place_of_worship, point_of_interest, establishment",temples,Arunachal Pradesh,All Seasons,Tirap,1
Hindu Temple,26.9890547,95.50411629999999,3.8,"hindu_temple, place_of_worship, point_of_interest, establishment",temples,Arunachal Pradesh,All Seasons,Tirap,6
Shiv mandir,27.2204381,95.4292432,5,"hindu_temple, place_of_worship, point_of_interest, establishment",temples,Arunachal Pradesh,All Seasons,Tirap,1
Radha Krishna Temple,27.2555973,95.3744629,2.5,"hindu_temple, place_of_worship, point_of_interest, establishment",temples,Arunachal Pradesh,All Seasons,Tirap,4
Dilli ghat Shiva Temple,27.1418438,95.3656438,5,"hindu_temple, place_of_worship, point_of_interest, establishment",temples,Arunachal Pradesh,All Seasons,Tirap,2
Hill-Top Resort (Notun kheti Village),27.0759177,95.53262339999999,5,"restaurant, food, point_of_interest, establishment",hills,Arunachal Pradesh,Winter,Tirap,3
Hills view family resort,27.1871851,95.351591,3.7,"restaurant, food, point_of_interest, establishment",hills,Arunachal Pradesh,Winter,Tirap,3
HILL TOP WINES,27.1405601,95.737256,0,"liquor_store, store, point_of_interest, establishment",hills,Arunachal Pradesh,Winter,Tirap,0
Ranwang hill,26.8864471,95.4391424,0,"tourist_attraction, point_of_interest, establishment",hills,Arunachal Pradesh,Winter,Tirap,0
Ngabon hill,26.8847943,95.4445688,5,"point_of_interest, establishment",hills,Arunachal Pradesh,Winter,Tirap,1
Tipam deosali hills,27.2604373,95.4152224,4.5,"park, point_of_interest, establishment",hills,Arunachal Pradesh,Winter,Tirap,409
Kuhoo hill,26.9266496,95.46157,0,"point_of_interest, establishment",hills,Arunachal Pradesh,Winter,Tirap,0
Hotel Hilltop,26.9897617,95.5046191,4.8,"lodging, point_of_interest, establishment",hills,Arunachal Pradesh,Winter,Tirap,6
Dehing,27.2498559,95.4243935,4.5,"natural_feature, establishment",hills,Arunachal Pradesh,Winter,Tirap,8
Tipam Fakial,27.259895,95.41496599999999,4.2,"tourist_attraction, point_of_interest, establishment",hills,Arunachal Pradesh,Winter,Tirap,28
দিহিং পাটকাই ৰাষ্ট্ৰীয় উদ্যান,27.2493619,95.4125962,4.3,"park, point_of_interest, establishment",hills,Arunachal Pradesh,Winter,Tirap,35
Deomali,27.1973178,95.4678242,No rating,"locality, political",hills,Arunachal Pradesh,Winter,Tirap,0
Dilli Ghat,27.1423519,95.3660116,4.3,"tourist_attraction, park, point_of_interest, establishment",attraction,Arunachal Pradesh,All Seasons,Tirap,792
BVFCL Jack Well,27.1726853,95.34831199999999,4.2,"tourist_attraction, point_of_interest, establishment",attraction,Arunachal Pradesh,All Seasons,Tirap,389
Longding Waterfall,26.8842498,95.3286763,4.1,"tourist_attraction, point_of_interest, establishment",attraction,Arunachal Pradesh,All Seasons,Tirap,85
Namdang peace point path,27.2701446,95.69023469999999,4.4,"tourist_attraction, point_of_interest, establishment",attraction,Arunachal Pradesh,All Seasons,Tirap,5
Tipam Fakial,27.259895,95.41496599999999,4.2,"tourist_attraction, point_of_interest, establishment",attraction,Arunachal Pradesh,All Seasons,Tirap,28
View Point,27.1078395,95.6613818,4.7,"tourist_attraction, point_of_interest, establishment",attraction,Arunachal Pradesh,All Seasons,Tirap,9
Kendu tree,27.2475085,95.36398179999999,4.3,"tourist_attraction, point_of_interest, establishment",attraction,Arunachal Pradesh,All Seasons,Tirap,9
Moung Dun Sun Kham Gate,27.2667177,95.38610969999999,4.3,"tourist_attraction, point_of_interest, establishment",attraction,Arunachal Pradesh,All Seasons,Tirap,46
Tirap valley Fall,26.9956602,95.4951653,3.2,"tourist_attraction, point_of_interest, establishment",attraction,Arunachal Pradesh,All Seasons,Tirap,5
Jay D site,27.2314454,95.6291272,0,"tourist_attraction, point_of_interest, establishment",attraction,Arunachal Pradesh,All Seasons,Tirap,0
Buddha Statue,27.2449424,95.5061247,4.3,"tourist_attraction, point_of_interest, establishment",attraction,Arunachal Pradesh,All Seasons,Tirap,7
Hawa mahal namtok,27.2351429,95.6504076,2.8,"tourist_attraction, point_of_interest, establishment",attraction,Arunachal Pradesh,All Seasons,Tirap,5
Best view of chongkhow,26.757164,95.452339,2,"tourist_attraction, point_of_interest, establishment",attraction,Arunachal Pradesh,All Seasons,Tirap,1
"Ledo pahar,view point",27.2645838,95.7234431,5,"tourist_attraction, point_of_interest, establishment",attraction,Arunachal Pradesh,All Seasons,Tirap,2
Namrup clock tower,27.1937846,95.35582319999999,4.6,"tourist_attraction, point_of_interest, establishment",attraction,Arunachal Pradesh,All Seasons,Tirap,14
Dehing Patkai National Forest,27.247705,95.4375853,4.5,"tourist_attraction, point_of_interest, establishment",attraction,Arunachal Pradesh,All Seasons,Tirap,2
"Eco tourism, Hukanjuri",27.1256011,95.4353842,4,"tourist_attraction, point_of_interest, establishment",attraction,Arunachal Pradesh,All Seasons,Tirap,3
Mopaya picnic place,27.2448169,95.5670304,4.2,"tourist_attraction, point_of_interest, establishment",attraction,Arunachal Pradesh,All Seasons,Tirap,13
View point,26.8598197,95.4158058,0,"tourist_attraction, point_of_interest, establishment",attraction,Arunachal Pradesh,All Seasons,Tirap,0
Namrup Waterfalls - Dichang,27.1729737,95.3482564,3.7,"tourist_attraction, point_of_interest, establishment",attraction,Arunachal Pradesh,All Seasons,Tirap,47
Boga pani,27.0913383,95.4363183,4,"tourist_attraction, point_of_interest, establishment",attraction,Arunachal Pradesh,All Seasons,Tirap,1
Vivekananda Statue,27.2389742,95.488068,4.4,"tourist_attraction, point_of_interest, establishment",attraction,Arunachal Pradesh,All Seasons,Tirap,8
Picnic spot,27.2281742,95.4778849,5,"tourist_attraction, point_of_interest, establishment",attraction,Arunachal Pradesh,All Seasons,Tirap,1
View Point Nokfan,27.050207,95.35369779999999,0,"tourist_attraction, point_of_interest, establishment",attraction,Arunachal Pradesh,All Seasons,Tirap,0
Chajen Wa-am Hah-hua,26.955395,95.33849719999999,0,"tourist_attraction, point_of_interest, establishment",attraction,Arunachal Pradesh,All Seasons,Tirap,0
Taipum Rai (Taipum Stream),26.871022,95.92152,0,"tourist_attraction, point_of_interest, establishment",attraction,Arunachal Pradesh,All Seasons,Tirap,0
"Tipam, First Capital of Ahom Dynasty",27.2579966,95.4157232,4.4,"tourist_attraction, point_of_interest, establishment",attraction,Arunachal Pradesh,All Seasons,Tirap,7
Chanu Zero Point,26.9339235,95.31439580000001,0,"tourist_attraction, point_of_interest, establishment",attraction,Arunachal Pradesh,All Seasons,Tirap,0
Chahuakho Chanu,26.9434358,95.3260239,0,"tourist_attraction, point_of_interest, establishment",attraction,Arunachal Pradesh,All Seasons,Tirap,0
Chanu Zaklo Zero Point,26.9274375,95.3209375,5,"tourist_attraction, point_of_interest, establishment",attraction,Arunachal Pradesh,All Seasons,Tirap,1
Senua Waterfall,26.8995117,95.36235239999999,4.5,"tourist_attraction, point_of_interest, establishment",attraction,Arunachal Pradesh,All Seasons,Tirap,11
Shiva Statue (Ramakrishna Mission Narottam Nagar),27.2431095,95.4914823,4.2,"tourist_attraction, point_of_interest, establishment",attraction,Arunachal Pradesh,All Seasons,Tirap,5
Bodhi Dwar - Grand Entrance Arch,27.2461121,95.5062416,0,"tourist_attraction, point_of_interest, establishment",attraction,Arunachal Pradesh,All Seasons,Tirap,0
Khonsa (tirap district),26.9925901,95.5014167,0,"tourist_attraction, point_of_interest, establishment",attraction,Arunachal Pradesh,All Seasons,Tirap,0
"Khonsa District Museum - Khonsa, Tirap District, Arunachal Pradesh, India",26.9907591,95.5031537,3,"museum, tourist_attraction, point_of_interest, establishment",attraction,Arunachal Pradesh,All Seasons,Tirap,7
Ranwang hill,26.8864471,95.4391424,0,"tourist_attraction, point_of_interest, establishment",attraction,Arunachal Pradesh,All Seasons,Tirap,0
Dehang-Dibang Biosphere Reserve,28.7890537,95.16821709999999,5,"park, point_of_interest, establishment",parks,Arunachal Pradesh,Spring,Upper Dibang Valley,1
SSP Forest,29.1380556,95.0530556,0,"park, point_of_interest, establishment",parks,Arunachal Pradesh,Spring,Upper Dibang Valley,0
Bishing Waterfall,29.0948331,95.0311425,1,"park, point_of_interest, establishment",parks,Arunachal Pradesh,Spring,Upper Dibang Valley,1
Bishing Waterfall,29.0948331,95.0311425,1,"park, point_of_interest, establishment",waterfalls,Arunachal Pradesh,Monsoon,Upper Dibang Valley,1
Bishing,29.1098071,95.02669809999999,No rating,"locality, political",waterfalls,Arunachal Pradesh,Monsoon,Upper Dibang Valley,0
"Andra La, Arunanchal Pradesh, India",29.1839375,95.56356249999999,0,"place_of_worship, point_of_interest, establishment",temples,Arunachal Pradesh,All Seasons,Upper Dibang Valley,0
Deden Tashi Choeling Temple,28.89443079999999,95.06387199999999,5,"place_of_worship, point_of_interest, establishment",temples,Arunachal Pradesh,All Seasons,Upper Dibang Valley,2
Bishing Monestry,29.1095576,95.02778939999999,5,"place_of_worship, point_of_interest, establishment",temples,Arunachal Pradesh,All Seasons,Upper Dibang Valley,1
Shiyung La Pass Area,29.1407011,95.05279499999999,0,"place_of_worship, point_of_interest, establishment",temples,Arunachal Pradesh,All Seasons,Upper Dibang Valley,0
Gelinsi,29.209183,95.16644099999999,4.4,"place_of_worship, point_of_interest, establishment",temples,Arunachal Pradesh,All Seasons,Upper Dibang Valley,5
Degangsi,29.17926,95.124821,5,"place_of_worship, point_of_interest, establishment",temples,Arunachal Pradesh,All Seasons,Upper Dibang Valley,6
Xigongsi,29.234285,95.231679,0,"place_of_worship, point_of_interest, establishment",temples,Arunachal Pradesh,All Seasons,Upper Dibang Valley,0
"Shiyung La Pass Arunanchal Pradesh State, India",29.1440455,95.0504299,4.8,"tourist_attraction, point_of_interest, establishment",attraction,Arunachal Pradesh,All Seasons,Upper Dibang Valley,5
"Kangri Karpo La Arunanchal Pradesh State, India",29.0845625,95.1844375,5,"tourist_attraction, point_of_interest, establishment",attraction,Arunachal Pradesh,All Seasons,Upper Dibang Valley,1
Forest Children Park,28.6401049,95.02616400000001,3.5,"park, point_of_interest, establishment",parks,Arunachal Pradesh,Spring,Upper Siang,4
KALANG DITE,28.4667528,95.33381969999999,0,"park, point_of_interest, establishment",parks,Arunachal Pradesh,Spring,Upper Siang,0
Mount eko dumbing,28.7194097,95.1686805,3.7,"park, point_of_interest, establishment",parks,Arunachal Pradesh,Spring,Upper Siang,3
Damro Rockway,28.4485014,95.2410247,4.5,"park, point_of_interest, establishment",parks,Arunachal Pradesh,Spring,Upper Siang,12
Dehang-Dibang Biosphere Reserve,28.7890537,95.16821709999999,5,"park, point_of_interest, establishment",parks,Arunachal Pradesh,Spring,Upper Siang,1
Mitkong Orange Farm,28.5265962,95.1754205,2,"park, point_of_interest, establishment",parks,Arunachal Pradesh,Spring,Upper Siang,1
Boko palace,28.4911512,95.15351729999999,0,"park, point_of_interest, establishment",parks,Arunachal Pradesh,Spring,Upper Siang,0
Deden Tashi Choeling Temple,28.89443079999999,95.06387199999999,5,"place_of_worship, point_of_interest, establishment",temples,Arunachal Pradesh,All Seasons,Upper Siang,2
Loyi house Hill colony,28.6458764,95.02954659999999,4.3,"point_of_interest, establishment",hills,Arunachal Pradesh,Winter,Upper Siang,3
Upper Hill Public School,28.6403538,95.02698219999999,0,"school, point_of_interest, establishment",hills,Arunachal Pradesh,Winter,Upper Siang,0
Mariyang View point,28.4859135,95.22255969999999,0,"tourist_attraction, point_of_interest, establishment",attraction,Arunachal Pradesh,All Seasons,Upper Siang,0
The SoulGazer Point - AR1,28.5077996,95.10289759999999,0,"tourist_attraction, point_of_interest, establishment",attraction,Arunachal Pradesh,All Seasons,Upper Siang,0
Kalang mountain,28.5162079,95.2732601,5,"tourist_attraction, point_of_interest, establishment",attraction,Arunachal Pradesh,All Seasons,Upper Siang,4
Pisang Korong,28.4806565,95.20342350000001,0,"tourist_attraction, point_of_interest, establishment",attraction,Arunachal Pradesh,All Seasons,Upper Siang,0
Tarok sitong Yamne River Bank,28.4810343,95.1996617,0,"tourist_attraction, point_of_interest, establishment",attraction,Arunachal Pradesh,All Seasons,Upper Siang,0
Yengkir Millang-Dalbing FSB,28.4864615,95.224792,0,"tourist_attraction, point_of_interest, establishment",attraction,Arunachal Pradesh,All Seasons,Upper Siang,0
N Swimming pool-cum-bar,27.9719884,94.2062704,3.5,"park, point_of_interest, establishment",parks,Arunachal Pradesh,Spring,Upper Subansiri,8
Farm House of Taru Gusar,27.9889807,94.2430729,0,"park, point_of_interest, establishment",parks,Arunachal Pradesh,Spring,Upper Subansiri,0
Tate Raji Orange Garden,28.0224511,94.1930373,0,"park, point_of_interest, establishment",parks,Arunachal Pradesh,Spring,Upper Subansiri,0
Layla Majnu (Lover Point),27.9856401,94.23171239999999,0,"park, point_of_interest, establishment",parks,Arunachal Pradesh,Spring,Upper Subansiri,0
Air field,27.9819831,94.2159925,0,"park, point_of_interest, establishment",parks,Arunachal Pradesh,Spring,Upper Subansiri,0
Kama Soki Family Orange Garden,28.0480907,94.1291136,0,"park, point_of_interest, establishment",parks,Arunachal Pradesh,Spring,Upper Subansiri,0
BYK's Farm House,27.9983311,94.243146,0,"park, point_of_interest, establishment",parks,Arunachal Pradesh,Spring,Upper Subansiri,0
BYK's Orange Orchard,28.001493,94.24194879999999,0,"park, point_of_interest, establishment",parks,Arunachal Pradesh,Spring,Upper Subansiri,0
Subansiri Island,27.9862879,94.2205209,0,"park, point_of_interest, establishment",parks,Arunachal Pradesh,Spring,Upper Subansiri,0
Tamak Riddi Orange Garden,28.042587,94.1952646,5,"park, point_of_interest, establishment",parks,Arunachal Pradesh,Spring,Upper Subansiri,1
Jogdi Svlv,28.0686938,94.16616929999999,0,"park, point_of_interest, establishment",parks,Arunachal Pradesh,Spring,Upper Subansiri,0
Tado Lvn,28.0694142,94.1705054,0,"park, point_of_interest, establishment",parks,Arunachal Pradesh,Spring,Upper Subansiri,0
Kabla lusi,27.9862879,94.2205209,0,"campground, park, lodging, point_of_interest, establishment",parks,Arunachal Pradesh,Spring,Upper Subansiri,0
Dular Dujom’s Orange Orchard,27.996988,94.220835,0,"park, point_of_interest, establishment",parks,Arunachal Pradesh,Spring,Upper Subansiri,0
Eru home,27.9819831,94.2159925,0,"park, point_of_interest, establishment",parks,Arunachal Pradesh,Spring,Upper Subansiri,0
District Museum Daporijo,27.9871992,94.2221283,0,"museum, point_of_interest, establishment",museum,Arunachal Pradesh,Winter,Upper Subansiri,0
Tillo Village,28.1548443,93.77183029999999,5,"point_of_interest, establishment",waterfalls,Arunachal Pradesh,Monsoon,Upper Subansiri,1
Manga cave,28.1007551,94.1463382,4.2,"hindu_temple, place_of_worship, point_of_interest, establishment",temples,Arunachal Pradesh,All Seasons,Upper Subansiri,34
Sikarijo SHIV MANDIR,27.994797,94.2134202,0,"hindu_temple, place_of_worship, point_of_interest, establishment",temples,Arunachal Pradesh,All Seasons,Upper Subansiri,0
"Meghna Cave Temple (Shiva Temple) - Ziro, Upper Subansiri District, Arunachal Pradesh, India",28.3348801,93.9878427,5,"hindu_temple, place_of_worship, point_of_interest, establishment",temples,Arunachal Pradesh,All Seasons,Upper Subansiri,2
SARBOJANIN DURGA MANDIR,27.9874241,94.2249356,5,"hindu_temple, place_of_worship, point_of_interest, establishment",temples,Arunachal Pradesh,All Seasons,Upper Subansiri,2
SHREE MANTA SANKARDEV ART& CULTURAL CENTRE,27.9860809,94.2263037,5,"hindu_temple, place_of_worship, point_of_interest, establishment",temples,Arunachal Pradesh,All Seasons,Upper Subansiri,1
Bholenath Shiv Shankar temple,27.9880499,94.22196819999999,2,"hindu_temple, place_of_worship, point_of_interest, establishment",temples,Arunachal Pradesh,All Seasons,Upper Subansiri,1
"BN, Shiv Mandir",27.9855161,94.2287829,0,"hindu_temple, place_of_worship, point_of_interest, establishment",temples,Arunachal Pradesh,All Seasons,Upper Subansiri,0
"Shiv Mandir, Natural cave",28.3934789,93.8317491,0,"hindu_temple, place_of_worship, point_of_interest, establishment",temples,Arunachal Pradesh,All Seasons,Upper Subansiri,0
CE NTRAL RESERVE POLICE FORCE ZIBN TEMPLE,27.9861276,94.2272081,0,"hindu_temple, place_of_worship, point_of_interest, establishment",temples,Arunachal Pradesh,All Seasons,Upper Subansiri,0
M/s. Hill View Wine Shop,27.9850146,94.21739389999999,0,"liquor_store, store, point_of_interest, establishment",hills,Arunachal Pradesh,Winter,Upper Subansiri,0
Miri Hills,28.0697222,94.03111109999999,1,"natural_feature, establishment",hills,Arunachal Pradesh,Winter,Upper Subansiri,1
Riariba View Point,28.3982996,93.825743,0,"tourist_attraction, point_of_interest, establishment",attraction,Arunachal Pradesh,All Seasons,Upper Subansiri,0
"Bamboo suspension Bridge - Daporijo, Subansiri District, Arunachal Pradesh, India",27.9945589,94.2239707,4.1,"tourist_attraction, point_of_interest, establishment",attraction,Arunachal Pradesh,All Seasons,Upper Subansiri,19
yikar place,27.9952661,94.2158228,5,"tourist_attraction, point_of_interest, establishment",attraction,Arunachal Pradesh,All Seasons,Upper Subansiri,4
Topo Statue,27.9802856,94.2771705,5,"tourist_attraction, point_of_interest, establishment",attraction,Arunachal Pradesh,All Seasons,Upper Subansiri,7
YANGMI SADANG Water Fall -Tali circle,27.9460693,93.7063391,5,"tourist_attraction, point_of_interest, establishment",attraction,Arunachal Pradesh,All Seasons,Upper Subansiri,1
DAMGO YINYO FARM HOUSE,27.9922725,94.2537457,0,"tourist_attraction, point_of_interest, establishment",attraction,Arunachal Pradesh,All Seasons,Upper Subansiri,0
DON,27.9690382,94.2596805,3.8,"tourist_attraction, point_of_interest, establishment",attraction,Arunachal Pradesh,All Seasons,Upper Subansiri,10
Water Fall (Nyumchi Nyumtv),28.0466427,94.1795733,5,"tourist_attraction, point_of_interest, establishment",attraction,Arunachal Pradesh,All Seasons,Upper Subansiri,5
Buddha Park,27.2644035,92.4225135,4.1,"park, tourist_attraction, point_of_interest, establishment",parks,Arunachal Pradesh,Spring,West Kameng,395
Dragon Park,27.2006285,92.4838355,4.2,"park, point_of_interest, establishment",parks,Arunachal Pradesh,Spring,West Kameng,11
Bomdila view point via BY PASS,27.2537473,92.4220357,4.4,"park, point_of_interest, establishment",parks,Arunachal Pradesh,Spring,West Kameng,17
"Buddha Heritage Park, Yokmuzor",27.1786995,92.3194805,4.5,"tourist_attraction, point_of_interest, establishment",parks,Arunachal Pradesh,Spring,West Kameng,46
Sessa Orchid Sanctuary,27.1069027,92.5253226,4,"park, point_of_interest, establishment",parks,Arunachal Pradesh,Spring,West Kameng,53
Derang Park,27.3706336,92.240112,3,"park, point_of_interest, establishment",parks,Arunachal Pradesh,Spring,West Kameng,2
Bhalukpong Picnic Spot (River side),27.0845404,92.5893925,4.3,"park, point_of_interest, establishment",parks,Arunachal Pradesh,Spring,West Kameng,8
Monster waterfall,27.1531965,92.3915239,5,"park, point_of_interest, establishment",parks,Arunachal Pradesh,Spring,West Kameng,3
Picnic Spot Pinjoli Bhalukpong,27.0846078,92.5880353,4.7,"park, point_of_interest, establishment",parks,Arunachal Pradesh,Spring,West Kameng,3
Navika Waterfall,27.0716835,92.5905935,4.3,"tourist_attraction, point_of_interest, establishment",parks,Arunachal Pradesh,Spring,West Kameng,27
Lumum Waterfall,27.058531,92.5934661,4.3,"tourist_attraction, point_of_interest, establishment",parks,Arunachal Pradesh,Spring,West Kameng,300
Eaglenest Wildlife Sanctuary,27.1039661,92.39802089999999,4.4,"park, point_of_interest, establishment",parks,Arunachal Pradesh,Spring,West Kameng,43
Shalom Retreat,27.1217571,92.2588413,5,"campground, park, lodging, point_of_interest, establishment",parks,Arunachal Pradesh,Spring,West Kameng,10
Bhalukpong Trek,27.0786951,92.58917489999999,5,"park, point_of_interest, establishment",parks,Arunachal Pradesh,Spring,West Kameng,3
Dewachen Camp WanderWild,27.3891681,92.199112,4.8,"campground, park, lodging, point_of_interest, establishment",parks,Arunachal Pradesh,Spring,West Kameng,59
DFO Office (Shergaon Forest Division) Rupa,27.1934375,92.3990625,3,"park, point_of_interest, establishment",parks,Arunachal Pradesh,Spring,West Kameng,2
River Viewpoint,26.9944449,92.6952204,4.4,"tourist_attraction, point_of_interest, establishment",parks,Arunachal Pradesh,Spring,West Kameng,30
Bomdila Pass,27.2732001,92.42837779999999,4.6,"tourist_attraction, point_of_interest, establishment",parks,Arunachal Pradesh,Spring,West Kameng,511
Letrocampsite,27.4034646,92.2784212,4.4,"campground, park, lodging, point_of_interest, establishment",parks,Arunachal Pradesh,Spring,West Kameng,32
Eaglenest Pass,27.1256172,92.45580199999999,5,"park, point_of_interest, establishment",parks,Arunachal Pradesh,Spring,West Kameng,4
The Windtalkers,27.3513966,92.2523027,4.6,"campground, park, lodging, point_of_interest, establishment",parks,Arunachal Pradesh,Spring,West Kameng,19
Balung Campers,27.3365299,92.32571899999999,5,"campground, park, lodging, point_of_interest, establishment",parks,Arunachal Pradesh,Spring,West Kameng,7
Mon Campers,27.3478833,92.2555421,5,"campground, park, lodging, point_of_interest, establishment",parks,Arunachal Pradesh,Spring,West Kameng,5
शहीद वाटिका,27.366743,92.23821,0,"park, point_of_interest, establishment",parks,Arunachal Pradesh,Spring,West Kameng,0
Thrizino Arunachal place,27.2861224,92.6652481,0,"park, point_of_interest, establishment",parks,Arunachal Pradesh,Spring,West Kameng,0
Ogo camping site,27.3514446,92.2522809,4.2,"campground, park, lodging, point_of_interest, establishment",parks,Arunachal Pradesh,Spring,West Kameng,14
Echo valley Home stay,27.3374719,92.2610302,4.4,"campground, park, lodging, point_of_interest, establishment",parks,Arunachal Pradesh,Spring,West Kameng,7
Cozy Valley Camp,27.3942249,92.2717188,5,"campground, park, lodging, point_of_interest, establishment",parks,Arunachal Pradesh,Spring,West Kameng,4
Ramalingam farming,27.2032668,92.46175129999999,4.5,"park, point_of_interest, establishment",parks,Arunachal Pradesh,Spring,West Kameng,2
Chug valley homestay,27.3584422,92.240888,4.5,"campground, park, lodging, point_of_interest, establishment",parks,Arunachal Pradesh,Spring,West Kameng,22
Kameng Serenity Stay,27.3884052,92.2119913,0,"campground, park, lodging, point_of_interest, establishment",parks,Arunachal Pradesh,Spring,West Kameng,0
Thongon walnut garden,27.166218,92.3911323,0,"park, point_of_interest, establishment",parks,Arunachal Pradesh,Spring,West Kameng,0
"Lanying River View Homestay, Sangti Valley, Dirang, Arunachal Pradesh",27.4135002,92.2961798,4.7,"tourist_attraction, campground, park, lodging, point_of_interest, establishment",parks,Arunachal Pradesh,Spring,West Kameng,120
Budha Heritage park signboard,27.1883276,92.33248789999999,0,"place_of_worship, point_of_interest, establishment",parks,Arunachal Pradesh,Spring,West Kameng,0
Kunphen Campsite,27.1720747,92.20062039999999,5,"campground, park, lodging, point_of_interest, establishment",parks,Arunachal Pradesh,Spring,West Kameng,2
Lumum Water Fall,27.0273735,92.6102446,4.2,"tourist_attraction, point_of_interest, establishment",parks,Arunachal Pradesh,Spring,West Kameng,57
Nature's Nest Shergaon,27.1397509,92.2667565,4.2,"campground, park, restaurant, food, lodging, point_of_interest, establishment",parks,Arunachal Pradesh,Spring,West Kameng,42
Patkoi Mountain Ranges Bomdila,27.2708941,92.39455149999999,0,"park, point_of_interest, establishment",parks,Arunachal Pradesh,Spring,West Kameng,0
Keni,27.2590678,92.4195068,0,"park, point_of_interest, establishment",parks,Arunachal Pradesh,Spring,West Kameng,0
Thongon farm,27.1726328,92.3983404,0,"park, point_of_interest, establishment",parks,Arunachal Pradesh,Spring,West Kameng,0
Zewa Cottage,27.436905,92.314701,5,"campground, park, lodging, point_of_interest, establishment",parks,Arunachal Pradesh,Spring,West Kameng,18
Thupsung Dhargye Ling Buddhist Monastery,27.3606723,92.23673389999999,4.8,"tourist_attraction, place_of_worship, point_of_interest, establishment",parks,Arunachal Pradesh,Spring,West Kameng,1292
Tranquil Sangti,27.4061513,92.28441529999999,5,"campground, park, lodging, point_of_interest, establishment",parks,Arunachal Pradesh,Spring,West Kameng,26
Aakhur bari,27.1804628,92.3996463,0,"park, point_of_interest, establishment",parks,Arunachal Pradesh,Spring,West Kameng,0
Helmet Top,27.3673386,92.2109888,0,"park, point_of_interest, establishment",parks,Arunachal Pradesh,Spring,West Kameng,0
Ball of Fire Museum,27.2145523,92.4541562,4.3,"tourist_attraction, point_of_interest, establishment",parks,Arunachal Pradesh,Spring,West Kameng,6
Lnipe nerc leadership camp site,27.1834334,92.4000745,0,"park, point_of_interest, establishment",parks,Arunachal Pradesh,Spring,West Kameng,0
Buddha Statue view point Rupa,27.206437,92.40054459999999,0,"park, point_of_interest, establishment",parks,Arunachal Pradesh,Spring,West Kameng,0
Camp Shalom,27.1235905,92.2551506,0,"campground, park, lodging, point_of_interest, establishment",parks,Arunachal Pradesh,Spring,West Kameng,0
Miks Riverside Camp,27.1235905,92.2551506,0,"campground, park, lodging, point_of_interest, establishment",parks,Arunachal Pradesh,Spring,West Kameng,0
"Bandrimaat loock, khrimey farm",27.1656966,92.3943223,0,"park, point_of_interest, establishment",parks,Arunachal Pradesh,Spring,West Kameng,0
"Craft Centre & Ethnographic Museum - Bomdila, West Kameng District, Arunachal Pradesh, India",27.2624774,92.42027929999999,4,"museum, point_of_interest, establishment",museum,Arunachal Pradesh,Winter,West Kameng,37
Lama Tenpai Dronmey Museum cum Homestay,27.1736741,92.20572059999999,5,"museum, point_of_interest, establishment",museum,Arunachal Pradesh,Winter,West Kameng,22
Ball of Fire Museum,27.2145523,92.4541562,4.3,"tourist_attraction, point_of_interest, establishment",museum,Arunachal Pradesh,Winter,West Kameng,6
Shenji Yaam Museum,27.1287101,92.2640041,4.7,"museum, point_of_interest, establishment",museum,Arunachal Pradesh,Winter,West Kameng,3
District Museum,27.2635759,92.4230084,3,"tourist_attraction, point_of_interest, establishment",museum,Arunachal Pradesh,Winter,West Kameng,3
Nyukmadung War Memorial,27.4086219,92.1325861,4.7,"tourist_attraction, point_of_interest, establishment",museum,Arunachal Pradesh,Winter,West Kameng,305
Bomdila War Memorial,27.2776713,92.414233,4.5,"point_of_interest, establishment",museum,Arunachal Pradesh,Winter,West Kameng,56
Buddhist Culture Preservation Society,27.2700893,92.42032789999999,4.6,"place_of_worship, point_of_interest, establishment",museum,Arunachal Pradesh,Winter,West Kameng,11
Tippi Orchid Research Centre,27.0343396,92.60691419999999,4.2,"point_of_interest, establishment",museum,Arunachal Pradesh,Winter,West Kameng,218
BOF Hanging Bridge,27.2137186,92.4539185,3.8,"point_of_interest, establishment",museum,Arunachal Pradesh,Winter,West Kameng,8
Holiday Scout,27.2645066,92.4159457,4.8,"point_of_interest, establishment",museum,Arunachal Pradesh,Winter,West Kameng,101
KEVIN WATERFALL,27.0596172,92.5944857,4.4,"tourist_attraction, point_of_interest, establishment",waterfalls,Arunachal Pradesh,Monsoon,West Kameng,28
Nichiphula Waterfall,27.1422099,92.55374289999999,4.5,"tourist_attraction, point_of_interest, establishment",waterfalls,Arunachal Pradesh,Monsoon,West Kameng,46
Lumum Waterfall,27.058531,92.5934661,4.3,"tourist_attraction, point_of_interest, establishment",waterfalls,Arunachal Pradesh,Monsoon,West Kameng,300
Navika Waterfall,27.0716835,92.5905935,4.3,"tourist_attraction, point_of_interest, establishment",waterfalls,Arunachal Pradesh,Monsoon,West Kameng,27
Choskorong Waterfall,27.1107274,92.2551859,4.5,"tourist_attraction, point_of_interest, establishment",waterfalls,Arunachal Pradesh,Monsoon,West Kameng,99
KEVIN WATERFALL,27.0137499,92.6344812,4.3,"tourist_attraction, point_of_interest, establishment",waterfalls,Arunachal Pradesh,Monsoon,West Kameng,29
KEVIN WATERFALL,27.2238535,92.4068774,4.3,"tourist_attraction, point_of_interest, establishment",waterfalls,Arunachal Pradesh,Monsoon,West Kameng,15
Chariduar Tawang Highway Waterfall,27.1310655,92.5443693,5,"tourist_attraction, point_of_interest, establishment",waterfalls,Arunachal Pradesh,Monsoon,West Kameng,5
Chilipam Waterfalls,27.1764861,92.3672498,4.2,"tourist_attraction, point_of_interest, establishment",waterfalls,Arunachal Pradesh,Monsoon,West Kameng,13
Lumum Water Fall,27.0273735,92.6102446,4.2,"tourist_attraction, point_of_interest, establishment",waterfalls,Arunachal Pradesh,Monsoon,West Kameng,57
Monster waterfall,27.1531965,92.3915239,5,"park, point_of_interest, establishment",waterfalls,Arunachal Pradesh,Monsoon,West Kameng,3
Khadar Falls,27.0570745,92.5938128,5,"tourist_attraction, point_of_interest, establishment",waterfalls,Arunachal Pradesh,Monsoon,West Kameng,2
Tippi Jharna,27.0273735,92.6102446,4.3,"tourist_attraction, point_of_interest, establishment",waterfalls,Arunachal Pradesh,Monsoon,West Kameng,25
"Bomdila Buddhist Monastery - Bomdila, West Kameng District, Arunachal Pradesh, India",27.2705028,92.4185778,4.6,"tourist_attraction, place_of_worship, point_of_interest, establishment",waterfalls,Arunachal Pradesh,Monsoon,West Kameng,1450
arunachal tippi,27.0273735,92.6102446,4.5,"tourist_attraction, point_of_interest, establishment",waterfalls,Arunachal Pradesh,Monsoon,West Kameng,4
"Hot Water Spring, Dirang",27.3786094,92.2317582,3.1,"tourist_attraction, point_of_interest, establishment",waterfalls,Arunachal Pradesh,Monsoon,West Kameng,523
Bhalukpong Trek,27.0786951,92.58917489999999,5,"park, point_of_interest, establishment",waterfalls,Arunachal Pradesh,Monsoon,West Kameng,3
Tippi Picnic Point,27.0312937,92.6144353,4,"point_of_interest, establishment",waterfalls,Arunachal Pradesh,Monsoon,West Kameng,49
Sessa Orchid Sanctuary,27.1069027,92.5253226,4,"park, point_of_interest, establishment",waterfalls,Arunachal Pradesh,Monsoon,West Kameng,53
Nechiphu Tunnel South Portal,27.1566875,92.5601598,4.5,"tourist_attraction, point_of_interest, establishment",waterfalls,Arunachal Pradesh,Monsoon,West Kameng,57
Pinjoli Stream,27.084738,92.5875926,4.8,"amusement_park, point_of_interest, establishment",waterfalls,Arunachal Pradesh,Monsoon,West Kameng,12
Tippi Arunachal Pradesh,27.0417596,92.602244,5,"tourist_attraction, point_of_interest, establishment",waterfalls,Arunachal Pradesh,Monsoon,West Kameng,1
Picnic Spot Pinjoli Bhalukpong,27.0846078,92.5880353,4.7,"park, point_of_interest, establishment",waterfalls,Arunachal Pradesh,Monsoon,West Kameng,3
Bhalukpung Picnic Spot,27.0158499,92.6498163,4.2,"point_of_interest, establishment",waterfalls,Arunachal Pradesh,Monsoon,West Kameng,91
Eaglenest Wildlife Sanctuary,27.1039661,92.39802089999999,4.4,"park, point_of_interest, establishment",waterfalls,Arunachal Pradesh,Monsoon,West Kameng,43
Nyukmadung War Memorial,27.4086219,92.1325861,4.7,"tourist_attraction, point_of_interest, establishment",waterfalls,Arunachal Pradesh,Monsoon,West Kameng,305
Oakley Groves Resort,27.1125058,92.25739920000001,4.1,"lodging, point_of_interest, establishment",waterfalls,Arunachal Pradesh,Monsoon,West Kameng,80
Nichiphu '0' Point,27.1654627,92.57756359999999,4.3,"point_of_interest, establishment",waterfalls,Arunachal Pradesh,Monsoon,West Kameng,6
"Shri Nag Temple West Kameng District, Arunachal Pradesh",27.2037294,92.5626455,4.4,"hindu_temple, place_of_worship, point_of_interest, establishment",temples,Arunachal Pradesh,All Seasons,West Kameng,218
Mahadev mandir,27.2083098,92.4071347,5,"hindu_temple, place_of_worship, point_of_interest, establishment",temples,Arunachal Pradesh,All Seasons,West Kameng,1
"Bomdila Buddhist Monastery - Bomdila, West Kameng District, Arunachal Pradesh, India",27.2705028,92.4185778,4.6,"tourist_attraction, place_of_worship, point_of_interest, establishment",temples,Arunachal Pradesh,All Seasons,West Kameng,1450
Shiv mandir,27.2086067,92.3984208,4,"hindu_temple, place_of_worship, point_of_interest, establishment",temples,Arunachal Pradesh,All Seasons,West Kameng,1
Mandala Associates,27.2634806,92.41630669999999,4.3,"tourist_attraction, place_of_worship, point_of_interest, establishment",temples,Arunachal Pradesh,All Seasons,West Kameng,248
Dwimuguri Brahma Mondir,26.9917567,92.66670719999999,5,"hindu_temple, place_of_worship, point_of_interest, establishment",temples,Arunachal Pradesh,All Seasons,West Kameng,3
Kro Mandir,27.2009067,92.3833804,4.6,"hindu_temple, place_of_worship, point_of_interest, establishment",temples,Arunachal Pradesh,All Seasons,West Kameng,7
Kunzang Namdrol Choeling Gonpa,27.1048459,92.5284969,4.2,"place_of_worship, point_of_interest, establishment",temples,Arunachal Pradesh,All Seasons,West Kameng,22
Rupeshwar Mahadev,27.2109982,92.4036361,5,"hindu_temple, place_of_worship, point_of_interest, establishment",temples,Arunachal Pradesh,All Seasons,West Kameng,1
Bathou temple,26.9915499,92.6666529,5,"hindu_temple, place_of_worship, point_of_interest, establishment",temples,Arunachal Pradesh,All Seasons,West Kameng,1
Dul Dul Tharpa Ling Gompa,27.1938875,92.5780779,4.4,"hindu_temple, place_of_worship, point_of_interest, establishment",temples,Arunachal Pradesh,All Seasons,West Kameng,18
Thembang Gompa,27.335598,92.40793599999999,5,"place_of_worship, point_of_interest, establishment",temples,Arunachal Pradesh,All Seasons,West Kameng,1
Kunzang Choekhor Ling Monastery,27.2669667,92.4107729,4.8,"place_of_worship, point_of_interest, establishment",temples,Arunachal Pradesh,All Seasons,West Kameng,4
Sangngag Choekhor Dargyeling Monastery( Zangdokpalri),27.19412,92.3848874,4.7,"tourist_attraction, place_of_worship, point_of_interest, establishment",temples,Arunachal Pradesh,All Seasons,West Kameng,99
"Jai Guru Mandir, Bhalukpong",26.9998972,92.66948359999999,3.8,"hindu_temple, place_of_worship, point_of_interest, establishment",temples,Arunachal Pradesh,All Seasons,West Kameng,8
Shiv mandir,27.2105634,92.4053155,0,"hindu_temple, place_of_worship, point_of_interest, establishment",temples,Arunachal Pradesh,All Seasons,West Kameng,0
Nag Mandir Tenga ledge road,27.2050195,92.4688158,4.5,"hindu_temple, place_of_worship, point_of_interest, establishment",temples,Arunachal Pradesh,All Seasons,West Kameng,11
Musakshing Gonpa (Monastery),27.1716652,92.32202319999999,5,"place_of_worship, point_of_interest, establishment",temples,Arunachal Pradesh,All Seasons,West Kameng,3
"Nag mandir, near Shaitan Bridge",27.2073777,92.48559,4.3,"hindu_temple, place_of_worship, point_of_interest, establishment",temples,Arunachal Pradesh,All Seasons,West Kameng,4
TDL Monastry & Guest House,27.3613156,92.2372869,4.6,"place_of_worship, point_of_interest, establishment",temples,Arunachal Pradesh,All Seasons,West Kameng,36
Nag Mandir,27.2695944,92.4145084,4.1,"hindu_temple, place_of_worship, point_of_interest, establishment",temples,Arunachal Pradesh,All Seasons,West Kameng,7
Lubrang Gumpa,27.3659868,92.1806457,5,"place_of_worship, point_of_interest, establishment",temples,Arunachal Pradesh,All Seasons,West Kameng,1
Thupsung Dhargye Ling Buddhist Monastery,27.3606723,92.23673389999999,4.8,"tourist_attraction, place_of_worship, point_of_interest, establishment",temples,Arunachal Pradesh,All Seasons,West Kameng,1292
"Durga Mandir (দুর্গা মন্দির) SSVK, Bomdila.",27.2654263,92.4227906,5,"hindu_temple, place_of_worship, point_of_interest, establishment",temples,Arunachal Pradesh,All Seasons,West Kameng,3
Durga Temple,27.1024313,92.55365909999999,4.4,"place_of_worship, point_of_interest, establishment",temples,Arunachal Pradesh,All Seasons,West Kameng,19
Gyuto Monastery,27.0961929,92.1705068,4.4,"place_of_worship, point_of_interest, establishment",temples,Arunachal Pradesh,All Seasons,West Kameng,98
Tibetan refugee camps,27.0978884,92.17349039999999,5,"place_of_worship, point_of_interest, establishment",temples,Arunachal Pradesh,All Seasons,West Kameng,1
Dirang,27.3584422,92.240888,4.9,"place_of_worship, point_of_interest, establishment",temples,Arunachal Pradesh,All Seasons,West Kameng,30
Maa Durga Mandir,27.0516489,92.594533,3.7,"hindu_temple, place_of_worship, point_of_interest, establishment",temples,Arunachal Pradesh,All Seasons,West Kameng,7
Durga Mandir (Jai Matadi Temple),27.2030866,92.3985845,5,"hindu_temple, place_of_worship, point_of_interest, establishment",temples,Arunachal Pradesh,All Seasons,West Kameng,1
Radha Krishna mandir,27.2079216,92.4060522,5,"hindu_temple, place_of_worship, point_of_interest, establishment",temples,Arunachal Pradesh,All Seasons,West Kameng,1
Hanuman mandir,27.084595,92.58367299999999,5,"hindu_temple, place_of_worship, point_of_interest, establishment",temples,Arunachal Pradesh,All Seasons,West Kameng,1
"মাজ গাওঁ, আই মন্দিৰ",27.0073651,92.6508772,5,"hindu_temple, place_of_worship, point_of_interest, establishment",temples,Arunachal Pradesh,All Seasons,West Kameng,3
108 Buddhist Stupas,27.2739226,92.25412530000001,4.7,"place_of_worship, point_of_interest, establishment",temples,Arunachal Pradesh,All Seasons,West Kameng,40
"Puranabasti Gompa, Shergaon",27.1226572,92.2660581,4.3,"place_of_worship, point_of_interest, establishment",temples,Arunachal Pradesh,All Seasons,West Kameng,16
Omling Gumpha,27.3119037,92.1511246,4.3,"place_of_worship, point_of_interest, establishment",temples,Arunachal Pradesh,All Seasons,West Kameng,3
Norbulingka Gonpa,27.4254836,92.1377363,4.7,"place_of_worship, point_of_interest, establishment",temples,Arunachal Pradesh,All Seasons,West Kameng,3
Shiv mandir,27.1020731,92.52622620000001,4,"hindu_temple, place_of_worship, point_of_interest, establishment",temples,Arunachal Pradesh,All Seasons,West Kameng,2
Shiv Mandir Bhalukpong,27.0103279,92.6477974,5,"hindu_temple, place_of_worship, point_of_interest, establishment",temples,Arunachal Pradesh,All Seasons,West Kameng,1
Kali Mandir,27.0104522,92.6476639,0,"hindu_temple, place_of_worship, point_of_interest, establishment",temples,Arunachal Pradesh,All Seasons,West Kameng,0
Nyingmapa Monastery,27.2412291,92.2487106,4.5,"place_of_worship, point_of_interest, establishment",temples,Arunachal Pradesh,All Seasons,West Kameng,11
Lazala Gompa,27.1789647,92.18401539999999,4.8,"place_of_worship, point_of_interest, establishment",temples,Arunachal Pradesh,All Seasons,West Kameng,12
Khasthung Gonpa,27.343281,92.26952899999999,4.5,"place_of_worship, point_of_interest, establishment",temples,Arunachal Pradesh,All Seasons,West Kameng,2
Nag Mandir Bol Bom,27.2033782,92.5636363,5,"hindu_temple, place_of_worship, point_of_interest, establishment",temples,Arunachal Pradesh,All Seasons,West Kameng,1
Shiv mandir,27.1008133,92.53742,5,"hindu_temple, place_of_worship, point_of_interest, establishment",temples,Arunachal Pradesh,All Seasons,West Kameng,3
Sangti gompa,27.4059444,92.2762722,4.5,"place_of_worship, point_of_interest, establishment",temples,Arunachal Pradesh,All Seasons,West Kameng,4
Zengbu Gompa,27.118273,92.26443850000001,4.6,"place_of_worship, point_of_interest, establishment",temples,Arunachal Pradesh,All Seasons,West Kameng,14
Chilipong monastery,27.2057534,92.3999623,4.8,"place_of_worship, point_of_interest, establishment",temples,Arunachal Pradesh,All Seasons,West Kameng,11
Location 46km shiv mandir,27.0628797,92.5935184,4,"hindu_temple, place_of_worship, point_of_interest, establishment",temples,Arunachal Pradesh,All Seasons,West Kameng,2
Nimas Campus temple,27.3703318,92.230683,5,"place_of_worship, point_of_interest, establishment",temples,Arunachal Pradesh,All Seasons,West Kameng,1
Thungri monestry,27.1646942,92.39300709999999,5,"place_of_worship, point_of_interest, establishment",temples,Arunachal Pradesh,All Seasons,West Kameng,4
Thubchog Gatsel Ling,27.2615233,92.4208452,4.7,"place_of_worship, point_of_interest, establishment",temples,Arunachal Pradesh,All Seasons,West Kameng,6
Rungja Phudung Gompa,27.4268853,92.31864209999999,4.6,"place_of_worship, point_of_interest, establishment",temples,Arunachal Pradesh,All Seasons,West Kameng,7
Taktsang Gonpa,27.0870154,92.11744399999999,4,"place_of_worship, point_of_interest, establishment",temples,Arunachal Pradesh,All Seasons,West Kameng,1
Orgyen Wogmin Jangchub Choeling,27.3432727,92.266697,1,"place_of_worship, point_of_interest, establishment",temples,Arunachal Pradesh,All Seasons,West Kameng,1
Gajang Gasok Chenrezig Choetsok Monastery,27.2353146,92.24016689999999,4.8,"place_of_worship, point_of_interest, establishment",temples,Arunachal Pradesh,All Seasons,West Kameng,6
Gonpa,27.2688558,92.409566,4.7,"place_of_worship, point_of_interest, establishment",temples,Arunachal Pradesh,All Seasons,West Kameng,3
Taklung Dzong,27.1678263,92.1887546,5,"place_of_worship, point_of_interest, establishment",temples,Arunachal Pradesh,All Seasons,West Kameng,3
Thunsung Dhargye Ling monastery Parking,27.361144,92.23787089999999,5,"place_of_worship, point_of_interest, establishment",temples,Arunachal Pradesh,All Seasons,West Kameng,1
Dechen Cheling Monastery,27.193877,92.4725151,5,"place_of_worship, point_of_interest, establishment",temples,Arunachal Pradesh,All Seasons,West Kameng,1
HOTEL HILL VIEW,27.0986298,92.1590411,4.9,"restaurant, point_of_interest, food, establishment",hills,Arunachal Pradesh,Winter,West Kameng,14
Hotel Hill Plaza,27.2632508,92.42063689999999,3.9,"lodging, point_of_interest, establishment",hills,Arunachal Pradesh,Winter,West Kameng,58
Tom Hill,27.4186013,92.14797229999999,5,"place_of_worship, point_of_interest, establishment",hills,Arunachal Pradesh,Winter,West Kameng,2
Hill Top Store,27.2641371,92.42079350000002,5,"store, point_of_interest, establishment",hills,Arunachal Pradesh,Winter,West Kameng,3
Hill Driving School,27.2137584,92.4956245,4.4,"point_of_interest, establishment",hills,Arunachal Pradesh,Winter,West Kameng,13
Sonam Star hill resort home stay,27.3857433,92.2016981,0,"point_of_interest, establishment",hills,Arunachal Pradesh,Winter,West Kameng,0
Holiday Hills Homestay,27.264442,92.42553389999999,3.5,"lodging, point_of_interest, establishment",hills,Arunachal Pradesh,Winter,West Kameng,34
Bomdila Pass,27.2732001,92.42837779999999,4.6,"tourist_attraction, point_of_interest, establishment",hills,Arunachal Pradesh,Winter,West Kameng,511
Hilltop Cafe,27.2638962,92.4206974,4.3,"cafe, point_of_interest, food, establishment",hills,Arunachal Pradesh,Winter,West Kameng,17
Nyomba Enterprises,27.2645519,92.42051909999999,0,"cafe, point_of_interest, food, establishment",hills,Arunachal Pradesh,Winter,West Kameng,0
Dhiraj Cyber Cafe & AnimeArc Bomdila,27.2645229,92.4207268,5,"point_of_interest, establishment",hills,Arunachal Pradesh,Winter,West Kameng,1
Capital O 64926 Awoo Resort,27.33127,92.294296,3.9,"lodging, point_of_interest, establishment",hills,Arunachal Pradesh,Winter,West Kameng,216
Kunzang Namdrol Choeling Gonpa,27.1048459,92.5284969,4.2,"place_of_worship, point_of_interest, establishment",hills,Arunachal Pradesh,Winter,West Kameng,22
Milan's Residence,27.2045627,92.4016003,0,"point_of_interest, establishment",hills,Arunachal Pradesh,Winter,West Kameng,0
Lubrang Gumpa,27.3659868,92.1806457,5,"place_of_worship, point_of_interest, establishment",hills,Arunachal Pradesh,Winter,West Kameng,1
ICICI Bank Bomdila-Branch & ATM,27.26337,92.4189703,4,"bank, point_of_interest, finance, establishment",hills,Arunachal Pradesh,Winter,West Kameng,4
"Bomdila View Point - Bomdila, West Kameng district, Arunachal Pradesh, India",27.270292,92.42496899999999,4.4,"tourist_attraction, point_of_interest, establishment",hills,Arunachal Pradesh,Winter,West Kameng,66
"Govt. Circuit House/Guest House, PWD, Dirang",27.3679605,92.2420448,4.5,"point_of_interest, establishment",hills,Arunachal Pradesh,Winter,West Kameng,2
Sound Solution,27.2639698,92.4215715,5,"store, point_of_interest, establishment",hills,Arunachal Pradesh,Winter,West Kameng,3
Mandala Associates,27.2634806,92.41630669999999,4.3,"tourist_attraction, place_of_worship, point_of_interest, establishment",hills,Arunachal Pradesh,Winter,West Kameng,248
Hotel Tsepal Yangjom,27.263294,92.42045759999999,3.9,"lodging, point_of_interest, establishment",hills,Arunachal Pradesh,Winter,West Kameng,466
Doimara picnic spot,26.9903334,92.42089279999999,4.1,"point_of_interest, establishment",hills,Arunachal Pradesh,Winter,West Kameng,65
Lubrang,27.357157,92.20477299999999,No rating,"locality, political",hills,Arunachal Pradesh,Winter,West Kameng,0
Gabharu River,26.9959528,92.4570476,5,"natural_feature, establishment",hills,Arunachal Pradesh,Winter,West Kameng,2
"Bomdila View Point - Bomdila, West Kameng district, Arunachal Pradesh, India",27.270292,92.42496899999999,4.4,"tourist_attraction, point_of_interest, establishment",attraction,Arunachal Pradesh,All Seasons,West Kameng,66
Mandala Top,27.2741361,92.2538324,4.7,"tourist_attraction, point_of_interest, establishment",attraction,Arunachal Pradesh,All Seasons,West Kameng,550
Lumum Waterfall,27.058531,92.5934661,4.3,"tourist_attraction, point_of_interest, establishment",attraction,Arunachal Pradesh,All Seasons,West Kameng,300
Choskorong Waterfall,27.1107274,92.2551859,4.5,"tourist_attraction, point_of_interest, establishment",attraction,Arunachal Pradesh,All Seasons,West Kameng,99
Sela Lake,27.5098079,92.100854,4.7,"tourist_attraction, point_of_interest, establishment",attraction,Arunachal Pradesh,All Seasons,West Kameng,277
River Viewpoint,26.9944449,92.6952204,4.4,"tourist_attraction, point_of_interest, establishment",attraction,Arunachal Pradesh,All Seasons,West Kameng,30
Tippi Jharna,27.0273735,92.6102446,4.3,"tourist_attraction, point_of_interest, establishment",attraction,Arunachal Pradesh,All Seasons,West Kameng,25
"Buddha Heritage Park, Yokmuzor",27.1786995,92.3194805,4.5,"tourist_attraction, point_of_interest, establishment",attraction,Arunachal Pradesh,All Seasons,West Kameng,46
I Love Bomdila View Point,27.265903,92.429981,3.9,"tourist_attraction, point_of_interest, establishment",attraction,Arunachal Pradesh,All Seasons,West Kameng,8
KEVIN WATERFALL,27.0596172,92.5944857,4.4,"tourist_attraction, point_of_interest, establishment",attraction,Arunachal Pradesh,All Seasons,West Kameng,28
Evening views of Bomdila,27.2666272,92.4206059,3.7,"tourist_attraction, point_of_interest, establishment",attraction,Arunachal Pradesh,All Seasons,West Kameng,3
"Tenga River View Point, Rupa",27.2085555,92.4002012,4.4,"tourist_attraction, point_of_interest, establishment",attraction,Arunachal Pradesh,All Seasons,West Kameng,30
View point,27.0953,92.1726,4.6,"tourist_attraction, point_of_interest, establishment",attraction,Arunachal Pradesh,All Seasons,West Kameng,5
Shila Point,27.2026923,92.34874810000001,4.3,"tourist_attraction, point_of_interest, establishment",attraction,Arunachal Pradesh,All Seasons,West Kameng,3
NECHIPHU TUNNEL NORTH PORTAL,27.1606872,92.5574719,4.7,"tourist_attraction, point_of_interest, establishment",attraction,Arunachal Pradesh,All Seasons,West Kameng,54
KEVIN WATERFALL,27.2238535,92.4068774,4.3,"tourist_attraction, point_of_interest, establishment",attraction,Arunachal Pradesh,All Seasons,West Kameng,15
Buddha Park,27.2644035,92.4225135,4.1,"park, tourist_attraction, point_of_interest, establishment",attraction,Arunachal Pradesh,All Seasons,West Kameng,395
"Hot Water Spring, Dirang",27.3786094,92.2317582,3.1,"tourist_attraction, point_of_interest, establishment",attraction,Arunachal Pradesh,All Seasons,West Kameng,523
Tenga valley view,27.204184,92.46471989999999,5,"tourist_attraction, point_of_interest, establishment",attraction,Arunachal Pradesh,All Seasons,West Kameng,9
Khonfathar Bridge,27.3510664,92.25999519999999,0,"tourist_attraction, point_of_interest, establishment",attraction,Arunachal Pradesh,All Seasons,West Kameng,0
Saddle Nallah Point,27.1343423,92.5998826,4.5,"tourist_attraction, point_of_interest, establishment",attraction,Arunachal Pradesh,All Seasons,West Kameng,2
Darkgreen Adventures Sela Point,27.5056917,92.1049644,4.7,"tourist_attraction, point_of_interest, establishment",attraction,Arunachal Pradesh,All Seasons,West Kameng,26
Navika Waterfall,27.0716835,92.5905935,4.3,"tourist_attraction, point_of_interest, establishment",attraction,Arunachal Pradesh,All Seasons,West Kameng,27
Kameng River,27.3603588,92.24334329999999,4.4,"tourist_attraction, point_of_interest, establishment",attraction,Arunachal Pradesh,All Seasons,West Kameng,14
Sangti Riverview Point,27.4098125,92.2930781,4.6,"tourist_attraction, point_of_interest, establishment",attraction,Arunachal Pradesh,All Seasons,West Kameng,105
Ball of Fire Museum,27.2145523,92.4541562,4.3,"tourist_attraction, point_of_interest, establishment",attraction,Arunachal Pradesh,All Seasons,West Kameng,6
Nichiphula Waterfall,27.1422099,92.55374289999999,4.5,"tourist_attraction, point_of_interest, establishment",attraction,Arunachal Pradesh,All Seasons,West Kameng,46
KEVIN WATERFALL,27.0137499,92.6344812,4.3,"tourist_attraction, point_of_interest, establishment",attraction,Arunachal Pradesh,All Seasons,West Kameng,29
arunachal tippi,27.0273735,92.6102446,4.5,"tourist_attraction, point_of_interest, establishment",attraction,Arunachal Pradesh,All Seasons,West Kameng,4
Chariduar Tawang Highway Waterfall,27.1310655,92.5443693,5,"tourist_attraction, point_of_interest, establishment",attraction,Arunachal Pradesh,All Seasons,West Kameng,5
Tippi Arunachal Pradesh,27.0417596,92.602244,5,"tourist_attraction, point_of_interest, establishment",attraction,Arunachal Pradesh,All Seasons,West Kameng,1
Wooden bridge and Sangti river,27.3859662,92.2728628,4.8,"tourist_attraction, point_of_interest, establishment",attraction,Arunachal Pradesh,All Seasons,West Kameng,33
Sangti Valley Sheep Farm,27.3889793,92.2711129,4.6,"tourist_attraction, point_of_interest, establishment",attraction,Arunachal Pradesh,All Seasons,West Kameng,244
9 Mile Tri-Junction,27.2914656,92.3939406,4,"tourist_attraction, point_of_interest, establishment",attraction,Arunachal Pradesh,All Seasons,West Kameng,11
Chilipam Waterfalls,27.1764861,92.3672498,4.2,"tourist_attraction, point_of_interest, establishment",attraction,Arunachal Pradesh,All Seasons,West Kameng,13
District Museum,27.2635759,92.4230084,3,"tourist_attraction, point_of_interest, establishment",attraction,Arunachal Pradesh,All Seasons,West Kameng,3
Sesa view point,27.104807,92.52899860000001,4.8,"tourist_attraction, point_of_interest, establishment",attraction,Arunachal Pradesh,All Seasons,West Kameng,25
Lumum Water Fall,27.0273735,92.6102446,4.2,"tourist_attraction, point_of_interest, establishment",attraction,Arunachal Pradesh,All Seasons,West Kameng,57
Sangti Valley paddy field,27.4075167,92.2796956,4.7,"tourist_attraction, point_of_interest, establishment",attraction,Arunachal Pradesh,All Seasons,West Kameng,31
Sela top,27.5016386,92.1042456,4.4,"tourist_attraction, point_of_interest, establishment",attraction,Arunachal Pradesh,All Seasons,West Kameng,49
Selatop,27.5139945,92.10164689999999,4.5,"tourist_attraction, point_of_interest, establishment",attraction,Arunachal Pradesh,All Seasons,West Kameng,19
Nag Mandir hairpin bend,27.2047094,92.56577840000001,3.5,"tourist_attraction, point_of_interest, establishment",attraction,Arunachal Pradesh,All Seasons,West Kameng,4
Bomdila Pass,27.2732001,92.42837779999999,4.6,"tourist_attraction, point_of_interest, establishment",attraction,Arunachal Pradesh,All Seasons,West Kameng,511
Nomadic yak herders village Lubrang,27.3663858,92.1796425,5,"tourist_attraction, point_of_interest, establishment",attraction,Arunachal Pradesh,All Seasons,West Kameng,5
Sela Pass,27.5034929,92.1044897,4.8,"tourist_attraction, point_of_interest, establishment",attraction,Arunachal Pradesh,All Seasons,West Kameng,270
Bhaluk-Pung ILP Checkpoint,27.0072765,92.6559197,0,"tourist_attraction, point_of_interest, establishment",attraction,Arunachal Pradesh,All Seasons,West Kameng,0
Nechiphu Tunnel South Portal,27.1566875,92.5601598,4.5,"tourist_attraction, point_of_interest, establishment",attraction,Arunachal Pradesh,All Seasons,West Kameng,57
Private Apple Farm,27.1235905,92.2551506,4,"tourist_attraction, point_of_interest, establishment",attraction,Arunachal Pradesh,All Seasons,West Kameng,3
Khadar Falls,27.0570745,92.5938128,5,"tourist_attraction, point_of_interest, establishment",attraction,Arunachal Pradesh,All Seasons,West Kameng,2
Ramalingam Forest Rest House,27.2046374,92.46148679999999,4.6,"tourist_attraction, point_of_interest, establishment",attraction,Arunachal Pradesh,All Seasons,West Kameng,5
Dirang,27.3584422,92.240888,0,"tourist_attraction, point_of_interest, establishment",attraction,Arunachal Pradesh,All Seasons,West Kameng,0
"Bomdila Buddhist Monastery - Bomdila, West Kameng District, Arunachal Pradesh, India",27.2705028,92.4185778,4.6,"tourist_attraction, place_of_worship, point_of_interest, establishment",attraction,Arunachal Pradesh,All Seasons,West Kameng,1450
I LOVE DIRANG POINTED BY SSB,27.3645195,92.2444897,5,"tourist_attraction, point_of_interest, establishment",attraction,Arunachal Pradesh,All Seasons,West Kameng,5
Bomdila town,27.2644943,92.4159308,0,"tourist_attraction, point_of_interest, establishment",attraction,Arunachal Pradesh,All Seasons,West Kameng,0
Pakke Tiger Reserve & Kameng river,27.0177293,92.6429355,4.8,"tourist_attraction, point_of_interest, establishment",attraction,Arunachal Pradesh,All Seasons,West Kameng,8
Apple Farm,27.3584422,92.240888,4.5,"tourist_attraction, point_of_interest, establishment",attraction,Arunachal Pradesh,All Seasons,West Kameng,2
Monestry,27.3584422,92.240888,0,"tourist_attraction, point_of_interest, establishment",attraction,Arunachal Pradesh,All Seasons,West Kameng,0
"Rainbow Farm, Trout Fish Farm",27.1825625,92.32318749999999,4,"tourist_attraction, point_of_interest, establishment",attraction,Arunachal Pradesh,All Seasons,West Kameng,5
STAY POINT rama camp dirang arunachal Pradesh (contact us for inline permit),27.388495,92.20315769999999,0,"tourist_attraction, point_of_interest, establishment",attraction,Arunachal Pradesh,All Seasons,West Kameng,0
Thupsung Dhargye Ling Buddhist Monastery,27.3606723,92.23673389999999,4.8,"tourist_attraction, place_of_worship, point_of_interest, establishment",attraction,Arunachal Pradesh,All Seasons,West Kameng,1292
Panya 1,28.1671233,94.81452499999999,3.7,"park, point_of_interest, establishment",parks,Arunachal Pradesh,Spring,West Siang,7
Moana's orange garden,27.9879139,94.9349652,5,"park, point_of_interest, establishment",parks,Arunachal Pradesh,Spring,West Siang,2
A & N (TBH) Garden,27.8475371,95.08956909999999,4,"park, point_of_interest, establishment",parks,Arunachal Pradesh,Spring,West Siang,3
Lane organic garden,28.320529,94.9550616,5,"park, point_of_interest, establishment",parks,Arunachal Pradesh,Spring,West Siang,1
Talom orange garden,28.2314232,94.84996729999999,5,"park, point_of_interest, establishment",parks,Arunachal Pradesh,Spring,West Siang,2
Lai Ho,28.0018991,94.7138633,3.9,"park, point_of_interest, establishment",parks,Arunachal Pradesh,Spring,West Siang,7
Kom organic orange garden,28.2239056,94.9938045,5,"park, point_of_interest, establishment",parks,Arunachal Pradesh,Spring,West Siang,1
Aayi WRC field Kambu,28.3021384,94.690561,0,"park, point_of_interest, establishment",parks,Arunachal Pradesh,Spring,West Siang,0
siru rijo tea garden,28.1655728,94.80222479999999,3.8,"park, point_of_interest, establishment",parks,Arunachal Pradesh,Spring,West Siang,22
Tao Bagaan,27.9643663,94.6099797,0,"park, point_of_interest, establishment",parks,Arunachal Pradesh,Spring,West Siang,0
Kom Organic orange garden,28.2367299,94.9901649,4.5,"park, point_of_interest, establishment",parks,Arunachal Pradesh,Spring,West Siang,2
DOLY LOYI BAMBOO GARDENS AND RETREAT CENTRE,28.1920258,94.77323229999999,5,"park, point_of_interest, establishment",parks,Arunachal Pradesh,Spring,West Siang,2
ICAR BAM,28.0062104,94.6791643,5,"park, point_of_interest, establishment",parks,Arunachal Pradesh,Spring,West Siang,2
Rangkop WRC,28.176388,94.7980317,3.3,"park, point_of_interest, establishment",parks,Arunachal Pradesh,Spring,West Siang,3
Babi Gellu,28.2008037,94.7288954,0,"park, point_of_interest, establishment",parks,Arunachal Pradesh,Spring,West Siang,0
Ogom Taloh's Orchard,28.2493066,94.9921251,0,"park, point_of_interest, establishment",parks,Arunachal Pradesh,Spring,West Siang,0
Mize Buutung,28.2285875,94.9945441,0,"park, point_of_interest, establishment",parks,Arunachal Pradesh,Spring,West Siang,0
Todor Putu,28.0533776,94.5700674,0,"park, point_of_interest, establishment",parks,Arunachal Pradesh,Spring,West Siang,0
ICAR,27.9943079,94.7041909,5,"park, point_of_interest, establishment",parks,Arunachal Pradesh,Spring,West Siang,2
Roying WRC,28.1880217,94.8044834,0,"park, point_of_interest, establishment",parks,Arunachal Pradesh,Spring,West Siang,0
Integrated Farming School,28.1492951,94.8337269,0,"park, point_of_interest, establishment",parks,Arunachal Pradesh,Spring,West Siang,0
Nari Moopin Ground,27.7956425,95.0554748,3.6,"park, point_of_interest, establishment",parks,Arunachal Pradesh,Spring,West Siang,34
Soro Picnic spot,28.2179994,94.7277528,0,"campground, park, lodging, point_of_interest, establishment",parks,Arunachal Pradesh,Spring,West Siang,0
Taying sitang Orange garden,28.2426198,94.958342,0,"park, point_of_interest, establishment",parks,Arunachal Pradesh,Spring,West Siang,0
Tangor Taloh Ooying paddy field,28.3220116,94.9549923,0,"park, point_of_interest, establishment",parks,Arunachal Pradesh,Spring,West Siang,0
Komde Island Peri,28.2942549,94.68494539999999,0,"park, point_of_interest, establishment",parks,Arunachal Pradesh,Spring,West Siang,0
Jini Eyi,28.1628125,94.8054375,0,"park, point_of_interest, establishment",parks,Arunachal Pradesh,Spring,West Siang,0
Pani tanki,27.9825629,94.6897528,0,"park, point_of_interest, establishment",parks,Arunachal Pradesh,Spring,West Siang,0
Paya eco,28.197908,94.73871199999999,3,"campground, park, lodging, point_of_interest, establishment",parks,Arunachal Pradesh,Spring,West Siang,1
Pabo,28.2261661,94.9933339,0,"park, point_of_interest, establishment",parks,Arunachal Pradesh,Spring,West Siang,0
KOMUT'S ORANGE GARDEN,28.2487197,94.9936663,0,"park, point_of_interest, establishment",parks,Arunachal Pradesh,Spring,West Siang,0
KOMUT'S DIREM ARIK,28.2635243,95.01095649999999,0,"park, point_of_interest, establishment",parks,Arunachal Pradesh,Spring,West Siang,0
KOMUT'S RIYING ARIK,28.2447718,95.0201505,0,"park, point_of_interest, establishment",parks,Arunachal Pradesh,Spring,West Siang,0
Aado fish pound,28.1282207,94.81433469999999,0,"park, point_of_interest, establishment",parks,Arunachal Pradesh,Spring,West Siang,0
P. Miroh Arecanut Plantation,27.8034402,95.0628479,0,"park, point_of_interest, establishment",parks,Arunachal Pradesh,Spring,West Siang,0
KOMUT'S PABO ARIK,28.2395178,95.00611409999999,0,"park, point_of_interest, establishment",parks,Arunachal Pradesh,Spring,West Siang,0
Kali loya,28.1920436,94.76324849999999,1,"park, point_of_interest, establishment",parks,Arunachal Pradesh,Spring,West Siang,1
MOSEN LOYI MAHOGANY PLANTATIONS AND GARDENS,28.1931555,94.7623919,0,"park, point_of_interest, establishment",parks,Arunachal Pradesh,Spring,West Siang,0
Basics camp,28.2179994,94.7277528,0,"campground, park, lodging, point_of_interest, establishment",parks,Arunachal Pradesh,Spring,West Siang,0
"Carrick.k, betel nuts farm",27.8015684,94.6037231,0,"park, point_of_interest, establishment",parks,Arunachal Pradesh,Spring,West Siang,0
Sipu Puyi Aalo,28.1561412,94.79587330000001,3.5,"park, point_of_interest, establishment",parks,Arunachal Pradesh,Spring,West Siang,4
Lido Loyi's Farm,28.1921786,94.7623979,0,"park, point_of_interest, establishment",parks,Arunachal Pradesh,Spring,West Siang,0
Kadai yomgam,28.1700983,94.79833169999999,0,"park, point_of_interest, establishment",parks,Arunachal Pradesh,Spring,West Siang,0
Karli Gibi firm,27.83986,94.62584389999999,0,"park, point_of_interest, establishment",parks,Arunachal Pradesh,Spring,West Siang,0
T Gamlin's Farm House,27.800715,95.0365425,0,"park, point_of_interest, establishment",parks,Arunachal Pradesh,Spring,West Siang,0
"T & J's Micro Farm, Menle Rijo",27.9946717,94.71680099999999,0,"park, point_of_interest, establishment",parks,Arunachal Pradesh,Spring,West Siang,0
Bj Resort,28.2554599,94.6821107,0,"campground, park, lodging, point_of_interest, establishment",parks,Arunachal Pradesh,Spring,West Siang,0
Ronya,28.314208,94.6450425,0,"park, point_of_interest, establishment",parks,Arunachal Pradesh,Spring,West Siang,0
Museum,28.2215658,94.7267589,0,"travel_agency, point_of_interest, establishment",museum,Arunachal Pradesh,Winter,West Siang,0
Rigo Waterfall,28.144394,94.757347,4,"tourist_attraction, point_of_interest, establishment",waterfalls,Arunachal Pradesh,Monsoon,West Siang,3
"Yummar Taipodia Bridge, Gensi",27.842154,94.62267829999999,3.6,"tourist_attraction, point_of_interest, establishment",waterfalls,Arunachal Pradesh,Monsoon,West Siang,8
Paya Lipor,28.1954179,94.73612729999999,5,"tourist_attraction, point_of_interest, establishment",beaches,Arunachal Pradesh,Summer,West Siang,4
"Ramakrishna Mission, Aalo",28.1528413,94.78604089999999,4.8,"school, point_of_interest, establishment",beaches,Arunachal Pradesh,Summer,West Siang,60
Shree Ramakrishna Temple,28.1526202,94.7841436,4.9,"hindu_temple, place_of_worship, point_of_interest, establishment",temples,Arunachal Pradesh,All Seasons,West Siang,18
जय माता दी मन्दिर,28.1800746,94.8134827,5,"hindu_temple, place_of_worship, point_of_interest, establishment",temples,Arunachal Pradesh,All Seasons,West Siang,1
SHIV MANDIR,28.160555,94.7943335,5,"hindu_temple, place_of_worship, point_of_interest, establishment",temples,Arunachal Pradesh,All Seasons,West Siang,3
Shiva Temple,28.1788275,94.8049808,5,"hindu_temple, place_of_worship, point_of_interest, establishment",temples,Arunachal Pradesh,All Seasons,West Siang,2
Basudev Temple,27.8038702,95.04724039999999,4.6,"hindu_temple, place_of_worship, point_of_interest, establishment",temples,Arunachal Pradesh,All Seasons,West Siang,9
YOJI YORA SHIVA TEMPLE,28.1521389,94.8031243,0,"hindu_temple, place_of_worship, point_of_interest, establishment",temples,Arunachal Pradesh,All Seasons,West Siang,0
Shiv Mandir,27.9728756,94.6874441,4,"hindu_temple, place_of_worship, point_of_interest, establishment",temples,Arunachal Pradesh,All Seasons,West Siang,2
DOGRA MANDIR,27.9147326,94.7181797,5,"hindu_temple, place_of_worship, point_of_interest, establishment",temples,Arunachal Pradesh,All Seasons,West Siang,1
Bashudev tample gate,27.8054524,95.04639460000001,4,"hindu_temple, place_of_worship, point_of_interest, establishment",temples,Arunachal Pradesh,All Seasons,West Siang,1
Akashi Ganga Kund Shakti Peeth,28.147254,94.7484518,4.8,"hindu_temple, place_of_worship, point_of_interest, establishment",temples,Arunachal Pradesh,All Seasons,West Siang,4
Doni polo temple,28.1663981,94.79853349999999,4,"place_of_worship, point_of_interest, establishment",temples,Arunachal Pradesh,All Seasons,West Siang,1
Sree Siddeshwar Nath Natural Shiv Linga Temple,27.974649,94.538078,0,"hindu_temple, place_of_worship, point_of_interest, establishment",temples,Arunachal Pradesh,All Seasons,West Siang,0
Saly lake downtown hill,28.2178765,94.7280643,0,"hindu_temple, place_of_worship, point_of_interest, establishment",temples,Arunachal Pradesh,All Seasons,West Siang,0
Jomlo bari,28.192442,94.801361,0,"hindu_temple, place_of_worship, point_of_interest, establishment",temples,Arunachal Pradesh,All Seasons,West Siang,0
Jommar loyi,28.1885304,94.7658383,0,"place_of_worship, point_of_interest, establishment",temples,Arunachal Pradesh,All Seasons,West Siang,0
"Ramakrishna Mission, Aalo",28.1528413,94.78604089999999,4.8,"school, point_of_interest, establishment",temples,Arunachal Pradesh,All Seasons,West Siang,60
Hill Side Family Restaurant Gumin Nagar,28.1562402,94.8012577,4.9,"restaurant, food, point_of_interest, establishment",hills,Arunachal Pradesh,Winter,West Siang,9
Gaur Hill,28.1654724,94.80535619999999,3.8,"point_of_interest, establishment",hills,Arunachal Pradesh,Winter,West Siang,5
Hill Top Homestay,27.9830997,94.6996116,4.8,"lodging, point_of_interest, establishment",hills,Arunachal Pradesh,Winter,West Siang,4
"Hill view, Home stay, Aalo",28.1592,94.80435399999999,5,"lodging, point_of_interest, establishment",hills,Arunachal Pradesh,Winter,West Siang,9
Saly lake downtown hill,28.2178765,94.7280643,0,"hindu_temple, place_of_worship, point_of_interest, establishment",hills,Arunachal Pradesh,Winter,West Siang,0
"Four Hill, Aalo",28.1627836,94.8054142,0,"point_of_interest, establishment",hills,Arunachal Pradesh,Winter,West Siang,0
Tamer hill top,28.2179994,94.7277528,0,"point_of_interest, establishment",hills,Arunachal Pradesh,Winter,West Siang,0
JE Qtr,28.1654724,94.80535619999999,0,"point_of_interest, establishment",hills,Arunachal Pradesh,Winter,West Siang,0
New Bomte,27.8170327,94.712086,5,"point_of_interest, establishment",hills,Arunachal Pradesh,Winter,West Siang,1
Abu Corner,28.1559504,94.80066269999999,0,"food, point_of_interest, store, establishment",hills,Arunachal Pradesh,Winter,West Siang,0
K3 Wine Shop,28.1658051,94.80528369999999,0,"liquor_store, food, point_of_interest, store, establishment",hills,Arunachal Pradesh,Winter,West Siang,0
Yingam Ango Rike,28.162415,94.805443,0,"grocery_or_supermarket, food, point_of_interest, store, establishment",hills,Arunachal Pradesh,Winter,West Siang,0
Lorging view point,28.2387711,94.83914659999999,4.9,"tourist_attraction, point_of_interest, establishment",attraction,Arunachal Pradesh,All Seasons,West Siang,7
Tension Free View,28.1423635,94.78741819999999,4.1,"tourist_attraction, point_of_interest, establishment",attraction,Arunachal Pradesh,All Seasons,West Siang,9
Boleng,28.316899,94.9529967,0,"tourist_attraction, point_of_interest, establishment",attraction,Arunachal Pradesh,All Seasons,West Siang,0
Ego Bridge,27.868994,94.7878638,4.4,"tourist_attraction, point_of_interest, establishment",attraction,Arunachal Pradesh,All Seasons,West Siang,5
"Yummar Taipodia Bridge, Gensi",27.842154,94.62267829999999,3.6,"tourist_attraction, point_of_interest, establishment",attraction,Arunachal Pradesh,All Seasons,West Siang,8
Bam Basar View Point,28.0241976,94.6732899,2.8,"tourist_attraction, point_of_interest, establishment",attraction,Arunachal Pradesh,All Seasons,West Siang,6
Aalo View,28.1146149,94.7917425,3.7,"tourist_attraction, point_of_interest, establishment",attraction,Arunachal Pradesh,All Seasons,West Siang,3
Rigo Waterfall,28.144394,94.757347,4,"tourist_attraction, point_of_interest, establishment",attraction,Arunachal Pradesh,All Seasons,West Siang,3
Pak Lwipor Camping Spot,28.20218,94.72171879999999,4.9,"tourist_attraction, point_of_interest, establishment",attraction,Arunachal Pradesh,All Seasons,West Siang,10
Paya Lipor,28.1954179,94.73612729999999,5,"tourist_attraction, point_of_interest, establishment",attraction,Arunachal Pradesh,All Seasons,West Siang,4
Basar Town,27.9823102,94.6899937,4,"tourist_attraction, point_of_interest, establishment",attraction,Arunachal Pradesh,All Seasons,West Siang,341
RiZ Eco Resort Aalo,28.2124892,94.6995152,3.7,"tourist_attraction, point_of_interest, establishment",attraction,Arunachal Pradesh,All Seasons,West Siang,7
Kombo School Puutu,28.1197104,94.8298762,4.6,"tourist_attraction, point_of_interest, establishment",attraction,Arunachal Pradesh,All Seasons,West Siang,5
East of Geling,28.2179994,94.7277528,0,"tourist_attraction, point_of_interest, establishment",attraction,Arunachal Pradesh,All Seasons,West Siang,0
Sight seeing Tangon River,28.2179994,94.7277528,0,"tourist_attraction, point_of_interest, establishment",attraction,Arunachal Pradesh,All Seasons,West Siang,0
Wak Bridge,28.2179994,94.7277528,0,"tourist_attraction, point_of_interest, establishment",attraction,Arunachal Pradesh,All Seasons,West Siang,0
chimpung La Pass,28.2179994,94.7277528,0,"tourist_attraction, point_of_interest, establishment",attraction,Arunachal Pradesh,All Seasons,West Siang,0
"Lungdur, South of Kalakang",28.2179994,94.7277528,0,"tourist_attraction, point_of_interest, establishment",attraction,Arunachal Pradesh,All Seasons,West Siang,0
Ajay Spur,28.2179994,94.7277528,0,"tourist_attraction, point_of_interest, establishment",attraction,Arunachal Pradesh,All Seasons,West Siang,0
