Name,Latitude,Longitude,Rating,Categories,Keyword,State,Season,District,Visitors Count of Ratings
Beech Park,20.9789073,81.2918554,4.2,"park, point_of_interest, establishment",parks,Chhattisgarh,Spring,Balod,20
Swami Vivekanand Park Darra,20.7131984,81.44659639999999,4.9,"park, point_of_interest, establishment",parks,Chhattisgarh,Spring,Balod,9
Hospital Sector Mini Park,20.5888051,81.0828342,3.5,"park, point_of_interest, establishment",parks,Chhattisgarh,Spring,Balod,52
Picnic Spot,20.8628909,81.0344813,5,"park, point_of_interest, establishment",parks,Chhattisgarh,Spring,Balod,3
Bindeshwari Baghel Park,20.9837122,81.0814363,3.9,"park, point_of_interest, establishment",parks,Chhattisgarh,Spring,Balod,29
Environment park,20.7159589,81.18368869999999,4.4,"park, point_of_interest, establishment",parks,Chhattisgarh,Spring,Balod,16
Oxygen Park,20.870297,81.24108989999999,3.4,"park, point_of_interest, establishment",parks,Chhattisgarh,Spring,Balod,12
"Park ,Sarekha",20.8508863,81.3153998,4.3,"park, point_of_interest, establishment",parks,Chhattisgarh,Spring,Balod,4
MR RTESH Masiyare,20.530524,81.1580031,3.5,"park, point_of_interest, establishment",parks,Chhattisgarh,Spring,Balod,2
Jalpari Garden no.2 Dalli Rajhara,20.5825817,81.079745,3.9,"park, point_of_interest, establishment",parks,Chhattisgarh,Spring,Balod,143
Jhalmala,20.7160799,81.2401805,4.2,"park, point_of_interest, establishment",parks,Chhattisgarh,Spring,Balod,42
Gurunanak marriage garden,20.6745442,81.4023462,5,"park, point_of_interest, establishment",parks,Chhattisgarh,Spring,Balod,12
Iraguda party place,20.8987425,81.283096,0,"park, point_of_interest, establishment",parks,Chhattisgarh,Spring,Balod,0
Shivaji park,20.9734833,81.2933671,3.5,"park, point_of_interest, establishment",parks,Chhattisgarh,Spring,Balod,2
आदर्श गौठान भर्रिटोला (43),20.6353496,81.0523744,5,"park, point_of_interest, establishment",parks,Chhattisgarh,Spring,Balod,1
Pt. Dindayal Upadhyay Memorial,20.7887079,81.0552604,4,"park, point_of_interest, establishment",parks,Chhattisgarh,Spring,Balod,41
Dupchera तालाब,20.7101956,81.43170479999999,5,"park, point_of_interest, establishment",parks,Chhattisgarh,Spring,Balod,2
Radha swami satsang Vyas,20.8110331,81.359015,3.8,"park, point_of_interest, establishment",parks,Chhattisgarh,Spring,Balod,13
Diggi baadi,20.9517758,81.26486469999999,5,"park, point_of_interest, establishment",parks,Chhattisgarh,Spring,Balod,4
Kurrutola,20.5030853,81.1453535,4,"park, point_of_interest, establishment",parks,Chhattisgarh,Spring,Balod,1
Saptgiri Park,20.5822337,81.0872223,4.1,"park, point_of_interest, establishment",parks,Chhattisgarh,Spring,Balod,335
Chikhalakasa Garden,20.599004,81.0746032,3.4,"park, point_of_interest, establishment",parks,Chhattisgarh,Spring,Balod,114
Aarogya Watika,20.587436,81.0788273,4.3,"park, point_of_interest, establishment",parks,Chhattisgarh,Spring,Balod,32
Chill Zone,20.8100305,81.3567296,4.3,"park, point_of_interest, establishment",parks,Chhattisgarh,Spring,Balod,3
Bhesu home,20.8871417,81.0734532,0,"park, point_of_interest, establishment",parks,Chhattisgarh,Spring,Balod,0
Navnit,20.7456907,81.1657644,0,"park, point_of_interest, establishment",parks,Chhattisgarh,Spring,Balod,0
Sanjari balod,20.8599044,81.0242847,5,"park, point_of_interest, establishment",parks,Chhattisgarh,Spring,Balod,1
अटल चौक,20.7724882,81.0936217,4,"park, point_of_interest, establishment",parks,Chhattisgarh,Spring,Balod,1
हीरापुर गार्डन,20.7271244,81.2189902,0,"park, point_of_interest, establishment",parks,Chhattisgarh,Spring,Balod,0
ASHOKRATAN FARM,20.6922281,81.0660161,5,"park, point_of_interest, establishment",parks,Chhattisgarh,Spring,Balod,3
श्री राम वाटिका,20.7300781,81.2136974,0,"park, point_of_interest, establishment",parks,Chhattisgarh,Spring,Balod,0
Mini dam gainji,20.7138113,81.0798923,0,"park, point_of_interest, establishment",parks,Chhattisgarh,Spring,Balod,0
Mango Garden,20.5143645,81.3891227,4,"park, point_of_interest, establishment",parks,Chhattisgarh,Spring,Balod,1
Talab,20.7885286,81.2577534,0,"park, point_of_interest, establishment",parks,Chhattisgarh,Spring,Balod,0
Yadav's farm,20.7758446,81.229325,0,"park, point_of_interest, establishment",parks,Chhattisgarh,Spring,Balod,0
नलकसा मैदान,20.5093276,81.00608179999999,0,"park, point_of_interest, establishment",parks,Chhattisgarh,Spring,Balod,0
Rajendra Belendra nivash,20.4988708,81.141711,3.5,"park, point_of_interest, establishment",parks,Chhattisgarh,Spring,Balod,2
Manglu Garden,20.4953538,81.0917898,3.2,"park, point_of_interest, establishment",parks,Chhattisgarh,Spring,Balod,9
Krishna kunj,20.5876852,81.08704759999999,0,"park, point_of_interest, establishment",parks,Chhattisgarh,Spring,Balod,0
Bheja Garden,20.655131,81.44702699999999,5,"park, point_of_interest, establishment",parks,Chhattisgarh,Spring,Balod,2
Krishna kunj,20.7230757,81.19602909999999,4.4,"park, point_of_interest, establishment",parks,Chhattisgarh,Spring,Balod,30
KGF Kiran Green Farms,20.632463,81.433101,5,"park, point_of_interest, establishment",parks,Chhattisgarh,Spring,Balod,2
हमर गांव हमर गौठान पैरी,20.8515712,81.2596913,5,"park, point_of_interest, establishment",parks,Chhattisgarh,Spring,Balod,3
Deshmukh house,20.8365994,81.2161185,5,"park, point_of_interest, establishment",parks,Chhattisgarh,Spring,Balod,1
Dhayan Aashram mahund,20.9896634,81.1806165,5,"park, point_of_interest, establishment",parks,Chhattisgarh,Spring,Balod,1
Sanjay banjare,20.7405007,81.21335909999999,5,"park, point_of_interest, establishment",parks,Chhattisgarh,Spring,Balod,2
Bhuneshwar Kumar sori,20.5600853,80.9204683,4.2,"park, point_of_interest, establishment",parks,Chhattisgarh,Spring,Balod,5
दोरबा (खड़गाँव) नर्सरी,20.493346,80.91907929999999,4.5,"park, point_of_interest, establishment",parks,Chhattisgarh,Spring,Balod,6
Sarthak Garden,20.7237678,81.19750429999999,2.9,"park, point_of_interest, establishment",parks,Chhattisgarh,Spring,Balod,10
"Sunita Park,Shesu Enterprise & Shesu Goshala",20.9258122,81.3109303,3.6,"park, point_of_interest, establishment",parks,Chhattisgarh,Spring,Balod,9
Baiga borgahan,20.8798069,81.3610661,5,"park, point_of_interest, establishment",parks,Chhattisgarh,Spring,Balod,2
JAGANNATHPUR GARDEN (BALOD),20.7999408,81.1989215,5,"park, point_of_interest, establishment",parks,Chhattisgarh,Spring,Balod,4
Mahila Garden,20.5852355,81.08013919999999,3.7,"park, point_of_interest, establishment",parks,Chhattisgarh,Spring,Balod,30
Kaju garden,20.4946202,81.4044931,5,"park, point_of_interest, establishment",parks,Chhattisgarh,Spring,Balod,1
Balod choupati,20.7280623,81.20120109999999,2.5,"park, point_of_interest, establishment",parks,Chhattisgarh,Spring,Balod,2
थोथा गुड़ी (Thotha gudi),20.734122,81.01472249999999,5,"park, point_of_interest, establishment",parks,Chhattisgarh,Spring,Balod,1
Gopal prem aseel farm,20.9817411,81.3008237,4,"park, point_of_interest, establishment",parks,Chhattisgarh,Spring,Balod,6
Garden,20.8073437,81.12464709999999,5,"park, point_of_interest, establishment",parks,Chhattisgarh,Spring,Balod,1
Mahaveer Vatika,20.7263558,81.2013533,4,"park, point_of_interest, establishment",parks,Chhattisgarh,Spring,Balod,1
dinesh thakur,20.813796,81.2957282,5,"park, point_of_interest, establishment",parks,Chhattisgarh,Spring,Balod,2
Kousilya Mata Mandir,20.9795655,81.00765919999999,4.3,"museum, point_of_interest, establishment",museum,Chhattisgarh,Winter,Balod,32
Naya para pateli,20.5465699,81.1554409,0,"museum, point_of_interest, establishment",museum,Chhattisgarh,Winter,Balod,0
Dhananjay sahu,20.7182934,81.4297333,0,"museum, point_of_interest, establishment",museum,Chhattisgarh,Winter,Balod,0
Sahu tent sambalpur lohara,20.8140602,81.0630164,3,"museum, point_of_interest, establishment",museum,Chhattisgarh,Winter,Balod,2
Open Museum Balod,20.7359453,81.1979154,3.7,"museum, point_of_interest, establishment",museum,Chhattisgarh,Winter,Balod,33
बोर पारा परना,20.9591958,80.9384254,4.7,"museum, point_of_interest, establishment",museum,Chhattisgarh,Winter,Balod,3
Siyadevi Waterfall,20.6201362,81.2846838,4.2,"tourist_attraction, point_of_interest, establishment",waterfalls,Chhattisgarh,Monsoon,Balod,637
Deopandum Waterfall,20.646898,81.01766889999999,4.3,"tourist_attraction, point_of_interest, establishment",waterfalls,Chhattisgarh,Monsoon,Balod,44
Dev Bawli Waterfall,20.8386875,80.9621875,3.8,"tourist_attraction, point_of_interest, establishment",waterfalls,Chhattisgarh,Monsoon,Balod,31
Pingal Waterfall,20.729125,81.05799189999999,3.9,"tourist_attraction, point_of_interest, establishment",waterfalls,Chhattisgarh,Monsoon,Balod,17
Kharkhara Waterfall,20.8438793,80.98874789999999,4.1,"tourist_attraction, point_of_interest, establishment",waterfalls,Chhattisgarh,Monsoon,Balod,111
Odgaw Waterfall,20.5608143,81.187964,3,"tourist_attraction, point_of_interest, establishment",waterfalls,Chhattisgarh,Monsoon,Balod,2
Hidden waterfall kinargondi,20.62096,81.2654283,5,"tourist_attraction, point_of_interest, establishment",waterfalls,Chhattisgarh,Monsoon,Balod,4
Kokan Waterfall,20.5848309,81.11228849999999,3.5,"tourist_attraction, point_of_interest, establishment",waterfalls,Chhattisgarh,Monsoon,Balod,17
Dordora Waterfall Nalpani,20.7300124,81.0109208,3.2,"tourist_attraction, point_of_interest, establishment",waterfalls,Chhattisgarh,Monsoon,Balod,17
Jharjhara Nala Waterfall,20.7843195,81.0150568,3.6,"tourist_attraction, point_of_interest, establishment",waterfalls,Chhattisgarh,Monsoon,Balod,14
Konde Waterfall,20.578604,81.0434527,3.8,"tourist_attraction, point_of_interest, establishment",waterfalls,Chhattisgarh,Monsoon,Balod,5
Shri Siyadevi Temple,20.619904,81.2848029,4.2,"hindu_temple, tourist_attraction, place_of_worship, point_of_interest, establishment",waterfalls,Chhattisgarh,Monsoon,Balod,2127
Jhumki waterfall,20.6325863,81.01664629999999,3.3,"tourist_attraction, point_of_interest, establishment",waterfalls,Chhattisgarh,Monsoon,Balod,3
Rajhara Dam Waterfall,20.5608679,81.0745673,3,"tourist_attraction, point_of_interest, establishment",waterfalls,Chhattisgarh,Monsoon,Balod,2
Masul (Waterfall),20.6117736,81.3832309,3.7,"tourist_attraction, point_of_interest, establishment",waterfalls,Chhattisgarh,Monsoon,Balod,6
mullegura dam shore,20.6426125,81.2271276,4,"tourist_attraction, point_of_interest, establishment",waterfalls,Chhattisgarh,Monsoon,Balod,5
Main Gate Tandula Dam Balod,20.7022554,81.22239410000002,4.3,"tourist_attraction, point_of_interest, establishment",waterfalls,Chhattisgarh,Monsoon,Balod,371
Madwapathara Dam,20.5953038,81.2185506,4.2,"tourist_attraction, point_of_interest, establishment",waterfalls,Chhattisgarh,Monsoon,Balod,5
"kharkhara stop dam, Dondilohara",20.836241,80.9899003,4.2,"tourist_attraction, point_of_interest, establishment",waterfalls,Chhattisgarh,Monsoon,Balod,102
Tandula lake,20.7035629,81.19973689999999,4.4,"tourist_attraction, point_of_interest, establishment",waterfalls,Chhattisgarh,Monsoon,Balod,17
Balod Dem,20.7106698,81.1887821,4.6,"tourist_attraction, point_of_interest, establishment",waterfalls,Chhattisgarh,Monsoon,Balod,10
Jhalmala,20.7160799,81.2401805,4.2,"park, point_of_interest, establishment",waterfalls,Chhattisgarh,Monsoon,Balod,42
Backwaters Gangrel Onakona,20.5739352,81.4454051,4.7,"tourist_attraction, point_of_interest, establishment",waterfalls,Chhattisgarh,Monsoon,Balod,12
Bawli camping area/Hiking area/picnic spot,20.8342008,80.96315229999999,3.3,"tourist_attraction, point_of_interest, establishment",waterfalls,Chhattisgarh,Monsoon,Balod,4
खरखरा डैम,20.835327,80.986901,4.1,"tourist_attraction, point_of_interest, establishment",waterfalls,Chhattisgarh,Monsoon,Balod,130
Budha Talab Ghat Balod,20.7270585,81.2055798,2.5,"tourist_attraction, point_of_interest, establishment",waterfalls,Chhattisgarh,Monsoon,Balod,2
Kharkhara Secret Spot,20.827768,80.99063799999999,4.6,"tourist_attraction, point_of_interest, establishment",waterfalls,Chhattisgarh,Monsoon,Balod,8
Uttam Kumar Sahu,20.5633225,81.37109989999999,4.1,"tourist_attraction, point_of_interest, establishment",waterfalls,Chhattisgarh,Monsoon,Balod,15
Satiyara ( View point ),20.5606962,81.48174139999999,5,"tourist_attraction, point_of_interest, establishment",waterfalls,Chhattisgarh,Monsoon,Balod,4
Kharkhara Dam,20.801782,80.9705292,4.1,"natural_feature, establishment",waterfalls,Chhattisgarh,Monsoon,Balod,299
Rajhara Dam,20.5627172,81.07201599999999,4.1,"natural_feature, establishment",waterfalls,Chhattisgarh,Monsoon,Balod,27
Burhadev Mandir,20.6571108,81.2917622,3.8,"hindu_temple, place_of_worship, point_of_interest, establishment",waterfalls,Chhattisgarh,Monsoon,Balod,5
Tourists place,20.6192479,81.2844697,4.3,"lodging, point_of_interest, establishment",waterfalls,Chhattisgarh,Monsoon,Balod,4
Chandi Mata Temple,20.9413806,81.448887,4.5,"hindu_temple, tourist_attraction, place_of_worship, point_of_interest, establishment",waterfalls,Chhattisgarh,Monsoon,Balod,22
Dev Bawli Temple,20.8386752,80.9618716,4,"hindu_temple, place_of_worship, point_of_interest, establishment",waterfalls,Chhattisgarh,Monsoon,Balod,94
Beech Park,20.9789073,81.2918554,4.2,"park, point_of_interest, establishment",beaches,Chhattisgarh,Summer,Balod,20
Shri Siyadevi Temple,20.619904,81.2848029,4.2,"hindu_temple, tourist_attraction, place_of_worship, point_of_interest, establishment",beaches,Chhattisgarh,Summer,Balod,2127
SUA LAKE VIEW RESORT,20.7004518,81.233339,3.7,"lodging, point_of_interest, establishment",beaches,Chhattisgarh,Summer,Balod,34
GARIYA BEACH,20.6422906,81.1757798,4,"tourist_attraction, point_of_interest, establishment",beaches,Chhattisgarh,Summer,Balod,1
कृष्णा गोपाल गोथन सांगली,20.801018,81.4620667,2.5,"zoo, point_of_interest, establishment",zoo,Chhattisgarh,Winter,Balod,2
Bindeshwari Baghel Park,20.9837122,81.0814363,3.9,"park, point_of_interest, establishment",zoo,Chhattisgarh,Winter,Balod,29
Hanuman temple,20.9208625,81.2112306,5,"hindu_temple, place_of_worship, point_of_interest, establishment",temples,Chhattisgarh,All Seasons,Balod,3
hanuman temple,20.6735825,81.14719509999999,4.7,"hindu_temple, place_of_worship, point_of_interest, establishment",temples,Chhattisgarh,All Seasons,Balod,3
Dev Bawli Temple,20.8386752,80.9618716,4,"hindu_temple, place_of_worship, point_of_interest, establishment",temples,Chhattisgarh,All Seasons,Balod,94
Pandwan Dev Temple,20.6689698,81.143048,4.2,"hindu_temple, place_of_worship, point_of_interest, establishment",temples,Chhattisgarh,All Seasons,Balod,14
Hanuman ji temple,20.8893179,81.2967115,5,"hindu_temple, place_of_worship, point_of_interest, establishment",temples,Chhattisgarh,All Seasons,Balod,1
Shri Siyadevi Temple,20.619904,81.2848029,4.2,"hindu_temple, tourist_attraction, place_of_worship, point_of_interest, establishment",temples,Chhattisgarh,All Seasons,Balod,2127
Hanuman Mandir,20.7196749,81.4490929,5,"hindu_temple, place_of_worship, point_of_interest, establishment",temples,Chhattisgarh,All Seasons,Balod,2
Shiv Temple,20.9491219,81.20255290000001,4.4,"hindu_temple, place_of_worship, point_of_interest, establishment",temples,Chhattisgarh,All Seasons,Balod,7
Shiv Mandir,20.963377,81.3523503,4.8,"hindu_temple, place_of_worship, point_of_interest, establishment",temples,Chhattisgarh,All Seasons,Balod,4
Lingeshwar mahadev temple,20.8127462,81.4545682,4.3,"hindu_temple, place_of_worship, point_of_interest, establishment",temples,Chhattisgarh,All Seasons,Balod,4
BABA DHAM TEMPLE,20.8429935,81.3823346,5,"hindu_temple, place_of_worship, point_of_interest, establishment",temples,Chhattisgarh,All Seasons,Balod,7
Lord Shiv Temple,20.6988896,81.1141202,5,"hindu_temple, place_of_worship, point_of_interest, establishment",temples,Chhattisgarh,All Seasons,Balod,3
Lord Shree Govardhan Giridhari Temple,20.9764306,81.4321416,4,"hindu_temple, place_of_worship, point_of_interest, establishment",temples,Chhattisgarh,All Seasons,Balod,1
Rudra Temple Onakona,20.5745849,81.4446099,4.3,"hindu_temple, place_of_worship, point_of_interest, establishment",temples,Chhattisgarh,All Seasons,Balod,653
Sitla Temple,20.9513318,81.0503117,4,"hindu_temple, place_of_worship, point_of_interest, establishment",temples,Chhattisgarh,All Seasons,Balod,4
Shiv mandir,20.5807608,81.0644804,3.7,"hindu_temple, place_of_worship, point_of_interest, establishment",temples,Chhattisgarh,All Seasons,Balod,7
Sheetla temple darutola,20.5568102,81.11623709999999,5,"hindu_temple, place_of_worship, point_of_interest, establishment",temples,Chhattisgarh,All Seasons,Balod,1
शनि देव मंदिर,20.9406914,81.29812369999999,4.9,"hindu_temple, place_of_worship, point_of_interest, establishment",temples,Chhattisgarh,All Seasons,Balod,12
Omkareshwar Shiva temple,20.798075,81.4771265,4.2,"hindu_temple, place_of_worship, point_of_interest, establishment",temples,Chhattisgarh,All Seasons,Balod,32
Hindu temple,20.974127,81.0831824,5,"hindu_temple, place_of_worship, point_of_interest, establishment",temples,Chhattisgarh,All Seasons,Balod,1
Kille Wali Mata Temple,20.5208647,81.0247242,4.4,"hindu_temple, place_of_worship, point_of_interest, establishment",temples,Chhattisgarh,All Seasons,Balod,146
Chandi Mata Temple,20.9413806,81.448887,4.5,"hindu_temple, tourist_attraction, place_of_worship, point_of_interest, establishment",temples,Chhattisgarh,All Seasons,Balod,22
Jalaram Bappa Temple,20.5836197,81.0760997,4.6,"place_of_worship, point_of_interest, establishment",temples,Chhattisgarh,All Seasons,Balod,30
Rajhara Baba Temple,20.5809857,81.0939932,4.6,"hindu_temple, place_of_worship, point_of_interest, establishment",temples,Chhattisgarh,All Seasons,Balod,38
"Kukurdev Mandir, Malighori-Khapri",20.7654228,81.14865650000002,4.2,"hindu_temple, tourist_attraction, place_of_worship, point_of_interest, establishment",temples,Chhattisgarh,All Seasons,Balod,82
Lord Shiva temple,20.8918811,81.28690929999999,5,"hindu_temple, place_of_worship, point_of_interest, establishment",temples,Chhattisgarh,All Seasons,Balod,1
Sree Raja Raw Baba Temple,20.59282,81.4076906,4.2,"place_of_worship, point_of_interest, establishment",temples,Chhattisgarh,All Seasons,Balod,34
Santoshi temple,20.9096696,81.4300165,4.8,"hindu_temple, place_of_worship, point_of_interest, establishment",temples,Chhattisgarh,All Seasons,Balod,4
Temple,20.8895677,81.2941712,5,"hindu_temple, place_of_worship, point_of_interest, establishment",temples,Chhattisgarh,All Seasons,Balod,1
"Shitala Temple,Bhengari (pirid)",20.844087,81.1922677,5,"hindu_temple, place_of_worship, point_of_interest, establishment",temples,Chhattisgarh,All Seasons,Balod,13
दन्तेश्वरी मंदिर धनगाँव,20.8710827,81.2416286,5,"hindu_temple, place_of_worship, point_of_interest, establishment",temples,Chhattisgarh,All Seasons,Balod,1
Bajrang Temple,20.9732917,81.13484919999999,5,"hindu_temple, place_of_worship, point_of_interest, establishment",temples,Chhattisgarh,All Seasons,Balod,1
Oonakona dhamtari,20.57451,81.4446384,4.6,"hindu_temple, place_of_worship, point_of_interest, establishment",temples,Chhattisgarh,All Seasons,Balod,17
Siva temple,20.8206652,81.490568,5,"hindu_temple, place_of_worship, point_of_interest, establishment",temples,Chhattisgarh,All Seasons,Balod,2
Shri Hanuman Temple - Pairi (गौरैया मोड),20.8488246,81.2608283,4.9,"hindu_temple, place_of_worship, point_of_interest, establishment",temples,Chhattisgarh,All Seasons,Balod,16
Jai Hardelal Baba Temple,20.8876711,81.1649162,4.4,"hindu_temple, place_of_worship, point_of_interest, establishment",temples,Chhattisgarh,All Seasons,Balod,28
Sitlamata temple kilepar.,20.478098,81.446832,5,"hindu_temple, place_of_worship, point_of_interest, establishment",temples,Chhattisgarh,All Seasons,Balod,1
sitla temple,20.7194975,81.26863139999999,5,"hindu_temple, place_of_worship, point_of_interest, establishment",temples,Chhattisgarh,All Seasons,Balod,1
Shri ram's temple,20.9071078,81.4334405,0,"hindu_temple, place_of_worship, point_of_interest, establishment",temples,Chhattisgarh,All Seasons,Balod,0
Durga Temple,20.7475619,81.0013274,4,"hindu_temple, place_of_worship, point_of_interest, establishment",temples,Chhattisgarh,All Seasons,Balod,2
shiv temple,20.8089749,81.0247608,5,"hindu_temple, place_of_worship, point_of_interest, establishment",temples,Chhattisgarh,All Seasons,Balod,1
Ghasidas Temple,20.80533,81.2742699,4.2,"hindu_temple, place_of_worship, point_of_interest, establishment",temples,Chhattisgarh,All Seasons,Balod,6
hanuman temple,20.7178526,81.26991389999999,4.2,"hindu_temple, place_of_worship, point_of_interest, establishment",temples,Chhattisgarh,All Seasons,Balod,5
Shiva Temple,20.9429415,81.2080679,0,"hindu_temple, place_of_worship, point_of_interest, establishment",temples,Chhattisgarh,All Seasons,Balod,0
Mahamaya Mandir,20.8724647,81.4611323,4.3,"hindu_temple, place_of_worship, point_of_interest, establishment",temples,Chhattisgarh,All Seasons,Balod,15
Hanuman temple,20.7239776,81.21751359999999,5,"hindu_temple, place_of_worship, point_of_interest, establishment",temples,Chhattisgarh,All Seasons,Balod,1
Shri Hanuman mandir,20.6879168,81.3522258,4.5,"hindu_temple, place_of_worship, point_of_interest, establishment",temples,Chhattisgarh,All Seasons,Balod,2
Shree Panchmukhi Hanuman Temple,20.9780915,81.4328321,0,"hindu_temple, place_of_worship, point_of_interest, establishment",temples,Chhattisgarh,All Seasons,Balod,0
Shiv mandir tamora,20.7694957,81.3723286,4.8,"hindu_temple, place_of_worship, point_of_interest, establishment",temples,Chhattisgarh,All Seasons,Balod,4
Shiv Mandir,20.7399168,81.205693,4.3,"hindu_temple, place_of_worship, point_of_interest, establishment",temples,Chhattisgarh,All Seasons,Balod,4
Shiv Temple,20.8403822,81.27421919999999,5,"hindu_temple, place_of_worship, point_of_interest, establishment",temples,Chhattisgarh,All Seasons,Balod,2
Shiv Mandir,20.5737666,81.0614672,4.7,"hindu_temple, place_of_worship, point_of_interest, establishment",temples,Chhattisgarh,All Seasons,Balod,6
Mandir,20.6383103,81.1028882,4.7,"hindu_temple, place_of_worship, point_of_interest, establishment",temples,Chhattisgarh,All Seasons,Balod,3
Hanuman Temple,20.9888724,81.09521389999999,5,"hindu_temple, place_of_worship, point_of_interest, establishment",temples,Chhattisgarh,All Seasons,Balod,2
Hanuman temple,20.6725708,81.3106077,5,"hindu_temple, place_of_worship, point_of_interest, establishment",temples,Chhattisgarh,All Seasons,Balod,2
Shiv Temple,20.873934,81.0685468,5,"hindu_temple, place_of_worship, point_of_interest, establishment",temples,Chhattisgarh,All Seasons,Balod,1
Budhadev Mandir,20.5827904,81.0760294,4,"hindu_temple, place_of_worship, point_of_interest, establishment",temples,Chhattisgarh,All Seasons,Balod,1
Shiv Temple,20.6028777,81.0657871,4.5,"hindu_temple, place_of_worship, point_of_interest, establishment",temples,Chhattisgarh,All Seasons,Balod,2
Shiv Mandir,20.7154053,81.474322,5,"hindu_temple, place_of_worship, point_of_interest, establishment",temples,Chhattisgarh,All Seasons,Balod,2
Shilta Mandir,20.866031,81.2152902,4.6,"hindu_temple, place_of_worship, point_of_interest, establishment",temples,Chhattisgarh,All Seasons,Balod,5
Junwani Hills,20.5205777,81.3992222,3.8,"tourist_attraction, point_of_interest, establishment",hills,Chhattisgarh,Winter,Balod,5
Rajhara Dam,20.5627172,81.07201599999999,4.1,"natural_feature, establishment",hills,Chhattisgarh,Winter,Balod,27
Durga Kokan Mandir,20.5855394,81.11075459999999,3.1,"hindu_temple, place_of_worship, point_of_interest, establishment",hills,Chhattisgarh,Winter,Balod,14
Tandula River Bridge,20.715997,81.2390588,5,"point_of_interest, establishment",hills,Chhattisgarh,Winter,Balod,1
Bijora,20.8269946,81.1106133,No rating,"locality, political",hills,Chhattisgarh,Winter,Balod,0
Siyadevi Waterfall,20.6201362,81.2846838,4.2,"tourist_attraction, point_of_interest, establishment",attraction,Chhattisgarh,All Seasons,Balod,637
Main Gate Tandula Dam Balod,20.7022554,81.22239410000002,4.3,"tourist_attraction, point_of_interest, establishment",attraction,Chhattisgarh,All Seasons,Balod,371
Kharkhara Waterfall,20.8438793,80.98874789999999,4.1,"tourist_attraction, point_of_interest, establishment",attraction,Chhattisgarh,All Seasons,Balod,111
Dev Bawli Waterfall,20.8386875,80.9621875,3.8,"tourist_attraction, point_of_interest, establishment",attraction,Chhattisgarh,All Seasons,Balod,31
Chitwa Dongari Cave,20.731234,81.101096,4,"tourist_attraction, point_of_interest, establishment",attraction,Chhattisgarh,All Seasons,Balod,144
तालाब,20.7259533,81.19138679999999,0,"tourist_attraction, point_of_interest, establishment",attraction,Chhattisgarh,All Seasons,Balod,0
"भीष्म रथ (व्यू पॉइंट), दल्ली राजहरा",20.582707,81.08379409999999,4.5,"tourist_attraction, point_of_interest, establishment",attraction,Chhattisgarh,All Seasons,Balod,105
Gondali Jalashaya,20.735245,81.1353317,3.9,"tourist_attraction, point_of_interest, establishment",attraction,Chhattisgarh,All Seasons,Balod,19
Stop Dam,20.953667,81.2799313,4.7,"tourist_attraction, point_of_interest, establishment",attraction,Chhattisgarh,All Seasons,Balod,6
अमृत सरोवर,20.8580746,81.215684,0,"tourist_attraction, point_of_interest, establishment",attraction,Chhattisgarh,All Seasons,Balod,0
Mujalgondi_Ghat,20.5655638,81.3725523,4.3,"tourist_attraction, point_of_interest, establishment",attraction,Chhattisgarh,All Seasons,Balod,6
Banjari Dam View Point,20.8163151,80.9619906,5,"tourist_attraction, point_of_interest, establishment",attraction,Chhattisgarh,All Seasons,Balod,3
Tandula River Bridge,20.7066437,81.2048654,0,"tourist_attraction, point_of_interest, establishment",attraction,Chhattisgarh,All Seasons,Balod,0
Jakkohda Dam,20.549923,81.29750200000001,4,"tourist_attraction, point_of_interest, establishment",attraction,Chhattisgarh,All Seasons,Balod,2
Bordi Dam Picnic Spot,20.5308,81.0315,3.7,"tourist_attraction, point_of_interest, establishment",attraction,Chhattisgarh,All Seasons,Balod,3
Duwarghat,20.525647,80.99253499999999,3.7,"tourist_attraction, point_of_interest, establishment",attraction,Chhattisgarh,All Seasons,Balod,6
Baag Khol Cave,20.6329261,81.0142484,3.5,"tourist_attraction, point_of_interest, establishment",attraction,Chhattisgarh,All Seasons,Balod,2
Tandula lake,20.7035629,81.19973689999999,4.4,"tourist_attraction, point_of_interest, establishment",attraction,Chhattisgarh,All Seasons,Balod,17
Balod Dem,20.7106698,81.1887821,4.6,"tourist_attraction, point_of_interest, establishment",attraction,Chhattisgarh,All Seasons,Balod,10
धोतीम गुंडरा,20.5576964,81.1166169,0,"tourist_attraction, point_of_interest, establishment",attraction,Chhattisgarh,All Seasons,Balod,0
Hidden waterfall kinargondi,20.62096,81.2654283,5,"tourist_attraction, point_of_interest, establishment",attraction,Chhattisgarh,All Seasons,Balod,4
Dondi Sun Set Point,20.5002746,81.0798123,3.7,"tourist_attraction, point_of_interest, establishment",attraction,Chhattisgarh,All Seasons,Balod,7
Bendrakona,20.70602,81.174683,4.4,"tourist_attraction, point_of_interest, establishment",attraction,Chhattisgarh,All Seasons,Balod,5
Budha Talab Ghat Balod,20.7270585,81.2055798,2.5,"tourist_attraction, point_of_interest, establishment",attraction,Chhattisgarh,All Seasons,Balod,2
Junwani Hills,20.5205777,81.3992222,3.8,"tourist_attraction, point_of_interest, establishment",attraction,Chhattisgarh,All Seasons,Balod,5
Karutola Dam,20.8229378,80.9657098,4.5,"tourist_attraction, point_of_interest, establishment",attraction,Chhattisgarh,All Seasons,Balod,2
Balod tandula dam,20.7099943,81.19586120000001,4.6,"tourist_attraction, point_of_interest, establishment",attraction,Chhattisgarh,All Seasons,Balod,8
Konde Waterfall,20.578604,81.0434527,3.8,"tourist_attraction, point_of_interest, establishment",attraction,Chhattisgarh,All Seasons,Balod,5
Singhola Dam,20.5366632,81.2363159,4,"tourist_attraction, point_of_interest, establishment",attraction,Chhattisgarh,All Seasons,Balod,10
Odgaw Waterfall,20.5608143,81.187964,3,"tourist_attraction, point_of_interest, establishment",attraction,Chhattisgarh,All Seasons,Balod,2
Way for bordi dam,20.5305501,81.0343704,4.4,"tourist_attraction, point_of_interest, establishment",attraction,Chhattisgarh,All Seasons,Balod,12
केकई तालाब,20.7365306,81.1967172,0,"tourist_attraction, point_of_interest, establishment",attraction,Chhattisgarh,All Seasons,Balod,0
Kokan Waterfall,20.5848309,81.11228849999999,3.5,"tourist_attraction, point_of_interest, establishment",attraction,Chhattisgarh,All Seasons,Balod,17
Pendri dam,20.5778108,81.1685408,5,"tourist_attraction, point_of_interest, establishment",attraction,Chhattisgarh,All Seasons,Balod,2
नया तालाब,20.710413,81.430861,4,"tourist_attraction, point_of_interest, establishment",attraction,Chhattisgarh,All Seasons,Balod,1
पानी टंकी आवासपारा गीतपहर,20.4967402,81.4773294,0,"tourist_attraction, point_of_interest, establishment",attraction,Chhattisgarh,All Seasons,Balod,0
Kala munch,20.9957883,81.41631690000001,0,"tourist_attraction, point_of_interest, establishment",attraction,Chhattisgarh,All Seasons,Balod,0
Pacheda Stop Dam,20.5685126,81.1508108,4.2,"tourist_attraction, point_of_interest, establishment",attraction,Chhattisgarh,All Seasons,Balod,12
Gondila lake,20.7373739,81.115989,5,"tourist_attraction, point_of_interest, establishment",attraction,Chhattisgarh,All Seasons,Balod,2
Deopandum Waterfall,20.646898,81.01766889999999,4.3,"tourist_attraction, point_of_interest, establishment",attraction,Chhattisgarh,All Seasons,Balod,44
Jhumki waterfall,20.6325863,81.01664629999999,3.3,"tourist_attraction, point_of_interest, establishment",attraction,Chhattisgarh,All Seasons,Balod,3
Salhai Tola Dam,20.4942402,81.0479762,3.7,"tourist_attraction, point_of_interest, establishment",attraction,Chhattisgarh,All Seasons,Balod,3
Mukund Sarovar,20.7032641,81.31023019999999,5,"tourist_attraction, point_of_interest, establishment",attraction,Chhattisgarh,All Seasons,Balod,1
GONDALI DAM,20.7367261,81.12977389999999,4.2,"tourist_attraction, point_of_interest, establishment",attraction,Chhattisgarh,All Seasons,Balod,19
Bharda Dam,20.7728014,81.0911299,3.3,"tourist_attraction, point_of_interest, establishment",attraction,Chhattisgarh,All Seasons,Balod,16
"तांदूला River ,RT view point बोरिद",20.66328,81.1436466,4.5,"tourist_attraction, point_of_interest, establishment",attraction,Chhattisgarh,All Seasons,Balod,2
mullegura dam shore,20.6426125,81.2271276,4,"tourist_attraction, point_of_interest, establishment",attraction,Chhattisgarh,All Seasons,Balod,5
हाराडुला स्टाप डैम,20.4940319,81.422404,0,"tourist_attraction, point_of_interest, establishment",attraction,Chhattisgarh,All Seasons,Balod,0
Viewpoint Bordi Dam,20.517974,81.0190204,0,"tourist_attraction, point_of_interest, establishment",attraction,Chhattisgarh,All Seasons,Balod,0
Jamdipath Dam,20.6853503,80.9594465,4.3,"tourist_attraction, point_of_interest, establishment",attraction,Chhattisgarh,All Seasons,Balod,24
Danitola Ghati,20.6879562,81.1329509,2,"tourist_attraction, point_of_interest, establishment",attraction,Chhattisgarh,All Seasons,Balod,1
Bawli camping area/Hiking area/picnic spot,20.8342008,80.96315229999999,3.3,"tourist_attraction, point_of_interest, establishment",attraction,Chhattisgarh,All Seasons,Balod,4
हाराडुला डैम mk,20.4739018,81.4188667,0,"tourist_attraction, point_of_interest, establishment",attraction,Chhattisgarh,All Seasons,Balod,0
Rajhara Dam Waterfall,20.5608679,81.0745673,3,"tourist_attraction, point_of_interest, establishment",attraction,Chhattisgarh,All Seasons,Balod,2
Pateli dam,20.5480774,81.1671451,0,"tourist_attraction, point_of_interest, establishment",attraction,Chhattisgarh,All Seasons,Balod,0
पड़कीभाठ चौक,20.7493797,81.2458995,0,"tourist_attraction, point_of_interest, establishment",attraction,Chhattisgarh,All Seasons,Balod,0
हाराडुला नरहरपुर मार्ग,20.4590631,81.3997543,0,"tourist_attraction, point_of_interest, establishment",attraction,Chhattisgarh,All Seasons,Balod,0
Satiyara ( View point ),20.5606962,81.48174139999999,5,"tourist_attraction, point_of_interest, establishment",attraction,Chhattisgarh,All Seasons,Balod,4
daihan talab,20.7138656,81.1414939,0,"tourist_attraction, point_of_interest, establishment",attraction,Chhattisgarh,All Seasons,Balod,0
"अर्जुन रथ, दल्ली राजहरा",20.5823059,81.08413180000001,4.4,"tourist_attraction, point_of_interest, establishment",attraction,Chhattisgarh,All Seasons,Balod,95
पुष्प वाटिका भालेसुर,21.4799518,81.9704616,4.1,"park, point_of_interest, establishment",parks,Chhattisgarh,Spring,Baloda Bazar,20
City Park byt,21.735202,81.94304509999999,3.7,"park, point_of_interest, establishment",parks,Chhattisgarh,Spring,Baloda Bazar,274
Lover Point,21.6673149,82.1163986,4.8,"park, point_of_interest, establishment",parks,Chhattisgarh,Spring,Baloda Bazar,4
Chess park,21.5662619,82.0210883,3.5,"park, point_of_interest, establishment",parks,Chhattisgarh,Spring,Baloda Bazar,2
Swami Vivekanand Talab woke park,21.6122648,82.4286118,3,"park, point_of_interest, establishment",parks,Chhattisgarh,Spring,Baloda Bazar,1
Garden,21.6357265,82.4216424,0,"park, point_of_interest, establishment",parks,Chhattisgarh,Spring,Baloda Bazar,0
"Ambedkar Garden, Kesala",21.8540819,82.39541609999999,4.3,"park, point_of_interest, establishment",parks,Chhattisgarh,Spring,Baloda Bazar,12
Crocodail Park,21.7754661,82.3342771,4.1,"park, point_of_interest, establishment",parks,Chhattisgarh,Spring,Baloda Bazar,15
Pensioner's park,21.5506019,81.93789459999999,4.7,"park, point_of_interest, establishment",parks,Chhattisgarh,Spring,Baloda Bazar,3
TLM Garden,21.85467,81.9212615,3.5,"park, point_of_interest, establishment",parks,Chhattisgarh,Spring,Baloda Bazar,2
Moonlight Park,21.7601848,81.9152648,4.1,"park, point_of_interest, establishment",parks,Chhattisgarh,Spring,Baloda Bazar,7
KRISHNA NAGAR PARK,21.7362923,81.9357496,0,"park, point_of_interest, establishment",parks,Chhattisgarh,Spring,Baloda Bazar,0
Mangalam Garden,21.6585322,82.13103009999999,4.3,"park, point_of_interest, establishment",parks,Chhattisgarh,Spring,Baloda Bazar,84
Pushp vatika,21.3950837,81.93583129999999,0,"park, point_of_interest, establishment",parks,Chhattisgarh,Spring,Baloda Bazar,0
Children park,21.5528222,81.93917100000002,4,"park, point_of_interest, establishment",parks,Chhattisgarh,Spring,Baloda Bazar,2
Sonbarsa Nature Trail,21.6925431,82.1484577,3.9,"park, point_of_interest, establishment",parks,Chhattisgarh,Spring,Baloda Bazar,76
SHANI MANDIR BHANDHWA TALAB,21.5945732,82.2748055,5,"park, point_of_interest, establishment",parks,Chhattisgarh,Spring,Baloda Bazar,4
Aranya Udyan,21.6677087,82.1168321,4.2,"park, point_of_interest, establishment",parks,Chhattisgarh,Spring,Baloda Bazar,53
"INDIRA PRIYADARSHINI Nature Safari, Raipur",21.4371065,81.8937588,3.9,"park, point_of_interest, establishment",parks,Chhattisgarh,Spring,Baloda Bazar,135
शासकीय उद्यान रोहणी सेमरिया,21.4825203,82.213933,4.5,"park, point_of_interest, establishment",parks,Chhattisgarh,Spring,Baloda Bazar,2
HCW Park,21.5483196,81.9372147,4.1,"park, point_of_interest, establishment",parks,Chhattisgarh,Spring,Baloda Bazar,81
Chakraway Talab,21.8435275,81.87894469999999,4.5,"park, point_of_interest, establishment",parks,Chhattisgarh,Spring,Baloda Bazar,8
समृद्धि कालोनी,21.6514745,82.1563682,4.2,"park, point_of_interest, establishment",parks,Chhattisgarh,Spring,Baloda Bazar,13
कृति पार्क,21.5539258,81.9379325,4.1,"park, point_of_interest, establishment",parks,Chhattisgarh,Spring,Baloda Bazar,23
Shiva Garden,21.6952225,82.3554569,4,"park, point_of_interest, establishment",parks,Chhattisgarh,Spring,Baloda Bazar,4
Mela ground,21.8451943,82.22911429999999,5,"park, point_of_interest, establishment",parks,Chhattisgarh,Spring,Baloda Bazar,1
Bal samund dwip pushp vatika,21.5360215,82.1738264,5,"park, point_of_interest, establishment",parks,Chhattisgarh,Spring,Baloda Bazar,3
"Ambedkar Chowk, Lariya",21.5412215,82.22753329999999,5,"park, point_of_interest, establishment",parks,Chhattisgarh,Spring,Baloda Bazar,2
Ankit bhardwaj farm 🚜,21.88885,82.19314829999999,5,"park, point_of_interest, establishment",parks,Chhattisgarh,Spring,Baloda Bazar,1
Manodharpur talab,21.8413435,81.87440840000001,3,"park, point_of_interest, establishment",parks,Chhattisgarh,Spring,Baloda Bazar,2
"Garden, Kharora, Raipur, Chhattisgarh",21.3948652,81.91928779999999,4,"park, point_of_interest, establishment",parks,Chhattisgarh,Spring,Baloda Bazar,108
Sharma Formhouse,21.7376533,81.89461279999999,5,"park, point_of_interest, establishment",parks,Chhattisgarh,Spring,Baloda Bazar,1
भोलेनाथ बजरंग बली मंदिर डोंगरा,21.6508235,82.37761660000001,3,"park, point_of_interest, establishment",parks,Chhattisgarh,Spring,Baloda Bazar,2
गोठान सर्रा,21.5098234,82.09315389999999,5,"park, point_of_interest, establishment",parks,Chhattisgarh,Spring,Baloda Bazar,1
Railha pachpedi,21.8153667,82.24948230000001,3.5,"park, point_of_interest, establishment",parks,Chhattisgarh,Spring,Baloda Bazar,2
GIRRA PALLARI BALODA BAZAR CHHATTISGARH,21.4831472,82.1196764,3.8,"park, point_of_interest, establishment",parks,Chhattisgarh,Spring,Baloda Bazar,4
Tirath bag,21.3885099,82.0134052,5,"park, point_of_interest, establishment",parks,Chhattisgarh,Spring,Baloda Bazar,6
Pallu kashyap,21.8505008,82.3744925,0,"park, point_of_interest, establishment",parks,Chhattisgarh,Spring,Baloda Bazar,0
Khapri dame,21.7391012,82.2262384,5,"park, point_of_interest, establishment",parks,Chhattisgarh,Spring,Baloda Bazar,1
बालसमुंद पार्क,21.5335147,82.1760828,3.9,"park, point_of_interest, establishment",parks,Chhattisgarh,Spring,Baloda Bazar,23
"कृष्ण कुंज, बलौदाबाजार",21.6674149,82.1168821,3.9,"park, point_of_interest, establishment",parks,Chhattisgarh,Spring,Baloda Bazar,11
Ragmcha chaik,21.735254,81.9608104,5,"park, point_of_interest, establishment",parks,Chhattisgarh,Spring,Baloda Bazar,1
Narsri ..s.j Sarkhor,21.7168147,82.3474907,4.3,"park, point_of_interest, establishment",parks,Chhattisgarh,Spring,Baloda Bazar,7
Nandita’s farm,21.758577,82.198166,5,"park, point_of_interest, establishment",parks,Chhattisgarh,Spring,Baloda Bazar,1
Fulwari,21.7916235,82.3721533,4.1,"park, point_of_interest, establishment",parks,Chhattisgarh,Spring,Baloda Bazar,7
Rahul porte,21.7372765,82.2998114,5,"park, point_of_interest, establishment",parks,Chhattisgarh,Spring,Baloda Bazar,1
Mcc क्रिकेट मैदान भालूकोना,21.6142375,82.3720644,0,"park, point_of_interest, establishment",parks,Chhattisgarh,Spring,Baloda Bazar,0
Krishna Patel,21.7623761,82.2734112,5,"park, point_of_interest, establishment",parks,Chhattisgarh,Spring,Baloda Bazar,1
Mahatma Gandhi little garden,21.6584141,82.1530342,4,"park, point_of_interest, establishment",parks,Chhattisgarh,Spring,Baloda Bazar,3
Lilagar River - Shivnath River Confluence,21.7408477,82.4362343,4.2,"park, point_of_interest, establishment",parks,Chhattisgarh,Spring,Baloda Bazar,6
GAHANAHA TALAB,21.4834636,82.0873429,5,"park, point_of_interest, establishment",parks,Chhattisgarh,Spring,Baloda Bazar,3
"गौठान , ग्राम पंचायत बेंदरी",21.7717196,82.05302809999999,3,"park, point_of_interest, establishment",parks,Chhattisgarh,Spring,Baloda Bazar,1
Bird Watching Point,21.8195625,82.1514375,4,"park, point_of_interest, establishment",parks,Chhattisgarh,Spring,Baloda Bazar,1
Garden,21.6590875,82.1428127,4,"park, point_of_interest, establishment",parks,Chhattisgarh,Spring,Baloda Bazar,3
mandir chowk,21.907802,82.1587954,3.8,"park, point_of_interest, establishment",parks,Chhattisgarh,Spring,Baloda Bazar,5
"Temari, kasdol (Balodabazar) chhattisgarh",21.5756438,82.4003061,3.7,"park, point_of_interest, establishment",parks,Chhattisgarh,Spring,Baloda Bazar,6
Jara rengadee rod,21.4725581,82.01386749999999,5,"park, point_of_interest, establishment",parks,Chhattisgarh,Spring,Baloda Bazar,1
गौटिया बेड़ा टोनाटार,21.7149398,82.0734734,5,"park, point_of_interest, establishment",parks,Chhattisgarh,Spring,Baloda Bazar,1
Konari h,21.5968052,82.2265157,4.6,"park, point_of_interest, establishment",parks,Chhattisgarh,Spring,Baloda Bazar,5
Kotami Garden,21.8147746,81.9746533,4,"park, point_of_interest, establishment",parks,Chhattisgarh,Spring,Baloda Bazar,8
Museum,21.9073794,82.0265648,4.3,"museum, point_of_interest, establishment",museum,Chhattisgarh,Winter,Baloda Bazar,8
Gaytri Mandir,21.7854176,82.3076505,4.7,"museum, point_of_interest, establishment",museum,Chhattisgarh,Winter,Baloda Bazar,11
Amar krishi farm,21.652712,81.88711409999999,5,"museum, point_of_interest, establishment",museum,Chhattisgarh,Winter,Baloda Bazar,1
GRAYATRI MANDIR CHAMPA,21.5654149,81.86761709999999,3.8,"museum, point_of_interest, establishment",museum,Chhattisgarh,Winter,Baloda Bazar,8
Narayanpur Temple,21.5758266,82.3688786,3.8,"museum, point_of_interest, establishment",museum,Chhattisgarh,Winter,Baloda Bazar,18
Divya house (Surya Divya),21.8103258,82.330349,0,"museum, point_of_interest, establishment",museum,Chhattisgarh,Winter,Baloda Bazar,0
RAM CHARAN PAIKARA,21.5747134,82.43231999999999,3,"museum, point_of_interest, establishment",museum,Chhattisgarh,Winter,Baloda Bazar,2
museum,21.8924537,82.2774493,5,"museum, point_of_interest, establishment",museum,Chhattisgarh,Winter,Baloda Bazar,1
Archaeological Museum,21.8924642,82.27743029999999,5,"museum, point_of_interest, establishment",museum,Chhattisgarh,Winter,Baloda Bazar,4
Kuwara chouk,21.8502248,82.33190979999999,0,"museum, point_of_interest, establishment",museum,Chhattisgarh,Winter,Baloda Bazar,0
"Shri Pataleshvara Temple - Bilaspur District, Chhattisgarh, India",21.895401,82.28012149999999,4.4,"hindu_temple, tourist_attraction, place_of_worship, point_of_interest, establishment",museum,Chhattisgarh,Winter,Baloda Bazar,416
Shri Tala Mandir,21.9067404,82.0257556,4.3,"hindu_temple, museum, place_of_worship, point_of_interest, establishment",museum,Chhattisgarh,Winter,Baloda Bazar,77
Netam ji home,21.8393067,82.2864243,3,"museum, point_of_interest, establishment",museum,Chhattisgarh,Winter,Baloda Bazar,2
Karan,21.7343857,81.9507903,0,"museum, point_of_interest, establishment",museum,Chhattisgarh,Winter,Baloda Bazar,0
Chandi Para,21.7771393,82.3406127,0,"museum, point_of_interest, establishment",museum,Chhattisgarh,Winter,Baloda Bazar,0
Kutan Nala waterfall,21.5271311,82.38422489999999,4.2,"tourist_attraction, point_of_interest, establishment",waterfalls,Chhattisgarh,Monsoon,Baloda Bazar,247
Nakti Dharsa Waterfall,21.4491268,82.3101081,5,"tourist_attraction, point_of_interest, establishment",waterfalls,Chhattisgarh,Monsoon,Baloda Bazar,5
Waterfall किलेमेटा कुस्तुरगुंडा,21.7345625,82.0103125,5,"tourist_attraction, point_of_interest, establishment",waterfalls,Chhattisgarh,Monsoon,Baloda Bazar,1
Laxman Dhara,21.4507155,82.2741336,4.7,"tourist_attraction, point_of_interest, establishment",waterfalls,Chhattisgarh,Monsoon,Baloda Bazar,3
Kukurdi river D.I.G.,21.6470145,82.10200859999999,4.1,"tourist_attraction, point_of_interest, establishment",waterfalls,Chhattisgarh,Monsoon,Baloda Bazar,9
Pakhar Ghat Picnic Spot,21.5424012,82.41847159999999,4.2,"tourist_attraction, point_of_interest, establishment",waterfalls,Chhattisgarh,Monsoon,Baloda Bazar,13
Devsagar Pond,21.6576896,82.1657778,4,"tourist_attraction, point_of_interest, establishment",waterfalls,Chhattisgarh,Monsoon,Baloda Bazar,1
Koradama Dam,21.5633808,82.4102316,2,"tourist_attraction, point_of_interest, establishment",waterfalls,Chhattisgarh,Monsoon,Baloda Bazar,2
Sumeet Bazaar,21.7400923,81.9349872,3.6,"clothing_store, point_of_interest, store, establishment",beaches,Chhattisgarh,Summer,Baloda Bazar,376
गौठान,21.7967934,82.3700779,4,"zoo, point_of_interest, establishment",zoo,Chhattisgarh,Winter,Baloda Bazar,4
Mohrenga Paryavaran Darshan,21.4371758,81.8938956,3.7,"zoo, point_of_interest, establishment",zoo,Chhattisgarh,Winter,Baloda Bazar,52
Barnawapara Forest Range,21.4015633,82.4220052,4.1,"zoo, park, point_of_interest, establishment",zoo,Chhattisgarh,Winter,Baloda Bazar,5558
Lakshmi Narayan Temple,21.7423146,81.930488,5,"hindu_temple, place_of_worship, point_of_interest, establishment",temples,Chhattisgarh,All Seasons,Baloda Bazar,16
Shiva Temple,21.8388786,81.9498978,4.1,"hindu_temple, place_of_worship, point_of_interest, establishment",temples,Chhattisgarh,All Seasons,Baloda Bazar,158
Turturiya Mata Mandir,21.4917767,82.3583037,4.2,"hindu_temple, place_of_worship, point_of_interest, establishment",temples,Chhattisgarh,All Seasons,Baloda Bazar,512
Ambedhkar Temple Ravishankar,21.5910244,81.94680369999999,4.1,"place_of_worship, point_of_interest, establishment",temples,Chhattisgarh,All Seasons,Baloda Bazar,10
Shiv Temple,21.5963031,82.3438579,3.7,"hindu_temple, place_of_worship, point_of_interest, establishment",temples,Chhattisgarh,All Seasons,Baloda Bazar,3
Shiv Ji Temple,21.8409257,82.09735049999999,4,"hindu_temple, place_of_worship, point_of_interest, establishment",temples,Chhattisgarh,All Seasons,Baloda Bazar,5
SATNAM TEMPLE,21.6909366,81.94127950000001,4.2,"place_of_worship, point_of_interest, establishment",temples,Chhattisgarh,All Seasons,Baloda Bazar,6
hanuman Temple,21.9182365,82.43597439999999,5,"hindu_temple, place_of_worship, point_of_interest, establishment",temples,Chhattisgarh,All Seasons,Baloda Bazar,5
Mahadev Temple,21.7818356,81.9335353,4.2,"hindu_temple, place_of_worship, point_of_interest, establishment",temples,Chhattisgarh,All Seasons,Baloda Bazar,5
Shitla Temple (Mahamai) Farhad,21.8554008,82.06625489999999,4.5,"hindu_temple, place_of_worship, point_of_interest, establishment",temples,Chhattisgarh,All Seasons,Baloda Bazar,6
Bajarag Bali Temple,21.8835125,82.1480795,4.7,"hindu_temple, place_of_worship, point_of_interest, establishment",temples,Chhattisgarh,All Seasons,Baloda Bazar,3
village old temple (राम मंदिर),21.7748759,81.93515219999999,4.7,"hindu_temple, place_of_worship, point_of_interest, establishment",temples,Chhattisgarh,All Seasons,Baloda Bazar,3
Sadhargir Baba Temple,21.7669299,81.9438806,4.6,"hindu_temple, place_of_worship, point_of_interest, establishment",temples,Chhattisgarh,All Seasons,Baloda Bazar,14
Godriwala Dham Bhatapara,21.7337686,81.9506526,4.5,"hindu_temple, place_of_worship, point_of_interest, establishment",temples,Chhattisgarh,All Seasons,Baloda Bazar,19
Radha krishna Temple,21.8386274,81.9499726,4.8,"hindu_temple, place_of_worship, point_of_interest, establishment",temples,Chhattisgarh,All Seasons,Baloda Bazar,4
Shri Dewrani Jethani Temple,21.9071556,82.0260186,4.2,"hindu_temple, tourist_attraction, place_of_worship, point_of_interest, establishment",temples,Chhattisgarh,All Seasons,Baloda Bazar,898
Shani temple,21.5385454,82.1703375,5,"hindu_temple, place_of_worship, point_of_interest, establishment",temples,Chhattisgarh,All Seasons,Baloda Bazar,1
"Shri Pataleshvara Temple - Bilaspur District, Chhattisgarh, India",21.895401,82.28012149999999,4.4,"hindu_temple, tourist_attraction, place_of_worship, point_of_interest, establishment",temples,Chhattisgarh,All Seasons,Baloda Bazar,416
Guru Ghasidas Temple,21.3920871,82.1314408,4.8,"hindu_temple, place_of_worship, point_of_interest, establishment",temples,Chhattisgarh,All Seasons,Baloda Bazar,30
"Malhar Shri Devri temple - Bilaspur District, Chhattisgarh, India",21.8928457,82.277641,4.3,"hindu_temple, place_of_worship, point_of_interest, establishment",temples,Chhattisgarh,All Seasons,Baloda Bazar,59
HCW Shri Ram Temple,21.5477847,81.937107,4.7,"hindu_temple, place_of_worship, point_of_interest, establishment",temples,Chhattisgarh,All Seasons,Baloda Bazar,18
Sahu Satan Narayanpur,21.8335746,81.9038898,2.8,"hindu_temple, place_of_worship, point_of_interest, establishment",temples,Chhattisgarh,All Seasons,Baloda Bazar,12
गुरु घासीदास बाबा मंदिर guru ghasidas temple,21.6440847,82.34225409999999,5,"hindu_temple, place_of_worship, point_of_interest, establishment",temples,Chhattisgarh,All Seasons,Baloda Bazar,1
Mahamaya Dai Temple,21.920447,82.4439326,4.5,"hindu_temple, place_of_worship, point_of_interest, establishment",temples,Chhattisgarh,All Seasons,Baloda Bazar,11
Sahadadev temple,21.5544559,81.9542556,0,"hindu_temple, place_of_worship, point_of_interest, establishment",temples,Chhattisgarh,All Seasons,Baloda Bazar,0
Laxmi Narayan Temple,21.7226182,82.21439070000001,4.2,"hindu_temple, place_of_worship, point_of_interest, establishment",temples,Chhattisgarh,All Seasons,Baloda Bazar,11
Narsingh nath temple,21.6172196,81.8710037,3.7,"hindu_temple, place_of_worship, point_of_interest, establishment",temples,Chhattisgarh,All Seasons,Baloda Bazar,9
Jai Matagarh Turturiya Dai Temple amethi,21.4931852,82.26826559999999,4.6,"hindu_temple, place_of_worship, point_of_interest, establishment",temples,Chhattisgarh,All Seasons,Baloda Bazar,7
Parmeshwari temple Keshla,21.3940692,81.94109139999999,4.2,"hindu_temple, place_of_worship, point_of_interest, establishment",temples,Chhattisgarh,All Seasons,Baloda Bazar,12
Shirish Path Temple,21.8308709,82.4334971,4.2,"hindu_temple, place_of_worship, point_of_interest, establishment",temples,Chhattisgarh,All Seasons,Baloda Bazar,9
Ma Kali Temple,21.4928152,82.3618154,3.6,"hindu_temple, place_of_worship, point_of_interest, establishment",temples,Chhattisgarh,All Seasons,Baloda Bazar,8
Chandi Temple,21.9010041,82.4040983,4.3,"hindu_temple, place_of_worship, point_of_interest, establishment",temples,Chhattisgarh,All Seasons,Baloda Bazar,12
Laxmi-Narayana Temple,21.5684707,82.0192721,4.8,"hindu_temple, place_of_worship, point_of_interest, establishment",temples,Chhattisgarh,All Seasons,Baloda Bazar,16
Bal Sanund Temple,21.5346816,82.17754459999999,4.3,"hindu_temple, place_of_worship, point_of_interest, establishment",temples,Chhattisgarh,All Seasons,Baloda Bazar,35
Shri Tala Mandir,21.9067404,82.0257556,4.3,"hindu_temple, museum, place_of_worship, point_of_interest, establishment",temples,Chhattisgarh,All Seasons,Baloda Bazar,77
Shiv Temple,21.88106,82.1585356,3.9,"hindu_temple, place_of_worship, point_of_interest, establishment",temples,Chhattisgarh,All Seasons,Baloda Bazar,10
Hanuman Temple,21.6244425,82.42226079999999,4.1,"hindu_temple, place_of_worship, point_of_interest, establishment",temples,Chhattisgarh,All Seasons,Baloda Bazar,14
Temple of maa Sharda,21.5362604,82.1745858,4.3,"hindu_temple, place_of_worship, point_of_interest, establishment",temples,Chhattisgarh,All Seasons,Baloda Bazar,3
Shiv Temple,21.4480112,82.0689889,0,"hindu_temple, place_of_worship, point_of_interest, establishment",temples,Chhattisgarh,All Seasons,Baloda Bazar,0
Maa Mahamaya Temple,21.6158586,82.4245133,4.2,"hindu_temple, place_of_worship, point_of_interest, establishment",temples,Chhattisgarh,All Seasons,Baloda Bazar,27
Hindu temple,21.8907376,82.0020942,3.5,"hindu_temple, place_of_worship, point_of_interest, establishment",temples,Chhattisgarh,All Seasons,Baloda Bazar,2
Radha Krishna Temple,21.7777753,81.9303584,5,"hindu_temple, place_of_worship, point_of_interest, establishment",temples,Chhattisgarh,All Seasons,Baloda Bazar,3
Radha Kisna Temple,21.9051434,82.2861317,3.8,"hindu_temple, place_of_worship, point_of_interest, establishment",temples,Chhattisgarh,All Seasons,Baloda Bazar,13
श्री राधा कृष्ण मंदिर Shri Radha Krishna Temple,21.5415109,82.1688915,5,"hindu_temple, place_of_worship, point_of_interest, establishment",temples,Chhattisgarh,All Seasons,Baloda Bazar,1
Ardha Nageshwar Mandir,21.4736673,82.0822148,4.2,"hindu_temple, place_of_worship, point_of_interest, establishment",temples,Chhattisgarh,All Seasons,Baloda Bazar,19
Maa Jagdamba Temple,21.8656291,82.0687971,3.9,"hindu_temple, place_of_worship, point_of_interest, establishment",temples,Chhattisgarh,All Seasons,Baloda Bazar,22
Shiv Temple,21.5656243,82.2455691,4.8,"hindu_temple, place_of_worship, point_of_interest, establishment",temples,Chhattisgarh,All Seasons,Baloda Bazar,4
JAY BAJARANG BALI TEMPLE,21.6542164,82.3072911,4.3,"hindu_temple, place_of_worship, point_of_interest, establishment",temples,Chhattisgarh,All Seasons,Baloda Bazar,4
Jai Bhole Temple,21.7796059,81.93480699999999,4.6,"hindu_temple, place_of_worship, point_of_interest, establishment",temples,Chhattisgarh,All Seasons,Baloda Bazar,5
Hanuman Temple Dhamni,21.5273375,82.2879844,5,"hindu_temple, place_of_worship, point_of_interest, establishment",temples,Chhattisgarh,All Seasons,Baloda Bazar,3
Parau baiga temple पराउ बैगा मंदिर,21.8390967,82.43178979999999,5,"hindu_temple, place_of_worship, point_of_interest, establishment",temples,Chhattisgarh,All Seasons,Baloda Bazar,1
mahamaya Temple,21.8857799,82.1196764,4,"hindu_temple, place_of_worship, point_of_interest, establishment",temples,Chhattisgarh,All Seasons,Baloda Bazar,1
Shiv Temple,21.8088551,82.1739116,3.1,"hindu_temple, place_of_worship, point_of_interest, establishment",temples,Chhattisgarh,All Seasons,Baloda Bazar,7
Hanuman temple,21.8996426,82.3414383,5,"hindu_temple, place_of_worship, point_of_interest, establishment",temples,Chhattisgarh,All Seasons,Baloda Bazar,1
Kabir Saheb Temple,21.5994276,82.34572380000002,4.2,"hindu_temple, place_of_worship, point_of_interest, establishment",temples,Chhattisgarh,All Seasons,Baloda Bazar,6
Mahamaya Temple,21.4700726,82.0181212,4.5,"hindu_temple, place_of_worship, point_of_interest, establishment",temples,Chhattisgarh,All Seasons,Baloda Bazar,11
Shankar temple,21.8991769,82.3413257,5,"hindu_temple, place_of_worship, point_of_interest, establishment",temples,Chhattisgarh,All Seasons,Baloda Bazar,1
Hanuman Temple,21.7432808,81.9379273,4.3,"hindu_temple, place_of_worship, point_of_interest, establishment",temples,Chhattisgarh,All Seasons,Baloda Bazar,15
New Rudra shiv temple,21.908151,82.0256035,4,"hindu_temple, place_of_worship, point_of_interest, establishment",temples,Chhattisgarh,All Seasons,Baloda Bazar,2
Durga Temple,21.5754554,81.9253634,4.3,"hindu_temple, place_of_worship, point_of_interest, establishment",temples,Chhattisgarh,All Seasons,Baloda Bazar,3
Dhanushkund hill top,21.4004277,81.9278265,4,"park, point_of_interest, establishment",hills,Chhattisgarh,Winter,Baloda Bazar,1
Shri Dewrani Jethani Temple,21.9071556,82.0260186,4.2,"hindu_temple, tourist_attraction, place_of_worship, point_of_interest, establishment",hills,Chhattisgarh,Winter,Baloda Bazar,898
Barnawapara Forest Range,21.4015633,82.4220052,4.1,"zoo, park, point_of_interest, establishment",hills,Chhattisgarh,Winter,Baloda Bazar,5558
Kutan Nala waterfall,21.5271311,82.38422489999999,4.2,"tourist_attraction, point_of_interest, establishment",attraction,Chhattisgarh,All Seasons,Baloda Bazar,247
Chicholi Bridge (Pool),21.5825674,82.1168881,4.3,"tourist_attraction, point_of_interest, establishment",attraction,Chhattisgarh,All Seasons,Baloda Bazar,4
Shivnath view point Bilaspur,21.8719264,82.06660409999999,2,"tourist_attraction, point_of_interest, establishment",attraction,Chhattisgarh,All Seasons,Baloda Bazar,2
Nice place,21.8561519,82.4254394,4.5,"tourist_attraction, point_of_interest, establishment",attraction,Chhattisgarh,All Seasons,Baloda Bazar,15
Madku Dweep (Mandukya Sage),21.841833,81.950636,4.1,"tourist_attraction, point_of_interest, establishment",attraction,Chhattisgarh,All Seasons,Baloda Bazar,252
दर्री तरिया,21.4417493,81.959659,3,"tourist_attraction, point_of_interest, establishment",attraction,Chhattisgarh,All Seasons,Baloda Bazar,1
Nayak Talab,21.6842726,82.1659464,3.7,"tourist_attraction, point_of_interest, establishment",attraction,Chhattisgarh,All Seasons,Baloda Bazar,3
Madku deep,21.8533955,81.939842,0,"tourist_attraction, point_of_interest, establishment",attraction,Chhattisgarh,All Seasons,Baloda Bazar,0
Mangr talab,21.4401296,82.4340764,5,"tourist_attraction, point_of_interest, establishment",attraction,Chhattisgarh,All Seasons,Baloda Bazar,1
Waterfall किलेमेटा कुस्तुरगुंडा,21.7345625,82.0103125,5,"tourist_attraction, point_of_interest, establishment",attraction,Chhattisgarh,All Seasons,Baloda Bazar,1
Mohrenga Nature Safari Watch Tower,21.4361385,81.9106893,3.5,"tourist_attraction, point_of_interest, establishment",attraction,Chhattisgarh,All Seasons,Baloda Bazar,6
Laxman Dhara,21.4507155,82.2741336,4.7,"tourist_attraction, point_of_interest, establishment",attraction,Chhattisgarh,All Seasons,Baloda Bazar,3
Devsagar Pond,21.6576896,82.1657778,4,"tourist_attraction, point_of_interest, establishment",attraction,Chhattisgarh,All Seasons,Baloda Bazar,1
Premsagar Talab,21.6606586,82.15057829999999,3.5,"tourist_attraction, point_of_interest, establishment",attraction,Chhattisgarh,All Seasons,Baloda Bazar,6
Pakhar Ghat Picnic Spot,21.5424012,82.41847159999999,4.2,"tourist_attraction, point_of_interest, establishment",attraction,Chhattisgarh,All Seasons,Baloda Bazar,13
Madku Dweep,21.8368778,81.9500719,3.9,"tourist_attraction, point_of_interest, establishment",attraction,Chhattisgarh,All Seasons,Baloda Bazar,59
Dhamni (Bangla)Picnic Spot,21.5207715,82.29387000000001,4.2,"tourist_attraction, point_of_interest, establishment",attraction,Chhattisgarh,All Seasons,Baloda Bazar,54
Koradama Dam,21.5633808,82.4102316,2,"tourist_attraction, point_of_interest, establishment",attraction,Chhattisgarh,All Seasons,Baloda Bazar,2
Chhuiha dam,21.6726809,82.1376964,5,"tourist_attraction, point_of_interest, establishment",attraction,Chhattisgarh,All Seasons,Baloda Bazar,5
Paasid Reservoir,21.3929522,82.2494067,4.1,"tourist_attraction, point_of_interest, establishment",attraction,Chhattisgarh,All Seasons,Baloda Bazar,9
Ranisagar Talab,21.6558499,82.1557067,4,"tourist_attraction, point_of_interest, establishment",attraction,Chhattisgarh,All Seasons,Baloda Bazar,1
Barnawapara,21.4002605,82.4213992,3.5,"tourist_attraction, point_of_interest, establishment",attraction,Chhattisgarh,All Seasons,Baloda Bazar,4
बुड़ती पारा,21.5454403,82.2706142,0,"tourist_attraction, point_of_interest, establishment",attraction,Chhattisgarh,All Seasons,Baloda Bazar,0
Nice place dipari,21.5002176,82.2700553,3.8,"tourist_attraction, point_of_interest, establishment",attraction,Chhattisgarh,All Seasons,Baloda Bazar,5
Barnawapara Wildlife Sanctuary safari,21.4015193,82.4219291,4,"tourist_attraction, point_of_interest, establishment",attraction,Chhattisgarh,All Seasons,Baloda Bazar,32
Lewa tariya,21.5732854,82.43394769999999,2,"tourist_attraction, point_of_interest, establishment",attraction,Chhattisgarh,All Seasons,Baloda Bazar,1
Stop dam,21.5638828,82.35463039999999,2.9,"tourist_attraction, point_of_interest, establishment",attraction,Chhattisgarh,All Seasons,Baloda Bazar,7
Kukurdi river D.I.G.,21.6470145,82.10200859999999,4.1,"tourist_attraction, point_of_interest, establishment",attraction,Chhattisgarh,All Seasons,Baloda Bazar,9
Amethi ghat,21.4942618,82.2664722,3.6,"tourist_attraction, point_of_interest, establishment",attraction,Chhattisgarh,All Seasons,Baloda Bazar,35
Nakti Dharsa Waterfall,21.4491268,82.3101081,5,"tourist_attraction, point_of_interest, establishment",attraction,Chhattisgarh,All Seasons,Baloda Bazar,5
Talab,21.6440471,82.33433079999999,5,"tourist_attraction, point_of_interest, establishment",attraction,Chhattisgarh,All Seasons,Baloda Bazar,2
Jogideep Mandir,21.7121486,82.0220399,4,"tourist_attraction, point_of_interest, establishment",attraction,Chhattisgarh,All Seasons,Baloda Bazar,40
Jamuniya Nala,21.7652198,82.1516235,0,"tourist_attraction, point_of_interest, establishment",attraction,Chhattisgarh,All Seasons,Baloda Bazar,0
Forest Barrier Barbaspur (Barnawapara Entry Gate),21.4192239,82.2830263,3.4,"tourist_attraction, point_of_interest, establishment",attraction,Chhattisgarh,All Seasons,Baloda Bazar,5
Ranbaur Mela Sthal,21.5734616,82.1181079,4.3,"tourist_attraction, point_of_interest, establishment",attraction,Chhattisgarh,All Seasons,Baloda Bazar,38
Stop dam amethi,21.4934703,82.2673884,3.5,"tourist_attraction, point_of_interest, establishment",attraction,Chhattisgarh,All Seasons,Baloda Bazar,15
Bypass Balodabazar (East),21.6495496,82.2018106,3.9,"tourist_attraction, point_of_interest, establishment",attraction,Chhattisgarh,All Seasons,Baloda Bazar,47
माँ दुर्गा चौक इमली पारा,21.5441477,82.2714129,0,"tourist_attraction, point_of_interest, establishment",attraction,Chhattisgarh,All Seasons,Baloda Bazar,0
Deepak kumar yadaw,21.7201736,82.38964130000001,0,"tourist_attraction, point_of_interest, establishment",attraction,Chhattisgarh,All Seasons,Baloda Bazar,0
I'..♥️..BALODABAZAR,21.6565803,82.1642942,0,"tourist_attraction, point_of_interest, establishment",attraction,Chhattisgarh,All Seasons,Baloda Bazar,0
stop dam chisda,21.7485724,82.3123528,4,"tourist_attraction, point_of_interest, establishment",attraction,Chhattisgarh,All Seasons,Baloda Bazar,1
Bypass Balodabazar (West),21.6683942,82.1171523,4.5,"tourist_attraction, point_of_interest, establishment",attraction,Chhattisgarh,All Seasons,Baloda Bazar,24
Kharaha tariya,21.5755069,82.4310556,0,"tourist_attraction, point_of_interest, establishment",attraction,Chhattisgarh,All Seasons,Baloda Bazar,0
Verma's Farm,21.6626454,82.283628,0,"tourist_attraction, point_of_interest, establishment",attraction,Chhattisgarh,All Seasons,Baloda Bazar,0
Picnic spot,21.8350455,82.1869439,0,"tourist_attraction, point_of_interest, establishment",attraction,Chhattisgarh,All Seasons,Baloda Bazar,0
KUMHARI TANK KEOTARA,21.4926511,81.9076175,4,"tourist_attraction, point_of_interest, establishment",attraction,Chhattisgarh,All Seasons,Baloda Bazar,6
हमर दईहान हमर गौठान,21.8119458,82.17471689999999,5,"tourist_attraction, point_of_interest, establishment",attraction,Chhattisgarh,All Seasons,Baloda Bazar,1
Badhani amethi बंधानी अमेठी,21.4986413,82.2699651,5,"tourist_attraction, point_of_interest, establishment",attraction,Chhattisgarh,All Seasons,Baloda Bazar,1
एनीकेट (डेम) केसला,21.7794365,82.1871493,4.6,"tourist_attraction, point_of_interest, establishment",attraction,Chhattisgarh,All Seasons,Baloda Bazar,7
Mahamaya chowk,21.48504,82.1112575,4.4,"tourist_attraction, point_of_interest, establishment",attraction,Chhattisgarh,All Seasons,Baloda Bazar,20
कुम्हारी( टैंक ),21.5002036,81.913054,4.4,"tourist_attraction, point_of_interest, establishment",attraction,Chhattisgarh,All Seasons,Baloda Bazar,18
Stop dam kharve kasdol,21.6219959,82.38829179999999,0,"tourist_attraction, point_of_interest, establishment",attraction,Chhattisgarh,All Seasons,Baloda Bazar,0
Chicholi Dam and Pool,21.5784729,82.1157472,4.5,"tourist_attraction, point_of_interest, establishment",attraction,Chhattisgarh,All Seasons,Baloda Bazar,4
Pushpak Patel electric motor winding 🧰🪛,21.8359622,82.2118196,0,"tourist_attraction, point_of_interest, establishment",attraction,Chhattisgarh,All Seasons,Baloda Bazar,0
Khan fish farm,21.837389,82.120753,5,"tourist_attraction, point_of_interest, establishment",attraction,Chhattisgarh,All Seasons,Baloda Bazar,1
अम्बेडकर चौक,21.6565205,82.1644544,4,"tourist_attraction, point_of_interest, establishment",attraction,Chhattisgarh,All Seasons,Baloda Bazar,30
RB Maitry,21.4218921,82.2748893,0,"tourist_attraction, point_of_interest, establishment",attraction,Chhattisgarh,All Seasons,Baloda Bazar,0
भीमराव अंबेडकर चौक दतान (ख),21.5549539,82.3208701,3.2,"tourist_attraction, point_of_interest, establishment",attraction,Chhattisgarh,All Seasons,Baloda Bazar,5
"INDIRA PRIYADARSHINI Nature Safari, Raipur",21.4371065,81.8937588,3.9,"park, point_of_interest, establishment",attraction,Chhattisgarh,All Seasons,Baloda Bazar,135
आदर्श ग्राम पंचायत टेमरी,21.7985996,81.87067549999999,4,"tourist_attraction, point_of_interest, establishment",attraction,Chhattisgarh,All Seasons,Baloda Bazar,9
Park,23.7952586,83.69294909999999,4,"park, point_of_interest, establishment",parks,Chhattisgarh,Spring,Balrampur,31
Ambedkar park,23.8091545,83.6999634,2.9,"park, point_of_interest, establishment",parks,Chhattisgarh,Spring,Balrampur,12
VEER SHAHEED PARK,23.6057863,83.6173926,4.1,"park, point_of_interest, establishment",parks,Chhattisgarh,Spring,Balrampur,26
Park tatapani,23.687947,83.64908489999999,4.5,"park, point_of_interest, establishment",parks,Chhattisgarh,Spring,Balrampur,4
Maa Annapurna Park,23.3318444,83.3924981,4.5,"park, point_of_interest, establishment",parks,Chhattisgarh,Spring,Balrampur,4
कलेक्टोरेट पार्क,23.6249128,83.63850029999999,4.5,"park, point_of_interest, establishment",parks,Chhattisgarh,Spring,Balrampur,2
शहीद पार्क,23.537202,83.8340441,4.5,"park, point_of_interest, establishment",parks,Chhattisgarh,Spring,Balrampur,2
Amita lakra,23.6103455,83.81017380000002,0,"park, point_of_interest, establishment",parks,Chhattisgarh,Spring,Balrampur,0
Semarsot Wildlife Sanctuary,23.5399345,83.5355725,4.3,"zoo, park, point_of_interest, establishment",parks,Chhattisgarh,Spring,Balrampur,58
Kotpali dam,23.4689759,83.710759,3.9,"park, point_of_interest, establishment",parks,Chhattisgarh,Spring,Balrampur,14
The Great Forest,23.7276913,83.44133579999999,5,"park, point_of_interest, establishment",parks,Chhattisgarh,Spring,Balrampur,1
ईसाई कब्रिस्तान,23.6059771,83.63144299999999,4.5,"park, point_of_interest, establishment",parks,Chhattisgarh,Spring,Balrampur,2
Aglgiya kanakpur,23.8187365,83.65214429999999,5,"park, point_of_interest, establishment",parks,Chhattisgarh,Spring,Balrampur,1
फार्मिंग,23.3658402,83.4227284,4.8,"park, point_of_interest, establishment",parks,Chhattisgarh,Spring,Balrampur,4
Chanan pul,23.5570594,83.6298092,5,"park, point_of_interest, establishment",parks,Chhattisgarh,Spring,Balrampur,2
Gullista mahal,23.7012646,83.72876,4,"park, point_of_interest, establishment",parks,Chhattisgarh,Spring,Balrampur,3
Sunage waterfall,23.7157034,83.83027489999999,5,"park, point_of_interest, establishment",parks,Chhattisgarh,Spring,Balrampur,1
Sirki Talab,23.8031419,83.8078881,0,"park, point_of_interest, establishment",parks,Chhattisgarh,Spring,Balrampur,0
Laxman panj makad,23.3567999,83.5324021,0,"park, point_of_interest, establishment",parks,Chhattisgarh,Spring,Balrampur,0
Amwahi Jungle,23.6397167,83.7545817,4,"park, point_of_interest, establishment",parks,Chhattisgarh,Spring,Balrampur,2
Maa Hira Lakhan Farm House,23.7256471,83.67491389999999,5,"park, point_of_interest, establishment",parks,Chhattisgarh,Spring,Balrampur,8
Sailesh home,23.857286,83.8650282,4,"park, point_of_interest, establishment",parks,Chhattisgarh,Spring,Balrampur,2
Bamhani Forest,23.3632516,83.4939728,0,"park, point_of_interest, establishment",parks,Chhattisgarh,Spring,Balrampur,0
Big market,23.3363241,83.41365309999999,4,"park, point_of_interest, establishment",parks,Chhattisgarh,Spring,Balrampur,1
"Turra , pahadtola Pipraul",23.718432,83.5778046,0,"park, point_of_interest, establishment",parks,Chhattisgarh,Spring,Balrampur,0
माँ सरस्वती कुण्ड,23.6882525,83.6507194,3,"park, point_of_interest, establishment",parks,Chhattisgarh,Spring,Balrampur,1
Police Chauki Garden Area,23.5910521,83.72659209999999,0,"park, point_of_interest, establishment",parks,Chhattisgarh,Spring,Balrampur,0
श्रवण कुमार,23.522067,83.3228225,0,"park, point_of_interest, establishment",parks,Chhattisgarh,Spring,Balrampur,0
GOVERNMENT DHAAN MANDI MAHARAJGANJ,23.5793983,83.7050167,0,"park, point_of_interest, establishment",parks,Chhattisgarh,Spring,Balrampur,0
कावेरी कुण्ड,23.6875006,83.64976759999999,5,"park, point_of_interest, establishment",parks,Chhattisgarh,Spring,Balrampur,1
Rudra Nursery,23.760288,83.682115,5,"park, point_of_interest, establishment",parks,Chhattisgarh,Spring,Balrampur,4
Jabar Hills,23.5882142,83.66616660000001,0,"park, point_of_interest, establishment",parks,Chhattisgarh,Spring,Balrampur,0
छठ घाट,23.613438,83.6072009,3.8,"park, point_of_interest, establishment",parks,Chhattisgarh,Spring,Balrampur,4
Pawai waterfall balrampur,23.5124151,83.63288740000002,5,"park, point_of_interest, establishment",parks,Chhattisgarh,Spring,Balrampur,2
उराव टोला,23.6334898,83.8234312,5,"park, point_of_interest, establishment",parks,Chhattisgarh,Spring,Balrampur,2
Jiraat Baari Field,23.662861,83.38815029999999,0,"park, point_of_interest, establishment",parks,Chhattisgarh,Spring,Balrampur,0
Piproul kohbarmana,23.7012416,83.5725669,0,"park, point_of_interest, establishment",parks,Chhattisgarh,Spring,Balrampur,0
मुस्लिम कब्रिस्तान,23.6055079,83.62267489999999,3,"park, point_of_interest, establishment",parks,Chhattisgarh,Spring,Balrampur,2
Prem prakash singh,23.6167183,83.4167939,0,"park, point_of_interest, establishment",parks,Chhattisgarh,Spring,Balrampur,0
Garden Area,23.6242797,83.63838229999999,3,"park, point_of_interest, establishment",parks,Chhattisgarh,Spring,Balrampur,1
Gulam srver,23.7551769,83.5750791,0,"park, point_of_interest, establishment",parks,Chhattisgarh,Spring,Balrampur,0
Nirmal Kindo,23.4045625,83.3511875,0,"park, point_of_interest, establishment",parks,Chhattisgarh,Spring,Balrampur,0
हेठुआ तालाब,23.5189271,83.7606414,5,"park, point_of_interest, establishment",parks,Chhattisgarh,Spring,Balrampur,1
"Adarsh Gauthan, Girwarganj",23.6377263,83.460292,5,"park, point_of_interest, establishment",parks,Chhattisgarh,Spring,Balrampur,2
Tulsi kumar Ravi,23.7929889,83.7073922,5,"park, point_of_interest, establishment",parks,Chhattisgarh,Spring,Balrampur,1
RANI WATERFALLE,23.5639641,83.89758090000001,4.8,"park, point_of_interest, establishment",parks,Chhattisgarh,Spring,Balrampur,6
Suryavanshi famli Rampur,23.5945053,83.3744244,5,"park, point_of_interest, establishment",parks,Chhattisgarh,Spring,Balrampur,2
जोड़ा नदी,23.518433,83.3208161,0,"park, point_of_interest, establishment",parks,Chhattisgarh,Spring,Balrampur,0
माँ गंगा कुण्ड,23.6881398,83.651806,5,"park, point_of_interest, establishment",parks,Chhattisgarh,Spring,Balrampur,1
Baby Waterfall बेबी वाटरफॉल कतारीकोना,23.3476702,83.57140919999999,5,"park, point_of_interest, establishment",parks,Chhattisgarh,Spring,Balrampur,3
Bajar Tand rd,23.8745855,83.6494058,0,"park, point_of_interest, establishment",parks,Chhattisgarh,Spring,Balrampur,0
काड़ा सरना,23.4205426,83.88434989999999,0,"park, point_of_interest, establishment",parks,Chhattisgarh,Spring,Balrampur,0
Forest Department Nursery Balrampur,23.603436,83.6122984,0,"park, point_of_interest, establishment",parks,Chhattisgarh,Spring,Balrampur,0
Samt Kumar,23.4813125,83.4221875,3,"park, point_of_interest, establishment",parks,Chhattisgarh,Spring,Balrampur,2
Nawadih Hills Lower Point,23.5893474,83.6533517,0,"park, point_of_interest, establishment",parks,Chhattisgarh,Spring,Balrampur,0
Putu picnic point,23.5528774,83.5345114,0,"park, point_of_interest, establishment",parks,Chhattisgarh,Spring,Balrampur,0
Nawadih Hills 2A,23.5885172,83.6606664,0,"park, point_of_interest, establishment",parks,Chhattisgarh,Spring,Balrampur,0
Collector House Garden,23.6058935,83.6144667,3.3,"park, point_of_interest, establishment",parks,Chhattisgarh,Spring,Balrampur,11
पुलिस अधीक्षक गार्डन,23.6007044,83.6169863,5,"park, point_of_interest, establishment",parks,Chhattisgarh,Spring,Balrampur,1
Herbal Garden,23.6882633,83.6484476,3.7,"park, point_of_interest, establishment",parks,Chhattisgarh,Spring,Balrampur,3
Rza masjid idgah vijay nagar,23.756568,83.55746400000001,0,"museum, point_of_interest, establishment",museum,Chhattisgarh,Winter,Balrampur,0
Civil Court Balrampur,23.6138394,83.6205648,4,"museum, point_of_interest, establishment",museum,Chhattisgarh,Winter,Balrampur,11
Pradeep Kujur,23.5230824,83.4163226,0,"museum, point_of_interest, establishment",museum,Chhattisgarh,Winter,Balrampur,0
करबला,23.5324712,83.81590729999999,0,"museum, point_of_interest, establishment",museum,Chhattisgarh,Winter,Balrampur,0
Chintu home,23.5046365,83.4190014,0,"museum, point_of_interest, establishment",museum,Chhattisgarh,Winter,Balrampur,0
Samri Path Waterfall Tilki Ghagh Jharna,23.434593,83.84395549999999,4.3,"tourist_attraction, point_of_interest, establishment",waterfalls,Chhattisgarh,Monsoon,Balrampur,6
Pavai waterfall,23.5094077,83.63360190000002,4.2,"tourist_attraction, point_of_interest, establishment",waterfalls,Chhattisgarh,Monsoon,Balrampur,193
Aurajhariya waterfall,23.6556888,83.64492349999999,3.8,"tourist_attraction, point_of_interest, establishment",waterfalls,Chhattisgarh,Monsoon,Balrampur,37
Baby Waterfall बेबी वाटरफॉल कतारीकोना,23.3476702,83.57140919999999,5,"park, point_of_interest, establishment",waterfalls,Chhattisgarh,Monsoon,Balrampur,3
Kothali pavai waterfall,23.4462098,83.7125587,5,"tourist_attraction, point_of_interest, establishment",waterfalls,Chhattisgarh,Monsoon,Balrampur,2
Ramchura waterfall,23.6630573,83.69480320000001,5,"tourist_attraction, point_of_interest, establishment",waterfalls,Chhattisgarh,Monsoon,Balrampur,1
Pawai waterfall balrampur,23.5124151,83.63288740000002,5,"park, point_of_interest, establishment",waterfalls,Chhattisgarh,Monsoon,Balrampur,2
Sunage waterfall,23.7157034,83.83027489999999,5,"park, point_of_interest, establishment",waterfalls,Chhattisgarh,Monsoon,Balrampur,1
Makarbhanja waterfall adjust location,23.611174,83.610896,5,"tourist_attraction, point_of_interest, establishment",waterfalls,Chhattisgarh,Monsoon,Balrampur,1
Pareva daah view point,23.5668639,83.5358481,4,"tourist_attraction, point_of_interest, establishment",waterfalls,Chhattisgarh,Monsoon,Balrampur,20
DHARDHARI WATERFALL,23.8421875,83.5853125,0,"tourist_attraction, point_of_interest, establishment",waterfalls,Chhattisgarh,Monsoon,Balrampur,0
Mountain view point,23.506964,83.5717961,4.3,"tourist_attraction, point_of_interest, establishment",waterfalls,Chhattisgarh,Monsoon,Balrampur,6
Saketawa bandh budhudih,23.5332074,83.6351706,3.4,"tourist_attraction, point_of_interest, establishment",waterfalls,Chhattisgarh,Monsoon,Balrampur,7
RANI WATERFALLE,23.5639641,83.89758090000001,4.8,"park, point_of_interest, establishment",waterfalls,Chhattisgarh,Monsoon,Balrampur,6
Pinnacle of Sitarampur,23.4901533,83.6270935,4.4,"tourist_attraction, point_of_interest, establishment",waterfalls,Chhattisgarh,Monsoon,Balrampur,9
"Ubhaka Pani, Sendur ,Balrampur",23.6812475,83.5815657,3.8,"tourist_attraction, point_of_interest, establishment",waterfalls,Chhattisgarh,Monsoon,Balrampur,6
Tatapani Shiv Temple Tatapani,23.6882369,83.6490692,4.2,"hindu_temple, tourist_attraction, place_of_worship, point_of_interest, establishment",waterfalls,Chhattisgarh,Monsoon,Balrampur,868
Fountain View Point,23.5059199,83.57686749999999,4.5,"tourist_attraction, point_of_interest, establishment",waterfalls,Chhattisgarh,Monsoon,Balrampur,2
Pavai Fall Balrampur,23.5088634,83.63383379999999,3.8,"gym, point_of_interest, health, establishment",waterfalls,Chhattisgarh,Monsoon,Balrampur,10
Semarsot Wildlife Sanctuary,23.5399345,83.5355725,4.3,"zoo, park, point_of_interest, establishment",zoo,Chhattisgarh,Winter,Balrampur,58
Tatapani Shiv Temple Tatapani,23.6882369,83.6490692,4.2,"hindu_temple, tourist_attraction, place_of_worship, point_of_interest, establishment",temples,Chhattisgarh,All Seasons,Balrampur,868
Pahadi mandir,23.5982948,83.6255985,4.9,"hindu_temple, place_of_worship, point_of_interest, establishment",temples,Chhattisgarh,All Seasons,Balrampur,7
Hanuman Mandir,23.6215104,83.3694697,4.7,"hindu_temple, place_of_worship, point_of_interest, establishment",temples,Chhattisgarh,All Seasons,Balrampur,3
Shiv mandir karchali,23.7322658,83.7706779,5,"hindu_temple, place_of_worship, point_of_interest, establishment",temples,Chhattisgarh,All Seasons,Balrampur,1
Bardar,23.622572,83.7191714,5,"hindu_temple, place_of_worship, point_of_interest, establishment",temples,Chhattisgarh,All Seasons,Balrampur,2
Turra Shiv Shankar Temple Obari,23.6172403,83.6561248,4.3,"hindu_temple, place_of_worship, point_of_interest, establishment",temples,Chhattisgarh,All Seasons,Balrampur,8
तपेश्वर शिव मन्दिर तातापानी,23.6877901,83.64947149999999,3.6,"hindu_temple, place_of_worship, point_of_interest, establishment",temples,Chhattisgarh,All Seasons,Balrampur,5
HARI MANDIR GANESHMOD,23.58912,83.7310991,4.2,"hindu_temple, place_of_worship, point_of_interest, establishment",temples,Chhattisgarh,All Seasons,Balrampur,5
Kachhiya temple,23.6989038,83.3428491,3.8,"hindu_temple, place_of_worship, point_of_interest, establishment",temples,Chhattisgarh,All Seasons,Balrampur,4
Shiv Mandir Nawadih,23.8305739,83.4091909,5,"hindu_temple, place_of_worship, point_of_interest, establishment",temples,Chhattisgarh,All Seasons,Balrampur,3
Mahamaya Temple Ramanujganj,23.805268,83.7031026,4.4,"hindu_temple, place_of_worship, point_of_interest, establishment",temples,Chhattisgarh,All Seasons,Balrampur,29
Parbhan Baba,23.719374,83.8160387,4.8,"hindu_temple, place_of_worship, point_of_interest, establishment",temples,Chhattisgarh,All Seasons,Balrampur,9
Shiva Temple,23.637972,83.8050919,4.4,"hindu_temple, place_of_worship, point_of_interest, establishment",temples,Chhattisgarh,All Seasons,Balrampur,19
Siva Temple,23.5698801,83.710184,4.7,"hindu_temple, place_of_worship, point_of_interest, establishment",temples,Chhattisgarh,All Seasons,Balrampur,3
प्रवेश द्वार तातापानी,23.6880888,83.6542121,4.2,"hindu_temple, place_of_worship, point_of_interest, establishment",temples,Chhattisgarh,All Seasons,Balrampur,10
Mahamrityunjayeshvar Temple Dandkhdua,23.3631373,83.44219439999999,4,"hindu_temple, place_of_worship, point_of_interest, establishment",temples,Chhattisgarh,All Seasons,Balrampur,5
Gariya,23.684202,83.7364023,5,"hindu_temple, place_of_worship, point_of_interest, establishment",temples,Chhattisgarh,All Seasons,Balrampur,2
Shree RAM Mandir Ramanujganj,23.8039332,83.703409,4.3,"hindu_temple, place_of_worship, point_of_interest, establishment",temples,Chhattisgarh,All Seasons,Balrampur,9
Shiv Mandir,23.8078594,83.70303419999999,4.6,"hindu_temple, place_of_worship, point_of_interest, establishment",temples,Chhattisgarh,All Seasons,Balrampur,5
SHIV TEMPLE,23.8271636,83.7137758,3.7,"hindu_temple, place_of_worship, point_of_interest, establishment",temples,Chhattisgarh,All Seasons,Balrampur,3
Pahadi Mandir Ramanujganj,23.7974136,83.6940888,4.3,"hindu_temple, place_of_worship, point_of_interest, establishment",temples,Chhattisgarh,All Seasons,Balrampur,129
Shree Ram Mandir,23.508739,83.8130102,5,"hindu_temple, place_of_worship, point_of_interest, establishment",temples,Chhattisgarh,All Seasons,Balrampur,1
Shiv temple Barkol khurd,23.6261785,83.8231716,5,"hindu_temple, place_of_worship, point_of_interest, establishment",temples,Chhattisgarh,All Seasons,Balrampur,1
Shivgarhi Mandir,23.5996731,83.65175339999999,4.2,"hindu_temple, place_of_worship, point_of_interest, establishment",temples,Chhattisgarh,All Seasons,Balrampur,5
श्री विष्णु एवं लक्ष्मी मंदिर,23.3356074,83.4109308,4,"hindu_temple, place_of_worship, point_of_interest, establishment",temples,Chhattisgarh,All Seasons,Balrampur,4
Shiv Mandir,23.5688335,83.5436144,0,"hindu_temple, place_of_worship, point_of_interest, establishment",temples,Chhattisgarh,All Seasons,Balrampur,0
शिव मन्दिर,23.791177,83.563351,4.3,"hindu_temple, place_of_worship, point_of_interest, establishment",temples,Chhattisgarh,All Seasons,Balrampur,4
Shiv Mandir,23.6550988,83.3823929,0,"hindu_temple, place_of_worship, point_of_interest, establishment",temples,Chhattisgarh,All Seasons,Balrampur,0
Laxminarayan Temple Dahejwar,23.5981387,83.6121969,5,"hindu_temple, place_of_worship, point_of_interest, establishment",temples,Chhattisgarh,All Seasons,Balrampur,1
Shivgarhi Mandir,23.587752,83.6376458,4.2,"hindu_temple, place_of_worship, point_of_interest, establishment",temples,Chhattisgarh,All Seasons,Balrampur,17
Lord Shiv Temple,23.3356791,83.409328,5,"hindu_temple, place_of_worship, point_of_interest, establishment",temples,Chhattisgarh,All Seasons,Balrampur,1
Hanumana Temple,23.6361423,83.7862253,3.7,"hindu_temple, place_of_worship, point_of_interest, establishment",temples,Chhattisgarh,All Seasons,Balrampur,3
Shiv mandir mount Temple,23.337151,83.519078,0,"hindu_temple, place_of_worship, point_of_interest, establishment",temples,Chhattisgarh,All Seasons,Balrampur,0
Lord Krishna Temple,23.3357148,83.40926189999999,5,"hindu_temple, place_of_worship, point_of_interest, establishment",temples,Chhattisgarh,All Seasons,Balrampur,1
Shiv Mandir,23.8206395,83.5707613,5,"hindu_temple, place_of_worship, point_of_interest, establishment",temples,Chhattisgarh,All Seasons,Balrampur,1
"Durga Mandap, Lodha",23.8636494,83.4806124,4.1,"hindu_temple, place_of_worship, point_of_interest, establishment",temples,Chhattisgarh,All Seasons,Balrampur,15
Narmadeshwar Shiv Mandir,23.7997077,83.5143351,5,"hindu_temple, place_of_worship, point_of_interest, establishment",temples,Chhattisgarh,All Seasons,Balrampur,6
Hanuman Mandir,23.7492227,83.7178335,4.2,"hindu_temple, place_of_worship, point_of_interest, establishment",temples,Chhattisgarh,All Seasons,Balrampur,6
Shiv mandir lodha,23.8561686,83.4788502,4.6,"hindu_temple, place_of_worship, point_of_interest, establishment",temples,Chhattisgarh,All Seasons,Balrampur,5
12 ज्योतिर्लिंग दर्शन,23.688134,83.6489538,4.7,"hindu_temple, place_of_worship, point_of_interest, establishment",temples,Chhattisgarh,All Seasons,Balrampur,6
Sankat Mochan Mandir,23.5853553,83.5572763,5,"hindu_temple, place_of_worship, point_of_interest, establishment",temples,Chhattisgarh,All Seasons,Balrampur,3
Shiv mandir,23.7513098,83.68227759999999,3,"hindu_temple, place_of_worship, point_of_interest, establishment",temples,Chhattisgarh,All Seasons,Balrampur,2
Shiv mandir,23.8380543,83.32451019999999,5,"hindu_temple, place_of_worship, point_of_interest, establishment",temples,Chhattisgarh,All Seasons,Balrampur,1
Shiv temple Ramanujganj,23.8029397,83.69708109999999,5,"hindu_temple, place_of_worship, point_of_interest, establishment",temples,Chhattisgarh,All Seasons,Balrampur,2
Hindu temple,23.7449406,83.76294879999999,0,"hindu_temple, place_of_worship, point_of_interest, establishment",temples,Chhattisgarh,All Seasons,Balrampur,0
Lord Durga Temple,23.3363728,83.40943759999999,4,"hindu_temple, place_of_worship, point_of_interest, establishment",temples,Chhattisgarh,All Seasons,Balrampur,8
Hindu temple,23.5982276,83.61232869999999,0,"hindu_temple, place_of_worship, point_of_interest, establishment",temples,Chhattisgarh,All Seasons,Balrampur,0
दुर्गा पूजा मंडप सरईडीह,23.7839421,83.7809092,2,"hindu_temple, place_of_worship, point_of_interest, establishment",temples,Chhattisgarh,All Seasons,Balrampur,4
Hanuman temple Ramanujganj,23.7970564,83.7008003,5,"hindu_temple, place_of_worship, point_of_interest, establishment",temples,Chhattisgarh,All Seasons,Balrampur,1
Mahakal Temple,23.6021898,83.6171395,5,"hindu_temple, place_of_worship, point_of_interest, establishment",temples,Chhattisgarh,All Seasons,Balrampur,1
साधु कुट्टी दुर्गा मंडप,23.7799077,83.7879095,5,"hindu_temple, place_of_worship, point_of_interest, establishment",temples,Chhattisgarh,All Seasons,Balrampur,2
Anpurna Temple,23.7086268,83.6707277,2,"hindu_temple, place_of_worship, point_of_interest, establishment",temples,Chhattisgarh,All Seasons,Balrampur,1
SHIv msndir,23.6132263,83.71722079999999,5,"hindu_temple, place_of_worship, point_of_interest, establishment",temples,Chhattisgarh,All Seasons,Balrampur,1
Devi Mandap,23.8643813,83.87914719999999,5,"hindu_temple, place_of_worship, point_of_interest, establishment",temples,Chhattisgarh,All Seasons,Balrampur,1
Barkol khurd durga mandap,23.6260979,83.8226808,4.8,"hindu_temple, place_of_worship, point_of_interest, establishment",temples,Chhattisgarh,All Seasons,Balrampur,4
Shiv mandir,23.7515832,83.7635042,3,"hindu_temple, place_of_worship, point_of_interest, establishment",temples,Chhattisgarh,All Seasons,Balrampur,1
jatro shiv mandir,23.6214396,83.66763820000001,5,"hindu_temple, place_of_worship, point_of_interest, establishment",temples,Chhattisgarh,All Seasons,Balrampur,1
दुर्गा मंडप चाकी,23.8008624,83.5065634,4,"hindu_temple, place_of_worship, point_of_interest, establishment",temples,Chhattisgarh,All Seasons,Balrampur,2
Durga Mandir,23.6166175,83.37011679999999,4,"hindu_temple, place_of_worship, point_of_interest, establishment",temples,Chhattisgarh,All Seasons,Balrampur,1
OM PRAKASH THAKUR,23.5345697,83.4544724,0,"hindu_temple, place_of_worship, point_of_interest, establishment",temples,Chhattisgarh,All Seasons,Balrampur,0
Pachawal Mini Hill,23.5875226,83.67943009999999,0,"park, point_of_interest, establishment",hills,Chhattisgarh,Winter,Balrampur,0
Jabar Mini Hill 3A,23.5886256,83.66642340000001,0,"park, point_of_interest, establishment",hills,Chhattisgarh,Winter,Balrampur,0
Avag hill,23.4405515,83.8425879,0,"tourist_attraction, point_of_interest, establishment",hills,Chhattisgarh,Winter,Balrampur,0
Mill hill Jubilee memorial lurgi,23.484801,83.50178969999999,5,"primary_school, school, point_of_interest, establishment",hills,Chhattisgarh,Winter,Balrampur,1
Talab piprahi kala,23.6367001,83.7305849,5,"point_of_interest, establishment",hills,Chhattisgarh,Winter,Balrampur,1
Pavai waterfall,23.5094077,83.63360190000002,4.2,"tourist_attraction, point_of_interest, establishment",attraction,Chhattisgarh,All Seasons,Balrampur,193
Gaurlata hp 1225m,23.4532834,83.834144,4.1,"tourist_attraction, point_of_interest, establishment",attraction,Chhattisgarh,All Seasons,Balrampur,24
पाढ़ी डेम,23.4909943,83.54321879999999,0,"tourist_attraction, point_of_interest, establishment",attraction,Chhattisgarh,All Seasons,Balrampur,0
Pareva daah view point,23.5668639,83.5358481,4,"tourist_attraction, point_of_interest, establishment",attraction,Chhattisgarh,All Seasons,Balrampur,20
Mountain view point,23.506964,83.5717961,4.3,"tourist_attraction, point_of_interest, establishment",attraction,Chhattisgarh,All Seasons,Balrampur,6
Fountain View Point,23.5059199,83.57686749999999,4.5,"tourist_attraction, point_of_interest, establishment",attraction,Chhattisgarh,All Seasons,Balrampur,2
लवंग पानी जलासय,23.335004,83.4853844,5,"tourist_attraction, point_of_interest, establishment",attraction,Chhattisgarh,All Seasons,Balrampur,1
Aurajhariya waterfall,23.6556888,83.64492349999999,3.8,"tourist_attraction, point_of_interest, establishment",attraction,Chhattisgarh,All Seasons,Balrampur,37
picnic point,23.3952477,83.5052954,3.7,"tourist_attraction, point_of_interest, establishment",attraction,Chhattisgarh,All Seasons,Balrampur,3
Baika Picnic Spot,23.6319807,83.59765999999999,5,"tourist_attraction, point_of_interest, establishment",attraction,Chhattisgarh,All Seasons,Balrampur,3
DHARDHARI WATERFALL,23.8421875,83.5853125,0,"tourist_attraction, point_of_interest, establishment",attraction,Chhattisgarh,All Seasons,Balrampur,0
picnic spot pasta,23.4634266,83.5241406,5,"tourist_attraction, point_of_interest, establishment",attraction,Chhattisgarh,All Seasons,Balrampur,1
Kabra bandh dam budhapras,23.8675942,83.7142039,0,"tourist_attraction, point_of_interest, establishment",attraction,Chhattisgarh,All Seasons,Balrampur,0
Daldhowa Ghat,23.5708896,83.54708959999999,4,"tourist_attraction, point_of_interest, establishment",attraction,Chhattisgarh,All Seasons,Balrampur,3
Pipraul hinwani dam,23.7199375,83.60135,0,"tourist_attraction, point_of_interest, establishment",attraction,Chhattisgarh,All Seasons,Balrampur,0
Hindu Chauk,23.5940532,83.6268616,0,"tourist_attraction, point_of_interest, establishment",attraction,Chhattisgarh,All Seasons,Balrampur,0
Saketawa bandh budhudih,23.5332074,83.6351706,3.4,"tourist_attraction, point_of_interest, establishment",attraction,Chhattisgarh,All Seasons,Balrampur,7
हड़ही पहाड़,23.5190909,83.42308969999999,0,"tourist_attraction, point_of_interest, establishment",attraction,Chhattisgarh,All Seasons,Balrampur,0
Paltan ghat,23.8263702,83.6727665,4.3,"tourist_attraction, point_of_interest, establishment",attraction,Chhattisgarh,All Seasons,Balrampur,69
Parbhan Baba Hills,23.7110164,83.82575469999999,1,"tourist_attraction, point_of_interest, establishment",attraction,Chhattisgarh,All Seasons,Balrampur,1
"Ubhaka Pani, Sendur ,Balrampur",23.6812475,83.5815657,3.8,"tourist_attraction, point_of_interest, establishment",attraction,Chhattisgarh,All Seasons,Balrampur,6
पिकनिक स्थल,23.4799466,83.8060601,4.5,"tourist_attraction, point_of_interest, establishment",attraction,Chhattisgarh,All Seasons,Balrampur,8
Makarbhanja waterfall adjust location,23.611174,83.610896,5,"tourist_attraction, point_of_interest, establishment",attraction,Chhattisgarh,All Seasons,Balrampur,1
सलैया दामर,23.7769057,83.74611279999999,4,"tourist_attraction, point_of_interest, establishment",attraction,Chhattisgarh,All Seasons,Balrampur,3
Ugra PumpHouse,23.625829,83.766364,0,"tourist_attraction, point_of_interest, establishment",attraction,Chhattisgarh,All Seasons,Balrampur,0
Gaurlata entry point,23.4482707,83.8703424,2.8,"tourist_attraction, point_of_interest, establishment",attraction,Chhattisgarh,All Seasons,Balrampur,6
Samri Path Waterfall Tilki Ghagh Jharna,23.434593,83.84395549999999,4.3,"tourist_attraction, point_of_interest, establishment",attraction,Chhattisgarh,All Seasons,Balrampur,6
"Gauralata valley, Balrampur Kusmi - Jashpur ghati",23.4679278,83.8618324,4.3,"tourist_attraction, point_of_interest, establishment",attraction,Chhattisgarh,All Seasons,Balrampur,3
Pinnacle of Sitarampur,23.4901533,83.6270935,4.4,"tourist_attraction, point_of_interest, establishment",attraction,Chhattisgarh,All Seasons,Balrampur,9
Kanhar River फाटक,23.8060404,83.7040736,0,"tourist_attraction, point_of_interest, establishment",attraction,Chhattisgarh,All Seasons,Balrampur,0
Kanhar Nadi Picnic spot,23.591717,83.7657852,0,"tourist_attraction, point_of_interest, establishment",attraction,Chhattisgarh,All Seasons,Balrampur,0
Ramchura waterfall,23.6630573,83.69480320000001,5,"tourist_attraction, point_of_interest, establishment",attraction,Chhattisgarh,All Seasons,Balrampur,1
Kothali pavai waterfall,23.4462098,83.7125587,5,"tourist_attraction, point_of_interest, establishment",attraction,Chhattisgarh,All Seasons,Balrampur,2
Tatapani Shiv Temple Tatapani,23.6882369,83.6490692,4.2,"hindu_temple, tourist_attraction, place_of_worship, point_of_interest, establishment",attraction,Chhattisgarh,All Seasons,Balrampur,868
Ganga Munda Park,19.0740573,82.0091904,3.7,"park, tourist_attraction, point_of_interest, establishment",parks,Chhattisgarh,Spring,Bastar,100
Ambedkar Park,19.087215,82.034678,3.9,"park, point_of_interest, establishment",parks,Chhattisgarh,Spring,Bastar,63
Gulmi Natural Park,18.9704303,82.25892209999999,4.1,"park, point_of_interest, establishment",parks,Chhattisgarh,Spring,Bastar,191
हाटकचोरा चौक,19.0802811,82.0455695,4.2,"park, point_of_interest, establishment",parks,Chhattisgarh,Spring,Bastar,14
Upjan Water Source,19.1035545,81.9559227,4.5,"park, point_of_interest, establishment",parks,Chhattisgarh,Spring,Bastar,33
gundadhur park,19.0822065,82.0134618,4.2,"park, point_of_interest, establishment",parks,Chhattisgarh,Spring,Bastar,13
Lamni Park jagdalpur,19.0594021,82.02640939999999,4,"park, point_of_interest, establishment",parks,Chhattisgarh,Spring,Bastar,516
BRIJRAJ NAGAR PARK,19.0868272,82.0060542,3.9,"park, point_of_interest, establishment",parks,Chhattisgarh,Spring,Bastar,17
Lalbagh Park jagdalpur,19.0881966,82.0312848,3.9,"park, tourist_attraction, point_of_interest, establishment",parks,Chhattisgarh,Spring,Bastar,1015
Park,19.0998132,82.0237082,3.3,"park, point_of_interest, establishment",parks,Chhattisgarh,Spring,Bastar,3
My mundaguda plot,19.0147111,82.2695518,5,"park, point_of_interest, establishment",parks,Chhattisgarh,Spring,Bastar,1
"Saheed Park Nehru Bal Udyan, Jagdalpur",19.0834458,82.03015789999999,3.8,"park, point_of_interest, establishment",parks,Chhattisgarh,Spring,Bastar,3634
Kanger Valley National Park,18.9539973,82.2365981,4.2,"tourist_attraction, park, point_of_interest, establishment",parks,Chhattisgarh,Spring,Bastar,356
Aasna Park,19.1206285,82.032584,3.5,"park, point_of_interest, establishment",parks,Chhattisgarh,Spring,Bastar,122
Railway Park,19.0655644,82.01841449999999,3.8,"park, point_of_interest, establishment",parks,Chhattisgarh,Spring,Bastar,105
Tirathgarh Natural Park,18.914078,81.86443729999999,4.6,"park, point_of_interest, establishment",parks,Chhattisgarh,Spring,Bastar,649
YOGESH KUMAR MARKAM,19.085762,82.0288496,0,"park, point_of_interest, establishment",parks,Chhattisgarh,Spring,Bastar,0
Kanger national park,18.9186243,81.8896632,4.4,"park, point_of_interest, establishment",parks,Chhattisgarh,Spring,Bastar,61
Jamawada Rose Garden,18.9812712,81.99419220000001,4.5,"park, point_of_interest, establishment",parks,Chhattisgarh,Spring,Bastar,2
Lamini park,19.0588749,82.0226701,4,"park, point_of_interest, establishment",parks,Chhattisgarh,Spring,Bastar,58
రైల్వే స్టేషన్ పార్క్,19.0669666,82.0139895,4.3,"park, point_of_interest, establishment",parks,Chhattisgarh,Spring,Bastar,4
Eden garden,19.0944424,81.9851226,5,"park, point_of_interest, establishment",parks,Chhattisgarh,Spring,Bastar,1
Jirimiyo bagho,19.053316,82.2659331,4.3,"park, point_of_interest, establishment",parks,Chhattisgarh,Spring,Bastar,6
Green park ️ Tongkongera siv Tempal,19.3373054,82.0131966,5,"park, point_of_interest, establishment",parks,Chhattisgarh,Spring,Bastar,8
Dandabadi Dhamanahandi Forest,19.1280622,82.28299799999999,5,"park, point_of_interest, establishment",parks,Chhattisgarh,Spring,Bastar,3
Bird park,19.058659,82.0280487,5,"park, point_of_interest, establishment",parks,Chhattisgarh,Spring,Bastar,1
Nilakantha panda Paddy land,19.1294575,82.28421039999999,5,"park, point_of_interest, establishment",parks,Chhattisgarh,Spring,Bastar,2
Kundruk Waterfall,18.8962247,81.8509297,4.3,"park, point_of_interest, establishment",parks,Chhattisgarh,Spring,Bastar,18
SHIBA SAMARATHA,19.3552583,82.2009556,5,"park, point_of_interest, establishment",parks,Chhattisgarh,Spring,Bastar,2
Bastar Birds Nest,19.1396594,82.105952,4.6,"campground, park, lodging, point_of_interest, establishment",parks,Chhattisgarh,Spring,Bastar,115
Alwa Dongripara waterfall,18.9523663,81.7722196,4.3,"park, point_of_interest, establishment",parks,Chhattisgarh,Spring,Bastar,16
Kangoli dongri para,19.0870317,81.98506,4.2,"park, point_of_interest, establishment",parks,Chhattisgarh,Spring,Bastar,12
Chingpal gothan,18.966881,81.9416993,5,"park, point_of_interest, establishment",parks,Chhattisgarh,Spring,Bastar,2
Biranpal,18.9240788,81.96340339999999,5,"park, point_of_interest, establishment",parks,Chhattisgarh,Spring,Bastar,1
The Park Bastar,19.0861377,82.0188426,0,"park, point_of_interest, establishment",parks,Chhattisgarh,Spring,Bastar,0
Dashera plantation (SD),19.040062,82.14254,4.5,"park, point_of_interest, establishment",parks,Chhattisgarh,Spring,Bastar,2
MANGO GARDEN,19.0707447,82.0406443,4.5,"park, point_of_interest, establishment",parks,Chhattisgarh,Spring,Bastar,4
Rajesh nag tent House Pathari,19.2574498,81.7327686,5,"park, point_of_interest, establishment",parks,Chhattisgarh,Spring,Bastar,4
Jk,19.1142586,81.7669809,3,"park, point_of_interest, establishment",parks,Chhattisgarh,Spring,Bastar,2
KHADAK GHAAT,19.3688904,81.8981706,3.6,"park, point_of_interest, establishment",parks,Chhattisgarh,Spring,Bastar,7
Abhinandan Park,19.075153,82.01373339999999,3.5,"park, point_of_interest, establishment",parks,Chhattisgarh,Spring,Bastar,67
गांव पाथरी,19.2678049,81.7185253,4.8,"park, point_of_interest, establishment",parks,Chhattisgarh,Spring,Bastar,5
Mohan Nagar Garden,19.0825951,82.03406319999999,5,"park, point_of_interest, establishment",parks,Chhattisgarh,Spring,Bastar,2
Tirathgarh Waterfall,18.9139499,81.8651088,4.6,"tourist_attraction, park, point_of_interest, establishment",parks,Chhattisgarh,Spring,Bastar,8325
Children park,19.0773825,82.0095451,0,"park, point_of_interest, establishment",parks,Chhattisgarh,Spring,Bastar,0
GEC Garden,19.1009069,81.9826204,3.4,"park, point_of_interest, establishment",parks,Chhattisgarh,Spring,Bastar,36
Kasturi park,19.0896534,82.1832634,0,"park, point_of_interest, establishment",parks,Chhattisgarh,Spring,Bastar,0
नक्षत्र वाटिका,19.0874685,82.034264,0,"park, point_of_interest, establishment",parks,Chhattisgarh,Spring,Bastar,0
Netaji Subhash Park,19.083123,82.0291323,2,"park, point_of_interest, establishment",parks,Chhattisgarh,Spring,Bastar,2
Gauthan,19.0368304,82.0192208,5,"park, point_of_interest, establishment",parks,Chhattisgarh,Spring,Bastar,1
Mahatma Gandhi Park,19.2763951,82.2443584,3.4,"park, point_of_interest, establishment",parks,Chhattisgarh,Spring,Bastar,47
Ghat ending camp,18.9142899,81.7206854,0,"park, point_of_interest, establishment",parks,Chhattisgarh,Spring,Bastar,0
Bastar Haat,19.1541499,81.9932369,4.1,"park, point_of_interest, establishment",parks,Chhattisgarh,Spring,Bastar,416
Children park,19.2029753,81.9325138,0,"park, point_of_interest, establishment",parks,Chhattisgarh,Spring,Bastar,0
Amar vatika,19.0916973,82.04390339999999,4.2,"park, point_of_interest, establishment",parks,Chhattisgarh,Spring,Bastar,11
Sundar Lal Sharma Udhyan,19.0696727,82.0209019,3.8,"park, point_of_interest, establishment",parks,Chhattisgarh,Spring,Bastar,19
Gulmi Waterfall,18.9738453,82.2621831,4,"tourist_attraction, point_of_interest, establishment",parks,Chhattisgarh,Spring,Bastar,121
Uttam kashyap,19.0904395,82.0300302,0,"park, point_of_interest, establishment",parks,Chhattisgarh,Spring,Bastar,0
Bastar pahad,19.1335393,82.03286059999999,3.7,"park, point_of_interest, establishment",parks,Chhattisgarh,Spring,Bastar,3
Peace (picnic spot),19.1109424,81.929628,5,"park, point_of_interest, establishment",parks,Chhattisgarh,Spring,Bastar,1
"Anthropological Survey of India, Government of India",19.0952943,81.995426,4.2,"museum, tourist_attraction, point_of_interest, establishment",museum,Chhattisgarh,Winter,Bastar,765
Archaeological Museum,19.0904341,82.0235754,4.3,"museum, point_of_interest, establishment",museum,Chhattisgarh,Winter,Bastar,53
राजस्थानी टैक्टर,19.0463599,82.0314398,4.5,"museum, point_of_interest, establishment",museum,Chhattisgarh,Winter,Bastar,6
Bastar Kings's Palace,19.092668,82.022317,4.1,"museum, point_of_interest, establishment",museum,Chhattisgarh,Winter,Bastar,34
Madiya para,18.9856439,82.024377,4.5,"museum, point_of_interest, establishment",museum,Chhattisgarh,Winter,Bastar,4
Mavliguda Mata Mandir,19.0501959,81.96855389999999,3.1,"museum, point_of_interest, establishment",museum,Chhattisgarh,Winter,Bastar,15
Samadu kakalgur,18.8638937,81.9084837,3.8,"museum, point_of_interest, establishment",museum,Chhattisgarh,Winter,Bastar,4
Karpawand Dongriguda rood,19.3548238,82.07656639999999,0,"museum, point_of_interest, establishment",museum,Chhattisgarh,Winter,Bastar,0
Chitradhara Waterfall,19.1060839,81.87889369999999,4.1,"tourist_attraction, point_of_interest, establishment",museum,Chhattisgarh,Winter,Bastar,999
Ganga Munda Park,19.0740573,82.0091904,3.7,"park, tourist_attraction, point_of_interest, establishment",museum,Chhattisgarh,Winter,Bastar,100
Bhattacharya Art Museum,19.0830137,82.0287726,5,"furniture_store, home_goods_store, store, point_of_interest, establishment",museum,Chhattisgarh,Winter,Bastar,16
Mandwa Waterfall,18.990641,81.79298159999999,4.2,"tourist_attraction, point_of_interest, establishment",museum,Chhattisgarh,Winter,Bastar,234
Aasna Park,19.1206285,82.032584,3.5,"park, point_of_interest, establishment",museum,Chhattisgarh,Winter,Bastar,122
"Bastar Art Gallery, Jagdalpur",19.0930802,82.0198636,4,"art_gallery, point_of_interest, establishment",museum,Chhattisgarh,Winter,Bastar,29
SONA TARAI SEONI (सोना तरई सिवनी)(TALAB),19.2783031,81.8189225,0,"museum, point_of_interest, establishment",museum,Chhattisgarh,Winter,Bastar,0
Shiv Ganga Waterfall,18.9219587,81.81131239999999,4.6,"tourist_attraction, point_of_interest, establishment",waterfalls,Chhattisgarh,Monsoon,Bastar,17
Mandwa Waterfall,18.990641,81.79298159999999,4.2,"tourist_attraction, point_of_interest, establishment",waterfalls,Chhattisgarh,Monsoon,Bastar,234
Chitradhara Waterfall,19.1060839,81.87889369999999,4.1,"tourist_attraction, point_of_interest, establishment",waterfalls,Chhattisgarh,Monsoon,Bastar,999
Gulmi Waterfall,18.9738453,82.2621831,4,"tourist_attraction, point_of_interest, establishment",waterfalls,Chhattisgarh,Monsoon,Bastar,121
Shivganga waterfall,18.9134576,81.8653697,4.2,"tourist_attraction, point_of_interest, establishment",waterfalls,Chhattisgarh,Monsoon,Bastar,78
Tirathgarh Waterfall,18.9139499,81.8651088,4.6,"tourist_attraction, park, point_of_interest, establishment",waterfalls,Chhattisgarh,Monsoon,Bastar,8325
Alwa Dongripara waterfall,18.9523663,81.7722196,4.3,"park, point_of_interest, establishment",waterfalls,Chhattisgarh,Monsoon,Bastar,16
Majur tondri waterfall kalliguda,18.985971,81.81092699999999,3.9,"tourist_attraction, point_of_interest, establishment",waterfalls,Chhattisgarh,Monsoon,Bastar,8
Kundruk Waterfall,18.8962247,81.8509297,4.3,"park, point_of_interest, establishment",waterfalls,Chhattisgarh,Monsoon,Bastar,18
Burungpal Badeng waterfall बुरूंगपाल बाड़ेगं जलप्रपात,19.0268812,81.75756100000001,1,"tourist_attraction, point_of_interest, establishment",waterfalls,Chhattisgarh,Monsoon,Bastar,1
Udali Bahar,18.9820706,81.8098315,4.8,"tourist_attraction, point_of_interest, establishment",waterfalls,Chhattisgarh,Monsoon,Bastar,9
Chitrakut waterfall,19.0861377,82.0188426,5,"park, point_of_interest, establishment",waterfalls,Chhattisgarh,Monsoon,Bastar,1
Kanger Dhara,18.8740844,81.9232534,4.3,"tourist_attraction, park, point_of_interest, establishment",waterfalls,Chhattisgarh,Monsoon,Bastar,325
Chhota mandawa waterfall,19.0016875,81.80143749999999,5,"tourist_attraction, point_of_interest, establishment",waterfalls,Chhattisgarh,Monsoon,Bastar,3
Tirathgarh Natural Park,18.914078,81.86443729999999,4.6,"park, point_of_interest, establishment",waterfalls,Chhattisgarh,Monsoon,Bastar,649
Gulmi Natural Park,18.9704303,82.25892209999999,4.1,"park, point_of_interest, establishment",waterfalls,Chhattisgarh,Monsoon,Bastar,191
"Katriguda Water Fall ,Ramgiri Bagdhiri road",18.8790245,82.290584,3,"tourist_attraction, point_of_interest, establishment",waterfalls,Chhattisgarh,Monsoon,Bastar,2
KHADAK GHAAT,19.3688904,81.8981706,3.6,"park, point_of_interest, establishment",beaches,Chhattisgarh,Summer,Bastar,7
Ganga Munda Park,19.0740573,82.0091904,3.7,"park, tourist_attraction, point_of_interest, establishment",beaches,Chhattisgarh,Summer,Bastar,100
Gulmi Natural Park,18.9704303,82.25892209999999,4.1,"park, point_of_interest, establishment",beaches,Chhattisgarh,Summer,Bastar,191
Mstank Beach,19.116933,82.010378,0,"point_of_interest, establishment",beaches,Chhattisgarh,Summer,Bastar,0
Gulmi Waterfall,18.9738453,82.2621831,4,"tourist_attraction, point_of_interest, establishment",beaches,Chhattisgarh,Summer,Bastar,121
Kotumsar Cave,18.9066382,81.9050496,4.4,"tourist_attraction, point_of_interest, establishment",beaches,Chhattisgarh,Summer,Bastar,583
Destination Redefined,19.0874506,82.026449,4.8,"travel_agency, point_of_interest, establishment",beaches,Chhattisgarh,Summer,Bastar,118
Lamni Park jagdalpur,19.0594021,82.02640939999999,4,"park, point_of_interest, establishment",zoo,Chhattisgarh,Winter,Bastar,516
Lalbagh Park jagdalpur,19.0881966,82.0312848,3.9,"park, tourist_attraction, point_of_interest, establishment",zoo,Chhattisgarh,Winter,Bastar,1015
"Saheed Park Nehru Bal Udyan, Jagdalpur",19.0834458,82.03015789999999,3.8,"park, point_of_interest, establishment",zoo,Chhattisgarh,Winter,Bastar,3634
Netaji Subhash Park,19.083123,82.0291323,2,"park, point_of_interest, establishment",zoo,Chhattisgarh,Winter,Bastar,2
Sun Temple Jagdalpur,19.0823328,82.0366037,4.2,"hindu_temple, place_of_worship, point_of_interest, establishment",temples,Chhattisgarh,All Seasons,Bastar,31
Shiv Temple Bastar,19.2122054,81.9327186,4.4,"hindu_temple, place_of_worship, point_of_interest, establishment",temples,Chhattisgarh,All Seasons,Bastar,65
SIDMUR TEMPLE,18.9479576,82.0471558,4.8,"hindu_temple, place_of_worship, point_of_interest, establishment",temples,Chhattisgarh,All Seasons,Bastar,4
Sai Temple,19.0902631,82.0042125,4.4,"hindu_temple, place_of_worship, point_of_interest, establishment",temples,Chhattisgarh,All Seasons,Bastar,159
Narayanpal Vishnu Mandir,19.1996916,81.7402996,4.6,"hindu_temple, place_of_worship, point_of_interest, establishment",temples,Chhattisgarh,All Seasons,Bastar,128
Balaji Temple - Jagdalpur,19.0907411,82.0103857,4.6,"hindu_temple, tourist_attraction, place_of_worship, point_of_interest, establishment",temples,Chhattisgarh,All Seasons,Bastar,1079
Jagannath Temple,19.0905916,82.0232967,4.4,"hindu_temple, place_of_worship, point_of_interest, establishment",temples,Chhattisgarh,All Seasons,Bastar,75
Shiv Temple,19.0964704,82.0128965,4.4,"hindu_temple, place_of_worship, point_of_interest, establishment",temples,Chhattisgarh,All Seasons,Bastar,19
Gayatri Temple,19.0887553,82.0099458,4.1,"hindu_temple, place_of_worship, point_of_interest, establishment",temples,Chhattisgarh,All Seasons,Bastar,37
Durga Temple,19.0745983,82.01959509999999,4.2,"hindu_temple, place_of_worship, point_of_interest, establishment",temples,Chhattisgarh,All Seasons,Bastar,71
Ayyappa Mandir,19.075011,82.02722109999999,4.5,"hindu_temple, place_of_worship, point_of_interest, establishment",temples,Chhattisgarh,All Seasons,Bastar,18
Lord Ganesh temple,18.9479238,81.902463,5,"hindu_temple, place_of_worship, point_of_interest, establishment",temples,Chhattisgarh,All Seasons,Bastar,1
नारायणपाल मंदिर,19.1996897,81.7402671,4.4,"hindu_temple, place_of_worship, point_of_interest, establishment",temples,Chhattisgarh,All Seasons,Bastar,85
Hanuman Temple,19.091134,82.0224033,4.8,"hindu_temple, place_of_worship, point_of_interest, establishment",temples,Chhattisgarh,All Seasons,Bastar,10
KRISHNA TEMPLE ASNA NH30,19.1179833,82.0240745,4.5,"hindu_temple, place_of_worship, point_of_interest, establishment",temples,Chhattisgarh,All Seasons,Bastar,19
SHIV TEMPLE PIKADDHANUA,19.2552291,82.1659863,3,"hindu_temple, place_of_worship, point_of_interest, establishment",temples,Chhattisgarh,All Seasons,Bastar,10
Bhadrakali Temple,19.1648206,82.1171528,4.7,"hindu_temple, place_of_worship, point_of_interest, establishment",temples,Chhattisgarh,All Seasons,Bastar,3
Sai Temple,19.0776493,82.0281318,4.1,"hindu_temple, place_of_worship, point_of_interest, establishment",temples,Chhattisgarh,All Seasons,Bastar,27
Baalaji Mandir,19.0900315,82.0165275,4.5,"hindu_temple, place_of_worship, point_of_interest, establishment",temples,Chhattisgarh,All Seasons,Bastar,19
Jalaram Bapa Mandir,19.0810053,82.03186690000001,4.6,"hindu_temple, place_of_worship, point_of_interest, establishment",temples,Chhattisgarh,All Seasons,Bastar,33
hindu temple,19.0669694,82.06518249999999,5,"hindu_temple, place_of_worship, point_of_interest, establishment",temples,Chhattisgarh,All Seasons,Bastar,3
Temple,19.2072971,81.7396626,5,"hindu_temple, place_of_worship, point_of_interest, establishment",temples,Chhattisgarh,All Seasons,Bastar,1
Shiv Mandir,19.0880156,82.02398939999999,4.8,"hindu_temple, place_of_worship, point_of_interest, establishment",temples,Chhattisgarh,All Seasons,Bastar,10
Shiv Temple,19.0757183,82.0158245,4.2,"hindu_temple, place_of_worship, point_of_interest, establishment",temples,Chhattisgarh,All Seasons,Bastar,17
manuman temple,19.2024168,81.9310114,4.7,"hindu_temple, place_of_worship, point_of_interest, establishment",temples,Chhattisgarh,All Seasons,Bastar,3
Hinglajin Mata Temple,19.1266249,82.0043324,4.8,"hindu_temple, place_of_worship, point_of_interest, establishment",temples,Chhattisgarh,All Seasons,Bastar,15
Viswakarma Temple Jagdalpur,19.199709,81.740471,5,"hindu_temple, place_of_worship, point_of_interest, establishment",temples,Chhattisgarh,All Seasons,Bastar,5
Shiv Temple Churahandi,19.2955992,82.2380073,5,"hindu_temple, place_of_worship, point_of_interest, establishment",temples,Chhattisgarh,All Seasons,Bastar,1
Hanuman Temple,19.0709152,82.0571275,4.4,"hindu_temple, place_of_worship, point_of_interest, establishment",temples,Chhattisgarh,All Seasons,Bastar,38
"Temple, Girola",19.3295467,82.161191,4.6,"hindu_temple, place_of_worship, point_of_interest, establishment",temples,Chhattisgarh,All Seasons,Bastar,171
Kornakotiani Temple,19.3003325,82.28953489999999,5,"hindu_temple, place_of_worship, point_of_interest, establishment",temples,Chhattisgarh,All Seasons,Bastar,1
Kandapuri sivo temple,19.2955685,82.2893706,5,"hindu_temple, place_of_worship, point_of_interest, establishment",temples,Chhattisgarh,All Seasons,Bastar,2
Ganesh temple,19.0748853,82.02081969999999,4.5,"hindu_temple, place_of_worship, point_of_interest, establishment",temples,Chhattisgarh,All Seasons,Bastar,6
Hanuman Temple,19.1063098,82.0231597,4.3,"hindu_temple, place_of_worship, point_of_interest, establishment",temples,Chhattisgarh,All Seasons,Bastar,6
Lord Shiv Temple,19.2772397,82.235302,3.6,"hindu_temple, place_of_worship, point_of_interest, establishment",temples,Chhattisgarh,All Seasons,Bastar,8
Mahadev Mandir,19.108801,81.996801,4.1,"hindu_temple, place_of_worship, point_of_interest, establishment",temples,Chhattisgarh,All Seasons,Bastar,13
Shiva Temple,18.9905027,81.7839738,5,"hindu_temple, place_of_worship, point_of_interest, establishment",temples,Chhattisgarh,All Seasons,Bastar,2
Maa Kali Temple,19.0691537,82.0176232,4.3,"hindu_temple, place_of_worship, point_of_interest, establishment",temples,Chhattisgarh,All Seasons,Bastar,6
Barah Bhuja Narsingh Nath Temple(बारह भुजा नरसिंह नाथ मंदिर),19.1065591,82.0225991,0,"hindu_temple, place_of_worship, point_of_interest, establishment",temples,Chhattisgarh,All Seasons,Bastar,0
Shiva Temple,19.2849936,82.2319411,3.5,"hindu_temple, place_of_worship, point_of_interest, establishment",temples,Chhattisgarh,All Seasons,Bastar,2
Shiv Temple Devda,19.0779135,82.0911543,3.8,"hindu_temple, place_of_worship, point_of_interest, establishment",temples,Chhattisgarh,All Seasons,Bastar,18
Hinglajin Mandir,19.0805081,82.0246863,4.2,"hindu_temple, place_of_worship, point_of_interest, establishment",temples,Chhattisgarh,All Seasons,Bastar,47
Prachin Shiv Mandir,19.1354384,81.7428577,4,"hindu_temple, place_of_worship, point_of_interest, establishment",temples,Chhattisgarh,All Seasons,Bastar,12
RAM TEMPLE,19.0705458,82.01704509999999,4.1,"hindu_temple, place_of_worship, point_of_interest, establishment",temples,Chhattisgarh,All Seasons,Bastar,9
Laxminarayan Temple,19.0993437,82.02395829999999,4.5,"hindu_temple, place_of_worship, point_of_interest, establishment",temples,Chhattisgarh,All Seasons,Bastar,17
"POND & BAJRANGBALI MANDIR ""CHAPKA""",19.2906402,81.88319589999999,4.2,"hindu_temple, place_of_worship, point_of_interest, establishment",temples,Chhattisgarh,All Seasons,Bastar,15
Shiv mandir,19.1183337,82.0107628,4.5,"hindu_temple, place_of_worship, point_of_interest, establishment",temples,Chhattisgarh,All Seasons,Bastar,2
Hanuman Temple,19.0676505,82.02111029999999,4.1,"hindu_temple, place_of_worship, point_of_interest, establishment",temples,Chhattisgarh,All Seasons,Bastar,35
Alekha Mahima Temple,19.1966311,82.2540607,4.5,"hindu_temple, place_of_worship, point_of_interest, establishment",temples,Chhattisgarh,All Seasons,Bastar,4
मंदिर,18.9474305,81.9390818,4.5,"hindu_temple, place_of_worship, point_of_interest, establishment",temples,Chhattisgarh,All Seasons,Bastar,2
Bhangaram lord Shiva temple,19.0883652,82.03104499999999,3.6,"hindu_temple, place_of_worship, point_of_interest, establishment",temples,Chhattisgarh,All Seasons,Bastar,15
Mahalingeshwaram Temple,19.0205159,81.82460979999999,3.9,"hindu_temple, place_of_worship, point_of_interest, establishment",temples,Chhattisgarh,All Seasons,Bastar,7
Hinglajin Mandir,19.0780739,82.00114119999999,4.3,"hindu_temple, place_of_worship, point_of_interest, establishment",temples,Chhattisgarh,All Seasons,Bastar,12
Trinath temple,19.2026165,82.21443099999999,4,"hindu_temple, place_of_worship, point_of_interest, establishment",temples,Chhattisgarh,All Seasons,Bastar,1
Ramdev Mandir / Sankar Mandir,19.0777226,82.0332593,4.3,"hindu_temple, place_of_worship, point_of_interest, establishment",temples,Chhattisgarh,All Seasons,Bastar,28
Maa Danteshwari Mandir Jagdalpur,19.0914992,82.0221565,4.6,"hindu_temple, place_of_worship, point_of_interest, establishment",temples,Chhattisgarh,All Seasons,Bastar,2159
Shiv Mandir,19.1921092,81.7952954,4.3,"hindu_temple, place_of_worship, point_of_interest, establishment",temples,Chhattisgarh,All Seasons,Bastar,8
Shiv Mandir (Madhota),19.2499161,81.8340884,4.3,"hindu_temple, place_of_worship, point_of_interest, establishment",temples,Chhattisgarh,All Seasons,Bastar,4
🏰HANUMAN MANDIR🏰,19.2382067,81.9088101,4,"hindu_temple, place_of_worship, point_of_interest, establishment",temples,Chhattisgarh,All Seasons,Bastar,9
Shri Ram Mandir,19.0950335,82.0220683,4.3,"hindu_temple, place_of_worship, point_of_interest, establishment",temples,Chhattisgarh,All Seasons,Bastar,8
Michnar Hill station,19.062474,81.73042199999999,4.4,"tourist_attraction, point_of_interest, establishment",hills,Chhattisgarh,Winter,Bastar,60
Hill station,18.9602183,81.7543367,0,"tourist_attraction, point_of_interest, establishment",hills,Chhattisgarh,Winter,Bastar,0
seven hill hospital,19.1449325,82.0136684,0,"hospital, health, point_of_interest, establishment",hills,Chhattisgarh,Winter,Bastar,0
Muchnar peak/ paraglid site,19.0760544,81.7200933,0,"park, point_of_interest, establishment",hills,Chhattisgarh,Winter,Bastar,0
मिच्नर हिल टोप,19.0599687,81.73201870000001,4.4,"place_of_worship, point_of_interest, establishment",hills,Chhattisgarh,Winter,Bastar,8
Magar Pakhna,19.0622481,81.7304884,4.7,"hindu_temple, place_of_worship, point_of_interest, establishment",hills,Chhattisgarh,Winter,Bastar,33
Michnar,19.0441145,81.7294702,No rating,"locality, political",hills,Chhattisgarh,Winter,Bastar,0
Atul Kiseotta,19.0812726,82.0426657,0,"tourist_attraction, point_of_interest, establishment",hills,Chhattisgarh,Winter,Bastar,0
Sundial Clock,19.087306,82.03544049999999,1,"tourist_attraction, point_of_interest, establishment",hills,Chhattisgarh,Winter,Bastar,1
NMDC Iron And Steel Plant,19.0932543,82.1704264,4.1,"point_of_interest, establishment",hills,Chhattisgarh,Winter,Bastar,294
Tirathgarh Waterfall,18.9139499,81.8651088,4.6,"tourist_attraction, park, point_of_interest, establishment",attraction,Chhattisgarh,All Seasons,Bastar,8325
Kailash Cave,18.8445072,81.99157570000001,4.4,"tourist_attraction, point_of_interest, establishment",attraction,Chhattisgarh,All Seasons,Bastar,129
Kanger Dhara,18.8740844,81.9232534,4.3,"tourist_attraction, park, point_of_interest, establishment",attraction,Chhattisgarh,All Seasons,Bastar,325
Ghumar Munda - Picnic Spot Bastar,19.163663,81.986935,3.7,"tourist_attraction, point_of_interest, establishment",attraction,Chhattisgarh,All Seasons,Bastar,36
Chitradhara Waterfall,19.1060839,81.87889369999999,4.1,"tourist_attraction, point_of_interest, establishment",attraction,Chhattisgarh,All Seasons,Bastar,999
DHURWA,19.0887704,82.023884,3.8,"tourist_attraction, point_of_interest, establishment",attraction,Chhattisgarh,All Seasons,Bastar,38
Dandak Cave,18.9010795,81.9111738,4.1,"tourist_attraction, point_of_interest, establishment",attraction,Chhattisgarh,All Seasons,Bastar,30
Kotumsar Cave,18.9066382,81.9050496,4.4,"tourist_attraction, point_of_interest, establishment",attraction,Chhattisgarh,All Seasons,Bastar,583
Gulmi Waterfall,18.9738453,82.2621831,4,"tourist_attraction, point_of_interest, establishment",attraction,Chhattisgarh,All Seasons,Bastar,121
Michnar Hill station,19.062474,81.73042199999999,4.4,"tourist_attraction, point_of_interest, establishment",attraction,Chhattisgarh,All Seasons,Bastar,60
Mangnar Talab,18.9506885,81.88875949999999,3.8,"tourist_attraction, point_of_interest, establishment",attraction,Chhattisgarh,All Seasons,Bastar,4
Shivganga waterfall,18.9134576,81.8653697,4.2,"tourist_attraction, point_of_interest, establishment",attraction,Chhattisgarh,All Seasons,Bastar,78
Bijaput damn,19.1326764,82.16296109999999,3,"tourist_attraction, point_of_interest, establishment",attraction,Chhattisgarh,All Seasons,Bastar,3
घुड़सा(कपारी),19.2149124,81.7206628,0,"tourist_attraction, point_of_interest, establishment",attraction,Chhattisgarh,All Seasons,Bastar,0
Mt sargipal,19.0621539,81.95911219999999,2,"tourist_attraction, point_of_interest, establishment",attraction,Chhattisgarh,All Seasons,Bastar,1
Kadam munda,19.0750174,82.2201237,5,"tourist_attraction, point_of_interest, establishment",attraction,Chhattisgarh,All Seasons,Bastar,1
"Katriguda Water Fall ,Ramgiri Bagdhiri road",18.8790245,82.290584,3,"tourist_attraction, point_of_interest, establishment",attraction,Chhattisgarh,All Seasons,Bastar,2
Burungpal Badeng waterfall बुरूंगपाल बाड़ेगं जलप्रपात,19.0268812,81.75756100000001,1,"tourist_attraction, point_of_interest, establishment",attraction,Chhattisgarh,All Seasons,Bastar,1
Ganga Munda Park,19.0740573,82.0091904,3.7,"park, tourist_attraction, point_of_interest, establishment",attraction,Chhattisgarh,All Seasons,Bastar,100
Khandapuri river bridge,19.3039701,82.2911469,0,"tourist_attraction, point_of_interest, establishment",attraction,Chhattisgarh,All Seasons,Bastar,0
Mandwa Waterfall,18.990641,81.79298159999999,4.2,"tourist_attraction, point_of_interest, establishment",attraction,Chhattisgarh,All Seasons,Bastar,234
Kumarawand Dam,19.1031927,81.9537216,4.2,"tourist_attraction, point_of_interest, establishment",attraction,Chhattisgarh,All Seasons,Bastar,107
Shiv Ganga Waterfall,18.9219587,81.81131239999999,4.6,"tourist_attraction, point_of_interest, establishment",attraction,Chhattisgarh,All Seasons,Bastar,17
Nahar munda,19.0075437,82.0126789,4,"tourist_attraction, point_of_interest, establishment",attraction,Chhattisgarh,All Seasons,Bastar,2
"Taraiguda, Chhattisgarh",18.9878204,81.8613869,3.6,"tourist_attraction, point_of_interest, establishment",attraction,Chhattisgarh,All Seasons,Bastar,11
Long & highest Bridge,19.3736295,81.9017897,5,"tourist_attraction, point_of_interest, establishment",attraction,Chhattisgarh,All Seasons,Bastar,5
Chhepraguda- Indrawati flood zone,19.1063491,82.0392717,3,"tourist_attraction, point_of_interest, establishment",attraction,Chhattisgarh,All Seasons,Bastar,2
Topar,18.909126,81.9452981,4,"tourist_attraction, point_of_interest, establishment",attraction,Chhattisgarh,All Seasons,Bastar,4
SAHANIMUNDA[MIP DAM],19.0975125,82.2800469,5,"tourist_attraction, point_of_interest, establishment",attraction,Chhattisgarh,All Seasons,Bastar,3
Lalbagh Park jagdalpur,19.0881966,82.0312848,3.9,"park, tourist_attraction, point_of_interest, establishment",attraction,Chhattisgarh,All Seasons,Bastar,1015
gadya talab,19.371516,82.1289195,4.5,"tourist_attraction, point_of_interest, establishment",attraction,Chhattisgarh,All Seasons,Bastar,2
Mandarkonta Cave,18.933846,81.8585341,4.5,"tourist_attraction, point_of_interest, establishment",attraction,Chhattisgarh,All Seasons,Bastar,26
Madarkonta ( KOSAM JODI GUPHA CHOAK),18.9365238,81.8534778,5,"tourist_attraction, point_of_interest, establishment",attraction,Chhattisgarh,All Seasons,Bastar,2
Udali Bahar,18.9820706,81.8098315,4.8,"tourist_attraction, point_of_interest, establishment",attraction,Chhattisgarh,All Seasons,Bastar,9
ULNAR LAKE,19.1852838,82.1257418,0,"tourist_attraction, point_of_interest, establishment",attraction,Chhattisgarh,All Seasons,Bastar,0
Farsaguda Chaok,19.3480904,81.81794289999999,3.5,"tourist_attraction, point_of_interest, establishment",attraction,Chhattisgarh,All Seasons,Bastar,4
Mini Goa in chatrakut,19.1501101,81.7581928,0,"tourist_attraction, point_of_interest, establishment",attraction,Chhattisgarh,All Seasons,Bastar,0
Keda jhola intul,18.9182263,81.7166026,4.2,"tourist_attraction, point_of_interest, establishment",attraction,Chhattisgarh,All Seasons,Bastar,5
Majur tondri waterfall kalliguda,18.985971,81.81092699999999,3.9,"tourist_attraction, point_of_interest, establishment",attraction,Chhattisgarh,All Seasons,Bastar,8
"Anthropological Survey of India, Government of India",19.0952943,81.995426,4.2,"museum, tourist_attraction, point_of_interest, establishment",attraction,Chhattisgarh,All Seasons,Bastar,765
"Dulhani Farm House, Titirgaon",19.1285481,81.9752125,4,"tourist_attraction, point_of_interest, establishment",attraction,Chhattisgarh,All Seasons,Bastar,2
Nahar munda,19.1737103,82.15020720000001,0,"tourist_attraction, point_of_interest, establishment",attraction,Chhattisgarh,All Seasons,Bastar,0
Mahesh Sagar Handicraft Producer,18.9630449,82.0104111,4.8,"tourist_attraction, point_of_interest, establishment",attraction,Chhattisgarh,All Seasons,Bastar,4
Raja munda,19.171059,82.1568983,0,"tourist_attraction, point_of_interest, establishment",attraction,Chhattisgarh,All Seasons,Bastar,0
Chhota mandawa waterfall,19.0016875,81.80143749999999,5,"tourist_attraction, point_of_interest, establishment",attraction,Chhattisgarh,All Seasons,Bastar,3
"Bamboo rafting , kayaking tirathgarh",18.9187509,81.8602343,0,"tourist_attraction, point_of_interest, establishment",attraction,Chhattisgarh,All Seasons,Bastar,0
Duganpal charama chowk,19.0096768,81.8497062,0,"tourist_attraction, point_of_interest, establishment",attraction,Chhattisgarh,All Seasons,Bastar,0
Nawagarh Park,21.9105692,81.60065039999999,3.9,"park, point_of_interest, establishment",parks,Chhattisgarh,Spring,Bemetara,154
Woodland Park,21.4863668,81.3327618,4.1,"park, point_of_interest, establishment",parks,Chhattisgarh,Spring,Bemetara,12
Bajrang Garden,21.496273,81.77050059999999,4.4,"park, point_of_interest, establishment",parks,Chhattisgarh,Spring,Bemetara,69
Verma park,21.8747202,81.74932319999999,0,"park, point_of_interest, establishment",parks,Chhattisgarh,Spring,Bemetara,0
कृष्ण कुन्ज,21.4583821,81.33139919999999,0,"park, point_of_interest, establishment",parks,Chhattisgarh,Spring,Bemetara,0
मुक्तिधाम,21.6379084,81.456197,5,"park, point_of_interest, establishment",parks,Chhattisgarh,Spring,Bemetara,3
गौठान स्थल भिनपुरी,21.6815456,81.4994128,5,"park, point_of_interest, establishment",parks,Chhattisgarh,Spring,Bemetara,2
Park,21.74891,81.5597025,0,"park, point_of_interest, establishment",parks,Chhattisgarh,Spring,Bemetara,0
Bird Watching Point - Gidhwa Tank 1,21.8424355,81.7754195,4,"park, point_of_interest, establishment",parks,Chhattisgarh,Spring,Bemetara,33
मुक्तिधाम सलधा,21.6231404,81.4555312,3.7,"park, point_of_interest, establishment",parks,Chhattisgarh,Spring,Bemetara,3
Rathor,21.7256081,81.6482281,5,"park, point_of_interest, establishment",parks,Chhattisgarh,Spring,Bemetara,1
New bus stand garden.,21.7199522,81.5352085,2.9,"park, point_of_interest, establishment",parks,Chhattisgarh,Spring,Bemetara,23
Kaai Talab Bazar Para Bemetara,21.7155027,81.53181049999999,0,"park, point_of_interest, establishment",parks,Chhattisgarh,Spring,Bemetara,0
Visnusagar Talab Mohda Road,21.4942524,81.6940382,3,"park, point_of_interest, establishment",parks,Chhattisgarh,Spring,Bemetara,1
Bilai national park,21.7589601,81.55984289999999,5,"park, point_of_interest, establishment",parks,Chhattisgarh,Spring,Bemetara,2
thakur talab,21.6366926,81.27069879999999,4,"park, point_of_interest, establishment",parks,Chhattisgarh,Spring,Bemetara,2
Eden Garden Surki,21.86717,81.5320117,5,"park, point_of_interest, establishment",parks,Chhattisgarh,Spring,Bemetara,1
Mahendra verma ji,21.8470749,81.79769019999999,4.3,"park, point_of_interest, establishment",parks,Chhattisgarh,Spring,Bemetara,3
Gauthan Otgan,21.6070352,81.7600125,4,"park, point_of_interest, establishment",parks,Chhattisgarh,Spring,Bemetara,1
J. D. Form Haus,21.7321823,81.3380427,5,"park, point_of_interest, establishment",parks,Chhattisgarh,Spring,Bemetara,1
Valentine nursery,21.4854141,81.3272937,2.5,"park, point_of_interest, establishment",parks,Chhattisgarh,Spring,Bemetara,2
Virendra Snake Catcher,21.4408614,81.6747295,4.4,"park, point_of_interest, establishment",parks,Chhattisgarh,Spring,Bemetara,8
Talab binaika,21.5878185,81.74813270000001,5,"park, point_of_interest, establishment",parks,Chhattisgarh,Spring,Bemetara,1
Shree Venkateshwara Farms,21.5349555,81.7019705,5,"park, point_of_interest, establishment",parks,Chhattisgarh,Spring,Bemetara,1
Chherchhera Punni Mela,21.6612481,81.674381,5,"park, point_of_interest, establishment",parks,Chhattisgarh,Spring,Bemetara,1
Premsagar Patel,21.7341567,81.407805,4.3,"park, point_of_interest, establishment",parks,Chhattisgarh,Spring,Bemetara,3
Vikram sahu,21.8470021,81.8014158,5,"park, point_of_interest, establishment",parks,Chhattisgarh,Spring,Bemetara,2
Somnath Garden And Children Play Ground,21.5663857,81.66933739999999,4.3,"park, point_of_interest, establishment",parks,Chhattisgarh,Spring,Bemetara,14
Bandha talab,21.7245603,81.5330919,4.2,"park, point_of_interest, establishment",parks,Chhattisgarh,Spring,Bemetara,5
नवधा रामायण चौक गैंदपुर,21.8653291,81.3322867,5,"park, point_of_interest, establishment",parks,Chhattisgarh,Spring,Bemetara,1
MANDAL CHAUK,21.4831793,81.61465919999999,3,"park, point_of_interest, establishment",parks,Chhattisgarh,Spring,Bemetara,1
shahid dhananjay rajput smriti park,21.9580455,81.7289388,4.2,"park, point_of_interest, establishment",parks,Chhattisgarh,Spring,Bemetara,78
Patel farms,21.7083322,81.4028368,4.8,"park, point_of_interest, establishment",parks,Chhattisgarh,Spring,Bemetara,5
Mirrey Krishi From,21.8302039,81.8091201,5,"park, point_of_interest, establishment",parks,Chhattisgarh,Spring,Bemetara,2
Samudayik Bhawan Simga,21.629624,81.708779,5,"campground, lodging, park, point_of_interest, establishment",parks,Chhattisgarh,Spring,Bemetara,2
Tala Gano,21.6721929,81.59431119999999,4,"park, point_of_interest, establishment",parks,Chhattisgarh,Spring,Bemetara,8
Vinod pandit,21.4303014,81.5496039,5,"park, point_of_interest, establishment",parks,Chhattisgarh,Spring,Bemetara,1
Mohbhattha Garden,21.7175096,81.5492945,3.8,"park, point_of_interest, establishment",parks,Chhattisgarh,Spring,Bemetara,200
Ram krishi farm,21.4919767,81.5323669,3.5,"park, point_of_interest, establishment",parks,Chhattisgarh,Spring,Bemetara,8
Hi. Home,21.536579,81.7995085,5,"park, point_of_interest, establishment",parks,Chhattisgarh,Spring,Bemetara,1
Bade tariya mohgaon,21.5705395,81.8111344,5,"park, point_of_interest, establishment",parks,Chhattisgarh,Spring,Bemetara,1
डबरी तालाब,21.7139581,81.6852691,0,"park, point_of_interest, establishment",parks,Chhattisgarh,Spring,Bemetara,0
Gaurishanker home park,21.8197055,81.5283129,0,"park, point_of_interest, establishment",parks,Chhattisgarh,Spring,Bemetara,0
Bhanu kanwar,21.783726,81.3811839,0,"park, point_of_interest, establishment",parks,Chhattisgarh,Spring,Bemetara,0
Ishan 🇮🇳,21.5366875,81.3553125,0,"park, point_of_interest, establishment",parks,Chhattisgarh,Spring,Bemetara,0
रामा बाडी नेवधा,21.612656,81.8223521,0,"park, point_of_interest, establishment",parks,Chhattisgarh,Spring,Bemetara,0
Bade tariya,21.5065587,81.45695409999999,0,"park, point_of_interest, establishment",parks,Chhattisgarh,Spring,Bemetara,0
Kukargoan,21.7640179,81.3406153,2,"park, point_of_interest, establishment",parks,Chhattisgarh,Spring,Bemetara,1
Balsamud (Ajay,21.7243461,81.6498398,0,"park, point_of_interest, establishment",parks,Chhattisgarh,Spring,Bemetara,0
हाफ नदी,21.81334,81.7151449,3,"park, point_of_interest, establishment",parks,Chhattisgarh,Spring,Bemetara,10
टुपेंद्र बाड़ी नेवधा,21.6018357,81.8206127,0,"park, point_of_interest, establishment",parks,Chhattisgarh,Spring,Bemetara,0
baikunth dham(company garden),21.4934376,81.7896087,0,"park, point_of_interest, establishment",parks,Chhattisgarh,Spring,Bemetara,0
Vikram Dahire,21.9391989,81.4963182,0,"park, point_of_interest, establishment",parks,Chhattisgarh,Spring,Bemetara,0
कार्यालय रक्षित आरक्षी केन्र्द बेमेतरा छत्तीसगढ़,21.7447595,81.52980149999999,3.5,"park, point_of_interest, establishment",parks,Chhattisgarh,Spring,Bemetara,33
सह्याद्री नृसिंह देवराई,21.6670491,81.6599138,0,"park, point_of_interest, establishment",parks,Chhattisgarh,Spring,Bemetara,0
Surhi Shivnath Sangam,21.5294365,81.37442519999999,0,"park, point_of_interest, establishment",parks,Chhattisgarh,Spring,Bemetara,0
YADU JI,21.530195,81.806039,0,"park, point_of_interest, establishment",parks,Chhattisgarh,Spring,Bemetara,0
आम का बागिचा,21.5152785,81.4647181,5,"park, point_of_interest, establishment",parks,Chhattisgarh,Spring,Bemetara,1
Lotus garden,21.493593,81.78940279999999,5,"park, point_of_interest, establishment",parks,Chhattisgarh,Spring,Bemetara,1
Agricultural Land personal,21.5350934,81.6968287,0,"park, point_of_interest, establishment",parks,Chhattisgarh,Spring,Bemetara,0
Hanuman Mandir Bartori,21.4218075,81.7800963,3.9,"museum, point_of_interest, establishment",museum,Chhattisgarh,Winter,Bemetara,7
Tilda neora,21.5606119,81.81330129999999,0,"museum, point_of_interest, establishment",museum,Chhattisgarh,Winter,Bemetara,0
MAA PARMESWARI MANDIR BMT,21.7021528,81.53223129999999,5,"hindu_temple, museum, place_of_worship, point_of_interest, establishment",museum,Chhattisgarh,Winter,Bemetara,1
जय श्री राम मानस परिवार सोमई खुर्द,21.7073571,81.2766291,5,"museum, point_of_interest, establishment",museum,Chhattisgarh,Winter,Bemetara,1
Hanuman Mandir,21.7890785,81.3833527,4.5,"museum, point_of_interest, establishment",museum,Chhattisgarh,Winter,Bemetara,4
Ram Mandir,21.946168,81.3075974,5,"museum, point_of_interest, establishment",museum,Chhattisgarh,Winter,Bemetara,3
CHAR MANDIR,21.7256811,81.31633269999999,5,"museum, point_of_interest, establishment",museum,Chhattisgarh,Winter,Bemetara,2
Sahu bhawan,21.4641964,81.5208398,0,"museum, point_of_interest, establishment",museum,Chhattisgarh,Winter,Bemetara,0
हमर सरार,21.7680181,81.7791025,0,"museum, point_of_interest, establishment",museum,Chhattisgarh,Winter,Bemetara,0
जय मां महामाया दाई मोहभटृठा,21.9328199,81.80496,0,"museum, point_of_interest, establishment",museum,Chhattisgarh,Winter,Bemetara,0
Aamha talab,21.9459349,81.6109769,0,"museum, point_of_interest, establishment",museum,Chhattisgarh,Winter,Bemetara,0
siv mandir,21.7957592,81.8012344,0,"museum, point_of_interest, establishment",museum,Chhattisgarh,Winter,Bemetara,0
यादव भवन,21.6712196,81.5889366,1,"museum, point_of_interest, establishment",museum,Chhattisgarh,Winter,Bemetara,1
Shiv mandir,21.4361069,81.7723,0,"museum, point_of_interest, establishment",museum,Chhattisgarh,Winter,Bemetara,0
Shiv mandir,21.5676733,81.6692767,0,"museum, point_of_interest, establishment",museum,Chhattisgarh,Winter,Bemetara,0
Brahmakumaris dhamdha,21.463357,81.3345695,5,"museum, point_of_interest, establishment",museum,Chhattisgarh,Winter,Bemetara,2
Sinha Saw Mill,21.7998837,81.3404625,3.8,"museum, point_of_interest, establishment",museum,Chhattisgarh,Winter,Bemetara,4
Durga Manch,21.5747236,81.4888005,1,"museum, point_of_interest, establishment",museum,Chhattisgarh,Winter,Bemetara,1
भार्गव प्राइवेट एम्बुलेंस सर्विस धमधा Ambulance,21.4838218,81.3313628,0,"health, point_of_interest, establishment",beaches,Chhattisgarh,Summer,Bemetara,0
शुभ गोट फार्म,21.67858,81.579697,0,"zoo, point_of_interest, establishment",zoo,Chhattisgarh,Winter,Bemetara,0
Shri Laxmi Narayan Temple Tilda,21.5428762,81.8017881,4.3,"hindu_temple, place_of_worship, point_of_interest, establishment",temples,Chhattisgarh,All Seasons,Bemetara,33
Temple,21.641486,81.2734554,3.6,"hindu_temple, place_of_worship, point_of_interest, establishment",temples,Chhattisgarh,All Seasons,Bemetara,16
Ma sitla temple,21.7874257,81.3838097,4.5,"hindu_temple, place_of_worship, point_of_interest, establishment",temples,Chhattisgarh,All Seasons,Bemetara,2
Shri Somnath Temple,21.5666746,81.66854409999999,4.4,"hindu_temple, tourist_attraction, place_of_worship, point_of_interest, establishment",temples,Chhattisgarh,All Seasons,Bemetara,1933
Hindu temple kechhwai,21.6681369,81.4450727,5,"hindu_temple, place_of_worship, point_of_interest, establishment",temples,Chhattisgarh,All Seasons,Bemetara,1
Somnath Temple Boating point (Shivnath-kharun Sangam),21.5675394,81.66793129999999,4.2,"tourist_attraction, point_of_interest, establishment",temples,Chhattisgarh,All Seasons,Bemetara,26
Shri Hanuman Ji Temple (स्वर्ग),21.5219054,81.4748935,5,"hindu_temple, place_of_worship, point_of_interest, establishment",temples,Chhattisgarh,All Seasons,Bemetara,2
RANBOUR TEMPLE BHURSUDA,21.525581,81.7503612,4.5,"hindu_temple, place_of_worship, point_of_interest, establishment",temples,Chhattisgarh,All Seasons,Bemetara,13
Baikuntheswar Temple,21.4958144,81.79057329999999,4.4,"hindu_temple, place_of_worship, point_of_interest, establishment",temples,Chhattisgarh,All Seasons,Bemetara,25
Bagdai Mata Mandir,21.6613922,81.6744302,4.1,"hindu_temple, place_of_worship, point_of_interest, establishment",temples,Chhattisgarh,All Seasons,Bemetara,15
Maa Banjari Temple Khapri,21.4618793,81.8167624,4.3,"hindu_temple, place_of_worship, point_of_interest, establishment",temples,Chhattisgarh,All Seasons,Bemetara,393
hindu temple,21.7908618,81.7626721,4,"hindu_temple, place_of_worship, point_of_interest, establishment",temples,Chhattisgarh,All Seasons,Bemetara,2
Temple,21.5826913,81.50589289999999,5,"hindu_temple, place_of_worship, point_of_interest, establishment",temples,Chhattisgarh,All Seasons,Bemetara,4
Satbahinya Temple,21.4528321,81.6316025,5,"hindu_temple, place_of_worship, point_of_interest, establishment",temples,Chhattisgarh,All Seasons,Bemetara,2
Mahadev Temple,21.5047609,81.5720718,5,"hindu_temple, place_of_worship, point_of_interest, establishment",temples,Chhattisgarh,All Seasons,Bemetara,2
Bahuran Dew Temple Nayapara Dadhi,21.8986862,81.46646849999999,3.9,"hindu_temple, place_of_worship, point_of_interest, establishment",temples,Chhattisgarh,All Seasons,Bemetara,9
Shree Raam Janki Temple,21.5386624,81.6080245,5,"hindu_temple, place_of_worship, point_of_interest, establishment",temples,Chhattisgarh,All Seasons,Bemetara,1
घुघ्घूस राजा मंदिर देवकर(Ghugghus raja temple),21.5679787,81.3172807,5,"hindu_temple, place_of_worship, point_of_interest, establishment",temples,Chhattisgarh,All Seasons,Bemetara,1
Mahamaya Temple Mohada,21.4974203,81.70870649999999,3.7,"hindu_temple, place_of_worship, point_of_interest, establishment",temples,Chhattisgarh,All Seasons,Bemetara,17
Shri Hanuman ji Temple,21.4716061,81.69099059999999,3.8,"hindu_temple, place_of_worship, point_of_interest, establishment",temples,Chhattisgarh,All Seasons,Bemetara,10
Hanuman Temple,21.5381854,81.5973155,2.9,"hindu_temple, place_of_worship, point_of_interest, establishment",temples,Chhattisgarh,All Seasons,Bemetara,7
Shani Dev Temple,21.7660104,81.7372436,3.4,"hindu_temple, place_of_worship, point_of_interest, establishment",temples,Chhattisgarh,All Seasons,Bemetara,7
Radha Krishna Temple,21.6165952,81.3149212,4,"hindu_temple, place_of_worship, point_of_interest, establishment",temples,Chhattisgarh,All Seasons,Bemetara,11
hanuman temple,21.6139636,81.4136022,2,"place_of_worship, point_of_interest, establishment",temples,Chhattisgarh,All Seasons,Bemetara,1
Siya Om Temple,21.4609111,81.3240697,4,"hindu_temple, place_of_worship, point_of_interest, establishment",temples,Chhattisgarh,All Seasons,Bemetara,2
Satnam Temple,21.5071264,81.4036381,4.8,"hindu_temple, place_of_worship, point_of_interest, establishment",temples,Chhattisgarh,All Seasons,Bemetara,5
Shiv Temple Mohbhatta,21.9289577,81.8023481,0,"hindu_temple, place_of_worship, point_of_interest, establishment",temples,Chhattisgarh,All Seasons,Bemetara,0
Hanuman temple,21.5718114,81.4080185,4.3,"hindu_temple, place_of_worship, point_of_interest, establishment",temples,Chhattisgarh,All Seasons,Bemetara,4
Bajrangbali Temple,21.8238867,81.77821229999999,4.7,"hindu_temple, place_of_worship, point_of_interest, establishment",temples,Chhattisgarh,All Seasons,Bemetara,3
Hanuman temple,21.8960258,81.555947,4.5,"hindu_temple, place_of_worship, point_of_interest, establishment",temples,Chhattisgarh,All Seasons,Bemetara,2
Shiv temple,21.8345725,81.30509909999999,5,"hindu_temple, place_of_worship, point_of_interest, establishment",temples,Chhattisgarh,All Seasons,Bemetara,1
Shree Bajrangbali Temple,21.9577284,81.2870904,5,"hindu_temple, place_of_worship, point_of_interest, establishment",temples,Chhattisgarh,All Seasons,Bemetara,1
Shiva Temple Hanuman Temple,21.9183662,81.4443366,5,"hindu_temple, place_of_worship, point_of_interest, establishment",temples,Chhattisgarh,All Seasons,Bemetara,2
"Surya Mandir,Betar",21.8493562,81.44159839999999,3.7,"hindu_temple, place_of_worship, point_of_interest, establishment",temples,Chhattisgarh,All Seasons,Bemetara,14
Shiv Temple,21.6138759,81.4137562,4,"hindu_temple, place_of_worship, point_of_interest, establishment",temples,Chhattisgarh,All Seasons,Bemetara,4
Shiv Temple,21.8302403,81.620774,5,"hindu_temple, place_of_worship, point_of_interest, establishment",temples,Chhattisgarh,All Seasons,Bemetara,1
Shiv Temple Kospatar,21.5373634,81.60279729999999,5,"hindu_temple, place_of_worship, point_of_interest, establishment",temples,Chhattisgarh,All Seasons,Bemetara,1
Ram Mandir Gidhawa,21.8989697,81.45950789999999,4.1,"hindu_temple, place_of_worship, point_of_interest, establishment",temples,Chhattisgarh,All Seasons,Bemetara,12
Hanuman Temple,21.5011521,81.78030369999999,5,"hindu_temple, place_of_worship, point_of_interest, establishment",temples,Chhattisgarh,All Seasons,Bemetara,1
Bajrangbali Mandir,21.6149432,81.4382062,4.3,"hindu_temple, place_of_worship, point_of_interest, establishment",temples,Chhattisgarh,All Seasons,Bemetara,8
Radha Krishna Mandir,21.5510004,81.7963657,4.9,"hindu_temple, place_of_worship, point_of_interest, establishment",temples,Chhattisgarh,All Seasons,Bemetara,10
Shiv Temple,21.6904605,81.7886072,3.7,"hindu_temple, place_of_worship, point_of_interest, establishment",temples,Chhattisgarh,All Seasons,Bemetara,7
Hanuman temple,21.6131821,81.3664409,4,"hindu_temple, place_of_worship, point_of_interest, establishment",temples,Chhattisgarh,All Seasons,Bemetara,4
Hanuman Temple,21.6754408,81.3415504,5,"hindu_temple, place_of_worship, point_of_interest, establishment",temples,Chhattisgarh,All Seasons,Bemetara,8
Shiva temple,21.8585625,81.39943749999999,5,"hindu_temple, place_of_worship, point_of_interest, establishment",temples,Chhattisgarh,All Seasons,Bemetara,1
Ma Shitala Temple,21.8152771,81.2802263,5,"hindu_temple, place_of_worship, point_of_interest, establishment",temples,Chhattisgarh,All Seasons,Bemetara,4
Guru Amar das Satnami Samaj Temple,21.5805764,81.64879739999999,4.5,"hindu_temple, place_of_worship, point_of_interest, establishment",temples,Chhattisgarh,All Seasons,Bemetara,44
Shivling Temple,21.4757521,81.77946250000001,2.7,"hindu_temple, place_of_worship, point_of_interest, establishment",temples,Chhattisgarh,All Seasons,Bemetara,3
Mahamaya temple,21.8608413,81.71623699999999,4.8,"hindu_temple, place_of_worship, point_of_interest, establishment",temples,Chhattisgarh,All Seasons,Bemetara,4
Hanuman ji temple,21.4762812,81.2806119,5,"hindu_temple, place_of_worship, point_of_interest, establishment",temples,Chhattisgarh,All Seasons,Bemetara,2
Narsingnath temple,21.7875955,81.4136586,4,"hindu_temple, place_of_worship, point_of_interest, establishment",temples,Chhattisgarh,All Seasons,Bemetara,2
Satguru Kabir Ashram Temple,21.7000028,81.76327909999999,4.4,"hindu_temple, place_of_worship, point_of_interest, establishment",temples,Chhattisgarh,All Seasons,Bemetara,75
Shiva Temple,21.5426418,81.7990008,5,"place_of_worship, point_of_interest, establishment",temples,Chhattisgarh,All Seasons,Bemetara,5
"शिव मंदिर, दुबहा",21.94681,81.3129388,3.8,"hindu_temple, place_of_worship, point_of_interest, establishment",temples,Chhattisgarh,All Seasons,Bemetara,6
Hanuman Temple,21.5387129,81.6962659,4,"hindu_temple, place_of_worship, point_of_interest, establishment",temples,Chhattisgarh,All Seasons,Bemetara,4
BHOLENATH TEMPLE,21.5383858,81.5942346,3.9,"hindu_temple, place_of_worship, point_of_interest, establishment",temples,Chhattisgarh,All Seasons,Bemetara,8
Maa Durga temple,21.5173452,81.69605519999999,5,"hindu_temple, place_of_worship, point_of_interest, establishment",temples,Chhattisgarh,All Seasons,Bemetara,3
SHIV MANDIR (BHOLE NATH TEMPLE),21.6801996,81.49898999999999,5,"hindu_temple, place_of_worship, point_of_interest, establishment",temples,Chhattisgarh,All Seasons,Bemetara,1
Shree Narmadeshwar Mahadev Temple,21.5425905,81.8013984,5,"hindu_temple, place_of_worship, point_of_interest, establishment",temples,Chhattisgarh,All Seasons,Bemetara,1
Shiv Mandir Purana Dhaba,21.4449677,81.63084479999999,4.8,"hindu_temple, place_of_worship, point_of_interest, establishment",temples,Chhattisgarh,All Seasons,Bemetara,5
Surya,21.551356,81.79769990000001,4,"point_of_interest, establishment",hills,Chhattisgarh,Winter,Bemetara,1
Parasda Bird Observation,21.8526716,81.8213124,4.4,"tourist_attraction, point_of_interest, establishment",attraction,Chhattisgarh,All Seasons,Bemetara,7
MAHADEV GHAT BORTARA (NAWAGARH),21.9524206,81.6567555,3.6,"tourist_attraction, point_of_interest, establishment",attraction,Chhattisgarh,All Seasons,Bemetara,9
I Love Tilda Neora,21.5491971,81.79684759999999,4.3,"tourist_attraction, point_of_interest, establishment",attraction,Chhattisgarh,All Seasons,Bemetara,8
Nandghat Dam,21.7706971,81.8083436,4.4,"tourist_attraction, point_of_interest, establishment",attraction,Chhattisgarh,All Seasons,Bemetara,13
Saropi lake,21.6312349,81.7078586,4.3,"tourist_attraction, point_of_interest, establishment",attraction,Chhattisgarh,All Seasons,Bemetara,3
Bus Stand,21.4606378,81.3338554,4.1,"tourist_attraction, point_of_interest, establishment",attraction,Chhattisgarh,All Seasons,Bemetara,621
Shivnath river kodwa parpoda berla road,21.5615264,81.398894,3.8,"tourist_attraction, point_of_interest, establishment",attraction,Chhattisgarh,All Seasons,Bemetara,4
Jalso dam GSP,21.4656171,81.78283410000002,4,"tourist_attraction, point_of_interest, establishment",attraction,Chhattisgarh,All Seasons,Bemetara,8
Tulsi Bridge,21.5317117,81.79218329999999,4.2,"tourist_attraction, point_of_interest, establishment",attraction,Chhattisgarh,All Seasons,Bemetara,10
Shree nagar(क्रेजी कॉटेज)dhamdha,21.4194123,81.3610872,2,"tourist_attraction, point_of_interest, establishment",attraction,Chhattisgarh,All Seasons,Bemetara,1
Jheel garden,21.4986713,81.7891319,4.1,"tourist_attraction, point_of_interest, establishment",attraction,Chhattisgarh,All Seasons,Bemetara,7
Shivnath dam durg,21.4520834,81.33571549999999,2.5,"tourist_attraction, point_of_interest, establishment",attraction,Chhattisgarh,All Seasons,Bemetara,2
बांध,21.7029862,81.27789779999999,0,"tourist_attraction, point_of_interest, establishment",attraction,Chhattisgarh,All Seasons,Bemetara,0
Shivnath - Kharun Sangam,21.5679718,81.66723619999999,4.2,"tourist_attraction, point_of_interest, establishment",attraction,Chhattisgarh,All Seasons,Bemetara,14
Nadiya Scenery,21.7637442,81.7378229,3.7,"tourist_attraction, point_of_interest, establishment",attraction,Chhattisgarh,All Seasons,Bemetara,3
Picnic Spot,21.4782481,81.6295854,5,"tourist_attraction, point_of_interest, establishment",attraction,Chhattisgarh,All Seasons,Bemetara,3
Somnath Temple Boating point (Shivnath-kharun Sangam),21.5675394,81.66793129999999,4.2,"tourist_attraction, point_of_interest, establishment",attraction,Chhattisgarh,All Seasons,Bemetara,26
Sonpuri Farm,21.7305452,81.71174769999999,5,"tourist_attraction, point_of_interest, establishment",attraction,Chhattisgarh,All Seasons,Bemetara,4
KD Jungle karhi,21.6409229,81.6633403,4.3,"tourist_attraction, point_of_interest, establishment",attraction,Chhattisgarh,All Seasons,Bemetara,3
चमगेदरी तालाब नेवधा,21.6063572,81.8231517,0,"tourist_attraction, point_of_interest, establishment",attraction,Chhattisgarh,All Seasons,Bemetara,0
Kabir kuti maidan,21.9193205,81.46525849999999,5,"tourist_attraction, point_of_interest, establishment",attraction,Chhattisgarh,All Seasons,Bemetara,2
Tonday Krishi Farm,21.7587193,81.5843191,0,"tourist_attraction, point_of_interest, establishment",attraction,Chhattisgarh,All Seasons,Bemetara,0
Sahu farms mardehi,21.834393,81.7083461,0,"tourist_attraction, point_of_interest, establishment",attraction,Chhattisgarh,All Seasons,Bemetara,0
बड़े खदान,21.6987898,81.6037956,0,"tourist_attraction, point_of_interest, establishment",attraction,Chhattisgarh,All Seasons,Bemetara,0
हाफ नदी मुहाना,21.766568,81.7668783,4.5,"tourist_attraction, point_of_interest, establishment",attraction,Chhattisgarh,All Seasons,Bemetara,2
Signal chauk (signal crossroads),21.7153819,81.5347425,4.2,"tourist_attraction, point_of_interest, establishment",attraction,Chhattisgarh,All Seasons,Bemetara,9
Pwd rest house simga,21.6286006,81.7108382,5,"tourist_attraction, point_of_interest, establishment",attraction,Chhattisgarh,All Seasons,Bemetara,4
Bharat Mata Chowk Bemetara,21.7184381,81.5336129,4.3,"tourist_attraction, point_of_interest, establishment",attraction,Chhattisgarh,All Seasons,Bemetara,46
श्रीराम जलाशय हाफ नदी,21.8342595,81.5922846,5,"tourist_attraction, point_of_interest, establishment",attraction,Chhattisgarh,All Seasons,Bemetara,1
Awla Badi,21.7111531,81.5820365,5,"tourist_attraction, point_of_interest, establishment",attraction,Chhattisgarh,All Seasons,Bemetara,3
जय स्तंभ चौक मालदा,21.8042015,81.7512842,3,"tourist_attraction, point_of_interest, establishment",attraction,Chhattisgarh,All Seasons,Bemetara,1
छुई मुई तालाब नेवधा,21.6082637,81.8234645,0,"tourist_attraction, point_of_interest, establishment",attraction,Chhattisgarh,All Seasons,Bemetara,0
Kabir Sagar,21.9324212,81.3653643,0,"tourist_attraction, point_of_interest, establishment",attraction,Chhattisgarh,All Seasons,Bemetara,0
Bawanlakh river,21.6195304,81.5455555,0,"tourist_attraction, point_of_interest, establishment",attraction,Chhattisgarh,All Seasons,Bemetara,0
Gurur,21.5667913,81.3172486,0,"tourist_attraction, point_of_interest, establishment",attraction,Chhattisgarh,All Seasons,Bemetara,0
Sagari Talaab,21.7961671,81.3357551,3.5,"tourist_attraction, point_of_interest, establishment",attraction,Chhattisgarh,All Seasons,Bemetara,33
पैथु तालाब,21.7960304,81.33664089999999,5,"tourist_attraction, point_of_interest, establishment",attraction,Chhattisgarh,All Seasons,Bemetara,1
Jaishankar,21.9131833,81.7771783,0,"tourist_attraction, point_of_interest, establishment",attraction,Chhattisgarh,All Seasons,Bemetara,0
Howrah junction,21.5491735,81.796763,5,"tourist_attraction, point_of_interest, establishment",attraction,Chhattisgarh,All Seasons,Bemetara,1
Shivnath river view point,21.5825341,81.4156494,4,"tourist_attraction, point_of_interest, establishment",attraction,Chhattisgarh,All Seasons,Bemetara,5
Somnath road,21.5505467,81.69842129999999,4.1,"tourist_attraction, point_of_interest, establishment",attraction,Chhattisgarh,All Seasons,Bemetara,16
Ghadi chowk bemetara,21.7152623,81.5347043,3.8,"tourist_attraction, point_of_interest, establishment",attraction,Chhattisgarh,All Seasons,Bemetara,5
Santosh Bharti Nivas,21.71793,81.7226311,0,"tourist_attraction, point_of_interest, establishment",attraction,Chhattisgarh,All Seasons,Bemetara,0
Shri Somnath Temple,21.5666746,81.66854409999999,4.4,"hindu_temple, tourist_attraction, place_of_worship, point_of_interest, establishment",attraction,Chhattisgarh,All Seasons,Bemetara,1933
Shambhupuri Temple Marka,21.8306725,81.6069273,3.8,"hindu_temple, tourist_attraction, place_of_worship, point_of_interest, establishment",attraction,Chhattisgarh,All Seasons,Bemetara,26
Kesali dam,21.935085,81.4103363,5,"tourist_attraction, point_of_interest, establishment",attraction,Chhattisgarh,All Seasons,Bemetara,1
Sunny sahu,21.4933714,81.69464049999999,0,"tourist_attraction, point_of_interest, establishment",attraction,Chhattisgarh,All Seasons,Bemetara,0
Shahid Varun Park Bijapur Chhattisgarh,18.7831276,80.8122556,5,"park, point_of_interest, establishment",parks,Chhattisgarh,Spring,Bijapur,13
गटी,18.8996067,80.8351497,2,"museum, point_of_interest, establishment",museum,Chhattisgarh,Winter,Bijapur,1
Sangita kokila,19.0079501,81.060907,0,"museum, point_of_interest, establishment",museum,Chhattisgarh,Winter,Bijapur,0
Dalpat Munda waterfalls,18.8268597,80.7563795,5,"park, point_of_interest, establishment",waterfalls,Chhattisgarh,Monsoon,Bijapur,1
Lankapalli Waterfall,18.6016812,80.6426441,5,"tourist_attraction, point_of_interest, establishment",waterfalls,Chhattisgarh,Monsoon,Bijapur,7
Itpal waterfall,18.8228786,80.7544715,5,"tourist_attraction, point_of_interest, establishment",waterfalls,Chhattisgarh,Monsoon,Bijapur,4
Bijapur Water stream,18.7788205,80.7947844,4.2,"tourist_attraction, point_of_interest, establishment",waterfalls,Chhattisgarh,Monsoon,Bijapur,18
totena nala,18.8348621,80.5926826,4,"park, point_of_interest, establishment",waterfalls,Chhattisgarh,Monsoon,Bijapur,2
waterfalls Asgard,18.7777524,80.8054985,3.3,"point_of_interest, establishment",waterfalls,Chhattisgarh,Monsoon,Bijapur,3
Kasiguda,18.5444676,80.9445806,No rating,"locality, political",beaches,Chhattisgarh,Summer,Bijapur,0
Shiv Mandir Awapali,18.5819054,80.7677543,3.8,"hindu_temple, place_of_worship, point_of_interest, establishment",temples,Chhattisgarh,All Seasons,Bijapur,19
Ganesh temple kondroji,19.0211175,80.9252638,5,"hindu_temple, place_of_worship, point_of_interest, establishment",temples,Chhattisgarh,All Seasons,Bijapur,1
Hanuman Mandir,18.5821898,80.767838,4.5,"hindu_temple, place_of_worship, point_of_interest, establishment",temples,Chhattisgarh,All Seasons,Bijapur,2
Shiv tempal and durga mata tempal,18.8568781,80.8034626,5,"hindu_temple, place_of_worship, point_of_interest, establishment",temples,Chhattisgarh,All Seasons,Bijapur,1
Shiv Temple and Old Statues,19.0028958,81.0355467,4.2,"hindu_temple, place_of_worship, point_of_interest, establishment",temples,Chhattisgarh,All Seasons,Bijapur,5
"Shri Krishna Temple, Pasadpali",18.8608309,80.7214417,5,"hindu_temple, place_of_worship, point_of_interest, establishment",temples,Chhattisgarh,All Seasons,Bijapur,1
हनुमान मन्दिर,18.7553536,81.02888960000001,5,"hindu_temple, place_of_worship, point_of_interest, establishment",temples,Chhattisgarh,All Seasons,Bijapur,1
HINDU MANDIR BIJAPUR CHHATTISGARH,18.7889699,80.8143576,5,"hindu_temple, place_of_worship, point_of_interest, establishment",temples,Chhattisgarh,All Seasons,Bijapur,1
Bhairam Baba Business Temple,18.9952242,81.05763519999999,4.6,"place_of_worship, point_of_interest, establishment",temples,Chhattisgarh,All Seasons,Bijapur,31
Maa Durga Mandir,19.0058689,81.0580657,4.6,"hindu_temple, place_of_worship, point_of_interest, establishment",temples,Chhattisgarh,All Seasons,Bijapur,23
MAHADEV GHAT SHIV MANDIR BIJAPUR CHHATTISGARH,18.7778684,80.8019097,4.2,"hindu_temple, place_of_worship, point_of_interest, establishment",temples,Chhattisgarh,All Seasons,Bijapur,19
HANUMAN MANDIR BIJAPUR CHHATTISGARH,18.7960219,80.8138651,5,"hindu_temple, place_of_worship, point_of_interest, establishment",temples,Chhattisgarh,All Seasons,Bijapur,3
Mallanna Temple,18.771639,80.5406388,5,"hindu_temple, place_of_worship, point_of_interest, establishment",temples,Chhattisgarh,All Seasons,Bijapur,1
Shiv Mandir,18.7734162,80.54046029999999,5,"hindu_temple, place_of_worship, point_of_interest, establishment",temples,Chhattisgarh,All Seasons,Bijapur,1
HANUMAN MANDIR BHAIRAMGARH CHHATTISGARH,18.9977327,81.052133,4.8,"hindu_temple, place_of_worship, point_of_interest, establishment",temples,Chhattisgarh,All Seasons,Bijapur,5
Shiv Mandir,19.0414397,80.6571972,5,"hindu_temple, place_of_worship, point_of_interest, establishment",temples,Chhattisgarh,All Seasons,Bijapur,2
Gilgicha batukama mandir,18.7532073,80.60359299999999,5,"hindu_temple, place_of_worship, point_of_interest, establishment",temples,Chhattisgarh,All Seasons,Bijapur,1
Hanuman Temple,18.7716314,80.5528825,3.5,"hindu_temple, place_of_worship, point_of_interest, establishment",temples,Chhattisgarh,All Seasons,Bijapur,4
Shri Hari Vishnuji Mandir,18.9797643,80.8365791,3,"hindu_temple, place_of_worship, point_of_interest, establishment",temples,Chhattisgarh,All Seasons,Bijapur,1
शिव पार्वती मंदिर,18.8101122,80.80250989999999,3.9,"hindu_temple, place_of_worship, point_of_interest, establishment",temples,Chhattisgarh,All Seasons,Bijapur,8
Durga Mata Mandir Bijapur Chhattisgarh,18.8178168,80.7944157,4.3,"hindu_temple, place_of_worship, point_of_interest, establishment",temples,Chhattisgarh,All Seasons,Bijapur,8
Sarva Dharma Prathna Sthal Gangaloor Chhattisgarh,18.7537969,81.02902859999999,5,"hindu_temple, place_of_worship, point_of_interest, establishment",temples,Chhattisgarh,All Seasons,Bijapur,2
emg. (eramangi),19.0623837,80.82458659999999,5,"hindu_temple, place_of_worship, point_of_interest, establishment",temples,Chhattisgarh,All Seasons,Bijapur,1
Sammka sarlama... temple toynar,18.9206954,80.7341859,0,"hindu_temple, place_of_worship, point_of_interest, establishment",temples,Chhattisgarh,All Seasons,Bijapur,0
GAYATRI MATA MANDIR BIJAPUR CHHATTISGARH,18.7987521,80.8141782,5,"hindu_temple, place_of_worship, point_of_interest, establishment",temples,Chhattisgarh,All Seasons,Bijapur,5
HANUMAN MANDIR,18.7752935,80.9073932,5,"hindu_temple, place_of_worship, point_of_interest, establishment",temples,Chhattisgarh,All Seasons,Bijapur,2
Ram mandir,18.7732126,80.5403393,5,"hindu_temple, place_of_worship, point_of_interest, establishment",temples,Chhattisgarh,All Seasons,Bijapur,2
CHIKATRAJ DEV MADAI STHAL BIJAPUR CHHATTISGARH,18.7866875,80.8227031,4.7,"hindu_temple, place_of_worship, point_of_interest, establishment",temples,Chhattisgarh,All Seasons,Bijapur,3
साई बाबा मंदिर,18.8078983,80.8011921,5,"hindu_temple, place_of_worship, point_of_interest, establishment",temples,Chhattisgarh,All Seasons,Bijapur,2
Kodai Mata Mandir Jaitaloor Chhattisgarh,18.8049375,80.7868281,3.8,"hindu_temple, place_of_worship, point_of_interest, establishment",temples,Chhattisgarh,All Seasons,Bijapur,4
दुर्गा माता मंदिर,18.8054625,80.7856406,2.7,"hindu_temple, place_of_worship, point_of_interest, establishment",temples,Chhattisgarh,All Seasons,Bijapur,3
Itpal jaitaloor bijapur chhattisgarh,18.7811034,80.81237850000001,5,"hindu_temple, place_of_worship, point_of_interest, establishment",temples,Chhattisgarh,All Seasons,Bijapur,1
SHIV MANDIR BIJAPUR,18.7913931,80.8175466,3,"hindu_temple, place_of_worship, point_of_interest, establishment",temples,Chhattisgarh,All Seasons,Bijapur,3
DURGA MATA MANDIR BIJAPUR CHHATTISGARH,18.7922326,80.8138231,4,"hindu_temple, place_of_worship, point_of_interest, establishment",temples,Chhattisgarh,All Seasons,Bijapur,1
Shiv Mandir,18.5349691,80.76002799999999,0,"hindu_temple, place_of_worship, point_of_interest, establishment",temples,Chhattisgarh,All Seasons,Bijapur,0
Mandir,18.7791509,80.7866402,0,"hindu_temple, place_of_worship, point_of_interest, establishment",temples,Chhattisgarh,All Seasons,Bijapur,0
Mandir,19.0249712,80.6533733,0,"hindu_temple, place_of_worship, point_of_interest, establishment",temples,Chhattisgarh,All Seasons,Bijapur,0
Shiv mandir Usoor road,18.5595657,80.7681364,0,"hindu_temple, place_of_worship, point_of_interest, establishment",temples,Chhattisgarh,All Seasons,Bijapur,0
हनुमान जी मंदिर,19.0491468,80.7214417,0,"hindu_temple, place_of_worship, point_of_interest, establishment",temples,Chhattisgarh,All Seasons,Bijapur,0
SHIV MANDIR,18.8050875,80.7879226,0,"hindu_temple, place_of_worship, point_of_interest, establishment",temples,Chhattisgarh,All Seasons,Bijapur,0
श्रीराम मंदिर STF,18.7832315,80.8438503,0,"hindu_temple, place_of_worship, point_of_interest, establishment",temples,Chhattisgarh,All Seasons,Bijapur,0
Shiv mandir Cherpal,18.7680776,80.9452937,1,"hindu_temple, place_of_worship, point_of_interest, establishment",temples,Chhattisgarh,All Seasons,Bijapur,1
Lord Shiva temple dhanora,18.8567175,80.80380009999999,0,"hindu_temple, place_of_worship, point_of_interest, establishment",temples,Chhattisgarh,All Seasons,Bijapur,0
Dholkar ganesh dantewada,19.0079244,81.06154579999999,4.2,"hindu_temple, place_of_worship, point_of_interest, establishment",temples,Chhattisgarh,All Seasons,Bijapur,16
Barbara temple,19.004611,80.943389,0,"hindu_temple, place_of_worship, point_of_interest, establishment",temples,Chhattisgarh,All Seasons,Bijapur,0
Semaldodi Mandir,18.5649457,80.6999085,0,"hindu_temple, place_of_worship, point_of_interest, establishment",temples,Chhattisgarh,All Seasons,Bijapur,0
Jittu perma,18.7600447,81.0311631,0,"hindu_temple, place_of_worship, point_of_interest, establishment",temples,Chhattisgarh,All Seasons,Bijapur,0
Hanuman mandir,18.7927733,80.8169933,0,"hindu_temple, place_of_worship, point_of_interest, establishment",temples,Chhattisgarh,All Seasons,Bijapur,0
Kotrapal tample,19.0141163,80.9588538,0,"hindu_temple, place_of_worship, point_of_interest, establishment",temples,Chhattisgarh,All Seasons,Bijapur,0
श्री चिकटराज मंदिर,18.7859242,80.8219022,0,"hindu_temple, place_of_worship, point_of_interest, establishment",temples,Chhattisgarh,All Seasons,Bijapur,0
Mahadev ghat bijapur,18.7805032,80.81068390000002,4.3,"hindu_temple, place_of_worship, point_of_interest, establishment",temples,Chhattisgarh,All Seasons,Bijapur,14
सुमन कुमा House,18.776801,80.5588822,0,"hindu_temple, place_of_worship, point_of_interest, establishment",temples,Chhattisgarh,All Seasons,Bijapur,0
शिव मंदिर बीजापुर छत्तीसगढ़,18.7863584,80.8206234,0,"hindu_temple, place_of_worship, point_of_interest, establishment",temples,Chhattisgarh,All Seasons,Bijapur,0
Durga Mata Mandir Naimed,18.9010645,80.8363912,3.8,"hindu_temple, place_of_worship, point_of_interest, establishment",temples,Chhattisgarh,All Seasons,Bijapur,11
Namdev Temple kapur gardh,19.0079501,81.060907,0,"hindu_temple, place_of_worship, point_of_interest, establishment",temples,Chhattisgarh,All Seasons,Bijapur,0
Nagesh modiyam,18.5380024,80.8543847,0,"hindu_temple, place_of_worship, point_of_interest, establishment",temples,Chhattisgarh,All Seasons,Bijapur,0
Durga mandir,18.5650887,80.8488584,0,"hindu_temple, place_of_worship, point_of_interest, establishment",temples,Chhattisgarh,All Seasons,Bijapur,0
Shiv mandir,18.7765493,80.53077239999999,0,"hindu_temple, place_of_worship, point_of_interest, establishment",temples,Chhattisgarh,All Seasons,Bijapur,0
Hanuman mandir elmidi,18.6053821,80.7134293,0,"hindu_temple, place_of_worship, point_of_interest, establishment",temples,Chhattisgarh,All Seasons,Bijapur,0
Eramnar Adarsh nav durga temple 🕉,18.932302,80.8234622,0,"hindu_temple, place_of_worship, point_of_interest, establishment",temples,Chhattisgarh,All Seasons,Bijapur,0
Bhairamgarh hills,19.0094225,81.0205141,3.9,"park, point_of_interest, establishment",hills,Chhattisgarh,Winter,Bijapur,15
Lankapalli Waterfall,18.6016812,80.6426441,5,"tourist_attraction, point_of_interest, establishment",hills,Chhattisgarh,Winter,Bijapur,7
Lankapalli,18.6057829,80.6850561,No rating,"locality, political",hills,Chhattisgarh,Winter,Bijapur,0
Lankapalli Waterfall,18.6016812,80.6426441,5,"tourist_attraction, point_of_interest, establishment",attraction,Chhattisgarh,All Seasons,Bijapur,7
Bijapur Water stream,18.7788205,80.7947844,4.2,"tourist_attraction, point_of_interest, establishment",attraction,Chhattisgarh,All Seasons,Bijapur,18
Itpal waterfall,18.8228786,80.7544715,5,"tourist_attraction, point_of_interest, establishment",attraction,Chhattisgarh,All Seasons,Bijapur,4
Bijapur Ghat Road View Point,18.7783894,80.8126881,3.5,"tourist_attraction, point_of_interest, establishment",attraction,Chhattisgarh,All Seasons,Bijapur,2
Bijapur Talab,18.7902457,80.81954549999999,3.3,"tourist_attraction, point_of_interest, establishment",attraction,Chhattisgarh,All Seasons,Bijapur,8
Doogunda,18.6585625,80.7890625,0,"tourist_attraction, point_of_interest, establishment",attraction,Chhattisgarh,All Seasons,Bijapur,0
Mangalmadgu,18.5743026,80.9205377,0,"tourist_attraction, point_of_interest, establishment",attraction,Chhattisgarh,All Seasons,Bijapur,0
Shruti home,18.7771753,80.53205799999999,5,"tourist_attraction, point_of_interest, establishment",attraction,Chhattisgarh,All Seasons,Bijapur,1
Mini water fall,18.786236,80.787167,0,"tourist_attraction, point_of_interest, establishment",attraction,Chhattisgarh,All Seasons,Bijapur,0
Darbha,19.0669856,80.8633212,0,"tourist_attraction, point_of_interest, establishment",attraction,Chhattisgarh,All Seasons,Bijapur,0
Talperu River Bridge,18.5611968,80.9198759,5,"tourist_attraction, point_of_interest, establishment",attraction,Chhattisgarh,All Seasons,Bijapur,1
Thunder chouk,18.7963075,80.81562199999999,0,"tourist_attraction, point_of_interest, establishment",attraction,Chhattisgarh,All Seasons,Bijapur,0
Pardhan para the modern place,18.7744323,80.5442815,0,"tourist_attraction, point_of_interest, establishment",attraction,Chhattisgarh,All Seasons,Bijapur,0
Govind Nagar Park,22.0536014,82.1572805,4,"park, point_of_interest, establishment",parks,Chhattisgarh,Spring,Bilaspur,85
Abhishek Nagar Phase-1 Park,22.108667,82.1182661,3.8,"park, point_of_interest, establishment",parks,Chhattisgarh,Spring,Bilaspur,208
Kranti Nagar Garden,22.0678126,82.15224740000001,3.9,"park, point_of_interest, establishment",parks,Chhattisgarh,Spring,Bilaspur,282
Park,22.1023165,82.1742908,4.7,"park, point_of_interest, establishment",parks,Chhattisgarh,Spring,Bilaspur,3
Vivekanand Park,22.0362325,82.1100089,4.1,"park, point_of_interest, establishment",parks,Chhattisgarh,Spring,Bilaspur,25
Shree Ram Park,22.0920496,82.1341173,3.9,"park, point_of_interest, establishment",parks,Chhattisgarh,Spring,Bilaspur,80
Park,22.095921,82.181983,3.5,"park, point_of_interest, establishment",parks,Chhattisgarh,Spring,Bilaspur,11
Priyadarshni Nagar Garden,22.0723449,82.14177339999999,3.6,"park, point_of_interest, establishment",parks,Chhattisgarh,Spring,Bilaspur,96
Loco colony park,22.0531853,82.1719519,3.8,"park, point_of_interest, establishment",parks,Chhattisgarh,Spring,Bilaspur,16
Garden City,22.0777187,82.19438079999999,3.9,"park, point_of_interest, establishment",parks,Chhattisgarh,Spring,Bilaspur,301
Abhishek Vihar Garden,22.1050837,82.118476,3.8,"park, point_of_interest, establishment",parks,Chhattisgarh,Spring,Bilaspur,68
River View,22.0898417,82.1529226,4.1,"park, tourist_attraction, point_of_interest, establishment",parks,Chhattisgarh,Spring,Bilaspur,6743
Konher Garden,22.0874094,82.14480809999999,3.8,"park, point_of_interest, establishment",parks,Chhattisgarh,Spring,Bilaspur,417
Gokul Park,22.0865148,82.10396519999999,3.6,"park, point_of_interest, establishment",parks,Chhattisgarh,Spring,Bilaspur,80
Park,22.0953174,82.1840268,4.3,"park, point_of_interest, establishment",parks,Chhattisgarh,Spring,Bilaspur,8
Samta colony garden,22.0767133,82.1463153,3.8,"park, point_of_interest, establishment",parks,Chhattisgarh,Spring,Bilaspur,23
"City Park Phase 1, Rajkishor Nagar, Bilaspur",22.0956171,82.1944762,4.4,"park, point_of_interest, establishment",parks,Chhattisgarh,Spring,Bilaspur,11
Green Garden Colony Park,22.0971359,82.1219629,4.6,"park, point_of_interest, establishment",parks,Chhattisgarh,Spring,Bilaspur,7
Indira Vihar Park SECL,22.1057101,82.14712209999999,4,"park, point_of_interest, establishment",parks,Chhattisgarh,Spring,Bilaspur,20
Rohini Vihar Garden,22.075229,82.14178299999999,3.9,"park, point_of_interest, establishment",parks,Chhattisgarh,Spring,Bilaspur,100
Park,22.0935554,82.08931799999999,3.9,"park, point_of_interest, establishment",parks,Chhattisgarh,Spring,Bilaspur,51
Park,22.0933189,82.1804686,3.8,"park, point_of_interest, establishment",parks,Chhattisgarh,Spring,Bilaspur,22
Aasma Park,22.1000936,82.0908875,3.7,"park, point_of_interest, establishment",parks,Chhattisgarh,Spring,Bilaspur,42
Sagar Homes Phase 2 Garden,22.0987056,82.10295909999999,3.8,"park, point_of_interest, establishment",parks,Chhattisgarh,Spring,Bilaspur,338
Hemu Nagar Bal Udhyan,22.0579144,82.1835725,3.8,"park, point_of_interest, establishment",parks,Chhattisgarh,Spring,Bilaspur,426
Agyeya Nagar Garden,22.0748827,82.1442971,3.9,"park, point_of_interest, establishment",parks,Chhattisgarh,Spring,Bilaspur,285
Green Park Children Garden,22.0750343,82.14041240000002,3.9,"park, point_of_interest, establishment",parks,Chhattisgarh,Spring,Bilaspur,21
Wireless colony park,22.06631,82.16174199999999,3.4,"park, point_of_interest, establishment",parks,Chhattisgarh,Spring,Bilaspur,12
Parijat Extension Park,22.0827838,82.1310663,4.5,"park, point_of_interest, establishment",parks,Chhattisgarh,Spring,Bilaspur,2
Children's Park,22.0979806,82.18973419999999,4.3,"park, point_of_interest, establishment",parks,Chhattisgarh,Spring,Bilaspur,11
Aasma Park,22.0903702,82.0875954,2.9,"park, point_of_interest, establishment",parks,Chhattisgarh,Spring,Bilaspur,10
Patliputra Garden,22.0866787,82.19882080000001,4,"park, point_of_interest, establishment",parks,Chhattisgarh,Spring,Bilaspur,121
Pt.Ramnarayan Shastri garden,22.0694997,82.1557674,3.7,"park, point_of_interest, establishment",parks,Chhattisgarh,Spring,Bilaspur,19
Vir Sawarkar Park,22.0613313,82.1780606,3.6,"park, point_of_interest, establishment",parks,Chhattisgarh,Spring,Bilaspur,8
SAFARI PARK,22.1393406,82.3063815,4,"park, point_of_interest, establishment",parks,Chhattisgarh,Spring,Bilaspur,101
Rama world cricket area/park,22.0531144,82.11691429999999,3.6,"park, point_of_interest, establishment",parks,Chhattisgarh,Spring,Bilaspur,20
Rashtra Kavi Mathili Saran Gupt Udhyan,22.0867089,82.12520359999999,3.6,"park, point_of_interest, establishment",parks,Chhattisgarh,Spring,Bilaspur,53
VIP Park,22.0885562,82.1858232,4.4,"park, point_of_interest, establishment",parks,Chhattisgarh,Spring,Bilaspur,5
S.O.N Office,22.0639304,82.1305608,3.7,"park, point_of_interest, establishment",parks,Chhattisgarh,Spring,Bilaspur,24
NAKSHATRA PARK,22.0954125,82.0923399,5,"park, point_of_interest, establishment",parks,Chhattisgarh,Spring,Bilaspur,1
Nature City Community centre,22.0966616,82.1034351,4.2,"park, point_of_interest, establishment",parks,Chhattisgarh,Spring,Bilaspur,10
खूंटाघाट उद्यान,22.2896353,82.2174361,4,"park, point_of_interest, establishment",parks,Chhattisgarh,Spring,Bilaspur,42
Pushp Vatika,22.0859711,82.1974496,4.8,"park, point_of_interest, establishment",parks,Chhattisgarh,Spring,Bilaspur,4
Pushp Vatika Garden Akaltara,22.0134378,82.43738259999999,4.8,"park, point_of_interest, establishment",parks,Chhattisgarh,Spring,Bilaspur,4
जतिया तालाब बिलासपुर,22.0790898,82.13536750000002,4.1,"park, point_of_interest, establishment",parks,Chhattisgarh,Spring,Bilaspur,10
Rama Life City Garden And Temple,22.0981869,82.0923218,4.3,"park, point_of_interest, establishment",parks,Chhattisgarh,Spring,Bilaspur,747
Bela talab and gardan,22.1841862,82.16387979999999,4.6,"park, point_of_interest, establishment",parks,Chhattisgarh,Spring,Bilaspur,10
Green zone,22.0724928,82.19333510000001,5,"park, point_of_interest, establishment",parks,Chhattisgarh,Spring,Bilaspur,2
Alka Avenue Sr Citizen Park,22.1102718,82.1132162,4.1,"park, point_of_interest, establishment",parks,Chhattisgarh,Spring,Bilaspur,7
Asma Udyan,22.1006382,82.0884755,4.3,"park, point_of_interest, establishment",parks,Chhattisgarh,Spring,Bilaspur,6
Madhuban,22.1007475,82.1616501,3,"park, point_of_interest, establishment",parks,Chhattisgarh,Spring,Bilaspur,1
Public Park,22.1189735,82.06775739999999,5,"park, point_of_interest, establishment",parks,Chhattisgarh,Spring,Bilaspur,1
Koyla Vihar Mandir Garden,22.1076852,82.22709069999999,4.1,"park, point_of_interest, establishment",parks,Chhattisgarh,Spring,Bilaspur,30
Park der Waedt‘s,22.0724894,82.154316,0,"park, point_of_interest, establishment",parks,Chhattisgarh,Spring,Bilaspur,0
TLM Garden,21.85467,81.9212615,3.5,"park, point_of_interest, establishment",parks,Chhattisgarh,Spring,Bilaspur,2
Vrindavan Farm,22.1887818,82.1487709,4.3,"park, point_of_interest, establishment",parks,Chhattisgarh,Spring,Bilaspur,16
Mitanin Park,22.1297103,82.30640729999999,3.6,"park, point_of_interest, establishment",parks,Chhattisgarh,Spring,Bilaspur,36
Dr. Rajendra Prasad Bal Udyan,22.0841971,82.1420905,4.4,"park, point_of_interest, establishment",parks,Chhattisgarh,Spring,Bilaspur,42
Shubham,22.0976069,82.1896356,5,"park, point_of_interest, establishment",parks,Chhattisgarh,Spring,Bilaspur,1
Ankit bhardwaj farm 🚜,21.88885,82.19314829999999,5,"park, point_of_interest, establishment",parks,Chhattisgarh,Spring,Bilaspur,1
Museum,21.9073794,82.0265648,4.3,"museum, point_of_interest, establishment",museum,Chhattisgarh,Winter,Bilaspur,8
Statue of Shaheed Vinod chaubey,22.0800734,82.1494632,4.5,"museum, point_of_interest, establishment",museum,Chhattisgarh,Winter,Bilaspur,2
Fish Aquarium,22.1156002,82.0612108,3.9,"museum, point_of_interest, establishment",museum,Chhattisgarh,Winter,Bilaspur,22
Mahamaya Temple Museum,22.2895595,82.1600218,4.4,"museum, point_of_interest, establishment",museum,Chhattisgarh,Winter,Bilaspur,19
Ravi Yadav Pura,22.1932136,81.8647171,4.3,"museum, point_of_interest, establishment",museum,Chhattisgarh,Winter,Bilaspur,3
Mahaymaya mandir khairi,22.088144,81.952006,3.8,"museum, point_of_interest, establishment",museum,Chhattisgarh,Winter,Bilaspur,10
Bilaspur Station Steam Engine,22.0568998,82.17210190000002,4.1,"tourist_attraction, museum, point_of_interest, establishment",museum,Chhattisgarh,Winter,Bilaspur,80
Khamriya Masjid,22.1508335,82.3916529,3.5,"museum, point_of_interest, establishment",museum,Chhattisgarh,Winter,Bilaspur,4
Divya house (Surya Divya),21.8103258,82.330349,0,"museum, point_of_interest, establishment",museum,Chhattisgarh,Winter,Bilaspur,0
Maa Sarvmangala Mandir,22.2062906,82.1965,4.5,"museum, point_of_interest, establishment",museum,Chhattisgarh,Winter,Bilaspur,12
Eidgah,22.0839723,82.1499,0,"museum, point_of_interest, establishment",museum,Chhattisgarh,Winter,Bilaspur,0
museum,21.8924537,82.2774493,5,"museum, point_of_interest, establishment",museum,Chhattisgarh,Winter,Bilaspur,1
Archaeological Museum,21.8924642,82.27743029999999,5,"museum, point_of_interest, establishment",museum,Chhattisgarh,Winter,Bilaspur,4
Kuwara chouk,21.8502248,82.33190979999999,0,"museum, point_of_interest, establishment",museum,Chhattisgarh,Winter,Bilaspur,0
Haunted House,22.1082487,82.12329919999999,0,"museum, point_of_interest, establishment",museum,Chhattisgarh,Winter,Bilaspur,0
Ratanpur Fort,22.2847963,82.16714460000001,4.3,"tourist_attraction, museum, point_of_interest, establishment",museum,Chhattisgarh,Winter,Bilaspur,1860
Aakash suryvanshi,22.0829702,82.13744369999999,4,"museum, point_of_interest, establishment",museum,Chhattisgarh,Winter,Bilaspur,1
Sumit Dhuri,22.1021385,81.8899247,0,"museum, point_of_interest, establishment",museum,Chhattisgarh,Winter,Bilaspur,0
Netam ji home,21.8393067,82.2864243,3,"museum, point_of_interest, establishment",museum,Chhattisgarh,Winter,Bilaspur,2
Shri Ram Nagar BSP,22.1134033,82.15005959999999,0,"museum, point_of_interest, establishment",museum,Chhattisgarh,Winter,Bilaspur,0
धनिया धान मंडी,22.1561028,82.3447853,5,"museum, point_of_interest, establishment",museum,Chhattisgarh,Winter,Bilaspur,1
"Shri Pataleshvara Temple - Bilaspur District, Chhattisgarh, India",21.895401,82.28012149999999,4.4,"hindu_temple, tourist_attraction, place_of_worship, point_of_interest, establishment",museum,Chhattisgarh,Winter,Bilaspur,416
GAJ KILA,22.2847948,82.167144,4.4,"tourist_attraction, point_of_interest, establishment",museum,Chhattisgarh,Winter,Bilaspur,69
Shri Tala Mandir,21.9067404,82.0257556,4.3,"hindu_temple, museum, place_of_worship, point_of_interest, establishment",museum,Chhattisgarh,Winter,Bilaspur,77
Adil Travel and Tourism,22.084485,82.1549756,4.9,"tourist_attraction, local_government_office, store, travel_agency, point_of_interest, finance, establishment",museum,Chhattisgarh,Winter,Bilaspur,847
Shraddha Gifts And Toys,22.0793387,82.1403555,4.7,"museum, clothing_store, store, point_of_interest, establishment",museum,Chhattisgarh,Winter,Bilaspur,18
Pawan kumar dhruw,22.0796545,82.1409152,0,"museum, point_of_interest, establishment",museum,Chhattisgarh,Winter,Bilaspur,0
Dam Waterfall (Picnic Area ),22.2730047,81.9488394,4.8,"tourist_attraction, point_of_interest, establishment",waterfalls,Chhattisgarh,Monsoon,Bilaspur,4
Pondi Waterfall,22.2067,82.3447673,5,"tourist_attraction, point_of_interest, establishment",waterfalls,Chhattisgarh,Monsoon,Bilaspur,6
Natures fountains,22.0692199,82.15168919999999,4.8,"park, point_of_interest, establishment",waterfalls,Chhattisgarh,Monsoon,Bilaspur,22
Sunset view point.,22.3093696,81.98706159999999,4.4,"tourist_attraction, point_of_interest, establishment",waterfalls,Chhattisgarh,Monsoon,Bilaspur,14
Chhattisgarh Diaries Picnic Spot,22.2979003,82.1953448,4,"park, point_of_interest, establishment",waterfalls,Chhattisgarh,Monsoon,Bilaspur,25
Small Waterfall,22.0857954,82.36748519999999,0,"point_of_interest, establishment",waterfalls,Chhattisgarh,Monsoon,Bilaspur,0
Bhaisajhar Dam,22.3008525,82.0829066,4,"tourist_attraction, point_of_interest, establishment",waterfalls,Chhattisgarh,Monsoon,Bilaspur,90
Dalha Pahad Peak Point,22.0986643,82.400455,4.5,"tourist_attraction, point_of_interest, establishment",waterfalls,Chhattisgarh,Monsoon,Bilaspur,219
Arpa River,22.1040925,82.1346422,4,"natural_feature, establishment",waterfalls,Chhattisgarh,Monsoon,Bilaspur,69
Golden water fall,22.1118252,82.079245,5,"point_of_interest, establishment",waterfalls,Chhattisgarh,Monsoon,Bilaspur,2
River,22.0489109,82.2221947,3.8,"natural_feature, establishment",waterfalls,Chhattisgarh,Monsoon,Bilaspur,44
Vanchetna kendra pataita,22.310563,81.99100899999999,3.9,"tourist_attraction, point_of_interest, establishment",waterfalls,Chhattisgarh,Monsoon,Bilaspur,19
Bada Pond,22.0506228,82.1636296,4.3,"natural_feature, establishment",waterfalls,Chhattisgarh,Monsoon,Bilaspur,3
"Shri Pataleshvara Temple - Bilaspur District, Chhattisgarh, India",21.895401,82.28012149999999,4.4,"hindu_temple, tourist_attraction, place_of_worship, point_of_interest, establishment",waterfalls,Chhattisgarh,Monsoon,Bilaspur,416
Khuntaghat Ulat(Overflow),22.2941688,82.2132006,4.3,"tourist_attraction, point_of_interest, establishment",waterfalls,Chhattisgarh,Monsoon,Bilaspur,260
One Tree Hill,22.070357,82.1954842,4.5,"tourist_attraction, point_of_interest, establishment",waterfalls,Chhattisgarh,Monsoon,Bilaspur,15
Crystal Villa,22.0862588,82.1920256,4.5,"point_of_interest, establishment",beaches,Chhattisgarh,Summer,Bilaspur,24
Energy Education Park,22.0767637,82.1848553,4.1,"park, point_of_interest, establishment",beaches,Chhattisgarh,Summer,Bilaspur,154
Taj mahal small,22.1185863,82.05961409999999,3.7,"restaurant, food, point_of_interest, establishment",beaches,Chhattisgarh,Summer,Bilaspur,12
Ghoomantu Tours,22.1013198,82.138727,5,"travel_agency, point_of_interest, establishment",beaches,Chhattisgarh,Summer,Bilaspur,24
Vishal Mega Mart,22.0769277,82.1516979,3.7,"supermarket, clothing_store, grocery_or_supermarket, food, point_of_interest, store, establishment",beaches,Chhattisgarh,Summer,Bilaspur,4925
"Kanan Pendari Zoological Garden, Bilaspur",22.1172652,82.0601641,4.1,"zoo, tourist_attraction, point_of_interest, establishment",zoo,Chhattisgarh,Winter,Bilaspur,7208
SAFARI PARK,22.1393406,82.3063815,4,"park, point_of_interest, establishment",zoo,Chhattisgarh,Winter,Bilaspur,101
Kanan Pendari Zoo Main Entrance Gate,22.116804,82.0611672,3.5,"zoo, point_of_interest, establishment",zoo,Chhattisgarh,Winter,Bilaspur,4
Vikas chashma,22.1134025,82.06774370000001,3.8,"zoo, point_of_interest, establishment",zoo,Chhattisgarh,Winter,Bilaspur,58
Birds🕊️ view Point,22.1115652,82.0623276,5,"zoo, point_of_interest, establishment",zoo,Chhattisgarh,Winter,Bilaspur,1
Satnam chauk Keshla bilha सतनाम चौक केशला बिल्हा,21.9676569,82.0627538,3.8,"zoo, point_of_interest, establishment",zoo,Chhattisgarh,Winter,Bilaspur,13
Butterfly And Flowers Point,22.1149773,82.0617821,2,"zoo, point_of_interest, establishment",zoo,Chhattisgarh,Winter,Bilaspur,2
गौठान (MADHUWA),22.0726441,82.36929239999999,0,"zoo, point_of_interest, establishment",zoo,Chhattisgarh,Winter,Bilaspur,0
GAUTHAN,22.0749228,82.37287409999999,0,"zoo, point_of_interest, establishment",zoo,Chhattisgarh,Winter,Bilaspur,0
Crocodile Park,22.0259375,82.3575625,4,"zoo, park, point_of_interest, establishment",zoo,Chhattisgarh,Winter,Bilaspur,1471
Wonder World,22.1185272,82.0597246,3.8,"amusement_park, park, restaurant, food, point_of_interest, establishment",zoo,Chhattisgarh,Winter,Bilaspur,1072
Fish Aquarium,22.1156002,82.0612108,3.9,"museum, point_of_interest, establishment",zoo,Chhattisgarh,Winter,Bilaspur,22
Central Reserve Police Force (CRPF) Camp Bilaspur,22.1389266,82.044119,4.3,"point_of_interest, establishment",zoo,Chhattisgarh,Winter,Bilaspur,783
Noor Fish Aquarium,22.0729464,82.1593123,3.6,"pet_store, point_of_interest, store, establishment",zoo,Chhattisgarh,Winter,Bilaspur,110
C. G. School Of Nursing,22.1197546,82.0605613,4.1,"university, point_of_interest, establishment",zoo,Chhattisgarh,Winter,Bilaspur,17
Jhilmili Gauthan,21.9117658,82.39639009999999,0,"zoo, point_of_interest, establishment",zoo,Chhattisgarh,Winter,Bilaspur,0
"Shri Mahamaya Mandir, Ratanpur",22.2884611,82.15998499999999,4.7,"hindu_temple, place_of_worship, point_of_interest, establishment",temples,Chhattisgarh,All Seasons,Bilaspur,6578
Shri Dewrani Jethani Temple,21.9071556,82.0260186,4.2,"hindu_temple, tourist_attraction, place_of_worship, point_of_interest, establishment",temples,Chhattisgarh,All Seasons,Bilaspur,898
Radha Krishna Mandir Bilaspur,22.0940494,82.1523119,4.4,"hindu_temple, place_of_worship, point_of_interest, establishment",temples,Chhattisgarh,All Seasons,Bilaspur,53
"Shri Pataleshvara Temple - Bilaspur District, Chhattisgarh, India",21.895401,82.28012149999999,4.4,"hindu_temple, tourist_attraction, place_of_worship, point_of_interest, establishment",temples,Chhattisgarh,All Seasons,Bilaspur,416
Shri Siddheshwar Mahadev temple,22.0973659,82.12329799999999,4.8,"hindu_temple, place_of_worship, point_of_interest, establishment",temples,Chhattisgarh,All Seasons,Bilaspur,26
Shri Venkatesh Mandir,22.0868688,82.1516536,4.6,"hindu_temple, place_of_worship, point_of_interest, establishment",temples,Chhattisgarh,All Seasons,Bilaspur,18
Ram Tekri Mandir,22.2869298,82.1727847,4.3,"hindu_temple, tourist_attraction, place_of_worship, point_of_interest, establishment",temples,Chhattisgarh,All Seasons,Bilaspur,493
"Shri Sumukh Ganesh Temple ,Bilaspur",22.0674107,82.1647852,4.6,"hindu_temple, place_of_worship, point_of_interest, establishment",temples,Chhattisgarh,All Seasons,Bilaspur,197
Maa Manaka Devi Temple Domuhani,22.0568793,82.2127063,4.4,"hindu_temple, place_of_worship, point_of_interest, establishment",temples,Chhattisgarh,All Seasons,Bilaspur,38
Sri Aadi Shakti Mandir,22.0745631,82.1439772,4.4,"hindu_temple, place_of_worship, point_of_interest, establishment",temples,Chhattisgarh,All Seasons,Bilaspur,40
Swarnima Jyoti Dham Temple,22.1056851,82.1752763,4.6,"hindu_temple, place_of_worship, point_of_interest, establishment",temples,Chhattisgarh,All Seasons,Bilaspur,14
Temple,22.058988,82.1581449,5,"hindu_temple, place_of_worship, point_of_interest, establishment",temples,Chhattisgarh,All Seasons,Bilaspur,1
Mata Chowrah Temple,22.0981994,82.1435563,4,"hindu_temple, place_of_worship, point_of_interest, establishment",temples,Chhattisgarh,All Seasons,Bilaspur,31
Jagannath Temple,22.0614804,82.1736916,4.6,"hindu_temple, place_of_worship, point_of_interest, establishment",temples,Chhattisgarh,All Seasons,Bilaspur,132
Bajrang Mandir,22.0757094,82.1584307,4.4,"hindu_temple, place_of_worship, point_of_interest, establishment",temples,Chhattisgarh,All Seasons,Bilaspur,16
Bajrang Bali Temple Bhilai,22.0540894,82.284078,5,"hindu_temple, place_of_worship, point_of_interest, establishment",temples,Chhattisgarh,All Seasons,Bilaspur,2
Shri Balaji Mandir,22.0611547,82.1751558,4.8,"hindu_temple, place_of_worship, point_of_interest, establishment",temples,Chhattisgarh,All Seasons,Bilaspur,54
Mahamayi Matachaoura Mandir,22.0931298,82.1365388,4.4,"hindu_temple, place_of_worship, point_of_interest, establishment",temples,Chhattisgarh,All Seasons,Bilaspur,13
"Malhar Shri Devri temple - Bilaspur District, Chhattisgarh, India",21.8928457,82.277641,4.3,"hindu_temple, place_of_worship, point_of_interest, establishment",temples,Chhattisgarh,All Seasons,Bilaspur,59
Sai Mandir,22.0704168,82.14981460000001,4.5,"hindu_temple, place_of_worship, point_of_interest, establishment",temples,Chhattisgarh,All Seasons,Bilaspur,111
One Tree Hill,22.070357,82.1954842,4.5,"tourist_attraction, point_of_interest, establishment",hills,Chhattisgarh,Winter,Bilaspur,15
Khutaghat Hill Top View,22.2930099,82.2161698,4.8,"tourist_attraction, point_of_interest, establishment",hills,Chhattisgarh,Winter,Bilaspur,11
Hill view point,22.2940342,82.2141269,3.7,"tourist_attraction, point_of_interest, establishment",hills,Chhattisgarh,Winter,Bilaspur,3
Dalha hill's,22.0971935,82.40905719999999,4.2,"hindu_temple, place_of_worship, point_of_interest, establishment",hills,Chhattisgarh,Winter,Bilaspur,5
Desi hill man's wear,22.1509405,82.39561119999999,4.4,"clothing_store, store, point_of_interest, establishment",hills,Chhattisgarh,Winter,Bilaspur,16
Kaka hill,22.3134668,82.1446017,3.7,"tourist_attraction, point_of_interest, establishment",hills,Chhattisgarh,Winter,Bilaspur,3
Dalha Pahad Peak Point,22.0986643,82.400455,4.5,"tourist_attraction, point_of_interest, establishment",hills,Chhattisgarh,Winter,Bilaspur,219
Cheparani Mandir,22.316375,82.3168536,3.8,"hindu_temple, place_of_worship, point_of_interest, establishment",hills,Chhattisgarh,Winter,Bilaspur,24
Blue Hills Cafe & Restaurant,22.0789196,82.1450614,0,"restaurant, food, point_of_interest, establishment",hills,Chhattisgarh,Winter,Bilaspur,0
FASHION HILL,22.0478975,82.15708099999999,0,"clothing_store, store, point_of_interest, establishment",hills,Chhattisgarh,Winter,Bilaspur,0
Banahil,21.9436637,82.4286872,No rating,"locality, political",hills,Chhattisgarh,Winter,Bilaspur,0
Saga Hills,22.0283627,82.4302847,0,"park, point_of_interest, establishment",hills,Chhattisgarh,Winter,Bilaspur,0
Trippy Hills,22.0756489,82.1577952,0,"point_of_interest, establishment",hills,Chhattisgarh,Winter,Bilaspur,0
Courtyard by Marriott Bilaspur,22.0943758,82.12574769999999,4.2,"lodging, point_of_interest, establishment",hills,Chhattisgarh,Winter,Bilaspur,4192
Shiv talab chat ghat,22.0710132,82.19380749999999,4.2,"tourist_attraction, point_of_interest, establishment",attraction,Chhattisgarh,All Seasons,Bilaspur,20
GAJ KILA,22.2847948,82.167144,4.4,"tourist_attraction, point_of_interest, establishment",attraction,Chhattisgarh,All Seasons,Bilaspur,69
River View Point Part 2,22.085511,82.1618829,4,"tourist_attraction, point_of_interest, establishment",attraction,Chhattisgarh,All Seasons,Bilaspur,27
Shivghat Barrage,22.0949803,82.1397929,4.3,"tourist_attraction, point_of_interest, establishment",attraction,Chhattisgarh,All Seasons,Bilaspur,3
New River View Point,22.0896507,82.14675079999999,4.8,"tourist_attraction, point_of_interest, establishment",attraction,Chhattisgarh,All Seasons,Bilaspur,8
Manibandh View Point,22.0681674,81.9969575,3,"tourist_attraction, point_of_interest, establishment",attraction,Chhattisgarh,All Seasons,Bilaspur,4
Hill view point,22.2940342,82.2141269,3.7,"tourist_attraction, point_of_interest, establishment",attraction,Chhattisgarh,All Seasons,Bilaspur,3
Dalha Mountain,22.102876,82.4002266,5,"tourist_attraction, point_of_interest, establishment",attraction,Chhattisgarh,All Seasons,Bilaspur,5
Butapara,22.0550047,82.2146567,3.7,"tourist_attraction, point_of_interest, establishment",attraction,Chhattisgarh,All Seasons,Bilaspur,14
Chhatrapati Shivaji Maharaj Chowk,22.0856268,82.1462629,4.2,"tourist_attraction, point_of_interest, establishment",attraction,Chhattisgarh,All Seasons,Bilaspur,15
National Flag - Bilaspur,22.0898771,82.15286689999999,4.4,"tourist_attraction, point_of_interest, establishment",attraction,Chhattisgarh,All Seasons,Bilaspur,92
Kankan kua,22.2777042,82.1375545,5,"tourist_attraction, point_of_interest, establishment",attraction,Chhattisgarh,All Seasons,Bilaspur,1
Shivnath view point Bilaspur,21.8719264,82.06660409999999,2,"tourist_attraction, point_of_interest, establishment",attraction,Chhattisgarh,All Seasons,Bilaspur,2
View Point,22.3071618,82.08239929999999,3,"tourist_attraction, point_of_interest, establishment",attraction,Chhattisgarh,All Seasons,Bilaspur,2
Khutaghat Hill Top View,22.2930099,82.2161698,4.8,"tourist_attraction, point_of_interest, establishment",attraction,Chhattisgarh,All Seasons,Bilaspur,11
Madku Dweep (Mandukya Sage),21.841833,81.950636,4.1,"tourist_attraction, point_of_interest, establishment",attraction,Chhattisgarh,All Seasons,Bilaspur,252
Khuntaghat Ulat(Overflow),22.2941688,82.2132006,4.3,"tourist_attraction, point_of_interest, establishment",attraction,Chhattisgarh,All Seasons,Bilaspur,260
Dam Waterfall (Picnic Area ),22.2730047,81.9488394,4.8,"tourist_attraction, point_of_interest, establishment",attraction,Chhattisgarh,All Seasons,Bilaspur,4
"Kanan Pendari Zoological Garden, Bilaspur",22.1172652,82.0601641,4.1,"zoo, tourist_attraction, point_of_interest, establishment",attraction,Chhattisgarh,All Seasons,Bilaspur,7208
G Spot Bilha,21.9749369,82.0887032,5,"tourist_attraction, point_of_interest, establishment",attraction,Chhattisgarh,All Seasons,Bilaspur,16
Chhattisgarh Diaries View Point Lokhandi,22.1303482,82.1006738,4.3,"tourist_attraction, point_of_interest, establishment",attraction,Chhattisgarh,All Seasons,Bilaspur,9
Madku deep,21.8533955,81.939842,0,"tourist_attraction, point_of_interest, establishment",attraction,Chhattisgarh,All Seasons,Bilaspur,0
Ratanpur Fort,22.2847963,82.16714460000001,4.3,"tourist_attraction, museum, point_of_interest, establishment",attraction,Chhattisgarh,All Seasons,Bilaspur,1860
Jatiya talab chouk,22.0801968,82.1352639,4,"tourist_attraction, point_of_interest, establishment",attraction,Chhattisgarh,All Seasons,Bilaspur,11
पिकनिक स्पॉट lofandi,22.2162503,82.1026315,4,"tourist_attraction, point_of_interest, establishment",attraction,Chhattisgarh,All Seasons,Bilaspur,2
Rani sagar lake Kosmanda,22.0886155,82.39861289999999,4.5,"tourist_attraction, point_of_interest, establishment",attraction,Chhattisgarh,All Seasons,Bilaspur,2
Bhainsajhar Vrihat Sinchani Pariyojna,22.3007157,82.08248809999999,3.9,"tourist_attraction, point_of_interest, establishment",attraction,Chhattisgarh,All Seasons,Bilaspur,36
kopra dam,22.059439,82.0441944,4.1,"tourist_attraction, point_of_interest, establishment",attraction,Chhattisgarh,All Seasons,Bilaspur,11
One Tree Hill,22.070357,82.1954842,4.5,"tourist_attraction, point_of_interest, establishment",attraction,Chhattisgarh,All Seasons,Bilaspur,15
C.g,22.1339281,82.1087901,0,"tourist_attraction, point_of_interest, establishment",attraction,Chhattisgarh,All Seasons,Bilaspur,0
KARRANALA DAM AMERI,22.0451274,82.3693785,5,"tourist_attraction, point_of_interest, establishment",attraction,Chhattisgarh,All Seasons,Bilaspur,2
बड़ादेव ठाना चेपारानी,22.3162505,82.3178978,4.3,"tourist_attraction, point_of_interest, establishment",attraction,Chhattisgarh,All Seasons,Bilaspur,3
Chakarbhata bastti,22.007394,82.1051552,0,"tourist_attraction, point_of_interest, establishment",attraction,Chhattisgarh,All Seasons,Bilaspur,0
Dalha Pahad Peak Point,22.0986643,82.400455,4.5,"tourist_attraction, point_of_interest, establishment",attraction,Chhattisgarh,All Seasons,Bilaspur,219
Karranala Reservoir & Wetland Ameri,22.0448875,82.36823439999999,4,"tourist_attraction, point_of_interest, establishment",attraction,Chhattisgarh,All Seasons,Bilaspur,6
Bitkula Dam,22.1909317,82.4113025,4.3,"tourist_attraction, point_of_interest, establishment",attraction,Chhattisgarh,All Seasons,Bilaspur,6
Dabri,22.1340583,82.13824520000001,4.3,"tourist_attraction, point_of_interest, establishment",attraction,Chhattisgarh,All Seasons,Bilaspur,6
Ranigaon (Sandeep home),22.2484702,82.13689339999999,1.8,"tourist_attraction, point_of_interest, establishment",attraction,Chhattisgarh,All Seasons,Bilaspur,5
Madku Dweep,21.8368778,81.9500719,3.9,"tourist_attraction, point_of_interest, establishment",attraction,Chhattisgarh,All Seasons,Bilaspur,59
Picnik Spot Pondi,22.206303,82.326713,4,"tourist_attraction, point_of_interest, establishment",attraction,Chhattisgarh,All Seasons,Bilaspur,9
Hamar Bilaspur Selfie Zone,22.0565963,82.17116399999999,4.2,"tourist_attraction, point_of_interest, establishment",attraction,Chhattisgarh,All Seasons,Bilaspur,29
RISDA CHECK DAM,21.938956,82.3156817,3.9,"tourist_attraction, point_of_interest, establishment",attraction,Chhattisgarh,All Seasons,Bilaspur,7
Pondi Waterfall,22.2067,82.3447673,5,"tourist_attraction, point_of_interest, establishment",attraction,Chhattisgarh,All Seasons,Bilaspur,6
Arpa-Kharang Sangam,22.0582553,82.2183263,5,"tourist_attraction, point_of_interest, establishment",attraction,Chhattisgarh,All Seasons,Bilaspur,2
MADHUWA GROUND MADHUWA,22.0728125,82.3719375,0,"tourist_attraction, point_of_interest, establishment",attraction,Chhattisgarh,All Seasons,Bilaspur,0
Ram sagar talab Ghoramar,22.2536346,81.93631740000001,5,"tourist_attraction, point_of_interest, establishment",attraction,Chhattisgarh,All Seasons,Bilaspur,5
Vanchetna kendra pataita,22.310563,81.99100899999999,3.9,"tourist_attraction, point_of_interest, establishment",attraction,Chhattisgarh,All Seasons,Bilaspur,19
Ganga sagar mohalla,21.9650577,82.25138830000002,4.1,"tourist_attraction, point_of_interest, establishment",attraction,Chhattisgarh,All Seasons,Bilaspur,8
Chacheria Ghat,22.2566375,82.09470309999999,4.3,"tourist_attraction, point_of_interest, establishment",attraction,Chhattisgarh,All Seasons,Bilaspur,26
Oxyzone farms,22.154005,82.3171476,0,"tourist_attraction, point_of_interest, establishment",attraction,Chhattisgarh,All Seasons,Bilaspur,0
Bilaspur Station Steam Engine,22.0568998,82.17210190000002,4.1,"tourist_attraction, museum, point_of_interest, establishment",attraction,Chhattisgarh,All Seasons,Bilaspur,80
Kaka hill,22.3134668,82.1446017,3.7,"tourist_attraction, point_of_interest, establishment",attraction,Chhattisgarh,All Seasons,Bilaspur,3
Piparda ( Dalha),22.1238598,82.40461169999999,3.9,"tourist_attraction, point_of_interest, establishment",attraction,Chhattisgarh,All Seasons,Bilaspur,8
Hajrat saiyad baba abdul shah,22.0270899,82.3491804,4.2,"tourist_attraction, point_of_interest, establishment",attraction,Chhattisgarh,All Seasons,Bilaspur,29
Chatth Ghat bilaspur,22.0796545,82.1409152,0,"tourist_attraction, point_of_interest, establishment",attraction,Chhattisgarh,All Seasons,Bilaspur,0
Anicut Bar khadaan Deorikhurdh,22.0529819,82.21926549999999,4.4,"tourist_attraction, point_of_interest, establishment",attraction,Chhattisgarh,All Seasons,Bilaspur,20
नया तालाब महमंद,22.0352982,82.19457969999999,3,"tourist_attraction, point_of_interest, establishment",attraction,Chhattisgarh,All Seasons,Bilaspur,7
"Guru Ghasidas Mandir, Nayapara",22.1115515,82.1267218,5,"tourist_attraction, point_of_interest, establishment",attraction,Chhattisgarh,All Seasons,Bilaspur,1
SANSKAR GOL BAZAR NAGAR CHOWK,22.0848775,82.1561215,3.7,"tourist_attraction, point_of_interest, establishment",attraction,Chhattisgarh,All Seasons,Bilaspur,3
Changori pahadi,22.1270151,82.3742032,0,"tourist_attraction, point_of_interest, establishment",attraction,Chhattisgarh,All Seasons,Bilaspur,0
Dantewada park,18.8913368,81.3469647,4,"park, point_of_interest, establishment",parks,Chhattisgarh,Spring,Dantewada,42
Shahid Park,18.6473923,81.2358995,4.6,"park, point_of_interest, establishment",parks,Chhattisgarh,Spring,Dantewada,14
Ambedkar Park,18.6308536,81.2525868,4,"park, point_of_interest, establishment",parks,Chhattisgarh,Spring,Dantewada,183
Millennium Park Kirandul,18.6300104,81.2605456,4.1,"park, point_of_interest, establishment",parks,Chhattisgarh,Spring,Dantewada,45
Danteshwari Temple Park,18.897897,81.3439271,3.9,"park, point_of_interest, establishment",parks,Chhattisgarh,Spring,Dantewada,50
Ambedkar park Dantewada,18.8865691,81.3486353,4.2,"park, point_of_interest, establishment",parks,Chhattisgarh,Spring,Dantewada,9
Bailadila Range,18.7677638,81.22985299999999,4.2,"park, point_of_interest, establishment",parks,Chhattisgarh,Spring,Dantewada,131
Swami Vivekanand Udyan,18.9713173,81.392738,4.1,"park, point_of_interest, establishment",parks,Chhattisgarh,Spring,Dantewada,7
Circuit House Park,18.899987,81.3490558,4.3,"park, point_of_interest, establishment",parks,Chhattisgarh,Spring,Dantewada,4
Bharat Mata Mini Park,19.0069715,81.07699769999999,5,"park, point_of_interest, establishment",parks,Chhattisgarh,Spring,Dantewada,5
गोठान पब्लिक पार्क,19.1532877,81.3890248,5,"park, point_of_interest, establishment",parks,Chhattisgarh,Spring,Dantewada,1
Gadhi chowk Kirandul,18.6380568,81.25470779999999,3.8,"park, point_of_interest, establishment",parks,Chhattisgarh,Spring,Dantewada,11
Park,19.0395889,81.2818028,4,"park, point_of_interest, establishment",parks,Chhattisgarh,Spring,Dantewada,1
FSTP KIRANDUL,18.636718,81.26356779999999,5,"park, point_of_interest, establishment",parks,Chhattisgarh,Spring,Dantewada,1
Hi-tech Park,18.6977523,81.2512407,4.1,"park, point_of_interest, establishment",parks,Chhattisgarh,Spring,Dantewada,190
Ambedkar park,18.7066021,81.2515193,4.2,"park, point_of_interest, establishment",parks,Chhattisgarh,Spring,Dantewada,271
Bal Udyan Park,18.6978845,81.25118119999999,0,"park, point_of_interest, establishment",parks,Chhattisgarh,Spring,Dantewada,0
public park,19.1210452,81.37859569999999,0,"park, point_of_interest, establishment",parks,Chhattisgarh,Spring,Dantewada,0
माई की बगिया (दन्तेश्वरी मंदिर गार्डन),18.9737053,81.3974714,4.5,"park, point_of_interest, establishment",parks,Chhattisgarh,Spring,Dantewada,2
Krishna kunj Park,19.1208734,81.3772972,2.3,"park, point_of_interest, establishment",parks,Chhattisgarh,Spring,Dantewada,3
Tamdaghumar Waterfall Jagdalpur,19.1727992,81.6290483,4.4,"tourist_attraction, point_of_interest, establishment",parks,Chhattisgarh,Spring,Dantewada,843
"Bacheli waterfall, safed Pani",18.689167,81.23037599999999,4.4,"park, point_of_interest, establishment",parks,Chhattisgarh,Spring,Dantewada,25
Chill Pahad,18.6510617,81.2560848,5,"park, point_of_interest, establishment",parks,Chhattisgarh,Spring,Dantewada,1
Muchnar River beach,19.1262332,81.34216839999999,4.3,"park, point_of_interest, establishment",parks,Chhattisgarh,Spring,Dantewada,81
Enjoyful Nature,18.6303821,81.26056,5,"park, point_of_interest, establishment",parks,Chhattisgarh,Spring,Dantewada,1
Omxx forest,19.0106113,81.29240659999999,5,"park, point_of_interest, establishment",parks,Chhattisgarh,Spring,Dantewada,1
Jungle view,18.8924772,81.3409271,3,"park, point_of_interest, establishment",parks,Chhattisgarh,Spring,Dantewada,2
white grass flower,18.6855263,81.24635219999999,4.5,"park, point_of_interest, establishment",parks,Chhattisgarh,Spring,Dantewada,6
Bade bacheli rood,18.6694775,81.2684019,5,"park, point_of_interest, establishment",parks,Chhattisgarh,Spring,Dantewada,1
GAANDODI NATURE CAMP,18.8473125,81.3558125,5,"campground, park, lodging, point_of_interest, establishment",parks,Chhattisgarh,Spring,Dantewada,3
College chowk,18.6397701,81.264457,4.3,"park, point_of_interest, establishment",parks,Chhattisgarh,Spring,Dantewada,3
Nature view point,18.8757661,81.423403,3.8,"park, point_of_interest, establishment",parks,Chhattisgarh,Spring,Dantewada,5
Joint point,18.6734793,81.25332770000001,4,"park, point_of_interest, establishment",parks,Chhattisgarh,Spring,Dantewada,1
खूबानी वाटरफॉल kushan waterfall,19.0832119,81.445741,5,"park, point_of_interest, establishment",parks,Chhattisgarh,Spring,Dantewada,1
तामड़ा घूमर जलप्रपात,19.1726127,81.629341,4.6,"park, point_of_interest, establishment",parks,Chhattisgarh,Spring,Dantewada,5
मनोरमा चौक,19.004241,81.10289999999999,5,"park, point_of_interest, establishment",parks,Chhattisgarh,Spring,Dantewada,1
हिरिंगा राज देवगुड़ी,18.817031,81.3095718,0,"park, point_of_interest, establishment",parks,Chhattisgarh,Spring,Dantewada,0
Chhattisgarh govt Nursery,19.1261375,81.34360939999999,5,"park, point_of_interest, establishment",parks,Chhattisgarh,Spring,Dantewada,1
Balud Dam बालूद डेम,18.8940363,81.3890788,3.2,"park, point_of_interest, establishment",parks,Chhattisgarh,Spring,Dantewada,6
VAN MANDIR DANTEWADA (FOREST PARK),18.9091282,81.35121699999999,3.6,"park, point_of_interest, establishment",parks,Chhattisgarh,Spring,Dantewada,7
Nelasnar Camping Zone,19.0146272,81.19142409999999,0,"campground, park, lodging, point_of_interest, establishment",parks,Chhattisgarh,Spring,Dantewada,0
Chhindnar Camping Zone,19.079885,81.3034512,0,"campground, park, lodging, point_of_interest, establishment",parks,Chhattisgarh,Spring,Dantewada,0
माई की बगिया (दन्तेश्वरी मंदिर गार्डन),18.8971408,81.34456279999999,3.6,"park, point_of_interest, establishment",parks,Chhattisgarh,Spring,Dantewada,8
Oxygen park,18.6381575,81.25377069999999,0,"park, point_of_interest, establishment",parks,Chhattisgarh,Spring,Dantewada,0
Marine drive dantewada,18.8912086,81.3475206,4,"park, point_of_interest, establishment",parks,Chhattisgarh,Spring,Dantewada,1
शहीद स्मारक,18.9412852,81.3437994,3.4,"park, point_of_interest, establishment",parks,Chhattisgarh,Spring,Dantewada,5
Purantarai nursery पूरनतर‌ई नर्सरी,18.8938361,81.32197289999999,4.7,"park, point_of_interest, establishment",parks,Chhattisgarh,Spring,Dantewada,3
ऐक पेड़ मां के नाम,18.6333668,81.2558974,0,"park, point_of_interest, establishment",parks,Chhattisgarh,Spring,Dantewada,0
Common Lime butterfly hill,18.6606283,81.28460539999999,0,"park, point_of_interest, establishment",parks,Chhattisgarh,Spring,Dantewada,0
Nagul,18.9737053,81.3974714,0,"park, point_of_interest, establishment",parks,Chhattisgarh,Spring,Dantewada,0
रेका,19.1315998,81.4379714,0,"park, point_of_interest, establishment",parks,Chhattisgarh,Spring,Dantewada,0
कोरलापाल,19.0653707,81.34636689999999,0,"park, point_of_interest, establishment",parks,Chhattisgarh,Spring,Dantewada,0
JASHPURIYA AGRO FARM,18.8655578,81.3456568,5,"park, point_of_interest, establishment",parks,Chhattisgarh,Spring,Dantewada,1
Molasnar bade para,18.7451329,81.3194583,0,"park, point_of_interest, establishment",parks,Chhattisgarh,Spring,Dantewada,0
Nature of Dnt,18.9798709,81.4423276,0,"park, point_of_interest, establishment",parks,Chhattisgarh,Spring,Dantewada,0
Mama Bhanja Temple,19.1376496,81.3736369,4.3,"hindu_temple, tourist_attraction, place_of_worship, point_of_interest, establishment",parks,Chhattisgarh,Spring,Dantewada,348
Su,18.8815153,81.3750336,3,"park, point_of_interest, establishment",parks,Chhattisgarh,Spring,Dantewada,1
Kundan Pal,18.690066,81.617449,0,"park, point_of_interest, establishment",parks,Chhattisgarh,Spring,Dantewada,0
Sulfi पेड़,18.8580248,81.4461498,0,"park, point_of_interest, establishment",parks,Chhattisgarh,Spring,Dantewada,0
Damar plant j.j.construction Nasir khan,18.6486461,81.2686271,1,"park, point_of_interest, establishment",parks,Chhattisgarh,Spring,Dantewada,1
Dantewada Science Museum,18.8999708,81.34711159999999,2.3,"tourist_attraction, point_of_interest, establishment",museum,Chhattisgarh,Winter,Dantewada,3
"पुरातत्व संग्राहलय, Museum",19.1368711,81.3823136,4,"museum, point_of_interest, establishment",museum,Chhattisgarh,Winter,Dantewada,4
मन्दिर,19.1327697,81.3665324,5,"museum, point_of_interest, establishment",museum,Chhattisgarh,Winter,Dantewada,1
Jharalava Waterfall Jhirka,18.8241727,81.2392538,4.1,"tourist_attraction, point_of_interest, establishment",waterfalls,Chhattisgarh,Monsoon,Dantewada,170
Padapur Girish waterfall,18.6768004,81.2280956,4.2,"tourist_attraction, point_of_interest, establishment",waterfalls,Chhattisgarh,Monsoon,Dantewada,20
"Bacheli waterfall, safed Pani",18.689167,81.23037599999999,4.4,"park, point_of_interest, establishment",waterfalls,Chhattisgarh,Monsoon,Dantewada,25
Pondum Waterfall,18.8749429,81.4615497,3.9,"tourist_attraction, point_of_interest, establishment",waterfalls,Chhattisgarh,Monsoon,Dantewada,31
Irpa waterfall,18.9282877,81.5688387,4.4,"tourist_attraction, point_of_interest, establishment",waterfalls,Chhattisgarh,Monsoon,Dantewada,8
Bagh bodna waterfall matnaar,19.1705039,81.6372495,5,"tourist_attraction, point_of_interest, establishment",waterfalls,Chhattisgarh,Monsoon,Dantewada,2
Handawada waterfall hill top rest point,19.1540927,81.30142839999999,4.8,"tourist_attraction, point_of_interest, establishment",waterfalls,Chhattisgarh,Monsoon,Dantewada,4
Bastanar jharna [ waterfall ],18.9737914,81.56556950000001,3.6,"tourist_attraction, point_of_interest, establishment",waterfalls,Chhattisgarh,Monsoon,Dantewada,9
SALPI PANI WATERFALLS,19.10281,81.562702,4,"tourist_attraction, point_of_interest, establishment",waterfalls,Chhattisgarh,Monsoon,Dantewada,6
पोलुर waterfall,18.8761059,81.2322574,4,"tourist_attraction, point_of_interest, establishment",waterfalls,Chhattisgarh,Monsoon,Dantewada,9
पी. के. झरना,18.8082245,81.3474804,4.4,"tourist_attraction, point_of_interest, establishment",waterfalls,Chhattisgarh,Monsoon,Dantewada,10
खूबानी वाटरफॉल kushan waterfall,19.0832119,81.445741,5,"park, point_of_interest, establishment",waterfalls,Chhattisgarh,Monsoon,Dantewada,1
Mathadi Water Falls,18.8259556,81.5980246,1,"tourist_attraction, point_of_interest, establishment",waterfalls,Chhattisgarh,Monsoon,Dantewada,1
Tamdaghumar Waterfall Jagdalpur,19.1727992,81.6290483,4.4,"tourist_attraction, point_of_interest, establishment",waterfalls,Chhattisgarh,Monsoon,Dantewada,843
Muchnar River beach,19.1262332,81.34216839999999,4.3,"park, point_of_interest, establishment",beaches,Chhattisgarh,Summer,Dantewada,81
Kirandul town view point,18.6458125,81.2494375,4,"tourist_attraction, point_of_interest, establishment",beaches,Chhattisgarh,Summer,Dantewada,2
Danteshwari Mandir,18.8967225,81.3446598,4.6,"hindu_temple, place_of_worship, point_of_interest, establishment",temples,Chhattisgarh,All Seasons,Dantewada,2620
Dholkal Ganesh Temple Midkulnar,18.8885747,81.2304533,4.6,"hindu_temple, place_of_worship, point_of_interest, establishment",temples,Chhattisgarh,All Seasons,Dantewada,667
Shri Battisa Temple,19.1349235,81.3821858,4.3,"hindu_temple, tourist_attraction, place_of_worship, point_of_interest, establishment",temples,Chhattisgarh,All Seasons,Dantewada,275
Mama Bhanja Temple,19.1376496,81.3736369,4.3,"hindu_temple, tourist_attraction, place_of_worship, point_of_interest, establishment",temples,Chhattisgarh,All Seasons,Dantewada,348
Ganesh Temple Barsur,19.1341443,81.37360679999999,4.5,"hindu_temple, place_of_worship, point_of_interest, establishment",temples,Chhattisgarh,All Seasons,Dantewada,255
Bacheli Kali mata Temple ( Dilip kumar biswas ),18.6906618,81.2533992,5,"hindu_temple, place_of_worship, point_of_interest, establishment",temples,Chhattisgarh,All Seasons,Dantewada,10
VISHWNATH TEMPLE GUMARGUNDA,19.0003707,81.31283719999999,4.5,"hindu_temple, place_of_worship, point_of_interest, establishment",temples,Chhattisgarh,All Seasons,Dantewada,24
Shri Durga Mandir,18.7020976,81.2570582,4.4,"hindu_temple, place_of_worship, point_of_interest, establishment",temples,Chhattisgarh,All Seasons,Dantewada,7
Durga Temple,18.8916208,81.3493615,4.4,"hindu_temple, place_of_worship, point_of_interest, establishment",temples,Chhattisgarh,All Seasons,Dantewada,21
Pashupati Nath Mandir,18.6454169,81.2556566,4.4,"hindu_temple, place_of_worship, point_of_interest, establishment",temples,Chhattisgarh,All Seasons,Dantewada,13
Shiv Trishul Dholkal,18.9026439,81.22491210000001,4.7,"place_of_worship, point_of_interest, establishment",temples,Chhattisgarh,All Seasons,Dantewada,16
Mahadev temple ️,18.697387,81.4907517,5,"hindu_temple, place_of_worship, point_of_interest, establishment",temples,Chhattisgarh,All Seasons,Dantewada,1
BALAK SAMITI DURGA TEMPLE,18.6926503,81.25106989999999,5,"hindu_temple, place_of_worship, point_of_interest, establishment",temples,Chhattisgarh,All Seasons,Dantewada,16
Bajrangi hills,18.6339067,81.26339779999999,5,"hindu_temple, place_of_worship, point_of_interest, establishment",temples,Chhattisgarh,All Seasons,Dantewada,3
"Shiv Temple , Gandhi Nagar, Kirandul",18.6336362,81.2634291,4,"hindu_temple, place_of_worship, point_of_interest, establishment",temples,Chhattisgarh,All Seasons,Dantewada,31
Manokamneshwar mahadev mandir,18.9118984,81.3423541,5,"hindu_temple, place_of_worship, point_of_interest, establishment",temples,Chhattisgarh,All Seasons,Dantewada,3
Bramhaji Temple (Mirtur),18.8770511,81.1589462,4.8,"hindu_temple, place_of_worship, point_of_interest, establishment",temples,Chhattisgarh,All Seasons,Dantewada,5
Samlur Mahadev Shiv Temple,18.9767314,81.3036695,4.1,"hindu_temple, place_of_worship, point_of_interest, establishment",temples,Chhattisgarh,All Seasons,Dantewada,26
Hotel Hill top,18.6947664,81.2529405,3.7,"lodging, point_of_interest, establishment",hills,Chhattisgarh,Winter,Dantewada,441
Handawada waterfall hill top rest point,19.1540927,81.30142839999999,4.8,"tourist_attraction, point_of_interest, establishment",hills,Chhattisgarh,Winter,Dantewada,4
Bhairamgarh pushnar shiv mandir hill,19.0156152,81.0839909,5,"hindu_temple, place_of_worship, point_of_interest, establishment",hills,Chhattisgarh,Winter,Dantewada,1
Common Lime butterfly hill,18.6606283,81.28460539999999,0,"park, point_of_interest, establishment",hills,Chhattisgarh,Winter,Dantewada,0
Dantewada hills,18.8724217,81.23264929999999,0,"tourist_attraction, point_of_interest, establishment",hills,Chhattisgarh,Winter,Dantewada,0
Bailadila Range,18.7677638,81.22985299999999,4.2,"park, point_of_interest, establishment",hills,Chhattisgarh,Winter,Dantewada,131
Bajrangi hills,18.6339067,81.26339779999999,5,"hindu_temple, place_of_worship, point_of_interest, establishment",hills,Chhattisgarh,Winter,Dantewada,3
Nanndi hills (H-king),18.6310856,81.265649,5,"hindu_temple, place_of_worship, point_of_interest, establishment",hills,Chhattisgarh,Winter,Dantewada,2
Bailadila,18.7166667,81.2333333,4.2,"natural_feature, establishment",hills,Chhattisgarh,Winter,Dantewada,164
Bailadila Iron Ore Mines,18.6937815,81.22158999999999,4.4,"natural_feature, establishment",hills,Chhattisgarh,Winter,Dantewada,200
बैलाडीला व्यू पॉइंट,18.6925203,81.2224583,4.2,"tourist_attraction, point_of_interest, establishment",hills,Chhattisgarh,Winter,Dantewada,5
Tamdaghumar Waterfall Jagdalpur,19.1727992,81.6290483,4.4,"tourist_attraction, point_of_interest, establishment",hills,Chhattisgarh,Winter,Dantewada,843
Muchnar River beach,19.1262332,81.34216839999999,4.3,"park, point_of_interest, establishment",hills,Chhattisgarh,Winter,Dantewada,81
Bagh bodna waterfall matnaar,19.1705039,81.6372495,5,"tourist_attraction, point_of_interest, establishment",hills,Chhattisgarh,Winter,Dantewada,2
Kumarras dam,18.8366861,81.3629316,4.4,"tourist_attraction, point_of_interest, establishment",hills,Chhattisgarh,Winter,Dantewada,8
Burgum (Chitrakoot to barsur Road),19.128526,81.52078399999999,5,"local_government_office, point_of_interest, establishment",hills,Chhattisgarh,Winter,Dantewada,2
"Deposit 5, Bailadila Iron Ore Mine, NMDC.Ltd",18.6762837,81.18696489999999,4.5,"point_of_interest, establishment",hills,Chhattisgarh,Winter,Dantewada,38
Shree Shyam Guest House,18.635684,81.2540222,4.6,"lodging, point_of_interest, establishment",hills,Chhattisgarh,Winter,Dantewada,21
Dholkal Ganesh Temple Midkulnar,18.8885747,81.2304533,4.6,"hindu_temple, place_of_worship, point_of_interest, establishment",hills,Chhattisgarh,Winter,Dantewada,667
Tamdaghumar Waterfall Jagdalpur,19.1727992,81.6290483,4.4,"tourist_attraction, point_of_interest, establishment",attraction,Chhattisgarh,All Seasons,Dantewada,843
Padhapur View Point,18.6716101,81.25168529999999,3,"tourist_attraction, point_of_interest, establishment",attraction,Chhattisgarh,All Seasons,Dantewada,1
Jharalava Waterfall Jhirka,18.8241727,81.2392538,4.1,"tourist_attraction, point_of_interest, establishment",attraction,Chhattisgarh,All Seasons,Dantewada,170
GUMDA/ GUMDA DAM गुमड़ा/ गुमड़ा बाँध,18.9154511,81.4506586,3.6,"tourist_attraction, point_of_interest, establishment",attraction,Chhattisgarh,All Seasons,Dantewada,18
Handawada waterfall hill top rest point,19.1540927,81.30142839999999,4.8,"tourist_attraction, point_of_interest, establishment",attraction,Chhattisgarh,All Seasons,Dantewada,4
Footover bridge view point Shankhini Dankini Rivers Meeting Point,18.8997054,81.3434302,5,"tourist_attraction, point_of_interest, establishment",attraction,Chhattisgarh,All Seasons,Dantewada,2
Kadampal dam,18.6598088,81.2911439,3.5,"tourist_attraction, point_of_interest, establishment",attraction,Chhattisgarh,All Seasons,Dantewada,4
Chill point,18.6524995,81.25851349999999,5,"tourist_attraction, point_of_interest, establishment",attraction,Chhattisgarh,All Seasons,Dantewada,3
Pondum Waterfall,18.8749429,81.4615497,3.9,"tourist_attraction, point_of_interest, establishment",attraction,Chhattisgarh,All Seasons,Dantewada,31
Irpa waterfall,18.9282877,81.5688387,4.4,"tourist_attraction, point_of_interest, establishment",attraction,Chhattisgarh,All Seasons,Dantewada,8
Patarras Dantewada,18.8661608,81.3492328,5,"tourist_attraction, point_of_interest, establishment",attraction,Chhattisgarh,All Seasons,Dantewada,1
Anand shikhar,18.8935087,81.4102291,4.1,"tourist_attraction, point_of_interest, establishment",attraction,Chhattisgarh,All Seasons,Dantewada,21
Bagh bodna waterfall matnaar,19.1705039,81.6372495,5,"tourist_attraction, point_of_interest, establishment",attraction,Chhattisgarh,All Seasons,Dantewada,2
Mathadi Water Falls,18.8259556,81.5980246,1,"tourist_attraction, point_of_interest, establishment",attraction,Chhattisgarh,All Seasons,Dantewada,1
Padapur Girish waterfall,18.6768004,81.2280956,4.2,"tourist_attraction, point_of_interest, establishment",attraction,Chhattisgarh,All Seasons,Dantewada,20
Chandenar lake,18.8394109,81.36378549999999,4.7,"tourist_attraction, point_of_interest, establishment",attraction,Chhattisgarh,All Seasons,Dantewada,20
Dantewada hills,18.8724217,81.23264929999999,0,"tourist_attraction, point_of_interest, establishment",attraction,Chhattisgarh,All Seasons,Dantewada,0
बैलाडीला व्यू पॉइंट,18.6925203,81.2224583,4.2,"tourist_attraction, point_of_interest, establishment",attraction,Chhattisgarh,All Seasons,Dantewada,5
Gamawada Picnic Spot,18.8172935,81.3100044,3.4,"tourist_attraction, point_of_interest, establishment",attraction,Chhattisgarh,All Seasons,Dantewada,8
Dantewada jhodiyabadam,18.943433,81.32721699999999,5,"tourist_attraction, point_of_interest, establishment",attraction,Chhattisgarh,All Seasons,Dantewada,1
Kumarras dam,18.8366861,81.3629316,4.4,"tourist_attraction, point_of_interest, establishment",attraction,Chhattisgarh,All Seasons,Dantewada,8
SALPI PANI WATERFALLS,19.10281,81.562702,4,"tourist_attraction, point_of_interest, establishment",attraction,Chhattisgarh,All Seasons,Dantewada,6
Night Garden,18.8998486,81.34743,0,"tourist_attraction, point_of_interest, establishment",attraction,Chhattisgarh,All Seasons,Dantewada,0
Chandenar nakapara Dantewada,18.8217492,81.38403989999999,3.5,"tourist_attraction, point_of_interest, establishment",attraction,Chhattisgarh,All Seasons,Dantewada,6
Bastanar Ghati Bastar Chhattisgarh,18.9741652,81.5580006,4.1,"tourist_attraction, point_of_interest, establishment",attraction,Chhattisgarh,All Seasons,Dantewada,14
वन मन्दिर,18.8998486,81.34743,0,"tourist_attraction, point_of_interest, establishment",attraction,Chhattisgarh,All Seasons,Dantewada,0
Nelasnar Picnic Spot,19.0132739,81.18106170000001,3.5,"tourist_attraction, point_of_interest, establishment",attraction,Chhattisgarh,All Seasons,Dantewada,4
Malngawah water fall,18.7002551,81.4008255,5,"tourist_attraction, point_of_interest, establishment",attraction,Chhattisgarh,All Seasons,Dantewada,2
पोलुर waterfall,18.8761059,81.2322574,4,"tourist_attraction, point_of_interest, establishment",attraction,Chhattisgarh,All Seasons,Dantewada,9
Dantewada Science Museum,18.8999708,81.34711159999999,2.3,"tourist_attraction, point_of_interest, establishment",attraction,Chhattisgarh,All Seasons,Dantewada,3
पी. के. झरना,18.8082245,81.3474804,4.4,"tourist_attraction, point_of_interest, establishment",attraction,Chhattisgarh,All Seasons,Dantewada,10
Bastanar jharna [ waterfall ],18.9737914,81.56556950000001,3.6,"tourist_attraction, point_of_interest, establishment",attraction,Chhattisgarh,All Seasons,Dantewada,9
Jhudiyabadam anicut,18.9325625,81.32693750000001,0,"tourist_attraction, point_of_interest, establishment",attraction,Chhattisgarh,All Seasons,Dantewada,0
Shri Battisa Temple,19.1349235,81.3821858,4.3,"hindu_temple, tourist_attraction, place_of_worship, point_of_interest, establishment",attraction,Chhattisgarh,All Seasons,Dantewada,275
Beech Park,20.9789073,81.2918554,4.2,"park, point_of_interest, establishment",parks,Chhattisgarh,Spring,Dhamtari,20
Lake view park,20.4466065,81.6330092,0,"park, point_of_interest, establishment",parks,Chhattisgarh,Spring,Dhamtari,0
Swami Vivekanand Park Darra,20.7131984,81.44659639999999,4.9,"park, point_of_interest, establishment",parks,Chhattisgarh,Spring,Dhamtari,9
City Park,20.6968054,81.555028,3.8,"park, point_of_interest, establishment",parks,Chhattisgarh,Spring,Dhamtari,139
NHP park,20.4514196,81.6281668,0,"park, point_of_interest, establishment",parks,Chhattisgarh,Spring,Dhamtari,0
Nature View Gangrel,20.6252143,81.5646183,4.2,"park, point_of_interest, establishment",parks,Chhattisgarh,Spring,Dhamtari,126
"Park ,Sarekha",20.8508863,81.3153998,4.3,"park, point_of_interest, establishment",parks,Chhattisgarh,Spring,Dhamtari,4
सुखा तालाब,20.7868127,81.65262620000001,0,"park, point_of_interest, establishment",parks,Chhattisgarh,Spring,Dhamtari,0
Green Adventure Park,20.617768,81.5611572,4,"park, point_of_interest, establishment",parks,Chhattisgarh,Spring,Dhamtari,199
Atal Vihar,20.7130539,81.5406745,3.9,"park, point_of_interest, establishment",parks,Chhattisgarh,Spring,Dhamtari,30
Senchury park dhamtari,20.7042393,81.54801619999999,4.3,"park, point_of_interest, establishment",parks,Chhattisgarh,Spring,Dhamtari,6
Chill Zone,20.8100305,81.3567296,4.3,"park, point_of_interest, establishment",parks,Chhattisgarh,Spring,Dhamtari,3
Atal Maitri Park,20.7056542,81.56075659999999,4.2,"park, point_of_interest, establishment",parks,Chhattisgarh,Spring,Dhamtari,23
Iraguda party place,20.8987425,81.283096,0,"park, point_of_interest, establishment",parks,Chhattisgarh,Spring,Dhamtari,0
Shivaji park,20.9734833,81.2933671,3.5,"park, point_of_interest, establishment",parks,Chhattisgarh,Spring,Dhamtari,2
Shatabdi Garden,20.7014999,81.55415789999999,3.6,"park, point_of_interest, establishment",parks,Chhattisgarh,Spring,Dhamtari,153
Shanti sahu,20.4419743,81.4541569,5,"park, point_of_interest, establishment",parks,Chhattisgarh,Spring,Dhamtari,2
Near rever,20.8319933,81.806039,0,"park, point_of_interest, establishment",parks,Chhattisgarh,Spring,Dhamtari,0
बाजार चौक भेड़सर,20.9167496,81.62190249999999,4.1,"park, point_of_interest, establishment",parks,Chhattisgarh,Spring,Dhamtari,10
Last Garden,20.6564718,81.56377839999999,5,"park, point_of_interest, establishment",parks,Chhattisgarh,Spring,Dhamtari,1
Gangrel Dam,20.6166782,81.5644312,4.2,"park, point_of_interest, establishment",parks,Chhattisgarh,Spring,Dhamtari,843
Gurunanak marriage garden,20.6745442,81.4023462,5,"park, point_of_interest, establishment",parks,Chhattisgarh,Spring,Dhamtari,12
Dhaan Mandi,20.7388109,81.7071301,5,"park, point_of_interest, establishment",parks,Chhattisgarh,Spring,Dhamtari,2
Atal Park,20.7152876,81.5414729,4,"park, point_of_interest, establishment",parks,Chhattisgarh,Spring,Dhamtari,2
Century park,20.7043214,81.5514154,3,"park, point_of_interest, establishment",parks,Chhattisgarh,Spring,Dhamtari,2
NAYA TALAB DEVRI,20.8649465,81.6128937,4.5,"park, point_of_interest, establishment",parks,Chhattisgarh,Spring,Dhamtari,2
Radha swami satsang Vyas,20.8110331,81.359015,3.8,"park, point_of_interest, establishment",parks,Chhattisgarh,Spring,Dhamtari,13
Diggi baadi,20.9517758,81.26486469999999,5,"park, point_of_interest, establishment",parks,Chhattisgarh,Spring,Dhamtari,4
Verma field (Gopal),20.9751018,81.5105962,5,"park, point_of_interest, establishment",parks,Chhattisgarh,Spring,Dhamtari,1
Tariya,20.8286979,81.715465,4,"park, point_of_interest, establishment",parks,Chhattisgarh,Spring,Dhamtari,2
गड़भेडा तालाब,20.9453792,81.7275682,5,"park, point_of_interest, establishment",parks,Chhattisgarh,Spring,Dhamtari,5
Chhagan sonkar,20.9354079,81.5717117,4,"park, point_of_interest, establishment",parks,Chhattisgarh,Spring,Dhamtari,1
Gileshwar Sahu,20.773408,81.6345589,5,"park, point_of_interest, establishment",parks,Chhattisgarh,Spring,Dhamtari,2
Runner 1600 mtr,20.8747126,81.772472,4.3,"park, point_of_interest, establishment",parks,Chhattisgarh,Spring,Dhamtari,6
Vvnb,20.8889221,81.78891329999999,5,"park, point_of_interest, establishment",parks,Chhattisgarh,Spring,Dhamtari,1
पवई माता प्रवेश द्वार,20.692378,81.7609121,5,"park, point_of_interest, establishment",parks,Chhattisgarh,Spring,Dhamtari,1
"डॉ. एपीजे अब्दुल कलाम गार्डन, कुरुद",20.8346044,81.7085319,4,"park, point_of_interest, establishment",parks,Chhattisgarh,Spring,Dhamtari,35
RK TENT HOUSE LIMTARA,20.7708377,81.60501400000001,5,"campground, lodging, park, point_of_interest, establishment",parks,Chhattisgarh,Spring,Dhamtari,1
The Marine Drivr Garden,20.6863819,81.62828449999999,0,"park, point_of_interest, establishment",parks,Chhattisgarh,Spring,Dhamtari,0
Tokeshwar sahu,20.761937,81.37405199999999,3,"park, point_of_interest, establishment",parks,Chhattisgarh,Spring,Dhamtari,2
Motilal Nehru Garden,20.7150631,81.54184769999999,3.5,"park, point_of_interest, establishment",parks,Chhattisgarh,Spring,Dhamtari,449
Makai Talab Garden,20.7107037,81.55076199999999,4,"park, point_of_interest, establishment",parks,Chhattisgarh,Spring,Dhamtari,413
Central Garden,20.8937253,81.6000838,3.9,"park, point_of_interest, establishment",parks,Chhattisgarh,Spring,Dhamtari,67
KGF Kiran Green Farms,20.632463,81.433101,5,"park, point_of_interest, establishment",parks,Chhattisgarh,Spring,Dhamtari,2
Sanskar Jain Mulle Farms,20.9512222,81.70325,5,"park, point_of_interest, establishment",parks,Chhattisgarh,Spring,Dhamtari,1
Shiv mandir dhaurabhatha,20.790169,81.615661,3.5,"park, point_of_interest, establishment",parks,Chhattisgarh,Spring,Dhamtari,8
पवई जलप्रपात मार्ग P9,20.6919838,81.7565471,5,"park, point_of_interest, establishment",parks,Chhattisgarh,Spring,Dhamtari,1
Garden,20.75424,81.6567558,5,"park, point_of_interest, establishment",parks,Chhattisgarh,Spring,Dhamtari,1
"Sunita Park,Shesu Enterprise & Shesu Goshala",20.9258122,81.3109303,3.6,"park, point_of_interest, establishment",parks,Chhattisgarh,Spring,Dhamtari,9
Baiga borgahan,20.8798069,81.3610661,5,"park, point_of_interest, establishment",parks,Chhattisgarh,Spring,Dhamtari,2
Kaju garden,20.4946202,81.4044931,5,"park, point_of_interest, establishment",parks,Chhattisgarh,Spring,Dhamtari,1
Bheja Garden,20.655131,81.44702699999999,5,"park, point_of_interest, establishment",parks,Chhattisgarh,Spring,Dhamtari,2
DMT KING,20.7028259,81.54627769999999,4.3,"park, point_of_interest, establishment",parks,Chhattisgarh,Spring,Dhamtari,4
RRz CAMP,20.5693959,81.5406675,5,"park, point_of_interest, establishment",parks,Chhattisgarh,Spring,Dhamtari,10
Madamsilli dam,20.541179,81.6649182,4.1,"tourist_attraction, park, point_of_interest, establishment",parks,Chhattisgarh,Spring,Dhamtari,692
Mango Garden,20.5143645,81.3891227,4,"park, point_of_interest, establishment",parks,Chhattisgarh,Spring,Dhamtari,1
dinesh thakur,20.813796,81.2957282,5,"park, point_of_interest, establishment",parks,Chhattisgarh,Spring,Dhamtari,2
Bhothipar maidan,20.8041875,81.5479375,3.5,"park, point_of_interest, establishment",parks,Chhattisgarh,Spring,Dhamtari,2
Khatti dam,20.8973211,81.8220657,4.3,"park, point_of_interest, establishment",parks,Chhattisgarh,Spring,Dhamtari,9
पवई जलप्रपात मार्ग P5,20.6932124,81.75376299999999,5,"park, point_of_interest, establishment",parks,Chhattisgarh,Spring,Dhamtari,1
Maurikala Gufa,20.9246193,81.80907739999999,4.5,"museum, point_of_interest, establishment",museum,Chhattisgarh,Winter,Dhamtari,20
Lalla Led wall,20.7148264,81.586475,0,"museum, point_of_interest, establishment",museum,Chhattisgarh,Winter,Dhamtari,0
Dhananjay sahu,20.7182934,81.4297333,0,"museum, point_of_interest, establishment",museum,Chhattisgarh,Winter,Dhamtari,0
Maraurdh plot,20.8944802,81.68700679999999,3.7,"museum, point_of_interest, establishment",museum,Chhattisgarh,Winter,Dhamtari,16
Balsamund,20.9696677,81.5937256,0,"museum, point_of_interest, establishment",museum,Chhattisgarh,Winter,Dhamtari,0
Maurikala cave,20.9297387,81.8087721,0,"museum, point_of_interest, establishment",museum,Chhattisgarh,Winter,Dhamtari,0
Raja nivash,20.7707887,81.6030455,0,"museum, point_of_interest, establishment",museum,Chhattisgarh,Winter,Dhamtari,0
Siyadevi Waterfall,20.6201362,81.2846838,4.2,"tourist_attraction, point_of_interest, establishment",waterfalls,Chhattisgarh,Monsoon,Dhamtari,637
Narhara Waterfall,20.6000762,81.7840634,4.1,"tourist_attraction, point_of_interest, establishment",waterfalls,Chhattisgarh,Monsoon,Dhamtari,729
Hidden waterfall kinargondi,20.62096,81.2654283,5,"tourist_attraction, point_of_interest, establishment",waterfalls,Chhattisgarh,Monsoon,Dhamtari,4
Gahandar waterfall,20.5981576,81.72903769999999,4,"tourist_attraction, point_of_interest, establishment",waterfalls,Chhattisgarh,Monsoon,Dhamtari,41
Pawai Rani Waterfall Pahanda (Picnic Spot),20.6941476,81.7649039,4,"tourist_attraction, point_of_interest, establishment",waterfalls,Chhattisgarh,Monsoon,Dhamtari,12
Shri Siyadevi Temple,20.619904,81.2848029,4.2,"hindu_temple, tourist_attraction, place_of_worship, point_of_interest, establishment",waterfalls,Chhattisgarh,Monsoon,Dhamtari,2127
Narhara waterfall Forest Trail,20.6215028,81.7738423,5,"tourist_attraction, point_of_interest, establishment",waterfalls,Chhattisgarh,Monsoon,Dhamtari,1
Pawai Rani waterfall Forest Trail,20.6921623,81.748989,5,"tourist_attraction, point_of_interest, establishment",waterfalls,Chhattisgarh,Monsoon,Dhamtari,2
🌊PAWAI RANI WATERFALL PAHANDA 🌊,20.6968704,81.7298155,5,"tourist_attraction, point_of_interest, establishment",waterfalls,Chhattisgarh,Monsoon,Dhamtari,1
पवई रानी जलप्रपात मार्ग pawai rani waterfall 2.Km,20.6969892,81.7307701,5,"tourist_attraction, point_of_interest, establishment",waterfalls,Chhattisgarh,Monsoon,Dhamtari,4
Masul (Waterfall),20.6117736,81.3832309,3.7,"tourist_attraction, point_of_interest, establishment",waterfalls,Chhattisgarh,Monsoon,Dhamtari,6
Nature View Gangrel,20.6252143,81.5646183,4.2,"park, point_of_interest, establishment",waterfalls,Chhattisgarh,Monsoon,Dhamtari,126
Sunset viewpoint Futahamuda,20.6085671,81.6134465,4.5,"tourist_attraction, point_of_interest, establishment",waterfalls,Chhattisgarh,Monsoon,Dhamtari,17
ManMade Waterfall Dumarpani-Bahanapani-Kusumpani,20.4505654,81.5645425,0,"tourist_attraction, point_of_interest, establishment",waterfalls,Chhattisgarh,Monsoon,Dhamtari,0
Backwaters Gangrel Onakona,20.5739352,81.4454051,4.7,"tourist_attraction, point_of_interest, establishment",waterfalls,Chhattisgarh,Monsoon,Dhamtari,12
Chhatrapati Shivaji Square,20.7085674,81.5448947,4.8,"tourist_attraction, point_of_interest, establishment",waterfalls,Chhattisgarh,Monsoon,Dhamtari,6
Mini Goa,20.6148673,81.56160589999999,3.9,"tourist_attraction, point_of_interest, establishment",waterfalls,Chhattisgarh,Monsoon,Dhamtari,623
carnivorous animal habitat,20.6031692,81.79118609999999,4,"tourist_attraction, point_of_interest, establishment",waterfalls,Chhattisgarh,Monsoon,Dhamtari,1
Madamsilli dam,20.541179,81.6649182,4.1,"tourist_attraction, park, point_of_interest, establishment",waterfalls,Chhattisgarh,Monsoon,Dhamtari,692
Gangrel Dam,20.6166782,81.5644312,4.2,"park, point_of_interest, establishment",waterfalls,Chhattisgarh,Monsoon,Dhamtari,843
Beech Park,20.9789073,81.2918554,4.2,"park, point_of_interest, establishment",beaches,Chhattisgarh,Summer,Dhamtari,20
Bova Beach,20.6143886,81.5594902,4.3,"tourist_attraction, point_of_interest, establishment",beaches,Chhattisgarh,Summer,Dhamtari,41
Goa beach ( maharin tariya),20.7558317,81.70424469999999,0,"park, point_of_interest, establishment",beaches,Chhattisgarh,Summer,Dhamtari,0
Mini Goa,20.6148673,81.56160589999999,3.9,"tourist_attraction, point_of_interest, establishment",beaches,Chhattisgarh,Summer,Dhamtari,623
Shri Siyadevi Temple,20.619904,81.2848029,4.2,"hindu_temple, tourist_attraction, place_of_worship, point_of_interest, establishment",beaches,Chhattisgarh,Summer,Dhamtari,2127
View Point 2 Gangrel dam,20.6200625,81.5633125,4.4,"tourist_attraction, point_of_interest, establishment",beaches,Chhattisgarh,Summer,Dhamtari,32
Green Adventure Park,20.617768,81.5611572,4,"park, point_of_interest, establishment",beaches,Chhattisgarh,Summer,Dhamtari,199
Madamsilli dam,20.541179,81.6649182,4.1,"tourist_attraction, park, point_of_interest, establishment",beaches,Chhattisgarh,Summer,Dhamtari,692
Rudri Dam,20.6582022,81.5615947,4.2,"tourist_attraction, point_of_interest, establishment",beaches,Chhattisgarh,Summer,Dhamtari,160
कृष्णा गोपाल गोथन सांगली,20.801018,81.4620667,2.5,"zoo, point_of_interest, establishment",zoo,Chhattisgarh,Winter,Dhamtari,2
Shri Siyadevi Temple,20.619904,81.2848029,4.2,"hindu_temple, tourist_attraction, place_of_worship, point_of_interest, establishment",temples,Chhattisgarh,All Seasons,Dhamtari,2127
Hanuman ji temple,20.8893179,81.2967115,5,"hindu_temple, place_of_worship, point_of_interest, establishment",temples,Chhattisgarh,All Seasons,Dhamtari,1
Lingeshwar mahadev temple,20.8127462,81.4545682,4.3,"hindu_temple, place_of_worship, point_of_interest, establishment",temples,Chhattisgarh,All Seasons,Dhamtari,4
BABA DHAM TEMPLE,20.8429935,81.3823346,5,"hindu_temple, place_of_worship, point_of_interest, establishment",temples,Chhattisgarh,All Seasons,Dhamtari,7
Lord Shree Govardhan Giridhari Temple,20.9764306,81.4321416,4,"hindu_temple, place_of_worship, point_of_interest, establishment",temples,Chhattisgarh,All Seasons,Dhamtari,1
Rudra Temple Onakona,20.5745849,81.4446099,4.3,"hindu_temple, place_of_worship, point_of_interest, establishment",temples,Chhattisgarh,All Seasons,Dhamtari,653
Bajrang Bali Temple Loharsi Road Mujgahan Dhamtari बजरंग बली मन्दिर लोहरसी रोड़ मुजगहन धमतरी,20.7245829,81.5202525,3.7,"hindu_temple, place_of_worship, point_of_interest, establishment",temples,Chhattisgarh,All Seasons,Dhamtari,3
Lord Shiva Temple,20.6613528,81.5618801,4.4,"hindu_temple, place_of_worship, point_of_interest, establishment",temples,Chhattisgarh,All Seasons,Dhamtari,77
Shri Kauhi Temple,20.9411519,81.5707923,4.1,"hindu_temple, place_of_worship, point_of_interest, establishment",temples,Chhattisgarh,All Seasons,Dhamtari,145
jay angarmoti purena,20.9326854,81.6499051,4.5,"hindu_temple, place_of_worship, point_of_interest, establishment",temples,Chhattisgarh,All Seasons,Dhamtari,11
Shri Jagannath Mandir,20.706611,81.5493224,4.4,"hindu_temple, place_of_worship, point_of_interest, establishment",temples,Chhattisgarh,All Seasons,Dhamtari,52
Omkareshwar Shiva temple,20.798075,81.4771265,4.2,"hindu_temple, place_of_worship, point_of_interest, establishment",temples,Chhattisgarh,All Seasons,Dhamtari,32
Shri Hanuman Temple,20.8596309,81.7541734,4.6,"hindu_temple, place_of_worship, point_of_interest, establishment",temples,Chhattisgarh,All Seasons,Dhamtari,14
Lord Shiv Temple,20.6999358,81.53363139999999,3.8,"hindu_temple, place_of_worship, point_of_interest, establishment",temples,Chhattisgarh,All Seasons,Dhamtari,15
Nagdev Temple Hatkeshar Dhamatari,20.7163457,81.54079759999999,4.2,"hindu_temple, place_of_worship, point_of_interest, establishment",temples,Chhattisgarh,All Seasons,Dhamtari,12
Sai Temple Kukrel,20.6294548,81.6407442,4.5,"hindu_temple, place_of_worship, point_of_interest, establishment",temples,Chhattisgarh,All Seasons,Dhamtari,13
Shiv hanumaan temple,20.7962531,81.71523959999999,5,"hindu_temple, place_of_worship, point_of_interest, establishment",temples,Chhattisgarh,All Seasons,Dhamtari,1
Shiv Temple Tahkapar,20.4522713,81.44968639999999,5,"hindu_temple, place_of_worship, point_of_interest, establishment",temples,Chhattisgarh,All Seasons,Dhamtari,2
Santoshi temple,20.9096696,81.4300165,4.8,"hindu_temple, place_of_worship, point_of_interest, establishment",temples,Chhattisgarh,All Seasons,Dhamtari,4
Mahamaya Mandir,20.8724647,81.4611323,4.3,"hindu_temple, place_of_worship, point_of_interest, establishment",temples,Chhattisgarh,All Seasons,Dhamtari,15
Shri Hanuman Temple,20.8775503,81.69449759999999,4,"hindu_temple, place_of_worship, point_of_interest, establishment",temples,Chhattisgarh,All Seasons,Dhamtari,16
Panchmukhi Hanuman Temple,20.716787,81.5297817,5,"hindu_temple, place_of_worship, point_of_interest, establishment",temples,Chhattisgarh,All Seasons,Dhamtari,2
Temple,20.8895677,81.2941712,5,"hindu_temple, place_of_worship, point_of_interest, establishment",temples,Chhattisgarh,All Seasons,Dhamtari,1
Shiv Mandir,20.6942028,81.5315802,4.4,"hindu_temple, place_of_worship, point_of_interest, establishment",temples,Chhattisgarh,All Seasons,Dhamtari,9
Guru Baba Ghasidas Temple Dhamna,20.9212873,81.45123389999999,4.7,"place_of_worship, point_of_interest, establishment",temples,Chhattisgarh,All Seasons,Dhamtari,3
Gayatri Temple,20.4707728,81.36385779999999,4,"hindu_temple, place_of_worship, point_of_interest, establishment",temples,Chhattisgarh,All Seasons,Dhamtari,1
Ancient Shiva Temple,20.8023571,81.33330959999999,4.9,"hindu_temple, place_of_worship, point_of_interest, establishment",temples,Chhattisgarh,All Seasons,Dhamtari,7
Shiva Temple,20.6762153,81.5506656,5,"hindu_temple, place_of_worship, point_of_interest, establishment",temples,Chhattisgarh,All Seasons,Dhamtari,1
sai mandir,20.697363,81.5298869,4.5,"hindu_temple, place_of_worship, point_of_interest, establishment",temples,Chhattisgarh,All Seasons,Dhamtari,22
Mahakal Temple,20.6469958,81.623301,5,"hindu_temple, place_of_worship, point_of_interest, establishment",temples,Chhattisgarh,All Seasons,Dhamtari,1
Shri Hanuman Temple - Pairi (गौरैया मोड),20.8488246,81.2608283,4.9,"hindu_temple, place_of_worship, point_of_interest, establishment",temples,Chhattisgarh,All Seasons,Dhamtari,16
Shakti Dham Temple,20.9182814,81.5387693,5,"hindu_temple, place_of_worship, point_of_interest, establishment",temples,Chhattisgarh,All Seasons,Dhamtari,2
sitla temple,20.7194975,81.26863139999999,5,"hindu_temple, place_of_worship, point_of_interest, establishment",temples,Chhattisgarh,All Seasons,Dhamtari,1
hanuman temple,20.7178526,81.26991389999999,4.2,"hindu_temple, place_of_worship, point_of_interest, establishment",temples,Chhattisgarh,All Seasons,Dhamtari,5
Shiv Temple,20.8643656,81.8016301,4,"hindu_temple, place_of_worship, point_of_interest, establishment",temples,Chhattisgarh,All Seasons,Dhamtari,2
Shiva temple,20.6667076,81.5499335,5,"hindu_temple, place_of_worship, point_of_interest, establishment",temples,Chhattisgarh,All Seasons,Dhamtari,3
Mahamai Mandir,20.9007077,81.5578196,4.3,"hindu_temple, place_of_worship, point_of_interest, establishment",temples,Chhattisgarh,All Seasons,Dhamtari,9
"Gayatri Gyan Mandir Mohara,chhattisgarh 491222",20.809912,81.42372470000001,4.3,"hindu_temple, place_of_worship, point_of_interest, establishment",temples,Chhattisgarh,All Seasons,Dhamtari,12
Hanuman Temple,20.714423,81.63474219999999,3.6,"hindu_temple, place_of_worship, point_of_interest, establishment",temples,Chhattisgarh,All Seasons,Dhamtari,14
Sree Raja Raw Baba Temple,20.59282,81.4076906,4.2,"place_of_worship, point_of_interest, establishment",temples,Chhattisgarh,All Seasons,Dhamtari,34
शिव मन्दिर,20.7128262,81.5511298,4.4,"hindu_temple, place_of_worship, point_of_interest, establishment",temples,Chhattisgarh,All Seasons,Dhamtari,7
Shiv temple,20.852245,81.62290700000001,5,"hindu_temple, place_of_worship, point_of_interest, establishment",temples,Chhattisgarh,All Seasons,Dhamtari,1
Mandir,20.6820164,81.55381,3.3,"hindu_temple, place_of_worship, point_of_interest, establishment",temples,Chhattisgarh,All Seasons,Dhamtari,9
Shiva temple,20.8343732,81.50532439999999,4.5,"hindu_temple, place_of_worship, point_of_interest, establishment",temples,Chhattisgarh,All Seasons,Dhamtari,2
Shri Vishwanath vishveshwar temple,20.9358306,81.7509748,4.3,"hindu_temple, place_of_worship, point_of_interest, establishment",temples,Chhattisgarh,All Seasons,Dhamtari,8
Sitlamata temple kilepar.,20.478098,81.446832,5,"hindu_temple, place_of_worship, point_of_interest, establishment",temples,Chhattisgarh,All Seasons,Dhamtari,1
Jay Budadev Temple,20.5306738,81.42883839999999,5,"place_of_worship, point_of_interest, establishment",temples,Chhattisgarh,All Seasons,Dhamtari,2
Siva temple,20.8206652,81.490568,5,"hindu_temple, place_of_worship, point_of_interest, establishment",temples,Chhattisgarh,All Seasons,Dhamtari,2
Hanuman Temple Purur,20.6655124,81.4865808,5,"hindu_temple, place_of_worship, point_of_interest, establishment",temples,Chhattisgarh,All Seasons,Dhamtari,3
Hanuman temple bhathagaon,20.9621491,81.3866812,0,"hindu_temple, place_of_worship, point_of_interest, establishment",temples,Chhattisgarh,All Seasons,Dhamtari,0
Mahaveer temple,20.8990969,81.60333829999999,5,"hindu_temple, place_of_worship, point_of_interest, establishment",temples,Chhattisgarh,All Seasons,Dhamtari,2
Chandi Mata Temple,20.9413806,81.448887,4.5,"hindu_temple, tourist_attraction, place_of_worship, point_of_interest, establishment",temples,Chhattisgarh,All Seasons,Dhamtari,22
Khadadev Temple,20.5440011,81.4606659,3.8,"hindu_temple, place_of_worship, point_of_interest, establishment",temples,Chhattisgarh,All Seasons,Dhamtari,9
Temple,20.6237565,81.7076871,3,"hindu_temple, place_of_worship, point_of_interest, establishment",temples,Chhattisgarh,All Seasons,Dhamtari,2
Durga Temple Chirpoti,20.8503736,81.61201299999999,3.1,"hindu_temple, place_of_worship, point_of_interest, establishment",temples,Chhattisgarh,All Seasons,Dhamtari,16
SHIV MANDIR BHILAI,20.5174047,81.3876362,5,"hindu_temple, place_of_worship, point_of_interest, establishment",temples,Chhattisgarh,All Seasons,Dhamtari,1
SAKHE CHOWK BAJRANGBALI MANDIR,20.956478,81.8308626,3.5,"hindu_temple, place_of_worship, point_of_interest, establishment",temples,Chhattisgarh,All Seasons,Dhamtari,12
"Shiv Shakti Mandir, Nayatalab",20.7723324,81.4956289,4.5,"hindu_temple, place_of_worship, point_of_interest, establishment",temples,Chhattisgarh,All Seasons,Dhamtari,8
Sitla Temple,20.8236793,81.7506137,4.4,"hindu_temple, place_of_worship, point_of_interest, establishment",temples,Chhattisgarh,All Seasons,Dhamtari,20
Lord Shiva temple,20.8918811,81.28690929999999,5,"hindu_temple, place_of_worship, point_of_interest, establishment",temples,Chhattisgarh,All Seasons,Dhamtari,1
Junwani Hills,20.5205777,81.3992222,3.8,"tourist_attraction, point_of_interest, establishment",hills,Chhattisgarh,Winter,Dhamtari,5
MM Adventures,20.7018241,81.56042,5,"travel_agency, point_of_interest, establishment",hills,Chhattisgarh,Winter,Dhamtari,20
Madamsilli dam,20.541179,81.6649182,4.1,"tourist_attraction, park, point_of_interest, establishment",attraction,Chhattisgarh,All Seasons,Dhamtari,692
Narhara Waterfall,20.6000762,81.7840634,4.1,"tourist_attraction, point_of_interest, establishment",attraction,Chhattisgarh,All Seasons,Dhamtari,729
Gahandar waterfall,20.5981576,81.72903769999999,4,"tourist_attraction, point_of_interest, establishment",attraction,Chhattisgarh,All Seasons,Dhamtari,41
Siyadevi Waterfall,20.6201362,81.2846838,4.2,"tourist_attraction, point_of_interest, establishment",attraction,Chhattisgarh,All Seasons,Dhamtari,637
Rudri Dam,20.6582022,81.5615947,4.2,"tourist_attraction, point_of_interest, establishment",attraction,Chhattisgarh,All Seasons,Dhamtari,160
Stop Dam,20.953667,81.2799313,4.7,"tourist_attraction, point_of_interest, establishment",attraction,Chhattisgarh,All Seasons,Dhamtari,6
Mujalgondi_Ghat,20.5655638,81.3725523,4.3,"tourist_attraction, point_of_interest, establishment",attraction,Chhattisgarh,All Seasons,Dhamtari,6
Jakkohda Dam,20.549923,81.29750200000001,4,"tourist_attraction, point_of_interest, establishment",attraction,Chhattisgarh,All Seasons,Dhamtari,2
Sunset viewpoint Futahamuda,20.6085671,81.6134465,4.5,"tourist_attraction, point_of_interest, establishment",attraction,Chhattisgarh,All Seasons,Dhamtari,17
Narhara waterfall Forest Trail,20.6215028,81.7738423,5,"tourist_attraction, point_of_interest, establishment",attraction,Chhattisgarh,All Seasons,Dhamtari,1
Pawai Rani Waterfall Pahanda (Picnic Spot),20.6941476,81.7649039,4,"tourist_attraction, point_of_interest, establishment",attraction,Chhattisgarh,All Seasons,Dhamtari,12
Hidden waterfall kinargondi,20.62096,81.2654283,5,"tourist_attraction, point_of_interest, establishment",attraction,Chhattisgarh,All Seasons,Dhamtari,4
🌊PAWAI RANI WATERFALL PAHANDA 🌊,20.6968704,81.7298155,5,"tourist_attraction, point_of_interest, establishment",attraction,Chhattisgarh,All Seasons,Dhamtari,1
Raja Talaab,20.4831074,81.4946877,5,"tourist_attraction, point_of_interest, establishment",attraction,Chhattisgarh,All Seasons,Dhamtari,4
Junwani Hills,20.5205777,81.3992222,3.8,"tourist_attraction, point_of_interest, establishment",attraction,Chhattisgarh,All Seasons,Dhamtari,5
Gangrel Boating Point,20.616667,81.569722,4.2,"tourist_attraction, point_of_interest, establishment",attraction,Chhattisgarh,All Seasons,Dhamtari,13
Mini Goa,20.6148673,81.56160589999999,3.9,"tourist_attraction, point_of_interest, establishment",attraction,Chhattisgarh,All Seasons,Dhamtari,623
Pawai Dam pahanda,20.6909375,81.7661719,4.1,"tourist_attraction, point_of_interest, establishment",attraction,Chhattisgarh,All Seasons,Dhamtari,7
नया तालाब,20.710413,81.430861,4,"tourist_attraction, point_of_interest, establishment",attraction,Chhattisgarh,All Seasons,Dhamtari,1
पानी टंकी आवासपारा गीतपहर,20.4967402,81.4773294,0,"tourist_attraction, point_of_interest, establishment",attraction,Chhattisgarh,All Seasons,Dhamtari,0
Amozone तालाब (amlipara),20.5126088,81.6425271,5,"tourist_attraction, point_of_interest, establishment",attraction,Chhattisgarh,All Seasons,Dhamtari,1
Pawai Rani waterfall Forest Trail,20.6921623,81.748989,5,"tourist_attraction, point_of_interest, establishment",attraction,Chhattisgarh,All Seasons,Dhamtari,2
Mukund Sarovar,20.7032641,81.31023019999999,5,"tourist_attraction, point_of_interest, establishment",attraction,Chhattisgarh,All Seasons,Dhamtari,1
हाराडुला स्टाप डैम,20.4940319,81.422404,0,"tourist_attraction, point_of_interest, establishment",attraction,Chhattisgarh,All Seasons,Dhamtari,0
View Point 2 Gangrel dam,20.6200625,81.5633125,4.4,"tourist_attraction, point_of_interest, establishment",attraction,Chhattisgarh,All Seasons,Dhamtari,32
हाराडुला डैम mk,20.4739018,81.4188667,0,"tourist_attraction, point_of_interest, establishment",attraction,Chhattisgarh,All Seasons,Dhamtari,0
Old Pickup Weir Rudri,20.6598125,81.5602031,4.2,"tourist_attraction, point_of_interest, establishment",attraction,Chhattisgarh,All Seasons,Dhamtari,5
Gopi krishna sahu,20.6929417,81.54918699999999,4,"tourist_attraction, point_of_interest, establishment",attraction,Chhattisgarh,All Seasons,Dhamtari,8
हाराडुला नरहरपुर मार्ग,20.4590631,81.3997543,0,"tourist_attraction, point_of_interest, establishment",attraction,Chhattisgarh,All Seasons,Dhamtari,0
Satiyara ( View point ),20.5606962,81.48174139999999,5,"tourist_attraction, point_of_interest, establishment",attraction,Chhattisgarh,All Seasons,Dhamtari,4
Murumtara River pool view,20.5102963,81.56682909999999,1,"tourist_attraction, point_of_interest, establishment",attraction,Chhattisgarh,All Seasons,Dhamtari,1
Chhatrapati Shivaji Square,20.7085674,81.5448947,4.8,"tourist_attraction, point_of_interest, establishment",attraction,Chhattisgarh,All Seasons,Dhamtari,6
मुजालगोंदी घाट,20.5588073,81.3713762,5,"tourist_attraction, point_of_interest, establishment",attraction,Chhattisgarh,All Seasons,Dhamtari,2
Bharat Mata Mandir,20.563895,81.4903959,4.1,"tourist_attraction, point_of_interest, establishment",attraction,Chhattisgarh,All Seasons,Dhamtari,12
Sonpairi Mod,20.7446874,81.8323674,3.5,"tourist_attraction, point_of_interest, establishment",attraction,Chhattisgarh,All Seasons,Dhamtari,2
"बाघमाड़ा, बिंद्रानवागांव धमतरी",20.641355,81.5423764,4.7,"tourist_attraction, point_of_interest, establishment",attraction,Chhattisgarh,All Seasons,Dhamtari,6
पवई रानी जलप्रपात मार्ग pawai rani waterfall 2.Km,20.6969892,81.7307701,5,"tourist_attraction, point_of_interest, establishment",attraction,Chhattisgarh,All Seasons,Dhamtari,4
Ravishankar bandh,20.6170783,81.57096200000001,4.2,"tourist_attraction, point_of_interest, establishment",attraction,Chhattisgarh,All Seasons,Dhamtari,65
शहीद वीर नारायण सिंह सामुदायिक भवन नगर पालिक निगम धमतरी,20.6972067,81.5563894,0,"tourist_attraction, point_of_interest, establishment",attraction,Chhattisgarh,All Seasons,Dhamtari,0
8 vard,20.7715625,81.4361875,0,"tourist_attraction, point_of_interest, establishment",attraction,Chhattisgarh,All Seasons,Dhamtari,0
carnivorous animal habitat,20.6031692,81.79118609999999,4,"tourist_attraction, point_of_interest, establishment",attraction,Chhattisgarh,All Seasons,Dhamtari,1
Dr. khubchand baghel new rudri barage Control Room,20.6592306,81.55972589999999,5,"tourist_attraction, point_of_interest, establishment",attraction,Chhattisgarh,All Seasons,Dhamtari,2
Bova Beach,20.6143886,81.5594902,4.3,"tourist_attraction, point_of_interest, establishment",attraction,Chhattisgarh,All Seasons,Dhamtari,41
Babu Ji Jungle Tower,20.6192184,81.57929930000002,5,"tourist_attraction, point_of_interest, establishment",attraction,Chhattisgarh,All Seasons,Dhamtari,2
खारुन नदी व्यू पाइंट,20.9373164,81.56947509999999,3.7,"tourist_attraction, point_of_interest, establishment",attraction,Chhattisgarh,All Seasons,Dhamtari,6
रमई रानी झरना पहंदा,20.7001093,81.7507639,5,"tourist_attraction, point_of_interest, establishment",attraction,Chhattisgarh,All Seasons,Dhamtari,1
Backwaters Gangrel Onakona,20.5739352,81.4454051,4.7,"tourist_attraction, point_of_interest, establishment",attraction,Chhattisgarh,All Seasons,Dhamtari,12
Gangrel Dam at Dhamtari CG,20.5960005,81.5358073,4.2,"tourist_attraction, point_of_interest, establishment",attraction,Chhattisgarh,All Seasons,Dhamtari,37
Belora Dam,20.709189,81.82689769999999,3.9,"tourist_attraction, point_of_interest, establishment",attraction,Chhattisgarh,All Seasons,Dhamtari,15
ManMade Waterfall Dumarpani-Bahanapani-Kusumpani,20.4505654,81.5645425,0,"tourist_attraction, point_of_interest, establishment",attraction,Chhattisgarh,All Seasons,Dhamtari,0
Ravi Shankar pariyojna dhamtari,20.6167668,81.56073649999999,4.5,"tourist_attraction, point_of_interest, establishment",attraction,Chhattisgarh,All Seasons,Dhamtari,4
Raja Rao Baba Temple,20.5848858,81.4022421,4.1,"tourist_attraction, point_of_interest, establishment",attraction,Chhattisgarh,All Seasons,Dhamtari,128
मां कुम्हड़ाईन देवी पहाड़ी,20.4471884,81.7950577,0,"tourist_attraction, point_of_interest, establishment",attraction,Chhattisgarh,All Seasons,Dhamtari,0
Mukti dham,20.9660244,81.7544929,0,"tourist_attraction, point_of_interest, establishment",attraction,Chhattisgarh,All Seasons,Dhamtari,0
Uttam Kumar Sahu,20.5633225,81.37109989999999,4.1,"tourist_attraction, point_of_interest, establishment",attraction,Chhattisgarh,All Seasons,Dhamtari,15
त्रिमूर्ति शहीद चौक जमरूवा,20.683045,81.274883,4.5,"tourist_attraction, point_of_interest, establishment",attraction,Chhattisgarh,All Seasons,Dhamtari,8
Sohpur dam,20.7396026,81.36150669999999,0,"tourist_attraction, point_of_interest, establishment",attraction,Chhattisgarh,All Seasons,Dhamtari,0
MINI CHITRAKUT (मिनी चित्रकुट) PAHANDA,20.6941269,81.765165,0,"tourist_attraction, point_of_interest, establishment",attraction,Chhattisgarh,All Seasons,Dhamtari,0
माँ शीतला चौक मचौद,20.9517233,81.3155817,0,"tourist_attraction, point_of_interest, establishment",attraction,Chhattisgarh,All Seasons,Dhamtari,0
महानदी नया पुल,20.9003098,81.8164096,5,"tourist_attraction, point_of_interest, establishment",attraction,Chhattisgarh,All Seasons,Dhamtari,5
"Maroda Sector Joggers park, Dandiya Garbha ground",21.1706987,81.3466254,4.1,"park, point_of_interest, establishment",parks,Chhattisgarh,Spring,Durg,389
Sector 1 park,21.2063616,81.3697179,4.1,"park, point_of_interest, establishment",parks,Chhattisgarh,Spring,Durg,25
NSPCL Township Central park,21.1684719,81.3244698,4.3,"park, point_of_interest, establishment",parks,Chhattisgarh,Spring,Durg,326
Sector 1 Joggers Park,21.2042574,81.3696405,3.9,"park, point_of_interest, establishment",parks,Chhattisgarh,Spring,Durg,163
Sector-7 Park,21.1954478,81.3256524,4,"park, point_of_interest, establishment",parks,Chhattisgarh,Spring,Durg,361
Sector 7 Park,21.1944749,81.3362124,4.1,"park, point_of_interest, establishment",parks,Chhattisgarh,Spring,Durg,500
"Happy Garden, Hudco",21.1856663,81.3078823,3.9,"park, point_of_interest, establishment",parks,Chhattisgarh,Spring,Durg,760
Sunder Nagar Park 1,21.2217281,81.3560115,4,"park, point_of_interest, establishment",parks,Chhattisgarh,Spring,Durg,296
Rajendra Park Durg,21.1880746,81.285433,4.1,"park, point_of_interest, establishment",parks,Chhattisgarh,Spring,Durg,275
Shastri Park,21.207711,81.3285463,3.9,"park, point_of_interest, establishment",parks,Chhattisgarh,Spring,Durg,202
ARJUN RATH PARK,21.1865476,81.34305710000001,4.2,"park, point_of_interest, establishment",parks,Chhattisgarh,Spring,Durg,128
New Adarsh Nagar Park,21.1695493,81.2904569,3.8,"park, point_of_interest, establishment",parks,Chhattisgarh,Spring,Durg,138
Akkum's Talab Park,21.1974771,81.33400429999999,4.3,"park, point_of_interest, establishment",parks,Chhattisgarh,Spring,Durg,356
Shivaji Park,21.2014626,81.3002376,3.5,"park, point_of_interest, establishment",parks,Chhattisgarh,Spring,Durg,470
Pioneer monument garden,21.1845915,81.34330279999999,3.9,"park, point_of_interest, establishment",parks,Chhattisgarh,Spring,Durg,1622
Open Gym Park,21.2034631,81.3307796,4.2,"park, point_of_interest, establishment",parks,Chhattisgarh,Spring,Durg,165
Shaheed Udyaan,21.1850279,81.34653019999999,4.5,"park, point_of_interest, establishment",parks,Chhattisgarh,Spring,Durg,2348
Park,21.0870434,81.03125399999999,5,"park, point_of_interest, establishment",parks,Chhattisgarh,Spring,Durg,3
"Wetland Biodiversity Park, Talpuri",21.1799938,81.3066582,4.4,"park, point_of_interest, establishment",parks,Chhattisgarh,Spring,Durg,55
Park,21.1893864,81.3089974,3.8,"park, point_of_interest, establishment",parks,Chhattisgarh,Spring,Durg,147
Mangata Jungle & Safari Park,21.2038601,81.15645099999999,3.9,"park, point_of_interest, establishment",parks,Chhattisgarh,Spring,Durg,1445
Nehru Nagar Park Bhelwa Talab,21.2019171,81.3191267,4.1,"park, point_of_interest, establishment",parks,Chhattisgarh,Spring,Durg,2926
Jubilee Park,21.1924926,81.3497385,3.8,"park, tourist_attraction, point_of_interest, establishment",parks,Chhattisgarh,Spring,Durg,2289
Dada Dadi Nana Nani Park,21.1877061,81.2872391,3.9,"park, tourist_attraction, point_of_interest, establishment",parks,Chhattisgarh,Spring,Durg,1328
Nutan park,21.1908597,81.3092559,4.3,"park, point_of_interest, establishment",parks,Chhattisgarh,Spring,Durg,65
Park,21.19559,81.3528371,4,"park, point_of_interest, establishment",parks,Chhattisgarh,Spring,Durg,108
Chauhan Town Park,21.2136231,81.30843809999999,3.9,"park, point_of_interest, establishment",parks,Chhattisgarh,Spring,Durg,267
Dr Baba Saheb Ambedkar Park,21.2005424,81.3677139,3.9,"park, point_of_interest, establishment",parks,Chhattisgarh,Spring,Durg,364
Ambedkar park,21.217074,81.3200531,4.4,"park, point_of_interest, establishment",parks,Chhattisgarh,Spring,Durg,12
Bal Udhyan,21.1940123,81.29012469999999,3.9,"park, point_of_interest, establishment",parks,Chhattisgarh,Spring,Durg,75
Sourabh Park,21.2057518,81.3629188,3.7,"park, point_of_interest, establishment",parks,Chhattisgarh,Spring,Durg,188
Mayur Park,21.2216944,81.36767569999999,3.6,"park, point_of_interest, establishment",parks,Chhattisgarh,Spring,Durg,358
SUNITI UDYAAN,21.1892335,81.3248107,3.9,"park, point_of_interest, establishment",parks,Chhattisgarh,Spring,Durg,923
Madhu Kamini Park,21.2073309,81.3310886,3.7,"park, point_of_interest, establishment",parks,Chhattisgarh,Spring,Durg,302
Civic Centre Monument Park,21.1825509,81.33992289999999,3.9,"park, point_of_interest, establishment",parks,Chhattisgarh,Spring,Durg,83
Adarsh Vatika Park,21.1837227,81.35015489999999,4.1,"park, point_of_interest, establishment",parks,Chhattisgarh,Spring,Durg,92
Budha Park,21.0964837,81.0289987,3.9,"park, point_of_interest, establishment",parks,Chhattisgarh,Spring,Durg,45
Civil Lines Public Park,21.1831038,81.2907024,4.4,"park, point_of_interest, establishment",parks,Chhattisgarh,Spring,Durg,7
Risali park,21.1669825,81.3368588,3.8,"park, point_of_interest, establishment",parks,Chhattisgarh,Spring,Durg,228
Archaeological Museum,21.0981193,81.0209309,3.6,"museum, point_of_interest, establishment",museum,Chhattisgarh,Winter,Durg,9
डोगेशवर तालाब,21.1819861,81.50891419999999,5,"museum, point_of_interest, establishment",museum,Chhattisgarh,Winter,Durg,1
Maharaja Agrasen Bhavan,21.2132071,81.2899182,4,"museum, point_of_interest, establishment",museum,Chhattisgarh,Winter,Durg,101
RANI AVANTIBAI MEMORIAL,21.3372219,81.1223049,4,"museum, point_of_interest, establishment",museum,Chhattisgarh,Winter,Durg,5
Patan Art Gallery,21.0379121,81.5425796,0,"museum, point_of_interest, establishment",museum,Chhattisgarh,Winter,Durg,0
Nehru Art Gallery,21.1858109,81.3431842,3.8,"art_gallery, point_of_interest, establishment",museum,Chhattisgarh,Winter,Durg,41
Navjagran Manas Bhawan,21.2077814,81.2951743,4,"museum, point_of_interest, establishment",museum,Chhattisgarh,Winter,Durg,4
"Government and Historical Sendhera Talab(Dabri-Khadan) Sirsakala, Bhilai-3",21.1984855,81.4596031,0,"museum, point_of_interest, establishment",museum,Chhattisgarh,Winter,Durg,0
Quarter 417,21.180383,81.3181501,4.5,"museum, point_of_interest, establishment",museum,Chhattisgarh,Winter,Durg,68
Kousilya Mata Mandir,20.9795655,81.00765919999999,4.3,"museum, point_of_interest, establishment",museum,Chhattisgarh,Winter,Durg,32
बजरंग चौक बहेराभाटा,21.3325591,81.0439583,3.3,"museum, point_of_interest, establishment",museum,Chhattisgarh,Winter,Durg,9
Rajnandgaon museum,21.0985537,81.02037469999999,0,"museum, point_of_interest, establishment",museum,Chhattisgarh,Winter,Durg,0
Baba Sayyad atal shah (Rani Sagar) Rajnandgaon,21.094154,81.0292309,0,"museum, point_of_interest, establishment",museum,Chhattisgarh,Winter,Durg,0
Sumit Pandey,21.215117,81.31527009999999,0,"museum, point_of_interest, establishment",museum,Chhattisgarh,Winter,Durg,0
VINAYAKPUR check dam and bridge,21.0453765,81.2394668,4.4,"tourist_attraction, point_of_interest, establishment",waterfalls,Chhattisgarh,Monsoon,Durg,16
Fountain and waterfall,21.1858683,81.34821170000001,4.1,"park, point_of_interest, establishment",waterfalls,Chhattisgarh,Monsoon,Durg,7
Deori chicholi picnic spot,21.000237,81.3214191,4,"tourist_attraction, point_of_interest, establishment",waterfalls,Chhattisgarh,Monsoon,Durg,23
Flyash dam,21.1928144,81.4350039,4,"tourist_attraction, point_of_interest, establishment",waterfalls,Chhattisgarh,Monsoon,Durg,4
Mannam Ground Fountain,21.1925246,81.3218385,3.5,"tourist_attraction, point_of_interest, establishment",waterfalls,Chhattisgarh,Monsoon,Durg,4
Dam View point,21.1503199,81.3673783,4.2,"tourist_attraction, point_of_interest, establishment",waterfalls,Chhattisgarh,Monsoon,Durg,94
"Budha Sagar Fountain, Rajnandgaon",21.0919662,81.0287961,4,"tourist_attraction, point_of_interest, establishment",waterfalls,Chhattisgarh,Monsoon,Durg,1
Pond,21.1907615,81.316045,4,"natural_feature, establishment",waterfalls,Chhattisgarh,Monsoon,Durg,3
Shree nagar(क्रेजी कॉटेज)dhamdha,21.4194123,81.3610872,2,"tourist_attraction, point_of_interest, establishment",waterfalls,Chhattisgarh,Monsoon,Durg,1
Karun River,21.2676642,81.5455872,4.3,"natural_feature, establishment",waterfalls,Chhattisgarh,Monsoon,Durg,43
Shivnath River,21.2139919,81.2401805,4.3,"natural_feature, establishment",waterfalls,Chhattisgarh,Monsoon,Durg,52
Chandi Mandir,21.1915143,81.2714149,4.5,"hindu_temple, tourist_attraction, place_of_worship, point_of_interest, establishment",waterfalls,Chhattisgarh,Monsoon,Durg,1227
Musical Fountain,21.1851799,81.3470653,4.5,"park, point_of_interest, establishment",waterfalls,Chhattisgarh,Monsoon,Durg,2
Beech Park,20.9789073,81.2918554,4.2,"park, point_of_interest, establishment",beaches,Chhattisgarh,Summer,Durg,20
Dam View point,21.1503199,81.3673783,4.2,"tourist_attraction, point_of_interest, establishment",beaches,Chhattisgarh,Summer,Durg,94
Friends Lake view,21.1332163,81.36740619999999,5,"tourist_attraction, point_of_interest, establishment",beaches,Chhattisgarh,Summer,Durg,1
Newai dam,21.151747,81.366862,4,"point_of_interest, establishment",beaches,Chhattisgarh,Summer,Durg,20
BSP maroda dam bhilai nagar c. g usg.......,21.1508214,81.3694939,4.4,"tourist_attraction, point_of_interest, establishment",beaches,Chhattisgarh,Summer,Durg,24
Maroda-2 Reservoir (BSP),21.1566847,81.37568619999999,4.3,"natural_feature, establishment",beaches,Chhattisgarh,Summer,Durg,90
Gobonzer Holidays,21.199973,81.323774,4.5,"travel_agency, point_of_interest, establishment",beaches,Chhattisgarh,Summer,Durg,22
ISKCON Raipur,21.2526757,81.5589585,4.5,"hindu_temple, place_of_worship, point_of_interest, establishment",beaches,Chhattisgarh,Summer,Durg,730
Maroda-1 Tank (BSP),21.1738593,81.36468959999999,4.2,"natural_feature, establishment",beaches,Chhattisgarh,Summer,Durg,33
Blue Dart Express Limited,21.2068463,81.3479699,3.1,"point_of_interest, establishment",beaches,Chhattisgarh,Summer,Durg,177
Sumeet bazar,21.0954181,81.0338609,3.7,"clothing_store, parking, store, point_of_interest, establishment",beaches,Chhattisgarh,Summer,Durg,637
Vishal Mega Mart,21.2089744,81.3581489,3.7,"supermarket, clothing_store, grocery_or_supermarket, store, food, point_of_interest, establishment",beaches,Chhattisgarh,Summer,Durg,3334
"Maitri Bagh Zoo, bhilai, Chhattisgarh",21.168628,81.3503389,4,"zoo, tourist_attraction, point_of_interest, establishment",zoo,Chhattisgarh,Winter,Durg,9608
Nandan Van Zoo,21.2829557,81.54479309999999,3.8,"zoo, tourist_attraction, point_of_interest, establishment",zoo,Chhattisgarh,Winter,Durg,1747
Ticket Counter Nandan Van Zoo,21.2830176,81.54365349999999,3.8,"zoo, point_of_interest, establishment",zoo,Chhattisgarh,Winter,Durg,302
Maitri Garden zoo chauk,21.1673844,81.3536914,0,"park, point_of_interest, establishment",zoo,Chhattisgarh,Winter,Durg,0
I Love Bhilai,21.190348,81.349143,4.4,"tourist_attraction, point_of_interest, establishment",zoo,Chhattisgarh,Winter,Durg,487
SUNITI UDYAAN,21.1892335,81.3248107,3.9,"park, point_of_interest, establishment",zoo,Chhattisgarh,Winter,Durg,923
Children's Play ground,21.1697421,81.3528321,3.9,"park, point_of_interest, establishment",zoo,Chhattisgarh,Winter,Durg,75
नंदन वन रायपुर,21.2824202,81.5447324,4.2,"park, point_of_interest, establishment",zoo,Chhattisgarh,Winter,Durg,32
Maitri Zoo Parking,21.168344,81.3510172,3.7,"parking, point_of_interest, establishment",zoo,Chhattisgarh,Winter,Durg,73
Lotus park,21.2828411,81.54341509999999,4,"park, point_of_interest, establishment",zoo,Chhattisgarh,Winter,Durg,5
Pioneer monument garden,21.1845915,81.34330279999999,3.9,"park, point_of_interest, establishment",zoo,Chhattisgarh,Winter,Durg,1622
Jawahar Nehru Park,21.1784342,81.353004,3.9,"park, point_of_interest, establishment",zoo,Chhattisgarh,Winter,Durg,535
Maitri Vihar Garden,21.2121894,81.3355694,4,"park, point_of_interest, establishment",zoo,Chhattisgarh,Winter,Durg,264
"Maroda Sector Joggers park, Dandiya Garbha ground",21.1706987,81.3466254,4.1,"park, point_of_interest, establishment",zoo,Chhattisgarh,Winter,Durg,389
Oyo,21.0357648,81.5456384,0,"zoo, point_of_interest, establishment",zoo,Chhattisgarh,Winter,Durg,0
Shaheed Udyaan,21.1850279,81.34653019999999,4.5,"park, point_of_interest, establishment",zoo,Chhattisgarh,Winter,Durg,2348
Maitri gardan,21.1673844,81.3536914,3.4,"park, point_of_interest, establishment",zoo,Chhattisgarh,Winter,Durg,27
Jagannath Temple,21.1917883,81.36741669999999,4.5,"hindu_temple, tourist_attraction, place_of_worship, point_of_interest, establishment",zoo,Chhattisgarh,Winter,Durg,786
Dada Dadi Nana Nani Park,21.1877061,81.2872391,3.9,"park, tourist_attraction, point_of_interest, establishment",zoo,Chhattisgarh,Winter,Durg,1328
Dam View point,21.1503199,81.3673783,4.2,"tourist_attraction, point_of_interest, establishment",zoo,Chhattisgarh,Winter,Durg,94
Candle park Maitri garden,21.1698111,81.35420700000002,4.3,"park, point_of_interest, establishment",zoo,Chhattisgarh,Winter,Durg,6
Roshni Garden,21.1598438,81.3624612,4.5,"park, point_of_interest, establishment",zoo,Chhattisgarh,Winter,Durg,2
Dron j,21.2937766,81.53968549999999,1,"park, point_of_interest, establishment",zoo,Chhattisgarh,Winter,Durg,1
Nehru Nagar Park Bhelwa Talab,21.2019171,81.3191267,4.1,"park, point_of_interest, establishment",zoo,Chhattisgarh,Winter,Durg,2926
Bindeshwari Baghel Park,20.9837122,81.0814363,3.9,"park, point_of_interest, establishment",zoo,Chhattisgarh,Winter,Durg,29
Shiva Farm Raipur,21.2852367,81.5312642,4.9,"park, point_of_interest, establishment",zoo,Chhattisgarh,Winter,Durg,13
Maitri garden,21.1733216,81.35442499999999,4.1,"park, point_of_interest, establishment",zoo,Chhattisgarh,Winter,Durg,26
Maitri garden Watch Tower,21.1715769,81.35533559999999,3.4,"tourist_attraction, point_of_interest, establishment",zoo,Chhattisgarh,Winter,Durg,21
SSIMS KRISHNA BOYS HOSTEL,21.2241809,81.30710669999999,3.2,"point_of_interest, establishment",zoo,Chhattisgarh,Winter,Durg,13
Check dam kharun river,21.273244,81.5461278,3.5,"tourist_attraction, point_of_interest, establishment",zoo,Chhattisgarh,Winter,Durg,2
Park,21.19559,81.3528371,4,"park, point_of_interest, establishment",zoo,Chhattisgarh,Winter,Durg,108
Water Tank - Avinash Twin City,21.2602693,81.5338993,5,"park, point_of_interest, establishment",zoo,Chhattisgarh,Winter,Durg,4
Sail Logo Chowk,21.1905368,81.34905069999999,3.7,"park, point_of_interest, establishment",zoo,Chhattisgarh,Winter,Durg,3
Chandi Mandir,21.1915143,81.2714149,4.5,"hindu_temple, tourist_attraction, place_of_worship, point_of_interest, establishment",zoo,Chhattisgarh,Winter,Durg,1227
Golden Lotus Raipur | Event and Marriage venue | Wedding Resort Lawn in Raipur | Rental farm house | Party place in Raipur,21.2826577,81.5434915,4.3,"point_of_interest, establishment",zoo,Chhattisgarh,Winter,Durg,43
Fish Zoo aquarium & Pet Shop,21.1838706,81.33361119999999,5,"pet_store, store, point_of_interest, establishment",zoo,Chhattisgarh,Winter,Durg,1
Maitri Baag Canteen,21.1723634,81.354394,3,"restaurant, food, point_of_interest, establishment",zoo,Chhattisgarh,Winter,Durg,28
ISKCON TEMPLE,21.1921889,81.3434776,4.7,"hindu_temple, place_of_worship, point_of_interest, establishment",temples,Chhattisgarh,All Seasons,Durg,39
Hanuman temple,20.9208625,81.2112306,5,"hindu_temple, place_of_worship, point_of_interest, establishment",temples,Chhattisgarh,All Seasons,Durg,3
Sri Swami Aiyyappan Temple,21.200364,81.3548527,4.6,"hindu_temple, place_of_worship, point_of_interest, establishment",temples,Chhattisgarh,All Seasons,Durg,125
Tulja Bhavani Temple,21.1969176,81.3338698,4.7,"hindu_temple, place_of_worship, point_of_interest, establishment",temples,Chhattisgarh,All Seasons,Durg,17
Hanuman Temple,21.2159344,81.40012089999999,4.6,"hindu_temple, place_of_worship, point_of_interest, establishment",temples,Chhattisgarh,All Seasons,Durg,11
GURU GHASHIDASH TEMPLE 🏳️SHATNAM CHOWK🏳️NARDHA,21.2927637,81.4331859,4.1,"hindu_temple, place_of_worship, point_of_interest, establishment",temples,Chhattisgarh,All Seasons,Durg,15
ISKCON Raipur,21.2526757,81.5589585,4.5,"hindu_temple, place_of_worship, point_of_interest, establishment",temples,Chhattisgarh,All Seasons,Durg,730
Panchmukhi hanuman temple,21.1795289,81.2893477,4.5,"hindu_temple, place_of_worship, point_of_interest, establishment",temples,Chhattisgarh,All Seasons,Durg,143
Temple,21.1840189,81.3352714,4.5,"hindu_temple, place_of_worship, point_of_interest, establishment",temples,Chhattisgarh,All Seasons,Durg,19
Shivji Temple,21.2211662,81.4929812,5,"hindu_temple, place_of_worship, point_of_interest, establishment",temples,Chhattisgarh,All Seasons,Durg,2
Laxmi Narayan Temple Durg,21.1920444,81.2844495,4.4,"hindu_temple, place_of_worship, point_of_interest, establishment",temples,Chhattisgarh,All Seasons,Durg,39
Panchmukhi Hanuman Temple,21.213276,81.32316709999999,4.5,"hindu_temple, place_of_worship, point_of_interest, establishment",temples,Chhattisgarh,All Seasons,Durg,140
Shiv Temple,21.1588723,81.215491,4.6,"hindu_temple, place_of_worship, point_of_interest, establishment",temples,Chhattisgarh,All Seasons,Durg,9
Shiv Temple,21.2190058,81.3048124,4.5,"hindu_temple, place_of_worship, point_of_interest, establishment",temples,Chhattisgarh,All Seasons,Durg,12
Shri Shri Jaganath Temple Sector-6,21.1908123,81.34474689999999,4.6,"hindu_temple, place_of_worship, point_of_interest, establishment",temples,Chhattisgarh,All Seasons,Durg,70
Hanuman ji Temple,21.2202815,81.4931754,5,"hindu_temple, place_of_worship, point_of_interest, establishment",temples,Chhattisgarh,All Seasons,Durg,1
Panchmukhi Hanuman Temple Santra,21.041983,81.4656337,4.7,"hindu_temple, place_of_worship, point_of_interest, establishment",temples,Chhattisgarh,All Seasons,Durg,6
Bhisashur Temple,21.2869027,81.3864002,5,"hindu_temple, place_of_worship, point_of_interest, establishment",temples,Chhattisgarh,All Seasons,Durg,1
Shri Shiv Kokadi Temple,21.4110269,81.2066205,4.5,"hindu_temple, place_of_worship, point_of_interest, establishment",temples,Chhattisgarh,All Seasons,Durg,181
Shri Shankar temple,21.2538378,81.2857058,5,"hindu_temple, place_of_worship, point_of_interest, establishment",temples,Chhattisgarh,All Seasons,Durg,1
Shree Buddheshwar Mahadev Temple,21.0901594,81.0480154,5,"hindu_temple, place_of_worship, point_of_interest, establishment",temples,Chhattisgarh,All Seasons,Durg,1
Sai Mandir,21.1436701,81.211432,3.8,"hindu_temple, place_of_worship, point_of_interest, establishment",temples,Chhattisgarh,All Seasons,Durg,5
"Sarpeshvarnath Shiva-Shakti Temple, Ranisagar, Rajnandgaon",21.0889678,81.02765579999999,4.8,"hindu_temple, place_of_worship, point_of_interest, establishment",temples,Chhattisgarh,All Seasons,Durg,5
**Hanuman Temple**,21.0445146,81.5376174,5,"hindu_temple, place_of_worship, point_of_interest, establishment",temples,Chhattisgarh,All Seasons,Durg,1
Ma shitla temple,21.3369027,81.1272716,4.8,"hindu_temple, place_of_worship, point_of_interest, establishment",temples,Chhattisgarh,All Seasons,Durg,5
Lord Shree Govardhan Giridhari Temple,20.9764306,81.4321416,4,"hindu_temple, place_of_worship, point_of_interest, establishment",temples,Chhattisgarh,All Seasons,Durg,1
Shri Durga Temple,21.202198,81.35762869999999,4.5,"hindu_temple, place_of_worship, point_of_interest, establishment",temples,Chhattisgarh,All Seasons,Durg,19
Lord Shiv Temple,21.2023372,81.2965743,4.4,"hindu_temple, place_of_worship, point_of_interest, establishment",temples,Chhattisgarh,All Seasons,Durg,27
Temple,21.0869166,81.03646599999999,5,"hindu_temple, place_of_worship, point_of_interest, establishment",temples,Chhattisgarh,All Seasons,Durg,2
Shiva Mandir,21.2077535,81.3997849,4.1,"hindu_temple, place_of_worship, point_of_interest, establishment",temples,Chhattisgarh,All Seasons,Durg,14
Shree Shirdi Sai Baba Temple,21.1630408,81.3275029,4.5,"hindu_temple, place_of_worship, point_of_interest, establishment",temples,Chhattisgarh,All Seasons,Durg,98
Hanuman Temple,21.2098243,81.3156662,4.8,"hindu_temple, place_of_worship, point_of_interest, establishment",temples,Chhattisgarh,All Seasons,Durg,4
Temple,21.2138428,81.30873079999999,5,"hindu_temple, place_of_worship, point_of_interest, establishment",temples,Chhattisgarh,All Seasons,Durg,2
Shiv Mandir,21.1791246,81.2974492,4.5,"hindu_temple, place_of_worship, point_of_interest, establishment",temples,Chhattisgarh,All Seasons,Durg,28
TEMPLE,21.2571148,81.5203538,4.1,"hindu_temple, place_of_worship, point_of_interest, establishment",temples,Chhattisgarh,All Seasons,Durg,7
Hanuman Temple,21.2018265,81.3021054,4.5,"hindu_temple, place_of_worship, point_of_interest, establishment",temples,Chhattisgarh,All Seasons,Durg,31
Sri Manokamneshwar Shiv Mandir,21.1918535,81.2636175,4.6,"hindu_temple, place_of_worship, point_of_interest, establishment",temples,Chhattisgarh,All Seasons,Durg,10
Shri Jai Shitala Temple,21.1934702,81.2748921,4.7,"hindu_temple, place_of_worship, point_of_interest, establishment",temples,Chhattisgarh,All Seasons,Durg,10
Shiva's Shrine - Hindu Temple,21.221425,81.44793179999999,5,"hindu_temple, place_of_worship, point_of_interest, establishment",temples,Chhattisgarh,All Seasons,Durg,4
Hanuman Temple,21.2034684,81.2969485,4.7,"hindu_temple, place_of_worship, point_of_interest, establishment",temples,Chhattisgarh,All Seasons,Durg,25
Hanuman Mandir,21.220133,81.2415652,4.5,"hindu_temple, place_of_worship, point_of_interest, establishment",temples,Chhattisgarh,All Seasons,Durg,11
Shiv Temple SMC20,21.2264614,81.354779,4.6,"hindu_temple, place_of_worship, point_of_interest, establishment",temples,Chhattisgarh,All Seasons,Durg,10
Hanuam Temple,21.1985283,81.3243098,4.5,"hindu_temple, place_of_worship, point_of_interest, establishment",temples,Chhattisgarh,All Seasons,Durg,2
Oba Temple,21.2098493,81.4042548,4.5,"hindu_temple, place_of_worship, point_of_interest, establishment",temples,Chhattisgarh,All Seasons,Durg,2
Lord Shiv Temple,21.2025325,81.3069928,4.2,"hindu_temple, place_of_worship, point_of_interest, establishment",temples,Chhattisgarh,All Seasons,Durg,14
Shri Kauhi Temple,20.9411519,81.5707923,4.1,"hindu_temple, place_of_worship, point_of_interest, establishment",temples,Chhattisgarh,All Seasons,Durg,145
श्री शिव शक्ति मंदिर बोरसी दुर्ग,21.1564741,81.2980692,4.2,"hindu_temple, place_of_worship, point_of_interest, establishment",temples,Chhattisgarh,All Seasons,Durg,5
Sai Baba Mandir,21.1826118,81.2872383,4.6,"hindu_temple, place_of_worship, point_of_interest, establishment",temples,Chhattisgarh,All Seasons,Durg,233
Shree Krishna Temple,21.048285,81.4680252,4.6,"hindu_temple, place_of_worship, point_of_interest, establishment",temples,Chhattisgarh,All Seasons,Durg,5
HANUMAN TEMPLE,21.0160472,81.0792616,3,"hindu_temple, place_of_worship, point_of_interest, establishment",temples,Chhattisgarh,All Seasons,Durg,2
Hanuman Temple,21.1945725,81.3273531,4.6,"hindu_temple, place_of_worship, point_of_interest, establishment",temples,Chhattisgarh,All Seasons,Durg,30
Shiv Mandir,21.2067841,81.2974352,4.3,"hindu_temple, place_of_worship, point_of_interest, establishment",temples,Chhattisgarh,All Seasons,Durg,22
Om Sai temple,21.1663135,81.348911,0,"hindu_temple, place_of_worship, point_of_interest, establishment",temples,Chhattisgarh,All Seasons,Durg,0
Shiva temple,21.2187835,81.341486,5,"hindu_temple, place_of_worship, point_of_interest, establishment",temples,Chhattisgarh,All Seasons,Durg,1
"Shiv Temple, Talpuri",21.1730531,81.3218532,5,"hindu_temple, place_of_worship, point_of_interest, establishment",temples,Chhattisgarh,All Seasons,Durg,1
Lord Shiv Mandir,21.1972661,81.27582629999999,3.9,"hindu_temple, place_of_worship, point_of_interest, establishment",temples,Chhattisgarh,All Seasons,Durg,10
Temple,21.2648333,81.57169859999999,4,"hindu_temple, place_of_worship, point_of_interest, establishment",temples,Chhattisgarh,All Seasons,Durg,1
Hanuman Temple,21.2009093,81.31397419999999,4.5,"hindu_temple, place_of_worship, point_of_interest, establishment",temples,Chhattisgarh,All Seasons,Durg,2
Mahadev Temple,21.1775421,81.2645032,3.9,"hindu_temple, place_of_worship, point_of_interest, establishment",temples,Chhattisgarh,All Seasons,Durg,9
Shri Hanuman Temple,21.2530539,81.33842659999999,5,"hindu_temple, place_of_worship, point_of_interest, establishment",temples,Chhattisgarh,All Seasons,Durg,1
The Green Hills Farms and Resorts,21.185313,81.151438,3.4,"lodging, point_of_interest, establishment",hills,Chhattisgarh,Winter,Durg,53
Govinda seven hills complex,21.1634363,81.3353916,5,"lodging, point_of_interest, establishment",hills,Chhattisgarh,Winter,Durg,1
Cheenti's Hill,21.2225658,81.3354026,0,"point_of_interest, establishment",hills,Chhattisgarh,Winter,Durg,0
Seven Hills Road Lines,21.262569,81.569968,0,"moving_company, point_of_interest, establishment",hills,Chhattisgarh,Winter,Durg,0
Jay Raja Rani Mandir,21.2149519,81.0748521,3.9,"hindu_temple, place_of_worship, point_of_interest, establishment",hills,Chhattisgarh,Winter,Durg,12
Sevenhills Multicreation,21.2081084,81.3507687,5,"furniture_store, point_of_interest, home_goods_store, store, establishment",hills,Chhattisgarh,Winter,Durg,3
arvind bhilai,21.2306222,81.33507589999999,5,"point_of_interest, establishment",hills,Chhattisgarh,Winter,Durg,1
Thagda Sunset Viewpoint,21.1821856,81.30160149999999,4.5,"tourist_attraction, point_of_interest, establishment",attraction,Chhattisgarh,All Seasons,Durg,22
Dam View point,21.1503199,81.3673783,4.2,"tourist_attraction, point_of_interest, establishment",attraction,Chhattisgarh,All Seasons,Durg,94
"Maitri Bagh Zoo, bhilai, Chhattisgarh",21.168628,81.3503389,4,"zoo, tourist_attraction, point_of_interest, establishment",attraction,Chhattisgarh,All Seasons,Durg,9608
Thadga Dam tourist spot,21.1797802,81.3020263,4.3,"tourist_attraction, point_of_interest, establishment",attraction,Chhattisgarh,All Seasons,Durg,12
Sunrise point,21.1553804,81.33563269999999,4.3,"tourist_attraction, point_of_interest, establishment",attraction,Chhattisgarh,All Seasons,Durg,3
Secret place...,21.24032,81.56403999999999,4.2,"tourist_attraction, point_of_interest, establishment",attraction,Chhattisgarh,All Seasons,Durg,24
Basin site,21.2891857,81.3572557,2.8,"tourist_attraction, point_of_interest, establishment",attraction,Chhattisgarh,All Seasons,Durg,4
I Love Bhilai,21.190348,81.349143,4.4,"tourist_attraction, point_of_interest, establishment",attraction,Chhattisgarh,All Seasons,Durg,487
Gatwa talab,21.2084699,81.42388609999999,3.9,"tourist_attraction, point_of_interest, establishment",attraction,Chhattisgarh,All Seasons,Durg,8
Tension Free Resort & Agro Tourism,21.3385276,81.4559088,4.1,"tourist_attraction, point_of_interest, establishment",attraction,Chhattisgarh,All Seasons,Durg,156
Chatagarh Railway Bridge Photography Point,21.2017358,81.2379789,4.5,"tourist_attraction, point_of_interest, establishment",attraction,Chhattisgarh,All Seasons,Durg,34
Thanod Picnic Spot,21.1336635,81.24498179999999,3.7,"tourist_attraction, point_of_interest, establishment",attraction,Chhattisgarh,All Seasons,Durg,25
Dada Dadi Nana Nani Park,21.1877061,81.2872391,3.9,"park, tourist_attraction, point_of_interest, establishment",attraction,Chhattisgarh,All Seasons,Durg,1328
DAULAT VATICA,21.1434952,81.5128282,4.6,"tourist_attraction, point_of_interest, establishment",attraction,Chhattisgarh,All Seasons,Durg,35
view point,21.2356927,81.2698927,4.5,"tourist_attraction, point_of_interest, establishment",attraction,Chhattisgarh,All Seasons,Durg,11
Thagda bandh,21.1813918,81.2996757,4.4,"tourist_attraction, point_of_interest, establishment",attraction,Chhattisgarh,All Seasons,Durg,24
Stop Dam,20.953667,81.2799313,4.7,"tourist_attraction, point_of_interest, establishment",attraction,Chhattisgarh,All Seasons,Durg,6
Maitri garden Watch Tower,21.1715769,81.35533559999999,3.4,"tourist_attraction, point_of_interest, establishment",attraction,Chhattisgarh,All Seasons,Durg,21
Chirraiya Upwan,21.129241,81.246263,3.8,"tourist_attraction, point_of_interest, establishment",attraction,Chhattisgarh,All Seasons,Durg,4
Jubilee Park,21.1924926,81.3497385,3.8,"park, tourist_attraction, point_of_interest, establishment",attraction,Chhattisgarh,All Seasons,Durg,2289
Darri Talab,21.1356311,81.2132858,4.5,"tourist_attraction, point_of_interest, establishment",attraction,Chhattisgarh,All Seasons,Durg,2
VINAYAKPUR check dam and bridge,21.0453765,81.2394668,4.4,"tourist_attraction, point_of_interest, establishment",attraction,Chhattisgarh,All Seasons,Durg,16
सुकृति फॉर्म भाटागांव,21.1686563,81.5073057,0,"tourist_attraction, point_of_interest, establishment",attraction,Chhattisgarh,All Seasons,Durg,0
Mannam Ground Fountain,21.1925246,81.3218385,3.5,"tourist_attraction, point_of_interest, establishment",attraction,Chhattisgarh,All Seasons,Durg,4
National Flag,21.1856063,81.3474395,5,"tourist_attraction, point_of_interest, establishment",attraction,Chhattisgarh,All Seasons,Durg,7
Bus Stand,21.4606378,81.3338554,4.1,"tourist_attraction, point_of_interest, establishment",attraction,Chhattisgarh,All Seasons,Durg,621
Nandan Van Zoo,21.2829557,81.54479309999999,3.8,"zoo, tourist_attraction, point_of_interest, establishment",attraction,Chhattisgarh,All Seasons,Durg,1747
Jai Prakash Narayan Chowk,21.2034109,81.35026649999999,4,"tourist_attraction, point_of_interest, establishment",attraction,Chhattisgarh,All Seasons,Durg,8
BELODI RIVER FRONT,21.235984,81.270212,0,"tourist_attraction, point_of_interest, establishment",attraction,Chhattisgarh,All Seasons,Durg,0
Check dam kharun river,21.273244,81.5461278,3.5,"tourist_attraction, point_of_interest, establishment",attraction,Chhattisgarh,All Seasons,Durg,2
"Budha Sagar Fountain, Rajnandgaon",21.0919662,81.0287961,4,"tourist_attraction, point_of_interest, establishment",attraction,Chhattisgarh,All Seasons,Durg,1
Achankapur wetlands,21.1060822,81.4670385,5,"tourist_attraction, point_of_interest, establishment",attraction,Chhattisgarh,All Seasons,Durg,1
Point of encouter,21.1764595,81.3468843,5,"tourist_attraction, point_of_interest, establishment",attraction,Chhattisgarh,All Seasons,Durg,1
Mohad/Dhamansara Dam,21.0565965,81.0858044,3.7,"tourist_attraction, point_of_interest, establishment",attraction,Chhattisgarh,All Seasons,Durg,10
Thanod,21.1327196,81.2164821,4,"tourist_attraction, point_of_interest, establishment",attraction,Chhattisgarh,All Seasons,Durg,4
Flyash dam,21.1928144,81.4350039,4,"tourist_attraction, point_of_interest, establishment",attraction,Chhattisgarh,All Seasons,Durg,4
Kala munch,20.9957883,81.41631690000001,0,"tourist_attraction, point_of_interest, establishment",attraction,Chhattisgarh,All Seasons,Durg,0
Deori chicholi picnic spot,21.000237,81.3214191,4,"tourist_attraction, point_of_interest, establishment",attraction,Chhattisgarh,All Seasons,Durg,23
Universal tour and travels,21.2122874,81.3502541,0,"tourist_attraction, point_of_interest, establishment",attraction,Chhattisgarh,All Seasons,Durg,0
Friends Lake view,21.1332163,81.36740619999999,5,"tourist_attraction, point_of_interest, establishment",attraction,Chhattisgarh,All Seasons,Durg,1
Supela ghadi chok,21.2065338,81.34987860000001,3.8,"tourist_attraction, point_of_interest, establishment",attraction,Chhattisgarh,All Seasons,Durg,28
Canal Road,21.208258,81.391296,4,"tourist_attraction, point_of_interest, establishment",attraction,Chhattisgarh,All Seasons,Durg,263
Shree nagar(क्रेजी कॉटेज)dhamdha,21.4194123,81.3610872,2,"tourist_attraction, point_of_interest, establishment",attraction,Chhattisgarh,All Seasons,Durg,1
Maroda view point,21.1510552,81.3674048,0,"tourist_attraction, point_of_interest, establishment",attraction,Chhattisgarh,All Seasons,Durg,0
Shivnath dam durg,21.4520834,81.33571549999999,2.5,"tourist_attraction, point_of_interest, establishment",attraction,Chhattisgarh,All Seasons,Durg,2
Aheri Restoration Site,21.3271885,81.389123,3.7,"tourist_attraction, point_of_interest, establishment",attraction,Chhattisgarh,All Seasons,Durg,3
Picnic Spot Ghughsidih,21.0623717,81.3571296,5,"tourist_attraction, point_of_interest, establishment",attraction,Chhattisgarh,All Seasons,Durg,3
Bade purda Naya Talab,21.3364562,81.2405588,4.5,"tourist_attraction, point_of_interest, establishment",attraction,Chhattisgarh,All Seasons,Durg,4
Thakurain Tola,21.0746563,81.5757082,4.3,"tourist_attraction, point_of_interest, establishment",attraction,Chhattisgarh,All Seasons,Durg,8
Mangata greens resort,21.1919216,81.1491143,5,"tourist_attraction, point_of_interest, establishment",attraction,Chhattisgarh,All Seasons,Durg,1
Pankaj Tour & Travel,21.2189005,81.3351284,5,"tourist_attraction, point_of_interest, establishment",attraction,Chhattisgarh,All Seasons,Durg,2
Semari reservoir,21.0224511,81.4901588,4.8,"tourist_attraction, point_of_interest, establishment",attraction,Chhattisgarh,All Seasons,Durg,5
Shivpuri khadan,21.2540214,81.39803599999999,4,"tourist_attraction, point_of_interest, establishment",attraction,Chhattisgarh,All Seasons,Durg,2
"DMC Square Sirsakala, Bhilai-3",21.1917209,81.46010129999999,3.6,"tourist_attraction, point_of_interest, establishment",attraction,Chhattisgarh,All Seasons,Durg,32
"Shitla Talab,HSCL Colony Station Maroda",21.1511573,81.3563592,5,"tourist_attraction, point_of_interest, establishment",attraction,Chhattisgarh,All Seasons,Durg,3
Picnic Spot weekend point bharda,21.0953746,81.2375343,3.3,"tourist_attraction, point_of_interest, establishment",attraction,Chhattisgarh,All Seasons,Durg,4
"Morid , Bhilai 3",21.1637547,81.4131345,3.9,"tourist_attraction, point_of_interest, establishment",attraction,Chhattisgarh,All Seasons,Durg,9
Panthi Chowk,21.1784462,81.3242887,4.1,"tourist_attraction, point_of_interest, establishment",attraction,Chhattisgarh,All Seasons,Durg,292
Ladoo buggu view point,21.1543904,81.19902549999999,0,"tourist_attraction, point_of_interest, establishment",attraction,Chhattisgarh,All Seasons,Durg,0
IMA chowk,21.2005189,81.2865054,3,"tourist_attraction, point_of_interest, establishment",attraction,Chhattisgarh,All Seasons,Durg,1
ईको पार्क गरियाबंद,20.614919,82.0749749,4,"park, point_of_interest, establishment",parks,Chhattisgarh,Spring,Gariaband,1
राजीव उद्यान गार्डन,20.4913015,81.87028149999999,5,"park, point_of_interest, establishment",parks,Chhattisgarh,Spring,Gariaband,1
मुक्तिधाम,20.8995807,81.9019406,5,"park, point_of_interest, establishment",parks,Chhattisgarh,Spring,Gariaband,1
Tawarenga Reservoir,20.7872864,82.0262858,4.1,"park, point_of_interest, establishment",parks,Chhattisgarh,Spring,Gariaband,60
Khet,20.8539966,82.1866175,5,"park, point_of_interest, establishment",parks,Chhattisgarh,Spring,Gariaband,1
Sai Garden,20.6382723,82.0581424,3.6,"park, point_of_interest, establishment",parks,Chhattisgarh,Spring,Gariaband,7
Yara point Deori,20.8900583,81.9555881,5,"park, point_of_interest, establishment",parks,Chhattisgarh,Spring,Gariaband,1
"जरहा पुलिया, दुगली",20.5311432,81.8752301,5,"park, point_of_interest, establishment",parks,Chhattisgarh,Spring,Gariaband,1
Cspgcl garden,20.5200411,82.3167392,4.7,"park, point_of_interest, establishment",parks,Chhattisgarh,Spring,Gariaband,3
Vvnb,20.8889221,81.78891329999999,5,"park, point_of_interest, establishment",parks,Chhattisgarh,Spring,Gariaband,1
नर्सरी पौधा रोपणी 01दुगली,20.4816912,81.8719941,0,"park, point_of_interest, establishment",parks,Chhattisgarh,Spring,Gariaband,0
Krishna Kunj,20.7346052,81.84959959999999,4.5,"park, point_of_interest, establishment",parks,Chhattisgarh,Spring,Gariaband,4
Hardi Garden,20.8473222,81.8036634,3,"park, point_of_interest, establishment",parks,Chhattisgarh,Spring,Gariaband,1
Maroda Reservoir,20.5980534,82.0451531,3.9,"park, point_of_interest, establishment",parks,Chhattisgarh,Spring,Gariaband,29
"नर्सरी 🌵 प्लांट, 03दुगली",20.4844171,81.87118339999999,0,"park, point_of_interest, establishment",parks,Chhattisgarh,Spring,Gariaband,0
Jamahi Reservoir,20.8485166,82.0512475,4.4,"park, point_of_interest, establishment",parks,Chhattisgarh,Spring,Gariaband,7
गौठान मालगांव,20.6679375,82.0349375,0,"park, point_of_interest, establishment",parks,Chhattisgarh,Spring,Gariaband,0
"Khaliyapara Chauk, Churkidadar",20.8044493,82.3336324,2.7,"park, point_of_interest, establishment",parks,Chhattisgarh,Spring,Gariaband,3
Abhay Tiwari's Shanti Vatika,20.7926117,81.9753423,4.2,"park, point_of_interest, establishment",parks,Chhattisgarh,Spring,Gariaband,6
आम का बगीचा,20.7681311,81.7855146,0,"park, point_of_interest, establishment",parks,Chhattisgarh,Spring,Gariaband,0
Markam Raja,20.6343133,82.08937829999999,2,"park, point_of_interest, establishment",parks,Chhattisgarh,Spring,Gariaband,3
Near rever,20.8319933,81.806039,0,"park, point_of_interest, establishment",parks,Chhattisgarh,Spring,Gariaband,0
दुगली घाटी,20.5293545,81.8138086,0,"park, point_of_interest, establishment",parks,Chhattisgarh,Spring,Gariaband,0
SHRI THAKUR DEV TALAB,20.8750779,81.9658764,0,"park, point_of_interest, establishment",parks,Chhattisgarh,Spring,Gariaband,0
Prabhat patel,20.8528079,81.874627,0,"park, point_of_interest, establishment",parks,Chhattisgarh,Spring,Gariaband,0
Tawarbahra Gariyaband CG,20.6347897,82.0614974,0,"park, point_of_interest, establishment",parks,Chhattisgarh,Spring,Gariaband,0
बड़े नाला एनिकट कोरगांव,20.7439255,81.8994438,0,"park, point_of_interest, establishment",parks,Chhattisgarh,Spring,Gariaband,0
Hanuman mandir,20.4189833,81.8414674,2,"park, point_of_interest, establishment",parks,Chhattisgarh,Spring,Gariaband,1
लोमश ऋषि गौठान,20.4382938,81.9053088,0,"park, point_of_interest, establishment",parks,Chhattisgarh,Spring,Gariaband,0
Phoolwari talab In memory of phoolabai thakur,20.8726619,81.968335,0,"park, point_of_interest, establishment",parks,Chhattisgarh,Spring,Gariaband,0
Khatti dam,20.8973211,81.8220657,4.3,"park, point_of_interest, establishment",parks,Chhattisgarh,Spring,Gariaband,9
डबरी (तरिया),20.6352221,82.0630654,0,"park, point_of_interest, establishment",parks,Chhattisgarh,Spring,Gariaband,0
"सतरंगी चौक,( मंदिर प्रागंण )टोनहीडबरी",20.780637,82.25259950000002,0,"park, point_of_interest, establishment",parks,Chhattisgarh,Spring,Gariaband,0
क्रिकेट स्टेडियम मरदा कला,20.4680397,82.2669969,0,"park, point_of_interest, establishment",parks,Chhattisgarh,Spring,Gariaband,0
वृक्ष संपदा बिरझुली,20.6567077,81.8202167,5,"park, point_of_interest, establishment",parks,Chhattisgarh,Spring,Gariaband,1
कुंड पानी,20.416804,82.03822199999999,0,"park, point_of_interest, establishment",parks,Chhattisgarh,Spring,Gariaband,0
Sitanadi Wildlife Sanctuary,20.4554292,81.97529949999999,3.9,"zoo, tourist_attraction, park, point_of_interest, establishment",parks,Chhattisgarh,Spring,Gariaband,593
पानी टैंकी,20.4567954,82.0156274,0,"park, point_of_interest, establishment",parks,Chhattisgarh,Spring,Gariaband,0
Gauthan Patsivoni,20.8990515,82.18574919999999,4.6,"park, point_of_interest, establishment",parks,Chhattisgarh,Spring,Gariaband,5
श्यामनगर गौठान,20.8991143,81.9025894,3.8,"park, point_of_interest, establishment",parks,Chhattisgarh,Spring,Gariaband,5
Segun Farm House,20.7131147,81.8760362,0,"park, point_of_interest, establishment",parks,Chhattisgarh,Spring,Gariaband,0
Bhandarwadi dam,20.5450924,81.840407,3,"park, point_of_interest, establishment",parks,Chhattisgarh,Spring,Gariaband,2
नागाबुड़ा वृक्षारोपण सह फेंसिंग कार्य,20.631302,82.1219546,1,"park, point_of_interest, establishment",parks,Chhattisgarh,Spring,Gariaband,1
साहू सदन (मीत साहू),20.7510019,81.9830633,5,"park, point_of_interest, establishment",parks,Chhattisgarh,Spring,Gariaband,1
Jeevan Niwash,20.849588,81.994214,5,"park, point_of_interest, establishment",parks,Chhattisgarh,Spring,Gariaband,1
Gauthan nawagaon,20.8183844,81.8790023,4,"park, point_of_interest, establishment",parks,Chhattisgarh,Spring,Gariaband,1
bhavesh Vishwakarma,20.4209959,82.05630210000001,0,"park, point_of_interest, establishment",parks,Chhattisgarh,Spring,Gariaband,0
Yoga & sound healing hill,20.5157408,81.9616234,5,"park, point_of_interest, establishment",parks,Chhattisgarh,Spring,Gariaband,1
Garden magarlod,20.747521,81.8476227,0,"park, point_of_interest, establishment",parks,Chhattisgarh,Spring,Gariaband,0
Sahu निवास,20.8651394,81.7918746,5,"park, point_of_interest, establishment",parks,Chhattisgarh,Spring,Gariaband,1
Kargill Udyan,20.7475061,81.8477925,0,"park, point_of_interest, establishment",parks,Chhattisgarh,Spring,Gariaband,0
Yugal farm,20.8760177,81.9730362,5,"park, point_of_interest, establishment",parks,Chhattisgarh,Spring,Gariaband,2
Jatmai ghatarani jangle,20.7996901,82.0814401,3,"park, point_of_interest, establishment",parks,Chhattisgarh,Spring,Gariaband,7
बड़े चट्टान,20.4055422,82.0316117,0,"park, point_of_interest, establishment",parks,Chhattisgarh,Spring,Gariaband,0
Shri Ghatarani Mandir,20.8279982,82.0596431,4.3,"hindu_temple, tourist_attraction, place_of_worship, point_of_interest, establishment",parks,Chhattisgarh,Spring,Gariaband,3309
Yara Point Deori Jenjra,20.8810603,81.9477467,0,"park, point_of_interest, establishment",parks,Chhattisgarh,Spring,Gariaband,0
Sumer mandavi,20.4314655,81.7994212,0,"park, point_of_interest, establishment",parks,Chhattisgarh,Spring,Gariaband,0
Shrikant House,20.8237178,82.07146290000001,3.4,"park, point_of_interest, establishment",parks,Chhattisgarh,Spring,Gariaband,5
मोती लाल बाड़ी,20.8649439,81.8017996,0,"park, point_of_interest, establishment",parks,Chhattisgarh,Spring,Gariaband,0
Lohjhar gao,20.8389838,82.1818522,0,"park, point_of_interest, establishment",parks,Chhattisgarh,Spring,Gariaband,0
Jagannath,20.7493669,82.2745712,5,"museum, point_of_interest, establishment",museum,Chhattisgarh,Winter,Gariaband,1
Malewa pagar waterfall,20.6020625,82.30056250000001,3,"museum, point_of_interest, establishment",museum,Chhattisgarh,Winter,Gariaband,2
Toshan kumar dhruw,20.7139546,81.9130436,0,"museum, point_of_interest, establishment",museum,Chhattisgarh,Winter,Gariaband,0
Mahesh markam,20.6642221,82.3363365,5,"museum, point_of_interest, establishment",museum,Chhattisgarh,Winter,Gariaband,2
दुमुहानी पारा,20.772029,81.9942882,4,"museum, point_of_interest, establishment",museum,Chhattisgarh,Winter,Gariaband,1
मालेवा पहाड़ झरना 1,20.6013095,82.3014975,5,"museum, point_of_interest, establishment",museum,Chhattisgarh,Winter,Gariaband,1
राचारडेरा (टोईयामुडा),20.7679513,81.9962108,0,"museum, point_of_interest, establishment",museum,Chhattisgarh,Winter,Gariaband,0
Rachardera,20.7696531,81.9947625,0,"museum, point_of_interest, establishment",museum,Chhattisgarh,Winter,Gariaband,0
S.C.V. chote para waterfowl,20.7718039,81.9907147,0,"museum, point_of_interest, establishment",museum,Chhattisgarh,Winter,Gariaband,0
Narhara Waterfall,20.6000762,81.7840634,4.1,"tourist_attraction, point_of_interest, establishment",waterfalls,Chhattisgarh,Monsoon,Gariaband,729
Sindurkhol waterfall सिंदूरखोल वॉटरफॉल,20.7365197,82.01658789999999,3.8,"tourist_attraction, point_of_interest, establishment",waterfalls,Chhattisgarh,Monsoon,Gariaband,44
Neor Falls,20.4615685,82.3465153,5,"natural_feature, establishment",waterfalls,Chhattisgarh,Monsoon,Gariaband,1
gajpalla waterfall,20.7528497,82.0246542,4.3,"tourist_attraction, point_of_interest, establishment",waterfalls,Chhattisgarh,Monsoon,Gariaband,199
Chingra Pagaar Waterfall,20.7114404,82.0120262,4.3,"tourist_attraction, point_of_interest, establishment",waterfalls,Chhattisgarh,Monsoon,Gariaband,1603
JATMAI WATERFALL,20.790746,82.0644956,4.2,"tourist_attraction, point_of_interest, establishment",waterfalls,Chhattisgarh,Monsoon,Gariaband,107
Etin Sagar Waterfall Talesar,20.7744954,82.0669095,4.3,"tourist_attraction, point_of_interest, establishment",waterfalls,Chhattisgarh,Monsoon,Gariaband,3
"Ranimata, kerapani, mudhipani, waterfall",20.6306349,82.3350057,3.6,"tourist_attraction, point_of_interest, establishment",waterfalls,Chhattisgarh,Monsoon,Gariaband,8
Jharjhara Mata Mandir And Waterfall,20.8388361,82.01604209999999,4.3,"tourist_attraction, point_of_interest, establishment",waterfalls,Chhattisgarh,Monsoon,Gariaband,62
Ghatarani Waterfall,20.8280625,82.05981249999999,4.3,"tourist_attraction, point_of_interest, establishment",waterfalls,Chhattisgarh,Monsoon,Gariaband,2967
godgoda waterfall,20.6423144,81.96105299999999,4.5,"tourist_attraction, point_of_interest, establishment",waterfalls,Chhattisgarh,Monsoon,Gariaband,18
Chattan Nala waterfall,20.71972,82.0314333,3.7,"tourist_attraction, point_of_interest, establishment",waterfalls,Chhattisgarh,Monsoon,Gariaband,3
घड़घड़ी waterfalls,20.3998186,82.14979749999999,3.1,"tourist_attraction, point_of_interest, establishment",waterfalls,Chhattisgarh,Monsoon,Gariaband,7
Baniyadhas waterfall odha,20.4096923,82.35894809999999,4.5,"tourist_attraction, point_of_interest, establishment",waterfalls,Chhattisgarh,Monsoon,Gariaband,6
"Andhiyaar jhola ( GAUTEWA ) waterfall, malewa pahad, ruwad, gariyaband",20.6112615,82.3221971,4.1,"tourist_attraction, point_of_interest, establishment",waterfalls,Chhattisgarh,Monsoon,Gariaband,50
Kurund Waterfall (Nagdhara Waterfall),20.4311076,82.3313214,3.8,"tourist_attraction, point_of_interest, establishment",waterfalls,Chhattisgarh,Monsoon,Gariaband,15
Baghmara waterfall,20.6946526,81.9215227,5,"tourist_attraction, point_of_interest, establishment",waterfalls,Chhattisgarh,Monsoon,Gariaband,3
Ghadhghadi waterfall,20.4037048,82.1492418,3.5,"tourist_attraction, point_of_interest, establishment",waterfalls,Chhattisgarh,Monsoon,Gariaband,4
Amakhol waterfall,20.730034,82.05072539999999,3.6,"tourist_attraction, point_of_interest, establishment",waterfalls,Chhattisgarh,Monsoon,Gariaband,5
Doodhdhara Waterfall,20.413605,82.360998,5,"tourist_attraction, point_of_interest, establishment",waterfalls,Chhattisgarh,Monsoon,Gariaband,4
Tawarenga Reservoir,20.7872864,82.0262858,4.1,"park, point_of_interest, establishment",waterfalls,Chhattisgarh,Monsoon,Gariaband,60
Maroda Reservoir,20.5980534,82.0451531,3.9,"park, point_of_interest, establishment",waterfalls,Chhattisgarh,Monsoon,Gariaband,29
Shri Ghatarani Mandir,20.8279982,82.0596431,4.3,"hindu_temple, tourist_attraction, place_of_worship, point_of_interest, establishment",waterfalls,Chhattisgarh,Monsoon,Gariaband,3309
Jogidipa Dam,20.8730899,82.0660958,5,"tourist_attraction, point_of_interest, establishment",waterfalls,Chhattisgarh,Monsoon,Gariaband,2
Mini Stop Dam Ghatarani,20.834051,82.05654679999999,5,"tourist_attraction, point_of_interest, establishment",waterfalls,Chhattisgarh,Monsoon,Gariaband,3
Malewa pagar waterfall,20.6020625,82.30056250000001,3,"museum, point_of_interest, establishment",waterfalls,Chhattisgarh,Monsoon,Gariaband,2
Maa Jatmai Ghati,20.8075198,82.11657799999999,4.1,"tourist_attraction, point_of_interest, establishment",waterfalls,Chhattisgarh,Monsoon,Gariaband,15
Kanesar Dam,20.8221625,82.1015623,3.3,"tourist_attraction, point_of_interest, establishment",waterfalls,Chhattisgarh,Monsoon,Gariaband,4
Satlok Ashram Namdan Kendra Baruka (Gariaband),20.7090316,81.99007329999999,5,"place_of_worship, point_of_interest, establishment",waterfalls,Chhattisgarh,Monsoon,Gariaband,8
Jamahi Reservoir,20.8485166,82.0512475,4.4,"park, point_of_interest, establishment",waterfalls,Chhattisgarh,Monsoon,Gariaband,7
Kharkhara dam chhura,20.787413,82.1771794,5,"tourist_attraction, point_of_interest, establishment",waterfalls,Chhattisgarh,Monsoon,Gariaband,5
Shidheshwari Mandir Gufa,20.8275168,82.0640087,4.3,"tourist_attraction, point_of_interest, establishment",waterfalls,Chhattisgarh,Monsoon,Gariaband,10
Chhind Talab Gariaband,20.6373605,82.0685309,4,"tourist_attraction, point_of_interest, establishment",waterfalls,Chhattisgarh,Monsoon,Gariaband,9
Ranidhara Gariyaband,20.4992637,82.0487811,4.1,"tourist_attraction, point_of_interest, establishment",waterfalls,Chhattisgarh,Monsoon,Gariaband,21
Shri Ghatarani Mandir,20.8279982,82.0596431,4.3,"hindu_temple, tourist_attraction, place_of_worship, point_of_interest, establishment",beaches,Chhattisgarh,Summer,Gariaband,3309
Ghatarani Waterfall,20.8280625,82.05981249999999,4.3,"tourist_attraction, point_of_interest, establishment",beaches,Chhattisgarh,Summer,Gariaband,2967
Shri Ghatarani Mandir,20.8279982,82.0596431,4.3,"hindu_temple, tourist_attraction, place_of_worship, point_of_interest, establishment",temples,Chhattisgarh,All Seasons,Gariaband,3309
Sai Baba Temple,20.6383466,82.0574546,4.3,"hindu_temple, place_of_worship, point_of_interest, establishment",temples,Chhattisgarh,All Seasons,Gariaband,31
Hanuman Temple ChhoteMaragaon,20.5784885,82.0100569,4.3,"hindu_temple, place_of_worship, point_of_interest, establishment",temples,Chhattisgarh,All Seasons,Gariaband,9
"महाऔघड़ेश्वर ज्योतिर्लिंग धाम, अघोर मठ",20.8383237,82.1190933,5,"hindu_temple, place_of_worship, point_of_interest, establishment",temples,Chhattisgarh,All Seasons,Gariaband,19
हमर जतमई दाई,20.7915191,82.0644499,4.4,"hindu_temple, place_of_worship, point_of_interest, establishment",temples,Chhattisgarh,All Seasons,Gariaband,9
शितला मंदिर हाथबाय,20.5951251,82.1819601,4.1,"hindu_temple, place_of_worship, point_of_interest, establishment",temples,Chhattisgarh,All Seasons,Gariaband,7
Shiv mandir devparsuli,20.6718838,82.2618488,5,"hindu_temple, place_of_worship, point_of_interest, establishment",temples,Chhattisgarh,All Seasons,Gariaband,1
Ram Mandir,20.730767,81.807076,4.5,"hindu_temple, place_of_worship, point_of_interest, establishment",temples,Chhattisgarh,All Seasons,Gariaband,2
Hanuman temple,20.8307546,81.96431199999999,5,"hindu_temple, place_of_worship, point_of_interest, establishment",temples,Chhattisgarh,All Seasons,Gariaband,1
Jharjhara Mata Temple,20.8387606,82.0163707,4.8,"hindu_temple, place_of_worship, point_of_interest, establishment",temples,Chhattisgarh,All Seasons,Gariaband,12
Maa Gayatri Temple,20.6312233,82.063563,4.5,"hindu_temple, place_of_worship, point_of_interest, establishment",temples,Chhattisgarh,All Seasons,Gariaband,23
Shiv temple,20.8167844,81.8733944,5,"hindu_temple, place_of_worship, point_of_interest, establishment",temples,Chhattisgarh,All Seasons,Gariaband,2
Hanuman Temple,20.6329874,82.0614265,4.4,"hindu_temple, place_of_worship, point_of_interest, establishment",temples,Chhattisgarh,All Seasons,Gariaband,8
RADHA KRISHNA MANDIR,20.8371585,81.92701939999999,5,"hindu_temple, place_of_worship, point_of_interest, establishment",temples,Chhattisgarh,All Seasons,Gariaband,8
temple of Mahadev,20.889605,81.95522670000001,5,"hindu_temple, place_of_worship, point_of_interest, establishment",temples,Chhattisgarh,All Seasons,Gariaband,1
Shitla devi Mandir,20.8093533,82.20819689999999,4.4,"hindu_temple, place_of_worship, point_of_interest, establishment",temples,Chhattisgarh,All Seasons,Gariaband,35
Hanumaan Temple,20.9017713,81.9166743,4.7,"hindu_temple, place_of_worship, point_of_interest, establishment",temples,Chhattisgarh,All Seasons,Gariaband,3
Sitla Mandir Madanpur,20.6500891,82.18582549999999,4.2,"hindu_temple, place_of_worship, point_of_interest, establishment",temples,Chhattisgarh,All Seasons,Gariaband,5
खोपली पाठ धाम अमलोर,20.9105892,82.1864955,4.3,"hindu_temple, place_of_worship, point_of_interest, establishment",temples,Chhattisgarh,All Seasons,Gariaband,9
Shiv Temple Bazar chowk,20.7798439,81.8981771,5,"hindu_temple, place_of_worship, point_of_interest, establishment",temples,Chhattisgarh,All Seasons,Gariaband,3
Hanuman Mandir,20.9021977,82.0104312,5,"hindu_temple, place_of_worship, point_of_interest, establishment",temples,Chhattisgarh,All Seasons,Gariaband,1
Shri Bhuteshwarnath Mahadev,20.6078622,82.0450043,4.4,"hindu_temple, place_of_worship, point_of_interest, establishment",temples,Chhattisgarh,All Seasons,Gariaband,1520
Shiv Mandir,20.6322424,82.0604481,5,"hindu_temple, place_of_worship, point_of_interest, establishment",temples,Chhattisgarh,All Seasons,Gariaband,1
SRI JATMAI TEMPLE Gariyaband,20.7905976,82.06456829999999,4.4,"hindu_temple, place_of_worship, point_of_interest, establishment",temples,Chhattisgarh,All Seasons,Gariaband,2997
राधा कृष्ण मंदिर Sirri Khurd,20.9019793,82.01063979999999,5,"hindu_temple, place_of_worship, point_of_interest, establishment",temples,Chhattisgarh,All Seasons,Gariaband,1
श्री राम भक्त हनुमान मंदिर गरियाबंद,20.6372965,82.0565948,5,"hindu_temple, place_of_worship, point_of_interest, establishment",temples,Chhattisgarh,All Seasons,Gariaband,3
Hanuman Temple Kosambuda,20.6297654,82.1454577,5,"hindu_temple, place_of_worship, point_of_interest, establishment",temples,Chhattisgarh,All Seasons,Gariaband,1
Koteshwar Mahadev Temple,20.4172935,81.888848,4.5,"hindu_temple, place_of_worship, point_of_interest, establishment",temples,Chhattisgarh,All Seasons,Gariaband,39
Durga Mata Temple,20.8825999,81.9503501,5,"hindu_temple, place_of_worship, point_of_interest, establishment",temples,Chhattisgarh,All Seasons,Gariaband,1
Shiv mandir hardi,20.6939114,82.08728239999999,4.5,"hindu_temple, place_of_worship, point_of_interest, establishment",temples,Chhattisgarh,All Seasons,Gariaband,2
Shiv Temple,20.8368337,81.9200388,4.1,"hindu_temple, place_of_worship, point_of_interest, establishment",temples,Chhattisgarh,All Seasons,Gariaband,13
Bajrangbali Mandir,20.8945046,81.9572441,5,"hindu_temple, place_of_worship, point_of_interest, establishment",temples,Chhattisgarh,All Seasons,Gariaband,1
राधा कृष्ण मंदिर,20.8894422,81.95533569999999,5,"hindu_temple, place_of_worship, point_of_interest, establishment",temples,Chhattisgarh,All Seasons,Gariaband,3
Hanuman Statue,20.7901416,82.06546120000002,4.2,"hindu_temple, place_of_worship, point_of_interest, establishment",temples,Chhattisgarh,All Seasons,Gariaband,15
Shani Mandir,20.6247514,82.0682398,3.9,"hindu_temple, place_of_worship, point_of_interest, establishment",temples,Chhattisgarh,All Seasons,Gariaband,20
hunuman Temple,20.8085879,81.82204399999999,5,"hindu_temple, place_of_worship, point_of_interest, establishment",temples,Chhattisgarh,All Seasons,Gariaband,1
"Sai Mandir, kosambuda.",20.8332755,82.2244065,5,"hindu_temple, place_of_worship, point_of_interest, establishment",temples,Chhattisgarh,All Seasons,Gariaband,1
Nirai Mata Mandir,20.6338806,82.0598815,4.4,"hindu_temple, place_of_worship, point_of_interest, establishment",temples,Chhattisgarh,All Seasons,Gariaband,57
Mahadev temple,20.8756211,81.9718376,5,"hindu_temple, place_of_worship, point_of_interest, establishment",temples,Chhattisgarh,All Seasons,Gariaband,1
Hanuman Mandir,20.8446436,81.87633319999999,4,"hindu_temple, place_of_worship, point_of_interest, establishment",temples,Chhattisgarh,All Seasons,Gariaband,3
Gayatri Temple,20.8165604,81.97850609999999,4.5,"place_of_worship, point_of_interest, establishment",temples,Chhattisgarh,All Seasons,Gariaband,4
Shiv Temple,20.6329185,82.0856789,4.7,"hindu_temple, place_of_worship, point_of_interest, establishment",temples,Chhattisgarh,All Seasons,Gariaband,3
Shitla mandir sounga,20.8236214,81.7963183,4.8,"hindu_temple, place_of_worship, point_of_interest, establishment",temples,Chhattisgarh,All Seasons,Gariaband,5
Radha Krishna Temple Dhawalpur,20.3917986,82.2493439,4,"hindu_temple, place_of_worship, point_of_interest, establishment",temples,Chhattisgarh,All Seasons,Gariaband,9
Shiv Temple,20.8643656,81.8016301,4,"hindu_temple, place_of_worship, point_of_interest, establishment",temples,Chhattisgarh,All Seasons,Gariaband,2
Baram Dev Baba Charbhatha,20.8799192,81.8098326,4,"hindu_temple, place_of_worship, point_of_interest, establishment",temples,Chhattisgarh,All Seasons,Gariaband,1
Radha Krishna Temple,20.8034379,81.8422018,3.3,"hindu_temple, place_of_worship, point_of_interest, establishment",temples,Chhattisgarh,All Seasons,Gariaband,6
Shiv Temple,20.9114013,82.0390233,4.1,"hindu_temple, place_of_worship, point_of_interest, establishment",temples,Chhattisgarh,All Seasons,Gariaband,7
पुराना शिव मंदिर बोड़रा,20.7802784,81.8644611,4.1,"hindu_temple, place_of_worship, point_of_interest, establishment",temples,Chhattisgarh,All Seasons,Gariaband,11
Tengnahi mandir,20.8355021,82.2592918,4.2,"hindu_temple, place_of_worship, point_of_interest, establishment",temples,Chhattisgarh,All Seasons,Gariaband,13
Hanuman Temple,20.3713133,82.3307833,0,"hindu_temple, place_of_worship, point_of_interest, establishment",temples,Chhattisgarh,All Seasons,Gariaband,0
Radha Krishna Temple Sahaspur,20.8665393,81.99169069999999,4,"hindu_temple, place_of_worship, point_of_interest, establishment",temples,Chhattisgarh,All Seasons,Gariaband,4
Shiv Durga Temple,20.634253,82.0611277,4.4,"hindu_temple, place_of_worship, point_of_interest, establishment",temples,Chhattisgarh,All Seasons,Gariaband,7
नागवंशी मरई देव माटी कौंदकेरा (गरियाबंद)गरियाबंद),20.6636868,82.1580577,3.5,"hindu_temple, place_of_worship, point_of_interest, establishment",temples,Chhattisgarh,All Seasons,Gariaband,2
Panchmukhi Hanuman Mandir,20.7462397,81.8462417,4.2,"hindu_temple, place_of_worship, point_of_interest, establishment",temples,Chhattisgarh,All Seasons,Gariaband,13
Durga Temple,20.3881918,82.25094,4.5,"hindu_temple, place_of_worship, point_of_interest, establishment",temples,Chhattisgarh,All Seasons,Gariaband,4
Gayatri Temple,20.8350407,81.9251692,3.5,"hindu_temple, place_of_worship, point_of_interest, establishment",temples,Chhattisgarh,All Seasons,Gariaband,2
जैत खंम्ब,20.8753893,82.1548488,0,"hindu_temple, place_of_worship, point_of_interest, establishment",temples,Chhattisgarh,All Seasons,Gariaband,0
Tankeshwar Nath Mandir,20.7810449,82.2526815,4.9,"hindu_temple, place_of_worship, point_of_interest, establishment",temples,Chhattisgarh,All Seasons,Gariaband,9
Shiv Temple,20.6748589,82.1190584,3.5,"hindu_temple, place_of_worship, point_of_interest, establishment",temples,Chhattisgarh,All Seasons,Gariaband,2
Yoga & sound healing hill,20.5157408,81.9616234,5,"park, point_of_interest, establishment",hills,Chhattisgarh,Winter,Gariaband,1
Ivule ke hill top,20.7375379,82.1753868,2,"restaurant, food, point_of_interest, establishment",hills,Chhattisgarh,Winter,Gariaband,1
Chingra Pagaar Waterfall,20.7114404,82.0120262,4.3,"tourist_attraction, point_of_interest, establishment",attraction,Chhattisgarh,All Seasons,Gariaband,1603
Narhara Waterfall,20.6000762,81.7840634,4.1,"tourist_attraction, point_of_interest, establishment",attraction,Chhattisgarh,All Seasons,Gariaband,729
JATMAI WATERFALL,20.790746,82.0644956,4.2,"tourist_attraction, point_of_interest, establishment",attraction,Chhattisgarh,All Seasons,Gariaband,107
gajpalla waterfall,20.7528497,82.0246542,4.3,"tourist_attraction, point_of_interest, establishment",attraction,Chhattisgarh,All Seasons,Gariaband,199
Ghatarani Waterfall,20.8280625,82.05981249999999,4.3,"tourist_attraction, point_of_interest, establishment",attraction,Chhattisgarh,All Seasons,Gariaband,2967
Dam view point,20.877235,82.1970647,5,"tourist_attraction, point_of_interest, establishment",attraction,Chhattisgarh,All Seasons,Gariaband,1
Jharjhara Mata Mandir And Waterfall,20.8388361,82.01604209999999,4.3,"tourist_attraction, point_of_interest, establishment",attraction,Chhattisgarh,All Seasons,Gariaband,62
Pairi ghumar,20.5717257,82.1997225,3.8,"tourist_attraction, point_of_interest, establishment",attraction,Chhattisgarh,All Seasons,Gariaband,17
Sindurkhol waterfall सिंदूरखोल वॉटरफॉल,20.7365197,82.01658789999999,3.8,"tourist_attraction, point_of_interest, establishment",attraction,Chhattisgarh,All Seasons,Gariaband,44
Durvadera,20.8775625,81.9135625,5,"tourist_attraction, point_of_interest, establishment",attraction,Chhattisgarh,All Seasons,Gariaband,1
godgoda waterfall,20.6423144,81.96105299999999,4.5,"tourist_attraction, point_of_interest, establishment",attraction,Chhattisgarh,All Seasons,Gariaband,18
Kharkhara dam chhura,20.7439104,82.2007746,4,"tourist_attraction, point_of_interest, establishment",attraction,Chhattisgarh,All Seasons,Gariaband,4
Kothigaon dam,20.7559314,82.323904,0,"tourist_attraction, point_of_interest, establishment",attraction,Chhattisgarh,All Seasons,Gariaband,0
Kurund Waterfall (Nagdhara Waterfall),20.4311076,82.3313214,3.8,"tourist_attraction, point_of_interest, establishment",attraction,Chhattisgarh,All Seasons,Gariaband,15
Kharkhara dam (View point),20.7895604,82.1780821,5,"tourist_attraction, point_of_interest, establishment",attraction,Chhattisgarh,All Seasons,Gariaband,1
Nature's Gift Near Sikaser Dam,20.4998161,82.3075868,5,"tourist_attraction, point_of_interest, establishment",attraction,Chhattisgarh,All Seasons,Gariaband,3
Sikaser dam,20.4930807,82.3140469,4,"tourist_attraction, point_of_interest, establishment",attraction,Chhattisgarh,All Seasons,Gariaband,26
Baniyadhas waterfall odha,20.4096923,82.35894809999999,4.5,"tourist_attraction, point_of_interest, establishment",attraction,Chhattisgarh,All Seasons,Gariaband,6
Doodhdhara Waterfall,20.413605,82.360998,5,"tourist_attraction, point_of_interest, establishment",attraction,Chhattisgarh,All Seasons,Gariaband,4
Maa Jatmai Ghati,20.8075198,82.11657799999999,4.1,"tourist_attraction, point_of_interest, establishment",attraction,Chhattisgarh,All Seasons,Gariaband,15
सोनढुर नदी पुल खुदूरपानी,20.4162146,82.08202849999999,0,"tourist_attraction, point_of_interest, establishment",attraction,Chhattisgarh,All Seasons,Gariaband,0
Kukda Dam,20.7377313,81.95068239999999,4.2,"tourist_attraction, point_of_interest, establishment",attraction,Chhattisgarh,All Seasons,Gariaband,150
Jogidipa Dam,20.8730899,82.0660958,5,"tourist_attraction, point_of_interest, establishment",attraction,Chhattisgarh,All Seasons,Gariaband,2
Ranidhara Gariyaband,20.4992637,82.0487811,4.1,"tourist_attraction, point_of_interest, establishment",attraction,Chhattisgarh,All Seasons,Gariaband,21
Chhind Talab Gariaband,20.6373605,82.0685309,4,"tourist_attraction, point_of_interest, establishment",attraction,Chhattisgarh,All Seasons,Gariaband,9
Kharkhara dam chhura,20.787413,82.1771794,5,"tourist_attraction, point_of_interest, establishment",attraction,Chhattisgarh,All Seasons,Gariaband,5
Kanesar Dam,20.8221625,82.1015623,3.3,"tourist_attraction, point_of_interest, establishment",attraction,Chhattisgarh,All Seasons,Gariaband,4
"Andhiyaar jhola ( GAUTEWA ) waterfall, malewa pahad, ruwad, gariyaband",20.6112615,82.3221971,4.1,"tourist_attraction, point_of_interest, establishment",attraction,Chhattisgarh,All Seasons,Gariaband,50
मलेवा पहाड़,20.6111353,82.2873656,3.9,"tourist_attraction, point_of_interest, establishment",attraction,Chhattisgarh,All Seasons,Gariaband,15
Mini Stop Dam Ghatarani,20.834051,82.05654679999999,5,"tourist_attraction, point_of_interest, establishment",attraction,Chhattisgarh,All Seasons,Gariaband,3
I Love Gariyaband,20.621603,82.070178,3.9,"tourist_attraction, point_of_interest, establishment",attraction,Chhattisgarh,All Seasons,Gariaband,44
Amakhol waterfall,20.730034,82.05072539999999,3.6,"tourist_attraction, point_of_interest, establishment",attraction,Chhattisgarh,All Seasons,Gariaband,5
Raja mahal ( Munda Haweli),20.8116113,82.20942780000001,3.6,"tourist_attraction, point_of_interest, establishment",attraction,Chhattisgarh,All Seasons,Gariaband,13
डोंगरडुला रोड मार्ग,20.4256153,81.9765503,0,"tourist_attraction, point_of_interest, establishment",attraction,Chhattisgarh,All Seasons,Gariaband,0
Chattan Nala waterfall,20.71972,82.0314333,3.7,"tourist_attraction, point_of_interest, establishment",attraction,Chhattisgarh,All Seasons,Gariaband,3
Kamepur (khoj),20.4195499,82.2117765,0,"tourist_attraction, point_of_interest, establishment",attraction,Chhattisgarh,All Seasons,Gariaband,0
Sonpairi Mod,20.7446874,81.8323674,3.5,"tourist_attraction, point_of_interest, establishment",attraction,Chhattisgarh,All Seasons,Gariaband,2
घड़घड़ी waterfalls,20.3998186,82.14979749999999,3.1,"tourist_attraction, point_of_interest, establishment",attraction,Chhattisgarh,All Seasons,Gariaband,7
"Ranimata, kerapani, mudhipani, waterfall",20.6306349,82.3350057,3.6,"tourist_attraction, point_of_interest, establishment",attraction,Chhattisgarh,All Seasons,Gariaband,8
Ghadhghadi waterfall,20.4037048,82.1492418,3.5,"tourist_attraction, point_of_interest, establishment",attraction,Chhattisgarh,All Seasons,Gariaband,4
"MOHERA BRIDGE, BARUKA (मुहेरा पुलिया)",20.6846621,81.9982192,4.8,"tourist_attraction, point_of_interest, establishment",attraction,Chhattisgarh,All Seasons,Gariaband,6
Etin Sagar Waterfall Talesar,20.7744954,82.0669095,4.3,"tourist_attraction, point_of_interest, establishment",attraction,Chhattisgarh,All Seasons,Gariaband,3
Ranidhara hasauda gariyabanda chattisgarh,20.5056641,82.0460617,0,"tourist_attraction, point_of_interest, establishment",attraction,Chhattisgarh,All Seasons,Gariaband,0
carnivorous animal habitat,20.6031692,81.79118609999999,4,"tourist_attraction, point_of_interest, establishment",attraction,Chhattisgarh,All Seasons,Gariaband,1
Baghmara waterfall,20.6946526,81.9215227,5,"tourist_attraction, point_of_interest, establishment",attraction,Chhattisgarh,All Seasons,Gariaband,3
दुपट्टा चॉक चारगांव,20.4421775,81.97776999999999,4.2,"tourist_attraction, point_of_interest, establishment",attraction,Chhattisgarh,All Seasons,Gariaband,5
Bakori,20.7000754,81.8619904,4.7,"tourist_attraction, point_of_interest, establishment",attraction,Chhattisgarh,All Seasons,Gariaband,9
BUTIGARH,20.5861288,81.90252129999999,3.7,"tourist_attraction, point_of_interest, establishment",attraction,Chhattisgarh,All Seasons,Gariaband,16
Shidheshwari Mandir Gufa,20.8275168,82.0640087,4.3,"tourist_attraction, point_of_interest, establishment",attraction,Chhattisgarh,All Seasons,Gariaband,10
JARANDI (KHOJ),20.393407,82.2809446,0,"tourist_attraction, point_of_interest, establishment",attraction,Chhattisgarh,All Seasons,Gariaband,0
Belora Dam,20.709189,81.82689769999999,3.9,"tourist_attraction, point_of_interest, establishment",attraction,Chhattisgarh,All Seasons,Gariaband,15
मां कुम्हड़ाईन देवी पहाड़ी,20.4471884,81.7950577,0,"tourist_attraction, point_of_interest, establishment",attraction,Chhattisgarh,All Seasons,Gariaband,0
Rajadera dam (राजाडेरा जलाशय),20.7048874,81.9073781,5,"tourist_attraction, point_of_interest, establishment",attraction,Chhattisgarh,All Seasons,Gariaband,3
Mor belar selfi zone मोर बेलर सेल्फी जोन,20.9097511,82.038804,5,"tourist_attraction, point_of_interest, establishment",attraction,Chhattisgarh,All Seasons,Gariaband,2
महानदी नया पुल,20.9003098,81.8164096,5,"tourist_attraction, point_of_interest, establishment",attraction,Chhattisgarh,All Seasons,Gariaband,5
Teka,20.8738561,81.9708565,4,"tourist_attraction, point_of_interest, establishment",attraction,Chhattisgarh,All Seasons,Gariaband,6
Sitanadi Wildlife Sanctuary,20.4554292,81.97529949999999,3.9,"tourist_attraction, zoo, park, point_of_interest, establishment",attraction,Chhattisgarh,All Seasons,Gariaband,593
Bagharra,22.9326314,81.6193243,4.7,"park, point_of_interest, establishment",parks,Chhattisgarh,Spring,Gaurela-Pendra-Marwahi,3
"Herbal Garden, IGNTU",22.8086267,81.7476267,4.5,"park, point_of_interest, establishment",parks,Chhattisgarh,Spring,Gaurela-Pendra-Marwahi,8
Rock Garden,23.0518054,81.7920317,4,"park, point_of_interest, establishment",parks,Chhattisgarh,Spring,Gaurela-Pendra-Marwahi,131
Malaniya Dam,22.7203871,81.84575199999999,3.8,"park, point_of_interest, establishment",parks,Chhattisgarh,Spring,Gaurela-Pendra-Marwahi,48
Smriti vatika gaurela GPM,22.7407129,81.8997234,3.7,"park, point_of_interest, establishment",parks,Chhattisgarh,Spring,Gaurela-Pendra-Marwahi,29
Shabri Park,22.8083334,81.75173319999999,4,"park, point_of_interest, establishment",parks,Chhattisgarh,Spring,Gaurela-Pendra-Marwahi,31
Gupt Narmada Udgam Sthal,22.8104093,81.748306,3,"park, point_of_interest, establishment",parks,Chhattisgarh,Spring,Gaurela-Pendra-Marwahi,4
एकलव्य वन वाटिका राजेन्द्रग्राम,22.9415474,81.6083276,4,"park, point_of_interest, establishment",parks,Chhattisgarh,Spring,Gaurela-Pendra-Marwahi,43
Abhayraj farm house 🏡 (Ramayan),23.0557687,81.7005835,4,"park, point_of_interest, establishment",parks,Chhattisgarh,Spring,Gaurela-Pendra-Marwahi,4
झाबर चौराहा,22.776737,82.0223275,3.7,"park, point_of_interest, establishment",parks,Chhattisgarh,Spring,Gaurela-Pendra-Marwahi,3
Bagheswar Park Siwni,23.0259394,81.81529619999999,3.7,"park, point_of_interest, establishment",parks,Chhattisgarh,Spring,Gaurela-Pendra-Marwahi,16
Lakhanpur Water Damp,23.0498455,81.69882899999999,2.5,"park, point_of_interest, establishment",parks,Chhattisgarh,Spring,Gaurela-Pendra-Marwahi,2
Sunrise And Sunset Point Badhawandand,22.6683667,81.90809159999999,5,"park, point_of_interest, establishment",parks,Chhattisgarh,Spring,Gaurela-Pendra-Marwahi,11
शासकीय उद्यान लालपुर,22.8324253,81.87930879999999,3.9,"park, point_of_interest, establishment",parks,Chhattisgarh,Spring,Gaurela-Pendra-Marwahi,12
IGNTU Peak,22.7873704,81.7503267,4.8,"park, point_of_interest, establishment",parks,Chhattisgarh,Spring,Gaurela-Pendra-Marwahi,6
Marwahi Park,23.0044052,82.0580847,4.2,"park, point_of_interest, establishment",parks,Chhattisgarh,Spring,Gaurela-Pendra-Marwahi,25
Rajput Mango Garden,22.8347598,81.8911055,4.2,"park, point_of_interest, establishment",parks,Chhattisgarh,Spring,Gaurela-Pendra-Marwahi,5
Forest,22.644499,82.0788445,3.8,"park, point_of_interest, establishment",parks,Chhattisgarh,Spring,Gaurela-Pendra-Marwahi,28
Garden,22.7709518,81.9247149,3.8,"park, point_of_interest, establishment",parks,Chhattisgarh,Spring,Gaurela-Pendra-Marwahi,8
Rock Garden,22.9522006,81.9050322,4.5,"park, point_of_interest, establishment",parks,Chhattisgarh,Spring,Gaurela-Pendra-Marwahi,6
Ajay kumar,23.0407596,81.8622291,1,"park, point_of_interest, establishment",parks,Chhattisgarh,Spring,Gaurela-Pendra-Marwahi,1
Majnu Park,22.8037747,81.7512745,0,"park, point_of_interest, establishment",parks,Chhattisgarh,Spring,Gaurela-Pendra-Marwahi,0
PARK NEAR NARMADA KUND,22.6745318,81.7596226,0,"park, point_of_interest, establishment",parks,Chhattisgarh,Spring,Gaurela-Pendra-Marwahi,0
Park,23.0038667,82.05823389999999,4.8,"park, point_of_interest, establishment",parks,Chhattisgarh,Spring,Gaurela-Pendra-Marwahi,4
Children garden,22.7782134,81.97026149999999,4,"park, point_of_interest, establishment",parks,Chhattisgarh,Spring,Gaurela-Pendra-Marwahi,5
Ambedkar Park,22.8036303,81.7512507,4.1,"park, point_of_interest, establishment",parks,Chhattisgarh,Spring,Gaurela-Pendra-Marwahi,107
NSS Park,22.8025696,81.7516625,4,"park, point_of_interest, establishment",parks,Chhattisgarh,Spring,Gaurela-Pendra-Marwahi,1
Madakot,22.9824258,82.0745505,4.7,"park, point_of_interest, establishment",parks,Chhattisgarh,Spring,Gaurela-Pendra-Marwahi,3
Verma Ji Garden,22.7602466,81.9162468,5,"park, point_of_interest, establishment",parks,Chhattisgarh,Spring,Gaurela-Pendra-Marwahi,4
Gauthan kendra ratga,22.9296758,82.0372265,0,"park, point_of_interest, establishment",parks,Chhattisgarh,Spring,Gaurela-Pendra-Marwahi,0
Deepa waterfall,22.5943523,81.87725960000002,3,"park, point_of_interest, establishment",parks,Chhattisgarh,Spring,Gaurela-Pendra-Marwahi,6
Omkar bhariya,22.8264215,81.93642510000001,0,"park, point_of_interest, establishment",parks,Chhattisgarh,Spring,Gaurela-Pendra-Marwahi,0
Ramesh pendro house,23.00621,82.0541902,0,"park, point_of_interest, establishment",parks,Chhattisgarh,Spring,Gaurela-Pendra-Marwahi,0
Mekal Park Amarkantak,22.6784105,81.75541249999999,4.1,"park, point_of_interest, establishment",parks,Chhattisgarh,Spring,Gaurela-Pendra-Marwahi,147
Durga Sarovar बचरवार,22.8011732,81.9578841,0,"park, point_of_interest, establishment",parks,Chhattisgarh,Spring,Gaurela-Pendra-Marwahi,0
Sam Ahiresh,22.9083561,82.0198286,0,"park, point_of_interest, establishment",parks,Chhattisgarh,Spring,Gaurela-Pendra-Marwahi,0
chhauaa kaghar,22.7501154,82.0051731,0,"park, point_of_interest, establishment",parks,Chhattisgarh,Spring,Gaurela-Pendra-Marwahi,0
Aditya kujur,22.7090276,81.9591665,0,"park, point_of_interest, establishment",parks,Chhattisgarh,Spring,Gaurela-Pendra-Marwahi,0
Narendra Rathour hometown,22.7816875,81.91918749999999,5,"park, point_of_interest, establishment",parks,Chhattisgarh,Spring,Gaurela-Pendra-Marwahi,1
Tulsi Manas bhavan,23.0413874,81.79411549999999,3.5,"park, point_of_interest, establishment",parks,Chhattisgarh,Spring,Gaurela-Pendra-Marwahi,6
Pendra Meri Jaan,22.7717451,81.9619919,5,"park, point_of_interest, establishment",parks,Chhattisgarh,Spring,Gaurela-Pendra-Marwahi,5
Kambal Bichhan Rigriga,22.5740485,81.9940135,5,"park, point_of_interest, establishment",parks,Chhattisgarh,Spring,Gaurela-Pendra-Marwahi,3
N.P.V. CAMP GARDEN,22.9762558,81.9035442,5,"park, point_of_interest, establishment",parks,Chhattisgarh,Spring,Gaurela-Pendra-Marwahi,4
Yash farmhouse,22.8082166,81.9611678,5,"park, point_of_interest, establishment",parks,Chhattisgarh,Spring,Gaurela-Pendra-Marwahi,6
Majhgawan gavthan,22.8304998,81.9780811,0,"park, point_of_interest, establishment",parks,Chhattisgarh,Spring,Gaurela-Pendra-Marwahi,0
Sateesh kumar kanwar,22.7041779,82.0738648,0,"park, point_of_interest, establishment",parks,Chhattisgarh,Spring,Gaurela-Pendra-Marwahi,0
घुघुस गढ़ीया पहाड़,22.561487,82.0562095,3,"park, point_of_interest, establishment",parks,Chhattisgarh,Spring,Gaurela-Pendra-Marwahi,2
RK farm house,22.8310171,81.971211,2.5,"park, point_of_interest, establishment",parks,Chhattisgarh,Spring,Gaurela-Pendra-Marwahi,2
Pwd guest house,22.6280567,81.78305499999999,5,"campground, park, lodging, point_of_interest, establishment",parks,Chhattisgarh,Spring,Gaurela-Pendra-Marwahi,1
Murmur Forest,22.7161746,82.0818595,3.5,"park, point_of_interest, establishment",parks,Chhattisgarh,Spring,Gaurela-Pendra-Marwahi,4
Lamna bas stesan,22.612201,82.1441643,0,"park, point_of_interest, establishment",parks,Chhattisgarh,Spring,Gaurela-Pendra-Marwahi,0
Motiya bandha,22.7489466,81.9780262,0,"park, point_of_interest, establishment",parks,Chhattisgarh,Spring,Gaurela-Pendra-Marwahi,0
Ankush rajak hometown manaura,22.9787774,81.81903419999999,0,"park, point_of_interest, establishment",parks,Chhattisgarh,Spring,Gaurela-Pendra-Marwahi,0
khatri nursery plants,22.7654999,81.9487525,3.9,"park, point_of_interest, establishment",parks,Chhattisgarh,Spring,Gaurela-Pendra-Marwahi,53
पाम गार्डन,22.7704915,81.9510646,3.8,"park, point_of_interest, establishment",parks,Chhattisgarh,Spring,Gaurela-Pendra-Marwahi,16
Susheel,22.9754966,81.8257801,5,"park, point_of_interest, establishment",parks,Chhattisgarh,Spring,Gaurela-Pendra-Marwahi,1
Ritesh Ayam,22.7881441,82.1295773,0,"park, point_of_interest, establishment",parks,Chhattisgarh,Spring,Gaurela-Pendra-Marwahi,0
"Nature Park, Gagnai Reservoir",22.9171645,82.0309884,4.2,"tourist_attraction, point_of_interest, establishment",parks,Chhattisgarh,Spring,Gaurela-Pendra-Marwahi,38
Ganganai daim bridge,22.9141486,82.0292547,5,"park, point_of_interest, establishment",parks,Chhattisgarh,Spring,Gaurela-Pendra-Marwahi,1
Bagmadiya Rigriga CG Bilaspur,22.5646571,82.001751,4,"park, point_of_interest, establishment",parks,Chhattisgarh,Spring,Gaurela-Pendra-Marwahi,1
Rajmahal pendra,22.7782406,81.9537579,4.2,"museum, point_of_interest, establishment",museum,Chhattisgarh,Winter,Gaurela-Pendra-Marwahi,13
Samundlai कुंड,23.0464997,82.0904833,4.1,"museum, point_of_interest, establishment",museum,Chhattisgarh,Winter,Gaurela-Pendra-Marwahi,15
नर्मदाञ्चल क्षत्रिय राठौड़ भवन पेण्ड्रा रोड,22.7571123,81.93340189999999,4.9,"museum, point_of_interest, establishment",museum,Chhattisgarh,Winter,Gaurela-Pendra-Marwahi,13
Bhrigu Rishi tapasya sthal,22.644722,81.751944,4.6,"museum, point_of_interest, establishment",museum,Chhattisgarh,Winter,Gaurela-Pendra-Marwahi,26
Inarch center,22.8064043,81.7494883,4.8,"point_of_interest, establishment",museum,Chhattisgarh,Winter,Gaurela-Pendra-Marwahi,115
TRIBAL MUSEUM AND AGRICULTURE CENTER,22.8037294,81.7521454,4.5,"museum, point_of_interest, establishment",museum,Chhattisgarh,Winter,Gaurela-Pendra-Marwahi,2
Sonmuda,22.6822292,81.7532219,5,"museum, point_of_interest, establishment",museum,Chhattisgarh,Winter,Gaurela-Pendra-Marwahi,1
durwasa Ashram,22.7150272,81.7630545,5,"museum, point_of_interest, establishment",museum,Chhattisgarh,Winter,Gaurela-Pendra-Marwahi,1
Shankar Hanumaan Mandir Ps,22.5509501,81.9346648,0,"museum, point_of_interest, establishment",museum,Chhattisgarh,Winter,Gaurela-Pendra-Marwahi,0
Niraj shorthey,22.6906335,82.1142335,0,"museum, point_of_interest, establishment",museum,Chhattisgarh,Winter,Gaurela-Pendra-Marwahi,0
Department Of Geology Meseum,22.8048864,81.74628799999999,0,"museum, point_of_interest, establishment",museum,Chhattisgarh,Winter,Gaurela-Pendra-Marwahi,0
Sumit Rathour,23.0405041,81.83259740000001,0,"museum, point_of_interest, establishment",museum,Chhattisgarh,Winter,Gaurela-Pendra-Marwahi,0
Subhash Singh,22.8357988,81.7103155,0,"museum, point_of_interest, establishment",museum,Chhattisgarh,Winter,Gaurela-Pendra-Marwahi,0
pan India Tribal Museum IGNTU Amarkantak,22.8035639,81.7524095,4.7,"tourist_attraction, point_of_interest, establishment",museum,Chhattisgarh,Winter,Gaurela-Pendra-Marwahi,3
Durga Shankar Mandir Pradeep,22.5484061,81.92907199999999,2,"museum, point_of_interest, establishment",museum,Chhattisgarh,Winter,Gaurela-Pendra-Marwahi,1
Jhojha waterfall,22.6614498,82.1720481,4.2,"tourist_attraction, point_of_interest, establishment",waterfalls,Chhattisgarh,Monsoon,Gaurela-Pendra-Marwahi,204
Durga Dhara,22.7143669,81.76190059999999,4.4,"tourist_attraction, point_of_interest, establishment",waterfalls,Chhattisgarh,Monsoon,Gaurela-Pendra-Marwahi,318
Rani Waterfall,22.643449,81.7115148,4.6,"tourist_attraction, point_of_interest, establishment",waterfalls,Chhattisgarh,Monsoon,Gaurela-Pendra-Marwahi,32
Kapildhara Waterfall,22.7008773,81.7055688,4.5,"natural_feature, establishment",waterfalls,Chhattisgarh,Monsoon,Gaurela-Pendra-Marwahi,463
बड़हर झरना BARAHAR WATERFALLS,23.0051703,81.6236825,4.8,"tourist_attraction, point_of_interest, establishment",waterfalls,Chhattisgarh,Monsoon,Gaurela-Pendra-Marwahi,4
Kapildhara,22.7008981,81.70552339999999,4.4,"tourist_attraction, hindu_temple, place_of_worship, point_of_interest, establishment",waterfalls,Chhattisgarh,Monsoon,Gaurela-Pendra-Marwahi,2190
Hāndikundi Falls,22.6521421,81.7918866,4.2,"natural_feature, establishment",waterfalls,Chhattisgarh,Monsoon,Gaurela-Pendra-Marwahi,6
Jhojha waterfall trek,22.6552321,82.1680985,4.8,"park, point_of_interest, establishment",waterfalls,Chhattisgarh,Monsoon,Gaurela-Pendra-Marwahi,4
Behgarh Dharhar Waterfall,22.8681252,81.61620789999999,3.7,"tourist_attraction, point_of_interest, establishment",waterfalls,Chhattisgarh,Monsoon,Gaurela-Pendra-Marwahi,3
Lakshman Dhara,22.6297164,81.9288224,4.3,"tourist_attraction, point_of_interest, establishment",waterfalls,Chhattisgarh,Monsoon,Gaurela-Pendra-Marwahi,117
Deepa waterfall,22.5943523,81.87725960000002,3,"park, point_of_interest, establishment",waterfalls,Chhattisgarh,Monsoon,Gaurela-Pendra-Marwahi,6
लक्ष्मण धारा जलप्रपात,22.7181839,81.7322262,4.6,"tourist_attraction, point_of_interest, establishment",waterfalls,Chhattisgarh,Monsoon,Gaurela-Pendra-Marwahi,7
Doodh Dhara,22.7023419,81.7024821,4.3,"tourist_attraction, park, point_of_interest, establishment",waterfalls,Chhattisgarh,Monsoon,Gaurela-Pendra-Marwahi,1133
Lakshman dhara,22.7181861,81.7322258,4.8,"park, point_of_interest, establishment",waterfalls,Chhattisgarh,Monsoon,Gaurela-Pendra-Marwahi,4
जोगी गुफा,22.6420755,82.12879679999999,4.8,"tourist_attraction, point_of_interest, establishment",waterfalls,Chhattisgarh,Monsoon,Gaurela-Pendra-Marwahi,4
Narigawara sliding waterfall,22.65839,81.66565,0,"park, point_of_interest, establishment",waterfalls,Chhattisgarh,Monsoon,Gaurela-Pendra-Marwahi,0
Sunrise Point Amarkantak,22.6949197,81.7632727,4.5,"tourist_attraction, point_of_interest, establishment",waterfalls,Chhattisgarh,Monsoon,Gaurela-Pendra-Marwahi,246
"Sunrise view point, Amarkantak",22.6601305,81.76496449999999,4.4,"tourist_attraction, point_of_interest, establishment",waterfalls,Chhattisgarh,Monsoon,Gaurela-Pendra-Marwahi,239
Indira Udhyan,22.7740788,81.97382139999999,3.9,"park, point_of_interest, establishment",zoo,Chhattisgarh,Winter,Gaurela-Pendra-Marwahi,82
Hanuman Mandir,22.9060881,81.9813155,5,"hindu_temple, place_of_worship, point_of_interest, establishment",temples,Chhattisgarh,All Seasons,Gaurela-Pendra-Marwahi,6
Dattatreya Temple,22.7537842,81.9234695,4,"place_of_worship, point_of_interest, establishment",temples,Chhattisgarh,All Seasons,Gaurela-Pendra-Marwahi,47
Shree Ram Janki Temple,22.6723907,81.7592222,4.1,"hindu_temple, place_of_worship, point_of_interest, establishment",temples,Chhattisgarh,All Seasons,Gaurela-Pendra-Marwahi,10
Shree Sani Dev Temple Jaleshvar Dhaam,22.7271334,81.7582607,4.3,"hindu_temple, place_of_worship, point_of_interest, establishment",temples,Chhattisgarh,All Seasons,Gaurela-Pendra-Marwahi,3
"Shri Siddh Dham Hanuman Mandir, Kiran Ghat",23.0019952,81.6111794,4.4,"hindu_temple, place_of_worship, point_of_interest, establishment",temples,Chhattisgarh,All Seasons,Gaurela-Pendra-Marwahi,13
Mai Ka Mandap,22.6525186,81.7910373,4.3,"hindu_temple, place_of_worship, point_of_interest, establishment",temples,Chhattisgarh,All Seasons,Gaurela-Pendra-Marwahi,65
Sidhbaba Temple,22.7099797,81.6244494,3.5,"hindu_temple, place_of_worship, point_of_interest, establishment",temples,Chhattisgarh,All Seasons,Gaurela-Pendra-Marwahi,2
Shiv Temple,22.691626,81.73903059999999,4.4,"hindu_temple, place_of_worship, point_of_interest, establishment",temples,Chhattisgarh,All Seasons,Gaurela-Pendra-Marwahi,17
Shiv Mandir Lalpur,22.8267084,81.8948802,5,"hindu_temple, place_of_worship, point_of_interest, establishment",temples,Chhattisgarh,All Seasons,Gaurela-Pendra-Marwahi,4
Kali Mandir temple,23.0475113,81.91108799999999,5,"hindu_temple, place_of_worship, point_of_interest, establishment",temples,Chhattisgarh,All Seasons,Gaurela-Pendra-Marwahi,1
Shri Yantra Mandir,22.6663881,81.7600397,4.2,"hindu_temple, tourist_attraction, place_of_worship, point_of_interest, establishment",temples,Chhattisgarh,All Seasons,Gaurela-Pendra-Marwahi,854
"Sonkund ,Son Nadi udgam",22.7086443,82.03730589999999,4.3,"hindu_temple, place_of_worship, point_of_interest, establishment",temples,Chhattisgarh,All Seasons,Gaurela-Pendra-Marwahi,41
Sidhbaba Ancient Temple,22.7208256,81.6161667,4.3,"hindu_temple, place_of_worship, point_of_interest, establishment",temples,Chhattisgarh,All Seasons,Gaurela-Pendra-Marwahi,9
Amarkantak Temple,22.6725456,81.7596274,4.5,"hindu_temple, place_of_worship, point_of_interest, establishment",temples,Chhattisgarh,All Seasons,Gaurela-Pendra-Marwahi,1181
Shiv temple,22.7603181,81.90342389999999,4.3,"hindu_temple, place_of_worship, point_of_interest, establishment",temples,Chhattisgarh,All Seasons,Gaurela-Pendra-Marwahi,10
Hanuman ji Mandir,22.758079,81.9018715,4.6,"hindu_temple, place_of_worship, point_of_interest, establishment",temples,Chhattisgarh,All Seasons,Gaurela-Pendra-Marwahi,14
Siddhivinayak mandir,22.8716302,81.6176304,4.7,"hindu_temple, place_of_worship, point_of_interest, establishment",temples,Chhattisgarh,All Seasons,Gaurela-Pendra-Marwahi,16
Jai Maa Kali Temple,22.8283955,81.8820319,5,"hindu_temple, place_of_worship, point_of_interest, establishment",temples,Chhattisgarh,All Seasons,Gaurela-Pendra-Marwahi,6
shree ram mandir,22.7788262,81.9544339,4.2,"hindu_temple, place_of_worship, point_of_interest, establishment",temples,Chhattisgarh,All Seasons,Gaurela-Pendra-Marwahi,11
Lord Shiva Temple,22.7461256,81.90158079999999,4.3,"hindu_temple, place_of_worship, point_of_interest, establishment",temples,Chhattisgarh,All Seasons,Gaurela-Pendra-Marwahi,21
Hanuman Mandir,22.7766074,81.95814,4.7,"hindu_temple, place_of_worship, point_of_interest, establishment",temples,Chhattisgarh,All Seasons,Gaurela-Pendra-Marwahi,11
"Shiv, Temple",22.6718128,81.7585829,4.3,"hindu_temple, place_of_worship, point_of_interest, establishment",temples,Chhattisgarh,All Seasons,Gaurela-Pendra-Marwahi,11
Sheetla Mandir,22.7774999,81.96157769999999,4.4,"hindu_temple, place_of_worship, point_of_interest, establishment",temples,Chhattisgarh,All Seasons,Gaurela-Pendra-Marwahi,18
Ancient Temples Of Kalachuri group,22.6717489,81.7585373,4.4,"tourist_attraction, point_of_interest, establishment",temples,Chhattisgarh,All Seasons,Gaurela-Pendra-Marwahi,2633
Shiv Mandir chichgohna,23.0020834,82.0343733,4.7,"hindu_temple, place_of_worship, point_of_interest, establishment",temples,Chhattisgarh,All Seasons,Gaurela-Pendra-Marwahi,10
Panchmatha Temples,22.6718993,81.75880579999999,4.2,"hindu_temple, place_of_worship, point_of_interest, establishment",temples,Chhattisgarh,All Seasons,Gaurela-Pendra-Marwahi,10
Shri Chhindi Mata Mandir,23.0279846,81.8108833,4.6,"hindu_temple, place_of_worship, point_of_interest, establishment",temples,Chhattisgarh,All Seasons,Gaurela-Pendra-Marwahi,21
Amarkantak,22.6796427,81.75587449999999,4.9,"hindu_temple, place_of_worship, point_of_interest, establishment",temples,Chhattisgarh,All Seasons,Gaurela-Pendra-Marwahi,26
Juhila Temple,22.6716674,81.758781,4.1,"hindu_temple, place_of_worship, point_of_interest, establishment",temples,Chhattisgarh,All Seasons,Gaurela-Pendra-Marwahi,7
Hanuman & Lord Shiva Temple,22.7960728,81.78490120000001,0,"hindu_temple, place_of_worship, point_of_interest, establishment",temples,Chhattisgarh,All Seasons,Gaurela-Pendra-Marwahi,0
Narmdeshwar Mandir,22.6725223,81.75954759999999,4.5,"hindu_temple, place_of_worship, point_of_interest, establishment",temples,Chhattisgarh,All Seasons,Gaurela-Pendra-Marwahi,188
Karhaniya Mura tola hindu temple,23.0406784,82.1007399,0,"hindu_temple, place_of_worship, point_of_interest, establishment",temples,Chhattisgarh,All Seasons,Gaurela-Pendra-Marwahi,0
Shri Jaaleshwar Dhaam,22.7355006,81.7634042,4.4,"hindu_temple, place_of_worship, point_of_interest, establishment",temples,Chhattisgarh,All Seasons,Gaurela-Pendra-Marwahi,374
Jai Jai Siyaram Baba Dham Shanti Kuti Aashram Amarkantak,22.6761449,81.7586378,4,"hindu_temple, place_of_worship, point_of_interest, establishment",temples,Chhattisgarh,All Seasons,Gaurela-Pendra-Marwahi,28
Shri Amareshwar Mahadev,22.7317323,81.7625017,4.6,"hindu_temple, place_of_worship, point_of_interest, establishment",temples,Chhattisgarh,All Seasons,Gaurela-Pendra-Marwahi,381
Durga Mandir,22.7667126,81.8895955,4.4,"hindu_temple, place_of_worship, point_of_interest, establishment",temples,Chhattisgarh,All Seasons,Gaurela-Pendra-Marwahi,20
Koti Tirtha Kund Temple,22.6730908,81.7591494,4.4,"hindu_temple, place_of_worship, point_of_interest, establishment",temples,Chhattisgarh,All Seasons,Gaurela-Pendra-Marwahi,40
Shree Hanuman Temple,22.935567,81.6086535,4.2,"hindu_temple, place_of_worship, point_of_interest, establishment",temples,Chhattisgarh,All Seasons,Gaurela-Pendra-Marwahi,5
Marhi Mata Mandir,22.7621474,81.899249,4.1,"hindu_temple, place_of_worship, point_of_interest, establishment",temples,Chhattisgarh,All Seasons,Gaurela-Pendra-Marwahi,481
Bijauri Temple,22.7965382,81.7651875,0,"place_of_worship, point_of_interest, establishment",temples,Chhattisgarh,All Seasons,Gaurela-Pendra-Marwahi,0
Narmada Mandir,22.6725436,81.75962559999999,4.6,"hindu_temple, tourist_attraction, place_of_worship, point_of_interest, establishment",temples,Chhattisgarh,All Seasons,Gaurela-Pendra-Marwahi,297
Shree Geeta Swadhyay Temple,22.6719027,81.76045529999999,4.3,"hindu_temple, place_of_worship, point_of_interest, establishment",temples,Chhattisgarh,All Seasons,Gaurela-Pendra-Marwahi,19
Karan Temple,22.6710897,81.7580832,4.5,"hindu_temple, place_of_worship, point_of_interest, establishment",temples,Chhattisgarh,All Seasons,Gaurela-Pendra-Marwahi,31
Shankar Mandir (Dem),22.9998386,82.0321129,3.8,"hindu_temple, place_of_worship, point_of_interest, establishment",temples,Chhattisgarh,All Seasons,Gaurela-Pendra-Marwahi,15
"Pataleshwar Mahadev, Temple",22.6714616,81.7589347,4.8,"hindu_temple, place_of_worship, point_of_interest, establishment",temples,Chhattisgarh,All Seasons,Gaurela-Pendra-Marwahi,25
Krishna Temple,22.7545652,81.9036663,4.6,"place_of_worship, point_of_interest, establishment",temples,Chhattisgarh,All Seasons,Gaurela-Pendra-Marwahi,8
शिव मन्दिर नवापारा सधवानी,22.6883653,81.9341774,4.1,"hindu_temple, place_of_worship, point_of_interest, establishment",temples,Chhattisgarh,All Seasons,Gaurela-Pendra-Marwahi,12
TAPASVI SURAJNATH SAMADHI,22.6676542,81.77244189999999,4,"hindu_temple, place_of_worship, point_of_interest, establishment",temples,Chhattisgarh,All Seasons,Gaurela-Pendra-Marwahi,3
Barfani Ashram,22.672407,81.760645,3.6,"hindu_temple, place_of_worship, point_of_interest, establishment",temples,Chhattisgarh,All Seasons,Gaurela-Pendra-Marwahi,61
Durga Dhara,22.7143669,81.76190059999999,4.4,"tourist_attraction, point_of_interest, establishment",temples,Chhattisgarh,All Seasons,Gaurela-Pendra-Marwahi,318
Ganeshpuri kalimandir kariaam,22.5908934,82.0545545,5,"hindu_temple, place_of_worship, point_of_interest, establishment",temples,Chhattisgarh,All Seasons,Gaurela-Pendra-Marwahi,1
Hunuman Mandir Tendumuda,22.7870329,81.860481,5,"hindu_temple, place_of_worship, point_of_interest, establishment",temples,Chhattisgarh,All Seasons,Gaurela-Pendra-Marwahi,1
Shri DharHar Mandir,22.8715663,81.61749499999999,3.8,"hindu_temple, place_of_worship, point_of_interest, establishment",temples,Chhattisgarh,All Seasons,Gaurela-Pendra-Marwahi,26
Shiv Mandir,22.8903161,81.97322539999999,4,"hindu_temple, place_of_worship, point_of_interest, establishment",temples,Chhattisgarh,All Seasons,Gaurela-Pendra-Marwahi,11
Shri Shiv Mandir,23.0430589,81.7967439,4,"hindu_temple, place_of_worship, point_of_interest, establishment",temples,Chhattisgarh,All Seasons,Gaurela-Pendra-Marwahi,4
Hanuman Mandir,22.7644414,81.910122,4.8,"hindu_temple, place_of_worship, point_of_interest, establishment",temples,Chhattisgarh,All Seasons,Gaurela-Pendra-Marwahi,6
Dhauramuda temple,22.7344429,81.83624089999999,4,"hindu_temple, place_of_worship, point_of_interest, establishment",temples,Chhattisgarh,All Seasons,Gaurela-Pendra-Marwahi,1
Sharda maa temple,22.9277883,81.9360767,5,"hindu_temple, place_of_worship, point_of_interest, establishment",temples,Chhattisgarh,All Seasons,Gaurela-Pendra-Marwahi,1
SHIV TEMPLE,23.0493241,81.9282527,4,"hindu_temple, place_of_worship, point_of_interest, establishment",temples,Chhattisgarh,All Seasons,Gaurela-Pendra-Marwahi,1
Nageshwari Temple Marwahi,22.991596,82.0609025,4.4,"hindu_temple, place_of_worship, point_of_interest, establishment",temples,Chhattisgarh,All Seasons,Gaurela-Pendra-Marwahi,18
Rajmergarh hill top,22.7064379,81.7838158,4.5,"tourist_attraction, point_of_interest, establishment",hills,Chhattisgarh,Winter,Gaurela-Pendra-Marwahi,49
Amarkantak Hill Range,22.5804,82.0603945,4.2,"park, point_of_interest, establishment",hills,Chhattisgarh,Winter,Gaurela-Pendra-Marwahi,1139
Eco hill resort - Chattisgarh Tourism,22.6711107,81.7250505,4.2,"lodging, point_of_interest, establishment",hills,Chhattisgarh,Winter,Gaurela-Pendra-Marwahi,90
Maikal Hills Resort in Amarkantak (M.P.),22.6937972,81.7540889,4.6,"lodging, point_of_interest, establishment",hills,Chhattisgarh,Winter,Gaurela-Pendra-Marwahi,144
Jaleshwar hill top,22.7065969,81.7839985,4,"lodging, point_of_interest, establishment",hills,Chhattisgarh,Winter,Gaurela-Pendra-Marwahi,9
Plane on top of hill,22.79566,81.7851283,0,"tourist_attraction, point_of_interest, establishment",hills,Chhattisgarh,Winter,Gaurela-Pendra-Marwahi,0
Maikal hill view point,22.6890833,81.7696795,5,"landmark, point_of_interest, establishment",hills,Chhattisgarh,Winter,Gaurela-Pendra-Marwahi,2
IGNTU Peak,22.7873704,81.7503267,4.8,"park, point_of_interest, establishment",hills,Chhattisgarh,Winter,Gaurela-Pendra-Marwahi,6
Rajmargerh | Highlands of Chhattisgarh,22.7219263,81.7719202,4.3,"park, point_of_interest, establishment",hills,Chhattisgarh,Winter,Gaurela-Pendra-Marwahi,7
"Sunrise view point, Amarkantak",22.6601305,81.76496449999999,4.4,"tourist_attraction, point_of_interest, establishment",hills,Chhattisgarh,Winter,Gaurela-Pendra-Marwahi,239
Baba baithak hills,22.5680225,82.0334124,5,"hindu_temple, place_of_worship, point_of_interest, establishment",hills,Chhattisgarh,Winter,Gaurela-Pendra-Marwahi,2
Green Valley Resort,22.6731049,81.7564471,4.5,"lodging, point_of_interest, establishment",hills,Chhattisgarh,Winter,Gaurela-Pendra-Marwahi,35
Amarkantak Ghat - Tourist Point,22.757823,81.7495787,4.1,"tourist_attraction, point_of_interest, establishment",hills,Chhattisgarh,Winter,Gaurela-Pendra-Marwahi,28
Sonmuda Amarkantak,22.6601198,81.76496680000001,4.4,"tourist_attraction, point_of_interest, establishment",hills,Chhattisgarh,Winter,Gaurela-Pendra-Marwahi,2797
Jhojha waterfall,22.6614498,82.1720481,4.2,"tourist_attraction, point_of_interest, establishment",hills,Chhattisgarh,Winter,Gaurela-Pendra-Marwahi,204
Sunrise Point Amarkantak,22.6949197,81.7632727,4.5,"tourist_attraction, point_of_interest, establishment",hills,Chhattisgarh,Winter,Gaurela-Pendra-Marwahi,246
Ajmergarh,22.7089832,81.78237709999999,4.2,"point_of_interest, establishment",hills,Chhattisgarh,Winter,Gaurela-Pendra-Marwahi,16
"Kabir Chabutara - Bilaspur District, Chhattisgarh, India",22.674689,81.72737,4.2,"place_of_worship, point_of_interest, establishment",hills,Chhattisgarh,Winter,Gaurela-Pendra-Marwahi,196
Shri Jaaleshwar Dhaam,22.7355006,81.7634042,4.4,"hindu_temple, place_of_worship, point_of_interest, establishment",hills,Chhattisgarh,Winter,Gaurela-Pendra-Marwahi,374
Amarkantak Bus Stand,22.6825236,81.7545725,3.6,"travel_agency, point_of_interest, establishment",hills,Chhattisgarh,Winter,Gaurela-Pendra-Marwahi,356
Narmada Parmarth Ashram,22.721084,81.7616759,5,"place_of_worship, point_of_interest, establishment",hills,Chhattisgarh,Winter,Gaurela-Pendra-Marwahi,6
"Sunrise view point, Amarkantak",22.6601305,81.76496449999999,4.4,"tourist_attraction, point_of_interest, establishment",attraction,Chhattisgarh,All Seasons,Gaurela-Pendra-Marwahi,239
Lakshman Dhara,22.6297164,81.9288224,4.3,"tourist_attraction, point_of_interest, establishment",attraction,Chhattisgarh,All Seasons,Gaurela-Pendra-Marwahi,117
Jhojha waterfall,22.6614498,82.1720481,4.2,"tourist_attraction, point_of_interest, establishment",attraction,Chhattisgarh,All Seasons,Gaurela-Pendra-Marwahi,204
Durga Dhara,22.7143669,81.76190059999999,4.4,"tourist_attraction, point_of_interest, establishment",attraction,Chhattisgarh,All Seasons,Gaurela-Pendra-Marwahi,318
Sonmuda Amarkantak,22.6601198,81.76496680000001,4.4,"tourist_attraction, point_of_interest, establishment",attraction,Chhattisgarh,All Seasons,Gaurela-Pendra-Marwahi,2797
Doodh Dhara,22.7023419,81.7024821,4.3,"tourist_attraction, park, point_of_interest, establishment",attraction,Chhattisgarh,All Seasons,Gaurela-Pendra-Marwahi,1133
"Nature Park, Gagnai Reservoir",22.9171645,82.0309884,4.2,"tourist_attraction, point_of_interest, establishment",attraction,Chhattisgarh,All Seasons,Gaurela-Pendra-Marwahi,38
Rajmergarh hill top,22.7064379,81.7838158,4.5,"tourist_attraction, point_of_interest, establishment",attraction,Chhattisgarh,All Seasons,Gaurela-Pendra-Marwahi,49
Narmada river starting point,22.672018,81.764881,4.6,"tourist_attraction, point_of_interest, establishment",attraction,Chhattisgarh,All Seasons,Gaurela-Pendra-Marwahi,87
Ancient Temples Of Kalachuri group,22.6717489,81.7585373,4.4,"tourist_attraction, point_of_interest, establishment",attraction,Chhattisgarh,All Seasons,Gaurela-Pendra-Marwahi,2633
Watchtower kirar Ghat,23.0040037,81.6055609,3.7,"tourist_attraction, point_of_interest, establishment",attraction,Chhattisgarh,All Seasons,Gaurela-Pendra-Marwahi,13
Khujji Dam,22.7805853,82.0057712,3.7,"tourist_attraction, point_of_interest, establishment",attraction,Chhattisgarh,All Seasons,Gaurela-Pendra-Marwahi,18
Sunrise Point Amarkantak,22.6949197,81.7632727,4.5,"tourist_attraction, point_of_interest, establishment",attraction,Chhattisgarh,All Seasons,Gaurela-Pendra-Marwahi,246
Amarkantak Ghat - Tourist Point,22.757823,81.7495787,4.1,"tourist_attraction, point_of_interest, establishment",attraction,Chhattisgarh,All Seasons,Gaurela-Pendra-Marwahi,28
Bagdi Dam,22.8218056,81.969146,4.3,"tourist_attraction, point_of_interest, establishment",attraction,Chhattisgarh,All Seasons,Gaurela-Pendra-Marwahi,6
Chhuhai dam,22.7300445,81.9318894,4.2,"tourist_attraction, point_of_interest, establishment",attraction,Chhattisgarh,All Seasons,Gaurela-Pendra-Marwahi,13
Baiharghat watch tower,22.9691567,81.6796079,4.1,"tourist_attraction, point_of_interest, establishment",attraction,Chhattisgarh,All Seasons,Gaurela-Pendra-Marwahi,9
Reservoir near birth place of Sone River Dam Kodawahi,22.8628952,82.00780569999999,4,"tourist_attraction, point_of_interest, establishment",attraction,Chhattisgarh,All Seasons,Gaurela-Pendra-Marwahi,2
Silpahari bandh,22.8882402,82.03134639999999,3,"tourist_attraction, point_of_interest, establishment",attraction,Chhattisgarh,All Seasons,Gaurela-Pendra-Marwahi,2
Keonchi Kariam Tiraha,22.6460539,81.8486887,1,"tourist_attraction, point_of_interest, establishment",attraction,Chhattisgarh,All Seasons,Gaurela-Pendra-Marwahi,1
Rani Waterfall,22.643449,81.7115148,4.6,"tourist_attraction, point_of_interest, establishment",attraction,Chhattisgarh,All Seasons,Gaurela-Pendra-Marwahi,32
धरहर बस स्टैंड,22.9778489,81.9637504,4,"tourist_attraction, point_of_interest, establishment",attraction,Chhattisgarh,All Seasons,Gaurela-Pendra-Marwahi,1
नर्मदा कुंड,22.6724241,81.7595083,4.5,"tourist_attraction, point_of_interest, establishment",attraction,Chhattisgarh,All Seasons,Gaurela-Pendra-Marwahi,129
अमृत सरोवर तेंदूमुंडा,22.7847053,81.85720599999999,0,"tourist_attraction, point_of_interest, establishment",attraction,Chhattisgarh,All Seasons,Gaurela-Pendra-Marwahi,0
Johila Jharna,22.9184346,81.61870569999999,4.2,"tourist_attraction, point_of_interest, establishment",attraction,Chhattisgarh,All Seasons,Gaurela-Pendra-Marwahi,9
Khongsara Reservoir,22.5589809,81.93484889999999,4.5,"tourist_attraction, point_of_interest, establishment",attraction,Chhattisgarh,All Seasons,Gaurela-Pendra-Marwahi,2
Lamni Forest Rest House,22.5452531,81.74442839999999,4.8,"tourist_attraction, point_of_interest, establishment",attraction,Chhattisgarh,All Seasons,Gaurela-Pendra-Marwahi,10
Johila river origin,22.7356003,81.7634672,4.3,"tourist_attraction, point_of_interest, establishment",attraction,Chhattisgarh,All Seasons,Gaurela-Pendra-Marwahi,4
Shambhu sarovar,22.7113493,81.7380965,4.7,"tourist_attraction, point_of_interest, establishment",attraction,Chhattisgarh,All Seasons,Gaurela-Pendra-Marwahi,18
Karangara Ghati,22.7971496,81.7872326,4,"tourist_attraction, point_of_interest, establishment",attraction,Chhattisgarh,All Seasons,Gaurela-Pendra-Marwahi,14
Sunset point Karanjiya picnic spot,22.702429,81.633663,0,"tourist_attraction, point_of_interest, establishment",attraction,Chhattisgarh,All Seasons,Gaurela-Pendra-Marwahi,0
DOWNTOWN RGM,22.9343494,81.6084506,5,"tourist_attraction, point_of_interest, establishment",attraction,Chhattisgarh,All Seasons,Gaurela-Pendra-Marwahi,4
Bhundakona Dam(view point).Gk,22.7760625,81.74081249999999,5,"tourist_attraction, point_of_interest, establishment",attraction,Chhattisgarh,All Seasons,Gaurela-Pendra-Marwahi,1
Rajmergarh Sunrise Viewpoint,22.7091875,81.7844375,5,"tourist_attraction, point_of_interest, establishment",attraction,Chhattisgarh,All Seasons,Gaurela-Pendra-Marwahi,1
Pk_bhaina Home🏠 pentor JTL,23.0086571,81.77938569999999,0,"tourist_attraction, point_of_interest, establishment",attraction,Chhattisgarh,All Seasons,Gaurela-Pendra-Marwahi,0
Biodiversity knowledge center,22.688832,81.7698217,4.7,"tourist_attraction, point_of_interest, establishment",attraction,Chhattisgarh,All Seasons,Gaurela-Pendra-Marwahi,7
लक्ष्मण धारा जलप्रपात,22.7181839,81.7322262,4.6,"tourist_attraction, point_of_interest, establishment",attraction,Chhattisgarh,All Seasons,Gaurela-Pendra-Marwahi,7
Rathore Chowk,23.0500068,81.7920719,4.1,"tourist_attraction, point_of_interest, establishment",attraction,Chhattisgarh,All Seasons,Gaurela-Pendra-Marwahi,202
Green Valley,22.8406445,81.6790695,4.3,"tourist_attraction, point_of_interest, establishment",attraction,Chhattisgarh,All Seasons,Gaurela-Pendra-Marwahi,3
Kapildhara,22.7008981,81.70552339999999,4.4,"tourist_attraction, hindu_temple, place_of_worship, point_of_interest, establishment",attraction,Chhattisgarh,All Seasons,Gaurela-Pendra-Marwahi,2190
जोगी गुफा,22.6420755,82.12879679999999,4.8,"tourist_attraction, point_of_interest, establishment",attraction,Chhattisgarh,All Seasons,Gaurela-Pendra-Marwahi,4
Narmada nadi starting point,22.7135939,81.61538569999999,0,"tourist_attraction, point_of_interest, establishment",attraction,Chhattisgarh,All Seasons,Gaurela-Pendra-Marwahi,0
Maharishi Durvasa Cave,22.7023976,81.7024533,4,"tourist_attraction, point_of_interest, establishment",attraction,Chhattisgarh,All Seasons,Gaurela-Pendra-Marwahi,1
Indra Daman Lake,22.6721837,81.758088,4,"tourist_attraction, point_of_interest, establishment",attraction,Chhattisgarh,All Seasons,Gaurela-Pendra-Marwahi,1
Marwahi Road pendra,22.7726986,81.9622402,0,"tourist_attraction, point_of_interest, establishment",attraction,Chhattisgarh,All Seasons,Gaurela-Pendra-Marwahi,0
River View Point,22.8989871,82.0013685,0,"tourist_attraction, point_of_interest, establishment",attraction,Chhattisgarh,All Seasons,Gaurela-Pendra-Marwahi,0
इमली धारा खोडरी,22.6443492,81.9350987,4.3,"tourist_attraction, point_of_interest, establishment",attraction,Chhattisgarh,All Seasons,Gaurela-Pendra-Marwahi,47
Lashigowali लक्षीगोवाली,22.9657706,81.96719039999999,5,"tourist_attraction, point_of_interest, establishment",attraction,Chhattisgarh,All Seasons,Gaurela-Pendra-Marwahi,1
CG-MP Border Temple Point (Hanuman Mandir),22.7957067,81.78492829999999,4.8,"tourist_attraction, point_of_interest, establishment",attraction,Chhattisgarh,All Seasons,Gaurela-Pendra-Marwahi,4
Arpa nadi udgam sthal,22.7275256,81.7601651,0,"tourist_attraction, point_of_interest, establishment",attraction,Chhattisgarh,All Seasons,Gaurela-Pendra-Marwahi,0
Gaurela-Pendra-Marwahi,22.7731124,81.9613535,4.2,"tourist_attraction, point_of_interest, establishment",attraction,Chhattisgarh,All Seasons,Gaurela-Pendra-Marwahi,1116
Behgarh Dharhar Waterfall,22.8681252,81.61620789999999,3.7,"tourist_attraction, point_of_interest, establishment",attraction,Chhattisgarh,All Seasons,Gaurela-Pendra-Marwahi,3
Arpa river,22.6676684,81.9310576,4.5,"tourist_attraction, point_of_interest, establishment",attraction,Chhattisgarh,All Seasons,Gaurela-Pendra-Marwahi,12
Pandripani road end point,22.8325121,81.8238447,0,"tourist_attraction, point_of_interest, establishment",attraction,Chhattisgarh,All Seasons,Gaurela-Pendra-Marwahi,0
Sone River Stop Dam,22.9853754,82.0467202,3.7,"tourist_attraction, point_of_interest, establishment",attraction,Chhattisgarh,All Seasons,Gaurela-Pendra-Marwahi,9
Jaiswal firm,22.848105,81.90256169999999,0,"tourist_attraction, point_of_interest, establishment",attraction,Chhattisgarh,All Seasons,Gaurela-Pendra-Marwahi,0
Peedha Village road baanghat,22.6429664,81.8464363,3.7,"tourist_attraction, point_of_interest, establishment",attraction,Chhattisgarh,All Seasons,Gaurela-Pendra-Marwahi,3
संत तिराहा,22.9812125,81.8313281,5,"tourist_attraction, point_of_interest, establishment",attraction,Chhattisgarh,All Seasons,Gaurela-Pendra-Marwahi,3
बड़हर झरना BARAHAR WATERFALLS,23.0051703,81.6236825,4.8,"tourist_attraction, point_of_interest, establishment",attraction,Chhattisgarh,All Seasons,Gaurela-Pendra-Marwahi,4
Shiv Mandir Lakshman ghat,22.7342342,82.11512189999999,4.2,"tourist_attraction, point_of_interest, establishment",attraction,Chhattisgarh,All Seasons,Gaurela-Pendra-Marwahi,11
Government Park (Koshabadi),22.1687084,82.4561044,3.7,"park, point_of_interest, establishment",parks,Chhattisgarh,Spring,Janjgir-Champa,6
Big P Dam,22.2026842,82.31210899999999,4.1,"park, point_of_interest, establishment",parks,Chhattisgarh,Spring,Janjgir-Champa,27
NEHRU Children's Park,21.7203655,82.5965801,4,"park, point_of_interest, establishment",parks,Chhattisgarh,Spring,Janjgir-Champa,462
Bisahu das Mahnt Memorial park,21.9935462,82.7505087,4.2,"park, point_of_interest, establishment",parks,Chhattisgarh,Spring,Janjgir-Champa,18
indira udyan,21.7349311,82.5711997,4.5,"park, point_of_interest, establishment",parks,Chhattisgarh,Spring,Janjgir-Champa,17
"Ambedkar Garden, Kesala",21.8540819,82.39541609999999,4.3,"park, point_of_interest, establishment",parks,Chhattisgarh,Spring,Janjgir-Champa,12
Crocodail Park,21.7754661,82.3342771,4.1,"park, point_of_interest, establishment",parks,Chhattisgarh,Spring,Janjgir-Champa,15
Photoshoot area,21.7471443,82.7355075,5,"park, point_of_interest, establishment",parks,Chhattisgarh,Spring,Janjgir-Champa,2
Garden Krishna vihar colony champa,22.0447579,82.62921279999999,3.7,"park, point_of_interest, establishment",parks,Chhattisgarh,Spring,Janjgir-Champa,18
Public Garden Baloda,22.1397712,82.483398,3.8,"park, point_of_interest, establishment",parks,Chhattisgarh,Spring,Janjgir-Champa,27
SAFARI PARK,22.1393406,82.3063815,4,"park, point_of_interest, establishment",parks,Chhattisgarh,Spring,Janjgir-Champa,101
Mango park आम बगीचा,22.1357506,82.4901628,5,"park, point_of_interest, establishment",parks,Chhattisgarh,Spring,Janjgir-Champa,1
Mitanin Park,22.1297103,82.30640729999999,3.6,"park, point_of_interest, establishment",parks,Chhattisgarh,Spring,Janjgir-Champa,36
Jannat Garden,22.0055104,82.6030821,3.7,"park, point_of_interest, establishment",parks,Chhattisgarh,Spring,Janjgir-Champa,15
Government Park(Kosabadi),22.1441029,82.4591343,3.8,"park, point_of_interest, establishment",parks,Chhattisgarh,Spring,Janjgir-Champa,4
Garden of park JHABDI,21.7013411,82.54336339999999,3.3,"park, point_of_interest, establishment",parks,Chhattisgarh,Spring,Janjgir-Champa,7
Pushp Vatika Garden Akaltara,22.0134378,82.43738259999999,4.8,"park, point_of_interest, establishment",parks,Chhattisgarh,Spring,Janjgir-Champa,4
Green Park Stadium Bhalwahi,21.9020625,82.4563125,4.9,"park, point_of_interest, establishment",parks,Chhattisgarh,Spring,Janjgir-Champa,9
Shrivan Talab,22.0531551,82.6742914,5,"park, point_of_interest, establishment",parks,Chhattisgarh,Spring,Janjgir-Champa,1
Dr.B.R.Ambedkar Island Park Deori,22.012877,82.75520929999999,4.6,"park, point_of_interest, establishment",parks,Chhattisgarh,Spring,Janjgir-Champa,5
ANJALI park,21.7035098,82.5429359,5,"park, point_of_interest, establishment",parks,Chhattisgarh,Spring,Janjgir-Champa,1
"Garden,हमार पुटपुरा",21.9806035,82.5383269,5,"park, point_of_interest, establishment",parks,Chhattisgarh,Spring,Janjgir-Champa,4
बड़ा तालाब nawagaon,22.0090233,82.7729226,5,"park, point_of_interest, establishment",parks,Chhattisgarh,Spring,Janjgir-Champa,1
मुक्तिधाम sarar,21.7014545,82.61974599999999,4.3,"park, point_of_interest, establishment",parks,Chhattisgarh,Spring,Janjgir-Champa,4
Stop dem Harethikhurd,21.7720658,82.8463766,3.7,"park, point_of_interest, establishment",parks,Chhattisgarh,Spring,Janjgir-Champa,3
Kudri garden,22.0659101,82.62850209999999,4.2,"park, point_of_interest, establishment",parks,Chhattisgarh,Spring,Janjgir-Champa,24
Friendship Point,21.7687632,82.6318374,5,"park, point_of_interest, establishment",parks,Chhattisgarh,Spring,Janjgir-Champa,1
Crocodile park second gate,22.0252157,82.3583299,2.5,"park, point_of_interest, establishment",parks,Chhattisgarh,Spring,Janjgir-Champa,2
Shrivas Park,21.8519547,82.5265067,3,"park, point_of_interest, establishment",parks,Chhattisgarh,Spring,Janjgir-Champa,1
Swami vivekanand udyan,22.0386292,82.64728889999999,4.6,"park, point_of_interest, establishment",parks,Chhattisgarh,Spring,Janjgir-Champa,12
"D3 Park, NTPC Sipat Township",22.1428179,82.3065005,0,"park, point_of_interest, establishment",parks,Chhattisgarh,Spring,Janjgir-Champa,0
Santosh Dewangan,22.039876,82.6485509,3,"park, point_of_interest, establishment",parks,Chhattisgarh,Spring,Janjgir-Champa,1
Jethin Garden,22.0420984,82.600768,5,"park, point_of_interest, establishment",parks,Chhattisgarh,Spring,Janjgir-Champa,4
मांशु अनंत,22.0847283,82.6472733,3,"park, point_of_interest, establishment",parks,Chhattisgarh,Spring,Janjgir-Champa,1
Botanical Garden,21.9726802,82.3471574,4.9,"park, point_of_interest, establishment",parks,Chhattisgarh,Spring,Janjgir-Champa,17
Khamhariya bhatha garden Bhilai,22.1502477,82.38410449999999,0,"park, point_of_interest, establishment",parks,Chhattisgarh,Spring,Janjgir-Champa,0
Mini goa picnic place,22.0706425,82.6319678,4,"park, point_of_interest, establishment",parks,Chhattisgarh,Spring,Janjgir-Champa,1
महात्मा गांधी स्मारक,22.2087903,82.6129124,5,"park, point_of_interest, establishment",parks,Chhattisgarh,Spring,Janjgir-Champa,3
Barman Chair Park,21.803246,82.67107659999999,0,"park, point_of_interest, establishment",parks,Chhattisgarh,Spring,Janjgir-Champa,0
Goswami Farmhouse,22.0945717,82.33306329999999,5,"park, point_of_interest, establishment",parks,Chhattisgarh,Spring,Janjgir-Champa,1
Dipesh,22.1879117,82.62943609999999,0,"park, point_of_interest, establishment",parks,Chhattisgarh,Spring,Janjgir-Champa,0
jaisingh farm house,22.2154017,82.8335683,5,"park, point_of_interest, establishment",parks,Chhattisgarh,Spring,Janjgir-Champa,1
Barcha Maidan RkR,22.0016552,82.56412739999999,0,"park, point_of_interest, establishment",parks,Chhattisgarh,Spring,Janjgir-Champa,0
Government Park,22.1324274,82.4454933,3.8,"park, point_of_interest, establishment",parks,Chhattisgarh,Spring,Janjgir-Champa,34
खोर्रा खार नैला,22.0466091,82.53039790000001,0,"park, point_of_interest, establishment",parks,Chhattisgarh,Spring,Janjgir-Champa,0
Prabhat verma,21.8582776,82.4981255,2,"park, point_of_interest, establishment",parks,Chhattisgarh,Spring,Janjgir-Champa,1
Park,22.138741,82.3039699,0,"park, point_of_interest, establishment",parks,Chhattisgarh,Spring,Janjgir-Champa,0
Lilagar River - Shivnath River Confluence,21.7408477,82.4362343,4.2,"park, point_of_interest, establishment",parks,Chhattisgarh,Spring,Janjgir-Champa,6
हरचंद डबरी (तालाब),22.1493683,82.6672067,0,"park, point_of_interest, establishment",parks,Chhattisgarh,Spring,Janjgir-Champa,0
Hemlal Lahahe farmhouse,21.8225019,82.3108625,4,"park, point_of_interest, establishment",parks,Chhattisgarh,Spring,Janjgir-Champa,1
भांठाखार 2,21.837603,82.4823334,0,"park, point_of_interest, establishment",parks,Chhattisgarh,Spring,Janjgir-Champa,0
दर्री तालाब मड़ई,22.1609658,82.4112797,0,"park, point_of_interest, establishment",parks,Chhattisgarh,Spring,Janjgir-Champa,0
Sardar Vallabh Bhai Patel Garden Janjgir,22.00875,82.5838108,3.6,"park, point_of_interest, establishment",parks,Chhattisgarh,Spring,Janjgir-Champa,29
Crocodile park kotmi sunar,22.0260748,82.36281919999999,4.6,"park, point_of_interest, establishment",parks,Chhattisgarh,Spring,Janjgir-Champa,30
Birra City,21.7553439,82.7758143,0,"park, point_of_interest, establishment",parks,Chhattisgarh,Spring,Janjgir-Champa,0
Keshav Kunj,22.0097177,82.59403739999999,0,"park, point_of_interest, establishment",parks,Chhattisgarh,Spring,Janjgir-Champa,0
B.D. Mahant Garden Janjgir Chhattisgarh,22.0112016,82.5866053,3.7,"park, point_of_interest, establishment",parks,Chhattisgarh,Spring,Janjgir-Champa,563
Vivekanand Garden Champa,22.038379,82.64642219999999,3.7,"park, point_of_interest, establishment",parks,Chhattisgarh,Spring,Janjgir-Champa,432
Nawa talab,22.1493166,82.5592444,0,"park, point_of_interest, establishment",parks,Chhattisgarh,Spring,Janjgir-Champa,0
Tiwari Bal udyan JANJGIR तिवारी बाल उद्यान जांजगीर,22.0081629,82.5777292,0,"park, point_of_interest, establishment",parks,Chhattisgarh,Spring,Janjgir-Champa,0
Gaytri Mandir,21.7854176,82.3076505,4.7,"museum, point_of_interest, establishment",museum,Chhattisgarh,Winter,Janjgir-Champa,11
Khamriya Masjid,22.1508335,82.3916529,3.5,"museum, point_of_interest, establishment",museum,Chhattisgarh,Winter,Janjgir-Champa,4
SHIV MANDIR,22.084122,82.595629,5,"museum, point_of_interest, establishment",museum,Chhattisgarh,Winter,Janjgir-Champa,1
Bhagwan Ram Ka Aasan (नर-नारायण या शिवरीनारायण मंदिर),21.7193679,82.5899111,4.6,"museum, point_of_interest, establishment",museum,Chhattisgarh,Winter,Janjgir-Champa,8
MAHARANA PRATAP CHOWK,21.9580431,82.6045261,4.4,"museum, point_of_interest, establishment",museum,Chhattisgarh,Winter,Janjgir-Champa,9
Divya house (Surya Divya),21.8103258,82.330349,0,"museum, point_of_interest, establishment",museum,Chhattisgarh,Winter,Janjgir-Champa,0
धनिया धान मंडी,22.1561028,82.3447853,5,"museum, point_of_interest, establishment",museum,Chhattisgarh,Winter,Janjgir-Champa,1
Historic place pamgarh,21.8775944,82.4470825,4.3,"museum, point_of_interest, establishment",museum,Chhattisgarh,Winter,Janjgir-Champa,6
Deepak kumar,22.1003105,82.8586778,0,"museum, point_of_interest, establishment",museum,Chhattisgarh,Winter,Janjgir-Champa,0
Kuwara chouk,21.8502248,82.33190979999999,0,"museum, point_of_interest, establishment",museum,Chhattisgarh,Winter,Janjgir-Champa,0
Satgava,22.1530534,82.58040059999999,3.4,"museum, point_of_interest, establishment",museum,Chhattisgarh,Winter,Janjgir-Champa,17
पैठू चंदेल तलाब सुकली,21.9636298,82.60256849999999,5,"museum, point_of_interest, establishment",museum,Chhattisgarh,Winter,Janjgir-Champa,1
Bade Mandir Chitar Para,22.0038408,82.5665226,4.7,"museum, point_of_interest, establishment",museum,Chhattisgarh,Winter,Janjgir-Champa,6
महाराणा प्रताप चौक,21.9876855,82.5814473,5,"museum, point_of_interest, establishment",museum,Chhattisgarh,Winter,Janjgir-Champa,1
Haveli khond ki shan,22.0412937,82.45325319999999,0,"museum, point_of_interest, establishment",museum,Chhattisgarh,Winter,Janjgir-Champa,0
Zoey,22.0786259,82.48217559999999,0,"museum, point_of_interest, establishment",museum,Chhattisgarh,Winter,Janjgir-Champa,0
Mukesh,21.9476272,82.77799329999999,0,"museum, point_of_interest, establishment",museum,Chhattisgarh,Winter,Janjgir-Champa,0
Netam ji home,21.8393067,82.2864243,3,"museum, point_of_interest, establishment",museum,Chhattisgarh,Winter,Janjgir-Champa,2
Chandi Para,21.7771393,82.3406127,0,"museum, point_of_interest, establishment",museum,Chhattisgarh,Winter,Janjgir-Champa,0
Lucky Diwan,21.8584662,82.6834453,0,"museum, point_of_interest, establishment",museum,Chhattisgarh,Winter,Janjgir-Champa,0
Nagarda Waterfall,22.1236244,82.8155127,4.2,"tourist_attraction, point_of_interest, establishment",waterfalls,Chhattisgarh,Monsoon,Janjgir-Champa,545
Gudhwa Waterfall,22.1237688,82.8159083,4,"tourist_attraction, point_of_interest, establishment",waterfalls,Chhattisgarh,Monsoon,Janjgir-Champa,57
Damau Dhara Water Fall,22.1360363,82.861931,4.2,"tourist_attraction, point_of_interest, establishment",waterfalls,Chhattisgarh,Monsoon,Janjgir-Champa,790
Songurha Waterfall sakti C.G.,22.1164356,82.7784355,4.4,"tourist_attraction, point_of_interest, establishment",waterfalls,Chhattisgarh,Monsoon,Janjgir-Champa,135
"Deo Dhara Waterfalls, Near Sangurha",22.1164303,82.77843589999999,4,"tourist_attraction, point_of_interest, establishment",waterfalls,Chhattisgarh,Monsoon,Janjgir-Champa,29
Jhorjhora waterfall,22.1244832,82.8156039,4.1,"tourist_attraction, point_of_interest, establishment",waterfalls,Chhattisgarh,Monsoon,Janjgir-Champa,21
Pondi Waterfall,22.2067,82.3447673,5,"tourist_attraction, point_of_interest, establishment",waterfalls,Chhattisgarh,Monsoon,Janjgir-Champa,6
Budhadev waterfall,22.1403149,82.8627508,4.3,"tourist_attraction, point_of_interest, establishment",waterfalls,Chhattisgarh,Monsoon,Janjgir-Champa,3
Devdarha Waterfall (Songuda),22.1155224,82.778868,4.7,"park, point_of_interest, establishment",waterfalls,Chhattisgarh,Monsoon,Janjgir-Champa,3
View Point Rainkhol,22.1441719,82.8616346,4.4,"tourist_attraction, landmark, point_of_interest, establishment",waterfalls,Chhattisgarh,Monsoon,Janjgir-Champa,119
"Shiv temple, near gudhwa waterfall",22.1237303,82.81568709999999,5,"hindu_temple, place_of_worship, point_of_interest, establishment",waterfalls,Chhattisgarh,Monsoon,Janjgir-Champa,1
Small Waterfall,22.0857954,82.36748519999999,0,"point_of_interest, establishment",waterfalls,Chhattisgarh,Monsoon,Janjgir-Champa,0
BABA GHAT SHIVRINARAYAN,21.7183378,82.58828199999999,4.1,"tourist_attraction, point_of_interest, establishment",waterfalls,Chhattisgarh,Monsoon,Janjgir-Champa,20
Kehranala Bandh,22.1526011,82.7679488,4.8,"tourist_attraction, point_of_interest, establishment",waterfalls,Chhattisgarh,Monsoon,Janjgir-Champa,8
Dalha Pahad Peak Point,22.0986643,82.400455,4.5,"tourist_attraction, point_of_interest, establishment",waterfalls,Chhattisgarh,Monsoon,Janjgir-Champa,219
Sunset View Point Janjgir,22.0044557,82.5757584,4.6,"tourist_attraction, point_of_interest, establishment",waterfalls,Chhattisgarh,Monsoon,Janjgir-Champa,14
Deori Picnic Spot,22.1395264,82.6396637,4.2,"point_of_interest, establishment",waterfalls,Chhattisgarh,Monsoon,Janjgir-Champa,343
गौठान,21.7967934,82.3700779,4,"zoo, point_of_interest, establishment",zoo,Chhattisgarh,Winter,Janjgir-Champa,4
SAFARI PARK,22.1393406,82.3063815,4,"park, point_of_interest, establishment",zoo,Chhattisgarh,Winter,Janjgir-Champa,101
गौठान (MADHUWA),22.0726441,82.36929239999999,0,"zoo, point_of_interest, establishment",zoo,Chhattisgarh,Winter,Janjgir-Champa,0
GAUTHAN,22.0749228,82.37287409999999,0,"zoo, point_of_interest, establishment",zoo,Chhattisgarh,Winter,Janjgir-Champa,0
पशु गौठान लगरा,21.9251384,82.4573654,5,"zoo, point_of_interest, establishment",zoo,Chhattisgarh,Winter,Janjgir-Champa,1
Crocodile Park,22.0259375,82.3575625,4,"zoo, park, point_of_interest, establishment",zoo,Chhattisgarh,Winter,Janjgir-Champa,1471
Shiv Temple,22.083929,82.29616340000001,5,"hindu_temple, place_of_worship, point_of_interest, establishment",temples,Chhattisgarh,All Seasons,Janjgir-Champa,1
Chaturbhuj Temple Thathari,21.9341271,82.827529,4.3,"hindu_temple, place_of_worship, point_of_interest, establishment",temples,Chhattisgarh,All Seasons,Janjgir-Champa,14
Chandi Dai Temple Mahant,21.9105396,82.58697579999999,4.2,"hindu_temple, place_of_worship, point_of_interest, establishment",temples,Chhattisgarh,All Seasons,Janjgir-Champa,26
Bajrang Bali Temple Bhilai,22.0540894,82.284078,5,"hindu_temple, place_of_worship, point_of_interest, establishment",temples,Chhattisgarh,All Seasons,Janjgir-Champa,2
Radha Krishna Temple mathura mali marar samaj,21.7192812,82.59421050000002,4.5,"hindu_temple, place_of_worship, point_of_interest, establishment",temples,Chhattisgarh,All Seasons,Janjgir-Champa,25
Mandir,21.9457351,82.6455311,4.7,"hindu_temple, place_of_worship, point_of_interest, establishment",temples,Chhattisgarh,All Seasons,Janjgir-Champa,6
Shamlai Dai Temple,21.7190143,82.6969833,4,"hindu_temple, place_of_worship, point_of_interest, establishment",temples,Chhattisgarh,All Seasons,Janjgir-Champa,1
Thakur Dev Temple,21.821772,82.85303050000002,5,"hindu_temple, place_of_worship, point_of_interest, establishment",temples,Chhattisgarh,All Seasons,Janjgir-Champa,1
Manjur Pahri Bamhani Dih Durga Temple,22.2119284,82.32964299999999,4.3,"hindu_temple, place_of_worship, point_of_interest, establishment",temples,Chhattisgarh,All Seasons,Janjgir-Champa,3
God Shiv Temple,22.0769532,82.7179829,5,"hindu_temple, place_of_worship, point_of_interest, establishment",temples,Chhattisgarh,All Seasons,Janjgir-Champa,3
Shiv Mandir,21.7795168,82.85691829999999,5,"hindu_temple, place_of_worship, point_of_interest, establishment",temples,Chhattisgarh,All Seasons,Janjgir-Champa,3
Shiv Mandir,21.9867126,82.5029107,5,"hindu_temple, place_of_worship, point_of_interest, establishment",temples,Chhattisgarh,All Seasons,Janjgir-Champa,1
hanuman Temple,21.9182365,82.43597439999999,5,"hindu_temple, place_of_worship, point_of_interest, establishment",temples,Chhattisgarh,All Seasons,Janjgir-Champa,5
"Shri Vishnu Temple - Janjgir, Chhattisgarh, India",22.0059831,82.5721878,4.4,"hindu_temple, tourist_attraction, place_of_worship, point_of_interest, establishment",temples,Chhattisgarh,All Seasons,Janjgir-Champa,478
Shiv Mandir,21.7189357,82.5941393,5,"hindu_temple, place_of_worship, point_of_interest, establishment",temples,Chhattisgarh,All Seasons,Janjgir-Champa,3
Thakurdev temple,21.8614745,82.6191545,5,"hindu_temple, place_of_worship, point_of_interest, establishment",temples,Chhattisgarh,All Seasons,Janjgir-Champa,1
Mahakaal temple,21.8388715,82.7286641,5,"hindu_temple, place_of_worship, point_of_interest, establishment",temples,Chhattisgarh,All Seasons,Janjgir-Champa,3
"Shiv Temple, Futhamuda",22.2373164,82.428825,4.1,"hindu_temple, place_of_worship, point_of_interest, establishment",temples,Chhattisgarh,All Seasons,Janjgir-Champa,14
Hindu temple,22.0142,82.5609657,5,"hindu_temple, place_of_worship, point_of_interest, establishment",temples,Chhattisgarh,All Seasons,Janjgir-Champa,1
Ganesh Temple,22.0329253,82.64594450000001,5,"hindu_temple, place_of_worship, point_of_interest, establishment",temples,Chhattisgarh,All Seasons,Janjgir-Champa,1
Radha-Krishna Temple JANJGIR,22.0031681,82.5855033,3.9,"hindu_temple, place_of_worship, point_of_interest, establishment",temples,Chhattisgarh,All Seasons,Janjgir-Champa,20
Manka Dai Temple,21.9883742,82.7537466,5,"hindu_temple, place_of_worship, point_of_interest, establishment",temples,Chhattisgarh,All Seasons,Janjgir-Champa,6
Chandwa Baiga Baba Temple Janjgir,22.0050797,82.5680091,4.4,"hindu_temple, place_of_worship, point_of_interest, establishment",temples,Chhattisgarh,All Seasons,Janjgir-Champa,5
Sai Temple,22.0573966,82.4620072,4.5,"hindu_temple, place_of_worship, point_of_interest, establishment",temples,Chhattisgarh,All Seasons,Janjgir-Champa,22
Samleshwari Maa Temple,21.8949216,82.7630319,4,"place_of_worship, point_of_interest, establishment",temples,Chhattisgarh,All Seasons,Janjgir-Champa,2
Mahamaya Temple,22.0252418,82.4230599,4.4,"hindu_temple, place_of_worship, point_of_interest, establishment",temples,Chhattisgarh,All Seasons,Janjgir-Champa,23
"शिव मंदिर बरबसपुर,Siva's Temple BARBASPUR",22.0791204,82.4835913,5,"hindu_temple, place_of_worship, point_of_interest, establishment",temples,Chhattisgarh,All Seasons,Janjgir-Champa,2
Temple,21.9607122,82.65074159999999,4.6,"hindu_temple, place_of_worship, point_of_interest, establishment",temples,Chhattisgarh,All Seasons,Janjgir-Champa,8
Siddhi Vinayak Temple,22.0325046,82.6403534,4.8,"hindu_temple, place_of_worship, point_of_interest, establishment",temples,Chhattisgarh,All Seasons,Janjgir-Champa,5
Dokari dai temple Ghiwra,21.7532252,82.80732239999999,4,"hindu_temple, place_of_worship, point_of_interest, establishment",temples,Chhattisgarh,All Seasons,Janjgir-Champa,45
Bholenath Temple,21.9647558,82.6513159,2.5,"hindu_temple, place_of_worship, point_of_interest, establishment",temples,Chhattisgarh,All Seasons,Janjgir-Champa,2
Shiv Temple,21.7434213,82.5777778,4.2,"hindu_temple, place_of_worship, point_of_interest, establishment",temples,Chhattisgarh,All Seasons,Janjgir-Champa,39
Shiv & Shani Dev Mandir,21.7197981,82.593831,5,"hindu_temple, place_of_worship, point_of_interest, establishment",temples,Chhattisgarh,All Seasons,Janjgir-Champa,1
Shiv Mandir Nawadih kharkhod,21.7713839,82.4113746,3.8,"hindu_temple, place_of_worship, point_of_interest, establishment",temples,Chhattisgarh,All Seasons,Janjgir-Champa,8
Hanuman Temple,22.0288548,82.6466913,4.6,"hindu_temple, place_of_worship, point_of_interest, establishment",temples,Chhattisgarh,All Seasons,Janjgir-Champa,13
Chandi Dai Temple,21.9792058,82.72985109999999,4.4,"hindu_temple, place_of_worship, point_of_interest, establishment",temples,Chhattisgarh,All Seasons,Janjgir-Champa,18
Jagannath Temple,22.0203486,82.6510389,5,"hindu_temple, place_of_worship, point_of_interest, establishment",temples,Chhattisgarh,All Seasons,Janjgir-Champa,1
Hanuman Temple,22.1758859,82.7097656,4.1,"hindu_temple, place_of_worship, point_of_interest, establishment",temples,Chhattisgarh,All Seasons,Janjgir-Champa,15
Temple,21.9949157,82.8584118,5,"hindu_temple, place_of_worship, point_of_interest, establishment",temples,Chhattisgarh,All Seasons,Janjgir-Champa,1
Maa Chamunda Mandir,21.8696072,82.4582509,3.8,"hindu_temple, place_of_worship, point_of_interest, establishment",temples,Chhattisgarh,All Seasons,Janjgir-Champa,5
ठाकुरदेव मंदिर कटौद,21.7844238,82.6394108,0,"hindu_temple, place_of_worship, point_of_interest, establishment",temples,Chhattisgarh,All Seasons,Janjgir-Champa,0
Shiv Mandir,21.9880448,82.6650056,4.3,"hindu_temple, place_of_worship, point_of_interest, establishment",temples,Chhattisgarh,All Seasons,Janjgir-Champa,68
"Ma Samlai Temple, harethikala",21.7735606,82.85417989999999,4.1,"hindu_temple, place_of_worship, point_of_interest, establishment",temples,Chhattisgarh,All Seasons,Janjgir-Champa,12
Temple,22.066514,82.8648259,5,"hindu_temple, place_of_worship, point_of_interest, establishment",temples,Chhattisgarh,All Seasons,Janjgir-Champa,3
Watvishram Temple,21.7107423,82.5893562,3.9,"hindu_temple, place_of_worship, point_of_interest, establishment",temples,Chhattisgarh,All Seasons,Janjgir-Champa,16
Sai Baba Temple,22.0306473,82.63020689999999,4.6,"hindu_temple, place_of_worship, point_of_interest, establishment",temples,Chhattisgarh,All Seasons,Janjgir-Champa,10
Shirish Path Temple,21.8308709,82.4334971,4.2,"hindu_temple, place_of_worship, point_of_interest, establishment",temples,Chhattisgarh,All Seasons,Janjgir-Champa,9
Shiv Temple,21.9247739,82.7813427,4.9,"hindu_temple, place_of_worship, point_of_interest, establishment",temples,Chhattisgarh,All Seasons,Janjgir-Champa,10
Shiv Temple (Kalesar Sahu),21.880137,82.54172299999999,5,"hindu_temple, place_of_worship, point_of_interest, establishment",temples,Chhattisgarh,All Seasons,Janjgir-Champa,2
Jai Satbahiniya Dai Temple,21.829114,82.464208,4.3,"hindu_temple, place_of_worship, point_of_interest, establishment",temples,Chhattisgarh,All Seasons,Janjgir-Champa,11
Durga Temple,22.0540632,82.3074891,5,"hindu_temple, place_of_worship, point_of_interest, establishment",temples,Chhattisgarh,All Seasons,Janjgir-Champa,4
Shiva temple,21.9576873,82.7770924,4.2,"hindu_temple, place_of_worship, point_of_interest, establishment",temples,Chhattisgarh,All Seasons,Janjgir-Champa,11
Hanuman Temple Bandhwabhantha,22.2182638,82.74484939999999,4.4,"hindu_temple, place_of_worship, point_of_interest, establishment",temples,Chhattisgarh,All Seasons,Janjgir-Champa,8
jai maa Pithha Dai Temple,21.7919801,82.8431908,3.8,"hindu_temple, place_of_worship, point_of_interest, establishment",temples,Chhattisgarh,All Seasons,Janjgir-Champa,8
Hindu Temple(सिद्ध श्री अन्नधरि दाई),22.125787,82.6129023,3.9,"hindu_temple, place_of_worship, point_of_interest, establishment",temples,Chhattisgarh,All Seasons,Janjgir-Champa,28
Hanuman Temple,21.8056492,82.49693309999999,4.5,"hindu_temple, place_of_worship, point_of_interest, establishment",temples,Chhattisgarh,All Seasons,Janjgir-Champa,11
Jai Ma Santoshi Temple,22.0396156,82.6414658,5,"hindu_temple, place_of_worship, point_of_interest, establishment",temples,Chhattisgarh,All Seasons,Janjgir-Champa,2
Maa Ashtabhuji Temple,22.0354455,82.64334450000001,5,"hindu_temple, place_of_worship, point_of_interest, establishment",temples,Chhattisgarh,All Seasons,Janjgir-Champa,3
Mirchuk Devta Temple rank,22.0898888,82.2885999,4.4,"hindu_temple, place_of_worship, point_of_interest, establishment",temples,Chhattisgarh,All Seasons,Janjgir-Champa,7
Mahadevan Mandir,21.7904585,82.8221378,0,"hindu_temple, place_of_worship, point_of_interest, establishment",temples,Chhattisgarh,All Seasons,Janjgir-Champa,0
Top Of The Damau Dhara,22.1407558,82.8656948,5,"point_of_interest, establishment",hills,Chhattisgarh,Winter,Janjgir-Champa,4
Desi hill man's wear,22.1509405,82.39561119999999,4.4,"clothing_store, store, point_of_interest, establishment",hills,Chhattisgarh,Winter,Janjgir-Champa,16
Dalha hill's,22.0971935,82.40905719999999,4.2,"hindu_temple, place_of_worship, point_of_interest, establishment",hills,Chhattisgarh,Winter,Janjgir-Champa,5
Madwarani Hill,22.1756516,82.68614459999999,4.3,"natural_feature, establishment",hills,Chhattisgarh,Winter,Janjgir-Champa,133
Top hill,22.1314909,82.860024,0,"tourist_attraction, point_of_interest, establishment",hills,Chhattisgarh,Winter,Janjgir-Champa,0
Dalha Pahad Peak Point,22.0986643,82.400455,4.5,"tourist_attraction, point_of_interest, establishment",hills,Chhattisgarh,Winter,Janjgir-Champa,219
Saga Hills,22.0283627,82.4302847,0,"park, point_of_interest, establishment",hills,Chhattisgarh,Winter,Janjgir-Champa,0
Banahil,21.9436637,82.4286872,No rating,"locality, political",hills,Chhattisgarh,Winter,Janjgir-Champa,0
Pahariya picnic spot,22.0920934,82.6340777,4.2,"tourist_attraction, point_of_interest, establishment",attraction,Chhattisgarh,All Seasons,Janjgir-Champa,41
Songurha Waterfall sakti C.G.,22.1164356,82.7784355,4.4,"tourist_attraction, point_of_interest, establishment",attraction,Chhattisgarh,All Seasons,Janjgir-Champa,135
Kudri Barrage,22.0653874,82.63369209999999,4.2,"tourist_attraction, point_of_interest, establishment",attraction,Chhattisgarh,All Seasons,Janjgir-Champa,129
Nagarda Waterfall,22.1236244,82.8155127,4.2,"tourist_attraction, point_of_interest, establishment",attraction,Chhattisgarh,All Seasons,Janjgir-Champa,545
Bhima Talab,22.0050363,82.5740412,4.3,"tourist_attraction, point_of_interest, establishment",attraction,Chhattisgarh,All Seasons,Janjgir-Champa,402
Dalha Mountain,22.102876,82.4002266,5,"tourist_attraction, point_of_interest, establishment",attraction,Chhattisgarh,All Seasons,Janjgir-Champa,5
Barbaspur Bandha and Pahari view,22.0800958,82.48724550000001,5,"tourist_attraction, point_of_interest, establishment",attraction,Chhattisgarh,All Seasons,Janjgir-Champa,1
Jhika Hasdeo Point,22.1958679,82.6724541,4,"tourist_attraction, point_of_interest, establishment",attraction,Chhattisgarh,All Seasons,Janjgir-Champa,2
Gudhwa Waterfall,22.1237688,82.8159083,4,"tourist_attraction, point_of_interest, establishment",attraction,Chhattisgarh,All Seasons,Janjgir-Champa,57
Nice place,21.8561519,82.4254394,4.5,"tourist_attraction, point_of_interest, establishment",attraction,Chhattisgarh,All Seasons,Janjgir-Champa,15
"View Point, Madwarani Temple",22.1923875,82.6882344,4.2,"tourist_attraction, point_of_interest, establishment",attraction,Chhattisgarh,All Seasons,Janjgir-Champa,11
Tracking Initial Point for Dalha Mountain,22.0974224,82.40930139999999,4.6,"tourist_attraction, point_of_interest, establishment",attraction,Chhattisgarh,All Seasons,Janjgir-Champa,19
Rani sagar lake Kosmanda,22.0886155,82.39861289999999,4.5,"tourist_attraction, point_of_interest, establishment",attraction,Chhattisgarh,All Seasons,Janjgir-Champa,2
चिन्दाईनाला,22.1814087,82.7928793,0,"tourist_attraction, point_of_interest, establishment",attraction,Chhattisgarh,All Seasons,Janjgir-Champa,0
Paigwa Dam Bitkula,22.2013019,82.402243,0,"tourist_attraction, point_of_interest, establishment",attraction,Chhattisgarh,All Seasons,Janjgir-Champa,0
Gau Ghat,21.7196887,82.58511159999999,3.8,"tourist_attraction, point_of_interest, establishment",attraction,Chhattisgarh,All Seasons,Janjgir-Champa,6
गुरु घासीदास जैतस्तम्भ,21.768847,82.6650368,0,"tourist_attraction, point_of_interest, establishment",attraction,Chhattisgarh,All Seasons,Janjgir-Champa,0
"Deo Dhara Waterfalls, Near Sangurha",22.1164303,82.77843589999999,4,"tourist_attraction, point_of_interest, establishment",attraction,Chhattisgarh,All Seasons,Janjgir-Champa,29
Dhitori korba,22.1108375,82.7350156,4.9,"tourist_attraction, point_of_interest, establishment",attraction,Chhattisgarh,All Seasons,Janjgir-Champa,8
KARRANALA DAM AMERI,22.0451274,82.3693785,5,"tourist_attraction, point_of_interest, establishment",attraction,Chhattisgarh,All Seasons,Janjgir-Champa,2
Statue of Lord Jesus Christ,22.0234742,82.648274,3.8,"tourist_attraction, point_of_interest, establishment",attraction,Chhattisgarh,All Seasons,Janjgir-Champa,6
Rathore Chonk Saragaon,21.9887741,82.7522297,5,"tourist_attraction, point_of_interest, establishment",attraction,Chhattisgarh,All Seasons,Janjgir-Champa,4
Dalha Pahad Peak Point,22.0986643,82.400455,4.5,"tourist_attraction, point_of_interest, establishment",attraction,Chhattisgarh,All Seasons,Janjgir-Champa,219
Karranala Reservoir & Wetland Ameri,22.0448875,82.36823439999999,4,"tourist_attraction, point_of_interest, establishment",attraction,Chhattisgarh,All Seasons,Janjgir-Champa,6
Budhadev waterfall,22.1403149,82.8627508,4.3,"tourist_attraction, point_of_interest, establishment",attraction,Chhattisgarh,All Seasons,Janjgir-Champa,3
View Point Rainkhol,22.1441719,82.8616346,4.4,"tourist_attraction, landmark, point_of_interest, establishment",attraction,Chhattisgarh,All Seasons,Janjgir-Champa,119
Bitkula Dam,22.1909317,82.4113025,4.3,"tourist_attraction, point_of_interest, establishment",attraction,Chhattisgarh,All Seasons,Janjgir-Champa,6
BABA GHAT SHIVRINARAYAN,21.7183378,82.58828199999999,4.1,"tourist_attraction, point_of_interest, establishment",attraction,Chhattisgarh,All Seasons,Janjgir-Champa,20
Dhobni Talab,21.9079534,82.5899225,4,"tourist_attraction, point_of_interest, establishment",attraction,Chhattisgarh,All Seasons,Janjgir-Champa,1
"ShankarBand, Jagmahant",21.9126971,82.6117252,3.3,"tourist_attraction, point_of_interest, establishment",attraction,Chhattisgarh,All Seasons,Janjgir-Champa,6
Picnik Spot Pondi,22.206303,82.326713,4,"tourist_attraction, point_of_interest, establishment",attraction,Chhattisgarh,All Seasons,Janjgir-Champa,9
पानी टंकी पहन्दा,22.2352693,82.735172,0,"tourist_attraction, point_of_interest, establishment",attraction,Chhattisgarh,All Seasons,Janjgir-Champa,0
Sunset View Point Janjgir,22.0044557,82.5757584,4.6,"tourist_attraction, point_of_interest, establishment",attraction,Chhattisgarh,All Seasons,Janjgir-Champa,14
RISDA CHECK DAM,21.938956,82.3156817,3.9,"tourist_attraction, point_of_interest, establishment",attraction,Chhattisgarh,All Seasons,Janjgir-Champa,7
Pondi Waterfall,22.2067,82.3447673,5,"tourist_attraction, point_of_interest, establishment",attraction,Chhattisgarh,All Seasons,Janjgir-Champa,6
MADHUWA GROUND MADHUWA,22.0728125,82.3719375,0,"tourist_attraction, point_of_interest, establishment",attraction,Chhattisgarh,All Seasons,Janjgir-Champa,0
Talaba meu,21.8275755,82.4661369,3.3,"tourist_attraction, point_of_interest, establishment",attraction,Chhattisgarh,All Seasons,Janjgir-Champa,6
Kurrihapara Hasdev Picnic Spot,22.2004759,82.6756084,0,"tourist_attraction, point_of_interest, establishment",attraction,Chhattisgarh,All Seasons,Janjgir-Champa,0
Picnic Spot,21.8686939,82.54339390000001,4.5,"tourist_attraction, point_of_interest, establishment",attraction,Chhattisgarh,All Seasons,Janjgir-Champa,6
Bhaneli,21.9374141,82.5720302,0,"tourist_attraction, point_of_interest, establishment",attraction,Chhattisgarh,All Seasons,Janjgir-Champa,0
Top hill,22.1314909,82.860024,0,"tourist_attraction, point_of_interest, establishment",attraction,Chhattisgarh,All Seasons,Janjgir-Champa,0
Oxyzone farms,22.154005,82.3171476,0,"tourist_attraction, point_of_interest, establishment",attraction,Chhattisgarh,All Seasons,Janjgir-Champa,0
gurughasidas jai stambh,21.8109793,82.78944059999999,4.5,"tourist_attraction, point_of_interest, establishment",attraction,Chhattisgarh,All Seasons,Janjgir-Champa,2
Dongia Talab,21.9075046,82.5877022,4,"tourist_attraction, point_of_interest, establishment",attraction,Chhattisgarh,All Seasons,Janjgir-Champa,13
Piparda ( Dalha),22.1238598,82.40461169999999,3.9,"tourist_attraction, point_of_interest, establishment",attraction,Chhattisgarh,All Seasons,Janjgir-Champa,8
Talab,22.2392418,82.8577488,5,"tourist_attraction, point_of_interest, establishment",attraction,Chhattisgarh,All Seasons,Janjgir-Champa,3
Kalmi Ped (कलमी पेड़),22.0790472,82.4885457,0,"tourist_attraction, point_of_interest, establishment",attraction,Chhattisgarh,All Seasons,Janjgir-Champa,0
तालाब मेंहदी,21.8344002,82.49346460000001,3.5,"tourist_attraction, point_of_interest, establishment",attraction,Chhattisgarh,All Seasons,Janjgir-Champa,4
Jarve picnic spot,22.1885977,82.73071569999999,3,"tourist_attraction, point_of_interest, establishment",attraction,Chhattisgarh,All Seasons,Janjgir-Champa,2
Hajrat saiyad baba abdul shah,22.0270899,82.3491804,4.2,"tourist_attraction, point_of_interest, establishment",attraction,Chhattisgarh,All Seasons,Janjgir-Champa,29
Kamta Stopdem (River),21.7972349,82.562396,3.7,"tourist_attraction, point_of_interest, establishment",attraction,Chhattisgarh,All Seasons,Janjgir-Champa,3
"Bandha dam, (krish) kodhabhat (cg)",21.7755147,82.44805339999999,5,"tourist_attraction, point_of_interest, establishment",attraction,Chhattisgarh,All Seasons,Janjgir-Champa,2
Manish and Friends Pachari Ghat,21.7749247,82.68153339999999,5,"tourist_attraction, point_of_interest, establishment",attraction,Chhattisgarh,All Seasons,Janjgir-Champa,1
बाबा साहेब डॉ भीमराव अम्बेडकर चौक घनवा।💙,21.9773725,82.51308929999999,0,"tourist_attraction, point_of_interest, establishment",attraction,Chhattisgarh,All Seasons,Janjgir-Champa,0
AANAV BIRTHDAY DAM,22.1525625,82.7679375,0,"tourist_attraction, point_of_interest, establishment",attraction,Chhattisgarh,All Seasons,Janjgir-Champa,0
Chicholi stop dam,21.7241726,82.7858763,4.5,"tourist_attraction, point_of_interest, establishment",attraction,Chhattisgarh,All Seasons,Janjgir-Champa,16
नवगवां पहाड़,22.1551511,82.57743479999999,3.6,"tourist_attraction, point_of_interest, establishment",attraction,Chhattisgarh,All Seasons,Janjgir-Champa,14
Jai ma mauli dai ( manoranjan chauck) BANSULA,21.8229375,82.7746875,4.6,"tourist_attraction, point_of_interest, establishment",attraction,Chhattisgarh,All Seasons,Janjgir-Champa,7
Khola Dam,22.1610941,82.8309823,4.3,"tourist_attraction, point_of_interest, establishment",attraction,Chhattisgarh,All Seasons,Janjgir-Champa,15
Deepak kumar yadaw,21.7201736,82.38964130000001,0,"tourist_attraction, point_of_interest, establishment",attraction,Chhattisgarh,All Seasons,Janjgir-Champa,0
Sanjay Nikunj Park Budhadand,22.8928671,83.63326119999999,3.1,"park, point_of_interest, establishment",parks,Chhattisgarh,Spring,Jashpur,7
Deshdekha Hill Camp,22.8036325,84.06568899999999,4.5,"campground, lodging, park, point_of_interest, establishment",parks,Chhattisgarh,Spring,Jashpur,11
Bene Dam,22.8913317,83.95278809999999,4.4,"park, point_of_interest, establishment",parks,Chhattisgarh,Spring,Jashpur,20
Madhuban park Kansabel,22.6323261,83.7403075,3.8,"park, point_of_interest, establishment",parks,Chhattisgarh,Spring,Jashpur,5
छठ घाट बगीचा,22.9787669,83.6474387,3.5,"park, point_of_interest, establishment",parks,Chhattisgarh,Spring,Jashpur,2
Private park RK BaBa,22.7021297,84.1361288,3,"park, point_of_interest, establishment",parks,Chhattisgarh,Spring,Jashpur,1
Sati park JASHPUR,22.8864061,84.13882749999999,4.2,"park, point_of_interest, establishment",parks,Chhattisgarh,Spring,Jashpur,18
Jio Tavare,22.9558517,83.808645,4,"park, point_of_interest, establishment",parks,Chhattisgarh,Spring,Jashpur,5
Mango park मैदान,22.824461,83.9562136,4.8,"point_of_interest, establishment",parks,Chhattisgarh,Spring,Jashpur,5
Levda park,22.649879,83.7393872,4,"park, point_of_interest, establishment",parks,Chhattisgarh,Spring,Jashpur,1
Loyola Botanical Garden,22.7464851,83.95838499999999,4.5,"park, point_of_interest, establishment",parks,Chhattisgarh,Spring,Jashpur,13
Simda talab,22.6419375,84.0620625,5,"park, point_of_interest, establishment",parks,Chhattisgarh,Spring,Jashpur,2
Nisha bai,22.7685618,83.7491374,5,"park, point_of_interest, establishment",parks,Chhattisgarh,Spring,Jashpur,1
ANKIT TIGGA,22.7023193,83.5639654,5,"park, point_of_interest, establishment",parks,Chhattisgarh,Spring,Jashpur,2
BAGICHA VIEW Point kudiya Rani,23.045496,83.619951,4.4,"park, point_of_interest, establishment",parks,Chhattisgarh,Spring,Jashpur,8
Rajpuri waterfall,22.9887613,83.6698084,4.2,"tourist_attraction, park, point_of_interest, establishment",parks,Chhattisgarh,Spring,Jashpur,742
Anjali park,22.8194623,83.5632078,0,"tourist_attraction, point_of_interest, establishment",parks,Chhattisgarh,Spring,Jashpur,0
Sunset point,23.0272295,83.5533572,4,"park, point_of_interest, establishment",parks,Chhattisgarh,Spring,Jashpur,4
Titli Pahri View Point,22.9586625,83.6372792,5,"park, point_of_interest, establishment",parks,Chhattisgarh,Spring,Jashpur,2
"Range Office, Narayanpur",22.8527374,83.9093041,4.5,"park, point_of_interest, establishment",parks,Chhattisgarh,Spring,Jashpur,2
छिरो धाब,22.884999,83.56313999999999,0,"park, point_of_interest, establishment",parks,Chhattisgarh,Spring,Jashpur,0
hamar kansabel,22.6437901,83.7375995,4,"park, point_of_interest, establishment",parks,Chhattisgarh,Spring,Jashpur,1
टुकुटोली गांव tukutoli,22.7021968,84.1342751,4.7,"park, point_of_interest, establishment",parks,Chhattisgarh,Spring,Jashpur,3
अटल बिहारी चौक डोभ(गंझुटोली),22.6766651,84.12186249999999,5,"park, point_of_interest, establishment",parks,Chhattisgarh,Spring,Jashpur,1
Park,22.8807123,84.1379249,3.6,"park, point_of_interest, establishment",parks,Chhattisgarh,Spring,Jashpur,133
Raani satiudyan park,22.8759331,84.1381159,0,"park, point_of_interest, establishment",parks,Chhattisgarh,Spring,Jashpur,0
Jaspur chhattisgarh,22.8867883,84.13801000000001,0,"park, point_of_interest, establishment",parks,Chhattisgarh,Spring,Jashpur,0
Chatan Babu,22.8689991,83.9725191,0,"park, point_of_interest, establishment",parks,Chhattisgarh,Spring,Jashpur,0
Dinesh Yadav,23.1206383,83.63918509999999,0,"park, point_of_interest, establishment",parks,Chhattisgarh,Spring,Jashpur,0
Badalkhol Wildlife Sanctuary,22.8960249,83.9157726,4,"tourist_attraction, zoo, park, point_of_interest, establishment",parks,Chhattisgarh,Spring,Jashpur,30
Naresh Babu,22.8683788,83.9724397,0,"park, point_of_interest, establishment",parks,Chhattisgarh,Spring,Jashpur,0
नन्हे सर नर्सरी,22.9375283,84.1172929,0,"park, point_of_interest, establishment",parks,Chhattisgarh,Spring,Jashpur,0
Gothan,22.8061808,83.84014409999999,1,"park, point_of_interest, establishment",parks,Chhattisgarh,Spring,Jashpur,2
Jain dharmshala,22.7429565,83.9477821,0,"park, point_of_interest, establishment",parks,Chhattisgarh,Spring,Jashpur,0
Bamba Chouk Benai,22.8339156,83.6128852,4.6,"park, point_of_interest, establishment",parks,Chhattisgarh,Spring,Jashpur,5
C pahad,22.831806,84.0283262,3.8,"park, point_of_interest, establishment",parks,Chhattisgarh,Spring,Jashpur,4
Bamhan Tuku,22.8928696,84.1222829,0,"park, point_of_interest, establishment",parks,Chhattisgarh,Spring,Jashpur,0
Bel pahadh tracking point,22.8894912,84.1258758,5,"park, point_of_interest, establishment",parks,Chhattisgarh,Spring,Jashpur,1
घेरदेवा पहाड़,22.82791,83.7873414,5,"park, point_of_interest, establishment",parks,Chhattisgarh,Spring,Jashpur,4
Gwala parivar,22.9514317,83.631045,3.5,"park, point_of_interest, establishment",parks,Chhattisgarh,Spring,Jashpur,2
Jerom minj,23.0923011,83.7462687,5,"park, point_of_interest, establishment",parks,Chhattisgarh,Spring,Jashpur,1
Baghmara Water fall,22.7994229,84.0832471,4.1,"tourist_attraction, point_of_interest, establishment",parks,Chhattisgarh,Spring,Jashpur,42
Ajay Home Bagbudi,22.7578404,84.0738255,5,"park, point_of_interest, establishment",parks,Chhattisgarh,Spring,Jashpur,1
Jashpur Forest,22.8582714,84.12511429999999,1,"park, point_of_interest, establishment",parks,Chhattisgarh,Spring,Jashpur,1
DHUDHRU DAND JASHPUR CHHATTISGARH,22.6659381,83.82835279999999,2,"park, point_of_interest, establishment",parks,Chhattisgarh,Spring,Jashpur,2
Sirboomi,22.8844865,84.1384588,3,"park, point_of_interest, establishment",parks,Chhattisgarh,Spring,Jashpur,1
Birshu bari,23.1675516,84.1306132,5,"park, point_of_interest, establishment",parks,Chhattisgarh,Spring,Jashpur,1
Behrakher gaothan,22.8007766,83.8045029,0,"park, point_of_interest, establishment",parks,Chhattisgarh,Spring,Jashpur,0
Kodhi chouk,22.8178666,84.11434059999999,0,"park, point_of_interest, establishment",parks,Chhattisgarh,Spring,Jashpur,0
Kalomunda bartoli,22.6306792,84.09981610000001,3.3,"park, point_of_interest, establishment",parks,Chhattisgarh,Spring,Jashpur,3
Lakshya Jashpur,22.788527,84.05771,5,"park, point_of_interest, establishment",parks,Chhattisgarh,Spring,Jashpur,1
Rani bagicha,22.8843012,84.13701259999999,2,"park, point_of_interest, establishment",parks,Chhattisgarh,Spring,Jashpur,1
Arshi Jain,22.9782702,83.65003949999999,0,"park, point_of_interest, establishment",parks,Chhattisgarh,Spring,Jashpur,0
Ranpur gaothan रनपुर गोठान,22.8353629,83.8186143,0,"park, point_of_interest, establishment",parks,Chhattisgarh,Spring,Jashpur,0
Kere Hill,22.8362698,84.0771072,0,"park, point_of_interest, establishment",parks,Chhattisgarh,Spring,Jashpur,0
Ajit Kumar Baghel,22.6546868,83.958388,0,"park, point_of_interest, establishment",parks,Chhattisgarh,Spring,Jashpur,0
START NAWAPARA VILLAGE,23.1163544,83.6910303,0,"park, point_of_interest, establishment",parks,Chhattisgarh,Spring,Jashpur,0
Abhijeet view point,22.7951312,84.03348969999999,0,"park, point_of_interest, establishment",parks,Chhattisgarh,Spring,Jashpur,0
Hometown nk,22.963346,83.6623709,0,"park, point_of_interest, establishment",parks,Chhattisgarh,Spring,Jashpur,0
बंदकोन गौठान,23.083346,83.90056799999999,0,"park, point_of_interest, establishment",parks,Chhattisgarh,Spring,Jashpur,0
जिला संग्रहालय एवं स्नेह भवन।,22.8760439,84.13907139999999,4,"museum, point_of_interest, establishment",museum,Chhattisgarh,Winter,Jashpur,2
Rajpuri waterfall,22.9887613,83.6698084,4.2,"tourist_attraction, park, point_of_interest, establishment",waterfalls,Chhattisgarh,Monsoon,Jashpur,742
Waterfall Ghagikona,22.999917,83.7185803,3.5,"tourist_attraction, point_of_interest, establishment",waterfalls,Chhattisgarh,Monsoon,Jashpur,4
Gufa waterfall,23.0710103,83.5606988,4.1,"tourist_attraction, point_of_interest, establishment",waterfalls,Chhattisgarh,Monsoon,Jashpur,30
Belwarghagh waterfall,23.1271183,83.58693989999999,2.5,"tourist_attraction, point_of_interest, establishment",waterfalls,Chhattisgarh,Monsoon,Jashpur,2
Damera waterfall,22.8052996,84.0972257,4.1,"tourist_attraction, point_of_interest, establishment",waterfalls,Chhattisgarh,Monsoon,Jashpur,65
Churi Waterfall,22.9092923,83.9497093,4,"tourist_attraction, point_of_interest, establishment",waterfalls,Chhattisgarh,Monsoon,Jashpur,25
Chirchiri Original waterfall,22.8802857,83.9933428,4,"tourist_attraction, point_of_interest, establishment",waterfalls,Chhattisgarh,Monsoon,Jashpur,4
Gullu Waterfall,22.9281893,83.93679110000001,3.9,"tourist_attraction, point_of_interest, establishment",waterfalls,Chhattisgarh,Monsoon,Jashpur,266
Dangari Waterfall,23.1531557,83.5770727,4.3,"tourist_attraction, point_of_interest, establishment",waterfalls,Chhattisgarh,Monsoon,Jashpur,596
Krishana waterfall,22.9639137,83.8647352,4.2,"tourist_attraction, point_of_interest, establishment",waterfalls,Chhattisgarh,Monsoon,Jashpur,14
Sendh Pani waterfall,22.7755265,84.1310031,4.8,"tourist_attraction, point_of_interest, establishment",waterfalls,Chhattisgarh,Monsoon,Jashpur,9
Baghmara Water fall,22.7994229,84.0832471,4.1,"tourist_attraction, point_of_interest, establishment",waterfalls,Chhattisgarh,Monsoon,Jashpur,42
Benjora Waterfall,23.0107045,84.10463399999999,4.5,"tourist_attraction, point_of_interest, establishment",waterfalls,Chhattisgarh,Monsoon,Jashpur,8
Bagdol waterfall,22.9793855,83.6186238,3.5,"tourist_attraction, point_of_interest, establishment",waterfalls,Chhattisgarh,Monsoon,Jashpur,4
Baghmada waterfall,23.0409401,83.9103794,5,"tourist_attraction, point_of_interest, establishment",waterfalls,Chhattisgarh,Monsoon,Jashpur,2
Bene Dam,22.8913317,83.95278809999999,4.4,"park, point_of_interest, establishment",waterfalls,Chhattisgarh,Monsoon,Jashpur,20
Turri Underground Water Fall,22.910505,84.01486489999999,3,"tourist_attraction, point_of_interest, establishment",waterfalls,Chhattisgarh,Monsoon,Jashpur,2
Rajpuri Waterfall Mandir,22.9884443,83.6697611,5,"hindu_temple, place_of_worship, point_of_interest, establishment",waterfalls,Chhattisgarh,Monsoon,Jashpur,2
BAGICHA VIEW Point kudiya Rani,23.045496,83.619951,4.4,"park, point_of_interest, establishment",waterfalls,Chhattisgarh,Monsoon,Jashpur,8
Mahadev Mandir Damera,22.8049846,84.0971904,4.1,"hindu_temple, place_of_worship, point_of_interest, establishment",waterfalls,Chhattisgarh,Monsoon,Jashpur,48
Badalkhol Wildlife Sanctuary,22.8960249,83.9157726,4,"zoo, tourist_attraction, park, point_of_interest, establishment",zoo,Chhattisgarh,Winter,Jashpur,30
Sankat Haran Mahavir Mandir,22.8854856,84.1310668,4.9,"hindu_temple, place_of_worship, point_of_interest, establishment",temples,Chhattisgarh,All Seasons,Jashpur,14
Shiv Temple,22.845647,83.6596424,5,"hindu_temple, place_of_worship, point_of_interest, establishment",temples,Chhattisgarh,All Seasons,Jashpur,1
Shiv Mandir Bataikela,22.7314172,83.72986999999999,4.8,"hindu_temple, place_of_worship, point_of_interest, establishment",temples,Chhattisgarh,All Seasons,Jashpur,5
Hanuman Mandir,22.6617811,83.673194,5,"hindu_temple, place_of_worship, point_of_interest, establishment",temples,Chhattisgarh,All Seasons,Jashpur,1
Sai Dham,22.8765209,84.1366651,4.9,"hindu_temple, place_of_worship, point_of_interest, establishment",temples,Chhattisgarh,All Seasons,Jashpur,10
Shiv temple,22.8127044,83.9835303,3,"hindu_temple, place_of_worship, point_of_interest, establishment",temples,Chhattisgarh,All Seasons,Jashpur,2
Shiv Temple Bhandri,22.7930414,84.0339249,3.5,"hindu_temple, place_of_worship, point_of_interest, establishment",temples,Chhattisgarh,All Seasons,Jashpur,2
Shiv Mandir,22.798751,83.8096899,3.5,"hindu_temple, place_of_worship, point_of_interest, establishment",temples,Chhattisgarh,All Seasons,Jashpur,2
Temple Complex,22.7434875,83.94909390000001,5,"place_of_worship, point_of_interest, establishment",temples,Chhattisgarh,All Seasons,Jashpur,1
Jai Shri Andleshwar Mandir Bilaspur,22.8410802,83.951849,4.6,"hindu_temple, place_of_worship, point_of_interest, establishment",temples,Chhattisgarh,All Seasons,Jashpur,5
Shiv Mandir Ranikombo,22.8361756,83.9029175,5,"hindu_temple, place_of_worship, point_of_interest, establishment",temples,Chhattisgarh,All Seasons,Jashpur,2
damgara hindu temple,22.6951201,83.9478931,3.7,"hindu_temple, place_of_worship, point_of_interest, establishment",temples,Chhattisgarh,All Seasons,Jashpur,15
Shri Bala Ji Temple,22.8849026,84.1369523,4.4,"hindu_temple, place_of_worship, point_of_interest, establishment",temples,Chhattisgarh,All Seasons,Jashpur,38
"TAMTA pahaad , tample",22.6440838,83.58036539999999,4,"hindu_temple, place_of_worship, point_of_interest, establishment",temples,Chhattisgarh,All Seasons,Jashpur,32
Shiva Temple Charaidand,22.7647749,84.0715884,4.4,"hindu_temple, place_of_worship, point_of_interest, establishment",temples,Chhattisgarh,All Seasons,Jashpur,20
Hanuman God Temple,22.7491681,84.1209916,5,"hindu_temple, place_of_worship, point_of_interest, establishment",temples,Chhattisgarh,All Seasons,Jashpur,2
शिव मंदिर,23.1654124,84.1238439,4.8,"hindu_temple, place_of_worship, point_of_interest, establishment",temples,Chhattisgarh,All Seasons,Jashpur,4
Shiv Mandir,22.8859354,84.13772469999999,4.7,"hindu_temple, place_of_worship, point_of_interest, establishment",temples,Chhattisgarh,All Seasons,Jashpur,13
शिव मंदिर महादेवडाँड़,22.8535019,83.66537459999999,4.3,"hindu_temple, place_of_worship, point_of_interest, establishment",temples,Chhattisgarh,All Seasons,Jashpur,23
Shree Kailash Cave,23.0707333,83.5600805,4.2,"hindu_temple, place_of_worship, point_of_interest, establishment",temples,Chhattisgarh,All Seasons,Jashpur,104
Shri Ram Mandir,22.7876365,83.9984222,4,"hindu_temple, place_of_worship, point_of_interest, establishment",temples,Chhattisgarh,All Seasons,Jashpur,4
Shiv Mandir,22.9236505,83.705349,5,"hindu_temple, place_of_worship, point_of_interest, establishment",temples,Chhattisgarh,All Seasons,Jashpur,2
Shiv Mandir,22.988314,83.6544357,5,"hindu_temple, place_of_worship, point_of_interest, establishment",temples,Chhattisgarh,All Seasons,Jashpur,2
Shiv Mandir,23.0397561,83.6831521,5,"hindu_temple, place_of_worship, point_of_interest, establishment",temples,Chhattisgarh,All Seasons,Jashpur,1
Hanuman Mandir,22.7009051,84.0766666,5,"hindu_temple, place_of_worship, point_of_interest, establishment",temples,Chhattisgarh,All Seasons,Jashpur,1
Shiv Mandir,22.6451984,83.7431577,3.8,"hindu_temple, place_of_worship, point_of_interest, establishment",temples,Chhattisgarh,All Seasons,Jashpur,4
Mahadev Temple,22.6589957,83.8673638,5,"hindu_temple, place_of_worship, point_of_interest, establishment",temples,Chhattisgarh,All Seasons,Jashpur,4
Bel Mahadev,22.8878785,84.12392380000001,4.2,"hindu_temple, place_of_worship, point_of_interest, establishment",temples,Chhattisgarh,All Seasons,Jashpur,28
Hanuman Mandir,22.7639118,84.0608688,5,"hindu_temple, place_of_worship, point_of_interest, establishment",temples,Chhattisgarh,All Seasons,Jashpur,1
Shiv Mandir,22.8781938,84.13741569999999,4.3,"hindu_temple, place_of_worship, point_of_interest, establishment",temples,Chhattisgarh,All Seasons,Jashpur,3
Shiv Mandir Kotiya,22.8321703,83.8509536,4.5,"hindu_temple, place_of_worship, point_of_interest, establishment",temples,Chhattisgarh,All Seasons,Jashpur,4
Shiv Mandir Joratarai,22.8475375,83.9836854,4.2,"hindu_temple, place_of_worship, point_of_interest, establishment",temples,Chhattisgarh,All Seasons,Jashpur,5
turkeshwarnath temple (तुर्केश्वर महादेव मंदिर),22.6557717,83.7360368,5,"hindu_temple, place_of_worship, point_of_interest, establishment",temples,Chhattisgarh,All Seasons,Jashpur,1
गौरी शंकर मंदिर फूलडीह,22.9059619,83.6169206,5,"hindu_temple, place_of_worship, point_of_interest, establishment",temples,Chhattisgarh,All Seasons,Jashpur,6
Bartoli Shiv Mandir,22.8723167,84.1310026,4.4,"hindu_temple, place_of_worship, point_of_interest, establishment",temples,Chhattisgarh,All Seasons,Jashpur,17
Shiva Temple,22.820623,83.9929792,5,"hindu_temple, place_of_worship, point_of_interest, establishment",temples,Chhattisgarh,All Seasons,Jashpur,1
Shree Jagannath Mandir Kunkuri,22.7436329,83.9489907,5,"hindu_temple, place_of_worship, point_of_interest, establishment",temples,Chhattisgarh,All Seasons,Jashpur,4
Hanuman Mandir,22.7676509,84.0217432,5,"hindu_temple, place_of_worship, point_of_interest, establishment",temples,Chhattisgarh,All Seasons,Jashpur,1
Shiv Mandir Kunkuri,22.7428449,83.9646978,5,"hindu_temple, place_of_worship, point_of_interest, establishment",temples,Chhattisgarh,All Seasons,Jashpur,1
शिव मन्दिर चुन्दापाठ,23.1190943,83.63843609999999,4.4,"hindu_temple, place_of_worship, point_of_interest, establishment",temples,Chhattisgarh,All Seasons,Jashpur,7
Kali Mandir,22.8851232,84.1372256,4.7,"hindu_temple, place_of_worship, point_of_interest, establishment",temples,Chhattisgarh,All Seasons,Jashpur,26
Devghara gufa shivnathpur,22.7618125,83.60193749999999,5,"hindu_temple, place_of_worship, point_of_interest, establishment",temples,Chhattisgarh,All Seasons,Jashpur,2
Ma khudiyaRani Darshniya Sthal,23.029245,83.60797869999999,4.3,"hindu_temple, place_of_worship, point_of_interest, establishment",temples,Chhattisgarh,All Seasons,Jashpur,26
Durga Ji Pandal high School Chouk Bunty,22.9751597,83.6612863,5,"hindu_temple, place_of_worship, point_of_interest, establishment",temples,Chhattisgarh,All Seasons,Jashpur,2
Lord Jagannath temple,22.6472756,83.57449059999999,5,"hindu_temple, place_of_worship, point_of_interest, establishment",temples,Chhattisgarh,All Seasons,Jashpur,1
sendrimunda,22.8746118,83.8530177,5,"hindu_temple, place_of_worship, point_of_interest, establishment",temples,Chhattisgarh,All Seasons,Jashpur,1
Gayatri Mandir,22.6695752,83.8122772,4.8,"hindu_temple, place_of_worship, point_of_interest, establishment",temples,Chhattisgarh,All Seasons,Jashpur,4
Durga Mata Mandir,22.7485444,84.1220087,5,"hindu_temple, place_of_worship, point_of_interest, establishment",temples,Chhattisgarh,All Seasons,Jashpur,3
Ram Janki Mandir,22.9766703,83.64158119999999,4.2,"hindu_temple, place_of_worship, point_of_interest, establishment",temples,Chhattisgarh,All Seasons,Jashpur,5
SANTOSHI MANDIR,22.6436252,83.7372577,4.7,"hindu_temple, place_of_worship, point_of_interest, establishment",temples,Chhattisgarh,All Seasons,Jashpur,6
Durga Temple Bagicha,22.9769485,83.656187,4.1,"hindu_temple, place_of_worship, point_of_interest, establishment",temples,Chhattisgarh,All Seasons,Jashpur,8
SHIV MANDIR CHARAIMARA,22.8390226,83.93026900000001,5,"hindu_temple, place_of_worship, point_of_interest, establishment",temples,Chhattisgarh,All Seasons,Jashpur,3
देउर मंदिर,23.1583716,83.7382463,4.5,"hindu_temple, place_of_worship, point_of_interest, establishment",temples,Chhattisgarh,All Seasons,Jashpur,2
Shri Ram Gaman Marg Shiv Mandir,22.9398946,84.125919,4.5,"hindu_temple, place_of_worship, point_of_interest, establishment",temples,Chhattisgarh,All Seasons,Jashpur,2
Shiv mandir farsha,22.6792875,84.08765749999999,4.5,"hindu_temple, place_of_worship, point_of_interest, establishment",temples,Chhattisgarh,All Seasons,Jashpur,2
Mansha Devi mandir,22.7984042,84.0708063,4.5,"hindu_temple, place_of_worship, point_of_interest, establishment",temples,Chhattisgarh,All Seasons,Jashpur,2
Chiropara Panda,22.8470286,83.6268616,5,"hindu_temple, place_of_worship, point_of_interest, establishment",temples,Chhattisgarh,All Seasons,Jashpur,1
Prabhu ram,22.8812216,84.1334534,5,"hindu_temple, place_of_worship, point_of_interest, establishment",temples,Chhattisgarh,All Seasons,Jashpur,1
GAYTRI MANDIR BAGICHA,22.9776265,83.6571677,4,"hindu_temple, place_of_worship, point_of_interest, establishment",temples,Chhattisgarh,All Seasons,Jashpur,11
Shiv Temple,22.7793632,83.8317588,4,"hindu_temple, place_of_worship, point_of_interest, establishment",temples,Chhattisgarh,All Seasons,Jashpur,2
Desh Dekha Mountain,22.8025554,84.04814840000002,4.2,"point_of_interest, establishment",hills,Chhattisgarh,Winter,Jashpur,79
Deshdekha Hill Camp,22.8036325,84.06568899999999,4.5,"campground, lodging, park, point_of_interest, establishment",hills,Chhattisgarh,Winter,Jashpur,11
Madheshwar Hills Jashpur,22.802255,84.049753,4,"point_of_interest, establishment",hills,Chhattisgarh,Winter,Jashpur,21
Kinkel Valley,22.8624016,84.1106844,4.5,"point_of_interest, establishment",hills,Chhattisgarh,Winter,Jashpur,32
River Hill Bridge,23.0166181,83.636408,5,"point_of_interest, establishment",hills,Chhattisgarh,Winter,Jashpur,5
"TAMTA pahaad , tample",22.6440838,83.58036539999999,4,"hindu_temple, place_of_worship, point_of_interest, establishment",hills,Chhattisgarh,Winter,Jashpur,32
Bahma Tongari ( Bahma hill),22.7248688,83.6583479,4.7,"tourist_attraction, point_of_interest, establishment",hills,Chhattisgarh,Winter,Jashpur,3
GROTO BADHNI HILL,22.9123674,83.72999349999999,0,"church, place_of_worship, point_of_interest, establishment",hills,Chhattisgarh,Winter,Jashpur,0
Cristal hill,22.7501123,83.99229969999999,5,"tourist_attraction, point_of_interest, establishment",hills,Chhattisgarh,Winter,Jashpur,2
Kere Hill,22.8362698,84.0771072,0,"park, point_of_interest, establishment",hills,Chhattisgarh,Winter,Jashpur,0
TAMTA HILL POND,22.6441559,83.5800613,4.1,"point_of_interest, establishment",hills,Chhattisgarh,Winter,Jashpur,8
Deshdekha Climbing Sector,22.800713,84.066029,4.8,"point_of_interest, establishment",hills,Chhattisgarh,Winter,Jashpur,12
Mayali Delight by Trippy Hills,22.7876104,84.0461931,4.3,"restaurant, food, point_of_interest, establishment",hills,Chhattisgarh,Winter,Jashpur,6
Tamta,22.6383433,83.60024990000001,No rating,"locality, political",hills,Chhattisgarh,Winter,Jashpur,0
Rajpuri waterfall,22.9887613,83.6698084,4.2,"tourist_attraction, park, point_of_interest, establishment",attraction,Chhattisgarh,All Seasons,Jashpur,742
Dangari Waterfall,23.1531557,83.5770727,4.3,"tourist_attraction, point_of_interest, establishment",attraction,Chhattisgarh,All Seasons,Jashpur,596
Baghmara Water fall,22.7994229,84.0832471,4.1,"tourist_attraction, point_of_interest, establishment",attraction,Chhattisgarh,All Seasons,Jashpur,42
Damera waterfall,22.8052996,84.0972257,4.1,"tourist_attraction, point_of_interest, establishment",attraction,Chhattisgarh,All Seasons,Jashpur,65
Gullu Waterfall,22.9281893,83.93679110000001,3.9,"tourist_attraction, point_of_interest, establishment",attraction,Chhattisgarh,All Seasons,Jashpur,266
Best View Spot,22.6438746,83.5796918,3.5,"tourist_attraction, point_of_interest, establishment",attraction,Chhattisgarh,All Seasons,Jashpur,2
Degadegi Picnic Point,22.939117,83.74786399999999,3.8,"tourist_attraction, point_of_interest, establishment",attraction,Chhattisgarh,All Seasons,Jashpur,5
Chirchiri Original waterfall,22.8802857,83.9933428,4,"tourist_attraction, point_of_interest, establishment",attraction,Chhattisgarh,All Seasons,Jashpur,4
Sunset View Point takla pahad,22.7041609,83.7254746,4.8,"tourist_attraction, point_of_interest, establishment",attraction,Chhattisgarh,All Seasons,Jashpur,5
Churi Waterfall,22.9092923,83.9497093,4,"tourist_attraction, point_of_interest, establishment",attraction,Chhattisgarh,All Seasons,Jashpur,25
Komdo Dam,22.891842,84.1148257,3.5,"tourist_attraction, point_of_interest, establishment",attraction,Chhattisgarh,All Seasons,Jashpur,23
Bamboo Forest Kerju,22.6504109,83.6648899,5,"tourist_attraction, point_of_interest, establishment",attraction,Chhattisgarh,All Seasons,Jashpur,1
Bambhni rock,22.7769333,83.9564896,4.3,"tourist_attraction, point_of_interest, establishment",attraction,Chhattisgarh,All Seasons,Jashpur,4
Turri Underground Water Fall,22.910505,84.01486489999999,3,"tourist_attraction, point_of_interest, establishment",attraction,Chhattisgarh,All Seasons,Jashpur,2
Mayali view point,22.7773741,84.0475596,3.9,"tourist_attraction, point_of_interest, establishment",attraction,Chhattisgarh,All Seasons,Jashpur,26
Benjora Waterfall,23.0107045,84.10463399999999,4.5,"tourist_attraction, point_of_interest, establishment",attraction,Chhattisgarh,All Seasons,Jashpur,8
Late Kuamrsahab Memorial,22.8775751,84.1381948,5,"tourist_attraction, point_of_interest, establishment",attraction,Chhattisgarh,All Seasons,Jashpur,1
Pongro dam kansabel,22.6293791,83.720074,3.4,"tourist_attraction, point_of_interest, establishment",attraction,Chhattisgarh,All Seasons,Jashpur,8
Top view point kinkel,22.8130508,84.0448687,4.7,"tourist_attraction, point_of_interest, establishment",attraction,Chhattisgarh,All Seasons,Jashpur,3
Sendh Pani waterfall,22.7755265,84.1310031,4.8,"tourist_attraction, point_of_interest, establishment",attraction,Chhattisgarh,All Seasons,Jashpur,9
Sardih Dam,23.1103352,83.99071219999999,5,"tourist_attraction, point_of_interest, establishment",attraction,Chhattisgarh,All Seasons,Jashpur,6
Bagdol waterfall,22.9793855,83.6186238,3.5,"tourist_attraction, point_of_interest, establishment",attraction,Chhattisgarh,All Seasons,Jashpur,4
Sunset Point Mahuwatoli,22.7623109,83.9890747,5,"tourist_attraction, point_of_interest, establishment",attraction,Chhattisgarh,All Seasons,Jashpur,1
Belsonga Dam,22.8180542,83.80589959999999,3.9,"tourist_attraction, point_of_interest, establishment",attraction,Chhattisgarh,All Seasons,Jashpur,16
केरजू मोड़,22.6335092,83.6814314,5,"tourist_attraction, point_of_interest, establishment",attraction,Chhattisgarh,All Seasons,Jashpur,1
Belwarghagh waterfall,23.1271183,83.58693989999999,2.5,"tourist_attraction, point_of_interest, establishment",attraction,Chhattisgarh,All Seasons,Jashpur,2
Cristal hill,22.7501123,83.99229969999999,5,"tourist_attraction, point_of_interest, establishment",attraction,Chhattisgarh,All Seasons,Jashpur,2
बंदरखर्रा जलप्रपात,22.85396,83.75950750000001,5,"tourist_attraction, point_of_interest, establishment",attraction,Chhattisgarh,All Seasons,Jashpur,4
Chudiya rock,22.7778799,83.9689068,4,"tourist_attraction, point_of_interest, establishment",attraction,Chhattisgarh,All Seasons,Jashpur,7
Raja Muda Dam,22.7309513,83.71442859999999,4,"tourist_attraction, point_of_interest, establishment",attraction,Chhattisgarh,All Seasons,Jashpur,5
Kerju-Kunmera Nahar Pariyojana,22.6645307,83.6693202,0,"tourist_attraction, point_of_interest, establishment",attraction,Chhattisgarh,All Seasons,Jashpur,0
Waterfall Ghagikona,22.999917,83.7185803,3.5,"tourist_attraction, point_of_interest, establishment",attraction,Chhattisgarh,All Seasons,Jashpur,4
Bahma Tongari ( Bahma hill),22.7248688,83.6583479,4.7,"tourist_attraction, point_of_interest, establishment",attraction,Chhattisgarh,All Seasons,Jashpur,3
Baghmada waterfall,23.0409401,83.9103794,5,"tourist_attraction, point_of_interest, establishment",attraction,Chhattisgarh,All Seasons,Jashpur,2
Machli point dhodhidand,22.7667678,83.916651,5,"tourist_attraction, point_of_interest, establishment",attraction,Chhattisgarh,All Seasons,Jashpur,1
Sangam Dem Chongribahar,22.6629281,83.9107532,4,"tourist_attraction, point_of_interest, establishment",attraction,Chhattisgarh,All Seasons,Jashpur,29
बंदरखर्रा जलप्रपात मार्ग,22.8678997,83.7637262,0,"tourist_attraction, point_of_interest, establishment",attraction,Chhattisgarh,All Seasons,Jashpur,0
तुर्री झरना (turri jharna),22.6555167,83.7358083,3.5,"tourist_attraction, point_of_interest, establishment",attraction,Chhattisgarh,All Seasons,Jashpur,8
मयाली पर्वत,22.8033125,84.0480625,3.8,"tourist_attraction, point_of_interest, establishment",attraction,Chhattisgarh,All Seasons,Jashpur,10
"Sunrise point, rokda",22.9978467,83.60797439999999,4.3,"tourist_attraction, point_of_interest, establishment",attraction,Chhattisgarh,All Seasons,Jashpur,8
I Love Bagicha,22.9706412,83.64319479999999,3.8,"tourist_attraction, point_of_interest, establishment",attraction,Chhattisgarh,All Seasons,Jashpur,20
Gufa waterfall,23.0710103,83.5606988,4.1,"tourist_attraction, point_of_interest, establishment",attraction,Chhattisgarh,All Seasons,Jashpur,30
Remate Photoshoot Area,22.7566636,83.917109,4.6,"tourist_attraction, point_of_interest, establishment",attraction,Chhattisgarh,All Seasons,Jashpur,5
"Ghutri, Sitonga chhattisgarh",22.827693,84.13897999999999,0,"tourist_attraction, point_of_interest, establishment",attraction,Chhattisgarh,All Seasons,Jashpur,0
Krishana waterfall,22.9639137,83.8647352,4.2,"tourist_attraction, point_of_interest, establishment",attraction,Chhattisgarh,All Seasons,Jashpur,14
"Anicut Dam, Dumartoli",22.9659848,84.10923369999999,3.2,"tourist_attraction, point_of_interest, establishment",attraction,Chhattisgarh,All Seasons,Jashpur,6
Badalkhol Wildlife Sanctuary,22.8960249,83.9157726,4,"tourist_attraction, zoo, park, point_of_interest, establishment",attraction,Chhattisgarh,All Seasons,Jashpur,30
"MAHARAJA CHOWK , JASHPUR",22.8874705,84.13833559999999,4.1,"tourist_attraction, point_of_interest, establishment",attraction,Chhattisgarh,All Seasons,Jashpur,87
Anjali park,22.8194623,83.5632078,0,"tourist_attraction, point_of_interest, establishment",attraction,Chhattisgarh,All Seasons,Jashpur,0
Lambchtaayan bagdoli chhattisgarh,22.8760726,83.5626259,0,"tourist_attraction, point_of_interest, establishment",attraction,Chhattisgarh,All Seasons,Jashpur,0
Kabutar jharna,23.0313077,83.6047272,0,"tourist_attraction, point_of_interest, establishment",attraction,Chhattisgarh,All Seasons,Jashpur,0
Sangam Chowk Kerju,22.6651272,83.68190039999999,0,"tourist_attraction, point_of_interest, establishment",attraction,Chhattisgarh,All Seasons,Jashpur,0
Chilling place,22.6584935,83.55300079999999,4,"tourist_attraction, point_of_interest, establishment",attraction,Chhattisgarh,All Seasons,Jashpur,4
Lohara Garden,21.8363758,81.12280249999999,3.5,"park, point_of_interest, establishment",parks,Chhattisgarh,Spring,Kabirdham,24
Maharanapratap Park,22.0079431,81.236566,3.9,"park, point_of_interest, establishment",parks,Chhattisgarh,Spring,Kabirdham,284
The Statue of Hanuman Park,22.1183334,81.2640117,4.2,"park, point_of_interest, establishment",parks,Chhattisgarh,Spring,Kabirdham,219
Chilpi Range,22.0398441,81.0312989,4.1,"tourist_attraction, park, point_of_interest, establishment",parks,Chhattisgarh,Spring,Kabirdham,3308
Karpatri Park,22.009313,81.2343515,4,"park, point_of_interest, establishment",parks,Chhattisgarh,Spring,Kabirdham,23
"IG College Park, Pandariya",22.2120949,81.3946773,5,"park, point_of_interest, establishment",parks,Chhattisgarh,Spring,Kabirdham,1
Bhoramdev mini Garden,22.1168838,81.1502853,4.4,"park, point_of_interest, establishment",parks,Chhattisgarh,Spring,Kabirdham,20
Green Park,21.8335431,81.20506139999999,4.5,"park, point_of_interest, establishment",parks,Chhattisgarh,Spring,Kabirdham,2
Pandatarai garden,22.1812865,81.3303971,2.9,"park, point_of_interest, establishment",parks,Chhattisgarh,Spring,Kabirdham,14
Talab par,22.0056602,81.23771099999999,5,"park, point_of_interest, establishment",parks,Chhattisgarh,Spring,Kabirdham,1
oxygen zone,21.9809685,81.1521317,4.3,"park, point_of_interest, establishment",parks,Chhattisgarh,Spring,Kabirdham,14
Talaab Paar,21.9912752,81.47395589999999,5,"park, point_of_interest, establishment",parks,Chhattisgarh,Spring,Kabirdham,3
Park,22.0408453,81.3969202,4,"park, point_of_interest, establishment",parks,Chhattisgarh,Spring,Kabirdham,2
pani danki PADKI kala,22.1761461,81.4261958,5,"park, point_of_interest, establishment",parks,Chhattisgarh,Spring,Kabirdham,1
दलसाटोला मार्ग,21.8176578,81.1757469,5,"park, point_of_interest, establishment",parks,Chhattisgarh,Spring,Kabirdham,1
Shohn divakr,22.0100201,81.2357429,5,"park, point_of_interest, establishment",parks,Chhattisgarh,Spring,Kabirdham,1
आदर्श गौठान समिति जुनवानी जंगल,21.8442218,81.0139993,0,"park, point_of_interest, establishment",parks,Chhattisgarh,Spring,Kabirdham,0
राजीव गांधी डैम,22.2393709,81.4476123,3.3,"park, point_of_interest, establishment",parks,Chhattisgarh,Spring,Kabirdham,12
Rajkumar Yadav Jay Shri Radhe Krishna,22.0347065,81.5088407,5,"park, point_of_interest, establishment",parks,Chhattisgarh,Spring,Kabirdham,1
Garden Bodla,22.1669694,81.2017781,3.9,"park, point_of_interest, establishment",parks,Chhattisgarh,Spring,Kabirdham,14
Atal Udyan,22.0124409,81.2382531,3.6,"park, point_of_interest, establishment",parks,Chhattisgarh,Spring,Kabirdham,70
Gandhi Garden,22.2197508,81.4103621,3.5,"park, point_of_interest, establishment",parks,Chhattisgarh,Spring,Kabirdham,45
Urja Park Kawardha,22.01373,81.22124889999999,3.8,"park, point_of_interest, establishment",parks,Chhattisgarh,Spring,Kabirdham,239
Sudha Vatika,22.0067013,81.23894709999999,4.2,"park, point_of_interest, establishment",parks,Chhattisgarh,Spring,Kabirdham,301
RewaBandh Sarowar Udyan,22.0041799,81.2328136,3.3,"park, point_of_interest, establishment",parks,Chhattisgarh,Spring,Kabirdham,33
LAALBAG GARDEN,22.1723632,81.2964916,5,"park, point_of_interest, establishment",parks,Chhattisgarh,Spring,Kabirdham,8
Bhoramdeo Garden,22.1145657,81.14943810000001,4,"park, point_of_interest, establishment",parks,Chhattisgarh,Spring,Kabirdham,112
Manish Patel forms,22.1139976,81.2103085,5,"park, point_of_interest, establishment",parks,Chhattisgarh,Spring,Kabirdham,1
Jhansi rani Balodyan,22.0065147,81.2315764,5,"park, point_of_interest, establishment",parks,Chhattisgarh,Spring,Kabirdham,1
आँवला आरण्य झिरना Aawala Garden Jhirna,22.0169974,81.3260351,4.5,"park, point_of_interest, establishment",parks,Chhattisgarh,Spring,Kabirdham,4
तालाब,22.164144,81.21794679999999,4.2,"park, point_of_interest, establishment",parks,Chhattisgarh,Spring,Kabirdham,5
Santosh kumar tandan,22.0942947,81.3060667,5,"park, point_of_interest, establishment",parks,Chhattisgarh,Spring,Kabirdham,1
Star ples,21.7476345,81.35567019999999,4,"park, point_of_interest, establishment",parks,Chhattisgarh,Spring,Kabirdham,2
Bari,21.9046095,81.4925007,5,"park, point_of_interest, establishment",parks,Chhattisgarh,Spring,Kabirdham,1
Dhanvantari Botanical Garden IGGC-EPIC,22.2118802,81.394768,4.2,"park, point_of_interest, establishment",parks,Chhattisgarh,Spring,Kabirdham,5
ChilZila,22.2167736,81.3693692,5,"park, point_of_interest, establishment",parks,Chhattisgarh,Spring,Kabirdham,1
आदर्श गौठान समिति जरहा नवागांव,21.8090995,81.00585009999999,3.7,"park, point_of_interest, establishment",parks,Chhattisgarh,Spring,Kabirdham,3
RATAN Chandravanshi land,22.0578862,81.3876555,5,"park, point_of_interest, establishment",parks,Chhattisgarh,Spring,Kabirdham,1
श्री 1008 श्री शिव मंदिर,21.7515389,81.384748,5,"park, point_of_interest, establishment",parks,Chhattisgarh,Spring,Kabirdham,1
My home shiv,21.8822566,81.5125097,4,"park, point_of_interest, establishment",parks,Chhattisgarh,Spring,Kabirdham,1
Devraj sahu,22.1944998,81.36760699999999,2,"park, point_of_interest, establishment",parks,Chhattisgarh,Spring,Kabirdham,1
GOUTHAM CHAOK GAINDPU,21.8662315,81.32927790000001,0,"park, point_of_interest, establishment",parks,Chhattisgarh,Spring,Kabirdham,0
Dipesh sahu,22.1190824,81.26171160000001,0,"park, point_of_interest, establishment",parks,Chhattisgarh,Spring,Kabirdham,0
Gajanand para khansara,22.225395,81.31681499999999,0,"park, point_of_interest, establishment",parks,Chhattisgarh,Spring,Kabirdham,0
OPEN PARK,21.8802933,81.18106619999999,0,"park, point_of_interest, establishment",parks,Chhattisgarh,Spring,Kabirdham,0
Gram jhirauni,22.0106092,81.23592819999999,0,"park, point_of_interest, establishment",parks,Chhattisgarh,Spring,Kabirdham,0
Thakur para park,22.0088391,81.2360497,0,"park, point_of_interest, establishment",parks,Chhattisgarh,Spring,Kabirdham,0
Narad sahu,21.7740093,81.3473322,0,"park, point_of_interest, establishment",parks,Chhattisgarh,Spring,Kabirdham,0
Bhanu kanwar,21.783726,81.3811839,0,"park, point_of_interest, establishment",parks,Chhattisgarh,Spring,Kabirdham,0
Kukargoan,21.7640179,81.3406153,2,"park, point_of_interest, establishment",parks,Chhattisgarh,Spring,Kabirdham,1
Vikram,22.0998144,81.3206873,0,"park, point_of_interest, establishment",parks,Chhattisgarh,Spring,Kabirdham,0
दलसाटोला मार्ग,21.8060215,81.1777472,0,"park, point_of_interest, establishment",parks,Chhattisgarh,Spring,Kabirdham,0
दर्री तालाब,22.0044593,81.2359477,0,"park, point_of_interest, establishment",parks,Chhattisgarh,Spring,Kabirdham,0
आंगन वाटिका,22.1134326,81.21760379999999,0,"park, point_of_interest, establishment",parks,Chhattisgarh,Spring,Kabirdham,0
Bandha talav,21.9225484,81.38890169999999,0,"park, point_of_interest, establishment",parks,Chhattisgarh,Spring,Kabirdham,0
Masjidi Aam Bagicha,22.0524494,81.2157752,0,"park, point_of_interest, establishment",parks,Chhattisgarh,Spring,Kabirdham,0
Mahesh patre,22.1335125,81.3480563,0,"park, point_of_interest, establishment",parks,Chhattisgarh,Spring,Kabirdham,0
Mohit Kumar sahu Singhanpri,22.017017,81.1409798,0,"park, point_of_interest, establishment",parks,Chhattisgarh,Spring,Kabirdham,0
Bisen Singh Tandon,22.1335608,81.3476329,0,"park, point_of_interest, establishment",parks,Chhattisgarh,Spring,Kabirdham,0
Kali garden kawardha,22.0068804,81.2389683,0,"park, point_of_interest, establishment",parks,Chhattisgarh,Spring,Kabirdham,0
Bhoramdev Museum,22.1153632,81.1475839,4,"museum, point_of_interest, establishment",museum,Chhattisgarh,Winter,Kabirdham,7
जासल यादव का घर,21.9920828,81.16052189999999,4,"museum, point_of_interest, establishment",museum,Chhattisgarh,Winter,Kabirdham,1
Bhoramdev sangrahalaya(Museum),22.1152487,81.1477805,3,"point_of_interest, establishment",museum,Chhattisgarh,Winter,Kabirdham,1
Shiv Mandir Amroudi,22.0566556,81.2146058,3.7,"museum, point_of_interest, establishment",museum,Chhattisgarh,Winter,Kabirdham,9
Nataraj Statue,22.1146027,81.14937379999999,3.8,"museum, point_of_interest, establishment",museum,Chhattisgarh,Winter,Kabirdham,5
विवेकानंद भवन,22.0064865,81.2309506,0,"museum, point_of_interest, establishment",museum,Chhattisgarh,Winter,Kabirdham,0
Sinha Saw Mill,21.7998837,81.3404625,3.8,"museum, point_of_interest, establishment",museum,Chhattisgarh,Winter,Kabirdham,4
Keju bhavan,22.1480577,81.4299996,0,"museum, point_of_interest, establishment",museum,Chhattisgarh,Winter,Kabirdham,0
Dj royal audio,22.1859392,81.4334638,0,"museum, point_of_interest, establishment",museum,Chhattisgarh,Winter,Kabirdham,0
Manda ghat waterfall,21.9784278,81.071809,4.3,"tourist_attraction, point_of_interest, establishment",waterfalls,Chhattisgarh,Monsoon,Kabirdham,43
Ghoghra Waterfall,22.2488638,81.3168874,4.1,"tourist_attraction, point_of_interest, establishment",waterfalls,Chhattisgarh,Monsoon,Kabirdham,65
Bhole Waterfall,22.1992125,81.09474349999999,4.8,"tourist_attraction, point_of_interest, establishment",waterfalls,Chhattisgarh,Monsoon,Kabirdham,12
Rani Dahra Water Fall,22.1984875,81.0944844,4.3,"tourist_attraction, point_of_interest, establishment",waterfalls,Chhattisgarh,Monsoon,Kabirdham,1309
BADAL PANI WATERFALL KAWARDHA,22.062167,81.155772,3.9,"tourist_attraction, point_of_interest, establishment",waterfalls,Chhattisgarh,Monsoon,Kabirdham,11
Maikal Rani Waterfall,22.0617197,81.15669520000002,5,"tourist_attraction, point_of_interest, establishment",waterfalls,Chhattisgarh,Monsoon,Kabirdham,3
Gangpur Waterfall,22.2839537,81.3530942,3.4,"tourist_attraction, point_of_interest, establishment",waterfalls,Chhattisgarh,Monsoon,Kabirdham,5
झरझरा waterfall,22.25809,81.445331,3.6,"tourist_attraction, point_of_interest, establishment",waterfalls,Chhattisgarh,Monsoon,Kabirdham,5
Sarodha dhaam (Kawardha chhattisgarh),22.0106092,81.23592819999999,4.3,"tourist_attraction, point_of_interest, establishment",waterfalls,Chhattisgarh,Monsoon,Kabirdham,16
Chilpi Ghati Watch Tower,22.1780999,81.079458,4.3,"tourist_attraction, point_of_interest, establishment",waterfalls,Chhattisgarh,Monsoon,Kabirdham,114
"View point Chiphi Ghati, Kawardha, Chhattisgarh",22.1467193,81.0995011,3.7,"tourist_attraction, point_of_interest, establishment",waterfalls,Chhattisgarh,Monsoon,Kabirdham,7
Manda Ghat मांदा घाट,21.9747845,81.07207919999999,4.8,"tourist_attraction, point_of_interest, establishment",waterfalls,Chhattisgarh,Monsoon,Kabirdham,4
Chhirpani Dam,22.201134,81.19891989999999,4.2,"tourist_attraction, point_of_interest, establishment",waterfalls,Chhattisgarh,Monsoon,Kabirdham,106
Saroda Dam,21.9774434,81.1352191,4.3,"tourist_attraction, point_of_interest, establishment",waterfalls,Chhattisgarh,Monsoon,Kabirdham,235
Pidhaghat Watch Tower,22.1190046,81.08553049999999,4.5,"tourist_attraction, point_of_interest, establishment",waterfalls,Chhattisgarh,Monsoon,Kabirdham,144
Chilpi Range,22.0398441,81.0312989,4.1,"tourist_attraction, park, point_of_interest, establishment",waterfalls,Chhattisgarh,Monsoon,Kabirdham,3308
Chhirpani Dam,22.201134,81.19891989999999,4.2,"tourist_attraction, point_of_interest, establishment",beaches,Chhattisgarh,Summer,Kabirdham,106
shree ram temple,22.2072232,81.34386719999999,4.5,"hindu_temple, place_of_worship, point_of_interest, establishment",temples,Chhattisgarh,All Seasons,Kabirdham,2
Hanuman temple,21.962275,81.4998567,5,"hindu_temple, place_of_worship, point_of_interest, establishment",temples,Chhattisgarh,All Seasons,Kabirdham,1
Ma sitla temple,21.7874257,81.3838097,4.5,"hindu_temple, place_of_worship, point_of_interest, establishment",temples,Chhattisgarh,All Seasons,Kabirdham,2
Sutiyapath Temple,21.8026059,81.0336164,3.8,"hindu_temple, place_of_worship, point_of_interest, establishment",temples,Chhattisgarh,All Seasons,Kabirdham,149
Shree hanuman ji temple Bhareli,22.1534281,81.34136570000001,5,"hindu_temple, place_of_worship, point_of_interest, establishment",temples,Chhattisgarh,All Seasons,Kabirdham,2
Guru Ghashidas Temple Koylari,22.1814302,81.3936197,4.3,"hindu_temple, place_of_worship, point_of_interest, establishment",temples,Chhattisgarh,All Seasons,Kabirdham,12
Hanuman Temple,21.9177429,81.1247341,5,"hindu_temple, place_of_worship, point_of_interest, establishment",temples,Chhattisgarh,All Seasons,Kabirdham,1
Mahakaleshwer temple,21.9650652,81.49949730000002,4.6,"hindu_temple, place_of_worship, point_of_interest, establishment",temples,Chhattisgarh,All Seasons,Kabirdham,9
нαиυмαи Temple,21.9735336,81.1412108,5,"hindu_temple, place_of_worship, point_of_interest, establishment",temples,Chhattisgarh,All Seasons,Kabirdham,1
Dakshinmukhi Hanuman + Shanidev Temple,21.9626625,81.4520369,4.3,"place_of_worship, point_of_interest, establishment",temples,Chhattisgarh,All Seasons,Kabirdham,7
Bhaisasur temple,21.9188247,81.1273114,4.3,"place_of_worship, point_of_interest, establishment",temples,Chhattisgarh,All Seasons,Kabirdham,3
Siv Temple,21.9175146,81.12802049999999,4,"hindu_temple, place_of_worship, point_of_interest, establishment",temples,Chhattisgarh,All Seasons,Kabirdham,4
HINDU TEMPLE,21.9778946,81.260699,0,"hindu_temple, place_of_worship, point_of_interest, establishment",temples,Chhattisgarh,All Seasons,Kabirdham,0
Shri Bhoramdev Temple,22.1151465,81.1482355,4.4,"hindu_temple, tourist_attraction, place_of_worship, point_of_interest, establishment",temples,Chhattisgarh,All Seasons,Kabirdham,5201
Guru Ravidas And Lord Siva Temple,22.2210413,81.2984637,5,"hindu_temple, place_of_worship, point_of_interest, establishment",temples,Chhattisgarh,All Seasons,Kabirdham,2
Radha Krishna Temple,21.905395,81.37034299999999,4.3,"hindu_temple, place_of_worship, point_of_interest, establishment",temples,Chhattisgarh,All Seasons,Kabirdham,12
Ma Banjari Temple (BAGHARRA),22.1256774,81.2833991,4.7,"hindu_temple, place_of_worship, point_of_interest, establishment",temples,Chhattisgarh,All Seasons,Kabirdham,3
Shanidev Temple khairbana kala,21.9705628,81.1691908,5,"hindu_temple, place_of_worship, point_of_interest, establishment",temples,Chhattisgarh,All Seasons,Kabirdham,4
दक्षिण मुखी हनुमान मंदिर,22.1631083,81.21759829999999,5,"hindu_temple, place_of_worship, point_of_interest, establishment",temples,Chhattisgarh,All Seasons,Kabirdham,1
शिवलिंग मंदिर विशेषरा,22.2096585,81.39204389999999,5,"hindu_temple, place_of_worship, point_of_interest, establishment",temples,Chhattisgarh,All Seasons,Kabirdham,3
Maa Danteshwari Temple,22.0105329,81.2400732,4.3,"hindu_temple, place_of_worship, point_of_interest, establishment",temples,Chhattisgarh,All Seasons,Kabirdham,37
Temple of shiva,22.1151028,81.1482301,5,"hindu_temple, place_of_worship, point_of_interest, establishment",temples,Chhattisgarh,All Seasons,Kabirdham,4
Mahamaya Temple,22.2238215,81.41102839999999,4.2,"hindu_temple, place_of_worship, point_of_interest, establishment",temples,Chhattisgarh,All Seasons,Kabirdham,39
"Surya Narayan Mandir, Nawagaon kala, Chhirha",21.9838629,81.50132669999999,4.4,"hindu_temple, place_of_worship, point_of_interest, establishment",temples,Chhattisgarh,All Seasons,Kabirdham,26
Jhirna Kund,22.0038742,81.3269827,4.1,"hindu_temple, place_of_worship, point_of_interest, establishment",temples,Chhattisgarh,All Seasons,Kabirdham,16
Hindu temple,21.9986594,81.1596727,0,"hindu_temple, place_of_worship, point_of_interest, establishment",temples,Chhattisgarh,All Seasons,Kabirdham,0
"Kawardha Shri Madwa Mahal temple - Kabirdham District, Chhattisgarh, India",22.1091541,81.1540756,4.3,"tourist_attraction, point_of_interest, establishment",temples,Chhattisgarh,All Seasons,Kabirdham,351
The Shiva temple,22.2118545,81.3918964,5,"hindu_temple, place_of_worship, point_of_interest, establishment",temples,Chhattisgarh,All Seasons,Kabirdham,1
MAHAMAYA TEMPLE,22.1784751,81.46952499999999,5,"hindu_temple, place_of_worship, point_of_interest, establishment",temples,Chhattisgarh,All Seasons,Kabirdham,5
Ma Rajeshwari Temple,22.1150121,81.3413659,4.4,"hindu_temple, place_of_worship, point_of_interest, establishment",temples,Chhattisgarh,All Seasons,Kabirdham,14
Shiva Shakti Mahamaya Temple,22.1693956,81.3409308,3.8,"hindu_temple, place_of_worship, point_of_interest, establishment",temples,Chhattisgarh,All Seasons,Kabirdham,41
Sree Hanuman Temple,22.1255624,81.2821447,5,"hindu_temple, place_of_worship, point_of_interest, establishment",temples,Chhattisgarh,All Seasons,Kabirdham,4
Hanuman Mandir,22.0739593,81.2530156,4.1,"hindu_temple, place_of_worship, point_of_interest, establishment",temples,Chhattisgarh,All Seasons,Kabirdham,10
Shree Hanuman Mandir Temple,22.2265718,81.4112323,5,"hindu_temple, place_of_worship, point_of_interest, establishment",temples,Chhattisgarh,All Seasons,Kabirdham,1
Shiva Temple Hanuman Temple,21.9183662,81.4443366,5,"hindu_temple, place_of_worship, point_of_interest, establishment",temples,Chhattisgarh,All Seasons,Kabirdham,2
SHIVAAY TEMPLE,22.2774662,81.3184773,5,"hindu_temple, place_of_worship, point_of_interest, establishment",temples,Chhattisgarh,All Seasons,Kabirdham,1
Narsingnath temple,21.7875955,81.4136586,4,"hindu_temple, place_of_worship, point_of_interest, establishment",temples,Chhattisgarh,All Seasons,Kabirdham,2
Shri Hari Temple,22.1176893,81.4633842,5,"hindu_temple, place_of_worship, point_of_interest, establishment",temples,Chhattisgarh,All Seasons,Kabirdham,8
Shiva temple,21.8585625,81.39943749999999,5,"hindu_temple, place_of_worship, point_of_interest, establishment",temples,Chhattisgarh,All Seasons,Kabirdham,1
Hanuman Mandir,22.1902353,81.3582505,3.8,"hindu_temple, place_of_worship, point_of_interest, establishment",temples,Chhattisgarh,All Seasons,Kabirdham,17
Bahuran Dew Temple Nayapara Dadhi,21.8986862,81.46646849999999,3.9,"hindu_temple, place_of_worship, point_of_interest, establishment",temples,Chhattisgarh,All Seasons,Kabirdham,9
Santoshi Temple,22.1901886,81.324761,4.8,"hindu_temple, place_of_worship, point_of_interest, establishment",temples,Chhattisgarh,All Seasons,Kabirdham,5
Mahmaya Temple,21.8497686,81.4911566,4,"hindu_temple, place_of_worship, point_of_interest, establishment",temples,Chhattisgarh,All Seasons,Kabirdham,1
Krishna Temple And Lakshmi Temple,21.969324,81.3227385,4.4,"hindu_temple, place_of_worship, point_of_interest, establishment",temples,Chhattisgarh,All Seasons,Kabirdham,5
Shiv temple,21.8345725,81.30509909999999,5,"hindu_temple, place_of_worship, point_of_interest, establishment",temples,Chhattisgarh,All Seasons,Kabirdham,1
Shree Bajrangbali Temple,21.9577284,81.2870904,5,"hindu_temple, place_of_worship, point_of_interest, establishment",temples,Chhattisgarh,All Seasons,Kabirdham,1
Shiv Temple,22.1722415,81.29631090000001,4,"hindu_temple, place_of_worship, point_of_interest, establishment",temples,Chhattisgarh,All Seasons,Kabirdham,2
Shiv Temple,22.0337673,81.3293169,4.6,"hindu_temple, place_of_worship, point_of_interest, establishment",temples,Chhattisgarh,All Seasons,Kabirdham,5
‌RamBhushan Temple,22.1193096,81.4570124,3.8,"hindu_temple, place_of_worship, point_of_interest, establishment",temples,Chhattisgarh,All Seasons,Kabirdham,9
Lakshmi-Narayan Temple,22.0130101,81.2297324,4.1,"hindu_temple, place_of_worship, point_of_interest, establishment",temples,Chhattisgarh,All Seasons,Kabirdham,7
Shiv Temple,21.8762105,81.2259247,5,"hindu_temple, place_of_worship, point_of_interest, establishment",temples,Chhattisgarh,All Seasons,Kabirdham,1
"Surya Mandir,Betar",21.8493562,81.44159839999999,3.7,"hindu_temple, place_of_worship, point_of_interest, establishment",temples,Chhattisgarh,All Seasons,Kabirdham,14
Shri Radha Krishn Temple Ruse,22.1005015,81.3894297,4.7,"hindu_temple, place_of_worship, point_of_interest, establishment",temples,Chhattisgarh,All Seasons,Kabirdham,3
Mahamaaya Temple dullapur,22.1634495,81.4638933,5,"hindu_temple, place_of_worship, point_of_interest, establishment",temples,Chhattisgarh,All Seasons,Kabirdham,1
Radha Krishna Bade Mandir,22.0101903,81.2335646,4.4,"hindu_temple, place_of_worship, point_of_interest, establishment",temples,Chhattisgarh,All Seasons,Kabirdham,38
Ram Mandir Gidhawa,21.8989697,81.45950789999999,4.1,"hindu_temple, place_of_worship, point_of_interest, establishment",temples,Chhattisgarh,All Seasons,Kabirdham,12
Ram Mandir,22.0135674,81.2339733,4.3,"hindu_temple, place_of_worship, point_of_interest, establishment",temples,Chhattisgarh,All Seasons,Kabirdham,18
Shiv Temple,22.0986351,81.4986902,5,"hindu_temple, place_of_worship, point_of_interest, establishment",temples,Chhattisgarh,All Seasons,Kabirdham,1
Krishna Temple,21.8753194,81.4381538,5,"hindu_temple, place_of_worship, point_of_interest, establishment",temples,Chhattisgarh,All Seasons,Kabirdham,2
Lord Shiva Temple,22.192182,81.3344408,3.7,"hindu_temple, place_of_worship, point_of_interest, establishment",temples,Chhattisgarh,All Seasons,Kabirdham,3
Maikal Hill Eco Farm,22.0921755,81.16382039999999,5,"lodging, point_of_interest, establishment",hills,Chhattisgarh,Winter,Kabirdham,50
Maikal Hill cafe,22.0925917,81.1631258,5,"cafe, food, point_of_interest, store, establishment",hills,Chhattisgarh,Winter,Kabirdham,2
Sarodh hills,21.9629722,81.1344131,2,"park, point_of_interest, establishment",hills,Chhattisgarh,Winter,Kabirdham,1
Bhoramdew watch tower,22.1297007,81.1518253,4.4,"tourist_attraction, point_of_interest, establishment",hills,Chhattisgarh,Winter,Kabirdham,240
36montane,22.0921908,81.1638645,0,"point_of_interest, establishment",hills,Chhattisgarh,Winter,Kabirdham,0
"Ethnic Johar Tourist Resort, Saroda Dadar",22.1755627,81.0770309,4.2,"lodging, point_of_interest, establishment",hills,Chhattisgarh,Winter,Kabirdham,690
Maikal Green Industries,22.005791,81.1913971,5,"point_of_interest, establishment",hills,Chhattisgarh,Winter,Kabirdham,10
Pidhaghat Watch Tower,22.1190046,81.08553049999999,4.5,"tourist_attraction, point_of_interest, establishment",attraction,Chhattisgarh,All Seasons,Kabirdham,144
Peeda-Ghat,22.1188341,81.08427689999999,4.4,"tourist_attraction, point_of_interest, establishment",attraction,Chhattisgarh,All Seasons,Kabirdham,152
Bhoramdev wildlife sanctuary,21.9818641,81.1012858,4.3,"tourist_attraction, point_of_interest, establishment",attraction,Chhattisgarh,All Seasons,Kabirdham,27
Chilphi Ghati,22.1470745,81.0984275,4.3,"tourist_attraction, point_of_interest, establishment",attraction,Chhattisgarh,All Seasons,Kabirdham,695
Rani Dahra Water Fall,22.1984875,81.0944844,4.3,"tourist_attraction, point_of_interest, establishment",attraction,Chhattisgarh,All Seasons,Kabirdham,1309
Manda ghat waterfall,21.9784278,81.071809,4.3,"tourist_attraction, point_of_interest, establishment",attraction,Chhattisgarh,All Seasons,Kabirdham,43
"View point Chiphi Ghati, Kawardha, Chhattisgarh",22.1467193,81.0995011,3.7,"tourist_attraction, point_of_interest, establishment",attraction,Chhattisgarh,All Seasons,Kabirdham,7
Saroda Dam,21.9774434,81.1352191,4.3,"tourist_attraction, point_of_interest, establishment",attraction,Chhattisgarh,All Seasons,Kabirdham,235
Ghoghra Waterfall,22.2488638,81.3168874,4.1,"tourist_attraction, point_of_interest, establishment",attraction,Chhattisgarh,All Seasons,Kabirdham,65
Chhirpani Dam,22.201134,81.19891989999999,4.2,"tourist_attraction, point_of_interest, establishment",attraction,Chhattisgarh,All Seasons,Kabirdham,106
शक्तिघाट झरना,21.9415198,81.0136406,2,"tourist_attraction, point_of_interest, establishment",attraction,Chhattisgarh,All Seasons,Kabirdham,1
Sarodha dhaam (Kawardha chhattisgarh),22.0106092,81.23592819999999,4.3,"tourist_attraction, point_of_interest, establishment",attraction,Chhattisgarh,All Seasons,Kabirdham,16
Bisesara Dam,22.2169589,81.3893839,4.3,"tourist_attraction, point_of_interest, establishment",attraction,Chhattisgarh,All Seasons,Kabirdham,7
Jaleshwar Mahadeva Ghat dongariya,22.1682911,81.33452559999999,4.3,"tourist_attraction, point_of_interest, establishment",attraction,Chhattisgarh,All Seasons,Kabirdham,111
Chilpi Ghati Watch Tower,22.1780999,81.079458,4.3,"tourist_attraction, point_of_interest, establishment",attraction,Chhattisgarh,All Seasons,Kabirdham,114
Rani Bandh Sarodha,21.9849726,81.1825198,4,"tourist_attraction, point_of_interest, establishment",attraction,Chhattisgarh,All Seasons,Kabirdham,4
Sutiya pat dam main gate,21.8181201,81.02832,3.1,"tourist_attraction, point_of_interest, establishment",attraction,Chhattisgarh,All Seasons,Kabirdham,8
Gangpur Waterfall,22.2839537,81.3530942,3.4,"tourist_attraction, point_of_interest, establishment",attraction,Chhattisgarh,All Seasons,Kabirdham,5
"बांध , खडौदा कला , छत्तीसगढ",22.1519002,81.29056589999999,5,"tourist_attraction, point_of_interest, establishment",attraction,Chhattisgarh,All Seasons,Kabirdham,4
Jait kham जैत खाम,22.0640787,81.4792982,5,"tourist_attraction, point_of_interest, establishment",attraction,Chhattisgarh,All Seasons,Kabirdham,4
KARIYAMA,22.113477,81.1403002,4.2,"tourist_attraction, point_of_interest, establishment",attraction,Chhattisgarh,All Seasons,Kabirdham,9
Rupesh Tekam,22.2836608,81.2839377,2.7,"tourist_attraction, point_of_interest, establishment",attraction,Chhattisgarh,All Seasons,Kabirdham,3
Mara dabra,22.1184958,81.0400324,0,"tourist_attraction, point_of_interest, establishment",attraction,Chhattisgarh,All Seasons,Kabirdham,0
karranala dam,21.7617784,81.0375964,4,"tourist_attraction, point_of_interest, establishment",attraction,Chhattisgarh,All Seasons,Kabirdham,99
Bhoramdew watch tower,22.1297007,81.1518253,4.4,"tourist_attraction, point_of_interest, establishment",attraction,Chhattisgarh,All Seasons,Kabirdham,240
Bhole Waterfall,22.1992125,81.09474349999999,4.8,"tourist_attraction, point_of_interest, establishment",attraction,Chhattisgarh,All Seasons,Kabirdham,12
Patharpur,22.1000297,81.1629103,4,"tourist_attraction, point_of_interest, establishment",attraction,Chhattisgarh,All Seasons,Kabirdham,9
GANDAI Kala Anicut,22.1793123,81.3063185,5,"tourist_attraction, point_of_interest, establishment",attraction,Chhattisgarh,All Seasons,Kabirdham,8
Maikal Rani Waterfall,22.0617197,81.15669520000002,5,"tourist_attraction, point_of_interest, establishment",attraction,Chhattisgarh,All Seasons,Kabirdham,3
BADAL PANI WATERFALL KAWARDHA,22.062167,81.155772,3.9,"tourist_attraction, point_of_interest, establishment",attraction,Chhattisgarh,All Seasons,Kabirdham,11
Sarodha Dadar Watch Tower,22.178031,81.07949699999999,4.3,"tourist_attraction, point_of_interest, establishment",attraction,Chhattisgarh,All Seasons,Kabirdham,87
Saroda Deam Kawardha,21.977801,81.1373729,5,"tourist_attraction, point_of_interest, establishment",attraction,Chhattisgarh,All Seasons,Kabirdham,2
Anand Chandravanshi,22.0176896,81.3217385,5,"tourist_attraction, point_of_interest, establishment",attraction,Chhattisgarh,All Seasons,Kabirdham,1
Bhag mada bilhari birkha,21.8847017,81.0781454,3,"tourist_attraction, point_of_interest, establishment",attraction,Chhattisgarh,All Seasons,Kabirdham,2
Hanging bridge boramdev,22.1178637,81.1497473,3.3,"tourist_attraction, point_of_interest, establishment",attraction,Chhattisgarh,All Seasons,Kabirdham,4
Manda Ghat मांदा घाट,21.9747845,81.07207919999999,4.8,"tourist_attraction, point_of_interest, establishment",attraction,Chhattisgarh,All Seasons,Kabirdham,4
Tandula dam Nagpura,21.9751199,81.51728729999999,1,"tourist_attraction, point_of_interest, establishment",attraction,Chhattisgarh,All Seasons,Kabirdham,1
River,21.9891702,81.4865362,2.3,"tourist_attraction, point_of_interest, establishment",attraction,Chhattisgarh,All Seasons,Kabirdham,3
झरझरा waterfall,22.25809,81.445331,3.6,"tourist_attraction, point_of_interest, establishment",attraction,Chhattisgarh,All Seasons,Kabirdham,5
Birkha dam,21.8592391,81.08990299999999,4,"tourist_attraction, point_of_interest, establishment",attraction,Chhattisgarh,All Seasons,Kabirdham,1
"सतनाम सरोवर,",22.2279293,81.413108,5,"tourist_attraction, point_of_interest, establishment",attraction,Chhattisgarh,All Seasons,Kabirdham,1
Sutiyapat bandh,21.819461,81.026495,4.1,"tourist_attraction, point_of_interest, establishment",attraction,Chhattisgarh,All Seasons,Kabirdham,34
Cabcon India Ltd.,22.003943,81.217384,5,"tourist_attraction, point_of_interest, establishment",attraction,Chhattisgarh,All Seasons,Kabirdham,1
"हाफ नदी , रिवर व्यू",22.0856116,81.4582808,3.3,"tourist_attraction, point_of_interest, establishment",attraction,Chhattisgarh,All Seasons,Kabirdham,10
Dabri,21.8036031,81.178516,0,"tourist_attraction, point_of_interest, establishment",attraction,Chhattisgarh,All Seasons,Kabirdham,0
"Kawardha Shri Madwa Mahal temple - Kabirdham District, Chhattisgarh, India",22.1091541,81.1540756,4.3,"tourist_attraction, point_of_interest, establishment",attraction,Chhattisgarh,All Seasons,Kabirdham,351
Kabir kuti maidan,21.9193205,81.46525849999999,5,"tourist_attraction, point_of_interest, establishment",attraction,Chhattisgarh,All Seasons,Kabirdham,2
Kranti Dam,22.2728068,81.4027983,3.9,"tourist_attraction, point_of_interest, establishment",attraction,Chhattisgarh,All Seasons,Kabirdham,8
Sankari nadi setu,22.0064246,81.3261709,4,"tourist_attraction, point_of_interest, establishment",attraction,Chhattisgarh,All Seasons,Kabirdham,2
"Khairwar road, Marka",22.0063155,81.41690799999999,0,"tourist_attraction, point_of_interest, establishment",attraction,Chhattisgarh,All Seasons,Kabirdham,0
36Montane Adventure Camping,22.1854375,81.0813125,3,"campground, tourist_attraction, park, travel_agency, cafe, lodging, food, point_of_interest, establishment",attraction,Chhattisgarh,All Seasons,Kabirdham,4
Shri Bhoramdev Temple,22.1151465,81.1482355,4.4,"hindu_temple, tourist_attraction, place_of_worship, point_of_interest, establishment",attraction,Chhattisgarh,All Seasons,Kabirdham,5201
पानी टंकी ( pani tanki ),21.9985975,81.42432830000001,0,"tourist_attraction, point_of_interest, establishment",attraction,Chhattisgarh,All Seasons,Kabirdham,0
Rajiv mitan park,20.2656764,81.4984867,5,"park, point_of_interest, establishment",parks,Chhattisgarh,Spring,Kanker,2
Manjhingarh Hill,20.1592752,81.721851,4.2,"tourist_attraction, park, point_of_interest, establishment",parks,Chhattisgarh,Spring,Kanker,50
Garden,20.2741141,81.49054,3.7,"park, point_of_interest, establishment",parks,Chhattisgarh,Spring,Kanker,430
NHP park,20.4514196,81.6281668,0,"park, point_of_interest, establishment",parks,Chhattisgarh,Spring,Kanker,0
Lake view park,20.4466065,81.6330092,0,"park, point_of_interest, establishment",parks,Chhattisgarh,Spring,Kanker,0
PARK,20.0650596,81.5911575,3.5,"park, point_of_interest, establishment",parks,Chhattisgarh,Spring,Kanker,25
Gandhi park,20.2652521,81.4954612,4,"park, point_of_interest, establishment",parks,Chhattisgarh,Spring,Kanker,3
Civil Lines Garden,20.2766317,81.4960925,4,"park, point_of_interest, establishment",parks,Chhattisgarh,Spring,Kanker,63
park,20.273543,81.49271499999999,3,"park, point_of_interest, establishment",parks,Chhattisgarh,Spring,Kanker,1
Collectorate Garden,20.2662312,81.4986936,4,"park, point_of_interest, establishment",parks,Chhattisgarh,Spring,Kanker,1
IAS Meeting Point,20.4885479,81.3703883,4.1,"park, point_of_interest, establishment",parks,Chhattisgarh,Spring,Kanker,19
राजा तालाब,20.2909273,81.49292849999999,5,"park, point_of_interest, establishment",parks,Chhattisgarh,Spring,Kanker,3
चांदनी चौक,20.354825,81.74016329999999,4.8,"park, point_of_interest, establishment",parks,Chhattisgarh,Spring,Kanker,4
कांकेर जिला छत्तीसगढ़,20.2675174,81.49273850000002,4.2,"park, point_of_interest, establishment",parks,Chhattisgarh,Spring,Kanker,9
माटी कोट,20.0640002,81.6982282,5,"park, point_of_interest, establishment",parks,Chhattisgarh,Spring,Kanker,1
Amrit sarovar,20.4181809,81.4799057,5,"park, point_of_interest, establishment",parks,Chhattisgarh,Spring,Kanker,1
AGNIHOTRI (aam bagicha),20.0906368,81.5951371,4.4,"park, point_of_interest, establishment",parks,Chhattisgarh,Spring,Kanker,5
Oxyone Kanker,20.2856249,81.48246929999999,4.3,"park, point_of_interest, establishment",parks,Chhattisgarh,Spring,Kanker,6
Shanti sahu,20.4419743,81.4541569,5,"park, point_of_interest, establishment",parks,Chhattisgarh,Spring,Kanker,2
Tarachand Jain,20.0918646,81.5925152,5,"park, point_of_interest, establishment",parks,Chhattisgarh,Spring,Kanker,1
Dongergaon stop dam,20.3000614,81.26753479999999,3.5,"park, point_of_interest, establishment",parks,Chhattisgarh,Spring,Kanker,4
वन विभाग पार्क कोकड़ी,20.3311875,81.46131249999999,0,"park, point_of_interest, establishment",parks,Chhattisgarh,Spring,Kanker,0
Palarmeta,20.2641635,81.4980353,0,"park, point_of_interest, establishment",parks,Chhattisgarh,Spring,Kanker,0
मुरुमतरा तालाब -2,20.5140625,81.57306249999999,0,"park, point_of_interest, establishment",parks,Chhattisgarh,Spring,Kanker,0
Aao ke lelo,20.2746923,81.4911771,0,"park, point_of_interest, establishment",parks,Chhattisgarh,Spring,Kanker,0
Giti gudra,20.0631537,81.6044053,5,"park, point_of_interest, establishment",parks,Chhattisgarh,Spring,Kanker,2
Tatamari Van Vihar,20.114,81.5929,4.5,"park, point_of_interest, establishment",parks,Chhattisgarh,Spring,Kanker,6
Park,20.49541,81.3767,0,"park, point_of_interest, establishment",parks,Chhattisgarh,Spring,Kanker,0
ताल तारिया,20.061997,81.57706569999999,0,"park, point_of_interest, establishment",parks,Chhattisgarh,Spring,Kanker,0
Kange Farm House,20.2146875,81.46431249999999,3.8,"park, point_of_interest, establishment",parks,Chhattisgarh,Spring,Kanker,4
Albelapara Garden Kanker,20.2806255,81.49155859999999,3.1,"park, point_of_interest, establishment",parks,Chhattisgarh,Spring,Kanker,58
Malgaon gothaan,20.268664,81.4483214,0,"park, point_of_interest, establishment",parks,Chhattisgarh,Spring,Kanker,0
Vivek Kodopi,20.5035291,81.31750029999999,0,"park, point_of_interest, establishment",parks,Chhattisgarh,Spring,Kanker,0
Rrz hill,20.277919,81.4800113,5,"park, point_of_interest, establishment",parks,Chhattisgarh,Spring,Kanker,5
Raja Talab garden,20.4441445,81.6209222,0,"park, point_of_interest, establishment",parks,Chhattisgarh,Spring,Kanker,0
बेगरुम नदी उद्गम कोन्डागांव,20.1303013,81.7660126,0,"park, point_of_interest, establishment",parks,Chhattisgarh,Spring,Kanker,0
LOVER POINTS,20.5375772,81.4069476,0,"park, point_of_interest, establishment",parks,Chhattisgarh,Spring,Kanker,0
Murumtara Dam,20.5135006,81.57589829999999,1,"park, point_of_interest, establishment",parks,Chhattisgarh,Spring,Kanker,1
Ishan van,20.3461594,81.45234169999999,3.6,"park, point_of_interest, establishment",parks,Chhattisgarh,Spring,Kanker,5
Atal Chowk Dihipara - अटल चौक डिहिपारा,20.0711845,81.5961252,4.5,"park, point_of_interest, establishment",parks,Chhattisgarh,Spring,Kanker,6
Govt.Sanjay Nikunj Udyan,20.4139211,81.2818048,4.2,"park, point_of_interest, establishment",parks,Chhattisgarh,Spring,Kanker,5
Kaju garden,20.4946202,81.4044931,5,"park, point_of_interest, establishment",parks,Chhattisgarh,Spring,Kanker,1
Thakur Vishram Singh Garden,20.2740654,81.491055,4,"park, point_of_interest, establishment",parks,Chhattisgarh,Spring,Kanker,10
Talab,20.2944112,81.31083199999999,5,"park, point_of_interest, establishment",parks,Chhattisgarh,Spring,Kanker,1
Madamsilli dam,20.541179,81.6649182,4.1,"tourist_attraction, park, point_of_interest, establishment",parks,Chhattisgarh,Spring,Kanker,692
Mango Garden,20.5143645,81.3891227,4,"park, point_of_interest, establishment",parks,Chhattisgarh,Spring,Kanker,1
डोमाहर्रा जलाशय,20.2368482,81.3074481,4.9,"park, point_of_interest, establishment",parks,Chhattisgarh,Spring,Kanker,9
कृष्ण कुंज (Krishna Kunj) कृष्ण लोक बगीचा,20.4618055,81.63317789999999,2.5,"park, point_of_interest, establishment",parks,Chhattisgarh,Spring,Kanker,2
Akhil korram garden,20.318086,81.758256,4,"park, point_of_interest, establishment",parks,Chhattisgarh,Spring,Kanker,1
शेरा चौक,20.35626,81.465425,5,"park, point_of_interest, establishment",parks,Chhattisgarh,Spring,Kanker,1
जामगांव मार्ग,20.3609979,81.7396875,3.4,"park, point_of_interest, establishment",parks,Chhattisgarh,Spring,Kanker,15
Cashew Garden,20.4962802,81.4048002,4.5,"park, point_of_interest, establishment",parks,Chhattisgarh,Spring,Kanker,2
GAUTAM NARETI,20.29597,81.3345699,5,"park, point_of_interest, establishment",parks,Chhattisgarh,Spring,Kanker,1
Mango garden,20.4961075,81.40275799999999,5,"park, point_of_interest, establishment",parks,Chhattisgarh,Spring,Kanker,1
Anuradha mandavi house,20.4343745,81.4959916,5,"park, point_of_interest, establishment",parks,Chhattisgarh,Spring,Kanker,1
Vinay gemar,20.3153873,81.6414049,5,"park, point_of_interest, establishment",parks,Chhattisgarh,Spring,Kanker,1
JOGI TALAB AROUD,20.4336918,81.47005159999999,5,"park, point_of_interest, establishment",parks,Chhattisgarh,Spring,Kanker,1
Dumali hill,20.289848,81.5002774,3,"park, point_of_interest, establishment",parks,Chhattisgarh,Spring,Kanker,2
Markam house (rustam singh markam),20.369087,81.6039864,5,"park, point_of_interest, establishment",parks,Chhattisgarh,Spring,Kanker,2
Bagod बागोड,20.2675174,81.49273850000002,5,"park, point_of_interest, establishment",parks,Chhattisgarh,Spring,Kanker,3
Nature lover,20.2497768,81.3546902,5,"museum, point_of_interest, establishment",museum,Chhattisgarh,Winter,Kanker,1
बिरसा मुंडा भवन,20.2761918,81.6199201,0,"museum, point_of_interest, establishment",museum,Chhattisgarh,Winter,Kanker,0
Varsha kunjam,20.4231255,81.2943421,0,"museum, point_of_interest, establishment",museum,Chhattisgarh,Winter,Kanker,0
GIDHRAJ STAMBH GITPAHAR,20.4967402,81.4773294,3.2,"museum, point_of_interest, establishment",museum,Chhattisgarh,Winter,Kanker,9
Masjid-e-sibtainraza,20.2723559,81.4863599,2.7,"museum, point_of_interest, establishment",museum,Chhattisgarh,Winter,Kanker,3
SHAILESH kumar markam,20.0145474,81.7370531,3.3,"museum, point_of_interest, establishment",museum,Chhattisgarh,Winter,Kanker,4
Murticar penter chaok,20.2513241,81.270157,0,"museum, point_of_interest, establishment",museum,Chhattisgarh,Winter,Kanker,0
Charama Rock Painting Site 2,20.3818664,81.38704469999999,0,"museum, point_of_interest, establishment",museum,Chhattisgarh,Winter,Kanker,0
शीतला मंदिर,20.2090494,81.65986199999999,2,"museum, point_of_interest, establishment",museum,Chhattisgarh,Winter,Kanker,1
priyanka telars halba,20.482215,81.5085781,0,"museum, point_of_interest, establishment",museum,Chhattisgarh,Winter,Kanker,0
Shitla Mandir,20.4926152,81.3969738,0,"museum, point_of_interest, establishment",museum,Chhattisgarh,Winter,Kanker,0
charama rock painting site 1,20.3648648,81.38348909999999,0,"museum, point_of_interest, establishment",museum,Chhattisgarh,Winter,Kanker,0
Shiv Mandir Narna,20.0269792,81.60852340000001,3,"museum, point_of_interest, establishment",museum,Chhattisgarh,Winter,Kanker,2
Honhed Waterfall,20.1210418,81.49384200000001,4.4,"tourist_attraction, point_of_interest, establishment",waterfalls,Chhattisgarh,Monsoon,Kanker,189
Cherbeda Waterfall,20.0663357,81.4375795,4.7,"tourist_attraction, point_of_interest, establishment",waterfalls,Chhattisgarh,Monsoon,Kanker,24
Uparbedi Waterfall,20.0419903,81.4558557,4.3,"tourist_attraction, point_of_interest, establishment",waterfalls,Chhattisgarh,Monsoon,Kanker,36
Malajkudum Waterfall,20.1577314,81.42213129999999,4.3,"tourist_attraction, point_of_interest, establishment",waterfalls,Chhattisgarh,Monsoon,Kanker,500
Yagya Waterfall,20.1109156,81.6574073,4.7,"tourist_attraction, point_of_interest, establishment",waterfalls,Chhattisgarh,Monsoon,Kanker,30
Honey Waterfall Bavnimari,20.0564358,81.5428314,4.8,"tourist_attraction, point_of_interest, establishment",waterfalls,Chhattisgarh,Monsoon,Kanker,21
Kuyemari Waterfall,20.1023825,81.4476911,4.2,"tourist_attraction, point_of_interest, establishment",waterfalls,Chhattisgarh,Monsoon,Kanker,656
Mutte Khadka Waterfall,20.1010853,81.3964226,4.2,"tourist_attraction, point_of_interest, establishment",waterfalls,Chhattisgarh,Monsoon,Kanker,37
Honabadga Waterfall Cherbeda,20.0611831,81.445776,4.8,"tourist_attraction, point_of_interest, establishment",waterfalls,Chhattisgarh,Monsoon,Kanker,15
Sandy waterfall,20.0569237,81.55211109999999,4.1,"tourist_attraction, point_of_interest, establishment",waterfalls,Chhattisgarh,Monsoon,Kanker,18
Charre Marre Water Fall,20.1128399,81.2234024,4.2,"tourist_attraction, point_of_interest, establishment",waterfalls,Chhattisgarh,Monsoon,Kanker,518
Mallgoan tophill waterfall,20.2650625,81.43781249999999,3.2,"tourist_attraction, point_of_interest, establishment",waterfalls,Chhattisgarh,Monsoon,Kanker,5
Ghumar waterfall,20.1010321,81.5406497,4.1,"tourist_attraction, point_of_interest, establishment",waterfalls,Chhattisgarh,Monsoon,Kanker,13
Ghumar Waterfall,20.1056959,81.6444559,4.3,"tourist_attraction, point_of_interest, establishment",waterfalls,Chhattisgarh,Monsoon,Kanker,12
Heyansh Falls,20.0470622,81.52822239999999,5,"tourist_attraction, point_of_interest, establishment",waterfalls,Chhattisgarh,Monsoon,Kanker,17
Girgoli Waterfall,20.0271194,81.4994104,4.9,"tourist_attraction, point_of_interest, establishment",waterfalls,Chhattisgarh,Monsoon,Kanker,11
Manjhingarh Waterfall,20.1615054,81.7194337,3.8,"tourist_attraction, point_of_interest, establishment",waterfalls,Chhattisgarh,Monsoon,Kanker,36
Upervedii Waterfall,20.041245,81.45644899999999,3.9,"tourist_attraction, point_of_interest, establishment",waterfalls,Chhattisgarh,Monsoon,Kanker,20
Little waterfall,20.1457544,81.7525184,5,"tourist_attraction, point_of_interest, establishment",waterfalls,Chhattisgarh,Monsoon,Kanker,1
Lingodarha Waterfall,20.073854,81.519401,4,"tourist_attraction, point_of_interest, establishment",waterfalls,Chhattisgarh,Monsoon,Kanker,9
Mankeshri Dam,20.2463535,81.46440319999999,4.7,"tourist_attraction, point_of_interest, establishment",waterfalls,Chhattisgarh,Monsoon,Kanker,19
Black top waterfall,20.1263392,81.464134,3,"tourist_attraction, point_of_interest, establishment",waterfalls,Chhattisgarh,Monsoon,Kanker,4
Manjhingarh Hill,20.1592752,81.721851,4.2,"tourist_attraction, park, point_of_interest, establishment",waterfalls,Chhattisgarh,Monsoon,Kanker,50
Killa pahad,20.259707,81.4971144,4.1,"tourist_attraction, point_of_interest, establishment",waterfalls,Chhattisgarh,Monsoon,Kanker,14
Loha pool nelajhar keshkal,20.1146875,81.6508125,3.5,"tourist_attraction, point_of_interest, establishment",waterfalls,Chhattisgarh,Monsoon,Kanker,13
Manjhingarh Sunset Point,20.1630727,81.7188141,4.7,"tourist_attraction, point_of_interest, establishment",waterfalls,Chhattisgarh,Monsoon,Kanker,6
ManMade Waterfall Dumarpani-Bahanapani-Kusumpani,20.4505654,81.5645425,0,"tourist_attraction, point_of_interest, establishment",waterfalls,Chhattisgarh,Monsoon,Kanker,0
Keshkal Valley View Point,20.1023009,81.58677469999999,4.4,"tourist_attraction, point_of_interest, establishment",waterfalls,Chhattisgarh,Monsoon,Kanker,127
Limdarha Midway,20.1441875,81.5354375,3.9,"tourist_attraction, point_of_interest, establishment",waterfalls,Chhattisgarh,Monsoon,Kanker,201
Keshkal Valley,20.1026866,81.5878382,4.3,"tourist_attraction, point_of_interest, establishment",waterfalls,Chhattisgarh,Monsoon,Kanker,1903
Mava Keshkal,20.0998233,81.5892513,3.9,"tourist_attraction, point_of_interest, establishment",waterfalls,Chhattisgarh,Monsoon,Kanker,39
Khalechandeli Velly View Point,20.0799288,81.5052405,5,"tourist_attraction, point_of_interest, establishment",waterfalls,Chhattisgarh,Monsoon,Kanker,7
Tata mari view point,20.116127,81.5908469,4.6,"tourist_attraction, point_of_interest, establishment",waterfalls,Chhattisgarh,Monsoon,Kanker,10
PARK,20.0650596,81.5911575,3.5,"park, point_of_interest, establishment",waterfalls,Chhattisgarh,Monsoon,Kanker,25
Manjhingarh Sunrise Point,20.1609961,81.72720609999999,4.1,"tourist_attraction, point_of_interest, establishment",waterfalls,Chhattisgarh,Monsoon,Kanker,55
Madamsilli dam,20.541179,81.6649182,4.1,"tourist_attraction, park, point_of_interest, establishment",waterfalls,Chhattisgarh,Monsoon,Kanker,692
Dudhawa Dam River Gate,20.3011038,81.7540925,4.2,"tourist_attraction, point_of_interest, establishment",waterfalls,Chhattisgarh,Monsoon,Kanker,12
Kanagaon dhar parum,20.183238,81.3417529,4.8,"tourist_attraction, point_of_interest, establishment",waterfalls,Chhattisgarh,Monsoon,Kanker,12
Ghadi Chowk,20.2777073,81.4912615,3.9,"tourist_attraction, point_of_interest, establishment",waterfalls,Chhattisgarh,Monsoon,Kanker,189
Garden,20.2741141,81.49054,3.7,"park, point_of_interest, establishment",waterfalls,Chhattisgarh,Monsoon,Kanker,430
Madamsilli dam,20.541179,81.6649182,4.1,"tourist_attraction, park, point_of_interest, establishment",beaches,Chhattisgarh,Summer,Kanker,692
Charre Marre Water Fall,20.1128399,81.2234024,4.2,"tourist_attraction, point_of_interest, establishment",beaches,Chhattisgarh,Summer,Kanker,518
Shiv Mandir,20.2595629,81.4905296,4.7,"hindu_temple, place_of_worship, point_of_interest, establishment",temples,Chhattisgarh,All Seasons,Kanker,3
Aadi Bhootnath Temple,20.3082443,81.466948,5,"hindu_temple, place_of_worship, point_of_interest, establishment",temples,Chhattisgarh,All Seasons,Kanker,1
Shiv Mandir,20.4940832,81.66756769999999,3,"hindu_temple, place_of_worship, point_of_interest, establishment",temples,Chhattisgarh,All Seasons,Kanker,1
Sarna Maata Temple,20.3862266,81.6707643,4.5,"hindu_temple, place_of_worship, point_of_interest, establishment",temples,Chhattisgarh,All Seasons,Kanker,4
Mata dhutmayin mandir,20.2696689,81.593673,5,"hindu_temple, place_of_worship, point_of_interest, establishment",temples,Chhattisgarh,All Seasons,Kanker,2
Nathiyanawagaon tempel,20.3539209,81.4531873,4.3,"hindu_temple, place_of_worship, point_of_interest, establishment",temples,Chhattisgarh,All Seasons,Kanker,27
Sheetala Temple,20.2918075,81.58078929999999,4,"hindu_temple, place_of_worship, point_of_interest, establishment",temples,Chhattisgarh,All Seasons,Kanker,4
"Gobrahin Shri Shiva Temple - Kondagaon District, Chhattisgarh, India",20.072117,81.5549053,4.2,"tourist_attraction, point_of_interest, establishment",temples,Chhattisgarh,All Seasons,Kanker,135
Shiv Temple Tahkapar,20.4522713,81.44968639999999,5,"hindu_temple, place_of_worship, point_of_interest, establishment",temples,Chhattisgarh,All Seasons,Kanker,2
Shiv mandir,20.0196409,81.40520280000001,0,"hindu_temple, place_of_worship, point_of_interest, establishment",temples,Chhattisgarh,All Seasons,Kanker,0
Shani Mandir Kanker,20.2688091,81.4951727,4,"hindu_temple, place_of_worship, point_of_interest, establishment",temples,Chhattisgarh,All Seasons,Kanker,21
Shiv Mandir,20.2667363,81.504811,4.2,"hindu_temple, place_of_worship, point_of_interest, establishment",temples,Chhattisgarh,All Seasons,Kanker,12
Batrali,20.0638376,81.5809488,5,"hindu_temple, place_of_worship, point_of_interest, establishment",temples,Chhattisgarh,All Seasons,Kanker,1
Durga Temple,20.2592192,81.49057450000001,4.4,"hindu_temple, place_of_worship, point_of_interest, establishment",temples,Chhattisgarh,All Seasons,Kanker,20
Gayatri Temple,20.4707728,81.36385779999999,4,"hindu_temple, place_of_worship, point_of_interest, establishment",temples,Chhattisgarh,All Seasons,Kanker,1
KANKALIN MANDIR,20.2673301,81.5014207,4.3,"hindu_temple, place_of_worship, point_of_interest, establishment",temples,Chhattisgarh,All Seasons,Kanker,23
Rani Ma Mandir,20.5177136,81.3361029,4.2,"hindu_temple, place_of_worship, point_of_interest, establishment",temples,Chhattisgarh,All Seasons,Kanker,27
Sitlamata temple kilepar.,20.478098,81.446832,5,"hindu_temple, place_of_worship, point_of_interest, establishment",temples,Chhattisgarh,All Seasons,Kanker,1
Jay Budadev Temple,20.5306738,81.42883839999999,5,"place_of_worship, point_of_interest, establishment",temples,Chhattisgarh,All Seasons,Kanker,2
Bevarti Temple,20.2813609,81.546661,3.9,"hindu_temple, place_of_worship, point_of_interest, establishment",temples,Chhattisgarh,All Seasons,Kanker,12
Shiv Mandir,20.4761387,81.44217909999999,5,"hindu_temple, place_of_worship, point_of_interest, establishment",temples,Chhattisgarh,All Seasons,Kanker,1
Shiv Temple,20.3929392,81.55484709999999,3.7,"hindu_temple, place_of_worship, point_of_interest, establishment",temples,Chhattisgarh,All Seasons,Kanker,3
SHIV MANDIR BHILAI,20.5174047,81.3876362,5,"hindu_temple, place_of_worship, point_of_interest, establishment",temples,Chhattisgarh,All Seasons,Kanker,1
Shree Shiva Temple,20.2483619,81.5103535,5,"hindu_temple, place_of_worship, point_of_interest, establishment",temples,Chhattisgarh,All Seasons,Kanker,1
Panchmukhi Hanuman Mandir,20.2724451,81.492254,3.5,"hindu_temple, place_of_worship, point_of_interest, establishment",temples,Chhattisgarh,All Seasons,Kanker,11
Shitla Mandir,20.2720877,81.4972724,4.3,"hindu_temple, place_of_worship, point_of_interest, establishment",temples,Chhattisgarh,All Seasons,Kanker,8
Radhe Krishna Mandir😊,20.2943285,81.4817752,4.3,"hindu_temple, place_of_worship, point_of_interest, establishment",temples,Chhattisgarh,All Seasons,Kanker,3
Shivmandir,20.4470068,81.6244178,3.2,"hindu_temple, place_of_worship, point_of_interest, establishment",temples,Chhattisgarh,All Seasons,Kanker,5
Jagannath Balaji temple,20.299299,81.630691,4.1,"hindu_temple, place_of_worship, point_of_interest, establishment",temples,Chhattisgarh,All Seasons,Kanker,7
माता मावली डोंगरी कोटगांव नीचे,20.2361646,81.2785057,5,"hindu_temple, place_of_worship, point_of_interest, establishment",temples,Chhattisgarh,All Seasons,Kanker,1
Deur Templ,20.4004958,81.58509459999999,3.2,"hindu_temple, place_of_worship, point_of_interest, establishment",temples,Chhattisgarh,All Seasons,Kanker,5
Ancient Ganesh Temple,20.5037859,81.5477909,4.5,"hindu_temple, place_of_worship, point_of_interest, establishment",temples,Chhattisgarh,All Seasons,Kanker,16
shree radhe krishna temple,20.3125883,81.50162329999999,5,"hindu_temple, place_of_worship, point_of_interest, establishment",temples,Chhattisgarh,All Seasons,Kanker,2
Bajrang Bali Temple,20.2502442,81.51376549999999,5,"hindu_temple, place_of_worship, point_of_interest, establishment",temples,Chhattisgarh,All Seasons,Kanker,4
Jagannath Mandir,20.2652039,81.4908456,4.3,"hindu_temple, place_of_worship, point_of_interest, establishment",temples,Chhattisgarh,All Seasons,Kanker,6
Shree mahakal mandir ⛳,20.3706828,81.5342161,5,"hindu_temple, place_of_worship, point_of_interest, establishment",temples,Chhattisgarh,All Seasons,Kanker,1
Jai Telin Satti Mata Mandir,20.1039118,81.5861431,4.4,"hindu_temple, place_of_worship, point_of_interest, establishment",temples,Chhattisgarh,All Seasons,Kanker,143
Shiv Temple,20.5029749,81.4145599,3.7,"hindu_temple, place_of_worship, point_of_interest, establishment",temples,Chhattisgarh,All Seasons,Kanker,3
shiva Temple,20.3008746,81.6022813,3.4,"hindu_temple, place_of_worship, point_of_interest, establishment",temples,Chhattisgarh,All Seasons,Kanker,5
Balaji Temple,20.2652391,81.4908536,5,"hindu_temple, place_of_worship, point_of_interest, establishment",temples,Chhattisgarh,All Seasons,Kanker,1
Shiv Ji Mandir,20.2659161,81.4919525,3.7,"hindu_temple, place_of_worship, point_of_interest, establishment",temples,Chhattisgarh,All Seasons,Kanker,3
Shri Narmadeshwar Mahadev mandir,20.2735174,81.4764218,5,"hindu_temple, place_of_worship, point_of_interest, establishment",temples,Chhattisgarh,All Seasons,Kanker,1
Shree Jhulelal Mandir Kanker,20.2706914,81.49385439999999,5,"hindu_temple, place_of_worship, point_of_interest, establishment",temples,Chhattisgarh,All Seasons,Kanker,4
Durga Mandir Keshkal,20.0873824,81.5920458,4.4,"hindu_temple, place_of_worship, point_of_interest, establishment",temples,Chhattisgarh,All Seasons,Kanker,8
New Shiv mandir udkuda (bhirhapara),20.3612771,81.3946204,5,"hindu_temple, place_of_worship, point_of_interest, establishment",temples,Chhattisgarh,All Seasons,Kanker,1
Hanuman Mandir,20.2652266,81.4914265,4.4,"hindu_temple, place_of_worship, point_of_interest, establishment",temples,Chhattisgarh,All Seasons,Kanker,7
Shiva temple,20.268233,81.4975425,5,"place_of_worship, point_of_interest, establishment",temples,Chhattisgarh,All Seasons,Kanker,1
Shiv Mandir,20.118746,81.7762369,5,"hindu_temple, place_of_worship, point_of_interest, establishment",temples,Chhattisgarh,All Seasons,Kanker,1
Shiv Ji,20.5138084,81.3991901,5,"hindu_temple, place_of_worship, point_of_interest, establishment",temples,Chhattisgarh,All Seasons,Kanker,1
Shiv mandir,20.4711833,81.5537124,3,"hindu_temple, place_of_worship, point_of_interest, establishment",temples,Chhattisgarh,All Seasons,Kanker,2
JESUS TEMPLE,20.4305572,81.2591894,5,"church, place_of_worship, point_of_interest, establishment",temples,Chhattisgarh,All Seasons,Kanker,2
Shiv mandir,20.3749388,81.57383,4,"hindu_temple, place_of_worship, point_of_interest, establishment",temples,Chhattisgarh,All Seasons,Kanker,1
Shiv Mandir,20.2945994,81.48225099999999,4.1,"hindu_temple, place_of_worship, point_of_interest, establishment",temples,Chhattisgarh,All Seasons,Kanker,8
Sitla Mandir,20.0544198,81.6970238,5,"hindu_temple, place_of_worship, point_of_interest, establishment",temples,Chhattisgarh,All Seasons,Kanker,1
Narmadeshwar Mahadev Temple,20.4886747,81.3699187,0,"place_of_worship, point_of_interest, establishment",temples,Chhattisgarh,All Seasons,Kanker,0
शिव मंदिर (Lord Shiva Temple),20.4539162,81.67157619999999,3,"hindu_temple, place_of_worship, point_of_interest, establishment",temples,Chhattisgarh,All Seasons,Kanker,1
Durga Mandir,20.3331539,81.2768504,3.8,"hindu_temple, place_of_worship, point_of_interest, establishment",temples,Chhattisgarh,All Seasons,Kanker,6
हनुमान मंदिर धनोरा,20.2999767,81.73508079999999,2.8,"hindu_temple, place_of_worship, point_of_interest, establishment",temples,Chhattisgarh,All Seasons,Kanker,5
Hanumaan Temple,20.2977738,81.4471509,4,"hindu_temple, place_of_worship, point_of_interest, establishment",temples,Chhattisgarh,All Seasons,Kanker,2
Batkeshwar Mahadev temple,20.3955389,81.4285682,5,"hindu_temple, place_of_worship, point_of_interest, establishment",temples,Chhattisgarh,All Seasons,Kanker,1
Manjhingarh Hill,20.1592752,81.721851,4.2,"tourist_attraction, park, point_of_interest, establishment",hills,Chhattisgarh,Winter,Kanker,50
Gadhiya hill watch Tower,20.2620657,81.4916488,4.3,"tourist_attraction, point_of_interest, establishment",hills,Chhattisgarh,Winter,Kanker,93
Hill Top Kanker,20.2618474,81.49147239999999,4.7,"point_of_interest, establishment",hills,Chhattisgarh,Winter,Kanker,15
Rrz hill,20.277919,81.4800113,5,"park, point_of_interest, establishment",hills,Chhattisgarh,Winter,Kanker,5
HILL MYNA HIGHWAY TREAT,20.3433236,81.4526884,3.9,"restaurant, food, point_of_interest, establishment",hills,Chhattisgarh,Winter,Kanker,135
Dumali hill,20.289848,81.5002774,3,"park, point_of_interest, establishment",hills,Chhattisgarh,Winter,Kanker,2
Manjhingarh Sunrise Point,20.1609961,81.72720609999999,4.1,"tourist_attraction, point_of_interest, establishment",hills,Chhattisgarh,Winter,Kanker,55
Manjhingarh Waterfall,20.1615054,81.7194337,3.8,"tourist_attraction, point_of_interest, establishment",hills,Chhattisgarh,Winter,Kanker,36
Govindpur hill,20.2880728,81.48474279999999,0,"point_of_interest, establishment",hills,Chhattisgarh,Winter,Kanker,0
Manjhingarh hill View point,20.1592305,81.72204719999999,0,"park, point_of_interest, establishment",hills,Chhattisgarh,Winter,Kanker,0
Manjhingarh Sunset Point,20.1630727,81.7188141,4.7,"tourist_attraction, point_of_interest, establishment",hills,Chhattisgarh,Winter,Kanker,6
Junwani Hills,20.5205777,81.3992222,3.8,"tourist_attraction, point_of_interest, establishment",hills,Chhattisgarh,Winter,Kanker,5
Tatamari Van Vihar,20.114,81.5929,4.5,"park, point_of_interest, establishment",hills,Chhattisgarh,Winter,Kanker,6
Tata mari view point,20.116127,81.5908469,4.6,"tourist_attraction, point_of_interest, establishment",hills,Chhattisgarh,Winter,Kanker,10
View Point Gadhiya pahad kanker,20.2618681,81.4915455,4.1,"tourist_attraction, point_of_interest, establishment",hills,Chhattisgarh,Winter,Kanker,7
Keshkal Valley,20.1026866,81.5878382,4.3,"tourist_attraction, point_of_interest, establishment",hills,Chhattisgarh,Winter,Kanker,1903
TATAMARI,20.1157836,81.5908372,4.4,"tourist_attraction, point_of_interest, establishment",hills,Chhattisgarh,Winter,Kanker,1774
Ghumar Waterfall,20.1056959,81.6444559,4.3,"tourist_attraction, point_of_interest, establishment",hills,Chhattisgarh,Winter,Kanker,12
किरकिची लयोर गोटूल (kirkichi layor gotul),20.1615504,81.7193791,0,"place_of_worship, point_of_interest, establishment",hills,Chhattisgarh,Winter,Kanker,0
गढ़माई मांझिनगढ़वाली,20.1579765,81.73677049999999,4.8,"tourist_attraction, point_of_interest, establishment",hills,Chhattisgarh,Winter,Kanker,9
Keshkal Valley View Point,20.1023009,81.58677469999999,4.4,"tourist_attraction, point_of_interest, establishment",hills,Chhattisgarh,Winter,Kanker,127
Herbal Garden Tatamari,20.1137674,81.5931322,3.9,"store, point_of_interest, establishment",hills,Chhattisgarh,Winter,Kanker,15
"Kondagav , keshkal ghati 12 round c. g usr.......",20.1059446,81.5849843,3.9,"tourist_attraction, point_of_interest, establishment",hills,Chhattisgarh,Winter,Kanker,50
gadiya pahad,20.2596186,81.4924269,4.3,"natural_feature, establishment",hills,Chhattisgarh,Winter,Kanker,179
Kuyemari Waterfall,20.1023825,81.4476911,4.2,"tourist_attraction, point_of_interest, establishment",hills,Chhattisgarh,Winter,Kanker,656
Cafe Glass House,20.1156515,81.58959569999999,4.4,"restaurant, food, point_of_interest, establishment",hills,Chhattisgarh,Winter,Kanker,37
Keshkal Valley View Point,20.1023009,81.58677469999999,4.4,"tourist_attraction, point_of_interest, establishment",attraction,Chhattisgarh,All Seasons,Kanker,127
Madamsilli dam,20.541179,81.6649182,4.1,"tourist_attraction, park, point_of_interest, establishment",attraction,Chhattisgarh,All Seasons,Kanker,692
Honhed Waterfall,20.1210418,81.49384200000001,4.4,"tourist_attraction, point_of_interest, establishment",attraction,Chhattisgarh,All Seasons,Kanker,189
Keshkal Valley,20.1026866,81.5878382,4.3,"tourist_attraction, point_of_interest, establishment",attraction,Chhattisgarh,All Seasons,Kanker,1903
Manjhingarh Waterfall,20.1615054,81.7194337,3.8,"tourist_attraction, point_of_interest, establishment",attraction,Chhattisgarh,All Seasons,Kanker,36
Malajkudum Waterfall,20.1577314,81.42213129999999,4.3,"tourist_attraction, point_of_interest, establishment",attraction,Chhattisgarh,All Seasons,Kanker,500
Charre Marre Water Fall,20.1128399,81.2234024,4.2,"tourist_attraction, point_of_interest, establishment",attraction,Chhattisgarh,All Seasons,Kanker,518
"Kondagav , keshkal ghati 12 round c. g usr.......",20.1059446,81.5849843,3.9,"tourist_attraction, point_of_interest, establishment",attraction,Chhattisgarh,All Seasons,Kanker,50
Mutte Khadka Waterfall,20.1010853,81.3964226,4.2,"tourist_attraction, point_of_interest, establishment",attraction,Chhattisgarh,All Seasons,Kanker,37
Kuyemari Waterfall,20.1023825,81.4476911,4.2,"tourist_attraction, point_of_interest, establishment",attraction,Chhattisgarh,All Seasons,Kanker,656
TATAMARI,20.1157836,81.5908372,4.4,"tourist_attraction, point_of_interest, establishment",attraction,Chhattisgarh,All Seasons,Kanker,1774
Killa pahad,20.259707,81.4971144,4.1,"tourist_attraction, point_of_interest, establishment",attraction,Chhattisgarh,All Seasons,Kanker,14
Gadhiya hill watch Tower,20.2620657,81.4916488,4.3,"tourist_attraction, point_of_interest, establishment",attraction,Chhattisgarh,All Seasons,Kanker,93
Zero dam,20.2859082,81.2993116,4,"tourist_attraction, point_of_interest, establishment",attraction,Chhattisgarh,All Seasons,Kanker,8
Manjhingarh Hill,20.1592752,81.721851,4.2,"tourist_attraction, park, point_of_interest, establishment",attraction,Chhattisgarh,All Seasons,Kanker,50
Limdarha Midway,20.1441875,81.5354375,3.9,"tourist_attraction, point_of_interest, establishment",attraction,Chhattisgarh,All Seasons,Kanker,201
Bridge of srangpal,20.3199618,81.53387239999999,0,"tourist_attraction, point_of_interest, establishment",attraction,Chhattisgarh,All Seasons,Kanker,0
Yagya Waterfall,20.1109156,81.6574073,4.7,"tourist_attraction, point_of_interest, establishment",attraction,Chhattisgarh,All Seasons,Kanker,30
Khamdhodangi Jalashay,20.2793663,81.4235234,3.7,"tourist_attraction, point_of_interest, establishment",attraction,Chhattisgarh,All Seasons,Kanker,16
Gadiyapahad sunset view tower,20.2583287,81.4946233,4.8,"tourist_attraction, point_of_interest, establishment",attraction,Chhattisgarh,All Seasons,Kanker,14
Eco Tourism Centre,20.2929741,81.75959240000002,4.3,"tourist_attraction, point_of_interest, establishment",attraction,Chhattisgarh,All Seasons,Kanker,9
Kuyemari turning point,20.0995947,81.5113224,0,"tourist_attraction, point_of_interest, establishment",attraction,Chhattisgarh,All Seasons,Kanker,0
Tata mari view point,20.116127,81.5908469,4.6,"tourist_attraction, point_of_interest, establishment",attraction,Chhattisgarh,All Seasons,Kanker,10
Raja Talaab,20.4831074,81.4946877,5,"tourist_attraction, point_of_interest, establishment",attraction,Chhattisgarh,All Seasons,Kanker,4
MAYANA DAM..,20.4203703,81.28066350000002,4.4,"tourist_attraction, point_of_interest, establishment",attraction,Chhattisgarh,All Seasons,Kanker,25
Junwani Hills,20.5205777,81.3992222,3.8,"tourist_attraction, point_of_interest, establishment",attraction,Chhattisgarh,All Seasons,Kanker,5
Sonpur bandh,20.3374792,81.6084278,2.3,"tourist_attraction, point_of_interest, establishment",attraction,Chhattisgarh,All Seasons,Kanker,3
Ghadi Chowk,20.2777073,81.4912615,3.9,"tourist_attraction, point_of_interest, establishment",attraction,Chhattisgarh,All Seasons,Kanker,189
Singhola Dam,20.5366632,81.2363159,4,"tourist_attraction, point_of_interest, establishment",attraction,Chhattisgarh,All Seasons,Kanker,10
Uparbedi Waterfall,20.0419903,81.4558557,4.3,"tourist_attraction, point_of_interest, establishment",attraction,Chhattisgarh,All Seasons,Kanker,36
View Point Gadhiya pahad kanker,20.2618681,81.4915455,4.1,"tourist_attraction, point_of_interest, establishment",attraction,Chhattisgarh,All Seasons,Kanker,7
Marine Drive Kanker,20.2741142,81.49264219999999,3.7,"tourist_attraction, point_of_interest, establishment",attraction,Chhattisgarh,All Seasons,Kanker,29
पानी टंकी आवासपारा गीतपहर,20.4967402,81.4773294,0,"tourist_attraction, point_of_interest, establishment",attraction,Chhattisgarh,All Seasons,Kanker,0
Kanagaon dhar parum,20.183238,81.3417529,4.8,"tourist_attraction, point_of_interest, establishment",attraction,Chhattisgarh,All Seasons,Kanker,12
Amozone तालाब (amlipara),20.5126088,81.6425271,5,"tourist_attraction, point_of_interest, establishment",attraction,Chhattisgarh,All Seasons,Kanker,1
Mankeshri Dam,20.2463535,81.46440319999999,4.7,"tourist_attraction, point_of_interest, establishment",attraction,Chhattisgarh,All Seasons,Kanker,19
Ajit,20.3144148,81.4649747,0,"tourist_attraction, point_of_interest, establishment",attraction,Chhattisgarh,All Seasons,Kanker,0
"Shahwada ""The Bird Village""",20.3868869,81.48697430000001,4.7,"tourist_attraction, point_of_interest, establishment",attraction,Chhattisgarh,All Seasons,Kanker,13
Ghumar waterfall,20.1010321,81.5406497,4.1,"tourist_attraction, point_of_interest, establishment",attraction,Chhattisgarh,All Seasons,Kanker,13
Dudhawa Dam,20.3012865,81.7544831,4.1,"tourist_attraction, point_of_interest, establishment",attraction,Chhattisgarh,All Seasons,Kanker,43
हाराडुला स्टाप डैम,20.4940319,81.422404,0,"tourist_attraction, point_of_interest, establishment",attraction,Chhattisgarh,All Seasons,Kanker,0
Honey Waterfall Bavnimari,20.0564358,81.5428314,4.8,"tourist_attraction, point_of_interest, establishment",attraction,Chhattisgarh,All Seasons,Kanker,21
Limdarha midway Lake,20.1482483,81.5375494,0,"tourist_attraction, point_of_interest, establishment",attraction,Chhattisgarh,All Seasons,Kanker,0
हाराडुला डैम mk,20.4739018,81.4188667,0,"tourist_attraction, point_of_interest, establishment",attraction,Chhattisgarh,All Seasons,Kanker,0
Cherbeda Waterfall,20.0663357,81.4375795,4.7,"tourist_attraction, point_of_interest, establishment",attraction,Chhattisgarh,All Seasons,Kanker,24
Black top waterfall,20.1263392,81.464134,3,"tourist_attraction, point_of_interest, establishment",attraction,Chhattisgarh,All Seasons,Kanker,4
Mallgoan tophill waterfall,20.2650625,81.43781249999999,3.2,"tourist_attraction, point_of_interest, establishment",attraction,Chhattisgarh,All Seasons,Kanker,5
Kosamaari,20.1935456,81.58766750000001,5,"tourist_attraction, point_of_interest, establishment",attraction,Chhattisgarh,All Seasons,Kanker,2
Mava Keshkal,20.0998233,81.5892513,3.9,"tourist_attraction, point_of_interest, establishment",attraction,Chhattisgarh,All Seasons,Kanker,39
हाराडुला नरहरपुर मार्ग,20.4590631,81.3997543,0,"tourist_attraction, point_of_interest, establishment",attraction,Chhattisgarh,All Seasons,Kanker,0
National Flag - Deewan Talab Kanker,20.2746303,81.491114,5,"tourist_attraction, point_of_interest, establishment",attraction,Chhattisgarh,All Seasons,Kanker,3
Khalechandeli Velly View Point,20.0799288,81.5052405,5,"tourist_attraction, point_of_interest, establishment",attraction,Chhattisgarh,All Seasons,Kanker,7
Ghumar Waterfall,20.1056959,81.6444559,4.3,"tourist_attraction, point_of_interest, establishment",attraction,Chhattisgarh,All Seasons,Kanker,12
Murumtara River pool view,20.5102963,81.56682909999999,1,"tourist_attraction, point_of_interest, establishment",attraction,Chhattisgarh,All Seasons,Kanker,1
Manjhingarh Sunset Point,20.1630727,81.7188141,4.7,"tourist_attraction, point_of_interest, establishment",attraction,Chhattisgarh,All Seasons,Kanker,6
जोगी गुफा point of Tower,20.2571649,81.4987419,4.6,"tourist_attraction, point_of_interest, establishment",attraction,Chhattisgarh,All Seasons,Kanker,7
Gandhigram Eco Village kulgaon,20.1859292,81.50240409999999,3.5,"tourist_attraction, point_of_interest, establishment",attraction,Chhattisgarh,All Seasons,Kanker,8
Keshkal by pass road via murnar - uparvedi - randha - batrali,20.1377189,81.54465259999999,4,"tourist_attraction, point_of_interest, establishment",attraction,Chhattisgarh,All Seasons,Kanker,1
Manjhingarh Sunrise Point,20.1609961,81.72720609999999,4.1,"tourist_attraction, point_of_interest, establishment",attraction,Chhattisgarh,All Seasons,Kanker,55
Lingodarha Waterfall,20.073854,81.519401,4,"tourist_attraction, point_of_interest, establishment",attraction,Chhattisgarh,All Seasons,Kanker,9
Bhag Dungri,19.7338472,81.5423338,4.7,"park, point_of_interest, establishment",parks,Chhattisgarh,Spring,Kondagaon,3
"Park, Sargipal para",19.5898441,81.6587641,3.6,"park, point_of_interest, establishment",parks,Chhattisgarh,Spring,Kondagaon,157
सनातन पार्क,19.6577341,81.6617052,3.8,"park, point_of_interest, establishment",parks,Chhattisgarh,Spring,Kondagaon,10
मावा कोडानार,19.5829991,81.6634201,4.2,"park, point_of_interest, establishment",parks,Chhattisgarh,Spring,Kondagaon,69
OXYGEN PARK DNK,19.5788376,81.68005149999999,4.3,"park, point_of_interest, establishment",parks,Chhattisgarh,Spring,Kondagaon,14
Sciences park,19.8666036,81.63676099999999,4.7,"park, point_of_interest, establishment",parks,Chhattisgarh,Spring,Kondagaon,3
Kondagaon dongariguda Park,19.5980183,81.6842391,4.2,"park, point_of_interest, establishment",parks,Chhattisgarh,Spring,Kondagaon,5
Amravati Forest Range,19.6247967,81.909826,3.8,"park, point_of_interest, establishment",parks,Chhattisgarh,Spring,Kondagaon,861
उलटी हाता बांध,19.4973658,81.64156849999999,4,"park, point_of_interest, establishment",parks,Chhattisgarh,Spring,Kondagaon,1
Temple park,19.8068391,81.5338067,5,"park, point_of_interest, establishment",parks,Chhattisgarh,Spring,Kondagaon,1
Alwad forest,19.6423381,81.574812,5,"park, point_of_interest, establishment",parks,Chhattisgarh,Spring,Kondagaon,1
Our Sargi Nature Park - Kondanar,19.5752778,81.6653077,3.8,"park, point_of_interest, establishment",parks,Chhattisgarh,Spring,Kondagaon,22
Jungle,19.6461875,81.7104375,4,"park, point_of_interest, establishment",parks,Chhattisgarh,Spring,Kondagaon,2
मिनी गार्डन Local Guide प्रेमनाथ बघेल,19.4684234,81.8566602,4,"park, point_of_interest, establishment",parks,Chhattisgarh,Spring,Kondagaon,3
Kosarteda dam resort,19.453494,81.8700317,3.4,"park, point_of_interest, establishment",parks,Chhattisgarh,Spring,Kondagaon,5
Vishnu markam,19.8183305,81.7539571,5,"park, point_of_interest, establishment",parks,Chhattisgarh,Spring,Kondagaon,2
umesh ka fild bor,19.81721,81.7983737,0,"park, point_of_interest, establishment",parks,Chhattisgarh,Spring,Kondagaon,0
मनोज मरकाम भावन,19.7386241,81.8053972,4,"park, point_of_interest, establishment",parks,Chhattisgarh,Spring,Kondagaon,1
Dhongriguda garden,19.5980243,81.68423709999999,0,"park, point_of_interest, establishment",parks,Chhattisgarh,Spring,Kondagaon,0
Tilesh Pandey,19.623459,81.65895599999999,5,"park, point_of_interest, establishment",parks,Chhattisgarh,Spring,Kondagaon,1
JP PARK JANPAD PANCHAYAT MAKDI,19.777261,81.90335859999999,0,"park, point_of_interest, establishment",parks,Chhattisgarh,Spring,Kondagaon,0
प्लाट पारा,19.543413,81.73496999999999,5,"park, point_of_interest, establishment",parks,Chhattisgarh,Spring,Kondagaon,1
KHADAK GHAAT,19.3688904,81.8981706,3.6,"park, point_of_interest, establishment",parks,Chhattisgarh,Spring,Kondagaon,7
Garden,19.5790647,81.665235,3,"park, point_of_interest, establishment",parks,Chhattisgarh,Spring,Kondagaon,1
खड़का बांध,19.6358125,81.7676875,5,"park, point_of_interest, establishment",parks,Chhattisgarh,Spring,Kondagaon,5
Hasel dongri para beautiful nutar,19.3681209,81.4952831,5,"park, point_of_interest, establishment",parks,Chhattisgarh,Spring,Kondagaon,1
जुगानी जलाशय,19.7738451,81.64271769999999,0,"park, point_of_interest, establishment",parks,Chhattisgarh,Spring,Kondagaon,0
Diwan studio,19.543413,81.73496999999999,5,"park, point_of_interest, establishment",parks,Chhattisgarh,Spring,Kondagaon,1
KRISHNA EVENTS FARM HOUSE,19.5995315,81.67989890000001,5,"park, point_of_interest, establishment",parks,Chhattisgarh,Spring,Kondagaon,2
Praveen mandavi,19.42939,81.74797339999999,5,"park, point_of_interest, establishment",parks,Chhattisgarh,Spring,Kondagaon,1
झाटीबन जंगल,19.8651133,81.5372783,5,"park, point_of_interest, establishment",parks,Chhattisgarh,Spring,Kondagaon,3
Barkai Nala Bridge Garden,19.8553137,81.6806077,3.5,"park, point_of_interest, establishment",parks,Chhattisgarh,Spring,Kondagaon,13
Singh's,19.644712,81.8851664,3,"park, point_of_interest, establishment",parks,Chhattisgarh,Spring,Kondagaon,1
Coconut garden,19.6666875,81.55868749999999,3.7,"park, point_of_interest, establishment",parks,Chhattisgarh,Spring,Kondagaon,3
Kondagaon,19.5901091,81.6621428,0,"park, point_of_interest, establishment",parks,Chhattisgarh,Spring,Kondagaon,0
Badalur Dam,19.3762907,81.5743329,0,"park, point_of_interest, establishment",parks,Chhattisgarh,Spring,Kondagaon,0
छेरीबेड़ा नर्सरी चौकीदार मकान,19.6496954,81.47668589999999,5,"park, point_of_interest, establishment",parks,Chhattisgarh,Spring,Kondagaon,1
Chhattisgarh's Biggest Banyan Tree,19.4897867,81.7020533,4,"park, point_of_interest, establishment",parks,Chhattisgarh,Spring,Kondagaon,2
दुरभाषा एग्रीकल्चर पॉइन्ट,19.4823063,81.95101559999999,5,"park, point_of_interest, establishment",parks,Chhattisgarh,Spring,Kondagaon,1
Aromatic KONDANAR,19.5857805,81.6806332,0,"park, point_of_interest, establishment",parks,Chhattisgarh,Spring,Kondagaon,0
Kondagaon Pahdi Park,19.5917153,81.6812099,4.1,"park, point_of_interest, establishment",parks,Chhattisgarh,Spring,Kondagaon,72
डोंगरी पार्क कोंडागाँव,19.5921215,81.6812528,4.1,"park, point_of_interest, establishment",parks,Chhattisgarh,Spring,Kondagaon,58
Bandha Talab Park kondagaon,19.5853751,81.6623643,3.9,"park, point_of_interest, establishment",parks,Chhattisgarh,Spring,Kondagaon,945
Chowk Talab Park,19.5941408,81.6625995,4,"park, point_of_interest, establishment",parks,Chhattisgarh,Spring,Kondagaon,1
Park Vikash Nagar Kondagaon,19.5905731,81.6641252,5,"park, point_of_interest, establishment",parks,Chhattisgarh,Spring,Kondagaon,1
Sargi Garden kondagaon,19.5767675,81.6641235,4.8,"park, point_of_interest, establishment",parks,Chhattisgarh,Spring,Kondagaon,10
शिल्प नगरी (क्राफ्ट सिटी),19.5553265,81.6795946,4.5,"museum, point_of_interest, establishment",museum,Chhattisgarh,Winter,Kondagaon,29
Sanskriti Bastar ( Bastar Arts and Crafts ),19.6107941,81.6699433,4,"art_gallery, museum, store, point_of_interest, establishment",museum,Chhattisgarh,Winter,Kondagaon,24
Kukad garkapal,19.595393,81.664585,0,"museum, point_of_interest, establishment",museum,Chhattisgarh,Winter,Kondagaon,0
Dnk colony kondagaon,19.595393,81.664585,3,"museum, point_of_interest, establishment",museum,Chhattisgarh,Winter,Kondagaon,1
Kosartenda Dam,19.5173513,81.8832312,3.8,"tourist_attraction, point_of_interest, establishment",waterfalls,Chhattisgarh,Monsoon,Kondagaon,221
Khadak Ghat Kondagaon,19.591113,81.6320758,3.9,"tourist_attraction, point_of_interest, establishment",waterfalls,Chhattisgarh,Monsoon,Kondagaon,73
"Jatayu Sheela, Korrabadgaon",19.836202,81.634925,4.1,"tourist_attraction, point_of_interest, establishment",waterfalls,Chhattisgarh,Monsoon,Kondagaon,51
Amravati Forest Range,19.6247967,81.909826,3.8,"park, point_of_interest, establishment",waterfalls,Chhattisgarh,Monsoon,Kondagaon,861
Our Sargi Nature Park - Kondanar,19.5752778,81.6653077,3.8,"park, point_of_interest, establishment",waterfalls,Chhattisgarh,Monsoon,Kondagaon,22
KHADAK GHAAT,19.3688904,81.8981706,3.6,"park, point_of_interest, establishment",beaches,Chhattisgarh,Summer,Kondagaon,7
Janki netam,19.5907426,81.55415789999999,0,"zoo, point_of_interest, establishment",zoo,Chhattisgarh,Winter,Kondagaon,0
Gayatri Temple Pawda,19.7717886,81.44887899999999,4.3,"hindu_temple, place_of_worship, point_of_interest, establishment",temples,Chhattisgarh,All Seasons,Kondagaon,4
Jhatiban Lingeshwari Mata Mandir,19.8465625,81.5502656,4.1,"hindu_temple, place_of_worship, point_of_interest, establishment",temples,Chhattisgarh,All Seasons,Kondagaon,56
Kali Mata Mandir,19.5898011,81.6715538,4.3,"hindu_temple, place_of_worship, point_of_interest, establishment",temples,Chhattisgarh,All Seasons,Kondagaon,8
Durga Temple,19.5014139,81.6972128,4.5,"hindu_temple, place_of_worship, point_of_interest, establishment",temples,Chhattisgarh,All Seasons,Kondagaon,31
Temple,19.8161394,81.53320570000001,0,"hindu_temple, place_of_worship, point_of_interest, establishment",temples,Chhattisgarh,All Seasons,Kondagaon,0
Iskcon temple Boargaon,19.8133414,81.6409427,5,"hindu_temple, place_of_worship, point_of_interest, establishment",temples,Chhattisgarh,All Seasons,Kondagaon,1
দুর্গা মন্দির,19.5707619,81.6696923,3.7,"hindu_temple, place_of_worship, point_of_interest, establishment",temples,Chhattisgarh,All Seasons,Kondagaon,10
शिव मन्दिर,19.5869624,81.6554888,4.6,"hindu_temple, place_of_worship, point_of_interest, establishment",temples,Chhattisgarh,All Seasons,Kondagaon,10
Shiva Temple,19.3775673,81.5472143,4.3,"hindu_temple, place_of_worship, point_of_interest, establishment",temples,Chhattisgarh,All Seasons,Kondagaon,4
Hanuman Mandir,19.8665134,81.63502489999999,5,"hindu_temple, place_of_worship, point_of_interest, establishment",temples,Chhattisgarh,All Seasons,Kondagaon,1
S,19.6361145,81.4415877,0,"hindu_temple, place_of_worship, point_of_interest, establishment",temples,Chhattisgarh,All Seasons,Kondagaon,0
Gayatri mandir And School,19.7257148,81.6497097,4.4,"hindu_temple, place_of_worship, point_of_interest, establishment",temples,Chhattisgarh,All Seasons,Kondagaon,12
Krishna Temple,19.5981974,81.6702852,0,"hindu_temple, place_of_worship, point_of_interest, establishment",temples,Chhattisgarh,All Seasons,Kondagaon,0
Shri Shri Hinglaaj shaktipeeth Kamela,19.5021241,81.8412942,5,"hindu_temple, place_of_worship, point_of_interest, establishment",temples,Chhattisgarh,All Seasons,Kondagaon,3
मंदिर,19.5647097,81.69538,4.5,"hindu_temple, place_of_worship, point_of_interest, establishment",temples,Chhattisgarh,All Seasons,Kondagaon,4
माता पेंड्रावंडीन मन्दिर,19.818481,81.8123542,5,"hindu_temple, place_of_worship, point_of_interest, establishment",temples,Chhattisgarh,All Seasons,Kondagaon,1
Bhrahmhaji Devsthal,19.4793529,81.6034924,5,"hindu_temple, place_of_worship, point_of_interest, establishment",temples,Chhattisgarh,All Seasons,Kondagaon,1
Mahadev temple badedongar,19.8017626,81.5189463,5,"hindu_temple, place_of_worship, point_of_interest, establishment",temples,Chhattisgarh,All Seasons,Kondagaon,2
Shree Radha Krishna Mandir,19.7827694,81.8928529,4.2,"hindu_temple, place_of_worship, point_of_interest, establishment",temples,Chhattisgarh,All Seasons,Kondagaon,5
Narsingh Mandhir,19.3592608,81.8469887,0,"hindu_temple, place_of_worship, point_of_interest, establishment",temples,Chhattisgarh,All Seasons,Kondagaon,0
Sambalpur Kopabeda Shiv Mandir,19.5723197,81.64296039999999,4.7,"hindu_temple, place_of_worship, point_of_interest, establishment",temples,Chhattisgarh,All Seasons,Kondagaon,43
Palari mandir,19.6092713,81.68058529999999,4.3,"hindu_temple, place_of_worship, point_of_interest, establishment",temples,Chhattisgarh,All Seasons,Kondagaon,19
शिव मंदिर,19.8449653,81.7546491,5,"hindu_temple, place_of_worship, point_of_interest, establishment",temples,Chhattisgarh,All Seasons,Kondagaon,4
OM ma sidheswari chandi devi mandir kondagaon,19.6078499,81.6701215,5,"hindu_temple, place_of_worship, point_of_interest, establishment",temples,Chhattisgarh,All Seasons,Kondagaon,3
Shiv Mandir,19.8676709,81.6353549,4.6,"hindu_temple, place_of_worship, point_of_interest, establishment",temples,Chhattisgarh,All Seasons,Kondagaon,5
Budhadev Temple,19.8076036,81.5327301,4.8,"hindu_temple, place_of_worship, point_of_interest, establishment",temples,Chhattisgarh,All Seasons,Kondagaon,6
Shiv Mandir,19.7291263,81.640151,4.5,"hindu_temple, place_of_worship, point_of_interest, establishment",temples,Chhattisgarh,All Seasons,Kondagaon,4
Shiv Mandir Hill Kondagaon,19.592088,81.68127439999999,4.3,"hindu_temple, place_of_worship, point_of_interest, establishment",temples,Chhattisgarh,All Seasons,Kondagaon,10
Shiv mandir,19.5002487,81.63997499999999,5,"hindu_temple, place_of_worship, point_of_interest, establishment",temples,Chhattisgarh,All Seasons,Kondagaon,2
Shiva temple,19.7717382,81.90802520000001,4.5,"hindu_temple, place_of_worship, point_of_interest, establishment",temples,Chhattisgarh,All Seasons,Kondagaon,2
Shiv Mandir,19.6475985,81.56000929999999,3.8,"hindu_temple, place_of_worship, point_of_interest, establishment",temples,Chhattisgarh,All Seasons,Kondagaon,10
Naina Devi Temple Hill Kondagaon,19.5924367,81.681078,4.7,"hindu_temple, place_of_worship, point_of_interest, establishment",temples,Chhattisgarh,All Seasons,Kondagaon,14
SARGIPAL SHIV MANDIR,19.5926529,81.6582048,3.9,"hindu_temple, place_of_worship, point_of_interest, establishment",temples,Chhattisgarh,All Seasons,Kondagaon,18
Vishnu Temple,19.8077089,81.5330389,4.3,"hindu_temple, place_of_worship, point_of_interest, establishment",temples,Chhattisgarh,All Seasons,Kondagaon,4
Shiv Mandir Garh ( Bamhani),19.5388356,81.6235414,5,"hindu_temple, place_of_worship, point_of_interest, establishment",temples,Chhattisgarh,All Seasons,Kondagaon,2
Godiyari Mandir,19.3874202,81.9017307,4.4,"hindu_temple, place_of_worship, point_of_interest, establishment",temples,Chhattisgarh,All Seasons,Kondagaon,5
🏰HANUMAN MANDIR🏰,19.4421115,81.75493569999999,3.4,"hindu_temple, place_of_worship, point_of_interest, establishment",temples,Chhattisgarh,All Seasons,Kondagaon,10
Shiv Mandir,19.8140606,81.6422083,5,"hindu_temple, place_of_worship, point_of_interest, establishment",temples,Chhattisgarh,All Seasons,Kondagaon,1
KALI MATA MANDIR,19.6058411,81.6685552,3.9,"hindu_temple, place_of_worship, point_of_interest, establishment",temples,Chhattisgarh,All Seasons,Kondagaon,17
Shiv mandir,19.5370543,81.81060579999999,5,"hindu_temple, place_of_worship, point_of_interest, establishment",temples,Chhattisgarh,All Seasons,Kondagaon,3
"महाकाली मंदिर, फरसगांव",19.8622371,81.64028979999999,4.5,"hindu_temple, place_of_worship, point_of_interest, establishment",temples,Chhattisgarh,All Seasons,Kondagaon,10
Ganesh Mandali salemeta 01 Dengapara,19.4512462,81.8723826,5,"hindu_temple, place_of_worship, point_of_interest, establishment",temples,Chhattisgarh,All Seasons,Kondagaon,1
माता मंदिर 🙏 पुसावड़,19.4429575,81.72924859999999,5,"hindu_temple, place_of_worship, point_of_interest, establishment",temples,Chhattisgarh,All Seasons,Kondagaon,1
Shiv Temple On NH 30,19.5856338,81.6618447,3.2,"hindu_temple, place_of_worship, point_of_interest, establishment",temples,Chhattisgarh,All Seasons,Kondagaon,5
लंगुर माता मंदिर TURREBEDA,19.484616,81.9290056,5,"hindu_temple, place_of_worship, point_of_interest, establishment",temples,Chhattisgarh,All Seasons,Kondagaon,2
Bauddh Chaitya Grih,19.8302617,81.3962966,4,"place_of_worship, point_of_interest, establishment",temples,Chhattisgarh,All Seasons,Kondagaon,12
मावली माता मंदिर,19.72257,81.8471689,5,"hindu_temple, place_of_worship, point_of_interest, establishment",temples,Chhattisgarh,All Seasons,Kondagaon,1
Bade dongar temple,19.8072059,81.53490339999999,4,"hindu_temple, place_of_worship, point_of_interest, establishment",temples,Chhattisgarh,All Seasons,Kondagaon,20
Gondwana Bhawan (MARDAPAL),19.3622871,81.5459331,5,"hindu_temple, place_of_worship, point_of_interest, establishment",temples,Chhattisgarh,All Seasons,Kondagaon,1
Shiv temple kumharpara,19.623576,81.6553826,5,"hindu_temple, place_of_worship, point_of_interest, establishment",temples,Chhattisgarh,All Seasons,Kondagaon,2
Dev kot farest,19.5990489,81.80403559999999,5,"hindu_temple, place_of_worship, point_of_interest, establishment",temples,Chhattisgarh,All Seasons,Kondagaon,1
narangi shiv mandir,19.6231527,81.66639599999999,3.5,"hindu_temple, place_of_worship, point_of_interest, establishment",temples,Chhattisgarh,All Seasons,Kondagaon,17
Gyaneshwar Mahadev Shiva Temple,19.5996992,81.8169818,5,"hindu_temple, place_of_worship, point_of_interest, establishment",temples,Chhattisgarh,All Seasons,Kondagaon,1
ग्राम देवी बंजारीन माता मंदिर,19.5898027,81.6472498,5,"hindu_temple, place_of_worship, point_of_interest, establishment",temples,Chhattisgarh,All Seasons,Kondagaon,1
Bastar Art Temple Designer,19.6269101,81.6586315,5,"hindu_temple, place_of_worship, point_of_interest, establishment",temples,Chhattisgarh,All Seasons,Kondagaon,1
"Santoshi Mata Mandir, Kondagaon",19.5941684,81.6648165,4.2,"hindu_temple, place_of_worship, point_of_interest, establishment",temples,Chhattisgarh,All Seasons,Kondagaon,5
Bada dev mander,19.8581411,81.6369605,3.6,"hindu_temple, place_of_worship, point_of_interest, establishment",temples,Chhattisgarh,All Seasons,Kondagaon,5
Bhudadev Gondwana Temple,19.7282808,81.6875362,5,"place_of_worship, point_of_interest, establishment",temples,Chhattisgarh,All Seasons,Kondagaon,2
Itamatta Hill,19.6676994,81.4344279,0,"park, point_of_interest, establishment",hills,Chhattisgarh,Winter,Kondagaon,0
Guppa Dongri Hill Tukni basket top hill,19.6478096,81.5043081,0,"park, point_of_interest, establishment",hills,Chhattisgarh,Winter,Kondagaon,0
Makdi hill view point,19.7872127,81.89528600000001,5,"tourist_attraction, point_of_interest, establishment",hills,Chhattisgarh,Winter,Kondagaon,4
Durka Dongri Hill,19.6712928,81.42613180000001,1,"park, point_of_interest, establishment",hills,Chhattisgarh,Winter,Kondagaon,1
Gobar Dongri Hill Panigaon,19.6558217,81.40521489999999,0,"park, point_of_interest, establishment",hills,Chhattisgarh,Winter,Kondagaon,0
Naina Devi Temple Hill Kondagaon,19.5924367,81.681078,4.7,"hindu_temple, place_of_worship, point_of_interest, establishment",hills,Chhattisgarh,Winter,Kondagaon,14
Tukil Dongri Ondardongri Hill Chaudang,19.6353077,81.5087096,0,"park, point_of_interest, establishment",hills,Chhattisgarh,Winter,Kondagaon,0
Shiv Mandir Hill Kondagaon,19.592088,81.68127439999999,4.3,"hindu_temple, place_of_worship, point_of_interest, establishment",hills,Chhattisgarh,Winter,Kondagaon,10
Hill Budhha Mandir,19.5921363,81.68111259999999,0,"place_of_worship, point_of_interest, establishment",hills,Chhattisgarh,Winter,Kondagaon,0
Jaharkanda Matta Hill,19.6587309,81.4432145,0,"place_of_worship, point_of_interest, establishment",hills,Chhattisgarh,Winter,Kondagaon,0
Koykidongri Hill कोयकीडोंगरी पहाड़ी,19.6472665,81.41678999999999,0,"park, point_of_interest, establishment",hills,Chhattisgarh,Winter,Kondagaon,0
Makdi hill view point,19.7872127,81.89528600000001,5,"tourist_attraction, point_of_interest, establishment",attraction,Chhattisgarh,All Seasons,Kondagaon,4
Kosartenda Dam,19.5173513,81.8832312,3.8,"tourist_attraction, point_of_interest, establishment",attraction,Chhattisgarh,All Seasons,Kondagaon,221
Natural spot Benoor,19.6494375,81.4165625,3,"tourist_attraction, point_of_interest, establishment",attraction,Chhattisgarh,All Seasons,Kondagaon,4
"Jatayu Sheela, Korrabadgaon",19.836202,81.634925,4.1,"tourist_attraction, point_of_interest, establishment",attraction,Chhattisgarh,All Seasons,Kondagaon,51
Khadak Ghat Kondagaon,19.591113,81.6320758,3.9,"tourist_attraction, point_of_interest, establishment",attraction,Chhattisgarh,All Seasons,Kondagaon,73
Sondhur Dam,19.8666739,81.84381979999999,4,"tourist_attraction, point_of_interest, establishment",attraction,Chhattisgarh,All Seasons,Kondagaon,199
कावरा चौक,19.7195613,81.85879729999999,0,"tourist_attraction, point_of_interest, establishment",attraction,Chhattisgarh,All Seasons,Kondagaon,0
बड़ेडोंगर जलाशय,19.8025966,81.55272099999999,5,"tourist_attraction, point_of_interest, establishment",attraction,Chhattisgarh,All Seasons,Kondagaon,1
Long & highest Bridge,19.3736295,81.9017897,5,"tourist_attraction, point_of_interest, establishment",attraction,Chhattisgarh,All Seasons,Kondagaon,5
Pawda pharasgaon kondagaon,19.7727501,81.44896949999999,4.6,"tourist_attraction, point_of_interest, establishment",attraction,Chhattisgarh,All Seasons,Kondagaon,15
Farsaguda Chaok,19.3480904,81.81794289999999,3.5,"tourist_attraction, point_of_interest, establishment",attraction,Chhattisgarh,All Seasons,Kondagaon,4
Charkai stop dam,19.7825186,81.6954631,3.5,"tourist_attraction, point_of_interest, establishment",attraction,Chhattisgarh,All Seasons,Kondagaon,4
"Maa Danteshwari Herbal Farm, Chikalputi, Kondagaon",19.5590287,81.67293819999999,4.8,"tourist_attraction, point_of_interest, establishment",attraction,Chhattisgarh,All Seasons,Kondagaon,19
Tatamari,19.595393,81.664585,0,"tourist_attraction, point_of_interest, establishment",attraction,Chhattisgarh,All Seasons,Kondagaon,0
जीरंगखड़का झरना,19.6830128,81.4191433,5,"tourist_attraction, point_of_interest, establishment",attraction,Chhattisgarh,All Seasons,Kondagaon,1
Dj Dance competition jugaani kalaar,19.7560481,81.6484179,5,"tourist_attraction, point_of_interest, establishment",attraction,Chhattisgarh,All Seasons,Kondagaon,1
OXYGEN PARK DNK,19.5788376,81.68005149999999,4.3,"park, point_of_interest, establishment",attraction,Chhattisgarh,All Seasons,Kondagaon,14
Nehru Nagar Ground (Park),22.3631938,82.7133664,4,"park, point_of_interest, establishment",parks,Chhattisgarh,Spring,Korba,72
Pragati Nagar Park,22.3473287,82.5339482,3.7,"park, point_of_interest, establishment",parks,Chhattisgarh,Spring,Korba,171
"Triangular Park, Urjanagar",22.348063,82.55298599999999,3.8,"park, point_of_interest, establishment",parks,Chhattisgarh,Spring,Korba,111
CHILDREN PARK,22.4073565,82.76119729999999,4.3,"park, point_of_interest, establishment",parks,Chhattisgarh,Spring,Korba,15
Garden Sec-4,22.4083024,82.77095179999999,3.7,"park, point_of_interest, establishment",parks,Chhattisgarh,Spring,Korba,203
Sarvmangla Park,22.3424545,82.68559619999999,3.7,"park, point_of_interest, establishment",parks,Chhattisgarh,Spring,Korba,156
Kohadiya Garden KP,22.3959516,82.7137953,4.2,"park, point_of_interest, establishment",parks,Chhattisgarh,Spring,Korba,77
Nehru Park,22.4071746,82.75713209999999,3.9,"park, point_of_interest, establishment",parks,Chhattisgarh,Spring,Korba,171
Gandhi Udyan,22.3515556,82.5510335,3.5,"park, point_of_interest, establishment",parks,Chhattisgarh,Spring,Korba,72
Kalyan Garden,22.3582824,82.5762302,3.5,"park, point_of_interest, establishment",parks,Chhattisgarh,Spring,Korba,17
Mini park sonaliya,22.3492193,82.7025203,4.1,"park, point_of_interest, establishment",parks,Chhattisgarh,Spring,Korba,9
Balco Bhadrapara Garden,22.3950256,82.7546021,4,"park, point_of_interest, establishment",parks,Chhattisgarh,Spring,Korba,38
R P Nagar Park,22.3616441,82.7313054,4,"park, point_of_interest, establishment",parks,Chhattisgarh,Spring,Korba,2
Government Park (Koshabadi),22.1687084,82.4561044,3.7,"park, point_of_interest, establishment",parks,Chhattisgarh,Spring,Korba,6
"Children Park,ghantaghar",22.3609247,82.71745179999999,3,"park, point_of_interest, establishment",parks,Chhattisgarh,Spring,Korba,10
Dashak Prateek Park,22.4230693,82.6614972,3.8,"park, point_of_interest, establishment",parks,Chhattisgarh,Spring,Korba,77
Hotel Green Park,22.4172627,82.6652715,3.5,"bar, park, restaurant, lodging, food, point_of_interest, establishment",parks,Chhattisgarh,Spring,Korba,595
New colony Park,22.463543,82.5595599,4.2,"park, point_of_interest, establishment",parks,Chhattisgarh,Spring,Korba,5
Garden Baloda,22.1306206,82.4941391,4.1,"park, point_of_interest, establishment",parks,Chhattisgarh,Spring,Korba,72
Acupressure Park Balco,22.4018272,82.7613887,3.8,"park, point_of_interest, establishment",parks,Chhattisgarh,Spring,Korba,72
Smriti Park Niharika Korba,22.3607623,82.72145830000001,3.8,"park, point_of_interest, establishment",parks,Chhattisgarh,Spring,Korba,206
"M P Nagar Garden, Korba",22.3579729,82.7220786,3.9,"park, point_of_interest, establishment",parks,Chhattisgarh,Spring,Korba,389
Eco Park Gevra,22.3533302,82.5783458,5,"park, point_of_interest, establishment",parks,Chhattisgarh,Spring,Korba,1
Maa Sharda Park,22.3434676,82.6359717,4.3,"park, point_of_interest, establishment",parks,Chhattisgarh,Spring,Korba,6
S.E.C.L,22.3405198,82.6159772,3.7,"museum, point_of_interest, establishment",museum,Chhattisgarh,Winter,Korba,29
SHIV MANDIR,22.084122,82.595629,5,"museum, point_of_interest, establishment",museum,Chhattisgarh,Winter,Korba,1
Nirvana Studios,22.4043141,82.6082649,0,"museum, point_of_interest, establishment",museum,Chhattisgarh,Winter,Korba,0
ROHIT LAL PATEL BOR BARI,22.1964972,82.93097209999999,4,"museum, point_of_interest, establishment",museum,Chhattisgarh,Winter,Korba,5
Guru Gadhi Dham Patadi,22.259066,82.7298234,3.2,"museum, point_of_interest, establishment",museum,Chhattisgarh,Winter,Korba,14
Kartik,22.5621166,82.7067751,0,"museum, point_of_interest, establishment",museum,Chhattisgarh,Winter,Korba,0
Deepak kumar,22.1003105,82.8586778,0,"museum, point_of_interest, establishment",museum,Chhattisgarh,Winter,Korba,0
Dj RBS & Tent House,22.1750427,82.91581149999999,4,"museum, point_of_interest, establishment",museum,Chhattisgarh,Winter,Korba,1
Comprehensive Building,22.3928752,82.73646269999999,4,"point_of_interest, establishment",museum,Chhattisgarh,Winter,Korba,133
District Musium,22.3605654,82.72298599999999,3,"museum, point_of_interest, establishment",museum,Chhattisgarh,Winter,Korba,1
Satgava,22.1530534,82.58040059999999,3.4,"museum, point_of_interest, establishment",museum,Chhattisgarh,Winter,Korba,17
Riyalty mohlla (boss area),22.332517,82.7105248,5,"museum, point_of_interest, establishment",museum,Chhattisgarh,Winter,Korba,1
Bandhapali talab,22.2331089,82.9183355,0,"museum, point_of_interest, establishment",museum,Chhattisgarh,Winter,Korba,0
Panari Waterfall & Picnic spot,22.1127983,82.9371871,4.1,"tourist_attraction, point_of_interest, establishment",waterfalls,Chhattisgarh,Monsoon,Korba,116
Nagarda Waterfall,22.1236244,82.8155127,4.2,"tourist_attraction, point_of_interest, establishment",waterfalls,Chhattisgarh,Monsoon,Korba,545
Damau Dhara Water Fall,22.1360363,82.861931,4.2,"tourist_attraction, point_of_interest, establishment",waterfalls,Chhattisgarh,Monsoon,Korba,790
Gudhwa Waterfall,22.1237688,82.8159083,4,"tourist_attraction, point_of_interest, establishment",waterfalls,Chhattisgarh,Monsoon,Korba,57
Jhorjhora waterfall,22.1244832,82.8156039,4.1,"tourist_attraction, point_of_interest, establishment",waterfalls,Chhattisgarh,Monsoon,Korba,21
Rainkhol waterfall,22.162492,82.88202849999999,3.9,"tourist_attraction, point_of_interest, establishment",waterfalls,Chhattisgarh,Monsoon,Korba,40
"Deo Dhara Waterfalls, Near Sangurha",22.1164303,82.77843589999999,4,"tourist_attraction, point_of_interest, establishment",waterfalls,Chhattisgarh,Monsoon,Korba,29
Rani Jharna Waterfall,22.527101,82.74032369999999,4.2,"tourist_attraction, point_of_interest, establishment",waterfalls,Chhattisgarh,Monsoon,Korba,289
Songurha Waterfall sakti C.G.,22.1164356,82.7784355,4.4,"tourist_attraction, point_of_interest, establishment",waterfalls,Chhattisgarh,Monsoon,Korba,135
Judga waterfall,22.0977855,82.9576527,3.6,"park, point_of_interest, establishment",waterfalls,Chhattisgarh,Monsoon,Korba,10
The Big waterfall,22.5252607,82.7425684,5,"park, point_of_interest, establishment",waterfalls,Chhattisgarh,Monsoon,Korba,3
Devdarha Waterfall (Songuda),22.1155224,82.778868,4.7,"park, point_of_interest, establishment",waterfalls,Chhattisgarh,Monsoon,Korba,3
Tiny waterfall,22.4725351,82.8311916,5,"tourist_attraction, point_of_interest, establishment",waterfalls,Chhattisgarh,Monsoon,Korba,1
Budhadev waterfall,22.1403149,82.8627508,4.3,"tourist_attraction, point_of_interest, establishment",waterfalls,Chhattisgarh,Monsoon,Korba,3
Kuldeep Dahariya Waterfall korba,22.5364592,82.4418331,4.3,"tourist_attraction, point_of_interest, establishment",waterfalls,Chhattisgarh,Monsoon,Korba,6
Gahaniya Dam,22.4646628,82.8361674,4.2,"tourist_attraction, point_of_interest, establishment",waterfalls,Chhattisgarh,Monsoon,Korba,12
Rani jharna view,22.5261629,82.7403844,4,"tourist_attraction, point_of_interest, establishment",waterfalls,Chhattisgarh,Monsoon,Korba,28
Rani jharana,22.5259375,82.7306875,4.4,"tourist_attraction, point_of_interest, establishment",waterfalls,Chhattisgarh,Monsoon,Korba,33
Mini jharna korba KP,22.3293578,82.7111895,3.9,"tourist_attraction, point_of_interest, establishment",waterfalls,Chhattisgarh,Monsoon,Korba,30
Stop dam on hasdeo river,22.3666441,82.69546609999999,4.1,"tourist_attraction, point_of_interest, establishment",waterfalls,Chhattisgarh,Monsoon,Korba,8
RAJA DAHARA WATER FALL,22.1560257,82.87886759999999,4,"tourist_attraction, point_of_interest, establishment",waterfalls,Chhattisgarh,Monsoon,Korba,2
Upkachunwa deori डैम,22.1184067,82.9025759,4.4,"tourist_attraction, point_of_interest, establishment",waterfalls,Chhattisgarh,Monsoon,Korba,21
Korba river view (piching),22.4132877,82.6996727,3.8,"tourist_attraction, point_of_interest, establishment",waterfalls,Chhattisgarh,Monsoon,Korba,6
View Point Rainkhol,22.1441719,82.8616346,4.4,"landmark, tourist_attraction, point_of_interest, establishment",waterfalls,Chhattisgarh,Monsoon,Korba,119
Kailash waterfall,22.0975631,82.9575236,0,"park, point_of_interest, establishment",waterfalls,Chhattisgarh,Monsoon,Korba,0
Kehranala Bandh,22.1526011,82.7679488,4.8,"tourist_attraction, point_of_interest, establishment",waterfalls,Chhattisgarh,Monsoon,Korba,8
Khetar Picnic Spot,22.4797249,82.8330964,4.3,"tourist_attraction, point_of_interest, establishment",waterfalls,Chhattisgarh,Monsoon,Korba,189
"Shiv temple, near gudhwa waterfall",22.1237303,82.81568709999999,5,"hindu_temple, place_of_worship, point_of_interest, establishment",waterfalls,Chhattisgarh,Monsoon,Korba,1
झोंकारानी जलप्रपात,22.5571897,82.4981045,4,"tourist_attraction, point_of_interest, establishment",waterfalls,Chhattisgarh,Monsoon,Korba,40
Bango Dam View Point,22.6049088,82.59813849999999,4.3,"tourist_attraction, point_of_interest, establishment",waterfalls,Chhattisgarh,Monsoon,Korba,70
Rain valley,22.1630487,82.8856283,5,"tourist_attraction, point_of_interest, establishment",waterfalls,Chhattisgarh,Monsoon,Korba,5
Satrenga reservoirs,22.5875928,82.6888438,5,"park, point_of_interest, establishment",waterfalls,Chhattisgarh,Monsoon,Korba,1
Triphala Garden,22.3697743,82.7457021,3.5,"park, point_of_interest, establishment",waterfalls,Chhattisgarh,Monsoon,Korba,39
Satrenga Dam,22.5875928,82.6888438,4.1,"tourist_attraction, point_of_interest, establishment",waterfalls,Chhattisgarh,Monsoon,Korba,74
Rani Jharna parking,22.532303,82.722126,4.5,"park, point_of_interest, establishment",waterfalls,Chhattisgarh,Monsoon,Korba,2
Samru's Beach,22.5993371,82.6513495,5,"tourist_attraction, point_of_interest, establishment",beaches,Chhattisgarh,Summer,Korba,1
Doraemon,22.393063,82.665306,3.3,"zoo, point_of_interest, establishment",zoo,Chhattisgarh,Winter,Korba,3
Lemru Elephant Reserve,22.5463669,82.83224299999999,4.5,"zoo, park, point_of_interest, establishment",zoo,Chhattisgarh,Winter,Korba,21
Radha-Krishna Temple,22.364176,82.7224988,4.6,"hindu_temple, place_of_worship, point_of_interest, establishment",temples,Chhattisgarh,All Seasons,Korba,18
Shree Balaji Mandir,22.3595906,82.71168600000001,4.6,"hindu_temple, place_of_worship, point_of_interest, establishment",temples,Chhattisgarh,All Seasons,Korba,14
"Sri Ram Temple , Sri Krishna Temple",22.4261296,82.6756695,4,"hindu_temple, place_of_worship, point_of_interest, establishment",temples,Chhattisgarh,All Seasons,Korba,8
Shri Hanuman Temple,22.3456924,82.72466899999999,4.3,"hindu_temple, place_of_worship, point_of_interest, establishment",temples,Chhattisgarh,All Seasons,Korba,4
Gaurasahun Dai Temple,22.2397587,82.7588356,4.7,"hindu_temple, place_of_worship, point_of_interest, establishment",temples,Chhattisgarh,All Seasons,Korba,10
Shri Bhau Shiva Temple,22.4116153,82.6090291,5,"hindu_temple, place_of_worship, point_of_interest, establishment",temples,Chhattisgarh,All Seasons,Korba,1
Shiv mandir,22.3679362,82.70106229999999,5,"hindu_temple, place_of_worship, point_of_interest, establishment",temples,Chhattisgarh,All Seasons,Korba,1
Bango Dai Temple,22.5963563,82.58045779999999,4.5,"hindu_temple, place_of_worship, point_of_interest, establishment",temples,Chhattisgarh,All Seasons,Korba,16
Shree Ram Darbar Korba KP,22.3582833,82.70008080000001,4.8,"hindu_temple, place_of_worship, point_of_interest, establishment",temples,Chhattisgarh,All Seasons,Korba,83
"Shiv Temple, Futhamuda",22.2373164,82.428825,4.1,"hindu_temple, place_of_worship, point_of_interest, establishment",temples,Chhattisgarh,All Seasons,Korba,14
Kanaki shiv mandir,22.2295086,82.6607301,4.4,"hindu_temple, place_of_worship, point_of_interest, establishment",temples,Chhattisgarh,All Seasons,Korba,99
SATCHANDI TEMPLE,22.4041347,82.60638139999999,3.7,"hindu_temple, place_of_worship, point_of_interest, establishment",temples,Chhattisgarh,All Seasons,Korba,6
Hanuman Temple,22.406407,82.7479991,4.4,"hindu_temple, place_of_worship, point_of_interest, establishment",temples,Chhattisgarh,All Seasons,Korba,8
Gayatri Temple,22.3651985,82.73131839999999,4.3,"hindu_temple, place_of_worship, point_of_interest, establishment",temples,Chhattisgarh,All Seasons,Korba,60
Muda Dai Mandir,22.3522524,82.7065046,4.3,"hindu_temple, place_of_worship, point_of_interest, establishment",temples,Chhattisgarh,All Seasons,Korba,3
Shiv Temple,22.3932387,82.70202220000002,4.4,"hindu_temple, place_of_worship, point_of_interest, establishment",temples,Chhattisgarh,All Seasons,Korba,14
Shri Ram Janki and Shiv Temple Hardibazar,22.293809,82.5368245,5,"hindu_temple, place_of_worship, point_of_interest, establishment",temples,Chhattisgarh,All Seasons,Korba,2
Shiv Mandir,22.3500056,82.71594309999999,4.3,"hindu_temple, place_of_worship, point_of_interest, establishment",temples,Chhattisgarh,All Seasons,Korba,54
Ayyappa Swami Temple,22.4132802,82.7691402,4.8,"hindu_temple, place_of_worship, point_of_interest, establishment",temples,Chhattisgarh,All Seasons,Korba,10
Shri Shyam Mandir,22.3487801,82.6951292,4.4,"hindu_temple, place_of_worship, point_of_interest, establishment",temples,Chhattisgarh,All Seasons,Korba,63
Shiv Temple,22.4301212,82.6711651,3.9,"hindu_temple, place_of_worship, point_of_interest, establishment",temples,Chhattisgarh,All Seasons,Korba,11
Temple,22.4131852,82.6422595,4,"hindu_temple, place_of_worship, point_of_interest, establishment",temples,Chhattisgarh,All Seasons,Korba,4
SATCHANDI TEMPLE,22.4034132,82.60753199999999,4,"hindu_temple, place_of_worship, point_of_interest, establishment",temples,Chhattisgarh,All Seasons,Korba,1
Shri Sitaram Mandir,22.5220467,82.5494349,4.4,"hindu_temple, place_of_worship, point_of_interest, establishment",temples,Chhattisgarh,All Seasons,Korba,27
"Shiv Durga Temple, HTPS",22.426341,82.6670524,4.2,"hindu_temple, place_of_worship, point_of_interest, establishment",temples,Chhattisgarh,All Seasons,Korba,32
Shiv Mandir,22.3487127,82.5463901,4.1,"hindu_temple, place_of_worship, point_of_interest, establishment",temples,Chhattisgarh,All Seasons,Korba,41
Shiv Temple,22.3429693,82.70053109999999,4.2,"hindu_temple, place_of_worship, point_of_interest, establishment",temples,Chhattisgarh,All Seasons,Korba,14
Shiv Temple,22.2627406,82.70202379999999,4.8,"hindu_temple, place_of_worship, point_of_interest, establishment",temples,Chhattisgarh,All Seasons,Korba,8
Jalaram Temple,22.3522076,82.70288359999999,3.8,"hindu_temple, place_of_worship, point_of_interest, establishment",temples,Chhattisgarh,All Seasons,Korba,13
Swami Ayyappa Temple SECL Korba,22.3506736,82.7161648,4.6,"hindu_temple, place_of_worship, point_of_interest, establishment",temples,Chhattisgarh,All Seasons,Korba,49
Hanuman Mandir,22.3375141,82.6366872,4.3,"hindu_temple, place_of_worship, point_of_interest, establishment",temples,Chhattisgarh,All Seasons,Korba,20
Mahamaya Mandir Nawapara (B),22.1538578,82.4392713,4.8,"hindu_temple, place_of_worship, point_of_interest, establishment",temples,Chhattisgarh,All Seasons,Korba,4
Shiv Ji Temple Jamnipali,22.4156303,82.6518268,3.8,"hindu_temple, place_of_worship, point_of_interest, establishment",temples,Chhattisgarh,All Seasons,Korba,15
Hanuman Temple,22.3340512,82.7117222,4.6,"hindu_temple, place_of_worship, point_of_interest, establishment",temples,Chhattisgarh,All Seasons,Korba,7
Sai Temple,22.5036854,82.5518352,3.8,"hindu_temple, place_of_worship, point_of_interest, establishment",temples,Chhattisgarh,All Seasons,Korba,10
Shiva Temple,22.1001905,82.817408,3.6,"hindu_temple, place_of_worship, point_of_interest, establishment",temples,Chhattisgarh,All Seasons,Korba,7
Radha Krishna Temple,22.3624536,82.7051772,5,"hindu_temple, place_of_worship, point_of_interest, establishment",temples,Chhattisgarh,All Seasons,Korba,1
Shiv Temple,22.3502357,82.7255507,4.4,"hindu_temple, place_of_worship, point_of_interest, establishment",temples,Chhattisgarh,All Seasons,Korba,32
SHIV TEMPLE TUMAN,22.5749612,82.42230479999999,4.3,"hindu_temple, place_of_worship, point_of_interest, establishment",temples,Chhattisgarh,All Seasons,Korba,26
Hanuman Temple,22.1758859,82.7097656,4.1,"hindu_temple, place_of_worship, point_of_interest, establishment",temples,Chhattisgarh,All Seasons,Korba,15
Maa Madwarani Mandir,22.1951188,82.6854366,4.5,"hindu_temple, place_of_worship, point_of_interest, establishment",temples,Chhattisgarh,All Seasons,Korba,825
Lord Venkateshwara(Balaji) Temple-Korba,22.3711508,82.7404035,4.4,"hindu_temple, place_of_worship, point_of_interest, establishment",temples,Chhattisgarh,All Seasons,Korba,10
Durga temple,22.3495776,82.54118749999999,5,"hindu_temple, place_of_worship, point_of_interest, establishment",temples,Chhattisgarh,All Seasons,Korba,1
Shri Saptdev Mandir,22.3417559,82.70139089999999,4.6,"hindu_temple, place_of_worship, point_of_interest, establishment",temples,Chhattisgarh,All Seasons,Korba,34
Shiv Temple in Jhabar,22.3537108,82.5358688,4.5,"hindu_temple, place_of_worship, point_of_interest, establishment",temples,Chhattisgarh,All Seasons,Korba,6
sharda temple,22.3468618,82.53341669999999,4.3,"hindu_temple, place_of_worship, point_of_interest, establishment",temples,Chhattisgarh,All Seasons,Korba,9
Shiv Mandir,22.3835372,82.62158459999999,4.7,"hindu_temple, place_of_worship, point_of_interest, establishment",temples,Chhattisgarh,All Seasons,Korba,10
🕉Pashupatinath Temple,22.3833499,82.8219483,5,"hindu_temple, place_of_worship, point_of_interest, establishment",temples,Chhattisgarh,All Seasons,Korba,1
Durga Mandir,22.3541985,82.72664499999999,4.4,"hindu_temple, place_of_worship, point_of_interest, establishment",temples,Chhattisgarh,All Seasons,Korba,27
Temple,22.3308127,82.7701261,4,"tourist_attraction, point_of_interest, establishment",temples,Chhattisgarh,All Seasons,Korba,8
Maa Vaishno Darbar Temple,22.3405125,82.7079311,4.2,"hindu_temple, place_of_worship, point_of_interest, establishment",temples,Chhattisgarh,All Seasons,Korba,13
Hindu Temple(सिद्ध श्री अन्नधरि दाई),22.125787,82.6129023,3.9,"hindu_temple, place_of_worship, point_of_interest, establishment",temples,Chhattisgarh,All Seasons,Korba,28
Maa Bhavani Mandir Darri Korba,22.4028883,82.7050851,4.5,"hindu_temple, place_of_worship, point_of_interest, establishment",temples,Chhattisgarh,All Seasons,Korba,166
SidhdhiVinayak Mandir,22.3595017,82.7106623,4.1,"hindu_temple, place_of_worship, point_of_interest, establishment",temples,Chhattisgarh,All Seasons,Korba,10
temple,22.1358947,82.510098,5,"hindu_temple, place_of_worship, point_of_interest, establishment",temples,Chhattisgarh,All Seasons,Korba,1
Har Har Mahadev Temple,22.3924052,82.7534618,3.9,"hindu_temple, place_of_worship, point_of_interest, establishment",temples,Chhattisgarh,All Seasons,Korba,13
Jagannath temple,22.3504719,82.5507703,4.7,"hindu_temple, place_of_worship, point_of_interest, establishment",temples,Chhattisgarh,All Seasons,Korba,3
Durga Mandir,22.3655142,82.71263669999999,4.7,"hindu_temple, place_of_worship, point_of_interest, establishment",temples,Chhattisgarh,All Seasons,Korba,6
Maa Durga temple,22.3420095,82.69576119999999,4.7,"hindu_temple, place_of_worship, point_of_interest, establishment",temples,Chhattisgarh,All Seasons,Korba,9
maa Santoshi Mandir,22.3880294,82.73543959999999,4.5,"hindu_temple, place_of_worship, point_of_interest, establishment",temples,Chhattisgarh,All Seasons,Korba,10
Newsa Hill,22.280636,82.52470629999999,4.2,"point_of_interest, establishment",hills,Chhattisgarh,Winter,Korba,9
Tapra Hill,22.4700875,82.7740469,4.3,"hindu_temple, place_of_worship, point_of_interest, establishment",hills,Chhattisgarh,Winter,Korba,6
Top Of The Damau Dhara,22.1407558,82.8656948,5,"point_of_interest, establishment",hills,Chhattisgarh,Winter,Korba,4
Dalha hill's,22.0971935,82.40905719999999,4.2,"hindu_temple, place_of_worship, point_of_interest, establishment",hills,Chhattisgarh,Winter,Korba,5
Desi hill man's wear,22.1509405,82.39561119999999,4.4,"clothing_store, point_of_interest, store, establishment",hills,Chhattisgarh,Winter,Korba,16
Madwarani Hill,22.1756516,82.68614459999999,4.3,"natural_feature, establishment",hills,Chhattisgarh,Winter,Korba,133
Pawan Akhra hill,22.4827515,82.90170619999999,4.3,"park, point_of_interest, establishment",hills,Chhattisgarh,Winter,Korba,4
Chakchakwa Hill,22.5210838,82.549255,3.5,"hindu_temple, place_of_worship, point_of_interest, establishment",hills,Chhattisgarh,Winter,Korba,2
Top hill,22.1314909,82.860024,0,"tourist_attraction, point_of_interest, establishment",hills,Chhattisgarh,Winter,Korba,0
Dalha Pahad Peak Point,22.0986643,82.400455,4.5,"tourist_attraction, point_of_interest, establishment",hills,Chhattisgarh,Winter,Korba,219
Hanuman Gaddi (Garhi),22.5210314,82.5488051,4.5,"hindu_temple, place_of_worship, point_of_interest, establishment",hills,Chhattisgarh,Winter,Korba,240
Ram mandir,22.521845,82.5485994,4.9,"hindu_temple, place_of_worship, point_of_interest, establishment",hills,Chhattisgarh,Winter,Korba,9
Rainkhol waterfall,22.162492,82.88202849999999,3.9,"tourist_attraction, point_of_interest, establishment",hills,Chhattisgarh,Winter,Korba,40
Chhuri Range View Point,22.5086138,82.6201426,4.6,"tourist_attraction, point_of_interest, establishment",hills,Chhattisgarh,Winter,Korba,9
Nevsa Hills,22.2830826,82.52181550000002,4,"tourist_attraction, point_of_interest, establishment",hills,Chhattisgarh,Winter,Korba,4
Katghora,22.5224766,82.5475998,0,"hindu_temple, place_of_worship, point_of_interest, establishment",hills,Chhattisgarh,Winter,Korba,0
Futha muda,22.5495615,82.5579771,5,"point_of_interest, establishment",hills,Chhattisgarh,Winter,Korba,1
Temple,22.0999676,82.8721903,3.8,"hindu_temple, place_of_worship, point_of_interest, establishment",hills,Chhattisgarh,Winter,Korba,4
Rainkhol,22.1560257,82.87886759999999,No rating,"locality, political",hills,Chhattisgarh,Winter,Korba,0
Temple,22.3308127,82.7701261,4,"tourist_attraction, point_of_interest, establishment",hills,Chhattisgarh,Winter,Korba,8
Karan Design,22.3637294,82.71764019999999,5,"point_of_interest, establishment",hills,Chhattisgarh,Winter,Korba,2
Daxesh Diwan Home,22.5246239,82.54682729999999,5,"point_of_interest, establishment",hills,Chhattisgarh,Winter,Korba,1
Satrenga Tourist Spot,22.6082037,82.683835,4.2,"tourist_attraction, point_of_interest, establishment",attraction,Chhattisgarh,All Seasons,Korba,1993
Rani jharna view,22.5261629,82.7403844,4,"tourist_attraction, point_of_interest, establishment",attraction,Chhattisgarh,All Seasons,Korba,28
Kesla Picnic Spot Balco,22.4094486,82.80173490000001,4.1,"tourist_attraction, point_of_interest, establishment",attraction,Chhattisgarh,All Seasons,Korba,352
Rani Jharna Waterfall,22.527101,82.74032369999999,4.2,"tourist_attraction, point_of_interest, establishment",attraction,Chhattisgarh,All Seasons,Korba,289
Pahariya picnic spot,22.0920934,82.6340777,4.2,"tourist_attraction, point_of_interest, establishment",attraction,Chhattisgarh,All Seasons,Korba,41
Songurha Waterfall sakti C.G.,22.1164356,82.7784355,4.4,"tourist_attraction, point_of_interest, establishment",attraction,Chhattisgarh,All Seasons,Korba,135
Satrenga Dam,22.5875928,82.6888438,4.1,"tourist_attraction, point_of_interest, establishment",attraction,Chhattisgarh,All Seasons,Korba,74
Khetar Picnic Spot,22.4797249,82.8330964,4.3,"tourist_attraction, point_of_interest, establishment",attraction,Chhattisgarh,All Seasons,Korba,189
Panari Waterfall & Picnic spot,22.1127983,82.9371871,4.1,"tourist_attraction, point_of_interest, establishment",attraction,Chhattisgarh,All Seasons,Korba,116
Nagarda Waterfall,22.1236244,82.8155127,4.2,"tourist_attraction, point_of_interest, establishment",attraction,Chhattisgarh,All Seasons,Korba,545
MINI GOA KORBA KP,22.3690842,82.6936036,4,"tourist_attraction, point_of_interest, establishment",attraction,Chhattisgarh,All Seasons,Korba,30
Tourist places,22.2776784,82.8368789,4.3,"tourist_attraction, point_of_interest, establishment",attraction,Chhattisgarh,All Seasons,Korba,6
River View,22.3600752,82.6504999,4.4,"tourist_attraction, point_of_interest, establishment",attraction,Chhattisgarh,All Seasons,Korba,12
Dalha Mountain,22.102876,82.4002266,5,"tourist_attraction, point_of_interest, establishment",attraction,Chhattisgarh,All Seasons,Korba,5
Jhika Hasdeo Point,22.1958679,82.6724541,4,"tourist_attraction, point_of_interest, establishment",attraction,Chhattisgarh,All Seasons,Korba,2
Chhuri Range View Point,22.5086138,82.6201426,4.6,"tourist_attraction, point_of_interest, establishment",attraction,Chhattisgarh,All Seasons,Korba,9
Rainkhol waterfall,22.162492,82.88202849999999,3.9,"tourist_attraction, point_of_interest, establishment",attraction,Chhattisgarh,All Seasons,Korba,40
Gudhwa Waterfall,22.1237688,82.8159083,4,"tourist_attraction, point_of_interest, establishment",attraction,Chhattisgarh,All Seasons,Korba,57
Bango lower bridge,22.6028991,82.5916019,4.4,"tourist_attraction, point_of_interest, establishment",attraction,Chhattisgarh,All Seasons,Korba,41
Bango Dam,22.604603,82.5954629,4.2,"tourist_attraction, point_of_interest, establishment",attraction,Chhattisgarh,All Seasons,Korba,6
Panari Picnic sports,22.1172124,82.90821389999999,4.7,"tourist_attraction, point_of_interest, establishment",attraction,Chhattisgarh,All Seasons,Korba,3
"View Point, Madwarani Temple",22.1923875,82.6882344,4.2,"tourist_attraction, point_of_interest, establishment",attraction,Chhattisgarh,All Seasons,Korba,11
MD view point,22.604586,82.6468993,5,"tourist_attraction, point_of_interest, establishment",attraction,Chhattisgarh,All Seasons,Korba,2
Sarveshwar Anicut View Point,22.3662916,82.695917,4.3,"tourist_attraction, point_of_interest, establishment",attraction,Chhattisgarh,All Seasons,Korba,69
River Side View,22.4110254,82.69495409999999,4.7,"tourist_attraction, point_of_interest, establishment",attraction,Chhattisgarh,All Seasons,Korba,7
Gahaniya Dam,22.4646628,82.8361674,4.2,"tourist_attraction, point_of_interest, establishment",attraction,Chhattisgarh,All Seasons,Korba,12
Bhanu View Point,22.6099861,82.6860978,4.5,"tourist_attraction, point_of_interest, establishment",attraction,Chhattisgarh,All Seasons,Korba,11
Temple,22.3308127,82.7701261,4,"tourist_attraction, point_of_interest, establishment",attraction,Chhattisgarh,All Seasons,Korba,8
Kosamnala Trekking Point,22.523994,82.712345,4.5,"tourist_attraction, point_of_interest, establishment",attraction,Chhattisgarh,All Seasons,Korba,17
Rani sagar lake Kosmanda,22.0886155,82.39861289999999,4.5,"tourist_attraction, point_of_interest, establishment",attraction,Chhattisgarh,All Seasons,Korba,2
Erathdam aitmanagar bango,22.613631,82.593218,4.7,"tourist_attraction, point_of_interest, establishment",attraction,Chhattisgarh,All Seasons,Korba,3
Mountain View Point,22.6099583,82.68609359999999,4.5,"tourist_attraction, point_of_interest, establishment",attraction,Chhattisgarh,All Seasons,Korba,43
Kachandi nala,22.3272,82.76703549999999,4,"tourist_attraction, point_of_interest, establishment",attraction,Chhattisgarh,All Seasons,Korba,3
चिन्दाईनाला,22.1814087,82.7928793,0,"tourist_attraction, point_of_interest, establishment",attraction,Chhattisgarh,All Seasons,Korba,0
Paigwa Dam Bitkula,22.2013019,82.402243,0,"tourist_attraction, point_of_interest, establishment",attraction,Chhattisgarh,All Seasons,Korba,0
Golden mountain,22.4240156,82.4924477,5,"tourist_attraction, point_of_interest, establishment",attraction,Chhattisgarh,All Seasons,Korba,1
"Sunset Point, Pokhari",22.3366202,82.7184997,4,"tourist_attraction, point_of_interest, establishment",attraction,Chhattisgarh,All Seasons,Korba,3
"Deo Dhara Waterfalls, Near Sangurha",22.1164303,82.77843589999999,4,"tourist_attraction, point_of_interest, establishment",attraction,Chhattisgarh,All Seasons,Korba,29
RB ISLAND,22.6133594,82.65525269999999,5,"tourist_attraction, point_of_interest, establishment",attraction,Chhattisgarh,All Seasons,Korba,2
Dhitori korba,22.1108375,82.7350156,4.9,"tourist_attraction, point_of_interest, establishment",attraction,Chhattisgarh,All Seasons,Korba,8
Satrenga view point N,22.611217,82.6570528,4.5,"tourist_attraction, point_of_interest, establishment",attraction,Chhattisgarh,All Seasons,Korba,15
Dalha Pahad Peak Point,22.0986643,82.400455,4.5,"tourist_attraction, point_of_interest, establishment",attraction,Chhattisgarh,All Seasons,Korba,219
Budhadev waterfall,22.1403149,82.8627508,4.3,"tourist_attraction, point_of_interest, establishment",attraction,Chhattisgarh,All Seasons,Korba,3
Bango Dam View Point,22.6049088,82.59813849999999,4.3,"tourist_attraction, point_of_interest, establishment",attraction,Chhattisgarh,All Seasons,Korba,70
Stop dam on hasdeo river,22.3666441,82.69546609999999,4.1,"tourist_attraction, point_of_interest, establishment",attraction,Chhattisgarh,All Seasons,Korba,8
Rani jharana,22.5259375,82.7306875,4.4,"tourist_attraction, point_of_interest, establishment",attraction,Chhattisgarh,All Seasons,Korba,33
"View Point, upkachunwa Deori Dam",22.1163639,82.8947488,3.9,"tourist_attraction, point_of_interest, establishment",attraction,Chhattisgarh,All Seasons,Korba,9
Rain valley,22.1630487,82.8856283,5,"tourist_attraction, point_of_interest, establishment",attraction,Chhattisgarh,All Seasons,Korba,5
VALLEY VIEW POINT,22.4823629,82.8103842,4.6,"tourist_attraction, point_of_interest, establishment",attraction,Chhattisgarh,All Seasons,Korba,5
Dumardih Picnic Spot,22.3810187,82.790823,4.2,"tourist_attraction, point_of_interest, establishment",attraction,Chhattisgarh,All Seasons,Korba,18
Mini jharna korba KP,22.3293578,82.7111895,3.9,"tourist_attraction, point_of_interest, establishment",attraction,Chhattisgarh,All Seasons,Korba,30
पानी टंकी पहन्दा,22.2352693,82.735172,0,"tourist_attraction, point_of_interest, establishment",attraction,Chhattisgarh,All Seasons,Korba,0
View Point Rainkhol,22.1441719,82.8616346,4.4,"tourist_attraction, landmark, point_of_interest, establishment",attraction,Chhattisgarh,All Seasons,Korba,119
Korba river view (piching),22.4132877,82.6996727,3.8,"tourist_attraction, point_of_interest, establishment",attraction,Chhattisgarh,All Seasons,Korba,6
Rotary Chowk,22.3718538,82.74488099999999,3.7,"tourist_attraction, point_of_interest, establishment",attraction,Chhattisgarh,All Seasons,Korba,3
Ganeshanjali forest,22.4384001,82.7082475,0,"tourist_attraction, point_of_interest, establishment",attraction,Chhattisgarh,All Seasons,Korba,0
Madwadhoda Stop Dam,22.3680632,82.6061217,3.1,"tourist_attraction, point_of_interest, establishment",attraction,Chhattisgarh,All Seasons,Korba,18
पनारी पर्यटन स्थल (Panari Tourist Places),22.1065999,82.9300414,4.8,"tourist_attraction, point_of_interest, establishment",attraction,Chhattisgarh,All Seasons,Korba,4
Ballu Island,22.6164819,82.6985292,4,"tourist_attraction, point_of_interest, establishment",attraction,Chhattisgarh,All Seasons,Korba,8
Fishing Point,22.4149258,82.6961185,4.4,"tourist_attraction, point_of_interest, establishment",attraction,Chhattisgarh,All Seasons,Korba,7
Guru Ghasidas National Park,23.5196013,82.5079032,4.6,"park, point_of_interest, establishment",parks,Chhattisgarh,Spring,Koriya,78
Amritdhara Park,23.3327462,82.3229307,4.5,"park, point_of_interest, establishment",parks,Chhattisgarh,Spring,Koriya,57
children park,23.3351711,82.5350371,3.8,"park, point_of_interest, establishment",parks,Chhattisgarh,Spring,Koriya,60
Jhumka Park,23.2797466,82.53666419999999,4,"park, point_of_interest, establishment",parks,Chhattisgarh,Spring,Koriya,308
Mid Town Park (Nagarpalika Garden),23.3254439,82.5276252,3.3,"park, point_of_interest, establishment",parks,Chhattisgarh,Spring,Koriya,4
Gandhi park,23.2603785,82.5625134,4.2,"park, point_of_interest, establishment",parks,Chhattisgarh,Spring,Koriya,5
Children Park,23.3558836,82.6804259,4.3,"park, point_of_interest, establishment",parks,Chhattisgarh,Spring,Koriya,19
Shyam Badi,23.2032047,82.8765921,5,"park, point_of_interest, establishment",parks,Chhattisgarh,Spring,Koriya,2
Tura-Turi Park,23.258494,82.5589816,3.6,"park, point_of_interest, establishment",parks,Chhattisgarh,Spring,Koriya,119
Aaruni Dam,23.2592807,82.356736,4.1,"park, point_of_interest, establishment",parks,Chhattisgarh,Spring,Koriya,14
"Shiv park - Surajpur District, Chhattisgarh, India",23.2151406,82.8829336,3.9,"park, point_of_interest, establishment",parks,Chhattisgarh,Spring,Koriya,63
Oxygen park phoolpur,23.2743297,82.51960969999999,4.2,"park, point_of_interest, establishment",parks,Chhattisgarh,Spring,Koriya,11
B type park,23.1714045,82.3703733,3.8,"park, point_of_interest, establishment",parks,Chhattisgarh,Spring,Koriya,205
Jaiswal's Park (बगीचा),23.2045792,82.5636174,4.8,"park, point_of_interest, establishment",parks,Chhattisgarh,Spring,Koriya,4
Children Park,23.3489092,82.7332859,3.5,"park, point_of_interest, establishment",parks,Chhattisgarh,Spring,Koriya,48
36 Mod Nature View Point.,23.1825321,82.3816198,4.4,"park, point_of_interest, establishment",parks,Chhattisgarh,Spring,Koriya,253
Panchvati Park,23.2835827,82.562163,5,"park, point_of_interest, establishment",parks,Chhattisgarh,Spring,Koriya,2
Jhumka Dam Picnic Spot,23.261246,82.5218814,4.2,"park, point_of_interest, establishment",parks,Chhattisgarh,Spring,Koriya,118
Phulpur park,23.2781676,82.5241021,4.2,"park, point_of_interest, establishment",parks,Chhattisgarh,Spring,Koriya,9
Shresth Gupta Park,23.213786,82.867992,5,"park, point_of_interest, establishment",parks,Chhattisgarh,Spring,Koriya,3
Nehru Park,23.2109042,82.8682858,3.9,"park, point_of_interest, establishment",parks,Chhattisgarh,Spring,Koriya,544
GURUGHASIDAS NATIONAL PARK (BALAM TOP HILL),23.5332407,82.52417489999999,4.7,"park, point_of_interest, establishment",parks,Chhattisgarh,Spring,Koriya,144
Shiv Statue,23.2653271,82.5679928,4.4,"park, point_of_interest, establishment",parks,Chhattisgarh,Spring,Koriya,15
Children's park,23.2664418,82.5678976,0,"park, point_of_interest, establishment",parks,Chhattisgarh,Spring,Koriya,0
Jagga BHAI KA AADA,23.324297,82.52772,5,"park, point_of_interest, establishment",parks,Chhattisgarh,Spring,Koriya,2
Shireen Point - Hasdeo river Start Point,23.5423037,82.4972877,4.4,"park, point_of_interest, establishment",parks,Chhattisgarh,Spring,Koriya,22
Saakha,23.2410639,82.3976581,4.4,"park, point_of_interest, establishment",parks,Chhattisgarh,Spring,Koriya,18
Nilam Sarovar Park,23.2188801,82.343976,4.2,"park, point_of_interest, establishment",parks,Chhattisgarh,Spring,Koriya,394
Hasdo Narshari Resthouse,23.2704526,82.5644459,4,"park, point_of_interest, establishment",parks,Chhattisgarh,Spring,Koriya,28
Baikunthpur Wildlife Sanctuary,23.3086711,82.4272304,5,"zoo, park, point_of_interest, establishment",parks,Chhattisgarh,Spring,Koriya,10
Nagarnigam Park,23.1704646,82.3714547,3.9,"park, point_of_interest, establishment",parks,Chhattisgarh,Spring,Koriya,107
Dumanhill Park,23.1933743,82.38388259999999,4,"park, point_of_interest, establishment",parks,Chhattisgarh,Spring,Koriya,31
INDIRA PARK,23.2642903,82.5680196,4.4,"park, point_of_interest, establishment",parks,Chhattisgarh,Spring,Koriya,15
जगरनाथपुर बड़ा डैम,23.1096065,82.8004615,4.9,"park, point_of_interest, establishment",parks,Chhattisgarh,Spring,Koriya,12
Jhumka colony,23.2836603,82.5386115,4,"park, point_of_interest, establishment",parks,Chhattisgarh,Spring,Koriya,15
Krishna Kunj,23.2234815,82.86988649999999,4.5,"park, point_of_interest, establishment",parks,Chhattisgarh,Spring,Koriya,2
"Kumar Garden,",23.3172734,82.5258755,5,"park, point_of_interest, establishment",parks,Chhattisgarh,Spring,Koriya,3
New nagar palika park,23.3344458,82.5353506,3.7,"park, point_of_interest, establishment",parks,Chhattisgarh,Spring,Koriya,15
जगरनाथपुर तालाब,23.117211,82.8004394,4,"park, point_of_interest, establishment",parks,Chhattisgarh,Spring,Koriya,3
Harticulture garden,23.4157195,82.5173118,5,"park, point_of_interest, establishment",parks,Chhattisgarh,Spring,Koriya,2
Jagarnath pur Dem,23.1127882,82.8086419,5,"park, point_of_interest, establishment",parks,Chhattisgarh,Spring,Koriya,4
Poorna Udyan amgaon ocp,23.146935,82.82361499999999,5,"park, point_of_interest, establishment",parks,Chhattisgarh,Spring,Koriya,2
Santosh Dahi,23.2411077,82.73488950000001,5,"park, point_of_interest, establishment",parks,Chhattisgarh,Spring,Koriya,1
Aama Bageecha Kasra,23.2598228,82.6244097,5,"park, point_of_interest, establishment",parks,Chhattisgarh,Spring,Koriya,1
RamChandra Singh dev park,23.3340853,82.5347092,0,"park, point_of_interest, establishment",parks,Chhattisgarh,Spring,Koriya,0
मरहाबुडा पारा,23.1384837,82.6206804,5,"park, point_of_interest, establishment",parks,Chhattisgarh,Spring,Koriya,1
Brijesh's Agricultural Area,23.1688431,82.4675809,0,"park, point_of_interest, establishment",parks,Chhattisgarh,Spring,Koriya,0
Arush goyal ka ghar,23.2110832,82.8680961,5,"park, point_of_interest, establishment",parks,Chhattisgarh,Spring,Koriya,3
Ramachandra Singh Dev Park,23.1920355,82.3810273,0,"park, point_of_interest, establishment",parks,Chhattisgarh,Spring,Koriya,0
Dhodi well jaleswar,23.1827321,82.34514449999999,3,"park, point_of_interest, establishment",parks,Chhattisgarh,Spring,Koriya,1
Rajiv gandhi park,23.1879502,82.354162,0,"park, point_of_interest, establishment",parks,Chhattisgarh,Spring,Koriya,0
Jheel pondi,23.1879502,82.354162,0,"park, point_of_interest, establishment",parks,Chhattisgarh,Spring,Koriya,0
Chirmiri hill station view,23.1584644,82.31516270000002,4.1,"park, point_of_interest, establishment",parks,Chhattisgarh,Spring,Koriya,36
Bhutha Talab Kasra,23.2664033,82.6237924,2,"park, point_of_interest, establishment",parks,Chhattisgarh,Spring,Koriya,1
Surendar sirdar,23.137153,82.569599,0,"park, point_of_interest, establishment",parks,Chhattisgarh,Spring,Koriya,0
Rujhun Talab TARKA,23.3887379,82.7821373,0,"park, point_of_interest, establishment",parks,Chhattisgarh,Spring,Koriya,0
Dulhi Talaab,23.2195207,82.8657723,5,"park, point_of_interest, establishment",parks,Chhattisgarh,Spring,Koriya,2
Ghunghutta resort,23.4975634,82.4784224,4.5,"park, point_of_interest, establishment",parks,Chhattisgarh,Spring,Koriya,2
Gaothan Sawarawa,23.4228066,82.75367709999999,0,"park, point_of_interest, establishment",parks,Chhattisgarh,Spring,Koriya,0
Mini park,23.2151192,82.3425239,0,"park, point_of_interest, establishment",parks,Chhattisgarh,Spring,Koriya,0
Korea Palace,23.2571158,82.5573276,4.3,"tourist_attraction, point_of_interest, establishment",museum,Chhattisgarh,Winter,Koriya,455
Prem Art,23.302537,82.6687295,4.3,"art_gallery, point_of_interest, establishment",museum,Chhattisgarh,Winter,Koriya,50
Mahalpara,23.2580953,82.5578081,No rating,"neighborhood, political",museum,Chhattisgarh,Winter,Koriya,0
Gnga Sagar Talab,23.2057835,82.5642484,2,"museum, point_of_interest, establishment",museum,Chhattisgarh,Winter,Koriya,1
Amrit Kumar,23.206425,82.7004094,5,"museum, point_of_interest, establishment",museum,Chhattisgarh,Winter,Koriya,2
Mini raice mill umjhar,23.3099538,82.47763499999999,5,"museum, point_of_interest, establishment",museum,Chhattisgarh,Winter,Koriya,1
(sunny)Noori masjid,23.2415959,82.5493639,3.5,"museum, point_of_interest, establishment",museum,Chhattisgarh,Winter,Koriya,4
JODA TALAB,23.2608049,82.5599792,3.3,"museum, point_of_interest, establishment",museum,Chhattisgarh,Winter,Koriya,4
mkp world,23.1948526,82.3525991,0,"museum, point_of_interest, establishment",museum,Chhattisgarh,Winter,Koriya,0
Chhavi rajwade,23.4953105,82.8222273,0,"museum, point_of_interest, establishment",museum,Chhattisgarh,Winter,Koriya,0
Intersection Of TOC & IST,23.5,82.5,0,"museum, point_of_interest, establishment",museum,Chhattisgarh,Winter,Koriya,0
विजेन्द्र हेयर कटिंन,23.3107405,82.77423689999999,0,"museum, point_of_interest, establishment",museum,Chhattisgarh,Winter,Koriya,0
My destination,23.4482874,82.7320168,0,"museum, point_of_interest, establishment",museum,Chhattisgarh,Winter,Koriya,0
Riya,23.2136011,82.8679549,0,"museum, point_of_interest, establishment",museum,Chhattisgarh,Winter,Koriya,0
Santosh Kumar Dewangan,23.2295121,82.8783448,0,"museum, point_of_interest, establishment",museum,Chhattisgarh,Winter,Koriya,0
Mandir Ketaka,23.1378973,82.8775931,0,"museum, point_of_interest, establishment",museum,Chhattisgarh,Winter,Koriya,0
राजापुर जोगेनपारा लक Rajapur Kala Rang रा,23.1062544,82.82636149999999,0,"museum, point_of_interest, establishment",museum,Chhattisgarh,Winter,Koriya,0
S.E.C.L,23.2136011,82.8679549,0,"museum, point_of_interest, establishment",museum,Chhattisgarh,Winter,Koriya,0
Gaurghat Waterfall,23.3774423,82.36281199999999,4.3,"tourist_attraction, point_of_interest, establishment",waterfalls,Chhattisgarh,Monsoon,Koriya,677
Parewaghat Waterfall Nagar,23.3223716,82.44322609999999,4.2,"tourist_attraction, point_of_interest, establishment",waterfalls,Chhattisgarh,Monsoon,Koriya,25
Amritdhara Waterfall,23.331922,82.3397636,4.2,"tourist_attraction, point_of_interest, establishment",waterfalls,Chhattisgarh,Monsoon,Koriya,68
Baniya Dhar River Waterfall,23.3864082,82.34048969999999,4.3,"tourist_attraction, point_of_interest, establishment",waterfalls,Chhattisgarh,Monsoon,Koriya,45
Samundai Waterfall,23.3515908,82.57506699999999,4.7,"tourist_attraction, point_of_interest, establishment",waterfalls,Chhattisgarh,Monsoon,Koriya,20
Jhumka dam (rainy season waterfall ),23.2597211,82.52000369999999,4.3,"tourist_attraction, point_of_interest, establishment",waterfalls,Chhattisgarh,Monsoon,Koriya,29
Amritdhara Waterfall,23.3331291,82.3211353,4.4,"tourist_attraction, point_of_interest, establishment",waterfalls,Chhattisgarh,Monsoon,Koriya,2820
Ankuri Nala Waterfall,23.515784,82.40881180000001,3,"tourist_attraction, point_of_interest, establishment",waterfalls,Chhattisgarh,Monsoon,Koriya,3
Chandi ghogra waterfall,23.155629,82.48111,4.3,"tourist_attraction, point_of_interest, establishment",waterfalls,Chhattisgarh,Monsoon,Koriya,3
Jhinjhi waterfall,23.429854,82.7496997,5,"tourist_attraction, point_of_interest, establishment",waterfalls,Chhattisgarh,Monsoon,Koriya,4
ghughraha waterfall,23.3207093,82.4292401,5,"tourist_attraction, point_of_interest, establishment",waterfalls,Chhattisgarh,Monsoon,Koriya,2
Lafri,23.6041104,82.8324931,4.3,"tourist_attraction, point_of_interest, establishment",waterfalls,Chhattisgarh,Monsoon,Koriya,387
Akuri Nala waterfall,23.5109194,82.3815888,3.6,"tourist_attraction, point_of_interest, establishment",waterfalls,Chhattisgarh,Monsoon,Koriya,5
Jhanka Waterfall झंखा जलप्रपात,23.42039,82.8438077,4.4,"tourist_attraction, point_of_interest, establishment",waterfalls,Chhattisgarh,Monsoon,Koriya,18
Shiv ghat,23.3451298,82.5529043,4.2,"tourist_attraction, point_of_interest, establishment",waterfalls,Chhattisgarh,Monsoon,Koriya,67
Amritdhara Park,23.3327462,82.3229307,4.5,"park, point_of_interest, establishment",waterfalls,Chhattisgarh,Monsoon,Koriya,57
Natural water fountain,23.1217512,82.8849906,4.2,"tourist_attraction, point_of_interest, establishment",waterfalls,Chhattisgarh,Monsoon,Koriya,10
Amrit Sarovar (Mahamaya Dam),23.1857044,82.85903259999999,4.3,"tourist_attraction, point_of_interest, establishment",waterfalls,Chhattisgarh,Monsoon,Koriya,13
"Parwati Ghat, Surajpur",23.2069372,82.87705199999999,4,"tourist_attraction, point_of_interest, establishment",waterfalls,Chhattisgarh,Monsoon,Koriya,15
Dumrgagh waterfall 🏞️,23.4061621,82.419266,0,"point_of_interest, establishment",waterfalls,Chhattisgarh,Monsoon,Koriya,0
Korea Palace,23.2571158,82.5573276,4.3,"tourist_attraction, point_of_interest, establishment",waterfalls,Chhattisgarh,Monsoon,Koriya,455
Welcome Chirmiri,23.2416854,82.345229,4.2,"tourist_attraction, point_of_interest, establishment",waterfalls,Chhattisgarh,Monsoon,Koriya,13
Laphari water falls Surajpur,23.603425,82.83221669999999,0,"tourist_attraction, point_of_interest, establishment",waterfalls,Chhattisgarh,Monsoon,Koriya,0
KUBER GHAGH,23.3857067,82.3614265,4.3,"tourist_attraction, point_of_interest, establishment",waterfalls,Chhattisgarh,Monsoon,Koriya,9
36 Mod Nature View Point.,23.1825321,82.3816198,4.4,"park, point_of_interest, establishment",waterfalls,Chhattisgarh,Monsoon,Koriya,253
Aaruni Dam,23.2592807,82.356736,4.1,"park, point_of_interest, establishment",waterfalls,Chhattisgarh,Monsoon,Koriya,14
Jhumka Dam Picnic Spot,23.261246,82.5218814,4.2,"park, point_of_interest, establishment",waterfalls,Chhattisgarh,Monsoon,Koriya,118
Chirmiri hill station view,23.1584644,82.31516270000002,4.1,"park, point_of_interest, establishment",waterfalls,Chhattisgarh,Monsoon,Koriya,36
Guru Ghasidas National Park,23.5196013,82.5079032,4.6,"park, point_of_interest, establishment",waterfalls,Chhattisgarh,Monsoon,Koriya,78
Lafari Picnic Spot,23.60378,82.8324355,4.4,"point_of_interest, establishment",waterfalls,Chhattisgarh,Monsoon,Koriya,179
Dumanhill Park,23.1933743,82.38388259999999,4,"park, point_of_interest, establishment",waterfalls,Chhattisgarh,Monsoon,Koriya,31
Bank ghat,23.5753949,82.7791376,4.1,"tourist_attraction, point_of_interest, establishment",waterfalls,Chhattisgarh,Monsoon,Koriya,27
GURUGHASIDAS NATIONAL PARK (BALAM TOP HILL),23.5332407,82.52417489999999,4.7,"park, point_of_interest, establishment",waterfalls,Chhattisgarh,Monsoon,Koriya,144
Jhumka Park,23.2797466,82.53666419999999,4,"park, point_of_interest, establishment",waterfalls,Chhattisgarh,Monsoon,Koriya,308
Jhumka Dam Picnic Spot,23.261246,82.5218814,4.2,"park, point_of_interest, establishment",beaches,Chhattisgarh,Summer,Koriya,118
Lafri,23.6041104,82.8324931,4.3,"tourist_attraction, point_of_interest, establishment",beaches,Chhattisgarh,Summer,Koriya,387
Baikunthpur Wildlife Sanctuary,23.3086711,82.4272304,5,"zoo, park, point_of_interest, establishment",zoo,Chhattisgarh,Winter,Koriya,10
GURUGHASIDAS NATIONAL PARK (BALAM TOP HILL),23.5332407,82.52417489999999,4.7,"park, point_of_interest, establishment",zoo,Chhattisgarh,Winter,Koriya,144
Small Temple,23.213279,82.60658080000002,4.3,"hindu_temple, place_of_worship, point_of_interest, establishment",temples,Chhattisgarh,All Seasons,Koriya,3
Hanuman Temple,23.3020228,82.6899991,4.5,"hindu_temple, place_of_worship, point_of_interest, establishment",temples,Chhattisgarh,All Seasons,Koriya,2
Gauri Shankar Temple,23.2218569,82.8644589,5,"hindu_temple, place_of_worship, point_of_interest, establishment",temples,Chhattisgarh,All Seasons,Koriya,1
Hiteshwar Mahadev Mandir- Palthajam,23.236056,82.3677338,4,"hindu_temple, place_of_worship, point_of_interest, establishment",temples,Chhattisgarh,All Seasons,Koriya,1
Maa Durga Mandir,23.4812335,82.5179531,3.8,"hindu_temple, place_of_worship, point_of_interest, establishment",temples,Chhattisgarh,All Seasons,Koriya,15
Kudargarh Temple First Stair,23.5135542,82.7532267,4.3,"hindu_temple, place_of_worship, point_of_interest, establishment",temples,Chhattisgarh,All Seasons,Koriya,107
Siddha Baba Temple,23.2196943,82.35274969999999,3.8,"hindu_temple, place_of_worship, point_of_interest, establishment",temples,Chhattisgarh,All Seasons,Koriya,4
Hanuman Shiv Mandir,23.1700742,82.37190009999999,3.8,"hindu_temple, place_of_worship, point_of_interest, establishment",temples,Chhattisgarh,All Seasons,Koriya,9
Shree Shyam Mandir,23.2096156,82.8684421,4.6,"hindu_temple, place_of_worship, point_of_interest, establishment",temples,Chhattisgarh,All Seasons,Koriya,32
Kali Mandir,23.3086433,82.7732961,4,"hindu_temple, place_of_worship, point_of_interest, establishment",temples,Chhattisgarh,All Seasons,Koriya,5
Jagannath Temple,23.2330654,82.3432439,4.6,"hindu_temple, place_of_worship, point_of_interest, establishment",temples,Chhattisgarh,All Seasons,Koriya,296
Shiv Sai Temple Bartunga,23.1671338,82.33430299999999,4.6,"hindu_temple, place_of_worship, point_of_interest, establishment",temples,Chhattisgarh,All Seasons,Koriya,23
Ghatoriya Shiv Temple – Near Gechuwa Naala,23.4129114,82.7992314,3.8,"hindu_temple, place_of_worship, point_of_interest, establishment",temples,Chhattisgarh,All Seasons,Koriya,4
Temple,23.1842923,82.3466696,5,"hindu_temple, place_of_worship, point_of_interest, establishment",temples,Chhattisgarh,All Seasons,Koriya,2
Shiv Temple & Maa Durga Temple,23.2289913,82.3542906,4.5,"hindu_temple, place_of_worship, point_of_interest, establishment",temples,Chhattisgarh,All Seasons,Koriya,19
"Shiva Temple, Jamduaari, Nagar",23.3099074,82.4321607,4.4,"hindu_temple, place_of_worship, point_of_interest, establishment",temples,Chhattisgarh,All Seasons,Koriya,7
Sai Mandir,23.2653335,82.5639108,3.9,"hindu_temple, place_of_worship, point_of_interest, establishment",temples,Chhattisgarh,All Seasons,Koriya,16
Sai Temple,23.1677969,82.36358589999999,4.3,"hindu_temple, place_of_worship, point_of_interest, establishment",temples,Chhattisgarh,All Seasons,Koriya,15
Shiv Temple,23.3012807,82.59646730000001,5,"hindu_temple, place_of_worship, point_of_interest, establishment",temples,Chhattisgarh,All Seasons,Koriya,1
Maa Ramdaiya Temple,23.2562164,82.52903400000001,4.6,"hindu_temple, place_of_worship, point_of_interest, establishment",temples,Chhattisgarh,All Seasons,Koriya,51
"Shiv Mandir, Pokhri",23.2868706,82.6913692,4.5,"hindu_temple, place_of_worship, point_of_interest, establishment",temples,Chhattisgarh,All Seasons,Koriya,12
Radhe shyama temple junapara,23.1582877,82.6780318,5,"hindu_temple, place_of_worship, point_of_interest, establishment",temples,Chhattisgarh,All Seasons,Koriya,2
HANUMAN MANDIR,23.2397453,82.39288049999999,4.3,"hindu_temple, place_of_worship, point_of_interest, establishment",temples,Chhattisgarh,All Seasons,Koriya,11
Hanuman Temple,23.1902274,82.3833078,4.8,"hindu_temple, place_of_worship, point_of_interest, establishment",temples,Chhattisgarh,All Seasons,Koriya,6
LaxmiNarayan Temple,23.2864674,82.3506724,4.4,"hindu_temple, place_of_worship, point_of_interest, establishment",temples,Chhattisgarh,All Seasons,Koriya,5
Sai Mandir Hirageer,23.1942102,82.3603705,4.2,"hindu_temple, place_of_worship, point_of_interest, establishment",temples,Chhattisgarh,All Seasons,Koriya,27
Maa Durga Mandir,23.3071789,82.6690574,4.3,"hindu_temple, place_of_worship, point_of_interest, establishment",temples,Chhattisgarh,All Seasons,Koriya,16
Shree Ram Mandir,23.3318028,82.52694079999999,4.6,"hindu_temple, place_of_worship, point_of_interest, establishment",temples,Chhattisgarh,All Seasons,Koriya,8
Hanuman Mandir,23.2983858,82.5524215,4.9,"hindu_temple, place_of_worship, point_of_interest, establishment",temples,Chhattisgarh,All Seasons,Koriya,15
Gauri Shankar Temple,23.304765,82.85911209999999,4.5,"hindu_temple, place_of_worship, point_of_interest, establishment",temples,Chhattisgarh,All Seasons,Koriya,37
Shiv Temple Upka,23.2837825,82.55907529999999,5,"hindu_temple, place_of_worship, point_of_interest, establishment",temples,Chhattisgarh,All Seasons,Koriya,2
Shri Radha krishna temple,23.1701409,82.3617805,4.6,"hindu_temple, place_of_worship, point_of_interest, establishment",temples,Chhattisgarh,All Seasons,Koriya,5
Hanuman Temple,23.2430473,82.3456037,4.8,"hindu_temple, place_of_worship, point_of_interest, establishment",temples,Chhattisgarh,All Seasons,Koriya,5
Shri Shiv Parshuram Dham Surajpur,23.2244263,82.876589,5,"hindu_temple, place_of_worship, point_of_interest, establishment",temples,Chhattisgarh,All Seasons,Koriya,5
Hanuman Temple,23.2605418,82.55986089999999,4.3,"hindu_temple, place_of_worship, point_of_interest, establishment",temples,Chhattisgarh,All Seasons,Koriya,6
Premabag Shiv Mandir,23.2627367,82.5689077,4.1,"hindu_temple, place_of_worship, point_of_interest, establishment",temples,Chhattisgarh,All Seasons,Koriya,14
Bajrang Bali Mandir,23.3053631,82.6694735,4.9,"hindu_temple, place_of_worship, point_of_interest, establishment",temples,Chhattisgarh,All Seasons,Koriya,8
Shiv Mandir,23.3221875,82.5282185,4.5,"hindu_temple, place_of_worship, point_of_interest, establishment",temples,Chhattisgarh,All Seasons,Koriya,6
Shiv temple gadabuda,23.2283125,82.3439844,5,"hindu_temple, place_of_worship, point_of_interest, establishment",temples,Chhattisgarh,All Seasons,Koriya,1
Shiv Mandir,23.2341956,82.7081596,0,"hindu_temple, place_of_worship, point_of_interest, establishment",temples,Chhattisgarh,All Seasons,Koriya,0
Shri Hanuman Mandir,23.3517482,82.7317381,5,"hindu_temple, place_of_worship, point_of_interest, establishment",temples,Chhattisgarh,All Seasons,Koriya,11
Hari Mandir,23.1989587,82.3546851,4.1,"hindu_temple, place_of_worship, point_of_interest, establishment",temples,Chhattisgarh,All Seasons,Koriya,19
Shiv Mandir,23.3580109,82.6788538,5,"hindu_temple, place_of_worship, point_of_interest, establishment",temples,Chhattisgarh,All Seasons,Koriya,1
Shiv Temple,23.2444314,82.658523,4,"hindu_temple, place_of_worship, point_of_interest, establishment",temples,Chhattisgarh,All Seasons,Koriya,7
Siddhi Hanuman Ji Maharaj Temple Ujiyarpur,23.3065809,82.4110671,5,"hindu_temple, place_of_worship, point_of_interest, establishment",temples,Chhattisgarh,All Seasons,Koriya,35
Sai Baba Temple,23.3029893,82.668521,4.2,"hindu_temple, place_of_worship, point_of_interest, establishment",temples,Chhattisgarh,All Seasons,Koriya,5
Maa Sharda Mandir,23.2529767,82.538636,5,"hindu_temple, place_of_worship, point_of_interest, establishment",temples,Chhattisgarh,All Seasons,Koriya,1
Shiv Mandir,23.3347401,82.53377950000001,4.7,"hindu_temple, place_of_worship, point_of_interest, establishment",temples,Chhattisgarh,All Seasons,Koriya,9
Mahadev Temple,23.348028,82.7295213,4.8,"hindu_temple, place_of_worship, point_of_interest, establishment",temples,Chhattisgarh,All Seasons,Koriya,10
Shriram temple श्री रामचन्द्र जी मंदिर,23.2590946,82.5587542,5,"hindu_temple, place_of_worship, point_of_interest, establishment",temples,Chhattisgarh,All Seasons,Koriya,1
Kaali Mandir,23.3373193,82.5299124,5,"hindu_temple, place_of_worship, point_of_interest, establishment",temples,Chhattisgarh,All Seasons,Koriya,1
Lord Shiv temple,23.2956851,82.67515039999999,5,"hindu_temple, place_of_worship, point_of_interest, establishment",temples,Chhattisgarh,All Seasons,Koriya,3
Hanuman temple pondi,23.2327331,82.35514359999999,5,"hindu_temple, place_of_worship, point_of_interest, establishment",temples,Chhattisgarh,All Seasons,Koriya,1
MAHADEV TEMPLE 🙏,23.2967789,82.8786774,5,"hindu_temple, place_of_worship, point_of_interest, establishment",temples,Chhattisgarh,All Seasons,Koriya,1
Radhe Krishna Mandir,23.2395037,82.7179586,4.5,"hindu_temple, place_of_worship, point_of_interest, establishment",temples,Chhattisgarh,All Seasons,Koriya,4
Panch Mandir,23.2198263,82.8668242,4.4,"hindu_temple, place_of_worship, point_of_interest, establishment",temples,Chhattisgarh,All Seasons,Koriya,27
Hanuman temple,23.1990567,82.3530686,5,"hindu_temple, place_of_worship, point_of_interest, establishment",temples,Chhattisgarh,All Seasons,Koriya,1
SHIV MANDIR (shivghat),23.344959,82.55530499999999,3.9,"hindu_temple, place_of_worship, point_of_interest, establishment",temples,Chhattisgarh,All Seasons,Koriya,14
Maa Durga Temple,23.4636953,82.4285767,5,"hindu_temple, place_of_worship, point_of_interest, establishment",temples,Chhattisgarh,All Seasons,Koriya,1
Katgodi Shaft Temple,23.3650768,82.5258305,5,"hindu_temple, place_of_worship, point_of_interest, establishment",temples,Chhattisgarh,All Seasons,Koriya,1
Hill pizza,23.2748076,82.55210369999999,4.3,"restaurant, food, point_of_interest, establishment",hills,Chhattisgarh,Winter,Koriya,79
GURUGHASIDAS NATIONAL PARK (BALAM TOP HILL),23.5332407,82.52417489999999,4.7,"park, point_of_interest, establishment",hills,Chhattisgarh,Winter,Koriya,144
Chirmiri hill station view,23.1584644,82.31516270000002,4.1,"park, point_of_interest, establishment",hills,Chhattisgarh,Winter,Koriya,36
36 Mod Nature View Point.,23.1825321,82.3816198,4.4,"park, point_of_interest, establishment",hills,Chhattisgarh,Winter,Koriya,253
"Chhuri hill, baikunthpur",23.1883333,82.56833879999999,5,"hindu_temple, place_of_worship, point_of_interest, establishment",hills,Chhattisgarh,Winter,Koriya,7
पहाड़पारा घाट hill station,23.3126043,82.43924870000001,5,"park, point_of_interest, establishment",hills,Chhattisgarh,Winter,Koriya,1
Kudargarh Hill view,23.5201374,82.7498016,4.7,"tourist_attraction, point_of_interest, establishment",hills,Chhattisgarh,Winter,Koriya,6
Thirty Six Hill Top Tower,23.565528,82.487861,4.5,"tourist_attraction, point_of_interest, establishment",hills,Chhattisgarh,Winter,Koriya,6
Bartunga Hill Mines SECL,23.1669052,82.3226816,4.3,"point_of_interest, establishment",hills,Chhattisgarh,Winter,Koriya,7
"Mount Hill Public School, Surajpur",23.2097127,82.8679452,5,"school, point_of_interest, establishment",hills,Chhattisgarh,Winter,Koriya,3
Dumanhill Park,23.1933743,82.38388259999999,4,"park, point_of_interest, establishment",hills,Chhattisgarh,Winter,Koriya,31
Doman Hill,23.1915942,82.3821584,No rating,"locality, political",hills,Chhattisgarh,Winter,Koriya,0
Chirimiri,23.189774,82.349873,4.3,"train_station, transit_station, point_of_interest, establishment",hills,Chhattisgarh,Winter,Koriya,228
SECL Guesthouse Duman Hill,23.1931981,82.3807801,3.4,"campground, park, lodging, point_of_interest, establishment",hills,Chhattisgarh,Winter,Koriya,5
Anjan Hill Mine,23.1665825,82.3215764,0,"point_of_interest, establishment",hills,Chhattisgarh,Winter,Koriya,0
Welcome Chirmiri,23.2416854,82.345229,4.2,"tourist_attraction, point_of_interest, establishment",hills,Chhattisgarh,Winter,Koriya,13
Dukan hill siding,23.1915937,82.3821583,0,"point_of_interest, establishment",hills,Chhattisgarh,Winter,Koriya,0
Dumanhill Post Office,23.1892649,82.3824781,3.8,"post_office, finance, point_of_interest, establishment",hills,Chhattisgarh,Winter,Koriya,10
Sonawani Colliery Dumanhill,23.1893136,82.3836492,4.3,"school, point_of_interest, establishment",hills,Chhattisgarh,Winter,Koriya,3
CENTRAL BANK OF INDIA - DOMAN HILL COLLIERY Branch,23.1907703,82.3809167,2.8,"bank, finance, point_of_interest, establishment",hills,Chhattisgarh,Winter,Koriya,4
Yara da Cafe,23.1915638,82.3571853,0,"cafe, point_of_interest, food, establishment",hills,Chhattisgarh,Winter,Koriya,0
"Masjid Talimul Quran, Markaz Dumanhill",23.1918488,82.38681629999999,5,"mosque, place_of_worship, point_of_interest, establishment",hills,Chhattisgarh,Winter,Koriya,1
HANUMAN MANDIR GIRIDIH DAFAI PMD,23.1862696,82.3852785,4,"hindu_temple, place_of_worship, point_of_interest, establishment",hills,Chhattisgarh,Winter,Koriya,10
SBM Toilet,23.1928692,82.382474,0,"point_of_interest, establishment",hills,Chhattisgarh,Winter,Koriya,0
Dumanhill markaz,23.1924401,82.382283,0,"mosque, place_of_worship, point_of_interest, establishment",hills,Chhattisgarh,Winter,Koriya,0
chirmiri hills coffee house,23.1900043,82.352535,0,"cafe, point_of_interest, food, establishment",hills,Chhattisgarh,Winter,Koriya,0
Dumanhill garden,23.1915937,82.3821583,0,"point_of_interest, establishment",hills,Chhattisgarh,Winter,Koriya,0
SBM Toilet,23.1973693,82.38280739999999,0,"point_of_interest, establishment",hills,Chhattisgarh,Winter,Koriya,0
SAMEEM ANSARI,23.185073,82.3829353,5,"supermarket, grocery_or_supermarket, point_of_interest, food, store, establishment",hills,Chhattisgarh,Winter,Koriya,1
Dumanhill chirimiri,23.1915937,82.3821583,5,"travel_agency, point_of_interest, establishment",hills,Chhattisgarh,Winter,Koriya,1
कुदरगढ़ी मंदिर,23.1883889,82.3769792,3.6,"hindu_temple, place_of_worship, point_of_interest, establishment",hills,Chhattisgarh,Winter,Koriya,5
Driver Colony,23.1971578,82.38744319999999,No rating,"neighborhood, political",hills,Chhattisgarh,Winter,Koriya,0
King's Fruit,23.1888153,82.3813301,0,"point_of_interest, establishment",hills,Chhattisgarh,Winter,Koriya,0
Bharat Auto Parts,23.1925741,82.3817779,4,"store, point_of_interest, establishment",hills,Chhattisgarh,Winter,Koriya,4
Subhas colony,23.1926346,82.3831792,0,"point_of_interest, establishment",hills,Chhattisgarh,Winter,Koriya,0
Amarkunj Play Ground,23.1924292,82.3838328,4,"point_of_interest, establishment",hills,Chhattisgarh,Winter,Koriya,24
"Raja Baland Forte, Kudargarh",23.518576,82.76767,5,"point_of_interest, establishment",hills,Chhattisgarh,Winter,Koriya,3
"Shishu Shiksha Niketan Higher Secondary School, Dumanhill",23.1967422,82.38237769999999,4.1,"school, point_of_interest, establishment",hills,Chhattisgarh,Winter,Koriya,7
PET PULL CENTRE,23.1858217,82.3824745,0,"restaurant, point_of_interest, food, establishment",hills,Chhattisgarh,Winter,Koriya,0
Hanuman Temple,23.1902274,82.3833078,4.8,"hindu_temple, place_of_worship, point_of_interest, establishment",hills,Chhattisgarh,Winter,Koriya,6
MOSQUE,23.1924065,82.38679429999999,4.1,"mosque, place_of_worship, point_of_interest, establishment",hills,Chhattisgarh,Winter,Koriya,8
Maa Kali Jhilimili,23.3549726,82.72999490000001,4.4,"hindu_temple, place_of_worship, point_of_interest, establishment",hills,Chhattisgarh,Winter,Koriya,9
Krishna Mandir,23.1885718,82.38065999999999,0,"hindu_temple, place_of_worship, point_of_interest, establishment",hills,Chhattisgarh,Winter,Koriya,0
Shaahid Kirana,23.1891937,82.3812078,4.7,"grocery_or_supermarket, food, point_of_interest, store, establishment",hills,Chhattisgarh,Winter,Koriya,20
DHCDIGITEC Services PVT. LTD.,23.1920512,82.3818471,0,"finance, point_of_interest, establishment",hills,Chhattisgarh,Winter,Koriya,0
NTC,23.1959725,82.3838554,0,"point_of_interest, establishment",hills,Chhattisgarh,Winter,Koriya,0
Mungoda Centre,23.1929083,82.3823312,0,"restaurant, food, point_of_interest, establishment",hills,Chhattisgarh,Winter,Koriya,0
CENTRAL BANK OF INDIA - ATM,23.1879366,82.3789197,0,"atm, finance, point_of_interest, establishment",hills,Chhattisgarh,Winter,Koriya,0
ragini kumari,23.195732,82.3889208,0,"point_of_interest, establishment",hills,Chhattisgarh,Winter,Koriya,0
arti home,23.1948749,82.38185039999999,0,"point_of_interest, establishment",hills,Chhattisgarh,Winter,Koriya,0
Tara Maa Genral Gift Center,23.1925985,82.3847368,0,"food, point_of_interest, store, establishment",hills,Chhattisgarh,Winter,Koriya,0
S.E.C.L Hospital Dumanhill,23.1908923,82.3839497,3,"hospital, health, point_of_interest, establishment",hills,Chhattisgarh,Winter,Koriya,5
Shankar dresses,23.1929429,82.3819486,5,"clothing_store, point_of_interest, store, establishment",hills,Chhattisgarh,Winter,Koriya,2
Taxi Stand,23.1934766,82.38135559999999,2,"taxi_stand, point_of_interest, establishment",hills,Chhattisgarh,Winter,Koriya,1
Car rental all india rajwade travels,23.1970426,82.3853271,4.7,"point_of_interest, establishment",hills,Chhattisgarh,Winter,Koriya,3
Gupta Stationery Mart,23.1906156,82.38177089999999,4.4,"point_of_interest, store, establishment",hills,Chhattisgarh,Winter,Koriya,31
SKYCRUCKS,23.1889894,82.3847181,0,"shopping_mall, point_of_interest, establishment",hills,Chhattisgarh,Winter,Koriya,0
Verma Jewellers,23.192291,82.38170710000001,5,"jewelry_store, point_of_interest, store, establishment",hills,Chhattisgarh,Winter,Koriya,2
SHIV CAR WASH & SERVICE CENTER,23.1866256,82.3800685,3.7,"car_wash, point_of_interest, establishment",hills,Chhattisgarh,Winter,Koriya,7
Gupta Kirana Store,23.1926597,82.3816739,4.4,"home_goods_store, point_of_interest, store, establishment",hills,Chhattisgarh,Winter,Koriya,5
Gaurghat Waterfall,23.3774423,82.36281199999999,4.3,"tourist_attraction, point_of_interest, establishment",attraction,Chhattisgarh,All Seasons,Koriya,677
Akuri Nala waterfall,23.5109194,82.3815888,3.6,"tourist_attraction, point_of_interest, establishment",attraction,Chhattisgarh,All Seasons,Koriya,5
Lafri,23.6041104,82.8324931,4.3,"tourist_attraction, point_of_interest, establishment",attraction,Chhattisgarh,All Seasons,Koriya,387
Amritdhara Waterfall,23.3331291,82.3211353,4.4,"tourist_attraction, point_of_interest, establishment",attraction,Chhattisgarh,All Seasons,Koriya,2820
jhumka island,23.2885068,82.53019909999999,3.9,"tourist_attraction, park, point_of_interest, establishment",attraction,Chhattisgarh,All Seasons,Koriya,47
Welcome Chirmiri,23.2416854,82.345229,4.2,"tourist_attraction, point_of_interest, establishment",attraction,Chhattisgarh,All Seasons,Koriya,13
Khairi Dam,23.284603,82.656775,4,"tourist_attraction, point_of_interest, establishment",attraction,Chhattisgarh,All Seasons,Koriya,7
Thirty Six Hill Top Tower,23.565528,82.487861,4.5,"tourist_attraction, point_of_interest, establishment",attraction,Chhattisgarh,All Seasons,Koriya,6
Parewaghat Waterfall Nagar,23.3223716,82.44322609999999,4.2,"tourist_attraction, point_of_interest, establishment",attraction,Chhattisgarh,All Seasons,Koriya,25
Mohan Colony Nature View Point,23.1992194,82.3460162,5,"tourist_attraction, point_of_interest, establishment",attraction,Chhattisgarh,All Seasons,Koriya,1
Jhinjhi waterfall,23.429854,82.7496997,5,"tourist_attraction, point_of_interest, establishment",attraction,Chhattisgarh,All Seasons,Koriya,4
Natural water fountain,23.1217512,82.8849906,4.2,"tourist_attraction, point_of_interest, establishment",attraction,Chhattisgarh,All Seasons,Koriya,10
Laphari water falls Surajpur,23.603425,82.83221669999999,0,"tourist_attraction, point_of_interest, establishment",attraction,Chhattisgarh,All Seasons,Koriya,0
खोह घाट नवडीहा,23.6100667,82.88526829999999,4,"tourist_attraction, point_of_interest, establishment",attraction,Chhattisgarh,All Seasons,Koriya,1
Samundai Waterfall,23.3515908,82.57506699999999,4.7,"tourist_attraction, point_of_interest, establishment",attraction,Chhattisgarh,All Seasons,Koriya,20
Jhanka Waterfall झंखा जलप्रपात,23.42039,82.8438077,4.4,"tourist_attraction, point_of_interest, establishment",attraction,Chhattisgarh,All Seasons,Koriya,18
Chandi ghogra waterfall,23.155629,82.48111,4.3,"tourist_attraction, point_of_interest, establishment",attraction,Chhattisgarh,All Seasons,Koriya,3
Bank ghat,23.5753949,82.7791376,4.1,"tourist_attraction, point_of_interest, establishment",attraction,Chhattisgarh,All Seasons,Koriya,27
Hasdev Udgam Sthal,23.5126867,82.51690080000002,4.4,"tourist_attraction, point_of_interest, establishment",attraction,Chhattisgarh,All Seasons,Koriya,45
Korea Palace,23.2571158,82.5573276,4.3,"tourist_attraction, point_of_interest, establishment",attraction,Chhattisgarh,All Seasons,Koriya,455
"Parwati Ghat, Surajpur",23.2069372,82.87705199999999,4,"tourist_attraction, point_of_interest, establishment",attraction,Chhattisgarh,All Seasons,Koriya,15
डउकाबुड़ा जलाशय,23.4877177,82.50603939999999,0,"tourist_attraction, point_of_interest, establishment",attraction,Chhattisgarh,All Seasons,Koriya,0
Kishanpur Picnic Spot,23.1903454,82.3272568,4.1,"tourist_attraction, point_of_interest, establishment",attraction,Chhattisgarh,All Seasons,Koriya,8
Katgodi vally,23.3387936,82.5615176,5,"tourist_attraction, point_of_interest, establishment",attraction,Chhattisgarh,All Seasons,Koriya,4
Ankuri Nala Waterfall,23.515784,82.40881180000001,3,"tourist_attraction, point_of_interest, establishment",attraction,Chhattisgarh,All Seasons,Koriya,3
Shiv ghat,23.3451298,82.5529043,4.2,"tourist_attraction, point_of_interest, establishment",attraction,Chhattisgarh,All Seasons,Koriya,67
Jhumka dam (rainy season waterfall ),23.2597211,82.52000369999999,4.3,"tourist_attraction, point_of_interest, establishment",attraction,Chhattisgarh,All Seasons,Koriya,29
ghughraha waterfall,23.3207093,82.4292401,5,"tourist_attraction, point_of_interest, establishment",attraction,Chhattisgarh,All Seasons,Koriya,2
Dewala नवगई माझा पारा,23.2796132,82.8406303,4.2,"tourist_attraction, point_of_interest, establishment",attraction,Chhattisgarh,All Seasons,Koriya,6
Amrit Sarovar (Mahamaya Dam),23.1857044,82.85903259999999,4.3,"tourist_attraction, point_of_interest, establishment",attraction,Chhattisgarh,All Seasons,Koriya,13
Rajni Picnic Spot,23.4378517,82.82636149999999,4.4,"tourist_attraction, point_of_interest, establishment",attraction,Chhattisgarh,All Seasons,Koriya,7
Garh Pahad Koriya Pahad,23.1309375,82.47281249999999,3.7,"tourist_attraction, point_of_interest, establishment",attraction,Chhattisgarh,All Seasons,Koriya,11
Bartunga nursery,23.1628009,82.3352934,4.3,"tourist_attraction, point_of_interest, establishment",attraction,Chhattisgarh,All Seasons,Koriya,3
Baniya Dhar River Waterfall,23.3864082,82.34048969999999,4.3,"tourist_attraction, point_of_interest, establishment",attraction,Chhattisgarh,All Seasons,Koriya,45
Amritdhara Waterfall,23.331922,82.3397636,4.2,"tourist_attraction, point_of_interest, establishment",attraction,Chhattisgarh,All Seasons,Koriya,68
Ujwal xess home,23.2545129,82.3192018,0,"tourist_attraction, point_of_interest, establishment",attraction,Chhattisgarh,All Seasons,Koriya,0
दुमुहानी पिकनिक स्पॉट,23.3317512,82.5980436,3.6,"tourist_attraction, point_of_interest, establishment",attraction,Chhattisgarh,All Seasons,Koriya,7
PRASAD CHOWK,23.3015113,82.56939419999999,5,"tourist_attraction, point_of_interest, establishment",attraction,Chhattisgarh,All Seasons,Koriya,1
Kudargarh Hill view,23.5201374,82.7498016,4.7,"tourist_attraction, point_of_interest, establishment",attraction,Chhattisgarh,All Seasons,Koriya,6
विकी व्यू प्वाइंट ( We Ke View Point),23.3160195,82.3403155,5,"tourist_attraction, point_of_interest, establishment",attraction,Chhattisgarh,All Seasons,Koriya,2
KUBER GHAGH,23.3857067,82.3614265,4.3,"tourist_attraction, point_of_interest, establishment",attraction,Chhattisgarh,All Seasons,Koriya,9
Hiru rajwade,23.462773,82.8769316,0,"tourist_attraction, point_of_interest, establishment",attraction,Chhattisgarh,All Seasons,Koriya,0
Soratiya sarna pampanagar,23.1105112,82.7295472,0,"tourist_attraction, point_of_interest, establishment",attraction,Chhattisgarh,All Seasons,Koriya,0
मधौरा जलाशय,23.3896706,82.55966420000001,4.1,"tourist_attraction, point_of_interest, establishment",attraction,Chhattisgarh,All Seasons,Koriya,9
Nala,23.2136011,82.8679549,0,"tourist_attraction, point_of_interest, establishment",attraction,Chhattisgarh,All Seasons,Koriya,0
Barmunda Burkumar Picnic Point,23.2136011,82.8679549,0,"tourist_attraction, point_of_interest, establishment",attraction,Chhattisgarh,All Seasons,Koriya,0
Gej Bandh Picnic Spot,23.3160312,82.5665722,4.6,"tourist_attraction, point_of_interest, establishment",attraction,Chhattisgarh,All Seasons,Koriya,12
Bhaora dah,23.6197683,82.8200433,5,"tourist_attraction, point_of_interest, establishment",attraction,Chhattisgarh,All Seasons,Koriya,1
Jhilimili ka Picnic spot,23.3610625,82.86331249999999,0,"tourist_attraction, point_of_interest, establishment",attraction,Chhattisgarh,All Seasons,Koriya,0
Bhaora dah,23.2156476,82.8670192,5,"tourist_attraction, point_of_interest, establishment",attraction,Chhattisgarh,All Seasons,Koriya,1
चिरमिरी कोरिया छत्तीसगढ़.,23.3774308,82.3628114,3.3,"tourist_attraction, point_of_interest, establishment",attraction,Chhattisgarh,All Seasons,Koriya,3
Railway bridge on river,23.2879297,82.310616,3.7,"tourist_attraction, point_of_interest, establishment",attraction,Chhattisgarh,All Seasons,Koriya,3
Khenkhrahiya Fall,23.5341419,82.58066319999999,3.3,"tourist_attraction, point_of_interest, establishment",attraction,Chhattisgarh,All Seasons,Koriya,3
शहीद राजेश पटेल स्मारक,23.2001978,82.34856429999999,0,"tourist_attraction, point_of_interest, establishment",attraction,Chhattisgarh,All Seasons,Koriya,0
Banjaridand sons road,23.1674431,82.4692513,4.2,"tourist_attraction, point_of_interest, establishment",attraction,Chhattisgarh,All Seasons,Koriya,9
Balrampur (gavar bahra),23.2136011,82.8679549,0,"tourist_attraction, point_of_interest, establishment",attraction,Chhattisgarh,All Seasons,Koriya,0
नर्सरी तलाब सोनहत,23.476315,82.52526499999999,3,"tourist_attraction, point_of_interest, establishment",attraction,Chhattisgarh,All Seasons,Koriya,1
Govindpur wotr check dam,23.1593617,82.4819533,0,"tourist_attraction, point_of_interest, establishment",attraction,Chhattisgarh,All Seasons,Koriya,0
BTI Garden,21.1008392,82.0783263,3.9,"park, point_of_interest, establishment",parks,Chhattisgarh,Spring,Mahasamund,522
Nilgiri location,21.2224294,81.824034,4.6,"park, point_of_interest, establishment",parks,Chhattisgarh,Spring,Mahasamund,27
Dindayal Park,20.9709287,82.03061989999999,4.5,"park, point_of_interest, establishment",parks,Chhattisgarh,Spring,Mahasamund,15
Rajim Park,20.9597608,81.8858209,3.8,"park, point_of_interest, establishment",parks,Chhattisgarh,Spring,Mahasamund,134
"Rajiv Gandhi Udyan, Arang",21.1923802,81.961727,4.2,"park, point_of_interest, establishment",parks,Chhattisgarh,Spring,Mahasamund,43
Meghbasant colony park,21.108534,82.099395,4,"park, point_of_interest, establishment",parks,Chhattisgarh,Spring,Mahasamund,2
Sanjay Kanan Garden Mahasamund,21.096268,82.1045674,3.7,"park, point_of_interest, establishment",parks,Chhattisgarh,Spring,Mahasamund,239
बम्हनी गौठान,21.1032774,82.0011605,5,"park, point_of_interest, establishment",parks,Chhattisgarh,Spring,Mahasamund,1
Love Tree,21.2054598,81.81923130000001,5,"park, point_of_interest, establishment",parks,Chhattisgarh,Spring,Mahasamund,3
Kilkari Garden Mahasamund,21.1053062,82.0952839,3.6,"park, point_of_interest, establishment",parks,Chhattisgarh,Spring,Mahasamund,137
Shri Ram colony center chok,21.1048114,82.099552,5,"park, point_of_interest, establishment",parks,Chhattisgarh,Spring,Mahasamund,1
Khallari mata mandir kodardam,21.1995808,82.1891515,4.2,"park, point_of_interest, establishment",parks,Chhattisgarh,Spring,Mahasamund,39
"Shahid Smarak, Kharora, mahasamund",21.1248296,82.07041219999999,4.2,"park, point_of_interest, establishment",parks,Chhattisgarh,Spring,Mahasamund,35
Nehru Ghat,20.9674195,81.8712484,4,"park, point_of_interest, establishment",parks,Chhattisgarh,Spring,Mahasamund,125
Khet,20.8539966,82.1866175,5,"park, point_of_interest, establishment",parks,Chhattisgarh,Spring,Mahasamund,1
बजार चौक बजरंग मंदिर,21.1746533,82.3870685,5,"park, point_of_interest, establishment",parks,Chhattisgarh,Spring,Mahasamund,1
Garden Farfaud,21.2775937,81.9511792,4,"park, point_of_interest, establishment",parks,Chhattisgarh,Spring,Mahasamund,43
Mini Jungle(Only Deer),21.0170613,81.9787336,4.5,"park, point_of_interest, establishment",parks,Chhattisgarh,Spring,Mahasamund,2
Mohandi tanki,21.1171211,82.21246620000001,5,"park, point_of_interest, establishment",parks,Chhattisgarh,Spring,Mahasamund,1
PC Lake,21.1826708,81.8250252,3.7,"park, point_of_interest, establishment",parks,Chhattisgarh,Spring,Mahasamund,14
Point 21,21.0640271,81.8167711,5,"park, point_of_interest, establishment",parks,Chhattisgarh,Spring,Mahasamund,2
Yara point Deori,20.8900583,81.9555881,5,"park, point_of_interest, establishment",parks,Chhattisgarh,Spring,Mahasamund,1
Pathri,21.2234801,82.2684154,4.3,"park, point_of_interest, establishment",parks,Chhattisgarh,Spring,Mahasamund,3
Dulna photo pic,20.9440441,81.84281829999999,4,"park, point_of_interest, establishment",parks,Chhattisgarh,Spring,Mahasamund,4
MAHASAMUND,21.1146372,82.0965117,4,"park, point_of_interest, establishment",parks,Chhattisgarh,Spring,Mahasamund,4
Avgesh tandan,21.3725872,82.10655779999999,5,"park, point_of_interest, establishment",parks,Chhattisgarh,Spring,Mahasamund,2
Jawahar lal Ogre denish,21.3754549,82.10265869999999,3,"park, point_of_interest, establishment",parks,Chhattisgarh,Spring,Mahasamund,1
Chota Marin Drive Kalinga,21.1660502,81.82212439999999,3.5,"park, point_of_interest, establishment",parks,Chhattisgarh,Spring,Mahasamund,2
Kodar Garden,21.2056008,82.17975609999999,4.3,"park, point_of_interest, establishment",parks,Chhattisgarh,Spring,Mahasamund,6
sant ramdas garden,21.1191038,82.10789799999999,3.9,"park, point_of_interest, establishment",parks,Chhattisgarh,Spring,Mahasamund,43
"Krisha kunj, mahasamund",21.0953549,82.107598,5,"park, point_of_interest, establishment",parks,Chhattisgarh,Spring,Mahasamund,1
Krishnkunj Rajim,20.9457759,81.8762953,5,"park, point_of_interest, establishment",parks,Chhattisgarh,Spring,Mahasamund,1
Guptesh Acharya Colony,21.119708,82.0973637,3.5,"park, point_of_interest, establishment",parks,Chhattisgarh,Spring,Mahasamund,2
हनुमान मंदिर चौक,20.9903755,81.9272348,0,"park, point_of_interest, establishment",parks,Chhattisgarh,Spring,Mahasamund,0
Kodar Dam,21.1946819,82.1803898,4.1,"tourist_attraction, park, point_of_interest, establishment",parks,Chhattisgarh,Spring,Mahasamund,434
"Pushpa Vatika, Rajim",20.9599618,81.8858765,4,"park, point_of_interest, establishment",parks,Chhattisgarh,Spring,Mahasamund,1
अटल चौक अरण्ड,20.9928509,81.9594803,0,"park, point_of_interest, establishment",parks,Chhattisgarh,Spring,Mahasamund,0
Lokesh,21.1368413,82.0903312,0,"park, point_of_interest, establishment",parks,Chhattisgarh,Spring,Mahasamund,0
जरौद 2,21.2251326,81.85054749999999,3,"park, point_of_interest, establishment",parks,Chhattisgarh,Spring,Mahasamund,4
Sankalp Dharohar Garden,21.1777992,82.00109859999999,5,"park, point_of_interest, establishment",parks,Chhattisgarh,Spring,Mahasamund,2
kuleshwar Kumar patel,20.9969843,82.0764418,5,"park, point_of_interest, establishment",parks,Chhattisgarh,Spring,Mahasamund,1
Aman Ali House,21.0357601,82.0660985,3,"park, point_of_interest, establishment",parks,Chhattisgarh,Spring,Mahasamund,2
Garden,21.1124067,82.09596200000001,0,"park, point_of_interest, establishment",parks,Chhattisgarh,Spring,Mahasamund,0
Nature Park Lohardihi,21.1742102,82.2013901,0,"park, point_of_interest, establishment",parks,Chhattisgarh,Spring,Mahasamund,0
Srb dam ARANG RATAKAT,21.1997516,82.0107395,0,"park, point_of_interest, establishment",parks,Chhattisgarh,Spring,Mahasamund,0
KKA PARA,21.3622612,81.8940777,3,"park, point_of_interest, establishment",parks,Chhattisgarh,Spring,Mahasamund,2
Khatti dam,20.8973211,81.8220657,4.3,"park, point_of_interest, establishment",parks,Chhattisgarh,Spring,Mahasamund,9
Tarra Christian कब्रस्तान,21.0952726,81.8481831,0,"park, point_of_interest, establishment",parks,Chhattisgarh,Spring,Mahasamund,0
Sohan paswan,21.2786567,81.8661442,0,"park, point_of_interest, establishment",parks,Chhattisgarh,Spring,Mahasamund,0
Surbhi garden,21.099461,82.0658749,3,"park, point_of_interest, establishment",parks,Chhattisgarh,Spring,Mahasamund,1
Kumhari nala,21.090775,81.96620329999999,0,"park, point_of_interest, establishment",parks,Chhattisgarh,Spring,Mahasamund,0
Pioneer,21.2781839,81.8661321,0,"park, point_of_interest, establishment",parks,Chhattisgarh,Spring,Mahasamund,0
Cricket Ground Asounda,21.3470715,81.8664094,4.3,"park, point_of_interest, establishment",parks,Chhattisgarh,Spring,Mahasamund,11
Mirani global,21.171116,81.8757018,4,"park, point_of_interest, establishment",parks,Chhattisgarh,Spring,Mahasamund,1
Smart City Mahasamund,21.1124512,82.09657560000001,5,"campground, lodging, park, point_of_interest, establishment",parks,Chhattisgarh,Spring,Mahasamund,2
शीतला तालाब,21.1548444,81.8116269,0,"park, point_of_interest, establishment",parks,Chhattisgarh,Spring,Mahasamund,0
Garden Jaroud,21.2556144,81.9390487,3.3,"park, point_of_interest, establishment",parks,Chhattisgarh,Spring,Mahasamund,6
भोकडिया तलाब,21.149604,81.80928449999999,3,"park, point_of_interest, establishment",parks,Chhattisgarh,Spring,Mahasamund,1
Shreepoorna Oneness Center,21.232832,82.201307,0,"park, point_of_interest, establishment",parks,Chhattisgarh,Spring,Mahasamund,0
Vaghya park Dulna,20.9478112,81.8452803,0,"park, point_of_interest, establishment",parks,Chhattisgarh,Spring,Mahasamund,0
Museum,21.3530151,82.1858558,4.7,"museum, point_of_interest, establishment",museum,Chhattisgarh,Winter,Mahasamund,22
Brahama Kumaris Museum,20.9679732,81.8792586,3.7,"museum, point_of_interest, establishment",museum,Chhattisgarh,Winter,Mahasamund,20
Maurikala Gufa,20.9246193,81.80907739999999,4.5,"museum, point_of_interest, establishment",museum,Chhattisgarh,Winter,Mahasamund,20
Shri Mahaprabhuji Museum,21.0319143,81.9253494,2.7,"museum, point_of_interest, establishment",museum,Chhattisgarh,Winter,Mahasamund,3
Surang Tila,21.3465552,82.1820739,4.3,"tourist_attraction, museum, point_of_interest, establishment",museum,Chhattisgarh,Winter,Mahasamund,699
Rajim triveni sangam,20.9623485,81.8709262,4.4,"tourist_attraction, point_of_interest, establishment",museum,Chhattisgarh,Winter,Mahasamund,686
Sri Laxman Temple,21.353115,82.18671239999999,4.4,"hindu_temple, tourist_attraction, place_of_worship, point_of_interest, establishment",museum,Chhattisgarh,Winter,Mahasamund,1430
Dadu kabaddi,21.044854,82.3869524,0,"museum, point_of_interest, establishment",museum,Chhattisgarh,Winter,Mahasamund,0
Shani dev mandir matiyadih Chhattisgarh,21.3560777,81.8525883,0,"hindu_temple, place_of_worship, point_of_interest, establishment",museum,Chhattisgarh,Winter,Mahasamund,0
"FARISHTA BHAWAN, OM SHANTI COLONY, NAWAPARA RAJIM",20.9718805,81.86800339999999,3.6,"museum, point_of_interest, establishment",museum,Chhattisgarh,Winter,Mahasamund,32
चारो धाम गैरेज,20.9551145,81.8978455,2,"museum, point_of_interest, establishment",museum,Chhattisgarh,Winter,Mahasamund,1
Chakki peraan,21.1192561,81.9482305,0,"museum, point_of_interest, establishment",museum,Chhattisgarh,Winter,Mahasamund,0
RATHIA para katangdih,21.2786567,81.8661442,0,"museum, point_of_interest, establishment",museum,Chhattisgarh,Winter,Mahasamund,0
Dhaskund Waterfall,21.3784512,82.2595656,4.2,"tourist_attraction, point_of_interest, establishment",waterfalls,Chhattisgarh,Monsoon,Mahasamund,982
Kosam-Bir waterfall (Mahanadi main canal),21.1376385,81.86361620000001,3.5,"tourist_attraction, point_of_interest, establishment",waterfalls,Chhattisgarh,Monsoon,Mahasamund,19
Jharjhara Mata Mandir And Waterfall,20.8388361,82.01604209999999,4.3,"tourist_attraction, point_of_interest, establishment",waterfalls,Chhattisgarh,Monsoon,Mahasamund,62
SRB Dam Arang,21.2013422,81.99627459999999,4.7,"tourist_attraction, point_of_interest, establishment",waterfalls,Chhattisgarh,Monsoon,Mahasamund,21
Jogidipa Dam,20.8730899,82.0660958,5,"tourist_attraction, point_of_interest, establishment",waterfalls,Chhattisgarh,Monsoon,Mahasamund,2
Tanga Bet Waterfall,21.2786567,81.8661442,0,"tourist_attraction, point_of_interest, establishment",waterfalls,Chhattisgarh,Monsoon,Mahasamund,0
Sirpur Forest Range,21.2817582,82.1911169,4.5,"tourist_attraction, point_of_interest, establishment",waterfalls,Chhattisgarh,Monsoon,Mahasamund,14
Ganiyari dam,20.9151324,82.0692035,2.9,"tourist_attraction, point_of_interest, establishment",waterfalls,Chhattisgarh,Monsoon,Mahasamund,7
Bamhani gotan jal sangrah,21.1000166,82.00054190000002,5,"park, point_of_interest, establishment",waterfalls,Chhattisgarh,Monsoon,Mahasamund,1
Jamahi Reservoir,20.8485166,82.0512475,4.4,"park, point_of_interest, establishment",waterfalls,Chhattisgarh,Monsoon,Mahasamund,7
Kodar Dam,21.1946819,82.1803898,4.1,"tourist_attraction, park, point_of_interest, establishment",waterfalls,Chhattisgarh,Monsoon,Mahasamund,434
Gardan Bagbahara,21.059553,82.3669877,3.8,"park, point_of_interest, establishment",waterfalls,Chhattisgarh,Monsoon,Mahasamund,113
Singha Dhurva Gond Cave,21.3721923,82.31175999999999,5,"point_of_interest, establishment",waterfalls,Chhattisgarh,Monsoon,Mahasamund,5
Kodar Island,21.180088,82.21443699999999,4.6,"tourist_attraction, point_of_interest, establishment",waterfalls,Chhattisgarh,Monsoon,Mahasamund,5
Tila dam,21.0565401,81.96834919999999,4.4,"tourist_attraction, point_of_interest, establishment",waterfalls,Chhattisgarh,Monsoon,Mahasamund,92
Udgam Mela,21.3504614,82.180481,4.4,"point_of_interest, establishment",beaches,Chhattisgarh,Summer,Mahasamund,52
Bhavesh,21.1956152,81.962186,0,"park, point_of_interest, establishment",beaches,Chhattisgarh,Summer,Mahasamund,0
Sendh Lake Naya Raipur,21.1951917,81.8070923,4.4,"point_of_interest, establishment",beaches,Chhattisgarh,Summer,Mahasamund,44
Rajim triveni sangam,20.9623485,81.8709262,4.4,"tourist_attraction, point_of_interest, establishment",beaches,Chhattisgarh,Summer,Mahasamund,686
Eco camp Kodar,21.2011026,82.19016839999999,4,"campground, park, lodging, point_of_interest, establishment",beaches,Chhattisgarh,Summer,Mahasamund,125
MM Fun City,21.2367995,81.82227019999999,4.1,"tourist_attraction, amusement_park, point_of_interest, establishment",beaches,Chhattisgarh,Summer,Mahasamund,7081
andia .cg tulsi,21.3258446,82.06455820000001,3.7,"zoo, point_of_interest, establishment",zoo,Chhattisgarh,Winter,Mahasamund,3
Vikrant Dairy Farm Tarra,21.0922049,81.8386589,5,"zoo, point_of_interest, establishment",zoo,Chhattisgarh,Winter,Mahasamund,3
MM Fun City,21.2367995,81.82227019999999,4.1,"tourist_attraction, amusement_park, point_of_interest, establishment",zoo,Chhattisgarh,Winter,Mahasamund,7081
Zoom K Zoo Kurud,21.3275809,82.1334912,1,"pharmacy, health, store, point_of_interest, establishment",zoo,Chhattisgarh,Winter,Mahasamund,1
Sri Mahamaya Temple,20.9628577,81.8813174,4.4,"hindu_temple, place_of_worship, point_of_interest, establishment",temples,Chhattisgarh,All Seasons,Mahasamund,19
Shiv Temple,21.1079095,82.089659,4.1,"hindu_temple, place_of_worship, point_of_interest, establishment",temples,Chhattisgarh,All Seasons,Mahasamund,25
Shri Panch Mukhi Shiv Mandir,21.2067254,81.9722155,4.3,"hindu_temple, place_of_worship, point_of_interest, establishment",temples,Chhattisgarh,All Seasons,Mahasamund,12
Hanuman Temple,21.0594716,81.9646168,4.6,"hindu_temple, place_of_worship, point_of_interest, establishment",temples,Chhattisgarh,All Seasons,Mahasamund,65
Hanuman Temple,21.1076002,82.0949618,4.4,"hindu_temple, place_of_worship, point_of_interest, establishment",temples,Chhattisgarh,All Seasons,Mahasamund,14
BHAND DEWAL Jain Temple,21.1950954,81.9695735,4.2,"place_of_worship, point_of_interest, establishment",temples,Chhattisgarh,All Seasons,Mahasamund,37
Sri Laxman Temple,21.353115,82.18671239999999,4.4,"hindu_temple, tourist_attraction, place_of_worship, point_of_interest, establishment",temples,Chhattisgarh,All Seasons,Mahasamund,1430
Hanuman Temple,21.0744332,82.02926939999999,4.4,"hindu_temple, place_of_worship, point_of_interest, establishment",temples,Chhattisgarh,All Seasons,Mahasamund,5
Sri Sathya Sai Sowbhagyam,21.209947,81.8111722,4.6,"hindu_temple, place_of_worship, point_of_interest, establishment",temples,Chhattisgarh,All Seasons,Mahasamund,352
Champaran temple,21.0322694,81.92539459999999,4.5,"hindu_temple, place_of_worship, point_of_interest, establishment",temples,Chhattisgarh,All Seasons,Mahasamund,871
Mandir,21.2873825,81.9302879,5,"hindu_temple, place_of_worship, point_of_interest, establishment",temples,Chhattisgarh,All Seasons,Mahasamund,1
Shree Rajiv Lochan Temple,20.9639401,81.8775818,4.5,"hindu_temple, tourist_attraction, place_of_worship, point_of_interest, establishment",temples,Chhattisgarh,All Seasons,Mahasamund,2854
Shri sirpur temple,21.346474,82.181769,4.5,"hindu_temple, place_of_worship, point_of_interest, establishment",temples,Chhattisgarh,All Seasons,Mahasamund,432
Shiv Temple,21.1110758,82.0946745,3.5,"hindu_temple, place_of_worship, point_of_interest, establishment",temples,Chhattisgarh,All Seasons,Mahasamund,2
Radha Krishna Temple,21.0163111,82.21038140000002,4.6,"hindu_temple, place_of_worship, point_of_interest, establishment",temples,Chhattisgarh,All Seasons,Mahasamund,10
"Fanikeshwar Mahadev, Fingeshwar",20.9712178,82.0419862,4.2,"hindu_temple, place_of_worship, point_of_interest, establishment",temples,Chhattisgarh,All Seasons,Mahasamund,21
Shiva temple No. 2,21.3398835,82.1818957,4,"hindu_temple, place_of_worship, point_of_interest, establishment",temples,Chhattisgarh,All Seasons,Mahasamund,1
Mama Bhacha Temple,20.9638575,81.8761703,4.3,"hindu_temple, tourist_attraction, place_of_worship, point_of_interest, establishment",temples,Chhattisgarh,All Seasons,Mahasamund,28
जगन्नाथ मंदिर,21.0946067,82.28561470000001,4.4,"hindu_temple, place_of_worship, point_of_interest, establishment",temples,Chhattisgarh,All Seasons,Mahasamund,5
"Shri Chandi Mata Mandir, Bagbahara",21.0247833,82.37426310000001,4.5,"hindu_temple, place_of_worship, point_of_interest, establishment",temples,Chhattisgarh,All Seasons,Mahasamund,1821
Shri Shiv Temple,21.3193045,81.81329389999999,4.5,"hindu_temple, place_of_worship, point_of_interest, establishment",temples,Chhattisgarh,All Seasons,Mahasamund,16
Radha Krishna Mandir,20.9662309,81.8694507,4,"hindu_temple, place_of_worship, point_of_interest, establishment",temples,Chhattisgarh,All Seasons,Mahasamund,36
Temple,21.1114338,82.0995336,4,"hindu_temple, place_of_worship, point_of_interest, establishment",temples,Chhattisgarh,All Seasons,Mahasamund,4
Shiv Mandir,21.1121489,82.0992243,4.5,"hindu_temple, place_of_worship, point_of_interest, establishment",temples,Chhattisgarh,All Seasons,Mahasamund,18
Shri Gandheswar Shiv Temple,21.3492514,82.17980229999999,4.6,"hindu_temple, place_of_worship, point_of_interest, establishment",temples,Chhattisgarh,All Seasons,Mahasamund,103
Temple,21.1541191,81.82904289999999,3.3,"hindu_temple, place_of_worship, point_of_interest, establishment",temples,Chhattisgarh,All Seasons,Mahasamund,4
Shiv temple,21.1166808,82.1005379,4.2,"hindu_temple, place_of_worship, point_of_interest, establishment",temples,Chhattisgarh,All Seasons,Mahasamund,5
Hanuman Temple,21.2049311,81.8754292,4.2,"hindu_temple, place_of_worship, point_of_interest, establishment",temples,Chhattisgarh,All Seasons,Mahasamund,27
Rama Temple Complex (7th century),21.3518254,82.187872,4.2,"hindu_temple, place_of_worship, point_of_interest, establishment",temples,Chhattisgarh,All Seasons,Mahasamund,5
Mata Gayatri Mandir,21.1034129,82.0957344,4.7,"hindu_temple, place_of_worship, point_of_interest, establishment",temples,Chhattisgarh,All Seasons,Mahasamund,30
Kurrudham Mela place(Satnam temple ),21.0950576,81.8233759,3.7,"place_of_worship, point_of_interest, establishment",temples,Chhattisgarh,All Seasons,Mahasamund,3
Shree budha dev temple ghuchapali,21.0213412,82.37933799999999,4.4,"hindu_temple, place_of_worship, point_of_interest, establishment",temples,Chhattisgarh,All Seasons,Mahasamund,48
Shri Thakur Gopal Mandir,21.1957016,81.9666914,4.6,"hindu_temple, place_of_worship, point_of_interest, establishment",temples,Chhattisgarh,All Seasons,Mahasamund,14
bagbahara mandir,21.0595727,82.3723335,4.3,"hindu_temple, place_of_worship, point_of_interest, establishment",temples,Chhattisgarh,All Seasons,Mahasamund,111
Radha Krishna Temple,21.1196068,82.0927233,4.3,"place_of_worship, point_of_interest, establishment",temples,Chhattisgarh,All Seasons,Mahasamund,13
Hanumaan Temple,20.9017713,81.9166743,4.7,"hindu_temple, place_of_worship, point_of_interest, establishment",temples,Chhattisgarh,All Seasons,Mahasamund,3
Hanuman Mandir,21.1207986,82.08807720000001,5,"hindu_temple, place_of_worship, point_of_interest, establishment",temples,Chhattisgarh,All Seasons,Mahasamund,1
Sai Baba Temple,21.1214962,82.0740838,4.2,"hindu_temple, place_of_worship, point_of_interest, establishment",temples,Chhattisgarh,All Seasons,Mahasamund,27
naya hanuman mandir,21.1167269,82.0932294,5,"hindu_temple, place_of_worship, point_of_interest, establishment",temples,Chhattisgarh,All Seasons,Mahasamund,3
Shri Balaji Temple,20.9713964,82.04067979999999,3.8,"hindu_temple, place_of_worship, point_of_interest, establishment",temples,Chhattisgarh,All Seasons,Mahasamund,23
Ram janki temple,21.0911,82.0189865,5,"hindu_temple, place_of_worship, point_of_interest, establishment",temples,Chhattisgarh,All Seasons,Mahasamund,1
Khallari mata mini Temple Hichchha,21.0441965,82.2053656,4.7,"hindu_temple, place_of_worship, point_of_interest, establishment",temples,Chhattisgarh,All Seasons,Mahasamund,3
Shitala and KALI mandir dhamni,21.1694436,81.8519053,3.6,"hindu_temple, place_of_worship, point_of_interest, establishment",temples,Chhattisgarh,All Seasons,Mahasamund,9
Rukhadi Temple,21.0450125,81.940332,3.9,"hindu_temple, place_of_worship, point_of_interest, establishment",temples,Chhattisgarh,All Seasons,Mahasamund,16
Shiv Mandir,21.0835223,82.2428115,4.4,"hindu_temple, place_of_worship, point_of_interest, establishment",temples,Chhattisgarh,All Seasons,Mahasamund,5
Umeshwar Mahdev Temple,21.2727006,82.3173059,5,"hindu_temple, place_of_worship, point_of_interest, establishment",temples,Chhattisgarh,All Seasons,Mahasamund,3
Sankar temple,21.1791187,81.8201787,3.8,"hindu_temple, place_of_worship, point_of_interest, establishment",temples,Chhattisgarh,All Seasons,Mahasamund,5
Laxminarayan temple,21.0034363,81.8854272,0,"hindu_temple, place_of_worship, point_of_interest, establishment",temples,Chhattisgarh,All Seasons,Mahasamund,0
Shiv Mandir,21.11096,82.08914639999999,5,"hindu_temple, place_of_worship, point_of_interest, establishment",temples,Chhattisgarh,All Seasons,Mahasamund,1
Banjari Mauli Mata Mandir,21.113429,81.81329559999999,4.1,"hindu_temple, place_of_worship, point_of_interest, establishment",temples,Chhattisgarh,All Seasons,Mahasamund,12
Shri Panchmadir Temple,20.9708634,82.0417441,3.9,"hindu_temple, place_of_worship, point_of_interest, establishment",temples,Chhattisgarh,All Seasons,Mahasamund,15
Hanuman Mandir,21.1141592,82.0930205,5,"hindu_temple, place_of_worship, point_of_interest, establishment",temples,Chhattisgarh,All Seasons,Mahasamund,2
श्री महाकामनेश्वर महादेव मंदिर,21.0998719,82.075507,4,"hindu_temple, place_of_worship, point_of_interest, establishment",temples,Chhattisgarh,All Seasons,Mahasamund,1
Shiv Shankar temple,21.1819999,81.8244335,5,"hindu_temple, place_of_worship, point_of_interest, establishment",temples,Chhattisgarh,All Seasons,Mahasamund,1
Shankar Bhagvan Ji Temple,21.0189391,82.209941,5,"hindu_temple, place_of_worship, point_of_interest, establishment",temples,Chhattisgarh,All Seasons,Mahasamund,2
Khada Muth Temple,21.0696183,82.1345619,5,"hindu_temple, place_of_worship, point_of_interest, establishment",temples,Chhattisgarh,All Seasons,Mahasamund,1
Sheetla Temple Kotni,21.1641218,81.8341047,4.4,"hindu_temple, place_of_worship, point_of_interest, establishment",temples,Chhattisgarh,All Seasons,Mahasamund,5
Hanuman Temple,21.1165501,82.10521589999999,5,"hindu_temple, place_of_worship, point_of_interest, establishment",temples,Chhattisgarh,All Seasons,Mahasamund,3
Shree Ganesh Temple,21.1043075,82.09448259999999,4.3,"hindu_temple, place_of_worship, point_of_interest, establishment",temples,Chhattisgarh,All Seasons,Mahasamund,11
Rameshwari Durga Mandir Mahasamund,21.1122264,82.10530159999999,4.4,"hindu_temple, place_of_worship, point_of_interest, establishment",temples,Chhattisgarh,All Seasons,Mahasamund,34
Tiger Hill Yard,21.2786567,81.8661442,0,"point_of_interest, establishment",hills,Chhattisgarh,Winter,Mahasamund,0
Ropeway to khallari mata hill mandir,21.095348,82.28301809999999,4.4,"point_of_interest, establishment",hills,Chhattisgarh,Winter,Mahasamund,5
Dhaskund Waterfall,21.3784512,82.2595656,4.2,"tourist_attraction, point_of_interest, establishment",hills,Chhattisgarh,Winter,Mahasamund,982
Dream Land,21.119743,82.107259,3.6,"tourist_attraction, point_of_interest, establishment",hills,Chhattisgarh,Winter,Mahasamund,5
Jeotara,21.0536065,82.161801,No rating,"locality, political",hills,Chhattisgarh,Winter,Mahasamund,0
Dhaskund Waterfall,21.3784512,82.2595656,4.2,"tourist_attraction, point_of_interest, establishment",attraction,Chhattisgarh,All Seasons,Mahasamund,982
Kodar View Point,21.1994083,82.1883402,4.3,"tourist_attraction, point_of_interest, establishment",attraction,Chhattisgarh,All Seasons,Mahasamund,3
DKG Sunset Point,21.2089944,81.8171711,4.8,"tourist_attraction, point_of_interest, establishment",attraction,Chhattisgarh,All Seasons,Mahasamund,4
Dam view point,20.877235,82.1970647,5,"tourist_attraction, point_of_interest, establishment",attraction,Chhattisgarh,All Seasons,Mahasamund,1
Samoda Dam,21.2755736,82.0725652,4.1,"tourist_attraction, point_of_interest, establishment",attraction,Chhattisgarh,All Seasons,Mahasamund,193
Sendh Lake View Point,21.2066135,81.81964769999999,5,"tourist_attraction, point_of_interest, establishment",attraction,Chhattisgarh,All Seasons,Mahasamund,1
Sendh Lake Naya Raipur,21.203716,81.813886,4.2,"tourist_attraction, point_of_interest, establishment",attraction,Chhattisgarh,All Seasons,Mahasamund,29
Kosam-Bir waterfall (Mahanadi main canal),21.1376385,81.86361620000001,3.5,"tourist_attraction, point_of_interest, establishment",attraction,Chhattisgarh,All Seasons,Mahasamund,19
Jharjhara Mata Mandir And Waterfall,20.8388361,82.01604209999999,4.3,"tourist_attraction, point_of_interest, establishment",attraction,Chhattisgarh,All Seasons,Mahasamund,62
Surang Tila,21.3465552,82.1820739,4.3,"tourist_attraction, museum, point_of_interest, establishment",attraction,Chhattisgarh,All Seasons,Mahasamund,699
"Madam Chowk, Nawapara",20.9708098,81.8676322,3.9,"tourist_attraction, point_of_interest, establishment",attraction,Chhattisgarh,All Seasons,Mahasamund,167
Secret Island,21.1118125,81.8257344,4.2,"tourist_attraction, point_of_interest, establishment",attraction,Chhattisgarh,All Seasons,Mahasamund,9
Durvadera,20.8775625,81.9135625,5,"tourist_attraction, point_of_interest, establishment",attraction,Chhattisgarh,All Seasons,Mahasamund,1
Sirpur Forest Range,21.2817582,82.1911169,4.5,"tourist_attraction, point_of_interest, establishment",attraction,Chhattisgarh,All Seasons,Mahasamund,14
Dream Land,21.119743,82.107259,3.6,"tourist_attraction, point_of_interest, establishment",attraction,Chhattisgarh,All Seasons,Mahasamund,5
"SL world (Marine drive, Naya Raipur)",21.2071855,81.81975469999999,4.4,"tourist_attraction, point_of_interest, establishment",attraction,Chhattisgarh,All Seasons,Mahasamund,187
Kodar Island,21.180088,82.21443699999999,4.6,"tourist_attraction, point_of_interest, establishment",attraction,Chhattisgarh,All Seasons,Mahasamund,5
Deortilda Dame,21.3625893,82.0007344,5,"tourist_attraction, point_of_interest, establishment",attraction,Chhattisgarh,All Seasons,Mahasamund,1
Khuteri lake,21.2290973,81.8278918,3.7,"tourist_attraction, point_of_interest, establishment",attraction,Chhattisgarh,All Seasons,Mahasamund,3
रावड लखना स्टाप डेम,21.0032517,81.899305,4,"tourist_attraction, point_of_interest, establishment",attraction,Chhattisgarh,All Seasons,Mahasamund,1
Pauta dam,21.1310813,81.8349279,3.5,"tourist_attraction, point_of_interest, establishment",attraction,Chhattisgarh,All Seasons,Mahasamund,2
Ganiyari dam,20.9151324,82.0692035,2.9,"tourist_attraction, point_of_interest, establishment",attraction,Chhattisgarh,All Seasons,Mahasamund,7
Kodar Dam,21.1946819,82.1803898,4.1,"tourist_attraction, park, point_of_interest, establishment",attraction,Chhattisgarh,All Seasons,Mahasamund,434
Jogidipa Dam,20.8730899,82.0660958,5,"tourist_attraction, point_of_interest, establishment",attraction,Chhattisgarh,All Seasons,Mahasamund,2
Abs galaxy view point,21.0504622,82.2701854,4,"tourist_attraction, point_of_interest, establishment",attraction,Chhattisgarh,All Seasons,Mahasamund,13
"Van Chetna Kendra, Kodar",21.1997643,82.1927286,4.6,"tourist_attraction, point_of_interest, establishment",attraction,Chhattisgarh,All Seasons,Mahasamund,14
Reservoir View Tower,21.0517044,82.27037519999999,3.8,"tourist_attraction, point_of_interest, establishment",attraction,Chhattisgarh,All Seasons,Mahasamund,5
Dhulna dam,20.9406598,81.8426963,3.8,"tourist_attraction, point_of_interest, establishment",attraction,Chhattisgarh,All Seasons,Mahasamund,16
SRB Dam Arang,21.2013422,81.99627459999999,4.7,"tourist_attraction, point_of_interest, establishment",attraction,Chhattisgarh,All Seasons,Mahasamund,21
Shivling mandir 5,21.3424962,82.1832517,0,"tourist_attraction, point_of_interest, establishment",attraction,Chhattisgarh,All Seasons,Mahasamund,0
Tila dam,21.0565401,81.96834919999999,4.4,"tourist_attraction, point_of_interest, establishment",attraction,Chhattisgarh,All Seasons,Mahasamund,92
Kanwar Ganga Greens LLP,21.2186875,81.9026875,0,"tourist_attraction, point_of_interest, establishment",attraction,Chhattisgarh,All Seasons,Mahasamund,0
Charoda Keshwa Reservoir,21.0495348,82.2704878,4.1,"tourist_attraction, point_of_interest, establishment",attraction,Chhattisgarh,All Seasons,Mahasamund,36
Kuhri mode,21.2112111,82.2038455,4.1,"tourist_attraction, point_of_interest, establishment",attraction,Chhattisgarh,All Seasons,Mahasamund,29
"Triveni Island, Kodar Dam",21.1989,82.1856804,3.8,"tourist_attraction, point_of_interest, establishment",attraction,Chhattisgarh,All Seasons,Mahasamund,5
Mudhena dam mahasamund,21.1486773,82.00558219999999,4.5,"tourist_attraction, point_of_interest, establishment",attraction,Chhattisgarh,All Seasons,Mahasamund,4
Kachhardih bandh,21.2906927,82.34992679999999,4.3,"tourist_attraction, point_of_interest, establishment",attraction,Chhattisgarh,All Seasons,Mahasamund,3
Imli bhata railway crossing,21.1171134,82.0920465,4,"tourist_attraction, point_of_interest, establishment",attraction,Chhattisgarh,All Seasons,Mahasamund,38
सेल्फी जोन व्यू प्वाइंट,21.1269513,82.12482779999999,4,"tourist_attraction, point_of_interest, establishment",attraction,Chhattisgarh,All Seasons,Mahasamund,1
Stop dam,21.2911847,82.1223474,3.5,"tourist_attraction, point_of_interest, establishment",attraction,Chhattisgarh,All Seasons,Mahasamund,8
Laxman Jhula Rajim,20.9620608,81.8725473,4.3,"tourist_attraction, point_of_interest, establishment",attraction,Chhattisgarh,All Seasons,Mahasamund,202
Gaon Talab,20.9166341,81.920476,0,"tourist_attraction, point_of_interest, establishment",attraction,Chhattisgarh,All Seasons,Mahasamund,0
निसदा डैम,21.1509043,82.0025962,3.9,"tourist_attraction, point_of_interest, establishment",attraction,Chhattisgarh,All Seasons,Mahasamund,175
बधानी डैम अड़सेना,21.3606075,81.8175445,4.7,"tourist_attraction, point_of_interest, establishment",attraction,Chhattisgarh,All Seasons,Mahasamund,3
सरगी नाला एनीकट,20.9656954,82.0038216,3.1,"tourist_attraction, point_of_interest, establishment",attraction,Chhattisgarh,All Seasons,Mahasamund,7
Stop dam,20.9548242,81.87362449999999,3.5,"tourist_attraction, point_of_interest, establishment",attraction,Chhattisgarh,All Seasons,Mahasamund,2
आमहा तालाब,20.9826689,81.84810399999999,4.3,"tourist_attraction, point_of_interest, establishment",attraction,Chhattisgarh,All Seasons,Mahasamund,6
Mahaveer swamy chowk,20.9662426,81.8682551,0,"tourist_attraction, point_of_interest, establishment",attraction,Chhattisgarh,All Seasons,Mahasamund,0
"कन्हारपुरी, जलाशय",21.1183567,82.2964683,4,"tourist_attraction, point_of_interest, establishment",attraction,Chhattisgarh,All Seasons,Mahasamund,4
Bar Talab,20.9216458,81.9225014,0,"tourist_attraction, point_of_interest, establishment",attraction,Chhattisgarh,All Seasons,Mahasamund,0
Hemraj Bagbahra,21.0501643,82.3803313,5,"tourist_attraction, point_of_interest, establishment",attraction,Chhattisgarh,All Seasons,Mahasamund,8
Tanga Bet Waterfall,21.2786567,81.8661442,0,"tourist_attraction, point_of_interest, establishment",attraction,Chhattisgarh,All Seasons,Mahasamund,0
Mor belar selfi zone मोर बेलर सेल्फी जोन,20.9097511,82.038804,5,"tourist_attraction, point_of_interest, establishment",attraction,Chhattisgarh,All Seasons,Mahasamund,2
Vishwakarma nivash,21.0536409,82.0398289,0,"tourist_attraction, point_of_interest, establishment",attraction,Chhattisgarh,All Seasons,Mahasamund,0
Apna station,21.3425568,81.8631944,3.3,"tourist_attraction, point_of_interest, establishment",attraction,Chhattisgarh,All Seasons,Mahasamund,10
Rajim triveni sangam,20.9623485,81.8709262,4.4,"tourist_attraction, point_of_interest, establishment",attraction,Chhattisgarh,All Seasons,Mahasamund,686
महानदी नया पुल,20.9003098,81.8164096,5,"tourist_attraction, point_of_interest, establishment",attraction,Chhattisgarh,All Seasons,Mahasamund,5
Jivtara anicut mahasamund,21.0279031,82.1683601,2.3,"tourist_attraction, point_of_interest, establishment",attraction,Chhattisgarh,All Seasons,Mahasamund,3
Shree Rajiv Lochan Temple,20.9639401,81.8775818,4.5,"hindu_temple, tourist_attraction, place_of_worship, point_of_interest, establishment",attraction,Chhattisgarh,All Seasons,Mahasamund,2854
Teka,20.8738561,81.9708565,4,"tourist_attraction, point_of_interest, establishment",attraction,Chhattisgarh,All Seasons,Mahasamund,6
Niranjan kesharwani park,22.0668512,81.6867403,3.2,"park, point_of_interest, establishment",parks,Chhattisgarh,Spring,Mungeli,37
SNG Park,22.0563598,81.68494489999999,4.3,"park, point_of_interest, establishment",parks,Chhattisgarh,Spring,Mungeli,15
Nawagarh Park,21.9105692,81.60065039999999,3.9,"park, point_of_interest, establishment",parks,Chhattisgarh,Spring,Mungeli,154
Verma park,21.8747202,81.74932319999999,0,"park, point_of_interest, establishment",parks,Chhattisgarh,Spring,Mungeli,0
"IG College Park, Pandariya",22.2120949,81.3946773,5,"park, point_of_interest, establishment",parks,Chhattisgarh,Spring,Mungeli,1
"Baba Guru Ghasidas, Satnam Chowk",22.0722735,81.6931949,5,"park, point_of_interest, establishment",parks,Chhattisgarh,Spring,Mungeli,1
TLM Garden,21.85467,81.9212615,3.5,"park, point_of_interest, establishment",parks,Chhattisgarh,Spring,Mungeli,2
तालाब,22.2243844,81.821424,0,"park, point_of_interest, establishment",parks,Chhattisgarh,Spring,Mungeli,0
Bird Watching Point - Gidhwa Tank 1,21.8424355,81.7754195,4,"park, point_of_interest, establishment",parks,Chhattisgarh,Spring,Mungeli,33
Chakraway Talab,21.8435275,81.87894469999999,4.5,"park, point_of_interest, establishment",parks,Chhattisgarh,Spring,Mungeli,8
Pandey कृषि फ्रम,22.2310714,81.8330356,5,"park, point_of_interest, establishment",parks,Chhattisgarh,Spring,Mungeli,1
Talaab Paar,21.9912752,81.47395589999999,5,"park, point_of_interest, establishment",parks,Chhattisgarh,Spring,Mungeli,3
Eden Garden Surki,21.86717,81.5320117,5,"park, point_of_interest, establishment",parks,Chhattisgarh,Spring,Mungeli,1
Mahendra verma ji,21.8470749,81.79769019999999,4.3,"park, point_of_interest, establishment",parks,Chhattisgarh,Spring,Mungeli,3
Park,22.0408453,81.3969202,4,"park, point_of_interest, establishment",parks,Chhattisgarh,Spring,Mungeli,2
The farmer,22.2123121,81.9189971,5,"park, point_of_interest, establishment",parks,Chhattisgarh,Spring,Mungeli,3
Ajay lahre,22.2573826,81.5457674,5,"park, point_of_interest, establishment",parks,Chhattisgarh,Spring,Mungeli,1
आर्य तालाब,21.8259477,81.8586393,5,"park, point_of_interest, establishment",parks,Chhattisgarh,Spring,Mungeli,1
Satnami para talab,22.3230625,81.6144375,4.5,"park, point_of_interest, establishment",parks,Chhattisgarh,Spring,Mungeli,2
पार्क,21.8671925,81.8252863,4,"park, point_of_interest, establishment",parks,Chhattisgarh,Spring,Mungeli,2
Vikram sahu,21.8470021,81.8014158,5,"park, point_of_interest, establishment",parks,Chhattisgarh,Spring,Mungeli,2
Prabhat Cricket ground,22.2193718,81.7565612,5,"park, point_of_interest, establishment",parks,Chhattisgarh,Spring,Mungeli,1
खरखरिया रिवर व्यू,22.1743043,81.82254689999999,5,"park, point_of_interest, establishment",parks,Chhattisgarh,Spring,Mungeli,3
shahid dhananjay rajput smriti park,21.9580455,81.7289388,4.2,"park, point_of_interest, establishment",parks,Chhattisgarh,Spring,Mungeli,78
GK RESORT,22.1153217,81.65921999999999,2.5,"park, point_of_interest, establishment",parks,Chhattisgarh,Spring,Mungeli,4
Mirrey Krishi From,21.8302039,81.8091201,5,"park, point_of_interest, establishment",parks,Chhattisgarh,Spring,Mungeli,2
Mini Park,22.2727888,81.6990908,3,"park, point_of_interest, establishment",parks,Chhattisgarh,Spring,Mungeli,1
Talab kinare,22.0718723,81.5825146,4.5,"park, point_of_interest, establishment",parks,Chhattisgarh,Spring,Mungeli,2
बाजार & मैदान,22.2665462,81.6651921,3,"park, point_of_interest, establishment",parks,Chhattisgarh,Spring,Mungeli,2
Temari Park and Playground,22.0097248,81.6558751,4.5,"park, point_of_interest, establishment",parks,Chhattisgarh,Spring,Mungeli,4
शासकीय उद्यान सेंदरी (नर्सरी ),21.9625541,81.8749452,4.8,"park, point_of_interest, establishment",parks,Chhattisgarh,Spring,Mungeli,12
Manodharpur talab,21.8413435,81.87440840000001,3,"park, point_of_interest, establishment",parks,Chhattisgarh,Spring,Mungeli,2
Gaurishanker home park,21.8197055,81.5283129,0,"park, point_of_interest, establishment",parks,Chhattisgarh,Spring,Mungeli,0
शहीद प्लाटून कमाण्डर राजकमल कश्यप [S.I.] स्मृति वाटिका कोना,22.1321766,81.8052661,4.3,"park, point_of_interest, establishment",parks,Chhattisgarh,Spring,Mungeli,4
Narsari park,22.2427458,81.8796917,0,"park, point_of_interest, establishment",parks,Chhattisgarh,Spring,Mungeli,0
शासकीय उद्यान रोपणी बाघामुडा़,22.0837743,81.63165409999999,3.9,"park, point_of_interest, establishment",parks,Chhattisgarh,Spring,Mungeli,16
हाफ नदी,21.81334,81.7151449,3,"park, point_of_interest, establishment",parks,Chhattisgarh,Spring,Mungeli,10
Sahu plat,22.1213887,81.976338,0,"park, point_of_interest, establishment",parks,Chhattisgarh,Spring,Mungeli,0
Vikram Dahire,21.9391989,81.4963182,0,"park, point_of_interest, establishment",parks,Chhattisgarh,Spring,Mungeli,0
Home,21.9507028,81.7643681,0,"park, point_of_interest, establishment",parks,Chhattisgarh,Spring,Mungeli,0
Banjari Mandir jotpur,22.220105,81.6130979,3.7,"park, point_of_interest, establishment",parks,Chhattisgarh,Spring,Mungeli,3
Apna garden,22.0771063,81.7090224,3.9,"park, point_of_interest, establishment",parks,Chhattisgarh,Spring,Mungeli,12
Collectrate Garden,22.0790081,81.71204759999999,3.8,"park, point_of_interest, establishment",parks,Chhattisgarh,Spring,Mungeli,17
Vaishanv Farm house,22.050167,81.70956989999999,3,"park, point_of_interest, establishment",parks,Chhattisgarh,Spring,Mungeli,1
Dharsha khet Ashish khet 6,21.8412084,81.956884,0,"park, point_of_interest, establishment",parks,Chhattisgarh,Spring,Mungeli,0
परमेश टंडन,22.2091451,81.600464,0,"park, point_of_interest, establishment",parks,Chhattisgarh,Spring,Mungeli,0
Muktidham Kushalband Para Pandariya,22.2309848,81.40998890000002,2,"park, point_of_interest, establishment",parks,Chhattisgarh,Spring,Mungeli,2
Sohil patre,22.0801663,81.715456,0,"park, point_of_interest, establishment",parks,Chhattisgarh,Spring,Mungeli,0
Dabri talab,22.2539789,81.58366529999999,5,"park, point_of_interest, establishment",parks,Chhattisgarh,Spring,Mungeli,1
पुराना तलाब,21.998264,81.7103407,3.3,"park, point_of_interest, establishment",parks,Chhattisgarh,Spring,Mungeli,3
Ns creation,22.0840552,81.5843191,0,"park, point_of_interest, establishment",parks,Chhattisgarh,Spring,Mungeli,0
Ajay dhruw,22.274085,81.6075983,5,"park, point_of_interest, establishment",parks,Chhattisgarh,Spring,Mungeli,1
ठाकुर कृषि फॉर्म,22.1494065,81.6185783,0,"park, point_of_interest, establishment",parks,Chhattisgarh,Spring,Mungeli,0
Phulwari dam lormi,22.3034428,81.7534589,0,"park, point_of_interest, establishment",parks,Chhattisgarh,Spring,Mungeli,0
तालाब दाऊ कापा,22.2351108,81.5904126,5,"park, point_of_interest, establishment",parks,Chhattisgarh,Spring,Mungeli,2
Rishi Bhai,22.204119,81.78733,4.7,"park, point_of_interest, establishment",parks,Chhattisgarh,Spring,Mungeli,3
"Muktidham, Kohadiya",21.9687535,81.6667836,0,"park, point_of_interest, establishment",parks,Chhattisgarh,Spring,Mungeli,0
गोपाल गौठान पिपरखूँटी,22.2076961,81.76958259999999,0,"park, point_of_interest, establishment",parks,Chhattisgarh,Spring,Mungeli,0
Aadhar bagicha dilharan Nishad,21.966783,81.441965,0,"park, point_of_interest, establishment",parks,Chhattisgarh,Spring,Mungeli,0
Arjun Verma,21.8500614,81.79839729999999,0,"park, point_of_interest, establishment",parks,Chhattisgarh,Spring,Mungeli,0
Ravi Yadav Pura,22.1932136,81.8647171,4.3,"museum, point_of_interest, establishment",museum,Chhattisgarh,Winter,Mungeli,3
Mahaymaya mandir khairi,22.088144,81.952006,3.8,"museum, point_of_interest, establishment",museum,Chhattisgarh,Winter,Mungeli,10
MAA MAHAMAYA DEVEE MANDIR KHAPRI KALA,22.2105651,81.53777509999999,5,"museum, point_of_interest, establishment",museum,Chhattisgarh,Winter,Mungeli,6
Omparkash,22.2929778,81.5075214,0,"museum, point_of_interest, establishment",museum,Chhattisgarh,Winter,Mungeli,0
Prof. Yupesh's Cave,22.2601,81.50795,4.3,"museum, point_of_interest, establishment",museum,Chhattisgarh,Winter,Mungeli,6
Panchu Ram Koshle,22.0866443,81.92921199999999,0,"museum, point_of_interest, establishment",museum,Chhattisgarh,Winter,Mungeli,0
Prabhat Museum,22.2207229,81.75274809999999,0,"point_of_interest, establishment",museum,Chhattisgarh,Winter,Mungeli,0
Shiv Mandir Bhourakchhar,22.2679597,81.80759739999999,3.3,"museum, point_of_interest, establishment",museum,Chhattisgarh,Winter,Mungeli,11
Keju bhavan,22.1480577,81.4299996,0,"museum, point_of_interest, establishment",museum,Chhattisgarh,Winter,Mungeli,0
Sumit Dhuri,22.1021385,81.8899247,0,"museum, point_of_interest, establishment",museum,Chhattisgarh,Winter,Mungeli,0
Prakash Nishad,22.0421212,81.8267146,0,"museum, point_of_interest, establishment",museum,Chhattisgarh,Winter,Mungeli,0
Dj royal audio,22.1859392,81.4334638,0,"museum, point_of_interest, establishment",museum,Chhattisgarh,Winter,Mungeli,0
Dam Waterfall (Picnic Area ),22.2730047,81.9488394,4.8,"tourist_attraction, point_of_interest, establishment",waterfalls,Chhattisgarh,Monsoon,Mungeli,4
झरझरा waterfall,22.25809,81.445331,3.6,"tourist_attraction, point_of_interest, establishment",waterfalls,Chhattisgarh,Monsoon,Mungeli,5
Sawatpur Dam,22.286824,81.777319,3.8,"tourist_attraction, point_of_interest, establishment",waterfalls,Chhattisgarh,Monsoon,Mungeli,13
Gidhwa Wetland & Bird Sanctuary,21.8423935,81.77541169999999,4.2,"park, point_of_interest, establishment",waterfalls,Chhattisgarh,Monsoon,Mungeli,31
Shiva Temple,21.8388786,81.9498978,4.1,"hindu_temple, place_of_worship, point_of_interest, establishment",temples,Chhattisgarh,All Seasons,Mungeli,158
Hanuman temple,21.962275,81.4998567,5,"hindu_temple, place_of_worship, point_of_interest, establishment",temples,Chhattisgarh,All Seasons,Mungeli,1
Shivji Temple,22.0563584,81.6816332,4.5,"hindu_temple, place_of_worship, point_of_interest, establishment",temples,Chhattisgarh,All Seasons,Mungeli,2
Temari old Shiv Temple Block Mungeli,22.0095906,81.6526775,5,"hindu_temple, place_of_worship, point_of_interest, establishment",temples,Chhattisgarh,All Seasons,Mungeli,2
Dakshinmukhi Hanuman + Shanidev Temple,21.9626625,81.4520369,4.3,"place_of_worship, point_of_interest, establishment",temples,Chhattisgarh,All Seasons,Mungeli,7
Mahakaleshwer temple,21.9650652,81.49949730000002,4.6,"hindu_temple, place_of_worship, point_of_interest, establishment",temples,Chhattisgarh,All Seasons,Mungeli,9
शिव मंदिर,22.1257491,81.575901,5,"hindu_temple, place_of_worship, point_of_interest, establishment",temples,Chhattisgarh,All Seasons,Mungeli,1
Radha krishna Temple,21.8386274,81.9499726,4.8,"hindu_temple, place_of_worship, point_of_interest, establishment",temples,Chhattisgarh,All Seasons,Mungeli,4
Mahamaya Temple,22.1847157,81.5488409,3.6,"hindu_temple, place_of_worship, point_of_interest, establishment",temples,Chhattisgarh,All Seasons,Mungeli,7
शिव मंदिर पुछेली,22.0210558,81.8854903,5,"hindu_temple, place_of_worship, point_of_interest, establishment",temples,Chhattisgarh,All Seasons,Mungeli,3
Mahamaya Temple,22.2238215,81.41102839999999,4.2,"hindu_temple, place_of_worship, point_of_interest, establishment",temples,Chhattisgarh,All Seasons,Mungeli,39
Bahuran Dew Temple Nayapara Dadhi,21.8986862,81.46646849999999,3.9,"hindu_temple, place_of_worship, point_of_interest, establishment",temples,Chhattisgarh,All Seasons,Mungeli,9
Shree Mathdhari Baba Temple Kesharuwadih,22.0985885,81.8966774,3.2,"hindu_temple, place_of_worship, point_of_interest, establishment",temples,Chhattisgarh,All Seasons,Mungeli,5
Mandir,21.9352377,81.6104864,5,"hindu_temple, place_of_worship, point_of_interest, establishment",temples,Chhattisgarh,All Seasons,Mungeli,1
Shivling Temple,22.0665446,81.9283047,5,"hindu_temple, place_of_worship, point_of_interest, establishment",temples,Chhattisgarh,All Seasons,Mungeli,1
Hanuman temple,21.8960258,81.555947,4.5,"hindu_temple, place_of_worship, point_of_interest, establishment",temples,Chhattisgarh,All Seasons,Mungeli,2
Shri Hari Temple,22.1176893,81.4633842,5,"hindu_temple, place_of_worship, point_of_interest, establishment",temples,Chhattisgarh,All Seasons,Mungeli,8
मंदिर,22.1701674,81.8782094,5,"hindu_temple, place_of_worship, point_of_interest, establishment",temples,Chhattisgarh,All Seasons,Mungeli,1
Sunny Dahire Temple,22.19986,81.7166791,4.8,"hindu_temple, place_of_worship, point_of_interest, establishment",temples,Chhattisgarh,All Seasons,Mungeli,4
Mahamaya Temple,22.2874638,81.66805060000002,4.3,"hindu_temple, place_of_worship, point_of_interest, establishment",temples,Chhattisgarh,All Seasons,Mungeli,4
Maa Durga Temple Jaraundha,22.1323061,81.9432451,4.3,"hindu_temple, place_of_worship, point_of_interest, establishment",temples,Chhattisgarh,All Seasons,Mungeli,14
Shiva temple,21.8585625,81.39943749999999,5,"hindu_temple, place_of_worship, point_of_interest, establishment",temples,Chhattisgarh,All Seasons,Mungeli,1
Shambhupuri Temple Marka,21.8306725,81.6069273,3.8,"hindu_temple, tourist_attraction, place_of_worship, point_of_interest, establishment",temples,Chhattisgarh,All Seasons,Mungeli,26
Mahamaya Temple DHOTMA,22.0796808,81.7970064,4.5,"hindu_temple, place_of_worship, point_of_interest, establishment",temples,Chhattisgarh,All Seasons,Mungeli,4
Majgaon ( mahamaya temple ),22.2661329,81.6847069,3.8,"hindu_temple, place_of_worship, point_of_interest, establishment",temples,Chhattisgarh,All Seasons,Mungeli,4
MAHAMAYA TEMPLE,22.1784751,81.46952499999999,5,"hindu_temple, place_of_worship, point_of_interest, establishment",temples,Chhattisgarh,All Seasons,Mungeli,5
Maa Kali Temple,22.0223364,81.6119634,5,"hindu_temple, place_of_worship, point_of_interest, establishment",temples,Chhattisgarh,All Seasons,Mungeli,2
Shree Ram temple,21.997807,81.8193393,5,"hindu_temple, place_of_worship, point_of_interest, establishment",temples,Chhattisgarh,All Seasons,Mungeli,1
Shiva temple,21.8726646,81.4376442,5,"hindu_temple, place_of_worship, point_of_interest, establishment",temples,Chhattisgarh,All Seasons,Mungeli,5
BAJRANGBALI TEMPLE,22.2382162,81.678797,5,"hindu_temple, place_of_worship, point_of_interest, establishment",temples,Chhattisgarh,All Seasons,Mungeli,1
Mahamaya Devi Temple,22.0307604,81.5102187,5,"hindu_temple, place_of_worship, point_of_interest, establishment",temples,Chhattisgarh,All Seasons,Mungeli,1
Shiv temple,22.02275,81.64129319999999,5,"hindu_temple, place_of_worship, point_of_interest, establishment",temples,Chhattisgarh,All Seasons,Mungeli,1
Temple Of Lord Mahadev,21.8357807,81.5988204,5,"hindu_temple, place_of_worship, point_of_interest, establishment",temples,Chhattisgarh,All Seasons,Mungeli,1
Devraha Baba Temple देवरहा बाबा,22.3167673,81.96739219999999,4.4,"hindu_temple, place_of_worship, point_of_interest, establishment",temples,Chhattisgarh,All Seasons,Mungeli,13
Balaji temple,21.9101692,81.608446,5,"hindu_temple, place_of_worship, point_of_interest, establishment",temples,Chhattisgarh,All Seasons,Mungeli,4
Hardelal Baba Temple,21.8462494,81.7347724,5,"hindu_temple, place_of_worship, point_of_interest, establishment",temples,Chhattisgarh,All Seasons,Mungeli,5
Shiv Temple,21.8302403,81.620774,5,"hindu_temple, place_of_worship, point_of_interest, establishment",temples,Chhattisgarh,All Seasons,Mungeli,1
"Durga Temple, Medki",21.8622348,81.71625809999999,5,"hindu_temple, place_of_worship, point_of_interest, establishment",temples,Chhattisgarh,All Seasons,Mungeli,2
shiv mandir,21.9187654,81.8369811,4.3,"hindu_temple, place_of_worship, point_of_interest, establishment",temples,Chhattisgarh,All Seasons,Mungeli,4
MAHAMAYA TEMPLE,21.9248217,81.7369277,5,"hindu_temple, place_of_worship, point_of_interest, establishment",temples,Chhattisgarh,All Seasons,Mungeli,1
Maa mavali temple kanharkapa,21.9881676,81.9625391,5,"hindu_temple, place_of_worship, point_of_interest, establishment",temples,Chhattisgarh,All Seasons,Mungeli,1
Bhulankapa Temple,22.0023379,81.8101386,5,"hindu_temple, place_of_worship, point_of_interest, establishment",temples,Chhattisgarh,All Seasons,Mungeli,1
Siddh Baba Temple Bicharpur,22.2481615,81.7162006,4,"hindu_temple, place_of_worship, point_of_interest, establishment",temples,Chhattisgarh,All Seasons,Mungeli,43
Dhoomnath Temple,21.9013702,81.97493209999999,5,"hindu_temple, place_of_worship, point_of_interest, establishment",temples,Chhattisgarh,All Seasons,Mungeli,2
‌RamBhushan Temple,22.1193096,81.4570124,3.8,"hindu_temple, place_of_worship, point_of_interest, establishment",temples,Chhattisgarh,All Seasons,Mungeli,9
Shiv Temple Mohbhatta,21.9289577,81.8023481,0,"hindu_temple, place_of_worship, point_of_interest, establishment",temples,Chhattisgarh,All Seasons,Mungeli,0
Jagannath temple,22.2454578,81.6747295,5,"hindu_temple, place_of_worship, point_of_interest, establishment",temples,Chhattisgarh,All Seasons,Mungeli,1
Shivshakti Para Temple Surda,22.088206,81.6681294,4.6,"hindu_temple, place_of_worship, point_of_interest, establishment",temples,Chhattisgarh,All Seasons,Mungeli,7
Mahadev Temple,21.9558474,81.84033310000001,3.7,"hindu_temple, place_of_worship, point_of_interest, establishment",temples,Chhattisgarh,All Seasons,Mungeli,9
Paath Baba Temple,22.1559866,81.8508303,4,"hindu_temple, place_of_worship, point_of_interest, establishment",temples,Chhattisgarh,All Seasons,Mungeli,10
Chitawar Temple,22.2443834,81.6787476,4.3,"hindu_temple, place_of_worship, point_of_interest, establishment",temples,Chhattisgarh,All Seasons,Mungeli,4
"Near mahamaya temple,bundeli",22.009179,81.6898362,4.5,"hindu_temple, place_of_worship, point_of_interest, establishment",temples,Chhattisgarh,All Seasons,Mungeli,2
Shivling Temple Khaprakhol,22.2549154,81.8433514,3.7,"hindu_temple, place_of_worship, point_of_interest, establishment",temples,Chhattisgarh,All Seasons,Mungeli,3
Temple,22.1629671,81.7942164,2,"hindu_temple, place_of_worship, point_of_interest, establishment",temples,Chhattisgarh,All Seasons,Mungeli,1
Lochaneshwari Temple Jogipur (Durga Mandir Jogipur),22.0365888,81.401893,5,"hindu_temple, place_of_worship, point_of_interest, establishment",temples,Chhattisgarh,All Seasons,Mungeli,2
Krishna Temple,21.8753194,81.4381538,5,"hindu_temple, place_of_worship, point_of_interest, establishment",temples,Chhattisgarh,All Seasons,Mungeli,2
Maa Mahamaya Temple,21.8344703,81.54396419999999,5,"hindu_temple, place_of_worship, point_of_interest, establishment",temples,Chhattisgarh,All Seasons,Mungeli,1
Shree Ram Janki Mandir,22.1141978,81.5503287,4.1,"hindu_temple, place_of_worship, point_of_interest, establishment",temples,Chhattisgarh,All Seasons,Mungeli,18
Maa Mahamaya Temple and Kodwa (Bani),22.1393254,81.72045829999999,3.8,"hindu_temple, place_of_worship, point_of_interest, establishment",temples,Chhattisgarh,All Seasons,Mungeli,35
Mahamaya Temple Sardha,22.2679366,81.6729551,4,"hindu_temple, place_of_worship, point_of_interest, establishment",temples,Chhattisgarh,All Seasons,Mungeli,3
Sawatpur Dam,22.286824,81.777319,3.8,"tourist_attraction, point_of_interest, establishment",attraction,Chhattisgarh,All Seasons,Mungeli,13
Parasda Bird Observation,21.8526716,81.8213124,4.4,"tourist_attraction, point_of_interest, establishment",attraction,Chhattisgarh,All Seasons,Mungeli,7
Madku Dweep (Mandukya Sage),21.841833,81.950636,4.1,"tourist_attraction, point_of_interest, establishment",attraction,Chhattisgarh,All Seasons,Mungeli,252
Dhhundhhi View Point,22.2650392,81.85575229999999,4.8,"tourist_attraction, point_of_interest, establishment",attraction,Chhattisgarh,All Seasons,Mungeli,8
Dam Waterfall (Picnic Area ),22.2730047,81.9488394,4.8,"tourist_attraction, point_of_interest, establishment",attraction,Chhattisgarh,All Seasons,Mungeli,4
MAHADEV GHAT BORTARA (NAWAGARH),21.9524206,81.6567555,3.6,"tourist_attraction, point_of_interest, establishment",attraction,Chhattisgarh,All Seasons,Mungeli,9
Madku deep,21.8533955,81.939842,0,"tourist_attraction, point_of_interest, establishment",attraction,Chhattisgarh,All Seasons,Mungeli,0
Maniyaari River View Point,22.186026,81.8154209,4.1,"tourist_attraction, point_of_interest, establishment",attraction,Chhattisgarh,All Seasons,Mungeli,23
Sangwakapa Stop Dam,22.1010982,81.6584963,3.8,"tourist_attraction, point_of_interest, establishment",attraction,Chhattisgarh,All Seasons,Mungeli,6
Madku Dweep,21.8368778,81.9500719,3.9,"tourist_attraction, point_of_interest, establishment",attraction,Chhattisgarh,All Seasons,Mungeli,59
Aghariya para,22.0695646,81.68348979999999,3.7,"tourist_attraction, point_of_interest, establishment",attraction,Chhattisgarh,All Seasons,Mungeli,3
Ancient pond,22.1008019,81.728402,4,"tourist_attraction, point_of_interest, establishment",attraction,Chhattisgarh,All Seasons,Mungeli,4
Jait kham जैत खाम,22.0640787,81.4792982,5,"tourist_attraction, point_of_interest, establishment",attraction,Chhattisgarh,All Seasons,Mungeli,4
Ram sagar talab Ghoramar,22.2536346,81.93631740000001,5,"tourist_attraction, point_of_interest, establishment",attraction,Chhattisgarh,All Seasons,Mungeli,5
Bundeli waterfowl,22.00806,81.68681,4.4,"tourist_attraction, point_of_interest, establishment",attraction,Chhattisgarh,All Seasons,Mungeli,8
Water reservoir,22.3066105,81.7122637,5,"tourist_attraction, point_of_interest, establishment",attraction,Chhattisgarh,All Seasons,Mungeli,1
My Mungeli Selfie Point,22.0548226,81.6809014,3.8,"tourist_attraction, point_of_interest, establishment",attraction,Chhattisgarh,All Seasons,Mungeli,4
माई के दुआरी सीमा,22.227862,81.7953677,0,"tourist_attraction, point_of_interest, establishment",attraction,Chhattisgarh,All Seasons,Mungeli,0
Nahar bodtara kala नहर बोड़तरा,22.2673033,81.6075319,0,"tourist_attraction, point_of_interest, establishment",attraction,Chhattisgarh,All Seasons,Mungeli,0
Mama Bhancha Dam,22.0273342,81.7154516,4.7,"tourist_attraction, point_of_interest, establishment",attraction,Chhattisgarh,All Seasons,Mungeli,6
झरझरा वाटरफॉल (चुनथरी),22.310421,81.817104,3.3,"tourist_attraction, point_of_interest, establishment",attraction,Chhattisgarh,All Seasons,Mungeli,4
Talab n.6,22.1869123,81.7548566,4.4,"tourist_attraction, point_of_interest, establishment",attraction,Chhattisgarh,All Seasons,Mungeli,7
*Nature view points*,22.1878939,81.7489635,4,"tourist_attraction, point_of_interest, establishment",attraction,Chhattisgarh,All Seasons,Mungeli,1
पत्थर खदान ( area of water),22.1166642,81.5735172,3.8,"tourist_attraction, point_of_interest, establishment",attraction,Chhattisgarh,All Seasons,Mungeli,6
Tandula dam Nagpura,21.9751199,81.51728729999999,1,"tourist_attraction, point_of_interest, establishment",attraction,Chhattisgarh,All Seasons,Mungeli,1
River,21.9891702,81.4865362,2.3,"tourist_attraction, point_of_interest, establishment",attraction,Chhattisgarh,All Seasons,Mungeli,3
झरझरा waterfall,22.25809,81.445331,3.6,"tourist_attraction, point_of_interest, establishment",attraction,Chhattisgarh,All Seasons,Mungeli,5
चमत्कारी Pendri Talab,22.1950239,81.6540813,3.9,"tourist_attraction, point_of_interest, establishment",attraction,Chhattisgarh,All Seasons,Mungeli,7
लोधी गेट,22.1886074,81.6005227,4.5,"tourist_attraction, point_of_interest, establishment",attraction,Chhattisgarh,All Seasons,Mungeli,11
चपही बांध,22.2755433,81.814572,1.8,"tourist_attraction, point_of_interest, establishment",attraction,Chhattisgarh,All Seasons,Mungeli,5
"सतनाम सरोवर,",22.2279293,81.413108,5,"tourist_attraction, point_of_interest, establishment",attraction,Chhattisgarh,All Seasons,Mungeli,1
Aagar River Dam खपरी कलॉ,22.21095,81.5354747,4.3,"tourist_attraction, point_of_interest, establishment",attraction,Chhattisgarh,All Seasons,Mungeli,3
Bagica para,22.0990177,81.8797976,0,"tourist_attraction, point_of_interest, establishment",attraction,Chhattisgarh,All Seasons,Mungeli,0
"हाफ नदी , रिवर व्यू",22.0856116,81.4582808,3.3,"tourist_attraction, point_of_interest, establishment",attraction,Chhattisgarh,All Seasons,Mungeli,10
Bindawal ATR cg,22.0661963,81.68391249999999,0,"tourist_attraction, point_of_interest, establishment",attraction,Chhattisgarh,All Seasons,Mungeli,0
Sajal shukla,21.8510111,81.8252924,5,"tourist_attraction, point_of_interest, establishment",attraction,Chhattisgarh,All Seasons,Mungeli,5
Kabir kuti maidan,21.9193205,81.46525849999999,5,"tourist_attraction, point_of_interest, establishment",attraction,Chhattisgarh,All Seasons,Mungeli,2
Radha-Krishna Mandir (गुड़ी पारा),22.2349061,81.87693469999999,3.7,"tourist_attraction, point_of_interest, establishment",attraction,Chhattisgarh,All Seasons,Mungeli,3
मगलपुर naktabadha कोटा,22.3042529,81.9327773,0,"tourist_attraction, point_of_interest, establishment",attraction,Chhattisgarh,All Seasons,Mungeli,0
पानी टंकी ( pani tanki ),21.9985975,81.42432830000001,0,"tourist_attraction, point_of_interest, establishment",attraction,Chhattisgarh,All Seasons,Mungeli,0
Sahu farms mardehi,21.834393,81.7083461,0,"tourist_attraction, point_of_interest, establishment",attraction,Chhattisgarh,All Seasons,Mungeli,0
ग्राम चारभाठा प्रवेश द्वार,22.1116021,81.7101077,4,"tourist_attraction, point_of_interest, establishment",attraction,Chhattisgarh,All Seasons,Mungeli,18
Kranti Dam,22.2728068,81.4027983,3.9,"tourist_attraction, point_of_interest, establishment",attraction,Chhattisgarh,All Seasons,Mungeli,8
"Khairwar road, Marka",22.0063155,81.41690799999999,0,"tourist_attraction, point_of_interest, establishment",attraction,Chhattisgarh,All Seasons,Mungeli,0
श्रीराम जलाशय हाफ नदी,21.8342595,81.5922846,5,"tourist_attraction, point_of_interest, establishment",attraction,Chhattisgarh,All Seasons,Mungeli,1
आदर्श ग्राम पंचायत टेमरी,21.7985996,81.87067549999999,4,"tourist_attraction, point_of_interest, establishment",attraction,Chhattisgarh,All Seasons,Mungeli,9
आदर्श ग्राम पंचायत दर्री,21.8272375,81.8633651,5,"tourist_attraction, point_of_interest, establishment",attraction,Chhattisgarh,All Seasons,Mungeli,2
Shambhupuri Temple Marka,21.8306725,81.6069273,3.8,"hindu_temple, tourist_attraction, place_of_worship, point_of_interest, establishment",attraction,Chhattisgarh,All Seasons,Mungeli,26
Hanuman Statue,22.211181,81.87302269999999,5,"tourist_attraction, point_of_interest, establishment",attraction,Chhattisgarh,All Seasons,Mungeli,1
जय स्तंभ चौक मालदा,21.8042015,81.7512842,3,"tourist_attraction, point_of_interest, establishment",attraction,Chhattisgarh,All Seasons,Mungeli,1
Rahan nadi,22.1880985,81.7578446,3,"tourist_attraction, point_of_interest, establishment",attraction,Chhattisgarh,All Seasons,Mungeli,2
Aannd ratre,22.0754633,81.8428833,0,"tourist_attraction, point_of_interest, establishment",attraction,Chhattisgarh,All Seasons,Mungeli,0
Jaishankar,21.9131833,81.7771783,0,"tourist_attraction, point_of_interest, establishment",attraction,Chhattisgarh,All Seasons,Mungeli,0
Suraj kaiwart,22.2752774,81.7663972,0,"tourist_attraction, point_of_interest, establishment",attraction,Chhattisgarh,All Seasons,Mungeli,0
Jama Masjid park,19.7201874,81.24462869999999,5,"park, point_of_interest, establishment",parks,Chhattisgarh,Spring,Narayanpur,2
Collectorate Park,19.7275672,81.23413889999999,3.6,"park, point_of_interest, establishment",parks,Chhattisgarh,Spring,Narayanpur,10
Gandhi Chowk,19.7220915,81.24601270000001,5,"park, point_of_interest, establishment",parks,Chhattisgarh,Spring,Narayanpur,1
Science Park - Vivekanand Ashram Narayanpur,19.7173362,81.2308583,4.6,"park, point_of_interest, establishment",parks,Chhattisgarh,Spring,Narayanpur,15
Temple park,19.8068391,81.5338067,5,"park, point_of_interest, establishment",parks,Chhattisgarh,Spring,Narayanpur,1
Narayanpur Garden,19.7202262,81.233406,5,"park, point_of_interest, establishment",parks,Chhattisgarh,Spring,Narayanpur,7
Destroyer STatue Park,19.7158477,81.2608491,4.5,"parking, point_of_interest, establishment",parks,Chhattisgarh,Spring,Narayanpur,2
Jungle Trail Park Narayanpur,19.7194375,81.2326875,0,"park, point_of_interest, establishment",parks,Chhattisgarh,Spring,Narayanpur,0
अच्छा जंगल अंजरेल,19.8350679,81.17539959999999,5,"park, point_of_interest, establishment",parks,Chhattisgarh,Spring,Narayanpur,2
Hasel dongri para beautiful nutar,19.3681209,81.4952831,5,"park, point_of_interest, establishment",parks,Chhattisgarh,Spring,Narayanpur,1
Chendru Environmental Garden,19.7116401,81.27752699999999,3.7,"park, point_of_interest, establishment",parks,Chhattisgarh,Spring,Narayanpur,66
राजा सहित,19.732899,81.527046,0,"park, point_of_interest, establishment",parks,Chhattisgarh,Spring,Narayanpur,0
Park,19.7239407,81.24578439999999,1,"park, point_of_interest, establishment",parks,Chhattisgarh,Spring,Narayanpur,2
Children Park,19.7185583,81.2326283,4.8,"park, point_of_interest, establishment",parks,Chhattisgarh,Spring,Narayanpur,4
Ramganesh kumar,19.7195568,81.2471973,0,"park, point_of_interest, establishment",parks,Chhattisgarh,Spring,Narayanpur,0
Ashram,19.7232867,81.2320348,0,"park, point_of_interest, establishment",parks,Chhattisgarh,Spring,Narayanpur,0
"अंजरेल पहाड़ी, नारायणपुर , छत्तीसगढ़",19.8023125,81.1683125,4.2,"park, point_of_interest, establishment",parks,Chhattisgarh,Spring,Narayanpur,6
Roy sun rise point,19.4484718,81.28779829999999,3.2,"park, point_of_interest, establishment",parks,Chhattisgarh,Spring,Narayanpur,5
Shivkumar kirshi pharmacy,19.5235314,81.3715398,0,"park, point_of_interest, establishment",parks,Chhattisgarh,Spring,Narayanpur,0
छेरीबेड़ा नर्सरी चौकीदार मकान,19.6496954,81.47668589999999,5,"park, point_of_interest, establishment",parks,Chhattisgarh,Spring,Narayanpur,1
गोटियां माढ़,19.8342593,81.1535312,5,"park, point_of_interest, establishment",parks,Chhattisgarh,Spring,Narayanpur,1
NETAJI Subhash Chandra Bose Statue,19.7190755,81.2384627,4.7,"park, point_of_interest, establishment",parks,Chhattisgarh,Spring,Narayanpur,3
Kanhargaon stadium,19.8734996,81.47038250000001,3.3,"park, point_of_interest, establishment",parks,Chhattisgarh,Spring,Narayanpur,6
बंदारीमांड डोबीर,19.7933556,81.1609757,0,"park, point_of_interest, establishment",parks,Chhattisgarh,Spring,Narayanpur,0
Shankar shardul house,19.8518682,81.46444819999999,3.7,"park, point_of_interest, establishment",parks,Chhattisgarh,Spring,Narayanpur,3
भुरकाल पांजा मंतला खुडूम,19.791982,81.1490723,0,"park, point_of_interest, establishment",parks,Chhattisgarh,Spring,Narayanpur,0
Anjrel Hill,19.8036546,81.1678421,3.3,"park, point_of_interest, establishment",parks,Chhattisgarh,Spring,Narayanpur,4
Forest wood depo office,19.7204522,81.2548473,5,"park, point_of_interest, establishment",parks,Chhattisgarh,Spring,Narayanpur,1
Guppa Dongri Hill Tukni basket top hill,19.6478096,81.5043081,0,"park, point_of_interest, establishment",parks,Chhattisgarh,Spring,Narayanpur,0
Koykidongri Hill कोयकीडोंगरी पहाड़ी,19.6472665,81.41678999999999,0,"park, point_of_interest, establishment",parks,Chhattisgarh,Spring,Narayanpur,0
Rocky Top,19.6470916,81.4170783,0,"park, point_of_interest, establishment",parks,Chhattisgarh,Spring,Narayanpur,0
Forest office Benoor,19.7203673,81.25456129999999,0,"park, point_of_interest, establishment",parks,Chhattisgarh,Spring,Narayanpur,0
धुधुम मांड़,19.8205084,81.17694589999999,0,"park, point_of_interest, establishment",parks,Chhattisgarh,Spring,Narayanpur,0
Garden urandebeda,19.8518691,81.46444149999999,0,"park, point_of_interest, establishment",parks,Chhattisgarh,Spring,Narayanpur,0
Gohda Matta Hill,19.6887427,81.3646814,0,"park, point_of_interest, establishment",parks,Chhattisgarh,Spring,Narayanpur,0
पोने डोबिर मांड अंजरेल,19.8395649,81.1828343,0,"park, point_of_interest, establishment",parks,Chhattisgarh,Spring,Narayanpur,0
Gobar Dongri Hill Panigaon,19.6558217,81.40521489999999,0,"park, point_of_interest, establishment",parks,Chhattisgarh,Spring,Narayanpur,0
दिन मांड़ जागल,19.8272127,81.18039689999999,0,"park, point_of_interest, establishment",parks,Chhattisgarh,Spring,Narayanpur,0
Itamatta Hill,19.6676994,81.4344279,0,"park, point_of_interest, establishment",parks,Chhattisgarh,Spring,Narayanpur,0
Power park,19.7277793,81.2473277,0,"parking, point_of_interest, establishment",parks,Chhattisgarh,Spring,Narayanpur,0
rihan babu,19.7184566,81.24545119999999,0,"park, point_of_interest, establishment",parks,Chhattisgarh,Spring,Narayanpur,0
Hathi Beda Dam,19.5257987,81.4005154,1,"park, point_of_interest, establishment",parks,Chhattisgarh,Spring,Narayanpur,2
Durka Dongri Hill,19.6712928,81.42613180000001,1,"park, point_of_interest, establishment",parks,Chhattisgarh,Spring,Narayanpur,1
कोपिर मांड चाटन,19.8202753,81.17327159999999,0,"park, point_of_interest, establishment",parks,Chhattisgarh,Spring,Narayanpur,0
Rajkumar Bera,19.7195568,81.2471973,0,"park, point_of_interest, establishment",parks,Chhattisgarh,Spring,Narayanpur,0
कोहाड अंजरेल,19.837404,81.1826419,0,"park, point_of_interest, establishment",parks,Chhattisgarh,Spring,Narayanpur,0
ईरउम कोहाड अंजरेल जांगल,19.8332481,81.180077,0,"park, point_of_interest, establishment",parks,Chhattisgarh,Spring,Narayanpur,0
नेड पांजा मंतला खुडूम,19.7920975,81.1511692,0,"park, point_of_interest, establishment",parks,Chhattisgarh,Spring,Narayanpur,0
Saidul house,19.7195568,81.2471973,0,"park, point_of_interest, establishment",parks,Chhattisgarh,Spring,Narayanpur,0
Shohag Ahmed house,19.7195568,81.2471973,0,"park, point_of_interest, establishment",parks,Chhattisgarh,Spring,Narayanpur,0
Ranjani nag,19.6684965,81.4276603,0,"park, point_of_interest, establishment",parks,Chhattisgarh,Spring,Narayanpur,0
प्राकृतिक शक्ति मटा भूम काल आदिमानों का रहने का स्थान,19.8363125,81.1561875,0,"park, point_of_interest, establishment",parks,Chhattisgarh,Spring,Narayanpur,0
निराला मांड़ चाटना अंजरेल में है,19.8247135,81.18065399999999,0,"park, point_of_interest, establishment",parks,Chhattisgarh,Spring,Narayanpur,0
MURIYAPARA ASHRAM WARD NARAYANPUR,19.7164159,81.2360868,3.8,"museum, point_of_interest, establishment",museum,Chhattisgarh,Winter,Narayanpur,17
Children Park,19.7185583,81.2326283,4.8,"park, point_of_interest, establishment",museum,Chhattisgarh,Winter,Narayanpur,4
मात्रा खुडूम होय पांजा,19.7922666,81.1498572,0,"museum, point_of_interest, establishment",museum,Chhattisgarh,Winter,Narayanpur,0
वीच खोहडा होन्द,19.8142719,81.16021889999999,0,"museum, point_of_interest, establishment",museum,Chhattisgarh,Winter,Narayanpur,0
भुसूहुखूडुम मांड,19.7879375,81.1585625,0,"museum, point_of_interest, establishment",museum,Chhattisgarh,Winter,Narayanpur,0
होयपांजा ग्राम अंजरेल,19.8051546,81.1628331,1,"museum, point_of_interest, establishment",museum,Chhattisgarh,Winter,Narayanpur,1
Chhattisgarh Science Centre,19.7195639,81.247211,0,"museum, point_of_interest, establishment",museum,Chhattisgarh,Winter,Narayanpur,0
PharasGoan waterfall,19.6013988,81.35303619999999,4.5,"tourist_attraction, point_of_interest, establishment",waterfalls,Chhattisgarh,Monsoon,Narayanpur,15
Fhulpad Waterfall,19.8413616,81.1618266,4.3,"tourist_attraction, point_of_interest, establishment",waterfalls,Chhattisgarh,Monsoon,Narayanpur,27
Pushpa Jhariya Waterfall,19.4202778,80.9594444,0,"tourist_attraction, point_of_interest, establishment",waterfalls,Chhattisgarh,Monsoon,Narayanpur,0
Statue Of Lord Shiva,19.7153156,81.2612085,4.4,"tourist_attraction, point_of_interest, establishment",waterfalls,Chhattisgarh,Monsoon,Narayanpur,32
Sant Sarover,19.7565183,81.19476,4.4,"tourist_attraction, point_of_interest, establishment",waterfalls,Chhattisgarh,Monsoon,Narayanpur,51
Gayatri Temple Pawda,19.7717886,81.44887899999999,4.3,"hindu_temple, place_of_worship, point_of_interest, establishment",temples,Chhattisgarh,All Seasons,Narayanpur,4
"Shiv Mandir, Singoditarai",19.7355343,81.24186639999999,4.8,"hindu_temple, place_of_worship, point_of_interest, establishment",temples,Chhattisgarh,All Seasons,Narayanpur,11
Mata Mandir,19.7351424,81.2424283,4.5,"hindu_temple, place_of_worship, point_of_interest, establishment",temples,Chhattisgarh,All Seasons,Narayanpur,11
Sai Mandir Narayanpur,19.7336774,81.2520048,3.8,"hindu_temple, place_of_worship, point_of_interest, establishment",temples,Chhattisgarh,All Seasons,Narayanpur,16
Bawdi Temple,19.637726,81.3004067,4.8,"hindu_temple, place_of_worship, point_of_interest, establishment",temples,Chhattisgarh,All Seasons,Narayanpur,11
Rawghat Mandir,19.8563695,81.21613529999999,4.3,"hindu_temple, place_of_worship, point_of_interest, establishment",temples,Chhattisgarh,All Seasons,Narayanpur,19
Bangiya samaj Maa Kali Mandir,19.7202171,81.2420635,5,"hindu_temple, place_of_worship, point_of_interest, establishment",temples,Chhattisgarh,All Seasons,Narayanpur,1
Vishnu Temple,19.8077089,81.5330389,4.3,"hindu_temple, place_of_worship, point_of_interest, establishment",temples,Chhattisgarh,All Seasons,Narayanpur,4
Gayatri Mandir,19.7203734,81.2436575,4.5,"hindu_temple, place_of_worship, point_of_interest, establishment",temples,Chhattisgarh,All Seasons,Narayanpur,10
Jagdish Mandir,19.7162363,81.24892849999999,4.1,"hindu_temple, place_of_worship, point_of_interest, establishment",temples,Chhattisgarh,All Seasons,Narayanpur,20
Shiv Mandir Res Colony,19.7237577,81.2394389,3.5,"hindu_temple, place_of_worship, point_of_interest, establishment",temples,Chhattisgarh,All Seasons,Narayanpur,12
HANUMAN MANDIR BUDHWARI BAJAR,19.7147957,81.24724669999999,4.4,"hindu_temple, place_of_worship, point_of_interest, establishment",temples,Chhattisgarh,All Seasons,Narayanpur,11
श्री महादेव मंदीर,19.730641,81.271107,5,"hindu_temple, place_of_worship, point_of_interest, establishment",temples,Chhattisgarh,All Seasons,Narayanpur,1
Ganesh Mandir..(Temple),19.7188361,81.2597701,3.1,"hindu_temple, place_of_worship, point_of_interest, establishment",temples,Chhattisgarh,All Seasons,Narayanpur,14
Hanuman mandir,19.7166943,81.2587332,3.9,"hindu_temple, place_of_worship, point_of_interest, establishment",temples,Chhattisgarh,All Seasons,Narayanpur,10
"Ardhanarishvara - Shiv Temple, Benoor",19.6409389,81.4237453,4.7,"hindu_temple, place_of_worship, point_of_interest, establishment",temples,Chhattisgarh,All Seasons,Narayanpur,3
Budhadev Temple,19.8076036,81.5327301,4.8,"hindu_temple, place_of_worship, point_of_interest, establishment",temples,Chhattisgarh,All Seasons,Narayanpur,6
Mavli Mata Mandir,19.7130078,81.24728689999999,4.2,"hindu_temple, place_of_worship, point_of_interest, establishment",temples,Chhattisgarh,All Seasons,Narayanpur,15
PAHADI MANDIR,19.3828555,81.1924928,3.7,"hindu_temple, place_of_worship, point_of_interest, establishment",temples,Chhattisgarh,All Seasons,Narayanpur,3
Bum Bum Bhole,19.7156328,81.2573548,5,"hindu_temple, place_of_worship, point_of_interest, establishment",temples,Chhattisgarh,All Seasons,Narayanpur,2
Mahadev temple badedongar,19.8017626,81.5189463,5,"hindu_temple, place_of_worship, point_of_interest, establishment",temples,Chhattisgarh,All Seasons,Narayanpur,2
Shiv mandir,19.7161302,81.26104219999999,5,"hindu_temple, place_of_worship, point_of_interest, establishment",temples,Chhattisgarh,All Seasons,Narayanpur,4
Bajrang Bali Mandir Jhara ghati,19.5933543,81.3678003,4,"hindu_temple, place_of_worship, point_of_interest, establishment",temples,Chhattisgarh,All Seasons,Narayanpur,1
मां जुंगे डोकरी मंदिर,19.6552675,81.06327399999999,0,"hindu_temple, place_of_worship, point_of_interest, establishment",temples,Chhattisgarh,All Seasons,Narayanpur,0
Bauddh Chaitya Grih,19.8302617,81.3962966,4,"place_of_worship, point_of_interest, establishment",temples,Chhattisgarh,All Seasons,Narayanpur,12
Mata Sitla Mandir,19.7118415,81.2429571,4.7,"hindu_temple, place_of_worship, point_of_interest, establishment",temples,Chhattisgarh,All Seasons,Narayanpur,3
Durga mandir Ganoul,19.7217615,81.24643739999999,0,"hindu_temple, place_of_worship, point_of_interest, establishment",temples,Chhattisgarh,All Seasons,Narayanpur,0
Shiv Mandir Kanimahuwa Narayan pur,19.7198657,81.2461441,5,"hindu_temple, place_of_worship, point_of_interest, establishment",temples,Chhattisgarh,All Seasons,Narayanpur,1
Mata mahakalin mandir,19.8516767,81.46401639999999,5,"hindu_temple, place_of_worship, point_of_interest, establishment",temples,Chhattisgarh,All Seasons,Narayanpur,1
Gaytri Mandir,19.4891384,81.3668976,3,"hindu_temple, place_of_worship, point_of_interest, establishment",temples,Chhattisgarh,All Seasons,Narayanpur,1
चड़ीबढ़ (रावड़ भाटा) पहाड़ी मंदिर कुम्हारपारा,19.7079705,81.2398869,4.6,"hindu_temple, place_of_worship, point_of_interest, establishment",temples,Chhattisgarh,All Seasons,Narayanpur,12
Gagada Pani,19.9060267,81.1069084,4.7,"hindu_temple, place_of_worship, point_of_interest, establishment",temples,Chhattisgarh,All Seasons,Narayanpur,3
Bangiya Samaj Shree Shani Temple,19.7198977,81.2418148,5,"hindu_temple, place_of_worship, point_of_interest, establishment",temples,Chhattisgarh,All Seasons,Narayanpur,2
S,19.6361145,81.4415877,0,"hindu_temple, place_of_worship, point_of_interest, establishment",temples,Chhattisgarh,All Seasons,Narayanpur,0
Shitala temple,19.8839037,81.4491867,0,"hindu_temple, place_of_worship, point_of_interest, establishment",temples,Chhattisgarh,All Seasons,Narayanpur,0
कुकुर नदी पहाड़ी मंदिर,19.7011325,81.2443256,4.3,"hindu_temple, place_of_worship, point_of_interest, establishment",temples,Chhattisgarh,All Seasons,Narayanpur,4
"Mahakal Charanpeeth, Rawghat",19.8528865,81.2183357,3.5,"hindu_temple, place_of_worship, point_of_interest, establishment",temples,Chhattisgarh,All Seasons,Narayanpur,4
Ayush Nag,19.7242721,81.2666198,4.5,"hindu_temple, place_of_worship, point_of_interest, establishment",temples,Chhattisgarh,All Seasons,Narayanpur,2
मुंढरी डोकरी और पुत्र कालहकुवर का देव गुड़ी,19.8836598,81.44397149999999,5,"hindu_temple, place_of_worship, point_of_interest, establishment",temples,Chhattisgarh,All Seasons,Narayanpur,2
Temple,19.8161394,81.53320570000001,0,"hindu_temple, place_of_worship, point_of_interest, establishment",temples,Chhattisgarh,All Seasons,Narayanpur,0
Ganesh Mandali,19.7340881,81.2405416,5,"hindu_temple, place_of_worship, point_of_interest, establishment",temples,Chhattisgarh,All Seasons,Narayanpur,3
Danteshwari maa mandir,19.79446,81.50061649999999,5,"hindu_temple, place_of_worship, point_of_interest, establishment",temples,Chhattisgarh,All Seasons,Narayanpur,3
Shri Ramdevbaba Mandir,19.7177381,81.2462788,3.7,"hindu_temple, place_of_worship, point_of_interest, establishment",temples,Chhattisgarh,All Seasons,Narayanpur,3
Shitla Mandir,19.9093004,81.13391179999999,4,"hindu_temple, place_of_worship, point_of_interest, establishment",temples,Chhattisgarh,All Seasons,Narayanpur,1
Sakdibeda,19.7040765,81.2327974,4,"hindu_temple, place_of_worship, point_of_interest, establishment",temples,Chhattisgarh,All Seasons,Narayanpur,1
Kotgudin mata mandir,19.7170625,81.25512619999999,5,"hindu_temple, place_of_worship, point_of_interest, establishment",temples,Chhattisgarh,All Seasons,Narayanpur,3
Sapt-Matri Mandir,19.8288331,81.3961022,0,"place_of_worship, point_of_interest, establishment",temples,Chhattisgarh,All Seasons,Narayanpur,0
Hanuman Mandir Kolar,19.9091578,81.1502034,5,"hindu_temple, place_of_worship, point_of_interest, establishment",temples,Chhattisgarh,All Seasons,Narayanpur,1
Ma Shitla Temple,19.7360545,81.389268,0,"hindu_temple, place_of_worship, point_of_interest, establishment",temples,Chhattisgarh,All Seasons,Narayanpur,0
Chingnaar Devsthal Burhadev Mandir,19.7589423,81.41936659999999,3,"hindu_temple, place_of_worship, point_of_interest, establishment",temples,Chhattisgarh,All Seasons,Narayanpur,2
Ancient Ganesh and Mahishasur mardani temple,19.531916,81.450964,3,"hindu_temple, place_of_worship, point_of_interest, establishment",temples,Chhattisgarh,All Seasons,Narayanpur,2
Shiv Mandir Bhongapal,19.8283782,81.39447369999999,0,"hindu_temple, place_of_worship, point_of_interest, establishment",temples,Chhattisgarh,All Seasons,Narayanpur,0
Pragya Bhavan,19.7341613,81.2424983,5,"hindu_temple, place_of_worship, point_of_interest, establishment",temples,Chhattisgarh,All Seasons,Narayanpur,7
Budadev Temple,19.7654554,81.175338,1,"place_of_worship, point_of_interest, establishment",temples,Chhattisgarh,All Seasons,Narayanpur,1
Kali Mata mandir,19.7151911,81.2413553,4,"hindu_temple, place_of_worship, point_of_interest, establishment",temples,Chhattisgarh,All Seasons,Narayanpur,1
"Ramakrishna Mission Ashrama, Narainpur",19.719564,81.247211,4.4,"hindu_temple, place_of_worship, point_of_interest, school, establishment",temples,Chhattisgarh,All Seasons,Narayanpur,108
Maa Ganga Maiya mandir,19.6801138,81.2460732,5,"hindu_temple, place_of_worship, point_of_interest, establishment",temples,Chhattisgarh,All Seasons,Narayanpur,1
Karelghati mandir,19.6254004,81.21864149999999,3,"hindu_temple, place_of_worship, point_of_interest, establishment",temples,Chhattisgarh,All Seasons,Narayanpur,2
भंगाराम गुड़ी बुधवारी बाजार,19.7149778,81.24736209999999,5,"hindu_temple, place_of_worship, point_of_interest, establishment",temples,Chhattisgarh,All Seasons,Narayanpur,1
श्री राम मंदिर,19.6883292,81.40369249999999,0,"hindu_temple, place_of_worship, point_of_interest, establishment",temples,Chhattisgarh,All Seasons,Narayanpur,0
Anjrel Hill,19.8036546,81.1678421,3.3,"park, point_of_interest, establishment",hills,Chhattisgarh,Winter,Narayanpur,4
Itamatta Hill,19.6676994,81.4344279,0,"park, point_of_interest, establishment",hills,Chhattisgarh,Winter,Narayanpur,0
Guppa Dongri Hill Tukni basket top hill,19.6478096,81.5043081,0,"park, point_of_interest, establishment",hills,Chhattisgarh,Winter,Narayanpur,0
Gohda Matta Hill,19.6887427,81.3646814,0,"park, point_of_interest, establishment",hills,Chhattisgarh,Winter,Narayanpur,0
Durka Dongri Hill,19.6712928,81.42613180000001,1,"park, point_of_interest, establishment",hills,Chhattisgarh,Winter,Narayanpur,1
Gobar Dongri Hill Panigaon,19.6558217,81.40521489999999,0,"park, point_of_interest, establishment",hills,Chhattisgarh,Winter,Narayanpur,0
Jaharkanda Matta Hill,19.6587309,81.4432145,0,"place_of_worship, point_of_interest, establishment",hills,Chhattisgarh,Winter,Narayanpur,0
Koykidongri Hill कोयकीडोंगरी पहाड़ी,19.6472665,81.41678999999999,0,"park, point_of_interest, establishment",hills,Chhattisgarh,Winter,Narayanpur,0
Tukil Dongri Ondardongri Hill Chaudang,19.6353077,81.5087096,0,"park, point_of_interest, establishment",hills,Chhattisgarh,Winter,Narayanpur,0
Natural spot Benoor,19.6494375,81.4165625,3,"tourist_attraction, point_of_interest, establishment",attraction,Chhattisgarh,All Seasons,Narayanpur,4
Statue Of Lord Shiva,19.7153156,81.2612085,4.4,"tourist_attraction, point_of_interest, establishment",attraction,Chhattisgarh,All Seasons,Narayanpur,32
Fhulpad Waterfall,19.8413616,81.1618266,4.3,"tourist_attraction, point_of_interest, establishment",attraction,Chhattisgarh,All Seasons,Narayanpur,27
PharasGoan waterfall,19.6013988,81.35303619999999,4.5,"tourist_attraction, point_of_interest, establishment",attraction,Chhattisgarh,All Seasons,Narayanpur,15
Aamdai valley,19.4604482,81.2755073,4.2,"tourist_attraction, point_of_interest, establishment",attraction,Chhattisgarh,All Seasons,Narayanpur,6
Pawda pharasgaon kondagaon,19.7727501,81.44896949999999,4.6,"tourist_attraction, point_of_interest, establishment",attraction,Chhattisgarh,All Seasons,Narayanpur,15
Sant Sarover,19.7565183,81.19476,4.4,"tourist_attraction, point_of_interest, establishment",attraction,Chhattisgarh,All Seasons,Narayanpur,51
Picnic Spot,19.8539208,81.21879,3.2,"tourist_attraction, point_of_interest, establishment",attraction,Chhattisgarh,All Seasons,Narayanpur,12
Binjli dem (shant shrover) narayanpur chhatisgad,19.7555779,81.19126519999999,5,"tourist_attraction, point_of_interest, establishment",attraction,Chhattisgarh,All Seasons,Narayanpur,4
Abujhamad Bastar,19.7195568,81.2471973,0,"tourist_attraction, point_of_interest, establishment",attraction,Chhattisgarh,All Seasons,Narayanpur,0
Pahadi Mata Mandir,19.7044253,81.2410721,4.4,"tourist_attraction, point_of_interest, establishment",attraction,Chhattisgarh,All Seasons,Narayanpur,108
Chendru Environmental Garden,19.7116401,81.27752699999999,3.7,"park, point_of_interest, establishment",attraction,Chhattisgarh,All Seasons,Narayanpur,66
जीरंगखड़का झरना,19.6830128,81.4191433,5,"tourist_attraction, point_of_interest, establishment",attraction,Chhattisgarh,All Seasons,Narayanpur,1
Pushpa Jhariya Waterfall,19.4202778,80.9594444,0,"tourist_attraction, point_of_interest, establishment",attraction,Chhattisgarh,All Seasons,Narayanpur,0
Binjali Dam,19.7622859,81.1926864,3.3,"school, tourist_attraction, point_of_interest, establishment",attraction,Chhattisgarh,All Seasons,Narayanpur,19
KALINDI KUNJ GARDEN-1,21.88086,83.38869410000001,3.7,"park, point_of_interest, establishment",parks,Chhattisgarh,Spring,Raigarh,93
Eco Park Jurda,21.8558538,83.45695289999999,3.4,"park, point_of_interest, establishment",parks,Chhattisgarh,Spring,Raigarh,42
Nature Park,21.930008,83.35248759999999,4.1,"park, point_of_interest, establishment",parks,Chhattisgarh,Spring,Raigarh,97
Central park,22.1186455,83.5000074,4.4,"park, point_of_interest, establishment",parks,Chhattisgarh,Spring,Raigarh,212
Kelo Dam Park,21.9505952,83.38776399999999,4.1,"park, point_of_interest, establishment",parks,Chhattisgarh,Spring,Raigarh,911
Green Garden,21.7111771,83.1297147,4.2,"park, point_of_interest, establishment",parks,Chhattisgarh,Spring,Raigarh,77
Indira Vihar,21.9105352,83.42780169999999,3.7,"park, point_of_interest, establishment",parks,Chhattisgarh,Spring,Raigarh,235
Budhi Mai Bal Udyan,21.9017902,83.37472849999999,4.4,"park, point_of_interest, establishment",parks,Chhattisgarh,Spring,Raigarh,19
Rose Garden,21.8889325,83.4104545,3.9,"park, point_of_interest, establishment",parks,Chhattisgarh,Spring,Raigarh,236
Eco Park Raigarh,21.8295469,83.45552169999999,4,"park, point_of_interest, establishment",parks,Chhattisgarh,Spring,Raigarh,77
Swami Vivekanand Garden,21.9826654,83.11373449999999,4.4,"park, point_of_interest, establishment",parks,Chhattisgarh,Spring,Raigarh,30
Saradih Park,21.7114718,83.1298609,4.1,"park, point_of_interest, establishment",parks,Chhattisgarh,Spring,Raigarh,63
Kamala Nehru Park,21.8925039,83.4055937,3.9,"park, point_of_interest, establishment",parks,Chhattisgarh,Spring,Raigarh,4736
Saraipali,21.9585801,83.1552178,4.1,"park, point_of_interest, establishment",parks,Chhattisgarh,Spring,Raigarh,14
Paryavaran Park,21.8888522,83.410431,4,"park, point_of_interest, establishment",parks,Chhattisgarh,Spring,Raigarh,138
Nagar van,21.9189538,83.3922017,4.4,"park, point_of_interest, establishment",parks,Chhattisgarh,Spring,Raigarh,5
Ganesh Talab Park,21.8984137,83.39066749999999,4,"park, point_of_interest, establishment",parks,Chhattisgarh,Spring,Raigarh,105
Eco Park Hills Raigarh,21.8284632,83.4554351,3.6,"park, point_of_interest, establishment",parks,Chhattisgarh,Spring,Raigarh,9
Butterfly Bliss,21.9485625,83.4641875,4.7,"park, point_of_interest, establishment",parks,Chhattisgarh,Spring,Raigarh,6
Judev Garden,21.8995716,83.4095992,3.4,"park, point_of_interest, establishment",parks,Chhattisgarh,Spring,Raigarh,99
Ambedkar chowk raigarh,21.8911921,83.40708579999999,4.5,"park, point_of_interest, establishment",parks,Chhattisgarh,Spring,Raigarh,90
KALINDI KUNJ GARDEN-2 RADHA UDHYAN,21.88157,83.3893822,4.5,"park, point_of_interest, establishment",parks,Chhattisgarh,Spring,Raigarh,2
Children's Park,21.7594044,83.42929199999999,4.2,"park, point_of_interest, establishment",parks,Chhattisgarh,Spring,Raigarh,23
Sai Manglam Park,21.8810218,83.42140429999999,4,"park, point_of_interest, establishment",parks,Chhattisgarh,Spring,Raigarh,3
Ankit's Lawn,22.044899,83.6112722,5,"park, point_of_interest, establishment",parks,Chhattisgarh,Spring,Raigarh,1
बायंग चौक चपले,21.9778156,83.1943513,3.8,"park, point_of_interest, establishment",parks,Chhattisgarh,Spring,Raigarh,176
औरदा तालाब,21.8049647,83.3952336,4.3,"park, point_of_interest, establishment",parks,Chhattisgarh,Spring,Raigarh,3
Dhanuyatra field,21.6669086,83.61056070000001,4.5,"park, point_of_interest, establishment",parks,Chhattisgarh,Spring,Raigarh,4
CRYSTAL GREENS गार्डन,21.8819443,83.38320999999999,5,"park, point_of_interest, establishment",parks,Chhattisgarh,Spring,Raigarh,1
Raigarh Jsw Parking,21.9235332,83.36170070000001,3.8,"park, point_of_interest, establishment",parks,Chhattisgarh,Spring,Raigarh,22
Darri LAKE,21.8282733,83.3441771,4.5,"park, point_of_interest, establishment",parks,Chhattisgarh,Spring,Raigarh,8
picnic spot,22.0692891,83.24848829999999,4,"park, point_of_interest, establishment",parks,Chhattisgarh,Spring,Raigarh,4
Amrit Vatika,21.759766,83.4308976,5,"park, point_of_interest, establishment",parks,Chhattisgarh,Spring,Raigarh,1
Park,22.0618029,83.3529665,4.3,"park, point_of_interest, establishment",parks,Chhattisgarh,Spring,Raigarh,7
tumidih forest,22.0540936,83.3160869,5,"park, point_of_interest, establishment",parks,Chhattisgarh,Spring,Raigarh,2
Bulanki Talab,21.8241951,83.2960063,5,"park, point_of_interest, establishment",parks,Chhattisgarh,Spring,Raigarh,3
Forest Check Gate,21.7849792,83.4881926,3.8,"park, point_of_interest, establishment",parks,Chhattisgarh,Spring,Raigarh,17
Indian School Garden,21.8781597,83.4068546,4.7,"park, point_of_interest, establishment",parks,Chhattisgarh,Spring,Raigarh,3
SHREE SHANI DEV MANDIR DOLESARA,22.1461199,83.42883429999999,5,"park, point_of_interest, establishment",parks,Chhattisgarh,Spring,Raigarh,3
Dileep Singh Judeo Kelo Park,21.9504867,83.3869917,3.8,"park, point_of_interest, establishment",parks,Chhattisgarh,Spring,Raigarh,5
Park,21.9858931,83.1038636,3.7,"park, point_of_interest, establishment",parks,Chhattisgarh,Spring,Raigarh,31
जय झूलेलाल वाटिका,21.8933358,83.406975,3,"park, point_of_interest, establishment",parks,Chhattisgarh,Spring,Raigarh,1
Old mango garden,21.6775305,83.1434714,0,"park, point_of_interest, establishment",parks,Chhattisgarh,Spring,Raigarh,0
Stone park kandheikela,21.6929537,83.4686289,4,"park, point_of_interest, establishment",parks,Chhattisgarh,Spring,Raigarh,2
Picnic Park,21.7145539,83.1344998,3.8,"park, point_of_interest, establishment",parks,Chhattisgarh,Spring,Raigarh,5
Forest Dam Junwani,21.9877507,83.44804429999999,3.5,"park, point_of_interest, establishment",parks,Chhattisgarh,Spring,Raigarh,2
Musical Fountain,21.932061,83.3572277,4.1,"park, point_of_interest, establishment",parks,Chhattisgarh,Spring,Raigarh,19
Pushp Vatika Bal Udyan,21.9018565,83.40521249999999,4,"park, point_of_interest, establishment",parks,Chhattisgarh,Spring,Raigarh,432
Chandmari pahad,21.9092456,83.4057667,5,"park, point_of_interest, establishment",parks,Chhattisgarh,Spring,Raigarh,5
Sahu farm house,21.6524044,83.5327026,4,"park, point_of_interest, establishment",parks,Chhattisgarh,Spring,Raigarh,2
Lekharam farm house,22.0604677,83.6458985,4,"park, point_of_interest, establishment",parks,Chhattisgarh,Spring,Raigarh,1
Garden,21.905578,83.190356,0,"park, point_of_interest, establishment",parks,Chhattisgarh,Spring,Raigarh,0
Bhoi Farm house,21.8582956,83.6517812,5,"park, point_of_interest, establishment",parks,Chhattisgarh,Spring,Raigarh,1
Jai Singh Talab Park,21.9004012,83.3931714,3.9,"park, point_of_interest, establishment",parks,Chhattisgarh,Spring,Raigarh,19
Babadham Bal Udyan,21.895202,83.3701335,4.1,"park, point_of_interest, establishment",parks,Chhattisgarh,Spring,Raigarh,23
Dungri hills,21.6807443,83.56964699999999,0,"park, point_of_interest, establishment",parks,Chhattisgarh,Spring,Raigarh,0
पंडित दीन दयाल उपाध्याय उद्यान,21.8892492,83.3964433,0,"park, point_of_interest, establishment",parks,Chhattisgarh,Spring,Raigarh,0
Premnagar Park 1,21.8901629,83.4028749,3.6,"park, point_of_interest, establishment",parks,Chhattisgarh,Spring,Raigarh,30
Premnagar Park 2,21.8906572,83.4037339,3.3,"park, point_of_interest, establishment",parks,Chhattisgarh,Spring,Raigarh,16
Kumud Farm,21.7900744,83.4563522,5,"park, point_of_interest, establishment",parks,Chhattisgarh,Spring,Raigarh,1
"Mahabharat Museums Center, Chandrasini Temple",21.7065103,83.23214229999999,4.3,"museum, point_of_interest, establishment",museum,Chhattisgarh,Winter,Raigarh,3
Ajay Gupta Marg,21.7097685,83.2357914,4.8,"museum, point_of_interest, establishment",museum,Chhattisgarh,Winter,Raigarh,5
Hanuman Mandir,21.8452859,83.1543983,4.5,"museum, point_of_interest, establishment",museum,Chhattisgarh,Winter,Raigarh,2
Koilighugar Waterfall,21.8059272,83.6686546,4.3,"tourist_attraction, amusement_park, point_of_interest, establishment",waterfalls,Chhattisgarh,Monsoon,Raigarh,2561
Tipakhol Waterfall,21.9429361,83.3553804,4.1,"tourist_attraction, point_of_interest, establishment",waterfalls,Chhattisgarh,Monsoon,Raigarh,104
Waterfall,21.9445753,83.1420529,4.1,"tourist_attraction, point_of_interest, establishment",waterfalls,Chhattisgarh,Monsoon,Raigarh,13
Binjkot Waterfall,21.8372918,83.4554181,3.8,"tourist_attraction, point_of_interest, establishment",waterfalls,Chhattisgarh,Monsoon,Raigarh,11
Ranaidarha Waterfall,21.9969947,83.3229427,4.5,"tourist_attraction, point_of_interest, establishment",waterfalls,Chhattisgarh,Monsoon,Raigarh,30
Belaria Waterfall,21.8139967,83.5261271,3.8,"tourist_attraction, point_of_interest, establishment",waterfalls,Chhattisgarh,Monsoon,Raigarh,22
Delari Water Fall,21.9969335,83.32299739999999,3.9,"tourist_attraction, point_of_interest, establishment",waterfalls,Chhattisgarh,Monsoon,Raigarh,44
Chirgun Kholiha Waterfall,21.8281731,83.46812539999999,3.7,"tourist_attraction, point_of_interest, establishment",waterfalls,Chhattisgarh,Monsoon,Raigarh,6
"JHORJHORA WATERFALL, BADE AMAKONI",21.6404751,83.2366641,3.6,"tourist_attraction, point_of_interest, establishment",waterfalls,Chhattisgarh,Monsoon,Raigarh,5
କୋଇଲି ଘୋଘର ଜଳପ୍ରପାତ,21.8064318,83.6686445,4.4,"natural_feature, establishment",waterfalls,Chhattisgarh,Monsoon,Raigarh,140
Parsada Waterfall 2,21.9683256,83.30856580000001,4.5,"tourist_attraction, point_of_interest, establishment",waterfalls,Chhattisgarh,Monsoon,Raigarh,37
Regada Waterfall (रेगड़ा वॉटरफॉल),21.941202,83.4353162,4.4,"tourist_attraction, point_of_interest, establishment",waterfalls,Chhattisgarh,Monsoon,Raigarh,7
पंचधारी वाटर,21.9129845,83.40579319999999,4.2,"tourist_attraction, point_of_interest, establishment",waterfalls,Chhattisgarh,Monsoon,Raigarh,155
Nairegda water fall,21.9319413,83.4316,4.5,"tourist_attraction, point_of_interest, establishment",waterfalls,Chhattisgarh,Monsoon,Raigarh,2
"Ram Jharna, Bhupdevpur",21.9838785,83.27691399999999,4,"tourist_attraction, point_of_interest, establishment",waterfalls,Chhattisgarh,Monsoon,Raigarh,437
Parsada Jharna,21.968107,83.3086063,4.2,"tourist_attraction, point_of_interest, establishment",waterfalls,Chhattisgarh,Monsoon,Raigarh,186
Raigarh Kelo Bridge,21.8916465,83.3996915,3.8,"point_of_interest, establishment",beaches,Chhattisgarh,Summer,Raigarh,70
Picnic Spot Raigarh,21.8745223,83.4379441,4.2,"point_of_interest, establishment",beaches,Chhattisgarh,Summer,Raigarh,24
Radheshyam Patel,22.0256132,83.2034779,0,"point_of_interest, establishment",beaches,Chhattisgarh,Summer,Raigarh,0
Nature Park,21.930008,83.35248759999999,4.1,"park, point_of_interest, establishment",zoo,Chhattisgarh,Winter,Raigarh,97
चारभाठा गोठान,21.9310744,83.27314109999999,2,"zoo, point_of_interest, establishment",zoo,Chhattisgarh,Winter,Raigarh,2
Budhi Mai Bal Udyan,21.9017902,83.37472849999999,4.4,"park, point_of_interest, establishment",zoo,Chhattisgarh,Winter,Raigarh,19
Shiv Temple Semilia,21.6701639,83.443584,4,"hindu_temple, place_of_worship, point_of_interest, establishment",temples,Chhattisgarh,All Seasons,Raigarh,26
Shiv temple 🚩,21.8577146,83.2498727,5,"hindu_temple, place_of_worship, point_of_interest, establishment",temples,Chhattisgarh,All Seasons,Raigarh,2
Shiva Temple,22.035412,83.630258,5,"hindu_temple, place_of_worship, point_of_interest, establishment",temples,Chhattisgarh,All Seasons,Raigarh,1
Lord Shiva Temple,22.0382743,83.5978082,5,"hindu_temple, place_of_worship, point_of_interest, establishment",temples,Chhattisgarh,All Seasons,Raigarh,4
Dolesara Banjari Temple,22.146204,83.428765,4.3,"hindu_temple, place_of_worship, point_of_interest, establishment",temples,Chhattisgarh,All Seasons,Raigarh,8
Temple in water,21.7218667,83.6132796,5,"hindu_temple, place_of_worship, point_of_interest, establishment",temples,Chhattisgarh,All Seasons,Raigarh,3
Shiva Temple,21.7494145,83.3052254,4.4,"hindu_temple, place_of_worship, point_of_interest, establishment",temples,Chhattisgarh,All Seasons,Raigarh,7
Mahaveer temple,21.8950987,83.2695171,5,"hindu_temple, place_of_worship, point_of_interest, establishment",temples,Chhattisgarh,All Seasons,Raigarh,4
Maa Kali Temple,21.7836248,83.6404853,4.5,"hindu_temple, place_of_worship, point_of_interest, establishment",temples,Chhattisgarh,All Seasons,Raigarh,4
Shiv temple,21.9972894,83.23150299999999,5,"hindu_temple, place_of_worship, point_of_interest, establishment",temples,Chhattisgarh,All Seasons,Raigarh,3
Atal awas shiv temple,21.9038561,83.3776662,5,"hindu_temple, place_of_worship, point_of_interest, establishment",temples,Chhattisgarh,All Seasons,Raigarh,2
Banji Pali Samleswari Temple,21.7988698,83.6141213,5,"hindu_temple, place_of_worship, point_of_interest, establishment",temples,Chhattisgarh,All Seasons,Raigarh,3
Jagnnath Temple Mouhapali,21.6398306,83.28301499999999,3.8,"hindu_temple, place_of_worship, point_of_interest, establishment",temples,Chhattisgarh,All Seasons,Raigarh,8
मां सती मंदिर Maa Sati Temple,21.8335711,83.35854979999999,5,"hindu_temple, place_of_worship, point_of_interest, establishment",temples,Chhattisgarh,All Seasons,Raigarh,2
Lord Shani Temple,22.0462735,83.5984388,5,"hindu_temple, place_of_worship, point_of_interest, establishment",temples,Chhattisgarh,All Seasons,Raigarh,1
Shiv temple,21.8425372,83.2887473,5,"hindu_temple, place_of_worship, point_of_interest, establishment",temples,Chhattisgarh,All Seasons,Raigarh,1
"Jagannath Temple, Kasdol",22.0687329,83.42733539999999,4.6,"hindu_temple, place_of_worship, point_of_interest, establishment",temples,Chhattisgarh,All Seasons,Raigarh,21
Hanuman Temple,21.8946071,83.3943408,4.8,"hindu_temple, place_of_worship, point_of_interest, establishment",temples,Chhattisgarh,All Seasons,Raigarh,14
Shiva temple Sondekela,21.7855228,83.424378,4,"hindu_temple, place_of_worship, point_of_interest, establishment",temples,Chhattisgarh,All Seasons,Raigarh,14
SHREE RAM TEMPLE,21.7204297,83.4001352,4.3,"hindu_temple, place_of_worship, point_of_interest, establishment",temples,Chhattisgarh,All Seasons,Raigarh,6
Gayatri Temple,21.8975341,83.3908318,4.2,"hindu_temple, place_of_worship, point_of_interest, establishment",temples,Chhattisgarh,All Seasons,Raigarh,18
"Samleshwari Temple, Raigarh, Hirakhand",21.906407,83.3976335,4,"hindu_temple, place_of_worship, point_of_interest, establishment",temples,Chhattisgarh,All Seasons,Raigarh,31
Maheswarnath Temple,21.8060159,83.6688495,4.8,"hindu_temple, place_of_worship, point_of_interest, establishment",temples,Chhattisgarh,All Seasons,Raigarh,5
Mahadev Temple,21.9844002,83.2773552,4.7,"hindu_temple, place_of_worship, point_of_interest, establishment",temples,Chhattisgarh,All Seasons,Raigarh,3
Temple,22.0186172,83.3809676,5,"hindu_temple, place_of_worship, point_of_interest, establishment",temples,Chhattisgarh,All Seasons,Raigarh,3
Temple,21.9028551,83.3929959,5,"place_of_worship, point_of_interest, establishment",temples,Chhattisgarh,All Seasons,Raigarh,1
Shree Jagannath Temple,21.8291946,83.35672079999999,4.4,"hindu_temple, place_of_worship, point_of_interest, establishment",temples,Chhattisgarh,All Seasons,Raigarh,33
Temple - Savitri Nagar,22.1202635,83.5024409,4.9,"hindu_temple, place_of_worship, point_of_interest, establishment",temples,Chhattisgarh,All Seasons,Raigarh,8
Laxmi Narayan Temple,21.8919028,83.3936906,4.1,"hindu_temple, place_of_worship, point_of_interest, establishment",temples,Chhattisgarh,All Seasons,Raigarh,20
Samleswari Temple,21.7488487,83.56513679999999,4.5,"hindu_temple, place_of_worship, point_of_interest, establishment",temples,Chhattisgarh,All Seasons,Raigarh,2
"Jagannath temple,Behera",21.6530585,83.5334019,4.8,"hindu_temple, place_of_worship, point_of_interest, establishment",temples,Chhattisgarh,All Seasons,Raigarh,4
Shiv Temple,21.9121926,83.2256788,4,"hindu_temple, place_of_worship, point_of_interest, establishment",temples,Chhattisgarh,All Seasons,Raigarh,1
Jagannath Temple,21.9139683,83.26223329999999,4.6,"hindu_temple, place_of_worship, point_of_interest, establishment",temples,Chhattisgarh,All Seasons,Raigarh,5
Shiv Temple 🚩,21.9515854,83.2144665,0,"hindu_temple, place_of_worship, point_of_interest, establishment",temples,Chhattisgarh,All Seasons,Raigarh,0
Temple,21.9913917,83.2299596,3.5,"hindu_temple, place_of_worship, point_of_interest, establishment",temples,Chhattisgarh,All Seasons,Raigarh,8
Sai Mandir,21.9235279,83.39013659999999,4.4,"hindu_temple, place_of_worship, point_of_interest, establishment",temples,Chhattisgarh,All Seasons,Raigarh,133
Hanuman Temple,22.0450498,83.6175773,5,"hindu_temple, place_of_worship, point_of_interest, establishment",temples,Chhattisgarh,All Seasons,Raigarh,3
Vishnu temple,21.80732,83.6686416,4.5,"hindu_temple, place_of_worship, point_of_interest, establishment",temples,Chhattisgarh,All Seasons,Raigarh,4
Shiv Temple Badimal,21.7845561,83.3080102,4.6,"hindu_temple, place_of_worship, point_of_interest, establishment",temples,Chhattisgarh,All Seasons,Raigarh,8
"Jagannath Temple, Badehaldi",21.7920625,83.4074844,4.5,"hindu_temple, place_of_worship, point_of_interest, establishment",temples,Chhattisgarh,All Seasons,Raigarh,11
Shiv Temple,21.9020154,83.4100406,5,"hindu_temple, place_of_worship, point_of_interest, establishment",temples,Chhattisgarh,All Seasons,Raigarh,1
Lord Shib Temple,21.6420256,83.6094232,5,"hindu_temple, place_of_worship, point_of_interest, establishment",temples,Chhattisgarh,All Seasons,Raigarh,1
RAMCHANDI TEMPLE Dumarmuda,21.8291075,83.4240061,4,"hindu_temple, place_of_worship, point_of_interest, establishment",temples,Chhattisgarh,All Seasons,Raigarh,15
"Hanuman Temple, Tilaimal",21.656882,83.6222037,5,"hindu_temple, place_of_worship, point_of_interest, establishment",temples,Chhattisgarh,All Seasons,Raigarh,1
Padmasini Temple,21.7627215,83.56610429999999,4.5,"hindu_temple, place_of_worship, point_of_interest, establishment",temples,Chhattisgarh,All Seasons,Raigarh,2
"Jagannath Temple, Mandir Pada, Jamgaon",21.7701873,83.6456425,5,"hindu_temple, place_of_worship, point_of_interest, establishment",temples,Chhattisgarh,All Seasons,Raigarh,2
"Mankeshari Temple, Patrapali East",21.8876271,83.48424949999999,3.2,"hindu_temple, place_of_worship, point_of_interest, establishment",temples,Chhattisgarh,All Seasons,Raigarh,5
Porath Temple,21.6740001,83.41217979999999,4.5,"hindu_temple, place_of_worship, point_of_interest, establishment",temples,Chhattisgarh,All Seasons,Raigarh,102
"Shiv Temple, Taparia",22.0367475,83.5568942,4.5,"hindu_temple, place_of_worship, point_of_interest, establishment",temples,Chhattisgarh,All Seasons,Raigarh,2
Old Temple,21.8983735,83.40108570000001,4,"hindu_temple, place_of_worship, point_of_interest, establishment",temples,Chhattisgarh,All Seasons,Raigarh,7
Radha Krishna Temple,21.6939049,83.1084687,5,"hindu_temple, place_of_worship, point_of_interest, establishment",temples,Chhattisgarh,All Seasons,Raigarh,1
Narshing temple jarimuli,21.7246348,83.5729913,5,"hindu_temple, place_of_worship, point_of_interest, establishment",temples,Chhattisgarh,All Seasons,Raigarh,1
Maa dakshin kali temple,21.8683064,83.55117980000001,4.3,"hindu_temple, place_of_worship, point_of_interest, establishment",temples,Chhattisgarh,All Seasons,Raigarh,3
Shiv temple,22.0445971,83.6215273,5,"hindu_temple, place_of_worship, point_of_interest, establishment",temples,Chhattisgarh,All Seasons,Raigarh,1
Jagannath temple,21.7063962,83.2317778,5,"hindu_temple, place_of_worship, point_of_interest, establishment",temples,Chhattisgarh,All Seasons,Raigarh,6
hanuman temple,21.6591933,83.26917960000002,4,"hindu_temple, place_of_worship, point_of_interest, establishment",temples,Chhattisgarh,All Seasons,Raigarh,2
Ram & Jagannath Temple,21.7936176,83.4558162,4.2,"hindu_temple, place_of_worship, point_of_interest, establishment",temples,Chhattisgarh,All Seasons,Raigarh,5
Thakur Dev Temple Tamnar,22.0907566,83.43960059999999,5,"hindu_temple, place_of_worship, point_of_interest, establishment",temples,Chhattisgarh,All Seasons,Raigarh,5
Hanuman Temple,22.1014034,83.45388249999999,5,"hindu_temple, place_of_worship, point_of_interest, establishment",temples,Chhattisgarh,All Seasons,Raigarh,1
"Maa Dakshin Kali Temple, Kiritmal",21.6628507,83.48151589999999,5,"hindu_temple, place_of_worship, point_of_interest, establishment",temples,Chhattisgarh,All Seasons,Raigarh,3
JSP Hill View Colony Playground,21.9374847,83.34997969999999,4.4,"point_of_interest, establishment",hills,Chhattisgarh,Winter,Raigarh,281
Hill View Colony,21.9376094,83.34867469999999,No rating,"neighborhood, political",hills,Chhattisgarh,Winter,Raigarh,0
Hill Mandir,21.8259592,83.202474,4.1,"hindu_temple, place_of_worship, point_of_interest, establishment",hills,Chhattisgarh,Winter,Raigarh,10
Thango Hill,21.7875723,83.6699163,5,"park, point_of_interest, establishment",hills,Chhattisgarh,Winter,Raigarh,3
Tilaga Hill,21.9199585,83.5103755,4,"park, point_of_interest, establishment",hills,Chhattisgarh,Winter,Raigarh,3
JSP Hill View Shopping Complex,21.9383383,83.3482251,4.2,"shopping_mall, point_of_interest, establishment",hills,Chhattisgarh,Winter,Raigarh,35
Hill Climbing UPMY,21.9407806,83.1461959,5,"park, point_of_interest, establishment",hills,Chhattisgarh,Winter,Raigarh,3
Dungri hills,21.6807443,83.56964699999999,0,"park, point_of_interest, establishment",hills,Chhattisgarh,Winter,Raigarh,0
Krishna diamond hill,21.9097657,83.3992293,4.5,"point_of_interest, establishment",hills,Chhattisgarh,Winter,Raigarh,6
Hill View Colony JSPL,21.8974003,83.39496319999999,3,"point_of_interest, establishment",hills,Chhattisgarh,Winter,Raigarh,1
Natural hill cricket stadium,21.8568943,83.5835572,0,"point_of_interest, establishment",hills,Chhattisgarh,Winter,Raigarh,0
Hill top of garh parwat,21.864745,83.437698,0,"park, point_of_interest, establishment",hills,Chhattisgarh,Winter,Raigarh,0
JSP Hill View Colony Tower No 12,21.9398188,83.34067619999999,5,"point_of_interest, establishment",hills,Chhattisgarh,Winter,Raigarh,1
Kukricholi Hill,22.0608639,83.19379239999999,0,"park, point_of_interest, establishment",hills,Chhattisgarh,Winter,Raigarh,0
JSP Hill View Colony Tower No 14,21.940568,83.34036909999999,5,"point_of_interest, establishment",hills,Chhattisgarh,Winter,Raigarh,5
Hill View Residency,21.9121428,83.398741,5,"point_of_interest, establishment",hills,Chhattisgarh,Winter,Raigarh,1
Eco Park Hills Raigarh,21.8284632,83.4554351,3.6,"park, point_of_interest, establishment",hills,Chhattisgarh,Winter,Raigarh,9
"Tower no. 6,Hill view colony, JSPL",21.9408429,83.3412385,0,"point_of_interest, establishment",hills,Chhattisgarh,Winter,Raigarh,0
"CD-65,HILL VIEW COLONY,RAIGARH,CG",21.9419194,83.34172559999999,0,"point_of_interest, establishment",hills,Chhattisgarh,Winter,Raigarh,0
Kabra pahad,21.8450773,83.4614825,4.3,"park, point_of_interest, establishment",hills,Chhattisgarh,Winter,Raigarh,31
Hill brow metallics and construction pvt. Ltd,21.898035,83.3982399,0,"general_contractor, point_of_interest, establishment",hills,Chhattisgarh,Winter,Raigarh,0
Raipur tyre workshop chiraipani,21.9386014,83.3493558,0,"parking, point_of_interest, establishment",hills,Chhattisgarh,Winter,Raigarh,0
Cricket ground,21.9373687,83.3498932,0,"point_of_interest, establishment",hills,Chhattisgarh,Winter,Raigarh,0
Hanuman Mandir,21.8747068,83.4199564,4.4,"hindu_temple, place_of_worship, point_of_interest, establishment",hills,Chhattisgarh,Winter,Raigarh,20
SANTOSH TEA STALL,21.9376883,83.3468645,5,"cafe, food, point_of_interest, store, establishment",hills,Chhattisgarh,Winter,Raigarh,2
Balaji Logistics,21.93677,83.3491979,0,"point_of_interest, establishment",hills,Chhattisgarh,Winter,Raigarh,0
JSP C&D Colony,21.9385378,83.3414756,5,"point_of_interest, establishment",hills,Chhattisgarh,Winter,Raigarh,8
JSPL,21.9244617,83.3472731,4.4,"point_of_interest, establishment",hills,Chhattisgarh,Winter,Raigarh,203
Kurkut River,22.0783275,83.1950421,4.1,"natural_feature, establishment",hills,Chhattisgarh,Winter,Raigarh,56
Delari Water Fall,21.9969335,83.32299739999999,3.9,"tourist_attraction, point_of_interest, establishment",attraction,Chhattisgarh,All Seasons,Raigarh,44
Tamdei Picnic Spot,21.7245697,83.5863383,4.3,"tourist_attraction, point_of_interest, establishment",attraction,Chhattisgarh,All Seasons,Raigarh,79
Tipakhol Waterfall,21.9429361,83.3553804,4.1,"tourist_attraction, point_of_interest, establishment",attraction,Chhattisgarh,All Seasons,Raigarh,104
"Ram Jharna, Bhupdevpur",21.9838785,83.27691399999999,4,"tourist_attraction, point_of_interest, establishment",attraction,Chhattisgarh,All Seasons,Raigarh,437
Parsada Jharna,21.968107,83.3086063,4.2,"tourist_attraction, point_of_interest, establishment",attraction,Chhattisgarh,All Seasons,Raigarh,186
Singhanpur Cave,21.9956234,83.2514595,4,"tourist_attraction, point_of_interest, establishment",attraction,Chhattisgarh,All Seasons,Raigarh,110
Koilighugar Waterfall,21.8059272,83.6686546,4.3,"tourist_attraction, amusement_park, point_of_interest, establishment",attraction,Chhattisgarh,All Seasons,Raigarh,2561
Koilighugar picnic place,21.8064007,83.6691391,4.3,"tourist_attraction, point_of_interest, establishment",attraction,Chhattisgarh,All Seasons,Raigarh,56
View Point Padigaon,22.048814,83.4954748,4,"tourist_attraction, point_of_interest, establishment",attraction,Chhattisgarh,All Seasons,Raigarh,7
Moti Mahal,21.8986397,83.400666,4,"tourist_attraction, point_of_interest, establishment",attraction,Chhattisgarh,All Seasons,Raigarh,251
BudhaPahad,22.0650988,83.6050595,3.8,"tourist_attraction, point_of_interest, establishment",attraction,Chhattisgarh,All Seasons,Raigarh,6
Ranisagar Talab,21.6365664,83.34612840000001,3.8,"tourist_attraction, point_of_interest, establishment",attraction,Chhattisgarh,All Seasons,Raigarh,5
Sughhar Raigarh,21.8904948,83.4052312,4.6,"tourist_attraction, point_of_interest, establishment",attraction,Chhattisgarh,All Seasons,Raigarh,5
The longest bridge in Chhattisgarh.,21.6926876,83.373831,4.1,"tourist_attraction, point_of_interest, establishment",attraction,Chhattisgarh,All Seasons,Raigarh,15
Floating House ( Tipakhol),21.9446645,83.3521141,4.7,"tourist_attraction, point_of_interest, establishment",attraction,Chhattisgarh,All Seasons,Raigarh,7
Photo Point,21.7878571,83.5544858,3.9,"tourist_attraction, point_of_interest, establishment",attraction,Chhattisgarh,All Seasons,Raigarh,15
Durga chabutra,21.8465575,83.1646516,4.7,"tourist_attraction, point_of_interest, establishment",attraction,Chhattisgarh,All Seasons,Raigarh,3
Tipakhol lake,21.9471754,83.3497806,4.2,"tourist_attraction, point_of_interest, establishment",attraction,Chhattisgarh,All Seasons,Raigarh,25
New pond,21.791136,83.16389679999999,0,"tourist_attraction, point_of_interest, establishment",attraction,Chhattisgarh,All Seasons,Raigarh,0
Mahani,21.7463985,83.5486949,4.8,"tourist_attraction, point_of_interest, establishment",attraction,Chhattisgarh,All Seasons,Raigarh,6
Tamdei tourist place,21.7131176,83.5749584,0,"tourist_attraction, point_of_interest, establishment",attraction,Chhattisgarh,All Seasons,Raigarh,0
Gobind Pur Danga Ghaat (Birds Village),21.7132731,83.6079271,4.5,"tourist_attraction, point_of_interest, establishment",attraction,Chhattisgarh,All Seasons,Raigarh,44
Nairegda water fall,21.9319413,83.4316,4.5,"tourist_attraction, point_of_interest, establishment",attraction,Chhattisgarh,All Seasons,Raigarh,2
Cave,21.912186,83.6748291,5,"tourist_attraction, point_of_interest, establishment",attraction,Chhattisgarh,All Seasons,Raigarh,3
Rani darha,22.0043217,83.5049363,4.7,"tourist_attraction, point_of_interest, establishment",attraction,Chhattisgarh,All Seasons,Raigarh,10
Pahariya Dadi Mountain,22.11062,83.3791662,3,"tourist_attraction, point_of_interest, establishment",attraction,Chhattisgarh,All Seasons,Raigarh,2
Khanch Pani,22.0263725,83.44440890000001,4.6,"tourist_attraction, point_of_interest, establishment",attraction,Chhattisgarh,All Seasons,Raigarh,9
Tamdei Picnic Spot,21.7131176,83.5749584,0,"tourist_attraction, point_of_interest, establishment",attraction,Chhattisgarh,All Seasons,Raigarh,0
Photo point,21.7517725,83.4946977,5,"tourist_attraction, point_of_interest, establishment",attraction,Chhattisgarh,All Seasons,Raigarh,1
Road Of Heaven,21.92459,83.41882600000001,4.5,"tourist_attraction, point_of_interest, establishment",attraction,Chhattisgarh,All Seasons,Raigarh,2
Likha Pahad,21.9514516,83.1551193,3.8,"tourist_attraction, point_of_interest, establishment",attraction,Chhattisgarh,All Seasons,Raigarh,4
Belaria Waterfall,21.8139967,83.5261271,3.8,"tourist_attraction, point_of_interest, establishment",attraction,Chhattisgarh,All Seasons,Raigarh,22
View point,21.9520676,83.3914534,4.2,"tourist_attraction, point_of_interest, establishment",attraction,Chhattisgarh,All Seasons,Raigarh,5
Singhanpur water fall,21.9875039,83.259877,0,"tourist_attraction, point_of_interest, establishment",attraction,Chhattisgarh,All Seasons,Raigarh,0
Sahasbaga dumri,21.7637513,83.6275867,2.7,"tourist_attraction, point_of_interest, establishment",attraction,Chhattisgarh,All Seasons,Raigarh,3
Cave,21.9489226,83.1437442,3.8,"tourist_attraction, point_of_interest, establishment",attraction,Chhattisgarh,All Seasons,Raigarh,6
Binjkot Waterfall,21.8372918,83.4554181,3.8,"tourist_attraction, point_of_interest, establishment",attraction,Chhattisgarh,All Seasons,Raigarh,11
Gidha Rock Shelter,21.9615872,83.1367391,4.2,"tourist_attraction, point_of_interest, establishment",attraction,Chhattisgarh,All Seasons,Raigarh,5
Padampur Danga ghat,21.7537555,83.563625,4.1,"tourist_attraction, point_of_interest, establishment",attraction,Chhattisgarh,All Seasons,Raigarh,17
Amaraiya,21.939132,83.14373069999999,5,"tourist_attraction, point_of_interest, establishment",attraction,Chhattisgarh,All Seasons,Raigarh,2
Atal Chowk,21.8749093,83.3853541,4,"tourist_attraction, point_of_interest, establishment",attraction,Chhattisgarh,All Seasons,Raigarh,55
Kumar Devendra Pratap Singh Palace,21.8988243,83.4007508,4,"tourist_attraction, point_of_interest, establishment",attraction,Chhattisgarh,All Seasons,Raigarh,15
Bhikampali Village,21.7869738,83.57063219999999,4,"tourist_attraction, point_of_interest, establishment",attraction,Chhattisgarh,All Seasons,Raigarh,31
Dandi March Statue,21.8905493,83.40528390000001,4.7,"tourist_attraction, point_of_interest, establishment",attraction,Chhattisgarh,All Seasons,Raigarh,7
Kotarliya talab picni spot,21.8751554,83.5053279,0,"tourist_attraction, point_of_interest, establishment",attraction,Chhattisgarh,All Seasons,Raigarh,0
Bharat satnami,21.842873,83.230764,4,"tourist_attraction, point_of_interest, establishment",attraction,Chhattisgarh,All Seasons,Raigarh,2
Jindal Dam,21.9385116,83.3554022,4,"tourist_attraction, point_of_interest, establishment",attraction,Chhattisgarh,All Seasons,Raigarh,53
पंचधारी वाटर,21.9129845,83.40579319999999,4.2,"tourist_attraction, point_of_interest, establishment",attraction,Chhattisgarh,All Seasons,Raigarh,155
पिकनिक स्पोट 2,21.6983396,83.2277931,3.7,"tourist_attraction, point_of_interest, establishment",attraction,Chhattisgarh,All Seasons,Raigarh,41
Sunny dame,21.9364139,83.3296335,4.5,"tourist_attraction, point_of_interest, establishment",attraction,Chhattisgarh,All Seasons,Raigarh,2
Mahanadi - Maand nadi sangam,21.7017252,83.25255349999999,3.6,"tourist_attraction, point_of_interest, establishment",attraction,Chhattisgarh,All Seasons,Raigarh,5
Mini Pachdhari Water Check Dam,21.8113067,83.4555508,4.6,"tourist_attraction, point_of_interest, establishment",attraction,Chhattisgarh,All Seasons,Raigarh,5
"Gobindpur, debrigarh Wild wife scentury",21.7130775,83.6077122,4.7,"tourist_attraction, point_of_interest, establishment",attraction,Chhattisgarh,All Seasons,Raigarh,7
Jailpara Anicut,21.8876407,83.4004721,0,"tourist_attraction, point_of_interest, establishment",attraction,Chhattisgarh,All Seasons,Raigarh,0
Ranaidarha Waterfall,21.9969947,83.3229427,4.5,"tourist_attraction, point_of_interest, establishment",attraction,Chhattisgarh,All Seasons,Raigarh,30
Mand Stop dem,22.0263253,83.1552889,4.1,"tourist_attraction, point_of_interest, establishment",attraction,Chhattisgarh,All Seasons,Raigarh,16
Picnic Spot Near Khola-Kurumkela Road,21.6953892,83.64975079999999,4.5,"tourist_attraction, point_of_interest, establishment",attraction,Chhattisgarh,All Seasons,Raigarh,13
"शहीद विप्लव त्रिपाठी चौक, Shaheed Viplav Tripathi",21.8969034,83.3955277,4.8,"tourist_attraction, point_of_interest, establishment",attraction,Chhattisgarh,All Seasons,Raigarh,53
साराडीह बैराज परियोजना,21.7198092,83.1348032,3.8,"tourist_attraction, point_of_interest, establishment",attraction,Chhattisgarh,All Seasons,Raigarh,91
Chhattisgarh Mahtari,21.8900011,83.4048024,4,"tourist_attraction, point_of_interest, establishment",attraction,Chhattisgarh,All Seasons,Raigarh,1
Sector 1 park,21.2063616,81.3697179,4.1,"park, point_of_interest, establishment",parks,Chhattisgarh,Spring,Raipur,25
Sector 1 Joggers Park,21.2042574,81.3696405,3.9,"park, point_of_interest, establishment",parks,Chhattisgarh,Spring,Raipur,163
"Maroda Sector Joggers park, Dandiya Garbha ground",21.1706987,81.3466254,4.1,"park, point_of_interest, establishment",parks,Chhattisgarh,Spring,Raipur,389
ARJUN RATH PARK,21.1865476,81.34305710000001,4.2,"park, point_of_interest, establishment",parks,Chhattisgarh,Spring,Raipur,128
Sourabh Park,21.2057518,81.3629188,3.7,"park, point_of_interest, establishment",parks,Chhattisgarh,Spring,Raipur,188
Park(Kids),21.2463889,81.62583330000001,3.8,"park, point_of_interest, establishment",parks,Chhattisgarh,Spring,Raipur,236
Jubilee Park,21.1924926,81.3497385,3.8,"park, tourist_attraction, point_of_interest, establishment",parks,Chhattisgarh,Spring,Raipur,2289
Vasant Park Raipur,21.2265958,81.66507399999999,4,"park, point_of_interest, establishment",parks,Chhattisgarh,Spring,Raipur,33
Risali Nagar Nigam Park,21.1637637,81.34661969999999,3.9,"park, point_of_interest, establishment",parks,Chhattisgarh,Spring,Raipur,15
Devendra Nagar Sector 3 Park,21.2597253,81.6407162,4,"park, point_of_interest, establishment",parks,Chhattisgarh,Spring,Raipur,65
MT PARK,21.3868537,81.7070194,4.6,"park, point_of_interest, establishment",parks,Chhattisgarh,Spring,Raipur,10
Choubey Colony Park,21.2465057,81.61596159999999,3.9,"park, point_of_interest, establishment",parks,Chhattisgarh,Spring,Raipur,59
Sudarsan garden,21.2731529,81.622725,4,"park, point_of_interest, establishment",parks,Chhattisgarh,Spring,Raipur,234
Shivom vihar park,21.2194144,81.6709863,3.6,"park, point_of_interest, establishment",parks,Chhattisgarh,Spring,Raipur,7
"""The park green"" residential land near new raipur",21.0663092,81.7516316,4,"park, point_of_interest, establishment",parks,Chhattisgarh,Spring,Raipur,54
Gandhi Nagar Park,21.2051976,81.42854179999999,3.6,"park, point_of_interest, establishment",parks,Chhattisgarh,Spring,Raipur,7
Radha Swamy Satsang Park,21.2602105,81.5774805,4.5,"park, point_of_interest, establishment",parks,Chhattisgarh,Spring,Raipur,25
Park,21.2051,81.3506,3.7,"park, point_of_interest, establishment",parks,Chhattisgarh,Spring,Raipur,94
B Block Park,21.2247997,81.3701189,4.5,"park, point_of_interest, establishment",parks,Chhattisgarh,Spring,Raipur,4
Pioneer monument garden,21.1845915,81.34330279999999,3.9,"park, point_of_interest, establishment",parks,Chhattisgarh,Spring,Raipur,1622
Civic Centre Monument Park,21.1825509,81.33992289999999,3.9,"park, point_of_interest, establishment",parks,Chhattisgarh,Spring,Raipur,83
Park,21.19559,81.3528371,4,"park, point_of_interest, establishment",parks,Chhattisgarh,Spring,Raipur,108
Ekatma Path park,21.1680365,81.7651486,4.4,"park, point_of_interest, establishment",parks,Chhattisgarh,Spring,Raipur,143
Park Palace,21.2297139,81.6616739,4.1,"park, point_of_interest, establishment",parks,Chhattisgarh,Spring,Raipur,597
Ishwar park,21.2667398,81.64165,3.9,"park, point_of_interest, establishment",parks,Chhattisgarh,Spring,Raipur,13
park power house,21.2118468,81.3796745,3.2,"park, point_of_interest, establishment",parks,Chhattisgarh,Spring,Raipur,34
Swami Vivekananda park 2,21.2071755,81.3728493,3.6,"park, point_of_interest, establishment",parks,Chhattisgarh,Spring,Raipur,7
Swami Vivekananda Park 3,21.2069908,81.37662519999999,5,"park, point_of_interest, establishment",parks,Chhattisgarh,Spring,Raipur,2
W.R.S. CHILDRENS Park,21.2781436,81.64118599999999,3.4,"park, point_of_interest, establishment",parks,Chhattisgarh,Spring,Raipur,116
Free fire Park,21.1143125,81.3845625,4,"park, point_of_interest, establishment",parks,Chhattisgarh,Spring,Raipur,22
Laxmi green city park,21.1541962,81.34362399999999,4,"park, point_of_interest, establishment",parks,Chhattisgarh,Spring,Raipur,14
VARDHMAN VATIKA,21.2612157,81.6513769,3.6,"park, point_of_interest, establishment",parks,Chhattisgarh,Spring,Raipur,7
Swami Vivekananda Park 1,21.2071071,81.3746032,3.5,"park, point_of_interest, establishment",parks,Chhattisgarh,Spring,Raipur,11
PARK 2 SUNDER NAGAR,21.2196234,81.35716029999999,3.6,"park, point_of_interest, establishment",parks,Chhattisgarh,Spring,Raipur,34
Gurudwara Park,21.2593144,81.57954480000001,3.8,"park, point_of_interest, establishment",parks,Chhattisgarh,Spring,Raipur,47
Ramesh mirghani Jogger Park,21.257942,81.649868,4,"park, point_of_interest, establishment",parks,Chhattisgarh,Spring,Raipur,22
Bapu sarovar park Bhilai,21.2166064,81.387805,3.9,"park, point_of_interest, establishment",parks,Chhattisgarh,Spring,Raipur,65
Children Park,21.2613372,81.6629876,4.1,"park, point_of_interest, establishment",parks,Chhattisgarh,Spring,Raipur,17
Shantinagar Public park,21.2267229,81.35128209999999,4,"park, point_of_interest, establishment",parks,Chhattisgarh,Spring,Raipur,83
Vijay Park,21.2023487,81.3750072,3.8,"park, point_of_interest, establishment",parks,Chhattisgarh,Spring,Raipur,67
Mahaveer Udyan,21.243337,81.6087302,4.1,"park, point_of_interest, establishment",parks,Chhattisgarh,Spring,Raipur,2119
Shaheed Udyaan,21.1850279,81.34653019999999,4.5,"park, point_of_interest, establishment",parks,Chhattisgarh,Spring,Raipur,2348
Gandhi Udyan Park,21.2392556,81.6280314,4,"park, tourist_attraction, point_of_interest, establishment",parks,Chhattisgarh,Spring,Raipur,1883
Oxyzone Park,21.2474248,81.6457994,4.4,"park, point_of_interest, establishment",parks,Chhattisgarh,Spring,Raipur,1162
Dr Baba Saheb Ambedkar Park,21.2005424,81.3677139,3.9,"park, point_of_interest, establishment",parks,Chhattisgarh,Spring,Raipur,364
Katora Talab Park,21.234322,81.6548578,4.2,"park, point_of_interest, establishment",parks,Chhattisgarh,Spring,Raipur,4529
Shri Ram Park,21.2347961,81.593128,4.5,"park, point_of_interest, establishment",parks,Chhattisgarh,Spring,Raipur,26
Sector 4 Park,21.2389731,81.59596789999999,4.1,"park, point_of_interest, establishment",parks,Chhattisgarh,Spring,Raipur,306
Nehru Udhyan,21.2419206,81.6547143,3.9,"park, point_of_interest, establishment",parks,Chhattisgarh,Spring,Raipur,887
Garden naya raipur,21.162903,81.7794059,4.2,"park, point_of_interest, establishment",parks,Chhattisgarh,Spring,Raipur,38
Mayur Park,21.2216944,81.36767569999999,3.6,"park, point_of_interest, establishment",parks,Chhattisgarh,Spring,Raipur,358
Jawahar Nehru Park,21.1784342,81.353004,3.9,"park, point_of_interest, establishment",parks,Chhattisgarh,Spring,Raipur,535
Adarsh Vatika Park,21.1837227,81.35015489999999,4.1,"park, point_of_interest, establishment",parks,Chhattisgarh,Spring,Raipur,92
Devendra Nagar Sector2 Park,21.2586238,81.6505911,3.9,"park, point_of_interest, establishment",parks,Chhattisgarh,Spring,Raipur,271
Pt. Ravishankar Shukla Udyan,21.245569,81.643034,4.1,"park, point_of_interest, establishment",parks,Chhattisgarh,Spring,Raipur,48
Panchsheel Nagar Park,21.2394828,81.6552313,4,"park, point_of_interest, establishment",parks,Chhattisgarh,Spring,Raipur,50
Sunder Nagar Park 1,21.2217281,81.3560115,4,"park, point_of_interest, establishment",parks,Chhattisgarh,Spring,Raipur,296
Energy Park(Urja park),21.2191578,81.69764339999999,4.2,"tourist_attraction, park, point_of_interest, establishment",parks,Chhattisgarh,Spring,Raipur,6681
Green Park,21.2355589,81.6734335,3.8,"park, point_of_interest, establishment",parks,Chhattisgarh,Spring,Raipur,89
Atal Park,21.1578946,81.783675,4.2,"park, restaurant, food, point_of_interest, establishment",parks,Chhattisgarh,Spring,Raipur,1891
Chhattisgarh Regional Science Centre,21.2770267,81.6823297,4.2,"tourist_attraction, museum, point_of_interest, establishment",museum,Chhattisgarh,Winter,Raipur,1165
Mahant Ghasidas Memorial Museum,21.2438832,81.6449147,4.4,"museum, tourist_attraction, point_of_interest, establishment",museum,Chhattisgarh,Winter,Raipur,1041
Mahakoshal Art Gallery,21.2436955,81.6425206,3.7,"art_gallery, tourist_attraction, point_of_interest, establishment",museum,Chhattisgarh,Winter,Raipur,156
Agriculture Museum,21.234861,81.7087392,4.3,"museum, point_of_interest, establishment",museum,Chhattisgarh,Winter,Raipur,149
Conflictorium,21.2319535,81.64983579999999,4.6,"museum, tourist_attraction, point_of_interest, establishment",museum,Chhattisgarh,Winter,Raipur,58
"Ancient Indian History, Culture & Archaeology Dept.",21.2453763,81.595755,4.7,"museum, point_of_interest, establishment",museum,Chhattisgarh,Winter,Raipur,6
MD,21.3036364,81.65006509999999,4.1,"museum, point_of_interest, establishment",museum,Chhattisgarh,Winter,Raipur,14
Tribal Freedom fighter musium naya Raipur,21.12901,81.7618616,3.7,"museum, point_of_interest, establishment",museum,Chhattisgarh,Winter,Raipur,3
Love Kush Vatika,21.2275744,81.68597749999999,4.6,"museum, point_of_interest, establishment",museum,Chhattisgarh,Winter,Raipur,28
Fighter Plane statue,21.2354024,81.6396135,4,"museum, point_of_interest, establishment",museum,Chhattisgarh,Winter,Raipur,1
डोगेशवर तालाब,21.1819861,81.50891419999999,5,"museum, point_of_interest, establishment",museum,Chhattisgarh,Winter,Raipur,1
Budha Talab Raipur,21.2340842,81.63446689999999,4.2,"tourist_attraction, park, point_of_interest, establishment",museum,Chhattisgarh,Winter,Raipur,4792
Marine Drive,21.2407224,81.6604157,4.3,"tourist_attraction, point_of_interest, establishment",museum,Chhattisgarh,Winter,Raipur,19362
Gandhi Udyan Park,21.2392556,81.6280314,4,"park, tourist_attraction, point_of_interest, establishment",museum,Chhattisgarh,Winter,Raipur,1883
Patan Art Gallery,21.0379121,81.5425796,0,"museum, point_of_interest, establishment",museum,Chhattisgarh,Winter,Raipur,0
Energy Park(Urja park),21.2191578,81.69764339999999,4.2,"tourist_attraction, park, point_of_interest, establishment",museum,Chhattisgarh,Winter,Raipur,6681
Manish Marble,21.217812,81.645974,4,"museum, point_of_interest, establishment",museum,Chhattisgarh,Winter,Raipur,5
Purkhouti Muktangan,21.1340706,81.7588497,4.2,"park, art_gallery, tourist_attraction, point_of_interest, establishment",museum,Chhattisgarh,Winter,Raipur,6177
Umendr,21.3518911,81.64729609999999,0,"museum, point_of_interest, establishment",museum,Chhattisgarh,Winter,Raipur,0
Dakshin Mukhi Hanuman Mandir( Munna Thekedar),21.2219705,81.6088255,4.3,"museum, point_of_interest, establishment",museum,Chhattisgarh,Winter,Raipur,6
"Government and Historical Sendhera Talab(Dabri-Khadan) Sirsakala, Bhilai-3",21.1984855,81.4596031,0,"museum, point_of_interest, establishment",museum,Chhattisgarh,Winter,Raipur,0
REIKI HEALING POWER,21.2606251,81.5887,0,"museum, point_of_interest, establishment",museum,Chhattisgarh,Winter,Raipur,0
Hanuman Mandir Bartori,21.4218075,81.7800963,3.9,"museum, point_of_interest, establishment",museum,Chhattisgarh,Winter,Raipur,7
shabari emporium pandri raipur,21.2646321,81.6650282,0,"museum, point_of_interest, establishment",museum,Chhattisgarh,Winter,Raipur,0
Trafic police van,21.2562527,81.63270159999999,0,"museum, point_of_interest, establishment",museum,Chhattisgarh,Winter,Raipur,0
Yunus Art Gallery,21.2467174,81.6123894,4.6,"art_gallery, museum, point_of_interest, establishment",museum,Chhattisgarh,Winter,Raipur,25
Maa Banjari Mandir,21.3134099,81.63934739999999,4.4,"hindu_temple, tourist_attraction, place_of_worship, point_of_interest, establishment",museum,Chhattisgarh,Winter,Raipur,6820
Sailani Baba Dargah,21.2076514,81.3614771,4,"museum, point_of_interest, establishment",museum,Chhattisgarh,Winter,Raipur,7
Guru Teg Bahadur Hall Museum Library,21.244279,81.645877,0,"clothing_store, store, point_of_interest, establishment",museum,Chhattisgarh,Winter,Raipur,0
Ma Mahamaya mandir museum,21.027269,81.6077354,5,"museum, point_of_interest, establishment",museum,Chhattisgarh,Winter,Raipur,2
DKNS Memorial Geological Museum,21.2457019,81.61794119999999,4.2,"museum, point_of_interest, establishment",museum,Chhattisgarh,Winter,Raipur,14
Aavesh,21.2552913,81.6564533,5,"museum, point_of_interest, establishment",museum,Chhattisgarh,Winter,Raipur,3
RATHIA para katangdih,21.2786567,81.8661442,0,"museum, point_of_interest, establishment",museum,Chhattisgarh,Winter,Raipur,0
Kosam-Bir waterfall (Mahanadi main canal),21.1376385,81.86361620000001,3.5,"tourist_attraction, point_of_interest, establishment",waterfalls,Chhattisgarh,Monsoon,Raipur,19
Fountain and waterfall,21.1858683,81.34821170000001,4.1,"park, point_of_interest, establishment",waterfalls,Chhattisgarh,Monsoon,Raipur,7
Kharun dam,21.3950822,81.62951939999999,4.4,"tourist_attraction, point_of_interest, establishment",waterfalls,Chhattisgarh,Monsoon,Raipur,5
Tanga Bet Waterfall,21.2786567,81.8661442,0,"tourist_attraction, point_of_interest, establishment",waterfalls,Chhattisgarh,Monsoon,Raipur,0
Bhatagaon Bird Watching Point,21.2057562,81.6081864,4.4,"tourist_attraction, park, point_of_interest, establishment",waterfalls,Chhattisgarh,Monsoon,Raipur,63
Satpakhar Kharun River View 1,21.1657454,81.62145029999999,4.3,"tourist_attraction, point_of_interest, establishment",waterfalls,Chhattisgarh,Monsoon,Raipur,32
.,21.2076426,81.61686569999999,3.1,"natural_feature, establishment",waterfalls,Chhattisgarh,Monsoon,Raipur,14
Flyash dam,21.1928144,81.4350039,4,"tourist_attraction, point_of_interest, establishment",waterfalls,Chhattisgarh,Monsoon,Raipur,4
Dam View point,21.1503199,81.3673783,4.2,"tourist_attraction, point_of_interest, establishment",waterfalls,Chhattisgarh,Monsoon,Raipur,94
Marine Drive,21.2407224,81.6604157,4.3,"tourist_attraction, point_of_interest, establishment",waterfalls,Chhattisgarh,Monsoon,Raipur,19362
Water Reservoir,21.2411959,81.61740089999999,3.3,"natural_feature, establishment",waterfalls,Chhattisgarh,Monsoon,Raipur,3
Shree nagar(क्रेजी कॉटेज)dhamdha,21.4194123,81.3610872,2,"tourist_attraction, point_of_interest, establishment",waterfalls,Chhattisgarh,Monsoon,Raipur,1
Karun River,21.2676642,81.5455872,4.3,"natural_feature, establishment",waterfalls,Chhattisgarh,Monsoon,Raipur,43
Musical Fountain,21.1851799,81.3470653,4.5,"park, point_of_interest, establishment",waterfalls,Chhattisgarh,Monsoon,Raipur,2
Kurud dam,21.2685439,81.7954914,4.1,"tourist_attraction, point_of_interest, establishment",waterfalls,Chhattisgarh,Monsoon,Raipur,7
Bhagwa talab,21.2285745,81.5902421,3,"park, point_of_interest, establishment",waterfalls,Chhattisgarh,Monsoon,Raipur,1
Karun River,21.2180618,81.5848331,4.2,"natural_feature, establishment",waterfalls,Chhattisgarh,Monsoon,Raipur,78
Purkhouti Muktangan,21.1340706,81.7588497,4.2,"park, tourist_attraction, art_gallery, point_of_interest, establishment",waterfalls,Chhattisgarh,Monsoon,Raipur,6177
Dam View point,21.1503199,81.3673783,4.2,"tourist_attraction, point_of_interest, establishment",beaches,Chhattisgarh,Summer,Raipur,94
Friends Lake view,21.1332163,81.36740619999999,5,"tourist_attraction, point_of_interest, establishment",beaches,Chhattisgarh,Summer,Raipur,1
Newai dam,21.151747,81.366862,4,"point_of_interest, establishment",beaches,Chhattisgarh,Summer,Raipur,20
Marine Drive,21.2407224,81.6604157,4.3,"tourist_attraction, point_of_interest, establishment",beaches,Chhattisgarh,Summer,Raipur,19362
Sendh Lake Naya Raipur,21.1951917,81.8070923,4.4,"point_of_interest, establishment",beaches,Chhattisgarh,Summer,Raipur,44
BSP maroda dam bhilai nagar c. g usg.......,21.1508214,81.3694939,4.4,"tourist_attraction, point_of_interest, establishment",beaches,Chhattisgarh,Summer,Raipur,24
Shree Hatkeshwar Mahadev Raipur,21.2157207,81.5908529,4.4,"hindu_temple, tourist_attraction, place_of_worship, point_of_interest, establishment",beaches,Chhattisgarh,Summer,Raipur,396
"MAYFAIR Lake Resort, Atal Nagar, Raipur",21.1517276,81.76806309999999,4.5,"lodging, point_of_interest, establishment",beaches,Chhattisgarh,Summer,Raipur,6098
Purkhouti Muktangan,21.1340706,81.7588497,4.2,"park, art_gallery, tourist_attraction, point_of_interest, establishment",beaches,Chhattisgarh,Summer,Raipur,6177
Energy Park(Urja park),21.2191578,81.69764339999999,4.2,"tourist_attraction, park, point_of_interest, establishment",beaches,Chhattisgarh,Summer,Raipur,6681
Budha Talab Raipur,21.2340842,81.63446689999999,4.2,"tourist_attraction, park, point_of_interest, establishment",beaches,Chhattisgarh,Summer,Raipur,4792
Chhattisgarh Regional Science Centre,21.2770267,81.6823297,4.2,"tourist_attraction, museum, point_of_interest, establishment",beaches,Chhattisgarh,Summer,Raipur,1165
Mahant Ghasidas Memorial Museum,21.2438832,81.6449147,4.4,"museum, tourist_attraction, point_of_interest, establishment",beaches,Chhattisgarh,Summer,Raipur,1041
Atal Park,21.1578946,81.783675,4.2,"park, restaurant, food, point_of_interest, establishment",beaches,Chhattisgarh,Summer,Raipur,1891
Maroda-2 Reservoir (BSP),21.1566847,81.37568619999999,4.3,"natural_feature, establishment",beaches,Chhattisgarh,Summer,Raipur,90
ISKCON Raipur,21.2526757,81.5589585,4.5,"hindu_temple, place_of_worship, point_of_interest, establishment",beaches,Chhattisgarh,Summer,Raipur,730
MM Fun City,21.2367995,81.82227019999999,4.1,"tourist_attraction, amusement_park, point_of_interest, establishment",beaches,Chhattisgarh,Summer,Raipur,7081
"Hotel Singhania Sarovar Portico,Raipur",21.260871,81.58367299999999,4.1,"lodging, point_of_interest, establishment",beaches,Chhattisgarh,Summer,Raipur,2919
Maroda-1 Tank (BSP),21.1738593,81.36468959999999,4.2,"natural_feature, establishment",beaches,Chhattisgarh,Summer,Raipur,33
vista holidayz,21.2618558,81.6430213,4.9,"travel_agency, point_of_interest, establishment",beaches,Chhattisgarh,Summer,Raipur,124
भोकडिया तलाब,21.149604,81.80928449999999,3,"park, point_of_interest, establishment",beaches,Chhattisgarh,Summer,Raipur,1
Wild life Sanctuary,21.0940787,81.7814363,4.2,"park, point_of_interest, establishment",zoo,Chhattisgarh,Winter,Raipur,1108
Jungle Safari Zoo,21.0908939,81.77618389999999,3.6,"park, point_of_interest, establishment",zoo,Chhattisgarh,Winter,Raipur,44
Ticket Counter Nandan Van Zoo,21.2830176,81.54365349999999,3.8,"zoo, point_of_interest, establishment",zoo,Chhattisgarh,Winter,Raipur,302
"गौठान, अमलेश्वर",21.2034465,81.58499599999999,3,"zoo, point_of_interest, establishment",zoo,Chhattisgarh,Winter,Raipur,4
Nandan Van Zoo,21.2829557,81.54479309999999,3.8,"zoo, tourist_attraction, point_of_interest, establishment",zoo,Chhattisgarh,Winter,Raipur,1747
Lion Safari,21.0889566,81.782539,4.1,"park, point_of_interest, establishment",zoo,Chhattisgarh,Winter,Raipur,75
Tiger Safari,21.0918511,81.78188530000001,4.3,"park, point_of_interest, establishment",zoo,Chhattisgarh,Winter,Raipur,85
"Maitri Bagh Zoo, bhilai, Chhattisgarh",21.168628,81.3503389,4,"zoo, tourist_attraction, point_of_interest, establishment",zoo,Chhattisgarh,Winter,Raipur,9608
Jungle safari,21.0956979,81.7707302,3.8,"tourist_attraction, point_of_interest, establishment",zoo,Chhattisgarh,Winter,Raipur,34
Crocodile Safari,21.0936172,81.7726471,4.1,"park, point_of_interest, establishment",zoo,Chhattisgarh,Winter,Raipur,112
Maitri Garden zoo chauk,21.1673844,81.3536914,0,"park, point_of_interest, establishment",zoo,Chhattisgarh,Winter,Raipur,0
Mohrenga Paryavaran Darshan,21.4371758,81.8938956,3.7,"zoo, point_of_interest, establishment",zoo,Chhattisgarh,Winter,Raipur,52
I Love Bhilai,21.190348,81.349143,4.4,"tourist_attraction, point_of_interest, establishment",zoo,Chhattisgarh,Winter,Raipur,487
Play Garden jungle safari,21.0918023,81.77518839999999,3.8,"park, point_of_interest, establishment",zoo,Chhattisgarh,Winter,Raipur,25
"Nandanvan Jungle Safari, Nava Raipur",21.1046534,81.7729056,4,"park, point_of_interest, establishment",zoo,Chhattisgarh,Winter,Raipur,5307
Jungle Safari Lake,21.102055,81.77658389999999,4,"zoo, point_of_interest, establishment",zoo,Chhattisgarh,Winter,Raipur,273
Oyo,21.0357648,81.5456384,0,"zoo, point_of_interest, establishment",zoo,Chhattisgarh,Winter,Raipur,0
नंदन वन रायपुर,21.2824202,81.5447324,4.2,"park, point_of_interest, establishment",zoo,Chhattisgarh,Winter,Raipur,32
Chendru The Tiger Boy,21.1037304,81.7727621,4,"park, point_of_interest, establishment",zoo,Chhattisgarh,Winter,Raipur,15
Pioneer monument garden,21.1845915,81.34330279999999,3.9,"park, point_of_interest, establishment",zoo,Chhattisgarh,Winter,Raipur,1622
Shaheed Udyaan,21.1850279,81.34653019999999,4.5,"park, point_of_interest, establishment",zoo,Chhattisgarh,Winter,Raipur,2348
Children's Play ground,21.1697421,81.3528321,3.9,"park, point_of_interest, establishment",zoo,Chhattisgarh,Winter,Raipur,75
Jawahar Nehru Park,21.1784342,81.353004,3.9,"park, point_of_interest, establishment",zoo,Chhattisgarh,Winter,Raipur,535
Gandhi Udyan Park,21.2392556,81.6280314,4,"park, tourist_attraction, point_of_interest, establishment",zoo,Chhattisgarh,Winter,Raipur,1883
Jungle Safari Ticket Counter,21.1044895,81.77348049999999,4.1,"park, point_of_interest, establishment",zoo,Chhattisgarh,Winter,Raipur,321
Maitri Zoo Parking,21.168344,81.3510172,3.7,"parking, point_of_interest, establishment",zoo,Chhattisgarh,Winter,Raipur,73
"Gandhi Udyan, Raipur",21.2423818,81.6524207,4,"park, tourist_attraction, point_of_interest, establishment",zoo,Chhattisgarh,Winter,Raipur,5309
Vikrant Dairy Farm Tarra,21.0922049,81.8386589,5,"zoo, point_of_interest, establishment",zoo,Chhattisgarh,Winter,Raipur,3
Candle park Maitri garden,21.1698111,81.35420700000002,4.3,"park, point_of_interest, establishment",zoo,Chhattisgarh,Winter,Raipur,6
Budha Talab Raipur,21.2340842,81.63446689999999,4.2,"tourist_attraction, park, point_of_interest, establishment",zoo,Chhattisgarh,Winter,Raipur,4792
Chhattisgarh Regional Science Centre,21.2770267,81.6823297,4.2,"tourist_attraction, museum, point_of_interest, establishment",zoo,Chhattisgarh,Winter,Raipur,1165
Purkhouti Muktangan,21.1340706,81.7588497,4.2,"park, art_gallery, tourist_attraction, point_of_interest, establishment",zoo,Chhattisgarh,Winter,Raipur,6177
Jagannath Temple,21.1917883,81.36741669999999,4.5,"hindu_temple, tourist_attraction, place_of_worship, point_of_interest, establishment",zoo,Chhattisgarh,Winter,Raipur,786
Butterfly garden jangal safari,21.090181,81.7747097,3.6,"park, point_of_interest, establishment",zoo,Chhattisgarh,Winter,Raipur,5
Dam View point,21.1503199,81.3673783,4.2,"tourist_attraction, point_of_interest, establishment",zoo,Chhattisgarh,Winter,Raipur,94
Roshni Garden,21.1598438,81.3624612,4.5,"park, point_of_interest, establishment",zoo,Chhattisgarh,Winter,Raipur,2
Lotus park,21.2828411,81.54341509999999,4,"park, point_of_interest, establishment",zoo,Chhattisgarh,Winter,Raipur,5
Energy Park(Urja park),21.2191578,81.69764339999999,4.2,"tourist_attraction, park, point_of_interest, establishment",zoo,Chhattisgarh,Winter,Raipur,6681
Shiva Farm Raipur,21.2852367,81.5312642,4.9,"park, point_of_interest, establishment",zoo,Chhattisgarh,Winter,Raipur,13
"Maroda Sector Joggers park, Dandiya Garbha ground",21.1706987,81.3466254,4.1,"park, point_of_interest, establishment",zoo,Chhattisgarh,Winter,Raipur,389
Maitri gardan,21.1673844,81.3536914,3.4,"park, point_of_interest, establishment",zoo,Chhattisgarh,Winter,Raipur,27
Bakra Mandi,21.2397706,81.6392963,1,"zoo, point_of_interest, establishment",zoo,Chhattisgarh,Winter,Raipur,1
Maitri garden,21.1733216,81.35442499999999,4.1,"park, point_of_interest, establishment",zoo,Chhattisgarh,Winter,Raipur,26
Maitri garden Watch Tower,21.1715769,81.35533559999999,3.4,"tourist_attraction, point_of_interest, establishment",zoo,Chhattisgarh,Winter,Raipur,21
Dron j,21.2937766,81.53968549999999,1,"park, point_of_interest, establishment",zoo,Chhattisgarh,Winter,Raipur,1
Check dam kharun river,21.273244,81.5461278,3.5,"tourist_attraction, point_of_interest, establishment",zoo,Chhattisgarh,Winter,Raipur,2
Zoo canteen,21.0904243,81.7767981,4.4,"restaurant, food, point_of_interest, establishment",zoo,Chhattisgarh,Winter,Raipur,5
Water Tank - Avinash Twin City,21.2602693,81.5338993,5,"park, point_of_interest, establishment",zoo,Chhattisgarh,Winter,Raipur,4
MM Fun City,21.2367995,81.82227019999999,4.1,"tourist_attraction, amusement_park, point_of_interest, establishment",zoo,Chhattisgarh,Winter,Raipur,7081
Park,21.19559,81.3528371,4,"park, point_of_interest, establishment",zoo,Chhattisgarh,Winter,Raipur,108
Sail Logo Chowk,21.1905368,81.34905069999999,3.7,"park, point_of_interest, establishment",zoo,Chhattisgarh,Winter,Raipur,3
Golden Lotus Raipur | Event and Marriage venue | Wedding Resort Lawn in Raipur | Rental farm house | Party place in Raipur,21.2826577,81.5434915,4.3,"point_of_interest, establishment",zoo,Chhattisgarh,Winter,Raipur,43
Mahant Ghasidas Memorial Museum,21.2438832,81.6449147,4.4,"museum, tourist_attraction, point_of_interest, establishment",zoo,Chhattisgarh,Winter,Raipur,1041
Musical fountain,21.1585278,81.78889819999999,4.4,"tourist_attraction, point_of_interest, establishment",zoo,Chhattisgarh,Winter,Raipur,2744
Mahakoshal Art Gallery,21.2436955,81.6425206,3.7,"art_gallery, tourist_attraction, point_of_interest, establishment",zoo,Chhattisgarh,Winter,Raipur,156
Maa Banjari Mandir,21.3134099,81.63934739999999,4.4,"hindu_temple, tourist_attraction, place_of_worship, point_of_interest, establishment",zoo,Chhattisgarh,Winter,Raipur,6820
Roshan nishad,21.2842993,81.5467338,0,"point_of_interest, establishment",zoo,Chhattisgarh,Winter,Raipur,0
ISKCON TEMPLE,21.1921889,81.3434776,4.7,"hindu_temple, place_of_worship, point_of_interest, establishment",temples,Chhattisgarh,All Seasons,Raipur,39
Shiv temple,21.2686884,81.6260138,4.7,"hindu_temple, place_of_worship, point_of_interest, establishment",temples,Chhattisgarh,All Seasons,Raipur,3
Sri Swami Aiyyappan Temple,21.200364,81.3548527,4.6,"hindu_temple, place_of_worship, point_of_interest, establishment",temples,Chhattisgarh,All Seasons,Raipur,125
GURU GHASHIDASH TEMPLE 🏳️SHATNAM CHOWK🏳️NARDHA,21.2927637,81.4331859,4.1,"hindu_temple, place_of_worship, point_of_interest, establishment",temples,Chhattisgarh,All Seasons,Raipur,15
Shiva Hanuman Temple,21.2410243,81.7132231,4.5,"hindu_temple, place_of_worship, point_of_interest, establishment",temples,Chhattisgarh,All Seasons,Raipur,2
Shri Hari Vishnu Temple,21.2639948,81.6750477,4.6,"hindu_temple, place_of_worship, point_of_interest, establishment",temples,Chhattisgarh,All Seasons,Raipur,14
Shivji Temple,21.2211662,81.4929812,5,"hindu_temple, place_of_worship, point_of_interest, establishment",temples,Chhattisgarh,All Seasons,Raipur,2
Panchdham Temple,21.2620947,81.58348409999999,4.7,"hindu_temple, place_of_worship, point_of_interest, establishment",temples,Chhattisgarh,All Seasons,Raipur,98
"Prachin Shiv Mandir , Radha Krishna Temple , Jawahar Nagar",21.2463737,81.6323434,4.6,"hindu_temple, place_of_worship, point_of_interest, establishment",temples,Chhattisgarh,All Seasons,Raipur,50
Hanuman ji Temple,21.2202815,81.4931754,5,"hindu_temple, place_of_worship, point_of_interest, establishment",temples,Chhattisgarh,All Seasons,Raipur,1
Temple,21.2394383,81.6157348,4,"hindu_temple, place_of_worship, point_of_interest, establishment",temples,Chhattisgarh,All Seasons,Raipur,24
Bhisashur Temple,21.2869027,81.3864002,5,"hindu_temple, place_of_worship, point_of_interest, establishment",temples,Chhattisgarh,All Seasons,Raipur,1
Panchmukhi Hanuman Temple Santra,21.041983,81.4656337,4.7,"hindu_temple, place_of_worship, point_of_interest, establishment",temples,Chhattisgarh,All Seasons,Raipur,6
Durga temple,21.2743523,81.6689765,4.6,"hindu_temple, place_of_worship, point_of_interest, establishment",temples,Chhattisgarh,All Seasons,Raipur,42
Shri Shri Jaganath Temple Sector-6,21.1908123,81.34474689999999,4.6,"hindu_temple, place_of_worship, point_of_interest, establishment",temples,Chhattisgarh,All Seasons,Raipur,70
Shri Narmadeshwar Temple,21.2240235,81.6714171,4.7,"hindu_temple, place_of_worship, point_of_interest, establishment",temples,Chhattisgarh,All Seasons,Raipur,29
Shri Swaminarayan Temple Raipur,21.2708361,81.6352981,4.4,"hindu_temple, place_of_worship, point_of_interest, establishment",temples,Chhattisgarh,All Seasons,Raipur,35
New Temple,21.2032608,81.70706,4,"hindu_temple, place_of_worship, point_of_interest, establishment",temples,Chhattisgarh,All Seasons,Raipur,22
HANUMAN TEMPLE GSP,21.4848981,81.8429086,5,"hindu_temple, place_of_worship, point_of_interest, establishment",temples,Chhattisgarh,All Seasons,Raipur,1
Durga Temple,21.0643744,81.6112478,4.3,"hindu_temple, place_of_worship, point_of_interest, establishment",temples,Chhattisgarh,All Seasons,Raipur,3
**Hanuman Temple**,21.0445146,81.5376174,5,"hindu_temple, place_of_worship, point_of_interest, establishment",temples,Chhattisgarh,All Seasons,Raipur,1
Shri Durga Temple,21.202198,81.35762869999999,4.5,"hindu_temple, place_of_worship, point_of_interest, establishment",temples,Chhattisgarh,All Seasons,Raipur,19
Jaggannath Temple,21.2198033,81.6533989,4.3,"hindu_temple, place_of_worship, point_of_interest, establishment",temples,Chhattisgarh,All Seasons,Raipur,99
Sri Mahamaya Mandir,21.2902368,81.6416524,4.3,"hindu_temple, place_of_worship, point_of_interest, establishment",temples,Chhattisgarh,All Seasons,Raipur,140
Shri Amlidih Temple,21.2242106,81.6764634,4.2,"hindu_temple, place_of_worship, point_of_interest, establishment",temples,Chhattisgarh,All Seasons,Raipur,31
Shri Ram Temple,21.2495356,81.630623,4.6,"hindu_temple, tourist_attraction, place_of_worship, point_of_interest, establishment",temples,Chhattisgarh,All Seasons,Raipur,43
Temple,21.1829449,81.666555,0,"hindu_temple, place_of_worship, point_of_interest, establishment",temples,Chhattisgarh,All Seasons,Raipur,0
Shiva Mandir,21.2077535,81.3997849,4.1,"hindu_temple, place_of_worship, point_of_interest, establishment",temples,Chhattisgarh,All Seasons,Raipur,14
Shri Rameshwar Temple,21.2501426,81.6552166,4.5,"hindu_temple, place_of_worship, point_of_interest, establishment",temples,Chhattisgarh,All Seasons,Raipur,17
temple,21.266282,81.71984959999999,4,"hindu_temple, place_of_worship, point_of_interest, establishment",temples,Chhattisgarh,All Seasons,Raipur,3
Hindu Temple,21.2554228,81.6315032,5,"hindu_temple, place_of_worship, point_of_interest, establishment",temples,Chhattisgarh,All Seasons,Raipur,1
Shri Ganesh Temple,21.287942,81.6628257,4.4,"hindu_temple, place_of_worship, point_of_interest, establishment",temples,Chhattisgarh,All Seasons,Raipur,25
TEMPLE,21.2571148,81.5203538,4.1,"hindu_temple, place_of_worship, point_of_interest, establishment",temples,Chhattisgarh,All Seasons,Raipur,7
Shri Khallari Temple,21.1540816,81.7936209,4.1,"hindu_temple, place_of_worship, point_of_interest, establishment",temples,Chhattisgarh,All Seasons,Raipur,27
Jai Hanuman Temple,21.2875024,81.6885331,5,"place_of_worship, point_of_interest, establishment",temples,Chhattisgarh,All Seasons,Raipur,3
Shree Hatkeshwar Mahadev Raipur,21.2157207,81.5908529,4.4,"hindu_temple, tourist_attraction, place_of_worship, point_of_interest, establishment",temples,Chhattisgarh,All Seasons,Raipur,396
Shiva's Shrine - Hindu Temple,21.221425,81.44793179999999,5,"hindu_temple, place_of_worship, point_of_interest, establishment",temples,Chhattisgarh,All Seasons,Raipur,4
Siva Temple,21.1453715,81.68408289999999,4.3,"hindu_temple, place_of_worship, point_of_interest, establishment",temples,Chhattisgarh,All Seasons,Raipur,6
Hanuman temple,21.2200186,81.6585712,0,"hindu_temple, place_of_worship, point_of_interest, establishment",temples,Chhattisgarh,All Seasons,Raipur,0
Shiva temple changori,21.0850015,81.54600640000001,4,"hindu_temple, place_of_worship, point_of_interest, establishment",temples,Chhattisgarh,All Seasons,Raipur,1
Shiv Temple SMC20,21.2264614,81.354779,4.6,"hindu_temple, place_of_worship, point_of_interest, establishment",temples,Chhattisgarh,All Seasons,Raipur,10
Temple,21.3230956,81.63360920000001,3.5,"hindu_temple, place_of_worship, point_of_interest, establishment",temples,Chhattisgarh,All Seasons,Raipur,4
Oba Temple,21.2098493,81.4042548,4.5,"hindu_temple, place_of_worship, point_of_interest, establishment",temples,Chhattisgarh,All Seasons,Raipur,2
Shiv Mandir,21.3422306,81.6549805,2.6,"hindu_temple, place_of_worship, point_of_interest, establishment",temples,Chhattisgarh,All Seasons,Raipur,8
Temple,21.229083,81.6282469,4,"hindu_temple, place_of_worship, point_of_interest, establishment",temples,Chhattisgarh,All Seasons,Raipur,2
Temple,21.1541191,81.82904289999999,3.3,"hindu_temple, place_of_worship, point_of_interest, establishment",temples,Chhattisgarh,All Seasons,Raipur,4
Temple of Lord Shiva,21.2156916,81.5908513,5,"hindu_temple, place_of_worship, point_of_interest, establishment",temples,Chhattisgarh,All Seasons,Raipur,2
Om Sai temple,21.1663135,81.348911,0,"hindu_temple, place_of_worship, point_of_interest, establishment",temples,Chhattisgarh,All Seasons,Raipur,0
Shri Mahakaleshwar Temple,21.3155097,81.6234336,4.2,"hindu_temple, place_of_worship, point_of_interest, establishment",temples,Chhattisgarh,All Seasons,Raipur,36
Shiv Mandir,21.250385,81.6176854,3.7,"hindu_temple, place_of_worship, point_of_interest, establishment",temples,Chhattisgarh,All Seasons,Raipur,62
Laxmi Narayan Temple,21.2548992,81.6016648,5,"hindu_temple, place_of_worship, point_of_interest, establishment",temples,Chhattisgarh,All Seasons,Raipur,6
Shiva temple,21.2187835,81.341486,5,"hindu_temple, place_of_worship, point_of_interest, establishment",temples,Chhattisgarh,All Seasons,Raipur,1
Shri Adishakti Maa Durga Mandir,21.2155698,81.6359777,4.6,"hindu_temple, place_of_worship, point_of_interest, establishment",temples,Chhattisgarh,All Seasons,Raipur,15
Hanuman Temple,21.2049311,81.8754292,4.2,"hindu_temple, place_of_worship, point_of_interest, establishment",temples,Chhattisgarh,All Seasons,Raipur,27
Temple,21.2648333,81.57169859999999,4,"hindu_temple, place_of_worship, point_of_interest, establishment",temples,Chhattisgarh,All Seasons,Raipur,1
Guru Amardas Temple,21.271378,81.7579595,4.4,"place_of_worship, point_of_interest, establishment",temples,Chhattisgarh,All Seasons,Raipur,37
Shiv temple sai nagar,21.1889758,81.6364487,5,"hindu_temple, place_of_worship, point_of_interest, establishment",temples,Chhattisgarh,All Seasons,Raipur,1
Shiva Temple (Personal Temple),21.2504553,81.5147186,5,"hindu_temple, place_of_worship, point_of_interest, establishment",temples,Chhattisgarh,All Seasons,Raipur,2
Laxmi Narayan Temple,21.2276612,81.4610569,5,"hindu_temple, place_of_worship, point_of_interest, establishment",temples,Chhattisgarh,All Seasons,Raipur,1
Temple of Baram Dev,21.2437803,81.6303738,5,"hindu_temple, place_of_worship, point_of_interest, establishment",temples,Chhattisgarh,All Seasons,Raipur,1
Seven Hills,21.2565003,81.6591631,3.8,"point_of_interest, establishment",hills,Chhattisgarh,Winter,Raipur,13
Tiger Hill Yard,21.2786567,81.8661442,0,"point_of_interest, establishment",hills,Chhattisgarh,Winter,Raipur,0
Interior hill,21.2345671,81.6527699,5,"home_goods_store, store, point_of_interest, establishment",hills,Chhattisgarh,Winter,Raipur,16
Divya Hills- Best girls hostel in raipur,21.2605583,81.65167989999999,3.9,"point_of_interest, establishment",hills,Chhattisgarh,Winter,Raipur,22
R.K. Hills girls hostel,21.2212496,81.6463261,4.1,"point_of_interest, establishment",hills,Chhattisgarh,Winter,Raipur,54
Red hill beauty parlor,21.2639458,81.6167217,0,"clothing_store, store, point_of_interest, establishment",hills,Chhattisgarh,Winter,Raipur,0
Royal Hills,21.2409351,81.5991913,5,"point_of_interest, establishment",hills,Chhattisgarh,Winter,Raipur,2
Kharun nadi chill point,21.2513844,81.62964130000002,4,"tourist_attraction, point_of_interest, establishment",hills,Chhattisgarh,Winter,Raipur,4
Kabir Chabutra,21.3251435,81.6932042,3.7,"point_of_interest, establishment",hills,Chhattisgarh,Winter,Raipur,82
Seven Hills Road Lines,21.262569,81.569968,0,"moving_company, point_of_interest, establishment",hills,Chhattisgarh,Winter,Raipur,0
BASTAR TRAILS,21.2557684,81.6590675,3.6,"travel_agency, point_of_interest, establishment",hills,Chhattisgarh,Winter,Raipur,5
Sevenhills Multicreation,21.2081084,81.3507687,5,"furniture_store, home_goods_store, store, point_of_interest, establishment",hills,Chhattisgarh,Winter,Raipur,3
Kanhaiya's Casa Amor,21.2558325,81.73569789999999,4,"lodging, point_of_interest, establishment",hills,Chhattisgarh,Winter,Raipur,4
Sondongari,21.2838263,81.6030325,No rating,"locality, political",hills,Chhattisgarh,Winter,Raipur,0
Cordon Line Security Pvt Ltd,21.247075,81.66481259999999,0,"point_of_interest, establishment",hills,Chhattisgarh,Winter,Raipur,0
ISKCON Raipur,21.2526757,81.5589585,4.5,"hindu_temple, place_of_worship, point_of_interest, establishment",hills,Chhattisgarh,Winter,Raipur,730
Budha Talab Raipur,21.2340842,81.63446689999999,4.2,"tourist_attraction, park, point_of_interest, establishment",attraction,Chhattisgarh,All Seasons,Raipur,4792
Marine Drive,21.2407224,81.6604157,4.3,"tourist_attraction, point_of_interest, establishment",attraction,Chhattisgarh,All Seasons,Raipur,19362
Energy Park(Urja park),21.2191578,81.69764339999999,4.2,"tourist_attraction, park, point_of_interest, establishment",attraction,Chhattisgarh,All Seasons,Raipur,6681
Mor Raipur,21.2407103,81.6604187,3.9,"tourist_attraction, point_of_interest, establishment",attraction,Chhattisgarh,All Seasons,Raipur,15
Gandhi Udyan Park,21.2392556,81.6280314,4,"park, tourist_attraction, point_of_interest, establishment",attraction,Chhattisgarh,All Seasons,Raipur,1883
Bhatagaon Bird Watching Point,21.2057562,81.6081864,4.4,"tourist_attraction, park, point_of_interest, establishment",attraction,Chhattisgarh,All Seasons,Raipur,63
Dam View point,21.1503199,81.3673783,4.2,"tourist_attraction, point_of_interest, establishment",attraction,Chhattisgarh,All Seasons,Raipur,94
"Maitri Bagh Zoo, bhilai, Chhattisgarh",21.168628,81.3503389,4,"zoo, tourist_attraction, point_of_interest, establishment",attraction,Chhattisgarh,All Seasons,Raipur,9608
Purkhouti Muktangan,21.1340706,81.7588497,4.2,"park, art_gallery, tourist_attraction, point_of_interest, establishment",attraction,Chhattisgarh,All Seasons,Raipur,6177
Secret place...,21.24032,81.56403999999999,4.2,"tourist_attraction, point_of_interest, establishment",attraction,Chhattisgarh,All Seasons,Raipur,24
Basin site,21.2891857,81.3572557,2.8,"tourist_attraction, point_of_interest, establishment",attraction,Chhattisgarh,All Seasons,Raipur,4
The Terrace Garden,21.1745157,81.6175679,4.8,"tourist_attraction, point_of_interest, establishment",attraction,Chhattisgarh,All Seasons,Raipur,19
Musical fountain,21.1585278,81.78889819999999,4.4,"tourist_attraction, point_of_interest, establishment",attraction,Chhattisgarh,All Seasons,Raipur,2744
I Love Bhilai,21.190348,81.349143,4.4,"tourist_attraction, point_of_interest, establishment",attraction,Chhattisgarh,All Seasons,Raipur,487
Gatwa talab,21.2084699,81.42388609999999,3.9,"tourist_attraction, point_of_interest, establishment",attraction,Chhattisgarh,All Seasons,Raipur,8
"Gandhi Udyan, Raipur",21.2423818,81.6524207,4,"park, tourist_attraction, point_of_interest, establishment",attraction,Chhattisgarh,All Seasons,Raipur,5309
Tension Free Resort & Agro Tourism,21.3385276,81.4559088,4.1,"tourist_attraction, point_of_interest, establishment",attraction,Chhattisgarh,All Seasons,Raipur,156
DKG Sunset Point,21.2089944,81.8171711,4.8,"tourist_attraction, point_of_interest, establishment",attraction,Chhattisgarh,All Seasons,Raipur,4
Shree Hatkeshwar Mahadev Raipur,21.2157207,81.5908529,4.4,"hindu_temple, tourist_attraction, place_of_worship, point_of_interest, establishment",attraction,Chhattisgarh,All Seasons,Raipur,396
Sendh Lake View Point,21.2066135,81.81964769999999,5,"tourist_attraction, point_of_interest, establishment",attraction,Chhattisgarh,All Seasons,Raipur,1
DeepSavi River End picnic spot,21.1812471,81.7872696,5,"tourist_attraction, point_of_interest, establishment",attraction,Chhattisgarh,All Seasons,Raipur,1
Sendh Lake Naya Raipur,21.203716,81.813886,4.2,"tourist_attraction, point_of_interest, establishment",attraction,Chhattisgarh,All Seasons,Raipur,29
Satpakhar Kharun River View 1,21.1657454,81.62145029999999,4.3,"tourist_attraction, point_of_interest, establishment",attraction,Chhattisgarh,All Seasons,Raipur,32
DAULAT VATICA,21.1434952,81.5128282,4.6,"tourist_attraction, point_of_interest, establishment",attraction,Chhattisgarh,All Seasons,Raipur,35
Fundhar Talab ( #Fundhar ),21.2144458,81.6921134,5,"tourist_attraction, point_of_interest, establishment",attraction,Chhattisgarh,All Seasons,Raipur,5
Kosam-Bir waterfall (Mahanadi main canal),21.1376385,81.86361620000001,3.5,"tourist_attraction, point_of_interest, establishment",attraction,Chhattisgarh,All Seasons,Raipur,19
Jubilee Park,21.1924926,81.3497385,3.8,"park, tourist_attraction, point_of_interest, establishment",attraction,Chhattisgarh,All Seasons,Raipur,2289
सुकृति फॉर्म भाटागांव,21.1686563,81.5073057,0,"tourist_attraction, point_of_interest, establishment",attraction,Chhattisgarh,All Seasons,Raipur,0
Mohrenga Nature Safari Watch Tower,21.4361385,81.9106893,3.5,"tourist_attraction, point_of_interest, establishment",attraction,Chhattisgarh,All Seasons,Raipur,6
Statue of Swami Vivekananda,21.1892926,81.7379299,5,"tourist_attraction, point_of_interest, establishment",attraction,Chhattisgarh,All Seasons,Raipur,8
Kharun dam,21.3950822,81.62951939999999,4.4,"tourist_attraction, point_of_interest, establishment",attraction,Chhattisgarh,All Seasons,Raipur,5
Blue Water Pond,21.1610957,81.78640879999999,4,"tourist_attraction, point_of_interest, establishment",attraction,Chhattisgarh,All Seasons,Raipur,1
Gyan talab,21.102918,81.74909319999999,3.5,"tourist_attraction, point_of_interest, establishment",attraction,Chhattisgarh,All Seasons,Raipur,4
National Flag,21.1856063,81.3474395,5,"tourist_attraction, point_of_interest, establishment",attraction,Chhattisgarh,All Seasons,Raipur,7
Secret Island,21.1118125,81.8257344,4.2,"tourist_attraction, point_of_interest, establishment",attraction,Chhattisgarh,All Seasons,Raipur,9
"मनटोरा जलाशय, टोर",21.3661079,81.74189489999999,5,"tourist_attraction, point_of_interest, establishment",attraction,Chhattisgarh,All Seasons,Raipur,2
Nandan Van Zoo,21.2829557,81.54479309999999,3.8,"zoo, tourist_attraction, point_of_interest, establishment",attraction,Chhattisgarh,All Seasons,Raipur,1747
Jai Prakash Narayan Chowk,21.2034109,81.35026649999999,4,"tourist_attraction, point_of_interest, establishment",attraction,Chhattisgarh,All Seasons,Raipur,8
Check dam kharun river,21.273244,81.5461278,3.5,"tourist_attraction, point_of_interest, establishment",attraction,Chhattisgarh,All Seasons,Raipur,2
Marine drive 2.0,21.2676996,81.5869933,3.6,"tourist_attraction, point_of_interest, establishment",attraction,Chhattisgarh,All Seasons,Raipur,8
Achankapur wetlands,21.1060822,81.4670385,5,"tourist_attraction, point_of_interest, establishment",attraction,Chhattisgarh,All Seasons,Raipur,1
Satpakhar Kharun River View 2,21.1606296,81.6230817,3.9,"tourist_attraction, point_of_interest, establishment",attraction,Chhattisgarh,All Seasons,Raipur,10
"SL world (Marine drive, Naya Raipur)",21.2071855,81.81975469999999,4.4,"tourist_attraction, point_of_interest, establishment",attraction,Chhattisgarh,All Seasons,Raipur,187
Khuteri lake,21.2290973,81.8278918,3.7,"tourist_attraction, point_of_interest, establishment",attraction,Chhattisgarh,All Seasons,Raipur,3
रावड लखना स्टाप डेम,21.0032517,81.899305,4,"tourist_attraction, point_of_interest, establishment",attraction,Chhattisgarh,All Seasons,Raipur,1
Pauta dam,21.1310813,81.8349279,3.5,"tourist_attraction, point_of_interest, establishment",attraction,Chhattisgarh,All Seasons,Raipur,2
Point of encouter,21.1764595,81.3468843,5,"tourist_attraction, point_of_interest, establishment",attraction,Chhattisgarh,All Seasons,Raipur,1
Jalso dam GSP,21.4656171,81.78283410000002,4,"tourist_attraction, point_of_interest, establishment",attraction,Chhattisgarh,All Seasons,Raipur,8
Kala munch,20.9957883,81.41631690000001,0,"tourist_attraction, point_of_interest, establishment",attraction,Chhattisgarh,All Seasons,Raipur,0
Universal tour and travels,21.2122874,81.3502541,0,"tourist_attraction, point_of_interest, establishment",attraction,Chhattisgarh,All Seasons,Raipur,0
Kharun dam (lamkeni),21.0538487,81.6046714,4,"tourist_attraction, point_of_interest, establishment",attraction,Chhattisgarh,All Seasons,Raipur,4
Scottish Kelpies Horses Replica,21.1863837,81.73931089999999,4.5,"tourist_attraction, point_of_interest, establishment",attraction,Chhattisgarh,All Seasons,Raipur,6
New Raipur Pond,21.1597084,81.79307949999999,4.4,"tourist_attraction, point_of_interest, establishment",attraction,Chhattisgarh,All Seasons,Raipur,8
Supela ghadi chok,21.2065338,81.34987860000001,3.8,"tourist_attraction, point_of_interest, establishment",attraction,Chhattisgarh,All Seasons,Raipur,28
Shree nagar(क्रेजी कॉटेज)dhamdha,21.4194123,81.3610872,2,"tourist_attraction, point_of_interest, establishment",attraction,Chhattisgarh,All Seasons,Raipur,1
Canal Road,21.208258,81.391296,4,"tourist_attraction, point_of_interest, establishment",attraction,Chhattisgarh,All Seasons,Raipur,263
नौका विहार जंगल सफारी,21.1031383,81.77445,5,"tourist_attraction, point_of_interest, establishment",attraction,Chhattisgarh,All Seasons,Raipur,3
Mundara Dam,21.1523125,81.6074375,4.1,"tourist_attraction, point_of_interest, establishment",attraction,Chhattisgarh,All Seasons,Raipur,36
Jheel garden,21.4986713,81.7891319,4.1,"tourist_attraction, point_of_interest, establishment",attraction,Chhattisgarh,All Seasons,Raipur,7
Aheri Restoration Site,21.3271885,81.389123,3.7,"tourist_attraction, point_of_interest, establishment",attraction,Chhattisgarh,All Seasons,Raipur,3
New Adarsh Nagar Park,21.1695493,81.2904569,3.8,"park, point_of_interest, establishment",parks,Chhattisgarh,Spring,Rajnandgaon,138
NSPCL Township Central park,21.1684719,81.3244698,4.3,"park, point_of_interest, establishment",parks,Chhattisgarh,Spring,Rajnandgaon,326
Bal Udhyan,21.1940123,81.29012469999999,3.9,"park, point_of_interest, establishment",parks,Chhattisgarh,Spring,Rajnandgaon,75
Shivaji Park,21.2014626,81.3002376,3.5,"park, point_of_interest, establishment",parks,Chhattisgarh,Spring,Rajnandgaon,470
Civil Lines Public Park,21.1831038,81.2907024,4.4,"park, point_of_interest, establishment",parks,Chhattisgarh,Spring,Rajnandgaon,7
Park,21.1893864,81.3089974,3.8,"park, point_of_interest, establishment",parks,Chhattisgarh,Spring,Rajnandgaon,147
Shri Shankracharya Park,21.2159029,81.3205208,3.6,"park, point_of_interest, establishment",parks,Chhattisgarh,Spring,Rajnandgaon,144
Surya Vihar Park 4,21.2226971,81.3218479,4,"park, point_of_interest, establishment",parks,Chhattisgarh,Spring,Rajnandgaon,225
Budha Park,21.0964837,81.0289987,3.9,"park, point_of_interest, establishment",parks,Chhattisgarh,Spring,Rajnandgaon,45
Borsi park,21.1657091,81.3084281,3.4,"park, point_of_interest, establishment",parks,Chhattisgarh,Spring,Rajnandgaon,30
Saket Colony Park,21.2022399,81.3062812,3.9,"park, point_of_interest, establishment",parks,Chhattisgarh,Spring,Rajnandgaon,10
Park,21.0870434,81.03125399999999,5,"park, point_of_interest, establishment",parks,Chhattisgarh,Spring,Rajnandgaon,3
Green City Park,21.0791419,81.0163865,3.9,"park, point_of_interest, establishment",parks,Chhattisgarh,Spring,Rajnandgaon,56
Krishna Nagar Park,21.1883913,80.7706066,3,"park, point_of_interest, establishment",parks,Chhattisgarh,Spring,Rajnandgaon,22
Old Nehru Nagar Park,21.2038322,81.32508159999999,4.2,"park, point_of_interest, establishment",parks,Chhattisgarh,Spring,Rajnandgaon,41
Rajendra Park Durg,21.1880746,81.285433,4.1,"park, point_of_interest, establishment",parks,Chhattisgarh,Spring,Rajnandgaon,275
Beech Park,20.9789073,81.2918554,4.2,"park, point_of_interest, establishment",parks,Chhattisgarh,Spring,Rajnandgaon,20
Delta Ground,21.1812599,81.29564599999999,4.5,"park, point_of_interest, establishment",parks,Chhattisgarh,Spring,Rajnandgaon,19
Chauhan Town Park,21.2136231,81.30843809999999,3.9,"park, point_of_interest, establishment",parks,Chhattisgarh,Spring,Rajnandgaon,267
Manas Vatika Park,21.1872,81.2846,3.1,"park, point_of_interest, establishment",parks,Chhattisgarh,Spring,Rajnandgaon,23
South Colony Park,21.1848497,80.76063889999999,5,"park, point_of_interest, establishment",parks,Chhattisgarh,Spring,Rajnandgaon,3
Vidyut Nagar Park,21.1720631,81.298814,2.5,"park, point_of_interest, establishment",parks,Chhattisgarh,Spring,Rajnandgaon,2
Ambedkar park,21.217074,81.3200531,4.4,"park, point_of_interest, establishment",parks,Chhattisgarh,Spring,Rajnandgaon,12
Nehru nagar raashi park,21.2020796,81.3252703,4.2,"park, point_of_interest, establishment",parks,Chhattisgarh,Spring,Rajnandgaon,35
Padmanabhpur Udyan,21.1804558,81.2949708,4.4,"park, point_of_interest, establishment",parks,Chhattisgarh,Spring,Rajnandgaon,42
Green valley Park,21.2265905,81.3065609,4.1,"park, point_of_interest, establishment",parks,Chhattisgarh,Spring,Rajnandgaon,86
Rajendra Park Chowk,21.1890719,81.2855804,4,"park, point_of_interest, establishment",parks,Chhattisgarh,Spring,Rajnandgaon,616
Sector 8 park square,21.1882651,81.3260542,4.1,"park, point_of_interest, establishment",parks,Chhattisgarh,Spring,Rajnandgaon,12
Nehru Nagar Children's Park,21.202757,81.32218,4.8,"park, point_of_interest, establishment",parks,Chhattisgarh,Spring,Rajnandgaon,4
Ekta park,21.1908597,81.3092559,4.5,"park, point_of_interest, establishment",parks,Chhattisgarh,Spring,Rajnandgaon,2
BSBK Park,21.2038435,81.32508829999999,3.7,"park, point_of_interest, establishment",parks,Chhattisgarh,Spring,Rajnandgaon,23
Orchid_Park,21.2259389,81.3072255,4.4,"park, point_of_interest, establishment",parks,Chhattisgarh,Spring,Rajnandgaon,13
SAHEED UDYAAN,21.2250654,81.305751,4.1,"park, point_of_interest, establishment",parks,Chhattisgarh,Spring,Rajnandgaon,43
Local Park,21.1941211,81.32366909999999,4.5,"park, point_of_interest, establishment",parks,Chhattisgarh,Spring,Rajnandgaon,2
Children's Park,21.1897727,81.3058137,3.7,"park, point_of_interest, establishment",parks,Chhattisgarh,Spring,Rajnandgaon,80
Nspcl Township B Quaters Type Garden,21.1681,81.32249829999999,4.5,"park, point_of_interest, establishment",parks,Chhattisgarh,Spring,Rajnandgaon,40
Park ke aas paas,21.1981182,81.3042308,4.3,"park, point_of_interest, establishment",parks,Chhattisgarh,Spring,Rajnandgaon,3
Mahesh Nagar Garden,21.0836561,81.0207303,3.1,"park, point_of_interest, establishment",parks,Chhattisgarh,Spring,Rajnandgaon,113
Panchvan,21.2559291,81.2092092,4.2,"park, point_of_interest, establishment",parks,Chhattisgarh,Spring,Rajnandgaon,35
Bindeshwari Baghel Park,20.9837122,81.0814363,3.9,"park, point_of_interest, establishment",parks,Chhattisgarh,Spring,Rajnandgaon,29
Park and Garden,21.0867912,80.97381980000002,5,"park, point_of_interest, establishment",parks,Chhattisgarh,Spring,Rajnandgaon,1
Nehru Nagar Park Bhelwa Talab,21.2019171,81.3191267,4.1,"park, point_of_interest, establishment",parks,Chhattisgarh,Spring,Rajnandgaon,2926
Shisu Park,21.1657444,81.3084894,5,"park, point_of_interest, establishment",parks,Chhattisgarh,Spring,Rajnandgaon,1
Oxygen Park,20.870297,81.24108989999999,3.4,"park, point_of_interest, establishment",parks,Chhattisgarh,Spring,Rajnandgaon,12
Children's Park,21.2243103,81.30953079999999,3.8,"park, point_of_interest, establishment",parks,Chhattisgarh,Spring,Rajnandgaon,10
"Park ,Sarekha",20.8508863,81.3153998,4.3,"park, point_of_interest, establishment",parks,Chhattisgarh,Spring,Rajnandgaon,4
Gaurav Path Dgg,21.1858923,80.7582044,4.8,"park, point_of_interest, establishment",parks,Chhattisgarh,Spring,Rajnandgaon,13
गढ़बो नवा दुर्ग चौक,21.1819893,81.2979058,3.5,"park, point_of_interest, establishment",parks,Chhattisgarh,Spring,Rajnandgaon,10
Thagda Dam Durg,21.1810125,81.30070309999999,4.2,"park, point_of_interest, establishment",parks,Chhattisgarh,Spring,Rajnandgaon,608
North Zone Park,21.1723424,81.31972780000001,3.7,"park, point_of_interest, establishment",parks,Chhattisgarh,Spring,Rajnandgaon,11
Children Play Park Chaupati,21.0903671,81.0230256,4.5,"park, point_of_interest, establishment",parks,Chhattisgarh,Spring,Rajnandgaon,6
Nutan park,21.1908597,81.3092559,4.3,"park, point_of_interest, establishment",parks,Chhattisgarh,Spring,Rajnandgaon,65
Park area,21.0960875,80.998466,5,"park, point_of_interest, establishment",parks,Chhattisgarh,Spring,Rajnandgaon,3
Nehru Nagar Talab Park Entrance,21.2029661,81.3204997,4.6,"park, point_of_interest, establishment",parks,Chhattisgarh,Spring,Rajnandgaon,14
MR durg park,21.2024788,81.2975755,2,"park, point_of_interest, establishment",parks,Chhattisgarh,Spring,Rajnandgaon,1
Sector-7 Park,21.1954478,81.3256524,4,"park, point_of_interest, establishment",parks,Chhattisgarh,Spring,Rajnandgaon,361
Dr. Sarvapalli Radhakrishnan Park,21.2157479,81.31885249999999,3.8,"park, point_of_interest, establishment",parks,Chhattisgarh,Spring,Rajnandgaon,419
"Wetland Biodiversity Park, Talpuri",21.1799938,81.3066582,4.4,"park, point_of_interest, establishment",parks,Chhattisgarh,Spring,Rajnandgaon,55
SUNITI UDYAAN,21.1892335,81.3248107,3.9,"park, point_of_interest, establishment",parks,Chhattisgarh,Spring,Rajnandgaon,923
Oxyzone park,21.0619909,81.0321438,3.7,"park, point_of_interest, establishment",parks,Chhattisgarh,Spring,Rajnandgaon,9
Archaeological Museum,21.0981193,81.0209309,3.6,"museum, point_of_interest, establishment",museum,Chhattisgarh,Winter,Rajnandgaon,9
Maharaja Agrasen Bhavan,21.2132071,81.2899182,4,"museum, point_of_interest, establishment",museum,Chhattisgarh,Winter,Rajnandgaon,101
Navjagran Manas Bhawan,21.2077814,81.2951743,4,"museum, point_of_interest, establishment",museum,Chhattisgarh,Winter,Rajnandgaon,4
RANI AVANTIBAI MEMORIAL,21.3372219,81.1223049,4,"museum, point_of_interest, establishment",museum,Chhattisgarh,Winter,Rajnandgaon,5
Kousilya Mata Mandir,20.9795655,81.00765919999999,4.3,"museum, point_of_interest, establishment",museum,Chhattisgarh,Winter,Rajnandgaon,32
बजरंग चौक बहेराभाटा,21.3325591,81.0439583,3.3,"museum, point_of_interest, establishment",museum,Chhattisgarh,Winter,Rajnandgaon,9
Quarter 417,21.180383,81.3181501,4.5,"museum, point_of_interest, establishment",museum,Chhattisgarh,Winter,Rajnandgaon,68
Sant.Kabir Manch,20.8855054,80.823938,4,"hindu_temple, museum, place_of_worship, point_of_interest, establishment",museum,Chhattisgarh,Winter,Rajnandgaon,2
Baba Sayyad atal shah (Rani Sagar) Rajnandgaon,21.094154,81.0292309,0,"museum, point_of_interest, establishment",museum,Chhattisgarh,Winter,Rajnandgaon,0
Rajnandgaon museum,21.0985537,81.02037469999999,0,"museum, point_of_interest, establishment",museum,Chhattisgarh,Winter,Rajnandgaon,0
बोर पारा परना,20.9591958,80.9384254,4.7,"museum, point_of_interest, establishment",museum,Chhattisgarh,Winter,Rajnandgaon,3
Sumit Pandey,21.215117,81.31527009999999,0,"museum, point_of_interest, establishment",museum,Chhattisgarh,Winter,Rajnandgaon,0
Dev Bawli Waterfall,20.8386875,80.9621875,3.8,"tourist_attraction, point_of_interest, establishment",waterfalls,Chhattisgarh,Monsoon,Rajnandgaon,31
Kharkhara Waterfall,20.8438793,80.98874789999999,4.1,"tourist_attraction, point_of_interest, establishment",waterfalls,Chhattisgarh,Monsoon,Rajnandgaon,111
VINAYAKPUR check dam and bridge,21.0453765,81.2394668,4.4,"tourist_attraction, point_of_interest, establishment",waterfalls,Chhattisgarh,Monsoon,Rajnandgaon,16
Nigo Dam,21.2583336,80.7742906,4.7,"park, point_of_interest, establishment",waterfalls,Chhattisgarh,Monsoon,Rajnandgaon,3
Kanha waterfall,21.2032424,80.7614804,0,"park, point_of_interest, establishment",waterfalls,Chhattisgarh,Monsoon,Rajnandgaon,0
Kedar Badi Garden,21.1940615,80.761847,3.5,"park, point_of_interest, establishment",waterfalls,Chhattisgarh,Monsoon,Rajnandgaon,133
Dongargarh Sky view,21.1792475,80.7501109,4.2,"tourist_attraction, point_of_interest, establishment",waterfalls,Chhattisgarh,Monsoon,Rajnandgaon,65
Gaurav Path Dgg,21.1858923,80.7582044,4.8,"park, point_of_interest, establishment",waterfalls,Chhattisgarh,Monsoon,Rajnandgaon,13
"kharkhara stop dam, Dondilohara",20.836241,80.9899003,4.2,"tourist_attraction, point_of_interest, establishment",waterfalls,Chhattisgarh,Monsoon,Rajnandgaon,102
Mannam Ground Fountain,21.1925246,81.3218385,3.5,"tourist_attraction, point_of_interest, establishment",waterfalls,Chhattisgarh,Monsoon,Rajnandgaon,4
Chandi Mandir,21.1915143,81.2714149,4.5,"hindu_temple, tourist_attraction, place_of_worship, point_of_interest, establishment",waterfalls,Chhattisgarh,Monsoon,Rajnandgaon,1227
Shivnath River,21.2139919,81.2401805,4.3,"natural_feature, establishment",waterfalls,Chhattisgarh,Monsoon,Rajnandgaon,52
Manki(Purena) Dam,21.2177188,80.9519407,4.5,"tourist_attraction, point_of_interest, establishment",waterfalls,Chhattisgarh,Monsoon,Rajnandgaon,11
Deori chicholi picnic spot,21.000237,81.3214191,4,"tourist_attraction, point_of_interest, establishment",waterfalls,Chhattisgarh,Monsoon,Rajnandgaon,23
Pond,21.1907615,81.316045,4,"natural_feature, establishment",waterfalls,Chhattisgarh,Monsoon,Rajnandgaon,3
"Budha Sagar Fountain, Rajnandgaon",21.0919662,81.0287961,4,"tourist_attraction, point_of_interest, establishment",waterfalls,Chhattisgarh,Monsoon,Rajnandgaon,1
Beech Park,20.9789073,81.2918554,4.2,"park, point_of_interest, establishment",beaches,Chhattisgarh,Summer,Rajnandgaon,20
Gobonzer Holidays,21.199973,81.323774,4.5,"travel_agency, point_of_interest, establishment",beaches,Chhattisgarh,Summer,Rajnandgaon,22
Sumeet bazar,21.0954181,81.0338609,3.7,"clothing_store, parking, store, point_of_interest, establishment",beaches,Chhattisgarh,Summer,Rajnandgaon,637
Sumit Bazaar,21.1909797,81.28596689999999,3.7,"clothing_store, store, point_of_interest, establishment",beaches,Chhattisgarh,Summer,Rajnandgaon,423
Sumeet Bazaar,21.165538,81.263931,3.7,"clothing_store, store, point_of_interest, establishment",beaches,Chhattisgarh,Summer,Rajnandgaon,779
Cyber Beach,21.192111,81.30770129999999,3.4,"point_of_interest, establishment",beaches,Chhattisgarh,Summer,Rajnandgaon,41
SUNITI UDYAAN,21.1892335,81.3248107,3.9,"park, point_of_interest, establishment",zoo,Chhattisgarh,Winter,Rajnandgaon,923
Dada Dadi Nana Nani Park,21.1877061,81.2872391,3.9,"park, tourist_attraction, point_of_interest, establishment",zoo,Chhattisgarh,Winter,Rajnandgaon,1328
Nehru Nagar Park Bhelwa Talab,21.2019171,81.3191267,4.1,"park, point_of_interest, establishment",zoo,Chhattisgarh,Winter,Rajnandgaon,2926
Bindeshwari Baghel Park,20.9837122,81.0814363,3.9,"park, point_of_interest, establishment",zoo,Chhattisgarh,Winter,Rajnandgaon,29
Hanuman temple,20.9208625,81.2112306,5,"hindu_temple, place_of_worship, point_of_interest, establishment",temples,Chhattisgarh,All Seasons,Rajnandgaon,3
Laxmi Narayan Temple Durg,21.1920444,81.2844495,4.4,"hindu_temple, place_of_worship, point_of_interest, establishment",temples,Chhattisgarh,All Seasons,Rajnandgaon,39
radha krishna temple Mahesh Colony,21.1707066,81.26175900000001,4.6,"hindu_temple, place_of_worship, point_of_interest, establishment",temples,Chhattisgarh,All Seasons,Rajnandgaon,99
Panchmukhi hanuman temple,21.1795289,81.2893477,4.5,"hindu_temple, place_of_worship, point_of_interest, establishment",temples,Chhattisgarh,All Seasons,Rajnandgaon,143
Hanuman ji temple,20.8893179,81.2967115,5,"hindu_temple, place_of_worship, point_of_interest, establishment",temples,Chhattisgarh,All Seasons,Rajnandgaon,1
Shivji Temple (Aurda),21.3149724,81.1225007,4.5,"hindu_temple, place_of_worship, point_of_interest, establishment",temples,Chhattisgarh,All Seasons,Rajnandgaon,4
Panchmukhi Hanuman Temple,21.213276,81.32316709999999,4.5,"hindu_temple, place_of_worship, point_of_interest, establishment",temples,Chhattisgarh,All Seasons,Rajnandgaon,140
Shri Shankar temple,21.2538378,81.2857058,5,"hindu_temple, place_of_worship, point_of_interest, establishment",temples,Chhattisgarh,All Seasons,Rajnandgaon,1
Shree Buddheshwar Mahadev Temple,21.0901594,81.0480154,5,"hindu_temple, place_of_worship, point_of_interest, establishment",temples,Chhattisgarh,All Seasons,Rajnandgaon,1
"Bhawani Mata Mandir ,Dhara Karela",21.2798397,80.8437075,4.4,"hindu_temple, place_of_worship, point_of_interest, establishment",temples,Chhattisgarh,All Seasons,Rajnandgaon,280
"Sarpeshvarnath Shiva-Shakti Temple, Ranisagar, Rajnandgaon",21.0889678,81.02765579999999,4.8,"hindu_temple, place_of_worship, point_of_interest, establishment",temples,Chhattisgarh,All Seasons,Rajnandgaon,5
Ma shitla temple,21.3369027,81.1272716,4.8,"hindu_temple, place_of_worship, point_of_interest, establishment",temples,Chhattisgarh,All Seasons,Rajnandgaon,5
Shiv Temple,21.2466067,81.2329165,4.2,"hindu_temple, place_of_worship, point_of_interest, establishment",temples,Chhattisgarh,All Seasons,Rajnandgaon,10
Shree Sudarshan valmiki temple,21.1944115,80.7774379,4.6,"hindu_temple, place_of_worship, point_of_interest, establishment",temples,Chhattisgarh,All Seasons,Rajnandgaon,11
Lord Shiv Temple,21.2023372,81.2965743,4.4,"hindu_temple, place_of_worship, point_of_interest, establishment",temples,Chhattisgarh,All Seasons,Rajnandgaon,27
Temple,21.0869166,81.03646599999999,5,"hindu_temple, place_of_worship, point_of_interest, establishment",temples,Chhattisgarh,All Seasons,Rajnandgaon,2
Maa Mahamaya Temple,21.2492827,80.8540835,3.7,"hindu_temple, place_of_worship, point_of_interest, establishment",temples,Chhattisgarh,All Seasons,Rajnandgaon,11
Hanuman Temple,21.2098243,81.3156662,4.8,"hindu_temple, place_of_worship, point_of_interest, establishment",temples,Chhattisgarh,All Seasons,Rajnandgaon,4
Temple,21.2138428,81.30873079999999,5,"hindu_temple, place_of_worship, point_of_interest, establishment",temples,Chhattisgarh,All Seasons,Rajnandgaon,2
Shri Jai Shitala Temple,21.1934702,81.2748921,4.7,"hindu_temple, place_of_worship, point_of_interest, establishment",temples,Chhattisgarh,All Seasons,Rajnandgaon,10
Bamleshwari Temple Dongargaon,20.9779309,80.8490143,4.5,"hindu_temple, place_of_worship, point_of_interest, establishment",temples,Chhattisgarh,All Seasons,Rajnandgaon,437
Lord Shiv Temple,21.2025325,81.3069928,4.2,"hindu_temple, place_of_worship, point_of_interest, establishment",temples,Chhattisgarh,All Seasons,Rajnandgaon,14
"Shiv Temple, Talpuri",21.1730531,81.3218532,5,"hindu_temple, place_of_worship, point_of_interest, establishment",temples,Chhattisgarh,All Seasons,Rajnandgaon,1
Kishkindha Temple,21.1996927,81.3176591,4.2,"hindu_temple, place_of_worship, point_of_interest, establishment",temples,Chhattisgarh,All Seasons,Rajnandgaon,43
Temple,21.1801144,80.7572445,4.5,"place_of_worship, point_of_interest, establishment",temples,Chhattisgarh,All Seasons,Rajnandgaon,2
Shri 1008 Bhagwan Mahaveer Digamber Jain Temple,21.174509,81.29735869999999,4.4,"place_of_worship, point_of_interest, establishment",temples,Chhattisgarh,All Seasons,Rajnandgaon,75
Shri Pahadipath Temple,21.1921653,81.15791639999999,4,"hindu_temple, place_of_worship, point_of_interest, establishment",temples,Chhattisgarh,All Seasons,Rajnandgaon,98
Hanuam Temple,21.1985283,81.3243098,4.5,"hindu_temple, place_of_worship, point_of_interest, establishment",temples,Chhattisgarh,All Seasons,Rajnandgaon,2
Kali mai mandir,21.0956464,81.0385752,4.5,"hindu_temple, place_of_worship, point_of_interest, establishment",temples,Chhattisgarh,All Seasons,Rajnandgaon,40
Mahadev Temple,21.1775421,81.2645032,3.9,"hindu_temple, place_of_worship, point_of_interest, establishment",temples,Chhattisgarh,All Seasons,Rajnandgaon,9
Osiyan Mata Temple,21.0830116,80.8359306,4.8,"place_of_worship, point_of_interest, establishment",temples,Chhattisgarh,All Seasons,Rajnandgaon,27
Mahadev Temple,21.1849122,80.75631330000002,5,"hindu_temple, place_of_worship, point_of_interest, establishment",temples,Chhattisgarh,All Seasons,Rajnandgaon,5
Temple of lord sri hari luxmi vishnu bhgwan and shiva hanuman temple .,21.1820433,80.74791549999999,5,"hindu_temple, place_of_worship, point_of_interest, establishment",temples,Chhattisgarh,All Seasons,Rajnandgaon,2
Shiv Temple,21.2104965,81.3196159,5,"hindu_temple, place_of_worship, point_of_interest, establishment",temples,Chhattisgarh,All Seasons,Rajnandgaon,1
Top view of Dongargarh temple,21.1803011,80.7509484,4.4,"hindu_temple, place_of_worship, point_of_interest, establishment",temples,Chhattisgarh,All Seasons,Rajnandgaon,15
Lord Shiva temple,20.8918811,81.28690929999999,5,"hindu_temple, place_of_worship, point_of_interest, establishment",temples,Chhattisgarh,All Seasons,Rajnandgaon,1
Shiv panchayat temple,21.2100052,81.30219439999999,4.2,"hindu_temple, place_of_worship, point_of_interest, establishment",temples,Chhattisgarh,All Seasons,Rajnandgaon,5
"Sai Mandir , Sai Temple",21.2089275,81.27954849999999,4.9,"hindu_temple, place_of_worship, point_of_interest, establishment",temples,Chhattisgarh,All Seasons,Rajnandgaon,15
Maa Santoshi Temple,21.1747795,81.296362,4.8,"hindu_temple, place_of_worship, point_of_interest, establishment",temples,Chhattisgarh,All Seasons,Rajnandgaon,8
Shri Danteshwari Temple,21.1902579,80.756092,4,"hindu_temple, place_of_worship, point_of_interest, establishment",temples,Chhattisgarh,All Seasons,Rajnandgaon,25
Mahamrityunjay Shiv Temple,21.1701804,81.2918263,4.3,"hindu_temple, place_of_worship, point_of_interest, establishment",temples,Chhattisgarh,All Seasons,Rajnandgaon,33
Hanuman Temple,21.2034684,81.2969485,4.7,"hindu_temple, place_of_worship, point_of_interest, establishment",temples,Chhattisgarh,All Seasons,Rajnandgaon,25
HANUMAN TEMPLE,21.0160472,81.0792616,3,"hindu_temple, place_of_worship, point_of_interest, establishment",temples,Chhattisgarh,All Seasons,Rajnandgaon,2
Hanuman Temple,21.2009093,81.31397419999999,4.5,"hindu_temple, place_of_worship, point_of_interest, establishment",temples,Chhattisgarh,All Seasons,Rajnandgaon,2
Hindu temple,20.974127,81.0831824,5,"hindu_temple, place_of_worship, point_of_interest, establishment",temples,Chhattisgarh,All Seasons,Rajnandgaon,1
OLD Shiv temple,21.2359427,81.2708933,5,"hindu_temple, place_of_worship, point_of_interest, establishment",temples,Chhattisgarh,All Seasons,Rajnandgaon,1
Jalaram Mandir,21.0972319,81.0411776,4.5,"hindu_temple, place_of_worship, point_of_interest, establishment",temples,Chhattisgarh,All Seasons,Rajnandgaon,46
Hanuman temple,21.0520217,81.0438297,4.6,"hindu_temple, place_of_worship, point_of_interest, establishment",temples,Chhattisgarh,All Seasons,Rajnandgaon,5
Trimurti Temple,21.1365179,81.01529479999999,4.9,"hindu_temple, place_of_worship, point_of_interest, establishment",temples,Chhattisgarh,All Seasons,Rajnandgaon,8
Shiv Temple,21.1803921,81.29407669999999,5,"hindu_temple, place_of_worship, point_of_interest, establishment",temples,Chhattisgarh,All Seasons,Rajnandgaon,1
Shitala Temple Buddhubharda,21.0567016,80.936279,3.9,"hindu_temple, place_of_worship, point_of_interest, establishment",temples,Chhattisgarh,All Seasons,Rajnandgaon,18
Mandir,21.1916824,80.7716777,4.1,"hindu_temple, place_of_worship, point_of_interest, establishment",temples,Chhattisgarh,All Seasons,Rajnandgaon,49
Ram Darbaar temple,21.201144,81.2668395,5,"hindu_temple, place_of_worship, point_of_interest, establishment",temples,Chhattisgarh,All Seasons,Rajnandgaon,4
Bholenath Temple,21.1628099,81.3215841,4.8,"hindu_temple, place_of_worship, point_of_interest, establishment",temples,Chhattisgarh,All Seasons,Rajnandgaon,4
Temple,20.8895677,81.2941712,5,"hindu_temple, place_of_worship, point_of_interest, establishment",temples,Chhattisgarh,All Seasons,Rajnandgaon,1
Shiv Hanuman Temple,21.1899241,81.2800913,4.4,"hindu_temple, place_of_worship, point_of_interest, establishment",temples,Chhattisgarh,All Seasons,Rajnandgaon,7
Shiva Temple,20.9429415,81.2080679,0,"hindu_temple, place_of_worship, point_of_interest, establishment",temples,Chhattisgarh,All Seasons,Rajnandgaon,0
Radha Krishna Temple,21.2023343,81.28142799999999,4,"place_of_worship, point_of_interest, establishment",temples,Chhattisgarh,All Seasons,Rajnandgaon,4
Shiv Temple,21.126561,81.1307666,4.3,"hindu_temple, place_of_worship, point_of_interest, establishment",temples,Chhattisgarh,All Seasons,Rajnandgaon,4
SHIV TEMPLE,21.2125051,80.9463859,5,"hindu_temple, place_of_worship, point_of_interest, establishment",temples,Chhattisgarh,All Seasons,Rajnandgaon,5
The Green Hills Farms and Resorts,21.185313,81.151438,3.4,"lodging, point_of_interest, establishment",hills,Chhattisgarh,Winter,Rajnandgaon,53
Tappa Hills,21.0657423,80.82751800000001,4.9,"tourist_attraction, point_of_interest, establishment",hills,Chhattisgarh,Winter,Rajnandgaon,9
Dongargarh,21.1854084,80.76116850000001,4.3,"train_station, transit_station, point_of_interest, establishment",hills,Chhattisgarh,Winter,Rajnandgaon,335
Christian Hill,21.1986265,80.7644463,0,"natural_feature, establishment",hills,Chhattisgarh,Winter,Rajnandgaon,0
Dongargarh Hill,21.1782352,80.7505417,4.4,"natural_feature, establishment",hills,Chhattisgarh,Winter,Rajnandgaon,161
Cross Hill,21.1988863,80.7637026,4.3,"natural_feature, establishment",hills,Chhattisgarh,Winter,Rajnandgaon,15
Calvary Hill Stations of the Cross,21.1985264,80.76417800000002,4.5,"church, place_of_worship, point_of_interest, establishment",hills,Chhattisgarh,Winter,Rajnandgaon,57
The Food Factory,21.1900755,80.7475692,4.1,"restaurant, point_of_interest, food, establishment",hills,Chhattisgarh,Winter,Rajnandgaon,211
Shri Digamber Jain Atishay Teerth Kshetra Chandragiri,21.165249,80.7524356,4.8,"place_of_worship, point_of_interest, establishment",hills,Chhattisgarh,Winter,Rajnandgaon,250
Bijora,20.8269946,81.1106133,No rating,"locality, political",hills,Chhattisgarh,Winter,Rajnandgaon,0
Lake of mountains,21.066985,80.83238329999999,3,"tourist_attraction, point_of_interest, establishment",hills,Chhattisgarh,Winter,Rajnandgaon,2
Ningo Dam,21.2620253,80.7710445,3.9,"point_of_interest, establishment",hills,Chhattisgarh,Winter,Rajnandgaon,34
"Bamleshwari Parikrama Path, Dongargarh",21.1821159,80.7494688,3.8,"park, point_of_interest, establishment",hills,Chhattisgarh,Winter,Rajnandgaon,6
Chawardha,21.2491453,81.09895569999999,No rating,"locality, political",hills,Chhattisgarh,Winter,Rajnandgaon,0
Dangbora dam,21.2815627,80.8261438,4.4,"tourist_attraction, point_of_interest, establishment",attraction,Chhattisgarh,All Seasons,Rajnandgaon,77
Thagda Sunset Viewpoint,21.1821856,81.30160149999999,4.5,"tourist_attraction, point_of_interest, establishment",attraction,Chhattisgarh,All Seasons,Rajnandgaon,22
Thadga Dam tourist spot,21.1797802,81.3020263,4.3,"tourist_attraction, point_of_interest, establishment",attraction,Chhattisgarh,All Seasons,Rajnandgaon,12
Kharkhara Waterfall,20.8438793,80.98874789999999,4.1,"tourist_attraction, point_of_interest, establishment",attraction,Chhattisgarh,All Seasons,Rajnandgaon,111
Pragyagiri Dongargarh Tourist Place,21.1724135,80.7633625,4.4,"tourist_attraction, place_of_worship, point_of_interest, establishment",attraction,Chhattisgarh,All Seasons,Rajnandgaon,495
Chatagarh Railway Bridge Photography Point,21.2017358,81.2379789,4.5,"tourist_attraction, point_of_interest, establishment",attraction,Chhattisgarh,All Seasons,Rajnandgaon,34
Thanod Picnic Spot,21.1336635,81.24498179999999,3.7,"tourist_attraction, point_of_interest, establishment",attraction,Chhattisgarh,All Seasons,Rajnandgaon,25
Dada Dadi Nana Nani Park,21.1877061,81.2872391,3.9,"park, tourist_attraction, point_of_interest, establishment",attraction,Chhattisgarh,All Seasons,Rajnandgaon,1328
Sukha Nala Bairaj Dam,20.9972877,80.7904516,3.9,"tourist_attraction, point_of_interest, establishment",attraction,Chhattisgarh,All Seasons,Rajnandgaon,127
view point,21.2356927,81.2698927,4.5,"tourist_attraction, point_of_interest, establishment",attraction,Chhattisgarh,All Seasons,Rajnandgaon,11
Thagda bandh,21.1813918,81.2996757,4.4,"tourist_attraction, point_of_interest, establishment",attraction,Chhattisgarh,All Seasons,Rajnandgaon,24
Stop Dam,20.953667,81.2799313,4.7,"tourist_attraction, point_of_interest, establishment",attraction,Chhattisgarh,All Seasons,Rajnandgaon,6
Chirraiya Upwan,21.129241,81.246263,3.8,"tourist_attraction, point_of_interest, establishment",attraction,Chhattisgarh,All Seasons,Rajnandgaon,4
अमृत सरोवर,20.8580746,81.215684,0,"tourist_attraction, point_of_interest, establishment",attraction,Chhattisgarh,All Seasons,Rajnandgaon,0
Darri Talab,21.1356311,81.2132858,4.5,"tourist_attraction, point_of_interest, establishment",attraction,Chhattisgarh,All Seasons,Rajnandgaon,2
VINAYAKPUR check dam and bridge,21.0453765,81.2394668,4.4,"tourist_attraction, point_of_interest, establishment",attraction,Chhattisgarh,All Seasons,Rajnandgaon,16
Mannam Ground Fountain,21.1925246,81.3218385,3.5,"tourist_attraction, point_of_interest, establishment",attraction,Chhattisgarh,All Seasons,Rajnandgaon,4
Dongargarh Sky view,21.1792475,80.7501109,4.2,"tourist_attraction, point_of_interest, establishment",attraction,Chhattisgarh,All Seasons,Rajnandgaon,65
Pinkapar dongri,21.1239086,80.7536997,2.8,"tourist_attraction, point_of_interest, establishment",attraction,Chhattisgarh,All Seasons,Rajnandgaon,4
PURENA DAM,21.2098321,80.93455130000001,5,"tourist_attraction, point_of_interest, establishment",attraction,Chhattisgarh,All Seasons,Rajnandgaon,1
Sukhri stop,21.0376881,80.9689479,4.1,"tourist_attraction, point_of_interest, establishment",attraction,Chhattisgarh,All Seasons,Rajnandgaon,10
Kesla stop dam,21.0522595,80.9264121,4,"tourist_attraction, point_of_interest, establishment",attraction,Chhattisgarh,All Seasons,Rajnandgaon,4
BELODI RIVER FRONT,21.235984,81.270212,0,"tourist_attraction, point_of_interest, establishment",attraction,Chhattisgarh,All Seasons,Rajnandgaon,0
"Budha Sagar Fountain, Rajnandgaon",21.0919662,81.0287961,4,"tourist_attraction, point_of_interest, establishment",attraction,Chhattisgarh,All Seasons,Rajnandgaon,1
Manki(Purena) Dam,21.2177188,80.9519407,4.5,"tourist_attraction, point_of_interest, establishment",attraction,Chhattisgarh,All Seasons,Rajnandgaon,11
Painkra place,21.0664664,80.82785489999999,3.3,"tourist_attraction, point_of_interest, establishment",attraction,Chhattisgarh,All Seasons,Rajnandgaon,7
Pradhanpath Bairaj,21.3648374,80.8220185,3.7,"tourist_attraction, point_of_interest, establishment",attraction,Chhattisgarh,All Seasons,Rajnandgaon,86
Dhaba Dongari,21.094017,80.842294,5,"tourist_attraction, point_of_interest, establishment",attraction,Chhattisgarh,All Seasons,Rajnandgaon,4
Khaira Dam,21.1802701,80.9632714,3.7,"tourist_attraction, point_of_interest, establishment",attraction,Chhattisgarh,All Seasons,Rajnandgaon,6
Tappa Hills,21.0657423,80.82751800000001,4.9,"tourist_attraction, point_of_interest, establishment",attraction,Chhattisgarh,All Seasons,Rajnandgaon,9
Jai Satnam baba dham,21.2204192,80.9437344,5,"tourist_attraction, point_of_interest, establishment",attraction,Chhattisgarh,All Seasons,Rajnandgaon,4
Lake of mountains,21.066985,80.83238329999999,3,"tourist_attraction, point_of_interest, establishment",attraction,Chhattisgarh,All Seasons,Rajnandgaon,2
Mohad/Dhamansara Dam,21.0565965,81.0858044,3.7,"tourist_attraction, point_of_interest, establishment",attraction,Chhattisgarh,All Seasons,Rajnandgaon,10
Thanod,21.1327196,81.2164821,4,"tourist_attraction, point_of_interest, establishment",attraction,Chhattisgarh,All Seasons,Rajnandgaon,4
Deori chicholi picnic spot,21.000237,81.3214191,4,"tourist_attraction, point_of_interest, establishment",attraction,Chhattisgarh,All Seasons,Rajnandgaon,23
Chandi path mandir,20.9031485,80.8188093,3,"tourist_attraction, point_of_interest, establishment",attraction,Chhattisgarh,All Seasons,Rajnandgaon,2
Bawli camping area/Hiking area/picnic spot,20.8342008,80.96315229999999,3.3,"tourist_attraction, point_of_interest, establishment",attraction,Chhattisgarh,All Seasons,Rajnandgaon,4
Bade purda Naya Talab,21.3364562,81.2405588,4.5,"tourist_attraction, point_of_interest, establishment",attraction,Chhattisgarh,All Seasons,Rajnandgaon,4
Mangata greens resort,21.1919216,81.1491143,5,"tourist_attraction, point_of_interest, establishment",attraction,Chhattisgarh,All Seasons,Rajnandgaon,1
Ruse dam,21.2913418,80.9606763,3.4,"tourist_attraction, point_of_interest, establishment",attraction,Chhattisgarh,All Seasons,Rajnandgaon,8
"Shree Yantra, Dongargarh",21.1740243,80.7523049,4,"tourist_attraction, point_of_interest, establishment",attraction,Chhattisgarh,All Seasons,Rajnandgaon,12
Bhawani mata mandir sunset point,21.278695,80.8444391,4.5,"tourist_attraction, point_of_interest, establishment",attraction,Chhattisgarh,All Seasons,Rajnandgaon,101
Picnic Spot weekend point bharda,21.0953746,81.2375343,3.3,"tourist_attraction, point_of_interest, establishment",attraction,Chhattisgarh,All Seasons,Rajnandgaon,4
Panthi Chowk,21.1784462,81.3242887,4.1,"tourist_attraction, point_of_interest, establishment",attraction,Chhattisgarh,All Seasons,Rajnandgaon,292
Ladoo buggu view point,21.1543904,81.19902549999999,0,"tourist_attraction, point_of_interest, establishment",attraction,Chhattisgarh,All Seasons,Rajnandgaon,0
IMA chowk,21.2005189,81.2865054,3,"tourist_attraction, point_of_interest, establishment",attraction,Chhattisgarh,All Seasons,Rajnandgaon,1
पिनकापार पहाड़ी,21.1234513,80.7700038,3.4,"tourist_attraction, point_of_interest, establishment",attraction,Chhattisgarh,All Seasons,Rajnandgaon,5
Ganjpara Durga p Mandir andal,21.183075,81.2720168,4.3,"tourist_attraction, point_of_interest, establishment",attraction,Chhattisgarh,All Seasons,Rajnandgaon,77
Aamner Nadi Water source Point,21.3526913,80.8022929,3.8,"tourist_attraction, point_of_interest, establishment",attraction,Chhattisgarh,All Seasons,Rajnandgaon,5
Bhanwarmara Waterpark,21.0628017,81.02844499999999,5,"tourist_attraction, point_of_interest, establishment",attraction,Chhattisgarh,All Seasons,Rajnandgaon,1
Bandha,21.0663958,80.82784099999999,5,"tourist_attraction, point_of_interest, establishment",attraction,Chhattisgarh,All Seasons,Rajnandgaon,1
Bharregaon anicut,21.0823972,81.11579789999999,5,"tourist_attraction, point_of_interest, establishment",attraction,Chhattisgarh,All Seasons,Rajnandgaon,3
Sahu para,21.0352513,81.1642648,0,"tourist_attraction, point_of_interest, establishment",attraction,Chhattisgarh,All Seasons,Rajnandgaon,0
Chando Dam,20.9171026,80.8038868,3,"tourist_attraction, point_of_interest, establishment",attraction,Chhattisgarh,All Seasons,Rajnandgaon,6
Durg railway station platform 4 & 5,21.2006894,81.29105919999999,4.1,"tourist_attraction, point_of_interest, establishment",attraction,Chhattisgarh,All Seasons,Rajnandgaon,92
Pradhan path,21.3634395,80.8166762,3.6,"tourist_attraction, point_of_interest, establishment",attraction,Chhattisgarh,All Seasons,Rajnandgaon,5
कुंवरदादार तालाब ( नवा तरिया),21.3378618,81.2364829,3,"tourist_attraction, point_of_interest, establishment",attraction,Chhattisgarh,All Seasons,Rajnandgaon,2
बूढा सागर राजनांदगांव,21.0938334,81.0295343,4.1,"tourist_attraction, point_of_interest, establishment",attraction,Chhattisgarh,All Seasons,Rajnandgaon,10
STOP DAM DEORI(KH),21.0294044,81.25242150000001,3.5,"tourist_attraction, point_of_interest, establishment",attraction,Chhattisgarh,All Seasons,Rajnandgaon,2
Five star farm,21.295726,81.30639599999999,5,"tourist_attraction, point_of_interest, establishment",attraction,Chhattisgarh,All Seasons,Rajnandgaon,1
"Smart children's Park, Malkangiri",18.3506569,81.8957346,4,"park, point_of_interest, establishment",parks,Chhattisgarh,Spring,Sukma,116
Jaduguda Eco Tourism Park and Sri Mukuteswar Temple,18.5117079,81.8953202,4.4,"park, point_of_interest, establishment",parks,Chhattisgarh,Spring,Sukma,90
Park Street,18.3506868,81.8955003,5,"park, point_of_interest, establishment",parks,Chhattisgarh,Spring,Sukma,2
Science park Govt ITI Malkangiri,18.3719676,81.871573,5,"park, point_of_interest, establishment",parks,Chhattisgarh,Spring,Sukma,1
MPV-6 Mid Park,18.1911364,81.8001652,4.6,"park, point_of_interest, establishment",parks,Chhattisgarh,Spring,Sukma,5
Mkg New park,18.3553408,81.88718109999999,4.6,"park, point_of_interest, establishment",parks,Chhattisgarh,Spring,Sukma,9
Malan park,18.5779981,81.7604199,5,"park, point_of_interest, establishment",parks,Chhattisgarh,Spring,Sukma,7
"Marine Drive, Rajwada Sukma",18.3873668,81.6655049,4.2,"park, point_of_interest, establishment",parks,Chhattisgarh,Spring,Sukma,81
Children Park,18.3515941,81.8900956,5,"park, point_of_interest, establishment",parks,Chhattisgarh,Spring,Sukma,1
Children Park MV 42 malkangiri,18.3359704,81.8845582,3.5,"park, point_of_interest, establishment",parks,Chhattisgarh,Spring,Sukma,2
"MSME, Park Malkangiri",18.3829291,81.7701049,5,"park, point_of_interest, establishment",parks,Chhattisgarh,Spring,Sukma,1
Science centre & science park,18.387747,81.6797134,3.1,"park, point_of_interest, establishment",parks,Chhattisgarh,Spring,Sukma,9
Dornapal Park MR S.K.R,18.1561598,81.5208664,3,"park, point_of_interest, establishment",parks,Chhattisgarh,Spring,Sukma,1
dhurma dam,18.5439209,81.6963023,3.7,"park, point_of_interest, establishment",parks,Chhattisgarh,Spring,Sukma,13
नर्सरी पॉर्क,18.3843436,81.6863778,4.3,"park, point_of_interest, establishment",parks,Chhattisgarh,Spring,Sukma,6
Picnic Spot Kotamateru,18.3323996,81.6547026,4,"park, point_of_interest, establishment",parks,Chhattisgarh,Spring,Sukma,1
Nursery Park,18.3818575,81.68594569999999,3,"park, point_of_interest, establishment",parks,Chhattisgarh,Spring,Sukma,2
Seenu Personal Park,18.3508956,81.8956978,0,"park, point_of_interest, establishment",parks,Chhattisgarh,Spring,Sukma,0
"The Dudma Tourist Spot - Sukma District, Chhattisgarh, India",18.5435057,81.69787579999999,4.1,"tourist_attraction, point_of_interest, establishment",parks,Chhattisgarh,Spring,Sukma,94
Naresh Tarafdar house,18.4575253,81.9381836,4,"park, point_of_interest, establishment",parks,Chhattisgarh,Spring,Sukma,2
ऊर्जा पार्क भेलवपाल पटेलपारा,18.4445517,81.76057949999999,0,"park, point_of_interest, establishment",parks,Chhattisgarh,Spring,Sukma,0
CRPF 150 Bn,18.1557361,81.51163059999999,4.2,"campground, park, lodging, point_of_interest, establishment",parks,Chhattisgarh,Spring,Sukma,225
Kaju garden,18.532728,81.90195,0,"park, point_of_interest, establishment",parks,Chhattisgarh,Spring,Sukma,0
ଔଷଧୀୟ ଉଦ୍ୟାନ,18.3385763,81.8763694,5,"park, point_of_interest, establishment",parks,Chhattisgarh,Spring,Sukma,1
Small Garden,18.3451849,81.86830739999999,5,"park, point_of_interest, establishment",parks,Chhattisgarh,Spring,Sukma,1
Forest plantation,18.1735931,81.780346,0,"park, point_of_interest, establishment",parks,Chhattisgarh,Spring,Sukma,0
Ajay mandavi,18.1579125,81.50270309999999,0,"park, point_of_interest, establishment",parks,Chhattisgarh,Spring,Sukma,0
Hide out,18.3027699,81.846902,5,"park, point_of_interest, establishment",parks,Chhattisgarh,Spring,Sukma,2
Bejangiwada Forest,18.1438047,81.90093949999999,3.8,"park, point_of_interest, establishment",parks,Chhattisgarh,Spring,Sukma,4
Ramesh Madkami,18.3010389,81.8428351,5,"park, point_of_interest, establishment",parks,Chhattisgarh,Spring,Sukma,1
MG plantation,18.1813019,81.781157,0,"park, point_of_interest, establishment",parks,Chhattisgarh,Spring,Sukma,0
Biplab,18.3116949,81.8743372,0,"park, point_of_interest, establishment",parks,Chhattisgarh,Spring,Sukma,0
Mangaraj point,18.4816912,81.900408,5,"park, point_of_interest, establishment",parks,Chhattisgarh,Spring,Sukma,1
Indul Jharna Waterfalls,18.5718948,81.4005854,4.2,"tourist_attraction, point_of_interest, establishment",parks,Chhattisgarh,Spring,Sukma,60
Fr plantation,18.1940002,81.75944989999999,0,"park, point_of_interest, establishment",parks,Chhattisgarh,Spring,Sukma,0
CRPF 223 BN,18.1459773,81.50865,4.4,"park, point_of_interest, establishment",parks,Chhattisgarh,Spring,Sukma,218
Krishi shed gp-guphdi,18.4767535,81.4706997,0,"park, point_of_interest, establishment",parks,Chhattisgarh,Spring,Sukma,0
Palem camp,18.6706172,81.7710176,4.7,"campground, park, lodging, point_of_interest, establishment",parks,Chhattisgarh,Spring,Sukma,12
Singhanigurha reserve forest,18.2175588,81.5230638,5,"park, point_of_interest, establishment",parks,Chhattisgarh,Spring,Sukma,2
AMARESH DAS,18.2617983,81.821835,4.2,"park, point_of_interest, establishment",parks,Chhattisgarh,Spring,Sukma,5
Biswas Farm House.,18.1959695,81.5220009,1,"park, point_of_interest, establishment",parks,Chhattisgarh,Spring,Sukma,2
"Bendakutan Boom/meta, Namelguda",18.2241093,81.89137,4.5,"park, point_of_interest, establishment",parks,Chhattisgarh,Spring,Sukma,4
NAGEN home,18.2823782,81.82891099999999,5,"park, point_of_interest, establishment",parks,Chhattisgarh,Spring,Sukma,1
"इको पर्यटन केन्द्र, तुंगल जलाशय सुकमा",18.4293262,81.6548129,3.6,"park, point_of_interest, establishment",parks,Chhattisgarh,Spring,Sukma,9
Godiguda Hill,18.2130816,81.90404079999999,0,"park, point_of_interest, establishment",parks,Chhattisgarh,Spring,Sukma,0
Palnar Talaab,18.6177032,81.3916812,0,"park, point_of_interest, establishment",parks,Chhattisgarh,Spring,Sukma,0
Tatiguda Forest,18.1619207,81.8784005,0,"park, point_of_interest, establishment",parks,Chhattisgarh,Spring,Sukma,0
Mango Orchard अमराई,18.4379886,81.673183,5,"park, point_of_interest, establishment",parks,Chhattisgarh,Spring,Sukma,1
ASHISH SARKAR,18.2586335,81.8196893,5,"park, point_of_interest, establishment",parks,Chhattisgarh,Spring,Sukma,1
Kumud namo,18.509312,81.91922339999999,5,"park, point_of_interest, establishment",parks,Chhattisgarh,Spring,Sukma,1
Kosalkunda Pahad,18.1556084,81.9196432,3,"park, point_of_interest, establishment",parks,Chhattisgarh,Spring,Sukma,1
Rock garden,18.3345246,81.61501659999999,4.2,"park, point_of_interest, establishment",parks,Chhattisgarh,Spring,Sukma,11
Russian Empire,18.1452703,81.78171189999999,4,"park, point_of_interest, establishment",parks,Chhattisgarh,Spring,Sukma,3
Simagudi Forest,18.3967128,81.9041993,0,"park, point_of_interest, establishment",parks,Chhattisgarh,Spring,Sukma,0
M.V-18,18.2333239,81.8371002,5,"park, point_of_interest, establishment",parks,Chhattisgarh,Spring,Sukma,1
Hg,18.638991,81.72663,0,"park, point_of_interest, establishment",parks,Chhattisgarh,Spring,Sukma,0
budhra.kunjam,18.666628,81.922717,2,"park, point_of_interest, establishment",parks,Chhattisgarh,Spring,Sukma,1
Tarayi tekra village,18.666036,81.59746,0,"park, point_of_interest, establishment",parks,Chhattisgarh,Spring,Sukma,0
Peepal tree,18.1770503,81.805892,0,"park, point_of_interest, establishment",parks,Chhattisgarh,Spring,Sukma,0
Thamman pujari,18.3909118,81.6588003,0,"park, point_of_interest, establishment",parks,Chhattisgarh,Spring,Sukma,0
Indul Jharna Waterfalls,18.5718948,81.4005854,4.2,"tourist_attraction, point_of_interest, establishment",waterfalls,Chhattisgarh,Monsoon,Sukma,60
गाय गोटन पटेलपारा,18.4370344,81.7564465,5,"zoo, point_of_interest, establishment",zoo,Chhattisgarh,Winter,Sukma,2
Bhabendra mahato,18.1602584,81.7960454,0,"zoo, point_of_interest, establishment",zoo,Chhattisgarh,Winter,Sukma,0
Temple,18.3532714,81.8790056,0,"hindu_temple, place_of_worship, point_of_interest, establishment",temples,Chhattisgarh,All Seasons,Sukma,0
Shiv Temple,18.2775868,81.7913233,4,"hindu_temple, place_of_worship, point_of_interest, establishment",temples,Chhattisgarh,All Seasons,Sukma,2
JADUGUDA SIVA TEMPLE,18.5113685,81.8950174,3.7,"hindu_temple, place_of_worship, point_of_interest, establishment",temples,Chhattisgarh,All Seasons,Sukma,19
Shiv Temple Padmagiri,18.4857193,81.9143509,0,"hindu_temple, place_of_worship, point_of_interest, establishment",temples,Chhattisgarh,All Seasons,Sukma,0
Hanuman Temple,18.4915059,81.91566879999999,5,"hindu_temple, place_of_worship, point_of_interest, establishment",temples,Chhattisgarh,All Seasons,Sukma,4
Temple,18.6353368,81.7306527,5,"hindu_temple, place_of_worship, point_of_interest, establishment",temples,Chhattisgarh,All Seasons,Sukma,1
Jagannath Temple,18.3653168,81.8881779,4.6,"hindu_temple, place_of_worship, point_of_interest, establishment",temples,Chhattisgarh,All Seasons,Sukma,48
Siva Mandir,18.3675996,81.8869923,4.6,"hindu_temple, place_of_worship, point_of_interest, establishment",temples,Chhattisgarh,All Seasons,Sukma,9
M.P.V-2 HORI NARAYAN TEMPLE,18.2604534,81.8521184,0,"hindu_temple, place_of_worship, point_of_interest, establishment",temples,Chhattisgarh,All Seasons,Sukma,0
Temple,18.5332769,81.91834659999999,0,"place_of_worship, point_of_interest, establishment",temples,Chhattisgarh,All Seasons,Sukma,0
MAHADEV TEMPLE,18.1402,81.56292610000001,0,"hindu_temple, place_of_worship, point_of_interest, establishment",temples,Chhattisgarh,All Seasons,Sukma,0
HORI and KRISHNA temple,18.2604548,81.8521171,3.7,"hindu_temple, place_of_worship, point_of_interest, establishment",temples,Chhattisgarh,All Seasons,Sukma,3
Hanuman Temple,18.5020269,81.9426062,0,"hindu_temple, place_of_worship, point_of_interest, establishment",temples,Chhattisgarh,All Seasons,Sukma,0
MPV 13 Durga Temple,18.1583498,81.85578339999999,4,"hindu_temple, place_of_worship, point_of_interest, establishment",temples,Chhattisgarh,All Seasons,Sukma,9
Hanuman Temple,18.3564036,81.89724369999999,0,"hindu_temple, place_of_worship, point_of_interest, establishment",temples,Chhattisgarh,All Seasons,Sukma,0
Shiv Temple,18.3590032,81.8936794,4.7,"hindu_temple, place_of_worship, point_of_interest, establishment",temples,Chhattisgarh,All Seasons,Sukma,7
Durga Temple,18.3649128,81.89036650000001,4.1,"hindu_temple, place_of_worship, point_of_interest, establishment",temples,Chhattisgarh,All Seasons,Sukma,8
Pathor Thakur temple,18.3110462,81.8594014,4.4,"hindu_temple, place_of_worship, point_of_interest, establishment",temples,Chhattisgarh,All Seasons,Sukma,9
Temple Of Shiva,18.2497575,81.5605777,4.7,"hindu_temple, place_of_worship, point_of_interest, establishment",temples,Chhattisgarh,All Seasons,Sukma,3
M.v.15 Maa Durga Temple,18.3011289,81.8196658,4.3,"hindu_temple, place_of_worship, point_of_interest, establishment",temples,Chhattisgarh,All Seasons,Sukma,31
"Lord Shiv Temple , M.P.V-7",18.1690945,81.797429,4.4,"hindu_temple, place_of_worship, point_of_interest, establishment",temples,Chhattisgarh,All Seasons,Sukma,5
Sri Harichand Thakur Temple MPV-6,18.1885431,81.79821419999999,4.3,"hindu_temple, place_of_worship, point_of_interest, establishment",temples,Chhattisgarh,All Seasons,Sukma,16
SHRI RAM MANDIR,18.2484477,81.84328479999999,5,"hindu_temple, place_of_worship, point_of_interest, establishment",temples,Chhattisgarh,All Seasons,Sukma,1
Malkangiri Mallikeswar Temple,18.3726847,81.89657849999999,4.4,"hindu_temple, place_of_worship, point_of_interest, establishment",temples,Chhattisgarh,All Seasons,Sukma,134
SHIVA TEMPLE ଶିବ ମନ୍ଦିର,18.3387798,81.88169669999999,5,"hindu_temple, place_of_worship, point_of_interest, establishment",temples,Chhattisgarh,All Seasons,Sukma,1
Bholenath Mandir (kikirpal),18.607985,81.9334433,5,"hindu_temple, place_of_worship, point_of_interest, establishment",temples,Chhattisgarh,All Seasons,Sukma,1
M.V.-46 Kali Temple,18.2909476,81.80840859999999,4.8,"hindu_temple, place_of_worship, point_of_interest, establishment",temples,Chhattisgarh,All Seasons,Sukma,10
Kali Temple mv-14,18.3092275,81.8320409,4.6,"hindu_temple, place_of_worship, point_of_interest, establishment",temples,Chhattisgarh,All Seasons,Sukma,15
Jagadhatri temple m.v.23,18.2248554,81.9205796,4.2,"hindu_temple, place_of_worship, point_of_interest, establishment",temples,Chhattisgarh,All Seasons,Sukma,15
Neel kantheshwar Mahadev Shiv Temple,18.3924801,81.6552067,5,"hindu_temple, place_of_worship, point_of_interest, establishment",temples,Chhattisgarh,All Seasons,Sukma,2
Durga Temple,18.2861758,81.8436808,4.7,"hindu_temple, place_of_worship, point_of_interest, establishment",temples,Chhattisgarh,All Seasons,Sukma,12
RadhaGobinda Temple,18.5079423,81.92174899999999,3.5,"hindu_temple, place_of_worship, point_of_interest, establishment",temples,Chhattisgarh,All Seasons,Sukma,15
Jagannath Temple Chandanguda,18.4825953,81.9238319,5,"hindu_temple, place_of_worship, point_of_interest, establishment",temples,Chhattisgarh,All Seasons,Sukma,2
Shiva Temple Pedakonda,18.4652106,81.94226429999999,5,"hindu_temple, place_of_worship, point_of_interest, establishment",temples,Chhattisgarh,All Seasons,Sukma,1
"মা কালী মন্দির (Maa Kali Temple), M.V.-16",18.2809575,81.8292336,5,"hindu_temple, place_of_worship, point_of_interest, establishment",temples,Chhattisgarh,All Seasons,Sukma,1
"SHREE HARICHAAND MANDEER(TEMPLE),SAARADAAPALLEE,M.V-19.",18.2366655,81.8038353,5,"hindu_temple, place_of_worship, point_of_interest, establishment",temples,Chhattisgarh,All Seasons,Sukma,1
Shree Shree Maa Bhairavi Temple,18.360984,81.913687,4.3,"hindu_temple, place_of_worship, point_of_interest, establishment",temples,Chhattisgarh,All Seasons,Sukma,21
Malkangiri Satsang Vihar,18.3649681,81.8931788,4.4,"hindu_temple, place_of_worship, point_of_interest, establishment",temples,Chhattisgarh,All Seasons,Sukma,21
"Trinath Temple, Talasahi",18.3664502,81.88512329999999,4.6,"hindu_temple, place_of_worship, point_of_interest, establishment",temples,Chhattisgarh,All Seasons,Sukma,8
M.V-46 SITALA Temple,18.2903049,81.8067872,3.3,"hindu_temple, place_of_worship, point_of_interest, establishment",temples,Chhattisgarh,All Seasons,Sukma,4
BABA BHOLENATH TEMPLE MV-16,18.2777031,81.8330498,4.3,"hindu_temple, place_of_worship, point_of_interest, establishment",temples,Chhattisgarh,All Seasons,Sukma,4
शिव मन्दिर रोकल,18.5766591,81.73052659999999,3,"hindu_temple, place_of_worship, point_of_interest, establishment",temples,Chhattisgarh,All Seasons,Sukma,1
KAKURGUNDA 22 TEMPLE,18.1392901,81.79666809999999,0,"hindu_temple, place_of_worship, point_of_interest, establishment",temples,Chhattisgarh,All Seasons,Sukma,0
shiv Temple,18.3036873,81.8488033,4.6,"hindu_temple, place_of_worship, point_of_interest, establishment",temples,Chhattisgarh,All Seasons,Sukma,8
Shri Shani Mandir,18.3445625,81.8864664,5,"hindu_temple, place_of_worship, point_of_interest, establishment",temples,Chhattisgarh,All Seasons,Sukma,1
Kapileswar Shiv Temple,18.3447222,81.8549443,4.2,"hindu_temple, place_of_worship, point_of_interest, establishment",temples,Chhattisgarh,All Seasons,Sukma,5
Kali Temple,18.2885744,81.8794137,4.2,"hindu_temple, place_of_worship, point_of_interest, establishment",temples,Chhattisgarh,All Seasons,Sukma,5
Shiv Temple,18.3757711,81.8873095,3.6,"hindu_temple, place_of_worship, point_of_interest, establishment",temples,Chhattisgarh,All Seasons,Sukma,5
jaganath temple,18.3632278,81.8872055,4.7,"hindu_temple, place_of_worship, point_of_interest, establishment",temples,Chhattisgarh,All Seasons,Sukma,3
Maa kali temple,18.1654265,81.8285138,0,"hindu_temple, place_of_worship, point_of_interest, establishment",temples,Chhattisgarh,All Seasons,Sukma,0
"Sheetla Mata temple , kerlapal",18.2890163,81.5575886,3.7,"hindu_temple, place_of_worship, point_of_interest, establishment",temples,Chhattisgarh,All Seasons,Sukma,3
Ma Jharapali Temple,18.4594199,81.91012649999999,5,"hindu_temple, place_of_worship, point_of_interest, establishment",temples,Chhattisgarh,All Seasons,Sukma,5
Mpv6 Jagannath Temple,18.187098,81.797901,5,"hindu_temple, place_of_worship, point_of_interest, establishment",temples,Chhattisgarh,All Seasons,Sukma,1
Kali Mandir,18.1552764,81.5802429,4.5,"hindu_temple, place_of_worship, point_of_interest, establishment",temples,Chhattisgarh,All Seasons,Sukma,2
Satya Sai Baba Temple,18.3571871,81.8924388,3.9,"hindu_temple, place_of_worship, point_of_interest, establishment",temples,Chhattisgarh,All Seasons,Sukma,14
Shiva Temple,18.2610685,81.8495289,3.3,"hindu_temple, place_of_worship, point_of_interest, establishment",temples,Chhattisgarh,All Seasons,Sukma,3
Shiv Temple Kangurukonda,18.1391804,81.79679879999999,4,"hindu_temple, place_of_worship, point_of_interest, establishment",temples,Chhattisgarh,All Seasons,Sukma,2
"Ram Mandir, Sukma",18.3984597,81.6593382,4.4,"hindu_temple, place_of_worship, point_of_interest, establishment",temples,Chhattisgarh,All Seasons,Sukma,14
रूहानी आश्रम,18.3850809,81.6498828,4.8,"place_of_worship, point_of_interest, establishment",temples,Chhattisgarh,All Seasons,Sukma,4
Maa Tarini Temple,18.3614164,81.9104411,4.7,"hindu_temple, place_of_worship, point_of_interest, establishment",temples,Chhattisgarh,All Seasons,Sukma,6
Queen of Hills,18.3638653,81.9233936,4.2,"tourist_attraction, point_of_interest, establishment",hills,Chhattisgarh,Winter,Sukma,9
Godiguda Hill,18.2130816,81.90404079999999,0,"park, point_of_interest, establishment",hills,Chhattisgarh,Winter,Sukma,0
HOTEL ROCK HILL,18.3642475,81.8909469,3.7,"lodging, point_of_interest, establishment",hills,Chhattisgarh,Winter,Sukma,41
Seenu Hills Peak,18.3731827,81.8971408,0,"hindu_temple, place_of_worship, point_of_interest, establishment",hills,Chhattisgarh,Winter,Sukma,0
Goi mountain,18.3435863,81.88252790000001,0,"lodging, point_of_interest, establishment",hills,Chhattisgarh,Winter,Sukma,0
Malkangiri Daily market,18.3631156,81.88840909999999,4,"point_of_interest, establishment",hills,Chhattisgarh,Winter,Sukma,90
Bejangiwada Forest,18.1438047,81.90093949999999,3.8,"park, point_of_interest, establishment",hills,Chhattisgarh,Winter,Sukma,4
MPV -15 Primary School,18.1410294,81.87858899999999,3.5,"primary_school, school, point_of_interest, establishment",hills,Chhattisgarh,Winter,Sukma,4
"The Dudma Tourist Spot - Sukma District, Chhattisgarh, India",18.5435057,81.69787579999999,4.1,"tourist_attraction, point_of_interest, establishment",attraction,Chhattisgarh,All Seasons,Sukma,94
2nd place to be explore,18.215742,81.725455,0,"tourist_attraction, point_of_interest, establishment",attraction,Chhattisgarh,All Seasons,Sukma,0
Queen of Hills,18.3638653,81.9233936,4.2,"tourist_attraction, point_of_interest, establishment",attraction,Chhattisgarh,All Seasons,Sukma,9
2nd place to be explore,18.3515132,81.8839768,5,"tourist_attraction, point_of_interest, establishment",attraction,Chhattisgarh,All Seasons,Sukma,2
Dam Side Sunset Point,18.3671189,81.9256168,4.5,"tourist_attraction, point_of_interest, establishment",attraction,Chhattisgarh,All Seasons,Sukma,2
Potteru river picnic spot,18.1451945,81.7471624,3.5,"tourist_attraction, point_of_interest, establishment",attraction,Chhattisgarh,All Seasons,Sukma,2
Arush picnic spot,18.39,81.932644,5,"tourist_attraction, point_of_interest, establishment",attraction,Chhattisgarh,All Seasons,Sukma,1
Shabri Ghat,18.3846245,81.66161369999999,4.3,"tourist_attraction, point_of_interest, establishment",attraction,Chhattisgarh,All Seasons,Sukma,6
Telawarti Picnic Spot,18.335043,81.64587209999999,4.8,"tourist_attraction, point_of_interest, establishment",attraction,Chhattisgarh,All Seasons,Sukma,9
Clock tower,18.3925648,81.6586706,3.7,"tourist_attraction, point_of_interest, establishment",attraction,Chhattisgarh,All Seasons,Sukma,11
Madka 2,18.3891962,81.8611975,4.5,"tourist_attraction, point_of_interest, establishment",attraction,Chhattisgarh,All Seasons,Sukma,8
Lal Pahad mv7,18.3041364,81.8467917,0,"tourist_attraction, point_of_interest, establishment",attraction,Chhattisgarh,All Seasons,Sukma,0
Indul Jharna Waterfalls,18.5718948,81.4005854,4.2,"tourist_attraction, point_of_interest, establishment",attraction,Chhattisgarh,All Seasons,Sukma,60
Patarsukma Picknik Spot,18.3317758,81.6384917,0,"tourist_attraction, point_of_interest, establishment",attraction,Chhattisgarh,All Seasons,Sukma,0
ଜାତୀୟ ପତାକା ଆମର ଗର୍ବ,18.3572011,81.88558979999999,3.7,"tourist_attraction, point_of_interest, establishment",attraction,Chhattisgarh,All Seasons,Sukma,3
Nursery Road,18.3468763,81.8887575,3.8,"tourist_attraction, point_of_interest, establishment",attraction,Chhattisgarh,All Seasons,Sukma,27
Durma Waterfall,18.5433023,81.69800719999999,0,"tourist_attraction, point_of_interest, establishment",attraction,Chhattisgarh,All Seasons,Sukma,0
Lakhma maran,18.5600789,81.73719919999999,0,"tourist_attraction, point_of_interest, establishment",attraction,Chhattisgarh,All Seasons,Sukma,0
Jaduguda Eco Tourism Park and Sri Mukuteswar Temple,18.5117079,81.8953202,4.4,"park, point_of_interest, establishment",attraction,Chhattisgarh,All Seasons,Sukma,90
Police Firing Range,18.3388742,81.9277927,0,"tourist_attraction, point_of_interest, establishment",attraction,Chhattisgarh,All Seasons,Sukma,0
durma (pushpal),18.6693956,81.93707549999999,5,"tourist_attraction, point_of_interest, establishment",attraction,Chhattisgarh,All Seasons,Sukma,1
Mkg no1 chana masala,18.3578674,81.88540909999999,0,"tourist_attraction, point_of_interest, establishment",attraction,Chhattisgarh,All Seasons,Sukma,0
Samari Nandi Briz A malkangiri,18.3435863,81.88252790000001,0,"tourist_attraction, point_of_interest, establishment",attraction,Chhattisgarh,All Seasons,Sukma,0
Daniguda,18.3576827,81.93711379999999,0,"tourist_attraction, point_of_interest, establishment",attraction,Chhattisgarh,All Seasons,Sukma,0
Banagiri Picnic Spot near Palkonda,18.2378916,81.8014543,3.7,"tourist_attraction, point_of_interest, establishment",attraction,Chhattisgarh,All Seasons,Sukma,3
श्री भीमसेन शिवालय:,18.6188312,81.8795495,5,"tourist_attraction, point_of_interest, establishment",attraction,Chhattisgarh,All Seasons,Sukma,1
Rf plantation,18.1939868,81.7593691,0,"tourist_attraction, point_of_interest, establishment",attraction,Chhattisgarh,All Seasons,Sukma,0
Children's Park,23.1948076,82.958561,4.6,"park, point_of_interest, establishment",parks,Chhattisgarh,Spring,Surajpur,5
Maharana Pratap Pusp Vatika,23.1930991,82.9647636,4.4,"park, point_of_interest, establishment",parks,Chhattisgarh,Spring,Surajpur,28
"Panchwati Garden,Jarhi",23.3601753,83.0372201,3.7,"park, point_of_interest, establishment",parks,Chhattisgarh,Spring,Surajpur,204
Children Park,23.3558836,82.6804259,4.3,"park, point_of_interest, establishment",parks,Chhattisgarh,Spring,Surajpur,19
Shyam Badi,23.2032047,82.8765921,5,"park, point_of_interest, establishment",parks,Chhattisgarh,Spring,Surajpur,2
Smriti Van Park,23.0931816,83.1588113,3,"park, point_of_interest, establishment",parks,Chhattisgarh,Spring,Surajpur,21
"Shiv park - Surajpur District, Chhattisgarh, India",23.2151406,82.8829336,3.9,"park, point_of_interest, establishment",parks,Chhattisgarh,Spring,Surajpur,63
"Bagdarri, forest area",23.050961,83.005713,5,"park, point_of_interest, establishment",parks,Chhattisgarh,Spring,Surajpur,1
Children Park,23.3489092,82.7332859,3.5,"park, point_of_interest, establishment",parks,Chhattisgarh,Spring,Surajpur,48
Garden,23.137982,83.1645006,4.2,"park, point_of_interest, establishment",parks,Chhattisgarh,Spring,Surajpur,19
Kolkata New Variety Nursery,23.1599958,83.1646478,0,"park, point_of_interest, establishment",parks,Chhattisgarh,Spring,Surajpur,0
Shresth Gupta Park,23.213786,82.867992,5,"park, point_of_interest, establishment",parks,Chhattisgarh,Spring,Surajpur,3
Pilkha Pahad,23.1397326,83.0845695,4.1,"park, point_of_interest, establishment",parks,Chhattisgarh,Spring,Surajpur,94
जगरनाथपुर कुमेली गेट,23.098199,82.805602,4.4,"park, point_of_interest, establishment",parks,Chhattisgarh,Spring,Surajpur,14
Bishrampur Colony Park,23.1933721,82.958056,3.7,"park, point_of_interest, establishment",parks,Chhattisgarh,Spring,Surajpur,181
Kuwarpur Dam,22.9632432,83.02490470000001,3.8,"tourist_attraction, park, point_of_interest, establishment",parks,Chhattisgarh,Spring,Surajpur,88
जगरनाथपुर तालाब,23.117211,82.8004394,4,"park, point_of_interest, establishment",parks,Chhattisgarh,Spring,Surajpur,3
Krishna Kunj,23.2234815,82.86988649999999,4.5,"park, point_of_interest, establishment",parks,Chhattisgarh,Spring,Surajpur,2
Gandhi Park,23.2520629,83.0433932,3.8,"park, point_of_interest, establishment",parks,Chhattisgarh,Spring,Surajpur,6
Gungara Udayan,23.065569,83.0097057,4.7,"park, point_of_interest, establishment",parks,Chhattisgarh,Spring,Surajpur,7
जगरनाथपुर बड़ा डैम,23.1096065,82.8004615,4.9,"park, point_of_interest, establishment",parks,Chhattisgarh,Spring,Surajpur,12
Jagarnath pur Dem,23.1127882,82.8086419,5,"park, point_of_interest, establishment",parks,Chhattisgarh,Spring,Surajpur,4
Nehru Park,23.2109042,82.8682858,3.9,"park, point_of_interest, establishment",parks,Chhattisgarh,Spring,Surajpur,544
Poorna Udyan amgaon ocp,23.146935,82.82361499999999,5,"park, point_of_interest, establishment",parks,Chhattisgarh,Spring,Surajpur,2
Hamar premnagar,22.9650068,82.69588619999999,5,"park, point_of_interest, establishment",parks,Chhattisgarh,Spring,Surajpur,1
बिसाही पहाड़ बिसाही pondi /बिसाही नवापारा,23.3906449,83.0083179,4.3,"park, point_of_interest, establishment",parks,Chhattisgarh,Spring,Surajpur,4
Raja talab umroli,22.9833092,82.99005079999999,4,"park, point_of_interest, establishment",parks,Chhattisgarh,Spring,Surajpur,3
Santosh Dahi,23.2411077,82.73488950000001,5,"park, point_of_interest, establishment",parks,Chhattisgarh,Spring,Surajpur,1
राजवाड़े कूर्मि क्षत्रिय परिसर,23.1850001,82.96698479999999,5,"park, point_of_interest, establishment",parks,Chhattisgarh,Spring,Surajpur,1
Radha Jivan kutir,23.1638863,83.1403188,5,"park, point_of_interest, establishment",parks,Chhattisgarh,Spring,Surajpur,2
Pushp Vatika,23.189849,82.96587129999999,4,"park, point_of_interest, establishment",parks,Chhattisgarh,Spring,Surajpur,100
Jarhi Park,23.357518,83.0442803,3.6,"park, point_of_interest, establishment",parks,Chhattisgarh,Spring,Surajpur,133
Ambikapur Railway Station,23.1367495,83.1414693,4.2,"park, point_of_interest, establishment",parks,Chhattisgarh,Spring,Surajpur,2081
Mohhalla Park,23.191674,82.9650261,0,"park, point_of_interest, establishment",parks,Chhattisgarh,Spring,Surajpur,0
Arush goyal ka ghar,23.2110832,82.8680961,5,"park, point_of_interest, establishment",parks,Chhattisgarh,Spring,Surajpur,3
कूड़ा- करकट गोदाम(कोरजा),23.0325071,83.00480019999999,5,"park, point_of_interest, establishment",parks,Chhattisgarh,Spring,Surajpur,1
Jarhi elephant Forest,23.3399569,83.07367839999999,4.7,"park, point_of_interest, establishment",parks,Chhattisgarh,Spring,Surajpur,3
"Patrapara,picnic garden",23.1933606,82.958488,0,"park, point_of_interest, establishment",parks,Chhattisgarh,Spring,Surajpur,0
"Patiyadand, chhattisgarh",23.4057713,82.90174189999999,0,"park, point_of_interest, establishment",parks,Chhattisgarh,Spring,Surajpur,0
Sunset point,23.1034148,83.1347261,4.6,"park, point_of_interest, establishment",parks,Chhattisgarh,Spring,Surajpur,9
Jarhi Wildlife Sanctuary,23.3293671,83.0763508,4.3,"zoo, park, point_of_interest, establishment",parks,Chhattisgarh,Spring,Surajpur,9
केनापारा पर्यट्न केंद्र,23.170394,83.00112539999999,4,"park, point_of_interest, establishment",parks,Chhattisgarh,Spring,Surajpur,59
Shiv mandir harratikra,23.1521884,82.97252490000001,3,"park, point_of_interest, establishment",parks,Chhattisgarh,Spring,Surajpur,1
MISHRA'S,23.135913,83.150032,0,"park, point_of_interest, establishment",parks,Chhattisgarh,Spring,Surajpur,0
A square,23.3660869,83.03495029999999,0,"park, point_of_interest, establishment",parks,Chhattisgarh,Spring,Surajpur,0
Marine drive,23.0046105,83.03748019999999,0,"park, point_of_interest, establishment",parks,Chhattisgarh,Spring,Surajpur,0
Premnagar AD park,22.9675697,82.7054228,3.5,"park, point_of_interest, establishment",parks,Chhattisgarh,Spring,Surajpur,17
Bhutha Talab Kasra,23.2664033,82.6237924,2,"park, point_of_interest, establishment",parks,Chhattisgarh,Spring,Surajpur,1
Rujhun Talab TARKA,23.3887379,82.7821373,0,"park, point_of_interest, establishment",parks,Chhattisgarh,Spring,Surajpur,0
Dulhi Talaab,23.2195207,82.8657723,5,"park, point_of_interest, establishment",parks,Chhattisgarh,Spring,Surajpur,2
Kailash,23.1853347,82.9675226,0,"park, point_of_interest, establishment",parks,Chhattisgarh,Spring,Surajpur,0
Gaothan Sawarawa,23.4228066,82.75367709999999,0,"park, point_of_interest, establishment",parks,Chhattisgarh,Spring,Surajpur,0
MR RAJWADE HOUSE,23.1014082,82.9151286,0,"park, point_of_interest, establishment",parks,Chhattisgarh,Spring,Surajpur,0
Das बाड़ी,23.1763641,83.11590939999999,0,"park, point_of_interest, establishment",parks,Chhattisgarh,Spring,Surajpur,0
Lakra point,23.0926279,83.11932569999999,4,"park, point_of_interest, establishment",parks,Chhattisgarh,Spring,Surajpur,4
Nursery,22.9882486,82.63717129999999,0,"park, point_of_interest, establishment",parks,Chhattisgarh,Spring,Surajpur,0
Suraj kumar,23.3081368,82.6666924,5,"park, point_of_interest, establishment",parks,Chhattisgarh,Spring,Surajpur,1
Govind paikra/AVKESH,23.4023843,82.9356797,0,"park, point_of_interest, establishment",parks,Chhattisgarh,Spring,Surajpur,0
नरवा घुरवा गरवा बारी,23.0226088,83.01492619999999,0,"park, point_of_interest, establishment",parks,Chhattisgarh,Spring,Surajpur,0
झीक नदी खजुरी,23.0484572,82.64675849999999,3,"park, point_of_interest, establishment",parks,Chhattisgarh,Spring,Surajpur,2
Pandonagar village museum,23.1616479,83.08308009999999,4.2,"museum, point_of_interest, establishment",museum,Chhattisgarh,Winter,Surajpur,34
Satmahala,23.0190453,82.9241153,4.2,"museum, point_of_interest, establishment",museum,Chhattisgarh,Winter,Surajpur,13
Kumeli ghat waterfall,23.0710764,82.8008704,4,"tourist_attraction, point_of_interest, establishment",waterfalls,Chhattisgarh,Monsoon,Surajpur,479
Kharsura water fall,22.9654001,82.84972499999999,4.6,"tourist_attraction, point_of_interest, establishment",waterfalls,Chhattisgarh,Monsoon,Surajpur,10
Jhinjhi waterfall,23.429854,82.7496997,5,"tourist_attraction, point_of_interest, establishment",waterfalls,Chhattisgarh,Monsoon,Surajpur,4
Pokhri waterfall,23.1378529,83.0838855,3.2,"tourist_attraction, point_of_interest, establishment",waterfalls,Chhattisgarh,Monsoon,Surajpur,5
Jhanka Waterfall झंखा जलप्रपात,23.42039,82.8438077,4.4,"tourist_attraction, point_of_interest, establishment",waterfalls,Chhattisgarh,Monsoon,Surajpur,18
Bagdher Falls,22.9934586,82.69628850000001,0,"natural_feature, establishment",waterfalls,Chhattisgarh,Monsoon,Surajpur,0
Natural water fountain,23.1217512,82.8849906,4.2,"tourist_attraction, point_of_interest, establishment",waterfalls,Chhattisgarh,Monsoon,Surajpur,10
Amrit Sarovar (Mahamaya Dam),23.1857044,82.85903259999999,4.3,"tourist_attraction, point_of_interest, establishment",waterfalls,Chhattisgarh,Monsoon,Surajpur,13
Jhunjh nala,22.9654378,82.84980809999999,4,"tourist_attraction, point_of_interest, establishment",waterfalls,Chhattisgarh,Monsoon,Surajpur,22
"Parwati Ghat, Surajpur",23.2069372,82.87705199999999,4,"tourist_attraction, point_of_interest, establishment",waterfalls,Chhattisgarh,Monsoon,Surajpur,15
Pilka,23.1534135,83.1039816,4.8,"tourist_attraction, point_of_interest, establishment",waterfalls,Chhattisgarh,Monsoon,Surajpur,11
Sarasor River View,23.4670975,83.0347927,4.6,"tourist_attraction, point_of_interest, establishment",waterfalls,Chhattisgarh,Monsoon,Surajpur,21
"Pokhri , Pilkha (Firing point)",23.1410309,83.0837651,4.1,"tourist_attraction, point_of_interest, establishment",waterfalls,Chhattisgarh,Monsoon,Surajpur,133
Makhan vihar Water Tank,23.1397585,83.1595139,4,"park, point_of_interest, establishment",waterfalls,Chhattisgarh,Monsoon,Surajpur,2
Paklu beach,23.1499287,83.1007868,4.6,"tourist_attraction, point_of_interest, establishment",beaches,Chhattisgarh,Summer,Surajpur,9
Madhuban Silphili,23.1845983,83.0665184,4.1,"zoo, point_of_interest, establishment",zoo,Chhattisgarh,Winter,Surajpur,18
Jarhi Wildlife Sanctuary,23.3293671,83.0763508,4.3,"zoo, park, point_of_interest, establishment",zoo,Chhattisgarh,Winter,Surajpur,9
Sarasor Shiv Temple,23.4678454,83.03481529999999,4.3,"hindu_temple, place_of_worship, point_of_interest, establishment",temples,Chhattisgarh,All Seasons,Surajpur,435
Hindu Temple,23.1795334,83.1320523,5,"hindu_temple, place_of_worship, point_of_interest, establishment",temples,Chhattisgarh,All Seasons,Surajpur,1
Mahamaya Temple,22.9857814,83.037993,4.6,"hindu_temple, place_of_worship, point_of_interest, establishment",temples,Chhattisgarh,All Seasons,Surajpur,18
"Shri Gayatri Mandir (Oldest Temple) - Surajpur District, Chhattisgarh, India",23.2161563,82.8866419,4.6,"hindu_temple, place_of_worship, point_of_interest, establishment",temples,Chhattisgarh,All Seasons,Surajpur,18
Shiv Mandir,23.2145132,82.8699087,4.6,"hindu_temple, place_of_worship, point_of_interest, establishment",temples,Chhattisgarh,All Seasons,Surajpur,12
"Durga Mandir, Tilsiwa",23.2050459,82.8907977,4.3,"hindu_temple, place_of_worship, point_of_interest, establishment",temples,Chhattisgarh,All Seasons,Surajpur,36
Shiva temple turra mandir,23.2085392,83.0141068,4.6,"hindu_temple, place_of_worship, point_of_interest, establishment",temples,Chhattisgarh,All Seasons,Surajpur,26
Gayatri mandir,23.3552561,83.0458337,4.3,"hindu_temple, place_of_worship, point_of_interest, establishment",temples,Chhattisgarh,All Seasons,Surajpur,17
Kenapara Temple,23.1613846,83.01423609999999,3.8,"hindu_temple, place_of_worship, point_of_interest, establishment",temples,Chhattisgarh,All Seasons,Surajpur,26
Shree Shyam Mandir,23.2096156,82.8684421,4.6,"hindu_temple, place_of_worship, point_of_interest, establishment",temples,Chhattisgarh,All Seasons,Surajpur,32
Shiv Temple,23.4023646,82.9212799,5,"hindu_temple, place_of_worship, point_of_interest, establishment",temples,Chhattisgarh,All Seasons,Surajpur,2
Shri Hanuman Mandir (Kumda colony mod),23.1807472,83.0327502,4.7,"hindu_temple, place_of_worship, point_of_interest, establishment",temples,Chhattisgarh,All Seasons,Surajpur,12
Shri Sai Mandir,23.1934372,82.9650182,4.6,"hindu_temple, place_of_worship, point_of_interest, establishment",temples,Chhattisgarh,All Seasons,Surajpur,34
Shiv Mandir Kushwahapara,23.1794791,83.0702992,4.5,"hindu_temple, place_of_worship, point_of_interest, establishment",temples,Chhattisgarh,All Seasons,Surajpur,12
"Maa Samleshwari Mahamaya Mandir, Kenapara",23.1668175,83.00445169999999,4.3,"hindu_temple, place_of_worship, point_of_interest, establishment",temples,Chhattisgarh,All Seasons,Surajpur,52
Ayyappa temple,23.1867072,82.96426249999999,4.5,"hindu_temple, place_of_worship, point_of_interest, establishment",temples,Chhattisgarh,All Seasons,Surajpur,2
Mahadev Temple,23.348028,82.7295213,4.8,"hindu_temple, place_of_worship, point_of_interest, establishment",temples,Chhattisgarh,All Seasons,Surajpur,10
Hill Stone [Chhattishgarh],22.980814,82.90830369999999,5,"tourist_attraction, point_of_interest, establishment",hills,Chhattisgarh,Winter,Surajpur,1
Pilkha hill station,23.1363733,83.08451550000001,4.4,"park, point_of_interest, establishment",hills,Chhattisgarh,Winter,Surajpur,7
"Mount Hill Public School, Surajpur",23.2097127,82.8679452,5,"school, point_of_interest, establishment",hills,Chhattisgarh,Winter,Surajpur,3
Pilkha Pahad,23.1397326,83.0845695,4.1,"park, point_of_interest, establishment",hills,Chhattisgarh,Winter,Surajpur,94
Kumeli ghat waterfall,23.0710764,82.8008704,4,"tourist_attraction, point_of_interest, establishment",attraction,Chhattisgarh,All Seasons,Surajpur,479
Paklu beach,23.1499287,83.1007868,4.6,"tourist_attraction, point_of_interest, establishment",attraction,Chhattisgarh,All Seasons,Surajpur,9
Mount A.K.A,23.129034,83.101254,4.5,"tourist_attraction, point_of_interest, establishment",attraction,Chhattisgarh,All Seasons,Surajpur,2
Kenapara Tourism Point,23.1701072,83.00022469999999,4.4,"tourist_attraction, point_of_interest, establishment",attraction,Chhattisgarh,All Seasons,Surajpur,19
Rihand river bridge view,23.1927727,82.925784,4.7,"tourist_attraction, point_of_interest, establishment",attraction,Chhattisgarh,All Seasons,Surajpur,3
Khairi Dam,23.284603,82.656775,4,"tourist_attraction, point_of_interest, establishment",attraction,Chhattisgarh,All Seasons,Surajpur,7
Koldiha tourism center Himalaya of surguja,23.1224493,83.1151467,4.8,"tourist_attraction, point_of_interest, establishment",attraction,Chhattisgarh,All Seasons,Surajpur,4
Jhinjhi waterfall,23.429854,82.7496997,5,"tourist_attraction, point_of_interest, establishment",attraction,Chhattisgarh,All Seasons,Surajpur,4
Natural water fountain,23.1217512,82.8849906,4.2,"tourist_attraction, point_of_interest, establishment",attraction,Chhattisgarh,All Seasons,Surajpur,10
Ambikapur View Point,23.1376558,83.1182195,4.1,"tourist_attraction, point_of_interest, establishment",attraction,Chhattisgarh,All Seasons,Surajpur,7
Gangikot koyari,23.2222707,82.9867191,4.5,"tourist_attraction, point_of_interest, establishment",attraction,Chhattisgarh,All Seasons,Surajpur,2
Kharsura water fall,22.9654001,82.84972499999999,4.6,"tourist_attraction, point_of_interest, establishment",attraction,Chhattisgarh,All Seasons,Surajpur,10
Pilka,23.1534135,83.1039816,4.8,"tourist_attraction, point_of_interest, establishment",attraction,Chhattisgarh,All Seasons,Surajpur,11
Jhanka Waterfall झंखा जलप्रपात,23.42039,82.8438077,4.4,"tourist_attraction, point_of_interest, establishment",attraction,Chhattisgarh,All Seasons,Surajpur,18
Jhunjh nala,22.9654378,82.84980809999999,4,"tourist_attraction, point_of_interest, establishment",attraction,Chhattisgarh,All Seasons,Surajpur,22
Pahadgaonlake,23.1414227,83.0828324,4.6,"tourist_attraction, point_of_interest, establishment",attraction,Chhattisgarh,All Seasons,Surajpur,8
Sun set point Rikhi,22.9819989,82.9183047,4,"tourist_attraction, point_of_interest, establishment",attraction,Chhattisgarh,All Seasons,Surajpur,8
"Khokhaniya Picnic Spot, Pokhri, Pahadganj",23.1415081,83.083506,3.6,"tourist_attraction, point_of_interest, establishment",attraction,Chhattisgarh,All Seasons,Surajpur,7
Sarasor River View,23.4670975,83.0347927,4.6,"tourist_attraction, point_of_interest, establishment",attraction,Chhattisgarh,All Seasons,Surajpur,21
"Parwati Ghat, Surajpur",23.2069372,82.87705199999999,4,"tourist_attraction, point_of_interest, establishment",attraction,Chhattisgarh,All Seasons,Surajpur,15
Jungle moti picnic spot,23.3591031,83.088627,4.6,"tourist_attraction, point_of_interest, establishment",attraction,Chhattisgarh,All Seasons,Surajpur,5
"Pokhri , Pilkha (Firing point)",23.1410309,83.0837651,4.1,"tourist_attraction, point_of_interest, establishment",attraction,Chhattisgarh,All Seasons,Surajpur,133
Kewtali picnic sport,23.3505179,82.9081753,4.6,"tourist_attraction, point_of_interest, establishment",attraction,Chhattisgarh,All Seasons,Surajpur,5
Selfie Zone,23.1074805,83.0724291,3.6,"tourist_attraction, point_of_interest, establishment",attraction,Chhattisgarh,All Seasons,Surajpur,8
Pilkha dam (Khokhaniya Dam),23.1404904,83.0834208,4,"tourist_attraction, point_of_interest, establishment",attraction,Chhattisgarh,All Seasons,Surajpur,9
Bankipur dam,23.1028712,83.09621489999999,3,"tourist_attraction, point_of_interest, establishment",attraction,Chhattisgarh,All Seasons,Surajpur,10
TROPIC OF CANCER - SELFIE POINT,23.4502823,83.0743395,4.4,"tourist_attraction, point_of_interest, establishment",attraction,Chhattisgarh,All Seasons,Surajpur,31
Ghunghutta mini Dam,23.0412708,83.12617420000001,4.7,"tourist_attraction, point_of_interest, establishment",attraction,Chhattisgarh,All Seasons,Surajpur,6
Dewala नवगई माझा पारा,23.2796132,82.8406303,4.2,"tourist_attraction, point_of_interest, establishment",attraction,Chhattisgarh,All Seasons,Surajpur,6
The Grand Canyon of Kumda,23.2334528,82.99284829999999,5,"tourist_attraction, point_of_interest, establishment",attraction,Chhattisgarh,All Seasons,Surajpur,2
Amrit Sarovar (Mahamaya Dam),23.1857044,82.85903259999999,4.3,"tourist_attraction, point_of_interest, establishment",attraction,Chhattisgarh,All Seasons,Surajpur,13
Rajni Picnic Spot,23.4378517,82.82636149999999,4.4,"tourist_attraction, point_of_interest, establishment",attraction,Chhattisgarh,All Seasons,Surajpur,7
Mohra Anicut Dam Nayanpur,23.2103006,82.94080810000001,3.8,"tourist_attraction, point_of_interest, establishment",attraction,Chhattisgarh,All Seasons,Surajpur,6
Ghungutta River view,23.1476867,82.9826033,0,"tourist_attraction, point_of_interest, establishment",attraction,Chhattisgarh,All Seasons,Surajpur,0
दुमुहानी पिकनिक स्पॉट,23.3317512,82.5980436,3.6,"tourist_attraction, point_of_interest, establishment",attraction,Chhattisgarh,All Seasons,Surajpur,7
Pokhri waterfall,23.1378529,83.0838855,3.2,"tourist_attraction, point_of_interest, establishment",attraction,Chhattisgarh,All Seasons,Surajpur,5
Mini Goa picnic spot.,23.1460397,82.961097,3.9,"tourist_attraction, point_of_interest, establishment",attraction,Chhattisgarh,All Seasons,Surajpur,9
Hiru rajwade,23.462773,82.8769316,0,"tourist_attraction, point_of_interest, establishment",attraction,Chhattisgarh,All Seasons,Surajpur,0
Soratiya sarna pampanagar,23.1105112,82.7295472,0,"tourist_attraction, point_of_interest, establishment",attraction,Chhattisgarh,All Seasons,Surajpur,0
Nala,23.2136011,82.8679549,0,"tourist_attraction, point_of_interest, establishment",attraction,Chhattisgarh,All Seasons,Surajpur,0
"Rajdhodhi (राजढ़ोढ़ी), Bagdarri",23.0524221,82.98686230000001,3.8,"tourist_attraction, point_of_interest, establishment",attraction,Chhattisgarh,All Seasons,Surajpur,4
Jhilimili ka Picnic spot,23.3610625,82.86331249999999,0,"tourist_attraction, point_of_interest, establishment",attraction,Chhattisgarh,All Seasons,Surajpur,0
Bhaora dah,23.2156476,82.8670192,5,"tourist_attraction, point_of_interest, establishment",attraction,Chhattisgarh,All Seasons,Surajpur,1
Dumaria Dam,23.3492167,83.03618680000001,4.4,"tourist_attraction, point_of_interest, establishment",attraction,Chhattisgarh,All Seasons,Surajpur,29
कर्क रेखा प्वाइंट,23.4458804,83.0554551,4,"tourist_attraction, point_of_interest, establishment",attraction,Chhattisgarh,All Seasons,Surajpur,4
सुरगुजा कोट,23.2893111,83.00074680000002,4.1,"tourist_attraction, point_of_interest, establishment",attraction,Chhattisgarh,All Seasons,Surajpur,11
Pokhra GUMGARA KALA,23.0558425,83.0215047,0,"tourist_attraction, point_of_interest, establishment",attraction,Chhattisgarh,All Seasons,Surajpur,0
पिकनिक प्वाईंट रामनगर,23.2118554,82.9419319,4.7,"tourist_attraction, point_of_interest, establishment",attraction,Chhattisgarh,All Seasons,Surajpur,6
Fatehpur bandh piknik sport,23.1224116,83.0566879,4.3,"tourist_attraction, point_of_interest, establishment",attraction,Chhattisgarh,All Seasons,Surajpur,7
Balrampur (gavar bahra),23.2136011,82.8679549,0,"tourist_attraction, point_of_interest, establishment",attraction,Chhattisgarh,All Seasons,Surajpur,0
Mansoon Nala,23.122284,83.135368,0,"tourist_attraction, point_of_interest, establishment",attraction,Chhattisgarh,All Seasons,Surajpur,0
झांपी नाला - बनारस रोड जरही सोनगरा,23.3300164,83.0769681,3.4,"tourist_attraction, point_of_interest, establishment",attraction,Chhattisgarh,All Seasons,Surajpur,10
Gandhi Bal Udyan,23.1467041,83.17374079999999,3.8,"park, point_of_interest, establishment",parks,Chhattisgarh,Spring,Surguja,102
Harsagar talab park,23.1166002,83.2067323,4,"park, point_of_interest, establishment",parks,Chhattisgarh,Spring,Surguja,10
"Panchwati Garden,Jarhi",23.3601753,83.0372201,3.7,"park, point_of_interest, establishment",parks,Chhattisgarh,Spring,Surguja,204
Priyadarshani Indira Gandhi Udyaan,23.1507829,83.1831883,4,"park, point_of_interest, establishment",parks,Chhattisgarh,Spring,Surguja,3
"Bagdarri, forest area",23.050961,83.005713,5,"park, point_of_interest, establishment",parks,Chhattisgarh,Spring,Surguja,1
Sanitary Park,23.0953389,83.1769535,4.2,"park, point_of_interest, establishment",parks,Chhattisgarh,Spring,Surguja,446
Alam bagh,23.1090921,83.2102725,3.9,"park, point_of_interest, establishment",parks,Chhattisgarh,Spring,Surguja,27
MINI PARK BABUPARA,23.1150861,83.1900141,3.5,"park, point_of_interest, establishment",parks,Chhattisgarh,Spring,Surguja,4
Water Park,23.1557483,83.1982348,3.9,"park, point_of_interest, establishment",parks,Chhattisgarh,Spring,Surguja,1417
Oxygen Park,23.1145579,83.21369,4.1,"park, point_of_interest, establishment",parks,Chhattisgarh,Spring,Surguja,798
"Guru Ghasidas Bal Udya, Guru Ghasidas Ward/No",23.1361044,83.19355329999999,3.9,"park, point_of_interest, establishment",parks,Chhattisgarh,Spring,Surguja,57
Smriti Van Park,23.0931816,83.1588113,3,"park, point_of_interest, establishment",parks,Chhattisgarh,Spring,Surguja,21
Sanjay Park,23.144189,83.2088778,3.9,"park, point_of_interest, establishment",parks,Chhattisgarh,Spring,Surguja,2139
Marin Drive Park,23.1359512,83.19834639999999,3.8,"park, point_of_interest, establishment",parks,Chhattisgarh,Spring,Surguja,1217
Ambikapur Railway Station,23.1367495,83.1414693,4.2,"park, point_of_interest, establishment",parks,Chhattisgarh,Spring,Surguja,2081
Dr. Rajendra Prasad Udhyan,23.1286633,83.1907267,4.6,"park, point_of_interest, establishment",parks,Chhattisgarh,Spring,Surguja,14
Jarhi Park,23.357518,83.0442803,3.6,"park, point_of_interest, establishment",parks,Chhattisgarh,Spring,Surguja,133
Pushp vatika garden,23.1558583,83.1979035,4.3,"park, point_of_interest, establishment",parks,Chhattisgarh,Spring,Surguja,47
"Bagiya, Goldi , Ambikapur",23.099784,83.21889,5,"park, point_of_interest, establishment",parks,Chhattisgarh,Spring,Surguja,1
Vikas,23.1379136,83.2119161,4.5,"park, point_of_interest, establishment",parks,Chhattisgarh,Spring,Surguja,2
Kolkata New Variety Nursery,23.1599958,83.1646478,0,"park, point_of_interest, establishment",parks,Chhattisgarh,Spring,Surguja,0
Garden,23.137982,83.1645006,4.2,"park, point_of_interest, establishment",parks,Chhattisgarh,Spring,Surguja,19
Buddhavatika Nursery (अनंत ओम नर्सरी),23.1566225,83.1725708,4.4,"park, point_of_interest, establishment",parks,Chhattisgarh,Spring,Surguja,19
मिलन चौक चंद्रेली,23.4778125,83.2673125,1,"park, point_of_interest, establishment",parks,Chhattisgarh,Spring,Surguja,1
Pilkha Pahad,23.1397326,83.0845695,4.1,"park, point_of_interest, establishment",parks,Chhattisgarh,Spring,Surguja,94
Gandhi Park,23.2520629,83.0433932,3.8,"park, point_of_interest, establishment",parks,Chhattisgarh,Spring,Surguja,6
Semarsot Wildlife Sanctuary,23.5399345,83.5355725,4.3,"zoo, park, point_of_interest, establishment",parks,Chhattisgarh,Spring,Surguja,58
"Marin Drive Talab,Pratappur Naka",23.1364,83.19852379999999,3.7,"park, point_of_interest, establishment",parks,Chhattisgarh,Spring,Surguja,30
Maa Annapurna Park,23.3318444,83.3924981,4.5,"park, point_of_interest, establishment",parks,Chhattisgarh,Spring,Surguja,4
Roshni nursery,23.137322,83.1656436,5,"park, point_of_interest, establishment",parks,Chhattisgarh,Spring,Surguja,2
Gungara Udayan,23.065569,83.0097057,4.7,"park, point_of_interest, establishment",parks,Chhattisgarh,Spring,Surguja,7
Nursery Pratappur,23.462885,83.1939617,4,"park, point_of_interest, establishment",parks,Chhattisgarh,Spring,Surguja,44
Katkalo,23.0588264,83.20848149999999,5,"park, point_of_interest, establishment",parks,Chhattisgarh,Spring,Surguja,1
Police line new park,23.1298391,83.2044501,4,"park, point_of_interest, establishment",parks,Chhattisgarh,Spring,Surguja,17
Dohna ecological park,23.3085282,83.5635969,4,"park, point_of_interest, establishment",parks,Chhattisgarh,Spring,Surguja,3
Bamhani Forest,23.3632516,83.4939728,0,"park, point_of_interest, establishment",parks,Chhattisgarh,Spring,Surguja,0
Khirodhan Rajwade,23.3453458,83.0298565,0,"park, point_of_interest, establishment",parks,Chhattisgarh,Spring,Surguja,0
Haritima Park,23.3290768,83.3872028,3.2,"park, point_of_interest, establishment",parks,Chhattisgarh,Spring,Surguja,6
Form,23.2954,83.4071,4,"park, point_of_interest, establishment",parks,Chhattisgarh,Spring,Surguja,1
केनापारा पर्यट्न केंद्र,23.170394,83.00112539999999,4,"park, point_of_interest, establishment",parks,Chhattisgarh,Spring,Surguja,59
Ambikapur Museum,23.1562625,83.1993281,4.4,"museum, point_of_interest, establishment",museum,Chhattisgarh,Winter,Surguja,37
Pandonagar village museum,23.1616479,83.08308009999999,4.2,"museum, point_of_interest, establishment",museum,Chhattisgarh,Winter,Surguja,34
Kuro Pahad Nag Devta Mandir,23.1474455,83.4141415,4.9,"museum, point_of_interest, establishment",museum,Chhattisgarh,Winter,Surguja,11
Gouri Mandir Talab,23.480337,83.190219,3.9,"museum, point_of_interest, establishment",museum,Chhattisgarh,Winter,Surguja,20
Akash kooa,23.1327521,83.24741879999999,5,"museum, point_of_interest, establishment",museum,Chhattisgarh,Winter,Surguja,1
Krishna song,23.1294374,83.1861138,0,"museum, point_of_interest, establishment",museum,Chhattisgarh,Winter,Surguja,0
Primary Health Sub Center Rajpuri,23.3634847,82.99661069999999,0,"museum, point_of_interest, establishment",museum,Chhattisgarh,Winter,Surguja,0
"Maharaja Palace (Raghunath Palace), Ambikapur, Surguja",23.1159412,83.1945099,4.3,"point_of_interest, establishment",museum,Chhattisgarh,Winter,Surguja,127
सकालो जलाशय,23.1799068,83.19920839999999,5,"museum, point_of_interest, establishment",museum,Chhattisgarh,Winter,Surguja,2
Pradeep Kujur,23.5230824,83.4163226,0,"museum, point_of_interest, establishment",museum,Chhattisgarh,Winter,Surguja,0
Chintu home,23.5046365,83.4190014,0,"museum, point_of_interest, establishment",museum,Chhattisgarh,Winter,Surguja,0
Pokhri waterfall,23.1378529,83.0838855,3.2,"tourist_attraction, point_of_interest, establishment",waterfalls,Chhattisgarh,Monsoon,Surguja,5
Baby Waterfall बेबी वाटरफॉल कतारीकोना,23.3476702,83.57140919999999,5,"park, point_of_interest, establishment",waterfalls,Chhattisgarh,Monsoon,Surguja,3
Dangari Waterfall,23.1531557,83.5770727,4.3,"tourist_attraction, point_of_interest, establishment",waterfalls,Chhattisgarh,Monsoon,Surguja,596
Jhoj Waterfall,23.533912,83.143451,3.9,"park, point_of_interest, establishment",waterfalls,Chhattisgarh,Monsoon,Surguja,38
Jharjharwa waterfall Semrakala,23.5119551,83.27851129999999,3,"tourist_attraction, point_of_interest, establishment",waterfalls,Chhattisgarh,Monsoon,Surguja,5
Gufa waterfall,23.0710103,83.5606988,4.1,"tourist_attraction, point_of_interest, establishment",waterfalls,Chhattisgarh,Monsoon,Surguja,30
Ghaghiya mini waterfall SKK,23.3101986,83.4258153,3,"tourist_attraction, point_of_interest, establishment",waterfalls,Chhattisgarh,Monsoon,Surguja,2
Pareva daah view point,23.5668639,83.5358481,4,"tourist_attraction, point_of_interest, establishment",waterfalls,Chhattisgarh,Monsoon,Surguja,20
Paklu beach,23.1499287,83.1007868,4.6,"tourist_attraction, point_of_interest, establishment",beaches,Chhattisgarh,Summer,Surguja,9
Vishal Mega Mart,23.1358127,83.19080660000002,3.7,"supermarket, grocery_or_supermarket, food, point_of_interest, store, establishment",beaches,Chhattisgarh,Summer,Surguja,2384
1 India Family Mart,23.1356403,83.18174189999999,3.4,"department_store, shopping_mall, clothing_store, point_of_interest, store, establishment",beaches,Chhattisgarh,Summer,Surguja,13
Pihu saree center,23.1446562,83.18136439999999,3.4,"clothing_store, point_of_interest, store, establishment",beaches,Chhattisgarh,Summer,Surguja,5
Madhuban Silphili,23.1845983,83.0665184,4.1,"zoo, point_of_interest, establishment",zoo,Chhattisgarh,Winter,Surguja,18
Semarsot Wildlife Sanctuary,23.5399345,83.5355725,4.3,"zoo, park, point_of_interest, establishment",zoo,Chhattisgarh,Winter,Surguja,58
Jarhi Wildlife Sanctuary,23.3293671,83.0763508,4.3,"zoo, park, point_of_interest, establishment",zoo,Chhattisgarh,Winter,Surguja,9
Gandhi Bal Udyan,23.1467041,83.17374079999999,3.8,"park, point_of_interest, establishment",zoo,Chhattisgarh,Winter,Surguja,102
Zoo Collection,23.1254046,83.1926022,5,"clothing_store, store, point_of_interest, establishment",zoo,Chhattisgarh,Winter,Surguja,4
Sanjay Park,23.144189,83.2088778,3.9,"park, point_of_interest, establishment",zoo,Chhattisgarh,Winter,Surguja,2139
Shree Shyam Temple,23.1299382,83.1783102,4.4,"hindu_temple, place_of_worship, point_of_interest, establishment",temples,Chhattisgarh,All Seasons,Surguja,56
Sarasor Shiv Temple,23.4678454,83.03481529999999,4.3,"hindu_temple, place_of_worship, point_of_interest, establishment",temples,Chhattisgarh,All Seasons,Surguja,435
Krishna Temple,23.48686,83.2087861,4.4,"hindu_temple, place_of_worship, point_of_interest, establishment",temples,Chhattisgarh,All Seasons,Surguja,14
Shiv pardeshwar temple,23.4751467,83.2157069,4.8,"hindu_temple, place_of_worship, point_of_interest, establishment",temples,Chhattisgarh,All Seasons,Surguja,12
Shiv Ji Temple,23.119715,83.1803662,4,"hindu_temple, place_of_worship, point_of_interest, establishment",temples,Chhattisgarh,All Seasons,Surguja,2
Kenapara Temple,23.1613846,83.01423609999999,3.8,"hindu_temple, place_of_worship, point_of_interest, establishment",temples,Chhattisgarh,All Seasons,Surguja,26
Shri Shyam Mandir Pratappur,23.4857858,83.21055059999999,5,"hindu_temple, place_of_worship, point_of_interest, establishment",temples,Chhattisgarh,All Seasons,Surguja,5
Vishwakarma and Shiv Temple,23.3495494,83.003576,5,"hindu_temple, place_of_worship, point_of_interest, establishment",temples,Chhattisgarh,All Seasons,Surguja,2
Shiv Temple,23.1491363,83.2091926,4.6,"hindu_temple, place_of_worship, point_of_interest, establishment",temples,Chhattisgarh,All Seasons,Surguja,31
Shiv Mandir,23.2427943,83.1934259,5,"hindu_temple, place_of_worship, point_of_interest, establishment",temples,Chhattisgarh,All Seasons,Surguja,4
"ShivMandir,SaktiNagar,Colony",23.3601254,83.0327844,5,"hindu_temple, place_of_worship, point_of_interest, establishment",temples,Chhattisgarh,All Seasons,Surguja,1
Shiva temple turra mandir,23.2085392,83.0141068,4.6,"hindu_temple, place_of_worship, point_of_interest, establishment",temples,Chhattisgarh,All Seasons,Surguja,26
Bhagvan Vishwkarma Temple (भगवान विश्वकर्मा मन्दिर ),23.1357391,83.1999527,4.5,"hindu_temple, place_of_worship, point_of_interest, establishment",temples,Chhattisgarh,All Seasons,Surguja,20
Hindu Temple,23.1795334,83.1320523,5,"hindu_temple, place_of_worship, point_of_interest, establishment",temples,Chhattisgarh,All Seasons,Surguja,1
Shiv Temple,23.1246903,83.1900131,4.1,"hindu_temple, place_of_worship, point_of_interest, establishment",temples,Chhattisgarh,All Seasons,Surguja,21
Durga Temple,23.1295198,83.1782978,4.5,"hindu_temple, place_of_worship, point_of_interest, establishment",temples,Chhattisgarh,All Seasons,Surguja,11
Gayatri mandir,23.3552561,83.0458337,4.3,"hindu_temple, place_of_worship, point_of_interest, establishment",temples,Chhattisgarh,All Seasons,Surguja,17
"Shiv Mandir ,Shikari Road Ambikapur",23.1331513,83.21050079999999,4.4,"hindu_temple, place_of_worship, point_of_interest, establishment",temples,Chhattisgarh,All Seasons,Surguja,40
Hanuman Mandir Shakti Nagar,23.3592423,83.032887,4.1,"hindu_temple, place_of_worship, point_of_interest, establishment",temples,Chhattisgarh,All Seasons,Surguja,61
Shiv Temple,23.1507683,83.1948865,4.3,"hindu_temple, place_of_worship, point_of_interest, establishment",temples,Chhattisgarh,All Seasons,Surguja,6
Shiv temple,23.1352815,83.19772069999999,0,"hindu_temple, place_of_worship, point_of_interest, establishment",temples,Chhattisgarh,All Seasons,Surguja,0
Hanuman Mandir ️ joda pipal chowk,23.1279438,83.1921435,4.5,"hindu_temple, place_of_worship, point_of_interest, establishment",temples,Chhattisgarh,All Seasons,Surguja,36
Shiv Mandir,23.1147217,83.1814653,4.1,"hindu_temple, place_of_worship, point_of_interest, establishment",temples,Chhattisgarh,All Seasons,Surguja,14
Sun Temple,23.1291761,83.1780297,3.5,"hindu_temple, place_of_worship, point_of_interest, establishment",temples,Chhattisgarh,All Seasons,Surguja,25
Maheshwar Mandir,23.1479338,83.19611859999999,4.6,"hindu_temple, place_of_worship, point_of_interest, establishment",temples,Chhattisgarh,All Seasons,Surguja,20
Gouri Mandir,23.1319671,83.2017398,4.6,"hindu_temple, place_of_worship, point_of_interest, establishment",temples,Chhattisgarh,All Seasons,Surguja,27
Gauri Shankar Temple,23.1315548,83.2034747,4.3,"hindu_temple, place_of_worship, point_of_interest, establishment",temples,Chhattisgarh,All Seasons,Surguja,23
Sun Temple,23.1502942,83.2099202,4.8,"hindu_temple, place_of_worship, point_of_interest, establishment",temples,Chhattisgarh,All Seasons,Surguja,11
Mahamaya Temple,23.1182193,83.2120005,4.6,"hindu_temple, tourist_attraction, place_of_worship, point_of_interest, establishment",temples,Chhattisgarh,All Seasons,Surguja,1628
Hathi Pakhana Siv Mandir Nawagarh,23.1146665,83.2125202,4.6,"hindu_temple, place_of_worship, point_of_interest, establishment",temples,Chhattisgarh,All Seasons,Surguja,9
Dhourpur Temple,23.1979921,83.43825609999999,4.4,"hindu_temple, place_of_worship, point_of_interest, establishment",temples,Chhattisgarh,All Seasons,Surguja,5
Hanuman Mandir,23.1283928,83.20893459999999,4.6,"hindu_temple, place_of_worship, point_of_interest, establishment",temples,Chhattisgarh,All Seasons,Surguja,17
Temple (मंदिर),23.1209347,83.34037909999999,4.8,"hindu_temple, place_of_worship, point_of_interest, establishment",temples,Chhattisgarh,All Seasons,Surguja,5
Shankar Mandir,23.1303755,83.2068331,4.4,"hindu_temple, place_of_worship, point_of_interest, establishment",temples,Chhattisgarh,All Seasons,Surguja,10
Sivpur Shiv Temple,23.2803662,83.2622162,4.1,"hindu_temple, place_of_worship, point_of_interest, establishment",temples,Chhattisgarh,All Seasons,Surguja,10
Shri Kali Mandir,23.1479683,83.13301709999999,4.5,"hindu_temple, place_of_worship, point_of_interest, establishment",temples,Chhattisgarh,All Seasons,Surguja,57
Hanuman Ji Temple,23.1639726,83.3186834,0,"hindu_temple, place_of_worship, point_of_interest, establishment",temples,Chhattisgarh,All Seasons,Surguja,0
Shiv mandir,23.1437038,83.1778637,3.8,"hindu_temple, place_of_worship, point_of_interest, establishment",temples,Chhattisgarh,All Seasons,Surguja,16
Laxminarayan Mandir And Seva Samiti,23.1219124,83.1900799,4.5,"hindu_temple, place_of_worship, point_of_interest, establishment",temples,Chhattisgarh,All Seasons,Surguja,11
Shri Ram Mandir,23.1184103,83.1946579,4.5,"hindu_temple, place_of_worship, point_of_interest, establishment",temples,Chhattisgarh,All Seasons,Surguja,92
"Hanuman Mandir Gate , Lamgaon",23.0481175,83.3399238,4.3,"hindu_temple, place_of_worship, point_of_interest, establishment",temples,Chhattisgarh,All Seasons,Surguja,13
NEW JAGANNATH TEMPLE,23.1316949,83.19152419999999,4.9,"hindu_temple, place_of_worship, point_of_interest, establishment",temples,Chhattisgarh,All Seasons,Surguja,9
Maa Kali Temple,23.0962429,83.2329723,4.2,"hindu_temple, place_of_worship, point_of_interest, establishment",temples,Chhattisgarh,All Seasons,Surguja,26
Shiv Temple,23.1452229,83.185864,5,"hindu_temple, place_of_worship, point_of_interest, establishment",temples,Chhattisgarh,All Seasons,Surguja,4
Shiv Mandir,23.1504183,83.176074,4.5,"hindu_temple, place_of_worship, point_of_interest, establishment",temples,Chhattisgarh,All Seasons,Surguja,6
"Shiv Mandir, Batalian",23.184749,83.05699109999999,4.1,"hindu_temple, place_of_worship, point_of_interest, establishment",temples,Chhattisgarh,All Seasons,Surguja,16
Santoshi Temple,23.1499873,83.20926940000001,5,"hindu_temple, place_of_worship, point_of_interest, establishment",temples,Chhattisgarh,All Seasons,Surguja,1
DEVI STHAN TEMPLE PRATAPPUR,23.4871336,83.19971989999999,4.3,"hindu_temple, place_of_worship, point_of_interest, establishment",temples,Chhattisgarh,All Seasons,Surguja,3
Avahoot Ram Temple,23.0833254,83.2529469,4.2,"hindu_temple, place_of_worship, point_of_interest, establishment",temples,Chhattisgarh,All Seasons,Surguja,5
Surya Temple,23.1506895,83.21029829999999,4.5,"hindu_temple, place_of_worship, point_of_interest, establishment",temples,Chhattisgarh,All Seasons,Surguja,4
Chandraghanta Temple,23.262183,83.3237035,4.3,"hindu_temple, place_of_worship, point_of_interest, establishment",temples,Chhattisgarh,All Seasons,Surguja,8
Mahamrityunjayeshvar Temple Dandkhdua,23.3631373,83.44219439999999,4,"hindu_temple, place_of_worship, point_of_interest, establishment",temples,Chhattisgarh,All Seasons,Surguja,5
Shiv Temple,23.1437459,83.32539349999999,3.7,"hindu_temple, place_of_worship, point_of_interest, establishment",temples,Chhattisgarh,All Seasons,Surguja,3
SHIV MANDIR TAMOR,23.2886327,83.0303751,0,"hindu_temple, place_of_worship, point_of_interest, establishment",temples,Chhattisgarh,All Seasons,Surguja,0
Mahaveer Temple,23.1313319,83.1992269,5,"hindu_temple, place_of_worship, point_of_interest, establishment",temples,Chhattisgarh,All Seasons,Surguja,2
Shri Hanuman Mandir (Kumda colony mod),23.1807472,83.0327502,4.7,"hindu_temple, place_of_worship, point_of_interest, establishment",temples,Chhattisgarh,All Seasons,Surguja,12
Devatan Shiv Temple Amarpur karichalgali,23.531268,83.28136479999999,4.5,"hindu_temple, place_of_worship, point_of_interest, establishment",temples,Chhattisgarh,All Seasons,Surguja,4
Shiv Temple,23.1123858,83.1977429,3.7,"hindu_temple, place_of_worship, point_of_interest, establishment",temples,Chhattisgarh,All Seasons,Surguja,15
Siv temple,23.091879,83.1900656,0,"hindu_temple, place_of_worship, point_of_interest, establishment",temples,Chhattisgarh,All Seasons,Surguja,0
Shiv Temple Namnakala,23.126405,83.1792859,4.6,"hindu_temple, place_of_worship, point_of_interest, establishment",temples,Chhattisgarh,All Seasons,Surguja,7
Hill,23.2492401,83.3691612,5,"park, point_of_interest, establishment",hills,Chhattisgarh,Winter,Surguja,1
Pilkha hill station,23.1363733,83.08451550000001,4.4,"park, point_of_interest, establishment",hills,Chhattisgarh,Winter,Surguja,7
Pilkha Pahad,23.1397326,83.0845695,4.1,"park, point_of_interest, establishment",hills,Chhattisgarh,Winter,Surguja,94
Hill Pizza Ambikapur,23.1175028,83.19285219999999,4.7,"point_of_interest, establishment",hills,Chhattisgarh,Winter,Surguja,72
Hotel The Hills,23.1316857,83.1826336,3.8,"lodging, point_of_interest, establishment",hills,Chhattisgarh,Winter,Surguja,266
Mill hill Jubilee memorial lurgi,23.484801,83.50178969999999,5,"primary_school, school, point_of_interest, establishment",hills,Chhattisgarh,Winter,Surguja,1
"MAHAMAYA HILL, AMBIKAPUR, CG",23.1142529,83.2137869,0,"place_of_worship, point_of_interest, establishment",hills,Chhattisgarh,Winter,Surguja,0
Shiv mandir cobra hill,23.1785966,83.266778,0,"hindu_temple, place_of_worship, point_of_interest, establishment",hills,Chhattisgarh,Winter,Surguja,0
Green hills khorma Pratappur,23.4769705,83.1787432,2.5,"park, point_of_interest, establishment",hills,Chhattisgarh,Winter,Surguja,4
Paklu beach,23.1499287,83.1007868,4.6,"tourist_attraction, point_of_interest, establishment",hills,Chhattisgarh,Winter,Surguja,9
HILL TOUCH MEDICAL,23.1106574,83.1696822,0,"doctor, health, point_of_interest, establishment",hills,Chhattisgarh,Winter,Surguja,0
Khorma hills Pratappur,23.4853198,83.1875378,0,"park, point_of_interest, establishment",hills,Chhattisgarh,Winter,Surguja,0
Gunji hills,23.5380395,83.03969579999999,1,"tourist_attraction, point_of_interest, establishment",hills,Chhattisgarh,Winter,Surguja,1
Khorma hills forest colony,23.4821565,83.1883213,0,"point_of_interest, establishment",hills,Chhattisgarh,Winter,Surguja,0
Pahadgaon FCI,23.147354,83.0723498,5,"storage, point_of_interest, establishment",hills,Chhattisgarh,Winter,Surguja,3
Dangari Waterfall,23.1531557,83.5770727,4.3,"tourist_attraction, point_of_interest, establishment",attraction,Chhattisgarh,All Seasons,Surguja,596
Paklu beach,23.1499287,83.1007868,4.6,"tourist_attraction, point_of_interest, establishment",attraction,Chhattisgarh,All Seasons,Surguja,9
Mount A.K.A,23.129034,83.101254,4.5,"tourist_attraction, point_of_interest, establishment",attraction,Chhattisgarh,All Seasons,Surguja,2
Kenapara Tourism Point,23.1701072,83.00022469999999,4.4,"tourist_attraction, point_of_interest, establishment",attraction,Chhattisgarh,All Seasons,Surguja,19
पाढ़ी डेम,23.4909943,83.54321879999999,0,"tourist_attraction, point_of_interest, establishment",attraction,Chhattisgarh,All Seasons,Surguja,0
"The Ambikapur Raghunath palace - Surguja district, Chhattisgarh, India",23.1156855,83.194205,0,"tourist_attraction, point_of_interest, establishment",attraction,Chhattisgarh,All Seasons,Surguja,0
"Jail Talab , Darripara ambikapur",23.111333,83.18987969999999,4.6,"tourist_attraction, point_of_interest, establishment",attraction,Chhattisgarh,All Seasons,Surguja,32
Pareva daah view point,23.5668639,83.5358481,4,"tourist_attraction, point_of_interest, establishment",attraction,Chhattisgarh,All Seasons,Surguja,20
Mountain view point,23.506964,83.5717961,4.3,"tourist_attraction, point_of_interest, establishment",attraction,Chhattisgarh,All Seasons,Surguja,6
Koldiha tourism center Himalaya of surguja,23.1224493,83.1151467,4.8,"tourist_attraction, point_of_interest, establishment",attraction,Chhattisgarh,All Seasons,Surguja,4
Fountain View Point,23.5059199,83.57686749999999,4.5,"tourist_attraction, point_of_interest, establishment",attraction,Chhattisgarh,All Seasons,Surguja,2
Ahmad point (sunset point),23.116754,83.22948989999999,5,"tourist_attraction, point_of_interest, establishment",attraction,Chhattisgarh,All Seasons,Surguja,1
लवंग पानी जलासय,23.335004,83.4853844,5,"tourist_attraction, point_of_interest, establishment",attraction,Chhattisgarh,All Seasons,Surguja,1
Ambikapur View Point,23.1376558,83.1182195,4.1,"tourist_attraction, point_of_interest, establishment",attraction,Chhattisgarh,All Seasons,Surguja,7
Adda,23.460757,83.232856,0,"tourist_attraction, point_of_interest, establishment",attraction,Chhattisgarh,All Seasons,Surguja,0
picnic point,23.3952477,83.5052954,3.7,"tourist_attraction, point_of_interest, establishment",attraction,Chhattisgarh,All Seasons,Surguja,3
Pilka,23.1534135,83.1039816,4.8,"tourist_attraction, point_of_interest, establishment",attraction,Chhattisgarh,All Seasons,Surguja,11
Pahadgaonlake,23.1414227,83.0828324,4.6,"tourist_attraction, point_of_interest, establishment",attraction,Chhattisgarh,All Seasons,Surguja,8
मिलन चौंक आसडॉड़ घंघरी,23.2058343,83.204943,5,"tourist_attraction, point_of_interest, establishment",attraction,Chhattisgarh,All Seasons,Surguja,2
"Khokhaniya Picnic Spot, Pokhri, Pahadganj",23.1415081,83.083506,3.6,"tourist_attraction, point_of_interest, establishment",attraction,Chhattisgarh,All Seasons,Surguja,7
Sarasor River View,23.4670975,83.0347927,4.6,"tourist_attraction, point_of_interest, establishment",attraction,Chhattisgarh,All Seasons,Surguja,21
Jungle moti picnic spot,23.3591031,83.088627,4.6,"tourist_attraction, point_of_interest, establishment",attraction,Chhattisgarh,All Seasons,Surguja,5
"Pokhri , Pilkha (Firing point)",23.1410309,83.0837651,4.1,"tourist_attraction, point_of_interest, establishment",attraction,Chhattisgarh,All Seasons,Surguja,133
Pathar Dil,23.2572344,83.525137,4,"tourist_attraction, point_of_interest, establishment",attraction,Chhattisgarh,All Seasons,Surguja,4
Selfie Zone,23.1074805,83.0724291,3.6,"tourist_attraction, point_of_interest, establishment",attraction,Chhattisgarh,All Seasons,Surguja,8
Pilkha dam (Khokhaniya Dam),23.1404904,83.0834208,4,"tourist_attraction, point_of_interest, establishment",attraction,Chhattisgarh,All Seasons,Surguja,9
Balchand Home singhra,23.4516079,83.16660979999999,5,"tourist_attraction, point_of_interest, establishment",attraction,Chhattisgarh,All Seasons,Surguja,1
picnic spot pasta,23.4634266,83.5241406,5,"tourist_attraction, point_of_interest, establishment",attraction,Chhattisgarh,All Seasons,Surguja,1
TROPIC OF CANCER - SELFIE POINT,23.4502823,83.0743395,4.4,"tourist_attraction, point_of_interest, establishment",attraction,Chhattisgarh,All Seasons,Surguja,31
Daldhowa Ghat,23.5708896,83.54708959999999,4,"tourist_attraction, point_of_interest, establishment",attraction,Chhattisgarh,All Seasons,Surguja,3
The Grand Canyon of Kumda,23.2334528,82.99284829999999,5,"tourist_attraction, point_of_interest, establishment",attraction,Chhattisgarh,All Seasons,Surguja,2
Water Dam Khairadih,23.2481724,83.5679625,5,"tourist_attraction, point_of_interest, establishment",attraction,Chhattisgarh,All Seasons,Surguja,2
महावीर चौक रजुवाढोढ़ी,23.1806828,83.5554775,0,"tourist_attraction, point_of_interest, establishment",attraction,Chhattisgarh,All Seasons,Surguja,0
View Point Kakna,23.2315341,83.3033298,4,"tourist_attraction, point_of_interest, establishment",attraction,Chhattisgarh,All Seasons,Surguja,2
Watch tower,23.5531208,83.1521343,3,"tourist_attraction, point_of_interest, establishment",attraction,Chhattisgarh,All Seasons,Surguja,5
हड़ही पहाड़,23.5190909,83.42308969999999,0,"tourist_attraction, point_of_interest, establishment",attraction,Chhattisgarh,All Seasons,Surguja,0
Gagar feeder kundi Kala,23.1582606,83.34613449999999,4.3,"tourist_attraction, point_of_interest, establishment",attraction,Chhattisgarh,All Seasons,Surguja,10
Pokhri waterfall,23.1378529,83.0838855,3.2,"tourist_attraction, point_of_interest, establishment",attraction,Chhattisgarh,All Seasons,Surguja,5
Luchki Ghat Sona View Point,23.0965663,83.2293571,4.6,"tourist_attraction, point_of_interest, establishment",attraction,Chhattisgarh,All Seasons,Surguja,5
गुरु गोविंदसिंह चौक,23.1418346,83.1826555,5,"tourist_attraction, point_of_interest, establishment",attraction,Chhattisgarh,All Seasons,Surguja,1
Gufa waterfall,23.0710103,83.5606988,4.1,"tourist_attraction, point_of_interest, establishment",attraction,Chhattisgarh,All Seasons,Surguja,30
लुचकी घाट अम्बिकापुर,23.0981891,83.23324099999999,3.9,"tourist_attraction, point_of_interest, establishment",attraction,Chhattisgarh,All Seasons,Surguja,49
अन्धा मोड़ घाट पेण्डारी,23.5561241,83.1468634,3.5,"tourist_attraction, point_of_interest, establishment",attraction,Chhattisgarh,All Seasons,Surguja,13
Jharjharwa waterfall Semrakala,23.5119551,83.27851129999999,3,"tourist_attraction, point_of_interest, establishment",attraction,Chhattisgarh,All Seasons,Surguja,5
Banki dam,23.1185897,83.263628,3.9,"tourist_attraction, point_of_interest, establishment",attraction,Chhattisgarh,All Seasons,Surguja,39
Dev Narayan kasav ayam,23.4510092,83.21130040000001,5,"tourist_attraction, point_of_interest, establishment",attraction,Chhattisgarh,All Seasons,Surguja,2
Dumaria Dam,23.3492167,83.03618680000001,4.4,"tourist_attraction, point_of_interest, establishment",attraction,Chhattisgarh,All Seasons,Surguja,29
My Ambikapur Logo,23.1282265,83.18855099999999,4.3,"tourist_attraction, point_of_interest, establishment",attraction,Chhattisgarh,All Seasons,Surguja,3
कर्क रेखा प्वाइंट,23.4458804,83.0554551,4,"tourist_attraction, point_of_interest, establishment",attraction,Chhattisgarh,All Seasons,Surguja,4
सुरगुजा कोट,23.2893111,83.00074680000002,4.1,"tourist_attraction, point_of_interest, establishment",attraction,Chhattisgarh,All Seasons,Surguja,11
Pokhra GUMGARA KALA,23.0558425,83.0215047,0,"tourist_attraction, point_of_interest, establishment",attraction,Chhattisgarh,All Seasons,Surguja,0
Ghaghiya mini waterfall SKK,23.3101986,83.4258153,3,"tourist_attraction, point_of_interest, establishment",attraction,Chhattisgarh,All Seasons,Surguja,2
शिव शंकर गुफा Khairadeh,23.2491807,83.5670023,5,"tourist_attraction, point_of_interest, establishment",attraction,Chhattisgarh,All Seasons,Surguja,5
Fatehpur bandh piknik sport,23.1224116,83.0566879,4.3,"tourist_attraction, point_of_interest, establishment",attraction,Chhattisgarh,All Seasons,Surguja,7
UDYAN VIBHAG BAGHIMA,23.2718125,83.32868750000002,5,"tourist_attraction, point_of_interest, establishment",attraction,Chhattisgarh,All Seasons,Surguja,1
Chenra raghunath pur,23.0977133,83.295945,0,"tourist_attraction, point_of_interest, establishment",attraction,Chhattisgarh,All Seasons,Surguja,0
Mansoon Nala,23.122284,83.135368,0,"tourist_attraction, point_of_interest, establishment",attraction,Chhattisgarh,All Seasons,Surguja,0
झांपी नाला - बनारस रोड जरही सोनगरा,23.3300164,83.0769681,3.4,"tourist_attraction, point_of_interest, establishment",attraction,Chhattisgarh,All Seasons,Surguja,10
Amritdhara Park,23.3327462,82.3229307,4.5,"park, point_of_interest, establishment",parks,Chhattisgarh,Spring,Manendragarh-Chirmiri-Bharatpur,57
children park,23.3351711,82.5350371,3.8,"park, point_of_interest, establishment",parks,Chhattisgarh,Spring,Manendragarh-Chirmiri-Bharatpur,60
Gondwana Park (Fossil-Marine) Manendragarh,23.2074832,82.222538,3.9,"park, point_of_interest, establishment",parks,Chhattisgarh,Spring,Manendragarh-Chirmiri-Bharatpur,98
Jhumka Park,23.2797466,82.53666419999999,4,"park, point_of_interest, establishment",parks,Chhattisgarh,Spring,Manendragarh-Chirmiri-Bharatpur,308
Mid Town Park (Nagarpalika Garden),23.3254439,82.5276252,3.3,"park, point_of_interest, establishment",parks,Chhattisgarh,Spring,Manendragarh-Chirmiri-Bharatpur,4
Gandhi park,23.2603785,82.5625134,4.2,"park, point_of_interest, establishment",parks,Chhattisgarh,Spring,Manendragarh-Chirmiri-Bharatpur,5
Tura-Turi Park,23.258494,82.5589816,3.6,"park, point_of_interest, establishment",parks,Chhattisgarh,Spring,Manendragarh-Chirmiri-Bharatpur,119
Aaruni Dam,23.2592807,82.356736,4.1,"park, point_of_interest, establishment",parks,Chhattisgarh,Spring,Manendragarh-Chirmiri-Bharatpur,14
Oxygen park phoolpur,23.2743297,82.51960969999999,4.2,"park, point_of_interest, establishment",parks,Chhattisgarh,Spring,Manendragarh-Chirmiri-Bharatpur,11
B type park,23.1714045,82.3703733,3.8,"park, point_of_interest, establishment",parks,Chhattisgarh,Spring,Manendragarh-Chirmiri-Bharatpur,205
Jaiswal's Park (बगीचा),23.2045792,82.5636174,4.8,"park, point_of_interest, establishment",parks,Chhattisgarh,Spring,Manendragarh-Chirmiri-Bharatpur,4
Surabhi Park,23.2176483,82.20951860000001,3.9,"park, point_of_interest, establishment",parks,Chhattisgarh,Spring,Manendragarh-Chirmiri-Bharatpur,469
Railway Park,23.2191303,82.19423,4.1,"park, point_of_interest, establishment",parks,Chhattisgarh,Spring,Manendragarh-Chirmiri-Bharatpur,17
36 Mod Nature View Point.,23.1825321,82.3816198,4.4,"park, point_of_interest, establishment",parks,Chhattisgarh,Spring,Manendragarh-Chirmiri-Bharatpur,253
Panchvati Park,23.2835827,82.562163,5,"park, point_of_interest, establishment",parks,Chhattisgarh,Spring,Manendragarh-Chirmiri-Bharatpur,2
Jhumka Dam Picnic Spot,23.261246,82.5218814,4.2,"park, point_of_interest, establishment",parks,Chhattisgarh,Spring,Manendragarh-Chirmiri-Bharatpur,118
Phulpur park,23.2781676,82.5241021,4.2,"park, point_of_interest, establishment",parks,Chhattisgarh,Spring,Manendragarh-Chirmiri-Bharatpur,9
Ganpati Park,23.1794182,82.16081129999999,0,"park, point_of_interest, establishment",parks,Chhattisgarh,Spring,Manendragarh-Chirmiri-Bharatpur,0
Shiv Statue,23.2653271,82.5679928,4.4,"park, point_of_interest, establishment",parks,Chhattisgarh,Spring,Manendragarh-Chirmiri-Bharatpur,15
Jagga BHAI KA AADA,23.324297,82.52772,5,"park, point_of_interest, establishment",parks,Chhattisgarh,Spring,Manendragarh-Chirmiri-Bharatpur,2
Rajeev Gandhi park,23.209944,82.2009657,4,"park, point_of_interest, establishment",parks,Chhattisgarh,Spring,Manendragarh-Chirmiri-Bharatpur,1
Children's park,23.2664418,82.5678976,0,"park, point_of_interest, establishment",parks,Chhattisgarh,Spring,Manendragarh-Chirmiri-Bharatpur,0
Hasdo Narshari Resthouse,23.2704526,82.5644459,4,"park, point_of_interest, establishment",parks,Chhattisgarh,Spring,Manendragarh-Chirmiri-Bharatpur,28
SEC RAILWAY CHILDREN PARK KHONGSARA,23.2490744,82.1227378,5,"park, point_of_interest, establishment",parks,Chhattisgarh,Spring,Manendragarh-Chirmiri-Bharatpur,1
Jhumka colony,23.2836603,82.5386115,4,"park, point_of_interest, establishment",parks,Chhattisgarh,Spring,Manendragarh-Chirmiri-Bharatpur,15
Midtown Park,23.2151226,82.2073198,3,"park, point_of_interest, establishment",parks,Chhattisgarh,Spring,Manendragarh-Chirmiri-Bharatpur,3
Children Park,23.2229186,82.1949934,3,"park, point_of_interest, establishment",parks,Chhattisgarh,Spring,Manendragarh-Chirmiri-Bharatpur,2
N H GARDEN,23.2649577,82.5732089,4.2,"park, point_of_interest, establishment",parks,Chhattisgarh,Spring,Manendragarh-Chirmiri-Bharatpur,9
apna Piperdand,22.9371917,82.42575120000001,5,"park, point_of_interest, establishment",parks,Chhattisgarh,Spring,Manendragarh-Chirmiri-Bharatpur,1
पहाड़पारा घाट hill station,23.3126043,82.43924870000001,5,"park, point_of_interest, establishment",parks,Chhattisgarh,Spring,Manendragarh-Chirmiri-Bharatpur,1
Harticulture garden,23.4157195,82.5173118,5,"park, point_of_interest, establishment",parks,Chhattisgarh,Spring,Manendragarh-Chirmiri-Bharatpur,2
The green garden palace,23.248077,82.1120945,5,"park, point_of_interest, establishment",parks,Chhattisgarh,Spring,Manendragarh-Chirmiri-Bharatpur,1
Children Park,23.2096365,82.2002773,3,"park, point_of_interest, establishment",parks,Chhattisgarh,Spring,Manendragarh-Chirmiri-Bharatpur,1
Nagarnigam Park,23.1704646,82.3714547,3.9,"park, point_of_interest, establishment",parks,Chhattisgarh,Spring,Manendragarh-Chirmiri-Bharatpur,107
"Kumar Garden,",23.3172734,82.5258755,5,"park, point_of_interest, establishment",parks,Chhattisgarh,Spring,Manendragarh-Chirmiri-Bharatpur,3
Bar dabra,23.14185,82.0950895,5,"park, point_of_interest, establishment",parks,Chhattisgarh,Spring,Manendragarh-Chirmiri-Bharatpur,3
Nilam Sarovar Park,23.2188801,82.343976,4.2,"park, point_of_interest, establishment",parks,Chhattisgarh,Spring,Manendragarh-Chirmiri-Bharatpur,394
Baikunthpur Wildlife Sanctuary,23.3086711,82.4272304,5,"zoo, park, point_of_interest, establishment",parks,Chhattisgarh,Spring,Manendragarh-Chirmiri-Bharatpur,10
Nagar Palika Park,23.2120252,82.2046936,3.5,"park, point_of_interest, establishment",parks,Chhattisgarh,Spring,Manendragarh-Chirmiri-Bharatpur,79
Colony Park,23.1270521,82.0698439,0,"park, point_of_interest, establishment",parks,Chhattisgarh,Spring,Manendragarh-Chirmiri-Bharatpur,0
Aama Bageecha Kasra,23.2598228,82.6244097,5,"park, point_of_interest, establishment",parks,Chhattisgarh,Spring,Manendragarh-Chirmiri-Bharatpur,1
"Ananya Vatika, Hasdeo Area, SECL",23.2148611,82.12992679999999,4.3,"park, point_of_interest, establishment",parks,Chhattisgarh,Spring,Manendragarh-Chirmiri-Bharatpur,178
Marwahi Park,23.0044052,82.0580847,4.2,"park, point_of_interest, establishment",parks,Chhattisgarh,Spring,Manendragarh-Chirmiri-Bharatpur,25
RamChandra Singh dev park,23.3340853,82.5347092,0,"park, point_of_interest, establishment",parks,Chhattisgarh,Spring,Manendragarh-Chirmiri-Bharatpur,0
Saakha,23.2410639,82.3976581,4.4,"park, point_of_interest, establishment",parks,Chhattisgarh,Spring,Manendragarh-Chirmiri-Bharatpur,18
Janki vatika,23.1874854,82.1660306,3.7,"park, point_of_interest, establishment",parks,Chhattisgarh,Spring,Manendragarh-Chirmiri-Bharatpur,3
Langda Dam,23.2678132,82.1322522,2.5,"park, point_of_interest, establishment",parks,Chhattisgarh,Spring,Manendragarh-Chirmiri-Bharatpur,2
मरहाबुडा पारा,23.1384837,82.6206804,5,"park, point_of_interest, establishment",parks,Chhattisgarh,Spring,Manendragarh-Chirmiri-Bharatpur,1
New nagar palika park,23.3344458,82.5353506,3.7,"park, point_of_interest, establishment",parks,Chhattisgarh,Spring,Manendragarh-Chirmiri-Bharatpur,15
Brijesh's Agricultural Area,23.1688431,82.4675809,0,"park, point_of_interest, establishment",parks,Chhattisgarh,Spring,Manendragarh-Chirmiri-Bharatpur,0
Dumanhill Park,23.1933743,82.38388259999999,4,"park, point_of_interest, establishment",parks,Chhattisgarh,Spring,Manendragarh-Chirmiri-Bharatpur,31
Mahamaya residency park,23.2182352,82.2156162,0,"park, point_of_interest, establishment",parks,Chhattisgarh,Spring,Manendragarh-Chirmiri-Bharatpur,0
"Top in Hill, Nai-Ledri",23.1765875,82.1937969,4,"park, point_of_interest, establishment",parks,Chhattisgarh,Spring,Manendragarh-Chirmiri-Bharatpur,1
"Krishna kunj, Nai-Ledri",23.1760625,82.1946093,3,"park, point_of_interest, establishment",parks,Chhattisgarh,Spring,Manendragarh-Chirmiri-Bharatpur,1
Ramachandra Singh Dev Park,23.1920355,82.3810273,0,"park, point_of_interest, establishment",parks,Chhattisgarh,Spring,Manendragarh-Chirmiri-Bharatpur,0
Children Park,23.2179817,82.19671939999999,0,"park, point_of_interest, establishment",parks,Chhattisgarh,Spring,Manendragarh-Chirmiri-Bharatpur,0
P.S.Aqua park,23.2073125,82.12418749999999,0,"park, point_of_interest, establishment",parks,Chhattisgarh,Spring,Manendragarh-Chirmiri-Bharatpur,0
विवेकानंद चौक,23.1911564,82.1337726,0,"park, point_of_interest, establishment",parks,Chhattisgarh,Spring,Manendragarh-Chirmiri-Bharatpur,0
Dhodi well jaleswar,23.1827321,82.34514449999999,3,"park, point_of_interest, establishment",parks,Chhattisgarh,Spring,Manendragarh-Chirmiri-Bharatpur,1
Forest view hill,23.2823909,82.1665962,0,"park, point_of_interest, establishment",parks,Chhattisgarh,Spring,Manendragarh-Chirmiri-Bharatpur,0
Korea Palace,23.2571158,82.5573276,4.3,"tourist_attraction, point_of_interest, establishment",museum,Chhattisgarh,Winter,Manendragarh-Chirmiri-Bharatpur,455
Samundlai कुंड,23.0464997,82.0904833,4.1,"museum, point_of_interest, establishment",museum,Chhattisgarh,Winter,Manendragarh-Chirmiri-Bharatpur,15
ledri,23.1946785,82.19827459999999,3.6,"museum, point_of_interest, establishment",museum,Chhattisgarh,Winter,Manendragarh-Chirmiri-Bharatpur,30
Mahalpara,23.2580953,82.5578081,No rating,"neighborhood, political",museum,Chhattisgarh,Winter,Manendragarh-Chirmiri-Bharatpur,0
Gnga Sagar Talab,23.2057835,82.5642484,2,"museum, point_of_interest, establishment",museum,Chhattisgarh,Winter,Manendragarh-Chirmiri-Bharatpur,1
Mini raice mill umjhar,23.3099538,82.47763499999999,5,"museum, point_of_interest, establishment",museum,Chhattisgarh,Winter,Manendragarh-Chirmiri-Bharatpur,1
Banji,23.2720776,82.23597869999999,3.2,"museum, point_of_interest, establishment",museum,Chhattisgarh,Winter,Manendragarh-Chirmiri-Bharatpur,6
(sunny)Noori masjid,23.2415959,82.5493639,3.5,"museum, point_of_interest, establishment",museum,Chhattisgarh,Winter,Manendragarh-Chirmiri-Bharatpur,4
mkp world,23.1948526,82.3525991,0,"museum, point_of_interest, establishment",museum,Chhattisgarh,Winter,Manendragarh-Chirmiri-Bharatpur,0
आदि शक्ति माँ कालि मदिर बैमा,23.0103651,82.54563739999999,0,"museum, point_of_interest, establishment",museum,Chhattisgarh,Winter,Manendragarh-Chirmiri-Bharatpur,0
शिव मंदिर साहूपारा,23.0752741,82.5882254,0,"museum, point_of_interest, establishment",museum,Chhattisgarh,Winter,Manendragarh-Chirmiri-Bharatpur,0
BaBa Talab,22.9548473,82.2642041,0,"museum, point_of_interest, establishment",museum,Chhattisgarh,Winter,Manendragarh-Chirmiri-Bharatpur,0
Jamuna Prasad yadav,22.9526634,82.3289111,0,"museum, point_of_interest, establishment",museum,Chhattisgarh,Winter,Manendragarh-Chirmiri-Bharatpur,0
MAHENDRA TECH,23.3020867,82.3002762,0,"museum, point_of_interest, establishment",museum,Chhattisgarh,Winter,Manendragarh-Chirmiri-Bharatpur,0
Gaurghat Waterfall,23.3774423,82.36281199999999,4.3,"tourist_attraction, point_of_interest, establishment",waterfalls,Chhattisgarh,Monsoon,Manendragarh-Chirmiri-Bharatpur,677
Nanki Ghat waterfall,23.3225809,82.29017429999999,4.1,"tourist_attraction, point_of_interest, establishment",waterfalls,Chhattisgarh,Monsoon,Manendragarh-Chirmiri-Bharatpur,24
Parewaghat Waterfall Nagar,23.3223716,82.44322609999999,4.2,"tourist_attraction, point_of_interest, establishment",waterfalls,Chhattisgarh,Monsoon,Manendragarh-Chirmiri-Bharatpur,25
Amritdhara Waterfall,23.331922,82.3397636,4.2,"tourist_attraction, point_of_interest, establishment",waterfalls,Chhattisgarh,Monsoon,Manendragarh-Chirmiri-Bharatpur,68
Baniya Dhar River Waterfall,23.3864082,82.34048969999999,4.3,"tourist_attraction, point_of_interest, establishment",waterfalls,Chhattisgarh,Monsoon,Manendragarh-Chirmiri-Bharatpur,45
Samundai Waterfall,23.3515908,82.57506699999999,4.7,"tourist_attraction, point_of_interest, establishment",waterfalls,Chhattisgarh,Monsoon,Manendragarh-Chirmiri-Bharatpur,20
Shivdhara Waterfall Biharpur Chhatisgarh,23.4155224,82.23555979999999,4.4,"tourist_attraction, point_of_interest, establishment",waterfalls,Chhattisgarh,Monsoon,Manendragarh-Chirmiri-Bharatpur,82
Jhumka dam (rainy season waterfall ),23.2597211,82.52000369999999,4.3,"tourist_attraction, point_of_interest, establishment",waterfalls,Chhattisgarh,Monsoon,Manendragarh-Chirmiri-Bharatpur,29
Amritdhara Waterfall,23.3331291,82.3211353,4.4,"tourist_attraction, point_of_interest, establishment",waterfalls,Chhattisgarh,Monsoon,Manendragarh-Chirmiri-Bharatpur,2820
Golden Falls,23.1676518,82.1462442,3.5,"tourist_attraction, point_of_interest, establishment",waterfalls,Chhattisgarh,Monsoon,Manendragarh-Chirmiri-Bharatpur,15
NISIDE WATERFALL,23.2842648,82.2920877,4.6,"tourist_attraction, point_of_interest, establishment",waterfalls,Chhattisgarh,Monsoon,Manendragarh-Chirmiri-Bharatpur,14
Chandi ghogra waterfall,23.155629,82.48111,4.3,"tourist_attraction, point_of_interest, establishment",waterfalls,Chhattisgarh,Monsoon,Manendragarh-Chirmiri-Bharatpur,3
Kapildhara waterfall,23.2514023,82.15366089999999,4.2,"tourist_attraction, point_of_interest, establishment",waterfalls,Chhattisgarh,Monsoon,Manendragarh-Chirmiri-Bharatpur,10
Podidih waterfalls,23.0723484,82.3896017,5,"tourist_attraction, point_of_interest, establishment",waterfalls,Chhattisgarh,Monsoon,Manendragarh-Chirmiri-Bharatpur,2
ghughraha waterfall,23.3207093,82.4292401,5,"tourist_attraction, point_of_interest, establishment",waterfalls,Chhattisgarh,Monsoon,Manendragarh-Chirmiri-Bharatpur,2
Karmghongha Waterfall,23.2881797,82.1915776,4.3,"tourist_attraction, point_of_interest, establishment",waterfalls,Chhattisgarh,Monsoon,Manendragarh-Chirmiri-Bharatpur,115
PS.waterfall,23.209569,82.1248841,3.5,"tourist_attraction, point_of_interest, establishment",waterfalls,Chhattisgarh,Monsoon,Manendragarh-Chirmiri-Bharatpur,6
Shiv ghat,23.3451298,82.5529043,4.2,"tourist_attraction, point_of_interest, establishment",waterfalls,Chhattisgarh,Monsoon,Manendragarh-Chirmiri-Bharatpur,67
Amritdhara Park,23.3327462,82.3229307,4.5,"park, point_of_interest, establishment",waterfalls,Chhattisgarh,Monsoon,Manendragarh-Chirmiri-Bharatpur,57
Chandni waterfall 🏞️🏔️,22.9295625,82.61218749999999,0,"park, point_of_interest, establishment",waterfalls,Chhattisgarh,Monsoon,Manendragarh-Chirmiri-Bharatpur,0
Jhumka Dam Picnic Spot,23.261246,82.5218814,4.2,"park, point_of_interest, establishment",beaches,Chhattisgarh,Summer,Manendragarh-Chirmiri-Bharatpur,118
Boridand hills,23.2624188,82.18036289999999,4.9,"zoo, point_of_interest, establishment",zoo,Chhattisgarh,Winter,Manendragarh-Chirmiri-Bharatpur,12
Baikunthpur Wildlife Sanctuary,23.3086711,82.4272304,5,"zoo, park, point_of_interest, establishment",zoo,Chhattisgarh,Winter,Manendragarh-Chirmiri-Bharatpur,10
Hanuman Tekri,23.1843643,82.1982536,4.2,"hindu_temple, place_of_worship, point_of_interest, establishment",temples,Chhattisgarh,All Seasons,Manendragarh-Chirmiri-Bharatpur,21
Bhole Shankar Temple,23.2042217,82.18319199999999,4.5,"hindu_temple, place_of_worship, point_of_interest, establishment",temples,Chhattisgarh,All Seasons,Manendragarh-Chirmiri-Bharatpur,12
Small Temple,23.213279,82.60658080000002,4.3,"hindu_temple, place_of_worship, point_of_interest, establishment",temples,Chhattisgarh,All Seasons,Manendragarh-Chirmiri-Bharatpur,3
Ma Sharda Temple,23.3694618,82.0634524,5,"hindu_temple, place_of_worship, point_of_interest, establishment",temples,Chhattisgarh,All Seasons,Manendragarh-Chirmiri-Bharatpur,1
Siddha Baba Temple,23.2196943,82.35274969999999,3.8,"hindu_temple, place_of_worship, point_of_interest, establishment",temples,Chhattisgarh,All Seasons,Manendragarh-Chirmiri-Bharatpur,4
Shiv Temple,23.1986877,82.1570055,4.4,"hindu_temple, place_of_worship, point_of_interest, establishment",temples,Chhattisgarh,All Seasons,Manendragarh-Chirmiri-Bharatpur,20
Shiv Mandira Lch,23.170265,82.19826069999999,4.8,"hindu_temple, place_of_worship, point_of_interest, establishment",temples,Chhattisgarh,All Seasons,Manendragarh-Chirmiri-Bharatpur,5
Jagannath Temple,23.2330654,82.3432439,4.6,"hindu_temple, place_of_worship, point_of_interest, establishment",temples,Chhattisgarh,All Seasons,Manendragarh-Chirmiri-Bharatpur,296
Shiv Sai Temple Bartunga,23.1671338,82.33430299999999,4.6,"hindu_temple, place_of_worship, point_of_interest, establishment",temples,Chhattisgarh,All Seasons,Manendragarh-Chirmiri-Bharatpur,23
MATIN DAI (SIRMINA),22.9574937,82.5318372,4.3,"hindu_temple, place_of_worship, point_of_interest, establishment",temples,Chhattisgarh,All Seasons,Manendragarh-Chirmiri-Bharatpur,3
Kurja Mandir,23.2360185,82.0993525,4.5,"hindu_temple, place_of_worship, point_of_interest, establishment",temples,Chhattisgarh,All Seasons,Manendragarh-Chirmiri-Bharatpur,90
Temple,23.1842923,82.3466696,5,"hindu_temple, place_of_worship, point_of_interest, establishment",temples,Chhattisgarh,All Seasons,Manendragarh-Chirmiri-Bharatpur,2
Shiv Temple & Maa Durga Temple,23.2289913,82.3542906,4.5,"hindu_temple, place_of_worship, point_of_interest, establishment",temples,Chhattisgarh,All Seasons,Manendragarh-Chirmiri-Bharatpur,19
"Shri Shiv Mandir, Staff Colony",23.2708038,82.1230896,4.2,"hindu_temple, place_of_worship, point_of_interest, establishment",temples,Chhattisgarh,All Seasons,Manendragarh-Chirmiri-Bharatpur,11
Hanuman Temple,23.2523372,82.1170112,4.5,"hindu_temple, place_of_worship, point_of_interest, establishment",temples,Chhattisgarh,All Seasons,Manendragarh-Chirmiri-Bharatpur,65
Mahamaya Dham khongapani,23.1940145,82.1626124,4.5,"hindu_temple, place_of_worship, point_of_interest, establishment",temples,Chhattisgarh,All Seasons,Manendragarh-Chirmiri-Bharatpur,16
"Shiva Temple, Jamduaari, Nagar",23.3099074,82.4321607,4.4,"hindu_temple, place_of_worship, point_of_interest, establishment",temples,Chhattisgarh,All Seasons,Manendragarh-Chirmiri-Bharatpur,7
"Hanuman, Temple",23.1955913,82.1469051,4.2,"hindu_temple, place_of_worship, point_of_interest, establishment",temples,Chhattisgarh,All Seasons,Manendragarh-Chirmiri-Bharatpur,13
B seam Hanuman Temple,23.1824507,82.1628944,2,"hindu_temple, place_of_worship, point_of_interest, establishment",temples,Chhattisgarh,All Seasons,Manendragarh-Chirmiri-Bharatpur,2
Ram Mandir,23.2159243,82.2022444,4.5,"hindu_temple, place_of_worship, point_of_interest, establishment",temples,Chhattisgarh,All Seasons,Manendragarh-Chirmiri-Bharatpur,124
Shri Shyam Mandir Manendragarh,23.2156313,82.1984293,4.7,"hindu_temple, place_of_worship, point_of_interest, establishment",temples,Chhattisgarh,All Seasons,Manendragarh-Chirmiri-Bharatpur,57
Maa Ramdaiya Temple,23.2562164,82.52903400000001,4.6,"hindu_temple, place_of_worship, point_of_interest, establishment",temples,Chhattisgarh,All Seasons,Manendragarh-Chirmiri-Bharatpur,51
Hanuman Mandir,23.2983858,82.5524215,4.9,"hindu_temple, place_of_worship, point_of_interest, establishment",temples,Chhattisgarh,All Seasons,Manendragarh-Chirmiri-Bharatpur,15
Kali Temple,23.1897176,82.1993245,4.8,"hindu_temple, place_of_worship, point_of_interest, establishment",temples,Chhattisgarh,All Seasons,Manendragarh-Chirmiri-Bharatpur,23
Shree Ram Mandir,23.3318028,82.52694079999999,4.6,"hindu_temple, place_of_worship, point_of_interest, establishment",temples,Chhattisgarh,All Seasons,Manendragarh-Chirmiri-Bharatpur,8
MAA MAHAMAYA MANDIR CHANWAARI DAAND,23.0790847,82.3690902,4.8,"hindu_temple, place_of_worship, point_of_interest, establishment",temples,Chhattisgarh,All Seasons,Manendragarh-Chirmiri-Bharatpur,28
SiddhBaba Mandir Manendragarh,23.2038749,82.1949097,4.6,"hindu_temple, place_of_worship, point_of_interest, establishment",temples,Chhattisgarh,All Seasons,Manendragarh-Chirmiri-Bharatpur,68
Siddhi Hanuman Ji Maharaj Temple Ujiyarpur,23.3065809,82.4110671,5,"hindu_temple, place_of_worship, point_of_interest, establishment",temples,Chhattisgarh,All Seasons,Manendragarh-Chirmiri-Bharatpur,35
Shree Sai Mandir,23.213333,82.2010007,4.3,"hindu_temple, place_of_worship, point_of_interest, establishment",temples,Chhattisgarh,All Seasons,Manendragarh-Chirmiri-Bharatpur,26
Hanuman Temple,23.2605418,82.55986089999999,4.3,"hindu_temple, place_of_worship, point_of_interest, establishment",temples,Chhattisgarh,All Seasons,Manendragarh-Chirmiri-Bharatpur,6
Ganesh Mandir,23.1759122,82.1993293,4.3,"hindu_temple, place_of_worship, point_of_interest, establishment",temples,Chhattisgarh,All Seasons,Manendragarh-Chirmiri-Bharatpur,8
Sai Mandir,23.2653335,82.5639108,3.9,"hindu_temple, place_of_worship, point_of_interest, establishment",temples,Chhattisgarh,All Seasons,Manendragarh-Chirmiri-Bharatpur,16
shiv Mandir,23.2677332,82.1269907,4.2,"hindu_temple, place_of_worship, point_of_interest, establishment",temples,Chhattisgarh,All Seasons,Manendragarh-Chirmiri-Bharatpur,19
हिंदू मंदिर,23.2160048,82.2105588,5,"hindu_temple, place_of_worship, point_of_interest, establishment",temples,Chhattisgarh,All Seasons,Manendragarh-Chirmiri-Bharatpur,1
"Durga, Temple",23.2175676,82.1251029,4.4,"hindu_temple, place_of_worship, point_of_interest, establishment",temples,Chhattisgarh,All Seasons,Manendragarh-Chirmiri-Bharatpur,18
"Shree Panchmukhi Hanuman Mandir, Hasdev",23.2077957,82.2223509,4,"hindu_temple, place_of_worship, point_of_interest, establishment",temples,Chhattisgarh,All Seasons,Manendragarh-Chirmiri-Bharatpur,30
Kaali Mandir,23.2154987,82.1990678,4.4,"hindu_temple, place_of_worship, point_of_interest, establishment",temples,Chhattisgarh,All Seasons,Manendragarh-Chirmiri-Bharatpur,17
Shiv Mandir,23.3347401,82.53377950000001,4.7,"hindu_temple, place_of_worship, point_of_interest, establishment",temples,Chhattisgarh,All Seasons,Manendragarh-Chirmiri-Bharatpur,9
Shiv Temple,23.1975502,82.13854049999999,4.3,"hindu_temple, place_of_worship, point_of_interest, establishment",temples,Chhattisgarh,All Seasons,Manendragarh-Chirmiri-Bharatpur,6
Hanuman temple,23.1990567,82.3530686,5,"hindu_temple, place_of_worship, point_of_interest, establishment",temples,Chhattisgarh,All Seasons,Manendragarh-Chirmiri-Bharatpur,1
Maa Durga temple,23.365445,82.2570118,3,"hindu_temple, place_of_worship, point_of_interest, establishment",temples,Chhattisgarh,All Seasons,Manendragarh-Chirmiri-Bharatpur,1
Sai Temple,23.1677969,82.36358589999999,4.3,"hindu_temple, place_of_worship, point_of_interest, establishment",temples,Chhattisgarh,All Seasons,Manendragarh-Chirmiri-Bharatpur,15
Shiv Temple,23.3012807,82.59646730000001,5,"hindu_temple, place_of_worship, point_of_interest, establishment",temples,Chhattisgarh,All Seasons,Manendragarh-Chirmiri-Bharatpur,1
HANUMAN MANDIR,23.2397453,82.39288049999999,4.3,"hindu_temple, place_of_worship, point_of_interest, establishment",temples,Chhattisgarh,All Seasons,Manendragarh-Chirmiri-Bharatpur,11
Hanuman Temple,23.1902274,82.3833078,4.8,"hindu_temple, place_of_worship, point_of_interest, establishment",temples,Chhattisgarh,All Seasons,Manendragarh-Chirmiri-Bharatpur,6
सत्ती माता मंदिर,23.4257268,82.441242,5,"hindu_temple, place_of_worship, point_of_interest, establishment",temples,Chhattisgarh,All Seasons,Manendragarh-Chirmiri-Bharatpur,2
LaxmiNarayan Temple,23.2864674,82.3506724,4.4,"hindu_temple, place_of_worship, point_of_interest, establishment",temples,Chhattisgarh,All Seasons,Manendragarh-Chirmiri-Bharatpur,5
Sai Mandir Hirageer,23.1942102,82.3603705,4.2,"hindu_temple, place_of_worship, point_of_interest, establishment",temples,Chhattisgarh,All Seasons,Manendragarh-Chirmiri-Bharatpur,27
Shiv Temple Upka,23.2837825,82.55907529999999,5,"hindu_temple, place_of_worship, point_of_interest, establishment",temples,Chhattisgarh,All Seasons,Manendragarh-Chirmiri-Bharatpur,2
Shri Radha krishna temple,23.1701409,82.3617805,4.6,"hindu_temple, place_of_worship, point_of_interest, establishment",temples,Chhattisgarh,All Seasons,Manendragarh-Chirmiri-Bharatpur,5
Hanuman Temple,23.2430473,82.3456037,4.8,"hindu_temple, place_of_worship, point_of_interest, establishment",temples,Chhattisgarh,All Seasons,Manendragarh-Chirmiri-Bharatpur,5
Shiva Temple - Belbahra,23.2943373,82.25839309999999,3.6,"hindu_temple, place_of_worship, point_of_interest, establishment",temples,Chhattisgarh,All Seasons,Manendragarh-Chirmiri-Bharatpur,10
Shiv Temple,23.1858625,82.12053449999999,4.2,"hindu_temple, place_of_worship, point_of_interest, establishment",temples,Chhattisgarh,All Seasons,Manendragarh-Chirmiri-Bharatpur,11
Premabag Shiv Mandir,23.2627367,82.5689077,4.1,"hindu_temple, place_of_worship, point_of_interest, establishment",temples,Chhattisgarh,All Seasons,Manendragarh-Chirmiri-Bharatpur,14
Chhipchhipi picnic spot and temple,23.1053015,82.2043214,3.9,"hindu_temple, place_of_worship, point_of_interest, establishment",temples,Chhattisgarh,All Seasons,Manendragarh-Chirmiri-Bharatpur,8
"Shiv, Temple",23.1948221,82.1470338,4.3,"hindu_temple, place_of_worship, point_of_interest, establishment",temples,Chhattisgarh,All Seasons,Manendragarh-Chirmiri-Bharatpur,6
Hanuman Mandir,23.300974,82.13293569999999,3.4,"hindu_temple, place_of_worship, point_of_interest, establishment",temples,Chhattisgarh,All Seasons,Manendragarh-Chirmiri-Bharatpur,11
Shiv Mandir,23.3221875,82.5282185,4.5,"hindu_temple, place_of_worship, point_of_interest, establishment",temples,Chhattisgarh,All Seasons,Manendragarh-Chirmiri-Bharatpur,6
Shiv Temple,23.0040867,82.4905936,3.7,"hindu_temple, place_of_worship, point_of_interest, establishment",temples,Chhattisgarh,All Seasons,Manendragarh-Chirmiri-Bharatpur,3
Shiv temple gadabuda,23.2283125,82.3439844,5,"hindu_temple, place_of_worship, point_of_interest, establishment",temples,Chhattisgarh,All Seasons,Manendragarh-Chirmiri-Bharatpur,1
Hill pizza,23.2748076,82.55210369999999,4.3,"restaurant, food, point_of_interest, establishment",hills,Chhattisgarh,Winter,Manendragarh-Chirmiri-Bharatpur,79
"Chhuri hill, baikunthpur",23.1883333,82.56833879999999,5,"hindu_temple, place_of_worship, point_of_interest, establishment",hills,Chhattisgarh,Winter,Manendragarh-Chirmiri-Bharatpur,7
Doman Hill,23.1915942,82.3821584,No rating,"locality, political",hills,Chhattisgarh,Winter,Manendragarh-Chirmiri-Bharatpur,0
Chirmiri hill station view,23.1584644,82.31516270000002,4.1,"park, point_of_interest, establishment",hills,Chhattisgarh,Winter,Manendragarh-Chirmiri-Bharatpur,36
पहाड़पारा घाट hill station,23.3126043,82.43924870000001,5,"park, point_of_interest, establishment",hills,Chhattisgarh,Winter,Manendragarh-Chirmiri-Bharatpur,1
Hill top zone,23.1651954,82.12303709999999,2.5,"tourist_attraction, point_of_interest, establishment",hills,Chhattisgarh,Winter,Manendragarh-Chirmiri-Bharatpur,2
Bartunga Hill Mines SECL,23.1669052,82.3226816,4.3,"point_of_interest, establishment",hills,Chhattisgarh,Winter,Manendragarh-Chirmiri-Bharatpur,7
Forest view hill,23.2823909,82.1665962,0,"park, point_of_interest, establishment",hills,Chhattisgarh,Winter,Manendragarh-Chirmiri-Bharatpur,0
Dukan hill siding,23.1915937,82.3821583,0,"point_of_interest, establishment",hills,Chhattisgarh,Winter,Manendragarh-Chirmiri-Bharatpur,0
"Top in Hill, Nai-Ledri",23.1765875,82.1937969,4,"park, point_of_interest, establishment",hills,Chhattisgarh,Winter,Manendragarh-Chirmiri-Bharatpur,1
SECL Guesthouse Duman Hill,23.1931981,82.3807801,3.4,"campground, lodging, park, point_of_interest, establishment",hills,Chhattisgarh,Winter,Manendragarh-Chirmiri-Bharatpur,5
Aotu booking (Om prkash),23.2658032,82.123362,5,"point_of_interest, establishment",hills,Chhattisgarh,Winter,Manendragarh-Chirmiri-Bharatpur,2
36 Mod Nature View Point.,23.1825321,82.3816198,4.4,"park, point_of_interest, establishment",hills,Chhattisgarh,Winter,Manendragarh-Chirmiri-Bharatpur,253
Dumanhill Park,23.1933743,82.38388259999999,4,"park, point_of_interest, establishment",hills,Chhattisgarh,Winter,Manendragarh-Chirmiri-Bharatpur,31
Anjan Hill Mine,23.1665825,82.3215764,0,"point_of_interest, establishment",hills,Chhattisgarh,Winter,Manendragarh-Chirmiri-Bharatpur,0
Chirimiri,23.189774,82.349873,4.3,"train_station, transit_station, point_of_interest, establishment",hills,Chhattisgarh,Winter,Manendragarh-Chirmiri-Bharatpur,228
Welcome Chirmiri,23.2416854,82.345229,4.2,"tourist_attraction, point_of_interest, establishment",hills,Chhattisgarh,Winter,Manendragarh-Chirmiri-Bharatpur,13
Boridand Junction,23.26753,82.17814,4.2,"train_station, transit_station, point_of_interest, establishment",hills,Chhattisgarh,Winter,Manendragarh-Chirmiri-Bharatpur,53
CENTRAL BANK OF INDIA - DOMAN HILL COLLIERY Branch,23.1907703,82.3809167,2.8,"bank, finance, point_of_interest, establishment",hills,Chhattisgarh,Winter,Manendragarh-Chirmiri-Bharatpur,4
Yara da Cafe,23.1915638,82.3571853,0,"cafe, food, point_of_interest, establishment",hills,Chhattisgarh,Winter,Manendragarh-Chirmiri-Bharatpur,0
Boridand hills,23.2624188,82.18036289999999,4.9,"zoo, point_of_interest, establishment",hills,Chhattisgarh,Winter,Manendragarh-Chirmiri-Bharatpur,12
Dumanhill garden,23.1915937,82.3821583,0,"point_of_interest, establishment",hills,Chhattisgarh,Winter,Manendragarh-Chirmiri-Bharatpur,0
Dumanhill Post Office,23.1892649,82.3824781,3.8,"post_office, finance, point_of_interest, establishment",hills,Chhattisgarh,Winter,Manendragarh-Chirmiri-Bharatpur,10
Sonawani Colliery Dumanhill,23.1893136,82.3836492,4.3,"school, point_of_interest, establishment",hills,Chhattisgarh,Winter,Manendragarh-Chirmiri-Bharatpur,3
Bharat Auto Parts,23.1925741,82.3817779,4,"store, point_of_interest, establishment",hills,Chhattisgarh,Winter,Manendragarh-Chirmiri-Bharatpur,4
chirmiri hills coffee house,23.1900043,82.352535,0,"cafe, food, point_of_interest, establishment",hills,Chhattisgarh,Winter,Manendragarh-Chirmiri-Bharatpur,0
Dumanhill markaz,23.1924401,82.382283,0,"mosque, place_of_worship, point_of_interest, establishment",hills,Chhattisgarh,Winter,Manendragarh-Chirmiri-Bharatpur,0
SBM Toilet,23.1928692,82.382474,0,"point_of_interest, establishment",hills,Chhattisgarh,Winter,Manendragarh-Chirmiri-Bharatpur,0
"Masjid Talimul Quran, Markaz Dumanhill",23.1918488,82.38681629999999,5,"mosque, place_of_worship, point_of_interest, establishment",hills,Chhattisgarh,Winter,Manendragarh-Chirmiri-Bharatpur,1
Bhole Shankar Temple,23.2042217,82.18319199999999,4.5,"hindu_temple, place_of_worship, point_of_interest, establishment",hills,Chhattisgarh,Winter,Manendragarh-Chirmiri-Bharatpur,12
SBM Toilet,23.1973693,82.38280739999999,0,"point_of_interest, establishment",hills,Chhattisgarh,Winter,Manendragarh-Chirmiri-Bharatpur,0
Dumanhill chirimiri,23.1915937,82.3821583,5,"travel_agency, point_of_interest, establishment",hills,Chhattisgarh,Winter,Manendragarh-Chirmiri-Bharatpur,1
Car rental all india rajwade travels,23.1970426,82.3853271,4.7,"point_of_interest, establishment",hills,Chhattisgarh,Winter,Manendragarh-Chirmiri-Bharatpur,3
DHCDIGITEC Services PVT. LTD.,23.1920512,82.3818471,0,"finance, point_of_interest, establishment",hills,Chhattisgarh,Winter,Manendragarh-Chirmiri-Bharatpur,0
CENTRAL BANK OF INDIA - ATM,23.1879366,82.3789197,0,"atm, finance, point_of_interest, establishment",hills,Chhattisgarh,Winter,Manendragarh-Chirmiri-Bharatpur,0
HANUMAN MANDIR GIRIDIH DAFAI PMD,23.1862696,82.3852785,4,"hindu_temple, place_of_worship, point_of_interest, establishment",hills,Chhattisgarh,Winter,Manendragarh-Chirmiri-Bharatpur,10
PET PULL CENTRE,23.1858217,82.3824745,0,"restaurant, food, point_of_interest, establishment",hills,Chhattisgarh,Winter,Manendragarh-Chirmiri-Bharatpur,0
SAMEEM ANSARI,23.185073,82.3829353,5,"supermarket, grocery_or_supermarket, food, point_of_interest, store, establishment",hills,Chhattisgarh,Winter,Manendragarh-Chirmiri-Bharatpur,1
Gupta Stationery Mart,23.1906156,82.38177089999999,4.4,"point_of_interest, store, establishment",hills,Chhattisgarh,Winter,Manendragarh-Chirmiri-Bharatpur,31
Subhas colony,23.1926346,82.3831792,0,"point_of_interest, establishment",hills,Chhattisgarh,Winter,Manendragarh-Chirmiri-Bharatpur,0
Driver Colony,23.1971578,82.38744319999999,No rating,"neighborhood, political",hills,Chhattisgarh,Winter,Manendragarh-Chirmiri-Bharatpur,0
NTC,23.1959725,82.3838554,0,"point_of_interest, establishment",hills,Chhattisgarh,Winter,Manendragarh-Chirmiri-Bharatpur,0
Verma Jewellers,23.192291,82.38170710000001,5,"jewelry_store, point_of_interest, store, establishment",hills,Chhattisgarh,Winter,Manendragarh-Chirmiri-Bharatpur,2
Mungoda Centre,23.1929083,82.3823312,0,"restaurant, food, point_of_interest, establishment",hills,Chhattisgarh,Winter,Manendragarh-Chirmiri-Bharatpur,0
Tara Maa Genral Gift Center,23.1925985,82.3847368,0,"food, point_of_interest, store, establishment",hills,Chhattisgarh,Winter,Manendragarh-Chirmiri-Bharatpur,0
ragini kumari,23.195732,82.3889208,0,"point_of_interest, establishment",hills,Chhattisgarh,Winter,Manendragarh-Chirmiri-Bharatpur,0
arti home,23.1948749,82.38185039999999,0,"point_of_interest, establishment",hills,Chhattisgarh,Winter,Manendragarh-Chirmiri-Bharatpur,0
Shankar dresses,23.1929429,82.3819486,5,"clothing_store, point_of_interest, store, establishment",hills,Chhattisgarh,Winter,Manendragarh-Chirmiri-Bharatpur,2
Hanuman Temple,23.1902274,82.3833078,4.8,"hindu_temple, place_of_worship, point_of_interest, establishment",hills,Chhattisgarh,Winter,Manendragarh-Chirmiri-Bharatpur,6
King's Fruit,23.1888153,82.3813301,0,"point_of_interest, establishment",hills,Chhattisgarh,Winter,Manendragarh-Chirmiri-Bharatpur,0
Shaahid Kirana,23.1891937,82.3812078,4.7,"grocery_or_supermarket, food, point_of_interest, store, establishment",hills,Chhattisgarh,Winter,Manendragarh-Chirmiri-Bharatpur,20
Prakash jewellers,23.1915937,82.3821583,0,"jewelry_store, point_of_interest, store, establishment",hills,Chhattisgarh,Winter,Manendragarh-Chirmiri-Bharatpur,0
Gupta Kirana Store,23.1926597,82.3816739,4.4,"home_goods_store, point_of_interest, store, establishment",hills,Chhattisgarh,Winter,Manendragarh-Chirmiri-Bharatpur,5
"Shishu Shiksha Niketan Higher Secondary School, Dumanhill",23.1967422,82.38237769999999,4.1,"school, point_of_interest, establishment",hills,Chhattisgarh,Winter,Manendragarh-Chirmiri-Bharatpur,7
S.E.C.L Hospital Dumanhill,23.1908923,82.3839497,3,"hospital, health, point_of_interest, establishment",hills,Chhattisgarh,Winter,Manendragarh-Chirmiri-Bharatpur,5
Rinku Grocery Store,23.1878814,82.38337369999999,0,"food, point_of_interest, store, establishment",hills,Chhattisgarh,Winter,Manendragarh-Chirmiri-Bharatpur,0
CGMarts,23.1879309,82.38246420000002,4.2,"clothing_store, point_of_interest, store, establishment",hills,Chhattisgarh,Winter,Manendragarh-Chirmiri-Bharatpur,10
Shamim Paan & Kirana & Daily Needs,23.1911251,82.38123759999999,5,"point_of_interest, establishment",hills,Chhattisgarh,Winter,Manendragarh-Chirmiri-Bharatpur,1
Ranjit home,23.1900606,82.3851901,0,"point_of_interest, establishment",hills,Chhattisgarh,Winter,Manendragarh-Chirmiri-Bharatpur,0
Krishna Mandir,23.1885718,82.38065999999999,0,"hindu_temple, place_of_worship, point_of_interest, establishment",hills,Chhattisgarh,Winter,Manendragarh-Chirmiri-Bharatpur,0
Gaurghat Waterfall,23.3774423,82.36281199999999,4.3,"tourist_attraction, point_of_interest, establishment",attraction,Chhattisgarh,All Seasons,Manendragarh-Chirmiri-Bharatpur,677
Amritdhara Waterfall,23.3331291,82.3211353,4.4,"tourist_attraction, point_of_interest, establishment",attraction,Chhattisgarh,All Seasons,Manendragarh-Chirmiri-Bharatpur,2820
Nanki Ghat waterfall,23.3225809,82.29017429999999,4.1,"tourist_attraction, point_of_interest, establishment",attraction,Chhattisgarh,All Seasons,Manendragarh-Chirmiri-Bharatpur,24
Sand running & picnic place,23.1435447,82.1856767,0,"tourist_attraction, point_of_interest, establishment",attraction,Chhattisgarh,All Seasons,Manendragarh-Chirmiri-Bharatpur,0
Tourist places Kothikharra,22.9415594,82.5695106,4.2,"tourist_attraction, point_of_interest, establishment",attraction,Chhattisgarh,All Seasons,Manendragarh-Chirmiri-Bharatpur,26
duck point,23.1940137,82.2132904,4,"tourist_attraction, point_of_interest, establishment",attraction,Chhattisgarh,All Seasons,Manendragarh-Chirmiri-Bharatpur,7
Golden Falls,23.1676518,82.1462442,3.5,"tourist_attraction, point_of_interest, establishment",attraction,Chhattisgarh,All Seasons,Manendragarh-Chirmiri-Bharatpur,15
jhumka island,23.2885068,82.53019909999999,3.9,"tourist_attraction, park, point_of_interest, establishment",attraction,Chhattisgarh,All Seasons,Manendragarh-Chirmiri-Bharatpur,47
Welcome Chirmiri,23.2416854,82.345229,4.2,"tourist_attraction, point_of_interest, establishment",attraction,Chhattisgarh,All Seasons,Manendragarh-Chirmiri-Bharatpur,13
Karmghongha Waterfall,23.2881797,82.1915776,4.3,"tourist_attraction, point_of_interest, establishment",attraction,Chhattisgarh,All Seasons,Manendragarh-Chirmiri-Bharatpur,115
Spot for a view,23.2063563,82.18447540000001,4.9,"tourist_attraction, point_of_interest, establishment",attraction,Chhattisgarh,All Seasons,Manendragarh-Chirmiri-Bharatpur,7
Nature View Point,23.1655508,82.1451093,4.5,"tourist_attraction, point_of_interest, establishment",attraction,Chhattisgarh,All Seasons,Manendragarh-Chirmiri-Bharatpur,10
Parewaghat Waterfall Nagar,23.3223716,82.44322609999999,4.2,"tourist_attraction, point_of_interest, establishment",attraction,Chhattisgarh,All Seasons,Manendragarh-Chirmiri-Bharatpur,25
Mohan Colony Nature View Point,23.1992194,82.3460162,5,"tourist_attraction, point_of_interest, establishment",attraction,Chhattisgarh,All Seasons,Manendragarh-Chirmiri-Bharatpur,1
Stop Dam New Ledri,23.1671487,82.2020959,4.5,"tourist_attraction, point_of_interest, establishment",attraction,Chhattisgarh,All Seasons,Manendragarh-Chirmiri-Bharatpur,2
City View Point,23.2043345,82.194634,4.5,"tourist_attraction, point_of_interest, establishment",attraction,Chhattisgarh,All Seasons,Manendragarh-Chirmiri-Bharatpur,45
Shivdhara Waterfall Biharpur Chhatisgarh,23.4155224,82.23555979999999,4.4,"tourist_attraction, point_of_interest, establishment",attraction,Chhattisgarh,All Seasons,Manendragarh-Chirmiri-Bharatpur,82
Samundai Waterfall,23.3515908,82.57506699999999,4.7,"tourist_attraction, point_of_interest, establishment",attraction,Chhattisgarh,All Seasons,Manendragarh-Chirmiri-Bharatpur,20
Podidih waterfalls,23.0723484,82.3896017,5,"tourist_attraction, point_of_interest, establishment",attraction,Chhattisgarh,All Seasons,Manendragarh-Chirmiri-Bharatpur,2
Chandi ghogra waterfall,23.155629,82.48111,4.3,"tourist_attraction, point_of_interest, establishment",attraction,Chhattisgarh,All Seasons,Manendragarh-Chirmiri-Bharatpur,3
Korea Palace,23.2571158,82.5573276,4.3,"tourist_attraction, point_of_interest, establishment",attraction,Chhattisgarh,All Seasons,Manendragarh-Chirmiri-Bharatpur,455
Kishanpur Picnic Spot,23.1903454,82.3272568,4.1,"tourist_attraction, point_of_interest, establishment",attraction,Chhattisgarh,All Seasons,Manendragarh-Chirmiri-Bharatpur,8
Katgodi vally,23.3387936,82.5615176,5,"tourist_attraction, point_of_interest, establishment",attraction,Chhattisgarh,All Seasons,Manendragarh-Chirmiri-Bharatpur,4
Shiv ghat,23.3451298,82.5529043,4.2,"tourist_attraction, point_of_interest, establishment",attraction,Chhattisgarh,All Seasons,Manendragarh-Chirmiri-Bharatpur,67
Dullpur Mod,22.979182,82.4119351,3.3,"tourist_attraction, point_of_interest, establishment",attraction,Chhattisgarh,All Seasons,Manendragarh-Chirmiri-Bharatpur,9
Jhumka dam (rainy season waterfall ),23.2597211,82.52000369999999,4.3,"tourist_attraction, point_of_interest, establishment",attraction,Chhattisgarh,All Seasons,Manendragarh-Chirmiri-Bharatpur,29
ghughraha waterfall,23.3207093,82.4292401,5,"tourist_attraction, point_of_interest, establishment",attraction,Chhattisgarh,All Seasons,Manendragarh-Chirmiri-Bharatpur,2
Garh Pahad Koriya Pahad,23.1309375,82.47281249999999,3.7,"tourist_attraction, point_of_interest, establishment",attraction,Chhattisgarh,All Seasons,Manendragarh-Chirmiri-Bharatpur,11
NISIDE WATERFALL,23.2842648,82.2920877,4.6,"tourist_attraction, point_of_interest, establishment",attraction,Chhattisgarh,All Seasons,Manendragarh-Chirmiri-Bharatpur,14
Bartunga nursery,23.1628009,82.3352934,4.3,"tourist_attraction, point_of_interest, establishment",attraction,Chhattisgarh,All Seasons,Manendragarh-Chirmiri-Bharatpur,3
Baniya Dhar River Waterfall,23.3864082,82.34048969999999,4.3,"tourist_attraction, point_of_interest, establishment",attraction,Chhattisgarh,All Seasons,Manendragarh-Chirmiri-Bharatpur,45
Amritdhara Waterfall,23.331922,82.3397636,4.2,"tourist_attraction, point_of_interest, establishment",attraction,Chhattisgarh,All Seasons,Manendragarh-Chirmiri-Bharatpur,68
Chhipchhip picnic spot,23.1050157,82.2037442,0,"tourist_attraction, point_of_interest, establishment",attraction,Chhattisgarh,All Seasons,Manendragarh-Chirmiri-Bharatpur,0
Ujwal xess home,23.2545129,82.3192018,0,"tourist_attraction, point_of_interest, establishment",attraction,Chhattisgarh,All Seasons,Manendragarh-Chirmiri-Bharatpur,0
Udhanapur Dam,23.1041759,82.2817786,5,"tourist_attraction, point_of_interest, establishment",attraction,Chhattisgarh,All Seasons,Manendragarh-Chirmiri-Bharatpur,1
Hill top zone,23.1651954,82.12303709999999,2.5,"tourist_attraction, point_of_interest, establishment",attraction,Chhattisgarh,All Seasons,Manendragarh-Chirmiri-Bharatpur,2
दुमुहानी पिकनिक स्पॉट,23.3317512,82.5980436,3.6,"tourist_attraction, point_of_interest, establishment",attraction,Chhattisgarh,All Seasons,Manendragarh-Chirmiri-Bharatpur,7
PS.waterfall,23.209569,82.1248841,3.5,"tourist_attraction, point_of_interest, establishment",attraction,Chhattisgarh,All Seasons,Manendragarh-Chirmiri-Bharatpur,6
PRASAD CHOWK,23.3015113,82.56939419999999,5,"tourist_attraction, point_of_interest, establishment",attraction,Chhattisgarh,All Seasons,Manendragarh-Chirmiri-Bharatpur,1
Jatashankar prawesh dwar,23.4516698,82.2866854,3.8,"tourist_attraction, point_of_interest, establishment",attraction,Chhattisgarh,All Seasons,Manendragarh-Chirmiri-Bharatpur,17
P.S. aquaculture 2,23.2069295,82.12372409999999,5,"tourist_attraction, point_of_interest, establishment",attraction,Chhattisgarh,All Seasons,Manendragarh-Chirmiri-Bharatpur,10
विकी व्यू प्वाइंट ( We Ke View Point),23.3160195,82.3403155,5,"tourist_attraction, point_of_interest, establishment",attraction,Chhattisgarh,All Seasons,Manendragarh-Chirmiri-Bharatpur,2
Nursery Picnic Spot,23.3031642,82.2841768,4.5,"tourist_attraction, point_of_interest, establishment",attraction,Chhattisgarh,All Seasons,Manendragarh-Chirmiri-Bharatpur,33
मधौरा जलाशय,23.3896706,82.55966420000001,4.1,"tourist_attraction, point_of_interest, establishment",attraction,Chhattisgarh,All Seasons,Manendragarh-Chirmiri-Bharatpur,9
Hasdeo sas river picnic spot,23.2837854,82.29206549999999,0,"tourist_attraction, point_of_interest, establishment",attraction,Chhattisgarh,All Seasons,Manendragarh-Chirmiri-Bharatpur,0
Hasdev river,23.2077621,82.2231656,4.2,"tourist_attraction, point_of_interest, establishment",attraction,Chhattisgarh,All Seasons,Manendragarh-Chirmiri-Bharatpur,22
Gej Bandh Picnic Spot,23.3160312,82.5665722,4.6,"tourist_attraction, point_of_interest, establishment",attraction,Chhattisgarh,All Seasons,Manendragarh-Chirmiri-Bharatpur,12
Kapildhara waterfall,23.2514023,82.15366089999999,4.2,"tourist_attraction, point_of_interest, establishment",attraction,Chhattisgarh,All Seasons,Manendragarh-Chirmiri-Bharatpur,10
हमर मनेन्द्रगढ़ - Hamar manendragarh,23.2072003,82.2153108,4.8,"tourist_attraction, point_of_interest, establishment",attraction,Chhattisgarh,All Seasons,Manendragarh-Chirmiri-Bharatpur,8
चिरमिरी कोरिया छत्तीसगढ़.,23.3774308,82.3628114,3.3,"tourist_attraction, point_of_interest, establishment",attraction,Chhattisgarh,All Seasons,Manendragarh-Chirmiri-Bharatpur,3
Maharaj tour and travel,23.2130856,82.19008130000002,5,"tourist_attraction, point_of_interest, establishment",attraction,Chhattisgarh,All Seasons,Manendragarh-Chirmiri-Bharatpur,1
शहीद राजेश पटेल स्मारक,23.2001978,82.34856429999999,0,"tourist_attraction, point_of_interest, establishment",attraction,Chhattisgarh,All Seasons,Manendragarh-Chirmiri-Bharatpur,0
Banjaridand sons road,23.1674431,82.4692513,4.2,"tourist_attraction, point_of_interest, establishment",attraction,Chhattisgarh,All Seasons,Manendragarh-Chirmiri-Bharatpur,9
p.s.aquaculter new,23.2092147,82.12874149999999,4.5,"tourist_attraction, point_of_interest, establishment",attraction,Chhattisgarh,All Seasons,Manendragarh-Chirmiri-Bharatpur,4
Govindpur wotr check dam,23.1593617,82.4819533,0,"tourist_attraction, point_of_interest, establishment",attraction,Chhattisgarh,All Seasons,Manendragarh-Chirmiri-Bharatpur,0
हसदेव नदी पुल,23.2177315,82.2362474,4.8,"tourist_attraction, point_of_interest, establishment",attraction,Chhattisgarh,All Seasons,Manendragarh-Chirmiri-Bharatpur,4
Chillam ghutra,23.0615863,82.4180961,0,"tourist_attraction, point_of_interest, establishment",attraction,Chhattisgarh,All Seasons,Manendragarh-Chirmiri-Bharatpur,0
Bichhi Dongri Gadhtar,23.1673204,82.4574298,0,"tourist_attraction, point_of_interest, establishment",attraction,Chhattisgarh,All Seasons,Manendragarh-Chirmiri-Bharatpur,0
Saradih Park,21.7114718,83.1298609,4.1,"park, point_of_interest, establishment",parks,Chhattisgarh,Spring,Sarangarh-Bilaigarh,63
शिवधाम गार्डन बिलासपुर,21.6005722,82.91918749999999,4,"park, point_of_interest, establishment",parks,Chhattisgarh,Spring,Sarangarh-Bilaigarh,10
Guru Ghasi Das Pusp Vatika Sarangarh,21.5895556,83.074716,3.8,"park, point_of_interest, establishment",parks,Chhattisgarh,Spring,Sarangarh-Bilaigarh,353
Turki Talab Garden,21.5881754,83.0811647,3.8,"park, point_of_interest, establishment",parks,Chhattisgarh,Spring,Sarangarh-Bilaigarh,247
Green Garden,21.7111771,83.1297147,4.2,"park, point_of_interest, establishment",parks,Chhattisgarh,Spring,Sarangarh-Bilaigarh,77
Dabhra Green Park,21.783793,83.08406719999999,3.1,"park, point_of_interest, establishment",parks,Chhattisgarh,Spring,Sarangarh-Bilaigarh,23
Baramkela,21.5762636,83.2641843,4,"park, point_of_interest, establishment",parks,Chhattisgarh,Spring,Sarangarh-Bilaigarh,71
Old mango garden,21.6775305,83.1434714,0,"park, point_of_interest, establishment",parks,Chhattisgarh,Spring,Sarangarh-Bilaigarh,0
"Danganiyan ,Gaon",21.413344,83.0748545,4.3,"park, point_of_interest, establishment",parks,Chhattisgarh,Spring,Sarangarh-Bilaigarh,12
Mirouni park,21.732011,82.9766538,3.3,"park, point_of_interest, establishment",parks,Chhattisgarh,Spring,Sarangarh-Bilaigarh,6
Park,21.6750625,82.9691763,5,"park, point_of_interest, establishment",parks,Chhattisgarh,Spring,Sarangarh-Bilaigarh,1
Lewa paar,21.7191047,83.20274359999999,5,"park, point_of_interest, establishment",parks,Chhattisgarh,Spring,Sarangarh-Bilaigarh,4
Children Park,21.56585,83.26895499999999,4,"park, point_of_interest, establishment",parks,Chhattisgarh,Spring,Sarangarh-Bilaigarh,2
Kanwarpali bagdor darshaniye sthal,21.3813366,83.1245545,4.6,"park, point_of_interest, establishment",parks,Chhattisgarh,Spring,Sarangarh-Bilaigarh,8
Bulanki Talab,21.8241951,83.2960063,5,"park, point_of_interest, establishment",parks,Chhattisgarh,Spring,Sarangarh-Bilaigarh,3
Gomarda Wildlife Sanctuary (ABHYARANYA),21.408406,83.1865678,4.3,"park, point_of_interest, establishment",parks,Chhattisgarh,Spring,Sarangarh-Bilaigarh,32
Mini Garden (हमर सुग्घर भटगाँव),21.6557935,82.8022562,4.1,"park, point_of_interest, establishment",parks,Chhattisgarh,Spring,Sarangarh-Bilaigarh,29
Stop dem Harethikhurd,21.7720658,82.8463766,3.7,"park, point_of_interest, establishment",parks,Chhattisgarh,Spring,Sarangarh-Bilaigarh,3
Jorapali,21.6814537,82.9315913,5,"park, point_of_interest, establishment",parks,Chhattisgarh,Spring,Sarangarh-Bilaigarh,5
BALSi ka tapu,21.3346077,82.9947748,5,"park, point_of_interest, establishment",parks,Chhattisgarh,Spring,Sarangarh-Bilaigarh,1
Bahara form house,21.6887833,82.8313433,5,"park, point_of_interest, establishment",parks,Chhattisgarh,Spring,Sarangarh-Bilaigarh,1
Darri LAKE,21.8282733,83.3441771,4.5,"park, point_of_interest, establishment",parks,Chhattisgarh,Spring,Sarangarh-Bilaigarh,8
Jaldhar Pond - Linjir,21.8199454,83.3222318,4.5,"park, point_of_interest, establishment",parks,Chhattisgarh,Spring,Sarangarh-Bilaigarh,2
Muda khet,21.7690428,82.98685359999999,5,"park, point_of_interest, establishment",parks,Chhattisgarh,Spring,Sarangarh-Bilaigarh,2
Picnic Park,21.7145539,83.1344998,3.8,"park, point_of_interest, establishment",parks,Chhattisgarh,Spring,Sarangarh-Bilaigarh,5
HB smiley garden,21.5869748,83.08077949999999,5,"park, point_of_interest, establishment",parks,Chhattisgarh,Spring,Sarangarh-Bilaigarh,7
Vedas place,21.606087,83.036339,3,"park, point_of_interest, establishment",parks,Chhattisgarh,Spring,Sarangarh-Bilaigarh,2
Dabri talab,21.8013783,83.184529,0,"park, point_of_interest, establishment",parks,Chhattisgarh,Spring,Sarangarh-Bilaigarh,0
RAJA BABU,21.5994752,82.8935187,5,"park, point_of_interest, establishment",parks,Chhattisgarh,Spring,Sarangarh-Bilaigarh,2
Baghvani,21.4170773,83.14539189999999,5,"park, point_of_interest, establishment",parks,Chhattisgarh,Spring,Sarangarh-Bilaigarh,1
Ganesh chowk,21.5871663,82.8506002,4,"park, point_of_interest, establishment",parks,Chhattisgarh,Spring,Sarangarh-Bilaigarh,4
Pankhati talab Karpi,21.4324589,83.22601879999999,5,"park, point_of_interest, establishment",parks,Chhattisgarh,Spring,Sarangarh-Bilaigarh,1
Rama Sagar,21.7865038,83.00808119999999,2.7,"park, point_of_interest, establishment",parks,Chhattisgarh,Spring,Sarangarh-Bilaigarh,3
Chandan talab,21.5978333,83.1430683,4.8,"park, point_of_interest, establishment",parks,Chhattisgarh,Spring,Sarangarh-Bilaigarh,4
बढ़खामुड़ा तालाब,21.394892,83.00825929999999,3.8,"park, point_of_interest, establishment",parks,Chhattisgarh,Spring,Sarangarh-Bilaigarh,4
Merine Drive,21.6557003,82.79686199999999,5,"park, point_of_interest, establishment",parks,Chhattisgarh,Spring,Sarangarh-Bilaigarh,3
Junmani talab,21.3553714,83.0396679,0,"park, point_of_interest, establishment",parks,Chhattisgarh,Spring,Sarangarh-Bilaigarh,0
खइया / KHAIYA,21.7841151,83.1622201,0,"park, point_of_interest, establishment",parks,Chhattisgarh,Spring,Sarangarh-Bilaigarh,0
Hasaud Stop Dam,21.7590607,82.911057,0,"park, point_of_interest, establishment",parks,Chhattisgarh,Spring,Sarangarh-Bilaigarh,0
Park,21.3358619,82.99218139999999,1,"park, point_of_interest, establishment",parks,Chhattisgarh,Spring,Sarangarh-Bilaigarh,1
Pandit Dindayal Park Kumhari,21.6890289,83.0130578,4.1,"park, point_of_interest, establishment",parks,Chhattisgarh,Spring,Sarangarh-Bilaigarh,36
Chandra home garden,21.784435,83.0694022,5,"park, point_of_interest, establishment",parks,Chhattisgarh,Spring,Sarangarh-Bilaigarh,1
Cikhladabri,21.8269792,82.8671838,3.7,"park, point_of_interest, establishment",parks,Chhattisgarh,Spring,Sarangarh-Bilaigarh,19
Umariya,21.3594469,82.9244949,0,"park, point_of_interest, establishment",parks,Chhattisgarh,Spring,Sarangarh-Bilaigarh,0
Jora Bade Talab,21.6735452,82.8354502,0,"park, point_of_interest, establishment",parks,Chhattisgarh,Spring,Sarangarh-Bilaigarh,0
Jatin,21.5674854,83.2537536,0,"park, point_of_interest, establishment",parks,Chhattisgarh,Spring,Sarangarh-Bilaigarh,0
Tandan home,21.7237225,82.8220657,5,"park, point_of_interest, establishment",parks,Chhattisgarh,Spring,Sarangarh-Bilaigarh,2
Ajay nishad,21.6729828,82.87357949999999,0,"park, point_of_interest, establishment",parks,Chhattisgarh,Spring,Sarangarh-Bilaigarh,0
Ret ghat waterfoll,21.6561537,82.80859579999999,0,"park, point_of_interest, establishment",parks,Chhattisgarh,Spring,Sarangarh-Bilaigarh,0
Rai Family,21.7626403,82.90133870000001,0,"park, point_of_interest, establishment",parks,Chhattisgarh,Spring,Sarangarh-Bilaigarh,0
शहीद स्मृति उधान,21.5827448,83.08126,0,"park, point_of_interest, establishment",parks,Chhattisgarh,Spring,Sarangarh-Bilaigarh,0
Birju Nirala Home 🏡,21.609783,82.9583454,0,"park, point_of_interest, establishment",parks,Chhattisgarh,Spring,Sarangarh-Bilaigarh,0
"Timarlaga, Chhattisgarh",21.7006583,83.2081529,0,"park, point_of_interest, establishment",parks,Chhattisgarh,Spring,Sarangarh-Bilaigarh,0
Krishna kunj,21.645138,83.2813717,0,"park, point_of_interest, establishment",parks,Chhattisgarh,Spring,Sarangarh-Bilaigarh,0
श्री राम स्मृति उपवन,21.677905,82.99145190000002,0,"park, point_of_interest, establishment",parks,Chhattisgarh,Spring,Sarangarh-Bilaigarh,0
Chandua dongri,21.4983078,83.09282089999999,0,"park, point_of_interest, establishment",parks,Chhattisgarh,Spring,Sarangarh-Bilaigarh,0
तालाब रामपुर किरारी,21.7947908,83.1431489,0,"park, point_of_interest, establishment",parks,Chhattisgarh,Spring,Sarangarh-Bilaigarh,0
Satnam bhavan,21.7606748,82.8868463,0,"park, point_of_interest, establishment",parks,Chhattisgarh,Spring,Sarangarh-Bilaigarh,0
Saraipali talab,21.4627171,83.1103143,0,"park, point_of_interest, establishment",parks,Chhattisgarh,Spring,Sarangarh-Bilaigarh,0
Goutin Dai Garden,21.7812254,83.0853802,0,"park, point_of_interest, establishment",parks,Chhattisgarh,Spring,Sarangarh-Bilaigarh,0
"Mahabharat Museums Center, Chandrasini Temple",21.7065103,83.23214229999999,4.3,"museum, point_of_interest, establishment",museum,Chhattisgarh,Winter,Sarangarh-Bilaigarh,3
Hanuman Mandir,21.8452859,83.1543983,4.5,"museum, point_of_interest, establishment",museum,Chhattisgarh,Winter,Sarangarh-Bilaigarh,2
Ajay Gupta Marg,21.7097685,83.2357914,4.8,"museum, point_of_interest, establishment",museum,Chhattisgarh,Winter,Sarangarh-Bilaigarh,5
"smart village, Dhobanidih",21.6475767,82.8406677,4.2,"museum, point_of_interest, establishment",museum,Chhattisgarh,Winter,Sarangarh-Bilaigarh,15
Jagannath Mandir Khokhsipali,21.571614,83.0036451,4,"museum, point_of_interest, establishment",museum,Chhattisgarh,Winter,Sarangarh-Bilaigarh,10
"Girivilas Palace, Sarangarh",21.5835327,83.07711929999999,4.2,"tourist_attraction, point_of_interest, establishment",museum,Chhattisgarh,Winter,Sarangarh-Bilaigarh,200
NSP NIRALA MUSIC & FILM DABHARA,21.7659636,83.0479945,4,"museum, point_of_interest, establishment",museum,Chhattisgarh,Winter,Sarangarh-Bilaigarh,7
Malda,21.7518125,82.8389211,0,"museum, point_of_interest, establishment",museum,Chhattisgarh,Winter,Sarangarh-Bilaigarh,0
Fish Museum,21.7017604,83.2295077,4,"museum, point_of_interest, establishment",museum,Chhattisgarh,Winter,Sarangarh-Bilaigarh,22
राज बैण्ड पार्टी ठुठापाली,21.3657616,82.9420892,4.6,"museum, point_of_interest, establishment",museum,Chhattisgarh,Winter,Sarangarh-Bilaigarh,5
MALI GHAT SHIV LING,21.758767,83.0396602,5,"museum, point_of_interest, establishment",museum,Chhattisgarh,Winter,Sarangarh-Bilaigarh,1
Chharra Ambedkar chowk,21.7098846,83.15870009999999,0,"museum, point_of_interest, establishment",museum,Chhattisgarh,Winter,Sarangarh-Bilaigarh,0
Muni waterfall,21.5303922,83.23836969999999,4.2,"tourist_attraction, point_of_interest, establishment",waterfalls,Chhattisgarh,Monsoon,Sarangarh-Bilaigarh,13
Madosilli Waterfall,21.4580129,83.1758588,4,"tourist_attraction, point_of_interest, establishment",waterfalls,Chhattisgarh,Monsoon,Sarangarh-Bilaigarh,48
Makri Darha Waterfall,21.6057915,83.1952122,3.9,"tourist_attraction, point_of_interest, establishment",waterfalls,Chhattisgarh,Monsoon,Sarangarh-Bilaigarh,78
Madosilli Waterfall,21.5861652,83.07757099999999,4.2,"tourist_attraction, point_of_interest, establishment",waterfalls,Chhattisgarh,Monsoon,Sarangarh-Bilaigarh,339
"JHORJHORA WATERFALL, BADE AMAKONI",21.6404751,83.2366641,3.6,"tourist_attraction, point_of_interest, establishment",waterfalls,Chhattisgarh,Monsoon,Sarangarh-Bilaigarh,5
Devdarha waterfall,21.4680505,83.29163799999999,4.8,"tourist_attraction, point_of_interest, establishment",waterfalls,Chhattisgarh,Monsoon,Sarangarh-Bilaigarh,5
Khapan Waterfall,21.5144375,83.0026875,4.2,"tourist_attraction, point_of_interest, establishment",waterfalls,Chhattisgarh,Monsoon,Sarangarh-Bilaigarh,78
Adhrpani waterfall,21.456845,83.0605235,4.5,"tourist_attraction, point_of_interest, establishment",waterfalls,Chhattisgarh,Monsoon,Sarangarh-Bilaigarh,11
Kurrupat Waterfall,21.4615798,83.0206467,5,"tourist_attraction, point_of_interest, establishment",waterfalls,Chhattisgarh,Monsoon,Sarangarh-Bilaigarh,1
Makari,21.6058875,83.19495309999999,4.3,"tourist_attraction, point_of_interest, establishment",waterfalls,Chhattisgarh,Monsoon,Sarangarh-Bilaigarh,12
thipa waterfall,21.54985,83.0638451,0,"park, point_of_interest, establishment",waterfalls,Chhattisgarh,Monsoon,Sarangarh-Bilaigarh,0
"Aamakoni dam, Sarangarh (Putka Jalashay )",21.5475789,83.0889911,4.6,"tourist_attraction, point_of_interest, establishment",waterfalls,Chhattisgarh,Monsoon,Sarangarh-Bilaigarh,17
Forest Rest House Madosilli,21.4578937,83.1775285,4.2,"tourist_attraction, point_of_interest, establishment",waterfalls,Chhattisgarh,Monsoon,Sarangarh-Bilaigarh,17
Mini Waterfall Kensara,21.803945,83.294946,3.8,"amusement_park, point_of_interest, establishment",waterfalls,Chhattisgarh,Monsoon,Sarangarh-Bilaigarh,4
Bahmandai Pahad,21.5634338,83.06418,3.9,"tourist_attraction, point_of_interest, establishment",waterfalls,Chhattisgarh,Monsoon,Sarangarh-Bilaigarh,10
SUMEET BAZAAR SARAIPALI,21.3125868,83.00593049999999,3.8,"clothing_store, grocery_or_supermarket, store, food, point_of_interest, establishment",beaches,Chhattisgarh,Summer,Sarangarh-Bilaigarh,196
Gomarda Office,21.5985915,83.0642675,4.1,"zoo, point_of_interest, establishment",zoo,Chhattisgarh,Winter,Sarangarh-Bilaigarh,64
Maa Chandrahasini Temple,21.7059125,83.2325469,4.4,"hindu_temple, tourist_attraction, place_of_worship, point_of_interest, establishment",temples,Chhattisgarh,All Seasons,Sarangarh-Bilaigarh,5915
Jambahlin Temple,21.3134782,83.0334532,4.7,"hindu_temple, place_of_worship, point_of_interest, establishment",temples,Chhattisgarh,All Seasons,Sarangarh-Bilaigarh,15
Ghateshwari Temple,21.3114862,82.98193409999999,4.5,"hindu_temple, place_of_worship, point_of_interest, establishment",temples,Chhattisgarh,All Seasons,Sarangarh-Bilaigarh,74
Durga Temple,21.6230661,83.26465739999999,4.8,"hindu_temple, place_of_worship, point_of_interest, establishment",temples,Chhattisgarh,All Seasons,Sarangarh-Bilaigarh,8
Temple,21.3150234,83.02825949999999,3.7,"hindu_temple, place_of_worship, point_of_interest, establishment",temples,Chhattisgarh,All Seasons,Sarangarh-Bilaigarh,11
Maa Nathaldaai Temple,21.7016875,83.2307969,4.4,"hindu_temple, place_of_worship, point_of_interest, establishment",temples,Chhattisgarh,All Seasons,Sarangarh-Bilaigarh,275
"Ma Samlai Temple, harethikala",21.7735606,82.85417989999999,4.1,"hindu_temple, place_of_worship, point_of_interest, establishment",temples,Chhattisgarh,All Seasons,Sarangarh-Bilaigarh,12
Jagannath Temple,21.7760563,83.2928725,5,"hindu_temple, place_of_worship, point_of_interest, establishment",temples,Chhattisgarh,All Seasons,Sarangarh-Bilaigarh,6
Shiva temple,21.342084,83.2961471,5,"hindu_temple, place_of_worship, point_of_interest, establishment",temples,Chhattisgarh,All Seasons,Sarangarh-Bilaigarh,1
Mahadev Temple,21.6197762,83.1307412,4.8,"hindu_temple, place_of_worship, point_of_interest, establishment",temples,Chhattisgarh,All Seasons,Sarangarh-Bilaigarh,4
Siva Temple Laat Nala,21.6096068,83.1671882,4.5,"hindu_temple, place_of_worship, point_of_interest, establishment",temples,Chhattisgarh,All Seasons,Sarangarh-Bilaigarh,2
Shiva Temple,21.7494145,83.3052254,4.4,"hindu_temple, place_of_worship, point_of_interest, establishment",temples,Chhattisgarh,All Seasons,Sarangarh-Bilaigarh,7
shiv Temple,21.3242558,82.8981586,5,"hindu_temple, place_of_worship, point_of_interest, establishment",temples,Chhattisgarh,All Seasons,Sarangarh-Bilaigarh,1
Radhakrishna temple,21.317534,83.3462922,4.5,"hindu_temple, place_of_worship, point_of_interest, establishment",temples,Chhattisgarh,All Seasons,Sarangarh-Bilaigarh,2
Malakar Temple,21.4887229,83.2696825,5,"hindu_temple, place_of_worship, point_of_interest, establishment",temples,Chhattisgarh,All Seasons,Sarangarh-Bilaigarh,1
Mahadev temple kosampali,21.8456315,82.8640623,5,"hindu_temple, place_of_worship, point_of_interest, establishment",temples,Chhattisgarh,All Seasons,Sarangarh-Bilaigarh,1
Jaganath Temple,21.8191716,83.31181769999999,5,"hindu_temple, place_of_worship, point_of_interest, establishment",temples,Chhattisgarh,All Seasons,Sarangarh-Bilaigarh,4
मां सती मंदिर Maa Sati Temple,21.8335711,83.35854979999999,5,"hindu_temple, place_of_worship, point_of_interest, establishment",temples,Chhattisgarh,All Seasons,Sarangarh-Bilaigarh,2
Kaali Maa Temple Madhopali,21.574685,83.1580202,4.7,"hindu_temple, place_of_worship, point_of_interest, establishment",temples,Chhattisgarh,All Seasons,Sarangarh-Bilaigarh,19
Hill Mandir,21.8259592,83.202474,4.1,"hindu_temple, place_of_worship, point_of_interest, establishment",hills,Chhattisgarh,Winter,Sarangarh-Bilaigarh,10
Siv ji & Ganesh hill Temple,21.6191689,82.8223399,4,"hindu_temple, place_of_worship, point_of_interest, establishment",hills,Chhattisgarh,Winter,Sarangarh-Bilaigarh,1
Silori Hill,21.6451292,83.0502193,3,"natural_feature, establishment",hills,Chhattisgarh,Winter,Sarangarh-Bilaigarh,2
Mama bhancha khoksa,21.4230513,82.9024649,4.8,"place_of_worship, point_of_interest, establishment",hills,Chhattisgarh,Winter,Sarangarh-Bilaigarh,11
Madosilli Waterfall,21.5861652,83.07757099999999,4.2,"tourist_attraction, point_of_interest, establishment",attraction,Chhattisgarh,All Seasons,Sarangarh-Bilaigarh,339
Makri Darha Waterfall,21.6057915,83.1952122,3.9,"tourist_attraction, point_of_interest, establishment",attraction,Chhattisgarh,All Seasons,Sarangarh-Bilaigarh,78
Khapan Waterfall,21.5144375,83.0026875,4.2,"tourist_attraction, point_of_interest, establishment",attraction,Chhattisgarh,All Seasons,Sarangarh-Bilaigarh,78
Kinkari dam,21.4568113,83.2980451,4.2,"tourist_attraction, point_of_interest, establishment",attraction,Chhattisgarh,All Seasons,Sarangarh-Bilaigarh,111
Water Tank (view point),21.7650535,83.079715,4.3,"tourist_attraction, point_of_interest, establishment",attraction,Chhattisgarh,All Seasons,Sarangarh-Bilaigarh,3
Watch Tower Baramkela,21.565299,83.2203674,3.8,"tourist_attraction, point_of_interest, establishment",attraction,Chhattisgarh,All Seasons,Sarangarh-Bilaigarh,5
MOR DABHARA,21.78177,83.0719269,4.3,"tourist_attraction, point_of_interest, establishment",attraction,Chhattisgarh,All Seasons,Sarangarh-Bilaigarh,16
Ranisagar Talab,21.6365664,83.34612840000001,3.8,"tourist_attraction, point_of_interest, establishment",attraction,Chhattisgarh,All Seasons,Sarangarh-Bilaigarh,5
Durga chabutra,21.8465575,83.1646516,4.7,"tourist_attraction, point_of_interest, establishment",attraction,Chhattisgarh,All Seasons,Sarangarh-Bilaigarh,3
New pond,21.791136,83.16389679999999,0,"tourist_attraction, point_of_interest, establishment",attraction,Chhattisgarh,All Seasons,Sarangarh-Bilaigarh,0
I Love Bhatgaon,21.6558767,82.79661019999999,5,"tourist_attraction, point_of_interest, establishment",attraction,Chhattisgarh,All Seasons,Sarangarh-Bilaigarh,3
Nunpani picnic spot,21.3683588,83.00090829999999,5,"tourist_attraction, point_of_interest, establishment",attraction,Chhattisgarh,All Seasons,Sarangarh-Bilaigarh,1
Muni waterfall,21.5303922,83.23836969999999,4.2,"tourist_attraction, point_of_interest, establishment",attraction,Chhattisgarh,All Seasons,Sarangarh-Bilaigarh,13
Kedar bandh,21.5640097,82.9743082,4.3,"tourist_attraction, point_of_interest, establishment",attraction,Chhattisgarh,All Seasons,Sarangarh-Bilaigarh,28
Mahanadi island,21.7220907,82.94155239999999,2,"tourist_attraction, point_of_interest, establishment",attraction,Chhattisgarh,All Seasons,Sarangarh-Bilaigarh,6
Bahmandai Pahad,21.5634338,83.06418,3.9,"tourist_attraction, point_of_interest, establishment",attraction,Chhattisgarh,All Seasons,Sarangarh-Bilaigarh,10
Bandhapali daim,21.5687544,83.1609534,5,"tourist_attraction, point_of_interest, establishment",attraction,Chhattisgarh,All Seasons,Sarangarh-Bilaigarh,1
Chantipali dam,21.5765617,83.2426383,4.3,"tourist_attraction, point_of_interest, establishment",attraction,Chhattisgarh,All Seasons,Sarangarh-Bilaigarh,3
Hasaud stop dam,21.7537212,82.8995356,4,"tourist_attraction, point_of_interest, establishment",attraction,Chhattisgarh,All Seasons,Sarangarh-Bilaigarh,11
Kurrupat Waterfall,21.4615798,83.0206467,5,"tourist_attraction, point_of_interest, establishment",attraction,Chhattisgarh,All Seasons,Sarangarh-Bilaigarh,1
Bharat satnami,21.842873,83.230764,4,"tourist_attraction, point_of_interest, establishment",attraction,Chhattisgarh,All Seasons,Sarangarh-Bilaigarh,2
BADE AAMAKONI DAM,21.612435,83.24680099999999,3,"tourist_attraction, point_of_interest, establishment",attraction,Chhattisgarh,All Seasons,Sarangarh-Bilaigarh,4
पिकनिक स्पोट 2,21.6983396,83.2277931,3.7,"tourist_attraction, point_of_interest, establishment",attraction,Chhattisgarh,All Seasons,Sarangarh-Bilaigarh,41
View Point,21.5157115,83.0016895,0,"tourist_attraction, point_of_interest, establishment",attraction,Chhattisgarh,All Seasons,Sarangarh-Bilaigarh,0
Dam,21.6797155,83.09875699999999,4.3,"tourist_attraction, point_of_interest, establishment",attraction,Chhattisgarh,All Seasons,Sarangarh-Bilaigarh,12
Mahanadi - Maand nadi sangam,21.7017252,83.25255349999999,3.6,"tourist_attraction, point_of_interest, establishment",attraction,Chhattisgarh,All Seasons,Sarangarh-Bilaigarh,5
हमर बोरे Hamar Bore,21.5938127,83.34157789999999,4,"tourist_attraction, point_of_interest, establishment",attraction,Chhattisgarh,All Seasons,Sarangarh-Bilaigarh,3
Madosilli Waterfall,21.4580129,83.1758588,4,"tourist_attraction, point_of_interest, establishment",attraction,Chhattisgarh,All Seasons,Sarangarh-Bilaigarh,48
Patthar Khadan,21.5719703,83.27949559999999,4,"tourist_attraction, point_of_interest, establishment",attraction,Chhattisgarh,All Seasons,Sarangarh-Bilaigarh,7
Devdarha waterfall,21.4680505,83.29163799999999,4.8,"tourist_attraction, point_of_interest, establishment",attraction,Chhattisgarh,All Seasons,Sarangarh-Bilaigarh,5
माहा नीम,21.5495909,82.923541,5,"tourist_attraction, point_of_interest, establishment",attraction,Chhattisgarh,All Seasons,Sarangarh-Bilaigarh,1
साराडीह बैराज परियोजना,21.7198092,83.1348032,3.8,"tourist_attraction, point_of_interest, establishment",attraction,Chhattisgarh,All Seasons,Sarangarh-Bilaigarh,91
Adhrpani waterfall,21.456845,83.0605235,4.5,"tourist_attraction, point_of_interest, establishment",attraction,Chhattisgarh,All Seasons,Sarangarh-Bilaigarh,11
gurughasidas jai stambh,21.8109793,82.78944059999999,4.5,"tourist_attraction, point_of_interest, establishment",attraction,Chhattisgarh,All Seasons,Sarangarh-Bilaigarh,2
पिकनिक स्पोट 1,21.6990625,83.2268125,2.8,"tourist_attraction, point_of_interest, establishment",attraction,Chhattisgarh,All Seasons,Sarangarh-Bilaigarh,16
Nawa talab,21.8433613,82.9729363,0,"tourist_attraction, point_of_interest, establishment",attraction,Chhattisgarh,All Seasons,Sarangarh-Bilaigarh,0
Dharadhara dam,21.4586863,83.3028018,3,"tourist_attraction, point_of_interest, establishment",attraction,Chhattisgarh,All Seasons,Sarangarh-Bilaigarh,2
Makari,21.6058875,83.19495309999999,4.3,"tourist_attraction, point_of_interest, establishment",attraction,Chhattisgarh,All Seasons,Sarangarh-Bilaigarh,12
Mountain,21.5666896,82.86172380000001,0,"tourist_attraction, point_of_interest, establishment",attraction,Chhattisgarh,All Seasons,Sarangarh-Bilaigarh,0
"Aamakoni dam, Sarangarh (Putka Jalashay )",21.5475789,83.0889911,4.6,"tourist_attraction, point_of_interest, establishment",attraction,Chhattisgarh,All Seasons,Sarangarh-Bilaigarh,17
Chicholi stop dam,21.7241726,82.7858763,4.5,"tourist_attraction, point_of_interest, establishment",attraction,Chhattisgarh,All Seasons,Sarangarh-Bilaigarh,16
Kanwariha Taal,21.821204,83.30892949999999,4.4,"tourist_attraction, point_of_interest, establishment",attraction,Chhattisgarh,All Seasons,Sarangarh-Bilaigarh,5
Manjurpali AHM pond,21.4031125,83.2350156,4.7,"tourist_attraction, point_of_interest, establishment",attraction,Chhattisgarh,All Seasons,Sarangarh-Bilaigarh,9
Dem Tapu Piknik Ilaka Himanshu,21.5573147,82.9793129,3.6,"tourist_attraction, hindu_temple, place_of_worship, point_of_interest, establishment",attraction,Chhattisgarh,All Seasons,Sarangarh-Bilaigarh,5
Gobara Basti Turning Point,21.8321419,83.07180249999999,3.3,"tourist_attraction, point_of_interest, establishment",attraction,Chhattisgarh,All Seasons,Sarangarh-Bilaigarh,3
Ledi talab,21.6720129,83.0308113,0,"tourist_attraction, point_of_interest, establishment",attraction,Chhattisgarh,All Seasons,Sarangarh-Bilaigarh,0
Ghoghra Nala घोघरा बरमकेला,21.5667754,83.24105519999999,5,"tourist_attraction, point_of_interest, establishment",attraction,Chhattisgarh,All Seasons,Sarangarh-Bilaigarh,2
Barekel ghat,21.7150089,82.9108909,0,"tourist_attraction, point_of_interest, establishment",attraction,Chhattisgarh,All Seasons,Sarangarh-Bilaigarh,0
"Girivilas Palace, Sarangarh",21.5835327,83.07711929999999,4.2,"tourist_attraction, point_of_interest, establishment",attraction,Chhattisgarh,All Seasons,Sarangarh-Bilaigarh,200
Forest Rest House Madosilli,21.4578937,83.1775285,4.2,"tourist_attraction, point_of_interest, establishment",attraction,Chhattisgarh,All Seasons,Sarangarh-Bilaigarh,17
Bajrang manch haldharpali,21.5659445,83.0154664,5,"tourist_attraction, point_of_interest, establishment",attraction,Chhattisgarh,All Seasons,Sarangarh-Bilaigarh,1
Sendri river dam,21.7794934,82.80789659999999,5,"tourist_attraction, point_of_interest, establishment",attraction,Chhattisgarh,All Seasons,Sarangarh-Bilaigarh,5
Dongaripali dam,21.3277266,83.1915594,4.7,"tourist_attraction, point_of_interest, establishment",attraction,Chhattisgarh,All Seasons,Sarangarh-Bilaigarh,7
दरहा घाट,21.7054592,83.2332393,3,"tourist_attraction, point_of_interest, establishment",attraction,Chhattisgarh,All Seasons,Sarangarh-Bilaigarh,1
Laat Nala (लात नाला),21.5741017,83.1570575,0,"tourist_attraction, point_of_interest, establishment",attraction,Chhattisgarh,All Seasons,Sarangarh-Bilaigarh,0
Santosh house,21.6526096,82.8559854,0,"tourist_attraction, point_of_interest, establishment",attraction,Chhattisgarh,All Seasons,Sarangarh-Bilaigarh,0
Paraskol bade,21.6285982,82.991816,3.3,"tourist_attraction, point_of_interest, establishment",attraction,Chhattisgarh,All Seasons,Sarangarh-Bilaigarh,4
Pardhiyapali post -Hattapali,21.4214403,83.2168385,4.9,"tourist_attraction, point_of_interest, establishment",attraction,Chhattisgarh,All Seasons,Sarangarh-Bilaigarh,7
Dussehra Maidan,21.7493236,82.9157341,4,"tourist_attraction, point_of_interest, establishment",attraction,Chhattisgarh,All Seasons,Sarangarh-Bilaigarh,1
Nawapara khet,21.7004066,83.3221927,0,"tourist_attraction, point_of_interest, establishment",attraction,Chhattisgarh,All Seasons,Sarangarh-Bilaigarh,0
South Colony Park,21.1848497,80.76063889999999,5,"park, point_of_interest, establishment",parks,Chhattisgarh,Spring,Khairagarh-Chhuikhadan-Gandai,3
Krishna Nagar Park,21.1883913,80.7706066,3,"park, point_of_interest, establishment",parks,Chhattisgarh,Spring,Khairagarh-Chhuikhadan-Gandai,22
Shahid Park,21.5216074,80.9952557,4,"park, point_of_interest, establishment",parks,Chhattisgarh,Spring,Khairagarh-Chhuikhadan-Gandai,393
Gaurav Path Dgg,21.1858923,80.7582044,4.8,"park, point_of_interest, establishment",parks,Chhattisgarh,Spring,Khairagarh-Chhuikhadan-Gandai,13
B.tech farma dam,21.3800375,81.0472656,5,"park, point_of_interest, establishment",parks,Chhattisgarh,Spring,Khairagarh-Chhuikhadan-Gandai,2
Parpodi Park,21.5848489,81.20321009999999,3.7,"park, point_of_interest, establishment",parks,Chhattisgarh,Spring,Khairagarh-Chhuikhadan-Gandai,270
Panchvan,21.2559291,81.2092092,4.2,"park, point_of_interest, establishment",parks,Chhattisgarh,Spring,Khairagarh-Chhuikhadan-Gandai,35
Nigo Dam,21.2583336,80.7742906,4.7,"park, point_of_interest, establishment",parks,Chhattisgarh,Spring,Khairagarh-Chhuikhadan-Gandai,3
वर्मा कृषि फार्म (परसबोड़),21.2127158,81.1148008,5,"park, point_of_interest, establishment",parks,Chhattisgarh,Spring,Khairagarh-Chhuikhadan-Gandai,1
Bagh cave,21.6761515,81.0358416,3.9,"park, point_of_interest, establishment",parks,Chhattisgarh,Spring,Khairagarh-Chhuikhadan-Gandai,9
Shagun's farm,21.255762,81.2348926,4.9,"park, point_of_interest, establishment",parks,Chhattisgarh,Spring,Khairagarh-Chhuikhadan-Gandai,14
7 fox,21.230301,81.222101,5,"park, point_of_interest, establishment",parks,Chhattisgarh,Spring,Khairagarh-Chhuikhadan-Gandai,7
AMT FORM,21.212288,81.117138,5,"park, point_of_interest, establishment",parks,Chhattisgarh,Spring,Khairagarh-Chhuikhadan-Gandai,1
टंडन कृषि फार्म (बाहरा खार),21.2032562,80.9009197,5,"park, point_of_interest, establishment",parks,Chhattisgarh,Spring,Khairagarh-Chhuikhadan-Gandai,1
"अटल चौंक, पुरैना",21.2070618,80.9457173,5,"park, point_of_interest, establishment",parks,Chhattisgarh,Spring,Khairagarh-Chhuikhadan-Gandai,1
Beersing bor,21.2532425,81.0866942,3,"park, point_of_interest, establishment",parks,Chhattisgarh,Spring,Khairagarh-Chhuikhadan-Gandai,2
Banbod,21.2926623,80.8549373,4.3,"park, point_of_interest, establishment",parks,Chhattisgarh,Spring,Khairagarh-Chhuikhadan-Gandai,3
Bhagat Tomato Farm,21.5215232,81.10080529999999,5,"park, point_of_interest, establishment",parks,Chhattisgarh,Spring,Khairagarh-Chhuikhadan-Gandai,4
Mango park,21.2100968,80.9541244,0,"park, point_of_interest, establishment",parks,Chhattisgarh,Spring,Khairagarh-Chhuikhadan-Gandai,0
Park,21.1730229,80.8016586,0,"park, point_of_interest, establishment",parks,Chhattisgarh,Spring,Khairagarh-Chhuikhadan-Gandai,0
pani tanki chhote purda,21.3393964,81.2245557,5,"park, point_of_interest, establishment",parks,Chhattisgarh,Spring,Khairagarh-Chhuikhadan-Gandai,1
Sahu park,21.1886658,81.2711269,0,"park, point_of_interest, establishment",parks,Chhattisgarh,Spring,Khairagarh-Chhuikhadan-Gandai,0
Bhadbhadi Dam,21.6659401,81.0549489,3.6,"park, point_of_interest, establishment",parks,Chhattisgarh,Spring,Khairagarh-Chhuikhadan-Gandai,20
Char bhata,21.302901,81.1376234,5,"park, point_of_interest, establishment",parks,Chhattisgarh,Spring,Khairagarh-Chhuikhadan-Gandai,1
Parikrama Garden,21.1760671,80.7462931,3.9,"park, point_of_interest, establishment",parks,Chhattisgarh,Spring,Khairagarh-Chhuikhadan-Gandai,25
Mangata Jungle & Safari Park,21.2038601,81.15645099999999,3.9,"park, point_of_interest, establishment",parks,Chhattisgarh,Spring,Khairagarh-Chhuikhadan-Gandai,1445
कँहारगाव बंधा (Kanhargaon Bandh),21.2524235,80.79534699999999,5,"park, point_of_interest, establishment",parks,Chhattisgarh,Spring,Khairagarh-Chhuikhadan-Gandai,1
Verma krishi farm,21.5981837,81.2235469,5,"park, point_of_interest, establishment",parks,Chhattisgarh,Spring,Khairagarh-Chhuikhadan-Gandai,1
Van chetna Kendra mangata,21.2038551,81.15648399999999,3.3,"park, point_of_interest, establishment",parks,Chhattisgarh,Spring,Khairagarh-Chhuikhadan-Gandai,8
Banana form house (kela badi) Banke lal verma,21.5230035,81.0278727,4.3,"park, point_of_interest, establishment",parks,Chhattisgarh,Spring,Khairagarh-Chhuikhadan-Gandai,6
mangata forest park,21.2036669,81.1633088,3.9,"park, point_of_interest, establishment",parks,Chhattisgarh,Spring,Khairagarh-Chhuikhadan-Gandai,20
Mahalodhi farm,21.4077405,81.2181416,5,"park, point_of_interest, establishment",parks,Chhattisgarh,Spring,Khairagarh-Chhuikhadan-Gandai,1
FARMS VILLA,21.1516616,81.26912300000001,0,"park, point_of_interest, establishment",parks,Chhattisgarh,Spring,Khairagarh-Chhuikhadan-Gandai,0
Funda,21.3437581,81.25676399999999,0,"park, point_of_interest, establishment",parks,Chhattisgarh,Spring,Khairagarh-Chhuikhadan-Gandai,0
Atal Udhyan,21.4245222,80.975866,4,"park, point_of_interest, establishment",parks,Chhattisgarh,Spring,Khairagarh-Chhuikhadan-Gandai,238
Mahadev Group madrakuhi,21.3910654,81.0432146,4,"park, point_of_interest, establishment",parks,Chhattisgarh,Spring,Khairagarh-Chhuikhadan-Gandai,1
Krisn kunj,21.5902685,81.2113576,0,"park, point_of_interest, establishment",parks,Chhattisgarh,Spring,Khairagarh-Chhuikhadan-Gandai,0
बड़े घाट मोतीनाल गोपालपुर,21.5231086,81.02949579999999,0,"park, point_of_interest, establishment",parks,Chhattisgarh,Spring,Khairagarh-Chhuikhadan-Gandai,0
शिव कोकड़ी डैम अमनेर,21.4147645,81.2034548,5,"park, point_of_interest, establishment",parks,Chhattisgarh,Spring,Khairagarh-Chhuikhadan-Gandai,4
Tikam verma,21.45717,80.8959141,0,"park, point_of_interest, establishment",parks,Chhattisgarh,Spring,Khairagarh-Chhuikhadan-Gandai,0
Jungle view,21.1938197,81.13840119999999,0,"park, point_of_interest, establishment",parks,Chhattisgarh,Spring,Khairagarh-Chhuikhadan-Gandai,0
DRS FARM,21.1572177,81.2336645,5,"park, point_of_interest, establishment",parks,Chhattisgarh,Spring,Khairagarh-Chhuikhadan-Gandai,1
Vicky home,21.2918627,80.9304635,5,"park, point_of_interest, establishment",parks,Chhattisgarh,Spring,Khairagarh-Chhuikhadan-Gandai,1
आजाद चौक,21.6359412,81.1837681,0,"park, point_of_interest, establishment",parks,Chhattisgarh,Spring,Khairagarh-Chhuikhadan-Gandai,0
Singh family land in purda,21.3358182,81.24702529999999,0,"park, point_of_interest, establishment",parks,Chhattisgarh,Spring,Khairagarh-Chhuikhadan-Gandai,0
Misiya Bada Garden,21.1822322,80.7644919,3.7,"park, point_of_interest, establishment",parks,Chhattisgarh,Spring,Khairagarh-Chhuikhadan-Gandai,50
गुहा निषाद राज सेतु (Durg),21.1644863,81.2637515,0,"park, point_of_interest, establishment",parks,Chhattisgarh,Spring,Khairagarh-Chhuikhadan-Gandai,0
Gadaghat jangal talab,21.3826134,80.8031716,0,"park, point_of_interest, establishment",parks,Chhattisgarh,Spring,Khairagarh-Chhuikhadan-Gandai,0
बरपेड़ चौक भरदा कला,21.3646229,81.0069589,2.7,"park, point_of_interest, establishment",parks,Chhattisgarh,Spring,Khairagarh-Chhuikhadan-Gandai,6
Tarachnd kurre,21.4763959,81.2388517,0,"park, point_of_interest, establishment",parks,Chhattisgarh,Spring,Khairagarh-Chhuikhadan-Gandai,0
Gt agriculture,21.210979,81.134942,0,"park, point_of_interest, establishment",parks,Chhattisgarh,Spring,Khairagarh-Chhuikhadan-Gandai,0
OHL,21.5282333,80.9983915,0,"park, point_of_interest, establishment",parks,Chhattisgarh,Spring,Khairagarh-Chhuikhadan-Gandai,0
sahspur temari,21.3902274,80.8428752,0,"park, point_of_interest, establishment",parks,Chhattisgarh,Spring,Khairagarh-Chhuikhadan-Gandai,0
Saikat saikat,21.1918562,81.2637001,5,"park, point_of_interest, establishment",parks,Chhattisgarh,Spring,Khairagarh-Chhuikhadan-Gandai,1
DIXIT farm,21.2473595,81.22083490000001,0,"park, point_of_interest, establishment",parks,Chhattisgarh,Spring,Khairagarh-Chhuikhadan-Gandai,0
Rakesh Kumar,21.3918799,81.1951534,0,"park, point_of_interest, establishment",parks,Chhattisgarh,Spring,Khairagarh-Chhuikhadan-Gandai,0
Rastogi's,21.2371352,81.25236819999999,1,"park, point_of_interest, establishment",parks,Chhattisgarh,Spring,Khairagarh-Chhuikhadan-Gandai,1
Pankaj krishi farm house,21.23058,81.21054,0,"park, point_of_interest, establishment",parks,Chhattisgarh,Spring,Khairagarh-Chhuikhadan-Gandai,0
Chhuikhadan Reserve Forest,21.6348243,80.74304219999999,4.3,"park, point_of_interest, establishment",parks,Chhattisgarh,Spring,Khairagarh-Chhuikhadan-Gandai,3
ViRa form House,21.2174048,81.0382016,0,"park, point_of_interest, establishment",parks,Chhattisgarh,Spring,Khairagarh-Chhuikhadan-Gandai,0
RANI AVANTIBAI MEMORIAL,21.3372219,81.1223049,4,"museum, point_of_interest, establishment",museum,Chhattisgarh,Winter,Khairagarh-Chhuikhadan-Gandai,5
बजरंग चौक बहेराभाटा,21.3325591,81.0439583,3.3,"museum, point_of_interest, establishment",museum,Chhattisgarh,Winter,Khairagarh-Chhuikhadan-Gandai,9
Jhilmili nadi,21.6209443,81.00473559999999,5,"museum, point_of_interest, establishment",museum,Chhattisgarh,Winter,Khairagarh-Chhuikhadan-Gandai,1
Chuna gota waterfall,21.2606005,80.69702389999999,3.8,"tourist_attraction, point_of_interest, establishment",waterfalls,Chhattisgarh,Monsoon,Khairagarh-Chhuikhadan-Gandai,79
Dongeshwar Mahadev Waterfall,21.6420625,81.0108594,4.6,"tourist_attraction, point_of_interest, establishment",waterfalls,Chhattisgarh,Monsoon,Khairagarh-Chhuikhadan-Gandai,22
KAURUWA WATERFALL,21.5022399,80.8307196,4.4,"tourist_attraction, point_of_interest, establishment",waterfalls,Chhattisgarh,Monsoon,Khairagarh-Chhuikhadan-Gandai,10
Nathela Waterfall,21.5197375,80.94014059999999,4.3,"tourist_attraction, point_of_interest, establishment",waterfalls,Chhattisgarh,Monsoon,Khairagarh-Chhuikhadan-Gandai,72
BHOTHALI WATERFALL,21.5241326,80.80569469999999,4,"tourist_attraction, point_of_interest, establishment",waterfalls,Chhattisgarh,Monsoon,Khairagarh-Chhuikhadan-Gandai,21
Raurkasa Dam,21.2132724,80.691864,4.5,"tourist_attraction, point_of_interest, establishment",waterfalls,Chhattisgarh,Monsoon,Khairagarh-Chhuikhadan-Gandai,10
Bhothli bhujari waterfall,21.5018057,80.8132943,4,"tourist_attraction, point_of_interest, establishment",waterfalls,Chhattisgarh,Monsoon,Khairagarh-Chhuikhadan-Gandai,7
Bharritola Dam,21.212416,80.7288252,4.4,"tourist_attraction, point_of_interest, establishment",waterfalls,Chhattisgarh,Monsoon,Khairagarh-Chhuikhadan-Gandai,20
Lachhnaa waterfall,21.5807906,80.7817087,5,"tourist_attraction, point_of_interest, establishment",waterfalls,Chhattisgarh,Monsoon,Khairagarh-Chhuikhadan-Gandai,1
Nigo Dam,21.2583336,80.7742906,4.7,"park, point_of_interest, establishment",waterfalls,Chhattisgarh,Monsoon,Khairagarh-Chhuikhadan-Gandai,3
Chhindari Dam,21.5410837,80.9261258,4.2,"tourist_attraction, point_of_interest, establishment",waterfalls,Chhattisgarh,Monsoon,Khairagarh-Chhuikhadan-Gandai,228
Baital Rani Ghati,21.6162838,80.87048,4.3,"tourist_attraction, point_of_interest, establishment",waterfalls,Chhattisgarh,Monsoon,Khairagarh-Chhuikhadan-Gandai,282
Dongargarh Sky view,21.1792475,80.7501109,4.2,"tourist_attraction, point_of_interest, establishment",waterfalls,Chhattisgarh,Monsoon,Khairagarh-Chhuikhadan-Gandai,65
Gaurav Path Dgg,21.1858923,80.7582044,4.8,"park, point_of_interest, establishment",waterfalls,Chhattisgarh,Monsoon,Khairagarh-Chhuikhadan-Gandai,13
Kanha waterfall,21.2032424,80.7614804,0,"park, point_of_interest, establishment",waterfalls,Chhattisgarh,Monsoon,Khairagarh-Chhuikhadan-Gandai,0
Manki(Purena) Dam,21.2177188,80.9519407,4.5,"tourist_attraction, point_of_interest, establishment",waterfalls,Chhattisgarh,Monsoon,Khairagarh-Chhuikhadan-Gandai,11
Kedar Badi Garden,21.1940615,80.761847,3.5,"park, point_of_interest, establishment",waterfalls,Chhattisgarh,Monsoon,Khairagarh-Chhuikhadan-Gandai,133
Sumeet Bazaar,21.165538,81.263931,3.7,"clothing_store, store, point_of_interest, establishment",beaches,Chhattisgarh,Summer,Khairagarh-Chhuikhadan-Gandai,779
Chandi Mandir,21.1915143,81.2714149,4.5,"hindu_temple, tourist_attraction, place_of_worship, point_of_interest, establishment",zoo,Chhattisgarh,Winter,Khairagarh-Chhuikhadan-Gandai,1227
Shri Shiv Kokadi Temple,21.4110269,81.2066205,4.5,"hindu_temple, place_of_worship, point_of_interest, establishment",temples,Chhattisgarh,All Seasons,Khairagarh-Chhuikhadan-Gandai,181
"Bhawani Mata Mandir ,Dhara Karela",21.2798397,80.8437075,4.4,"hindu_temple, place_of_worship, point_of_interest, establishment",temples,Chhattisgarh,All Seasons,Khairagarh-Chhuikhadan-Gandai,280
Baital Rani Temple,21.6174497,80.8652518,4.2,"hindu_temple, place_of_worship, point_of_interest, establishment",temples,Chhattisgarh,All Seasons,Khairagarh-Chhuikhadan-Gandai,176
108 Shree Uwassaggaharam Parshwa Tirth,21.2312003,81.21459809999999,4.5,"place_of_worship, point_of_interest, establishment",temples,Chhattisgarh,All Seasons,Khairagarh-Chhuikhadan-Gandai,170
Bhavani Mata Temple,21.2822698,80.85237289999999,4.3,"hindu_temple, place_of_worship, point_of_interest, establishment",temples,Chhattisgarh,All Seasons,Khairagarh-Chhuikhadan-Gandai,533
Uvasaghram Jain Temple,21.2303469,81.2161066,4.6,"place_of_worship, point_of_interest, establishment",temples,Chhattisgarh,All Seasons,Khairagarh-Chhuikhadan-Gandai,88
Sai Temple Dongargarh cg.,21.1909132,80.7593943,4.6,"hindu_temple, place_of_worship, point_of_interest, establishment",temples,Chhattisgarh,All Seasons,Khairagarh-Chhuikhadan-Gandai,7
Jagannath temple,21.4226822,80.97631229999999,4.5,"hindu_temple, place_of_worship, point_of_interest, establishment",temples,Chhattisgarh,All Seasons,Khairagarh-Chhuikhadan-Gandai,19
Navkar Parisar Baba Ramdev Temple,21.1778686,81.2648384,4.7,"hindu_temple, place_of_worship, point_of_interest, establishment",temples,Chhattisgarh,All Seasons,Khairagarh-Chhuikhadan-Gandai,45
Shri Pahadipath Temple,21.1921653,81.15791639999999,4,"hindu_temple, place_of_worship, point_of_interest, establishment",temples,Chhattisgarh,All Seasons,Khairagarh-Chhuikhadan-Gandai,98
Shiv Temple,21.2466067,81.2329165,4.2,"hindu_temple, place_of_worship, point_of_interest, establishment",temples,Chhattisgarh,All Seasons,Khairagarh-Chhuikhadan-Gandai,10
Ma shitla temple,21.3369027,81.1272716,4.8,"hindu_temple, place_of_worship, point_of_interest, establishment",temples,Chhattisgarh,All Seasons,Khairagarh-Chhuikhadan-Gandai,5
Shivji Temple (Aurda),21.3149724,81.1225007,4.5,"hindu_temple, place_of_worship, point_of_interest, establishment",temples,Chhattisgarh,All Seasons,Khairagarh-Chhuikhadan-Gandai,4
Temple of lord sri hari luxmi vishnu bhgwan and shiva hanuman temple .,21.1820433,80.74791549999999,5,"hindu_temple, place_of_worship, point_of_interest, establishment",temples,Chhattisgarh,All Seasons,Khairagarh-Chhuikhadan-Gandai,2
Bijanapur Temple,21.2627503,80.8793604,3.5,"hindu_temple, place_of_worship, point_of_interest, establishment",temples,Chhattisgarh,All Seasons,Khairagarh-Chhuikhadan-Gandai,13
Top view of Dongargarh temple,21.1803011,80.7509484,4.4,"hindu_temple, place_of_worship, point_of_interest, establishment",temples,Chhattisgarh,All Seasons,Khairagarh-Chhuikhadan-Gandai,15
Shri Danteshwari Temple,21.1902579,80.756092,4,"hindu_temple, place_of_worship, point_of_interest, establishment",temples,Chhattisgarh,All Seasons,Khairagarh-Chhuikhadan-Gandai,25
Shri Vidya Temple,21.1631062,81.2247512,4.5,"hindu_temple, place_of_worship, point_of_interest, establishment",temples,Chhattisgarh,All Seasons,Khairagarh-Chhuikhadan-Gandai,12
Budhadev Mandir,21.1909891,80.7591194,4.2,"hindu_temple, place_of_worship, point_of_interest, establishment",temples,Chhattisgarh,All Seasons,Khairagarh-Chhuikhadan-Gandai,19
Mahadev Temple,21.1849122,80.75631330000002,5,"hindu_temple, place_of_worship, point_of_interest, establishment",temples,Chhattisgarh,All Seasons,Khairagarh-Chhuikhadan-Gandai,5
radha krishna temple Mahesh Colony,21.1707066,81.26175900000001,4.6,"hindu_temple, place_of_worship, point_of_interest, establishment",temples,Chhattisgarh,All Seasons,Khairagarh-Chhuikhadan-Gandai,99
Chhatagarh Temple,21.1898093,81.2403473,4.3,"hindu_temple, place_of_worship, point_of_interest, establishment",temples,Chhattisgarh,All Seasons,Khairagarh-Chhuikhadan-Gandai,160
Hanuman Temple,21.6048139,81.01409890000001,5,"hindu_temple, place_of_worship, point_of_interest, establishment",temples,Chhattisgarh,All Seasons,Khairagarh-Chhuikhadan-Gandai,1
Chhoti Bamleshwari Mata Mandir,21.1841425,80.7516856,4.7,"hindu_temple, place_of_worship, point_of_interest, establishment",temples,Chhattisgarh,All Seasons,Khairagarh-Chhuikhadan-Gandai,1386
Temple Of Khamhardih,21.3789473,80.90056539999999,4.3,"hindu_temple, place_of_worship, point_of_interest, establishment",temples,Chhattisgarh,All Seasons,Khairagarh-Chhuikhadan-Gandai,12
Mahadev Temple,21.1775421,81.2645032,3.9,"hindu_temple, place_of_worship, point_of_interest, establishment",temples,Chhattisgarh,All Seasons,Khairagarh-Chhuikhadan-Gandai,9
Temple,21.5594494,81.1983407,5,"hindu_temple, place_of_worship, point_of_interest, establishment",temples,Chhattisgarh,All Seasons,Khairagarh-Chhuikhadan-Gandai,1
hanuman temple,21.4151446,80.9858893,5,"hindu_temple, place_of_worship, point_of_interest, establishment",temples,Chhattisgarh,All Seasons,Khairagarh-Chhuikhadan-Gandai,2
Ram Mandir,21.3037542,80.9856889,4.2,"hindu_temple, place_of_worship, point_of_interest, establishment",temples,Chhattisgarh,All Seasons,Khairagarh-Chhuikhadan-Gandai,5
Pragyagiri Dongargarh Tourist Place,21.1724135,80.7633625,4.4,"tourist_attraction, place_of_worship, point_of_interest, establishment",temples,Chhattisgarh,All Seasons,Khairagarh-Chhuikhadan-Gandai,495
Shree ram Temple,21.2537419,80.8547914,3.4,"hindu_temple, place_of_worship, point_of_interest, establishment",temples,Chhattisgarh,All Seasons,Khairagarh-Chhuikhadan-Gandai,9
Mandir,21.1916824,80.7716777,4.1,"hindu_temple, place_of_worship, point_of_interest, establishment",temples,Chhattisgarh,All Seasons,Khairagarh-Chhuikhadan-Gandai,49
Sree Hanuman ji temple,21.6048507,81.1700979,5,"hindu_temple, place_of_worship, point_of_interest, establishment",temples,Chhattisgarh,All Seasons,Khairagarh-Chhuikhadan-Gandai,1
SHIV TEMPLE,21.2125051,80.9463859,5,"hindu_temple, place_of_worship, point_of_interest, establishment",temples,Chhattisgarh,All Seasons,Khairagarh-Chhuikhadan-Gandai,5
Shiv Hanuman Temple,21.5242377,80.9918713,4,"hindu_temple, place_of_worship, point_of_interest, establishment",temples,Chhattisgarh,All Seasons,Khairagarh-Chhuikhadan-Gandai,1
Ram Darbaar temple,21.201144,81.2668395,5,"hindu_temple, place_of_worship, point_of_interest, establishment",temples,Chhattisgarh,All Seasons,Khairagarh-Chhuikhadan-Gandai,4
Maa kali Temple,21.5214639,80.9980143,4.4,"hindu_temple, place_of_worship, point_of_interest, establishment",temples,Chhattisgarh,All Seasons,Khairagarh-Chhuikhadan-Gandai,11
Temple Bhulatola,21.5019007,80.9899646,3.9,"hindu_temple, place_of_worship, point_of_interest, establishment",temples,Chhattisgarh,All Seasons,Khairagarh-Chhuikhadan-Gandai,18
Maa Bamleshwari Temple,21.1786063,80.75057249999999,4.6,"hindu_temple, place_of_worship, point_of_interest, establishment",temples,Chhattisgarh,All Seasons,Khairagarh-Chhuikhadan-Gandai,11052
Shree Sudarshan valmiki temple,21.1944115,80.7774379,4.6,"hindu_temple, place_of_worship, point_of_interest, establishment",temples,Chhattisgarh,All Seasons,Khairagarh-Chhuikhadan-Gandai,11
Ma Bijaldehee Temple,21.4202773,81.08445669999999,4.1,"hindu_temple, place_of_worship, point_of_interest, establishment",temples,Chhattisgarh,All Seasons,Khairagarh-Chhuikhadan-Gandai,23
Maa Mahamaya Temple,21.2492827,80.8540835,3.7,"hindu_temple, place_of_worship, point_of_interest, establishment",temples,Chhattisgarh,All Seasons,Khairagarh-Chhuikhadan-Gandai,11
Vaishno Devi temple,21.5190846,80.9939535,4.4,"hindu_temple, place_of_worship, point_of_interest, establishment",temples,Chhattisgarh,All Seasons,Khairagarh-Chhuikhadan-Gandai,31
Shakti Mata Temple,21.4172859,80.9466802,3.5,"hindu_temple, place_of_worship, point_of_interest, establishment",temples,Chhattisgarh,All Seasons,Khairagarh-Chhuikhadan-Gandai,2
Mahamaya mandir,21.6129909,81.25691139999999,4.6,"hindu_temple, place_of_worship, point_of_interest, establishment",temples,Chhattisgarh,All Seasons,Khairagarh-Chhuikhadan-Gandai,13
Shiv Temple,21.5105025,80.9430773,0,"hindu_temple, place_of_worship, point_of_interest, establishment",temples,Chhattisgarh,All Seasons,Khairagarh-Chhuikhadan-Gandai,0
Vireshwar Mahadev Mandir,21.4178128,80.9729207,4.5,"hindu_temple, place_of_worship, point_of_interest, establishment",temples,Chhattisgarh,All Seasons,Khairagarh-Chhuikhadan-Gandai,17
bhavni mandir,21.2901557,80.859033,4.5,"hindu_temple, place_of_worship, point_of_interest, establishment",temples,Chhattisgarh,All Seasons,Khairagarh-Chhuikhadan-Gandai,11
Shiv mandir (temple),21.4222392,80.97465000000001,5,"hindu_temple, place_of_worship, point_of_interest, establishment",temples,Chhattisgarh,All Seasons,Khairagarh-Chhuikhadan-Gandai,1
Shiv Temple,21.3049385,81.1928418,5,"hindu_temple, place_of_worship, point_of_interest, establishment",temples,Chhattisgarh,All Seasons,Khairagarh-Chhuikhadan-Gandai,3
Gangotri Shiv Mandir,21.154279,81.2124528,4.4,"hindu_temple, place_of_worship, point_of_interest, establishment",temples,Chhattisgarh,All Seasons,Khairagarh-Chhuikhadan-Gandai,26
Sai Mandir,21.1875773,80.7710206,4.1,"hindu_temple, place_of_worship, point_of_interest, establishment",temples,Chhattisgarh,All Seasons,Khairagarh-Chhuikhadan-Gandai,14
Hanuman Temple,21.5330746,81.00124840000001,5,"hindu_temple, place_of_worship, point_of_interest, establishment",temples,Chhattisgarh,All Seasons,Khairagarh-Chhuikhadan-Gandai,1
Ram Darbar Temple,21.6025596,81.05442029999999,5,"hindu_temple, place_of_worship, point_of_interest, establishment",temples,Chhattisgarh,All Seasons,Khairagarh-Chhuikhadan-Gandai,4
Hanuman Temple,21.6025646,81.0545436,3.5,"hindu_temple, place_of_worship, point_of_interest, establishment",temples,Chhattisgarh,All Seasons,Khairagarh-Chhuikhadan-Gandai,13
Prachin Jagannath Temple Pandadah,21.400574,80.90430099999999,4,"hindu_temple, place_of_worship, point_of_interest, establishment",temples,Chhattisgarh,All Seasons,Khairagarh-Chhuikhadan-Gandai,13
Mahadev temple,21.2331751,81.2700105,4,"hindu_temple, place_of_worship, point_of_interest, establishment",temples,Chhattisgarh,All Seasons,Khairagarh-Chhuikhadan-Gandai,4
Temple,21.1801144,80.7572445,4.5,"place_of_worship, point_of_interest, establishment",temples,Chhattisgarh,All Seasons,Khairagarh-Chhuikhadan-Gandai,2
Hanuman Temple,21.2913962,81.126226,5,"hindu_temple, place_of_worship, point_of_interest, establishment",temples,Chhattisgarh,All Seasons,Khairagarh-Chhuikhadan-Gandai,1
Mahadev and Hanuman temple,21.1638263,81.2262988,5,"place_of_worship, point_of_interest, establishment",temples,Chhattisgarh,All Seasons,Khairagarh-Chhuikhadan-Gandai,1
The Green Hills Farms and Resorts,21.185313,81.151438,3.4,"lodging, point_of_interest, establishment",hills,Chhattisgarh,Winter,Khairagarh-Chhuikhadan-Gandai,53
Dongargarh,21.1854084,80.76116850000001,4.3,"train_station, transit_station, point_of_interest, establishment",hills,Chhattisgarh,Winter,Khairagarh-Chhuikhadan-Gandai,335
Christian Hill,21.1986265,80.7644463,0,"natural_feature, establishment",hills,Chhattisgarh,Winter,Khairagarh-Chhuikhadan-Gandai,0
Dongargarh Hill,21.1782352,80.7505417,4.4,"natural_feature, establishment",hills,Chhattisgarh,Winter,Khairagarh-Chhuikhadan-Gandai,161
Cross Hill,21.1988863,80.7637026,4.3,"natural_feature, establishment",hills,Chhattisgarh,Winter,Khairagarh-Chhuikhadan-Gandai,15
Calvary Hill Stations of the Cross,21.1985264,80.76417800000002,4.5,"church, place_of_worship, point_of_interest, establishment",hills,Chhattisgarh,Winter,Khairagarh-Chhuikhadan-Gandai,57
The Food Factory,21.1900755,80.7475692,4.1,"restaurant, food, point_of_interest, establishment",hills,Chhattisgarh,Winter,Khairagarh-Chhuikhadan-Gandai,211
Shri Digamber Jain Atishay Teerth Kshetra Chandragiri,21.165249,80.7524356,4.8,"place_of_worship, point_of_interest, establishment",hills,Chhattisgarh,Winter,Khairagarh-Chhuikhadan-Gandai,250
Chawardha,21.2491453,81.09895569999999,No rating,"locality, political",hills,Chhattisgarh,Winter,Khairagarh-Chhuikhadan-Gandai,0
Ningo Dam,21.2620253,80.7710445,3.9,"point_of_interest, establishment",hills,Chhattisgarh,Winter,Khairagarh-Chhuikhadan-Gandai,34
"Bamleshwari Parikrama Path, Dongargarh",21.1821159,80.7494688,3.8,"park, point_of_interest, establishment",hills,Chhattisgarh,Winter,Khairagarh-Chhuikhadan-Gandai,6
Dongeshwar Mahadev,21.6420801,81.0108789,4.3,"hindu_temple, place_of_worship, point_of_interest, establishment",hills,Chhattisgarh,Winter,Khairagarh-Chhuikhadan-Gandai,122
Jay Raja Rani Mandir,21.2149519,81.0748521,3.9,"hindu_temple, place_of_worship, point_of_interest, establishment",hills,Chhattisgarh,Winter,Khairagarh-Chhuikhadan-Gandai,12
Dangbora dam,21.2815627,80.8261438,4.4,"tourist_attraction, point_of_interest, establishment",attraction,Chhattisgarh,All Seasons,Khairagarh-Chhuikhadan-Gandai,77
Chuna gota waterfall,21.2606005,80.69702389999999,3.8,"tourist_attraction, point_of_interest, establishment",attraction,Chhattisgarh,All Seasons,Khairagarh-Chhuikhadan-Gandai,79
Nathela Waterfall,21.5197375,80.94014059999999,4.3,"tourist_attraction, point_of_interest, establishment",attraction,Chhattisgarh,All Seasons,Khairagarh-Chhuikhadan-Gandai,72
Chhindari Dam,21.5410837,80.9261258,4.2,"tourist_attraction, point_of_interest, establishment",attraction,Chhattisgarh,All Seasons,Khairagarh-Chhuikhadan-Gandai,228
Baital Rani Ghati,21.6162838,80.87048,4.3,"tourist_attraction, point_of_interest, establishment",attraction,Chhattisgarh,All Seasons,Khairagarh-Chhuikhadan-Gandai,282
Pragyagiri Dongargarh Tourist Place,21.1724135,80.7633625,4.4,"tourist_attraction, place_of_worship, point_of_interest, establishment",attraction,Chhattisgarh,All Seasons,Khairagarh-Chhuikhadan-Gandai,495
Chatagarh Railway Bridge Photography Point,21.2017358,81.2379789,4.5,"tourist_attraction, point_of_interest, establishment",attraction,Chhattisgarh,All Seasons,Khairagarh-Chhuikhadan-Gandai,34
view point,21.2356927,81.2698927,4.5,"tourist_attraction, point_of_interest, establishment",attraction,Chhattisgarh,All Seasons,Khairagarh-Chhuikhadan-Gandai,11
Honey Sunset point,21.3916036,80.80916739999999,5,"tourist_attraction, point_of_interest, establishment",attraction,Chhattisgarh,All Seasons,Khairagarh-Chhuikhadan-Gandai,1
Pailimeta dam,21.6874625,80.98770309999999,4.3,"tourist_attraction, point_of_interest, establishment",attraction,Chhattisgarh,All Seasons,Khairagarh-Chhuikhadan-Gandai,24
Dongargarh Sky view,21.1792475,80.7501109,4.2,"tourist_attraction, point_of_interest, establishment",attraction,Chhattisgarh,All Seasons,Khairagarh-Chhuikhadan-Gandai,65
Bharritola Dam,21.212416,80.7288252,4.4,"tourist_attraction, point_of_interest, establishment",attraction,Chhattisgarh,All Seasons,Khairagarh-Chhuikhadan-Gandai,20
PURENA DAM,21.2098321,80.93455130000001,5,"tourist_attraction, point_of_interest, establishment",attraction,Chhattisgarh,All Seasons,Khairagarh-Chhuikhadan-Gandai,1
Lachhnaa waterfall,21.5807906,80.7817087,5,"tourist_attraction, point_of_interest, establishment",attraction,Chhattisgarh,All Seasons,Khairagarh-Chhuikhadan-Gandai,1
BELODI RIVER FRONT,21.235984,81.270212,0,"tourist_attraction, point_of_interest, establishment",attraction,Chhattisgarh,All Seasons,Khairagarh-Chhuikhadan-Gandai,0
Manki(Purena) Dam,21.2177188,80.9519407,4.5,"tourist_attraction, point_of_interest, establishment",attraction,Chhattisgarh,All Seasons,Khairagarh-Chhuikhadan-Gandai,11
Raurkasa Dam,21.2132724,80.691864,4.5,"tourist_attraction, point_of_interest, establishment",attraction,Chhattisgarh,All Seasons,Khairagarh-Chhuikhadan-Gandai,10
Pradhanpath Bairaj,21.3648374,80.8220185,3.7,"tourist_attraction, point_of_interest, establishment",attraction,Chhattisgarh,All Seasons,Khairagarh-Chhuikhadan-Gandai,86
Khaira Dam,21.1802701,80.9632714,3.7,"tourist_attraction, point_of_interest, establishment",attraction,Chhattisgarh,All Seasons,Khairagarh-Chhuikhadan-Gandai,6
Dongeshwar Mahadev Waterfall,21.6420625,81.0108594,4.6,"tourist_attraction, point_of_interest, establishment",attraction,Chhattisgarh,All Seasons,Khairagarh-Chhuikhadan-Gandai,22
Jai Satnam baba dham,21.2204192,80.9437344,5,"tourist_attraction, point_of_interest, establishment",attraction,Chhattisgarh,All Seasons,Khairagarh-Chhuikhadan-Gandai,4
Trekking Sunrise Point,21.684546,81.009228,5,"tourist_attraction, point_of_interest, establishment",attraction,Chhattisgarh,All Seasons,Khairagarh-Chhuikhadan-Gandai,3
KAURUWA WATERFALL,21.5022399,80.8307196,4.4,"tourist_attraction, point_of_interest, establishment",attraction,Chhattisgarh,All Seasons,Khairagarh-Chhuikhadan-Gandai,10
Nawagrah dhara,21.3935094,80.69558289999999,3.7,"tourist_attraction, point_of_interest, establishment",attraction,Chhattisgarh,All Seasons,Khairagarh-Chhuikhadan-Gandai,7
Forest view tower,21.5491875,80.9185625,5,"tourist_attraction, point_of_interest, establishment",attraction,Chhattisgarh,All Seasons,Khairagarh-Chhuikhadan-Gandai,1
Salhewara bandh,21.408607,80.87723079999999,5,"tourist_attraction, point_of_interest, establishment",attraction,Chhattisgarh,All Seasons,Khairagarh-Chhuikhadan-Gandai,3
Bade purda Naya Talab,21.3364562,81.2405588,4.5,"tourist_attraction, point_of_interest, establishment",attraction,Chhattisgarh,All Seasons,Khairagarh-Chhuikhadan-Gandai,4
छोटे साल्हे बांध,21.5004906,81.1658704,5,"tourist_attraction, point_of_interest, establishment",attraction,Chhattisgarh,All Seasons,Khairagarh-Chhuikhadan-Gandai,1
Mangata greens resort,21.1919216,81.1491143,5,"tourist_attraction, point_of_interest, establishment",attraction,Chhattisgarh,All Seasons,Khairagarh-Chhuikhadan-Gandai,1
BHOTHALI WATERFALL,21.5241326,80.80569469999999,4,"tourist_attraction, point_of_interest, establishment",attraction,Chhattisgarh,All Seasons,Khairagarh-Chhuikhadan-Gandai,21
Ruse dam,21.2913418,80.9606763,3.4,"tourist_attraction, point_of_interest, establishment",attraction,Chhattisgarh,All Seasons,Khairagarh-Chhuikhadan-Gandai,8
"Shree Yantra, Dongargarh",21.1740243,80.7523049,4,"tourist_attraction, point_of_interest, establishment",attraction,Chhattisgarh,All Seasons,Khairagarh-Chhuikhadan-Gandai,12
Bhawani mata mandir sunset point,21.278695,80.8444391,4.5,"tourist_attraction, point_of_interest, establishment",attraction,Chhattisgarh,All Seasons,Khairagarh-Chhuikhadan-Gandai,101
Nawagaon kanwar dam,21.4466959,80.8296665,3.4,"tourist_attraction, point_of_interest, establishment",attraction,Chhattisgarh,All Seasons,Khairagarh-Chhuikhadan-Gandai,16
Ladoo buggu view point,21.1543904,81.19902549999999,0,"tourist_attraction, point_of_interest, establishment",attraction,Chhattisgarh,All Seasons,Khairagarh-Chhuikhadan-Gandai,0
Ganjpara Durga p Mandir andal,21.183075,81.2720168,4.3,"tourist_attraction, point_of_interest, establishment",attraction,Chhattisgarh,All Seasons,Khairagarh-Chhuikhadan-Gandai,77
KHUDMUDI RESERVOIR,21.5886092,80.9539989,3.7,"tourist_attraction, point_of_interest, establishment",attraction,Chhattisgarh,All Seasons,Khairagarh-Chhuikhadan-Gandai,3
Aamner Nadi Water source Point,21.3526913,80.8022929,3.8,"tourist_attraction, point_of_interest, establishment",attraction,Chhattisgarh,All Seasons,Khairagarh-Chhuikhadan-Gandai,5
maharana pratap chowk khairagarh,21.4176852,80.979304,4.3,"tourist_attraction, point_of_interest, establishment",attraction,Chhattisgarh,All Seasons,Khairagarh-Chhuikhadan-Gandai,3
Water fall dapka,21.396422,80.9604011,0,"tourist_attraction, point_of_interest, establishment",attraction,Chhattisgarh,All Seasons,Khairagarh-Chhuikhadan-Gandai,0
Pradhan path,21.3634395,80.8166762,3.6,"tourist_attraction, point_of_interest, establishment",attraction,Chhattisgarh,All Seasons,Khairagarh-Chhuikhadan-Gandai,5
Bhothli bhujari waterfall,21.5018057,80.8132943,4,"tourist_attraction, point_of_interest, establishment",attraction,Chhattisgarh,All Seasons,Khairagarh-Chhuikhadan-Gandai,7
कुंवरदादार तालाब ( नवा तरिया),21.3378618,81.2364829,3,"tourist_attraction, point_of_interest, establishment",attraction,Chhattisgarh,All Seasons,Khairagarh-Chhuikhadan-Gandai,2
Jhuranadi dam झूरानादी बाँध,21.5719447,81.0025859,4.4,"tourist_attraction, point_of_interest, establishment",attraction,Chhattisgarh,All Seasons,Khairagarh-Chhuikhadan-Gandai,5
KGH SANDI,21.4173656,81.0073194,0,"tourist_attraction, point_of_interest, establishment",attraction,Chhattisgarh,All Seasons,Khairagarh-Chhuikhadan-Gandai,0
बाघद्वार गुफा,21.3539847,80.8024897,3.2,"tourist_attraction, point_of_interest, establishment",attraction,Chhattisgarh,All Seasons,Khairagarh-Chhuikhadan-Gandai,9
Gajmarra नहर,21.1666155,80.73612279999999,2.3,"tourist_attraction, point_of_interest, establishment",attraction,Chhattisgarh,All Seasons,Khairagarh-Chhuikhadan-Gandai,3
Ganjaha ganjahi dam गंजहा गंजही बाँध,21.5088676,80.86682379999999,4.6,"tourist_attraction, point_of_interest, establishment",attraction,Chhattisgarh,All Seasons,Khairagarh-Chhuikhadan-Gandai,8
Verma racident,21.5726735,81.19271599999999,5,"tourist_attraction, point_of_interest, establishment",attraction,Chhattisgarh,All Seasons,Khairagarh-Chhuikhadan-Gandai,1
Jama Maszid Chowk,21.1881172,80.7520387,5,"tourist_attraction, point_of_interest, establishment",attraction,Chhattisgarh,All Seasons,Khairagarh-Chhuikhadan-Gandai,11
Gulli Point,21.4041604,80.8725182,0,"tourist_attraction, point_of_interest, establishment",attraction,Chhattisgarh,All Seasons,Khairagarh-Chhuikhadan-Gandai,0
New Adarsh Nagar Park,21.1695493,81.2904569,3.8,"park, point_of_interest, establishment",parks,Chhattisgarh,Spring,Mohla-Manpur-Ambagarh Chowki,138
NSPCL Township Central park,21.1684719,81.3244698,4.3,"park, point_of_interest, establishment",parks,Chhattisgarh,Spring,Mohla-Manpur-Ambagarh Chowki,326
"Maroda Sector Joggers park, Dandiya Garbha ground",21.1706987,81.3466254,4.1,"park, point_of_interest, establishment",parks,Chhattisgarh,Spring,Mohla-Manpur-Ambagarh Chowki,389
ARJUN RATH PARK,21.1865476,81.34305710000001,4.2,"park, point_of_interest, establishment",parks,Chhattisgarh,Spring,Mohla-Manpur-Ambagarh Chowki,128
Civil Lines Public Park,21.1831038,81.2907024,4.4,"park, point_of_interest, establishment",parks,Chhattisgarh,Spring,Mohla-Manpur-Ambagarh Chowki,7
Park,21.1893864,81.3089974,3.8,"park, point_of_interest, establishment",parks,Chhattisgarh,Spring,Mohla-Manpur-Ambagarh Chowki,147
Jubilee Park,21.1924926,81.3497385,3.8,"park, tourist_attraction, point_of_interest, establishment",parks,Chhattisgarh,Spring,Mohla-Manpur-Ambagarh Chowki,2289
Risali Nagar Nigam Park,21.1637637,81.34661969999999,3.9,"park, point_of_interest, establishment",parks,Chhattisgarh,Spring,Mohla-Manpur-Ambagarh Chowki,15
Budha Park,21.0964837,81.0289987,3.9,"park, point_of_interest, establishment",parks,Chhattisgarh,Spring,Mohla-Manpur-Ambagarh Chowki,45
Public Park,21.1607999,81.3289999,3.8,"park, point_of_interest, establishment",parks,Chhattisgarh,Spring,Mohla-Manpur-Ambagarh Chowki,129
Borsi park,21.1657091,81.3084281,3.4,"park, point_of_interest, establishment",parks,Chhattisgarh,Spring,Mohla-Manpur-Ambagarh Chowki,30
Pioneer monument garden,21.1845915,81.34330279999999,3.9,"park, point_of_interest, establishment",parks,Chhattisgarh,Spring,Mohla-Manpur-Ambagarh Chowki,1622
Civic Centre Monument Park,21.1825509,81.33992289999999,3.9,"park, point_of_interest, establishment",parks,Chhattisgarh,Spring,Mohla-Manpur-Ambagarh Chowki,83
Park,21.0870434,81.03125399999999,5,"park, point_of_interest, establishment",parks,Chhattisgarh,Spring,Mohla-Manpur-Ambagarh Chowki,3
Rajendra Park Durg,21.1880746,81.285433,4.1,"park, point_of_interest, establishment",parks,Chhattisgarh,Spring,Mohla-Manpur-Ambagarh Chowki,275
Beech Park,20.9789073,81.2918554,4.2,"park, point_of_interest, establishment",parks,Chhattisgarh,Spring,Mohla-Manpur-Ambagarh Chowki,20
Delta Ground,21.1812599,81.29564599999999,4.5,"park, point_of_interest, establishment",parks,Chhattisgarh,Spring,Mohla-Manpur-Ambagarh Chowki,19
badminton park,21.16,81.3275,4,"park, point_of_interest, establishment",parks,Chhattisgarh,Spring,Mohla-Manpur-Ambagarh Chowki,150
Manas Vatika Park,21.1872,81.2846,3.1,"park, point_of_interest, establishment",parks,Chhattisgarh,Spring,Mohla-Manpur-Ambagarh Chowki,23
Vidyut Nagar Park,21.1720631,81.298814,2.5,"park, point_of_interest, establishment",parks,Chhattisgarh,Spring,Mohla-Manpur-Ambagarh Chowki,2
Free fire Park,21.1143125,81.3845625,4,"park, point_of_interest, establishment",parks,Chhattisgarh,Spring,Mohla-Manpur-Ambagarh Chowki,22
Laxmi green city park,21.1541962,81.34362399999999,4,"park, point_of_interest, establishment",parks,Chhattisgarh,Spring,Mohla-Manpur-Ambagarh Chowki,14
Sector 8 park square,21.1882651,81.3260542,4.1,"park, point_of_interest, establishment",parks,Chhattisgarh,Spring,Mohla-Manpur-Ambagarh Chowki,12
Padmanabhpur Udyan,21.1804558,81.2949708,4.4,"park, point_of_interest, establishment",parks,Chhattisgarh,Spring,Mohla-Manpur-Ambagarh Chowki,42
Swami Vivekanand Park Darra,20.7131984,81.44659639999999,4.9,"park, point_of_interest, establishment",parks,Chhattisgarh,Spring,Mohla-Manpur-Ambagarh Chowki,9
City Park,20.6968054,81.555028,3.8,"park, point_of_interest, establishment",parks,Chhattisgarh,Spring,Mohla-Manpur-Ambagarh Chowki,139
Rajendra Park Chowk,21.1890719,81.2855804,4,"park, point_of_interest, establishment",parks,Chhattisgarh,Spring,Mohla-Manpur-Ambagarh Chowki,616
Ekta park,21.1908597,81.3092559,4.5,"park, point_of_interest, establishment",parks,Chhattisgarh,Spring,Mohla-Manpur-Ambagarh Chowki,2
Children's Park,21.1897727,81.3058137,3.7,"park, point_of_interest, establishment",parks,Chhattisgarh,Spring,Mohla-Manpur-Ambagarh Chowki,80
Ispat Nagar Park and Garden,21.1576301,81.3432874,3,"park, point_of_interest, establishment",parks,Chhattisgarh,Spring,Mohla-Manpur-Ambagarh Chowki,3
Jugnu Park,21.1868108,81.34314359999999,4.9,"park, point_of_interest, establishment",parks,Chhattisgarh,Spring,Mohla-Manpur-Ambagarh Chowki,7
khorpa park,21.0321307,81.55751649999999,3.7,"park, point_of_interest, establishment",parks,Chhattisgarh,Spring,Mohla-Manpur-Ambagarh Chowki,32
Bindeshwari Baghel Park,20.9837122,81.0814363,3.9,"park, point_of_interest, establishment",parks,Chhattisgarh,Spring,Mohla-Manpur-Ambagarh Chowki,29
Environment park,20.7159589,81.18368869999999,4.4,"park, point_of_interest, establishment",parks,Chhattisgarh,Spring,Mohla-Manpur-Ambagarh Chowki,16
Laxmi Villa Park,21.153145,81.34405149999999,5,"park, point_of_interest, establishment",parks,Chhattisgarh,Spring,Mohla-Manpur-Ambagarh Chowki,1
Public Park,21.1608128,81.3347868,4,"park, point_of_interest, establishment",parks,Chhattisgarh,Spring,Mohla-Manpur-Ambagarh Chowki,20
Shisu Park,21.1657444,81.3084894,5,"park, point_of_interest, establishment",parks,Chhattisgarh,Spring,Mohla-Manpur-Ambagarh Chowki,1
Children's Park,21.1920839,81.3466274,4.7,"park, point_of_interest, establishment",parks,Chhattisgarh,Spring,Mohla-Manpur-Ambagarh Chowki,3
Oxygen Park,20.870297,81.24108989999999,3.4,"park, point_of_interest, establishment",parks,Chhattisgarh,Spring,Mohla-Manpur-Ambagarh Chowki,12
"Park ,Sarekha",20.8508863,81.3153998,4.3,"park, point_of_interest, establishment",parks,Chhattisgarh,Spring,Mohla-Manpur-Ambagarh Chowki,4
डोगेशवर तालाब,21.1819861,81.50891419999999,5,"museum, point_of_interest, establishment",museum,Chhattisgarh,Winter,Mohla-Manpur-Ambagarh Chowki,1
Patan Art Gallery,21.0379121,81.5425796,0,"museum, point_of_interest, establishment",museum,Chhattisgarh,Winter,Mohla-Manpur-Ambagarh Chowki,0
Lalla Led wall,20.7148264,81.586475,0,"museum, point_of_interest, establishment",museum,Chhattisgarh,Winter,Mohla-Manpur-Ambagarh Chowki,0
Sahu tent sambalpur lohara,20.8140602,81.0630164,3,"museum, point_of_interest, establishment",museum,Chhattisgarh,Winter,Mohla-Manpur-Ambagarh Chowki,2
Madhav MuktiBodh Museum,21.0918633,81.0285573,0,"museum, point_of_interest, establishment",museum,Chhattisgarh,Winter,Mohla-Manpur-Ambagarh Chowki,0
Dhananjay sahu,20.7182934,81.4297333,0,"museum, point_of_interest, establishment",museum,Chhattisgarh,Winter,Mohla-Manpur-Ambagarh Chowki,0
Quarter 417,21.180383,81.3181501,4.5,"museum, point_of_interest, establishment",museum,Chhattisgarh,Winter,Mohla-Manpur-Ambagarh Chowki,68
Baba Sayyad atal shah (Rani Sagar) Rajnandgaon,21.094154,81.0292309,0,"museum, point_of_interest, establishment",museum,Chhattisgarh,Winter,Mohla-Manpur-Ambagarh Chowki,0
Open Museum Balod,20.7359453,81.1979154,3.7,"museum, point_of_interest, establishment",museum,Chhattisgarh,Winter,Mohla-Manpur-Ambagarh Chowki,33
Raja nivash,20.7707887,81.6030455,0,"museum, point_of_interest, establishment",museum,Chhattisgarh,Winter,Mohla-Manpur-Ambagarh Chowki,0
Pingal Waterfall,20.729125,81.05799189999999,3.9,"tourist_attraction, point_of_interest, establishment",waterfalls,Chhattisgarh,Monsoon,Mohla-Manpur-Ambagarh Chowki,17
Fountain and waterfall,21.1858683,81.34821170000001,4.1,"park, point_of_interest, establishment",waterfalls,Chhattisgarh,Monsoon,Mohla-Manpur-Ambagarh Chowki,7
VINAYAKPUR check dam and bridge,21.0453765,81.2394668,4.4,"tourist_attraction, point_of_interest, establishment",waterfalls,Chhattisgarh,Monsoon,Mohla-Manpur-Ambagarh Chowki,16
Main Gate Tandula Dam Balod,20.7022554,81.22239410000002,4.3,"tourist_attraction, point_of_interest, establishment",waterfalls,Chhattisgarh,Monsoon,Mohla-Manpur-Ambagarh Chowki,371
Deori chicholi picnic spot,21.000237,81.3214191,4,"tourist_attraction, point_of_interest, establishment",waterfalls,Chhattisgarh,Monsoon,Mohla-Manpur-Ambagarh Chowki,23
Balod Dem,20.7106698,81.1887821,4.6,"tourist_attraction, point_of_interest, establishment",waterfalls,Chhattisgarh,Monsoon,Mohla-Manpur-Ambagarh Chowki,10
Jhalmala,20.7160799,81.2401805,4.2,"park, point_of_interest, establishment",waterfalls,Chhattisgarh,Monsoon,Mohla-Manpur-Ambagarh Chowki,42
Dam View point,21.1503199,81.3673783,4.2,"tourist_attraction, point_of_interest, establishment",waterfalls,Chhattisgarh,Monsoon,Mohla-Manpur-Ambagarh Chowki,94
Mannam Ground Fountain,21.1925246,81.3218385,3.5,"tourist_attraction, point_of_interest, establishment",waterfalls,Chhattisgarh,Monsoon,Mohla-Manpur-Ambagarh Chowki,4
Flyash dam,21.1928144,81.4350039,4,"tourist_attraction, point_of_interest, establishment",waterfalls,Chhattisgarh,Monsoon,Mohla-Manpur-Ambagarh Chowki,4
"Budha Sagar Fountain, Rajnandgaon",21.0919662,81.0287961,4,"tourist_attraction, point_of_interest, establishment",waterfalls,Chhattisgarh,Monsoon,Mohla-Manpur-Ambagarh Chowki,1
Tandula lake,20.7035629,81.19973689999999,4.4,"tourist_attraction, point_of_interest, establishment",waterfalls,Chhattisgarh,Monsoon,Mohla-Manpur-Ambagarh Chowki,17
Chhatrapati Shivaji Square,20.7085674,81.5448947,4.8,"tourist_attraction, point_of_interest, establishment",waterfalls,Chhattisgarh,Monsoon,Mohla-Manpur-Ambagarh Chowki,6
Beech Park,20.9789073,81.2918554,4.2,"park, point_of_interest, establishment",beaches,Chhattisgarh,Summer,Mohla-Manpur-Ambagarh Chowki,20
Dam View point,21.1503199,81.3673783,4.2,"tourist_attraction, point_of_interest, establishment",beaches,Chhattisgarh,Summer,Mohla-Manpur-Ambagarh Chowki,94
Newai dam,21.151747,81.366862,4,"point_of_interest, establishment",beaches,Chhattisgarh,Summer,Mohla-Manpur-Ambagarh Chowki,20
Friends Lake view,21.1332163,81.36740619999999,5,"tourist_attraction, point_of_interest, establishment",beaches,Chhattisgarh,Summer,Mohla-Manpur-Ambagarh Chowki,1
BSP maroda dam bhilai nagar c. g usg.......,21.1508214,81.3694939,4.4,"tourist_attraction, point_of_interest, establishment",beaches,Chhattisgarh,Summer,Mohla-Manpur-Ambagarh Chowki,24
SUA LAKE VIEW RESORT,20.7004518,81.233339,3.7,"lodging, point_of_interest, establishment",beaches,Chhattisgarh,Summer,Mohla-Manpur-Ambagarh Chowki,34
Rudri Dam,20.6582022,81.5615947,4.2,"tourist_attraction, point_of_interest, establishment",beaches,Chhattisgarh,Summer,Mohla-Manpur-Ambagarh Chowki,160
Maroda-2 Reservoir (BSP),21.1566847,81.37568619999999,4.3,"natural_feature, establishment",beaches,Chhattisgarh,Summer,Mohla-Manpur-Ambagarh Chowki,90
MM Adventures,20.7018241,81.56042,5,"travel_agency, point_of_interest, establishment",beaches,Chhattisgarh,Summer,Mohla-Manpur-Ambagarh Chowki,20
Maroda-1 Tank (BSP),21.1738593,81.36468959999999,4.2,"natural_feature, establishment",beaches,Chhattisgarh,Summer,Mohla-Manpur-Ambagarh Chowki,33
Sumeet bazar,21.0954181,81.0338609,3.7,"clothing_store, parking, point_of_interest, store, establishment",beaches,Chhattisgarh,Summer,Mohla-Manpur-Ambagarh Chowki,637
"Maitri Bagh Zoo, bhilai, Chhattisgarh",21.168628,81.3503389,4,"zoo, tourist_attraction, point_of_interest, establishment",zoo,Chhattisgarh,Winter,Mohla-Manpur-Ambagarh Chowki,9608
Maitri Garden zoo chauk,21.1673844,81.3536914,0,"park, point_of_interest, establishment",zoo,Chhattisgarh,Winter,Mohla-Manpur-Ambagarh Chowki,0
I Love Bhilai,21.190348,81.349143,4.4,"tourist_attraction, point_of_interest, establishment",zoo,Chhattisgarh,Winter,Mohla-Manpur-Ambagarh Chowki,487
SUNITI UDYAAN,21.1892335,81.3248107,3.9,"park, point_of_interest, establishment",zoo,Chhattisgarh,Winter,Mohla-Manpur-Ambagarh Chowki,923
Children's Play ground,21.1697421,81.3528321,3.9,"park, point_of_interest, establishment",zoo,Chhattisgarh,Winter,Mohla-Manpur-Ambagarh Chowki,75
Maitri Zoo Parking,21.168344,81.3510172,3.7,"parking, point_of_interest, establishment",zoo,Chhattisgarh,Winter,Mohla-Manpur-Ambagarh Chowki,73
Pioneer monument garden,21.1845915,81.34330279999999,3.9,"park, point_of_interest, establishment",zoo,Chhattisgarh,Winter,Mohla-Manpur-Ambagarh Chowki,1622
Jawahar Nehru Park,21.1784342,81.353004,3.9,"park, point_of_interest, establishment",zoo,Chhattisgarh,Winter,Mohla-Manpur-Ambagarh Chowki,535
"Maroda Sector Joggers park, Dandiya Garbha ground",21.1706987,81.3466254,4.1,"park, point_of_interest, establishment",zoo,Chhattisgarh,Winter,Mohla-Manpur-Ambagarh Chowki,389
Oyo,21.0357648,81.5456384,0,"zoo, point_of_interest, establishment",zoo,Chhattisgarh,Winter,Mohla-Manpur-Ambagarh Chowki,0
Shaheed Udyaan,21.1850279,81.34653019999999,4.5,"park, point_of_interest, establishment",zoo,Chhattisgarh,Winter,Mohla-Manpur-Ambagarh Chowki,2348
Maitri gardan,21.1673844,81.3536914,3.4,"park, point_of_interest, establishment",zoo,Chhattisgarh,Winter,Mohla-Manpur-Ambagarh Chowki,27
Jagannath Temple,21.1917883,81.36741669999999,4.5,"hindu_temple, tourist_attraction, place_of_worship, point_of_interest, establishment",zoo,Chhattisgarh,Winter,Mohla-Manpur-Ambagarh Chowki,786
Dada Dadi Nana Nani Park,21.1877061,81.2872391,3.9,"park, tourist_attraction, point_of_interest, establishment",zoo,Chhattisgarh,Winter,Mohla-Manpur-Ambagarh Chowki,1328
Dam View point,21.1503199,81.3673783,4.2,"tourist_attraction, point_of_interest, establishment",zoo,Chhattisgarh,Winter,Mohla-Manpur-Ambagarh Chowki,94
Candle park Maitri garden,21.1698111,81.35420700000002,4.3,"park, point_of_interest, establishment",zoo,Chhattisgarh,Winter,Mohla-Manpur-Ambagarh Chowki,6
Roshni Garden,21.1598438,81.3624612,4.5,"park, point_of_interest, establishment",zoo,Chhattisgarh,Winter,Mohla-Manpur-Ambagarh Chowki,2
कृष्णा गोपाल गोथन सांगली,20.801018,81.4620667,2.5,"zoo, point_of_interest, establishment",zoo,Chhattisgarh,Winter,Mohla-Manpur-Ambagarh Chowki,2
Bindeshwari Baghel Park,20.9837122,81.0814363,3.9,"park, point_of_interest, establishment",zoo,Chhattisgarh,Winter,Mohla-Manpur-Ambagarh Chowki,29
Maitri garden,21.1733216,81.35442499999999,4.1,"park, point_of_interest, establishment",zoo,Chhattisgarh,Winter,Mohla-Manpur-Ambagarh Chowki,26
Chandi Mandir,21.1915143,81.2714149,4.5,"hindu_temple, tourist_attraction, place_of_worship, point_of_interest, establishment",zoo,Chhattisgarh,Winter,Mohla-Manpur-Ambagarh Chowki,1227
Maitri garden Watch Tower,21.1715769,81.35533559999999,3.4,"tourist_attraction, point_of_interest, establishment",zoo,Chhattisgarh,Winter,Mohla-Manpur-Ambagarh Chowki,21
Fish Zoo aquarium & Pet Shop,21.1838706,81.33361119999999,5,"pet_store, store, point_of_interest, establishment",zoo,Chhattisgarh,Winter,Mohla-Manpur-Ambagarh Chowki,1
Civic Center Bhilai Cg,21.1861215,81.3428673,4.3,"food, point_of_interest, establishment",zoo,Chhattisgarh,Winter,Mohla-Manpur-Ambagarh Chowki,5135
Sail Logo Chowk,21.1905368,81.34905069999999,3.7,"park, point_of_interest, establishment",zoo,Chhattisgarh,Winter,Mohla-Manpur-Ambagarh Chowki,3
ISKCON TEMPLE,21.1921889,81.3434776,4.7,"hindu_temple, place_of_worship, point_of_interest, establishment",temples,Chhattisgarh,All Seasons,Mohla-Manpur-Ambagarh Chowki,39
Temple,21.1840189,81.3352714,4.5,"hindu_temple, place_of_worship, point_of_interest, establishment",temples,Chhattisgarh,All Seasons,Mohla-Manpur-Ambagarh Chowki,19
Pandwan Dev Temple,20.6689698,81.143048,4.2,"hindu_temple, place_of_worship, point_of_interest, establishment",temples,Chhattisgarh,All Seasons,Mohla-Manpur-Ambagarh Chowki,14
Lord Shiv Temple,20.6988896,81.1141202,5,"hindu_temple, place_of_worship, point_of_interest, establishment",temples,Chhattisgarh,All Seasons,Mohla-Manpur-Ambagarh Chowki,3
Shri Shri Jaganath Temple Sector-6,21.1908123,81.34474689999999,4.6,"hindu_temple, place_of_worship, point_of_interest, establishment",temples,Chhattisgarh,All Seasons,Mohla-Manpur-Ambagarh Chowki,70
hanuman temple,20.6735825,81.14719509999999,4.7,"hindu_temple, place_of_worship, point_of_interest, establishment",temples,Chhattisgarh,All Seasons,Mohla-Manpur-Ambagarh Chowki,3
BABA DHAM TEMPLE,20.8429935,81.3823346,5,"hindu_temple, place_of_worship, point_of_interest, establishment",temples,Chhattisgarh,All Seasons,Mohla-Manpur-Ambagarh Chowki,7
"Sarpeshvarnath Shiva-Shakti Temple, Ranisagar, Rajnandgaon",21.0889678,81.02765579999999,4.8,"hindu_temple, place_of_worship, point_of_interest, establishment",temples,Chhattisgarh,All Seasons,Mohla-Manpur-Ambagarh Chowki,5
Lingeshwar mahadev temple,20.8127462,81.4545682,4.3,"hindu_temple, place_of_worship, point_of_interest, establishment",temples,Chhattisgarh,All Seasons,Mohla-Manpur-Ambagarh Chowki,4
Hanuman ji temple,20.8893179,81.2967115,5,"hindu_temple, place_of_worship, point_of_interest, establishment",temples,Chhattisgarh,All Seasons,Mohla-Manpur-Ambagarh Chowki,1
Laxmi Narayan Temple Durg,21.1920444,81.2844495,4.4,"hindu_temple, place_of_worship, point_of_interest, establishment",temples,Chhattisgarh,All Seasons,Mohla-Manpur-Ambagarh Chowki,39
Panchmukhi hanuman temple,21.1795289,81.2893477,4.5,"hindu_temple, place_of_worship, point_of_interest, establishment",temples,Chhattisgarh,All Seasons,Mohla-Manpur-Ambagarh Chowki,143
Shree Buddheshwar Mahadev Temple,21.0901594,81.0480154,5,"hindu_temple, place_of_worship, point_of_interest, establishment",temples,Chhattisgarh,All Seasons,Mohla-Manpur-Ambagarh Chowki,1
Hanuman temple,20.9208625,81.2112306,5,"hindu_temple, place_of_worship, point_of_interest, establishment",temples,Chhattisgarh,All Seasons,Mohla-Manpur-Ambagarh Chowki,3
Shree Shirdi Sai Baba Temple,21.1630408,81.3275029,4.5,"hindu_temple, place_of_worship, point_of_interest, establishment",temples,Chhattisgarh,All Seasons,Mohla-Manpur-Ambagarh Chowki,98
Panchmukhi Hanuman Temple Santra,21.041983,81.4656337,4.7,"hindu_temple, place_of_worship, point_of_interest, establishment",temples,Chhattisgarh,All Seasons,Mohla-Manpur-Ambagarh Chowki,6
Lord Shree Govardhan Giridhari Temple,20.9764306,81.4321416,4,"hindu_temple, place_of_worship, point_of_interest, establishment",temples,Chhattisgarh,All Seasons,Mohla-Manpur-Ambagarh Chowki,1
Temple,21.0869166,81.03646599999999,5,"hindu_temple, place_of_worship, point_of_interest, establishment",temples,Chhattisgarh,All Seasons,Mohla-Manpur-Ambagarh Chowki,2
Shiv Mandir,20.963377,81.3523503,4.8,"hindu_temple, place_of_worship, point_of_interest, establishment",temples,Chhattisgarh,All Seasons,Mohla-Manpur-Ambagarh Chowki,4
Hanuman Mandir,20.7196749,81.4490929,5,"hindu_temple, place_of_worship, point_of_interest, establishment",temples,Chhattisgarh,All Seasons,Mohla-Manpur-Ambagarh Chowki,2
sri vinayaka temple,21.1873201,81.3497139,4.8,"hindu_temple, place_of_worship, point_of_interest, establishment",temples,Chhattisgarh,All Seasons,Mohla-Manpur-Ambagarh Chowki,6
**Hanuman Temple**,21.0445146,81.5376174,5,"hindu_temple, place_of_worship, point_of_interest, establishment",temples,Chhattisgarh,All Seasons,Mohla-Manpur-Ambagarh Chowki,1
HANUMAN TEMPLE,21.0160472,81.0792616,3,"hindu_temple, place_of_worship, point_of_interest, establishment",temples,Chhattisgarh,All Seasons,Mohla-Manpur-Ambagarh Chowki,2
"Shiv Temple, Talpuri",21.1730531,81.3218532,5,"hindu_temple, place_of_worship, point_of_interest, establishment",temples,Chhattisgarh,All Seasons,Mohla-Manpur-Ambagarh Chowki,1
Bajrang Bali Temple Loharsi Road Mujgahan Dhamtari बजरंग बली मन्दिर लोहरसी रोड़ मुजगहन धमतरी,20.7245829,81.5202525,3.7,"hindu_temple, place_of_worship, point_of_interest, establishment",temples,Chhattisgarh,All Seasons,Mohla-Manpur-Ambagarh Chowki,3
Hanuman Temple,21.1323771,81.5856307,4.1,"hindu_temple, place_of_worship, point_of_interest, establishment",temples,Chhattisgarh,All Seasons,Mohla-Manpur-Ambagarh Chowki,11
Shiva temple changori,21.0850015,81.54600640000001,4,"hindu_temple, place_of_worship, point_of_interest, establishment",temples,Chhattisgarh,All Seasons,Mohla-Manpur-Ambagarh Chowki,1
Sri Hanuman Temple,21.1613761,81.3427406,5,"hindu_temple, place_of_worship, point_of_interest, establishment",temples,Chhattisgarh,All Seasons,Mohla-Manpur-Ambagarh Chowki,4
Mahadev Temple,21.1775421,81.2645032,3.9,"hindu_temple, place_of_worship, point_of_interest, establishment",temples,Chhattisgarh,All Seasons,Mohla-Manpur-Ambagarh Chowki,9
Shri Kauhi Temple,20.9411519,81.5707923,4.1,"hindu_temple, place_of_worship, point_of_interest, establishment",temples,Chhattisgarh,All Seasons,Mohla-Manpur-Ambagarh Chowki,145
Shree Krishna Temple,21.048285,81.4680252,4.6,"hindu_temple, place_of_worship, point_of_interest, establishment",temples,Chhattisgarh,All Seasons,Mohla-Manpur-Ambagarh Chowki,5
Shiv temple & hanuman temple,21.1735938,81.3901443,5,"hindu_temple, place_of_worship, point_of_interest, establishment",temples,Chhattisgarh,All Seasons,Mohla-Manpur-Ambagarh Chowki,1
Omkareshwar Shiva temple,20.798075,81.4771265,4.2,"hindu_temple, place_of_worship, point_of_interest, establishment",temples,Chhattisgarh,All Seasons,Mohla-Manpur-Ambagarh Chowki,32
Hanuman temple,21.0520217,81.0438297,4.6,"hindu_temple, place_of_worship, point_of_interest, establishment",temples,Chhattisgarh,All Seasons,Mohla-Manpur-Ambagarh Chowki,5
Om Sai temple,21.1663135,81.348911,0,"hindu_temple, place_of_worship, point_of_interest, establishment",temples,Chhattisgarh,All Seasons,Mohla-Manpur-Ambagarh Chowki,0
Shiv Temple,21.1803921,81.29407669999999,5,"hindu_temple, place_of_worship, point_of_interest, establishment",temples,Chhattisgarh,All Seasons,Mohla-Manpur-Ambagarh Chowki,1
Lord Shiv Temple,20.6999358,81.53363139999999,3.8,"hindu_temple, place_of_worship, point_of_interest, establishment",temples,Chhattisgarh,All Seasons,Mohla-Manpur-Ambagarh Chowki,15
Jalaram Mandir,21.0972319,81.0411776,4.5,"hindu_temple, place_of_worship, point_of_interest, establishment",temples,Chhattisgarh,All Seasons,Mohla-Manpur-Ambagarh Chowki,46
Shri Jai Shitala Temple,21.1934702,81.2748921,4.7,"hindu_temple, place_of_worship, point_of_interest, establishment",temples,Chhattisgarh,All Seasons,Mohla-Manpur-Ambagarh Chowki,10
Shiv Mandir,21.1266987,81.2723498,4.1,"hindu_temple, place_of_worship, point_of_interest, establishment",temples,Chhattisgarh,All Seasons,Mohla-Manpur-Ambagarh Chowki,10
Temple,20.8895677,81.2941712,5,"hindu_temple, place_of_worship, point_of_interest, establishment",temples,Chhattisgarh,All Seasons,Mohla-Manpur-Ambagarh Chowki,1
Santoshi temple,20.9096696,81.4300165,4.8,"hindu_temple, place_of_worship, point_of_interest, establishment",temples,Chhattisgarh,All Seasons,Mohla-Manpur-Ambagarh Chowki,4
hanuman temple,20.7178526,81.26991389999999,4.2,"hindu_temple, place_of_worship, point_of_interest, establishment",temples,Chhattisgarh,All Seasons,Mohla-Manpur-Ambagarh Chowki,5
Maa Santoshi Temple,21.1747795,81.296362,4.8,"hindu_temple, place_of_worship, point_of_interest, establishment",temples,Chhattisgarh,All Seasons,Mohla-Manpur-Ambagarh Chowki,8
Bajrang Temple,20.9732917,81.13484919999999,5,"hindu_temple, place_of_worship, point_of_interest, establishment",temples,Chhattisgarh,All Seasons,Mohla-Manpur-Ambagarh Chowki,1
Gayatri Mandir Anda,21.0661118,81.27361619999999,4.8,"hindu_temple, place_of_worship, point_of_interest, establishment",temples,Chhattisgarh,All Seasons,Mohla-Manpur-Ambagarh Chowki,4
Lord Shiva temple,20.8918811,81.28690929999999,5,"hindu_temple, place_of_worship, point_of_interest, establishment",temples,Chhattisgarh,All Seasons,Mohla-Manpur-Ambagarh Chowki,1
Shiva temple,20.6667076,81.5499335,5,"hindu_temple, place_of_worship, point_of_interest, establishment",temples,Chhattisgarh,All Seasons,Mohla-Manpur-Ambagarh Chowki,3
Prachin Shiv Mandir,20.941154,81.5707527,4.3,"hindu_temple, place_of_worship, point_of_interest, establishment",temples,Chhattisgarh,All Seasons,Mohla-Manpur-Ambagarh Chowki,6
Shakti Dham Temple,20.9182814,81.5387693,5,"hindu_temple, place_of_worship, point_of_interest, establishment",temples,Chhattisgarh,All Seasons,Mohla-Manpur-Ambagarh Chowki,2
Hanuman temple,21.0563055,81.04113559999999,4.3,"hindu_temple, place_of_worship, point_of_interest, establishment",temples,Chhattisgarh,All Seasons,Mohla-Manpur-Ambagarh Chowki,3
Hanuman temple,20.7239776,81.21751359999999,5,"hindu_temple, place_of_worship, point_of_interest, establishment",temples,Chhattisgarh,All Seasons,Mohla-Manpur-Ambagarh Chowki,1
Shri Hanuman Temple - Pairi (गौरैया मोड),20.8488246,81.2608283,4.9,"hindu_temple, place_of_worship, point_of_interest, establishment",temples,Chhattisgarh,All Seasons,Mohla-Manpur-Ambagarh Chowki,16
SHIV TEMPLE,21.1885187,81.48006509999999,5,"hindu_temple, place_of_worship, point_of_interest, establishment",temples,Chhattisgarh,All Seasons,Mohla-Manpur-Ambagarh Chowki,6
Hanuman Temple,21.1806138,81.29750080000001,5,"hindu_temple, place_of_worship, point_of_interest, establishment",temples,Chhattisgarh,All Seasons,Mohla-Manpur-Ambagarh Chowki,1
Shri Hanuman mandir,20.6879168,81.3522258,4.5,"hindu_temple, place_of_worship, point_of_interest, establishment",temples,Chhattisgarh,All Seasons,Mohla-Manpur-Ambagarh Chowki,2
Shiv Temple,21.1388996,81.2012259,5,"hindu_temple, place_of_worship, point_of_interest, establishment",temples,Chhattisgarh,All Seasons,Mohla-Manpur-Ambagarh Chowki,1
Panchmukhi Hanuman Temple,20.716787,81.5297817,5,"hindu_temple, place_of_worship, point_of_interest, establishment",temples,Chhattisgarh,All Seasons,Mohla-Manpur-Ambagarh Chowki,2
Shiv Mandir,20.7399168,81.205693,4.3,"hindu_temple, place_of_worship, point_of_interest, establishment",temples,Chhattisgarh,All Seasons,Mohla-Manpur-Ambagarh Chowki,4
Mahadev Sai Temple,21.1913511,81.3091706,5,"hindu_temple, place_of_worship, point_of_interest, establishment",temples,Chhattisgarh,All Seasons,Mohla-Manpur-Ambagarh Chowki,1
The Green Hills Farms and Resorts,21.185313,81.151438,3.4,"lodging, point_of_interest, establishment",hills,Chhattisgarh,Winter,Mohla-Manpur-Ambagarh Chowki,53
Govinda seven hills complex,21.1634363,81.3353916,5,"lodging, point_of_interest, establishment",hills,Chhattisgarh,Winter,Mohla-Manpur-Ambagarh Chowki,1
Tandula River Bridge,20.715997,81.2390588,5,"point_of_interest, establishment",hills,Chhattisgarh,Winter,Mohla-Manpur-Ambagarh Chowki,1
Bijora,20.8269946,81.1106133,No rating,"locality, political",hills,Chhattisgarh,Winter,Mohla-Manpur-Ambagarh Chowki,0
MM Adventures,20.7018241,81.56042,5,"travel_agency, point_of_interest, establishment",hills,Chhattisgarh,Winter,Mohla-Manpur-Ambagarh Chowki,20
Thagda Sunset Viewpoint,21.1821856,81.30160149999999,4.5,"tourist_attraction, point_of_interest, establishment",attraction,Chhattisgarh,All Seasons,Mohla-Manpur-Ambagarh Chowki,22
Dam View point,21.1503199,81.3673783,4.2,"tourist_attraction, point_of_interest, establishment",attraction,Chhattisgarh,All Seasons,Mohla-Manpur-Ambagarh Chowki,94
Rudri Dam,20.6582022,81.5615947,4.2,"tourist_attraction, point_of_interest, establishment",attraction,Chhattisgarh,All Seasons,Mohla-Manpur-Ambagarh Chowki,160
Main Gate Tandula Dam Balod,20.7022554,81.22239410000002,4.3,"tourist_attraction, point_of_interest, establishment",attraction,Chhattisgarh,All Seasons,Mohla-Manpur-Ambagarh Chowki,371
"Maitri Bagh Zoo, bhilai, Chhattisgarh",21.168628,81.3503389,4,"zoo, tourist_attraction, point_of_interest, establishment",attraction,Chhattisgarh,All Seasons,Mohla-Manpur-Ambagarh Chowki,9608
Thadga Dam tourist spot,21.1797802,81.3020263,4.3,"tourist_attraction, point_of_interest, establishment",attraction,Chhattisgarh,All Seasons,Mohla-Manpur-Ambagarh Chowki,12
Sunrise point,21.1553804,81.33563269999999,4.3,"tourist_attraction, point_of_interest, establishment",attraction,Chhattisgarh,All Seasons,Mohla-Manpur-Ambagarh Chowki,3
Chitwa Dongari Cave,20.731234,81.101096,4,"tourist_attraction, point_of_interest, establishment",attraction,Chhattisgarh,All Seasons,Mohla-Manpur-Ambagarh Chowki,144
I Love Bhilai,21.190348,81.349143,4.4,"tourist_attraction, point_of_interest, establishment",attraction,Chhattisgarh,All Seasons,Mohla-Manpur-Ambagarh Chowki,487
Thanod Picnic Spot,21.1336635,81.24498179999999,3.7,"tourist_attraction, point_of_interest, establishment",attraction,Chhattisgarh,All Seasons,Mohla-Manpur-Ambagarh Chowki,25
Dada Dadi Nana Nani Park,21.1877061,81.2872391,3.9,"park, tourist_attraction, point_of_interest, establishment",attraction,Chhattisgarh,All Seasons,Mohla-Manpur-Ambagarh Chowki,1328
तालाब,20.7259533,81.19138679999999,0,"tourist_attraction, point_of_interest, establishment",attraction,Chhattisgarh,All Seasons,Mohla-Manpur-Ambagarh Chowki,0
DAULAT VATICA,21.1434952,81.5128282,4.6,"tourist_attraction, point_of_interest, establishment",attraction,Chhattisgarh,All Seasons,Mohla-Manpur-Ambagarh Chowki,35
Thagda bandh,21.1813918,81.2996757,4.4,"tourist_attraction, point_of_interest, establishment",attraction,Chhattisgarh,All Seasons,Mohla-Manpur-Ambagarh Chowki,24
Gondali Jalashaya,20.735245,81.1353317,3.9,"tourist_attraction, point_of_interest, establishment",attraction,Chhattisgarh,All Seasons,Mohla-Manpur-Ambagarh Chowki,19
Stop Dam,20.953667,81.2799313,4.7,"tourist_attraction, point_of_interest, establishment",attraction,Chhattisgarh,All Seasons,Mohla-Manpur-Ambagarh Chowki,6
Maitri garden Watch Tower,21.1715769,81.35533559999999,3.4,"tourist_attraction, point_of_interest, establishment",attraction,Chhattisgarh,All Seasons,Mohla-Manpur-Ambagarh Chowki,21
Chirraiya Upwan,21.129241,81.246263,3.8,"tourist_attraction, point_of_interest, establishment",attraction,Chhattisgarh,All Seasons,Mohla-Manpur-Ambagarh Chowki,4
अमृत सरोवर,20.8580746,81.215684,0,"tourist_attraction, point_of_interest, establishment",attraction,Chhattisgarh,All Seasons,Mohla-Manpur-Ambagarh Chowki,0
Darri Talab,21.1356311,81.2132858,4.5,"tourist_attraction, point_of_interest, establishment",attraction,Chhattisgarh,All Seasons,Mohla-Manpur-Ambagarh Chowki,2
VINAYAKPUR check dam and bridge,21.0453765,81.2394668,4.4,"tourist_attraction, point_of_interest, establishment",attraction,Chhattisgarh,All Seasons,Mohla-Manpur-Ambagarh Chowki,16
सुकृति फॉर्म भाटागांव,21.1686563,81.5073057,0,"tourist_attraction, point_of_interest, establishment",attraction,Chhattisgarh,All Seasons,Mohla-Manpur-Ambagarh Chowki,0
Tandula River Bridge,20.7066437,81.2048654,0,"tourist_attraction, point_of_interest, establishment",attraction,Chhattisgarh,All Seasons,Mohla-Manpur-Ambagarh Chowki,0
Mannam Ground Fountain,21.1925246,81.3218385,3.5,"tourist_attraction, point_of_interest, establishment",attraction,Chhattisgarh,All Seasons,Mohla-Manpur-Ambagarh Chowki,4
National Flag,21.1856063,81.3474395,5,"tourist_attraction, point_of_interest, establishment",attraction,Chhattisgarh,All Seasons,Mohla-Manpur-Ambagarh Chowki,7
Tandula lake,20.7035629,81.19973689999999,4.4,"tourist_attraction, point_of_interest, establishment",attraction,Chhattisgarh,All Seasons,Mohla-Manpur-Ambagarh Chowki,17
Balod Dem,20.7106698,81.1887821,4.6,"tourist_attraction, point_of_interest, establishment",attraction,Chhattisgarh,All Seasons,Mohla-Manpur-Ambagarh Chowki,10
"Budha Sagar Fountain, Rajnandgaon",21.0919662,81.0287961,4,"tourist_attraction, point_of_interest, establishment",attraction,Chhattisgarh,All Seasons,Mohla-Manpur-Ambagarh Chowki,1
Bendrakona,20.70602,81.174683,4.4,"tourist_attraction, point_of_interest, establishment",attraction,Chhattisgarh,All Seasons,Mohla-Manpur-Ambagarh Chowki,5
Budha Talab Ghat Balod,20.7270585,81.2055798,2.5,"tourist_attraction, point_of_interest, establishment",attraction,Chhattisgarh,All Seasons,Mohla-Manpur-Ambagarh Chowki,2
Achankapur wetlands,21.1060822,81.4670385,5,"tourist_attraction, point_of_interest, establishment",attraction,Chhattisgarh,All Seasons,Mohla-Manpur-Ambagarh Chowki,1
Balod tandula dam,20.7099943,81.19586120000001,4.6,"tourist_attraction, point_of_interest, establishment",attraction,Chhattisgarh,All Seasons,Mohla-Manpur-Ambagarh Chowki,8
Point of encouter,21.1764595,81.3468843,5,"tourist_attraction, point_of_interest, establishment",attraction,Chhattisgarh,All Seasons,Mohla-Manpur-Ambagarh Chowki,1
केकई तालाब,20.7365306,81.1967172,0,"tourist_attraction, point_of_interest, establishment",attraction,Chhattisgarh,All Seasons,Mohla-Manpur-Ambagarh Chowki,0
Mohad/Dhamansara Dam,21.0565965,81.0858044,3.7,"tourist_attraction, point_of_interest, establishment",attraction,Chhattisgarh,All Seasons,Mohla-Manpur-Ambagarh Chowki,10
नया तालाब,20.710413,81.430861,4,"tourist_attraction, point_of_interest, establishment",attraction,Chhattisgarh,All Seasons,Mohla-Manpur-Ambagarh Chowki,1
Kala munch,20.9957883,81.41631690000001,0,"tourist_attraction, point_of_interest, establishment",attraction,Chhattisgarh,All Seasons,Mohla-Manpur-Ambagarh Chowki,0
Deori chicholi picnic spot,21.000237,81.3214191,4,"tourist_attraction, point_of_interest, establishment",attraction,Chhattisgarh,All Seasons,Mohla-Manpur-Ambagarh Chowki,23
Gondila lake,20.7373739,81.115989,5,"tourist_attraction, point_of_interest, establishment",attraction,Chhattisgarh,All Seasons,Mohla-Manpur-Ambagarh Chowki,2
Maroda view point,21.1510552,81.3674048,0,"tourist_attraction, point_of_interest, establishment",attraction,Chhattisgarh,All Seasons,Mohla-Manpur-Ambagarh Chowki,0
Mukund Sarovar,20.7032641,81.31023019999999,5,"tourist_attraction, point_of_interest, establishment",attraction,Chhattisgarh,All Seasons,Mohla-Manpur-Ambagarh Chowki,1
GONDALI DAM,20.7367261,81.12977389999999,4.2,"tourist_attraction, point_of_interest, establishment",attraction,Chhattisgarh,All Seasons,Mohla-Manpur-Ambagarh Chowki,19
Bharda Dam,20.7728014,81.0911299,3.3,"tourist_attraction, point_of_interest, establishment",attraction,Chhattisgarh,All Seasons,Mohla-Manpur-Ambagarh Chowki,16
"तांदूला River ,RT view point बोरिद",20.66328,81.1436466,4.5,"tourist_attraction, point_of_interest, establishment",attraction,Chhattisgarh,All Seasons,Mohla-Manpur-Ambagarh Chowki,2
Danitola Ghati,20.6879562,81.1329509,2,"tourist_attraction, point_of_interest, establishment",attraction,Chhattisgarh,All Seasons,Mohla-Manpur-Ambagarh Chowki,1
Picnic Spot Ghughsidih,21.0623717,81.3571296,5,"tourist_attraction, point_of_interest, establishment",attraction,Chhattisgarh,All Seasons,Mohla-Manpur-Ambagarh Chowki,3
Old Pickup Weir Rudri,20.6598125,81.5602031,4.2,"tourist_attraction, point_of_interest, establishment",attraction,Chhattisgarh,All Seasons,Mohla-Manpur-Ambagarh Chowki,5
पड़कीभाठ चौक,20.7493797,81.2458995,0,"tourist_attraction, point_of_interest, establishment",attraction,Chhattisgarh,All Seasons,Mohla-Manpur-Ambagarh Chowki,0
Thakurain Tola,21.0746563,81.5757082,4.3,"tourist_attraction, point_of_interest, establishment",attraction,Chhattisgarh,All Seasons,Mohla-Manpur-Ambagarh Chowki,8
Gopi krishna sahu,20.6929417,81.54918699999999,4,"tourist_attraction, point_of_interest, establishment",attraction,Chhattisgarh,All Seasons,Mohla-Manpur-Ambagarh Chowki,8
Mangata greens resort,21.1919216,81.1491143,5,"tourist_attraction, point_of_interest, establishment",attraction,Chhattisgarh,All Seasons,Mohla-Manpur-Ambagarh Chowki,1
Picnic Spot weekend point bharda,21.0953746,81.2375343,3.3,"tourist_attraction, point_of_interest, establishment",attraction,Chhattisgarh,All Seasons,Mohla-Manpur-Ambagarh Chowki,4
Chhatrapati Shivaji Square,20.7085674,81.5448947,4.8,"tourist_attraction, point_of_interest, establishment",attraction,Chhattisgarh,All Seasons,Mohla-Manpur-Ambagarh Chowki,6
"Morid , Bhilai 3",21.1637547,81.4131345,3.9,"tourist_attraction, point_of_interest, establishment",attraction,Chhattisgarh,All Seasons,Mohla-Manpur-Ambagarh Chowki,9
Pingal Waterfall,20.729125,81.05799189999999,3.9,"tourist_attraction, point_of_interest, establishment",attraction,Chhattisgarh,All Seasons,Mohla-Manpur-Ambagarh Chowki,17
Panthi Chowk,21.1784462,81.3242887,4.1,"tourist_attraction, point_of_interest, establishment",attraction,Chhattisgarh,All Seasons,Mohla-Manpur-Ambagarh Chowki,292
Ladoo buggu view point,21.1543904,81.19902549999999,0,"tourist_attraction, point_of_interest, establishment",attraction,Chhattisgarh,All Seasons,Mohla-Manpur-Ambagarh Chowki,0
Ganjpara Durga p Mandir andal,21.183075,81.2720168,4.3,"tourist_attraction, point_of_interest, establishment",attraction,Chhattisgarh,All Seasons,Mohla-Manpur-Ambagarh Chowki,77
भालू,21.1735616,81.35438839999999,5,"tourist_attraction, point_of_interest, establishment",attraction,Chhattisgarh,All Seasons,Mohla-Manpur-Ambagarh Chowki,1
Picnic Spot ghughsidih,21.0602541,81.3647635,4,"tourist_attraction, point_of_interest, establishment",attraction,Chhattisgarh,All Seasons,Mohla-Manpur-Ambagarh Chowki,2
Swami Vivekanand Park Darra,20.7131984,81.44659639999999,4.9,"park, point_of_interest, establishment",parks,Chhattisgarh,Spring,Dondi Lohara,9
Jhalmala,20.7160799,81.2401805,4.2,"park, point_of_interest, establishment",parks,Chhattisgarh,Spring,Dondi Lohara,42
Jalpari Garden no.2 Dalli Rajhara,20.5825817,81.079745,3.9,"park, point_of_interest, establishment",parks,Chhattisgarh,Spring,Dondi Lohara,143
Environment park,20.7159589,81.18368869999999,4.4,"park, point_of_interest, establishment",parks,Chhattisgarh,Spring,Dondi Lohara,16
Saptgiri Park,20.5822337,81.0872223,4.1,"park, point_of_interest, establishment",parks,Chhattisgarh,Spring,Dondi Lohara,335
Pragati Yuva Garden,20.66522,81.0613624,4.1,"park, point_of_interest, establishment",parks,Chhattisgarh,Spring,Dondi Lohara,10
MR RTESH Masiyare,20.530524,81.1580031,3.5,"park, point_of_interest, establishment",parks,Chhattisgarh,Spring,Dondi Lohara,2
Chikhalakasa Garden,20.599004,81.0746032,3.4,"park, point_of_interest, establishment",parks,Chhattisgarh,Spring,Dondi Lohara,114
Hospital Sector Mini Park,20.5888051,81.0828342,3.5,"park, point_of_interest, establishment",parks,Chhattisgarh,Spring,Dondi Lohara,52
Dupchera तालाब,20.7101956,81.43170479999999,5,"park, point_of_interest, establishment",parks,Chhattisgarh,Spring,Dondi Lohara,2
Aarogya Watika,20.587436,81.0788273,4.3,"park, point_of_interest, establishment",parks,Chhattisgarh,Spring,Dondi Lohara,32
Chill Zone,20.8100305,81.3567296,4.3,"park, point_of_interest, establishment",parks,Chhattisgarh,Spring,Dondi Lohara,3
Pt. Dindayal Upadhyay Memorial,20.7887079,81.0552604,4,"park, point_of_interest, establishment",parks,Chhattisgarh,Spring,Dondi Lohara,41
आदर्श गौठान भर्रिटोला (43),20.6353496,81.0523744,5,"park, point_of_interest, establishment",parks,Chhattisgarh,Spring,Dondi Lohara,1
Kurrutola,20.5030853,81.1453535,4,"park, point_of_interest, establishment",parks,Chhattisgarh,Spring,Dondi Lohara,1
Gurunanak marriage garden,20.6745442,81.4023462,5,"park, point_of_interest, establishment",parks,Chhattisgarh,Spring,Dondi Lohara,12
Govt.Sanjay Nikunj Udyan,20.4139211,81.2818048,4.2,"park, point_of_interest, establishment",parks,Chhattisgarh,Spring,Dondi Lohara,5
Navnit,20.7456907,81.1657644,0,"park, point_of_interest, establishment",parks,Chhattisgarh,Spring,Dondi Lohara,0
Radha swami satsang Vyas,20.8110331,81.359015,3.8,"park, point_of_interest, establishment",parks,Chhattisgarh,Spring,Dondi Lohara,13
अटल चौक,20.7724882,81.0936217,4,"park, point_of_interest, establishment",parks,Chhattisgarh,Spring,Dondi Lohara,1
Deshmukh house,20.8365994,81.2161185,5,"park, point_of_interest, establishment",parks,Chhattisgarh,Spring,Dondi Lohara,1
Balod choupati,20.7280623,81.20120109999999,2.5,"park, point_of_interest, establishment",parks,Chhattisgarh,Spring,Dondi Lohara,2
शासकीय उद्यान रोपणी अरमुरकसा,20.62324,81.07779900000001,3.2,"park, point_of_interest, establishment",parks,Chhattisgarh,Spring,Dondi Lohara,6
Shanti sahu,20.4419743,81.4541569,5,"park, point_of_interest, establishment",parks,Chhattisgarh,Spring,Dondi Lohara,2
ईरागांव ठाकुर दाई,20.3693234,81.1287744,5,"park, point_of_interest, establishment",parks,Chhattisgarh,Spring,Dondi Lohara,3
ASHOKRATAN FARM,20.6922281,81.0660161,5,"park, point_of_interest, establishment",parks,Chhattisgarh,Spring,Dondi Lohara,3
Nikhil boga,20.3594097,80.984493,4.6,"park, point_of_interest, establishment",parks,Chhattisgarh,Spring,Dondi Lohara,5
Dongergaon stop dam,20.3000614,81.26753479999999,3.5,"park, point_of_interest, establishment",parks,Chhattisgarh,Spring,Dondi Lohara,4
Tokeshwar sahu,20.761937,81.37405199999999,3,"park, point_of_interest, establishment",parks,Chhattisgarh,Spring,Dondi Lohara,2
वन विभाग पार्क कोकड़ी,20.3311875,81.46131249999999,0,"park, point_of_interest, establishment",parks,Chhattisgarh,Spring,Dondi Lohara,0
Talab,20.7885286,81.2577534,0,"park, point_of_interest, establishment",parks,Chhattisgarh,Spring,Dondi Lohara,0
नलकसा मैदान,20.5093276,81.00608179999999,0,"park, point_of_interest, establishment",parks,Chhattisgarh,Spring,Dondi Lohara,0
Chikhlakasa Talaab,20.5319454,81.1196075,0,"park, point_of_interest, establishment",parks,Chhattisgarh,Spring,Dondi Lohara,0
KGF Kiran Green Farms,20.632463,81.433101,5,"park, point_of_interest, establishment",parks,Chhattisgarh,Spring,Dondi Lohara,2
हीरापुर गार्डन,20.7271244,81.2189902,0,"park, point_of_interest, establishment",parks,Chhattisgarh,Spring,Dondi Lohara,0
Bhuneshwar Kumar sori,20.5600853,80.9204683,4.2,"park, point_of_interest, establishment",parks,Chhattisgarh,Spring,Dondi Lohara,5
Park.on salhe,20.5695757,81.12712270000002,0,"park, point_of_interest, establishment",parks,Chhattisgarh,Spring,Dondi Lohara,0
Park,20.49541,81.3767,0,"park, point_of_interest, establishment",parks,Chhattisgarh,Spring,Dondi Lohara,0
"खरखरा जलाशय, धोरदा",20.7824646,80.9717758,0,"park, point_of_interest, establishment",parks,Chhattisgarh,Spring,Dondi Lohara,0
सीताराम एग्रीकल्चर सांकरा,20.8069692,81.2004973,0,"park, point_of_interest, establishment",parks,Chhattisgarh,Spring,Dondi Lohara,0
Mini dam gainji,20.7138113,81.0798923,0,"park, point_of_interest, establishment",parks,Chhattisgarh,Spring,Dondi Lohara,0
Rana nivas,20.5084637,81.1533049,3,"park, point_of_interest, establishment",parks,Chhattisgarh,Spring,Dondi Lohara,1
Jagnayk kirisi frame,20.8056588,81.0587577,0,"park, point_of_interest, establishment",parks,Chhattisgarh,Spring,Dondi Lohara,0
Vivek Kodopi,20.5035291,81.31750029999999,0,"park, point_of_interest, establishment",parks,Chhattisgarh,Spring,Dondi Lohara,0
Bheja Garden,20.655131,81.44702699999999,5,"park, point_of_interest, establishment",parks,Chhattisgarh,Spring,Dondi Lohara,2
श्री राम वाटिका,20.7300781,81.2136974,0,"park, point_of_interest, establishment",parks,Chhattisgarh,Spring,Dondi Lohara,0
Barsatola Party Spot,20.5945355,81.0967569,0,"park, point_of_interest, establishment",parks,Chhattisgarh,Spring,Dondi Lohara,0
गलारा डबरी खोलझर,20.7419028,81.02025259999999,0,"park, point_of_interest, establishment",parks,Chhattisgarh,Spring,Dondi Lohara,0
गलारा डबरी खोलझर,20.7419028,81.02025259999999,0,"park, point_of_interest, establishment",parks,Chhattisgarh,Spring,Dondi Lohara,0
Krishna kunj,20.5876852,81.08704759999999,0,"park, point_of_interest, establishment",parks,Chhattisgarh,Spring,Dondi Lohara,0
milan chok,20.7679379,81.24567569999999,0,"park, point_of_interest, establishment",parks,Chhattisgarh,Spring,Dondi Lohara,0
LOVER POINTS,20.5375772,81.4069476,0,"park, point_of_interest, establishment",parks,Chhattisgarh,Spring,Dondi Lohara,0
JAGANNATHPUR GARDEN (BALOD),20.7999408,81.1989215,5,"park, point_of_interest, establishment",parks,Chhattisgarh,Spring,Dondi Lohara,4
Mandavi farmar,20.5364984,81.0548762,0,"park, point_of_interest, establishment",parks,Chhattisgarh,Spring,Dondi Lohara,0
Mahila Garden,20.5852355,81.08013919999999,3.7,"park, point_of_interest, establishment",parks,Chhattisgarh,Spring,Dondi Lohara,30
Yadav's farm,20.7758446,81.229325,0,"park, point_of_interest, establishment",parks,Chhattisgarh,Spring,Dondi Lohara,0
Gaothan Hathod,20.6877809,81.2891944,1,"park, point_of_interest, establishment",parks,Chhattisgarh,Spring,Dondi Lohara,1
Churendra niwas,20.476315,81.1586884,0,"park, point_of_interest, establishment",parks,Chhattisgarh,Spring,Dondi Lohara,0
Krish nag,20.7270655,81.2055798,0,"park, point_of_interest, establishment",parks,Chhattisgarh,Spring,Dondi Lohara,0
Kaju garden,20.4946202,81.4044931,5,"park, point_of_interest, establishment",parks,Chhattisgarh,Spring,Dondi Lohara,1
Sahu tent sambalpur lohara,20.8140602,81.0630164,3,"museum, point_of_interest, establishment",museum,Chhattisgarh,Winter,Dondi Lohara,2
Dhananjay sahu,20.7182934,81.4297333,0,"museum, point_of_interest, establishment",museum,Chhattisgarh,Winter,Dondi Lohara,0
Naya para pateli,20.5465699,81.1554409,0,"museum, point_of_interest, establishment",museum,Chhattisgarh,Winter,Dondi Lohara,0
Open Museum Balod,20.7359453,81.1979154,3.7,"museum, point_of_interest, establishment",museum,Chhattisgarh,Winter,Dondi Lohara,33
Dev Bawli Waterfall,20.8386875,80.9621875,3.8,"tourist_attraction, point_of_interest, establishment",waterfalls,Chhattisgarh,Monsoon,Dondi Lohara,31
Deopandum Waterfall,20.646898,81.01766889999999,4.3,"tourist_attraction, point_of_interest, establishment",waterfalls,Chhattisgarh,Monsoon,Dondi Lohara,44
Siyadevi Waterfall,20.6201362,81.2846838,4.2,"tourist_attraction, point_of_interest, establishment",waterfalls,Chhattisgarh,Monsoon,Dondi Lohara,637
Dordora Waterfall Nalpani,20.7300124,81.0109208,3.2,"tourist_attraction, point_of_interest, establishment",waterfalls,Chhattisgarh,Monsoon,Dondi Lohara,17
Kokan Waterfall,20.5848309,81.11228849999999,3.5,"tourist_attraction, point_of_interest, establishment",waterfalls,Chhattisgarh,Monsoon,Dondi Lohara,17
Hidden waterfall kinargondi,20.62096,81.2654283,5,"tourist_attraction, point_of_interest, establishment",waterfalls,Chhattisgarh,Monsoon,Dondi Lohara,4
Pingal Waterfall,20.729125,81.05799189999999,3.9,"tourist_attraction, point_of_interest, establishment",waterfalls,Chhattisgarh,Monsoon,Dondi Lohara,17
Odgaw Waterfall,20.5608143,81.187964,3,"tourist_attraction, point_of_interest, establishment",waterfalls,Chhattisgarh,Monsoon,Dondi Lohara,2
Jharjhara Nala Waterfall,20.7843195,81.0150568,3.6,"tourist_attraction, point_of_interest, establishment",waterfalls,Chhattisgarh,Monsoon,Dondi Lohara,14
Shri Siyadevi Temple,20.619904,81.2848029,4.2,"hindu_temple, tourist_attraction, place_of_worship, point_of_interest, establishment",waterfalls,Chhattisgarh,Monsoon,Dondi Lohara,2127
Konde Waterfall,20.578604,81.0434527,3.8,"tourist_attraction, point_of_interest, establishment",waterfalls,Chhattisgarh,Monsoon,Dondi Lohara,5
Rajhara Dam Waterfall,20.5608679,81.0745673,3,"tourist_attraction, point_of_interest, establishment",waterfalls,Chhattisgarh,Monsoon,Dondi Lohara,2
Jhumki waterfall,20.6325863,81.01664629999999,3.3,"tourist_attraction, point_of_interest, establishment",waterfalls,Chhattisgarh,Monsoon,Dondi Lohara,3
Masul (Waterfall),20.6117736,81.3832309,3.7,"tourist_attraction, point_of_interest, establishment",waterfalls,Chhattisgarh,Monsoon,Dondi Lohara,6
"kharkhara stop dam, Dondilohara",20.836241,80.9899003,4.2,"tourist_attraction, point_of_interest, establishment",waterfalls,Chhattisgarh,Monsoon,Dondi Lohara,102
Main Gate Tandula Dam Balod,20.7022554,81.22239410000002,4.3,"tourist_attraction, point_of_interest, establishment",waterfalls,Chhattisgarh,Monsoon,Dondi Lohara,371
mullegura dam shore,20.6426125,81.2271276,4,"tourist_attraction, point_of_interest, establishment",waterfalls,Chhattisgarh,Monsoon,Dondi Lohara,5
Balod Dem,20.7106698,81.1887821,4.6,"tourist_attraction, point_of_interest, establishment",waterfalls,Chhattisgarh,Monsoon,Dondi Lohara,10
Jhalmala,20.7160799,81.2401805,4.2,"park, point_of_interest, establishment",waterfalls,Chhattisgarh,Monsoon,Dondi Lohara,42
Backwaters Gangrel Onakona,20.5739352,81.4454051,4.7,"tourist_attraction, point_of_interest, establishment",waterfalls,Chhattisgarh,Monsoon,Dondi Lohara,12
Tandula lake,20.7035629,81.19973689999999,4.4,"tourist_attraction, point_of_interest, establishment",waterfalls,Chhattisgarh,Monsoon,Dondi Lohara,17
Madwapathara Dam,20.5953038,81.2185506,4.2,"tourist_attraction, point_of_interest, establishment",waterfalls,Chhattisgarh,Monsoon,Dondi Lohara,5
Bawli camping area/Hiking area/picnic spot,20.8342008,80.96315229999999,3.3,"tourist_attraction, point_of_interest, establishment",waterfalls,Chhattisgarh,Monsoon,Dondi Lohara,4
खरखरा डैम,20.835327,80.986901,4.1,"tourist_attraction, point_of_interest, establishment",waterfalls,Chhattisgarh,Monsoon,Dondi Lohara,130
Budha Talab Ghat Balod,20.7270585,81.2055798,2.5,"tourist_attraction, point_of_interest, establishment",waterfalls,Chhattisgarh,Monsoon,Dondi Lohara,2
Kharkhara Secret Spot,20.827768,80.99063799999999,4.6,"tourist_attraction, point_of_interest, establishment",waterfalls,Chhattisgarh,Monsoon,Dondi Lohara,8
Uttam Kumar Sahu,20.5633225,81.37109989999999,4.1,"tourist_attraction, point_of_interest, establishment",waterfalls,Chhattisgarh,Monsoon,Dondi Lohara,15
Kharkhara Dam,20.801782,80.9705292,4.1,"natural_feature, establishment",waterfalls,Chhattisgarh,Monsoon,Dondi Lohara,299
Rajhara Dam,20.5627172,81.07201599999999,4.1,"natural_feature, establishment",waterfalls,Chhattisgarh,Monsoon,Dondi Lohara,27
Shri Siyadevi Temple,20.619904,81.2848029,4.2,"hindu_temple, tourist_attraction, place_of_worship, point_of_interest, establishment",beaches,Chhattisgarh,Summer,Dondi Lohara,2127
SUA LAKE VIEW RESORT,20.7004518,81.233339,3.7,"lodging, point_of_interest, establishment",beaches,Chhattisgarh,Summer,Dondi Lohara,34
कृष्णा गोपाल गोथन सांगली,20.801018,81.4620667,2.5,"zoo, point_of_interest, establishment",zoo,Chhattisgarh,Winter,Dondi Lohara,2
Shri Siyadevi Temple,20.619904,81.2848029,4.2,"hindu_temple, tourist_attraction, place_of_worship, point_of_interest, establishment",temples,Chhattisgarh,All Seasons,Dondi Lohara,2127
Nathiyanawagaon tempel,20.3539209,81.4531873,4.3,"hindu_temple, place_of_worship, point_of_interest, establishment",temples,Chhattisgarh,All Seasons,Dondi Lohara,27
Ganesh Temple,20.3045044,81.03455389999999,4.8,"hindu_temple, place_of_worship, point_of_interest, establishment",temples,Chhattisgarh,All Seasons,Dondi Lohara,25
Ma Mahamaya Temple,20.4843919,80.9937607,4.2,"hindu_temple, place_of_worship, point_of_interest, establishment",temples,Chhattisgarh,All Seasons,Dondi Lohara,95
Rudra Temple Onakona,20.5745849,81.4446099,4.3,"hindu_temple, place_of_worship, point_of_interest, establishment",temples,Chhattisgarh,All Seasons,Dondi Lohara,653
Sri Ganga Maiya Mandir,20.7165882,81.2328321,4.5,"hindu_temple, place_of_worship, point_of_interest, establishment",temples,Chhattisgarh,All Seasons,Dondi Lohara,931
Narmadeshwar Mahadev Temple,20.4886747,81.3699187,0,"place_of_worship, point_of_interest, establishment",temples,Chhattisgarh,All Seasons,Dondi Lohara,0
Kille Wali Mata Temple,20.5208647,81.0247242,4.4,"hindu_temple, place_of_worship, point_of_interest, establishment",temples,Chhattisgarh,All Seasons,Dondi Lohara,146
Dev Bawli Temple,20.8386752,80.9618716,4,"hindu_temple, place_of_worship, point_of_interest, establishment",temples,Chhattisgarh,All Seasons,Dondi Lohara,94
Rajhara Baba Temple,20.5809857,81.0939932,4.6,"hindu_temple, place_of_worship, point_of_interest, establishment",temples,Chhattisgarh,All Seasons,Dondi Lohara,38
Hanuman Temple,20.3105884,81.0736977,4,"hindu_temple, place_of_worship, point_of_interest, establishment",temples,Chhattisgarh,All Seasons,Dondi Lohara,34
Pandwan Dev Temple,20.6689698,81.143048,4.2,"hindu_temple, place_of_worship, point_of_interest, establishment",temples,Chhattisgarh,All Seasons,Dondi Lohara,14
Aadi Bhootnath Temple,20.3082443,81.466948,5,"hindu_temple, place_of_worship, point_of_interest, establishment",temples,Chhattisgarh,All Seasons,Dondi Lohara,1
Jalaram Bappa Temple,20.5836197,81.0760997,4.6,"place_of_worship, point_of_interest, establishment",temples,Chhattisgarh,All Seasons,Dondi Lohara,30
shiv temple,20.8089749,81.0247608,5,"hindu_temple, place_of_worship, point_of_interest, establishment",temples,Chhattisgarh,All Seasons,Dondi Lohara,1
"Shri Kapileshwar Temple - Balod District, Chhattisgarh, India",20.7376293,81.2108719,4.4,"hindu_temple, place_of_worship, point_of_interest, establishment",temples,Chhattisgarh,All Seasons,Dondi Lohara,30
Onakona Balod,20.5746785,81.44452969999999,4.4,"hindu_temple, place_of_worship, point_of_interest, establishment",temples,Chhattisgarh,All Seasons,Dondi Lohara,21
HILL MYNA HIGHWAY TREAT,20.3433236,81.4526884,3.9,"restaurant, food, point_of_interest, establishment",hills,Chhattisgarh,Winter,Dondi Lohara,135
Junwani Hills,20.5205777,81.3992222,3.8,"tourist_attraction, point_of_interest, establishment",hills,Chhattisgarh,Winter,Dondi Lohara,5
"अर्जुन रथ, दल्ली राजहरा",20.5823059,81.08413180000001,4.4,"tourist_attraction, point_of_interest, establishment",hills,Chhattisgarh,Winter,Dondi Lohara,95
Jamdipath Dam,20.6853503,80.9594465,4.3,"tourist_attraction, point_of_interest, establishment",hills,Chhattisgarh,Winter,Dondi Lohara,24
Rajhara Dam,20.5627172,81.07201599999999,4.1,"natural_feature, establishment",hills,Chhattisgarh,Winter,Dondi Lohara,27
Chitwa Dongari Cave,20.731234,81.101096,4,"tourist_attraction, point_of_interest, establishment",hills,Chhattisgarh,Winter,Dondi Lohara,144
Shri Siyadevi Temple,20.619904,81.2848029,4.2,"hindu_temple, tourist_attraction, place_of_worship, point_of_interest, establishment",hills,Chhattisgarh,Winter,Dondi Lohara,2127
Main Gate Tandula Dam Balod,20.7022554,81.22239410000002,4.3,"tourist_attraction, point_of_interest, establishment",hills,Chhattisgarh,Winter,Dondi Lohara,371
Durga Kokan Mandir,20.5855394,81.11075459999999,3.1,"hindu_temple, place_of_worship, point_of_interest, establishment",hills,Chhattisgarh,Winter,Dondi Lohara,14
Tandula River Bridge,20.715997,81.2390588,5,"point_of_interest, establishment",hills,Chhattisgarh,Winter,Dondi Lohara,1
Bijora,20.8269946,81.1106133,No rating,"locality, political",hills,Chhattisgarh,Winter,Dondi Lohara,0
Siyadevi Waterfall,20.6201362,81.2846838,4.2,"tourist_attraction, point_of_interest, establishment",attraction,Chhattisgarh,All Seasons,Dondi Lohara,637
Main Gate Tandula Dam Balod,20.7022554,81.22239410000002,4.3,"tourist_attraction, point_of_interest, establishment",attraction,Chhattisgarh,All Seasons,Dondi Lohara,371
Dev Bawli Waterfall,20.8386875,80.9621875,3.8,"tourist_attraction, point_of_interest, establishment",attraction,Chhattisgarh,All Seasons,Dondi Lohara,31
Chitwa Dongari Cave,20.731234,81.101096,4,"tourist_attraction, point_of_interest, establishment",attraction,Chhattisgarh,All Seasons,Dondi Lohara,144
तालाब,20.7259533,81.19138679999999,0,"tourist_attraction, point_of_interest, establishment",attraction,Chhattisgarh,All Seasons,Dondi Lohara,0
"भीष्म रथ (व्यू पॉइंट), दल्ली राजहरा",20.582707,81.08379409999999,4.5,"tourist_attraction, point_of_interest, establishment",attraction,Chhattisgarh,All Seasons,Dondi Lohara,105
Gondali Jalashaya,20.735245,81.1353317,3.9,"tourist_attraction, point_of_interest, establishment",attraction,Chhattisgarh,All Seasons,Dondi Lohara,19
Madwapathara Dam,20.5953038,81.2185506,4.2,"tourist_attraction, point_of_interest, establishment",attraction,Chhattisgarh,All Seasons,Dondi Lohara,5
Mujalgondi_Ghat,20.5655638,81.3725523,4.3,"tourist_attraction, point_of_interest, establishment",attraction,Chhattisgarh,All Seasons,Dondi Lohara,6
Banjari Dam View Point,20.8163151,80.9619906,5,"tourist_attraction, point_of_interest, establishment",attraction,Chhattisgarh,All Seasons,Dondi Lohara,3
Tandula River Bridge,20.7066437,81.2048654,0,"tourist_attraction, point_of_interest, establishment",attraction,Chhattisgarh,All Seasons,Dondi Lohara,0
Jakkohda Dam,20.549923,81.29750200000001,4,"tourist_attraction, point_of_interest, establishment",attraction,Chhattisgarh,All Seasons,Dondi Lohara,2
Bordi Dam Picnic Spot,20.5308,81.0315,3.7,"tourist_attraction, point_of_interest, establishment",attraction,Chhattisgarh,All Seasons,Dondi Lohara,3
Duwarghat,20.525647,80.99253499999999,3.7,"tourist_attraction, point_of_interest, establishment",attraction,Chhattisgarh,All Seasons,Dondi Lohara,6
Baag Khol Cave,20.6329261,81.0142484,3.5,"tourist_attraction, point_of_interest, establishment",attraction,Chhattisgarh,All Seasons,Dondi Lohara,2
Tandula lake,20.7035629,81.19973689999999,4.4,"tourist_attraction, point_of_interest, establishment",attraction,Chhattisgarh,All Seasons,Dondi Lohara,17
Balod Dem,20.7106698,81.1887821,4.6,"tourist_attraction, point_of_interest, establishment",attraction,Chhattisgarh,All Seasons,Dondi Lohara,10
धोतीम गुंडरा,20.5576964,81.1166169,0,"tourist_attraction, point_of_interest, establishment",attraction,Chhattisgarh,All Seasons,Dondi Lohara,0
Hidden waterfall kinargondi,20.62096,81.2654283,5,"tourist_attraction, point_of_interest, establishment",attraction,Chhattisgarh,All Seasons,Dondi Lohara,4
Dondi Sun Set Point,20.5002746,81.0798123,3.7,"tourist_attraction, point_of_interest, establishment",attraction,Chhattisgarh,All Seasons,Dondi Lohara,7
Bendrakona,20.70602,81.174683,4.4,"tourist_attraction, point_of_interest, establishment",attraction,Chhattisgarh,All Seasons,Dondi Lohara,5
MAYANA DAM..,20.4203703,81.28066350000002,4.4,"tourist_attraction, point_of_interest, establishment",attraction,Chhattisgarh,All Seasons,Dondi Lohara,25
Budha Talab Ghat Balod,20.7270585,81.2055798,2.5,"tourist_attraction, point_of_interest, establishment",attraction,Chhattisgarh,All Seasons,Dondi Lohara,2
Junwani Hills,20.5205777,81.3992222,3.8,"tourist_attraction, point_of_interest, establishment",attraction,Chhattisgarh,All Seasons,Dondi Lohara,5
Karutola Dam,20.8229378,80.9657098,4.5,"tourist_attraction, point_of_interest, establishment",attraction,Chhattisgarh,All Seasons,Dondi Lohara,2
Balod tandula dam,20.7099943,81.19586120000001,4.6,"tourist_attraction, point_of_interest, establishment",attraction,Chhattisgarh,All Seasons,Dondi Lohara,8
Konde Waterfall,20.578604,81.0434527,3.8,"tourist_attraction, point_of_interest, establishment",attraction,Chhattisgarh,All Seasons,Dondi Lohara,5
Singhola Dam,20.5366632,81.2363159,4,"tourist_attraction, point_of_interest, establishment",attraction,Chhattisgarh,All Seasons,Dondi Lohara,10
Odgaw Waterfall,20.5608143,81.187964,3,"tourist_attraction, point_of_interest, establishment",attraction,Chhattisgarh,All Seasons,Dondi Lohara,2
Way for bordi dam,20.5305501,81.0343704,4.4,"tourist_attraction, point_of_interest, establishment",attraction,Chhattisgarh,All Seasons,Dondi Lohara,12
केकई तालाब,20.7365306,81.1967172,0,"tourist_attraction, point_of_interest, establishment",attraction,Chhattisgarh,All Seasons,Dondi Lohara,0
Kokan Waterfall,20.5848309,81.11228849999999,3.5,"tourist_attraction, point_of_interest, establishment",attraction,Chhattisgarh,All Seasons,Dondi Lohara,17
Pendri dam,20.5778108,81.1685408,5,"tourist_attraction, point_of_interest, establishment",attraction,Chhattisgarh,All Seasons,Dondi Lohara,2
नया तालाब,20.710413,81.430861,4,"tourist_attraction, point_of_interest, establishment",attraction,Chhattisgarh,All Seasons,Dondi Lohara,1
Pacheda Stop Dam,20.5685126,81.1508108,4.2,"tourist_attraction, point_of_interest, establishment",attraction,Chhattisgarh,All Seasons,Dondi Lohara,12
Gondila lake,20.7373739,81.115989,5,"tourist_attraction, point_of_interest, establishment",attraction,Chhattisgarh,All Seasons,Dondi Lohara,2
Tulu Dam,20.4262063,81.0602466,3.8,"tourist_attraction, point_of_interest, establishment",attraction,Chhattisgarh,All Seasons,Dondi Lohara,5
Deopandum Waterfall,20.646898,81.01766889999999,4.3,"tourist_attraction, point_of_interest, establishment",attraction,Chhattisgarh,All Seasons,Dondi Lohara,44
Ajit,20.3144148,81.4649747,0,"tourist_attraction, point_of_interest, establishment",attraction,Chhattisgarh,All Seasons,Dondi Lohara,0
Jhumki waterfall,20.6325863,81.01664629999999,3.3,"tourist_attraction, point_of_interest, establishment",attraction,Chhattisgarh,All Seasons,Dondi Lohara,3
Salhai Tola Dam,20.4942402,81.0479762,3.7,"tourist_attraction, point_of_interest, establishment",attraction,Chhattisgarh,All Seasons,Dondi Lohara,3
Mukund Sarovar,20.7032641,81.31023019999999,5,"tourist_attraction, point_of_interest, establishment",attraction,Chhattisgarh,All Seasons,Dondi Lohara,1
GONDALI DAM,20.7367261,81.12977389999999,4.2,"tourist_attraction, point_of_interest, establishment",attraction,Chhattisgarh,All Seasons,Dondi Lohara,19
Bharda Dam,20.7728014,81.0911299,3.3,"tourist_attraction, point_of_interest, establishment",attraction,Chhattisgarh,All Seasons,Dondi Lohara,16
"तांदूला River ,RT view point बोरिद",20.66328,81.1436466,4.5,"tourist_attraction, point_of_interest, establishment",attraction,Chhattisgarh,All Seasons,Dondi Lohara,2
mullegura dam shore,20.6426125,81.2271276,4,"tourist_attraction, point_of_interest, establishment",attraction,Chhattisgarh,All Seasons,Dondi Lohara,5
हाराडुला स्टाप डैम,20.4940319,81.422404,0,"tourist_attraction, point_of_interest, establishment",attraction,Chhattisgarh,All Seasons,Dondi Lohara,0
Viewpoint Bordi Dam,20.517974,81.0190204,0,"tourist_attraction, point_of_interest, establishment",attraction,Chhattisgarh,All Seasons,Dondi Lohara,0
Jamdipath Dam,20.6853503,80.9594465,4.3,"tourist_attraction, point_of_interest, establishment",attraction,Chhattisgarh,All Seasons,Dondi Lohara,24
Danitola Ghati,20.6879562,81.1329509,2,"tourist_attraction, point_of_interest, establishment",attraction,Chhattisgarh,All Seasons,Dondi Lohara,1
Bawli camping area/Hiking area/picnic spot,20.8342008,80.96315229999999,3.3,"tourist_attraction, point_of_interest, establishment",attraction,Chhattisgarh,All Seasons,Dondi Lohara,4
हाराडुला डैम mk,20.4739018,81.4188667,0,"tourist_attraction, point_of_interest, establishment",attraction,Chhattisgarh,All Seasons,Dondi Lohara,0
Rajhara Dam Waterfall,20.5608679,81.0745673,3,"tourist_attraction, point_of_interest, establishment",attraction,Chhattisgarh,All Seasons,Dondi Lohara,2
Pateli dam,20.5480774,81.1671451,0,"tourist_attraction, point_of_interest, establishment",attraction,Chhattisgarh,All Seasons,Dondi Lohara,0
पड़कीभाठ चौक,20.7493797,81.2458995,0,"tourist_attraction, point_of_interest, establishment",attraction,Chhattisgarh,All Seasons,Dondi Lohara,0
हाराडुला नरहरपुर मार्ग,20.4590631,81.3997543,0,"tourist_attraction, point_of_interest, establishment",attraction,Chhattisgarh,All Seasons,Dondi Lohara,0
daihan talab,20.7138656,81.1414939,0,"tourist_attraction, point_of_interest, establishment",attraction,Chhattisgarh,All Seasons,Dondi Lohara,0
"अर्जुन रथ, दल्ली राजहरा",20.5823059,81.08413180000001,4.4,"tourist_attraction, point_of_interest, establishment",attraction,Chhattisgarh,All Seasons,Dondi Lohara,95
Kotagaon,20.5115951,81.0455149,3.8,"tourist_attraction, point_of_interest, establishment",attraction,Chhattisgarh,All Seasons,Dondi Lohara,13
Jamaruwa Dam,20.5613216,81.10783409999999,4.3,"tourist_attraction, point_of_interest, establishment",attraction,Chhattisgarh,All Seasons,Dondi Lohara,4
