Name,Latitude,Longitude,Rating,Categories,Keyword,State,Season,District,Visitors Count of Ratings
Housing Colony park,23.8072426,86.4344886,4.1,"park, point_of_interest, establishment",parks,Jharkhand,Spring,Bokaro,56
Children's Park,23.7394444,86.4147222,3.9,"park, point_of_interest, establishment",parks,Jharkhand,Spring,Bokaro,1116
Amrut Park,23.6402268,86.15864119999999,4.2,"park, point_of_interest, establishment",parks,Jharkhand,Spring,Bokaro,1491
Bekarbandh Park,23.8003433,86.42921100000001,4.2,"park, point_of_interest, establishment",parks,Jharkhand,Spring,Bokaro,835
"Govardhan Eco Restoration Park, Bera",23.768558,86.4287778,4.4,"park, point_of_interest, establishment",parks,Jharkhand,Spring,Bokaro,72
Rajendra Sarovar Park,23.7999936,86.43100779999999,4.2,"park, point_of_interest, establishment",parks,Jharkhand,Spring,Bokaro,1031
Children's Park Sector 4/D,23.6733357,86.1529693,3.8,"park, point_of_interest, establishment",parks,Jharkhand,Spring,Bokaro,372
UGC Park,23.810465,86.4422153,3.8,"park, point_of_interest, establishment",parks,Jharkhand,Spring,Bokaro,133
Nehru Park,23.7710995,86.37155249999999,3.8,"park, point_of_interest, establishment",parks,Jharkhand,Spring,Bokaro,800
Rajendra Park (Bekar Bandh),23.7998706,86.43120420000001,4.3,"park, point_of_interest, establishment",parks,Jharkhand,Spring,Bokaro,74
Eco Park,23.6374646,86.1684882,4,"park, point_of_interest, establishment",parks,Jharkhand,Spring,Bokaro,47
Lal Bahadur Shastri Park,23.6500973,86.1341717,3.6,"park, point_of_interest, establishment",parks,Jharkhand,Spring,Bokaro,115
Station Park,23.6583002,86.08283399999999,4,"park, point_of_interest, establishment",parks,Jharkhand,Spring,Bokaro,58
Daffodil park(YaMi),23.6787625,86.16195309999999,4,"park, point_of_interest, establishment",parks,Jharkhand,Spring,Bokaro,162
Barmasia Park,23.7848045,86.44238899999999,3.8,"park, tourist_attraction, point_of_interest, establishment",parks,Jharkhand,Spring,Bokaro,649
Amrit Park,23.6127259,86.1776624,3.6,"park, point_of_interest, establishment",parks,Jharkhand,Spring,Bokaro,905
Railway Park,23.7900593,86.42840129999999,3.2,"park, point_of_interest, establishment",parks,Jharkhand,Spring,Bokaro,31
Sector 4F Park,23.674637,86.1593194,3.8,"park, point_of_interest, establishment",parks,Jharkhand,Spring,Bokaro,1480
Royal Garden Park,23.6665046,86.02179149999999,3.8,"park, point_of_interest, establishment",parks,Jharkhand,Spring,Bokaro,1322
Birsa Munda Park,23.8306392,86.4155435,3.8,"park, tourist_attraction, point_of_interest, establishment",parks,Jharkhand,Spring,Bokaro,6208
Vivekanand park,23.5760252,86.36314080000001,4.2,"park, point_of_interest, establishment",parks,Jharkhand,Spring,Bokaro,91
City Park,23.749314,86.3935785,3.8,"park, point_of_interest, establishment",parks,Jharkhand,Spring,Bokaro,37
Bhawanipur Maa Kali Mandir Park,23.6194336,86.1856081,4.4,"park, point_of_interest, establishment",parks,Jharkhand,Spring,Bokaro,54
"Children's Park, Sector-6A",23.6743192,86.1701975,3.5,"park, point_of_interest, establishment",parks,Jharkhand,Spring,Bokaro,256
Near ECO Children Park,23.678724,86.1611868,4.1,"park, point_of_interest, establishment",parks,Jharkhand,Spring,Bokaro,26
Hi-Tech Park Chas Nagar Nigam,23.612419,86.178058,4,"park, point_of_interest, establishment",parks,Jharkhand,Spring,Bokaro,113
Green triangular park,23.7058125,86.4051406,4,"park, point_of_interest, establishment",parks,Jharkhand,Spring,Bokaro,57
Green Park,23.8121087,86.3083369,3.9,"park, point_of_interest, establishment",parks,Jharkhand,Spring,Bokaro,100
Vaishnavi & Vaibhavi Wellbeing Hub,23.8009718,86.4300755,4.1,"park, point_of_interest, establishment",parks,Jharkhand,Spring,Bokaro,616
Liloristhan Park,23.8236099,86.2996412,4.1,"park, point_of_interest, establishment",parks,Jharkhand,Spring,Bokaro,368
Khandala Park,23.6835227,86.1593121,3.7,"park, point_of_interest, establishment",parks,Jharkhand,Spring,Bokaro,39
Ambedkar Park,23.7646241,85.8799439,4,"park, point_of_interest, establishment",parks,Jharkhand,Spring,Bokaro,173
Shaheed Bhagat Singh Park,23.6388182,86.1465005,3.8,"park, tourist_attraction, point_of_interest, establishment",parks,Jharkhand,Spring,Bokaro,191
Jamgoria park,23.6388017,86.2071184,5,"park, point_of_interest, establishment",parks,Jharkhand,Spring,Bokaro,3
Peace Park,23.6680621,86.1475006,4.8,"park, point_of_interest, establishment",parks,Jharkhand,Spring,Bokaro,4
Bachat Udyan,23.6665154,86.14373789999999,3.4,"park, point_of_interest, establishment",parks,Jharkhand,Spring,Bokaro,134
ISM children park,23.8104729,86.4377958,4.1,"park, point_of_interest, establishment",parks,Jharkhand,Spring,Bokaro,14
6&7 Pits Tata Park,23.7192451,86.4037012,3.9,"park, point_of_interest, establishment",parks,Jharkhand,Spring,Bokaro,268
New Ecological Park,23.8123989,86.30832819999999,3.5,"park, point_of_interest, establishment",parks,Jharkhand,Spring,Bokaro,11
Damoda Biodiversity park,23.7783898,86.167546,4.4,"park, point_of_interest, establishment",parks,Jharkhand,Spring,Bokaro,17
Park,23.6783035,86.1536898,4.3,"park, point_of_interest, establishment",parks,Jharkhand,Spring,Bokaro,103
Babu vir kunwar singh Park,23.7646278,85.8799446,3.7,"park, point_of_interest, establishment",parks,Jharkhand,Spring,Bokaro,38
Golf Ground Park,23.803729,86.43605769999999,4.9,"park, point_of_interest, establishment",parks,Jharkhand,Spring,Bokaro,7
Cmpf Boys Ground,23.8070094,86.4439558,3.5,"park, point_of_interest, establishment",parks,Jharkhand,Spring,Bokaro,39
O.N.G.C Park,23.6661852,86.1441277,3.6,"park, point_of_interest, establishment",parks,Jharkhand,Spring,Bokaro,5
Eco Vatika,23.8129617,86.44434199999999,4,"park, point_of_interest, establishment",parks,Jharkhand,Spring,Bokaro,41
Netaji Subhas Chandra Bose Park,23.7905161,85.88309079999999,4,"park, point_of_interest, establishment",parks,Jharkhand,Spring,Bokaro,219
FRIENDS PARK,23.7653602,86.4349436,4.3,"park, point_of_interest, establishment",parks,Jharkhand,Spring,Bokaro,11
Housing colony children park,23.8062567,86.4349318,4.4,"park, point_of_interest, establishment",parks,Jharkhand,Spring,Bokaro,8
Ambedkar Park,23.677079,86.1527363,4.1,"park, point_of_interest, establishment",parks,Jharkhand,Spring,Bokaro,21
Jawaharlal Nehru Biological Park,23.6805622,86.1533331,3.7,"zoo, tourist_attraction, park, point_of_interest, establishment",parks,Jharkhand,Spring,Bokaro,3467
Railways Old Park,23.6436366,86.44676539999999,4.7,"park, point_of_interest, establishment",parks,Jharkhand,Spring,Bokaro,6
Shakti Udyan Park,23.7939907,85.8863617,4.5,"park, point_of_interest, establishment",parks,Jharkhand,Spring,Bokaro,2
Kali Mandir Park,23.6437088,86.13097719999999,4.6,"park, point_of_interest, establishment",parks,Jharkhand,Spring,Bokaro,20
Eco Restoration Park,23.8127213,86.33967890000001,3.4,"park, point_of_interest, establishment",parks,Jharkhand,Spring,Bokaro,5
Sickline Colony Park,23.8708949,86.14346590000001,3.9,"park, point_of_interest, establishment",parks,Jharkhand,Spring,Bokaro,141
Prakhar's Park,23.655622,86.0723821,0,"park, point_of_interest, establishment",parks,Jharkhand,Spring,Bokaro,0
Area Colony Park,23.7502423,86.27466919999999,4.1,"park, point_of_interest, establishment",parks,Jharkhand,Spring,Bokaro,26
Gopalichak No 2 park,23.7694059,86.36809559999999,4.1,"park, point_of_interest, establishment",parks,Jharkhand,Spring,Bokaro,15
Manaitand Park (Dhanbad Municipal Corporation),23.7802696,86.4292754,3.7,"park, point_of_interest, establishment",parks,Jharkhand,Spring,Bokaro,110
Geological Museum,23.8144432,86.44120219999999,4.6,"museum, point_of_interest, establishment",museum,Jharkhand,Winter,Bokaro,30
Nagda Basti,23.7227974,86.2496942,4.5,"museum, point_of_interest, establishment",museum,Jharkhand,Winter,Bokaro,20
"Rail Heritage park, Dhanbad",23.7876126,86.4381398,4.8,"museum, point_of_interest, establishment",museum,Jharkhand,Winter,Bokaro,5
Bada Dam,23.9138415,86.1219589,4.5,"museum, point_of_interest, establishment",museum,Jharkhand,Winter,Bokaro,4
"Rathtand,Baghmara",23.7904827,86.2059989,3.9,"museum, point_of_interest, establishment",museum,Jharkhand,Winter,Bokaro,81
Lukaiya Kabarsitan,23.6276091,85.8728766,4.1,"museum, point_of_interest, establishment",museum,Jharkhand,Winter,Bokaro,9
Oldih Bajrangbali Mandir,23.4073338,86.01659049999999,3.3,"museum, point_of_interest, establishment",museum,Jharkhand,Winter,Bokaro,3
Durga mandir,23.4057611,85.92144549999999,3.7,"museum, point_of_interest, establishment",museum,Jharkhand,Winter,Bokaro,3
Brahma Kumaris Museum Birsa Munda Park Dhanbad,23.8237499,86.415182,4.5,"health, point_of_interest, establishment",museum,Jharkhand,Winter,Bokaro,4
Kali Mandir,23.8946749,86.4473635,4,"museum, point_of_interest, establishment",museum,Jharkhand,Winter,Bokaro,1
Danger road b.c.c.l zone,23.7392856,86.440079,3,"museum, point_of_interest, establishment",museum,Jharkhand,Winter,Bokaro,6
Digwadih,23.6959483,86.41098339999999,0,"museum, point_of_interest, establishment",museum,Jharkhand,Winter,Bokaro,0
Hanuman Mandir,23.7656852,86.3165301,5,"museum, point_of_interest, establishment",museum,Jharkhand,Winter,Bokaro,1
Zama Maajid Mungo,23.7924948,86.0620989,3.5,"museum, point_of_interest, establishment",museum,Jharkhand,Winter,Bokaro,2
Chatani.Por Band,23.4604233,86.00961389999999,0,"museum, point_of_interest, establishment",museum,Jharkhand,Winter,Bokaro,0
Partand,23.6308818,85.9919793,3,"museum, point_of_interest, establishment",museum,Jharkhand,Winter,Bokaro,2
Sudamdih river side,23.6686808,86.4238084,0,"museum, point_of_interest, establishment",museum,Jharkhand,Winter,Bokaro,0
"Pirar,goria,Bari,masjid",23.4414446,86.3898968,0,"museum, point_of_interest, establishment",museum,Jharkhand,Winter,Bokaro,0
Sewati Waterfalls,23.4820814,85.90976599999999,4.6,"tourist_attraction, point_of_interest, establishment",waterfalls,Jharkhand,Monsoon,Bokaro,58
Khanjo waterfall,23.6883588,86.0086561,4.1,"tourist_attraction, point_of_interest, establishment",waterfalls,Jharkhand,Monsoon,Bokaro,43
LOHAPATTI WATERFALL [ Lohpiti ],23.7404681,86.1886651,4.3,"tourist_attraction, point_of_interest, establishment",waterfalls,Jharkhand,Monsoon,Bokaro,10
Sita fall,23.7172536,86.2951592,4.1,"tourist_attraction, point_of_interest, establishment",waterfalls,Jharkhand,Monsoon,Bokaro,153
Hidden waterfall,23.7058348,86.3796019,4.2,"tourist_attraction, point_of_interest, establishment",waterfalls,Jharkhand,Monsoon,Bokaro,61
Bamangora Water Fall (Picnic Spot),23.7519642,86.18871879999999,4.4,"tourist_attraction, point_of_interest, establishment",waterfalls,Jharkhand,Monsoon,Bokaro,35
Bhatinda water falls,23.7107875,86.3317344,4.2,"tourist_attraction, park, point_of_interest, establishment",waterfalls,Jharkhand,Monsoon,Bokaro,1707
Topchanchi waterfall,23.9202682,86.1801347,3.7,"tourist_attraction, point_of_interest, establishment",waterfalls,Jharkhand,Monsoon,Bokaro,12
Dinesh waterfall,23.749267,86.0560296,4.7,"tourist_attraction, point_of_interest, establishment",waterfalls,Jharkhand,Monsoon,Bokaro,3
Seta Falls,23.7170918,86.29536069999999,4,"tourist_attraction, point_of_interest, establishment",waterfalls,Jharkhand,Monsoon,Bokaro,11
Bidaha waterfall,23.521581,85.94469339999999,4.6,"tourist_attraction, point_of_interest, establishment",waterfalls,Jharkhand,Monsoon,Bokaro,7
Bhatinda water fall Road,23.7169638,86.32795089999999,4,"tourist_attraction, point_of_interest, establishment",waterfalls,Jharkhand,Monsoon,Bokaro,93
Waterfall chourapatti gomoh झरना चौरापट्टी गोमोह,23.8824118,86.14070389999999,4.5,"park, point_of_interest, establishment",waterfalls,Jharkhand,Monsoon,Bokaro,19
Hidden Waterfall,23.9258653,86.1721585,0,"tourist_attraction, point_of_interest, establishment",waterfalls,Jharkhand,Monsoon,Bokaro,0
Topchanchi Waterfall,23.9271353,86.1708596,4.3,"tourist_attraction, point_of_interest, establishment",waterfalls,Jharkhand,Monsoon,Bokaro,98
Jamuniatand Bridge (Near Bamangora Waterfall),23.7537183,86.18554809999999,4.1,"point_of_interest, establishment",waterfalls,Jharkhand,Monsoon,Bokaro,14
Sabhari waterfall,23.8740864,86.4246053,5,"park, point_of_interest, establishment",waterfalls,Jharkhand,Monsoon,Bokaro,3
Lal banglow Damodar valley,23.7051972,86.37454729999999,4.2,"tourist_attraction, point_of_interest, establishment",waterfalls,Jharkhand,Monsoon,Bokaro,71
ajay water fall,23.5665245,86.0988,5,"tourist_attraction, point_of_interest, establishment",waterfalls,Jharkhand,Monsoon,Bokaro,4
Shiddheshwar Mahadev Mandir Bamangora Waterfall,23.7532515,86.1892103,4,"hindu_temple, place_of_worship, point_of_interest, establishment",waterfalls,Jharkhand,Monsoon,Bokaro,1
Topchanchi Dam,23.9203568,86.1802175,4.3,"tourist_attraction, point_of_interest, establishment",waterfalls,Jharkhand,Monsoon,Bokaro,446
Topchanchi Lake Barrage,23.920124,86.180886,4,"tourist_attraction, point_of_interest, establishment",waterfalls,Jharkhand,Monsoon,Bokaro,165
Bardha ghat,23.7050035,86.3338407,4,"tourist_attraction, point_of_interest, establishment",waterfalls,Jharkhand,Monsoon,Bokaro,9
Water Park Topchanchi,23.9255,86.1814024,4.1,"park, point_of_interest, establishment",waterfalls,Jharkhand,Monsoon,Bokaro,167
Garga Dam Plantation [Bokaro],23.6260886,86.0773303,4.2,"tourist_attraction, point_of_interest, establishment",waterfalls,Jharkhand,Monsoon,Bokaro,47
Katri damodar meeting point,23.7070796,86.3298094,4,"tourist_attraction, point_of_interest, establishment",waterfalls,Jharkhand,Monsoon,Bokaro,7
Vaishnavi & Vaibhavi Wellbeing Hub,23.8009718,86.4300755,4.1,"park, point_of_interest, establishment",waterfalls,Jharkhand,Monsoon,Bokaro,616
Waterboat,23.9248141,86.18434479999999,4.7,"tourist_attraction, point_of_interest, establishment",waterfalls,Jharkhand,Monsoon,Bokaro,7
Topchanchi Jheel Sitting area,23.9236107,86.1872246,4.2,"park, point_of_interest, establishment",waterfalls,Jharkhand,Monsoon,Bokaro,30
Pdf beach,23.7354467,86.09490919999999,4.8,"tourist_attraction, point_of_interest, establishment",beaches,Jharkhand,Summer,Bokaro,4
Udaypur Sea Beach,23.4423598,86.34147840000001,0,"tourist_attraction, point_of_interest, establishment",beaches,Jharkhand,Summer,Bokaro,0
Birsa Munda Park,23.8306392,86.4155435,3.8,"park, tourist_attraction, point_of_interest, establishment",beaches,Jharkhand,Summer,Bokaro,6208
City Park,23.6533581,86.1549896,4,"tourist_attraction, park, point_of_interest, establishment",beaches,Jharkhand,Summer,Bokaro,8928
Beach Balihari Ground,23.7536877,86.3756867,4.5,"point_of_interest, establishment",beaches,Jharkhand,Summer,Bokaro,2
Beach tola baru,23.6661975,85.9485759,0,"point_of_interest, establishment",beaches,Jharkhand,Summer,Bokaro,0
Volly ball ground,23.6338212,86.09821869999999,0,"point_of_interest, establishment",beaches,Jharkhand,Summer,Bokaro,0
V-Mart - Chaas,23.637314,86.16311100000001,4.6,"clothing_store, convenience_store, department_store, store, food, point_of_interest, establishment",beaches,Jharkhand,Summer,Bokaro,8245
Udaipur,23.4423598,86.34147840000001,No rating,"locality, political",beaches,Jharkhand,Summer,Bokaro,0
Firstcry.com Store Dhanbad,23.812805,86.4323599,4.6,"shopping_mall, bicycle_store, clothing_store, store, point_of_interest, establishment",beaches,Jharkhand,Summer,Bokaro,90
Firstcry.com Store Bokaro Steel City,23.6679832,86.1444278,4.2,"clothing_store, store, point_of_interest, establishment",beaches,Jharkhand,Summer,Bokaro,65
Bombay Dyeing,23.6372164,86.1619316,4.3,"home_goods_store, store, point_of_interest, establishment",beaches,Jharkhand,Summer,Bokaro,4
Jawaharlal Nehru Biological Park,23.6805622,86.1533331,3.7,"zoo, tourist_attraction, park, point_of_interest, establishment",zoo,Jharkhand,Winter,Bokaro,3467
Exploring Nature Call of The Wild Animals & Safari Park,23.677938,86.16110119999999,5,"zoo, travel_agency, park, point_of_interest, establishment",zoo,Jharkhand,Winter,Bokaro,11
Nehru Park,23.7710995,86.37155249999999,3.8,"park, point_of_interest, establishment",zoo,Jharkhand,Winter,Bokaro,800
Birsa Munda Park,23.8306392,86.4155435,3.8,"park, tourist_attraction, point_of_interest, establishment",zoo,Jharkhand,Winter,Bokaro,6208
Botanical Garden,23.815791,86.4275882,4.1,"park, point_of_interest, establishment",zoo,Jharkhand,Winter,Bokaro,11
FRIENDS PARK,23.7653602,86.4349436,4.3,"park, point_of_interest, establishment",zoo,Jharkhand,Winter,Bokaro,11
City Park,23.6533581,86.1549896,4,"tourist_attraction, park, point_of_interest, establishment",zoo,Jharkhand,Winter,Bokaro,8928
Petrified Wood,23.8137492,86.44121729999999,4.5,"tourist_attraction, point_of_interest, establishment",zoo,Jharkhand,Winter,Bokaro,771
Rajendra Sarovar Park,23.7999936,86.43100779999999,4.2,"park, point_of_interest, establishment",zoo,Jharkhand,Winter,Bokaro,1031
Barmasia Park,23.7848045,86.44238899999999,3.8,"park, tourist_attraction, point_of_interest, establishment",zoo,Jharkhand,Winter,Bokaro,649
Park,23.6783035,86.1536898,4.3,"park, point_of_interest, establishment",zoo,Jharkhand,Winter,Bokaro,103
"The ""ZOO"" Pet Shop",23.6211581,86.16894889999999,4.6,"pet_store, store, point_of_interest, establishment",zoo,Jharkhand,Winter,Bokaro,15
sector 4,23.7797864,86.26668049999999,4.7,"park, point_of_interest, establishment",zoo,Jharkhand,Winter,Bokaro,3
Children Park,23.7956531,86.4303858,3.3,"park, point_of_interest, establishment",zoo,Jharkhand,Winter,Bokaro,7
Zoo Abandoned Veterinary Hospital,23.6831905,86.1551648,4.6,"veterinary_care, pharmacy, health, store, point_of_interest, establishment",zoo,Jharkhand,Winter,Bokaro,5
Jagannath Mandir Bokaro,23.6781187,86.1538672,4.6,"hindu_temple, place_of_worship, point_of_interest, establishment",temples,Jharkhand,All Seasons,Bokaro,3219
Temple,23.8112537,86.440015,4.5,"hindu_temple, place_of_worship, point_of_interest, establishment",temples,Jharkhand,All Seasons,Bokaro,14
Shiv Temple Kunji,23.7309784,86.2179872,4.8,"hindu_temple, place_of_worship, point_of_interest, establishment",temples,Jharkhand,All Seasons,Bokaro,16
Hari Temple,23.7963375,86.4416459,4.5,"hindu_temple, place_of_worship, point_of_interest, establishment",temples,Jharkhand,All Seasons,Bokaro,441
Lord Shiva temple,23.7781588,86.4374217,4.8,"hindu_temple, tourist_attraction, place_of_worship, point_of_interest, establishment",temples,Jharkhand,All Seasons,Bokaro,12
Shiv Temple,23.6521133,86.1423976,4.5,"hindu_temple, place_of_worship, point_of_interest, establishment",temples,Jharkhand,All Seasons,Bokaro,26
"PARTAND, BAJRANG BALI TEMPLE",23.593015,86.1865071,4.8,"hindu_temple, place_of_worship, point_of_interest, establishment",temples,Jharkhand,All Seasons,Bokaro,15
Lord Shiva Temple of God,23.4854526,86.27087279999999,4.9,"hindu_temple, place_of_worship, point_of_interest, establishment",temples,Jharkhand,All Seasons,Bokaro,10
Durga Temple ( Bhasin Colony),23.6518785,86.10662959999999,4.7,"hindu_temple, place_of_worship, point_of_interest, establishment",temples,Jharkhand,All Seasons,Bokaro,11
Sri Sri Radha Raman Temple,23.4213097,85.87429039999999,4.8,"hindu_temple, place_of_worship, point_of_interest, establishment",temples,Jharkhand,All Seasons,Bokaro,44
Temple,23.6936756,86.1660138,3.6,"hindu_temple, place_of_worship, point_of_interest, establishment",temples,Jharkhand,All Seasons,Bokaro,12
Shree Radha Krishna Temple,23.7801704,86.41445949999999,4.4,"hindu_temple, place_of_worship, point_of_interest, establishment",temples,Jharkhand,All Seasons,Bokaro,18
Shitla Mata Temple,23.7731293,86.32574939999999,4.5,"hindu_temple, place_of_worship, point_of_interest, establishment",temples,Jharkhand,All Seasons,Bokaro,24
"Shiv Mandir , jharkhand",23.7154793,86.0469134,4.8,"hindu_temple, place_of_worship, point_of_interest, establishment",temples,Jharkhand,All Seasons,Bokaro,10
Ganesh Temple,23.8116479,86.4396115,4.5,"hindu_temple, place_of_worship, point_of_interest, establishment",temples,Jharkhand,All Seasons,Bokaro,11
Shiv Temple,23.6993491,86.1707842,4.3,"hindu_temple, place_of_worship, point_of_interest, establishment",temples,Jharkhand,All Seasons,Bokaro,20
Maa Tara Temple,23.8064138,86.43623149999999,4.6,"hindu_temple, place_of_worship, point_of_interest, establishment",temples,Jharkhand,All Seasons,Bokaro,94
Bajrang Bali Temple,23.6618268,86.17474419999999,4.9,"hindu_temple, place_of_worship, point_of_interest, establishment",temples,Jharkhand,All Seasons,Bokaro,10
sijua dham temple,23.610789,86.09355409999999,4.4,"hindu_temple, place_of_worship, point_of_interest, establishment",temples,Jharkhand,All Seasons,Bokaro,32
Trilokinath Temple Santhaldih,23.8870635,86.1288375,4.4,"hindu_temple, place_of_worship, point_of_interest, establishment",temples,Jharkhand,All Seasons,Bokaro,12
Shri Narmdeshwar Shiv Temple,23.6479186,86.1488481,4.2,"hindu_temple, place_of_worship, point_of_interest, establishment",temples,Jharkhand,All Seasons,Bokaro,28
"Kali Temple - Bokaro District, Jharkhand, India",23.6507853,86.14166519999999,4.6,"hindu_temple, place_of_worship, point_of_interest, establishment",temples,Jharkhand,All Seasons,Bokaro,67
Jharkhand Shiv Temple,23.7713338,85.9680374,4.3,"hindu_temple, place_of_worship, point_of_interest, establishment",temples,Jharkhand,All Seasons,Bokaro,12
Hanuman Temple,23.6940628,86.1451946,4.3,"hindu_temple, place_of_worship, point_of_interest, establishment",temples,Jharkhand,All Seasons,Bokaro,47
Shiv Mandir,23.6701107,86.17146389999999,4.4,"hindu_temple, place_of_worship, point_of_interest, establishment",temples,Jharkhand,All Seasons,Bokaro,17
Sai Mandir And Shani Mandir,23.6829095,86.1746773,4.6,"hindu_temple, place_of_worship, point_of_interest, establishment",temples,Jharkhand,All Seasons,Bokaro,350
Mahavir Temple,23.7973503,86.441718,4.3,"hindu_temple, place_of_worship, point_of_interest, establishment",temples,Jharkhand,All Seasons,Bokaro,40
Maa Karunamayi Temple - Bokaro Steel City,23.6557942,86.1793915,4.3,"hindu_temple, place_of_worship, point_of_interest, establishment",temples,Jharkhand,All Seasons,Bokaro,43
Lord Shiv Temple,23.6934695,86.17438279999999,4.7,"hindu_temple, place_of_worship, point_of_interest, establishment",temples,Jharkhand,All Seasons,Bokaro,3
Amchatar Manasa Temple,23.5731235,86.42563439999999,4.8,"hindu_temple, place_of_worship, point_of_interest, establishment",temples,Jharkhand,All Seasons,Bokaro,5
Mahadev Mandir Sah Venktesh Mandir,23.6552768,86.0831197,4.5,"hindu_temple, place_of_worship, point_of_interest, establishment",temples,Jharkhand,All Seasons,Bokaro,13
Durga Temple,23.8206477,86.41548209999999,5,"hindu_temple, place_of_worship, point_of_interest, establishment",temples,Jharkhand,All Seasons,Bokaro,2
Hanuman temple,23.6462335,86.1688181,4,"hindu_temple, place_of_worship, point_of_interest, establishment",temples,Jharkhand,All Seasons,Bokaro,6
Shiv Mandir,23.7736904,85.9045513,4.5,"hindu_temple, place_of_worship, point_of_interest, establishment",temples,Jharkhand,All Seasons,Bokaro,22
"Hanuman Temple, Harimandir",23.6952569,86.1302774,4.8,"hindu_temple, place_of_worship, point_of_interest, establishment",temples,Jharkhand,All Seasons,Bokaro,5
Ganesh Ji Mandir,23.6579553,86.1397665,4.5,"hindu_temple, place_of_worship, point_of_interest, establishment",temples,Jharkhand,All Seasons,Bokaro,18
Baba Bajnath Mandir,23.8017349,85.8795707,4.2,"hindu_temple, place_of_worship, point_of_interest, establishment",temples,Jharkhand,All Seasons,Bokaro,21
Maa Kali Temple,23.6363449,86.1717019,4.7,"hindu_temple, place_of_worship, point_of_interest, establishment",temples,Jharkhand,All Seasons,Bokaro,11
Maa Kali Temple,23.7392672,86.4140321,4.4,"hindu_temple, place_of_worship, point_of_interest, establishment",temples,Jharkhand,All Seasons,Bokaro,24
Durga Temple,23.765089,86.0001978,4.9,"hindu_temple, place_of_worship, point_of_interest, establishment",temples,Jharkhand,All Seasons,Bokaro,7
Temple,23.6710817,86.1633399,3.4,"hindu_temple, place_of_worship, point_of_interest, establishment",temples,Jharkhand,All Seasons,Bokaro,5
Temple,23.6933532,86.14795439999999,0,"hindu_temple, place_of_worship, point_of_interest, establishment",temples,Jharkhand,All Seasons,Bokaro,0
Temple,23.801267,86.01719279999999,3.1,"hindu_temple, place_of_worship, point_of_interest, establishment",temples,Jharkhand,All Seasons,Bokaro,7
Temple,23.7698101,86.318045,5,"hindu_temple, place_of_worship, point_of_interest, establishment",temples,Jharkhand,All Seasons,Bokaro,1
Temple,23.7390473,86.3473899,3.8,"hindu_temple, place_of_worship, point_of_interest, establishment",temples,Jharkhand,All Seasons,Bokaro,5
Temple,23.7875415,85.8798861,4.5,"hindu_temple, place_of_worship, point_of_interest, establishment",temples,Jharkhand,All Seasons,Bokaro,4
Temple,23.7213506,86.43460759999999,3,"hindu_temple, place_of_worship, point_of_interest, establishment",temples,Jharkhand,All Seasons,Bokaro,1
Shyam Temple,23.788875,86.4268171,4.5,"hindu_temple, place_of_worship, point_of_interest, establishment",temples,Jharkhand,All Seasons,Bokaro,26
Temple,23.602566,86.1571106,0,"hindu_temple, place_of_worship, point_of_interest, establishment",temples,Jharkhand,All Seasons,Bokaro,0
New Shiv Temple,23.695817,86.1228467,5,"hindu_temple, place_of_worship, point_of_interest, establishment",temples,Jharkhand,All Seasons,Bokaro,2
Buda thakur than temple,23.5189156,86.3671968,5,"hindu_temple, place_of_worship, point_of_interest, establishment",temples,Jharkhand,All Seasons,Bokaro,2
Bajrang Bali Temple,23.7885413,86.4257406,4.3,"hindu_temple, place_of_worship, point_of_interest, establishment",temples,Jharkhand,All Seasons,Bokaro,7
mandir,23.9220104,86.02410730000001,4.8,"hindu_temple, place_of_worship, point_of_interest, establishment",temples,Jharkhand,All Seasons,Bokaro,5
Durga Temple,23.6385843,86.1729081,4.6,"hindu_temple, place_of_worship, point_of_interest, establishment",temples,Jharkhand,All Seasons,Bokaro,8
Purneshwar Mahadeo Temple,23.6721844,86.422972,4.8,"hindu_temple, place_of_worship, point_of_interest, establishment",temples,Jharkhand,All Seasons,Bokaro,5
Shiv Temple Tetalda,23.5202373,86.3829,4.2,"hindu_temple, place_of_worship, point_of_interest, establishment",temples,Jharkhand,All Seasons,Bokaro,10
Shree Hanumaan Temple,23.6960793,86.165331,3,"hindu_temple, place_of_worship, point_of_interest, establishment",temples,Jharkhand,All Seasons,Bokaro,1
Hanuman temple,23.6295099,86.16603239999999,4.8,"hindu_temple, place_of_worship, point_of_interest, establishment",temples,Jharkhand,All Seasons,Bokaro,4
Temple,23.5923175,86.0746159,0,"hindu_temple, place_of_worship, point_of_interest, establishment",temples,Jharkhand,All Seasons,Bokaro,0
Lord Shiv Temple,23.8373509,86.4155902,0,"hindu_temple, place_of_worship, point_of_interest, establishment",temples,Jharkhand,All Seasons,Bokaro,0
Satanpur Hill,23.6248649,86.1248433,4.6,"tourist_attraction, point_of_interest, establishment",hills,Jharkhand,Winter,Bokaro,49
Jamuntand hill,23.8880461,86.1557098,4.8,"park, point_of_interest, establishment",hills,Jharkhand,Winter,Bokaro,4
Sewati Hill At Sewati,23.4818963,85.9098673,4.5,"point_of_interest, establishment",hills,Jharkhand,Winter,Bokaro,66
HILL VIEW,23.7903963,86.44534019999999,3.9,"point_of_interest, establishment",hills,Jharkhand,Winter,Bokaro,10
Raghunathpur Hill,23.8786312,86.1864803,0,"park, point_of_interest, establishment",hills,Jharkhand,Winter,Bokaro,0
Hotel hill top,23.7943499,86.42543719999999,3.3,"lodging, point_of_interest, establishment",hills,Jharkhand,Winter,Bokaro,255
Asthi Hill,23.4705841,86.0292551,4.3,"tourist_attraction, point_of_interest, establishment",hills,Jharkhand,Winter,Bokaro,24
Dimdiha Hill,23.4854176,86.1361166,4.4,"tourist_attraction, point_of_interest, establishment",hills,Jharkhand,Winter,Bokaro,16
HILL OF THAKURCHAK,23.9114768,86.1187363,4.2,"park, point_of_interest, establishment",hills,Jharkhand,Winter,Bokaro,6
The Hidden hill,23.6237206,86.146133,4.3,"park, point_of_interest, establishment",hills,Jharkhand,Winter,Bokaro,8
Hill Colony,23.7907186,86.43348139999999,4.4,"point_of_interest, establishment",hills,Jharkhand,Winter,Bokaro,5
Satanpur Hill 2,23.6263937,86.1168299,4.3,"tourist_attraction, point_of_interest, establishment",hills,Jharkhand,Winter,Bokaro,16
Manjhi Hill-1,23.6279077,86.1075236,4.8,"point_of_interest, establishment",hills,Jharkhand,Winter,Bokaro,4
Deoghar Tila Hill,23.7599167,86.26542330000001,4,"park, point_of_interest, establishment",hills,Jharkhand,Winter,Bokaro,1
Hill City,23.6210967,86.1408715,4.6,"point_of_interest, establishment",hills,Jharkhand,Winter,Bokaro,9
Hill View School,23.8645172,86.1556975,3,"school, point_of_interest, establishment",hills,Jharkhand,Winter,Bokaro,2
Durga Hill,23.5652222,85.90361790000001,4,"natural_feature, establishment",hills,Jharkhand,Winter,Bokaro,12
Basudevpur hill,23.7778025,86.36946689999999,3,"park, point_of_interest, establishment",hills,Jharkhand,Winter,Bokaro,2
Hill Top Colony,23.785933,85.9453031,No rating,"neighborhood, political",hills,Jharkhand,Winter,Bokaro,0
"Damodar Hill Public School,Telmacho",23.7372279,86.20734560000001,4.4,"school, point_of_interest, establishment",hills,Jharkhand,Winter,Bokaro,17
Hill street,23.8702222,86.1520657,0,"point_of_interest, establishment",hills,Jharkhand,Winter,Bokaro,0
Kako Hill School,23.8541043,86.3175471,3.9,"school, point_of_interest, establishment",hills,Jharkhand,Winter,Bokaro,34
Tiger hill hotel and restaurant,23.7859853,86.26002179999999,4.3,"restaurant, food, point_of_interest, establishment",hills,Jharkhand,Winter,Bokaro,4
Sijua Hill,23.628488,86.1020375,4.3,"tourist_attraction, point_of_interest, establishment",hills,Jharkhand,Winter,Bokaro,14
Hill View Fuels,23.8527025,86.3156557,3.7,"gas_station, point_of_interest, establishment",hills,Jharkhand,Winter,Bokaro,3
Machhaidaha Hill,23.9012047,86.1552616,1,"park, point_of_interest, establishment",hills,Jharkhand,Winter,Bokaro,1
Friends hill,23.7656852,86.42958689999999,5,"park, point_of_interest, establishment",hills,Jharkhand,Winter,Bokaro,1
Chadria Hill,23.577538,85.8989024,3.6,"natural_feature, establishment",hills,Jharkhand,Winter,Bokaro,9
Hill top lewabad,23.7910726,86.34514229999999,0,"point_of_interest, establishment",hills,Jharkhand,Winter,Bokaro,0
Kankarchhuri Hill,23.9173459,86.3279546,5,"park, point_of_interest, establishment",hills,Jharkhand,Winter,Bokaro,1
Saraidaha Hill,23.9065188,86.32262039999999,0,"park, point_of_interest, establishment",hills,Jharkhand,Winter,Bokaro,0
C.I.S.F Colony Hill top,23.7837141,85.948054,4.5,"point_of_interest, establishment",hills,Jharkhand,Winter,Bokaro,4
Hill Point Of Nagri,23.9249992,86.0890922,0,"place_of_worship, point_of_interest, establishment",hills,Jharkhand,Winter,Bokaro,0
Srirampur hill,23.8709558,86.2365044,5,"point_of_interest, establishment",hills,Jharkhand,Winter,Bokaro,2
NC Hill area,23.7942595,85.9873939,2.5,"park, point_of_interest, establishment",hills,Jharkhand,Winter,Bokaro,2
Topchanchi Waterfall,23.9271353,86.1708596,4.3,"tourist_attraction, point_of_interest, establishment",hills,Jharkhand,Winter,Bokaro,98
Topchanchi Dam,23.9203568,86.1802175,4.3,"tourist_attraction, point_of_interest, establishment",hills,Jharkhand,Winter,Bokaro,446
Aqua hill Pani plant,23.7715632,86.2400222,0,"point_of_interest, establishment",hills,Jharkhand,Winter,Bokaro,0
Aqua hill Pani plant,23.7715632,86.2400222,0,"point_of_interest, establishment",hills,Jharkhand,Winter,Bokaro,0
Topchanchi Jheel Sitting area,23.9236107,86.1872246,4.2,"park, point_of_interest, establishment",hills,Jharkhand,Winter,Bokaro,30
शिव मंदिर Hill Top,23.7855813,85.9539192,0,"hindu_temple, place_of_worship, point_of_interest, establishment",hills,Jharkhand,Winter,Bokaro,0
Chilgadda hills Visited by (Sujay K Vlogs),23.563429,85.9988147,0,"tourist_attraction, point_of_interest, establishment",hills,Jharkhand,Winter,Bokaro,0
New Park,23.6226977,86.1483918,4.2,"park, point_of_interest, establishment",hills,Jharkhand,Winter,Bokaro,31
Topchanchi Lake Barrage,23.920124,86.180886,4,"tourist_attraction, point_of_interest, establishment",hills,Jharkhand,Winter,Bokaro,165
Gomoh view point(chaita road),23.854205,86.1543976,4.6,"tourist_attraction, point_of_interest, establishment",hills,Jharkhand,Winter,Bokaro,8
"Govardhan Eco Restoration Park, Bera",23.768558,86.4287778,4.4,"park, point_of_interest, establishment",hills,Jharkhand,Winter,Bokaro,72
Eic fort,23.6247785,86.1252098,4,"tourist_attraction, point_of_interest, establishment",hills,Jharkhand,Winter,Bokaro,5
Sita fall,23.7172536,86.2951592,4.1,"tourist_attraction, point_of_interest, establishment",attraction,Jharkhand,All Seasons,Bokaro,153
Bhatinda water falls,23.7107875,86.3317344,4.2,"tourist_attraction, park, point_of_interest, establishment",attraction,Jharkhand,All Seasons,Bokaro,1707
Topchanchi Dam,23.9203568,86.1802175,4.3,"tourist_attraction, point_of_interest, establishment",attraction,Jharkhand,All Seasons,Bokaro,446
Asthi Hill,23.4705841,86.0292551,4.3,"tourist_attraction, point_of_interest, establishment",attraction,Jharkhand,All Seasons,Bokaro,24
Lal banglow Damodar valley,23.7051972,86.37454729999999,4.2,"tourist_attraction, point_of_interest, establishment",attraction,Jharkhand,All Seasons,Bokaro,71
Petrified Wood,23.8137492,86.44121729999999,4.5,"tourist_attraction, point_of_interest, establishment",attraction,Jharkhand,All Seasons,Bokaro,771
"Dhanbad (Coal Capital of India) - Dhanbad District, Jharkhand, India",23.7956531,86.43038589999999,4.6,"tourist_attraction, point_of_interest, establishment",attraction,Jharkhand,All Seasons,Bokaro,28
Dimdiha Hill,23.4854176,86.1361166,4.4,"tourist_attraction, point_of_interest, establishment",attraction,Jharkhand,All Seasons,Bokaro,16
Forest Dam,23.9314649,86.24007870000001,4,"tourist_attraction, point_of_interest, establishment",attraction,Jharkhand,All Seasons,Bokaro,1
Topchanchi Lake Barrage,23.920124,86.180886,4,"tourist_attraction, point_of_interest, establishment",attraction,Jharkhand,All Seasons,Bokaro,165
Cooling pond centre,23.6787675,86.1349905,4.1,"tourist_attraction, point_of_interest, establishment",attraction,Jharkhand,All Seasons,Bokaro,75
The Way Of Heaven,23.8686364,86.3323099,4.8,"tourist_attraction, point_of_interest, establishment",attraction,Jharkhand,All Seasons,Bokaro,10
Khanjo waterfall,23.6883588,86.0086561,4.1,"tourist_attraction, point_of_interest, establishment",attraction,Jharkhand,All Seasons,Bokaro,43
Birsa Munda Park,23.8306392,86.4155435,3.8,"park, tourist_attraction, point_of_interest, establishment",attraction,Jharkhand,All Seasons,Bokaro,6208
Gomoh view point(chaita road),23.854205,86.1543976,4.6,"tourist_attraction, point_of_interest, establishment",attraction,Jharkhand,All Seasons,Bokaro,8
"Guwai Dam, Pindrajora",23.4955937,86.1901685,4.2,"tourist_attraction, point_of_interest, establishment",attraction,Jharkhand,All Seasons,Bokaro,85
Chhai Dam,23.740732,86.1133088,4.7,"tourist_attraction, point_of_interest, establishment",attraction,Jharkhand,All Seasons,Bokaro,3
गारगा पुल,23.6129625,86.0557597,0,"tourist_attraction, point_of_interest, establishment",attraction,Jharkhand,All Seasons,Bokaro,0
Wild Waadi Park ( Dhanbad ),23.8313822,86.4147204,3.2,"tourist_attraction, point_of_interest, establishment",attraction,Jharkhand,All Seasons,Bokaro,5
Scrap Tyre Elephant Structure,23.8026796,86.4344648,4.9,"tourist_attraction, point_of_interest, establishment",attraction,Jharkhand,All Seasons,Bokaro,8
Hidden Waterfall,23.9258653,86.1721585,0,"tourist_attraction, point_of_interest, establishment",attraction,Jharkhand,All Seasons,Bokaro,0
Sewati Waterfalls,23.4820814,85.90976599999999,4.6,"tourist_attraction, point_of_interest, establishment",attraction,Jharkhand,All Seasons,Bokaro,58
Barki pond,23.7279682,86.30103330000001,4,"tourist_attraction, point_of_interest, establishment",attraction,Jharkhand,All Seasons,Bokaro,1
Dulamb Lake,23.6189817,86.1380233,3.7,"tourist_attraction, point_of_interest, establishment",attraction,Jharkhand,All Seasons,Bokaro,3
B.T.P.S. DAM BRIDGE VIEW POINT,23.7812392,85.8872469,4.1,"tourist_attraction, point_of_interest, establishment",attraction,Jharkhand,All Seasons,Bokaro,12
Boro bandh,23.4363538,86.2702472,5,"tourist_attraction, point_of_interest, establishment",attraction,Jharkhand,All Seasons,Bokaro,1
Garga Dam Plantation [Bokaro],23.6260886,86.0773303,4.2,"tourist_attraction, point_of_interest, establishment",attraction,Jharkhand,All Seasons,Bokaro,47
Damodar river bridge Jaridih Bazar,23.7617308,85.9420263,4,"tourist_attraction, point_of_interest, establishment",attraction,Jharkhand,All Seasons,Bokaro,18
LOHAPATTI WATERFALL [ Lohpiti ],23.7404681,86.1886651,4.3,"tourist_attraction, point_of_interest, establishment",attraction,Jharkhand,All Seasons,Bokaro,10
Futlahi bandh,23.8705989,86.212684,0,"tourist_attraction, point_of_interest, establishment",attraction,Jharkhand,All Seasons,Bokaro,0
Coal mine,23.7736568,85.8947111,5,"tourist_attraction, point_of_interest, establishment",attraction,Jharkhand,All Seasons,Bokaro,2
Kheshmi lake,23.875463,86.168216,0,"tourist_attraction, point_of_interest, establishment",attraction,Jharkhand,All Seasons,Bokaro,0
Mangal niwas,23.6560865,86.1895613,5,"tourist_attraction, point_of_interest, establishment",attraction,Jharkhand,All Seasons,Bokaro,1
"Chhath Ghat, Rajabera",23.739958,86.0873896,2,"tourist_attraction, point_of_interest, establishment",attraction,Jharkhand,All Seasons,Bokaro,1
Nabachakra Guha,23.485871,86.132886,3.7,"tourist_attraction, point_of_interest, establishment",attraction,Jharkhand,All Seasons,Bokaro,3
Udaypur Sea Beach,23.4423598,86.34147840000001,0,"tourist_attraction, point_of_interest, establishment",attraction,Jharkhand,All Seasons,Bokaro,0
খৈরীবহাল বড় বান্ধ,23.4320619,86.4142533,0,"tourist_attraction, point_of_interest, establishment",attraction,Jharkhand,All Seasons,Bokaro,0
Patrakuli Picnic Spot,23.7529477,86.2937144,2.9,"tourist_attraction, point_of_interest, establishment",attraction,Jharkhand,All Seasons,Bokaro,8
City Park,23.6533581,86.1549896,4,"tourist_attraction, park, point_of_interest, establishment",attraction,Jharkhand,All Seasons,Bokaro,8928
Bidaha waterfall,23.521581,85.94469339999999,4.6,"tourist_attraction, point_of_interest, establishment",attraction,Jharkhand,All Seasons,Bokaro,7
Mrigi Khoh,23.5319628,85.88846459999999,4,"tourist_attraction, point_of_interest, establishment",attraction,Jharkhand,All Seasons,Bokaro,30
Gram devta,23.7739375,86.40006249999999,0,"tourist_attraction, point_of_interest, establishment",attraction,Jharkhand,All Seasons,Bokaro,0
Thakur Swaroop Sarovar,23.6238134,86.1030323,4,"tourist_attraction, point_of_interest, establishment",attraction,Jharkhand,All Seasons,Bokaro,6
Topchanchi Waterfall,23.9271353,86.1708596,4.3,"tourist_attraction, point_of_interest, establishment",attraction,Jharkhand,All Seasons,Bokaro,98
Jawaharlal Nehru Biological Park,23.6805622,86.1533331,3.7,"zoo, tourist_attraction, park, point_of_interest, establishment",attraction,Jharkhand,All Seasons,Bokaro,3467
Topchanchi waterfall,23.9202682,86.1801347,3.7,"tourist_attraction, point_of_interest, establishment",attraction,Jharkhand,All Seasons,Bokaro,12
BARA GANTA DAM,23.4252041,85.9454287,4.9,"tourist_attraction, point_of_interest, establishment",attraction,Jharkhand,All Seasons,Bokaro,8
Kumari jungle,23.770733,86.4007407,0,"tourist_attraction, point_of_interest, establishment",attraction,Jharkhand,All Seasons,Bokaro,0
"Alkusa , coal mines",23.7727139,86.38754790000002,4.5,"tourist_attraction, point_of_interest, establishment",attraction,Jharkhand,All Seasons,Bokaro,2
Khasmahal Dam,23.7945135,85.92542379999999,3.5,"tourist_attraction, point_of_interest, establishment",attraction,Jharkhand,All Seasons,Bokaro,8
Katras Palace,23.8136191,86.2996217,4.2,"tourist_attraction, point_of_interest, establishment",attraction,Jharkhand,All Seasons,Bokaro,433
Barwa Ghat /DVC Chandrapura,23.7300125,86.11523439999999,4.3,"tourist_attraction, point_of_interest, establishment",attraction,Jharkhand,All Seasons,Bokaro,857
Blue stone water park,23.5605528,85.9508467,4.5,"tourist_attraction, point_of_interest, establishment",attraction,Jharkhand,All Seasons,Bokaro,2
Pilpilo Mode,23.810621,85.9012302,5,"tourist_attraction, point_of_interest, establishment",attraction,Jharkhand,All Seasons,Bokaro,3
Dhanbad Municipal Corporation (Stand),23.8060134,86.4312518,3.8,"tourist_attraction, point_of_interest, establishment",attraction,Jharkhand,All Seasons,Bokaro,180
MANDAL TALAV,23.8133713,86.4330445,0,"tourist_attraction, point_of_interest, establishment",attraction,Jharkhand,All Seasons,Bokaro,0
Chini Bass Lake,23.6271727,86.21013889999999,0,"tourist_attraction, point_of_interest, establishment",attraction,Jharkhand,All Seasons,Bokaro,0
Sahid Nirmal Mahato more Sewati ghat,23.476238,85.90633919999999,3.8,"tourist_attraction, point_of_interest, establishment",attraction,Jharkhand,All Seasons,Bokaro,6
Surya Mandir backside,23.6809083,86.1667882,5,"tourist_attraction, point_of_interest, establishment",attraction,Jharkhand,All Seasons,Bokaro,1
Mahato saksham,23.7592398,86.36899629999999,0,"tourist_attraction, point_of_interest, establishment",attraction,Jharkhand,All Seasons,Bokaro,0
PATHRA BIODIVERSITY PARK,24.4654512,84.5864593,4.6,"park, point_of_interest, establishment",parks,Jharkhand,Spring,Chatra,10
Tridevjaivind Garden,24.393998,84.69625599999999,5,"park, point_of_interest, establishment",parks,Jharkhand,Spring,Chatra,4
ECO PARK CHATRA,24.209779,84.889189,5,"park, point_of_interest, establishment",parks,Jharkhand,Spring,Chatra,12
cricket stadium,24.3166434,84.7929375,4.7,"park, point_of_interest, establishment",parks,Jharkhand,Spring,Chatra,6
Jori Hills,24.3131575,84.7985825,4.7,"park, point_of_interest, establishment",parks,Jharkhand,Spring,Chatra,10
"मिलन चौक, भांगकुरकुट्टा",24.3282995,85.006627,3,"park, point_of_interest, establishment",parks,Jharkhand,Spring,Chatra,2
Chatwabar Park,23.9992991,84.8673299,3,"park, point_of_interest, establishment",parks,Jharkhand,Spring,Chatra,6
Niraj Yadav,24.289365,84.574322,3,"park, point_of_interest, establishment",parks,Jharkhand,Spring,Chatra,4
Lawaris adda,24.3103227,84.99199390000001,0,"park, point_of_interest, establishment",parks,Jharkhand,Spring,Chatra,0
RAHMAT CHOWK CHATRA,24.1979686,84.8681999,3.9,"park, point_of_interest, establishment",parks,Jharkhand,Spring,Chatra,31
Bansingh Stadium,24.3288381,84.79293779999999,3.5,"park, point_of_interest, establishment",parks,Jharkhand,Spring,Chatra,17
Bhedifaram Park,24.2316356,84.9875495,5,"park, point_of_interest, establishment",parks,Jharkhand,Spring,Chatra,5
Barwadhih qabristan,24.3109075,84.99049289999999,0,"park, point_of_interest, establishment",parks,Jharkhand,Spring,Chatra,0
As dame,24.3964158,84.7778641,5,"park, point_of_interest, establishment",parks,Jharkhand,Spring,Chatra,1
71mile more barawadih,24.4707464,85.10941799999999,3.8,"park, point_of_interest, establishment",parks,Jharkhand,Spring,Chatra,10
Baba ji ka khet,24.0514806,84.9664439,5,"park, point_of_interest, establishment",parks,Jharkhand,Spring,Chatra,1
Babu Shivbhajan singh udyan,24.4674302,84.6185282,3.2,"park, point_of_interest, establishment",parks,Jharkhand,Spring,Chatra,5
Rahima Bari,24.1970243,84.87221319999999,4.5,"park, point_of_interest, establishment",parks,Jharkhand,Spring,Chatra,2
Maa rita mango garden,24.3931058,84.6975906,5,"park, point_of_interest, establishment",parks,Jharkhand,Spring,Chatra,3
JAYBIGHA CHHATH GHAT,24.4270483,84.6349267,3.6,"park, point_of_interest, establishment",parks,Jharkhand,Spring,Chatra,9
Temple Museum,24.2921,85.1434022,4.1,"museum, point_of_interest, establishment",museum,Jharkhand,Winter,Chatra,11
jamma masjid barwadhih,24.3103981,84.9915944,3.9,"museum, point_of_interest, establishment",museum,Jharkhand,Winter,Chatra,13
कुंदा का किला Kunda Fort,24.2064545,84.6583187,4.4,"museum, point_of_interest, establishment",museum,Jharkhand,Winter,Chatra,21
Belwar Basura Jama Masjid,24.4205325,84.57685959999999,3.7,"museum, point_of_interest, establishment",museum,Jharkhand,Winter,Chatra,26
Bakaspura kabristaan,24.2668894,85.02576660000001,5,"museum, point_of_interest, establishment",museum,Jharkhand,Winter,Chatra,6
"Gayatri Mandir, Hunterganj",24.4314441,84.8100401,3.6,"museum, point_of_interest, establishment",museum,Jharkhand,Winter,Chatra,5
Mrqaze.Jama.Masjid,24.3295041,85.1472673,4.3,"mosque, museum, place_of_worship, point_of_interest, establishment",museum,Jharkhand,Winter,Chatra,7
Madina Masjid,24.2905506,85.1569107,2.8,"museum, point_of_interest, establishment",museum,Jharkhand,Winter,Chatra,5
Goa Waterfall Chatra,24.2223268,84.8170284,4.3,"tourist_attraction, museum, point_of_interest, establishment",museum,Jharkhand,Winter,Chatra,171
Kendua,24.1603415,84.9999543,5,"museum, point_of_interest, establishment",museum,Jharkhand,Winter,Chatra,1
Kolhaiya ka kabrastan,24.3173799,85.00595489999999,5,"museum, point_of_interest, establishment",museum,Jharkhand,Winter,Chatra,1
QABRISTAN CHARU,24.2613273,85.0132776,1,"museum, point_of_interest, establishment",museum,Jharkhand,Winter,Chatra,1
(Md sanahul ansari) /(MISTER BABU),24.4221886,84.7506605,0,"museum, point_of_interest, establishment",museum,Jharkhand,Winter,Chatra,0
Dumerwa Sumerwa Waterfall,24.281606,84.8964768,4.5,"tourist_attraction, point_of_interest, establishment",waterfalls,Jharkhand,Monsoon,Chatra,29
Sumer Dumer Waterfall In Chatra District Jharkhand,24.2806445,84.8814252,4.4,"tourist_attraction, point_of_interest, establishment",waterfalls,Jharkhand,Monsoon,Chatra,17
Tamasin Waterfall,24.3400625,85.0986875,4.3,"tourist_attraction, point_of_interest, establishment",waterfalls,Jharkhand,Monsoon,Chatra,682
HARIOKHAR WATERFALL,24.369223,85.08598789999999,4.3,"tourist_attraction, point_of_interest, establishment",waterfalls,Jharkhand,Monsoon,Chatra,28
Goa Waterfall Chatra,24.2223268,84.8170284,4.3,"tourist_attraction, museum, point_of_interest, establishment",waterfalls,Jharkhand,Monsoon,Chatra,171
Hudhudua waterfall,24.2809029,84.67943020000001,3.7,"tourist_attraction, point_of_interest, establishment",waterfalls,Jharkhand,Monsoon,Chatra,7
Maludah Waterfall Chatra,24.2361332,84.8103326,4.3,"tourist_attraction, point_of_interest, establishment",waterfalls,Jharkhand,Monsoon,Chatra,49
Patam Waterfall,23.9630787,84.61549389999999,4.1,"tourist_attraction, point_of_interest, establishment",waterfalls,Jharkhand,Monsoon,Chatra,198
Chunheth Waterfalls,24.2009555,84.67434689999999,4.1,"tourist_attraction, point_of_interest, establishment",waterfalls,Jharkhand,Monsoon,Chatra,11
SON Waterfall (सोन वॉटरफॉल) Chatra By- The Wild Camper,24.2473125,84.8331875,4.4,"campground, park, lodging, point_of_interest, establishment",waterfalls,Jharkhand,Monsoon,Chatra,7
Lawalong Wildlife Sanctuary,24.1603274,84.65735509999999,3.5,"zoo, park, point_of_interest, establishment",zoo,Jharkhand,Winter,Chatra,22
"Sun Temple, Gidhour",24.1732283,85.02814649999999,4.8,"hindu_temple, place_of_worship, point_of_interest, establishment",temples,Jharkhand,All Seasons,Chatra,6
MAHADEV ️ Temple,24.1468012,84.8527117,5,"hindu_temple, place_of_worship, point_of_interest, establishment",temples,Jharkhand,All Seasons,Chatra,1
Bhadrakali Mandir,24.2917315,85.1440719,4.6,"hindu_temple, place_of_worship, point_of_interest, establishment",temples,Jharkhand,All Seasons,Chatra,2939
Kauleshhwari mother temple 🏻 🏻 ️ ️,24.3749645,84.87289009999999,4.2,"hindu_temple, place_of_worship, point_of_interest, establishment",temples,Jharkhand,All Seasons,Chatra,64
Gandauri Temple,24.2062468,84.8739219,4.3,"hindu_temple, place_of_worship, point_of_interest, establishment",temples,Jharkhand,All Seasons,Chatra,61
"Maa Kauleshwari Temple, Chatra",24.371132,84.867425,4.3,"hindu_temple, tourist_attraction, place_of_worship, point_of_interest, establishment",temples,Jharkhand,All Seasons,Chatra,108
Thonglagwa Baba Temple,24.4155496,85.07305389999999,5,"hindu_temple, place_of_worship, point_of_interest, establishment",temples,Jharkhand,All Seasons,Chatra,2
Shiv Sthan,24.1243775,84.8760165,4.5,"hindu_temple, place_of_worship, point_of_interest, establishment",temples,Jharkhand,All Seasons,Chatra,12
Raxi temple (shiva+Viswakarma+Laxmi+Hanuman),23.9862609,84.96497099999999,4.4,"hindu_temple, place_of_worship, point_of_interest, establishment",temples,Jharkhand,All Seasons,Chatra,14
Devi Temple Dhamna,24.4281704,84.9331931,4.8,"hindu_temple, place_of_worship, point_of_interest, establishment",temples,Jharkhand,All Seasons,Chatra,6
Tesar chepa shiv mandir,23.9685969,84.94521569999999,4.3,"hindu_temple, place_of_worship, point_of_interest, establishment",temples,Jharkhand,All Seasons,Chatra,6
Shiv Mandir,24.4388999,84.5898443,4.8,"hindu_temple, place_of_worship, point_of_interest, establishment",temples,Jharkhand,All Seasons,Chatra,14
Kathautia Temple,24.2054708,84.8595576,4.2,"hindu_temple, place_of_worship, point_of_interest, establishment",temples,Jharkhand,All Seasons,Chatra,18
Shiv Mandir,24.0402237,84.9722288,4.7,"hindu_temple, place_of_worship, point_of_interest, establishment",temples,Jharkhand,All Seasons,Chatra,15
Hanuman Temple,24.2065896,84.8718138,4.5,"hindu_temple, place_of_worship, point_of_interest, establishment",temples,Jharkhand,All Seasons,Chatra,26
Pandepura Shiv Mandir,24.4096471,84.619108,4.3,"hindu_temple, place_of_worship, point_of_interest, establishment",temples,Jharkhand,All Seasons,Chatra,11
Gayatri shaktipith Temple,24.2087376,84.8641328,5,"hindu_temple, place_of_worship, point_of_interest, establishment",temples,Jharkhand,All Seasons,Chatra,12
Mahakaleshwer Temple Nawadih,24.1785019,84.81075469999999,4.2,"hindu_temple, place_of_worship, point_of_interest, establishment",temples,Jharkhand,All Seasons,Chatra,5
Shiv Mandir,24.2596153,85.07280589999999,5,"hindu_temple, place_of_worship, point_of_interest, establishment",temples,Jharkhand,All Seasons,Chatra,1
Hanuman Temple,24.2955791,85.1638698,5,"hindu_temple, place_of_worship, point_of_interest, establishment",temples,Jharkhand,All Seasons,Chatra,1
MAHAVIR MANDIR,24.2955809,85.1638704,4.5,"hindu_temple, place_of_worship, point_of_interest, establishment",temples,Jharkhand,All Seasons,Chatra,50
Ram Mandir,24.2078575,84.86668209999999,5,"hindu_temple, place_of_worship, point_of_interest, establishment",temples,Jharkhand,All Seasons,Chatra,3
Bhadrakali Temple,24.2927551,85.1430531,4.6,"hindu_temple, place_of_worship, point_of_interest, establishment",temples,Jharkhand,All Seasons,Chatra,575
Surya Temple,24.2106748,84.8852653,4.6,"hindu_temple, place_of_worship, point_of_interest, establishment",temples,Jharkhand,All Seasons,Chatra,27
Buddha Temple,24.2939214,85.1419834,4.8,"place_of_worship, point_of_interest, establishment",temples,Jharkhand,All Seasons,Chatra,6
Mahadev Temple,24.3373007,85.1659585,5,"hindu_temple, place_of_worship, point_of_interest, establishment",temples,Jharkhand,All Seasons,Chatra,5
Maa Kauleswari Temple,24.3753367,84.8645775,4.4,"hindu_temple, place_of_worship, point_of_interest, establishment",temples,Jharkhand,All Seasons,Chatra,25
Devi Mandap,24.2130694,84.9357028,5,"hindu_temple, place_of_worship, point_of_interest, establishment",temples,Jharkhand,All Seasons,Chatra,12
Devi mandir chapri,24.4323445,84.5863842,4.7,"hindu_temple, place_of_worship, point_of_interest, establishment",temples,Jharkhand,All Seasons,Chatra,10
Thakur Bari Temple,24.1889366,84.95836249999999,4.8,"hindu_temple, place_of_worship, point_of_interest, establishment",temples,Jharkhand,All Seasons,Chatra,9
"Shiv Mahavir Mandir ,Lutidih",24.0423424,84.8526957,4.3,"hindu_temple, place_of_worship, point_of_interest, establishment",temples,Jharkhand,All Seasons,Chatra,15
Mahadeo Sthan,24.4374276,84.59227969999999,4.3,"hindu_temple, place_of_worship, point_of_interest, establishment",temples,Jharkhand,All Seasons,Chatra,3
SHIV MANDIR,24.4304861,84.8243002,4.4,"hindu_temple, place_of_worship, point_of_interest, establishment",temples,Jharkhand,All Seasons,Chatra,7
Bajarangbali temple,24.3724749,84.8058523,0,"hindu_temple, place_of_worship, point_of_interest, establishment",temples,Jharkhand,All Seasons,Chatra,0
Santoshi temple Main road Chatra,24.1971358,84.8728514,4,"hindu_temple, place_of_worship, point_of_interest, establishment",temples,Jharkhand,All Seasons,Chatra,15
Hindu Temple Jharkhand,24.0353084,84.9843544,0,"hindu_temple, place_of_worship, point_of_interest, establishment",temples,Jharkhand,All Seasons,Chatra,0
Kali Mandir,24.3208613,84.79290449999999,4.2,"hindu_temple, place_of_worship, point_of_interest, establishment",temples,Jharkhand,All Seasons,Chatra,16
Durga Temple,24.2156135,84.87636090000001,4.3,"hindu_temple, place_of_worship, point_of_interest, establishment",temples,Jharkhand,All Seasons,Chatra,4
"Hanuman Temple, Sri Ram Chouk , Diwankhana mohalla chatra",24.2048259,84.8698027,5,"hindu_temple, place_of_worship, point_of_interest, establishment",temples,Jharkhand,All Seasons,Chatra,7
Hanuman Temple Patthaldas,24.2020933,84.8719067,4.5,"hindu_temple, place_of_worship, point_of_interest, establishment",temples,Jharkhand,All Seasons,Chatra,18
"Shiv Mandir, Lamta",24.0903305,84.85522139999999,5,"hindu_temple, place_of_worship, point_of_interest, establishment",temples,Jharkhand,All Seasons,Chatra,8
"Shiv Mandir, Ramnagar Siyari, Gidhour",24.186752,85.03378939999999,4.4,"hindu_temple, place_of_worship, point_of_interest, establishment",temples,Jharkhand,All Seasons,Chatra,10
Jainpur Shiv Mandir,24.1988074,84.97431309999999,5,"hindu_temple, place_of_worship, point_of_interest, establishment",temples,Jharkhand,All Seasons,Chatra,1
surya mandir,24.4338854,84.5860308,4,"hindu_temple, place_of_worship, point_of_interest, establishment",temples,Jharkhand,All Seasons,Chatra,11
Shri Bhaddilpur Jain Tirth,24.4206118,84.80930649999999,4.4,"place_of_worship, point_of_interest, establishment",temples,Jharkhand,All Seasons,Chatra,65
Shiv mandir,24.4370847,84.6378752,3,"hindu_temple, place_of_worship, point_of_interest, establishment",temples,Jharkhand,All Seasons,Chatra,2
Shiv Mandir,24.293467,85.142853,4.4,"hindu_temple, place_of_worship, point_of_interest, establishment",temples,Jharkhand,All Seasons,Chatra,9
"Shiv Mandir Salga, gidhour",24.1803214,85.0290966,4.3,"hindu_temple, place_of_worship, point_of_interest, establishment",temples,Jharkhand,All Seasons,Chatra,6
Hanuman Mandir Duari,24.1337921,85.1408624,4.8,"hindu_temple, place_of_worship, point_of_interest, establishment",temples,Jharkhand,All Seasons,Chatra,4
Mahakaleshwar Mandir Kade,24.2857997,84.991259,4.8,"hindu_temple, place_of_worship, point_of_interest, establishment",temples,Jharkhand,All Seasons,Chatra,12
Hanuman temple,24.2595584,85.0905664,0,"hindu_temple, place_of_worship, point_of_interest, establishment",temples,Jharkhand,All Seasons,Chatra,0
"Satyanarayani Temple, Marwadi muhalla chatra",24.2049424,84.8732946,3.7,"hindu_temple, place_of_worship, point_of_interest, establishment",temples,Jharkhand,All Seasons,Chatra,3
"MAA KALI, TEMPLE",24.2090039,84.8654153,4.6,"hindu_temple, place_of_worship, point_of_interest, establishment",temples,Jharkhand,All Seasons,Chatra,163
Devi Sthan Raniganj,24.4334066,84.5923445,4.3,"hindu_temple, place_of_worship, point_of_interest, establishment",temples,Jharkhand,All Seasons,Chatra,23
Surya Temple Chatra,24.215573,84.87448409999999,4.1,"hindu_temple, place_of_worship, point_of_interest, establishment",temples,Jharkhand,All Seasons,Chatra,14
Hanuman Temple,24.2073953,84.8606172,4.8,"hindu_temple, place_of_worship, point_of_interest, establishment",temples,Jharkhand,All Seasons,Chatra,12
Lord Shiva Temple,24.2571568,84.9948252,4.4,"hindu_temple, place_of_worship, point_of_interest, establishment",temples,Jharkhand,All Seasons,Chatra,5
"शिव मंदिर एवं देवी मंडप,बरवाडीह,सीमा",24.1231525,84.9025583,4.3,"hindu_temple, place_of_worship, point_of_interest, establishment",temples,Jharkhand,All Seasons,Chatra,6
Shiv temple,24.4202317,84.7492238,0,"hindu_temple, place_of_worship, point_of_interest, establishment",temples,Jharkhand,All Seasons,Chatra,0
Shiv Temple paradih,24.1845055,84.8595352,4.5,"hindu_temple, place_of_worship, point_of_interest, establishment",temples,Jharkhand,All Seasons,Chatra,2
Jehra hill,24.0952689,85.16715459999999,5,"tourist_attraction, point_of_interest, establishment",hills,Jharkhand,Winter,Chatra,1
Hill tower,24.0754409,84.9335378,4,"tourist_attraction, point_of_interest, establishment",hills,Jharkhand,Winter,Chatra,8
Chano Hill,24.0241104,84.6165111,5,"park, point_of_interest, establishment",hills,Jharkhand,Winter,Chatra,1
Tongri Hill,24.1863957,84.96786879999999,3.5,"tourist_attraction, point_of_interest, establishment",hills,Jharkhand,Winter,Chatra,2
Mangal hill,24.1397547,85.137318,0,"tourist_attraction, point_of_interest, establishment",hills,Jharkhand,Winter,Chatra,0
Gamhartari Hill,24.2748153,84.8539547,0,"park, point_of_interest, establishment",hills,Jharkhand,Winter,Chatra,0
Baluri Hill,24.404454,84.7364535,4.8,"natural_feature, establishment",hills,Jharkhand,Winter,Chatra,6
Rechag Hill,23.9980804,84.60562639999999,0,"park, point_of_interest, establishment",hills,Jharkhand,Winter,Chatra,0
Postia Hill,24.2962851,84.8427974,0,"park, point_of_interest, establishment",hills,Jharkhand,Winter,Chatra,0
Jori Hills,24.3131575,84.7985825,4.7,"park, point_of_interest, establishment",hills,Jharkhand,Winter,Chatra,10
Tamasin Waterfall,24.3400625,85.0986875,4.3,"tourist_attraction, point_of_interest, establishment",attraction,Jharkhand,All Seasons,Chatra,682
Sumer Dumer Waterfall In Chatra District Jharkhand,24.2806445,84.8814252,4.4,"tourist_attraction, point_of_interest, establishment",attraction,Jharkhand,All Seasons,Chatra,17
HARIOKHAR WATERFALL,24.369223,85.08598789999999,4.3,"tourist_attraction, point_of_interest, establishment",attraction,Jharkhand,All Seasons,Chatra,28
Rasikwa water scene,24.2334761,84.89294559999999,4.1,"tourist_attraction, point_of_interest, establishment",attraction,Jharkhand,All Seasons,Chatra,9
Patam Waterfall,23.9630787,84.61549389999999,4.1,"tourist_attraction, point_of_interest, establishment",attraction,Jharkhand,All Seasons,Chatra,198
Hadhadwa Mahadeo,24.3071049,85.1371772,4.4,"tourist_attraction, point_of_interest, establishment",attraction,Jharkhand,All Seasons,Chatra,7
Dahuri dam,24.1479269,84.9374881,2.9,"tourist_attraction, point_of_interest, establishment",attraction,Jharkhand,All Seasons,Chatra,10
Famous monten valley gangpur,24.1498417,85.09503099999999,4.3,"tourist_attraction, point_of_interest, establishment",attraction,Jharkhand,All Seasons,Chatra,8
Dumerwa Sumerwa Waterfall,24.281606,84.8964768,4.5,"tourist_attraction, point_of_interest, establishment",attraction,Jharkhand,All Seasons,Chatra,29
"""Khaiwa"", 'Valley of Mars'.",24.1458303,84.7999571,4.5,"tourist_attraction, point_of_interest, establishment",attraction,Jharkhand,All Seasons,Chatra,31
Balbal Hot water pond / pits,24.140288,85.1579801,4.3,"tourist_attraction, point_of_interest, establishment",attraction,Jharkhand,All Seasons,Chatra,158
Baksha dam,24.2624406,85.16105089999999,4,"tourist_attraction, point_of_interest, establishment",attraction,Jharkhand,All Seasons,Chatra,13
Maludah Waterfall Chatra,24.2361332,84.8103326,4.3,"tourist_attraction, point_of_interest, establishment",attraction,Jharkhand,All Seasons,Chatra,49
Bhedifarm Dam (lakshanpur),24.2322586,84.9868726,4.4,"tourist_attraction, point_of_interest, establishment",attraction,Jharkhand,All Seasons,Chatra,86
Chatra Forest Area,24.217566,84.89109859999999,3.5,"tourist_attraction, point_of_interest, establishment",attraction,Jharkhand,All Seasons,Chatra,6
Hill tower,24.0754409,84.9335378,4,"tourist_attraction, point_of_interest, establishment",attraction,Jharkhand,All Seasons,Chatra,8
Chunheth Waterfalls,24.2009555,84.67434689999999,4.1,"tourist_attraction, point_of_interest, establishment",attraction,Jharkhand,All Seasons,Chatra,11
Chhat talab mukki,23.9453453,84.74407060000001,1,"tourist_attraction, point_of_interest, establishment",attraction,Jharkhand,All Seasons,Chatra,2
Jehra hill,24.0952689,85.16715459999999,5,"tourist_attraction, point_of_interest, establishment",attraction,Jharkhand,All Seasons,Chatra,1
Surhi muhalla,24.2088727,84.88079789999999,4.2,"tourist_attraction, point_of_interest, establishment",attraction,Jharkhand,All Seasons,Chatra,13
Hudhudua waterfall,24.2809029,84.67943020000001,3.7,"tourist_attraction, point_of_interest, establishment",attraction,Jharkhand,All Seasons,Chatra,7
Raushan Rvd,24.3931666,84.65706689999999,0,"tourist_attraction, point_of_interest, establishment",attraction,Jharkhand,All Seasons,Chatra,0
Main Road Singhani,24.1157085,85.063317,5,"tourist_attraction, point_of_interest, establishment",attraction,Jharkhand,All Seasons,Chatra,1
JAMNI KUWAN,24.298389,84.9936445,4.3,"tourist_attraction, point_of_interest, establishment",attraction,Jharkhand,All Seasons,Chatra,6
Goa Waterfall Chatra,24.2223268,84.8170284,4.3,"tourist_attraction, museum, point_of_interest, establishment",attraction,Jharkhand,All Seasons,Chatra,171
Pindarkon Gidhour,24.1903978,85.1116797,0,"tourist_attraction, point_of_interest, establishment",attraction,Jharkhand,All Seasons,Chatra,0
Chhota Talab,24.1366082,85.1411643,3,"tourist_attraction, point_of_interest, establishment",attraction,Jharkhand,All Seasons,Chatra,3
लिलाजन पुल,24.1640662,84.74633879999999,3.7,"tourist_attraction, point_of_interest, establishment",attraction,Jharkhand,All Seasons,Chatra,12
पोटम मोड़ Potam more,24.0571578,84.7870104,4.2,"tourist_attraction, point_of_interest, establishment",attraction,Jharkhand,All Seasons,Chatra,5
Kondrahi (Satyendra dangi),24.1781284,84.9659681,0,"tourist_attraction, point_of_interest, establishment",attraction,Jharkhand,All Seasons,Chatra,0
Lotar dam (Surya mandir /Lotus temple),24.1727372,85.0280686,4.7,"tourist_attraction, point_of_interest, establishment",attraction,Jharkhand,All Seasons,Chatra,3
Kasmar chowk,24.2969167,84.6384735,4.3,"tourist_attraction, point_of_interest, establishment",attraction,Jharkhand,All Seasons,Chatra,6
Mata Shikhar Dasi Pahad,24.0014553,85.04243249999999,4.2,"tourist_attraction, point_of_interest, establishment",attraction,Jharkhand,All Seasons,Chatra,9
डाक बंगला फुलसू,23.9424098,84.7370466,0,"tourist_attraction, point_of_interest, establishment",attraction,Jharkhand,All Seasons,Chatra,0
Barka Kuwa Bukru,23.9801667,84.9649926,5,"tourist_attraction, point_of_interest, establishment",attraction,Jharkhand,All Seasons,Chatra,7
Lemboiya/Patna Ahar,24.1279375,85.07017189999999,4,"tourist_attraction, point_of_interest, establishment",attraction,Jharkhand,All Seasons,Chatra,10
Lilajan nahar,24.4580362,84.86171259999999,4,"tourist_attraction, point_of_interest, establishment",attraction,Jharkhand,All Seasons,Chatra,10
"Khaiya Bandaru lawalong, chatra",24.1455329,84.79974419999999,4.3,"tourist_attraction, point_of_interest, establishment",attraction,Jharkhand,All Seasons,Chatra,15
Khunti district,24.2770927,84.6413726,0,"tourist_attraction, point_of_interest, establishment",attraction,Jharkhand,All Seasons,Chatra,0
Marwa or bhusad river,24.1332576,84.6927472,0,"tourist_attraction, point_of_interest, establishment",attraction,Jharkhand,All Seasons,Chatra,0
It's energetic tanwir,23.9728249,84.89580749999999,0,"tourist_attraction, point_of_interest, establishment",attraction,Jharkhand,All Seasons,Chatra,0
"डाढ़लगी टांड, मधवा",24.1365317,84.693113,0,"tourist_attraction, point_of_interest, establishment",attraction,Jharkhand,All Seasons,Chatra,0
Mangal hill,24.1397547,85.137318,0,"tourist_attraction, point_of_interest, establishment",attraction,Jharkhand,All Seasons,Chatra,0
"Maa Kauleshwari Temple, Chatra",24.371132,84.867425,4.3,"hindu_temple, tourist_attraction, place_of_worship, point_of_interest, establishment",attraction,Jharkhand,All Seasons,Chatra,108
Tongri Hill,24.1863957,84.96786879999999,3.5,"tourist_attraction, point_of_interest, establishment",attraction,Jharkhand,All Seasons,Chatra,2
Langdahi ️ pahad ️ ️,24.4552366,84.5816055,5,"tourist_attraction, point_of_interest, establishment",attraction,Jharkhand,All Seasons,Chatra,2
Nandan Pahar Children Park,24.5040196,86.67784600000002,4.1,"park, point_of_interest, establishment",parks,Jharkhand,Spring,Deoghar,3460
Baba Baidyanath Children Park,24.4977675,86.6967282,3.9,"park, point_of_interest, establishment",parks,Jharkhand,Spring,Deoghar,2000
Atal Smriti Park,24.4857423,86.6766217,4.1,"park, point_of_interest, establishment",parks,Jharkhand,Spring,Deoghar,368
Satsang Children's Park,24.4793863,86.67697,4.5,"park, point_of_interest, establishment",parks,Jharkhand,Spring,Deoghar,26
Rohini Park,24.4812843,86.6487176,3.9,"park, point_of_interest, establishment",parks,Jharkhand,Spring,Deoghar,369
Sakhua jungle road,24.4808706,86.7126645,4.5,"park, point_of_interest, establishment",parks,Jharkhand,Spring,Deoghar,25
Hirna park,24.4864215,86.6778947,5,"park, point_of_interest, establishment",parks,Jharkhand,Spring,Deoghar,5
HANUMAN TIKRI PARK,24.4980073,86.6949975,4,"park, point_of_interest, establishment",parks,Jharkhand,Spring,Deoghar,37
Vioray Gardens,24.4907205,86.6909696,4.7,"park, point_of_interest, establishment",parks,Jharkhand,Spring,Deoghar,3
Battisi and Tattishi Park,24.4938229,86.7202495,3.4,"park, point_of_interest, establishment",parks,Jharkhand,Spring,Deoghar,32
Memoria - Satsang Deoghar Memorial Museum,24.4805125,86.67695309999999,3.8,"museum, point_of_interest, establishment",museum,Jharkhand,Winter,Deoghar,8
Shiv Mandir Tulsiwaran,24.7361893,86.77233989999999,4.3,"museum, point_of_interest, establishment",museum,Jharkhand,Winter,Deoghar,25
Jama Masjid Dumariya,24.3165463,86.903621,4.2,"museum, point_of_interest, establishment",museum,Jharkhand,Winter,Deoghar,10
Laxmipur Estate Mahal,24.4929791,86.70432199999999,3.9,"museum, point_of_interest, establishment",museum,Jharkhand,Winter,Deoghar,73
Nandan Pahar Ghost House,24.5040198,86.67747279999999,4.3,"museum, point_of_interest, establishment",museum,Jharkhand,Winter,Deoghar,3
Nirmal Kumar,24.6097636,86.7073135,3.5,"museum, point_of_interest, establishment",museum,Jharkhand,Winter,Deoghar,11
Brahmacharya Ashram,24.4983785,86.6558661,5,"museum, point_of_interest, establishment",museum,Jharkhand,Winter,Deoghar,1
Tiurpahar Hill View,24.483181,86.8476433,4.8,"museum, point_of_interest, establishment",museum,Jharkhand,Winter,Deoghar,4
Aazad Vivek Museum,24.485111,86.6948226,0,"museum, point_of_interest, establishment",museum,Jharkhand,Winter,Deoghar,0
Pitambar pandit,24.4206397,86.92582879999999,4.9,"museum, point_of_interest, store, establishment",museum,Jharkhand,Winter,Deoghar,13
Lakshmi Chowk Sidhi Singrauli Shiv Bhakt Kamariya Ashram,24.4922691,86.7053751,4,"museum, point_of_interest, establishment",museum,Jharkhand,Winter,Deoghar,31
Buchchi Pahartalli Kadmatari Paharpur Qabristan,24.3413582,86.6510196,2.3,"museum, point_of_interest, establishment",museum,Jharkhand,Winter,Deoghar,3
Satsang Ashram,24.4806907,86.67678219999999,4.6,"place_of_worship, museum, point_of_interest, establishment",museum,Jharkhand,Winter,Deoghar,1575
Kundan yadav,24.5996046,86.7862244,0,"museum, point_of_interest, establishment",museum,Jharkhand,Winter,Deoghar,0
Satsang Car Museum cum Workshop,24.4781774,86.6766317,4,"car_repair, point_of_interest, establishment",museum,Jharkhand,Winter,Deoghar,1
Sri Baidyanath Dham Sanskrit Pustakalaya,24.492557,86.7044884,4.7,"museum, point_of_interest, establishment",museum,Jharkhand,Winter,Deoghar,3
Noor Masjid 16ghar Narayanpur,24.284242,86.58543639999999,5,"museum, point_of_interest, establishment",museum,Jharkhand,Winter,Deoghar,7
Suraj hans raaj,24.5162433,86.849221,5,"museum, point_of_interest, establishment",museum,Jharkhand,Winter,Deoghar,4
Kumod kumar kk,24.5451112,86.87867550000001,0,"museum, point_of_interest, establishment",museum,Jharkhand,Winter,Deoghar,0
Tola salaiya Aam ka ped,24.711761,86.5438544,0,"museum, point_of_interest, establishment",museum,Jharkhand,Winter,Deoghar,0
"Dharhara Falls,Telwa bazar",24.7445863,86.6265633,4.4,"tourist_attraction, point_of_interest, establishment",waterfalls,Jharkhand,Monsoon,Deoghar,228
Mr waterfall,24.4878004,86.5451368,4.4,"tourist_attraction, point_of_interest, establishment",waterfalls,Jharkhand,Monsoon,Deoghar,27
"Punasi Mini Waterfall, Pathariya, Punasi, Deoghar",24.4877625,86.5448471,4,"tourist_attraction, point_of_interest, establishment",waterfalls,Jharkhand,Monsoon,Deoghar,27
Ulai River Falls,24.6710404,86.48795779999999,3.3,"tourist_attraction, point_of_interest, establishment",waterfalls,Jharkhand,Monsoon,Deoghar,3
"Haldi Falls,Telwa bazar",24.7011713,86.50192670000001,4.4,"tourist_attraction, point_of_interest, establishment",waterfalls,Jharkhand,Monsoon,Deoghar,10
Bakulia Jharna,24.3009604,86.5789779,3.9,"amusement_park, point_of_interest, establishment",waterfalls,Jharkhand,Monsoon,Deoghar,100
Punasi Dam Deoghar,24.4784932,86.5353155,4.1,"tourist_attraction, point_of_interest, establishment",waterfalls,Jharkhand,Monsoon,Deoghar,723
Simultala Railway Lake,24.71624,86.5425669,3.8,"tourist_attraction, point_of_interest, establishment",waterfalls,Jharkhand,Monsoon,Deoghar,102
Trikut pahar,24.4741687,86.84281399999999,4.3,"tourist_attraction, point_of_interest, establishment",waterfalls,Jharkhand,Monsoon,Deoghar,419
Tapovan Hill,24.4501662,86.7510657,4.3,"hindu_temple, place_of_worship, park, point_of_interest, establishment",waterfalls,Jharkhand,Monsoon,Deoghar,4974
"Nandan Pahar Park, Deoghar",24.5048122,86.6783098,4.1,"tourist_attraction, point_of_interest, establishment",waterfalls,Jharkhand,Monsoon,Deoghar,2845
"Purandaha Talaab, POND",24.4866545,86.682683,4.1,"tourist_attraction, point_of_interest, establishment",waterfalls,Jharkhand,Monsoon,Deoghar,92
Trikut Ropeway,24.4768793,86.8435396,4.3,"tourist_attraction, point_of_interest, establishment",waterfalls,Jharkhand,Monsoon,Deoghar,3708
Simultala Tour & Travels,24.711761,86.5438544,4.5,"tourist_attraction, point_of_interest, establishment",waterfalls,Jharkhand,Monsoon,Deoghar,58
Mahadeva Tari Jharna,24.4842823,86.7164404,4.2,"natural_feature, establishment",waterfalls,Jharkhand,Monsoon,Deoghar,14
JalSaar Water Boat,24.4972275,86.6956177,3.8,"park, point_of_interest, establishment",waterfalls,Jharkhand,Monsoon,Deoghar,13
Trikut parvat,24.4767916,86.84508749999999,4.3,"tourist_attraction, point_of_interest, establishment",waterfalls,Jharkhand,Monsoon,Deoghar,1455
Deoghar Tourism,24.4988958,86.7010361,4.4,"tourist_attraction, travel_agency, point_of_interest, establishment",waterfalls,Jharkhand,Monsoon,Deoghar,811
Punasi Beach Point,24.495882,86.5290277,4.8,"tourist_attraction, point_of_interest, establishment",beaches,Jharkhand,Summer,Deoghar,6
Tattisi & Battisi Park Nagar Nigam Deoghar,24.4934119,86.71978209999999,3.8,"park, point_of_interest, establishment",beaches,Jharkhand,Summer,Deoghar,13
Deoghar Tourism,24.4988958,86.7010361,4.4,"tourist_attraction, travel_agency, point_of_interest, establishment",beaches,Jharkhand,Summer,Deoghar,811
Marwatanr fall,24.2141164,86.4735528,5,"point_of_interest, establishment",beaches,Jharkhand,Summer,Deoghar,1
Gaushala,24.5067949,86.69760099999999,4.7,"zoo, point_of_interest, establishment",zoo,Jharkhand,Winter,Deoghar,6
Nandan Pahar Children Park,24.5040196,86.67784600000002,4.1,"park, point_of_interest, establishment",zoo,Jharkhand,Winter,Deoghar,3460
"Nandan Pahar Park, Deoghar",24.5048122,86.6783098,4.1,"tourist_attraction, point_of_interest, establishment",zoo,Jharkhand,Winter,Deoghar,2845
Satsang Chiriyakhana,24.4800336,86.6767816,3.8,"park, point_of_interest, establishment",zoo,Jharkhand,Winter,Deoghar,23
HANUMAN TIKRI PARK,24.4980073,86.6949975,4,"park, point_of_interest, establishment",zoo,Jharkhand,Winter,Deoghar,37
Dighariya Bio Diversity Park,24.5221937,86.5957846,3.6,"park, point_of_interest, establishment",zoo,Jharkhand,Winter,Deoghar,33
Trikut Ropeway,24.4768793,86.8435396,4.3,"tourist_attraction, point_of_interest, establishment",zoo,Jharkhand,Winter,Deoghar,3708
Deoghar Tourism,24.4988958,86.7010361,4.4,"tourist_attraction, travel_agency, point_of_interest, establishment",zoo,Jharkhand,Winter,Deoghar,811
Naulakha Temple - Deoghar,24.4775535,86.7083514,4.4,"hindu_temple, tourist_attraction, place_of_worship, point_of_interest, establishment",zoo,Jharkhand,Winter,Deoghar,4830
Shree Baba Baidyanath Jyotirlinga Mandir Deoghar,24.4925491,86.7000182,4.7,"hindu_temple, place_of_worship, point_of_interest, establishment",temples,Jharkhand,All Seasons,Deoghar,51866
Lattu Pahar Temple,24.7118311,86.5570461,4.5,"hindu_temple, place_of_worship, point_of_interest, establishment",temples,Jharkhand,All Seasons,Deoghar,115
Durga Temple Purandaha,24.486248,86.6854582,4.4,"hindu_temple, place_of_worship, point_of_interest, establishment",temples,Jharkhand,All Seasons,Deoghar,61
Bajrang Bali Temple,24.4801657,86.6920906,4.1,"hindu_temple, place_of_worship, point_of_interest, establishment",temples,Jharkhand,All Seasons,Deoghar,14
Baba Temple,24.269243,86.71108699999999,4.7,"hindu_temple, place_of_worship, point_of_interest, establishment",temples,Jharkhand,All Seasons,Deoghar,3
"Hanuman temple , Tiwari Chowk",24.5016757,86.6957217,4.5,"hindu_temple, place_of_worship, point_of_interest, establishment",temples,Jharkhand,All Seasons,Deoghar,11
Bajrangbali Temple,24.4983149,86.6936295,3.9,"hindu_temple, place_of_worship, point_of_interest, establishment",temples,Jharkhand,All Seasons,Deoghar,19
Lord Hanuman Temple,24.4858583,86.6906723,4.9,"hindu_temple, place_of_worship, point_of_interest, establishment",temples,Jharkhand,All Seasons,Deoghar,15
Shaktipeeth Deoghar,24.492626,86.7001142,4.6,"hindu_temple, place_of_worship, point_of_interest, establishment",temples,Jharkhand,All Seasons,Deoghar,79
Sai Baba Temple,24.48511,86.6948285,4.5,"hindu_temple, place_of_worship, point_of_interest, establishment",temples,Jharkhand,All Seasons,Deoghar,23
Basbutia,24.3241305,86.87367760000001,3.6,"hindu_temple, place_of_worship, point_of_interest, establishment",temples,Jharkhand,All Seasons,Deoghar,13
Ram Janki Temple,24.4862241,86.69961250000001,4.3,"hindu_temple, place_of_worship, point_of_interest, establishment",temples,Jharkhand,All Seasons,Deoghar,136
Samridheswar Mahadev Temple,24.4774469,86.71013049999999,4.3,"hindu_temple, place_of_worship, point_of_interest, establishment",temples,Jharkhand,All Seasons,Deoghar,11
Masaan Kali Temple,24.4911593,86.66896919999999,4.5,"hindu_temple, place_of_worship, point_of_interest, establishment",temples,Jharkhand,All Seasons,Deoghar,19
"Shri Dakshin Kali Temple, Gadsara",24.2366561,86.98521819999999,4.2,"hindu_temple, place_of_worship, point_of_interest, establishment",temples,Jharkhand,All Seasons,Deoghar,10
Temple,24.4872761,86.70313759999999,4.9,"hindu_temple, place_of_worship, point_of_interest, establishment",temples,Jharkhand,All Seasons,Deoghar,10
Hanuman Temple,24.4377839,86.7546011,5,"hindu_temple, place_of_worship, point_of_interest, establishment",temples,Jharkhand,All Seasons,Deoghar,2
Bajrang Bali Temple,24.4857806,86.6991213,5,"hindu_temple, place_of_worship, point_of_interest, establishment",temples,Jharkhand,All Seasons,Deoghar,4
Shiva-Pravati Temple,24.2652933,86.8731588,4.5,"hindu_temple, place_of_worship, point_of_interest, establishment",temples,Jharkhand,All Seasons,Deoghar,2
Veer Hanuman Temple,24.4727354,86.719363,5,"hindu_temple, place_of_worship, point_of_interest, establishment",temples,Jharkhand,All Seasons,Deoghar,1
Mahaveer Temple,24.4950692,86.7016289,4.8,"hindu_temple, place_of_worship, point_of_interest, establishment",temples,Jharkhand,All Seasons,Deoghar,17
Hanuman temple,24.4959612,86.68034209999999,4.3,"hindu_temple, place_of_worship, point_of_interest, establishment",temples,Jharkhand,All Seasons,Deoghar,9
Dhodhalwa Shiv Temple,24.660534,86.9495991,5,"hindu_temple, place_of_worship, point_of_interest, establishment",temples,Jharkhand,All Seasons,Deoghar,1
"Maa Kali Temple, Seikhpura",24.2601298,86.6502099,3.9,"hindu_temple, place_of_worship, point_of_interest, establishment",temples,Jharkhand,All Seasons,Deoghar,11
Maa Kali Temple,24.2580921,86.8529502,5,"hindu_temple, place_of_worship, point_of_interest, establishment",temples,Jharkhand,All Seasons,Deoghar,1
Temple more,24.4910829,86.7029434,4.4,"hindu_temple, place_of_worship, point_of_interest, establishment",temples,Jharkhand,All Seasons,Deoghar,18
KALI Temple,24.4955671,86.7091568,4.4,"hindu_temple, place_of_worship, point_of_interest, establishment",temples,Jharkhand,All Seasons,Deoghar,38
Durga Mandir,24.2663498,86.6473639,4.5,"hindu_temple, place_of_worship, point_of_interest, establishment",temples,Jharkhand,All Seasons,Deoghar,6
Hanuman Temple,24.36768,86.42371829999999,3.3,"hindu_temple, place_of_worship, point_of_interest, establishment",temples,Jharkhand,All Seasons,Deoghar,4
Badkitand Hanuman Temple,24.2285894,86.39839289999999,5,"hindu_temple, place_of_worship, point_of_interest, establishment",temples,Jharkhand,All Seasons,Deoghar,3
"Maa Durga Temple, Bargachha",24.5453982,86.7743436,4,"hindu_temple, place_of_worship, point_of_interest, establishment",temples,Jharkhand,All Seasons,Deoghar,1
Hanuman Temple,24.4789746,86.71484840000001,4.7,"hindu_temple, place_of_worship, point_of_interest, establishment",temples,Jharkhand,All Seasons,Deoghar,13
Goddess Kali Temple,24.7476835,86.71759449999999,5,"place_of_worship, point_of_interest, establishment",temples,Jharkhand,All Seasons,Deoghar,1
MAA KALI TEMPLE (Sharma Tola) RAJWARA,24.7378154,86.71624159999999,5,"hindu_temple, place_of_worship, point_of_interest, establishment",temples,Jharkhand,All Seasons,Deoghar,1
Shri Baidyanath Panchmukhi Hanuman Temple,24.5042661,86.7115895,4.3,"hindu_temple, place_of_worship, point_of_interest, establishment",temples,Jharkhand,All Seasons,Deoghar,19
Mahadev Temple,24.4763201,86.6913222,4.3,"hindu_temple, place_of_worship, point_of_interest, establishment",temples,Jharkhand,All Seasons,Deoghar,12
Hanuman Temple,24.4649269,86.6948389,4.3,"hindu_temple, place_of_worship, point_of_interest, establishment",temples,Jharkhand,All Seasons,Deoghar,20
Durga Temple,24.4030555,86.6965252,4.5,"hindu_temple, place_of_worship, point_of_interest, establishment",temples,Jharkhand,All Seasons,Deoghar,8
hanuman Temple,24.4887678,86.65344069999999,4.3,"hindu_temple, place_of_worship, point_of_interest, establishment",temples,Jharkhand,All Seasons,Deoghar,24
UPPERBANDHI MAHABIR TEMPLE,24.2787655,86.8995187,4.5,"hindu_temple, place_of_worship, point_of_interest, establishment",temples,Jharkhand,All Seasons,Deoghar,2
Shree Shyam Temple,24.2647517,86.6497462,4.6,"hindu_temple, place_of_worship, point_of_interest, establishment",temples,Jharkhand,All Seasons,Deoghar,22
Hanuman temple,24.3742716,86.96769669999999,0,"hindu_temple, place_of_worship, point_of_interest, establishment",temples,Jharkhand,All Seasons,Deoghar,0
Budhai temple,24.3619643,86.5339367,4.2,"hindu_temple, place_of_worship, point_of_interest, establishment",temples,Jharkhand,All Seasons,Deoghar,50
Mahavir Mandir,24.4867203,86.6770738,4.6,"hindu_temple, place_of_worship, point_of_interest, establishment",temples,Jharkhand,All Seasons,Deoghar,18
Maa Mansa Mandir,24.5100171,86.6406587,4.4,"hindu_temple, place_of_worship, point_of_interest, establishment",temples,Jharkhand,All Seasons,Deoghar,36
Kali temple,24.4811461,86.6811572,4.1,"hindu_temple, place_of_worship, point_of_interest, establishment",temples,Jharkhand,All Seasons,Deoghar,15
Shiv mandir,24.2838364,86.6346901,4,"hindu_temple, place_of_worship, point_of_interest, establishment",temples,Jharkhand,All Seasons,Deoghar,9
Hanuman Temple Badri Vishal,24.4656098,86.6977579,5,"hindu_temple, place_of_worship, point_of_interest, establishment",temples,Jharkhand,All Seasons,Deoghar,1
Deogarh Digambar Jain Temple,24.4890442,86.6958427,4.5,"place_of_worship, point_of_interest, establishment",temples,Jharkhand,All Seasons,Deoghar,124
Temple,24.272761,86.6447326,0,"hindu_temple, place_of_worship, point_of_interest, establishment",temples,Jharkhand,All Seasons,Deoghar,0
"Siddh Kali Mandir,Sher Khoti, Kusmaha",24.2495039,86.6528763,5,"hindu_temple, place_of_worship, point_of_interest, establishment",temples,Jharkhand,All Seasons,Deoghar,2
Charaknath Baba Mandir,24.2298238,86.9844011,5,"hindu_temple, place_of_worship, point_of_interest, establishment",temples,Jharkhand,All Seasons,Deoghar,1
Shiv Mandir Harila,24.2421022,86.551316,3.5,"hindu_temple, place_of_worship, point_of_interest, establishment",temples,Jharkhand,All Seasons,Deoghar,10
Hanuman Temple,24.5335567,86.6873695,4.2,"hindu_temple, place_of_worship, point_of_interest, establishment",temples,Jharkhand,All Seasons,Deoghar,37
Hanuman Temple Thhari,24.495307,86.7407959,5,"hindu_temple, place_of_worship, point_of_interest, establishment",temples,Jharkhand,All Seasons,Deoghar,1
kali temple Laxmaniyatand,24.527937,86.7524692,4.3,"hindu_temple, place_of_worship, point_of_interest, establishment",temples,Jharkhand,All Seasons,Deoghar,16
New Durga mandir kothia (Thakur Tola),24.5435864,86.68594399999999,3.9,"hindu_temple, place_of_worship, point_of_interest, establishment",temples,Jharkhand,All Seasons,Deoghar,9
Kashi vishwanath temple,24.3984405,86.71034039999999,5,"hindu_temple, place_of_worship, point_of_interest, establishment",temples,Jharkhand,All Seasons,Deoghar,5
Bholenath Mandir Temple,24.491318,86.7270606,5,"hindu_temple, place_of_worship, point_of_interest, establishment",temples,Jharkhand,All Seasons,Deoghar,1
hanuman temple,24.5046498,86.68642040000002,4.5,"hindu_temple, place_of_worship, point_of_interest, establishment",temples,Jharkhand,All Seasons,Deoghar,2
HILL VIEW,24.5123697,86.6516858,4.1,"point_of_interest, establishment",hills,Jharkhand,Winter,Deoghar,17
Budhai Hills,24.3620009,86.5346627,4.3,"tourist_attraction, point_of_interest, establishment",hills,Jharkhand,Winter,Deoghar,209
Hill Top Motel,24.530649,86.5805331,4,"restaurant, food, point_of_interest, establishment",hills,Jharkhand,Winter,Deoghar,307
Gateway to Tapovan Hill,24.45978,86.7504957,4.2,"point_of_interest, establishment",hills,Jharkhand,Winter,Deoghar,107
Tapovan Hill,24.4501662,86.7510657,4.3,"hindu_temple, park, place_of_worship, point_of_interest, establishment",hills,Jharkhand,Winter,Deoghar,4974
Buchchi Hill,24.3332901,86.6452844,4.6,"park, point_of_interest, establishment",hills,Jharkhand,Winter,Deoghar,23
"हिल भ्यू जसीडीह की ऐतिहासिक धरोहर, HILL VIEW",24.5149346,86.65301389999999,5,"point_of_interest, establishment",hills,Jharkhand,Winter,Deoghar,2
HOTEL HILL VIEW,24.5181203,86.64424439999999,3.5,"lodging, point_of_interest, establishment",hills,Jharkhand,Winter,Deoghar,72
Tapoovan hill,24.4510374,86.7521828,4.2,"park, point_of_interest, establishment",hills,Jharkhand,Winter,Deoghar,30
Matiyan hill,24.5146942,86.9571096,0,"park, point_of_interest, establishment",hills,Jharkhand,Winter,Deoghar,0
Down Hill,24.5015457,86.71945749999999,4,"point_of_interest, establishment",hills,Jharkhand,Winter,Deoghar,1
Hotal Hill View,24.2191262,86.9282559,3.3,"restaurant, food, point_of_interest, establishment",hills,Jharkhand,Winter,Deoghar,9
Burhikurwa Hill,24.437186,86.89625939999999,5,"park, point_of_interest, establishment",hills,Jharkhand,Winter,Deoghar,2
Chandanpura hill. (चंदनपुरा पहाड़),24.3057018,86.93665039999999,5,"tourist_attraction, point_of_interest, establishment",hills,Jharkhand,Winter,Deoghar,1
Dustu - Mukhiya Hill Top,24.6950715,86.48116139999999,5,"tourist_attraction, point_of_interest, establishment",hills,Jharkhand,Winter,Deoghar,1
Narganjo hill,24.446888,86.8966791,5,"park, point_of_interest, establishment",hills,Jharkhand,Winter,Deoghar,1
Tiurpahar Hill View,24.483181,86.8476433,4.8,"museum, point_of_interest, establishment",hills,Jharkhand,Winter,Deoghar,4
CHIHUITYA Gh Hill,24.2285481,86.59837979999999,4.1,"park, point_of_interest, establishment",hills,Jharkhand,Winter,Deoghar,33
HEAL MAX HOSPITAL & REHABILITATION CENTRE,24.5074311,86.704056,4.3,"doctor, health, point_of_interest, establishment",hills,Jharkhand,Winter,Deoghar,83
Trikut Ropeway,24.4768793,86.8435396,4.3,"tourist_attraction, point_of_interest, establishment",hills,Jharkhand,Winter,Deoghar,3708
Simultala Tour & Travels,24.711761,86.5438544,4.5,"tourist_attraction, point_of_interest, establishment",hills,Jharkhand,Winter,Deoghar,58
The Hill Cafe,24.504905,86.67954859999999,0,"point_of_interest, establishment",hills,Jharkhand,Winter,Deoghar,0
Paharpur hills,24.4693662,86.8880015,4.8,"tourist_attraction, point_of_interest, establishment",hills,Jharkhand,Winter,Deoghar,4
Rampur Hill,24.2282617,86.9684333,1,"park, point_of_interest, establishment",hills,Jharkhand,Winter,Deoghar,2
New Chuhitya Hill,24.22878,86.5979427,0,"place_of_worship, point_of_interest, establishment",hills,Jharkhand,Winter,Deoghar,0
Simultala Railway Lake,24.71624,86.5425669,3.8,"tourist_attraction, point_of_interest, establishment",hills,Jharkhand,Winter,Deoghar,102
Narganjo hill,24.4378463,86.8941562,0,"park, point_of_interest, establishment",hills,Jharkhand,Winter,Deoghar,0
Hilltop family dhaba,24.3692337,86.78316889999999,4.4,"restaurant, food, point_of_interest, establishment",hills,Jharkhand,Winter,Deoghar,14
CHERISSH HILL ACADEMY DUBRAJPUR,24.2134351,86.966163,0,"primary_school, school, point_of_interest, establishment",hills,Jharkhand,Winter,Deoghar,0
Trikut pahar,24.4741687,86.84281399999999,4.3,"tourist_attraction, point_of_interest, establishment",hills,Jharkhand,Winter,Deoghar,419
Trikut Parvat,24.4983333,86.8369444,4.4,"natural_feature, establishment",hills,Jharkhand,Winter,Deoghar,2224
Dondia Hill,24.3382634,86.6385866,5,"pharmacy, health, point_of_interest, store, establishment",hills,Jharkhand,Winter,Deoghar,2
"Nandan Pahar Park, Deoghar",24.5048122,86.6783098,4.1,"tourist_attraction, point_of_interest, establishment",hills,Jharkhand,Winter,Deoghar,2845
"Dharhara Falls,Telwa bazar",24.7445863,86.6265633,4.4,"tourist_attraction, point_of_interest, establishment",hills,Jharkhand,Winter,Deoghar,228
Nandan Pahar Children Park,24.5040196,86.67784600000002,4.1,"park, point_of_interest, establishment",hills,Jharkhand,Winter,Deoghar,3460
Trikut parvat,24.4767916,86.84508749999999,4.3,"tourist_attraction, point_of_interest, establishment",hills,Jharkhand,Winter,Deoghar,1455
Trikut parvat त्रिकुट पर्वत ত্রিকূট পাহাড়,24.4749743,86.84408909999999,4.3,"tourist_attraction, point_of_interest, establishment",hills,Jharkhand,Winter,Deoghar,35
Trikut Mountain Range,24.4831374,86.84719980000001,4.5,"point_of_interest, establishment",hills,Jharkhand,Winter,Deoghar,1393
Budheshwari Temple and Volcanic Mountain,24.3620437,86.5326548,4.4,"hindu_temple, place_of_worship, point_of_interest, establishment",hills,Jharkhand,Winter,Deoghar,157
Tiwary Mango Garden,24.4813402,86.6147884,4.8,"park, point_of_interest, establishment",hills,Jharkhand,Winter,Deoghar,28
"Kumari hill, borwa, Jharkhand, India",24.2549868,86.9022078,0,"tourist_attraction, point_of_interest, establishment",hills,Jharkhand,Winter,Deoghar,0
"Hill view, Gaurichak",24.5192898,86.7437731,0,"point_of_interest, establishment",hills,Jharkhand,Winter,Deoghar,0
Chihardhandhiya,24.44639,86.7479232,No rating,"locality, political",hills,Jharkhand,Winter,Deoghar,0
Budhai temple,24.3619643,86.5339367,4.2,"hindu_temple, place_of_worship, point_of_interest, establishment",hills,Jharkhand,Winter,Deoghar,50
Simultala Tour,24.7144022,86.538901,4,"tourist_attraction, travel_agency, point_of_interest, establishment",hills,Jharkhand,Winter,Deoghar,1
Tapovan,24.267612,86.78436459999999,4.3,"natural_feature, establishment",hills,Jharkhand,Winter,Deoghar,309
Daldali Pahad,24.323349,86.9815399,5,"tourist_attraction, point_of_interest, establishment",hills,Jharkhand,Winter,Deoghar,2
Deoghar Tourism,24.4988958,86.7010361,4.4,"tourist_attraction, travel_agency, point_of_interest, establishment",hills,Jharkhand,Winter,Deoghar,811
Nandan Pahar Ghost House,24.5040198,86.67747279999999,4.3,"museum, point_of_interest, establishment",hills,Jharkhand,Winter,Deoghar,3
somsarovar,24.4932056,86.6766401,4.6,"pet_store, point_of_interest, store, establishment",hills,Jharkhand,Winter,Deoghar,10
Patharda pahar,24.267612,86.78436459999999,No rating,"locality, political",hills,Jharkhand,Winter,Deoghar,0
Tapoban HSC,24.4507005,86.753234,3.9,"hospital, health, point_of_interest, establishment",hills,Jharkhand,Winter,Deoghar,10
Hanuman mandir,24.4736582,86.7168702,3.6,"hindu_temple, place_of_worship, point_of_interest, establishment",hills,Jharkhand,Winter,Deoghar,9
Deoghar Tourism,24.4988958,86.7010361,4.4,"tourist_attraction, travel_agency, point_of_interest, establishment",attraction,Jharkhand,All Seasons,Deoghar,811
Simultala Tour,24.7144022,86.538901,4,"tourist_attraction, travel_agency, point_of_interest, establishment",attraction,Jharkhand,All Seasons,Deoghar,1
Budhai Hills,24.3620009,86.5346627,4.3,"tourist_attraction, point_of_interest, establishment",attraction,Jharkhand,All Seasons,Deoghar,209
Trikut Ropeway,24.4768793,86.8435396,4.3,"tourist_attraction, point_of_interest, establishment",attraction,Jharkhand,All Seasons,Deoghar,3708
"Nandan Pahar Park, Deoghar",24.5048122,86.6783098,4.1,"tourist_attraction, point_of_interest, establishment",attraction,Jharkhand,All Seasons,Deoghar,2845
Trikut pahar,24.4741687,86.84281399999999,4.3,"tourist_attraction, point_of_interest, establishment",attraction,Jharkhand,All Seasons,Deoghar,419
Trikut parvat,24.4767916,86.84508749999999,4.3,"tourist_attraction, point_of_interest, establishment",attraction,Jharkhand,All Seasons,Deoghar,1455
Jalsar the place of beauty,24.4960196,86.6950421,4.6,"tourist_attraction, point_of_interest, establishment",attraction,Jharkhand,All Seasons,Deoghar,28
"Purandaha Talaab, POND",24.4866545,86.682683,4.1,"tourist_attraction, point_of_interest, establishment",attraction,Jharkhand,All Seasons,Deoghar,92
Madhupur attraction board,24.2660618,86.64248409999999,4.8,"tourist_attraction, point_of_interest, establishment",attraction,Jharkhand,All Seasons,Deoghar,4
Jasidih,24.5124962,86.6479274,4.1,"tourist_attraction, point_of_interest, establishment",attraction,Jharkhand,All Seasons,Deoghar,440
Lilabaran falls,24.7318022,86.52362719999999,2.7,"tourist_attraction, point_of_interest, establishment",attraction,Jharkhand,All Seasons,Deoghar,3
"Baba Dham Large, Revered place of worship",24.4960562,86.6929028,4.3,"tourist_attraction, point_of_interest, establishment",attraction,Jharkhand,All Seasons,Deoghar,157
Patro river rail bridge,24.315014,86.6464341,3.9,"tourist_attraction, point_of_interest, establishment",attraction,Jharkhand,All Seasons,Deoghar,7
BIT Pahar,24.515031,86.6558922,3.3,"tourist_attraction, point_of_interest, establishment",attraction,Jharkhand,All Seasons,Deoghar,3
Pandaniya River Bridge,24.2374414,86.62565529999999,4.3,"tourist_attraction, point_of_interest, establishment",attraction,Jharkhand,All Seasons,Deoghar,3
Maya pahar,24.4667472,86.6941425,4.2,"tourist_attraction, point_of_interest, establishment",attraction,Jharkhand,All Seasons,Deoghar,6
Punasi Dam Deoghar,24.4784932,86.5353155,4.1,"tourist_attraction, point_of_interest, establishment",attraction,Jharkhand,All Seasons,Deoghar,723
Best tourist place,24.2482506,86.76243219999999,5,"tourist_attraction, point_of_interest, establishment",attraction,Jharkhand,All Seasons,Deoghar,2
Mr waterfall,24.4878004,86.5451368,4.4,"tourist_attraction, point_of_interest, establishment",attraction,Jharkhand,All Seasons,Deoghar,27
Mahtodih Ghat,24.3860763,86.77031389999999,5,"tourist_attraction, point_of_interest, establishment",attraction,Jharkhand,All Seasons,Deoghar,1
Sunrise Point,24.7116785,86.5572701,0,"tourist_attraction, point_of_interest, establishment",attraction,Jharkhand,All Seasons,Deoghar,0
Ayushman Bird Aviary,24.4935575,86.70584699999999,3,"tourist_attraction, point_of_interest, establishment",attraction,Jharkhand,All Seasons,Deoghar,2
Bargad tree,24.5189624,86.75360169999999,3.5,"tourist_attraction, point_of_interest, establishment",attraction,Jharkhand,All Seasons,Deoghar,11
Punasi Spillway,24.4714083,86.5342426,3.6,"tourist_attraction, point_of_interest, establishment",attraction,Jharkhand,All Seasons,Deoghar,17
Phuljori pahar,24.2382191,86.92767610000001,3.7,"tourist_attraction, point_of_interest, establishment",attraction,Jharkhand,All Seasons,Deoghar,12
Katoriya Forest,24.7258014,86.7344715,5,"tourist_attraction, point_of_interest, establishment",attraction,Jharkhand,All Seasons,Deoghar,1
"Punasi Mini Waterfall, Pathariya, Punasi, Deoghar",24.4877625,86.5448471,4,"tourist_attraction, point_of_interest, establishment",attraction,Jharkhand,All Seasons,Deoghar,27
Ulai River Falls,24.6710404,86.48795779999999,3.3,"tourist_attraction, point_of_interest, establishment",attraction,Jharkhand,All Seasons,Deoghar,3
Rani Ka Talab,24.6892591,86.9104278,4.6,"tourist_attraction, point_of_interest, establishment",attraction,Jharkhand,All Seasons,Deoghar,5
"Dharhara Falls,Telwa bazar",24.7445863,86.6265633,4.4,"tourist_attraction, point_of_interest, establishment",attraction,Jharkhand,All Seasons,Deoghar,228
Madhupur lake,24.272671,86.6383247,3.3,"tourist_attraction, point_of_interest, establishment",attraction,Jharkhand,All Seasons,Deoghar,3
Hare Krishna Tour and Travels Deoghar,24.512549,86.6484636,1,"tourist_attraction, point_of_interest, establishment",attraction,Jharkhand,All Seasons,Deoghar,1
Deoghar Babadham Darshan,24.4924981,86.6999163,4.2,"tourist_attraction, point_of_interest, establishment",attraction,Jharkhand,All Seasons,Deoghar,5
Asta Tourist Mountain,24.2667338,86.9601556,0,"tourist_attraction, point_of_interest, establishment",attraction,Jharkhand,All Seasons,Deoghar,0
Gidhni More,24.5333971,86.6875204,3.6,"tourist_attraction, point_of_interest, establishment",attraction,Jharkhand,All Seasons,Deoghar,36
Trikut Mountain Main Gate,24.4649211,86.83754309999999,5,"tourist_attraction, point_of_interest, establishment",attraction,Jharkhand,All Seasons,Deoghar,1
Chhath Ghat Sarwan,24.3703875,86.7730469,5,"tourist_attraction, point_of_interest, establishment",attraction,Jharkhand,All Seasons,Deoghar,1
Turi Pahari,24.2233682,86.9304066,0,"tourist_attraction, point_of_interest, establishment",attraction,Jharkhand,All Seasons,Deoghar,0
ShivRam Jha Chowk,24.4975137,86.6995804,4.7,"tourist_attraction, point_of_interest, establishment",attraction,Jharkhand,All Seasons,Deoghar,3
Pae Jharna,24.711068,86.48024199999999,4.7,"tourist_attraction, point_of_interest, establishment",attraction,Jharkhand,All Seasons,Deoghar,3
Simultala Railway Lake,24.71624,86.5425669,3.8,"tourist_attraction, point_of_interest, establishment",attraction,Jharkhand,All Seasons,Deoghar,102
Simultala Tour & Travels,24.711761,86.5438544,4.5,"tourist_attraction, point_of_interest, establishment",attraction,Jharkhand,All Seasons,Deoghar,58
Thakur Niwas,24.5089036,86.6584257,5,"tourist_attraction, point_of_interest, establishment",attraction,Jharkhand,All Seasons,Deoghar,1
"Haldi Falls,Telwa bazar",24.7011713,86.50192670000001,4.4,"tourist_attraction, point_of_interest, establishment",attraction,Jharkhand,All Seasons,Deoghar,10
Deoghar Dham Yatra,24.4925954,86.6999676,4.8,"tourist_attraction, point_of_interest, establishment",attraction,Jharkhand,All Seasons,Deoghar,12
Deoghar Tourism,24.4930155,86.68444199999999,0,"tourist_attraction, point_of_interest, establishment",attraction,Jharkhand,All Seasons,Deoghar,0
Jashidih mor जसीडीह मोर,24.5126039,86.64790219999999,3.7,"tourist_attraction, point_of_interest, establishment",attraction,Jharkhand,All Seasons,Deoghar,36
Chetnari Talab,24.2293621,86.66015689999999,4.4,"tourist_attraction, point_of_interest, establishment",attraction,Jharkhand,All Seasons,Deoghar,5
Niwash kumar,24.3115491,86.6875465,0,"tourist_attraction, point_of_interest, establishment",attraction,Jharkhand,All Seasons,Deoghar,0
Phuljori selfie spot,24.2214899,86.9321611,5,"tourist_attraction, point_of_interest, establishment",attraction,Jharkhand,All Seasons,Deoghar,2
Naulakha Temple - Deoghar,24.4775535,86.7083514,4.4,"hindu_temple, tourist_attraction, place_of_worship, point_of_interest, establishment",attraction,Jharkhand,All Seasons,Deoghar,4830
Milk supply,24.2617754,86.6287345,3.7,"tourist_attraction, point_of_interest, establishment",attraction,Jharkhand,All Seasons,Deoghar,9
Mahguri Small Mountain,24.6878084,86.97360929999999,0,"tourist_attraction, point_of_interest, establishment",attraction,Jharkhand,All Seasons,Deoghar,0
Chandan Dam,24.6752134,86.9234409,4.2,"tourist_attraction, point_of_interest, establishment",attraction,Jharkhand,All Seasons,Deoghar,39
Sandeep Yadav Mountain,24.4278501,86.5791859,0,"tourist_attraction, point_of_interest, establishment",attraction,Jharkhand,All Seasons,Deoghar,0
Gandhi chowk,24.5108132,86.6437083,2.9,"tourist_attraction, point_of_interest, establishment",attraction,Jharkhand,All Seasons,Deoghar,7
Dulampur bridge,24.2869896,86.5342289,0,"tourist_attraction, point_of_interest, establishment",attraction,Jharkhand,All Seasons,Deoghar,0
Manmala Garden,24.2737459,86.713098,2.8,"tourist_attraction, point_of_interest, establishment",attraction,Jharkhand,All Seasons,Deoghar,4
कैलाश पहाड़ आश्रम जसीडीह,24.5213913,86.6421759,4,"tourist_attraction, point_of_interest, establishment",attraction,Jharkhand,All Seasons,Deoghar,8
Housing Colony park,23.8072426,86.4344886,4.1,"park, point_of_interest, establishment",parks,Jharkhand,Spring,Dhanbad,56
Children's Park,23.7394444,86.4147222,3.9,"park, point_of_interest, establishment",parks,Jharkhand,Spring,Dhanbad,1116
Amrut Park,23.6402268,86.15864119999999,4.2,"park, point_of_interest, establishment",parks,Jharkhand,Spring,Dhanbad,1491
Bekarbandh Park,23.8003433,86.42921100000001,4.2,"park, point_of_interest, establishment",parks,Jharkhand,Spring,Dhanbad,835
"Govardhan Eco Restoration Park, Bera",23.768558,86.4287778,4.4,"park, point_of_interest, establishment",parks,Jharkhand,Spring,Dhanbad,72
Rajendra Sarovar Park,23.7999936,86.43100779999999,4.2,"park, point_of_interest, establishment",parks,Jharkhand,Spring,Dhanbad,1031
UGC Park,23.810465,86.4422153,3.8,"park, point_of_interest, establishment",parks,Jharkhand,Spring,Dhanbad,133
Nehru Park,23.7710995,86.37155249999999,3.8,"park, point_of_interest, establishment",parks,Jharkhand,Spring,Dhanbad,800
Rajendra Park (Bekar Bandh),23.7998706,86.43120420000001,4.3,"park, point_of_interest, establishment",parks,Jharkhand,Spring,Dhanbad,74
Eco Park,23.6374646,86.1684882,4,"park, point_of_interest, establishment",parks,Jharkhand,Spring,Dhanbad,47
Daffodil park(YaMi),23.6787625,86.16195309999999,4,"park, point_of_interest, establishment",parks,Jharkhand,Spring,Dhanbad,162
Barmasia Park,23.7848045,86.44238899999999,3.8,"park, tourist_attraction, point_of_interest, establishment",parks,Jharkhand,Spring,Dhanbad,649
Amrit Park,23.6127259,86.1776624,3.6,"park, point_of_interest, establishment",parks,Jharkhand,Spring,Dhanbad,905
Railway Park,23.7900593,86.42840129999999,3.2,"park, point_of_interest, establishment",parks,Jharkhand,Spring,Dhanbad,31
Sector 4F Park,23.674637,86.1593194,3.8,"park, point_of_interest, establishment",parks,Jharkhand,Spring,Dhanbad,1480
Lal Bahadur Shastri Park,23.6500973,86.1341717,3.6,"park, point_of_interest, establishment",parks,Jharkhand,Spring,Dhanbad,115
Birsa Munda Park,23.8306392,86.4155435,3.8,"park, tourist_attraction, point_of_interest, establishment",parks,Jharkhand,Spring,Dhanbad,6208
Shaheed Bhagat Singh Park,23.6388182,86.1465005,3.8,"park, tourist_attraction, point_of_interest, establishment",parks,Jharkhand,Spring,Dhanbad,191
"F- TYPE Park, STPS",23.5827789,86.4674972,4.2,"park, point_of_interest, establishment",parks,Jharkhand,Spring,Dhanbad,183
Vaishnavi & Vaibhavi Wellbeing Hub,23.8009718,86.4300755,4.1,"park, point_of_interest, establishment",parks,Jharkhand,Spring,Dhanbad,616
City Park,23.749314,86.3935785,3.8,"park, point_of_interest, establishment",parks,Jharkhand,Spring,Dhanbad,37
"Children's Park, Sector-6A",23.6743192,86.1701975,3.5,"park, point_of_interest, establishment",parks,Jharkhand,Spring,Dhanbad,256
Near ECO Children Park,23.678724,86.1611868,4.1,"park, point_of_interest, establishment",parks,Jharkhand,Spring,Dhanbad,26
CBC Park,23.6524261,86.4733427,3.7,"park, point_of_interest, establishment",parks,Jharkhand,Spring,Dhanbad,39
Green triangular park,23.7058125,86.4051406,4,"park, point_of_interest, establishment",parks,Jharkhand,Spring,Dhanbad,57
Bachat Udyan,23.6665154,86.14373789999999,3.4,"park, point_of_interest, establishment",parks,Jharkhand,Spring,Dhanbad,134
Green Park,23.8121087,86.3083369,3.9,"park, point_of_interest, establishment",parks,Jharkhand,Spring,Dhanbad,100
Hi-Tech Park Chas Nagar Nigam,23.612419,86.178058,4,"park, point_of_interest, establishment",parks,Jharkhand,Spring,Dhanbad,113
Jamgoria park,23.6388017,86.2071184,5,"park, point_of_interest, establishment",parks,Jharkhand,Spring,Dhanbad,3
Delta Park Acc,23.6702297,86.4965261,4,"park, point_of_interest, establishment",parks,Jharkhand,Spring,Dhanbad,84
Khandala Park,23.6835227,86.1593121,3.7,"park, point_of_interest, establishment",parks,Jharkhand,Spring,Dhanbad,39
Liloristhan Park,23.8236099,86.2996412,4.1,"park, point_of_interest, establishment",parks,Jharkhand,Spring,Dhanbad,368
Belgaria Park,23.7567839,86.46496619999999,3.5,"park, point_of_interest, establishment",parks,Jharkhand,Spring,Dhanbad,43
Jms park,23.7888051,86.72289409999999,3.5,"park, point_of_interest, establishment",parks,Jharkhand,Spring,Dhanbad,12
Park,23.6783035,86.1536898,4.3,"park, point_of_interest, establishment",parks,Jharkhand,Spring,Dhanbad,103
Peace Park,23.6680621,86.1475006,4.8,"park, point_of_interest, establishment",parks,Jharkhand,Spring,Dhanbad,4
6&7 Pits Tata Park,23.7192451,86.4037012,3.9,"park, point_of_interest, establishment",parks,Jharkhand,Spring,Dhanbad,268
Damoda Biodiversity park,23.7783898,86.167546,4.4,"park, point_of_interest, establishment",parks,Jharkhand,Spring,Dhanbad,17
Chasnala Park,23.6675612,86.4495908,3.7,"park, point_of_interest, establishment",parks,Jharkhand,Spring,Dhanbad,23
Golchakar,23.6693674,86.4976788,4,"park, point_of_interest, establishment",parks,Jharkhand,Spring,Dhanbad,126
New Ecological Park,23.8123989,86.30832819999999,3.5,"park, point_of_interest, establishment",parks,Jharkhand,Spring,Dhanbad,11
1 No Gate Park,23.5827263,86.4694966,4.3,"park, point_of_interest, establishment",parks,Jharkhand,Spring,Dhanbad,243
Children park,23.8090137,86.46730579999999,4.3,"park, point_of_interest, establishment",parks,Jharkhand,Spring,Dhanbad,4
Golf Ground Park,23.803729,86.43605769999999,4.9,"park, point_of_interest, establishment",parks,Jharkhand,Spring,Dhanbad,7
O.N.G.C Park,23.6661852,86.1441277,3.6,"park, point_of_interest, establishment",parks,Jharkhand,Spring,Dhanbad,5
FRIENDS PARK,23.7653602,86.4349436,4.3,"park, point_of_interest, establishment",parks,Jharkhand,Spring,Dhanbad,11
Housing colony children park,23.8062567,86.4349318,4.4,"park, point_of_interest, establishment",parks,Jharkhand,Spring,Dhanbad,8
Amrit mahotsav park,23.8071803,86.4507988,4.5,"park, point_of_interest, establishment",parks,Jharkhand,Spring,Dhanbad,32
Ambedkar Park,23.677079,86.1527363,4.1,"park, point_of_interest, establishment",parks,Jharkhand,Spring,Dhanbad,21
Jawaharlal Nehru Biological Park,23.6805622,86.1533331,3.7,"zoo, tourist_attraction, park, point_of_interest, establishment",parks,Jharkhand,Spring,Dhanbad,3467
Railways Old Park,23.6436366,86.44676539999999,4.7,"park, point_of_interest, establishment",parks,Jharkhand,Spring,Dhanbad,6
Forest Park,23.7550188,86.48488359999999,4.4,"park, point_of_interest, establishment",parks,Jharkhand,Spring,Dhanbad,12
Khudiram Park,23.5410152,86.6713967,4,"park, point_of_interest, establishment",parks,Jharkhand,Spring,Dhanbad,32
Bhagdai chandi Park,23.6036781,86.56002699999999,5,"park, point_of_interest, establishment",parks,Jharkhand,Spring,Dhanbad,6
D-type Park,23.5831809,86.4618005,4,"park, point_of_interest, establishment",parks,Jharkhand,Spring,Dhanbad,91
Bccl ecological park,23.8081769,86.4673054,3.8,"park, point_of_interest, establishment",parks,Jharkhand,Spring,Dhanbad,47
Eco Restoration Park,23.8127213,86.33967890000001,3.4,"park, point_of_interest, establishment",parks,Jharkhand,Spring,Dhanbad,5
Sickline Colony Park,23.8708949,86.14346590000001,3.9,"park, point_of_interest, establishment",parks,Jharkhand,Spring,Dhanbad,141
Area Colony Park,23.7502423,86.27466919999999,4.1,"park, point_of_interest, establishment",parks,Jharkhand,Spring,Dhanbad,26
Mohan Babu Park,23.5517243,86.467799,4.3,"park, point_of_interest, establishment",parks,Jharkhand,Spring,Dhanbad,41
Jain Museum,24.0078112,86.1485793,4.4,"museum, tourist_attraction, point_of_interest, establishment",museum,Jharkhand,Winter,Dhanbad,534
Geological Museum,23.8144432,86.44120219999999,4.6,"museum, point_of_interest, establishment",museum,Jharkhand,Winter,Dhanbad,30
Garmkund Jal Bhuda Basti Dhanbad (Holy Place),23.7853424,86.45843599999999,3.5,"museum, point_of_interest, establishment",museum,Jharkhand,Winter,Dhanbad,27
Nagda Basti,23.7227974,86.2496942,4.5,"museum, point_of_interest, establishment",museum,Jharkhand,Winter,Dhanbad,20
"Rail Heritage park, Dhanbad",23.7876126,86.4381398,4.8,"museum, point_of_interest, establishment",museum,Jharkhand,Winter,Dhanbad,5
Petrified Wood,23.8137492,86.44121729999999,4.5,"tourist_attraction, point_of_interest, establishment",museum,Jharkhand,Winter,Dhanbad,771
Horror House,23.8210016,86.4696627,3,"tourist_attraction, point_of_interest, establishment",museum,Jharkhand,Winter,Dhanbad,7
Hari Mandir Bhagarampur Amtal,23.7483089,86.45257749999999,4.7,"museum, point_of_interest, establishment",museum,Jharkhand,Winter,Dhanbad,10
Anand Heritage Gallery,23.8057605,86.4738548,0,"museum, point_of_interest, establishment",museum,Jharkhand,Winter,Dhanbad,0
"Rathtand,Baghmara",23.7904827,86.2059989,3.9,"museum, point_of_interest, establishment",museum,Jharkhand,Winter,Dhanbad,81
Sri Digambar Jain Museum,24.0075005,86.1483399,4,"place_of_worship, point_of_interest, establishment",museum,Jharkhand,Winter,Dhanbad,1
Gosiya Jama Masjid BANDHDIH,23.8245667,86.51816099999999,5,"museum, point_of_interest, establishment",museum,Jharkhand,Winter,Dhanbad,1
Kali Mandir,23.8946749,86.4473635,4,"museum, point_of_interest, establishment",museum,Jharkhand,Winter,Dhanbad,1
Brahma Kumaris Museum Birsa Munda Park Dhanbad,23.8237499,86.415182,4.5,"health, point_of_interest, establishment",museum,Jharkhand,Winter,Dhanbad,4
Danger road b.c.c.l zone,23.7392856,86.440079,3,"museum, point_of_interest, establishment",museum,Jharkhand,Winter,Dhanbad,6
Kali Mandir ANAND NAGAR,23.8170021,86.4556949,4,"museum, point_of_interest, establishment",museum,Jharkhand,Winter,Dhanbad,6
Hanuman Mandir,23.7656852,86.3165301,5,"museum, point_of_interest, establishment",museum,Jharkhand,Winter,Dhanbad,1
Lalbaba Ashram,23.8907711,86.46096299999999,4.8,"museum, point_of_interest, establishment",museum,Jharkhand,Winter,Dhanbad,4
Maricho Waterfall TRILOKINATH,23.9452935,86.36798259999999,3.9,"tourist_attraction, point_of_interest, establishment",waterfalls,Jharkhand,Monsoon,Dhanbad,19
LOHAPATTI WATERFALL [ Lohpiti ],23.7404681,86.1886651,4.3,"tourist_attraction, point_of_interest, establishment",waterfalls,Jharkhand,Monsoon,Dhanbad,10
Sita fall,23.7172536,86.2951592,4.1,"tourist_attraction, point_of_interest, establishment",waterfalls,Jharkhand,Monsoon,Dhanbad,153
Hidden waterfall,23.7058348,86.3796019,4.2,"tourist_attraction, point_of_interest, establishment",waterfalls,Jharkhand,Monsoon,Dhanbad,61
Bamangora Water Fall (Picnic Spot),23.7519642,86.18871879999999,4.4,"tourist_attraction, point_of_interest, establishment",waterfalls,Jharkhand,Monsoon,Dhanbad,35
Bhatinda water falls,23.7107875,86.3317344,4.2,"tourist_attraction, park, point_of_interest, establishment",waterfalls,Jharkhand,Monsoon,Dhanbad,1707
Topchanchi waterfall,23.9202682,86.1801347,3.7,"tourist_attraction, point_of_interest, establishment",waterfalls,Jharkhand,Monsoon,Dhanbad,12
Dhangi fall,23.8127409,86.4972385,4.5,"park, point_of_interest, establishment",waterfalls,Jharkhand,Monsoon,Dhanbad,15
Seta Falls,23.7170918,86.29536069999999,4,"tourist_attraction, point_of_interest, establishment",waterfalls,Jharkhand,Monsoon,Dhanbad,11
Palobeda Waterfall,23.9805886,86.5826625,5,"tourist_attraction, point_of_interest, establishment",waterfalls,Jharkhand,Monsoon,Dhanbad,2
Bhatinda water fall Road,23.7169638,86.32795089999999,4,"tourist_attraction, point_of_interest, establishment",waterfalls,Jharkhand,Monsoon,Dhanbad,93
Waterfall chourapatti gomoh झरना चौरापट्टी गोमोह,23.8824118,86.14070389999999,4.5,"park, point_of_interest, establishment",waterfalls,Jharkhand,Monsoon,Dhanbad,19
Hidden Waterfall,23.9258653,86.1721585,0,"tourist_attraction, point_of_interest, establishment",waterfalls,Jharkhand,Monsoon,Dhanbad,0
Topchanchi Waterfall,23.9271353,86.1708596,4.3,"tourist_attraction, point_of_interest, establishment",waterfalls,Jharkhand,Monsoon,Dhanbad,98
Jamuniatand Bridge (Near Bamangora Waterfall),23.7537183,86.18554809999999,4.1,"point_of_interest, establishment",waterfalls,Jharkhand,Monsoon,Dhanbad,14
Sabhari waterfall,23.8740864,86.4246053,5,"park, point_of_interest, establishment",waterfalls,Jharkhand,Monsoon,Dhanbad,3
Lal banglow Damodar valley,23.7051972,86.37454729999999,4.2,"tourist_attraction, point_of_interest, establishment",waterfalls,Jharkhand,Monsoon,Dhanbad,71
Marang buru waterfall _ᱢᱟᱨᱟᱝ ᱵᱩᱨᱩ ᱡᱷᱟᱨᱱᱟ ᱫᱟᱜ,23.9855321,86.1612603,5,"point_of_interest, establishment",waterfalls,Jharkhand,Monsoon,Dhanbad,3
Shiddheshwar Mahadev Mandir Bamangora Waterfall,23.7532515,86.1892103,4,"hindu_temple, place_of_worship, point_of_interest, establishment",waterfalls,Jharkhand,Monsoon,Dhanbad,1
Topchanchi Dam,23.9203568,86.1802175,4.3,"tourist_attraction, point_of_interest, establishment",waterfalls,Jharkhand,Monsoon,Dhanbad,446
Topchanchi Lake Barrage,23.920124,86.180886,4,"tourist_attraction, point_of_interest, establishment",waterfalls,Jharkhand,Monsoon,Dhanbad,165
Bardha ghat,23.7050035,86.3338407,4,"tourist_attraction, point_of_interest, establishment",waterfalls,Jharkhand,Monsoon,Dhanbad,9
Water Park Topchanchi,23.9255,86.1814024,4.1,"park, point_of_interest, establishment",waterfalls,Jharkhand,Monsoon,Dhanbad,167
Katri damodar meeting point,23.7070796,86.3298094,4,"tourist_attraction, point_of_interest, establishment",waterfalls,Jharkhand,Monsoon,Dhanbad,7
Vaishnavi & Vaibhavi Wellbeing Hub,23.8009718,86.4300755,4.1,"park, point_of_interest, establishment",waterfalls,Jharkhand,Monsoon,Dhanbad,616
Dhangi paahad,23.8198523,86.48709269999999,4.4,"park, point_of_interest, establishment",waterfalls,Jharkhand,Monsoon,Dhanbad,16
Waterboat,23.9248141,86.18434479999999,4.7,"tourist_attraction, point_of_interest, establishment",waterfalls,Jharkhand,Monsoon,Dhanbad,7
Topchanchi Jheel Sitting area,23.9236107,86.1872246,4.2,"park, point_of_interest, establishment",waterfalls,Jharkhand,Monsoon,Dhanbad,30
Dulamb Lake,23.6189817,86.1380233,3.7,"tourist_attraction, point_of_interest, establishment",waterfalls,Jharkhand,Monsoon,Dhanbad,3
Cooling pond centre,23.6787675,86.1349905,4.1,"tourist_attraction, point_of_interest, establishment",waterfalls,Jharkhand,Monsoon,Dhanbad,75
Birsa Munda Park,23.8306392,86.4155435,3.8,"park, tourist_attraction, point_of_interest, establishment",waterfalls,Jharkhand,Monsoon,Dhanbad,6208
Hadhadiya water fall,23.8928734,86.2194002,5,"amusement_park, point_of_interest, establishment",waterfalls,Jharkhand,Monsoon,Dhanbad,3
Topchanchi Lake,23.9220417,86.18216900000002,4.2,"natural_feature, establishment",waterfalls,Jharkhand,Monsoon,Dhanbad,1000
Birsa Munda Park,23.8306392,86.4155435,3.8,"park, tourist_attraction, point_of_interest, establishment",beaches,Jharkhand,Summer,Dhanbad,6208
Beach Balihari Ground,23.7536877,86.3756867,4.5,"point_of_interest, establishment",beaches,Jharkhand,Summer,Dhanbad,2
City Park,23.6533581,86.1549896,4,"tourist_attraction, park, point_of_interest, establishment",beaches,Jharkhand,Summer,Dhanbad,8928
THE LIFE LINE HOSPITAL,23.8318622,86.5211595,4.3,"hospital, health, point_of_interest, establishment",beaches,Jharkhand,Summer,Dhanbad,11
INOX,23.8290143,86.4332672,4.4,"movie_theater, point_of_interest, establishment",beaches,Jharkhand,Summer,Dhanbad,2560
INOX dhanbad,23.8210229,86.46981269999999,4.2,"movie_theater, point_of_interest, establishment",beaches,Jharkhand,Summer,Dhanbad,7931
V-Mart - Chaas,23.637314,86.16311100000001,4.6,"clothing_store, convenience_store, department_store, store, point_of_interest, food, establishment",beaches,Jharkhand,Summer,Dhanbad,8245
Jawaharlal Nehru Biological Park,23.6805622,86.1533331,3.7,"zoo, tourist_attraction, park, point_of_interest, establishment",zoo,Jharkhand,Winter,Dhanbad,3467
Exploring Nature Call of The Wild Animals & Safari Park,23.677938,86.16110119999999,5,"zoo, travel_agency, park, point_of_interest, establishment",zoo,Jharkhand,Winter,Dhanbad,11
Birsa Munda Park,23.8306392,86.4155435,3.8,"park, tourist_attraction, point_of_interest, establishment",zoo,Jharkhand,Winter,Dhanbad,6208
Nehru Park,23.7710995,86.37155249999999,3.8,"park, point_of_interest, establishment",zoo,Jharkhand,Winter,Dhanbad,800
Botanical Garden,23.815791,86.4275882,4.1,"park, point_of_interest, establishment",zoo,Jharkhand,Winter,Dhanbad,11
Barmasia Park,23.7848045,86.44238899999999,3.8,"park, tourist_attraction, point_of_interest, establishment",zoo,Jharkhand,Winter,Dhanbad,649
FRIENDS PARK,23.7653602,86.4349436,4.3,"park, point_of_interest, establishment",zoo,Jharkhand,Winter,Dhanbad,11
City Park,23.6533581,86.1549896,4,"tourist_attraction, park, point_of_interest, establishment",zoo,Jharkhand,Winter,Dhanbad,8928
Park,23.6783035,86.1536898,4.3,"park, point_of_interest, establishment",zoo,Jharkhand,Winter,Dhanbad,103
Rajendra Sarovar Park,23.7999936,86.43100779999999,4.2,"park, point_of_interest, establishment",zoo,Jharkhand,Winter,Dhanbad,1031
Petrified Wood,23.8137492,86.44121729999999,4.5,"tourist_attraction, point_of_interest, establishment",zoo,Jharkhand,Winter,Dhanbad,771
"The ""ZOO"" Pet Shop",23.6211581,86.16894889999999,4.6,"pet_store, store, point_of_interest, establishment",zoo,Jharkhand,Winter,Dhanbad,15
Zoo Abandoned Veterinary Hospital,23.6831905,86.1551648,4.6,"veterinary_care, pharmacy, health, store, point_of_interest, establishment",zoo,Jharkhand,Winter,Dhanbad,5
Children Park,23.7956531,86.4303858,3.3,"park, point_of_interest, establishment",zoo,Jharkhand,Winter,Dhanbad,7
Bekarbandh Park,23.8003433,86.42921100000001,4.2,"park, point_of_interest, establishment",zoo,Jharkhand,Winter,Dhanbad,835
Shakti Mandir,23.7826919,86.4203928,4.7,"hindu_temple, tourist_attraction, place_of_worship, point_of_interest, establishment",zoo,Jharkhand,Winter,Dhanbad,5092
sector 4,23.7797864,86.26668049999999,4.7,"park, point_of_interest, establishment",zoo,Jharkhand,Winter,Dhanbad,3
Quince Amrut Park,23.6361787,86.1828047,4,"park, point_of_interest, establishment",zoo,Jharkhand,Winter,Dhanbad,1
Temple,23.8112537,86.440015,4.5,"hindu_temple, place_of_worship, point_of_interest, establishment",temples,Jharkhand,All Seasons,Dhanbad,14
Shree Radha Krishna Temple,23.7801704,86.41445949999999,4.4,"hindu_temple, place_of_worship, point_of_interest, establishment",temples,Jharkhand,All Seasons,Dhanbad,18
"Shiv Temple , Simaldih",23.7977461,86.4506121,4.1,"hindu_temple, place_of_worship, point_of_interest, establishment",temples,Jharkhand,All Seasons,Dhanbad,35
temple,23.6951355,86.14800029999999,5,"hindu_temple, place_of_worship, point_of_interest, establishment",temples,Jharkhand,All Seasons,Dhanbad,1
Ganesh Temple,23.8116479,86.4396115,4.5,"hindu_temple, place_of_worship, point_of_interest, establishment",temples,Jharkhand,All Seasons,Dhanbad,11
Maa Tara Temple,23.8064138,86.43623149999999,4.6,"hindu_temple, place_of_worship, point_of_interest, establishment",temples,Jharkhand,All Seasons,Dhanbad,94
Temple,23.6846274,86.17686379999999,3.8,"hindu_temple, place_of_worship, point_of_interest, establishment",temples,Jharkhand,All Seasons,Dhanbad,4
Shiv Temple,23.8273838,86.4266537,4,"hindu_temple, place_of_worship, point_of_interest, establishment",temples,Jharkhand,All Seasons,Dhanbad,11
"Kali Temple - Bokaro District, Jharkhand, India",23.6507853,86.14166519999999,4.6,"hindu_temple, place_of_worship, point_of_interest, establishment",temples,Jharkhand,All Seasons,Dhanbad,67
Lord Shiva temple,23.7781588,86.4374217,4.8,"hindu_temple, tourist_attraction, place_of_worship, point_of_interest, establishment",temples,Jharkhand,All Seasons,Dhanbad,12
Anand Dham Temple Kurmidih,23.8358389,86.4289409,4.7,"hindu_temple, place_of_worship, point_of_interest, establishment",temples,Jharkhand,All Seasons,Dhanbad,21
Shiv Temple Kunji,23.7309784,86.2179872,4.8,"hindu_temple, place_of_worship, point_of_interest, establishment",temples,Jharkhand,All Seasons,Dhanbad,16
Shiv Temple,23.7581796,86.4470405,4.7,"hindu_temple, place_of_worship, point_of_interest, establishment",temples,Jharkhand,All Seasons,Dhanbad,11
Shiva Parvati And Hanuman Temple,23.7931717,86.4282473,4.1,"hindu_temple, place_of_worship, point_of_interest, establishment",temples,Jharkhand,All Seasons,Dhanbad,29
Hanuman Temple,23.6940628,86.1451946,4.3,"hindu_temple, place_of_worship, point_of_interest, establishment",temples,Jharkhand,All Seasons,Dhanbad,47
Shiv Temple,23.7812327,86.44099020000002,3.9,"hindu_temple, place_of_worship, point_of_interest, establishment",temples,Jharkhand,All Seasons,Dhanbad,19
Hanuman temple,23.8115124,86.4493845,5,"hindu_temple, place_of_worship, point_of_interest, establishment",temples,Jharkhand,All Seasons,Dhanbad,1
Sri SriViswakarma Temple,23.8176338,86.4514203,5,"hindu_temple, place_of_worship, point_of_interest, establishment",temples,Jharkhand,All Seasons,Dhanbad,3
New Shiv Mandir,23.780891,86.43870849999999,4.4,"hindu_temple, place_of_worship, point_of_interest, establishment",temples,Jharkhand,All Seasons,Dhanbad,11
Mahavir Temple,23.7973503,86.441718,4.3,"hindu_temple, place_of_worship, point_of_interest, establishment",temples,Jharkhand,All Seasons,Dhanbad,40
Maa Karunamayi Temple - Bokaro Steel City,23.6557942,86.1793915,4.3,"hindu_temple, place_of_worship, point_of_interest, establishment",temples,Jharkhand,All Seasons,Dhanbad,43
Shiv Mandir,23.7713588,86.3033197,4.7,"hindu_temple, place_of_worship, point_of_interest, establishment",temples,Jharkhand,All Seasons,Dhanbad,3
"Shiv Temple ,Kramdaha",23.9879074,86.5733056,4,"hindu_temple, place_of_worship, point_of_interest, establishment",temples,Jharkhand,All Seasons,Dhanbad,66
Lord Shiv Temple,23.6934695,86.17438279999999,4.7,"hindu_temple, place_of_worship, point_of_interest, establishment",temples,Jharkhand,All Seasons,Dhanbad,3
Kali Temple And Hanuman Temple,23.8063903,86.41476,4.6,"hindu_temple, place_of_worship, point_of_interest, establishment",temples,Jharkhand,All Seasons,Dhanbad,31
Shiv Mandir & Durga Mandap.,23.8146581,86.4631751,4.5,"hindu_temple, place_of_worship, point_of_interest, establishment",temples,Jharkhand,All Seasons,Dhanbad,35
Amchatar Manasa Temple,23.5731235,86.42563439999999,4.8,"hindu_temple, place_of_worship, point_of_interest, establishment",temples,Jharkhand,All Seasons,Dhanbad,5
Shiv Mandir,23.797994,86.43333299999999,5,"hindu_temple, place_of_worship, point_of_interest, establishment",temples,Jharkhand,All Seasons,Dhanbad,1
"PARTAND, BAJRANG BALI TEMPLE",23.593015,86.1865071,4.8,"hindu_temple, place_of_worship, point_of_interest, establishment",temples,Jharkhand,All Seasons,Dhanbad,15
Krishna Mandir,23.8050912,86.3968364,4.3,"hindu_temple, place_of_worship, point_of_interest, establishment",temples,Jharkhand,All Seasons,Dhanbad,17
Shiv Temple,23.8406169,86.42942080000002,4.4,"hindu_temple, place_of_worship, point_of_interest, establishment",temples,Jharkhand,All Seasons,Dhanbad,5
Sindurpur Paharchandi Temple,23.5482155,86.4557578,4.8,"hindu_temple, place_of_worship, point_of_interest, establishment",temples,Jharkhand,All Seasons,Dhanbad,6
"Shiv Mandir, New Murli Nagar",23.8070733,86.45951099999999,4.6,"hindu_temple, place_of_worship, point_of_interest, establishment",temples,Jharkhand,All Seasons,Dhanbad,7
Shitla Mata Temple,23.7731293,86.32574939999999,4.5,"hindu_temple, place_of_worship, point_of_interest, establishment",temples,Jharkhand,All Seasons,Dhanbad,24
Durga Temple,23.8206477,86.41548209999999,5,"hindu_temple, place_of_worship, point_of_interest, establishment",temples,Jharkhand,All Seasons,Dhanbad,2
Hanuman temple,23.6462335,86.1688181,4,"hindu_temple, place_of_worship, point_of_interest, establishment",temples,Jharkhand,All Seasons,Dhanbad,6
Hari Temple,23.7963375,86.4416459,4.5,"hindu_temple, place_of_worship, point_of_interest, establishment",temples,Jharkhand,All Seasons,Dhanbad,441
Shiv Mandir New Karmik Nagar,23.8150077,86.4471379,4.5,"hindu_temple, place_of_worship, point_of_interest, establishment",temples,Jharkhand,All Seasons,Dhanbad,2
hanuman mandir,23.8250133,86.4178036,4.8,"hindu_temple, place_of_worship, point_of_interest, establishment",temples,Jharkhand,All Seasons,Dhanbad,11
SHIV MANDIR,23.8581273,86.36131139999999,4.5,"hindu_temple, place_of_worship, point_of_interest, establishment",temples,Jharkhand,All Seasons,Dhanbad,13
Maa Kali Temple,23.6363449,86.1717019,4.7,"hindu_temple, place_of_worship, point_of_interest, establishment",temples,Jharkhand,All Seasons,Dhanbad,11
Shiv Temple,23.8262322,86.4139332,5,"hindu_temple, place_of_worship, point_of_interest, establishment",temples,Jharkhand,All Seasons,Dhanbad,4
Hari Mandir,23.7781203,86.44271409999999,4.4,"hindu_temple, place_of_worship, point_of_interest, establishment",temples,Jharkhand,All Seasons,Dhanbad,9
Telkupi Jain Temple,23.6580778,86.6001599,4.6,"place_of_worship, point_of_interest, establishment",temples,Jharkhand,All Seasons,Dhanbad,95
Hanuman Mandir,23.7014924,86.3182661,5,"hindu_temple, place_of_worship, point_of_interest, establishment",temples,Jharkhand,All Seasons,Dhanbad,1
Hanuman Mandir,23.8130977,86.35755549999999,4.7,"hindu_temple, place_of_worship, point_of_interest, establishment",temples,Jharkhand,All Seasons,Dhanbad,6
Shiv Mandir,23.814494,86.2404238,4.1,"hindu_temple, place_of_worship, point_of_interest, establishment",temples,Jharkhand,All Seasons,Dhanbad,12
Jalaram Temple,23.7845393,86.4146712,4.5,"hindu_temple, place_of_worship, point_of_interest, establishment",temples,Jharkhand,All Seasons,Dhanbad,59
Barda Kali Temple,23.5493993,86.5942287,4.8,"hindu_temple, place_of_worship, point_of_interest, establishment",temples,Jharkhand,All Seasons,Dhanbad,4
Bholenath Mandir,23.7768324,86.4508838,4.8,"hindu_temple, place_of_worship, point_of_interest, establishment",temples,Jharkhand,All Seasons,Dhanbad,9
Maa Kali Temple,23.7392672,86.4140321,4.4,"hindu_temple, place_of_worship, point_of_interest, establishment",temples,Jharkhand,All Seasons,Dhanbad,24
Surya Mandir,23.8283604,86.42667229999999,5,"hindu_temple, place_of_worship, point_of_interest, establishment",temples,Jharkhand,All Seasons,Dhanbad,1
Shiv Mandir,23.8041094,86.3827203,4.3,"hindu_temple, place_of_worship, point_of_interest, establishment",temples,Jharkhand,All Seasons,Dhanbad,4
Simatand Shiv Temple,23.6723964,86.505791,4.1,"hindu_temple, place_of_worship, point_of_interest, establishment",temples,Jharkhand,All Seasons,Dhanbad,15
Durga Mandir SSLNT,23.8006645,86.43609029999999,4,"hindu_temple, place_of_worship, point_of_interest, establishment",temples,Jharkhand,All Seasons,Dhanbad,1
Bholenath Mandir,23.7020803,86.3748255,5,"hindu_temple, place_of_worship, point_of_interest, establishment",temples,Jharkhand,All Seasons,Dhanbad,1
BholeBaba Dubbera Temple,23.7032318,86.2611542,5,"hindu_temple, place_of_worship, point_of_interest, establishment",temples,Jharkhand,All Seasons,Dhanbad,1
Gayatri Temple,23.7618054,86.4114549,4.5,"hindu_temple, place_of_worship, point_of_interest, establishment",temples,Jharkhand,All Seasons,Dhanbad,121
Maa Kaali Temple,23.6265371,86.2652026,5,"hindu_temple, place_of_worship, point_of_interest, establishment",temples,Jharkhand,All Seasons,Dhanbad,2
Daninath Shiv Temple,23.8038106,86.4235734,4.3,"hindu_temple, place_of_worship, point_of_interest, establishment",temples,Jharkhand,All Seasons,Dhanbad,28
Parasnath Parvat,23.9421629,86.1853474,4.6,"place_of_worship, point_of_interest, establishment",hills,Jharkhand,Winter,Dhanbad,1249
Jamuntand hill,23.8880461,86.1557098,4.8,"park, point_of_interest, establishment",hills,Jharkhand,Winter,Dhanbad,4
Raghunathpur Hill,23.8786312,86.1864803,0,"park, point_of_interest, establishment",hills,Jharkhand,Winter,Dhanbad,0
Shri Sammed Shikharji,23.9611072,86.1369431,4.8,"hindu_temple, tourist_attraction, place_of_worship, point_of_interest, establishment",hills,Jharkhand,Winter,Dhanbad,3484
HILL VIEW,23.7903963,86.44534019999999,3.9,"point_of_interest, establishment",hills,Jharkhand,Winter,Dhanbad,10
Hill View,23.8162676,86.4814841,4,"lodging, point_of_interest, establishment",hills,Jharkhand,Winter,Dhanbad,23
Paharigora Hill,23.5523448,86.46059489999999,4.5,"tourist_attraction, point_of_interest, establishment",hills,Jharkhand,Winter,Dhanbad,12
Hotel hill top,23.7943499,86.42543719999999,3.3,"lodging, point_of_interest, establishment",hills,Jharkhand,Winter,Dhanbad,255
Parasnath Hill,23.9649036,86.1446493,4.8,"place_of_worship, point_of_interest, establishment",hills,Jharkhand,Winter,Dhanbad,4
Kako Hill School,23.8541043,86.3175471,3.9,"school, point_of_interest, establishment",hills,Jharkhand,Winter,Dhanbad,34
Kali Hill,23.5275384,86.66783780000002,4.8,"tourist_attraction, point_of_interest, establishment",hills,Jharkhand,Winter,Dhanbad,26
Hill Colony,23.7907186,86.43348139999999,4.4,"point_of_interest, establishment",hills,Jharkhand,Winter,Dhanbad,5
DOWN HILL,23.8185037,86.4825065,4.7,"park, point_of_interest, establishment",hills,Jharkhand,Winter,Dhanbad,3
"Kalikund Dham, Parsanath Hill Madhuban",24.0101271,86.1485015,4.8,"place_of_worship, point_of_interest, establishment",hills,Jharkhand,Winter,Dhanbad,38
The Hidden hill,23.6237206,86.146133,4.3,"park, point_of_interest, establishment",hills,Jharkhand,Winter,Dhanbad,8
"Damodar Hill Public School,Telmacho",23.7372279,86.20734560000001,4.4,"school, point_of_interest, establishment",hills,Jharkhand,Winter,Dhanbad,17
Hill City,23.6210967,86.1408715,4.6,"point_of_interest, establishment",hills,Jharkhand,Winter,Dhanbad,9
Tiger hill hotel and restaurant,23.7859853,86.26002179999999,4.3,"restaurant, food, point_of_interest, establishment",hills,Jharkhand,Winter,Dhanbad,4
Deoghar Tila Hill,23.7599167,86.26542330000001,4,"park, point_of_interest, establishment",hills,Jharkhand,Winter,Dhanbad,1
Khelay Chandi Hill,23.7423049,86.6242482,4.7,"tourist_attraction, point_of_interest, establishment",hills,Jharkhand,Winter,Dhanbad,9
Parasnath Mountain,23.9447143,86.1382399,4.7,"natural_feature, establishment",hills,Jharkhand,Winter,Dhanbad,663
Beauty of Nature Parshnath Hill,23.9649036,86.1446493,0,"tourist_attraction, point_of_interest, establishment",hills,Jharkhand,Winter,Dhanbad,0
Joychandi Hill,23.5245335,86.6656357,4.5,"tourist_attraction, point_of_interest, establishment",hills,Jharkhand,Winter,Dhanbad,915
Hill top lewabad,23.7910726,86.34514229999999,0,"point_of_interest, establishment",hills,Jharkhand,Winter,Dhanbad,0
Hill street,23.8702222,86.1520657,0,"point_of_interest, establishment",hills,Jharkhand,Winter,Dhanbad,0
Dharampur hills,23.8597185,86.7078241,1.7,"tourist_attraction, point_of_interest, establishment",hills,Jharkhand,Winter,Dhanbad,6
Sita Hill,23.5261329,86.658102,4.3,"tourist_attraction, point_of_interest, establishment",hills,Jharkhand,Winter,Dhanbad,4
Kankarchhuri Hill,23.9173459,86.3279546,5,"park, point_of_interest, establishment",hills,Jharkhand,Winter,Dhanbad,1
Basudevpur hill,23.7778025,86.36946689999999,3,"park, point_of_interest, establishment",hills,Jharkhand,Winter,Dhanbad,2
Hill Forest explored by Aditya,23.8942246,86.56602409999999,5,"park, point_of_interest, establishment",hills,Jharkhand,Winter,Dhanbad,1
Parasnath Hill,23.9649036,86.1446493,No rating,"locality, political",hills,Jharkhand,Winter,Dhanbad,0
AK hill,23.7894954,86.4681627,5,"lodging, point_of_interest, establishment",hills,Jharkhand,Winter,Dhanbad,1
Dhangi hill,23.8051551,86.5010976,4,"park, point_of_interest, establishment",hills,Jharkhand,Winter,Dhanbad,5
Mahamaya Hill View,23.5992451,86.6441394,5,"tourist_attraction, point_of_interest, establishment",hills,Jharkhand,Winter,Dhanbad,1
Srirampur hill,23.8709558,86.2365044,5,"point_of_interest, establishment",hills,Jharkhand,Winter,Dhanbad,2
Saraidaha Hill,23.9065188,86.32262039999999,0,"park, point_of_interest, establishment",hills,Jharkhand,Winter,Dhanbad,0
Friends hill,23.7656852,86.42958689999999,5,"park, point_of_interest, establishment",hills,Jharkhand,Winter,Dhanbad,1
Nowada Hill,23.9532727,86.3220863,0,"park, point_of_interest, establishment",hills,Jharkhand,Winter,Dhanbad,0
SENARA HILL (সেনারা পাহাড়),23.5683126,86.7256615,4.2,"tourist_attraction, point_of_interest, establishment",hills,Jharkhand,Winter,Dhanbad,6
Machhaidaha Hill,23.9012047,86.1552616,1,"park, point_of_interest, establishment",hills,Jharkhand,Winter,Dhanbad,1
Hill View Fuels,23.8527025,86.3156557,3.7,"gas_station, point_of_interest, establishment",hills,Jharkhand,Winter,Dhanbad,3
Shri Kunthunath Bhagwan Tonk (2),23.9613298,86.1365431,4.8,"place_of_worship, point_of_interest, establishment",hills,Jharkhand,Winter,Dhanbad,15
Triveni Hill,23.8220263,86.4801588,4.4,"point_of_interest, establishment",hills,Jharkhand,Winter,Dhanbad,5
Rangamati hill,23.8607333,86.70628490000001,0,"place_of_worship, point_of_interest, establishment",hills,Jharkhand,Winter,Dhanbad,0
Sammed Shikharji Jain Tirth,24.004407,86.1476338,4.9,"place_of_worship, point_of_interest, establishment",hills,Jharkhand,Winter,Dhanbad,108
Vimal Bhawan,24.0073923,86.14935129999999,4.1,"lodging, point_of_interest, establishment",hills,Jharkhand,Winter,Dhanbad,54
10th tonk of Shri Munisuvrat Nath Bhagwan,23.9604681,86.14036639999999,4.8,"place_of_worship, point_of_interest, establishment",hills,Jharkhand,Winter,Dhanbad,5
Vaidik Hills,23.8185542,86.4986893,4.7,"lodging, point_of_interest, establishment",hills,Jharkhand,Winter,Dhanbad,47
Topchanchi Waterfall,23.9271353,86.1708596,4.3,"tourist_attraction, point_of_interest, establishment",hills,Jharkhand,Winter,Dhanbad,98
Joychandi Pahar,23.5245903,86.66754040000001,4.5,"park, point_of_interest, establishment",hills,Jharkhand,Winter,Dhanbad,31
Topchanchi Dam,23.9203568,86.1802175,4.3,"tourist_attraction, point_of_interest, establishment",hills,Jharkhand,Winter,Dhanbad,446
hotel sky hill,23.8669031,86.5302703,0,"restaurant, food, point_of_interest, establishment",hills,Jharkhand,Winter,Dhanbad,0
Temple No. 1,23.9630239,86.1346624,4.7,"place_of_worship, point_of_interest, establishment",hills,Jharkhand,Winter,Dhanbad,7
Nalanda cottages- Hill View,23.8036054,86.482599,0,"point_of_interest, establishment",hills,Jharkhand,Winter,Dhanbad,0
Topchanchi Jheel Sitting area,23.9236107,86.1872246,4.2,"park, point_of_interest, establishment",hills,Jharkhand,Winter,Dhanbad,30
Aqua hill Pani plant,23.7715632,86.2400222,0,"point_of_interest, establishment",hills,Jharkhand,Winter,Dhanbad,0
Aqua hill Pani plant,23.7715632,86.2400222,0,"point_of_interest, establishment",hills,Jharkhand,Winter,Dhanbad,0
Jyochandi Pahar,23.5246129,86.66602569999999,4.5,"natural_feature, establishment",hills,Jharkhand,Winter,Dhanbad,1354
15th Swayamprabha Tonk of Shri Anantnath Prabhu (14th Tirthankar),23.9601049,86.14064019999999,4.9,"place_of_worship, point_of_interest, establishment",hills,Jharkhand,Winter,Dhanbad,16
Sita fall,23.7172536,86.2951592,4.1,"tourist_attraction, point_of_interest, establishment",attraction,Jharkhand,All Seasons,Dhanbad,153
Bhatinda water falls,23.7107875,86.3317344,4.2,"tourist_attraction, park, point_of_interest, establishment",attraction,Jharkhand,All Seasons,Dhanbad,1707
Topchanchi Dam,23.9203568,86.1802175,4.3,"tourist_attraction, point_of_interest, establishment",attraction,Jharkhand,All Seasons,Dhanbad,446
Bhatinda water fall Road,23.7169638,86.32795089999999,4,"tourist_attraction, point_of_interest, establishment",attraction,Jharkhand,All Seasons,Dhanbad,93
Lal banglow Damodar valley,23.7051972,86.37454729999999,4.2,"tourist_attraction, point_of_interest, establishment",attraction,Jharkhand,All Seasons,Dhanbad,71
Petrified Wood,23.8137492,86.44121729999999,4.5,"tourist_attraction, point_of_interest, establishment",attraction,Jharkhand,All Seasons,Dhanbad,771
Kali pahar view point,23.5291888,86.66619220000001,4.8,"tourist_attraction, point_of_interest, establishment",attraction,Jharkhand,All Seasons,Dhanbad,4
Maricho Waterfall TRILOKINATH,23.9452935,86.36798259999999,3.9,"tourist_attraction, point_of_interest, establishment",attraction,Jharkhand,All Seasons,Dhanbad,19
Khelay Chandi Hill,23.7423049,86.6242482,4.7,"tourist_attraction, point_of_interest, establishment",attraction,Jharkhand,All Seasons,Dhanbad,9
Forest Dam,23.9314649,86.24007870000001,4,"tourist_attraction, point_of_interest, establishment",attraction,Jharkhand,All Seasons,Dhanbad,1
Topchanchi Lake Barrage,23.920124,86.180886,4,"tourist_attraction, point_of_interest, establishment",attraction,Jharkhand,All Seasons,Dhanbad,165
TELKUPI TOURIST SPOT,23.6520932,86.5894241,4.3,"tourist_attraction, point_of_interest, establishment",attraction,Jharkhand,All Seasons,Dhanbad,7
Cooling pond centre,23.6787675,86.1349905,4.1,"tourist_attraction, point_of_interest, establishment",attraction,Jharkhand,All Seasons,Dhanbad,75
The Way Of Heaven,23.8686364,86.3323099,4.8,"tourist_attraction, point_of_interest, establishment",attraction,Jharkhand,All Seasons,Dhanbad,10
Bada bumpher,23.6976896,86.5359512,4.8,"tourist_attraction, point_of_interest, establishment",attraction,Jharkhand,All Seasons,Dhanbad,4
Kala pathar talab,23.7871037,86.46849999999999,5,"tourist_attraction, point_of_interest, establishment",attraction,Jharkhand,All Seasons,Dhanbad,6
Birsa Munda Park,23.8306392,86.4155435,3.8,"park, tourist_attraction, point_of_interest, establishment",attraction,Jharkhand,All Seasons,Dhanbad,6208
Gomoh view point(chaita road),23.854205,86.1543976,4.6,"tourist_attraction, point_of_interest, establishment",attraction,Jharkhand,All Seasons,Dhanbad,8
The Big Banyan Tree,23.7914846,86.4719289,3.8,"tourist_attraction, point_of_interest, establishment",attraction,Jharkhand,All Seasons,Dhanbad,60
SURANGA TALAB,23.7123661,86.45665330000001,3.4,"tourist_attraction, point_of_interest, establishment",attraction,Jharkhand,All Seasons,Dhanbad,5
Sita Hill,23.5261329,86.658102,4.3,"tourist_attraction, point_of_interest, establishment",attraction,Jharkhand,All Seasons,Dhanbad,4
Jain Museum,24.0078112,86.1485793,4.4,"museum, tourist_attraction, point_of_interest, establishment",attraction,Jharkhand,All Seasons,Dhanbad,534
Raja Talab,23.823355,86.46764979999999,4,"tourist_attraction, point_of_interest, establishment",attraction,Jharkhand,All Seasons,Dhanbad,11
Sunset Point Damodarpur,23.7894776,86.4681674,3.5,"tourist_attraction, point_of_interest, establishment",attraction,Jharkhand,All Seasons,Dhanbad,4
Wild Waadi Park ( Dhanbad ),23.8313822,86.4147204,3.2,"tourist_attraction, point_of_interest, establishment",attraction,Jharkhand,All Seasons,Dhanbad,5
Scrap Tyre Elephant Structure,23.8026796,86.4344648,4.9,"tourist_attraction, point_of_interest, establishment",attraction,Jharkhand,All Seasons,Dhanbad,8
Hidden Waterfall,23.9258653,86.1721585,0,"tourist_attraction, point_of_interest, establishment",attraction,Jharkhand,All Seasons,Dhanbad,0
Barki pond,23.7279682,86.30103330000001,4,"tourist_attraction, point_of_interest, establishment",attraction,Jharkhand,All Seasons,Dhanbad,1
ADI GRAM ECO TOURISM,23.9351566,86.51655079999999,3.7,"tourist_attraction, point_of_interest, establishment",attraction,Jharkhand,All Seasons,Dhanbad,7
Usri Barakar Sangam,24.0593321,86.3733792,4.5,"tourist_attraction, point_of_interest, establishment",attraction,Jharkhand,All Seasons,Dhanbad,8
Dulamb Lake,23.6189817,86.1380233,3.7,"tourist_attraction, point_of_interest, establishment",attraction,Jharkhand,All Seasons,Dhanbad,3
"Karamdaha, Barakar river",23.9853952,86.5746987,3.9,"tourist_attraction, point_of_interest, establishment",attraction,Jharkhand,All Seasons,Dhanbad,50
Paharigora Hill,23.5523448,86.46059489999999,4.5,"tourist_attraction, point_of_interest, establishment",attraction,Jharkhand,All Seasons,Dhanbad,12
LOHAPATTI WATERFALL [ Lohpiti ],23.7404681,86.1886651,4.3,"tourist_attraction, point_of_interest, establishment",attraction,Jharkhand,All Seasons,Dhanbad,10
Pabra Dam Selfie Point,23.6160735,86.628642,5,"tourist_attraction, point_of_interest, establishment",attraction,Jharkhand,All Seasons,Dhanbad,4
Futlahi bandh,23.8705989,86.212684,0,"tourist_attraction, point_of_interest, establishment",attraction,Jharkhand,All Seasons,Dhanbad,0
Kheshmi lake,23.875463,86.168216,0,"tourist_attraction, point_of_interest, establishment",attraction,Jharkhand,All Seasons,Dhanbad,0
Check dam (Joriya),23.7671841,86.5417411,4.6,"tourist_attraction, point_of_interest, establishment",attraction,Jharkhand,All Seasons,Dhanbad,12
Tarni Picnic Spot,23.974534,86.6704834,4.8,"tourist_attraction, point_of_interest, establishment",attraction,Jharkhand,All Seasons,Dhanbad,6
Mangal niwas,23.6560865,86.1895613,5,"tourist_attraction, point_of_interest, establishment",attraction,Jharkhand,All Seasons,Dhanbad,1
Badhna nirsa dhanbad,23.8052534,86.6942571,4.3,"tourist_attraction, point_of_interest, establishment",attraction,Jharkhand,All Seasons,Dhanbad,6
Horror House,23.8210016,86.4696627,3,"tourist_attraction, point_of_interest, establishment",attraction,Jharkhand,All Seasons,Dhanbad,7
Patrakuli Picnic Spot,23.7529477,86.2937144,2.9,"tourist_attraction, point_of_interest, establishment",attraction,Jharkhand,All Seasons,Dhanbad,8
City Park,23.6533581,86.1549896,4,"tourist_attraction, park, point_of_interest, establishment",attraction,Jharkhand,All Seasons,Dhanbad,8928
Sarhar baba mndir,23.5343795,86.6686635,0,"tourist_attraction, point_of_interest, establishment",attraction,Jharkhand,All Seasons,Dhanbad,0
Gram devta,23.7739375,86.40006249999999,0,"tourist_attraction, point_of_interest, establishment",attraction,Jharkhand,All Seasons,Dhanbad,0
Pabra Dam,23.6068993,86.6311964,4.3,"tourist_attraction, point_of_interest, establishment",attraction,Jharkhand,All Seasons,Dhanbad,26
Topchanchi Waterfall,23.9271353,86.1708596,4.3,"tourist_attraction, point_of_interest, establishment",attraction,Jharkhand,All Seasons,Dhanbad,98
Jawaharlal Nehru Biological Park,23.6805622,86.1533331,3.7,"zoo, tourist_attraction, park, point_of_interest, establishment",attraction,Jharkhand,All Seasons,Dhanbad,3467
Topchanchi waterfall,23.9202682,86.1801347,3.7,"tourist_attraction, point_of_interest, establishment",attraction,Jharkhand,All Seasons,Dhanbad,12
Bir Birsa Sido Kanhu Chowk Gulitand,23.6865611,86.5248448,3.5,"tourist_attraction, point_of_interest, establishment",attraction,Jharkhand,All Seasons,Dhanbad,2
BANDA DAM,23.6034194,86.56076259999999,4.3,"tourist_attraction, point_of_interest, establishment",attraction,Jharkhand,All Seasons,Dhanbad,17
Kumari jungle,23.770733,86.4007407,0,"tourist_attraction, point_of_interest, establishment",attraction,Jharkhand,All Seasons,Dhanbad,0
Katras Palace,23.8136191,86.2996217,4.2,"tourist_attraction, point_of_interest, establishment",attraction,Jharkhand,All Seasons,Dhanbad,433
BHAGTUDIH BASTI Railway over Bridge,23.7484765,86.24851389999999,4.2,"tourist_attraction, point_of_interest, establishment",attraction,Jharkhand,All Seasons,Dhanbad,22
Hariharpur breeze,23.9567255,86.6072567,4.6,"tourist_attraction, point_of_interest, establishment",attraction,Jharkhand,All Seasons,Dhanbad,5
Dhanbad Municipal Corporation (Stand),23.8060134,86.4312518,3.8,"tourist_attraction, point_of_interest, establishment",attraction,Jharkhand,All Seasons,Dhanbad,180
MANDAL TALAV,23.8133713,86.4330445,0,"tourist_attraction, point_of_interest, establishment",attraction,Jharkhand,All Seasons,Dhanbad,0
Surya Mandir backside,23.6809083,86.1667882,5,"tourist_attraction, point_of_interest, establishment",attraction,Jharkhand,All Seasons,Dhanbad,1
Mahato saksham,23.7592398,86.36899629999999,0,"tourist_attraction, point_of_interest, establishment",attraction,Jharkhand,All Seasons,Dhanbad,0
Sristi Park Kurwa,24.2393032,87.2831855,3.8,"park, point_of_interest, establishment",parks,Jharkhand,Spring,Dumka,497
Sido Kanhu Park,24.2363423,87.2577792,3.7,"park, point_of_interest, establishment",parks,Jharkhand,Spring,Dumka,280
Children Park,24.2604947,87.2484331,3.7,"park, point_of_interest, establishment",parks,Jharkhand,Spring,Dumka,256
Agro Technology Park,24.2778562,87.261172,3.7,"park, point_of_interest, establishment",parks,Jharkhand,Spring,Dumka,50
Agriculture park,24.2783366,87.25949039999999,4.1,"park, point_of_interest, establishment",parks,Jharkhand,Spring,Dumka,7
Chandubathan Forest and park,24.504681,87.0593182,3.6,"park, point_of_interest, establishment",parks,Jharkhand,Spring,Dumka,7
কালিতলা ও মেলা তলা,24.092024,87.51477109999999,4.8,"park, point_of_interest, establishment",parks,Jharkhand,Spring,Dumka,5
शु हाउस कुरुवा,24.2376988,87.2828291,3.6,"park, point_of_interest, establishment",parks,Jharkhand,Spring,Dumka,13
Nakti Park,24.3022618,87.26809639999999,4.2,"park, point_of_interest, establishment",parks,Jharkhand,Spring,Dumka,10
raghuwadih garsara,24.2341829,86.9794756,3.9,"park, point_of_interest, establishment",parks,Jharkhand,Spring,Dumka,9
"Banbad Park, Banbad, Sapchala, Dalahi, Masalia, Dumka, Jharkhand, 814167, India",24.1065685,87.1278138,0,"park, point_of_interest, establishment",parks,Jharkhand,Spring,Dumka,0
Domohani tree park,24.2759966,87.39547379999999,5,"park, point_of_interest, establishment",parks,Jharkhand,Spring,Dumka,1
Rashikpur Outdoor Park,24.2838198,87.25776309999999,4.5,"park, point_of_interest, establishment",parks,Jharkhand,Spring,Dumka,2
Eco Creative Club (Krishti Point),24.30044,87.2675904,4.8,"park, point_of_interest, establishment",parks,Jharkhand,Spring,Dumka,13
Garden,24.2521601,87.2518388,3.6,"park, point_of_interest, establishment",parks,Jharkhand,Spring,Dumka,11
Children park,24.4504209,86.97458759999999,5,"park, point_of_interest, establishment",parks,Jharkhand,Spring,Dumka,1
Jetrofa Park,24.4550941,87.11980369999999,4.3,"park, point_of_interest, establishment",parks,Jharkhand,Spring,Dumka,3
Dumka Park,24.2516875,87.2520625,4.2,"park, point_of_interest, establishment",parks,Jharkhand,Spring,Dumka,195
River View Point,24.2875329,87.2187491,4.8,"park, point_of_interest, establishment",parks,Jharkhand,Spring,Dumka,12
Dumur Pukur,23.9982614,87.42294869999999,5,"park, point_of_interest, establishment",parks,Jharkhand,Spring,Dumka,1
MR VERMA,24.2766974,87.2391935,5,"park, point_of_interest, establishment",parks,Jharkhand,Spring,Dumka,1
Prakritir Abha Organic Initiative LLP,24.0608692,87.5016675,4.7,"park, point_of_interest, establishment",parks,Jharkhand,Spring,Dumka,22
Gadya Ghutu Boy's Place,24.3195028,87.1834549,4.9,"park, point_of_interest, establishment",parks,Jharkhand,Spring,Dumka,14
Rashikpur telipara,24.2847055,87.25444689999999,4.3,"park, point_of_interest, establishment",parks,Jharkhand,Spring,Dumka,3
Palasi hill,24.3787892,87.06914119999999,5,"park, point_of_interest, establishment",parks,Jharkhand,Spring,Dumka,1
Kurwa Pahad,24.2377789,87.28275959999999,3.8,"park, point_of_interest, establishment",parks,Jharkhand,Spring,Dumka,25
Rehan Tree Ground,24.1932626,86.9864108,0,"park, point_of_interest, establishment",parks,Jharkhand,Spring,Dumka,0
Durga Mandir,24.5040755,87.0568268,4,"park, point_of_interest, establishment",parks,Jharkhand,Spring,Dumka,4
Devdwar hill,24.3757007,87.1840395,3,"park, point_of_interest, establishment",parks,Jharkhand,Spring,Dumka,2
Junior Jetrofa Park,24.453541,87.12406070000002,0,"park, point_of_interest, establishment",parks,Jharkhand,Spring,Dumka,0
Nehru park dumka,24.2607738,87.2482608,0,"park, point_of_interest, establishment",parks,Jharkhand,Spring,Dumka,0
Adda MA,24.01222,87.0155399,5,"park, point_of_interest, establishment",parks,Jharkhand,Spring,Dumka,1
Nature View point,24.401555,87.12939,5,"park, point_of_interest, establishment",parks,Jharkhand,Spring,Dumka,1
Phoolo Jhano Kala Manch,24.2597305,87.2226654,5,"park, point_of_interest, establishment",parks,Jharkhand,Spring,Dumka,1
Recreation Park,24.1065818,87.3101351,4,"park, point_of_interest, establishment",parks,Jharkhand,Spring,Dumka,87
Lakra pahar,24.531176,87.0695076,3,"park, point_of_interest, establishment",parks,Jharkhand,Spring,Dumka,2
Shakeel farm 2,24.2339763,86.99960689999999,5,"park, point_of_interest, establishment",parks,Jharkhand,Spring,Dumka,1
Albin Hansda Home,24.1728981,87.113931,1,"park, point_of_interest, establishment",parks,Jharkhand,Spring,Dumka,1
Ranibahal View point,24.0977617,87.3421414,5,"park, point_of_interest, establishment",parks,Jharkhand,Spring,Dumka,1
Matiyan hill,24.5146942,86.9571096,0,"park, point_of_interest, establishment",parks,Jharkhand,Spring,Dumka,0
Md Dildar,24.2999965,87.22450800000001,0,"park, point_of_interest, establishment",parks,Jharkhand,Spring,Dumka,0
Goat's area,24.1935761,86.9781727,0,"park, point_of_interest, establishment",parks,Jharkhand,Spring,Dumka,0
Hizla Pahar,24.2621211,87.22504889999999,4.4,"park, point_of_interest, establishment",parks,Jharkhand,Spring,Dumka,11
Massanjore Dam,24.1067705,87.3083697,4.4,"tourist_attraction, park, point_of_interest, establishment",parks,Jharkhand,Spring,Dumka,3848
Selfie park 🏞️,24.3468184,87.37206479999999,1,"park, point_of_interest, establishment",parks,Jharkhand,Spring,Dumka,2
Jaiv Vividhta Park,24.2520491,87.2518455,0,"park, point_of_interest, establishment",parks,Jharkhand,Spring,Dumka,0
Manohar mandal,24.251112,87.07116769999999,0,"park, point_of_interest, establishment",parks,Jharkhand,Spring,Dumka,0
Stone park nawadih (golu_gupta),24.2891875,86.9951875,0,"park, point_of_interest, establishment",parks,Jharkhand,Spring,Dumka,0
Plash jangal,24.2680802,87.2489236,0,"park, point_of_interest, establishment",parks,Jharkhand,Spring,Dumka,0
Pull bandha,24.13239,87.4411033,0,"park, point_of_interest, establishment",parks,Jharkhand,Spring,Dumka,0
Nakti Hill,24.3036918,87.26929799999999,4.8,"park, point_of_interest, establishment",parks,Jharkhand,Spring,Dumka,8
Ajay pal Singh house,24.349476,87.0149438,0,"park, point_of_interest, establishment",parks,Jharkhand,Spring,Dumka,0
Park pokhara,24.2353346,87.25773699999999,0,"park, point_of_interest, establishment",parks,Jharkhand,Spring,Dumka,0
Shubham Mango garden,24.4098478,87.0280554,1,"park, point_of_interest, establishment",parks,Jharkhand,Spring,Dumka,1
Niki Brijiya,24.2684794,87.24880879999999,0,"park, point_of_interest, establishment",parks,Jharkhand,Spring,Dumka,0
Kaerabani(Fatehpur) Hill,24.1330305,87.0048862,0,"park, point_of_interest, establishment",parks,Jharkhand,Spring,Dumka,0
Puchi's house,24.2867897,87.2479225,2,"park, point_of_interest, establishment",parks,Jharkhand,Spring,Dumka,1
Pahari (Dumri),23.9983254,87.3049439,0,"park, point_of_interest, establishment",parks,Jharkhand,Spring,Dumka,0
Sidpahari Hill,24.1684781,87.02851439999999,5,"park, point_of_interest, establishment",parks,Jharkhand,Spring,Dumka,2
Shakeel Farm 6,24.2358776,86.9975255,0,"park, point_of_interest, establishment",parks,Jharkhand,Spring,Dumka,0
"Durga Mandir,Gumro",24.1695706,87.00352529999999,4.3,"museum, point_of_interest, establishment",museum,Jharkhand,Winter,Dumka,16
Singhni bagrang bali mandir,24.3390846,87.049316,4.8,"museum, point_of_interest, establishment",museum,Jharkhand,Winter,Dumka,4
बोरतला चौक हकीकतपुर,24.0715502,87.38462899999999,0,"museum, point_of_interest, establishment",museum,Jharkhand,Winter,Dumka,0
Pharbad pokhar,24.0555382,87.4688429,0,"museum, point_of_interest, establishment",museum,Jharkhand,Winter,Dumka,0
JHARANA PAHAD MASALIA ( Natural Waterfall ),24.1513965,87.19929069999999,4.5,"tourist_attraction, point_of_interest, establishment",waterfalls,Jharkhand,Monsoon,Dumka,50
Water falls,24.1042616,87.3024709,4.2,"tourist_attraction, point_of_interest, establishment",waterfalls,Jharkhand,Monsoon,Dumka,44
Water falls,24.0583389,87.5073953,0,"park, point_of_interest, establishment",waterfalls,Jharkhand,Monsoon,Dumka,0
Waterfall,24.2410085,87.26877859999999,0,"tourist_attraction, point_of_interest, establishment",waterfalls,Jharkhand,Monsoon,Dumka,0
Nagir bagan,24.2658559,87.23406589999999,3.8,"tourist_attraction, point_of_interest, establishment",waterfalls,Jharkhand,Monsoon,Dumka,16
Gadya Ghutu Boy's Place,24.3195028,87.1834549,4.9,"park, point_of_interest, establishment",waterfalls,Jharkhand,Monsoon,Dumka,14
Khunta Bandh,24.2592448,87.2465019,4.3,"tourist_attraction, point_of_interest, establishment",waterfalls,Jharkhand,Monsoon,Dumka,45
Water Park Lakhikundi Dumka Jharkhand,24.2373753,87.25788519999999,3.3,"amusement_park, point_of_interest, establishment",waterfalls,Jharkhand,Monsoon,Dumka,22
Sona Jhuri Forest Beach,24.1756794,87.28475250000001,4.3,"tourist_attraction, point_of_interest, establishment",beaches,Jharkhand,Summer,Dumka,3
Tropical Beach,24.174019,87.283464,5,"tourist_attraction, point_of_interest, establishment",beaches,Jharkhand,Summer,Dumka,6
"Baski chowk, Dumka",24.1686854,87.2961677,4.4,"tourist_attraction, point_of_interest, establishment",beaches,Jharkhand,Summer,Dumka,114
Nakti Hill,24.3036918,87.26929799999999,4.8,"park, point_of_interest, establishment",zoo,Jharkhand,Winter,Dumka,8
Dumka Park,24.2516875,87.2520625,4.2,"park, point_of_interest, establishment",zoo,Jharkhand,Winter,Dumka,195
Water Park Lakhikundi Dumka Jharkhand,24.2373753,87.25788519999999,3.3,"amusement_park, point_of_interest, establishment",zoo,Jharkhand,Winter,Dumka,22
Daninath Temple,24.3918453,87.0563372,4.5,"hindu_temple, place_of_worship, point_of_interest, establishment",temples,Jharkhand,All Seasons,Dumka,35
Shiv Temple,24.259202,87.2392194,4.5,"hindu_temple, place_of_worship, point_of_interest, establishment",temples,Jharkhand,All Seasons,Dumka,170
Thakurbari temples Bandh Para,24.2699197,87.252561,4.4,"hindu_temple, place_of_worship, point_of_interest, establishment",temples,Jharkhand,All Seasons,Dumka,27
"Shiv Gopal, Temple",24.2782701,87.251125,4.5,"hindu_temple, place_of_worship, point_of_interest, establishment",temples,Jharkhand,All Seasons,Dumka,184
kumhar para shiv sundri road sani Temple,24.2747344,87.25338239999999,4.5,"hindu_temple, place_of_worship, point_of_interest, establishment",temples,Jharkhand,All Seasons,Dumka,36
Shiv Parwati Mandir And Hanumanji Temple,24.2839832,87.2592145,4.7,"hindu_temple, place_of_worship, point_of_interest, establishment",temples,Jharkhand,All Seasons,Dumka,36
Dwarbasini Mandir,24.0862262,87.5416123,4.4,"hindu_temple, place_of_worship, point_of_interest, establishment",temples,Jharkhand,All Seasons,Dumka,133
Gilaneshwar Mandir,24.2671149,87.24152459999999,4.6,"hindu_temple, place_of_worship, point_of_interest, establishment",temples,Jharkhand,All Seasons,Dumka,40
"Shri Dakshin Kali Temple, Gadsara",24.2366561,86.98521819999999,4.2,"hindu_temple, place_of_worship, point_of_interest, establishment",temples,Jharkhand,All Seasons,Dumka,10
"Maa Durga Temple, Babupur",24.0204501,87.1534957,4.4,"hindu_temple, place_of_worship, point_of_interest, establishment",temples,Jharkhand,All Seasons,Dumka,13
Hindu temple,24.3928926,87.08390059999999,5,"hindu_temple, place_of_worship, point_of_interest, establishment",temples,Jharkhand,All Seasons,Dumka,2
Bajrangbali Temple,24.4751616,87.2598732,5,"hindu_temple, place_of_worship, point_of_interest, establishment",temples,Jharkhand,All Seasons,Dumka,3
Gateway to Basukinath Temple,24.3887808,87.07870090000002,4.1,"hindu_temple, place_of_worship, point_of_interest, establishment",temples,Jharkhand,All Seasons,Dumka,12
Dharmasthan Temple,24.268215,87.2492552,4.6,"hindu_temple, place_of_worship, point_of_interest, establishment",temples,Jharkhand,All Seasons,Dumka,222
Durga Temple,24.2722867,87.2510505,4,"hindu_temple, place_of_worship, point_of_interest, establishment",temples,Jharkhand,All Seasons,Dumka,11
মা মনসা মন্দির (Ma Manasa Temple),24.077988,87.5288235,5,"hindu_temple, place_of_worship, point_of_interest, establishment",temples,Jharkhand,All Seasons,Dumka,4
Sai Temple,24.2750371,87.2417059,4.5,"hindu_temple, place_of_worship, point_of_interest, establishment",temples,Jharkhand,All Seasons,Dumka,4
Ranishwarnath Temple,24.0327941,87.4219711,4.6,"hindu_temple, place_of_worship, point_of_interest, establishment",temples,Jharkhand,All Seasons,Dumka,59
Chokthikra Maa Tara Temple,24.0073689,87.40469619999999,4.7,"hindu_temple, place_of_worship, point_of_interest, establishment",temples,Jharkhand,All Seasons,Dumka,24
Main Durga Mandir,24.1283087,87.44662489999999,4.9,"hindu_temple, place_of_worship, point_of_interest, establishment",temples,Jharkhand,All Seasons,Dumka,9
Gourango temple,24.0724225,87.391652,4.3,"hindu_temple, place_of_worship, point_of_interest, establishment",temples,Jharkhand,All Seasons,Dumka,3
PahariBABA BHOLE NATH TEMPLE,24.1543398,87.45802959999999,3.9,"hindu_temple, place_of_worship, point_of_interest, establishment",temples,Jharkhand,All Seasons,Dumka,8
Shiv mandir,24.1326491,87.07138270000002,4.8,"hindu_temple, place_of_worship, point_of_interest, establishment",temples,Jharkhand,All Seasons,Dumka,5
NEW HANUMAAN TEMPLE,24.2847067,87.22770159999999,4.9,"hindu_temple, place_of_worship, point_of_interest, establishment",temples,Jharkhand,All Seasons,Dumka,11
Hanuman hindu temple kunjbona,24.2966863,87.0197882,1,"hindu_temple, place_of_worship, point_of_interest, establishment",temples,Jharkhand,All Seasons,Dumka,1
Hanuman Mandir Nagdih,24.2792036,87.2565418,5,"hindu_temple, place_of_worship, point_of_interest, establishment",temples,Jharkhand,All Seasons,Dumka,1
TriPurari Temple,24.2965332,87.25027829999999,4.7,"hindu_temple, place_of_worship, point_of_interest, establishment",temples,Jharkhand,All Seasons,Dumka,37
Hanuman Temple,24.2783299,87.2464134,4.5,"hindu_temple, place_of_worship, point_of_interest, establishment",temples,Jharkhand,All Seasons,Dumka,24
Vishwakarma Mandir,24.2847821,87.2534391,4.5,"hindu_temple, place_of_worship, point_of_interest, establishment",temples,Jharkhand,All Seasons,Dumka,4
Durga Temple,24.2512532,87.25335199999999,4.7,"hindu_temple, place_of_worship, point_of_interest, establishment",temples,Jharkhand,All Seasons,Dumka,10
Hanuman Temple,24.5284641,86.9759813,4,"hindu_temple, place_of_worship, point_of_interest, establishment",temples,Jharkhand,All Seasons,Dumka,1
Fullaipur Hindu Temple,24.0022491,87.5448196,4,"hindu_temple, place_of_worship, point_of_interest, establishment",temples,Jharkhand,All Seasons,Dumka,7
Maa Kali Mandir,24.0092663,87.4038357,5,"hindu_temple, place_of_worship, point_of_interest, establishment",temples,Jharkhand,All Seasons,Dumka,3
Sai Baba Temple,24.2704295,87.2470453,4.8,"hindu_temple, place_of_worship, point_of_interest, establishment",temples,Jharkhand,All Seasons,Dumka,16
Maa Kali Temple,24.2947346,87.234088,4.9,"hindu_temple, place_of_worship, point_of_interest, establishment",temples,Jharkhand,All Seasons,Dumka,19
Durga Temple,24.273586,87.2582661,4.4,"hindu_temple, place_of_worship, point_of_interest, establishment",temples,Jharkhand,All Seasons,Dumka,33
Maa Mansa Mandir,24.3069931,87.25203119999999,5,"hindu_temple, place_of_worship, point_of_interest, establishment",temples,Jharkhand,All Seasons,Dumka,1
Durgasthan,24.2668516,87.2507639,4.7,"hindu_temple, place_of_worship, point_of_interest, establishment",temples,Jharkhand,All Seasons,Dumka,50
Tangdaha Shiv Temple,24.0852712,87.47085440000001,4.5,"hindu_temple, place_of_worship, point_of_interest, establishment",temples,Jharkhand,All Seasons,Dumka,13
Kamleshwar Temple,24.2796987,87.2425792,4.3,"hindu_temple, place_of_worship, point_of_interest, establishment",temples,Jharkhand,All Seasons,Dumka,19
Hanuman Mandir,24.2619414,87.24589569999999,4.3,"hindu_temple, place_of_worship, point_of_interest, establishment",temples,Jharkhand,All Seasons,Dumka,44
Kendrasarail Ma Kali Temple,24.0870197,87.5274462,4.2,"hindu_temple, place_of_worship, point_of_interest, establishment",temples,Jharkhand,All Seasons,Dumka,17
Sankat Mochan Temple,24.2894459,87.2509333,4.5,"hindu_temple, place_of_worship, point_of_interest, establishment",temples,Jharkhand,All Seasons,Dumka,13
Kali hindu temple kunjobona,24.2927602,87.0180484,3,"hindu_temple, place_of_worship, point_of_interest, establishment",temples,Jharkhand,All Seasons,Dumka,6
Basukinath,24.3863832,87.0798207,3.6,"hindu_temple, place_of_worship, point_of_interest, establishment",temples,Jharkhand,All Seasons,Dumka,11
Annapurna Temple (अन्नापूर्ना मंदिर),24.2811031,87.25256519999999,4.4,"hindu_temple, place_of_worship, point_of_interest, establishment",temples,Jharkhand,All Seasons,Dumka,29
Gayatri Temple,24.2765904,87.2350146,4.4,"hindu_temple, place_of_worship, point_of_interest, establishment",temples,Jharkhand,All Seasons,Dumka,32
Shiv Temple,24.2504118,87.260965,4.7,"hindu_temple, place_of_worship, point_of_interest, establishment",temples,Jharkhand,All Seasons,Dumka,7
Hanuman Temple,24.2749377,87.2595266,4.3,"hindu_temple, place_of_worship, point_of_interest, establishment",temples,Jharkhand,All Seasons,Dumka,11
Rudra Mandir,24.2989302,87.25723699999999,4.7,"hindu_temple, place_of_worship, point_of_interest, establishment",temples,Jharkhand,All Seasons,Dumka,7
CHUAMULI DURGA TEMPLE,24.0429496,87.5321934,5,"hindu_temple, place_of_worship, point_of_interest, establishment",temples,Jharkhand,All Seasons,Dumka,8
Purana Durga Mandir,24.2824942,87.25576950000001,4.6,"hindu_temple, place_of_worship, point_of_interest, establishment",temples,Jharkhand,All Seasons,Dumka,92
Kali Temple,24.2687951,87.2584136,4.3,"hindu_temple, place_of_worship, point_of_interest, establishment",temples,Jharkhand,All Seasons,Dumka,32
माँ सरस्वती मंदिर,24.4019237,87.2935713,5,"hindu_temple, place_of_worship, point_of_interest, establishment",temples,Jharkhand,All Seasons,Dumka,1
Ashutosh Temple,24.2623001,87.2415194,4.8,"hindu_temple, place_of_worship, point_of_interest, establishment",temples,Jharkhand,All Seasons,Dumka,4
RADHA RAMAN AND RADHA KANTA TEMPLE,24.032979,87.4874645,5,"hindu_temple, place_of_worship, point_of_interest, establishment",temples,Jharkhand,All Seasons,Dumka,1
Chuamuli Shiv Temple,24.0462047,87.53734519999999,5,"hindu_temple, place_of_worship, point_of_interest, establishment",temples,Jharkhand,All Seasons,Dumka,1
Shiv Mandir,24.0947572,87.3399982,4.7,"hindu_temple, place_of_worship, point_of_interest, establishment",temples,Jharkhand,All Seasons,Dumka,12
Mashan Kali Temple,24.2692516,87.2369791,4.1,"hindu_temple, place_of_worship, point_of_interest, establishment",temples,Jharkhand,All Seasons,Dumka,30
Basukinath Mandir,24.3944478,87.08686519999999,4.7,"hindu_temple, place_of_worship, point_of_interest, establishment",temples,Jharkhand,All Seasons,Dumka,11024
Putlidabar hill (पहाड़ी),24.37243,87.06627019999999,4.3,"tourist_attraction, point_of_interest, establishment",hills,Jharkhand,Winter,Dumka,7
Dari pahad,24.2632273,87.28319719999999,4.2,"tourist_attraction, point_of_interest, establishment",hills,Jharkhand,Winter,Dumka,84
Gumro Hills,24.1626446,87.00892189999999,4.1,"tourist_attraction, point_of_interest, establishment",hills,Jharkhand,Winter,Dumka,47
Dandhir hill Dighi,24.2757527,87.2958207,3.8,"tourist_attraction, point_of_interest, establishment",hills,Jharkhand,Winter,Dumka,6
Supriya Hill,24.1038977,87.3046183,4.3,"point_of_interest, establishment",hills,Jharkhand,Winter,Dumka,40
Devdwar hill,24.3757007,87.1840395,3,"park, point_of_interest, establishment",hills,Jharkhand,Winter,Dumka,2
Sristi Park Kurwa,24.2393032,87.2831855,3.8,"park, point_of_interest, establishment",hills,Jharkhand,Winter,Dumka,497
Nakti Hill,24.3036918,87.26929799999999,4.8,"park, point_of_interest, establishment",hills,Jharkhand,Winter,Dumka,8
The Hill View Villa,24.1031966,87.3160741,3.7,"restaurant, food, point_of_interest, establishment",hills,Jharkhand,Winter,Dumka,23
HR hill,24.1097074,87.2970612,0,"point_of_interest, establishment",hills,Jharkhand,Winter,Dumka,0
Lagwa Hill - The Tourist Places,24.5041548,87.10914460000001,4,"tourist_attraction, point_of_interest, establishment",hills,Jharkhand,Winter,Dumka,16
Sidpahari Hill,24.1684781,87.02851439999999,5,"park, point_of_interest, establishment",hills,Jharkhand,Winter,Dumka,2
RISHIKA HILL VIEW MOTEL & RESTAURANT,24.2489129,87.27591749999999,4.3,"restaurant, food, point_of_interest, establishment",hills,Jharkhand,Winter,Dumka,19
Palasi hill,24.3787892,87.06914119999999,5,"park, point_of_interest, establishment",hills,Jharkhand,Winter,Dumka,1
Murayam hills Forest,24.2266636,87.3543622,1,"tourist_attraction, point_of_interest, establishment",hills,Jharkhand,Winter,Dumka,2
Murjora Temple And Hill,24.0726287,87.3323377,4.7,"hindu_temple, place_of_worship, point_of_interest, establishment",hills,Jharkhand,Winter,Dumka,12
Top hill,24.1775146,87.5268239,3.8,"night_club, point_of_interest, establishment",hills,Jharkhand,Winter,Dumka,4
Ganapati hill,24.3818118,87.1126506,3.7,"tourist_attraction, point_of_interest, establishment",hills,Jharkhand,Winter,Dumka,3
Evening Hills,24.2719377,87.295243,5,"park, point_of_interest, establishment",hills,Jharkhand,Winter,Dumka,2
Shiv Pahar City View Point,24.2741065,87.2551725,4.5,"tourist_attraction, point_of_interest, establishment",hills,Jharkhand,Winter,Dumka,13
Matiyan hill,24.5146942,86.9571096,0,"park, point_of_interest, establishment",hills,Jharkhand,Winter,Dumka,0
Deepak Baker (Freash & Tasty) and Hill Ice creem,24.250329,87.0078073,0,"place_of_worship, point_of_interest, establishment",hills,Jharkhand,Winter,Dumka,0
Murgathali Hill,24.2913187,87.31608039999999,0,"park, point_of_interest, establishment",hills,Jharkhand,Winter,Dumka,0
Masanjor Hill,24.0922082,87.28603869999999,0,"park, point_of_interest, establishment",hills,Jharkhand,Winter,Dumka,0
BANDARJORA HILL,24.4780892,87.2402855,0,"tourist_attraction, point_of_interest, establishment",hills,Jharkhand,Winter,Dumka,0
"Hill top view point,Sriamra",24.2833357,87.2725274,3.2,"tourist_attraction, point_of_interest, establishment",hills,Jharkhand,Winter,Dumka,6
Gopikandar Hill,24.4571899,87.4452328,0,"park, point_of_interest, establishment",hills,Jharkhand,Winter,Dumka,0
Sidpahari-2 Hill,24.1784588,87.1989021,0,"point_of_interest, establishment",hills,Jharkhand,Winter,Dumka,0
Kaerabani(Fatehpur) Hill,24.1330305,87.0048862,0,"park, point_of_interest, establishment",hills,Jharkhand,Winter,Dumka,0
Kairabani Hill,24.1666721,87.4121799,0,"park, point_of_interest, establishment",hills,Jharkhand,Winter,Dumka,0
Rampur Hill,24.2282617,86.9684333,1,"park, point_of_interest, establishment",hills,Jharkhand,Winter,Dumka,2
Chalbali Hill,24.2373903,87.0371716,1,"park, point_of_interest, establishment",hills,Jharkhand,Winter,Dumka,1
Basmata Hill,24.1198519,87.3401556,0,"park, point_of_interest, establishment",hills,Jharkhand,Winter,Dumka,0
Scenry HiLL(सिनरी हिल),24.234274,87.48847699999999,3.8,"point_of_interest, establishment",hills,Jharkhand,Winter,Dumka,8
CHERISH HILL ACADEMY DUBRAJPUR,24.2014835,86.966353,5,"primary_school, school, point_of_interest, establishment",hills,Jharkhand,Winter,Dumka,2
CHERISSH HILL ACADEMY DUBRAJPUR,24.2134351,86.966163,0,"primary_school, school, point_of_interest, establishment",hills,Jharkhand,Winter,Dumka,0
Massanjore Dam (Hills side),24.105068,87.30594669999999,2.8,"point_of_interest, establishment",hills,Jharkhand,Winter,Dumka,6
HILL MISSION SCHOOL,24.1278137,87.4465632,1,"school, point_of_interest, establishment",hills,Jharkhand,Winter,Dumka,1
Gumro Pahar,24.1654956,87.0199442,4.1,"natural_feature, establishment",hills,Jharkhand,Winter,Dumka,49
Massanjore Dam,24.1067705,87.3083697,4.4,"tourist_attraction, park, point_of_interest, establishment",hills,Jharkhand,Winter,Dumka,3848
Massanjore picnic spot,24.1155556,87.31635299999999,4.2,"tourist_attraction, point_of_interest, establishment",attraction,Jharkhand,All Seasons,Dumka,80
Massanjore Dam,24.1067705,87.3083697,4.4,"tourist_attraction, park, point_of_interest, establishment",attraction,Jharkhand,All Seasons,Dumka,3848
Water falls,24.1042616,87.3024709,4.2,"tourist_attraction, point_of_interest, establishment",attraction,Jharkhand,All Seasons,Dumka,44
Bada Pahar,24.108716,87.31318329999999,4.2,"tourist_attraction, point_of_interest, establishment",attraction,Jharkhand,All Seasons,Dumka,24
Gumro Hills,24.1626446,87.00892189999999,4.1,"tourist_attraction, point_of_interest, establishment",attraction,Jharkhand,All Seasons,Dumka,47
Dandhir hill Dighi,24.2757527,87.2958207,3.8,"tourist_attraction, point_of_interest, establishment",attraction,Jharkhand,All Seasons,Dumka,6
Shiv Pahar City View Point,24.2741065,87.2551725,4.5,"tourist_attraction, point_of_interest, establishment",attraction,Jharkhand,All Seasons,Dumka,13
Dari pahad,24.2632273,87.28319719999999,4.2,"tourist_attraction, point_of_interest, establishment",attraction,Jharkhand,All Seasons,Dumka,84
Sadhu pahar,24.1820269,87.5236472,5,"tourist_attraction, point_of_interest, establishment",attraction,Jharkhand,All Seasons,Dumka,2
Tropical Beach,24.174019,87.283464,5,"tourist_attraction, point_of_interest, establishment",attraction,Jharkhand,All Seasons,Dumka,6
Boating Point 1,24.108928,87.3106821,3.3,"tourist_attraction, point_of_interest, establishment",attraction,Jharkhand,All Seasons,Dumka,11
Lagwa Hill - The Tourist Places,24.5041548,87.10914460000001,4,"tourist_attraction, point_of_interest, establishment",attraction,Jharkhand,All Seasons,Dumka,16
Ganapati hill,24.3818118,87.1126506,3.7,"tourist_attraction, point_of_interest, establishment",attraction,Jharkhand,All Seasons,Dumka,3
Andipur Pahar,24.2416709,87.3020638,2.6,"tourist_attraction, point_of_interest, establishment",attraction,Jharkhand,All Seasons,Dumka,5
University view point,24.2676376,87.2856886,4.5,"tourist_attraction, point_of_interest, establishment",attraction,Jharkhand,All Seasons,Dumka,12
Handrung Kucha dam,24.0898518,87.2187752,4.3,"tourist_attraction, point_of_interest, establishment",attraction,Jharkhand,All Seasons,Dumka,25
Selfie picnic spot,24.12692,87.275932,4.7,"tourist_attraction, point_of_interest, establishment",attraction,Jharkhand,All Seasons,Dumka,3
Nagir bagan,24.2658559,87.23406589999999,3.8,"tourist_attraction, point_of_interest, establishment",attraction,Jharkhand,All Seasons,Dumka,16
Boating Point,24.1166903,87.3181209,4.7,"tourist_attraction, point_of_interest, establishment",attraction,Jharkhand,All Seasons,Dumka,3
Way for Asanboni,24.2378932,87.4848913,3,"tourist_attraction, point_of_interest, establishment",attraction,Jharkhand,All Seasons,Dumka,3
Land of grass Hatbari,24.2071196,87.2386085,4.4,"tourist_attraction, point_of_interest, establishment",attraction,Jharkhand,All Seasons,Dumka,9
Golbandha picnic AWSSM,24.2010148,87.1344057,5,"tourist_attraction, point_of_interest, establishment",attraction,Jharkhand,All Seasons,Dumka,1
Singhwahini mandir,24.1600527,87.5344867,4.3,"tourist_attraction, point_of_interest, establishment",attraction,Jharkhand,All Seasons,Dumka,8
Chota pahar,24.1076837,87.3160958,0,"tourist_attraction, point_of_interest, establishment",attraction,Jharkhand,All Seasons,Dumka,0
"Hill top view point,Sriamra",24.2833357,87.2725274,3.2,"tourist_attraction, point_of_interest, establishment",attraction,Jharkhand,All Seasons,Dumka,6
MINI DARJEELING,24.18436,87.52342829999999,4.1,"tourist_attraction, point_of_interest, establishment",attraction,Jharkhand,All Seasons,Dumka,143
Pani Tanki Kakni,24.5371199,86.9983902,0,"tourist_attraction, point_of_interest, establishment",attraction,Jharkhand,All Seasons,Dumka,0
Tantlai Hot Spring,24.0405705,87.2842617,4.6,"tourist_attraction, point_of_interest, establishment",attraction,Jharkhand,All Seasons,Dumka,12
JHARANA PAHAD MASALIA ( Natural Waterfall ),24.1513965,87.19929069999999,4.5,"tourist_attraction, point_of_interest, establishment",attraction,Jharkhand,All Seasons,Dumka,50
मुर्गुनी बराज,24.0485875,87.2980781,0,"tourist_attraction, point_of_interest, establishment",attraction,Jharkhand,All Seasons,Dumka,0
Bankibera Dam,24.1175495,87.4010179,4.5,"tourist_attraction, point_of_interest, establishment",attraction,Jharkhand,All Seasons,Dumka,92
Bay Of Vijaypur,24.2897834,87.2235499,3.7,"tourist_attraction, point_of_interest, establishment",attraction,Jharkhand,All Seasons,Dumka,6
Sunset Point,24.2001903,87.520169,4.7,"tourist_attraction, point_of_interest, establishment",attraction,Jharkhand,All Seasons,Dumka,3
Kanji Haraha Picnic Spot,24.0125211,87.19246539999999,4.7,"tourist_attraction, point_of_interest, establishment",attraction,Jharkhand,All Seasons,Dumka,3
Zaheer than,24.2088403,87.2646236,0,"tourist_attraction, point_of_interest, establishment",attraction,Jharkhand,All Seasons,Dumka,0
Asta Tourist Mountain,24.2667338,86.9601556,0,"tourist_attraction, point_of_interest, establishment",attraction,Jharkhand,All Seasons,Dumka,0
Walk & enjoy,24.1155748,87.3134683,4.3,"tourist_attraction, point_of_interest, establishment",attraction,Jharkhand,All Seasons,Dumka,12
Masanjor Sunrise Point,24.15107,87.2762399,4.5,"tourist_attraction, point_of_interest, establishment",attraction,Jharkhand,All Seasons,Dumka,6
Khunta Bandh,24.2592448,87.2465019,4.3,"tourist_attraction, point_of_interest, establishment",attraction,Jharkhand,All Seasons,Dumka,45
Kurmakita dam,24.4492919,87.1012774,4.5,"tourist_attraction, point_of_interest, establishment",attraction,Jharkhand,All Seasons,Dumka,2
Picnic place,24.1800811,87.3133137,3.8,"tourist_attraction, point_of_interest, establishment",attraction,Jharkhand,All Seasons,Dumka,11
Pokhariya band,24.0578528,87.1271506,0,"tourist_attraction, point_of_interest, establishment",attraction,Jharkhand,All Seasons,Dumka,0
Mini Goa,24.3011379,87.2177164,4.2,"tourist_attraction, point_of_interest, establishment",attraction,Jharkhand,All Seasons,Dumka,36
Maharo Check Dam,24.3213534,87.2043537,4,"tourist_attraction, point_of_interest, establishment",attraction,Jharkhand,All Seasons,Dumka,4
Grassland of kumrabad,24.1685766,87.2771478,4.5,"tourist_attraction, point_of_interest, establishment",attraction,Jharkhand,All Seasons,Dumka,2
Sona Jhuri Forest Beach,24.1756794,87.28475250000001,4.3,"tourist_attraction, point_of_interest, establishment",attraction,Jharkhand,All Seasons,Dumka,3
Picnics Spot,24.1201218,87.32016809999999,3.8,"tourist_attraction, point_of_interest, establishment",attraction,Jharkhand,All Seasons,Dumka,4
Water Pumping Station 1,24.118683,87.2843869,4.7,"tourist_attraction, point_of_interest, establishment",attraction,Jharkhand,All Seasons,Dumka,11
BANDARJORA HILL,24.4780892,87.2402855,0,"tourist_attraction, point_of_interest, establishment",attraction,Jharkhand,All Seasons,Dumka,0
Rampur,24.3642019,87.4145542,0,"tourist_attraction, point_of_interest, establishment",attraction,Jharkhand,All Seasons,Dumka,0
Waterfall,24.2410085,87.26877859999999,0,"tourist_attraction, point_of_interest, establishment",attraction,Jharkhand,All Seasons,Dumka,0
DIGALPAHARI DAM Asanabani,24.1491696,87.43533509999999,4.2,"tourist_attraction, point_of_interest, establishment",attraction,Jharkhand,All Seasons,Dumka,117
Baskichak Selfie Point,24.1670107,87.29653309999999,0,"tourist_attraction, point_of_interest, establishment",attraction,Jharkhand,All Seasons,Dumka,0
Bargad Chowk kakni,24.5373933,86.997165,4,"tourist_attraction, point_of_interest, establishment",attraction,Jharkhand,All Seasons,Dumka,2
mini selfie bridge,24.2646187,87.3935587,0,"tourist_attraction, point_of_interest, establishment",attraction,Jharkhand,All Seasons,Dumka,0
Dr. Ambedkar marg,24.2600613,87.25094059999999,4,"tourist_attraction, point_of_interest, establishment",attraction,Jharkhand,All Seasons,Dumka,4
Gopal Mandir Pokhra,24.2782221,87.25057819999999,4.4,"tourist_attraction, point_of_interest, establishment",attraction,Jharkhand,All Seasons,Dumka,54
Selfie Bridge,24.1671624,87.2688893,4.1,"landmark, tourist_attraction, point_of_interest, establishment",attraction,Jharkhand,All Seasons,Dumka,264
"Dulmit Jiyar Jharna Birdhap , Banbad, Sapchala, Masalia, Dumka, Jharkhand, 814167, India",24.1123125,87.1315625,5,"tourist_attraction, point_of_interest, establishment",attraction,Jharkhand,All Seasons,Dumka,1
Krishna pur urf Baskichok,24.1646418,87.29415689999999,4,"tourist_attraction, point_of_interest, establishment",attraction,Jharkhand,All Seasons,Dumka,1
Jugsalai Park,22.7736386,86.1931089,4.1,"park, point_of_interest, establishment",parks,Jharkhand,Spring,East Singhbhum,860
Joggers Park,22.7986953,86.16551369999999,4.1,"park, point_of_interest, establishment",parks,Jharkhand,Spring,East Singhbhum,227
Sidhgora Park,22.7992035,86.2303537,4.1,"park, point_of_interest, establishment",parks,Jharkhand,Spring,East Singhbhum,503
Ring Road Park,22.7729584,86.24749539999999,4.1,"park, point_of_interest, establishment",parks,Jharkhand,Spring,East Singhbhum,112
Jubilee Park Gate No. 2,22.8095684,86.1901437,4.6,"park, point_of_interest, establishment",parks,Jharkhand,Spring,East Singhbhum,159
Moolgaokar Park,22.7633284,86.25173090000001,4.3,"park, tourist_attraction, point_of_interest, establishment",parks,Jharkhand,Spring,East Singhbhum,492
Golmuri Park,22.7943486,86.2245068,4,"park, point_of_interest, establishment",parks,Jharkhand,Spring,East Singhbhum,933
Kumharpara Park,22.805478,86.2144385,3.9,"park, point_of_interest, establishment",parks,Jharkhand,Spring,East Singhbhum,117
Bhuiyadih Park,22.8101129,86.2259914,3.9,"park, point_of_interest, establishment",parks,Jharkhand,Spring,East Singhbhum,986
"ATAL PARK, ADITYAPUR, JAMSHEDPUR",22.789613,86.1572139,4,"park, point_of_interest, establishment",parks,Jharkhand,Spring,East Singhbhum,439
Ghari Park,22.7808351,86.2496579,4,"park, point_of_interest, establishment",parks,Jharkhand,Spring,East Singhbhum,1776
Nildih Park Nbm Picnic Venue,22.7789648,86.23011070000001,4,"park, point_of_interest, establishment",parks,Jharkhand,Spring,East Singhbhum,426
Govardhan Park,22.8388011,86.2171202,3.9,"park, point_of_interest, establishment",parks,Jharkhand,Spring,East Singhbhum,244
Dalma View Point Park,22.8192836,86.1894819,4.5,"park, point_of_interest, establishment",parks,Jharkhand,Spring,East Singhbhum,67
Rocket Park,22.771698,86.2542953,3.9,"park, point_of_interest, establishment",parks,Jharkhand,Spring,East Singhbhum,465
LIG Park,22.7769021,86.1610062,4.2,"park, point_of_interest, establishment",parks,Jharkhand,Spring,East Singhbhum,25
Joggers Park,22.823811,86.1626859,4.3,"park, point_of_interest, establishment",parks,Jharkhand,Spring,East Singhbhum,1694
Dr. Ambedkar Park,22.8123749,86.15301520000001,3.9,"park, point_of_interest, establishment",parks,Jharkhand,Spring,East Singhbhum,91
Nature Park,22.839584,86.2103279,3.8,"park, point_of_interest, establishment",parks,Jharkhand,Spring,East Singhbhum,1266
Joggers Park,22.7957502,86.2238266,4.2,"park, point_of_interest, establishment",parks,Jharkhand,Spring,East Singhbhum,32
Bhatia Park,22.8040752,86.1559067,4.1,"park, tourist_attraction, point_of_interest, establishment",parks,Jharkhand,Spring,East Singhbhum,5014
Birsa Fun City Waterpark,22.6648037,86.4213647,3.9,"park, point_of_interest, establishment",parks,Jharkhand,Spring,East Singhbhum,1293
Gopeshwar Bal Udyaan,22.772436,86.24906879999999,4.3,"park, point_of_interest, establishment",parks,Jharkhand,Spring,East Singhbhum,650
Eco- Park,22.7947362,86.1918503,4.1,"park, point_of_interest, establishment",parks,Jharkhand,Spring,East Singhbhum,587
Tata Zoo Lake,22.812691,86.195425,4.4,"park, point_of_interest, establishment",parks,Jharkhand,Spring,East Singhbhum,753
Jubilee Park,22.8083263,86.19410529999999,4.6,"park, tourist_attraction, point_of_interest, establishment",parks,Jharkhand,Spring,East Singhbhum,2961
Hudco N Type,22.7619929,86.2555388,4.2,"park, point_of_interest, establishment",parks,Jharkhand,Spring,East Singhbhum,319
Kagalnagar Park,22.821873,86.16774,3.9,"park, point_of_interest, establishment",parks,Jharkhand,Spring,East Singhbhum,1021
Hudco Lake Park,22.7606492,86.25294559999999,4.1,"park, tourist_attraction, point_of_interest, establishment",parks,Jharkhand,Spring,East Singhbhum,816
Jai Prakash Udyaan,22.7883719,86.1728753,4,"park, point_of_interest, establishment",parks,Jharkhand,Spring,East Singhbhum,603
Theme Park,22.7610406,86.25943889999999,4,"park, point_of_interest, establishment",parks,Jharkhand,Spring,East Singhbhum,1739
Netaji Subash Park,22.8079109,86.1607447,3.7,"park, point_of_interest, establishment",parks,Jharkhand,Spring,East Singhbhum,259
PAHADI PARK,22.749387,86.2561163,3.7,"park, point_of_interest, establishment",parks,Jharkhand,Spring,East Singhbhum,248
Jubilee Amusement Park,22.8087472,86.19768239999999,4.5,"amusement_park, park, point_of_interest, establishment",parks,Jharkhand,Spring,East Singhbhum,77
S.E Railway Children's Park,22.7659386,86.1915294,3.8,"park, point_of_interest, establishment",parks,Jharkhand,Spring,East Singhbhum,147
Aambagan Park,22.7742278,86.2487939,3.9,"park, point_of_interest, establishment",parks,Jharkhand,Spring,East Singhbhum,261
Prithvi Paryavaran Udyan,22.8215546,86.21024489999999,3.6,"park, point_of_interest, establishment",parks,Jharkhand,Spring,East Singhbhum,111
Millennium Park,22.776345,86.26505949999999,4.3,"park, point_of_interest, establishment",parks,Jharkhand,Spring,East Singhbhum,3949
Daigutu Park,22.8225596,86.21019989999999,4,"park, point_of_interest, establishment",parks,Jharkhand,Spring,East Singhbhum,90
surya park,22.798407,86.2182499,3.7,"park, point_of_interest, establishment",parks,Jharkhand,Spring,East Singhbhum,28
Jogger's Track,22.8103092,86.17200679999999,4.7,"park, point_of_interest, establishment",parks,Jharkhand,Spring,East Singhbhum,140
M Type Park,22.7918246,86.24547129999999,4.5,"park, point_of_interest, establishment",parks,Jharkhand,Spring,East Singhbhum,18
Jadugoda park,22.6456331,86.3595299,4.5,"park, point_of_interest, establishment",parks,Jharkhand,Spring,East Singhbhum,24
"Atal Park,",22.8012499,86.217287,4.1,"park, point_of_interest, establishment",parks,Jharkhand,Spring,East Singhbhum,16
Gwalpara Park,22.8043712,86.1580481,3.8,"park, point_of_interest, establishment",parks,Jharkhand,Spring,East Singhbhum,168
Vivek colony park,22.8065013,86.1228189,4,"park, point_of_interest, establishment",parks,Jharkhand,Spring,East Singhbhum,1
Barabazar eco park,23.0337206,86.3511778,4,"park, point_of_interest, establishment",parks,Jharkhand,Spring,East Singhbhum,101
Jubilee Park Gate No. 1,22.8092739,86.1990725,4.5,"park, point_of_interest, establishment",parks,Jharkhand,Spring,East Singhbhum,26
OM Park,22.8458422,86.21956320000001,4,"park, point_of_interest, establishment",parks,Jharkhand,Spring,East Singhbhum,49
"Fountain Avenue, Jubilee Park",22.8088332,86.19449569999999,4.9,"park, point_of_interest, establishment",parks,Jharkhand,Spring,East Singhbhum,27
Gwala Basti Park,22.7742791,86.2307371,3.5,"park, point_of_interest, establishment",parks,Jharkhand,Spring,East Singhbhum,102
Children's park Rock Garden,22.7807853,86.2822467,4.3,"park, point_of_interest, establishment",parks,Jharkhand,Spring,East Singhbhum,16
Science Park,22.7882967,86.1806917,4.2,"park, point_of_interest, establishment",parks,Jharkhand,Spring,East Singhbhum,52
Namda Basti Park,22.7804771,86.2228824,3.8,"park, point_of_interest, establishment",parks,Jharkhand,Spring,East Singhbhum,161
New Kagalnagar Park,22.8236662,86.1708068,4.5,"park, point_of_interest, establishment",parks,Jharkhand,Spring,East Singhbhum,10
Premnagar Durga Puja And Park Maidan,22.7687786,86.2159291,4,"park, point_of_interest, establishment",parks,Jharkhand,Spring,East Singhbhum,293
dindli park,22.7906809,86.1645782,3.2,"park, point_of_interest, establishment",parks,Jharkhand,Spring,East Singhbhum,19
Mandir Path Park,22.8083603,86.1518096,4.2,"park, point_of_interest, establishment",parks,Jharkhand,Spring,East Singhbhum,37
Park,22.7718928,86.2550055,4.2,"park, point_of_interest, establishment",parks,Jharkhand,Spring,East Singhbhum,49
C2 park,22.7774394,86.2417249,4.2,"park, point_of_interest, establishment",parks,Jharkhand,Spring,East Singhbhum,262
Patkum Museum,22.9710108,86.0185953,4,"museum, tourist_attraction, point_of_interest, establishment",museum,Jharkhand,Winter,East Singhbhum,98
Sido Kanhu Chowk Haludbani,22.7492879,86.21027959999999,3.9,"museum, point_of_interest, establishment",museum,Jharkhand,Winter,East Singhbhum,264
Jamshedpur Coin Museum,22.8046786,86.20056939999999,4.1,"museum, tourist_attraction, point_of_interest, establishment",museum,Jharkhand,Winter,East Singhbhum,266
saldih Jahersathan,22.8261987,86.0947553,4.5,"museum, point_of_interest, establishment",museum,Jharkhand,Winter,East Singhbhum,2
Dalma Wildlife Museum,22.9111059,86.1358954,4.6,"museum, point_of_interest, establishment",museum,Jharkhand,Winter,East Singhbhum,11
Turi chattan,22.6493523,86.17542329999999,4.3,"museum, point_of_interest, establishment",museum,Jharkhand,Winter,East Singhbhum,3
Hesakocha Waterfall,22.906295,85.937974,4.4,"tourist_attraction, point_of_interest, establishment",museum,Jharkhand,Winter,East Singhbhum,120
Amar shahid Aklu Nath Adityadeo statue,23.0666476,86.0252697,4,"museum, point_of_interest, establishment",museum,Jharkhand,Winter,East Singhbhum,1
king's palace,22.6969316,85.93182449999999,3.9,"museum, point_of_interest, establishment",museum,Jharkhand,Winter,East Singhbhum,18
Museum-cum-Interpretation Centre,22.9111073,86.1358607,5,"museum, point_of_interest, establishment",museum,Jharkhand,Winter,East Singhbhum,1
Tribal cultural centre,22.8241009,86.1790266,4.4,"storage, point_of_interest, establishment",museum,Jharkhand,Winter,East Singhbhum,96
Sumit Bhai,22.9572687,86.2801283,4,"museum, point_of_interest, establishment",museum,Jharkhand,Winter,East Singhbhum,2
JAGANNATH DHAL MOHOL,22.5731265,86.48279649999999,5,"museum, point_of_interest, establishment",museum,Jharkhand,Winter,East Singhbhum,1
Biponi,22.7922922,86.183679,4.7,"museum, store, point_of_interest, establishment",museum,Jharkhand,Winter,East Singhbhum,244
Bishal Gope,22.5677902,86.4665436,0,"museum, point_of_interest, establishment",museum,Jharkhand,Winter,East Singhbhum,0
Guru Charan bhakat ji ka ghar,22.7139365,86.15737089999999,0,"museum, point_of_interest, establishment",museum,Jharkhand,Winter,East Singhbhum,0
Jharnakocha Waterfall,23.0139799,86.4635466,4.1,"tourist_attraction, point_of_interest, establishment",waterfalls,Jharkhand,Monsoon,East Singhbhum,36
Hesakocha Waterfall,22.906295,85.937974,4.4,"tourist_attraction, point_of_interest, establishment",waterfalls,Jharkhand,Monsoon,East Singhbhum,120
Bijli Ghati Waterfall,22.908396,86.192759,4.2,"tourist_attraction, point_of_interest, establishment",waterfalls,Jharkhand,Monsoon,East Singhbhum,65
Dolmabeda Waterfall,22.5489426,86.41316599999999,4.3,"tourist_attraction, point_of_interest, establishment",waterfalls,Jharkhand,Monsoon,East Singhbhum,30
BanTa Buru Waterfall jharkhand,22.8912354,86.2455823,4.2,"tourist_attraction, point_of_interest, establishment",waterfalls,Jharkhand,Monsoon,East Singhbhum,39
DangDung waterfall,22.915617,86.27515869999999,4.4,"tourist_attraction, point_of_interest, establishment",waterfalls,Jharkhand,Monsoon,East Singhbhum,10
Golden fall ( Ratmohona View Point),22.5933001,86.4437566,4.5,"tourist_attraction, point_of_interest, establishment",waterfalls,Jharkhand,Monsoon,East Singhbhum,38
Toroda Waterfalls,22.5420899,86.496279,4.4,"tourist_attraction, point_of_interest, establishment",waterfalls,Jharkhand,Monsoon,East Singhbhum,14
Waterfall Fountain,22.8179034,86.1929748,3,"amusement_park, point_of_interest, establishment",waterfalls,Jharkhand,Monsoon,East Singhbhum,3
Zoo Plaza Waterfall,22.8178842,86.1929775,4.2,"park, point_of_interest, establishment",waterfalls,Jharkhand,Monsoon,East Singhbhum,18
Burudi Dam,22.6431625,86.4956484,4.3,"tourist_attraction, point_of_interest, establishment",waterfalls,Jharkhand,Monsoon,East Singhbhum,3061
Galudih Barrage/Dam,22.6478275,86.3975194,4.3,"tourist_attraction, point_of_interest, establishment",waterfalls,Jharkhand,Monsoon,East Singhbhum,1270
Dimna Lake Roundbout Triangle,22.8599403,86.24421439999999,4.5,"tourist_attraction, point_of_interest, establishment",waterfalls,Jharkhand,Monsoon,East Singhbhum,13
Pradhan Dam,22.7588241,86.1413704,4.3,"tourist_attraction, point_of_interest, establishment",waterfalls,Jharkhand,Monsoon,East Singhbhum,474
Bat Island,22.8138413,86.19843879999999,4.1,"park, tourist_attraction, point_of_interest, establishment",beaches,Jharkhand,Summer,East Singhbhum,63
Mahato Pond,22.7735486,86.4086013,3,"tourist_attraction, point_of_interest, establishment",beaches,Jharkhand,Summer,East Singhbhum,1
Beach tola,22.7409952,86.24277699999999,0,"point_of_interest, establishment",beaches,Jharkhand,Summer,East Singhbhum,0
Matyaldih Ghat,22.5512319,86.467711,5,"point_of_interest, establishment",beaches,Jharkhand,Summer,East Singhbhum,5
The Atlantic beach and bar,22.8759806,86.1921323,4.1,"bar, point_of_interest, establishment",beaches,Jharkhand,Summer,East Singhbhum,12
Itagarh Picnic Spot,22.7664095,86.1227851,5,"tourist_attraction, point_of_interest, establishment",beaches,Jharkhand,Summer,East Singhbhum,2
Juhila turn,22.7879172,86.22840889999999,4.7,"tourist_attraction, point_of_interest, establishment",beaches,Jharkhand,Summer,East Singhbhum,6
Island,22.8136281,86.1982178,5,"natural_feature, establishment",beaches,Jharkhand,Summer,East Singhbhum,2
Pahar Bhanga Picnic Spot,22.6761507,86.2693946,4.3,"tourist_attraction, point_of_interest, establishment",beaches,Jharkhand,Summer,East Singhbhum,1594
SBM TOILET,22.789901,86.15637,0,"point_of_interest, establishment",beaches,Jharkhand,Summer,East Singhbhum,0
Silver Sand Resort Pvt Ltd,22.8852719,86.1392552,3.8,"point_of_interest, establishment",beaches,Jharkhand,Summer,East Singhbhum,171
Tata Steel Zoological Park,22.8160655,86.19427929999999,4.3,"zoo, tourist_attraction, park, point_of_interest, establishment",zoo,Jharkhand,Winter,East Singhbhum,10373
Tata Zoo Lake,22.812691,86.195425,4.4,"park, point_of_interest, establishment",zoo,Jharkhand,Winter,East Singhbhum,753
Zoo Plaza Waterfall,22.8178842,86.1929775,4.2,"park, point_of_interest, establishment",zoo,Jharkhand,Winter,East Singhbhum,18
Lion,22.8170872,86.1968187,4.3,"zoo, point_of_interest, establishment",zoo,Jharkhand,Winter,East Singhbhum,3
White Buck Black Buck,22.8166481,86.1956546,5,"zoo, point_of_interest, establishment",zoo,Jharkhand,Winter,East Singhbhum,1
Royal Bengal Tiger,22.8167751,86.19749159999999,4.3,"zoo, point_of_interest, establishment",zoo,Jharkhand,Winter,East Singhbhum,3
Hayna,22.8142805,86.1948859,4,"zoo, point_of_interest, establishment",zoo,Jharkhand,Winter,East Singhbhum,2
Leopard,22.8144551,86.1943977,4,"zoo, point_of_interest, establishment",zoo,Jharkhand,Winter,East Singhbhum,1
Chital Deer,22.8168595,86.1930395,4,"zoo, point_of_interest, establishment",zoo,Jharkhand,Winter,East Singhbhum,1
Hippopotamus,22.8153146,86.1965958,5,"zoo, point_of_interest, establishment",zoo,Jharkhand,Winter,East Singhbhum,2
Shri Shri Sankat Mochan Mandir,22.8259569,86.2105672,4.6,"hindu_temple, place_of_worship, point_of_interest, establishment",temples,Jharkhand,All Seasons,East Singhbhum,81
Bhubaneshwari Temple,22.7783348,86.2592425,4.6,"hindu_temple, place_of_worship, point_of_interest, establishment",temples,Jharkhand,All Seasons,East Singhbhum,1936
ISKCON Temple Jamshedpur,22.7853706,86.2211514,4.7,"hindu_temple, place_of_worship, point_of_interest, establishment",temples,Jharkhand,All Seasons,East Singhbhum,369
Shri Laxmi Narayan Temple,22.8241098,86.1689258,4.7,"hindu_temple, place_of_worship, point_of_interest, establishment",temples,Jharkhand,All Seasons,East Singhbhum,19
"Rankini Temple, Ghatshila",22.5795415,86.482293,4.6,"hindu_temple, tourist_attraction, place_of_worship, point_of_interest, establishment",temples,Jharkhand,All Seasons,East Singhbhum,1012
Khasmahal Kali Bari Temple,22.7579572,86.2037472,4.8,"hindu_temple, place_of_worship, point_of_interest, establishment",temples,Jharkhand,All Seasons,East Singhbhum,22
kalyaneswari Temple,23.0255731,86.3644271,4.4,"hindu_temple, place_of_worship, point_of_interest, establishment",temples,Jharkhand,All Seasons,East Singhbhum,94
Temple,22.7730334,86.2391094,4.4,"hindu_temple, place_of_worship, point_of_interest, establishment",temples,Jharkhand,All Seasons,East Singhbhum,68
SURYA MANDIR(SUN Temple),22.7793946,86.17116980000002,4.5,"hindu_temple, place_of_worship, point_of_interest, establishment",temples,Jharkhand,All Seasons,East Singhbhum,31
Laxminarayan Temple,22.7871769,86.2235657,4.3,"hindu_temple, place_of_worship, point_of_interest, establishment",temples,Jharkhand,All Seasons,East Singhbhum,257
Vaishno Devi Temple Ulda Galudih,22.6674478,86.401022,4.7,"hindu_temple, place_of_worship, point_of_interest, establishment",temples,Jharkhand,All Seasons,East Singhbhum,483
SHREE SHREE HARI TEMPLE,23.0025665,86.4072494,5,"hindu_temple, place_of_worship, point_of_interest, establishment",temples,Jharkhand,All Seasons,East Singhbhum,1
Shree Jagannath Mandir,22.694852,85.9338438,4.6,"hindu_temple, place_of_worship, point_of_interest, establishment",temples,Jharkhand,All Seasons,East Singhbhum,33
Shiva Temple,22.841152,86.2229519,4.1,"hindu_temple, place_of_worship, point_of_interest, establishment",temples,Jharkhand,All Seasons,East Singhbhum,24
Dayamoyee Kali Mandir,22.7496627,86.20662689999999,4.4,"hindu_temple, place_of_worship, point_of_interest, establishment",temples,Jharkhand,All Seasons,East Singhbhum,75
Hari Mandir ( Hari Temple),22.7689518,86.137298,4.4,"hindu_temple, place_of_worship, point_of_interest, establishment",temples,Jharkhand,All Seasons,East Singhbhum,11
Shri Mankamashwar Mandir,22.8325915,86.2117104,4.5,"hindu_temple, place_of_worship, point_of_interest, establishment",temples,Jharkhand,All Seasons,East Singhbhum,10
Lord Hanuman Temple,22.8903048,86.2190786,4.6,"hindu_temple, place_of_worship, point_of_interest, establishment",temples,Jharkhand,All Seasons,East Singhbhum,32
Kuluptanga Maha Maya Kali Mandir,22.7749379,86.1659219,3.9,"hindu_temple, place_of_worship, point_of_interest, establishment",temples,Jharkhand,All Seasons,East Singhbhum,36
Krishna Temple,22.8140883,86.1614608,3.6,"hindu_temple, place_of_worship, point_of_interest, establishment",temples,Jharkhand,All Seasons,East Singhbhum,11
Sri Sri Shiva Mandir,22.7923042,86.1639838,4.2,"hindu_temple, place_of_worship, point_of_interest, establishment",temples,Jharkhand,All Seasons,East Singhbhum,33
Hari Mandir,22.7950164,86.15637219999999,3.9,"hindu_temple, place_of_worship, point_of_interest, establishment",temples,Jharkhand,All Seasons,East Singhbhum,23
Shiv Mandir,22.8174622,86.09403239999999,4.6,"hindu_temple, place_of_worship, point_of_interest, establishment",temples,Jharkhand,All Seasons,East Singhbhum,19
Shiv Mandir,22.7635839,86.20610529999999,4,"hindu_temple, place_of_worship, point_of_interest, establishment",temples,Jharkhand,All Seasons,East Singhbhum,32
Sri Ram Mandir,22.7740254,86.163439,4.1,"hindu_temple, place_of_worship, point_of_interest, establishment",temples,Jharkhand,All Seasons,East Singhbhum,13
Hanuman Mandir,22.9966681,86.1463534,4.6,"hindu_temple, place_of_worship, point_of_interest, establishment",temples,Jharkhand,All Seasons,East Singhbhum,21
Shiv Mandir,22.7711441,86.19542469999999,4.2,"hindu_temple, place_of_worship, point_of_interest, establishment",temples,Jharkhand,All Seasons,East Singhbhum,13
Hanumaan Mandir,22.7879738,86.1686283,5,"hindu_temple, place_of_worship, point_of_interest, establishment",temples,Jharkhand,All Seasons,East Singhbhum,6
Shiv Mandir,22.7535694,86.2389613,4,"hindu_temple, place_of_worship, point_of_interest, establishment",temples,Jharkhand,All Seasons,East Singhbhum,18
Kali Mandir Harharguttu,22.7626325,86.1809012,4.2,"hindu_temple, place_of_worship, point_of_interest, establishment",temples,Jharkhand,All Seasons,East Singhbhum,110
Shree-Shree Balram Jew Temple,22.8116411,86.10854359999999,4.6,"hindu_temple, place_of_worship, point_of_interest, establishment",temples,Jharkhand,All Seasons,East Singhbhum,7
Hari Mandir,22.7791399,86.148292,4.2,"hindu_temple, place_of_worship, point_of_interest, establishment",temples,Jharkhand,All Seasons,East Singhbhum,5
Hari Mandir,22.7993893,86.1329535,5,"hindu_temple, place_of_worship, point_of_interest, establishment",temples,Jharkhand,All Seasons,East Singhbhum,3
Maa Durga Temple,22.6974961,85.93138809999999,4.1,"hindu_temple, place_of_worship, point_of_interest, establishment",temples,Jharkhand,All Seasons,East Singhbhum,19
Pipleshwar Mahadev Temple,22.8166645,86.16068940000001,5,"hindu_temple, place_of_worship, point_of_interest, establishment",temples,Jharkhand,All Seasons,East Singhbhum,2
Shiva temple,22.7179724,86.20087649999999,5,"hindu_temple, place_of_worship, point_of_interest, establishment",temples,Jharkhand,All Seasons,East Singhbhum,6
Kali Mandir (Kali Temple),22.769247,86.1371277,5,"hindu_temple, place_of_worship, point_of_interest, establishment",temples,Jharkhand,All Seasons,East Singhbhum,3
Temple,22.8055331,86.1631219,3,"place_of_worship, point_of_interest, establishment",temples,Jharkhand,All Seasons,East Singhbhum,1
Sri Sri Hanuman Mandir,22.8180876,86.1838549,3.4,"hindu_temple, place_of_worship, point_of_interest, establishment",temples,Jharkhand,All Seasons,East Singhbhum,5
Gandheswari Temple Chandil Jamshedpur,22.9559591,86.0566406,5,"hindu_temple, place_of_worship, point_of_interest, establishment",temples,Jharkhand,All Seasons,East Singhbhum,1
Lord Shani Mandir,22.8040411,86.12299209999999,4.7,"hindu_temple, tourist_attraction, place_of_worship, point_of_interest, establishment",temples,Jharkhand,All Seasons,East Singhbhum,45
maa Shitla Mandir,22.7793272,86.1641789,4.8,"hindu_temple, place_of_worship, point_of_interest, establishment",temples,Jharkhand,All Seasons,East Singhbhum,18
Hare Krishna Devotees Temple,22.7983159,86.2630872,4.5,"school, health, point_of_interest, establishment",temples,Jharkhand,All Seasons,East Singhbhum,19
Syndicate Shiva Temple,22.780807,86.1538279,5,"hindu_temple, place_of_worship, point_of_interest, establishment",temples,Jharkhand,All Seasons,East Singhbhum,4
"Kali Maa Temple "" mirudih",22.783639,86.1246667,4.3,"hindu_temple, place_of_worship, point_of_interest, establishment",temples,Jharkhand,All Seasons,East Singhbhum,30
Hanuman Mandir,22.7650205,86.1406624,4,"hindu_temple, place_of_worship, point_of_interest, establishment",temples,Jharkhand,All Seasons,East Singhbhum,13
SHIV MANDIR,22.821038,86.1089326,3.6,"hindu_temple, place_of_worship, point_of_interest, establishment",temples,Jharkhand,All Seasons,East Singhbhum,25
Durga Temple,22.6897674,86.3473003,4.6,"hindu_temple, place_of_worship, point_of_interest, establishment",temples,Jharkhand,All Seasons,East Singhbhum,7
Hanspur Kali Temple,23.0688443,86.28232709999999,4.1,"hindu_temple, place_of_worship, point_of_interest, establishment",temples,Jharkhand,All Seasons,East Singhbhum,11
Hanuman Temple,22.8128572,86.1062695,4.5,"hindu_temple, place_of_worship, point_of_interest, establishment",temples,Jharkhand,All Seasons,East Singhbhum,11
Boom Shankar Temple,22.8395618,86.1602446,4.4,"hindu_temple, place_of_worship, point_of_interest, establishment",temples,Jharkhand,All Seasons,East Singhbhum,19
HANUMAN TEMPLE KHUNTI,22.955973,85.9769701,5,"hindu_temple, place_of_worship, point_of_interest, establishment",temples,Jharkhand,All Seasons,East Singhbhum,3
Gourdih Shiv Temple,23.0034424,86.4340991,4,"hindu_temple, place_of_worship, point_of_interest, establishment",temples,Jharkhand,All Seasons,East Singhbhum,2
Chakradhari Temple,22.8246741,86.1726012,4,"hindu_temple, place_of_worship, point_of_interest, establishment",temples,Jharkhand,All Seasons,East Singhbhum,5
"Durga Temple, Jamjora",22.729623,86.12293939999999,4.7,"hindu_temple, place_of_worship, point_of_interest, establishment",temples,Jharkhand,All Seasons,East Singhbhum,3
Kali Mandir,22.9519759,86.012248,4.7,"hindu_temple, place_of_worship, point_of_interest, establishment",temples,Jharkhand,All Seasons,East Singhbhum,3
Maa Kali Temple,22.6810675,86.21674019999999,5,"hindu_temple, place_of_worship, point_of_interest, establishment",temples,Jharkhand,All Seasons,East Singhbhum,3
Simuldanga Durga Temple,23.036685,86.3497531,4.8,"hindu_temple, place_of_worship, point_of_interest, establishment",temples,Jharkhand,All Seasons,East Singhbhum,12
Shri Shri Shiv Mandir,22.7536875,86.2108125,4.7,"hindu_temple, place_of_worship, point_of_interest, establishment",temples,Jharkhand,All Seasons,East Singhbhum,11
Shiv Mandir,22.8412741,86.25903,4,"hindu_temple, place_of_worship, point_of_interest, establishment",temples,Jharkhand,All Seasons,East Singhbhum,6
Hill Top Viewpoint,22.8893049,86.2194817,4.4,"tourist_attraction, point_of_interest, establishment",hills,Jharkhand,Winter,East Singhbhum,5
Khankripara Hill View,22.756689,86.26882359999999,4.4,"tourist_attraction, point_of_interest, establishment",hills,Jharkhand,Winter,East Singhbhum,58
Dalma Hill Top,22.8899937,86.219641,4.5,"tourist_attraction, point_of_interest, establishment",hills,Jharkhand,Winter,East Singhbhum,2915
Turamdih hill top view,22.7210081,86.1815747,4.2,"tourist_attraction, point_of_interest, establishment",hills,Jharkhand,Winter,East Singhbhum,43
Jadugora Hill Top,22.6439529,86.32778560000001,4.6,"tourist_attraction, point_of_interest, establishment",hills,Jharkhand,Winter,East Singhbhum,139
"Hill Top School, Jamshedpur",22.7782067,86.24787169999999,4.2,"school, point_of_interest, establishment",hills,Jharkhand,Winter,East Singhbhum,407
Tumung Hill Top,22.6604668,86.1526904,4.2,"tourist_attraction, point_of_interest, establishment",hills,Jharkhand,Winter,East Singhbhum,50
Hill vihar colony,22.8405509,86.2286378,5,"point_of_interest, establishment",hills,Jharkhand,Winter,East Singhbhum,2
HOTEL HILL POINT DIMNA,22.841252,86.23204729999999,3.8,"lodging, point_of_interest, establishment",hills,Jharkhand,Winter,East Singhbhum,152
Hill View Colony Shiv Kali Mandir,22.841818,86.2300566,4.3,"hindu_temple, place_of_worship, point_of_interest, establishment",hills,Jharkhand,Winter,East Singhbhum,33
Trailtribe Beta Hills 2,22.7621292,86.2745508,4.3,"park, point_of_interest, establishment",hills,Jharkhand,Winter,East Singhbhum,16
Chandil Hill view. NH 33,22.9401725,86.04064609999999,4.5,"tourist_attraction, point_of_interest, establishment",hills,Jharkhand,Winter,East Singhbhum,4
TIGER HILL GYM,22.7662278,86.18520780000001,4.6,"gym, health, point_of_interest, establishment",hills,Jharkhand,Winter,East Singhbhum,51
"Heaven, Chapri Hill",22.6108382,86.38942039999999,3.9,"tourist_attraction, point_of_interest, establishment",hills,Jharkhand,Winter,East Singhbhum,16
Hill View Point,22.9822311,86.107179,5,"tourist_attraction, point_of_interest, establishment",hills,Jharkhand,Winter,East Singhbhum,5
DUARSINI HILL,22.7639659,86.45713049999999,4.2,"point_of_interest, establishment",hills,Jharkhand,Winter,East Singhbhum,23
"Hill City, Developer Of Sunshine",22.8449946,86.21889619999999,4,"point_of_interest, establishment",hills,Jharkhand,Winter,East Singhbhum,16
Jharnakocha hill,23.0132665,86.46478309999999,4.7,"park, point_of_interest, establishment",hills,Jharkhand,Winter,East Singhbhum,7
Dobo Hills,22.8630936,86.166496,3.9,"park, point_of_interest, establishment",hills,Jharkhand,Winter,East Singhbhum,14
Hotel Hill View Family Restaurant,22.6919726,86.28413979999999,3.5,"lodging, point_of_interest, establishment",hills,Jharkhand,Winter,East Singhbhum,86
"New watch tower, Dalma hill top",22.890786,86.2192199,4.3,"tourist_attraction, point_of_interest, establishment",hills,Jharkhand,Winter,East Singhbhum,3
Hill View Automobiles,22.8411833,86.2218103,3.4,"store, point_of_interest, establishment",hills,Jharkhand,Winter,East Singhbhum,5
Hill River Dam,22.6669389,86.349543,5,"point_of_interest, establishment",hills,Jharkhand,Winter,East Singhbhum,1
Tiger Hill GYM,22.7902166,86.1561681,4.6,"gym, health, point_of_interest, establishment",hills,Jharkhand,Winter,East Singhbhum,133
Hill River View,22.7143923,86.29496139999999,5,"tourist_attraction, point_of_interest, establishment",hills,Jharkhand,Winter,East Singhbhum,1
Hill View Area,22.7735803,86.1793083,No rating,"neighborhood, political",hills,Jharkhand,Winter,East Singhbhum,0
Hill View Colony,22.8450499,86.22982379999999,No rating,"sublocality_level_2, sublocality, political",hills,Jharkhand,Winter,East Singhbhum,0
Fuldungri hill spot,22.5989267,86.47296329999999,4.7,"tourist_attraction, point_of_interest, establishment",hills,Jharkhand,Winter,East Singhbhum,6
HILL RIVER,22.67693,86.26860200000002,5,"tourist_attraction, point_of_interest, establishment",hills,Jharkhand,Winter,East Singhbhum,1
HILL VIEW MOTORS (Tata Motors Authorized Service Station),22.8799458,86.1718433,4.2,"car_repair, point_of_interest, establishment",hills,Jharkhand,Winter,East Singhbhum,72
HILL VIEW RESORT,22.8769444,86.1880556,4,"lodging, point_of_interest, establishment",hills,Jharkhand,Winter,East Singhbhum,2207
Jharnakocha Dhar Buru Hill Top,23.0193629,86.4531038,4.2,"tourist_attraction, point_of_interest, establishment",hills,Jharkhand,Winter,East Singhbhum,13
Fuljhore Hill Down Stadium,23.0106273,86.475515,5,"point_of_interest, establishment",hills,Jharkhand,Winter,East Singhbhum,2
Trailtribe - Gun Hill trail,22.8015759,86.37914830000001,5,"park, point_of_interest, establishment",hills,Jharkhand,Winter,East Singhbhum,3
Ramachandra Hills,22.7151185,86.2095753,5,"park, point_of_interest, establishment",hills,Jharkhand,Winter,East Singhbhum,6
Phuldungri Jaher Than,22.6000515,86.47349799999999,4,"place_of_worship, point_of_interest, establishment",hills,Jharkhand,Winter,East Singhbhum,18
Hill River,22.6707687,86.3506508,4.2,"natural_feature, establishment",hills,Jharkhand,Winter,East Singhbhum,137
Takahara hill,22.5477579,86.4391912,1,"park, point_of_interest, establishment",hills,Jharkhand,Winter,East Singhbhum,1
HILL TOP AGENCY,22.8085581,86.15317499999999,5,"point_of_interest, establishment",hills,Jharkhand,Winter,East Singhbhum,2
HILL POINT Gents Beauty Parlour,22.8392684,86.2299129,4.8,"beauty_salon, point_of_interest, establishment",hills,Jharkhand,Winter,East Singhbhum,4
Dimna Lake View Point,22.8611646,86.24444779999999,4.6,"tourist_attraction, point_of_interest, establishment",hills,Jharkhand,Winter,East Singhbhum,160
Dalma Wildlife Sanctuary,22.8965883,86.2061027,4.2,"tourist_attraction, park, point_of_interest, establishment",hills,Jharkhand,Winter,East Singhbhum,14285
Dalma Wildlife Sanctuary Check Point,22.9117095,86.13480369999999,4.1,"tourist_attraction, point_of_interest, establishment",hills,Jharkhand,Winter,East Singhbhum,98
Bhatia Park,22.8040752,86.1559067,4.1,"park, tourist_attraction, point_of_interest, establishment",hills,Jharkhand,Winter,East Singhbhum,5014
hotel Green Hills,22.8524534,86.2036747,5,"lodging, point_of_interest, establishment",hills,Jharkhand,Winter,East Singhbhum,9
OAK HILLS TOWNSHIP,22.7987859,86.27368949999999,5,"point_of_interest, establishment",hills,Jharkhand,Winter,East Singhbhum,3
wildlife Dalma Sanctuary,22.8556459,86.22088869999999,4,"tourist_attraction, point_of_interest, establishment",hills,Jharkhand,Winter,East Singhbhum,1
Super OYO Oxy Mini Punjab Hill Side Rooms,22.8326852,86.244227,4.1,"restaurant, food, point_of_interest, establishment",hills,Jharkhand,Winter,East Singhbhum,538
Dalma Trekking Start Point,22.87033,86.2039836,4.6,"park, point_of_interest, establishment",hills,Jharkhand,Winter,East Singhbhum,26
Dalma Trek Starting Point,22.8796488,86.1920883,4.7,"park, point_of_interest, establishment",hills,Jharkhand,Winter,East Singhbhum,17
Ancient Siddheswar Temple,22.6201363,86.397336,4.6,"hindu_temple, place_of_worship, point_of_interest, establishment",hills,Jharkhand,Winter,East Singhbhum,240
Dalma Mountain Trek Route,22.8721961,86.2076621,4.5,"park, point_of_interest, establishment",hills,Jharkhand,Winter,East Singhbhum,22
Galusingi hill view point,22.5511946,86.0659668,1,"tourist_attraction, point_of_interest, establishment",hills,Jharkhand,Winter,East Singhbhum,1
Rangapahar Hilltop,22.6782252,86.28244219999999,4.5,"tourist_attraction, point_of_interest, establishment",hills,Jharkhand,Winter,East Singhbhum,42
phuldungri hill(RDM),22.6002913,86.4727999,4,"natural_feature, establishment",hills,Jharkhand,Winter,East Singhbhum,166
"DALMA RESORT, MAKULAKOCHA",22.9119884,86.137912,4.3,"tourist_attraction, point_of_interest, establishment",hills,Jharkhand,Winter,East Singhbhum,64
Hill River,22.60997,86.2225699,4.7,"natural_feature, establishment",hills,Jharkhand,Winter,East Singhbhum,9
Bear Hills (ভালুক ডু্ংরি),22.9958817,86.2328508,2.5,"park, point_of_interest, establishment",hills,Jharkhand,Winter,East Singhbhum,2
NH Hills,22.8524086,86.2035468,4.7,"lodging, point_of_interest, establishment",hills,Jharkhand,Winter,East Singhbhum,63
Sargo Hill,23.0502542,86.4003417,4,"park, point_of_interest, establishment",hills,Jharkhand,Winter,East Singhbhum,2
Ganjia Barrage,22.7533078,86.0839819,4.2,"tourist_attraction, point_of_interest, establishment",attraction,Jharkhand,All Seasons,East Singhbhum,813
Pahar Bhanga Picnic Spot,22.6761507,86.2693946,4.3,"tourist_attraction, point_of_interest, establishment",attraction,Jharkhand,All Seasons,East Singhbhum,1594
"Chhota Banki Dam, Jamshedpur",22.8117369,86.3268731,4.4,"tourist_attraction, point_of_interest, establishment",attraction,Jharkhand,All Seasons,East Singhbhum,1480
"Chandil Dam, Jamshedpur",22.9747258,86.0206075,4.4,"tourist_attraction, point_of_interest, establishment",attraction,Jharkhand,All Seasons,East Singhbhum,5605
Dalma Hill Top,22.8899937,86.219641,4.5,"tourist_attraction, point_of_interest, establishment",attraction,Jharkhand,All Seasons,East Singhbhum,2915
Burudi Dam,22.6431625,86.4956484,4.3,"tourist_attraction, point_of_interest, establishment",attraction,Jharkhand,All Seasons,East Singhbhum,3061
Galudih Barrage/Dam,22.6478275,86.3975194,4.3,"tourist_attraction, point_of_interest, establishment",attraction,Jharkhand,All Seasons,East Singhbhum,1270
"Palna Dam, Jamshedpur",22.9457081,85.93538050000001,4.3,"tourist_attraction, point_of_interest, establishment",attraction,Jharkhand,All Seasons,East Singhbhum,649
Hesakocha Waterfall,22.906295,85.937974,4.4,"tourist_attraction, point_of_interest, establishment",attraction,Jharkhand,All Seasons,East Singhbhum,120
Marine Drive Jamshedpur,22.8221983,86.1603983,4.5,"tourist_attraction, point_of_interest, establishment",attraction,Jharkhand,All Seasons,East Singhbhum,160
"Sitarampur Dam, Jamshedpur",22.773101,86.10488769999999,4.2,"tourist_attraction, point_of_interest, establishment",attraction,Jharkhand,All Seasons,East Singhbhum,332
Beldih Lake View Point,22.8051329,86.1798549,4.4,"tourist_attraction, point_of_interest, establishment",attraction,Jharkhand,All Seasons,East Singhbhum,28
River View,22.7477053,86.3086373,4.4,"tourist_attraction, point_of_interest, establishment",attraction,Jharkhand,All Seasons,East Singhbhum,5
Khankripara Hill View,22.756689,86.26882359999999,4.4,"tourist_attraction, point_of_interest, establishment",attraction,Jharkhand,All Seasons,East Singhbhum,58
Hill River View,22.7143923,86.29496139999999,5,"tourist_attraction, point_of_interest, establishment",attraction,Jharkhand,All Seasons,East Singhbhum,1
"Dimna Dam, Jamshedpur",22.858203,86.25143,4.4,"tourist_attraction, park, point_of_interest, establishment",attraction,Jharkhand,All Seasons,East Singhbhum,4039
बोड़ो डुंगुर,22.685742,86.1289018,3.8,"tourist_attraction, point_of_interest, establishment",attraction,Jharkhand,All Seasons,East Singhbhum,4
Jharnakocha Dhar Buru Hill Top,23.0193629,86.4531038,4.2,"tourist_attraction, point_of_interest, establishment",attraction,Jharkhand,All Seasons,East Singhbhum,13
Jillinggora Tourist Place,22.7613559,86.1490311,2.3,"tourist_attraction, point_of_interest, establishment",attraction,Jharkhand,All Seasons,East Singhbhum,4
Mango Bridge Dam,22.8177582,86.2063573,3.6,"tourist_attraction, point_of_interest, establishment",attraction,Jharkhand,All Seasons,East Singhbhum,23
Tumung Hill Top,22.6604668,86.1526904,4.2,"tourist_attraction, point_of_interest, establishment",attraction,Jharkhand,All Seasons,East Singhbhum,50
Jadugora Hill Top,22.6439529,86.32778560000001,4.6,"tourist_attraction, point_of_interest, establishment",attraction,Jharkhand,All Seasons,East Singhbhum,139
I love Jamshedpur,22.8092834,86.1907995,4.6,"tourist_attraction, point_of_interest, establishment",attraction,Jharkhand,All Seasons,East Singhbhum,29
Barabhum Dam,23.0316496,86.3086306,4.4,"tourist_attraction, point_of_interest, establishment",attraction,Jharkhand,All Seasons,East Singhbhum,45
RAGHA TOURISTS PLACE,22.578908,86.02949579999999,5,"tourist_attraction, point_of_interest, establishment",attraction,Jharkhand,All Seasons,East Singhbhum,4
Turamdih hill top view,22.7210081,86.1815747,4.2,"tourist_attraction, point_of_interest, establishment",attraction,Jharkhand,All Seasons,East Singhbhum,43
Kala Pahar,22.8347279,86.0937505,5,"tourist_attraction, point_of_interest, establishment",attraction,Jharkhand,All Seasons,East Singhbhum,1
Fuldungri hill spot,22.5989267,86.47296329999999,4.7,"tourist_attraction, point_of_interest, establishment",attraction,Jharkhand,All Seasons,East Singhbhum,6
Sursuri water fall,22.7984023,86.3832011,4.5,"tourist_attraction, point_of_interest, establishment",attraction,Jharkhand,All Seasons,East Singhbhum,6
Juhila turn,22.7879172,86.22840889999999,4.7,"tourist_attraction, point_of_interest, establishment",attraction,Jharkhand,All Seasons,East Singhbhum,6
आसंगी गौड़ सेतु,22.7620494,86.13132759999999,0,"tourist_attraction, point_of_interest, establishment",attraction,Jharkhand,All Seasons,East Singhbhum,0
Birsa Munda Statue,22.7918042,86.27384769999999,4.7,"tourist_attraction, point_of_interest, establishment",attraction,Jharkhand,All Seasons,East Singhbhum,10
Shaharbera Ghat,22.8391268,86.15840570000002,4.6,"tourist_attraction, point_of_interest, establishment",attraction,Jharkhand,All Seasons,East Singhbhum,10
View Point,22.7625285,86.45075810000002,5,"tourist_attraction, point_of_interest, establishment",attraction,Jharkhand,All Seasons,East Singhbhum,1
Centenary Park (JMD) WNW View Point,22.7839562,86.1776637,4.5,"tourist_attraction, point_of_interest, establishment",attraction,Jharkhand,All Seasons,East Singhbhum,10
"The Sunset Point, Chandil Dam, Jamshedpur",22.9810683,86.02845169999999,4.4,"tourist_attraction, point_of_interest, establishment",attraction,Jharkhand,All Seasons,East Singhbhum,14
Turamdih Sunset Point,22.7210072,86.18157889999999,4,"tourist_attraction, point_of_interest, establishment",attraction,Jharkhand,All Seasons,East Singhbhum,7
Hudco Lake Park,22.7606492,86.25294559999999,4.1,"park, tourist_attraction, point_of_interest, establishment",attraction,Jharkhand,All Seasons,East Singhbhum,816
Chandil dam view point (velle),22.9750634,86.0167992,4.3,"tourist_attraction, point_of_interest, establishment",attraction,Jharkhand,All Seasons,East Singhbhum,8
ঘাটশিলার সূর্যাস্ত দেখার স্থান,22.5861241,86.4640244,4.5,"tourist_attraction, point_of_interest, establishment",attraction,Jharkhand,All Seasons,East Singhbhum,2
Chota Patratu,22.7221459,86.180925,0,"tourist_attraction, point_of_interest, establishment",attraction,Jharkhand,All Seasons,East Singhbhum,0
Dimna Lake View Point,22.8611646,86.24444779999999,4.6,"tourist_attraction, point_of_interest, establishment",attraction,Jharkhand,All Seasons,East Singhbhum,160
Rangapahar Hilltop,22.6782252,86.28244219999999,4.5,"tourist_attraction, point_of_interest, establishment",attraction,Jharkhand,All Seasons,East Singhbhum,42
Domuhani River Meet Point,22.8357575,86.1608952,4.4,"tourist_attraction, point_of_interest, establishment",attraction,Jharkhand,All Seasons,East Singhbhum,114
Bijli Ghati Waterfall,22.908396,86.192759,4.2,"tourist_attraction, point_of_interest, establishment",attraction,Jharkhand,All Seasons,East Singhbhum,65
Ghatshila sunset point,22.5709476,86.4823979,4.4,"tourist_attraction, point_of_interest, establishment",attraction,Jharkhand,All Seasons,East Singhbhum,191
Pindrabera FRH Watch Tower,22.8940408,86.1967755,4.5,"tourist_attraction, point_of_interest, establishment",attraction,Jharkhand,All Seasons,East Singhbhum,15
Joyda mandir Picnic Spot,22.9459891,86.0093551,4.6,"tourist_attraction, point_of_interest, establishment",attraction,Jharkhand,All Seasons,East Singhbhum,141
Gulpi Dungri,22.5749998,86.4579794,3.8,"tourist_attraction, point_of_interest, establishment",attraction,Jharkhand,All Seasons,East Singhbhum,4
AGNI,22.8105571,86.1958645,4.6,"tourist_attraction, point_of_interest, establishment",attraction,Jharkhand,All Seasons,East Singhbhum,81
"Manikui Railway bridge, Sunrise View point",22.8996815,86.070945,4,"tourist_attraction, point_of_interest, establishment",attraction,Jharkhand,All Seasons,East Singhbhum,2
Choura Pond,22.8930543,86.4387218,2.5,"tourist_attraction, point_of_interest, establishment",attraction,Jharkhand,All Seasons,East Singhbhum,4
Chandil Dam Reservoir View Point,23.0654783,86.0157448,5,"tourist_attraction, point_of_interest, establishment",attraction,Jharkhand,All Seasons,East Singhbhum,3
Burijhor Dam,22.7552204,86.47060019999999,4,"tourist_attraction, point_of_interest, establishment",attraction,Jharkhand,All Seasons,East Singhbhum,3
Dolmabeda Waterfall,22.5489426,86.41316599999999,4.3,"tourist_attraction, point_of_interest, establishment",attraction,Jharkhand,All Seasons,East Singhbhum,30
"New watch tower, Dalma hill top",22.890786,86.2192199,4.3,"tourist_attraction, point_of_interest, establishment",attraction,Jharkhand,All Seasons,East Singhbhum,3
Satnala Backwater,22.8720352,86.16635959999999,4.2,"tourist_attraction, point_of_interest, establishment",attraction,Jharkhand,All Seasons,East Singhbhum,30
Bolbam kamat,22.7644692,86.22198569999999,3.8,"tourist_attraction, point_of_interest, establishment",attraction,Jharkhand,All Seasons,East Singhbhum,5
Thakur jee pathak,22.7726317,86.19269249999999,5,"tourist_attraction, point_of_interest, establishment",attraction,Jharkhand,All Seasons,East Singhbhum,18
Bhadudih canal,22.8748336,86.2549439,5,"tourist_attraction, point_of_interest, establishment",attraction,Jharkhand,All Seasons,East Singhbhum,4
CHIANKI PARK,24.0129615,84.1090536,3.7,"park, point_of_interest, establishment",parks,Jharkhand,Spring,Garhwa,295
Gandhi udyan park,24.0318869,84.0723888,4,"park, point_of_interest, establishment",parks,Jharkhand,Spring,Garhwa,106
NAWATOLI PARK,24.034098,84.06860859999999,3.2,"park, point_of_interest, establishment",parks,Jharkhand,Spring,Garhwa,263
chiyanki hill park,24.0110625,84.1104375,4,"park, point_of_interest, establishment",parks,Jharkhand,Spring,Garhwa,205
Daltonganj Hill Forest,23.9554157,83.99558789999999,3.8,"park, point_of_interest, establishment",parks,Jharkhand,Spring,Garhwa,358
CRPF Park,24.0342916,84.06223399999999,3.9,"park, point_of_interest, establishment",parks,Jharkhand,Spring,Garhwa,332
Shahid Nilambar Pitambar Park,24.1588728,83.8059301,3.8,"park, point_of_interest, establishment",parks,Jharkhand,Spring,Garhwa,51
MAHADEV NAGAR SAHIJANA BANDH,24.1507714,83.802449,5,"park, point_of_interest, establishment",parks,Jharkhand,Spring,Garhwa,4
Birsa Munda Park,24.1424474,83.7877659,4.3,"park, point_of_interest, establishment",parks,Jharkhand,Spring,Garhwa,59
Bikash pachapahari park,24.0452591,83.9453168,5,"park, point_of_interest, establishment",parks,Jharkhand,Spring,Garhwa,1
Anita Udhyan Deogana,24.1230502,83.6577059,4.3,"park, point_of_interest, establishment",parks,Jharkhand,Spring,Garhwa,26
"Rajbandha ,Hills station",24.2741429,83.6803833,4.1,"park, point_of_interest, establishment",parks,Jharkhand,Spring,Garhwa,17
APSD Garden,24.15726,83.785022,5,"park, point_of_interest, establishment",parks,Jharkhand,Spring,Garhwa,1
Jai shokha baba army ground,24.1841112,83.93737540000001,5,"park, point_of_interest, establishment",parks,Jharkhand,Spring,Garhwa,12
Sahid Rupesh Park,24.0358512,84.06017299999999,3.9,"park, point_of_interest, establishment",parks,Jharkhand,Spring,Garhwa,7
Lieutenant Anurag shukla memorial,24.0886118,84.07191069999999,4.9,"park, point_of_interest, establishment",parks,Jharkhand,Spring,Garhwa,25
Koyal River Front,24.0341424,84.0624502,4.2,"park, point_of_interest, establishment",parks,Jharkhand,Spring,Garhwa,32
5g point morbey,24.3912125,83.8258906,4.7,"park, point_of_interest, establishment",parks,Jharkhand,Spring,Garhwa,3
Khonhar bagicha,24.1023809,83.892355,5,"park, point_of_interest, establishment",parks,Jharkhand,Spring,Garhwa,1
Nirbhay tiwari,24.1514065,83.8921293,5,"park, point_of_interest, establishment",parks,Jharkhand,Spring,Garhwa,2
Rama Singh PARK,24.3388582,83.871068,4,"park, point_of_interest, establishment",parks,Jharkhand,Spring,Garhwa,4
BHEEM CHULHA PARK,24.4328043,83.8658569,0,"park, point_of_interest, establishment",parks,Jharkhand,Spring,Garhwa,0
Aam ka bagicha,24.0656469,83.95213009999999,4,"park, point_of_interest, establishment",parks,Jharkhand,Spring,Garhwa,4
Barigawan forest region,24.1796076,83.99824149999999,5,"park, point_of_interest, establishment",parks,Jharkhand,Spring,Garhwa,4
Park ️,24.0309272,84.0660005,3.7,"park, point_of_interest, establishment",parks,Jharkhand,Spring,Garhwa,3
BHAURAHEE IMLI TREE,24.180386,83.9982361,4,"park, point_of_interest, establishment",parks,Jharkhand,Spring,Garhwa,1
Society Park,24.0346808,84.0753118,3,"park, point_of_interest, establishment",parks,Jharkhand,Spring,Garhwa,1
Shahid Fetal Singh Park,23.9761105,83.77133839999999,3,"park, point_of_interest, establishment",parks,Jharkhand,Spring,Garhwa,2
Ambedkar Park,24.3926553,83.5749584,3.4,"park, point_of_interest, establishment",parks,Jharkhand,Spring,Garhwa,9
Dubey's Mango Garden,23.9999284,83.791244,5,"park, point_of_interest, establishment",parks,Jharkhand,Spring,Garhwa,1
Lounga Pool,24.2262631,83.61508219999999,4.5,"park, point_of_interest, establishment",parks,Jharkhand,Spring,Garhwa,10
Indra gandhi park Tiwary chowk Garhwa,24.1599683,83.8082828,3,"park, point_of_interest, establishment",parks,Jharkhand,Spring,Garhwa,2
Kabristan (bahiyar kalan),24.2528054,83.5564964,0,"park, point_of_interest, establishment",parks,Jharkhand,Spring,Garhwa,0
Rim Jhim Park Rabra Subash Kumar,24.3424759,84.0178538,3.7,"park, point_of_interest, establishment",parks,Jharkhand,Spring,Garhwa,3
Nawlakha national park,24.0855602,84.00145239999999,5,"park, point_of_interest, establishment",parks,Jharkhand,Spring,Garhwa,1
Krish chandravanshi,24.0288507,84.0450682,5,"park, point_of_interest, establishment",parks,Jharkhand,Spring,Garhwa,1
Rim jhim park rabra manish kumar prajapati ( रिम झीम पार्क रबरा मनीष प्रजापति कुम्हार),24.3425199,84.0178676,5,"park, point_of_interest, establishment",parks,Jharkhand,Spring,Garhwa,2
ANKUSH NANDU,24.1890244,84.0493517,5,"park, point_of_interest, establishment",parks,Jharkhand,Spring,Garhwa,1
MD SHAHZAD ALAM,24.1708462,83.80088090000001,5,"park, point_of_interest, establishment",parks,Jharkhand,Spring,Garhwa,1
Chandan bagwaani,24.0733375,84.0483261,4.2,"park, point_of_interest, establishment",parks,Jharkhand,Spring,Garhwa,6
B.R. Ambedkar Park,24.0426147,84.0615084,3.8,"park, point_of_interest, establishment",parks,Jharkhand,Spring,Garhwa,483
BRIJMOHAN HOUSE,24.153745,84.069285,5,"park, point_of_interest, establishment",parks,Jharkhand,Spring,Garhwa,1
Jama Masazid Geruasoti,24.0878678,83.7006456,4.2,"museum, point_of_interest, establishment",museum,Jharkhand,Winter,Garhwa,5
SCIENCE ZONE CLASSES,24.3969723,83.57606969999999,5,"museum, point_of_interest, establishment",museum,Jharkhand,Winter,Garhwa,1
अशोक वाटिका शिव मंदिर झुमरी,24.3852835,83.59265529999999,4,"museum, point_of_interest, establishment",museum,Jharkhand,Winter,Garhwa,9
Rohit kr paswan,24.3237699,83.8162122,5,"museum, point_of_interest, establishment",museum,Jharkhand,Winter,Garhwa,1
"Surya Mandir, Patara, Meral",24.280078,83.6694431,4.1,"museum, point_of_interest, establishment",museum,Jharkhand,Winter,Garhwa,9
Noori Jama masjid نوری جامع مسجد Bahiar kalan,24.2507533,83.55817809999999,4.2,"museum, point_of_interest, establishment",museum,Jharkhand,Winter,Garhwa,5
MD Meraj Alam,24.1883264,83.7147339,0,"museum, point_of_interest, establishment",museum,Jharkhand,Winter,Garhwa,0
प्राचीन कुआँ,24.1673329,83.7740048,4,"museum, point_of_interest, establishment",museum,Jharkhand,Winter,Garhwa,1
Stadium,24.0557279,84.099966,3.3,"museum, point_of_interest, establishment",museum,Jharkhand,Winter,Garhwa,4
Chhah Muhan,24.0398654,84.0636042,0,"museum, point_of_interest, establishment",museum,Jharkhand,Winter,Garhwa,0
MASJIDE GAUSIYA,23.9361187,83.8581846,5,"museum, point_of_interest, establishment",museum,Jharkhand,Winter,Garhwa,1
Chandrashekhar Singh Sangrahalaya,24.039387,84.0603628,0,"museum, point_of_interest, establishment",museum,Jharkhand,Winter,Garhwa,0
JAMA MASJID BABHANDI,24.0703566,84.0309506,0,"museum, point_of_interest, establishment",museum,Jharkhand,Winter,Garhwa,0
Imambada,24.1303532,83.7822822,0,"museum, point_of_interest, establishment",museum,Jharkhand,Winter,Garhwa,0
"Shiv Mandir,Banarchua",24.1679008,84.0662469,5,"museum, point_of_interest, establishment",museum,Jharkhand,Winter,Garhwa,2
Sunil Choudhary,24.1975099,83.6243144,0,"museum, point_of_interest, establishment",museum,Jharkhand,Winter,Garhwa,0
Amit Kumar,24.1697787,83.664355,0,"museum, point_of_interest, establishment",museum,Jharkhand,Winter,Garhwa,0
Guru Sindhu Waterfall (गुरुसिन्धु जलप्रपात),24.0101126,83.5234234,4.4,"tourist_attraction, point_of_interest, establishment",waterfalls,Jharkhand,Monsoon,Garhwa,84
Khaadan waterfall bhawnathpur garhwa,24.42289,83.6066033,5,"tourist_attraction, point_of_interest, establishment",waterfalls,Jharkhand,Monsoon,Garhwa,2
Had Hadwa water fall,24.4127572,84.0842669,4.5,"tourist_attraction, point_of_interest, establishment",waterfalls,Jharkhand,Monsoon,Garhwa,8
Kund fall,24.4317767,84.0272835,3.8,"tourist_attraction, point_of_interest, establishment",waterfalls,Jharkhand,Monsoon,Garhwa,9
Chianki Hill,24.010701,84.1099572,4.1,"tourist_attraction, point_of_interest, establishment",waterfalls,Jharkhand,Monsoon,Garhwa,94
APSD Garden,24.15726,83.785022,5,"park, point_of_interest, establishment",waterfalls,Jharkhand,Monsoon,Garhwa,1
Daltonganj Hill Forest,23.9554157,83.99558789999999,3.8,"park, point_of_interest, establishment",waterfalls,Jharkhand,Monsoon,Garhwa,358
Naina jharnaa,24.3420625,83.5560625,2.4,"tourist_attraction, point_of_interest, establishment",waterfalls,Jharkhand,Monsoon,Garhwa,5
chiyanki hill park,24.0110625,84.1104375,4,"park, point_of_interest, establishment",waterfalls,Jharkhand,Monsoon,Garhwa,205
"Ghadi Chowk, Garhwa",24.1598936,83.80825999999999,4.2,"tourist_attraction, point_of_interest, establishment",waterfalls,Jharkhand,Monsoon,Garhwa,5
Temple,23.9974829,84.10391949999999,4.6,"hindu_temple, place_of_worship, point_of_interest, establishment",temples,Jharkhand,All Seasons,Garhwa,5
DEVI MANDIR& SHIV Temple,24.3801652,83.59162599999999,5,"hindu_temple, place_of_worship, point_of_interest, establishment",temples,Jharkhand,All Seasons,Garhwa,2
ISKCON DALTONGANJ,24.0503995,84.0660679,5,"hindu_temple, place_of_worship, point_of_interest, establishment",temples,Jharkhand,All Seasons,Garhwa,13
Gorho Shiv Temple,24.0190454,84.0770836,4.7,"hindu_temple, place_of_worship, point_of_interest, establishment",temples,Jharkhand,All Seasons,Garhwa,23
Shiv Mandir,24.1562965,83.8008385,4.4,"hindu_temple, place_of_worship, point_of_interest, establishment",temples,Jharkhand,All Seasons,Garhwa,18
Surya Temple,24.3930643,83.57531949999999,5,"hindu_temple, place_of_worship, point_of_interest, establishment",temples,Jharkhand,All Seasons,Garhwa,3
Sribala Mandir,24.3118249,83.9363983,5,"hindu_temple, place_of_worship, point_of_interest, establishment",temples,Jharkhand,All Seasons,Garhwa,4
Chianki Mountain Shiva Temple,24.0103056,84.1098593,4.5,"hindu_temple, place_of_worship, point_of_interest, establishment",temples,Jharkhand,All Seasons,Garhwa,41
Shiv Mandir,24.0251298,84.07913219999999,4.2,"hindu_temple, place_of_worship, point_of_interest, establishment",temples,Jharkhand,All Seasons,Garhwa,16
विश्व हिन्दू टेम्पल(hindu temple yogi),24.2485209,83.9181246,5,"hindu_temple, place_of_worship, point_of_interest, establishment",temples,Jharkhand,All Seasons,Garhwa,2
Shiv Temple Near bhagat singh chowk,24.2313421,83.6061485,5,"hindu_temple, place_of_worship, point_of_interest, establishment",temples,Jharkhand,All Seasons,Garhwa,2
Sun Temple,24.4225013,84.078976,3.3,"hindu_temple, place_of_worship, point_of_interest, establishment",temples,Jharkhand,All Seasons,Garhwa,10
Shiv Mandir,24.1625828,83.8105958,4.2,"hindu_temple, place_of_worship, point_of_interest, establishment",temples,Jharkhand,All Seasons,Garhwa,11
Temple,24.1513303,83.7982541,5,"hindu_temple, place_of_worship, point_of_interest, establishment",temples,Jharkhand,All Seasons,Garhwa,1
Hanuman temple,24.3057566,83.60402619999999,5,"hindu_temple, place_of_worship, point_of_interest, establishment",temples,Jharkhand,All Seasons,Garhwa,1
Hanumaan Mandir,24.0376513,84.0584346,4.6,"hindu_temple, place_of_worship, point_of_interest, establishment",temples,Jharkhand,All Seasons,Garhwa,20
देवी मंदिर devi temple,24.1711818,83.9196534,4.8,"hindu_temple, place_of_worship, point_of_interest, establishment",temples,Jharkhand,All Seasons,Garhwa,22
Hanuman Temple,24.135441,84.067475,5,"hindu_temple, place_of_worship, point_of_interest, establishment",temples,Jharkhand,All Seasons,Garhwa,1
"Hanumaan Temple, Turktaleya",24.0905014,84.04020170000001,4.4,"hindu_temple, place_of_worship, point_of_interest, establishment",temples,Jharkhand,All Seasons,Garhwa,17
Narmadeshwar shiv temple,24.0982392,83.91723069999999,5,"hindu_temple, place_of_worship, point_of_interest, establishment",temples,Jharkhand,All Seasons,Garhwa,3
Mahadeo Temple,24.0580273,83.9482812,5,"tourist_attraction, hindu_temple, place_of_worship, point_of_interest, establishment",temples,Jharkhand,All Seasons,Garhwa,1
Bhagawan Shiva Temple,24.1590759,83.7664563,4.8,"hindu_temple, place_of_worship, point_of_interest, establishment",temples,Jharkhand,All Seasons,Garhwa,5
Shiv Mandir (Raja Pahadi),24.2833929,83.5311734,4.6,"hindu_temple, place_of_worship, point_of_interest, establishment",temples,Jharkhand,All Seasons,Garhwa,289
Sahu Temple (Biwatikar),24.229788,83.58885389999999,5,"hindu_temple, place_of_worship, point_of_interest, establishment",temples,Jharkhand,All Seasons,Garhwa,2
Panchdev Temple,24.4227113,84.078921,5,"hindu_temple, place_of_worship, point_of_interest, establishment",temples,Jharkhand,All Seasons,Garhwa,1
Ravidas Temple,24.2217839,83.7034353,4.9,"hindu_temple, place_of_worship, point_of_interest, establishment",temples,Jharkhand,All Seasons,Garhwa,7
"Shiva Temple,shivghate",24.0721191,84.0480939,4.3,"hindu_temple, place_of_worship, point_of_interest, establishment",temples,Jharkhand,All Seasons,Garhwa,7
SHIVALYA TEMPLE BANKA,24.2576059,83.67783469999999,5,"hindu_temple, place_of_worship, point_of_interest, establishment",temples,Jharkhand,All Seasons,Garhwa,1
"Shiv Temple , Singra Khurda",24.0885952,84.0721301,4.2,"hindu_temple, place_of_worship, point_of_interest, establishment",temples,Jharkhand,All Seasons,Garhwa,29
Shiv Temple,24.2263588,83.89858939999999,5,"hindu_temple, place_of_worship, point_of_interest, establishment",temples,Jharkhand,All Seasons,Garhwa,1
Mahavir Mandir Bazaar,24.0408747,84.059958,4.7,"hindu_temple, place_of_worship, point_of_interest, establishment",temples,Jharkhand,All Seasons,Garhwa,35
Lagma Bramha Sthan(Lagma Temple),24.1714952,83.7431941,4.4,"hindu_temple, place_of_worship, point_of_interest, establishment",temples,Jharkhand,All Seasons,Garhwa,50
Shiv Temple,24.1258253,83.669522,5,"hindu_temple, place_of_worship, point_of_interest, establishment",temples,Jharkhand,All Seasons,Garhwa,3
Baba Somnath Temple Sahijna,24.1541802,83.80229609999999,4.6,"hindu_temple, place_of_worship, point_of_interest, establishment",temples,Jharkhand,All Seasons,Garhwa,29
Devi Mandap,24.0504133,84.07187139999999,4.2,"hindu_temple, place_of_worship, point_of_interest, establishment",temples,Jharkhand,All Seasons,Garhwa,9
Panch Mukhi Hanuman Mandir,24.031876,84.0705653,4.5,"hindu_temple, place_of_worship, point_of_interest, establishment",temples,Jharkhand,All Seasons,Garhwa,8
Hanumaan temple,24.0844274,84.0256265,5,"hindu_temple, place_of_worship, point_of_interest, establishment",temples,Jharkhand,All Seasons,Garhwa,2
Kali Mandir Belwatika,24.0289641,84.07538749999999,4.1,"hindu_temple, place_of_worship, point_of_interest, establishment",temples,Jharkhand,All Seasons,Garhwa,31
Hindu Temple,23.9949885,83.790488,4,"hindu_temple, place_of_worship, point_of_interest, establishment",temples,Jharkhand,All Seasons,Garhwa,1
Shiv Baba शिव बाबा | Shiv Temple शिव मंदिर,24.1674692,83.92486459999999,5,"hindu_temple, place_of_worship, point_of_interest, establishment",temples,Jharkhand,All Seasons,Garhwa,3
KORTA MANDIR JAI MA KORTAWALI TEMPLE,24.1530153,83.94242679999999,4.3,"hindu_temple, place_of_worship, point_of_interest, establishment",temples,Jharkhand,All Seasons,Garhwa,21
Baba Baijnath Temple,24.0747067,84.0725054,4.2,"hindu_temple, place_of_worship, point_of_interest, establishment",temples,Jharkhand,All Seasons,Garhwa,51
Yogivir Baba Temple,24.2117181,83.88645729999999,4,"hindu_temple, place_of_worship, point_of_interest, establishment",temples,Jharkhand,All Seasons,Garhwa,18
Baba Viswanath Mandir,24.3217519,83.90835469999999,3.8,"hindu_temple, place_of_worship, point_of_interest, establishment",temples,Jharkhand,All Seasons,Garhwa,29
Hanuman Mandir,24.0990582,83.7444199,3.4,"hindu_temple, place_of_worship, point_of_interest, establishment",temples,Jharkhand,All Seasons,Garhwa,5
Shani Mandir,24.0435908,84.0611205,4.3,"hindu_temple, place_of_worship, point_of_interest, establishment",temples,Jharkhand,All Seasons,Garhwa,17
Kali Sthan Temple,24.159526,83.8046739,4.3,"hindu_temple, place_of_worship, point_of_interest, establishment",temples,Jharkhand,All Seasons,Garhwa,18
Gardaha Math Krishna Temple,24.4260289,83.8042159,4,"hindu_temple, place_of_worship, point_of_interest, establishment",temples,Jharkhand,All Seasons,Garhwa,4
Dham Shiv Temple,24.0407634,84.0737997,4.4,"hindu_temple, place_of_worship, point_of_interest, establishment",temples,Jharkhand,All Seasons,Garhwa,7
"Shiv Mandir,Gonda",24.1842769,83.69930389999999,4,"hindu_temple, place_of_worship, point_of_interest, establishment",temples,Jharkhand,All Seasons,Garhwa,2
सुर्य मंदिर Sun Temple,24.310895,83.6669002,3,"hindu_temple, place_of_worship, point_of_interest, establishment",temples,Jharkhand,All Seasons,Garhwa,4
Sri Shirdi Sai Mandir,24.0326706,84.06719489999999,4.1,"hindu_temple, place_of_worship, point_of_interest, establishment",temples,Jharkhand,All Seasons,Garhwa,28
Shiv Temple,24.4015281,83.5749584,5,"hindu_temple, place_of_worship, point_of_interest, establishment",temples,Jharkhand,All Seasons,Garhwa,3
Mahakali Temple,24.0582818,84.0804805,4.3,"hindu_temple, place_of_worship, point_of_interest, establishment",temples,Jharkhand,All Seasons,Garhwa,16
Shiva shankar temple,24.0930766,84.0654074,0,"hindu_temple, place_of_worship, point_of_interest, establishment",temples,Jharkhand,All Seasons,Garhwa,0
Temple,24.2906232,83.8541784,5,"hindu_temple, place_of_worship, point_of_interest, establishment",temples,Jharkhand,All Seasons,Garhwa,1
"Maa Kameshwari Durga Temple ,kamta",24.2944698,83.6323517,3.8,"hindu_temple, place_of_worship, point_of_interest, establishment",temples,Jharkhand,All Seasons,Garhwa,4
Ram Temple,24.1606278,83.8175586,4.3,"hindu_temple, place_of_worship, point_of_interest, establishment",temples,Jharkhand,All Seasons,Garhwa,6
Hanuman Mandir,24.2678812,84.10400829999999,4.1,"hindu_temple, place_of_worship, point_of_interest, establishment",temples,Jharkhand,All Seasons,Garhwa,16
Sri Ramakrishna Temple,24.0371506,84.05935029999999,5,"hindu_temple, place_of_worship, point_of_interest, establishment",temples,Jharkhand,All Seasons,Garhwa,1
Kuthilwa hill,24.2271372,83.9345716,4.5,"tourist_attraction, point_of_interest, establishment",hills,Jharkhand,Winter,Garhwa,14
Chianki Hill,24.010701,84.1099572,4.1,"tourist_attraction, point_of_interest, establishment",hills,Jharkhand,Winter,Garhwa,94
Chiyanki Hill,24.0182033,84.10116889999999,4,"point_of_interest, establishment",hills,Jharkhand,Winter,Garhwa,47
HILL HOUSE🏡,24.164251,83.79430699999999,5,"point_of_interest, establishment",hills,Jharkhand,Winter,Garhwa,5
chiyanki hill park,24.0110625,84.1104375,4,"park, point_of_interest, establishment",hills,Jharkhand,Winter,Garhwa,205
Daltonganj Hill Forest,23.9554157,83.99558789999999,3.8,"park, point_of_interest, establishment",hills,Jharkhand,Winter,Garhwa,358
Anil Kujur Nature Hills,23.9476215,83.9758738,5,"point_of_interest, establishment",hills,Jharkhand,Winter,Garhwa,1
Bankeswar Nath Hills,24.2594038,83.6881104,4,"point_of_interest, establishment",hills,Jharkhand,Winter,Garhwa,5
Semri HILL,24.3442745,83.8742359,5,"park, point_of_interest, establishment",hills,Jharkhand,Winter,Garhwa,1
Palamu Hill View Middle School,24.159284,83.793905,4.4,"school, point_of_interest, establishment",hills,Jharkhand,Winter,Garhwa,7
"Rajbandha ,Hills station",24.2741429,83.6803833,4.1,"park, point_of_interest, establishment",hills,Jharkhand,Winter,Garhwa,17
Pachghra Hill,24.2449954,83.97971729999999,4.6,"natural_feature, establishment",hills,Jharkhand,Winter,Garhwa,9
Top view Hill,24.3168395,83.52439679999999,4,"travel_agency, point_of_interest, establishment",hills,Jharkhand,Winter,Garhwa,7
Hill Society Nawadih,24.0465121,84.07684619999999,0,"point_of_interest, establishment",hills,Jharkhand,Winter,Garhwa,0
Aman hills,23.9465422,83.97241819999999,0,"point_of_interest, establishment",hills,Jharkhand,Winter,Garhwa,0
Banda pahad,24.1819783,83.78745669999999,4.4,"tourist_attraction, point_of_interest, establishment",hills,Jharkhand,Winter,Garhwa,14
Heaven Hills,24.3074491,83.6360923,3,"travel_agency, point_of_interest, establishment",hills,Jharkhand,Winter,Garhwa,4
Rajhara,24.1688731,84.03921079999999,No rating,"locality, political",hills,Jharkhand,Winter,Garhwa,0
Chianki Hill,24.010701,84.1099572,4.1,"tourist_attraction, point_of_interest, establishment",attraction,Jharkhand,All Seasons,Garhwa,94
Chianki Rocky Cliff,24.0104535,84.1097781,4.1,"tourist_attraction, point_of_interest, establishment",attraction,Jharkhand,All Seasons,Garhwa,25
Dubey Mines,24.037819,84.0279104,2.6,"tourist_attraction, point_of_interest, establishment",attraction,Jharkhand,All Seasons,Garhwa,7
चोरॉटी पहाड़,24.1421173,83.72116489999999,5,"tourist_attraction, point_of_interest, establishment",attraction,Jharkhand,All Seasons,Garhwa,1
Hadhadwa tourist place,24.1856644,84.0674023,4.7,"tourist_attraction, point_of_interest, establishment",attraction,Jharkhand,All Seasons,Garhwa,7
Kuthilwa hill,24.2271372,83.9345716,4.5,"tourist_attraction, point_of_interest, establishment",attraction,Jharkhand,All Seasons,Garhwa,14
Banda pahad,24.1819783,83.78745669999999,4.4,"tourist_attraction, point_of_interest, establishment",attraction,Jharkhand,All Seasons,Garhwa,14
भुतहा टोंगरी,24.0447546,83.95430619999999,0,"tourist_attraction, point_of_interest, establishment",attraction,Jharkhand,All Seasons,Garhwa,0
Ranital Dam,23.9974277,84.02865369999999,4.2,"tourist_attraction, point_of_interest, establishment",attraction,Jharkhand,All Seasons,Garhwa,210
"बढ़का पहाड़, जयनगरा",24.0319181,83.95349759999999,0,"tourist_attraction, point_of_interest, establishment",attraction,Jharkhand,All Seasons,Garhwa,0
Kacharwa Dam,24.0481706,84.0960056,4,"tourist_attraction, point_of_interest, establishment",attraction,Jharkhand,All Seasons,Garhwa,2
Had Hadwa water fall,24.4127572,84.0842669,4.5,"tourist_attraction, point_of_interest, establishment",attraction,Jharkhand,All Seasons,Garhwa,8
चैनपुर तालाब,24.0130445,84.04428229999999,4,"tourist_attraction, point_of_interest, establishment",attraction,Jharkhand,All Seasons,Garhwa,1
Kund fall,24.4317767,84.0272835,3.8,"tourist_attraction, point_of_interest, establishment",attraction,Jharkhand,All Seasons,Garhwa,9
Banka Mountain,24.258001,83.68505909999999,4.5,"tourist_attraction, point_of_interest, establishment",attraction,Jharkhand,All Seasons,Garhwa,13
Chirka dam,24.0082772,83.63419999999999,3.5,"tourist_attraction, point_of_interest, establishment",attraction,Jharkhand,All Seasons,Garhwa,23
Baba Chandraj Temple,24.2294238,83.5883245,4,"tourist_attraction, point_of_interest, establishment",attraction,Jharkhand,All Seasons,Garhwa,12
Khaadan waterfall bhawnathpur garhwa,24.42289,83.6066033,5,"tourist_attraction, point_of_interest, establishment",attraction,Jharkhand,All Seasons,Garhwa,2
जयनगरा पुल,24.0437659,83.9577291,0,"tourist_attraction, point_of_interest, establishment",attraction,Jharkhand,All Seasons,Garhwa,0
"Ghadi Chowk, Garhwa",24.1598936,83.80825999999999,4.2,"tourist_attraction, point_of_interest, establishment",attraction,Jharkhand,All Seasons,Garhwa,5
Surendra Kumar gond,24.1061125,83.5612426,5,"tourist_attraction, point_of_interest, establishment",attraction,Jharkhand,All Seasons,Garhwa,1
Anna raj dam reservoir,24.0685875,83.8193794,0,"tourist_attraction, point_of_interest, establishment",attraction,Jharkhand,All Seasons,Garhwa,0
Aanraj Dam Reservoir,24.0648509,83.8163874,4.3,"tourist_attraction, amusement_park, point_of_interest, establishment",attraction,Jharkhand,All Seasons,Garhwa,127
Guru Sindhu Waterfall (गुरुसिन्धु जलप्रपात),24.0101126,83.5234234,4.4,"tourist_attraction, point_of_interest, establishment",attraction,Jharkhand,All Seasons,Garhwa,84
Butanduba Dam,23.9494536,84.0873652,4.4,"tourist_attraction, point_of_interest, establishment",attraction,Jharkhand,All Seasons,Garhwa,9
अन्नराज डैम गढवा़,24.0680292,83.8193264,4.4,"tourist_attraction, point_of_interest, establishment",attraction,Jharkhand,All Seasons,Garhwa,56
Naina jharnaa,24.3420625,83.5560625,2.4,"tourist_attraction, point_of_interest, establishment",attraction,Jharkhand,All Seasons,Garhwa,5
Mahadeo Temple,24.0580273,83.9482812,5,"tourist_attraction, hindu_temple, place_of_worship, point_of_interest, establishment",attraction,Jharkhand,All Seasons,Garhwa,1
Kitasoti kala pull,24.072917,83.8569447,3,"tourist_attraction, point_of_interest, establishment",attraction,Jharkhand,All Seasons,Garhwa,6
पढुआ मोड़,24.2114948,83.64978769999999,2.9,"tourist_attraction, point_of_interest, establishment",attraction,Jharkhand,All Seasons,Garhwa,9
kadiyaraj dham,24.3456973,83.5610683,3.8,"tourist_attraction, point_of_interest, establishment",attraction,Jharkhand,All Seasons,Garhwa,6
यूरिया नदी स्नान तट,24.1602335,83.7218556,4.8,"tourist_attraction, point_of_interest, establishment",attraction,Jharkhand,All Seasons,Garhwa,4
Ambedkar chauk Hurdag Ranka raj,23.9612983,83.76587169999999,4.5,"tourist_attraction, point_of_interest, establishment",attraction,Jharkhand,All Seasons,Garhwa,6
अमवार बांध/डेम,24.0828155,83.7507873,3.4,"tourist_attraction, point_of_interest, establishment",attraction,Jharkhand,All Seasons,Garhwa,5
Dr Anupam’s Farm house,24.1461809,84.0023097,5,"tourist_attraction, point_of_interest, establishment",attraction,Jharkhand,All Seasons,Garhwa,6
Chhotu babu,24.4264277,83.877348,0,"tourist_attraction, point_of_interest, establishment",attraction,Jharkhand,All Seasons,Garhwa,0
Shri Mathura Mahato Farm Houses,24.1665996,83.7143924,0,"tourist_attraction, point_of_interest, establishment",attraction,Jharkhand,All Seasons,Garhwa,0
Office Of Palamu Tiger Reserve,24.0390473,84.06830049999999,4.2,"tourist_attraction, point_of_interest, establishment",attraction,Jharkhand,All Seasons,Garhwa,162
Heart shaped pipal tree,24.0459355,84.10074449999999,0,"tourist_attraction, point_of_interest, establishment",attraction,Jharkhand,All Seasons,Garhwa,0
Barmasia Children Park,24.187,86.3136802,4,"park, point_of_interest, establishment",parks,Jharkhand,Spring,Giridih,731
Children Park,24.1746357,86.3085931,3.8,"park, tourist_attraction, point_of_interest, establishment",parks,Jharkhand,Spring,Giridih,232
Shaheed Sitaram Upadhyay Children Park,24.1804805,86.30349149999999,3.9,"park, point_of_interest, establishment",parks,Jharkhand,Spring,Giridih,261
Atal children park,24.1965597,86.2989241,3.7,"park, point_of_interest, establishment",parks,Jharkhand,Spring,Giridih,154
Swami Vivekananad Park,24.1715152,86.2744137,3.8,"park, point_of_interest, establishment",parks,Jharkhand,Spring,Giridih,94
Shastri Nagar park,24.1965753,86.2987222,3.9,"park, point_of_interest, establishment",parks,Jharkhand,Spring,Giridih,51
"Khandoli Park, Giridih",24.2340836,86.3419413,4.1,"park, tourist_attraction, point_of_interest, establishment",parks,Jharkhand,Spring,Giridih,4250
Chirki Park,24.045983,86.16203209999999,3.5,"park, point_of_interest, establishment",parks,Jharkhand,Spring,Giridih,33
Khandoli Park Stone Sculptures,24.2344404,86.34054050000002,4,"park, point_of_interest, establishment",parks,Jharkhand,Spring,Giridih,47
Khandoli hill,24.2344394,86.3413891,4.4,"park, point_of_interest, establishment",parks,Jharkhand,Spring,Giridih,36
Stand Park,24.21618,86.1562033,4.6,"park, point_of_interest, establishment",parks,Jharkhand,Spring,Giridih,7
Rock Park,24.0461759,86.16166070000001,3.9,"park, point_of_interest, establishment",parks,Jharkhand,Spring,Giridih,8
Mountain Range,23.964986,86.39341519999999,3.6,"park, point_of_interest, establishment",parks,Jharkhand,Spring,Giridih,11
Whitty Bazar Park,24.180515,86.30340799999999,3.9,"park, point_of_interest, establishment",parks,Jharkhand,Spring,Giridih,169
Children park sai mandir,24.186997,86.31377979999999,3.9,"park, point_of_interest, establishment",parks,Jharkhand,Spring,Giridih,33
Azad Nagar Pond Garden,24.1853359,86.2954352,3.9,"park, clothing_store, point_of_interest, store, establishment",parks,Jharkhand,Spring,Giridih,41
Water Park Topchanchi,23.9255,86.1814024,4.1,"park, point_of_interest, establishment",parks,Jharkhand,Spring,Giridih,167
Azad Nagar,23.935742,86.51734619999999,5,"park, point_of_interest, establishment",parks,Jharkhand,Spring,Giridih,1
Jamunia River,23.9778778,86.0245455,3.9,"park, point_of_interest, establishment",parks,Jharkhand,Spring,Giridih,17
Saheed Sitaram Upadhyay Children's Park,24.1885485,86.2988439,4.5,"park, point_of_interest, establishment",parks,Jharkhand,Spring,Giridih,4
Christian hill,24.2045518,86.2932941,4.3,"park, point_of_interest, establishment",parks,Jharkhand,Spring,Giridih,7
"Forest , Dhobna",24.0144885,86.5213208,5,"park, point_of_interest, establishment",parks,Jharkhand,Spring,Giridih,1
Topchanchi Jheel Sitting area,23.9236107,86.1872246,4.2,"park, point_of_interest, establishment",parks,Jharkhand,Spring,Giridih,30
AKhada maidan telodih,24.2103711,86.2409528,3.7,"park, point_of_interest, establishment",parks,Jharkhand,Spring,Giridih,3
Badkitand Lover Park,23.9657454,86.058232,5,"park, point_of_interest, establishment",parks,Jharkhand,Spring,Giridih,1
KING.OFF.KHANADOLI,24.2409119,86.3349029,4.8,"park, point_of_interest, establishment",parks,Jharkhand,Spring,Giridih,6
"Giridih Knowledge Park, Chirudih , Udnabad",24.1482392,86.3624857,4.1,"park, point_of_interest, establishment",parks,Jharkhand,Spring,Giridih,8
Julie Park,23.970313,86.2592126,5,"park, point_of_interest, establishment",parks,Jharkhand,Spring,Giridih,2
Mini Jurassic park,24.4211333,86.161204,3.5,"park, point_of_interest, establishment",parks,Jharkhand,Spring,Giridih,4
SOHEL TANVEER 💕,24.0869403,86.56820309999999,5,"park, point_of_interest, establishment",parks,Jharkhand,Spring,Giridih,2
Hamshafar park,24.0003408,86.4895161,5,"park, point_of_interest, establishment",parks,Jharkhand,Spring,Giridih,2
Jageswar Saw Garden Sondar Park,24.3296498,86.17567489999999,4.1,"park, point_of_interest, establishment",parks,Jharkhand,Spring,Giridih,7
Ankush Parath Nath Reserve,23.9649036,86.1446493,0,"park, point_of_interest, establishment",parks,Jharkhand,Spring,Giridih,0
"श्री रूपलाल महतो बगीचा, चचघरा",24.2716125,86.1082656,4.9,"park, point_of_interest, establishment",parks,Jharkhand,Spring,Giridih,14
Dr Salima Village,24.1668654,86.3179342,0,"park, point_of_interest, establishment",parks,Jharkhand,Spring,Giridih,0
Dhundhi amm (Big tree),24.2957809,86.0652413,5,"park, point_of_interest, establishment",parks,Jharkhand,Spring,Giridih,2
New pond नूतून बान्ध,23.9833517,86.4968432,4,"park, point_of_interest, establishment",parks,Jharkhand,Spring,Giridih,3
Fulchi Road Madhupur,24.249425,86.6005138,3.3,"park, point_of_interest, establishment",parks,Jharkhand,Spring,Giridih,19
Children Park,24.0503203,86.61346440000001,3,"park, point_of_interest, establishment",parks,Jharkhand,Spring,Giridih,4
Creator Place Centralpit,24.1577018,86.3116464,5,"park, point_of_interest, establishment",parks,Jharkhand,Spring,Giridih,1
KP PARK,24.0618299,86.08901,3.5,"park, point_of_interest, establishment",parks,Jharkhand,Spring,Giridih,2
Sidhhu Kanhu Murmu Park,24.2877117,86.4239968,1.3,"park, point_of_interest, establishment",parks,Jharkhand,Spring,Giridih,3
उसरी पार्क गिरिडीह,24.0979748,86.3694792,4.3,"park, point_of_interest, establishment",parks,Jharkhand,Spring,Giridih,6
Baltharwa Jungle,24.1118117,86.2961967,3.5,"park, point_of_interest, establishment",parks,Jharkhand,Spring,Giridih,4
Telonari park,24.2932283,86.29046369999999,2.5,"park, point_of_interest, establishment",parks,Jharkhand,Spring,Giridih,2
Hati park,24.125247,86.3782232,5,"park, point_of_interest, establishment",parks,Jharkhand,Spring,Giridih,1
Madanpur Forest Hill,24.2054411,86.17339729999999,5,"park, point_of_interest, establishment",parks,Jharkhand,Spring,Giridih,1
Charghara Aam Bagicha,24.2263588,86.4687816,5,"park, point_of_interest, establishment",parks,Jharkhand,Spring,Giridih,1
AJ Farmhouse,24.1948242,86.27378139999999,5,"park, point_of_interest, establishment",parks,Jharkhand,Spring,Giridih,4
Pesham Forest Range,24.2473121,86.0509505,3,"park, point_of_interest, establishment",parks,Jharkhand,Spring,Giridih,2
Kodaydih New Park,24.2084375,86.15118749999999,0,"park, point_of_interest, establishment",parks,Jharkhand,Spring,Giridih,0
️ Dombi pahad ️,24.1228994,86.0696619,3,"park, point_of_interest, establishment",parks,Jharkhand,Spring,Giridih,2
Ratori pahad,24.1375429,86.0796716,5,"park, point_of_interest, establishment",parks,Jharkhand,Spring,Giridih,1
Shahu Small Talaab,24.3761482,86.3334277,3,"park, point_of_interest, establishment",parks,Jharkhand,Spring,Giridih,2
Mundhari,24.282506,86.416961,3,"park, point_of_interest, establishment",parks,Jharkhand,Spring,Giridih,2
Stand park,24.269378,86.2092377,0,"park, point_of_interest, establishment",parks,Jharkhand,Spring,Giridih,0
Stand park Madhwa,24.2664902,86.21570679999999,0,"park, point_of_interest, establishment",parks,Jharkhand,Spring,Giridih,0
Barayan,24.1920928,86.04840469999999,2.9,"park, point_of_interest, establishment",parks,Jharkhand,Spring,Giridih,7
Telonati park,24.2831607,86.2920255,0,"park, point_of_interest, establishment",parks,Jharkhand,Spring,Giridih,0
Behera,23.9139061,86.50983149999999,0,"park, point_of_interest, establishment",parks,Jharkhand,Spring,Giridih,0
Jain Museum,24.0078112,86.1485793,4.4,"museum, tourist_attraction, point_of_interest, establishment",museum,Jharkhand,Winter,Giridih,534
Raja Jama Masjid,24.1954004,86.2460978,4.8,"museum, point_of_interest, establishment",museum,Jharkhand,Winter,Giridih,10
Bada Dam,23.9138415,86.1219589,4.5,"museum, point_of_interest, establishment",museum,Jharkhand,Winter,Giridih,4
Azad.tant.sond.garnjo,24.2743416,86.2357323,4,"museum, point_of_interest, establishment",museum,Jharkhand,Winter,Giridih,6
Shahapura,24.4291373,86.2688896,0,"museum, point_of_interest, establishment",museum,Jharkhand,Winter,Giridih,0
Sushil murmu,24.0394927,86.20821480000001,0,"museum, point_of_interest, establishment",museum,Jharkhand,Winter,Giridih,0
Abu Bakr Siddique Masjid Charghara Kisgo,24.1913553,86.2996383,0,"museum, point_of_interest, establishment",museum,Jharkhand,Winter,Giridih,0
Hussaini chowk garagdiha,24.4322983,86.0387635,3.5,"museum, point_of_interest, establishment",museum,Jharkhand,Winter,Giridih,10
Chengdhri noori masjid,24.06581,86.0976402,3.1,"museum, point_of_interest, establishment",museum,Jharkhand,Winter,Giridih,7
Sri Digambar Jain Museum,24.0075005,86.1483399,4,"place_of_worship, point_of_interest, establishment",museum,Jharkhand,Winter,Giridih,1
Y P club Ambatand Ims Rode,24.1625047,86.3063234,3.5,"museum, point_of_interest, establishment",museum,Jharkhand,Winter,Giridih,6
Saddam Ansari,23.9674458,86.04327359999999,5,"museum, point_of_interest, establishment",museum,Jharkhand,Winter,Giridih,1
उपेंद्र कुमार,24.3431489,86.0236364,0,"museum, point_of_interest, establishment",museum,Jharkhand,Winter,Giridih,0
MD ashik,24.1427964,86.4427687,2,"museum, point_of_interest, establishment",museum,Jharkhand,Winter,Giridih,1
Tetaramo Kabristan,24.3867236,86.1164859,3.5,"museum, point_of_interest, establishment",museum,Jharkhand,Winter,Giridih,4
Mahfuz.e ilahi,24.4321102,86.0426355,0,"museum, point_of_interest, establishment",museum,Jharkhand,Winter,Giridih,0
Bablu Babu Hosh,24.2215753,86.3845518,0,"museum, point_of_interest, establishment",museum,Jharkhand,Winter,Giridih,0
Dariaidih kabrstan 2,24.3862305,86.1116539,0,"museum, point_of_interest, establishment",museum,Jharkhand,Winter,Giridih,0
Noor Masjid 16ghar Narayanpur,24.284242,86.58543639999999,5,"museum, point_of_interest, establishment",museum,Jharkhand,Winter,Giridih,7
KOSH - Open Library | Knowledge and Open Source Help | Sir JC Bose Memorial,24.1891139,86.30301759999999,0,"museum, library, point_of_interest, establishment",museum,Jharkhand,Winter,Giridih,0
Maricho Waterfall TRILOKINATH,23.9452935,86.36798259999999,3.9,"tourist_attraction, point_of_interest, establishment",waterfalls,Jharkhand,Monsoon,Giridih,19
Topchanchi waterfall,23.9202682,86.1801347,3.7,"tourist_attraction, point_of_interest, establishment",waterfalls,Jharkhand,Monsoon,Giridih,12
Palobeda Waterfall,23.9805886,86.5826625,5,"tourist_attraction, point_of_interest, establishment",waterfalls,Jharkhand,Monsoon,Giridih,2
Waterfalls,23.9664106,86.1117005,5,"park, point_of_interest, establishment",waterfalls,Jharkhand,Monsoon,Giridih,1
Usri Falls,24.0973888,86.3697537,4.3,"tourist_attraction, point_of_interest, establishment",waterfalls,Jharkhand,Monsoon,Giridih,2806
Usri Falls Corner,24.1128054,86.369159,4.5,"tourist_attraction, point_of_interest, establishment",waterfalls,Jharkhand,Monsoon,Giridih,42
Dalia mini waterfall,24.2993476,86.0385268,4.8,"tourist_attraction, point_of_interest, establishment",waterfalls,Jharkhand,Monsoon,Giridih,13
Usri Falls,24.0964599,86.3695911,4.4,"natural_feature, establishment",waterfalls,Jharkhand,Monsoon,Giridih,618
Hidden Waterfall,23.9258653,86.1721585,0,"tourist_attraction, point_of_interest, establishment",waterfalls,Jharkhand,Monsoon,Giridih,0
Mini Ushri falls,24.0956875,86.36918750000001,3.8,"tourist_attraction, point_of_interest, establishment",waterfalls,Jharkhand,Monsoon,Giridih,4
Karma Big waterfall,24.2985308,86.0595805,3.6,"tourist_attraction, point_of_interest, establishment",waterfalls,Jharkhand,Monsoon,Giridih,5
Topchanchi Waterfall,23.9271353,86.1708596,4.3,"tourist_attraction, point_of_interest, establishment",waterfalls,Jharkhand,Monsoon,Giridih,98
Marang buru waterfall _ᱢᱟᱨᱟᱝ ᱵᱩᱨᱩ ᱡᱷᱟᱨᱱᱟ ᱫᱟᱜ,23.9855321,86.1612603,5,"point_of_interest, establishment",waterfalls,Jharkhand,Monsoon,Giridih,3
Bakulia Jharna,24.3009604,86.5789779,3.9,"amusement_park, point_of_interest, establishment",waterfalls,Jharkhand,Monsoon,Giridih,100
Marwatanr fall,24.2141164,86.4735528,5,"point_of_interest, establishment",beaches,Jharkhand,Summer,Giridih,1
Khandoli,24.2396894,86.335141,No rating,"locality, political",beaches,Jharkhand,Summer,Giridih,0
My jaan,24.1800838,86.24557589999999,0,"zoo, point_of_interest, establishment",zoo,Jharkhand,Winter,Giridih,0
"Khandoli Park, Giridih",24.2340836,86.3419413,4.1,"park, tourist_attraction, point_of_interest, establishment",zoo,Jharkhand,Winter,Giridih,4250
"Shiv Temple ,Kramdaha",23.9879074,86.5733056,4,"hindu_temple, place_of_worship, point_of_interest, establishment",temples,Jharkhand,All Seasons,Giridih,66
Hanuman Temple,24.1807336,86.307683,4.5,"hindu_temple, place_of_worship, point_of_interest, establishment",temples,Jharkhand,All Seasons,Giridih,17
Shri Vishwanath Mahadev Mandir BARMASIYA,24.4130449,86.29084209999999,4.5,"hindu_temple, place_of_worship, point_of_interest, establishment",temples,Jharkhand,All Seasons,Giridih,37
Temple,24.2256907,86.0361836,4.4,"hindu_temple, place_of_worship, point_of_interest, establishment",temples,Jharkhand,All Seasons,Giridih,5
Sankat Mochan Hanuman Temple,24.4320765,86.3466953,5,"hindu_temple, place_of_worship, point_of_interest, establishment",temples,Jharkhand,All Seasons,Giridih,3
hanuman temple,24.1889116,86.05357599999999,4.3,"hindu_temple, place_of_worship, point_of_interest, establishment",temples,Jharkhand,All Seasons,Giridih,4
Deewantola Temple,24.2094052,86.268582,4.8,"hindu_temple, place_of_worship, point_of_interest, establishment",temples,Jharkhand,All Seasons,Giridih,37
DEVI TEMPLE KODAMBARI सार्वजनिक देवी पुजा मण्डप (कोदम्बरी सिहोडीह),24.4522509,86.06527919999999,4.7,"hindu_temple, place_of_worship, point_of_interest, establishment",temples,Jharkhand,All Seasons,Giridih,15
SAI TEMPLE GIRIDIH,24.1867545,86.3134994,4.6,"hindu_temple, place_of_worship, point_of_interest, establishment",temples,Jharkhand,All Seasons,Giridih,129
Adiwasi Temple Nawkadih,24.194601,86.340324,5,"hindu_temple, place_of_worship, point_of_interest, establishment",temples,Jharkhand,All Seasons,Giridih,1
Shiv Temple,24.3562123,86.54728039999999,5,"hindu_temple, place_of_worship, point_of_interest, establishment",temples,Jharkhand,All Seasons,Giridih,4
"Rujuvalika Jain Temple, Giridih",24.116648,86.2217934,4.7,"place_of_worship, point_of_interest, establishment",temples,Jharkhand,All Seasons,Giridih,514
Bajrangbali Temple Kurawatand,24.2247868,86.0355083,5,"hindu_temple, place_of_worship, point_of_interest, establishment",temples,Jharkhand,All Seasons,Giridih,1
Hanuman Temple Garhatadh,24.1842597,86.3298891,5,"hindu_temple, place_of_worship, point_of_interest, establishment",temples,Jharkhand,All Seasons,Giridih,2
Maa Kali Temple,24.2086561,86.40234889999999,5,"hindu_temple, place_of_worship, point_of_interest, establishment",temples,Jharkhand,All Seasons,Giridih,2
"Lillori Temple, Harladih",24.085651,86.12795799999999,5,"hindu_temple, place_of_worship, point_of_interest, establishment",temples,Jharkhand,All Seasons,Giridih,1
Budhai temple,24.3619643,86.5339367,4.2,"hindu_temple, place_of_worship, point_of_interest, establishment",temples,Jharkhand,All Seasons,Giridih,50
Parvati Devi temple,23.98748,86.06454889999999,5,"hindu_temple, place_of_worship, point_of_interest, establishment",temples,Jharkhand,All Seasons,Giridih,1
"DURGA MATA TEMPLE , CHANDNADIH",24.0856215,86.06907890000001,5,"hindu_temple, place_of_worship, point_of_interest, establishment",temples,Jharkhand,All Seasons,Giridih,4
Badkitand Hanuman Temple,24.2285894,86.39839289999999,5,"hindu_temple, place_of_worship, point_of_interest, establishment",temples,Jharkhand,All Seasons,Giridih,3
DEVI temple,24.0501849,86.0885334,2,"hindu_temple, place_of_worship, point_of_interest, establishment",temples,Jharkhand,All Seasons,Giridih,1
MAA DURGA TEMPLE (MANDIR),24.2010739,86.5456811,4,"hindu_temple, place_of_worship, point_of_interest, establishment",temples,Jharkhand,All Seasons,Giridih,2
Hanuman temple,24.3944265,86.2065993,2,"hindu_temple, place_of_worship, point_of_interest, establishment",temples,Jharkhand,All Seasons,Giridih,1
Hanuman Temple,24.36768,86.42371829999999,3.3,"hindu_temple, place_of_worship, point_of_interest, establishment",temples,Jharkhand,All Seasons,Giridih,4
Durga Temple,24.4237231,86.0837119,4.7,"hindu_temple, place_of_worship, point_of_interest, establishment",temples,Jharkhand,All Seasons,Giridih,12
"BajrangBali Temple ""Harodih"" (East).",24.4115455,86.2727757,4.4,"hindu_temple, place_of_worship, point_of_interest, establishment",temples,Jharkhand,All Seasons,Giridih,14
Temple No. 16 (Lord Chandaprabhu) ( 8ನೇ ತೀರ್ಥಂಕರ ಚಂದ್ರಪ್ರಭ ಕೂಟ,23.963799,86.1467687,4.3,"place_of_worship, point_of_interest, establishment",temples,Jharkhand,All Seasons,Giridih,7
MANDIR (TEMPLE),24.2052601,86.2634011,4.5,"hindu_temple, place_of_worship, point_of_interest, establishment",temples,Jharkhand,All Seasons,Giridih,2
Vishwakarma Temple (विश्वकर्मा मंदिर ),24.3563337,86.5478206,2.5,"hindu_temple, place_of_worship, point_of_interest, establishment",temples,Jharkhand,All Seasons,Giridih,2
Temple,24.3015706,86.3606832,4.2,"hindu_temple, place_of_worship, point_of_interest, establishment",temples,Jharkhand,All Seasons,Giridih,19
Isri(Gaura Nitai Temple),23.9804,86.03669049999999,5,"hindu_temple, place_of_worship, point_of_interest, establishment",temples,Jharkhand,All Seasons,Giridih,1
Durga Temple,24.3024182,86.0747655,4.3,"hindu_temple, place_of_worship, point_of_interest, establishment",temples,Jharkhand,All Seasons,Giridih,11
Baba Bhutnath Temple,24.1281995,86.2156827,4,"hindu_temple, place_of_worship, point_of_interest, establishment",temples,Jharkhand,All Seasons,Giridih,3
Gunaytan Nyas,24.007609,86.1498567,4.7,"place_of_worship, point_of_interest, establishment",temples,Jharkhand,All Seasons,Giridih,298
Hanuman Temple Barki Bergi,24.1169247,86.024593,4.3,"hindu_temple, place_of_worship, point_of_interest, establishment",temples,Jharkhand,All Seasons,Giridih,24
Shree RAM temple,24.3602551,86.2501875,5,"hindu_temple, place_of_worship, point_of_interest, establishment",temples,Jharkhand,All Seasons,Giridih,1
Dudhiyano Temple,24.2809883,86.0855359,4.3,"hindu_temple, place_of_worship, point_of_interest, establishment",temples,Jharkhand,All Seasons,Giridih,9
Shiva and Hanuman Temple Banhati,24.2322736,86.3086484,3.9,"hindu_temple, place_of_worship, point_of_interest, establishment",temples,Jharkhand,All Seasons,Giridih,14
Shiv Mandir,24.206591,86.2586674,4.9,"hindu_temple, place_of_worship, point_of_interest, establishment",temples,Jharkhand,All Seasons,Giridih,10
Shiv Temple,24.2115027,86.2823621,5,"hindu_temple, place_of_worship, point_of_interest, establishment",temples,Jharkhand,All Seasons,Giridih,1
"Shree 1008 Parswanath Digamber Jain Old Temple, Palganj",24.0792541,86.2167995,4.6,"place_of_worship, point_of_interest, establishment",temples,Jharkhand,All Seasons,Giridih,92
Kacchi Bhavan Jain Temple,24.0068802,86.14857649999999,4.6,"place_of_worship, point_of_interest, establishment",temples,Jharkhand,All Seasons,Giridih,26
Madhuban Digamber Jain Temple,24.0027172,86.1480064,4.5,"place_of_worship, point_of_interest, establishment",temples,Jharkhand,All Seasons,Giridih,54
Shri Nandprabha Rujuwalika Jain Shwetambar Tirth - Mahavir Swami Kevalgyan Bhumi,24.1185073,86.2184125,4.8,"place_of_worship, point_of_interest, establishment",temples,Jharkhand,All Seasons,Giridih,67
Temple No. 20,23.959426,86.14019429999999,4.6,"place_of_worship, point_of_interest, establishment",temples,Jharkhand,All Seasons,Giridih,14
"Shiv Temple, Pesham",24.2591238,86.0502584,4,"hindu_temple, place_of_worship, point_of_interest, establishment",temples,Jharkhand,All Seasons,Giridih,1
Temple,24.4453177,86.280514,5,"hindu_temple, place_of_worship, point_of_interest, establishment",temples,Jharkhand,All Seasons,Giridih,1
Shree Ram Temple Parsan,24.271588,86.2971261,5,"hindu_temple, place_of_worship, point_of_interest, establishment",temples,Jharkhand,All Seasons,Giridih,3
SHIV TEMPLE,24.0547137,86.02319870000001,5,"hindu_temple, place_of_worship, point_of_interest, establishment",temples,Jharkhand,All Seasons,Giridih,1
Goddess Durga Temple,24.4069858,86.16044649999999,4.6,"hindu_temple, place_of_worship, point_of_interest, establishment",temples,Jharkhand,All Seasons,Giridih,8
"Panch Temple , Jamua",24.369265,86.14836989999999,4.8,"hindu_temple, place_of_worship, point_of_interest, establishment",temples,Jharkhand,All Seasons,Giridih,11
Temple,23.9738509,86.0873629,0,"hindu_temple, place_of_worship, point_of_interest, establishment",temples,Jharkhand,All Seasons,Giridih,0
बजरंगबली मंदिर ( bajrang bali temple),24.1229411,86.13587199999999,5,"hindu_temple, place_of_worship, point_of_interest, establishment",temples,Jharkhand,All Seasons,Giridih,2
DukhHaran Nath Shiv Temple,24.4133393,86.06634799999999,5,"hindu_temple, place_of_worship, point_of_interest, establishment",temples,Jharkhand,All Seasons,Giridih,1
Trilokinath Temple,23.945829,86.36938599999999,4.6,"hindu_temple, place_of_worship, point_of_interest, establishment",temples,Jharkhand,All Seasons,Giridih,8
Shiv Temple,24.319047,86.20327440000001,4.6,"place_of_worship, point_of_interest, establishment",temples,Jharkhand,All Seasons,Giridih,9
Jai Bajarang Bali Temple,23.9144594,86.09985859999999,5,"hindu_temple, place_of_worship, point_of_interest, establishment",temples,Jharkhand,All Seasons,Giridih,1
Hanuman temple bijaydih mor,24.2913299,86.0250671,4.8,"hindu_temple, place_of_worship, point_of_interest, establishment",temples,Jharkhand,All Seasons,Giridih,5
Kuldevi Temple,24.3677694,86.1524817,5,"hindu_temple, place_of_worship, point_of_interest, establishment",temples,Jharkhand,All Seasons,Giridih,4
Shiv temple Golodih,24.3879833,86.143855,5,"hindu_temple, place_of_worship, point_of_interest, establishment",temples,Jharkhand,All Seasons,Giridih,1
Budhai Hills,24.3620009,86.5346627,4.3,"tourist_attraction, point_of_interest, establishment",hills,Jharkhand,Winter,Giridih,209
Parasnath Parvat,23.9421629,86.1853474,4.6,"place_of_worship, point_of_interest, establishment",hills,Jharkhand,Winter,Giridih,1249
Khandoli hill,24.2344394,86.3413891,4.4,"park, point_of_interest, establishment",hills,Jharkhand,Winter,Giridih,36
Shri Sammed Shikharji,23.9611072,86.1369431,4.8,"hindu_temple, tourist_attraction, place_of_worship, point_of_interest, establishment",hills,Jharkhand,Winter,Giridih,3484
C2C Hill,24.1910062,86.33674189999999,4.3,"point_of_interest, establishment",hills,Jharkhand,Winter,Giridih,22
Parasnath Hill,23.9649036,86.1446493,4.8,"place_of_worship, point_of_interest, establishment",hills,Jharkhand,Winter,Giridih,4
Hill station,24.1734367,86.28340759999999,4,"lodging, point_of_interest, establishment",hills,Jharkhand,Winter,Giridih,5
Hill House,24.1570924,86.2613484,4.7,"lodging, point_of_interest, establishment",hills,Jharkhand,Winter,Giridih,7
Madanpur Forest Hill,24.2054411,86.17339729999999,5,"park, point_of_interest, establishment",hills,Jharkhand,Winter,Giridih,1
"Kalikund Dham, Parsanath Hill Madhuban",24.0101271,86.1485015,4.8,"place_of_worship, point_of_interest, establishment",hills,Jharkhand,Winter,Giridih,38
HILL OF THAKURCHAK,23.9114768,86.1187363,4.2,"park, point_of_interest, establishment",hills,Jharkhand,Winter,Giridih,6
29th Sidhavara Tonk of Shri Ajitnath (2nd Tirthankar),23.9622649,86.1295288,5,"place_of_worship, point_of_interest, establishment",hills,Jharkhand,Winter,Giridih,23
30th Urjayanta Tonk of Shri Neminath (22nd Tirthankar),23.962745,86.12945049999999,4.6,"place_of_worship, point_of_interest, establishment",hills,Jharkhand,Winter,Giridih,27
Christian hill,24.2045518,86.2932941,4.3,"park, point_of_interest, establishment",hills,Jharkhand,Winter,Giridih,7
Hotel Giridih Hills,24.2557081,86.3352427,4.8,"restaurant, food, point_of_interest, establishment",hills,Jharkhand,Winter,Giridih,178
Shri Parshwanath Jain Tonk,23.9637393,86.12863929999999,4.7,"place_of_worship, point_of_interest, establishment",hills,Jharkhand,Winter,Giridih,819
Mohaniyapahri Picnics Place,24.3958185,86.3485359,5,"point_of_interest, establishment",hills,Jharkhand,Winter,Giridih,8
KODWADIH HILL,24.2039983,86.23037819999999,5,"park, point_of_interest, establishment",hills,Jharkhand,Winter,Giridih,1
Beauty of Nature Parshnath Hill,23.9649036,86.1446493,0,"tourist_attraction, point_of_interest, establishment",hills,Jharkhand,Winter,Giridih,0
Shri Kunthunath Bhagwan Tonk (2),23.9613298,86.1365431,4.8,"place_of_worship, point_of_interest, establishment",hills,Jharkhand,Winter,Giridih,15
Kankarchhuri Hill,23.9173459,86.3279546,5,"park, point_of_interest, establishment",hills,Jharkhand,Winter,Giridih,1
CHIHUITYA Gh Hill,24.2285481,86.59837979999999,4.1,"park, point_of_interest, establishment",hills,Jharkhand,Winter,Giridih,33
Khandoli Hill,24.2330881,86.33830979999999,4.3,"natural_feature, establishment",hills,Jharkhand,Winter,Giridih,70
Temple No. 48 (Lord Parasnath Lower Temple),23.9637172,86.1286094,4.6,"place_of_worship, point_of_interest, establishment",hills,Jharkhand,Winter,Giridih,30
Parasnath Hill,23.9649036,86.1446493,No rating,"locality, political",hills,Jharkhand,Winter,Giridih,0
Nowada Hill,23.9532727,86.3220863,0,"park, point_of_interest, establishment",hills,Jharkhand,Winter,Giridih,0
Hotel Hill View Dhabha and Restaurant,24.1520066,86.2490784,4.1,"restaurant, food, point_of_interest, establishment",hills,Jharkhand,Winter,Giridih,24
Hill Point Of Nagri,23.9249992,86.0890922,0,"place_of_worship, point_of_interest, establishment",hills,Jharkhand,Winter,Giridih,0
Kumhartoli Hill,24.1950438,86.26612469999999,0,"park, point_of_interest, establishment",hills,Jharkhand,Winter,Giridih,0
New Chuhitya Hill,24.22878,86.5979427,0,"place_of_worship, point_of_interest, establishment",hills,Jharkhand,Winter,Giridih,0
Parasnath Mountain,23.9447143,86.1382399,4.7,"natural_feature, establishment",hills,Jharkhand,Winter,Giridih,663
HOTEL HILL VIEW,24.1520338,86.2491021,0,"lodging, point_of_interest, establishment",hills,Jharkhand,Winter,Giridih,0
Parasnath : Highest peak of Jharkhand,23.9638294,86.1286283,4.8,"tourist_attraction, point_of_interest, establishment",hills,Jharkhand,Winter,Giridih,5
Sammed Shikharji Jain Tirth,24.004407,86.1476338,4.9,"place_of_worship, point_of_interest, establishment",hills,Jharkhand,Winter,Giridih,108
Vimal Bhawan,24.0073923,86.14935129999999,4.1,"lodging, point_of_interest, establishment",hills,Jharkhand,Winter,Giridih,54
12th Lalitaghana Tonk of Bhagwan Shri Chandrahprabh (08th Tirthankar),23.9636889,86.1466677,4.9,"place_of_worship, point_of_interest, establishment",hills,Jharkhand,Winter,Giridih,110
Mahakal more,24.160207,86.0685409,4.6,"hindu_temple, place_of_worship, point_of_interest, establishment",hills,Jharkhand,Winter,Giridih,5
10th tonk of Shri Munisuvrat Nath Bhagwan,23.9604681,86.14036639999999,4.8,"place_of_worship, point_of_interest, establishment",hills,Jharkhand,Winter,Giridih,5
Topchanchi Waterfall,23.9271353,86.1708596,4.3,"tourist_attraction, point_of_interest, establishment",hills,Jharkhand,Winter,Giridih,98
28th Suveera Tonk of Shri Vimalnath (13th Tirthankar),23.9603862,86.1340208,5,"place_of_worship, point_of_interest, establishment",hills,Jharkhand,Winter,Giridih,14
"Khandoli Park, Giridih",24.2340836,86.3419413,4.1,"park, tourist_attraction, point_of_interest, establishment",hills,Jharkhand,Winter,Giridih,4250
Parasnath,23.9625,86.1327778,4.6,"natural_feature, establishment",hills,Jharkhand,Winter,Giridih,4329
Topchanchi Dam,23.9203568,86.1802175,4.3,"tourist_attraction, point_of_interest, establishment",hills,Jharkhand,Winter,Giridih,446
Sushil Kumar Verma aeroplane hill,24.1913553,86.2996383,0,"point_of_interest, establishment",hills,Jharkhand,Winter,Giridih,0
Tundi Pahar,23.9722939,86.44959209999999,4,"park, point_of_interest, establishment",hills,Jharkhand,Winter,Giridih,4
Temple No. 1,23.9630239,86.1346624,4.7,"place_of_worship, point_of_interest, establishment",hills,Jharkhand,Winter,Giridih,7
Topchanchi Jheel Sitting area,23.9236107,86.1872246,4.2,"park, point_of_interest, establishment",hills,Jharkhand,Winter,Giridih,30
Temple No. 16 (Lord Chandaprabhu) ( 8ನೇ ತೀರ್ಥಂಕರ ಚಂದ್ರಪ್ರಭ ಕೂಟ,23.963799,86.1467687,4.3,"place_of_worship, point_of_interest, establishment",hills,Jharkhand,Winter,Giridih,7
15th Swayamprabha Tonk of Shri Anantnath Prabhu (14th Tirthankar),23.9601049,86.14064019999999,4.9,"place_of_worship, point_of_interest, establishment",hills,Jharkhand,Winter,Giridih,16
Topchanchi Lake Barrage,23.920124,86.180886,4,"tourist_attraction, point_of_interest, establishment",hills,Jharkhand,Winter,Giridih,165
Shri Taleti Tirth Shwetambar Jain Mandir,24.0027853,86.1423216,4.8,"place_of_worship, point_of_interest, establishment",hills,Jharkhand,Winter,Giridih,263
Temple No. 5 (Rishabhanan Tonk),23.9616127,86.1368462,5,"place_of_worship, point_of_interest, establishment",hills,Jharkhand,Winter,Giridih,2
Pahadi Masjid Kalali Road,23.981309,86.0279357,3.5,"mosque, place_of_worship, point_of_interest, establishment",hills,Jharkhand,Winter,Giridih,11
Maricho Waterfall TRILOKINATH,23.9452935,86.36798259999999,3.9,"tourist_attraction, point_of_interest, establishment",hills,Jharkhand,Winter,Giridih,19
Shikhar ji vandana starting point,24.0011767,86.14679149999999,4.7,"place_of_worship, point_of_interest, establishment",hills,Jharkhand,Winter,Giridih,25
Baba wali gali,23.9625,86.1327778,0,"point_of_interest, establishment",hills,Jharkhand,Winter,Giridih,0
11th Nirjana Tonk of Shri Munisuvrat Prabhu (20th Tirthankar),23.9605234,86.14039629999999,5,"place_of_worship, point_of_interest, establishment",hills,Jharkhand,Winter,Giridih,1
Shiv Mandir,24.0561228,86.4069071,3.8,"hindu_temple, place_of_worship, point_of_interest, establishment",hills,Jharkhand,Winter,Giridih,8
Temple No. 20,23.959426,86.14019429999999,4.6,"place_of_worship, point_of_interest, establishment",hills,Jharkhand,Winter,Giridih,14
23rd Tonk of ShashvatJin Shri Varishen Prabhu,23.9610339,86.1359791,5,"place_of_worship, point_of_interest, establishment",hills,Jharkhand,Winter,Giridih,4
Khandoli Tourism,24.2346396,86.3417748,4,"tourist_attraction, point_of_interest, establishment",attraction,Jharkhand,All Seasons,Giridih,9
Usri Falls,24.0973888,86.3697537,4.3,"tourist_attraction, point_of_interest, establishment",attraction,Jharkhand,All Seasons,Giridih,2806
Budhai Hills,24.3620009,86.5346627,4.3,"tourist_attraction, point_of_interest, establishment",attraction,Jharkhand,All Seasons,Giridih,209
Topchanchi Dam,23.9203568,86.1802175,4.3,"tourist_attraction, point_of_interest, establishment",attraction,Jharkhand,All Seasons,Giridih,446
Giridih Tourism,24.1996845,86.3064035,3.6,"tourist_attraction, point_of_interest, establishment",attraction,Jharkhand,All Seasons,Giridih,10
Khandoli dam,24.2345223,86.3442427,4.2,"tourist_attraction, point_of_interest, establishment",attraction,Jharkhand,All Seasons,Giridih,204
Maricho Waterfall TRILOKINATH,23.9452935,86.36798259999999,3.9,"tourist_attraction, point_of_interest, establishment",attraction,Jharkhand,All Seasons,Giridih,19
Forest Dam,23.9314649,86.24007870000001,4,"tourist_attraction, point_of_interest, establishment",attraction,Jharkhand,All Seasons,Giridih,1
Topchanchi Lake Barrage,23.920124,86.180886,4,"tourist_attraction, point_of_interest, establishment",attraction,Jharkhand,All Seasons,Giridih,165
Jain Museum,24.0078112,86.1485793,4.4,"museum, tourist_attraction, point_of_interest, establishment",attraction,Jharkhand,All Seasons,Giridih,534
ATF dam,24.1882408,86.2688716,4.6,"tourist_attraction, point_of_interest, establishment",attraction,Jharkhand,All Seasons,Giridih,7
Debiya Dobni (DVN),24.1732232,86.3442906,4.6,"tourist_attraction, point_of_interest, establishment",attraction,Jharkhand,All Seasons,Giridih,11
Mini Ushri falls,24.0956875,86.36918750000001,3.8,"tourist_attraction, point_of_interest, establishment",attraction,Jharkhand,All Seasons,Giridih,4
Hidden Waterfall,23.9258653,86.1721585,0,"tourist_attraction, point_of_interest, establishment",attraction,Jharkhand,All Seasons,Giridih,0
ADI GRAM ECO TOURISM,23.9351566,86.51655079999999,3.7,"tourist_attraction, point_of_interest, establishment",attraction,Jharkhand,All Seasons,Giridih,7
Usri Barakar Sangam,24.0593321,86.3733792,4.5,"tourist_attraction, point_of_interest, establishment",attraction,Jharkhand,All Seasons,Giridih,8
Usri Falls Corner,24.1128054,86.369159,4.5,"tourist_attraction, point_of_interest, establishment",attraction,Jharkhand,All Seasons,Giridih,42
"Karamdaha, Barakar river",23.9853952,86.5746987,3.9,"tourist_attraction, point_of_interest, establishment",attraction,Jharkhand,All Seasons,Giridih,50
Sunset Point,24.3909799,86.23513319999999,4,"tourist_attraction, point_of_interest, establishment",attraction,Jharkhand,All Seasons,Giridih,1
Waterboat,23.9248141,86.18434479999999,4.7,"tourist_attraction, point_of_interest, establishment",attraction,Jharkhand,All Seasons,Giridih,7
Picnic spot,24.1562499,86.1462007,5,"tourist_attraction, point_of_interest, establishment",attraction,Jharkhand,All Seasons,Giridih,2
Topchanchi Waterfall,23.9271353,86.1708596,4.3,"tourist_attraction, point_of_interest, establishment",attraction,Jharkhand,All Seasons,Giridih,98
Khandoli back side selfi point Mountain view,24.2358958,86.3498572,4.7,"tourist_attraction, point_of_interest, establishment",attraction,Jharkhand,All Seasons,Giridih,6
Margoda pul,24.2537879,86.03317919999999,3.5,"tourist_attraction, point_of_interest, establishment",attraction,Jharkhand,All Seasons,Giridih,2
Manjhii dam,24.2996453,86.3604859,0,"tourist_attraction, point_of_interest, establishment",attraction,Jharkhand,All Seasons,Giridih,0
Topchanchi waterfall,23.9202682,86.1801347,3.7,"tourist_attraction, point_of_interest, establishment",attraction,Jharkhand,All Seasons,Giridih,12
Barakar pool,24.1594926,86.1299489,5,"tourist_attraction, point_of_interest, establishment",attraction,Jharkhand,All Seasons,Giridih,3
"TIRANGA MORE, SASARKHO तिरंगा मोड़ ससारखो",24.15233,86.0670895,3.8,"tourist_attraction, point_of_interest, establishment",attraction,Jharkhand,All Seasons,Giridih,4
Bergi nadi,24.1254098,86.0201161,0,"tourist_attraction, point_of_interest, establishment",attraction,Jharkhand,All Seasons,Giridih,0
Chandwa pahadi,24.3470825,86.3669872,4.7,"tourist_attraction, point_of_interest, establishment",attraction,Jharkhand,All Seasons,Giridih,6
Hariharpur breeze,23.9567255,86.6072567,4.6,"tourist_attraction, point_of_interest, establishment",attraction,Jharkhand,All Seasons,Giridih,5
Dalia mini waterfall,24.2993476,86.0385268,4.8,"tourist_attraction, point_of_interest, establishment",attraction,Jharkhand,All Seasons,Giridih,13
Manjhi Than,24.1440809,86.3247155,0,"tourist_attraction, point_of_interest, establishment",attraction,Jharkhand,All Seasons,Giridih,0
"Khandoli Park, Giridih",24.2340836,86.3419413,4.1,"park, tourist_attraction, point_of_interest, establishment",attraction,Jharkhand,All Seasons,Giridih,4250
Bhumihar Tolla,24.303646,86.14259589999999,5,"tourist_attraction, point_of_interest, establishment",attraction,Jharkhand,All Seasons,Giridih,4
Jungle Way of Ushri falls,24.0996464,86.3705159,3,"tourist_attraction, point_of_interest, establishment",attraction,Jharkhand,All Seasons,Giridih,2
Sandeep Yadav Mountain,24.4278501,86.5791859,0,"tourist_attraction, point_of_interest, establishment",attraction,Jharkhand,All Seasons,Giridih,0
"Shree Ram Chowk, Shaharpura",24.4246539,86.2670354,5,"tourist_attraction, point_of_interest, establishment",attraction,Jharkhand,All Seasons,Giridih,2
Beauty of Nature Parshnath Hill,23.9649036,86.1446493,0,"tourist_attraction, point_of_interest, establishment",attraction,Jharkhand,All Seasons,Giridih,0
Dulampur bridge,24.2869896,86.5342289,0,"tourist_attraction, point_of_interest, establishment",attraction,Jharkhand,All Seasons,Giridih,0
Tetariya jharna,23.9874196,86.03750579999999,5,"tourist_attraction, point_of_interest, establishment",attraction,Jharkhand,All Seasons,Giridih,1
Karma Big waterfall,24.2985308,86.0595805,3.6,"tourist_attraction, point_of_interest, establishment",attraction,Jharkhand,All Seasons,Giridih,5
Parasnath : Highest peak of Jharkhand,23.9638294,86.1286283,4.8,"tourist_attraction, point_of_interest, establishment",attraction,Jharkhand,All Seasons,Giridih,5
Naya pool Sihodih giridih,24.1974723,86.3060886,4.2,"tourist_attraction, point_of_interest, establishment",attraction,Jharkhand,All Seasons,Giridih,49
Palobeda Waterfall,23.9805886,86.5826625,5,"tourist_attraction, point_of_interest, establishment",attraction,Jharkhand,All Seasons,Giridih,2
Sachin das(S.T),24.3504181,86.114206,5,"tourist_attraction, point_of_interest, establishment",attraction,Jharkhand,All Seasons,Giridih,2
Isri Fatak (Railway crossing),23.9707943,86.04864649999999,3.9,"tourist_attraction, point_of_interest, establishment",attraction,Jharkhand,All Seasons,Giridih,9
Badki pahari Balgo(Pawan mandal),24.227039,86.0894388,5,"tourist_attraction, point_of_interest, establishment",attraction,Jharkhand,All Seasons,Giridih,2
Bankhanjo,24.2042533,86.293216,4.3,"tourist_attraction, point_of_interest, establishment",attraction,Jharkhand,All Seasons,Giridih,30
Sagarbhanga Dam,24.1186875,86.53876559999999,4.3,"tourist_attraction, point_of_interest, establishment",attraction,Jharkhand,All Seasons,Giridih,6
Uttam Kumar House,23.9139956,86.1786561,4.5,"tourist_attraction, point_of_interest, establishment",attraction,Jharkhand,All Seasons,Giridih,2
Nunulal House (Thakrani),23.9214236,86.49952979999999,0,"tourist_attraction, point_of_interest, establishment",attraction,Jharkhand,All Seasons,Giridih,0
Maharana pratap chowk mohanpur,24.1387677,86.3478925,4.3,"tourist_attraction, point_of_interest, establishment",attraction,Jharkhand,All Seasons,Giridih,9
SJ bhatt pahad,23.9285475,86.4175085,5,"tourist_attraction, point_of_interest, establishment",attraction,Jharkhand,All Seasons,Giridih,2
Ambedkar chowk murkhari,24.3500198,86.0339101,5,"tourist_attraction, point_of_interest, establishment",attraction,Jharkhand,All Seasons,Giridih,2
Star Chowk Hardia,24.0910629,86.3797544,3.8,"tourist_attraction, point_of_interest, establishment",attraction,Jharkhand,All Seasons,Giridih,8
Dalo Mahto Chok,24.2813395,86.1237141,0,"tourist_attraction, point_of_interest, establishment",attraction,Jharkhand,All Seasons,Giridih,0
Children Park,24.1746357,86.3085931,3.8,"park, tourist_attraction, point_of_interest, establishment",attraction,Jharkhand,All Seasons,Giridih,232
Dhabung,23.9597425,86.5665297,0,"tourist_attraction, point_of_interest, establishment",attraction,Jharkhand,All Seasons,Giridih,0
A.V Mountain,24.1912604,86.33554020000001,4,"tourist_attraction, point_of_interest, establishment",attraction,Jharkhand,All Seasons,Giridih,5
"Bio Diversity Park Godda, Jharkand",24.7902602,87.22006569999999,4.3,"park, point_of_interest, establishment",parks,Jharkhand,Spring,Godda,147
Children park,24.8923303,86.9142406,3.9,"park, point_of_interest, establishment",parks,Jharkhand,Spring,Godda,54
Godda Park,24.8392895,87.2138354,4,"park, point_of_interest, establishment",parks,Jharkhand,Spring,Godda,311
Biodiversity Park Godda,24.7945125,87.2159219,4.1,"park, point_of_interest, establishment",parks,Jharkhand,Spring,Godda,408
Samharnalay Park,24.8922437,86.9144669,4.3,"park, point_of_interest, establishment",parks,Jharkhand,Spring,Godda,12
Park,24.7947918,87.2157242,4,"park, point_of_interest, establishment",parks,Jharkhand,Spring,Godda,13
Mathurapur Bagicha,24.9452706,87.1411803,5,"park, point_of_interest, establishment",parks,Jharkhand,Spring,Godda,1
Park,25.0285247,87.311982,3.8,"park, point_of_interest, establishment",parks,Jharkhand,Spring,Godda,44
Park,24.8266256,87.21447529999999,4.8,"park, point_of_interest, establishment",parks,Jharkhand,Spring,Godda,4
Public Park,24.6759129,86.9239029,4.5,"park, point_of_interest, establishment",parks,Jharkhand,Spring,Godda,4
Avantika Park,24.8354393,87.0389549,5,"park, point_of_interest, establishment",parks,Jharkhand,Spring,Godda,4
Mango Park,24.8549244,86.9229182,5,"park, point_of_interest, establishment",parks,Jharkhand,Spring,Godda,1
Rose Garden,24.7932507,87.2173664,4.8,"park, point_of_interest, establishment",parks,Jharkhand,Spring,Godda,4
Aarav's Garden,25.070378,86.9373622,5,"park, point_of_interest, establishment",parks,Jharkhand,Spring,Godda,1
Lakshmipur Garden,25.0424728,86.9343404,3.3,"park, point_of_interest, establishment",parks,Jharkhand,Spring,Godda,16
Khalilur REHAMANIYA Garden,25.0288919,87.2124858,5,"park, point_of_interest, establishment",parks,Jharkhand,Spring,Godda,1
SITTING PLACE,24.6894063,87.3819626,4,"park, point_of_interest, establishment",parks,Jharkhand,Spring,Godda,2
Bhansiya Bhittha,24.9217033,87.0289301,4.8,"park, point_of_interest, establishment",parks,Jharkhand,Spring,Godda,5
Lake Park,24.8857391,86.92801299999999,3.8,"park, point_of_interest, establishment",parks,Jharkhand,Spring,Godda,8
Jamuni Bagicha,25.0281746,86.9924358,5,"park, point_of_interest, establishment",parks,Jharkhand,Spring,Godda,1
Kumadih Bari Par,24.9105254,87.0820856,4.6,"park, point_of_interest, establishment",parks,Jharkhand,Spring,Godda,5
Children park godda,24.8255215,87.2135177,4.7,"park, point_of_interest, establishment",parks,Jharkhand,Spring,Godda,6
Mahatma Gandhi Park,24.560709,87.4454061,5,"park, point_of_interest, establishment",parks,Jharkhand,Spring,Godda,1
Jamuni Bagicha,25.0092493,86.9553753,4.3,"park, point_of_interest, establishment",parks,Jharkhand,Spring,Godda,3
Nirvana Farms,24.9258125,87.2008125,4.5,"park, point_of_interest, establishment",parks,Jharkhand,Spring,Godda,2
fulo jhano Park,24.8277767,87.20409719999999,3.8,"park, point_of_interest, establishment",parks,Jharkhand,Spring,Godda,8
Rainiya Park,24.901307,86.9552314,5,"park, point_of_interest, establishment",parks,Jharkhand,Spring,Godda,2
Kadri Chowak,24.9205187,86.9452482,4.5,"park, point_of_interest, establishment",parks,Jharkhand,Spring,Godda,8
Md margub house,25.0286875,87.32245309999999,5,"park, point_of_interest, establishment",parks,Jharkhand,Spring,Godda,1
Rainiya park,24.9013061,86.9551312,5,"park, point_of_interest, establishment",parks,Jharkhand,Spring,Godda,3
Amma Bagicha,25.0964099,87.2730605,5,"park, point_of_interest, establishment",parks,Jharkhand,Spring,Godda,1
Ajad House,24.6196558,87.3255751,5,"park, point_of_interest, establishment",parks,Jharkhand,Spring,Godda,1
Ghatua pokhar,24.9357998,87.2416437,5,"park, point_of_interest, establishment",parks,Jharkhand,Spring,Godda,1
"Bajarangbali pokhar ,NHS",25.0213027,87.31671469999999,3.9,"park, point_of_interest, establishment",parks,Jharkhand,Spring,Godda,8
Children Park Vijay nager,24.8783107,86.9163183,3.7,"park, point_of_interest, establishment",parks,Jharkhand,Spring,Godda,3
Nani,25.0316641,87.3411398,5,"park, point_of_interest, establishment",parks,Jharkhand,Spring,Godda,2
Suchit lal yadav home,24.8328877,86.9824113,5,"park, point_of_interest, establishment",parks,Jharkhand,Spring,Godda,1
Himanshu bhawan,24.9902396,87.0007961,4.8,"park, point_of_interest, establishment",parks,Jharkhand,Spring,Godda,10
Ramgarh football 🏈 ground,24.5715745,87.2544406,5,"park, point_of_interest, establishment",parks,Jharkhand,Spring,Godda,1
"Balram, s Field",24.9229423,87.15765569999999,5,"park, point_of_interest, establishment",parks,Jharkhand,Spring,Godda,2
SR RANA FARM HOUSE,24.9089849,87.18240879999999,4.8,"park, point_of_interest, establishment",parks,Jharkhand,Spring,Godda,4
Maize valley,24.833031,87.402382,4.2,"park, point_of_interest, establishment",parks,Jharkhand,Spring,Godda,10
SHRI NARSINGH PRASHAD YADAV ( मास्टर जी),24.9820343,87.00357989999999,5,"park, point_of_interest, establishment",parks,Jharkhand,Spring,Godda,1
Buddha Smriti Park,25.089649,87.1617418,5,"park, point_of_interest, establishment",parks,Jharkhand,Spring,Godda,2
Poreyahat park,24.6767249,87.1704264,0,"park, point_of_interest, establishment",parks,Jharkhand,Spring,Godda,0
Garloong zone,24.8059317,87.2182067,4,"park, point_of_interest, establishment",parks,Jharkhand,Spring,Godda,1
"Shahin Baag,Mednichak",24.9809041,87.2510623,5,"park, point_of_interest, establishment",parks,Jharkhand,Spring,Godda,2
New mango garden panjwara,24.8499704,87.09026519999999,3.3,"park, point_of_interest, establishment",parks,Jharkhand,Spring,Godda,3
Mango Garden(Amod Jha),24.8218454,87.1511695,3.6,"park, point_of_interest, establishment",parks,Jharkhand,Spring,Godda,5
Polytechnic plot,25.0784481,87.0751152,4,"park, point_of_interest, establishment",parks,Jharkhand,Spring,Godda,3
Rajan,24.9600723,86.9949372,5,"park, point_of_interest, establishment",parks,Jharkhand,Spring,Godda,1
{MUNNI DEVI} Jan Vitran Pranali Ki Dukan,24.605695,86.9950518,0,"park, point_of_interest, establishment",parks,Jharkhand,Spring,Godda,0
Rajeev Panjiyara Mango Garden,25.0302478,86.9145752,0,"park, point_of_interest, establishment",parks,Jharkhand,Spring,Godda,0
"Dulari Nursery , Gauripur",24.695575,87.216935,5,"park, point_of_interest, establishment",parks,Jharkhand,Spring,Godda,1
Sonu kumar yadav,24.8444638,86.9210906,5,"park, point_of_interest, establishment",parks,Jharkhand,Spring,Godda,1
Santosh Garden,24.9869071,86.9137437,5,"park, point_of_interest, establishment",parks,Jharkhand,Spring,Godda,2
SOREN MANGO,24.9044715,87.24237970000001,3.3,"park, point_of_interest, establishment",parks,Jharkhand,Spring,Godda,3
Ghumne ka jagah,24.8874179,86.919838,5,"park, point_of_interest, establishment",parks,Jharkhand,Spring,Godda,4
Mango 🥭🥭 garden,24.9256958,87.2892607,5,"park, point_of_interest, establishment",parks,Jharkhand,Spring,Godda,1
Mango Garden,24.988164,86.916806,4,"park, point_of_interest, establishment",parks,Jharkhand,Spring,Godda,1
Shiv Mandir Tekani,25.0892265,86.99006039999999,4.3,"museum, point_of_interest, establishment",museum,Jharkhand,Winter,Godda,19
Sidho Kanhu Pratima Asthal,25.0200595,87.31891189999999,3.5,"museum, point_of_interest, establishment",museum,Jharkhand,Winter,Godda,17
(Benga) punsia,24.9616446,86.98748719999999,3,"museum, point_of_interest, establishment",museum,Jharkhand,Winter,Godda,4
BIHARI,25.0707742,87.03348489999999,4.5,"museum, point_of_interest, establishment",museum,Jharkhand,Winter,Godda,10
Dyorhi,24.936108,86.9374122,4.7,"museum, point_of_interest, establishment",museum,Jharkhand,Winter,Godda,3
Meena Bazaar,24.8075875,87.0306719,4.1,"museum, point_of_interest, establishment",museum,Jharkhand,Winter,Godda,19
Maa bishri mandir,24.8786025,87.08383789999999,4.8,"museum, point_of_interest, establishment",museum,Jharkhand,Winter,Godda,5
मंडल टोला,24.6538978,87.2315177,0,"museum, point_of_interest, establishment",museum,Jharkhand,Winter,Godda,0
Rajaun baniya tola,25.0014215,86.989935,0,"museum, point_of_interest, establishment",museum,Jharkhand,Winter,Godda,0
SHOEB ANSARI,24.9060801,87.3482739,0,"museum, point_of_interest, establishment",museum,Jharkhand,Winter,Godda,0
RAJ KUMAR C NIWAS,24.8222857,87.1015232,0,"museum, point_of_interest, establishment",museum,Jharkhand,Winter,Godda,0
Hanumaan Mandir,24.8375511,87.09488680000001,4.4,"museum, point_of_interest, establishment",museum,Jharkhand,Winter,Godda,5
Martial Arts Place,24.8962265,86.92972429999999,3.7,"museum, point_of_interest, establishment",museum,Jharkhand,Winter,Godda,3
MD Abubaker,25.0472706,87.2126816,1,"museum, point_of_interest, establishment",museum,Jharkhand,Winter,Godda,1
Sunni jama masjid ghtiyari,24.8475879,87.3450663,5,"museum, point_of_interest, establishment",museum,Jharkhand,Winter,Godda,1
Chamaklal Mahant,25.0103702,87.11307269999999,3.5,"museum, point_of_interest, establishment",museum,Jharkhand,Winter,Godda,4
bhelai jamindari kachahri,24.9016516,87.0592518,3.6,"museum, point_of_interest, establishment",museum,Jharkhand,Winter,Godda,5
Purani Masjid,25.0588969,87.2799318,0,"museum, point_of_interest, establishment",museum,Jharkhand,Winter,Godda,0
Masjid Siddiqui,24.7466473,87.30906829999999,0,"museum, point_of_interest, establishment",museum,Jharkhand,Winter,Godda,0
Damakol waterfall,24.57602,87.4369261,4.3,"tourist_attraction, point_of_interest, establishment",waterfalls,Jharkhand,Monsoon,Godda,230
Mini Waterfall,24.9514395,87.3646327,4.5,"tourist_attraction, point_of_interest, establishment",waterfalls,Jharkhand,Monsoon,Godda,65
Water Fall,25.0155092,86.9779192,5,"park, point_of_interest, establishment",waterfalls,Jharkhand,Monsoon,Godda,1
Sunder Dam,24.9419585,87.3895106,4,"tourist_attraction, point_of_interest, establishment",waterfalls,Jharkhand,Monsoon,Godda,273
Singarshi View Point,24.6451781,87.4713112,4.2,"tourist_attraction, point_of_interest, establishment",waterfalls,Jharkhand,Monsoon,Godda,29
Godda Haripur Nayatola,24.8268125,87.2359219,4.2,"tourist_attraction, point_of_interest, establishment",waterfalls,Jharkhand,Monsoon,Godda,6
Mahatma Gandhi Park,24.560709,87.4454061,5,"park, point_of_interest, establishment",waterfalls,Jharkhand,Monsoon,Godda,1
Godda Park,24.8392895,87.2138354,4,"park, point_of_interest, establishment",waterfalls,Jharkhand,Monsoon,Godda,311
Chhoti Bishar,24.8757994,87.0264136,4.4,"point_of_interest, establishment",beaches,Jharkhand,Summer,Godda,5
Modern Public School Mahagama,25.0277211,87.32194,2.7,"school, point_of_interest, establishment",beaches,Jharkhand,Summer,Godda,6
Bajrangbali Mandir (Hindu Temple),24.7969378,87.4727791,5,"hindu_temple, place_of_worship, point_of_interest, establishment",temples,Jharkhand,All Seasons,Godda,1
Vishnu temple,24.8279541,87.2184872,5,"hindu_temple, place_of_worship, point_of_interest, establishment",temples,Jharkhand,All Seasons,Godda,2
Jagatpur Durga Ma Temple,24.8691719,86.9195553,4.4,"hindu_temple, place_of_worship, point_of_interest, establishment",temples,Jharkhand,All Seasons,Godda,26
Ekoriya Temple,24.8198574,86.92992319999999,4.5,"hindu_temple, place_of_worship, point_of_interest, establishment",temples,Jharkhand,All Seasons,Godda,11
Dhan kundnath temple,25.0883221,87.0954526,4.3,"hindu_temple, place_of_worship, point_of_interest, establishment",temples,Jharkhand,All Seasons,Godda,48
Hanuman Temple (Tewachak),24.9926149,87.0803792,4.5,"hindu_temple, place_of_worship, point_of_interest, establishment",temples,Jharkhand,All Seasons,Godda,2
Kamdhenu Temple,24.8359473,87.0470617,4.6,"hindu_temple, place_of_worship, point_of_interest, establishment",temples,Jharkhand,All Seasons,Godda,54
Shiv Temple,25.0032472,86.9904384,4.3,"hindu_temple, place_of_worship, point_of_interest, establishment",temples,Jharkhand,All Seasons,Godda,3
Kaali Temple,25.0492226,87.36421849999999,4.8,"hindu_temple, place_of_worship, point_of_interest, establishment",temples,Jharkhand,All Seasons,Godda,4
Durga Mandir Bhatdiha,24.8140815,87.2108694,4.6,"hindu_temple, place_of_worship, point_of_interest, establishment",temples,Jharkhand,All Seasons,Godda,122
Dhodhalwa Shiv Temple,24.660534,86.9495991,5,"hindu_temple, place_of_worship, point_of_interest, establishment",temples,Jharkhand,All Seasons,Godda,1
Jogni Asthan,24.937103,87.254049,4.3,"hindu_temple, place_of_worship, point_of_interest, establishment",temples,Jharkhand,All Seasons,Godda,118
Hanuman Temple,24.9383768,87.27196870000002,4.6,"hindu_temple, place_of_worship, point_of_interest, establishment",temples,Jharkhand,All Seasons,Godda,5
Temple,24.8232368,87.3065282,0,"hindu_temple, place_of_worship, point_of_interest, establishment",temples,Jharkhand,All Seasons,Godda,0
Bholenath Temple,24.9905552,86.9636601,3.5,"hindu_temple, place_of_worship, point_of_interest, establishment",temples,Jharkhand,All Seasons,Godda,10
Hanuman Temple(Choti Muradpur),25.0186938,87.02112819999999,4.6,"hindu_temple, place_of_worship, point_of_interest, establishment",temples,Jharkhand,All Seasons,Godda,16
Maa Kali Temple,24.6000023,87.0842553,4.5,"hindu_temple, place_of_worship, point_of_interest, establishment",temples,Jharkhand,All Seasons,Godda,2
Maa Kali Temple,25.0075705,87.0311443,4.9,"hindu_temple, place_of_worship, point_of_interest, establishment",temples,Jharkhand,All Seasons,Godda,9
Danre badi Kali temple,24.7305401,87.0898484,5,"hindu_temple, place_of_worship, point_of_interest, establishment",temples,Jharkhand,All Seasons,Godda,5
R K Tutorial,25.0380807,87.320962,4.4,"travel_agency, hindu_temple, place_of_worship, point_of_interest, establishment",temples,Jharkhand,All Seasons,Godda,75
MandarGiri Parvat,24.8398978,87.03568070000001,4.3,"tourist_attraction, hindu_temple, place_of_worship, point_of_interest, establishment",temples,Jharkhand,All Seasons,Godda,448
"Hunman temple. Bhawanipur, Rajoun, banka, Bihar",25.0110392,86.9433486,5,"hindu_temple, place_of_worship, point_of_interest, establishment",temples,Jharkhand,All Seasons,Godda,1
Vishwkerma Temple,24.8887309,86.9300349,4.4,"hindu_temple, place_of_worship, point_of_interest, establishment",temples,Jharkhand,All Seasons,Godda,14
Shree Nandeshwar nath Temple,24.8333143,87.1349324,5,"hindu_temple, place_of_worship, point_of_interest, establishment",temples,Jharkhand,All Seasons,Godda,5
Radha Krishna temple,25.0575415,86.9151457,0,"hindu_temple, place_of_worship, point_of_interest, establishment",temples,Jharkhand,All Seasons,Godda,0
Kali Mandir,24.8343455,87.2255163,5,"hindu_temple, place_of_worship, point_of_interest, establishment",temples,Jharkhand,All Seasons,Godda,2
Jasmatpur Hanuman Temple,24.8572237,87.1094886,3.8,"hindu_temple, place_of_worship, point_of_interest, establishment",temples,Jharkhand,All Seasons,Godda,5
Durga Temple,24.8032921,86.94621769999999,4.2,"hindu_temple, place_of_worship, point_of_interest, establishment",temples,Jharkhand,All Seasons,Godda,35
Hanuman Mandir,24.823409,87.20553489999999,4.4,"hindu_temple, place_of_worship, point_of_interest, establishment",temples,Jharkhand,All Seasons,Godda,22
Hanuman Temple Gangta Godda,24.821322,87.20765039999999,4.2,"hindu_temple, place_of_worship, point_of_interest, establishment",temples,Jharkhand,All Seasons,Godda,28
Shiv-Parvati Temple Uprama,24.992611,86.965443,4.7,"hindu_temple, place_of_worship, point_of_interest, establishment",temples,Jharkhand,All Seasons,Godda,34
Hindu Temple,24.9352347,87.2444182,5,"hindu_temple, place_of_worship, point_of_interest, establishment",temples,Jharkhand,All Seasons,Godda,1
Shree Krishna Temple,24.8773092,86.91979570000001,0,"hindu_temple, place_of_worship, point_of_interest, establishment",temples,Jharkhand,All Seasons,Godda,0
Mahadev Temple,25.0674887,87.2190129,0,"hindu_temple, place_of_worship, point_of_interest, establishment",temples,Jharkhand,All Seasons,Godda,0
Maa Kali temple,24.9082081,86.9288682,3.8,"hindu_temple, place_of_worship, point_of_interest, establishment",temples,Jharkhand,All Seasons,Godda,6
Krishna Temple,24.7370153,87.0911989,4.6,"hindu_temple, place_of_worship, point_of_interest, establishment",temples,Jharkhand,All Seasons,Godda,9
Temple Of Hanuman,24.9369816,87.3074614,5,"hindu_temple, place_of_worship, point_of_interest, establishment",temples,Jharkhand,All Seasons,Godda,7
Maa Kali Temple,24.8873554,87.0931224,4.3,"hindu_temple, place_of_worship, point_of_interest, establishment",temples,Jharkhand,All Seasons,Godda,20
Shiv Temple,25.0197559,87.28175639999999,4,"hindu_temple, place_of_worship, point_of_interest, establishment",temples,Jharkhand,All Seasons,Godda,2
ShivParvati Dham,24.7099634,87.0563446,4.4,"hindu_temple, place_of_worship, point_of_interest, establishment",temples,Jharkhand,All Seasons,Godda,27
Hindu temple (धर्मस्थल),24.9830257,87.21589519999999,0,"place_of_worship, point_of_interest, establishment",temples,Jharkhand,All Seasons,Godda,0
"Hanuman Temple,Rangaon",24.8604346,87.1087768,4.7,"hindu_temple, place_of_worship, point_of_interest, establishment",temples,Jharkhand,All Seasons,Godda,20
Shiva Temple शिव मंदिर,24.9218762,87.21696949999999,3.6,"hindu_temple, place_of_worship, point_of_interest, establishment",temples,Jharkhand,All Seasons,Godda,7
Shiv and Bajrangbali temple,24.92513,87.2856204,5,"hindu_temple, place_of_worship, point_of_interest, establishment",temples,Jharkhand,All Seasons,Godda,1
Vishnu Temple,24.8318357,87.03589889999999,4.1,"hindu_temple, place_of_worship, point_of_interest, establishment",temples,Jharkhand,All Seasons,Godda,20
"Sardiha Baba Temple, Baija",24.5671056,87.0559913,2.5,"hindu_temple, place_of_worship, point_of_interest, establishment",temples,Jharkhand,All Seasons,Godda,2
JAGNATH TEMPLE,25.0225964,87.318936,4,"hindu_temple, place_of_worship, point_of_interest, establishment",temples,Jharkhand,All Seasons,Godda,2
Hanuman Temple,25.0875251,87.1611255,4,"hindu_temple, place_of_worship, point_of_interest, establishment",temples,Jharkhand,All Seasons,Godda,13
Shiv temple,24.9249017,87.03021489999999,4,"hindu_temple, place_of_worship, point_of_interest, establishment",temples,Jharkhand,All Seasons,Godda,2
Sitla Temple,24.7643548,87.0885966,4.5,"hindu_temple, place_of_worship, point_of_interest, establishment",temples,Jharkhand,All Seasons,Godda,2
Lagwasini Temple,24.8406733,87.2079251,3.8,"hindu_temple, place_of_worship, point_of_interest, establishment",temples,Jharkhand,All Seasons,Godda,22
BISHARi temple lashkari,25.0436559,87.0265877,4.3,"hindu_temple, place_of_worship, point_of_interest, establishment",temples,Jharkhand,All Seasons,Godda,3
shiva temple kathchatar,24.9764528,86.9782025,5,"hindu_temple, place_of_worship, point_of_interest, establishment",temples,Jharkhand,All Seasons,Godda,4
"काली माता मंदिर, Maa Kali Temple (Dhoraiya)",24.9812242,87.1338487,4,"hindu_temple, place_of_worship, point_of_interest, establishment",temples,Jharkhand,All Seasons,Godda,4
Bajrangbali temple,25.0962276,87.4004341,5,"hindu_temple, place_of_worship, point_of_interest, establishment",temples,Jharkhand,All Seasons,Godda,1
Bhumphour Nath Mahadev Temple,24.9596518,87.0512229,4.1,"hindu_temple, place_of_worship, point_of_interest, establishment",temples,Jharkhand,All Seasons,Godda,15
Hanuman Temple Deoghara jagir,24.9428748,87.21169789999999,4.3,"hindu_temple, place_of_worship, point_of_interest, establishment",temples,Jharkhand,All Seasons,Godda,3
Bajrangbali temple,24.8559708,87.09161189999999,5,"place_of_worship, point_of_interest, establishment",temples,Jharkhand,All Seasons,Godda,1
MAHAKALI TEMPLE,24.7605065,86.94738799999999,4.8,"hindu_temple, place_of_worship, point_of_interest, establishment",temples,Jharkhand,All Seasons,Godda,25
Hanuman Temple Parsa...हनुमान मंदिर परसा,24.8428486,87.2280265,4.4,"hindu_temple, place_of_worship, point_of_interest, establishment",temples,Jharkhand,All Seasons,Godda,7
MandarGiri Parvat,24.8398978,87.03568070000001,4.3,"hindu_temple, tourist_attraction, place_of_worship, point_of_interest, establishment",hills,Jharkhand,Winter,Godda,448
Govindpur hill top,25.0121224,87.3163332,3.9,"tourist_attraction, point_of_interest, establishment",hills,Jharkhand,Winter,Godda,43
Mandar Hill Papharni,24.8318912,87.0358181,4.4,"hindu_temple, place_of_worship, point_of_interest, establishment",hills,Jharkhand,Winter,Godda,564
Mandar Hill,24.8059794,87.0264016,4.3,"train_station, transit_station, point_of_interest, establishment",hills,Jharkhand,Winter,Godda,312
Mandar Hill Computer Center,24.9141047,87.00096219999999,5,"point_of_interest, establishment",hills,Jharkhand,Winter,Godda,23
Mandar Hill Main Gate,24.8337464,87.019291,4.7,"tourist_attraction, point_of_interest, establishment",hills,Jharkhand,Winter,Godda,3
Islampur Bhudkuriya Hill,24.6921875,86.99881250000001,5,"tourist_attraction, point_of_interest, establishment",hills,Jharkhand,Winter,Godda,2
Choti Hill,25.0674887,87.0416584,3.5,"natural_feature, establishment",hills,Jharkhand,Winter,Godda,6
Boarijor Hill,25.012717,87.486515,5,"park, point_of_interest, establishment",hills,Jharkhand,Winter,Godda,1
Mandar Villa & Resort,24.8308714,87.027998,4.8,"restaurant, food, point_of_interest, establishment",hills,Jharkhand,Winter,Godda,57
M/S MANDAR HILL INDUSTRIES,24.8738667,87.0074308,4,"hardware_store, general_contractor, point_of_interest, store, establishment",hills,Jharkhand,Winter,Godda,1
Mandar Hill,24.8363795,87.0349421,4.4,"natural_feature, establishment",hills,Jharkhand,Winter,Godda,2456
Ajitnagar Hill,24.9731727,86.94676199999999,3.9,"natural_feature, establishment",hills,Jharkhand,Winter,Godda,50
Mandargiri Hill,24.8363795,87.0349421,4.5,"place_of_worship, point_of_interest, establishment",hills,Jharkhand,Winter,Godda,138
Pagwara hill,24.5940871,87.07211810000001,3.7,"hindu_temple, place_of_worship, point_of_interest, establishment",hills,Jharkhand,Winter,Godda,3
Damgora Hill,24.9405847,87.4237734,0,"park, point_of_interest, establishment",hills,Jharkhand,Winter,Godda,0
"Mandar hill, Banka",24.8309616,87.0341126,4.5,"place_of_worship, point_of_interest, establishment",hills,Jharkhand,Winter,Godda,207
Mountain reflection point,24.8364906,87.04624749999999,4.4,"tourist_attraction, point_of_interest, establishment",hills,Jharkhand,Winter,Godda,9
Mandar Hill,24.8020067,87.0236886,4.8,"hindu_temple, place_of_worship, point_of_interest, establishment",hills,Jharkhand,Winter,Godda,12
THE WHITE HILL PUBLIC SCHOOL BISHANPUR,25.0127176,87.1083128,3.7,"primary_school, school, point_of_interest, establishment",hills,Jharkhand,Winter,Godda,3
"LAKH DEEPA MANDIR REAL PLACE,MANDAR HILL",24.8358547,87.0387591,4.1,"hindu_temple, place_of_worship, point_of_interest, establishment",hills,Jharkhand,Winter,Godda,9
Divya Kshetra Mandar Hill,24.8323625,87.03576559999999,5,"hindu_temple, place_of_worship, point_of_interest, establishment",hills,Jharkhand,Winter,Godda,1
"Sabalpur Village , Mandar hill",24.8386768,87.057733,5,"point_of_interest, establishment",hills,Jharkhand,Winter,Godda,2
Rajmahal Hills,25.0,87.0,4.1,"natural_feature, establishment",hills,Jharkhand,Winter,Godda,52
Ajitnagar hill,24.972976,86.9474621,1,"tourist_attraction, point_of_interest, establishment",hills,Jharkhand,Winter,Godda,1
Avantika Park,24.8354393,87.0389549,5,"park, point_of_interest, establishment",hills,Jharkhand,Winter,Godda,4
Pipra Hill,24.9253965,87.4418175,No rating,"locality, political",hills,Jharkhand,Winter,Godda,0
माँ काली मंदिर मंदार हिल,24.833701,87.03605809999999,4.3,"hindu_temple, place_of_worship, point_of_interest, establishment",hills,Jharkhand,Winter,Godda,3
Narsinh Bhagwaan Mandir,24.8375516,87.0350476,4.7,"hindu_temple, place_of_worship, point_of_interest, establishment",hills,Jharkhand,Winter,Godda,9
Police Poket Mandar Hill,24.8316769,87.0371432,0,"police, point_of_interest, establishment",hills,Jharkhand,Winter,Godda,0
Mandargiri Mandali मंदारगिरी मंडली,24.8407376,87.03459,4.4,"place_of_worship, point_of_interest, establishment",hills,Jharkhand,Winter,Godda,104
"Footover Bridge, Mandar Hill Station",24.8063782,87.0263676,0,"point_of_interest, establishment",hills,Jharkhand,Winter,Godda,0
Mandarhill,24.8185233,87.0324254,4,"place_of_worship, point_of_interest, establishment",hills,Jharkhand,Winter,Godda,4
Patlaha bandh,24.8433212,87.0394867,5,"park, point_of_interest, establishment",hills,Jharkhand,Winter,Godda,2
"The Hill View Public School, Nayanagar",25.0720158,87.25615409999999,1,"school, point_of_interest, establishment",hills,Jharkhand,Winter,Godda,1
Rajmahal Hills,24.6666667,87.4166667,4,"natural_feature, establishment",hills,Jharkhand,Winter,Godda,9
Sonu Digital Studio Mandar hill,24.8322316,87.03668210000001,3.5,"electronics_store, home_goods_store, store, point_of_interest, establishment",hills,Jharkhand,Winter,Godda,6
Safa Dharam Origin Centre,24.8326424,87.0355986,4.8,"place_of_worship, point_of_interest, establishment",hills,Jharkhand,Winter,Godda,5
Maize valley,24.833031,87.402382,4.2,"park, point_of_interest, establishment",hills,Jharkhand,Winter,Godda,10
Mandar Ropeway,24.8328584,87.03549249999999,0,"point_of_interest, establishment",hills,Jharkhand,Winter,Godda,0
Mandar Pahar,24.8343084,87.0363756,4.2,"hindu_temple, place_of_worship, point_of_interest, establishment",hills,Jharkhand,Winter,Godda,13
The स्वादम Hotel & Restaurent,24.8309557,87.0352537,4.8,"restaurant, food, point_of_interest, establishment",hills,Jharkhand,Winter,Godda,9
Ram Bharat Cave,24.8403276,87.03535169999999,4,"place_of_worship, point_of_interest, establishment",hills,Jharkhand,Winter,Godda,5
Mandar pool,24.8335824,87.0324516,3.3,"point_of_interest, establishment",hills,Jharkhand,Winter,Godda,6
Jai Shankar Hotel and jalpaan bhandar,24.8309758,87.0360517,4.2,"restaurant, food, point_of_interest, establishment",hills,Jharkhand,Winter,Godda,6
Samudra manthan,24.840433,87.0360659,4,"place_of_worship, point_of_interest, establishment",hills,Jharkhand,Winter,Godda,5
Sita kund,24.8368654,87.03530579999999,4.5,"hindu_temple, place_of_worship, point_of_interest, establishment",hills,Jharkhand,Winter,Godda,17
"Mandar Parvat - Banka district, Bihar, India",24.8874179,86.919838,3.9,"tourist_attraction, point_of_interest, establishment",hills,Jharkhand,Winter,Godda,40
Mandeshar Ghumni Murhi Shop,24.8344176,87.0188663,5,"lodging, point_of_interest, establishment",hills,Jharkhand,Winter,Godda,1
Hotel Gokul Vihar,24.8062586,87.0234199,3.8,"lodging, point_of_interest, establishment",hills,Jharkhand,Winter,Godda,210
Nakta,25.0186735,87.2288641,No rating,"locality, political",hills,Jharkhand,Winter,Godda,0
Ropeway Station near Sita Kund,24.8365076,87.0358218,5,"tourist_attraction, point_of_interest, establishment",hills,Jharkhand,Winter,Godda,1
Jharna pond,25.0685088,87.33628720000002,3.3,"tourist_attraction, point_of_interest, establishment",hills,Jharkhand,Winter,Godda,3
Shri Mandargiri Kshetra,24.8402566,87.03608679999999,4.5,"place_of_worship, point_of_interest, establishment",hills,Jharkhand,Winter,Godda,246
Lodha,24.8309616,87.0341126,5,"hindu_temple, place_of_worship, point_of_interest, establishment",hills,Jharkhand,Winter,Godda,1
"Mandar Line Hotel, Lilawaran",24.8420921,87.0176211,4.2,"restaurant, food, lodging, point_of_interest, establishment",hills,Jharkhand,Winter,Godda,14
Ashish Kumar mandal,24.7741057,86.98791820000001,0,"point_of_interest, establishment",hills,Jharkhand,Winter,Godda,0
Lord Madhusudhan,24.8375735,87.03511329999999,0,"hindu_temple, place_of_worship, point_of_interest, establishment",hills,Jharkhand,Winter,Godda,0
Sunder Dam,24.9419585,87.3895106,4,"tourist_attraction, point_of_interest, establishment",attraction,Jharkhand,All Seasons,Godda,273
Singarshi View Point,24.6451781,87.4713112,4.2,"tourist_attraction, point_of_interest, establishment",attraction,Jharkhand,All Seasons,Godda,29
Govindpur hill top,25.0121224,87.3163332,3.9,"tourist_attraction, point_of_interest, establishment",attraction,Jharkhand,All Seasons,Godda,43
View point (Sunset),25.0646661,87.3722449,5,"tourist_attraction, point_of_interest, establishment",attraction,Jharkhand,All Seasons,Godda,1
Murmu Viewpoint,24.6252941,87.17486579999999,4,"tourist_attraction, point_of_interest, establishment",attraction,Jharkhand,All Seasons,Godda,5
Marangbandh RANIDIH,25.0656993,87.3829167,4,"tourist_attraction, point_of_interest, establishment",attraction,Jharkhand,All Seasons,Godda,5
Mandar Hill Main Gate,24.8337464,87.019291,4.7,"tourist_attraction, point_of_interest, establishment",attraction,Jharkhand,All Seasons,Godda,3
Damakol waterfall,24.57602,87.4369261,4.3,"tourist_attraction, point_of_interest, establishment",attraction,Jharkhand,All Seasons,Godda,230
AT-Aamgachi,24.714656,87.0221625,4.2,"tourist_attraction, point_of_interest, establishment",attraction,Jharkhand,All Seasons,Godda,10
Panjwara river,24.8497291,87.0936193,4.3,"tourist_attraction, point_of_interest, establishment",attraction,Jharkhand,All Seasons,Godda,13
Singarsi Viewpoint,24.6345381,87.46589449999999,4.7,"tourist_attraction, point_of_interest, establishment",attraction,Jharkhand,All Seasons,Godda,11
ASHWINI POND,25.0215044,87.3153418,3.6,"tourist_attraction, point_of_interest, establishment",attraction,Jharkhand,All Seasons,Godda,5
Sundar Dam Selfie Point,24.9368012,87.3854933,4.5,"tourist_attraction, point_of_interest, establishment",attraction,Jharkhand,All Seasons,Godda,18
Sundar Dam Lahathi,24.9800595,87.33053819999999,4.4,"tourist_attraction, point_of_interest, establishment",attraction,Jharkhand,All Seasons,Godda,59
Mini Waterfall,24.9514395,87.3646327,4.5,"tourist_attraction, point_of_interest, establishment",attraction,Jharkhand,All Seasons,Godda,65
Godda Haripur Nayatola,24.8268125,87.2359219,4.2,"tourist_attraction, point_of_interest, establishment",attraction,Jharkhand,All Seasons,Godda,6
Ropeway Station near Sita Kund,24.8365076,87.0358218,5,"tourist_attraction, point_of_interest, establishment",attraction,Jharkhand,All Seasons,Godda,1
Sugwa Pahad Nipaniya Godda,24.7439231,87.33979149999999,3.4,"tourist_attraction, point_of_interest, establishment",attraction,Jharkhand,All Seasons,Godda,5
View point,25.0748577,87.4484726,5,"tourist_attraction, point_of_interest, establishment",attraction,Jharkhand,All Seasons,Godda,1
Near river,24.8089536,87.1497698,4,"tourist_attraction, point_of_interest, establishment",attraction,Jharkhand,All Seasons,Godda,4
पचुआ कुशबदिया पहाड़ी,24.682692,87.00245210000001,0,"tourist_attraction, point_of_interest, establishment",attraction,Jharkhand,All Seasons,Godda,0
Madhukupi,24.6474493,87.24863189999999,3.5,"tourist_attraction, point_of_interest, establishment",attraction,Jharkhand,All Seasons,Godda,2
Simlong Jheel,24.7517928,87.45170499999999,3.8,"tourist_attraction, point_of_interest, establishment",attraction,Jharkhand,All Seasons,Godda,5
घाट कुरावा तालाब,24.9537932,87.2387905,0,"tourist_attraction, point_of_interest, establishment",attraction,Jharkhand,All Seasons,Godda,0
सिमानी पहाड़,24.6493666,87.2484113,3.7,"tourist_attraction, point_of_interest, establishment",attraction,Jharkhand,All Seasons,Godda,9
Joki bandh,24.5978051,87.0480553,3.8,"tourist_attraction, point_of_interest, establishment",attraction,Jharkhand,All Seasons,Godda,12
Maheshpur Talab,24.954624,87.1059045,0,"tourist_attraction, point_of_interest, establishment",attraction,Jharkhand,All Seasons,Godda,0
Mountain reflection point,24.8364906,87.04624749999999,4.4,"tourist_attraction, point_of_interest, establishment",attraction,Jharkhand,All Seasons,Godda,9
Bishnupur Khandahar,25.0631752,87.08067729999999,4.5,"tourist_attraction, point_of_interest, establishment",attraction,Jharkhand,All Seasons,Godda,8
Mandar Small Gate,24.8309352,87.0309743,5,"tourist_attraction, point_of_interest, establishment",attraction,Jharkhand,All Seasons,Godda,2
Bhandari pahar,24.5946898,87.0618643,5,"tourist_attraction, point_of_interest, establishment",attraction,Jharkhand,All Seasons,Godda,1
BR 51 WALA,24.8874179,86.919838,0,"tourist_attraction, point_of_interest, establishment",attraction,Jharkhand,All Seasons,Godda,0
Kusumghati Dam,24.8961514,87.35845259999999,4.3,"tourist_attraction, point_of_interest, establishment",attraction,Jharkhand,All Seasons,Godda,11
Mahguri Small Mountain,24.6878084,86.97360929999999,0,"tourist_attraction, point_of_interest, establishment",attraction,Jharkhand,All Seasons,Godda,0
Tetariya Kisanpur,25.0161032,86.9419169,3.7,"tourist_attraction, point_of_interest, establishment",attraction,Jharkhand,All Seasons,Godda,6
Chandan Dam,24.6752134,86.9234409,4.2,"tourist_attraction, point_of_interest, establishment",attraction,Jharkhand,All Seasons,Godda,39
Laitha chhitka band,25.002948,87.1803022,0,"tourist_attraction, point_of_interest, establishment",attraction,Jharkhand,All Seasons,Godda,0
Madhukupi पहाड़,24.6353225,87.2393759,3.6,"tourist_attraction, point_of_interest, establishment",attraction,Jharkhand,All Seasons,Godda,8
Islampur Bhudkuriya Hill,24.6921875,86.99881250000001,5,"tourist_attraction, point_of_interest, establishment",attraction,Jharkhand,All Seasons,Godda,2
Tower chowk,25.0261478,87.11423010000001,4.2,"tourist_attraction, point_of_interest, establishment",attraction,Jharkhand,All Seasons,Godda,9
R.K MARG,24.8967152,86.9116737,0,"tourist_attraction, point_of_interest, establishment",attraction,Jharkhand,All Seasons,Godda,0
Nil serma,24.78951,87.223759,0,"tourist_attraction, point_of_interest, establishment",attraction,Jharkhand,All Seasons,Godda,0
phool vaasa pokhar.,25.0350332,86.91445209999999,4.9,"tourist_attraction, point_of_interest, establishment",attraction,Jharkhand,All Seasons,Godda,7
नहर (छिलका),24.8694875,87.09109839999999,3.7,"tourist_attraction, point_of_interest, establishment",attraction,Jharkhand,All Seasons,Godda,3
Sajjad master,24.9805467,87.210836,0,"tourist_attraction, point_of_interest, establishment",attraction,Jharkhand,All Seasons,Godda,0
Water Controller Chandan Dam,24.679542,86.92379629999999,4.5,"tourist_attraction, point_of_interest, establishment",attraction,Jharkhand,All Seasons,Godda,15
Shravan Yadav House,24.731786,86.9567764,3,"tourist_attraction, point_of_interest, establishment",attraction,Jharkhand,All Seasons,Godda,2
Tetariya more,25.0318818,87.09640879999999,5,"tourist_attraction, point_of_interest, establishment",attraction,Jharkhand,All Seasons,Godda,1
Tardih channdan river (Nadi),25.0338245,86.94775179999999,3.3,"tourist_attraction, point_of_interest, establishment",attraction,Jharkhand,All Seasons,Godda,7
"Mandar Parvat - Banka district, Bihar, India",24.8874179,86.919838,3.9,"tourist_attraction, point_of_interest, establishment",attraction,Jharkhand,All Seasons,Godda,40
जय श्री राम चौक रैनियॉ,24.901862,86.9575613,4.3,"tourist_attraction, point_of_interest, establishment",attraction,Jharkhand,All Seasons,Godda,6
Mahua gach,24.79987,87.20363449999999,3.6,"tourist_attraction, point_of_interest, establishment",attraction,Jharkhand,All Seasons,Godda,5
आदर्श पोखर अलीपुर,25.0675124,87.041332,5,"tourist_attraction, point_of_interest, establishment",attraction,Jharkhand,All Seasons,Godda,2
Deoghar Jharkhand,24.83209,87.2112808,0,"tourist_attraction, point_of_interest, establishment",attraction,Jharkhand,All Seasons,Godda,0
Amar Shaheed Sudhanshu Chok(Nawada Bazar),25.0586733,87.0536212,4.7,"tourist_attraction, point_of_interest, establishment",attraction,Jharkhand,All Seasons,Godda,17
prayag raj,24.8255215,87.2135177,0,"tourist_attraction, point_of_interest, establishment",attraction,Jharkhand,All Seasons,Godda,0
TOWER CHOWK,24.8198172,87.20333169999999,0,"tourist_attraction, point_of_interest, establishment",attraction,Jharkhand,All Seasons,Godda,0
Yadav Golu,25.0583817,87.1319515,0,"tourist_attraction, point_of_interest, establishment",attraction,Jharkhand,All Seasons,Godda,0
Gandhigram,24.9092597,87.2542666,4,"tourist_attraction, point_of_interest, establishment",attraction,Jharkhand,All Seasons,Godda,413
Small Mountain,24.9376452,87.2564589,5,"tourist_attraction, point_of_interest, establishment",attraction,Jharkhand,All Seasons,Godda,1
Birsa Munda Park,23.0333849,84.538901,4,"park, tourist_attraction, point_of_interest, establishment",parks,Jharkhand,Spring,Gumla,2416
Area 51 Rock park (573),23.1653421,84.7384028,4,"park, point_of_interest, establishment",parks,Jharkhand,Spring,Gumla,52
Birsa Park,23.2838664,84.42203219999999,3,"park, point_of_interest, establishment",parks,Jharkhand,Spring,Gumla,1
Mahatma Gandhi Park,23.0411295,84.53720589999999,4,"park, point_of_interest, establishment",parks,Jharkhand,Spring,Gumla,17
KALU DON,23.3062401,84.58109089999999,5,"park, point_of_interest, establishment",parks,Jharkhand,Spring,Gumla,2
Mosim khan,22.9351878,84.38672489999999,5,"park, point_of_interest, establishment",parks,Jharkhand,Spring,Gumla,1
Milan Bagicha,23.1699053,84.7485868,3.7,"park, point_of_interest, establishment",parks,Jharkhand,Spring,Gumla,9
Bio Diversity park,23.0172728,84.558351,5,"park, point_of_interest, establishment",parks,Jharkhand,Spring,Gumla,3
SOHRAI PARK,22.8507267,84.30794949999999,5,"park, point_of_interest, establishment",parks,Jharkhand,Spring,Gumla,2
Palkot Wildlife Sanctuary,22.8178524,84.55608869999999,4.4,"tourist_attraction, zoo, park, point_of_interest, establishment",parks,Jharkhand,Spring,Gumla,18
rock gardern,23.043116,84.541037,3.6,"park, point_of_interest, establishment",parks,Jharkhand,Spring,Gumla,42
Nagar hill,23.1087751,84.7854115,3.5,"park, point_of_interest, establishment",parks,Jharkhand,Spring,Gumla,6
Tunjtoli Mango park,22.9887359,84.4269628,5,"park, point_of_interest, establishment",parks,Jharkhand,Spring,Gumla,2
Shied Santosh oraon chainpur more,23.2527556,84.54862709999999,4.2,"park, point_of_interest, establishment",parks,Jharkhand,Spring,Gumla,12
Rock garden,23.1297611,84.3026196,5,"park, point_of_interest, establishment",parks,Jharkhand,Spring,Gumla,2
Sankh river picnic spot (Jharkhand),22.9407721,84.3963148,5,"park, point_of_interest, establishment",parks,Jharkhand,Spring,Gumla,1
Vallabhbhai Patel Statue,23.0416798,84.54021809999999,3.8,"park, point_of_interest, establishment",parks,Jharkhand,Spring,Gumla,8
Rani bagicha,23.0747889,84.5019231,5,"park, point_of_interest, establishment",parks,Jharkhand,Spring,Gumla,2
Unnati pig farm,22.8631875,84.6589375,0,"park, point_of_interest, establishment",parks,Jharkhand,Spring,Gumla,0
Karam pahad,23.0613363,84.5459013,4.3,"park, point_of_interest, establishment",parks,Jharkhand,Spring,Gumla,7
Shahreyar's Garden,23.2998525,84.729242,5,"park, point_of_interest, establishment",parks,Jharkhand,Spring,Gumla,3
Heaven's Garden,23.0657695,84.5838911,0,"park, point_of_interest, establishment",parks,Jharkhand,Spring,Gumla,0
Arbaz Ohdar's Garden,23.2990789,84.7286975,5,"park, point_of_interest, establishment",parks,Jharkhand,Spring,Gumla,2
Ramesh house,23.0631996,84.4463327,3.7,"park, point_of_interest, establishment",parks,Jharkhand,Spring,Gumla,6
महादान पहाड़,22.8447994,84.4182761,3,"park, point_of_interest, establishment",parks,Jharkhand,Spring,Gumla,2
Kurgi da,23.2530725,84.7068711,5,"park, point_of_interest, establishment",parks,Jharkhand,Spring,Gumla,2
Chuhru Dam,23.1906626,84.4474723,0,"park, point_of_interest, establishment",parks,Jharkhand,Spring,Gumla,0
Bargad Pedd,23.0243034,84.5516466,0,"park, point_of_interest, establishment",parks,Jharkhand,Spring,Gumla,0
Green park,22.8556812,84.8051365,0,"park, point_of_interest, establishment",parks,Jharkhand,Spring,Gumla,0
Vivah Mandap,22.8631636,84.8067107,4.1,"park, point_of_interest, establishment",parks,Jharkhand,Spring,Gumla,9
Umesh mahli,23.3128433,84.8239633,3,"park, point_of_interest, establishment",parks,Jharkhand,Spring,Gumla,2
Manish,23.08067,84.28691060000001,0,"park, point_of_interest, establishment",parks,Jharkhand,Spring,Gumla,0
Bishal kumar,23.3012532,84.6575898,4,"park, point_of_interest, establishment",parks,Jharkhand,Spring,Gumla,1
Machhindar (Picnic Spot),23.2565318,84.8384224,0,"park, point_of_interest, establishment",parks,Jharkhand,Spring,Gumla,0
My garden mango,23.0247546,84.5407223,0,"park, point_of_interest, establishment",parks,Jharkhand,Spring,Gumla,0
Kandra Chowk Lohardaga,23.3294296,84.6178549,4.5,"park, point_of_interest, establishment",parks,Jharkhand,Spring,Gumla,12
Palkot,22.8727059,84.6453489,4.2,"campground, park, lodging, point_of_interest, establishment",parks,Jharkhand,Spring,Gumla,25
Puranatoli Park&Garden(Nawatoli),23.3028151,84.4999886,0,"park, point_of_interest, establishment",parks,Jharkhand,Spring,Gumla,0
Ambatoli अंबाटोली,23.0947529,84.3102639,5,"park, point_of_interest, establishment",parks,Jharkhand,Spring,Gumla,1
FISH FARM CENTRE ( GLORY AGRO ENTERPRISE),22.9821465,84.77402819999999,0,"park, point_of_interest, establishment",parks,Jharkhand,Spring,Gumla,0
लोहरा बगीचा,23.090549,84.5860972,0,"park, point_of_interest, establishment",parks,Jharkhand,Spring,Gumla,0
Rohit kindo,23.2301185,84.6819074,0,"park, point_of_interest, establishment",parks,Jharkhand,Spring,Gumla,0
Jay bhai,23.2438821,84.7711016,5,"park, point_of_interest, establishment",parks,Jharkhand,Spring,Gumla,1
Kachhap pig farm,22.8631875,84.6589375,0,"park, point_of_interest, establishment",parks,Jharkhand,Spring,Gumla,0
Pradeep mahto,23.1445171,84.49056030000001,5,"park, point_of_interest, establishment",parks,Jharkhand,Spring,Gumla,2
Mini Greenland,22.9865159,84.70409599999999,5,"park, point_of_interest, establishment",parks,Jharkhand,Spring,Gumla,2
P.A.K.U,23.259003,84.434426,0,"park, point_of_interest, establishment",parks,Jharkhand,Spring,Gumla,0
Rahul MAHLi,22.9026071,84.72548739999999,5,"park, point_of_interest, establishment",parks,Jharkhand,Spring,Gumla,2
Nandu Gope,22.8338983,84.7847417,0,"park, point_of_interest, establishment",parks,Jharkhand,Spring,Gumla,0
Mushakho mountain,22.8955438,84.27110809999999,0,"park, point_of_interest, establishment",parks,Jharkhand,Spring,Gumla,0
Sakra play ground,23.129397,84.3734889,5,"park, point_of_interest, establishment",parks,Jharkhand,Spring,Gumla,1
Inder dev patra Inder oraon,23.1422422,84.54567159999999,2,"park, point_of_interest, establishment",parks,Jharkhand,Spring,Gumla,1
Firu Minj,22.8386524,84.7797341,0,"park, point_of_interest, establishment",parks,Jharkhand,Spring,Gumla,0
S singh mango garden,22.9154768,84.6607595,0,"park, point_of_interest, establishment",parks,Jharkhand,Spring,Gumla,0
Manti bai,22.9682525,84.3261328,1,"park, point_of_interest, establishment",parks,Jharkhand,Spring,Gumla,1
"Lovers point ""tuku toli""",23.088828,84.4870912,0,"park, point_of_interest, establishment",parks,Jharkhand,Spring,Gumla,0
Chisti Chaman Farm,22.9536914,84.4553335,0,"park, point_of_interest, establishment",parks,Jharkhand,Spring,Gumla,0
Maghi Bagicha,23.1693988,84.74785659999999,4.5,"park, point_of_interest, establishment",parks,Jharkhand,Spring,Gumla,2
Bire oraon patra,23.1344379,84.53674939999999,1,"park, point_of_interest, establishment",parks,Jharkhand,Spring,Gumla,1
Golden Minabajar,23.168661,84.757556,0,"park, point_of_interest, establishment",parks,Jharkhand,Spring,Gumla,0
"Jharkhand Tribal Museum, Arouse, Sisai Road, Gumla",23.0429921,84.5516193,4.1,"museum, point_of_interest, establishment",museum,Jharkhand,Winter,Gumla,165
Makunda akhada मकुंदा अखाड़ा,23.1810721,84.68501839999999,5,"museum, point_of_interest, establishment",museum,Jharkhand,Winter,Gumla,2
Shiv Mandir Kaliga,23.0229846,84.73063979999999,3,"museum, point_of_interest, establishment",museum,Jharkhand,Winter,Gumla,2
Gumla science centre,23.0395446,84.53826099999999,4.9,"point_of_interest, establishment",museum,Jharkhand,Winter,Gumla,7
The Bag Museum,23.0415853,84.5438903,0,"store, point_of_interest, establishment",museum,Jharkhand,Winter,Gumla,0
चेट्टठी Tongri,23.0212828,84.55878829999999,4,"museum, point_of_interest, establishment",museum,Jharkhand,Winter,Gumla,4
Anup,23.3266,84.64391020000001,0,"museum, point_of_interest, establishment",museum,Jharkhand,Winter,Gumla,0
Kidrai,23.1673265,84.76033810000001,0,"museum, point_of_interest, establishment",museum,Jharkhand,Winter,Gumla,0
Sono Waterfall,22.961762,84.547707,4.3,"tourist_attraction, point_of_interest, establishment",waterfalls,Jharkhand,Monsoon,Gumla,34
Baghmunda Waterfall (बाघमुण्डा जलप्रपात),22.8500899,84.8349707,4.4,"tourist_attraction, point_of_interest, establishment",waterfalls,Jharkhand,Monsoon,Gumla,653
Luna water fall,23.0631684,84.4118991,3.6,"tourist_attraction, point_of_interest, establishment",waterfalls,Jharkhand,Monsoon,Gumla,54
Dhawtha waterfall,23.1699574,84.43436229999999,4.7,"tourist_attraction, point_of_interest, establishment",waterfalls,Jharkhand,Monsoon,Gumla,3
Sundridih Waterfall,22.8503961,84.5404903,3.8,"tourist_attraction, point_of_interest, establishment",waterfalls,Jharkhand,Monsoon,Gumla,39
Orson Waterfall,23.0052,84.544,5,"tourist_attraction, point_of_interest, establishment",waterfalls,Jharkhand,Monsoon,Gumla,4
Masaria Waterfall,23.2029672,84.56076440000001,3.7,"tourist_attraction, point_of_interest, establishment",waterfalls,Jharkhand,Monsoon,Gumla,3
Waterfall of bamhni tongri,23.0696676,84.5856845,2.5,"tourist_attraction, point_of_interest, establishment",waterfalls,Jharkhand,Monsoon,Gumla,2
Gadh Pahad,22.8334536,84.2624106,4.2,"tourist_attraction, point_of_interest, establishment",waterfalls,Jharkhand,Monsoon,Gumla,5
Sakia Dam,22.7954141,84.7839691,3.7,"tourist_attraction, point_of_interest, establishment",waterfalls,Jharkhand,Monsoon,Gumla,41
Jhara waterfall hidden place Gumla Jharkhand,23.2556142,84.3044096,0,"park, point_of_interest, establishment",waterfalls,Jharkhand,Monsoon,Gumla,0
Sono waterfall view point,22.9619198,84.5473621,0,"park, point_of_interest, establishment",waterfalls,Jharkhand,Monsoon,Gumla,0
Dumardih small water fall,23.1062674,84.4717731,0,"tourist_attraction, point_of_interest, establishment",waterfalls,Jharkhand,Monsoon,Gumla,0
Adar nakti waterfall,23.3012705,84.4647035,0,"point_of_interest, establishment",waterfalls,Jharkhand,Monsoon,Gumla,0
Pandra Pani,23.0531391,84.51669,4.3,"park, point_of_interest, establishment",waterfalls,Jharkhand,Monsoon,Gumla,4
Palkot Wildlife Sanctuary,22.8178524,84.55608869999999,4.4,"tourist_attraction, zoo, park, point_of_interest, establishment",zoo,Jharkhand,Winter,Gumla,18
Maha Temple,23.3066933,84.58123359999999,4.6,"hindu_temple, place_of_worship, point_of_interest, establishment",temples,Jharkhand,All Seasons,Gumla,105
Devgaon Temple,22.8104275,84.71497339999999,4.5,"hindu_temple, place_of_worship, point_of_interest, establishment",temples,Jharkhand,All Seasons,Gumla,28
Pampa Bhawani Temple palkot jharkhand,22.8731791,84.62618049999999,4.3,"hindu_temple, place_of_worship, point_of_interest, establishment",temples,Jharkhand,All Seasons,Gumla,23
Anjan Hanuman Temple,23.13959,84.4571728,4.6,"hindu_temple, place_of_worship, point_of_interest, establishment",temples,Jharkhand,All Seasons,Gumla,95
Dewaaki Temple,23.2797188,84.5314545,4.5,"hindu_temple, place_of_worship, point_of_interest, establishment",temples,Jharkhand,All Seasons,Gumla,94
Anjani Hanuman Temple,23.1254064,84.4695359,4.4,"hindu_temple, place_of_worship, point_of_interest, establishment",temples,Jharkhand,All Seasons,Gumla,148
Dasbhuja Temple,22.8751272,84.63933229999999,4.3,"hindu_temple, place_of_worship, point_of_interest, establishment",temples,Jharkhand,All Seasons,Gumla,31
"Kapilnath Temple,Lord shiva",23.1160566,84.7787809,4.6,"hindu_temple, place_of_worship, point_of_interest, establishment",temples,Jharkhand,All Seasons,Gumla,30
Jagarnath Temple,23.0273974,84.5924259,4.7,"hindu_temple, place_of_worship, point_of_interest, establishment",temples,Jharkhand,All Seasons,Gumla,10
Rameshwarnath Temple Dhidhauli,23.0184846,84.6761782,4.7,"hindu_temple, place_of_worship, point_of_interest, establishment",temples,Jharkhand,All Seasons,Gumla,10
Korambe Mandir,23.3148193,84.64670699999999,4.3,"hindu_temple, place_of_worship, point_of_interest, establishment",temples,Jharkhand,All Seasons,Gumla,52
Sri Sai & Shani Temple,23.0323048,84.5452049,4.1,"hindu_temple, place_of_worship, point_of_interest, establishment",temples,Jharkhand,All Seasons,Gumla,34
Hanuman Temple,23.2965714,84.51644379999999,5,"hindu_temple, place_of_worship, point_of_interest, establishment",temples,Jharkhand,All Seasons,Gumla,3
Temple Durga,23.2674983,84.55460769999999,4.8,"hindu_temple, place_of_worship, point_of_interest, establishment",temples,Jharkhand,All Seasons,Gumla,6
Maa Shakti Temple,23.0397604,84.5466687,4.5,"hindu_temple, place_of_worship, point_of_interest, establishment",temples,Jharkhand,All Seasons,Gumla,15
Maa Dudheshwari Dham,23.0639791,84.53752539999999,4.8,"hindu_temple, place_of_worship, point_of_interest, establishment",temples,Jharkhand,All Seasons,Gumla,15
Nagpheni Mandir,23.1149588,84.6786779,4.3,"hindu_temple, place_of_worship, point_of_interest, establishment",temples,Jharkhand,All Seasons,Gumla,34
Shiv Temple,23.0268392,84.555679,4.5,"hindu_temple, place_of_worship, point_of_interest, establishment",temples,Jharkhand,All Seasons,Gumla,10
Temple,23.2541009,84.8138559,0,"hindu_temple, place_of_worship, point_of_interest, establishment",temples,Jharkhand,All Seasons,Gumla,0
Shiv Temple,23.0352423,84.5324765,4.5,"hindu_temple, place_of_worship, point_of_interest, establishment",temples,Jharkhand,All Seasons,Gumla,13
Hanuman Mandir,23.1665005,84.74432820000001,4.2,"hindu_temple, place_of_worship, point_of_interest, establishment",temples,Jharkhand,All Seasons,Gumla,17
Hanuman temple kalhutoli,23.2995679,84.7453644,5,"hindu_temple, place_of_worship, point_of_interest, establishment",temples,Jharkhand,All Seasons,Gumla,2
Durga Mandir Thana Road,23.1715728,84.75344869999999,4.3,"hindu_temple, place_of_worship, point_of_interest, establishment",temples,Jharkhand,All Seasons,Gumla,10
Hanuman Temple,23.0286187,84.5369972,4,"hindu_temple, place_of_worship, point_of_interest, establishment",temples,Jharkhand,All Seasons,Gumla,84
Hanuman Temple Temple Nawatoli khatanga,23.2895181,84.5883097,5,"hindu_temple, place_of_worship, point_of_interest, establishment",temples,Jharkhand,All Seasons,Gumla,5
Sri Hanuman Temple,23.0554952,84.5407668,3.7,"hindu_temple, place_of_worship, point_of_interest, establishment",temples,Jharkhand,All Seasons,Gumla,7
"Dabnapani, Palkot",22.8791875,84.6679375,5,"hindu_temple, place_of_worship, point_of_interest, establishment",temples,Jharkhand,All Seasons,Gumla,1
Radha krishna temple barkadih,23.2278117,84.53561669999999,4.4,"hindu_temple, place_of_worship, point_of_interest, establishment",temples,Jharkhand,All Seasons,Gumla,11
Shiv Mandir,23.1581126,84.833539,3,"hindu_temple, place_of_worship, point_of_interest, establishment",temples,Jharkhand,All Seasons,Gumla,1
Budha Mahadeo,22.8727619,84.6400748,3.7,"hindu_temple, place_of_worship, point_of_interest, establishment",temples,Jharkhand,All Seasons,Gumla,11
ଶ୍ରୀ ଜଗନ୍ନାଥ ମନ୍ଦିର.Jagannath Temple,23.0200472,84.53474279999999,4,"hindu_temple, place_of_worship, point_of_interest, establishment",temples,Jharkhand,All Seasons,Gumla,24
JOGOTOLI Shiv mandir,22.9008076,84.81828469999999,5,"hindu_temple, place_of_worship, point_of_interest, establishment",temples,Jharkhand,All Seasons,Gumla,6
MAA DURGA Temple,23.0530636,84.54765499999999,5,"hindu_temple, place_of_worship, point_of_interest, establishment",temples,Jharkhand,All Seasons,Gumla,2
Hanuman Mandir,23.1153266,84.67422669999999,4.8,"hindu_temple, place_of_worship, point_of_interest, establishment",temples,Jharkhand,All Seasons,Gumla,11
Hanuman Temple,23.2047128,84.55916180000001,4.1,"hindu_temple, place_of_worship, point_of_interest, establishment",temples,Jharkhand,All Seasons,Gumla,11
Devi Mandap Hundratoli,23.1050542,84.66710599999999,5,"hindu_temple, place_of_worship, point_of_interest, establishment",temples,Jharkhand,All Seasons,Gumla,3
"Nam NAGAR temple , नाम नगर मंदिर",23.1214666,84.7757958,4.2,"hindu_temple, place_of_worship, point_of_interest, establishment",temples,Jharkhand,All Seasons,Gumla,5
Kaali Mandir,22.8853894,84.6443884,4.1,"hindu_temple, place_of_worship, point_of_interest, establishment",temples,Jharkhand,All Seasons,Gumla,15
Sai Temple,23.0186953,84.5331337,4.6,"hindu_temple, place_of_worship, point_of_interest, establishment",temples,Jharkhand,All Seasons,Gumla,18
"SHRIDHAR SEVA SANSTHAN, MARDA",22.9418876,84.47745719999999,4.5,"hindu_temple, place_of_worship, point_of_interest, establishment",temples,Jharkhand,All Seasons,Gumla,17
Shiv Temple shanti nagar gumla,23.0402017,84.5532623,4.4,"hindu_temple, place_of_worship, point_of_interest, establishment",temples,Jharkhand,All Seasons,Gumla,12
Devimandap & Charaiyanath Baba,23.1188382,84.68321449999999,4.6,"hindu_temple, place_of_worship, point_of_interest, establishment",temples,Jharkhand,All Seasons,Gumla,5
Hanuman Temple Patgachha,23.1843284,84.4554682,4.7,"hindu_temple, place_of_worship, point_of_interest, establishment",temples,Jharkhand,All Seasons,Gumla,7
Hanuman Mandir,23.0273489,84.5850512,4.2,"hindu_temple, place_of_worship, point_of_interest, establishment",temples,Jharkhand,All Seasons,Gumla,15
Shiv Mandir,23.1681693,84.7640286,4,"hindu_temple, place_of_worship, point_of_interest, establishment",temples,Jharkhand,All Seasons,Gumla,11
Maha Sadashiva Mandir Marda,22.9419134,84.47733679999999,4.7,"hindu_temple, place_of_worship, point_of_interest, establishment",temples,Jharkhand,All Seasons,Gumla,81
New Shiv Temple,23.054349,84.5430483,3.8,"hindu_temple, place_of_worship, point_of_interest, establishment",temples,Jharkhand,All Seasons,Gumla,13
Shiv Mahadev temple,23.0246,84.54139529999999,5,"hindu_temple, place_of_worship, point_of_interest, establishment",temples,Jharkhand,All Seasons,Gumla,1
panchmukhi hanuman mandir,23.0717232,84.60989049999999,5,"hindu_temple, place_of_worship, point_of_interest, establishment",temples,Jharkhand,All Seasons,Gumla,1
Bajrang Bali Temple,23.2648567,84.555705,4,"hindu_temple, place_of_worship, point_of_interest, establishment",temples,Jharkhand,All Seasons,Gumla,11
Jamgain temple,23.0597951,84.36543789999999,5,"hindu_temple, place_of_worship, point_of_interest, establishment",temples,Jharkhand,All Seasons,Gumla,3
"Bharda Basti , Shiv Bhawani Temple",23.0921476,84.6400645,2.5,"hindu_temple, place_of_worship, point_of_interest, establishment",temples,Jharkhand,All Seasons,Gumla,2
Hanuman Mandir,23.0627122,84.5401054,4.7,"hindu_temple, place_of_worship, point_of_interest, establishment",temples,Jharkhand,All Seasons,Gumla,11
Devi mandir Chaha Gumla,23.0464651,84.5195974,5,"hindu_temple, place_of_worship, point_of_interest, establishment",temples,Jharkhand,All Seasons,Gumla,1
ram temple,23.0553388,84.6529822,4.4,"hindu_temple, place_of_worship, point_of_interest, establishment",temples,Jharkhand,All Seasons,Gumla,7
Basudeo Kona Shiva Temple(kaling vastu),22.9309701,84.4558076,4.4,"hindu_temple, place_of_worship, point_of_interest, establishment",temples,Jharkhand,All Seasons,Gumla,18
Lord Hanuman Temple,23.2523098,84.5484611,3.9,"hindu_temple, place_of_worship, point_of_interest, establishment",temples,Jharkhand,All Seasons,Gumla,14
Temple santoshi,23.2675414,84.5468904,3.4,"hindu_temple, place_of_worship, point_of_interest, establishment",temples,Jharkhand,All Seasons,Gumla,8
"RAM MANDIR, GAYATRI Temple",23.0398516,84.54151859999999,4.7,"hindu_temple, place_of_worship, point_of_interest, establishment",temples,Jharkhand,All Seasons,Gumla,12
Dewi Temple,23.0364072,84.549752,4.3,"hindu_temple, place_of_worship, point_of_interest, establishment",temples,Jharkhand,All Seasons,Gumla,9
Palkot Hills Station,22.8807197,84.6339933,4.6,"point_of_interest, establishment",hills,Jharkhand,Winter,Gumla,17
Nagar hill,23.1087751,84.7854115,3.5,"park, point_of_interest, establishment",hills,Jharkhand,Winter,Gumla,6
Tetra Hill,22.8729659,84.7510836,4,"point_of_interest, establishment",hills,Jharkhand,Winter,Gumla,2
Basua Hills,23.1402197,84.5783557,4.6,"point_of_interest, establishment",hills,Jharkhand,Winter,Gumla,7
Korambe hill,23.32225,84.65455829999999,4.6,"tourist_attraction, point_of_interest, establishment",hills,Jharkhand,Winter,Gumla,9
Nagfeni Hill View point,23.112277,84.68644669999999,5,"point_of_interest, establishment",hills,Jharkhand,Winter,Gumla,2
Cheter rock hill,23.0519567,84.51138759999999,5,"park, point_of_interest, establishment",hills,Jharkhand,Winter,Gumla,1
Restraunt hill,23.0483549,84.5719362,0,"restaurant, point_of_interest, food, establishment",hills,Jharkhand,Winter,Gumla,0
South hill gumla,23.0115685,84.55691180000001,4.3,"tourist_attraction, point_of_interest, establishment",hills,Jharkhand,Winter,Gumla,6
Bansdih Hill,23.047355,84.46794299999999,5,"tourist_attraction, point_of_interest, establishment",hills,Jharkhand,Winter,Gumla,4
Chetar Rock Hill,23.0519551,84.51138040000001,2.5,"park, point_of_interest, establishment",hills,Jharkhand,Winter,Gumla,2
Hill Top gumla,23.0555994,84.5804907,1,"point_of_interest, establishment",hills,Jharkhand,Winter,Gumla,1
Koredag Hills,23.2214858,84.73648109999999,2,"park, point_of_interest, establishment",hills,Jharkhand,Winter,Gumla,1
Taisra,23.0077752,84.60342709999999,No rating,"locality, political",hills,Jharkhand,Winter,Gumla,0
Baghmunda Waterfall (बाघमुण्डा जलप्रपात),22.8500899,84.8349707,4.4,"tourist_attraction, point_of_interest, establishment",attraction,Jharkhand,All Seasons,Gumla,653
Korambe hill,23.32225,84.65455829999999,4.6,"tourist_attraction, point_of_interest, establishment",attraction,Jharkhand,All Seasons,Gumla,9
Bansdih View Point,23.0447309,84.47180829999999,3.9,"tourist_attraction, point_of_interest, establishment",attraction,Jharkhand,All Seasons,Gumla,11
Tongo River,23.0717156,84.32571949999999,4.2,"tourist_attraction, point_of_interest, establishment",attraction,Jharkhand,All Seasons,Gumla,11
"Kulabira,DONGA GHAT",23.0846117,84.69180999999999,3.8,"tourist_attraction, point_of_interest, establishment",attraction,Jharkhand,All Seasons,Gumla,4
Sankh river old bridge (river view point) NH43,22.9388238,84.39601309999999,4.5,"tourist_attraction, point_of_interest, establishment",attraction,Jharkhand,All Seasons,Gumla,15
Totambi Dam,23.1990471,84.5359476,3.1,"tourist_attraction, point_of_interest, establishment",attraction,Jharkhand,All Seasons,Gumla,7
"Armai tongri , gumla",23.043176,84.5777039,3.5,"tourist_attraction, point_of_interest, establishment",attraction,Jharkhand,All Seasons,Gumla,4
Happy picnic spot,23.1893636,84.6599227,4.3,"tourist_attraction, point_of_interest, establishment",attraction,Jharkhand,All Seasons,Gumla,7
Sono Waterfall,22.961762,84.547707,4.3,"tourist_attraction, point_of_interest, establishment",attraction,Jharkhand,All Seasons,Gumla,34
Barisa tongri,23.069311,84.5816082,3.6,"tourist_attraction, point_of_interest, establishment",attraction,Jharkhand,All Seasons,Gumla,13
View point,23.0792392,84.6456252,5,"tourist_attraction, point_of_interest, establishment",attraction,Jharkhand,All Seasons,Gumla,1
Sundridih Waterfall,22.8503961,84.5404903,3.8,"tourist_attraction, point_of_interest, establishment",attraction,Jharkhand,All Seasons,Gumla,39
Dimna lake,23.0482678,84.57200519999999,0,"tourist_attraction, point_of_interest, establishment",attraction,Jharkhand,All Seasons,Gumla,0
Ziling Sereng,23.2311573,84.3159237,4,"tourist_attraction, point_of_interest, establishment",attraction,Jharkhand,All Seasons,Gumla,2
Chiro tongri,23.2630318,84.5716975,3.6,"tourist_attraction, point_of_interest, establishment",attraction,Jharkhand,All Seasons,Gumla,8
Rock on Rock,22.8830052,84.6509631,4.6,"tourist_attraction, point_of_interest, establishment",attraction,Jharkhand,All Seasons,Gumla,21
Dhawtha waterfall,23.1699574,84.43436229999999,4.7,"tourist_attraction, point_of_interest, establishment",attraction,Jharkhand,All Seasons,Gumla,3
Ship ston ( जहाज पत्थर),23.1925711,84.36377089999999,0,"tourist_attraction, point_of_interest, establishment",attraction,Jharkhand,All Seasons,Gumla,0
Gadh Pahad,22.8334536,84.2624106,4.2,"tourist_attraction, point_of_interest, establishment",attraction,Jharkhand,All Seasons,Gumla,5
Talab(tank) Bagesera,22.9390517,84.7219937,0,"tourist_attraction, point_of_interest, establishment",attraction,Jharkhand,All Seasons,Gumla,0
Orson dam (jorag),23.0024162,84.546998,4.5,"tourist_attraction, point_of_interest, establishment",attraction,Jharkhand,All Seasons,Gumla,10
"Nesa Dam , telgaon",23.0226396,84.50445479999999,4,"tourist_attraction, point_of_interest, establishment",attraction,Jharkhand,All Seasons,Gumla,1
Basudeo Kona Dam,22.9401079,84.4542063,4,"tourist_attraction, point_of_interest, establishment",attraction,Jharkhand,All Seasons,Gumla,6
Tangisikwar dam,23.2631707,84.5754626,4.6,"tourist_attraction, point_of_interest, establishment",attraction,Jharkhand,All Seasons,Gumla,9
view point,23.3083355,84.4526461,4.6,"tourist_attraction, point_of_interest, establishment",attraction,Jharkhand,All Seasons,Gumla,7
Bambalkera,22.7988132,84.3438962,5,"tourist_attraction, point_of_interest, establishment",attraction,Jharkhand,All Seasons,Gumla,1
Sankh river (Photoshoot point) NH 43,22.9375057,84.3964882,4.6,"tourist_attraction, point_of_interest, establishment",attraction,Jharkhand,All Seasons,Gumla,18
Panisani DAM,22.816951,84.627239,3.3,"tourist_attraction, point_of_interest, establishment",attraction,Jharkhand,All Seasons,Gumla,9
Katasaru,23.0441295,84.53794549999999,3,"tourist_attraction, point_of_interest, establishment",attraction,Jharkhand,All Seasons,Gumla,2
South hill gumla,23.0115685,84.55691180000001,4.3,"tourist_attraction, point_of_interest, establishment",attraction,Jharkhand,All Seasons,Gumla,6
पक्का बांध आदर,23.3063032,84.46290809999999,0,"tourist_attraction, point_of_interest, establishment",attraction,Jharkhand,All Seasons,Gumla,0
Kandra bridge local favorites Aria,23.3222309,84.6311818,5,"tourist_attraction, point_of_interest, establishment",attraction,Jharkhand,All Seasons,Gumla,1
Mahadev Tongri,23.0306243,84.818168,5,"tourist_attraction, point_of_interest, establishment",attraction,Jharkhand,All Seasons,Gumla,1
Koel Bridge Arangi,23.1804944,84.6565258,4.1,"tourist_attraction, point_of_interest, establishment",attraction,Jharkhand,All Seasons,Gumla,15
बड़ा तालाब buti,23.3296075,84.59739739999999,0,"tourist_attraction, point_of_interest, establishment",attraction,Jharkhand,All Seasons,Gumla,0
Masaria Waterfall,23.2029672,84.56076440000001,3.7,"tourist_attraction, point_of_interest, establishment",attraction,Jharkhand,All Seasons,Gumla,3
VA adda,23.0529913,84.52342709999999,0,"tourist_attraction, point_of_interest, establishment",attraction,Jharkhand,All Seasons,Gumla,0
Luna water fall,23.0631684,84.4118991,3.6,"tourist_attraction, point_of_interest, establishment",attraction,Jharkhand,All Seasons,Gumla,54
सनम मिलन पॉइंट Sanam Milan Point S .A. NIGHAI AASRA SELEM,23.0680074,84.3730001,0,"tourist_attraction, point_of_interest, establishment",attraction,Jharkhand,All Seasons,Gumla,0
Jolo Bridge,22.9788252,84.73473489999999,3.6,"tourist_attraction, point_of_interest, establishment",attraction,Jharkhand,All Seasons,Gumla,14
Ratu falls,23.1759218,84.3285049,1,"tourist_attraction, point_of_interest, establishment",attraction,Jharkhand,All Seasons,Gumla,1
Sargaon Dam,23.1826668,84.4127575,4,"tourist_attraction, point_of_interest, establishment",attraction,Jharkhand,All Seasons,Gumla,1
Pondi Bridge,23.0419857,84.30708779999999,0,"tourist_attraction, point_of_interest, establishment",attraction,Jharkhand,All Seasons,Gumla,0
Umra Pahar,22.926406,84.6055308,3.7,"tourist_attraction, point_of_interest, establishment",attraction,Jharkhand,All Seasons,Gumla,3
Chhedeya Tangra,23.2149599,84.261336,4.6,"tourist_attraction, point_of_interest, establishment",attraction,Jharkhand,All Seasons,Gumla,7
Dewaki Dam,23.2982056,84.5066458,4,"tourist_attraction, point_of_interest, establishment",attraction,Jharkhand,All Seasons,Gumla,6
Orson Waterfall,23.0052,84.544,5,"tourist_attraction, point_of_interest, establishment",attraction,Jharkhand,All Seasons,Gumla,4
Rakamsera Dam A Beautifull Natural Place Gumla,23.0098024,84.69174269999999,5,"tourist_attraction, point_of_interest, establishment",attraction,Jharkhand,All Seasons,Gumla,1
Kochaa patra,22.9937653,84.7459646,5,"tourist_attraction, point_of_interest, establishment",attraction,Jharkhand,All Seasons,Gumla,4
Sunrise point palkot,22.8623164,84.63196429999999,4.9,"tourist_attraction, point_of_interest, establishment",attraction,Jharkhand,All Seasons,Gumla,8
Tuku toli,23.0556478,84.532381,0,"tourist_attraction, point_of_interest, establishment",attraction,Jharkhand,All Seasons,Gumla,0
Kirto Dam,23.0868744,84.29328579999999,3,"tourist_attraction, point_of_interest, establishment",attraction,Jharkhand,All Seasons,Gumla,2
Khora pahar,23.0735091,84.6017633,3.8,"tourist_attraction, point_of_interest, establishment",attraction,Jharkhand,All Seasons,Gumla,4
Bandh buti,23.3292452,84.6079867,0,"tourist_attraction, point_of_interest, establishment",attraction,Jharkhand,All Seasons,Gumla,0
Safi Nadi,23.1393777,84.25351669999999,3.4,"tourist_attraction, point_of_interest, establishment",attraction,Jharkhand,All Seasons,Gumla,7
MAHADEV NAGAR,22.9716672,84.5143703,3.8,"tourist_attraction, point_of_interest, establishment",attraction,Jharkhand,All Seasons,Gumla,10
Sangam koel view,23.1672677,84.65845379999999,5,"tourist_attraction, point_of_interest, establishment",attraction,Jharkhand,All Seasons,Gumla,1
काड़ो कोचा,23.1424475,84.7869327,5,"tourist_attraction, point_of_interest, establishment",attraction,Jharkhand,All Seasons,Gumla,2
KEWAT HOUSE,23.1186742,84.68302249999999,0,"tourist_attraction, point_of_interest, establishment",attraction,Jharkhand,All Seasons,Gumla,0
Guru Gobind Singh Park,23.9972534,85.36205729999999,4.1,"park, point_of_interest, establishment",parks,Jharkhand,Spring,Hazaribagh,153
Nirmal Mahto Park,24.0073531,85.36760509999999,3.9,"park, point_of_interest, establishment",parks,Jharkhand,Spring,Hazaribagh,930
Demotand Park,23.9139463,85.3992394,4,"park, point_of_interest, establishment",parks,Jharkhand,Spring,Hazaribagh,430
J.R.D TATA Park,23.789274,85.55925599999999,4.1,"park, point_of_interest, establishment",parks,Jharkhand,Spring,Hazaribagh,270
Hazaribag Jhill,24.0104605,85.36262289999999,4.4,"park, point_of_interest, establishment",parks,Jharkhand,Spring,Hazaribagh,98
Active youth park,23.9781066,85.404461,4.3,"park, point_of_interest, establishment",parks,Jharkhand,Spring,Hazaribagh,18
"Friends Park, VBU Hazaribag",24.0224349,85.3735901,4.1,"park, point_of_interest, establishment",parks,Jharkhand,Spring,Hazaribagh,66
Jabra park,24.0026875,85.3979375,4,"park, point_of_interest, establishment",parks,Jharkhand,Spring,Hazaribagh,277
Swarn jayanti park,24.0070221,85.3651354,3.9,"park, point_of_interest, establishment",parks,Jharkhand,Spring,Hazaribagh,795
JN TATA PARK,23.7788239,85.5445404,4.2,"park, point_of_interest, establishment",parks,Jharkhand,Spring,Hazaribagh,114
Jan Nayak Karpuri Thakur Pratima Sthal (Park),24.0056947,85.35891409999999,3.7,"park, point_of_interest, establishment",parks,Jharkhand,Spring,Hazaribagh,93
Duni River Side Park,23.7705241,85.55494750000001,3.9,"park, point_of_interest, establishment",parks,Jharkhand,Spring,Hazaribagh,59
Panchsheel Park,23.9561933,85.3636032,3.8,"park, point_of_interest, establishment",parks,Jharkhand,Spring,Hazaribagh,33
Chade Talab,23.9843188,85.3613864,3.5,"park, point_of_interest, establishment",parks,Jharkhand,Spring,Hazaribagh,71
JRD Tata Park Gate,23.7910542,85.5608985,4.3,"park, point_of_interest, establishment",parks,Jharkhand,Spring,Hazaribagh,12
Chaindawa park (moon park),24.0375875,85.5772969,5,"park, point_of_interest, establishment",parks,Jharkhand,Spring,Hazaribagh,1
Zabra park,24.0026977,85.39793689999999,3.5,"park, point_of_interest, establishment",parks,Jharkhand,Spring,Hazaribagh,6
SHAHID SMARK,24.0049954,85.36841280000002,3.9,"park, point_of_interest, establishment",parks,Jharkhand,Spring,Hazaribagh,58
Agro tourism centre,23.9142684,85.4005912,4.1,"park, point_of_interest, establishment",parks,Jharkhand,Spring,Hazaribagh,41
J.N Tata Park Gate,23.7765879,85.5386139,5,"park, point_of_interest, establishment",parks,Jharkhand,Spring,Hazaribagh,2
Sinpsun Park,24.0010248,85.3662409,3.8,"park, point_of_interest, establishment",parks,Jharkhand,Spring,Hazaribagh,75
Sarle Jheel Park,24.0046953,85.3643824,3.8,"park, point_of_interest, establishment",parks,Jharkhand,Spring,Hazaribagh,239
Bauliya Talab,23.9900133,85.3567049,3.4,"park, point_of_interest, establishment",parks,Jharkhand,Spring,Hazaribagh,39
Zoobi Doobi Water & Amusement Park,23.904402,85.4054517,3.7,"park, point_of_interest, establishment",parks,Jharkhand,Spring,Hazaribagh,164
Sanskriti Museum and Art Gallery,24.0096551,85.3787155,4.3,"museum, tourist_attraction, art_gallery, point_of_interest, establishment",museum,Jharkhand,Winter,Hazaribagh,368
Imam bara hazaribag jharkhand,23.9911395,85.3562831,4.3,"museum, point_of_interest, establishment",museum,Jharkhand,Winter,Hazaribagh,17
Jute and dokra art,23.9859372,85.3524092,5,"museum, point_of_interest, establishment",museum,Jharkhand,Winter,Hazaribagh,1
K B SAHAY PARK,23.9855968,85.3731766,4.6,"museum, point_of_interest, establishment",museum,Jharkhand,Winter,Hazaribagh,10
Sandh,23.8329273,85.2378619,5,"museum, point_of_interest, establishment",museum,Jharkhand,Winter,Hazaribagh,4
Nikhil kumar raj,23.9325234,85.5934262,0,"museum, point_of_interest, establishment",museum,Jharkhand,Winter,Hazaribagh,0
Sikendra rana,24.1493517,85.3084516,0,"museum, point_of_interest, establishment",museum,Jharkhand,Winter,Hazaribagh,0
"Sohrai-Khovar Art Gallery, Isko Cave, Barkagaon",23.8057776,85.3267487,5,"museum, point_of_interest, establishment",museum,Jharkhand,Winter,Hazaribagh,2
Chowk Singhani,23.9932908,85.4002167,4,"museum, point_of_interest, establishment",museum,Jharkhand,Winter,Hazaribagh,1
"Isco Rockart (10,000 B.C)",23.8053754,85.3280254,4.4,"museum, point_of_interest, establishment",museum,Jharkhand,Winter,Hazaribagh,34
इस्को गुफा,23.8073462,85.3315093,3.9,"museum, point_of_interest, establishment",museum,Jharkhand,Winter,Hazaribagh,14
SIJHUA DHARDHARWA WATERFALL ICHAK JHARPO HAZARIBAGH,24.1143991,85.3909724,3,"museum, point_of_interest, establishment",museum,Jharkhand,Winter,Hazaribagh,2
Shri Shanidev Mandir,23.7442337,85.5039314,4,"museum, point_of_interest, establishment",museum,Jharkhand,Winter,Hazaribagh,25
Nakul हाउस carpeter,23.9809986,85.1851588,0,"museum, point_of_interest, establishment",museum,Jharkhand,Winter,Hazaribagh,0
श्मशान घाट,24.0998534,85.5380467,0,"museum, point_of_interest, establishment",museum,Jharkhand,Winter,Hazaribagh,0
Karmatand Shiv Mandir,23.9541758,85.6670829,4.5,"museum, point_of_interest, establishment",museum,Jharkhand,Winter,Hazaribagh,17
हजारीबाग,23.9954644,85.3608751,2.5,"museum, point_of_interest, establishment",museum,Jharkhand,Winter,Hazaribagh,2
BRITISH GRAVEYARD,23.9946081,85.36905999999999,0,"museum, point_of_interest, establishment",museum,Jharkhand,Winter,Hazaribagh,0
Suraj House,24.1799618,85.58671369999999,0,"museum, point_of_interest, establishment",museum,Jharkhand,Winter,Hazaribagh,0
Adar Padma Hazaribagh Jharkhand,24.2073652,85.3627987,4,"museum, point_of_interest, establishment",museum,Jharkhand,Winter,Hazaribagh,2
Chadwa Dam,24.0234187,85.3123293,4.1,"tourist_attraction, point_of_interest, establishment",museum,Jharkhand,Winter,Hazaribagh,296
Barkattha Karbala,24.1776865,85.5994127,5,"museum, point_of_interest, establishment",museum,Jharkhand,Winter,Hazaribagh,2
Ashok Pan,24.2115252,85.6306448,5,"museum, point_of_interest, establishment",museum,Jharkhand,Winter,Hazaribagh,1
BSC Shoe Museum,23.9939922,85.3550887,3.9,"shoe_store, store, point_of_interest, establishment",museum,Jharkhand,Winter,Hazaribagh,21
Niku rana home,24.0090762,85.498756,2.5,"museum, point_of_interest, establishment",museum,Jharkhand,Winter,Hazaribagh,2
Konar waterfall (river),23.9251951,85.4766228,4.4,"tourist_attraction, point_of_interest, establishment",waterfalls,Jharkhand,Monsoon,Hazaribagh,52
Barat Picharwa Waterfall,23.8695625,85.4004375,4.2,"tourist_attraction, point_of_interest, establishment",waterfalls,Jharkhand,Monsoon,Hazaribagh,71
Jhir Jhiriya waterfall,23.8517734,85.6564971,4.8,"tourist_attraction, point_of_interest, establishment",waterfalls,Jharkhand,Monsoon,Hazaribagh,6
Chameli Waterfall,24.1600705,85.3814238,4.4,"tourist_attraction, point_of_interest, establishment",waterfalls,Jharkhand,Monsoon,Hazaribagh,331
Sijhuwa Waterfall,24.1191276,85.59921279999999,4.3,"tourist_attraction, point_of_interest, establishment",waterfalls,Jharkhand,Monsoon,Hazaribagh,83
Gatti kocha waterfall,23.8654157,85.3080963,4.3,"tourist_attraction, point_of_interest, establishment",waterfalls,Jharkhand,Monsoon,Hazaribagh,37
Salparni waterfall,24.1262482,85.39645089999999,4.4,"tourist_attraction, point_of_interest, establishment",waterfalls,Jharkhand,Monsoon,Hazaribagh,178
Bailgirah Waterfall,23.8650607,85.2980202,3.1,"tourist_attraction, point_of_interest, establishment",waterfalls,Jharkhand,Monsoon,Hazaribagh,7
Nisenlagwa Waterfall,24.1226892,85.6241057,4.7,"park, point_of_interest, establishment",waterfalls,Jharkhand,Monsoon,Hazaribagh,3
Koti Water Fall,23.7698809,85.1662084,4.7,"tourist_attraction, point_of_interest, establishment",waterfalls,Jharkhand,Monsoon,Hazaribagh,3
Solah foot ka jharna,24.1600604,85.3816253,4.4,"tourist_attraction, point_of_interest, establishment",waterfalls,Jharkhand,Monsoon,Hazaribagh,28
बेलगिरी झरना,23.8721996,85.3060125,4.3,"tourist_attraction, point_of_interest, establishment",waterfalls,Jharkhand,Monsoon,Hazaribagh,36
Amandhara fall,23.8710836,85.3042067,4.2,"tourist_attraction, point_of_interest, establishment",waterfalls,Jharkhand,Monsoon,Hazaribagh,43
Ghaghra Water Fall,23.924025,85.13207059999999,4.3,"tourist_attraction, point_of_interest, establishment",waterfalls,Jharkhand,Monsoon,Hazaribagh,117
Jihu waterfall,24.1600808,85.38158639999999,5,"point_of_interest, establishment",waterfalls,Jharkhand,Monsoon,Hazaribagh,1
JHIR-JHIRIYA FALL,23.8436943,85.6583596,5,"tourist_attraction, point_of_interest, establishment",waterfalls,Jharkhand,Monsoon,Hazaribagh,6
Galwaan Valley,23.9964056,85.41905919999999,4.4,"tourist_attraction, point_of_interest, establishment",waterfalls,Jharkhand,Monsoon,Hazaribagh,202
Batuka Waterfall,23.7579804,85.14612100000001,5,"park, point_of_interest, establishment",waterfalls,Jharkhand,Monsoon,Hazaribagh,2
Piprahi laskari waterfall,24.1419007,85.59134759999999,3.6,"tourist_attraction, point_of_interest, establishment",waterfalls,Jharkhand,Monsoon,Hazaribagh,7
Hotel Grand Beach,23.9935296,85.4013504,3.7,"lodging, point_of_interest, establishment",beaches,Jharkhand,Summer,Hazaribagh,82
Hotel Beach,23.98992,85.40031,5,"lodging, point_of_interest, establishment",beaches,Jharkhand,Summer,Hazaribagh,1
POP 81155J Hotel Grand Beach,23.9899196,85.40030949999999,4,"lodging, point_of_interest, establishment",beaches,Jharkhand,Summer,Hazaribagh,1
Hotel Grand Beach,23.9981637,85.34835380000001,0,"lodging, point_of_interest, establishment",beaches,Jharkhand,Summer,Hazaribagh,0
OYO Flagship Hotel Grand Beach,23.9935285,85.4013511,3.3,"lodging, point_of_interest, establishment",beaches,Jharkhand,Summer,Hazaribagh,24
The Dolphino's Resort-Best Resort in Hazaribagh,23.9986316,85.3552325,4.3,"park, lodging, bar, restaurant, food, point_of_interest, establishment",beaches,Jharkhand,Summer,Hazaribagh,1451
Yogendra Hotal - Ajooba chouk - ( DOKA TAND ),23.8047598,85.2783415,0,"lodging, point_of_interest, establishment",beaches,Jharkhand,Summer,Hazaribagh,0
Jiblal yadav,24.2081721,85.6152498,5,"zoo, point_of_interest, establishment",zoo,Jharkhand,Winter,Hazaribagh,2
Zoobi Doobi Water & Amusement Park,23.904402,85.4054517,3.7,"park, point_of_interest, establishment",zoo,Jharkhand,Winter,Hazaribagh,164
Canary Hill Hazaribagh,24.014283,85.3941248,4.4,"tourist_attraction, point_of_interest, establishment",zoo,Jharkhand,Winter,Hazaribagh,2039
Hazaribagh Wildlife Sanctuary,24.142977,85.3822027,3.9,"zoo, park, point_of_interest, establishment",zoo,Jharkhand,Winter,Hazaribagh,644
I Love Hazaribag,23.965826,85.3733688,4.3,"tourist_attraction, point_of_interest, establishment",zoo,Jharkhand,Winter,Hazaribagh,829
Hazaribag jheel,24.0098116,85.3629189,4.2,"tourist_attraction, point_of_interest, establishment",zoo,Jharkhand,Winter,Hazaribagh,32
Jabra park,24.0026875,85.3979375,4,"park, point_of_interest, establishment",zoo,Jharkhand,Winter,Hazaribagh,277
Maha deo talab (fishing pond),23.9962389,85.36116679999999,4,"park, point_of_interest, establishment",zoo,Jharkhand,Winter,Hazaribagh,2
Hazaribagh Range,23.9910401,85.43637869999999,5,"point_of_interest, establishment",zoo,Jharkhand,Winter,Hazaribagh,1
Korrah chowk hindu temple,23.9919429,85.3850566,4.4,"hindu_temple, place_of_worship, point_of_interest, establishment",temples,Jharkhand,All Seasons,Hazaribagh,86
Vishnupuri Temple,23.9894323,85.3399314,4.6,"hindu_temple, place_of_worship, point_of_interest, establishment",temples,Jharkhand,All Seasons,Hazaribagh,60
Shiva Temple,23.829013,85.273517,4.5,"hindu_temple, place_of_worship, point_of_interest, establishment",temples,Jharkhand,All Seasons,Hazaribagh,25
Surya Temple,23.8565726,85.2104186,4.4,"hindu_temple, place_of_worship, point_of_interest, establishment",temples,Jharkhand,All Seasons,Hazaribagh,66
Shiv Mandir,24.0021401,85.3702909,4.7,"hindu_temple, place_of_worship, point_of_interest, establishment",temples,Jharkhand,All Seasons,Hazaribagh,15
Durga Temple,23.9891485,85.3627022,4.7,"hindu_temple, place_of_worship, point_of_interest, establishment",temples,Jharkhand,All Seasons,Hazaribagh,22
Temple,23.9956247,85.3611897,5,"hindu_temple, place_of_worship, point_of_interest, establishment",temples,Jharkhand,All Seasons,Hazaribagh,1
Punai Sankat Mochan Hanuman Mandir,24.0810836,85.5318528,4.6,"hindu_temple, place_of_worship, point_of_interest, establishment",temples,Jharkhand,All Seasons,Hazaribagh,478
Dharampur Temple,24.0719832,85.6508985,4.3,"hindu_temple, place_of_worship, point_of_interest, establishment",temples,Jharkhand,All Seasons,Hazaribagh,34
Sri Rani Sati Temple,23.995269,85.3510007,4.5,"hindu_temple, place_of_worship, point_of_interest, establishment",temples,Jharkhand,All Seasons,Hazaribagh,61
Panch Mandir,23.9925907,85.3546616,4.4,"hindu_temple, place_of_worship, point_of_interest, establishment",temples,Jharkhand,All Seasons,Hazaribagh,265
PAHADI TEMPLE GAIPAHADI,24.2218914,85.5837683,4.5,"hindu_temple, place_of_worship, point_of_interest, establishment",temples,Jharkhand,All Seasons,Hazaribagh,14
ISKCON TEMPLE GAIRA HAZARIBAGH JHARKHAND,24.245876,85.62989089999999,5,"hindu_temple, place_of_worship, point_of_interest, establishment",temples,Jharkhand,All Seasons,Hazaribagh,5
Shiv Mandir,23.9780653,85.3620962,5,"hindu_temple, place_of_worship, point_of_interest, establishment",temples,Jharkhand,All Seasons,Hazaribagh,2
Shiv Mandir,23.988251,85.3401169,4.3,"hindu_temple, place_of_worship, point_of_interest, establishment",temples,Jharkhand,All Seasons,Hazaribagh,8
Mahadev Temple,23.9406857,85.44527049999999,5,"hindu_temple, place_of_worship, point_of_interest, establishment",temples,Jharkhand,All Seasons,Hazaribagh,2
Shiv and Hanuman Temple (Chatro),24.2527787,85.5352886,5,"hindu_temple, place_of_worship, point_of_interest, establishment",temples,Jharkhand,All Seasons,Hazaribagh,2
Vishwakarma Temple,23.8264225,85.24423230000001,5,"hindu_temple, place_of_worship, point_of_interest, establishment",temples,Jharkhand,All Seasons,Hazaribagh,1
Shiv Mandir,23.7920989,85.5751087,4.5,"hindu_temple, place_of_worship, point_of_interest, establishment",temples,Jharkhand,All Seasons,Hazaribagh,17
Sri Aurobindo Jyoti Mandir,23.9928445,85.37873259999999,4.2,"hindu_temple, place_of_worship, point_of_interest, establishment",temples,Jharkhand,All Seasons,Hazaribagh,17
Santoshi Temple,23.9450943,85.3746626,5,"hindu_temple, place_of_worship, point_of_interest, establishment",temples,Jharkhand,All Seasons,Hazaribagh,1
Shiv Mandir,23.9940726,85.382554,4.3,"hindu_temple, place_of_worship, point_of_interest, establishment",temples,Jharkhand,All Seasons,Hazaribagh,63
KRISHNA TEMPLE,23.8536865,85.2875418,5,"hindu_temple, place_of_worship, point_of_interest, establishment",temples,Jharkhand,All Seasons,Hazaribagh,9
Shri vishwakarma temple,24.258509,85.6362753,5,"hindu_temple, place_of_worship, point_of_interest, establishment",temples,Jharkhand,All Seasons,Hazaribagh,7
Hindu Temple,24.027899,85.3724555,3.3,"hindu_temple, place_of_worship, point_of_interest, establishment",temples,Jharkhand,All Seasons,Hazaribagh,3
Rameshwar Mahadeo temple,24.013105,85.3769974,5,"hindu_temple, place_of_worship, point_of_interest, establishment",temples,Jharkhand,All Seasons,Hazaribagh,1
Shiv Temple,24.0109405,85.55352479999999,4.7,"hindu_temple, place_of_worship, point_of_interest, establishment",temples,Jharkhand,All Seasons,Hazaribagh,3
Hanuman Temple,24.256211,85.6408149,4,"hindu_temple, place_of_worship, point_of_interest, establishment",temples,Jharkhand,All Seasons,Hazaribagh,5
Shiv temple,23.987041,85.2732918,5,"hindu_temple, place_of_worship, point_of_interest, establishment",temples,Jharkhand,All Seasons,Hazaribagh,1
Temple,23.9879597,85.3690251,4.1,"hindu_temple, place_of_worship, point_of_interest, establishment",temples,Jharkhand,All Seasons,Hazaribagh,18
"Shiv Temple, Kaladwar",24.1288948,85.4827918,4.7,"hindu_temple, place_of_worship, point_of_interest, establishment",temples,Jharkhand,All Seasons,Hazaribagh,9
SHIV TEMPLE,23.839103,85.2856073,4,"hindu_temple, place_of_worship, point_of_interest, establishment",temples,Jharkhand,All Seasons,Hazaribagh,1
शिव मंदिर,23.8926822,85.1973733,5,"hindu_temple, place_of_worship, point_of_interest, establishment",temples,Jharkhand,All Seasons,Hazaribagh,1
Durga temple,24.2607821,85.6387081,4.2,"hindu_temple, place_of_worship, point_of_interest, establishment",temples,Jharkhand,All Seasons,Hazaribagh,9
New Shiv Mandir,23.9799285,85.36812789999999,4,"hindu_temple, place_of_worship, point_of_interest, establishment",temples,Jharkhand,All Seasons,Hazaribagh,2
"Garri Kalan, Shiv Temple",23.8726566,85.1593335,3.5,"hindu_temple, place_of_worship, point_of_interest, establishment",temples,Jharkhand,All Seasons,Hazaribagh,10
Bajrang Bali Temple,23.8075498,85.2654692,4,"hindu_temple, place_of_worship, point_of_interest, establishment",temples,Jharkhand,All Seasons,Hazaribagh,3
Bajrang Bali Temple,23.982598,85.3195087,4.2,"hindu_temple, place_of_worship, point_of_interest, establishment",temples,Jharkhand,All Seasons,Hazaribagh,6
Lord shiva temple,24.2587529,85.6406409,5,"hindu_temple, place_of_worship, point_of_interest, establishment",temples,Jharkhand,All Seasons,Hazaribagh,4
Temple,24.0906937,85.3364335,5,"hindu_temple, place_of_worship, point_of_interest, establishment",temples,Jharkhand,All Seasons,Hazaribagh,1
Mansha Maa Temple,23.9365632,85.6103763,4.8,"hindu_temple, place_of_worship, point_of_interest, establishment",temples,Jharkhand,All Seasons,Hazaribagh,4
Purnadih Shiv Temple,24.0116945,85.5406295,4.7,"hindu_temple, place_of_worship, point_of_interest, establishment",temples,Jharkhand,All Seasons,Hazaribagh,15
Manokamnanath Mandir,24.0075674,85.3756902,4.2,"hindu_temple, place_of_worship, point_of_interest, establishment",temples,Jharkhand,All Seasons,Hazaribagh,6
Punai Shiv Mandir,24.0823797,85.53700789999999,3.3,"hindu_temple, place_of_worship, point_of_interest, establishment",temples,Jharkhand,All Seasons,Hazaribagh,12
hanuman Temple,24.2659253,85.6208154,5,"hindu_temple, place_of_worship, point_of_interest, establishment",temples,Jharkhand,All Seasons,Hazaribagh,2
Digamber Jain temple,23.9933236,85.35272479999999,4.7,"place_of_worship, point_of_interest, establishment",temples,Jharkhand,All Seasons,Hazaribagh,75
Shiv Mandir,23.8552966,85.21642779999999,3.7,"hindu_temple, place_of_worship, point_of_interest, establishment",temples,Jharkhand,All Seasons,Hazaribagh,3
Shiv Mandir,24.0059279,85.38321619999999,4.6,"hindu_temple, place_of_worship, point_of_interest, establishment",temples,Jharkhand,All Seasons,Hazaribagh,21
Shiv Mandir Biki,24.0030799,85.364947,4,"hindu_temple, place_of_worship, point_of_interest, establishment",temples,Jharkhand,All Seasons,Hazaribagh,4
"Shiv Temple, Sitli Pahad Beram शिव मंदिर, शीतली पहाड बेड़म",23.9807341,85.6338516,5,"hindu_temple, place_of_worship, point_of_interest, establishment",temples,Jharkhand,All Seasons,Hazaribagh,2
Maa Kali Temple,24.167311,85.6661597,5,"hindu_temple, place_of_worship, point_of_interest, establishment",temples,Jharkhand,All Seasons,Hazaribagh,1
Shiv Mandir(NEWLY CONSTRUCTED),23.7948509,85.57584880000002,4.3,"hindu_temple, place_of_worship, point_of_interest, establishment",temples,Jharkhand,All Seasons,Hazaribagh,9
"Sai Mandir, Okni",23.9976356,85.35406689999999,4.4,"hindu_temple, place_of_worship, point_of_interest, establishment",temples,Jharkhand,All Seasons,Hazaribagh,70
DVC Temple,24.0021402,85.370291,4.7,"hindu_temple, place_of_worship, point_of_interest, establishment",temples,Jharkhand,All Seasons,Hazaribagh,18
Temple,23.828579,85.41915519999999,5,"hindu_temple, place_of_worship, point_of_interest, establishment",temples,Jharkhand,All Seasons,Hazaribagh,2
"Tridev Swami Temple, Shivdayal Nagar Hazaribagh",24.0020601,85.33786049999999,4.5,"hindu_temple, place_of_worship, point_of_interest, establishment",temples,Jharkhand,All Seasons,Hazaribagh,33
Shiv Parvati Temple Shivadih,23.8204289,85.24796719999999,4.8,"hindu_temple, place_of_worship, point_of_interest, establishment",temples,Jharkhand,All Seasons,Hazaribagh,10
Manjhgawan Temple,24.2069844,85.2985332,4.5,"hindu_temple, place_of_worship, point_of_interest, establishment",temples,Jharkhand,All Seasons,Hazaribagh,11
Temple,23.7890113,85.505253,5,"hindu_temple, place_of_worship, point_of_interest, establishment",temples,Jharkhand,All Seasons,Hazaribagh,1
SHIV MANDIR,24.028005,85.43000099999999,4.8,"hindu_temple, place_of_worship, point_of_interest, establishment",temples,Jharkhand,All Seasons,Hazaribagh,24
Hotel Hill Side,24.0037905,85.3911297,3.9,"restaurant, food, lodging, point_of_interest, establishment",hills,Jharkhand,Winter,Hazaribagh,431
Ulhara Hill Water,23.8271412,85.5332124,5,"place_of_worship, point_of_interest, establishment",hills,Jharkhand,Winter,Hazaribagh,1
Sitagarh hills,23.9570157,85.43148289999999,4.5,"tourist_attraction, point_of_interest, establishment",hills,Jharkhand,Winter,Hazaribagh,149
Hotel Hill Pahari,23.7515088,85.50044179999999,3.5,"restaurant, food, point_of_interest, establishment",hills,Jharkhand,Winter,Hazaribagh,479
Canary Hill Viewing Point,24.0136637,85.3922965,4.4,"landmark, point_of_interest, establishment",hills,Jharkhand,Winter,Hazaribagh,476
Canary Hill Hazaribagh,24.014283,85.3941248,4.4,"tourist_attraction, point_of_interest, establishment",hills,Jharkhand,Winter,Hazaribagh,2039
Marheta hill मरहेता पहाड़,23.9539312,85.4283075,4.6,"tourist_attraction, point_of_interest, establishment",hills,Jharkhand,Winter,Hazaribagh,9
Juljul Hill,23.9574011,85.4308824,4.6,"tourist_attraction, point_of_interest, establishment",hills,Jharkhand,Winter,Hazaribagh,14
Jehra hill,24.0952689,85.16715459999999,5,"tourist_attraction, point_of_interest, establishment",hills,Jharkhand,Winter,Hazaribagh,1
Baliand hill,24.0063026,85.3196998,4.5,"tourist_attraction, point_of_interest, establishment",hills,Jharkhand,Winter,Hazaribagh,11
Canary hill road near by font fort school 🏫,24.0130892,85.3877278,5,"restaurant, food, point_of_interest, establishment",hills,Jharkhand,Winter,Hazaribagh,1
Canary hill by pass road,24.0133933,85.3900139,4.3,"point_of_interest, establishment",hills,Jharkhand,Winter,Hazaribagh,6
Canary Hill Pond,24.0100645,85.3917604,4.1,"point_of_interest, establishment",hills,Jharkhand,Winter,Hazaribagh,27
Top hill music,23.9947282,85.39369579999999,5,"point_of_interest, establishment",hills,Jharkhand,Winter,Hazaribagh,5
Sri Ram Hill station,24.1406113,85.46422919999999,0,"tourist_attraction, point_of_interest, establishment",hills,Jharkhand,Winter,Hazaribagh,0
Khakhanda Hill,23.7657423,85.6635359,0,"park, point_of_interest, establishment",hills,Jharkhand,Winter,Hazaribagh,0
Hill View Apartment,24.0044751,85.3869988,5,"point_of_interest, establishment",hills,Jharkhand,Winter,Hazaribagh,5
Mahabar hill,24.179803,85.56211820000001,0,"hindu_temple, place_of_worship, point_of_interest, establishment",hills,Jharkhand,Winter,Hazaribagh,0
Mangal hill,24.1397547,85.137318,0,"tourist_attraction, point_of_interest, establishment",hills,Jharkhand,Winter,Hazaribagh,0
Stones hill,23.7312686,85.4720258,5,"park, point_of_interest, establishment",hills,Jharkhand,Winter,Hazaribagh,1
Ananta By The Hill,24.0121392,85.3890856,4.5,"restaurant, food, point_of_interest, establishment",hills,Jharkhand,Winter,Hazaribagh,174
Canary Hill Shiv Mandir,24.0151113,85.38652379999999,4.6,"hindu_temple, place_of_worship, point_of_interest, establishment",hills,Jharkhand,Winter,Hazaribagh,15
Cannhary Hill,24.0049703,85.3817554,4.2,"point_of_interest, establishment",hills,Jharkhand,Winter,Hazaribagh,19
Silwar Hill- Firing Range (Near Kesura More),23.995607,85.42946859999999,4.4,"point_of_interest, establishment",hills,Jharkhand,Winter,Hazaribagh,251
Sitagarh Hill,23.9528987,85.43368869999999,4.5,"natural_feature, establishment",hills,Jharkhand,Winter,Hazaribagh,232
Hill Corner,24.0089427,85.3915985,5,"store, food, point_of_interest, establishment",hills,Jharkhand,Winter,Hazaribagh,1
Silwar hill,23.9945132,85.43626789999999,4.2,"natural_feature, establishment",hills,Jharkhand,Winter,Hazaribagh,182
kanery Hill,24.0142842,85.39380489999999,4.4,"natural_feature, establishment",hills,Jharkhand,Winter,Hazaribagh,24
Jhumra hill view point,23.8261672,85.6177891,0,"park, point_of_interest, establishment",hills,Jharkhand,Winter,Hazaribagh,0
banwar hill kuju station,23.7461567,85.4967092,0,"point_of_interest, establishment",hills,Jharkhand,Winter,Hazaribagh,0
Atal Chowk Hirabag,24.0032069,85.3726713,4,"point_of_interest, establishment",hills,Jharkhand,Winter,Hazaribagh,341
The Chilly corner@ Hill Side,24.0038477,85.3911955,0,"restaurant, food, point_of_interest, establishment",hills,Jharkhand,Winter,Hazaribagh,0
Forest Rest House,24.0149722,85.3974212,4.3,"lodging, point_of_interest, establishment",hills,Jharkhand,Winter,Hazaribagh,591
SIKRI HILLS,23.8459927,85.17718909999999,5,"park, point_of_interest, establishment",hills,Jharkhand,Winter,Hazaribagh,3
Canary hill road,24.0138392,85.3848178,5,"point_of_interest, establishment",hills,Jharkhand,Winter,Hazaribagh,1
Nirmal Mahto Park,24.0073531,85.36760509999999,3.9,"park, point_of_interest, establishment",hills,Jharkhand,Winter,Hazaribagh,930
Buddha statue found in sitagarh,23.9507713,85.4411157,4.3,"tourist_attraction, point_of_interest, establishment",hills,Jharkhand,Winter,Hazaribagh,14
Canary hill Roda near mont fort school,24.0141306,85.3847528,0,"store, food, point_of_interest, establishment",hills,Jharkhand,Winter,Hazaribagh,0
Jabra park,24.0026875,85.3979375,4,"park, point_of_interest, establishment",hills,Jharkhand,Winter,Hazaribagh,277
Reader's Library,24.0015316,85.37191759999999,4.9,"library, point_of_interest, establishment",hills,Jharkhand,Winter,Hazaribagh,11
Canery meditation point,24.0146196,85.39755629999999,4.5,"park, point_of_interest, establishment",hills,Jharkhand,Winter,Hazaribagh,2
Canary jungle point,24.0065651,85.39516549999999,4.5,"park, point_of_interest, establishment",hills,Jharkhand,Winter,Hazaribagh,2
"Bijay Shree And Sapna Complex,Canhari Hill Road",24.0114249,85.3780901,4.4,"general_contractor, point_of_interest, establishment",hills,Jharkhand,Winter,Hazaribagh,8
Hi-Tech Nursery SOIL CONSERVATION SURVEY OFFICER H. BAG,24.0055757,85.3820465,3.9,"point_of_interest, establishment",hills,Jharkhand,Winter,Hazaribagh,52
Canary Sunset Point,24.0130921,85.3920129,5,"tourist_attraction, point_of_interest, establishment",hills,Jharkhand,Winter,Hazaribagh,5
Canaria Resort,24.0185497,85.39050309999999,5,"restaurant, food, point_of_interest, establishment",hills,Jharkhand,Winter,Hazaribagh,15
Canary Sunrise Point,24.0134334,85.39168140000001,4.2,"tourist_attraction, point_of_interest, establishment",hills,Jharkhand,Winter,Hazaribagh,9
Canary view bypass,24.0047065,85.39079410000001,4.6,"tourist_attraction, point_of_interest, establishment",hills,Jharkhand,Winter,Hazaribagh,13
Shashi Kanya Lodge and Hostel for girls,24.0003927,85.370498,3.4,"point_of_interest, establishment",hills,Jharkhand,Winter,Hazaribagh,10
I Love Hazaribag,23.965826,85.3733688,4.3,"tourist_attraction, point_of_interest, establishment",hills,Jharkhand,Winter,Hazaribagh,829
Konar waterfall (river),23.9251951,85.4766228,4.4,"tourist_attraction, point_of_interest, establishment",hills,Jharkhand,Winter,Hazaribagh,52
Sardar Patel Pvt. ITI,24.0059445,85.3760251,3.6,"university, point_of_interest, establishment",hills,Jharkhand,Winter,Hazaribagh,30
Pinjra pole sitagarha hazaribag,23.9647059,85.4284547,4.3,"tourist_attraction, point_of_interest, establishment",hills,Jharkhand,Winter,Hazaribagh,15
Mount Egmont School,24.0055343,85.3862687,4,"school, point_of_interest, establishment",hills,Jharkhand,Winter,Hazaribagh,210
"Foresters Training School, Hazaribagh",24.0088058,85.39147369999999,4.4,"point_of_interest, establishment",hills,Jharkhand,Winter,Hazaribagh,36
Om Sai Dharmashila Enclave,24.0086651,85.3890952,4,"point_of_interest, establishment",hills,Jharkhand,Winter,Hazaribagh,2
National Highway Authority of India,24.0078612,85.3892937,4,"point_of_interest, establishment",hills,Jharkhand,Winter,Hazaribagh,7
Forest Main Gate,24.0161144,85.3953567,4,"point_of_interest, establishment",hills,Jharkhand,Winter,Hazaribagh,5
Galwaan Valley,23.9964056,85.41905919999999,4.4,"tourist_attraction, point_of_interest, establishment",hills,Jharkhand,Winter,Hazaribagh,202
Antaral,24.0054286,85.38023009999999,5,"point_of_interest, establishment",hills,Jharkhand,Winter,Hazaribagh,3
Sitagarh hills,23.9570157,85.43148289999999,4.5,"tourist_attraction, point_of_interest, establishment",attraction,Jharkhand,All Seasons,Hazaribagh,149
Canary Hill Hazaribagh,24.014283,85.3941248,4.4,"tourist_attraction, point_of_interest, establishment",attraction,Jharkhand,All Seasons,Hazaribagh,2039
Chameli Waterfall,24.1600705,85.3814238,4.4,"tourist_attraction, point_of_interest, establishment",attraction,Jharkhand,All Seasons,Hazaribagh,331
Ghaghra Water Fall,23.924025,85.13207059999999,4.3,"tourist_attraction, point_of_interest, establishment",attraction,Jharkhand,All Seasons,Hazaribagh,117
Salparni waterfall,24.1262482,85.39645089999999,4.4,"tourist_attraction, point_of_interest, establishment",attraction,Jharkhand,All Seasons,Hazaribagh,178
Galwaan Valley,23.9964056,85.41905919999999,4.4,"tourist_attraction, point_of_interest, establishment",attraction,Jharkhand,All Seasons,Hazaribagh,202
Isko Cave,23.8084301,85.31620660000002,4.2,"tourist_attraction, point_of_interest, establishment",attraction,Jharkhand,All Seasons,Hazaribagh,85
Lalpur chowk LPC,23.9743125,85.4043125,4.3,"tourist_attraction, point_of_interest, establishment",attraction,Jharkhand,All Seasons,Hazaribagh,143
Hazaribag jheel,24.0098116,85.3629189,4.2,"tourist_attraction, point_of_interest, establishment",attraction,Jharkhand,All Seasons,Hazaribagh,32
Baliand hill,24.0063026,85.3196998,4.5,"tourist_attraction, point_of_interest, establishment",attraction,Jharkhand,All Seasons,Hazaribagh,11
Juljul Hill,23.9574011,85.4308824,4.6,"tourist_attraction, point_of_interest, establishment",attraction,Jharkhand,All Seasons,Hazaribagh,14
Solah foot ka jharna,24.1600604,85.3816253,4.4,"tourist_attraction, point_of_interest, establishment",attraction,Jharkhand,All Seasons,Hazaribagh,28
Kuju Valley,23.7418375,85.5009568,4,"tourist_attraction, point_of_interest, establishment",attraction,Jharkhand,All Seasons,Hazaribagh,17
Birbir Megaliths,23.9842691,85.4142863,4.2,"tourist_attraction, point_of_interest, establishment",attraction,Jharkhand,All Seasons,Hazaribagh,30
Barat Picharwa Waterfall,23.8695625,85.4004375,4.2,"tourist_attraction, point_of_interest, establishment",attraction,Jharkhand,All Seasons,Hazaribagh,71
Charhi valley,23.8883058,85.42098879999999,4,"tourist_attraction, point_of_interest, establishment",attraction,Jharkhand,All Seasons,Hazaribagh,9
Topa tourist place,23.731365,85.4727242,4.7,"tourist_attraction, point_of_interest, establishment",attraction,Jharkhand,All Seasons,Hazaribagh,3
Baba path hazaribag,23.979354,85.36365819999999,4.5,"tourist_attraction, point_of_interest, establishment",attraction,Jharkhand,All Seasons,Hazaribagh,56
Sijhuwa Waterfall,24.1191276,85.59921279999999,4.3,"tourist_attraction, point_of_interest, establishment",attraction,Jharkhand,All Seasons,Hazaribagh,83
Mountain view point jhumra pahar,23.8310387,85.6450598,4.8,"tourist_attraction, point_of_interest, establishment",attraction,Jharkhand,All Seasons,Hazaribagh,6
Hidden Sunrise and Sunset Viewpoint,23.7449334,85.17944349999999,0,"tourist_attraction, point_of_interest, establishment",attraction,Jharkhand,All Seasons,Hazaribagh,0
Kasturi khap Lake,24.0022315,85.3268999,3.7,"tourist_attraction, point_of_interest, establishment",attraction,Jharkhand,All Seasons,Hazaribagh,3
Nano Oreya Valley Hazaribagh,23.933418,85.5603584,4.4,"tourist_attraction, point_of_interest, establishment",attraction,Jharkhand,All Seasons,Hazaribagh,33
I Love Hazaribag,23.965826,85.3733688,4.3,"tourist_attraction, point_of_interest, establishment",attraction,Jharkhand,All Seasons,Hazaribagh,829
Lotwa Dam,24.1523051,85.3854699,4.2,"tourist_attraction, point_of_interest, establishment",attraction,Jharkhand,All Seasons,Hazaribagh,151
JHIR-JHIRIYA FALL,23.8436943,85.6583596,5,"tourist_attraction, point_of_interest, establishment",attraction,Jharkhand,All Seasons,Hazaribagh,6
Hathiya Ghat,24.060754,85.247544,4.2,"tourist_attraction, point_of_interest, establishment",attraction,Jharkhand,All Seasons,Hazaribagh,5
Chota Jheel,24.0101212,85.36011769999999,4.4,"tourist_attraction, point_of_interest, establishment",attraction,Jharkhand,All Seasons,Hazaribagh,327
Piprahi laskari waterfall,24.1419007,85.59134759999999,3.6,"tourist_attraction, point_of_interest, establishment",attraction,Jharkhand,All Seasons,Hazaribagh,7
सोनपुरा सोन View' point,23.8195351,85.24248999999999,0,"tourist_attraction, point_of_interest, establishment",attraction,Jharkhand,All Seasons,Hazaribagh,0
Konar waterfall (river),23.9251951,85.4766228,4.4,"tourist_attraction, point_of_interest, establishment",attraction,Jharkhand,All Seasons,Hazaribagh,52
Chadwa Dam,24.0234187,85.3123293,4.1,"tourist_attraction, point_of_interest, establishment",attraction,Jharkhand,All Seasons,Hazaribagh,296
Canary Sunset Point,24.0130921,85.3920129,5,"tourist_attraction, point_of_interest, establishment",attraction,Jharkhand,All Seasons,Hazaribagh,5
sunset point,23.9425487,85.3964177,5,"tourist_attraction, point_of_interest, establishment",attraction,Jharkhand,All Seasons,Hazaribagh,2
KEWALIYA DAM,24.2597348,85.3673168,4.2,"tourist_attraction, point_of_interest, establishment",attraction,Jharkhand,All Seasons,Hazaribagh,12
Canary view bypass,24.0047065,85.39079410000001,4.6,"tourist_attraction, point_of_interest, establishment",attraction,Jharkhand,All Seasons,Hazaribagh,13
Buddha statue found in sitagarh,23.9507713,85.4411157,4.3,"tourist_attraction, point_of_interest, establishment",attraction,Jharkhand,All Seasons,Hazaribagh,14
Ankur Toppo,23.7454371,85.1679552,5,"tourist_attraction, point_of_interest, establishment",attraction,Jharkhand,All Seasons,Hazaribagh,1
Famous monten valley gangpur,24.1498417,85.09503099999999,4.3,"tourist_attraction, point_of_interest, establishment",attraction,Jharkhand,All Seasons,Hazaribagh,8
Balbal Hot water pond / pits,24.140288,85.1579801,4.3,"tourist_attraction, point_of_interest, establishment",attraction,Jharkhand,All Seasons,Hazaribagh,158
Baghmara Dam,24.1416403,85.3709858,3.7,"tourist_attraction, point_of_interest, establishment",attraction,Jharkhand,All Seasons,Hazaribagh,14
Ekchatiwa (Picnic spot),24.1251071,85.5650462,4.7,"tourist_attraction, point_of_interest, establishment",attraction,Jharkhand,All Seasons,Hazaribagh,3
Canary Sunrise Point,24.0134334,85.39168140000001,4.2,"tourist_attraction, point_of_interest, establishment",attraction,Jharkhand,All Seasons,Hazaribagh,9
Nilambar Pitambar Statue,23.9878167,85.37412959999999,4.3,"tourist_attraction, point_of_interest, establishment",attraction,Jharkhand,All Seasons,Hazaribagh,234
Baksha dam,24.2624406,85.16105089999999,4,"tourist_attraction, point_of_interest, establishment",attraction,Jharkhand,All Seasons,Hazaribagh,13
KAMLA TALAAB,23.76661,85.5656932,3.5,"tourist_attraction, point_of_interest, establishment",attraction,Jharkhand,All Seasons,Hazaribagh,10
"Welcome to salgawan,the model village of Jharkhand",23.9982501,85.3244222,4.7,"tourist_attraction, point_of_interest, establishment",attraction,Jharkhand,All Seasons,Hazaribagh,3
Isko Picnic Spot,23.8061873,85.3310348,5,"tourist_attraction, point_of_interest, establishment",attraction,Jharkhand,All Seasons,Hazaribagh,1
Sarubeda sarna sthal,23.7652325,85.5548645,5,"tourist_attraction, point_of_interest, establishment",attraction,Jharkhand,All Seasons,Hazaribagh,4
Charhi Ghati,23.8864333,85.43145469999999,4,"tourist_attraction, point_of_interest, establishment",attraction,Jharkhand,All Seasons,Hazaribagh,10
Kewal Dam,24.2423469,85.4347458,5,"tourist_attraction, point_of_interest, establishment",attraction,Jharkhand,All Seasons,Hazaribagh,1
Rewar forest,23.936665,85.46763,4.8,"tourist_attraction, point_of_interest, establishment",attraction,Jharkhand,All Seasons,Hazaribagh,4
Jharkhandi pahad,24.1911857,85.1968828,5,"tourist_attraction, point_of_interest, establishment",attraction,Jharkhand,All Seasons,Hazaribagh,1
Karam bhohawa,24.1017478,85.221184,5,"tourist_attraction, point_of_interest, establishment",attraction,Jharkhand,All Seasons,Hazaribagh,1
Lotwa dam barhi road,24.1432998,85.398946,4.3,"tourist_attraction, point_of_interest, establishment",attraction,Jharkhand,All Seasons,Hazaribagh,15
Salpharni jhil wild life sanctuary hazaribag,24.1157995,85.40169259999999,4.3,"tourist_attraction, point_of_interest, establishment",attraction,Jharkhand,All Seasons,Hazaribagh,23
Marheta hill मरहेता पहाड़,23.9539312,85.4283075,4.6,"tourist_attraction, point_of_interest, establishment",attraction,Jharkhand,All Seasons,Hazaribagh,9
Amritnagar mines,24.0017893,85.4324743,3.9,"tourist_attraction, point_of_interest, establishment",attraction,Jharkhand,All Seasons,Hazaribagh,8
Jharkhandi pahad,24.1969041,85.21754419999999,5,"tourist_attraction, point_of_interest, establishment",attraction,Jharkhand,All Seasons,Hazaribagh,2
Bokaro river pull(harhad),23.8990375,85.3626094,5,"tourist_attraction, point_of_interest, establishment",attraction,Jharkhand,All Seasons,Hazaribagh,2
Central Park,23.7029325,86.94744999999999,4.4,"park, point_of_interest, establishment",parks,Jharkhand,Spring,Jamtara,260
Colonel Singh Park,23.8682476,86.90715949999999,4.3,"park, point_of_interest, establishment",parks,Jharkhand,Spring,Jamtara,119
Maithan Dam Park,23.7837178,86.81058689999999,4.1,"park, point_of_interest, establishment",parks,Jharkhand,Spring,Jamtara,72
Faiz-E-Aam Park,23.6974391,86.9659267,3.8,"park, point_of_interest, establishment",parks,Jharkhand,Spring,Jamtara,190
Rajiv Gandhi Park,23.7026971,86.95554659999999,3.7,"park, point_of_interest, establishment",parks,Jharkhand,Spring,Jamtara,169
Shatabdi Sishu Udyan,23.6928895,86.9594371,3.8,"park, tourist_attraction, point_of_interest, establishment",parks,Jharkhand,Spring,Jamtara,2102
"Nehru Park, Kulti, Asansol-43",23.7340576,86.84660199999999,4.3,"park, point_of_interest, establishment",parks,Jharkhand,Spring,Jamtara,83
Area 3 Childrens Park,23.8567369,86.89433149999999,4.2,"park, point_of_interest, establishment",parks,Jharkhand,Spring,Jamtara,157
Parvat Vihar,23.9697101,86.8256378,3.9,"park, point_of_interest, establishment",parks,Jharkhand,Spring,Jamtara,327
Satabdi Park,23.6923973,86.95666779999999,3.7,"park, point_of_interest, establishment",parks,Jharkhand,Spring,Jamtara,195
Arabindanagar Children's Park,23.8331092,86.9054721,4.5,"park, point_of_interest, establishment",parks,Jharkhand,Spring,Jamtara,26
"B.C.Roy Children Park, Kulti, Asansol-43",23.7332455,86.84781369999999,4.1,"park, point_of_interest, establishment",parks,Jharkhand,Spring,Jamtara,11
"The Asansol Eco Park - Asansol City, West Bengal, India",23.704415,86.95471210000001,4.6,"park, point_of_interest, establishment",parks,Jharkhand,Spring,Jamtara,5
Netaji Park,23.8133264,86.99559,3.8,"park, point_of_interest, establishment",parks,Jharkhand,Spring,Jamtara,52
"Suleman Park, Maithon, Asansol-69",23.8004823,86.82659,4,"park, point_of_interest, establishment",parks,Jharkhand,Spring,Jamtara,184
"Children Park, Jamtara",23.9619313,86.79987179999999,3.6,"park, tourist_attraction, point_of_interest, establishment",parks,Jharkhand,Spring,Jamtara,332
Jms park,23.7888051,86.72289409999999,3.5,"park, point_of_interest, establishment",parks,Jharkhand,Spring,Jamtara,12
Quarters Childrens Park,23.764096,86.9479221,4.2,"park, point_of_interest, establishment",parks,Jharkhand,Spring,Jamtara,14
শিশু উদ‍্যান Children Park,23.693862,86.986465,3.9,"park, point_of_interest, establishment",parks,Jharkhand,Spring,Jamtara,77
Chitra Park,24.1208758,86.8696566,3.3,"park, point_of_interest, establishment",parks,Jharkhand,Spring,Jamtara,110
Lower Kesia Durga Puja Mandap & Childrens Park,23.8378495,86.9130969,3.7,"park, point_of_interest, establishment",parks,Jharkhand,Spring,Jamtara,55
Jamgram Children Park,23.8083601,87.0053693,3.9,"park, point_of_interest, establishment",parks,Jharkhand,Spring,Jamtara,24
"Panorama Water Park, Asansol",23.751938,86.8806764,3.9,"amusement_park, park, point_of_interest, establishment",parks,Jharkhand,Spring,Jamtara,864
Deer Park,23.7853847,86.8172452,4.2,"park, point_of_interest, establishment",parks,Jharkhand,Spring,Jamtara,252
Triangular park,23.7038485,86.9791358,3.6,"park, point_of_interest, establishment",parks,Jharkhand,Spring,Jamtara,67
New Colony Childrens Park,23.8275881,86.9006773,4.1,"park, point_of_interest, establishment",parks,Jharkhand,Spring,Jamtara,55
Kumarpur Park,23.6979859,86.9515605,5,"park, point_of_interest, establishment",parks,Jharkhand,Spring,Jamtara,1
Ladhana Park,23.8742443,86.7806682,4.3,"park, point_of_interest, establishment",parks,Jharkhand,Spring,Jamtara,28
Birsa Park,23.7741916,86.8004679,3.9,"park, point_of_interest, establishment",parks,Jharkhand,Spring,Jamtara,84
Millenium Park,23.782355,86.81115989999999,4.1,"park, point_of_interest, establishment",parks,Jharkhand,Spring,Jamtara,69
Nehru Park,23.7430092,86.83888519999999,4.3,"park, point_of_interest, establishment",parks,Jharkhand,Spring,Jamtara,52
"Childrens Park Jorbari AchraGram panchyat, Chittaranjan, Asansol-35",23.8257347,86.90611009999999,4.1,"park, point_of_interest, establishment",parks,Jharkhand,Spring,Jamtara,69
Bhagat Bhawan,23.9621617,86.8089619,4.6,"park, point_of_interest, establishment",parks,Jharkhand,Spring,Jamtara,5
Dayanand Children Park D.A.V Jamtara,23.9777656,86.8048051,4.3,"park, point_of_interest, establishment",parks,Jharkhand,Spring,Jamtara,18
Nirala Park,23.7593136,86.9861817,4,"park, point_of_interest, establishment",parks,Jharkhand,Spring,Jamtara,21
TALAB VIEW POINT,23.7509739,86.5568211,5,"park, point_of_interest, establishment",parks,Jharkhand,Spring,Jamtara,1
Nayadanga Kali Mandir Park,23.7734248,86.712459,4.1,"park, point_of_interest, establishment",parks,Jharkhand,Spring,Jamtara,17
Gopalpura Colony Park,23.7719413,86.7577736,3.8,"park, point_of_interest, establishment",parks,Jharkhand,Spring,Jamtara,13
VIDYASAGAR PARK,24.0822201,86.7051805,3.9,"park, point_of_interest, establishment",parks,Jharkhand,Spring,Jamtara,48
"Environmental Park, Chittaranjan, Asansol-31",23.8670475,86.8892011,3.9,"park, point_of_interest, establishment",parks,Jharkhand,Spring,Jamtara,38
Karitand road,23.7700457,86.5338842,4.4,"park, point_of_interest, establishment",parks,Jharkhand,Spring,Jamtara,24
ABVP Netaji Subhash Park,23.7855868,86.70677529999999,3.2,"park, point_of_interest, establishment",parks,Jharkhand,Spring,Jamtara,116
Swami Vivekananda Statue,23.7143307,87.0882965,4.3,"park, point_of_interest, establishment",parks,Jharkhand,Spring,Jamtara,6
MGNREGA Park Govindpur,23.8268404,86.53687120000001,3.7,"park, point_of_interest, establishment",parks,Jharkhand,Spring,Jamtara,14
Ambedkar Memorial Park,23.8575433,86.89501109999999,3.8,"park, point_of_interest, establishment",parks,Jharkhand,Spring,Jamtara,12
Royals City Park,23.8250232,86.5125493,5,"park, point_of_interest, establishment",parks,Jharkhand,Spring,Jamtara,3
Sahid Khudiram Basu Park,23.7135696,87.08696739999999,4,"park, point_of_interest, establishment",parks,Jharkhand,Spring,Jamtara,21
BCCL Eco Park & Butbari Khadan,23.7243337,86.7701865,4.1,"park, point_of_interest, establishment",parks,Jharkhand,Spring,Jamtara,13
Heatly Park,23.9149445,87.0197034,3.7,"park, point_of_interest, establishment",parks,Jharkhand,Spring,Jamtara,9
Deul Park,23.7574897,86.8814201,3.8,"park, point_of_interest, establishment",parks,Jharkhand,Spring,Jamtara,23
Vastu Vihar Park,23.8350566,86.5011948,3.9,"park, point_of_interest, establishment",parks,Jharkhand,Spring,Jamtara,8
Haribol Mandir,23.7380665,86.7825522,4.1,"park, point_of_interest, establishment",parks,Jharkhand,Spring,Jamtara,14
Karrabaid park,23.7592465,86.98098399999999,4.7,"park, point_of_interest, establishment",parks,Jharkhand,Spring,Jamtara,7
ECL HQ SANCTORIA POND,23.7044036,86.8264452,4.1,"park, point_of_interest, establishment",parks,Jharkhand,Spring,Jamtara,114
Children's park kulti,23.7316921,86.8439466,5,"park, point_of_interest, establishment",parks,Jharkhand,Spring,Jamtara,1
Bhuta Park,23.7348973,87.00429,4,"park, point_of_interest, establishment",parks,Jharkhand,Spring,Jamtara,4
Ladhna Picnic spot,23.8737687,86.7797332,4.2,"tourist_attraction, point_of_interest, establishment",parks,Jharkhand,Spring,Jamtara,279
raghuwadih garsara,24.2341829,86.9794756,3.9,"park, point_of_interest, establishment",parks,Jharkhand,Spring,Jamtara,9
PHE Ground,23.7744416,86.8319145,4.4,"park, point_of_interest, establishment",parks,Jharkhand,Spring,Jamtara,11
Children Park,23.7637852,86.75276219999999,4.7,"park, point_of_interest, establishment",parks,Jharkhand,Spring,Jamtara,3
Nazrul Museum,23.7817804,87.06884289999999,4.8,"museum, point_of_interest, establishment",museum,Jharkhand,Winter,Jamtara,4
CRJ RLY STN museum,23.8472995,86.8824997,4,"museum, point_of_interest, establishment",museum,Jharkhand,Winter,Jamtara,4
Kazi Nazrul Islam,23.7826566,87.0728235,4.3,"museum, tourist_attraction, point_of_interest, establishment",museum,Jharkhand,Winter,Jamtara,79
Sukumar Banerjee Sarani,23.6939849,86.9543317,5,"museum, point_of_interest, establishment",museum,Jharkhand,Winter,Jamtara,2
Heritage park,23.8489599,86.9012503,4,"museum, point_of_interest, establishment",museum,Jharkhand,Winter,Jamtara,4
"Durga Mandir,Gumro",24.1695706,87.00352529999999,4.3,"museum, point_of_interest, establishment",museum,Jharkhand,Winter,Jamtara,16
Murti kalakar shree Banmali paul,24.0437883,86.815322,5,"museum, grocery_or_supermarket, store, food, point_of_interest, establishment",museum,Jharkhand,Winter,Jamtara,2
Nazrul academy Town Library,23.7815784,87.068564,4.5,"museum, point_of_interest, establishment",museum,Jharkhand,Winter,Jamtara,2
"Nandan Kanan, Residence of Iswar Chandra Vidyasagar",24.0825788,86.7028115,4.2,"museum, point_of_interest, establishment",museum,Jharkhand,Winter,Jamtara,10
Gosiya Jama Masjid BANDHDIH,23.8245667,86.51816099999999,5,"museum, point_of_interest, establishment",museum,Jharkhand,Winter,Jamtara,1
Ladhna Picnic spot,23.8737687,86.7797332,4.2,"tourist_attraction, point_of_interest, establishment",museum,Jharkhand,Winter,Jamtara,279
Bypass Road Jamuria,23.7061061,87.07734260000001,4.7,"museum, point_of_interest, establishment",museum,Jharkhand,Winter,Jamtara,3
Gopal pahari Bridge,23.944556,86.6736997,0,"museum, point_of_interest, establishment",museum,Jharkhand,Winter,Jamtara,0
Bir Kunwar Singh,23.962336,86.7990598,3.8,"museum, point_of_interest, establishment",museum,Jharkhand,Winter,Jamtara,5
SHUBHAM KINGDOM S. M. D. R. C.,23.7594447,87.01832499999999,5,"museum, point_of_interest, establishment",museum,Jharkhand,Winter,Jamtara,1
Chand Tara Blouse Museum,23.7080391,87.07850959999999,4.2,"clothing_store, store, point_of_interest, establishment",museum,Jharkhand,Winter,Jamtara,10
Sidhu Kanhu Club Amkura ᱥᱤᱫᱷᱩ ᱠᱟᱱᱦᱩ ᱠᱞᱳᱵ ᱟᱢᱠᱩᱨᱟ,23.7733957,86.8086888,5,"museum, point_of_interest, establishment",museum,Jharkhand,Winter,Jamtara,1
Deepak ka ghar,23.906543,86.6796787,0,"museum, point_of_interest, establishment",museum,Jharkhand,Winter,Jamtara,0
Maithon waterfall,23.7846349,86.81931519999999,4.5,"tourist_attraction, point_of_interest, establishment",waterfalls,Jharkhand,Monsoon,Jamtara,221
NUNIA WATERFALL,23.7226704,86.9844866,4,"tourist_attraction, point_of_interest, establishment",waterfalls,Jharkhand,Monsoon,Jamtara,27
Dhangi fall,23.8127409,86.4972385,4.5,"park, point_of_interest, establishment",waterfalls,Jharkhand,Monsoon,Jamtara,15
SATPUKURIA MINI WATERFALL,23.7019781,87.0086077,3.8,"tourist_attraction, point_of_interest, establishment",waterfalls,Jharkhand,Monsoon,Jamtara,8
Palobeda Waterfall,23.9805886,86.5826625,5,"tourist_attraction, point_of_interest, establishment",waterfalls,Jharkhand,Monsoon,Jamtara,2
CHALNA WATERFALL,23.7778925,86.8285329,3.5,"tourist_attraction, point_of_interest, establishment",waterfalls,Jharkhand,Monsoon,Jamtara,8
Maithan Dam Park,23.7837178,86.81058689999999,4.1,"park, point_of_interest, establishment",waterfalls,Jharkhand,Monsoon,Jamtara,72
"Rainy Day Waterfall, Dindakoli",24.1452407,86.75047359999999,5,"tourist_attraction, point_of_interest, establishment",waterfalls,Jharkhand,Monsoon,Jamtara,2
MAITHON DAM,23.7851098,86.81186699999999,4.4,"tourist_attraction, point_of_interest, establishment",waterfalls,Jharkhand,Monsoon,Jamtara,7553
Maithon Dam Memorial Pillar,23.7885428,86.81853699999999,4.4,"tourist_attraction, point_of_interest, establishment",waterfalls,Jharkhand,Monsoon,Jamtara,14
"Maithan Forest and Picnic Areas, Maithon, Asansol-69",23.7962762,86.8186336,4.6,"tourist_attraction, point_of_interest, establishment",waterfalls,Jharkhand,Monsoon,Jamtara,37
Nunia river,23.695006,86.97191409999999,5,"tourist_attraction, point_of_interest, establishment",waterfalls,Jharkhand,Monsoon,Jamtara,1
"Panorama Water Park, Asansol",23.751938,86.8806764,3.9,"amusement_park, park, point_of_interest, establishment",waterfalls,Jharkhand,Monsoon,Jamtara,864
Deer Park,23.7853847,86.8172452,4.2,"park, point_of_interest, establishment",waterfalls,Jharkhand,Monsoon,Jamtara,252
"Jharkhand West Bengal Border, Maithon Bridge",23.7881241,86.81777559999999,4.6,"tourist_attraction, point_of_interest, establishment",waterfalls,Jharkhand,Monsoon,Jamtara,63
"Maithan Beach View Point, Maithon, Asansol",23.7991092,86.81587789999999,5,"point_of_interest, establishment",beaches,Jharkhand,Summer,Jamtara,2
I Love Asansol,23.7162906,86.95220789999999,4.5,"tourist_attraction, park, point_of_interest, establishment",beaches,Jharkhand,Summer,Jamtara,15
Picnic Spot Maithon,23.7920736,86.79204279999999,4.3,"point_of_interest, establishment",beaches,Jharkhand,Summer,Jamtara,17
THE LIFE LINE HOSPITAL,23.8318622,86.5211595,4.3,"hospital, health, point_of_interest, establishment",beaches,Jharkhand,Summer,Jamtara,11
"Kendriya Vidyalaya, Maithon",23.7802113,86.8058757,4.2,"school, point_of_interest, establishment",beaches,Jharkhand,Summer,Jamtara,238
"The Asansol Eco Park - Asansol City, West Bengal, India",23.704415,86.95471210000001,4.6,"park, point_of_interest, establishment",zoo,Jharkhand,Winter,Jamtara,5
Shatabdi Sishu Udyan,23.6928895,86.9594371,3.8,"park, tourist_attraction, point_of_interest, establishment",zoo,Jharkhand,Winter,Jamtara,2102
Satabdi Park,23.6923973,86.95666779999999,3.7,"park, point_of_interest, establishment",zoo,Jharkhand,Winter,Jamtara,195
Rajiv Gandhi Park,23.7026971,86.95554659999999,3.7,"park, point_of_interest, establishment",zoo,Jharkhand,Winter,Jamtara,169
Pahari Baba's Temple,23.7826436,86.8256693,4.4,"hindu_temple, place_of_worship, point_of_interest, establishment",temples,Jharkhand,All Seasons,Jamtara,129
"Shree Shyam Temple, Jamtara",23.9549014,86.8139719,4.7,"hindu_temple, place_of_worship, point_of_interest, establishment",temples,Jharkhand,All Seasons,Jamtara,92
Samdi Laha Para Kali Temple,23.7832927,86.919304,4.4,"hindu_temple, place_of_worship, point_of_interest, establishment",temples,Jharkhand,All Seasons,Jamtara,28
Radha madhav temple,23.8187509,86.87392760000002,5,"hindu_temple, place_of_worship, point_of_interest, establishment",temples,Jharkhand,All Seasons,Jamtara,15
"Shiv Temple ,Kramdaha",23.9879074,86.5733056,4,"hindu_temple, place_of_worship, point_of_interest, establishment",temples,Jharkhand,All Seasons,Jamtara,66
SAHANA DURGA TEMPLE,23.9691578,86.78637300000001,4.6,"hindu_temple, place_of_worship, point_of_interest, establishment",temples,Jharkhand,All Seasons,Jamtara,11
Nilkantha temple,23.75477,87.0257101,4.5,"hindu_temple, place_of_worship, point_of_interest, establishment",temples,Jharkhand,All Seasons,Jamtara,2
Vaishno Devi Temple,23.8293308,86.90013239999999,4.6,"hindu_temple, place_of_worship, point_of_interest, establishment",temples,Jharkhand,All Seasons,Jamtara,7
Barakar temple,23.7355422,86.81269259999999,4.4,"hindu_temple, place_of_worship, point_of_interest, establishment",temples,Jharkhand,All Seasons,Jamtara,11
Metela Chandi Temple,23.8563015,86.9830992,5,"hindu_temple, place_of_worship, point_of_interest, establishment",temples,Jharkhand,All Seasons,Jamtara,1
Shiv Mandir,24.1720501,86.8039877,5,"hindu_temple, place_of_worship, point_of_interest, establishment",temples,Jharkhand,All Seasons,Jamtara,1
Dharmaraj Temple,23.8053287,86.93523069999999,5,"hindu_temple, place_of_worship, point_of_interest, establishment",temples,Jharkhand,All Seasons,Jamtara,1
"K.T. Road,Shiv Temple",23.6935171,86.9752109,4.3,"hindu_temple, place_of_worship, point_of_interest, establishment",temples,Jharkhand,All Seasons,Jamtara,40
Deul Temple,23.757772,86.88125740000001,4.1,"hindu_temple, place_of_worship, point_of_interest, establishment",temples,Jharkhand,All Seasons,Jamtara,8
Radha Binod Temple,23.7763992,86.9737128,3.7,"hindu_temple, place_of_worship, point_of_interest, establishment",temples,Jharkhand,All Seasons,Jamtara,3
Maa Melaburi Temple,23.700219,86.9568621,4.7,"hindu_temple, place_of_worship, point_of_interest, establishment",temples,Jharkhand,All Seasons,Jamtara,87
Hanuman temple,24.065869,86.7230987,5,"hindu_temple, place_of_worship, point_of_interest, establishment",temples,Jharkhand,All Seasons,Jamtara,1
Gorainala Shiv Temple,23.8966135,86.8657771,5,"hindu_temple, place_of_worship, point_of_interest, establishment",temples,Jharkhand,All Seasons,Jamtara,10
Dharmaraj Temple Karon (Deoghar),24.1270032,86.7452472,4.7,"hindu_temple, place_of_worship, point_of_interest, establishment",temples,Jharkhand,All Seasons,Jamtara,7
Gopal Nagar Kali Mandir Temple,23.6949488,86.9886454,4.2,"hindu_temple, place_of_worship, point_of_interest, establishment",temples,Jharkhand,All Seasons,Jamtara,67
Chandmari Shiv Temple,23.7001966,86.965082,4.3,"hindu_temple, place_of_worship, point_of_interest, establishment",temples,Jharkhand,All Seasons,Jamtara,83
Old Maa Kalyaneswari Temple,23.7662073,86.859989,4.7,"hindu_temple, place_of_worship, point_of_interest, establishment",temples,Jharkhand,All Seasons,Jamtara,63
Hanuman Temple,23.8432285,86.8996927,4.7,"hindu_temple, place_of_worship, point_of_interest, establishment",temples,Jharkhand,All Seasons,Jamtara,13
"Siddheshwar Mahadev Temple, Barakar, Asansol",23.7355152,86.8126115,4.7,"hindu_temple, place_of_worship, point_of_interest, establishment",temples,Jharkhand,All Seasons,Jamtara,52
Gayatri Temple,23.7482672,86.7956818,4.7,"hindu_temple, place_of_worship, point_of_interest, establishment",temples,Jharkhand,All Seasons,Jamtara,20
Manbaria Shiv Temple,23.7460549,86.8245524,4.3,"hindu_temple, place_of_worship, point_of_interest, establishment",temples,Jharkhand,All Seasons,Jamtara,62
Temple,23.7103099,86.5994103,5,"place_of_worship, point_of_interest, establishment",temples,Jharkhand,All Seasons,Jamtara,1
Madantore Durga Temple,23.7500822,87.0647396,4.6,"hindu_temple, place_of_worship, point_of_interest, establishment",temples,Jharkhand,All Seasons,Jamtara,16
Shiv Mandir,24.1367337,86.9982071,4.1,"hindu_temple, place_of_worship, point_of_interest, establishment",temples,Jharkhand,All Seasons,Jamtara,7
Durga Temple,23.7302321,86.9171212,4.5,"hindu_temple, place_of_worship, point_of_interest, establishment",temples,Jharkhand,All Seasons,Jamtara,12
Durga Temple,23.8009291,86.91556,4.5,"hindu_temple, place_of_worship, point_of_interest, establishment",temples,Jharkhand,All Seasons,Jamtara,19
Shiv Temple,23.961632,86.81006049999999,4.6,"hindu_temple, place_of_worship, point_of_interest, establishment",temples,Jharkhand,All Seasons,Jamtara,13
Durga Temple,23.6928247,86.9761573,4.7,"hindu_temple, place_of_worship, point_of_interest, establishment",temples,Jharkhand,All Seasons,Jamtara,10
Hanuman Temple 5 no.,23.706046,87.0246691,4.4,"hindu_temple, place_of_worship, point_of_interest, establishment",temples,Jharkhand,All Seasons,Jamtara,18
Hanuman temple,23.7522098,86.78964239999999,4.7,"hindu_temple, place_of_worship, point_of_interest, establishment",temples,Jharkhand,All Seasons,Jamtara,3
Hari Temple,23.7547858,86.97315379999999,4.4,"hindu_temple, place_of_worship, point_of_interest, establishment",temples,Jharkhand,All Seasons,Jamtara,9
Shiva temple,23.7568864,86.79445199999999,5,"hindu_temple, place_of_worship, point_of_interest, establishment",temples,Jharkhand,All Seasons,Jamtara,1
Hanuman Temple,23.7622071,86.790645,4.3,"hindu_temple, place_of_worship, point_of_interest, establishment",temples,Jharkhand,All Seasons,Jamtara,12
"Chatterjee Kali Temple, Bhanora",23.7335709,87.00893789999999,5,"hindu_temple, place_of_worship, point_of_interest, establishment",temples,Jharkhand,All Seasons,Jamtara,2
Achra Rokkha Kali Temple,23.8043008,86.905003,4.7,"hindu_temple, place_of_worship, point_of_interest, establishment",temples,Jharkhand,All Seasons,Jamtara,13
Narayan Pur Laxmi Temple,23.8222106,87.00332130000001,4.7,"hindu_temple, place_of_worship, point_of_interest, establishment",temples,Jharkhand,All Seasons,Jamtara,14
"Shiv Mandir, Jamtara.",23.9612087,86.80273799999999,4.4,"hindu_temple, place_of_worship, point_of_interest, establishment",temples,Jharkhand,All Seasons,Jamtara,8
Shiv Mandir Temple,24.0274796,86.7090578,4.3,"hindu_temple, place_of_worship, point_of_interest, establishment",temples,Jharkhand,All Seasons,Jamtara,12
Baba Deoleshwar Dham (Shiv Mandir),23.9754314,87.06069049999999,4.5,"hindu_temple, place_of_worship, point_of_interest, establishment",temples,Jharkhand,All Seasons,Jamtara,102
Maa Chanchala Mandir,23.959235,86.80774389999999,4.5,"hindu_temple, place_of_worship, point_of_interest, establishment",temples,Jharkhand,All Seasons,Jamtara,143
SHIV TEMPLE JITPUR,23.8475501,86.94104709999999,4.7,"hindu_temple, place_of_worship, point_of_interest, establishment",temples,Jharkhand,All Seasons,Jamtara,3
Parvati Mandir,23.8965418,86.8657482,0,"hindu_temple, place_of_worship, point_of_interest, establishment",temples,Jharkhand,All Seasons,Jamtara,0
Geria Kalinjor Temple,23.9313249,86.9134551,4.3,"hindu_temple, place_of_worship, point_of_interest, establishment",temples,Jharkhand,All Seasons,Jamtara,50
Garui Bishnu Manndir (STONE TEMPLE),23.7188492,86.9415227,4.1,"hindu_temple, place_of_worship, point_of_interest, establishment",temples,Jharkhand,All Seasons,Jamtara,43
Temple under construction,23.8186977,86.8740886,5,"hindu_temple, place_of_worship, point_of_interest, establishment",temples,Jharkhand,All Seasons,Jamtara,3
Lakhi-Narayan Temple,24.1655716,86.8444595,5,"hindu_temple, place_of_worship, point_of_interest, establishment",temples,Jharkhand,All Seasons,Jamtara,2
Hanuman Mandir,23.896869,86.85481879999999,3.9,"hindu_temple, place_of_worship, point_of_interest, establishment",temples,Jharkhand,All Seasons,Jamtara,27
Kali Temple (Gaichhand),23.9607017,86.7870465,5,"hindu_temple, place_of_worship, point_of_interest, establishment",temples,Jharkhand,All Seasons,Jamtara,6
Dhibar para Manasa Mandir,23.789129,87.03216859999999,5,"hindu_temple, place_of_worship, point_of_interest, establishment",temples,Jharkhand,All Seasons,Jamtara,2
Mukherjee's Jagaddhatri Mandir,23.6986629,86.8284298,5,"hindu_temple, place_of_worship, point_of_interest, establishment",temples,Jharkhand,All Seasons,Jamtara,1
"Ram, laxman &Sita mandir",23.8202671,86.90423550000001,5,"hindu_temple, place_of_worship, point_of_interest, establishment",temples,Jharkhand,All Seasons,Jamtara,1
Shiv Temple,23.7543416,86.94098009999999,4.8,"hindu_temple, place_of_worship, point_of_interest, establishment",temples,Jharkhand,All Seasons,Jamtara,6
Hanuman Temple {Jhiladanga},23.7367486,87.06410059999999,4.4,"hindu_temple, place_of_worship, point_of_interest, establishment",temples,Jharkhand,All Seasons,Jamtara,10
Tihatar Shiv temple,23.873102,86.89301329999999,4.5,"hindu_temple, place_of_worship, point_of_interest, establishment",temples,Jharkhand,All Seasons,Jamtara,2
Manasha Mandir,23.7158213,86.8806079,4.5,"hindu_temple, place_of_worship, point_of_interest, establishment",temples,Jharkhand,All Seasons,Jamtara,2
Bodma Hill,23.9041875,86.8288594,4,"point_of_interest, establishment",hills,Jharkhand,Winter,Jamtara,30
Hill Top,23.8573072,86.8888739,4.3,"park, tourist_attraction, point_of_interest, establishment",hills,Jharkhand,Winter,Jamtara,552
Diguli Hill,23.7921798,87.06297270000002,4.5,"park, point_of_interest, establishment",hills,Jharkhand,Winter,Jamtara,2
Kelahi Hill,23.8591467,86.8482133,4.7,"tourist_attraction, point_of_interest, establishment",hills,Jharkhand,Winter,Jamtara,9
Hill Colony Durga Mandir,23.728504,86.8526911,4.4,"hindu_temple, place_of_worship, point_of_interest, establishment",hills,Jharkhand,Winter,Jamtara,57
"Kulti New Road, Hill Colony Dakshina Kali Matar Mandir",23.7278225,86.8516679,4.6,"hindu_temple, place_of_worship, point_of_interest, establishment",hills,Jharkhand,Winter,Jamtara,10
Panchet Hill Reservoir,23.75,86.75,4.5,"natural_feature, establishment",hills,Jharkhand,Winter,Jamtara,8
Dharampur hills,23.8597185,86.7078241,1.7,"tourist_attraction, point_of_interest, establishment",hills,Jharkhand,Winter,Jamtara,6
"Namitaloy, Hill Colony (North), Kulti college more",23.7288687,86.8547682,0,"point_of_interest, establishment",hills,Jharkhand,Winter,Jamtara,0
Hill Forest explored by Aditya,23.8942246,86.56602409999999,5,"park, point_of_interest, establishment",hills,Jharkhand,Winter,Jamtara,1
Baguli Hill,23.8069683,87.0693718,4.7,"tourist_attraction, point_of_interest, establishment",hills,Jharkhand,Winter,Jamtara,3
Kangoi pahad ( hill ),23.8362791,86.8909573,4.5,"park, point_of_interest, establishment",hills,Jharkhand,Winter,Jamtara,47
Kangoi hill,23.8377523,86.8910495,4,"hindu_temple, place_of_worship, point_of_interest, establishment",hills,Jharkhand,Winter,Jamtara,9
HILL VIEW COLONY,23.863217,86.88040579999999,4,"point_of_interest, establishment",hills,Jharkhand,Winter,Jamtara,1
Hotal Hill View,24.2191262,86.9282559,3.3,"restaurant, food, point_of_interest, establishment",hills,Jharkhand,Winter,Jamtara,9
Khelay Chandi Hill,23.7423049,86.6242482,4.7,"tourist_attraction, point_of_interest, establishment",hills,Jharkhand,Winter,Jamtara,9
Maithon waterfall,23.7846349,86.81931519999999,4.5,"tourist_attraction, point_of_interest, establishment",attraction,Jharkhand,All Seasons,Jamtara,221
MAITHON DAM,23.7851098,86.81186699999999,4.4,"tourist_attraction, point_of_interest, establishment",attraction,Jharkhand,All Seasons,Jamtara,7553
Maithon view point,23.7864695,86.7945403,4.2,"tourist_attraction, point_of_interest, establishment",attraction,Jharkhand,All Seasons,Jamtara,19
Ladhna Picnic spot,23.8737687,86.7797332,4.2,"tourist_attraction, point_of_interest, establishment",attraction,Jharkhand,All Seasons,Jamtara,279
"Jharkhand West Bengal Border, Maithon Bridge",23.7881241,86.81777559999999,4.6,"tourist_attraction, point_of_interest, establishment",attraction,Jharkhand,All Seasons,Jamtara,63
Sidhabari Tourist Spot(maithon),23.816156,86.8385721,4.4,"tourist_attraction, point_of_interest, establishment",attraction,Jharkhand,All Seasons,Jamtara,14
THE LOCO MAN STATUE,23.8500099,86.90175219999999,4.8,"tourist_attraction, point_of_interest, establishment",attraction,Jharkhand,All Seasons,Jamtara,5
"Sunset view Picnic Spot , Bathanbari, Maithon dam",23.8015449,86.8256325,4,"tourist_attraction, point_of_interest, establishment",attraction,Jharkhand,All Seasons,Jamtara,3
Kelahi Hill,23.8591467,86.8482133,4.7,"tourist_attraction, point_of_interest, establishment",attraction,Jharkhand,All Seasons,Jamtara,9
Gumro Hills,24.1626446,87.00892189999999,4.1,"tourist_attraction, point_of_interest, establishment",attraction,Jharkhand,All Seasons,Jamtara,47
Maithon Dam Memorial Pillar,23.7885428,86.81853699999999,4.4,"tourist_attraction, point_of_interest, establishment",attraction,Jharkhand,All Seasons,Jamtara,14
Kamarband pond,23.7120981,86.8713101,5,"tourist_attraction, point_of_interest, establishment",attraction,Jharkhand,All Seasons,Jamtara,3
I Love Asansol,23.7162906,86.95220789999999,4.5,"tourist_attraction, park, point_of_interest, establishment",attraction,Jharkhand,All Seasons,Jamtara,15
Dalmia view point,23.7705276,86.87910099999999,3,"tourist_attraction, point_of_interest, establishment",attraction,Jharkhand,All Seasons,Jamtara,3
Dungri (Brindabani),23.7920672,86.88020739999999,4.7,"tourist_attraction, point_of_interest, establishment",attraction,Jharkhand,All Seasons,Jamtara,3
Khelay Chandi Hill,23.7423049,86.6242482,4.7,"tourist_attraction, point_of_interest, establishment",attraction,Jharkhand,All Seasons,Jamtara,9
Nunia river,23.695006,86.97191409999999,5,"tourist_attraction, point_of_interest, establishment",attraction,Jharkhand,All Seasons,Jamtara,1
"Maithon Dam, Third Dike Area",23.7963222,86.8241264,0,"tourist_attraction, point_of_interest, establishment",attraction,Jharkhand,All Seasons,Jamtara,0
"Maithan Forest and Picnic Areas, Maithon, Asansol-69",23.7962762,86.8186336,4.6,"tourist_attraction, point_of_interest, establishment",attraction,Jharkhand,All Seasons,Jamtara,37
The Cocoon,23.7929221,86.7739873,4.9,"tourist_attraction, point_of_interest, establishment",attraction,Jharkhand,All Seasons,Jamtara,41
Barakar River View point,23.7447858,86.80543809999999,4.2,"tourist_attraction, point_of_interest, establishment",attraction,Jharkhand,All Seasons,Jamtara,10
SATPUKURIA MINI WATERFALL,23.7019781,87.0086077,3.8,"tourist_attraction, point_of_interest, establishment",attraction,Jharkhand,All Seasons,Jamtara,8
Bada bumpher,23.6976896,86.5359512,4.8,"tourist_attraction, point_of_interest, establishment",attraction,Jharkhand,All Seasons,Jamtara,4
"Rainy Day Waterfall, Dindakoli",24.1452407,86.75047359999999,5,"tourist_attraction, point_of_interest, establishment",attraction,Jharkhand,All Seasons,Jamtara,2
Hill Top,23.8573072,86.8888739,4.3,"park, tourist_attraction, point_of_interest, establishment",attraction,Jharkhand,All Seasons,Jamtara,552
ASANSOl Bridge,24.0925461,86.819637,4,"tourist_attraction, point_of_interest, establishment",attraction,Jharkhand,All Seasons,Jamtara,1
"Ajay Barrage, Sikatia",24.1429752,86.80279349999999,4.2,"tourist_attraction, point_of_interest, establishment",attraction,Jharkhand,All Seasons,Jamtara,100
Bodma Overbridge View Point,23.8997082,86.85070840000002,4.1,"tourist_attraction, point_of_interest, establishment",attraction,Jharkhand,All Seasons,Jamtara,7
Ladhna meadows,23.8748145,86.7838939,4.5,"tourist_attraction, point_of_interest, establishment",attraction,Jharkhand,All Seasons,Jamtara,4
ADI GRAM ECO TOURISM,23.9351566,86.51655079999999,3.7,"tourist_attraction, point_of_interest, establishment",attraction,Jharkhand,All Seasons,Jamtara,7
Kul Buru (ᱠᱩᱞ ᱵᱩᱨᱩ),23.7879823,86.8216899,0,"tourist_attraction, point_of_interest, establishment",attraction,Jharkhand,All Seasons,Jamtara,0
Maithon Sunset Point,23.7818558,86.8065707,4.7,"tourist_attraction, point_of_interest, establishment",attraction,Jharkhand,All Seasons,Jamtara,6
Hospital Dam,23.8533823,86.89524279999999,4.3,"tourist_attraction, point_of_interest, establishment",attraction,Jharkhand,All Seasons,Jamtara,81
Kelahi Pahad,23.8582387,86.8480245,3.8,"tourist_attraction, point_of_interest, establishment",attraction,Jharkhand,All Seasons,Jamtara,4
"Karamdaha, Barakar river",23.9853952,86.5746987,3.9,"tourist_attraction, point_of_interest, establishment",attraction,Jharkhand,All Seasons,Jamtara,50
Vulunia Big Pond,23.7518773,87.0175405,4.3,"tourist_attraction, point_of_interest, establishment",attraction,Jharkhand,All Seasons,Jamtara,4
Okk,23.9612357,86.80480179999999,0,"tourist_attraction, point_of_interest, establishment",attraction,Jharkhand,All Seasons,Jamtara,0
Sidhu Kanhu Statue,23.919639,86.9963131,4.8,"tourist_attraction, point_of_interest, establishment",attraction,Jharkhand,All Seasons,Jamtara,6
Check dam (Joriya),23.7671841,86.5417411,4.6,"tourist_attraction, point_of_interest, establishment",attraction,Jharkhand,All Seasons,Jamtara,12
Strides Of Growth,23.8533535,86.9009811,5,"tourist_attraction, point_of_interest, establishment",attraction,Jharkhand,All Seasons,Jamtara,6
Tarni Picnic Spot,23.974534,86.6704834,4.8,"tourist_attraction, point_of_interest, establishment",attraction,Jharkhand,All Seasons,Jamtara,6
Ladhna boating jetty,23.8733076,86.77924159999999,3,"tourist_attraction, point_of_interest, establishment",attraction,Jharkhand,All Seasons,Jamtara,2
Juri gada ( ᱡᱩᱨᱤ ᱡᱷᱟᱨᱱᱟ ),23.7823458,86.8191623,0,"tourist_attraction, point_of_interest, establishment",attraction,Jharkhand,All Seasons,Jamtara,0
Badhna nirsa dhanbad,23.8052534,86.6942571,4.3,"tourist_attraction, point_of_interest, establishment",attraction,Jharkhand,All Seasons,Jamtara,6
Garam Kund Panchet,23.7061527,86.77225100000001,3.2,"tourist_attraction, point_of_interest, establishment",attraction,Jharkhand,All Seasons,Jamtara,10
Dungri Goda,23.8194823,86.5351202,4.7,"tourist_attraction, point_of_interest, establishment",attraction,Jharkhand,All Seasons,Jamtara,9
Kelahi Picnic Spot,23.8613,86.828068,4.2,"tourist_attraction, point_of_interest, establishment",attraction,Jharkhand,All Seasons,Jamtara,9
BLUE FACTORY MINES,23.7154858,86.9960892,4.6,"tourist_attraction, point_of_interest, establishment",attraction,Jharkhand,All Seasons,Jamtara,400
Kashidanga Marang Buru Adibasi Boat Committee,23.8012363,86.825676,3.3,"tourist_attraction, point_of_interest, establishment",attraction,Jharkhand,All Seasons,Jamtara,3
Sabuj dip,23.8004596,86.82233769999999,4.3,"tourist_attraction, point_of_interest, establishment",attraction,Jharkhand,All Seasons,Jamtara,6
sidhabari rest house,23.8189304,86.8458763,0,"tourist_attraction, point_of_interest, establishment",attraction,Jharkhand,All Seasons,Jamtara,0
Khudia Water Pump and Bathing Point,23.837139,86.54917619999999,4.3,"tourist_attraction, point_of_interest, establishment",attraction,Jharkhand,All Seasons,Jamtara,4
"Ajay river bank, Chittaranjan, অজয় নদীর পাড়।",23.8777705,86.91164649999999,4.4,"tourist_attraction, point_of_interest, establishment",attraction,Jharkhand,All Seasons,Jamtara,43
Kaskuli Dam picnic sport,23.8307872,86.9517147,4,"tourist_attraction, point_of_interest, establishment",attraction,Jharkhand,All Seasons,Jamtara,1
BARADHEMO BORO BANDH / সাতাইশা বড়ো বাঁধ,23.7070437,86.9012221,4.6,"tourist_attraction, point_of_interest, establishment",attraction,Jharkhand,All Seasons,Jamtara,8
Kashidanga Picnic Spot,23.8339164,86.8613866,4.6,"tourist_attraction, point_of_interest, establishment",attraction,Jharkhand,All Seasons,Jamtara,19
Maithon Dam,23.7825673,86.8090215,4.7,"tourist_attraction, point_of_interest, establishment",attraction,Jharkhand,All Seasons,Jamtara,30
Jungle way to Bathanbari,23.7984767,86.837169,3.3,"tourist_attraction, point_of_interest, establishment",attraction,Jharkhand,All Seasons,Jamtara,4
Turi Pahari,24.2233682,86.9304066,0,"tourist_attraction, point_of_interest, establishment",attraction,Jharkhand,All Seasons,Jamtara,0
Hariharpur breeze,23.9567255,86.6072567,4.6,"tourist_attraction, point_of_interest, establishment",attraction,Jharkhand,All Seasons,Jamtara,5
Shaheed Vijay Soreng Park,23.318342,85.2971039,4.1,"park, point_of_interest, establishment",parks,Jharkhand,Spring,Khunti,400
Nehru Park,23.292683,85.29038659999999,4.1,"park, point_of_interest, establishment",parks,Jharkhand,Spring,Khunti,255
Mecon Colony Park 2,23.34,85.30916669999999,4.1,"park, point_of_interest, establishment",parks,Jharkhand,Spring,Khunti,215
Swami Vivekanand Park Sail City,23.3335106,85.2813942,4.2,"park, point_of_interest, establishment",parks,Jharkhand,Spring,Khunti,348
Sri Krishna Singh Park,23.336827,85.3186135,3.5,"park, point_of_interest, establishment",parks,Jharkhand,Spring,Khunti,277
Mecon Colony Park - 1,23.337304,85.310209,4.2,"park, point_of_interest, establishment",parks,Jharkhand,Spring,Khunti,56
Kilkari Smart Children's Park,23.3115146,85.2961534,3.8,"park, point_of_interest, establishment",parks,Jharkhand,Spring,Khunti,53
Dhurwa Dam Park,23.300528,85.258709,4.2,"park, tourist_attraction, point_of_interest, establishment",parks,Jharkhand,Spring,Khunti,1008
"Mecon Colony Park 3, Kanya Udyan",23.337991,85.305184,4.1,"park, point_of_interest, establishment",parks,Jharkhand,Spring,Khunti,382
Khunti Park Khunti,23.057161,85.28469129999999,3.9,"tourist_attraction, park, point_of_interest, establishment",parks,Jharkhand,Spring,Khunti,284
NIAMT Colony Park,23.298418,85.310501,4,"park, point_of_interest, establishment",parks,Jharkhand,Spring,Khunti,107
Machhli Park,23.3437088,85.32263789999999,3.9,"park, point_of_interest, establishment",parks,Jharkhand,Spring,Khunti,98
Children park,23.3428112,85.3322713,4.4,"park, point_of_interest, establishment",parks,Jharkhand,Spring,Khunti,16
Nehru Park,23.3320553,85.29883720000001,4,"park, point_of_interest, establishment",parks,Jharkhand,Spring,Khunti,525
Ashok Nagar Park-D,23.346835,85.310244,3.9,"park, point_of_interest, establishment",parks,Jharkhand,Spring,Khunti,402
Biodiversity Park,23.2547338,85.3468934,4.2,"park, tourist_attraction, point_of_interest, establishment",parks,Jharkhand,Spring,Khunti,3502
Dhurva Sector C Park,23.299631,85.269509,4,"park, point_of_interest, establishment",parks,Jharkhand,Spring,Khunti,129
MECON Rose Garden,23.3324026,85.3061769,4.2,"park, point_of_interest, establishment",parks,Jharkhand,Spring,Khunti,570
Army Colony Park,23.312874,85.37865699999999,4.1,"park, point_of_interest, establishment",parks,Jharkhand,Spring,Khunti,139
Railway Colony Park,23.3070896,85.3093495,3.6,"park, point_of_interest, establishment",parks,Jharkhand,Spring,Khunti,236
Ashok Nagar Park 3,23.3473735,85.3065275,4.1,"park, point_of_interest, establishment",parks,Jharkhand,Spring,Khunti,216
Children Park,23.3296759,85.37934109999999,3.5,"park, point_of_interest, establishment",parks,Jharkhand,Spring,Khunti,28
Dhurwa Golchakkar,23.3062247,85.2905241,4.3,"park, point_of_interest, establishment",parks,Jharkhand,Spring,Khunti,1850
Jhar Parks,23.3417884,85.3233144,5,"park, point_of_interest, establishment",parks,Jharkhand,Spring,Khunti,1
Dumargari park,23.2218461,85.07793559999999,4.2,"park, point_of_interest, establishment",parks,Jharkhand,Spring,Khunti,33
Mecon Colony Park,23.3358999,85.3113444,4,"park, point_of_interest, establishment",parks,Jharkhand,Spring,Khunti,23
Mecon Nursery Park,23.3426299,85.30990709999999,3.5,"park, point_of_interest, establishment",parks,Jharkhand,Spring,Khunti,17
Sanitation Park Khunti,23.0667538,85.2813788,3.7,"park, point_of_interest, establishment",parks,Jharkhand,Spring,Khunti,310
FunSpot Water Park,23.2778125,84.9879375,4.4,"amusement_park, park, point_of_interest, establishment",parks,Jharkhand,Spring,Khunti,42
Shankar Data Memorial botanical Garden,23.3321457,85.2987564,4.1,"park, point_of_interest, establishment",parks,Jharkhand,Spring,Khunti,47
Ambedkar Park,23.30633,85.24130989999999,5,"park, point_of_interest, establishment",parks,Jharkhand,Spring,Khunti,5
Mango park,23.3314929,85.2428089,4.3,"park, point_of_interest, establishment",parks,Jharkhand,Spring,Khunti,11
"CRPF Bio Diversity Park Sembo,Ranchi Jharkhand",23.2880972,85.2305469,4,"park, point_of_interest, establishment",parks,Jharkhand,Spring,Khunti,10
Officer Mess Park,23.317331,85.37176199999999,3.9,"park, point_of_interest, establishment",parks,Jharkhand,Spring,Khunti,114
APJ Abdul Kalam Park,23.3445678,85.3232342,3.7,"park, point_of_interest, establishment",parks,Jharkhand,Spring,Khunti,3
स्मार्ट एच ई सी पी एन बी पार्क,23.3091508,85.2938266,4,"park, point_of_interest, establishment",parks,Jharkhand,Spring,Khunti,2
"Children's Park, SAIL City",23.3334219,85.2835084,4.2,"park, point_of_interest, establishment",parks,Jharkhand,Spring,Khunti,196
Wild Waadi Water Park,23.1874306,85.3209658,3.9,"amusement_park, park, point_of_interest, establishment",parks,Jharkhand,Spring,Khunti,3934
Birsa Postal Park,23.3424993,85.3222942,4.8,"park, point_of_interest, establishment",parks,Jharkhand,Spring,Khunti,4
Tirkey's Garden,23.269643,85.27040699999999,3.8,"park, point_of_interest, establishment",parks,Jharkhand,Spring,Khunti,21
Dora Garden (DG),23.3092515,85.3346736,4.8,"park, point_of_interest, establishment",parks,Jharkhand,Spring,Khunti,11
Eco Park,23.3426129,85.31681780000001,3.7,"park, point_of_interest, establishment",parks,Jharkhand,Spring,Khunti,9
Green Park,23.3447945,85.32442019999999,5,"park, point_of_interest, establishment",parks,Jharkhand,Spring,Khunti,1
Children's Park,23.3445095,85.3240363,3,"park, point_of_interest, establishment",parks,Jharkhand,Spring,Khunti,1
Haseena Park,23.249638,85.26337,3.5,"park, point_of_interest, establishment",parks,Jharkhand,Spring,Khunti,11
Shri Sai Garden,23.264716,85.3139029,4.4,"park, point_of_interest, establishment",parks,Jharkhand,Spring,Khunti,23
FANTASY AMUSEMENT PARK,23.2119556,85.5461651,4.1,"park, point_of_interest, establishment",parks,Jharkhand,Spring,Khunti,11
Flower park,23.1877264,85.32047,4,"park, point_of_interest, establishment",parks,Jharkhand,Spring,Khunti,48
Dumargari Park & Latratu Dam Road Birda,23.188631,85.0639408,4.4,"park, point_of_interest, establishment",parks,Jharkhand,Spring,Khunti,7
Sahid Puppy Jr Park,23.3205766,85.30395589999999,5,"park, point_of_interest, establishment",parks,Jharkhand,Spring,Khunti,2
Remix fall,23.1306367,85.4749971,4.3,"tourist_attraction, park, point_of_interest, establishment",parks,Jharkhand,Spring,Khunti,2404
Horab Jungle,23.3346,85.463447,4.2,"park, point_of_interest, establishment",parks,Jharkhand,Spring,Khunti,498
Children's Park,23.2969665,85.31112379999999,4,"park, point_of_interest, establishment",parks,Jharkhand,Spring,Khunti,2
Children park,23.3331787,85.4364202,4,"park, point_of_interest, establishment",parks,Jharkhand,Spring,Khunti,6
NDA AQUA AMUSEMENT PARK,23.0926554,85.29134180000001,4.1,"park, point_of_interest, establishment",parks,Jharkhand,Spring,Khunti,26
Children park,23.2538559,85.3441619,4,"park, point_of_interest, establishment",parks,Jharkhand,Spring,Khunti,1
Elephant Corridor,22.8662894,85.49941919999999,4,"park, point_of_interest, establishment",parks,Jharkhand,Spring,Khunti,256
Aquatica Fun Plex water Park and Savory Delights Restaurant,23.179568,85.3746932,4.8,"park, restaurant, food, point_of_interest, establishment",parks,Jharkhand,Spring,Khunti,4
Pancha maidan.Ghar,23.209704,85.49118589999999,5,"museum, point_of_interest, establishment",museum,Jharkhand,Winter,Khunti,2
Taimara hill,23.2027528,85.51044139999999,5,"museum, point_of_interest, establishment",museum,Jharkhand,Winter,Khunti,2
Mandru toli,23.1179927,85.29112760000001,3.5,"museum, point_of_interest, establishment",museum,Jharkhand,Winter,Khunti,2
Katari Toli,23.2710018,85.21782320000001,1,"museum, point_of_interest, establishment",museum,Jharkhand,Winter,Khunti,1
New Peritoli Khunti,23.0713628,85.29006079999999,0,"museum, point_of_interest, establishment",museum,Jharkhand,Winter,Khunti,0
Mangal oraon,23.2513213,85.0597137,0,"museum, point_of_interest, establishment",museum,Jharkhand,Winter,Khunti,0
Marle waterfall,22.9628126,85.2496853,3.8,"tourist_attraction, point_of_interest, establishment",waterfalls,Jharkhand,Monsoon,Khunti,13
Simsa Waterfall,23.1731987,85.3881572,4.7,"tourist_attraction, point_of_interest, establishment",waterfalls,Jharkhand,Monsoon,Khunti,7
Hirni Water Falls,22.8076278,85.3645205,4.3,"tourist_attraction, point_of_interest, establishment",waterfalls,Jharkhand,Monsoon,Khunti,1535
Dassam Falls,23.1462515,85.4672203,4.4,"tourist_attraction, point_of_interest, establishment",waterfalls,Jharkhand,Monsoon,Khunti,13623
Pangura waterfall,22.9372729,85.3542688,4.1,"tourist_attraction, point_of_interest, establishment",waterfalls,Jharkhand,Monsoon,Khunti,22
Remix fall,23.1306367,85.4749971,4.3,"tourist_attraction, park, point_of_interest, establishment",waterfalls,Jharkhand,Monsoon,Khunti,2404
Rani Fall,23.0198779,85.3800807,4.1,"tourist_attraction, point_of_interest, establishment",waterfalls,Jharkhand,Monsoon,Khunti,690
Panchghagh Falls,22.9453777,85.25660789999999,4.2,"tourist_attraction, park, point_of_interest, establishment",waterfalls,Jharkhand,Monsoon,Khunti,2760
Perwaghagh Falls Fatka,22.8352353,85.1646792,4.5,"tourist_attraction, point_of_interest, establishment",waterfalls,Jharkhand,Monsoon,Khunti,753
Dasham Falls Selfie Point,23.140758,85.4668978,4.6,"tourist_attraction, point_of_interest, establishment",waterfalls,Jharkhand,Monsoon,Khunti,99
Perwaghagh Waterfall,22.8353873,85.1637626,4.4,"tourist_attraction, point_of_interest, establishment",waterfalls,Jharkhand,Monsoon,Khunti,594
Ghaghari dham Waterfalls,23.2277276,85.0138456,4.4,"tourist_attraction, point_of_interest, establishment",waterfalls,Jharkhand,Monsoon,Khunti,102
Arial waterfall,23.0607462,85.487247,4,"tourist_attraction, point_of_interest, establishment",waterfalls,Jharkhand,Monsoon,Khunti,2
Topi Waterfall,23.3292565,85.4705681,4.4,"tourist_attraction, point_of_interest, establishment",waterfalls,Jharkhand,Monsoon,Khunti,16
LOWER DASSAM FALLS,23.143065,85.4668073,3.9,"tourist_attraction, point_of_interest, establishment",waterfalls,Jharkhand,Monsoon,Khunti,19
Marashili Waterfall,23.3081655,85.4435421,0,"tourist_attraction, point_of_interest, establishment",waterfalls,Jharkhand,Monsoon,Khunti,0
Dassam Falls Top View Point,23.1408437,85.4661538,4.6,"tourist_attraction, point_of_interest, establishment",waterfalls,Jharkhand,Monsoon,Khunti,1000
Baram Waterfall,23.3334841,85.4113284,3.7,"tourist_attraction, point_of_interest, establishment",waterfalls,Jharkhand,Monsoon,Khunti,6
Churu fall,23.0351875,85.5558125,4,"tourist_attraction, point_of_interest, establishment",waterfalls,Jharkhand,Monsoon,Khunti,5
चंचला घाघ,22.8617037,85.0864955,4.2,"tourist_attraction, point_of_interest, establishment",waterfalls,Jharkhand,Monsoon,Khunti,247
Dibra water fall,23.2515483,85.3741044,4.3,"park, point_of_interest, establishment",waterfalls,Jharkhand,Monsoon,Khunti,36
KESARO waterfall,23.3351311,85.18002919999999,4,"tourist_attraction, point_of_interest, establishment",waterfalls,Jharkhand,Monsoon,Khunti,4
Lawaghagh. Water Falls Fatka,22.8430735,85.17280660000002,3.3,"tourist_attraction, point_of_interest, establishment",waterfalls,Jharkhand,Monsoon,Khunti,3
Sarna fall,23.3406219,85.26434929999999,3.2,"tourist_attraction, point_of_interest, establishment",waterfalls,Jharkhand,Monsoon,Khunti,69
Perwaghagh,22.8353962,85.1637786,4.4,"natural_feature, establishment",waterfalls,Jharkhand,Monsoon,Khunti,539
Butterfly waterfall,23.060691,85.4873345,0,"tourist_attraction, point_of_interest, establishment",waterfalls,Jharkhand,Monsoon,Khunti,0
Lapung waterfall,23.2245239,85.05358919999999,4.6,"park, point_of_interest, establishment",waterfalls,Jharkhand,Monsoon,Khunti,5
C - Waterfall,23.2595887,85.33872269999999,3.9,"point_of_interest, establishment",waterfalls,Jharkhand,Monsoon,Khunti,40
Mahilong lower water fall,23.3460458,85.4518667,4.4,"tourist_attraction, point_of_interest, establishment",waterfalls,Jharkhand,Monsoon,Khunti,10
Mini water fall,23.254281,85.3738563,3,"park, point_of_interest, establishment",waterfalls,Jharkhand,Monsoon,Khunti,1
Dhurwa Dam Park,23.300528,85.258709,4.2,"park, tourist_attraction, point_of_interest, establishment",waterfalls,Jharkhand,Monsoon,Khunti,1008
(sat dhara),22.897879,85.0633065,4.1,"tourist_attraction, point_of_interest, establishment",waterfalls,Jharkhand,Monsoon,Khunti,124
Hidden waterfall,23.2207403,85.07363869999999,3.2,"tourist_attraction, point_of_interest, establishment",waterfalls,Jharkhand,Monsoon,Khunti,5
Panchghag,22.9446982,85.2555441,4.2,"tourist_attraction, point_of_interest, establishment",waterfalls,Jharkhand,Monsoon,Khunti,588
Marsilli Pahad Ranchi Namkum,23.3070865,85.4373335,4.5,"tourist_attraction, hindu_temple, place_of_worship, point_of_interest, establishment",beaches,Jharkhand,Summer,Khunti,1519
Surya Mandir(Sun Temple),23.1819594,85.5616646,4.5,"hindu_temple, tourist_attraction, place_of_worship, point_of_interest, establishment",beaches,Jharkhand,Summer,Khunti,2266
Remix fall,23.1306367,85.4749971,4.3,"tourist_attraction, park, point_of_interest, establishment",beaches,Jharkhand,Summer,Khunti,2404
Dassam Falls,23.1462515,85.4672203,4.4,"tourist_attraction, point_of_interest, establishment",beaches,Jharkhand,Summer,Khunti,13623
Coco & Chilly,23.2960279,85.275103,4.2,"restaurant, food, point_of_interest, establishment",beaches,Jharkhand,Summer,Khunti,575
Bhagwan Birsa Mrig Vihar,23.1861381,85.28324040000001,4.1,"zoo, point_of_interest, establishment",zoo,Jharkhand,Winter,Khunti,1079
Biodiversity Park,23.2547338,85.3468934,4.2,"park, tourist_attraction, point_of_interest, establishment",zoo,Jharkhand,Winter,Khunti,3502
Birsa Postal Park,23.3424993,85.3222942,4.8,"park, point_of_interest, establishment",zoo,Jharkhand,Winter,Khunti,4
Happy Aquarium,23.3206739,85.2973507,3.2,"pet_store, store, point_of_interest, establishment",zoo,Jharkhand,Winter,Khunti,5
"Shri Shri Panchmukhi Temple, Ranchi",23.3230886,85.2935615,4.6,"hindu_temple, place_of_worship, point_of_interest, establishment",temples,Jharkhand,All Seasons,Khunti,775
Om Sureshvar Mahadev Mandir and Hanuman Mandir,23.3450165,85.3597301,4.7,"hindu_temple, place_of_worship, point_of_interest, establishment",temples,Jharkhand,All Seasons,Khunti,835
21 Temple,23.3409974,85.35917359999999,4,"hindu_temple, place_of_worship, point_of_interest, establishment",temples,Jharkhand,All Seasons,Khunti,33
Surya temple,23.3004078,85.2710346,4.3,"hindu_temple, place_of_worship, point_of_interest, establishment",temples,Jharkhand,All Seasons,Khunti,455
"Vardan Samiti Hanuman Temple, Saket Nagar Hinoo",23.3248686,85.3221607,4.9,"hindu_temple, place_of_worship, point_of_interest, establishment",temples,Jharkhand,All Seasons,Khunti,10
Shri Ram Temple,23.3124825,85.3091369,4.7,"hindu_temple, place_of_worship, point_of_interest, establishment",temples,Jharkhand,All Seasons,Khunti,25
Sri Krishna Mahavir Mandal,23.3272439,85.3150758,4.7,"hindu_temple, place_of_worship, point_of_interest, establishment",temples,Jharkhand,All Seasons,Khunti,21
Lord Shiv Temple,23.298819,85.32168229999999,4.3,"hindu_temple, place_of_worship, point_of_interest, establishment",temples,Jharkhand,All Seasons,Khunti,12
ଶ୍ରୀ ଗୁଣ୍ଡିଚା ମନ୍ଦିର.Jagannath Masi Rath Yathra Temple,23.3182004,85.28856700000001,4.6,"hindu_temple, place_of_worship, point_of_interest, establishment",temples,Jharkhand,All Seasons,Khunti,40
Maa Adi Shakti Kali Temple,23.3385449,85.3252775,4.8,"hindu_temple, place_of_worship, point_of_interest, establishment",temples,Jharkhand,All Seasons,Khunti,15
Shri Shiv Mandir,23.2956975,85.3170408,4.7,"hindu_temple, place_of_worship, point_of_interest, establishment",temples,Jharkhand,All Seasons,Khunti,20
Shiv Mandir,23.3069311,85.3428165,4.7,"hindu_temple, place_of_worship, point_of_interest, establishment",temples,Jharkhand,All Seasons,Khunti,13
Ram Darbar Mandir,23.3002902,85.2716574,4.9,"hindu_temple, place_of_worship, point_of_interest, establishment",temples,Jharkhand,All Seasons,Khunti,15
Shiv Mandir,23.3208399,85.3318559,4.1,"hindu_temple, place_of_worship, point_of_interest, establishment",temples,Jharkhand,All Seasons,Khunti,18
Shree Hanuman Temple,23.2627398,85.01949890000002,4,"hindu_temple, place_of_worship, point_of_interest, establishment",temples,Jharkhand,All Seasons,Khunti,2
Bajrangbali Temple,23.3186948,85.2927115,4.1,"hindu_temple, place_of_worship, point_of_interest, establishment",temples,Jharkhand,All Seasons,Khunti,20
Rishabh Nagar Temple,23.3353071,85.2758681,4.5,"hindu_temple, place_of_worship, point_of_interest, establishment",temples,Jharkhand,All Seasons,Khunti,4
Shiv Temple,23.3258447,85.0045614,4.9,"hindu_temple, place_of_worship, point_of_interest, establishment",temples,Jharkhand,All Seasons,Khunti,10
Sai Mandir lapung (Sarsa),23.2215635,85.0467774,4.5,"hindu_temple, place_of_worship, point_of_interest, establishment",temples,Jharkhand,All Seasons,Khunti,644
New Shiv Temple,23.304294,85.32485109999999,4.2,"hindu_temple, place_of_worship, point_of_interest, establishment",temples,Jharkhand,All Seasons,Khunti,15
Surya Mandir(Sun Temple),23.1819594,85.5616646,4.5,"hindu_temple, tourist_attraction, place_of_worship, point_of_interest, establishment",temples,Jharkhand,All Seasons,Khunti,2266
Sonmer Temple Khunti,23.124385,85.1778863,4.5,"hindu_temple, place_of_worship, point_of_interest, establishment",temples,Jharkhand,All Seasons,Khunti,647
Rang Rori Temple,23.1605334,85.3349968,4.4,"hindu_temple, place_of_worship, point_of_interest, establishment",temples,Jharkhand,All Seasons,Khunti,63
Bhairav Baba Temple,23.3176748,85.30509049999999,4.8,"hindu_temple, place_of_worship, point_of_interest, establishment",temples,Jharkhand,All Seasons,Khunti,44
महामृत्युंजय महादेव मंदिर,23.3314388,85.3190161,4.6,"hindu_temple, place_of_worship, point_of_interest, establishment",temples,Jharkhand,All Seasons,Khunti,12
Saarvajanik Durga Devi Mandap,23.0757622,85.27856799999999,4.9,"hindu_temple, place_of_worship, point_of_interest, establishment",temples,Jharkhand,All Seasons,Khunti,10
new durga temple,23.0785296,85.2787719,4.5,"hindu_temple, place_of_worship, point_of_interest, establishment",temples,Jharkhand,All Seasons,Khunti,54
Jagannath Mandir,23.3169754,85.2816323,4.7,"hindu_temple, tourist_attraction, place_of_worship, point_of_interest, establishment",temples,Jharkhand,All Seasons,Khunti,7078
"Ancient Shiv Mandir, Ghaghari Watar Fall",23.227864,85.01349739999999,4.4,"hindu_temple, place_of_worship, point_of_interest, establishment",temples,Jharkhand,All Seasons,Khunti,26
Gutjora Temple,23.1465922,85.2321855,4.2,"hindu_temple, place_of_worship, point_of_interest, establishment",temples,Jharkhand,All Seasons,Khunti,29
Hanuman Temple,23.321188,85.3317402,4.3,"hindu_temple, place_of_worship, point_of_interest, establishment",temples,Jharkhand,All Seasons,Khunti,24
Viswanath Temple,23.3228021,85.37588,4.8,"hindu_temple, place_of_worship, point_of_interest, establishment",temples,Jharkhand,All Seasons,Khunti,4
Bhuteswar Nath Temple,23.2814238,85.3134932,4.7,"hindu_temple, place_of_worship, point_of_interest, establishment",temples,Jharkhand,All Seasons,Khunti,7
Devi Temple,22.977432,84.9930807,5,"hindu_temple, place_of_worship, point_of_interest, establishment",temples,Jharkhand,All Seasons,Khunti,1
"Hanuman Temple, biramkel",22.9979646,85.1975164,5,"hindu_temple, place_of_worship, point_of_interest, establishment",temples,Jharkhand,All Seasons,Khunti,8
Hanuman Mandir,23.3451128,85.2406984,3.9,"hindu_temple, place_of_worship, point_of_interest, establishment",temples,Jharkhand,All Seasons,Khunti,12
Lord Shiva Temple,23.2933704,85.27152339999999,5,"hindu_temple, place_of_worship, point_of_interest, establishment",temples,Jharkhand,All Seasons,Khunti,2
Om temple,23.2602095,85.299494,0,"hindu_temple, place_of_worship, point_of_interest, establishment",temples,Jharkhand,All Seasons,Khunti,0
"Sun temple Gate, Bundu",23.1863229,85.5592523,4.7,"hindu_temple, place_of_worship, point_of_interest, establishment",temples,Jharkhand,All Seasons,Khunti,35
"SAIL City, Shiva Temple",23.334041,85.2824191,4.3,"hindu_temple, place_of_worship, point_of_interest, establishment",temples,Jharkhand,All Seasons,Khunti,24
Sail City Temple,23.332779,85.2837637,4.4,"hindu_temple, place_of_worship, point_of_interest, establishment",temples,Jharkhand,All Seasons,Khunti,9
Narmadeshwar Shiv Temple,23.3043154,85.2748239,4.3,"hindu_temple, place_of_worship, point_of_interest, establishment",temples,Jharkhand,All Seasons,Khunti,18
Durga Maa Temple,23.306055,85.2374921,3.4,"hindu_temple, place_of_worship, point_of_interest, establishment",temples,Jharkhand,All Seasons,Khunti,7
मटिया फील्ड,23.2911737,85.2748392,3,"hindu_temple, place_of_worship, point_of_interest, establishment",temples,Jharkhand,All Seasons,Khunti,1
kudlum BAJRANGBALI TEMPLE,23.1378072,85.18908499999999,3,"hindu_temple, place_of_worship, point_of_interest, establishment",temples,Jharkhand,All Seasons,Khunti,2
Manokamna Mandir,23.335365,85.206895,4.3,"hindu_temple, place_of_worship, point_of_interest, establishment",temples,Jharkhand,All Seasons,Khunti,38
Sankarji Temple,23.3207036,85.30430729999999,5,"hindu_temple, place_of_worship, point_of_interest, establishment",temples,Jharkhand,All Seasons,Khunti,1
Ghaghra temple,23.14513,85.245195,5,"hindu_temple, place_of_worship, point_of_interest, establishment",temples,Jharkhand,All Seasons,Khunti,3
"Sri Sri Panchdev Mandir, Baragai,Beltangra",23.3444914,85.3282577,4.9,"hindu_temple, place_of_worship, point_of_interest, establishment",temples,Jharkhand,All Seasons,Khunti,21
Alkapuri Temple (mandir),23.3353599,85.301998,5,"hindu_temple, place_of_worship, point_of_interest, establishment",temples,Jharkhand,All Seasons,Khunti,1
Sun temple chhatt ghat,23.1810044,85.55764479999999,4,"place_of_worship, point_of_interest, establishment",temples,Jharkhand,All Seasons,Khunti,2
Shiv Temple,23.2759069,85.0285548,4.7,"hindu_temple, place_of_worship, point_of_interest, establishment",temples,Jharkhand,All Seasons,Khunti,10
SHIV MANDIR BIRSA NAGAR,23.3168637,85.3080691,4.2,"hindu_temple, place_of_worship, point_of_interest, establishment",temples,Jharkhand,All Seasons,Khunti,5
Shiva temple,23.3158631,85.3612077,4,"hindu_temple, place_of_worship, point_of_interest, establishment",temples,Jharkhand,All Seasons,Khunti,7
Devi mandir chandaghasi,23.2917132,85.3494532,3,"hindu_temple, place_of_worship, point_of_interest, establishment",temples,Jharkhand,All Seasons,Khunti,3
Rameshwar shiv temple,23.3214602,85.3640047,0,"hindu_temple, place_of_worship, point_of_interest, establishment",temples,Jharkhand,All Seasons,Khunti,0
Hathswar Temple,23.3009222,85.3121208,5,"hindu_temple, place_of_worship, point_of_interest, establishment",temples,Jharkhand,All Seasons,Khunti,1
Ghaghari Temple,23.2283029,85.0136787,4.4,"hindu_temple, place_of_worship, point_of_interest, establishment",temples,Jharkhand,All Seasons,Khunti,227
Mahabir Temple,23.2459067,85.21266700000001,4.7,"hindu_temple, place_of_worship, point_of_interest, establishment",temples,Jharkhand,All Seasons,Khunti,6
Maa durga temple,22.9730306,85.28403089999999,4.7,"hindu_temple, place_of_worship, point_of_interest, establishment",temples,Jharkhand,All Seasons,Khunti,9
Kutam buru hill,23.2906055,85.5348472,4.4,"tourist_attraction, point_of_interest, establishment",hills,Jharkhand,Winter,Khunti,195
Kiski Hill,23.2388396,85.32904769999999,4.2,"tourist_attraction, point_of_interest, establishment",hills,Jharkhand,Winter,Khunti,17
Heaven Hill,23.2905625,85.53468749999999,4.1,"park, point_of_interest, establishment",hills,Jharkhand,Winter,Khunti,193
KulGuru Hill,23.2365109,85.2198918,4.2,"tourist_attraction, point_of_interest, establishment",hills,Jharkhand,Winter,Khunti,22
Trippy Hill,23.3230711,85.4799487,5,"tourist_attraction, point_of_interest, establishment",hills,Jharkhand,Winter,Khunti,6
Huringdag Hill,23.2187141,85.2595382,4.4,"tourist_attraction, point_of_interest, establishment",hills,Jharkhand,Winter,Khunti,24
Moga Hill,23.2664834,85.28160779999999,4.1,"tourist_attraction, point_of_interest, establishment",hills,Jharkhand,Winter,Khunti,18
Jiling sereng hill,22.8143494,85.14404359999999,4.3,"tourist_attraction, point_of_interest, establishment",hills,Jharkhand,Winter,Khunti,48
Bundu Hill ranchi,23.2046615,85.51064459999999,4.6,"tourist_attraction, point_of_interest, establishment",hills,Jharkhand,Winter,Khunti,9
Thurka toli sunset point(MOGA HILL),23.2662286,85.2796843,4,"park, point_of_interest, establishment",hills,Jharkhand,Winter,Khunti,10
Horap Hills,23.3255214,85.4632893,5,"park, point_of_interest, establishment",hills,Jharkhand,Winter,Khunti,2
Hill view jaratoli,23.33083,85.435014,4,"park, point_of_interest, establishment",hills,Jharkhand,Winter,Khunti,1
"Harihar Hill, Jamtoli",23.274039,85.02812630000001,4.1,"tourist_attraction, point_of_interest, establishment",hills,Jharkhand,Winter,Khunti,8
Kiski Hill Road,23.2169353,85.3438585,4.8,"park, point_of_interest, establishment",hills,Jharkhand,Winter,Khunti,4
Hollywood Hill Ranchi,23.278518,85.23158459999999,5,"park, point_of_interest, establishment",hills,Jharkhand,Winter,Khunti,3
39 hill,23.2442136,85.36106850000002,5,"park, point_of_interest, establishment",hills,Jharkhand,Winter,Khunti,2
Khaladi Hill Top View,23.1978086,85.33886960000001,4,"tourist_attraction, point_of_interest, establishment",hills,Jharkhand,Winter,Khunti,6
ଜଗନ୍ନାଥ ପର୍ବତ..Jagannath hill,23.316534,85.2828687,4.1,"tourist_attraction, point_of_interest, establishment",hills,Jharkhand,Winter,Khunti,10
Taimara hill,23.2027528,85.51044139999999,5,"museum, point_of_interest, establishment",hills,Jharkhand,Winter,Khunti,2
BIANG HILL (चोके टुंगरी),23.210202,85.41078360000002,4,"tourist_attraction, point_of_interest, establishment",hills,Jharkhand,Winter,Khunti,1
Choudhary Complex Hill Chowk Torpa,22.9353043,85.09595689999999,3.7,"shopping_mall, point_of_interest, establishment",hills,Jharkhand,Winter,Khunti,223
Hill Top Traders,23.2831296,85.33078619999999,5,"hardware_store, store, point_of_interest, establishment",hills,Jharkhand,Winter,Khunti,5
Hilltop,23.3346287,85.2370724,4.5,"park, point_of_interest, establishment",hills,Jharkhand,Winter,Khunti,4
Last dharamtoli Hill sd k ray,23.3440997,85.309562,5,"park, point_of_interest, establishment",hills,Jharkhand,Winter,Khunti,1
cloud hill (kochro),23.2266181,85.4063493,5,"park, point_of_interest, establishment",hills,Jharkhand,Winter,Khunti,1
Garsul hill,23.2128735,85.2438855,0,"park, point_of_interest, establishment",hills,Jharkhand,Winter,Khunti,0
Tangra Toli Club Hill,23.3456962,85.2705972,0,"point_of_interest, establishment",hills,Jharkhand,Winter,Khunti,0
Mayur hill,23.2241141,85.3402157,0,"park, point_of_interest, establishment",hills,Jharkhand,Winter,Khunti,0
Bhurkunda Hill,23.211545,85.551243,0,"park, point_of_interest, establishment",hills,Jharkhand,Winter,Khunti,0
Singhpur hill,23.2712086,85.2230744,5,"park, point_of_interest, establishment",hills,Jharkhand,Winter,Khunti,1
High Positive hill,23.19802,85.504029,0,"tourist_attraction, point_of_interest, establishment",hills,Jharkhand,Winter,Khunti,0
Hills and lake,23.3150235,85.4175696,3.8,"park, point_of_interest, establishment",hills,Jharkhand,Winter,Khunti,5
Khedan Hill,22.8142839,85.1440413,0,"park, point_of_interest, establishment",hills,Jharkhand,Winter,Khunti,0
Hill limited charminar depot,23.2642081,85.40421049999999,0,"storage, point_of_interest, establishment",hills,Jharkhand,Winter,Khunti,0
Mystic Hill Garden Restaurant,23.248754,85.45728199999999,5,"restaurant, food, point_of_interest, establishment",hills,Jharkhand,Winter,Khunti,3
कुटम पहाड़,23.2905368,85.5292266,5,"tourist_attraction, point_of_interest, establishment",hills,Jharkhand,Winter,Khunti,1
Morya Hill Resort,23.3240661,85.38208639999999,0,"lodging, point_of_interest, establishment",hills,Jharkhand,Winter,Khunti,0
Dombari Buru,23.0403903,85.41212,4.4,"tourist_attraction, point_of_interest, establishment",hills,Jharkhand,Winter,Khunti,238
Shweta medical hall hill chowk torpa,22.936533,85.096188,5,"pharmacy, health, store, point_of_interest, establishment",hills,Jharkhand,Winter,Khunti,1
Basant Footwear maa puja bhandar hill chowk Torpa,22.9354129,85.09487080000001,0,"shoe_store, store, point_of_interest, establishment",hills,Jharkhand,Winter,Khunti,0
Horab Jungle,23.3346,85.463447,4.2,"park, point_of_interest, establishment",hills,Jharkhand,Winter,Khunti,498
barkumba Khadan,23.3433508,85.4411623,4.3,"park, point_of_interest, establishment",hills,Jharkhand,Winter,Khunti,23
Latratu Dam,23.2239961,85.0740866,4.2,"tourist_attraction, point_of_interest, establishment",hills,Jharkhand,Winter,Khunti,569
Horhap View Point,23.3214205,85.4815004,4.5,"tourist_attraction, point_of_interest, establishment",hills,Jharkhand,Winter,Khunti,36
Marsilli Pahad Ranchi Namkum,23.3070865,85.4373335,4.5,"tourist_attraction, hindu_temple, place_of_worship, point_of_interest, establishment",hills,Jharkhand,Winter,Khunti,1519
Symone condos society tabor hill road borya ranchi,23.3440997,85.309562,0,"point_of_interest, establishment",hills,Jharkhand,Winter,Khunti,0
Huringdag Mini Fall (Point 1),23.2226271,85.2586477,4.6,"tourist_attraction, point_of_interest, establishment",hills,Jharkhand,Winter,Khunti,5
Bello Point,23.3254636,85.47726279999999,4.4,"park, point_of_interest, establishment",hills,Jharkhand,Winter,Khunti,8
Dassam Falls,23.1462515,85.4672203,4.4,"tourist_attraction, point_of_interest, establishment",attraction,Jharkhand,All Seasons,Khunti,13623
Hirni Water Falls,22.8076278,85.3645205,4.3,"tourist_attraction, point_of_interest, establishment",attraction,Jharkhand,All Seasons,Khunti,1535
Rani Fall,23.0198779,85.3800807,4.1,"tourist_attraction, point_of_interest, establishment",attraction,Jharkhand,All Seasons,Khunti,690
Horap Jungle View Point,23.3229522,85.479648,4.6,"tourist_attraction, point_of_interest, establishment",attraction,Jharkhand,All Seasons,Khunti,169
Sarna fall,23.3406219,85.26434929999999,3.2,"tourist_attraction, point_of_interest, establishment",attraction,Jharkhand,All Seasons,Khunti,69
Dhurwa Dam,23.292435,85.2589083,4.4,"tourist_attraction, point_of_interest, establishment",attraction,Jharkhand,All Seasons,Khunti,2106
Remix fall,23.1306367,85.4749971,4.3,"tourist_attraction, park, point_of_interest, establishment",attraction,Jharkhand,All Seasons,Khunti,2404
Hatia Dam,23.3013034,85.2684773,4.4,"tourist_attraction, point_of_interest, establishment",attraction,Jharkhand,All Seasons,Khunti,168
Perwaghagh Waterfall,22.8353873,85.1637626,4.4,"tourist_attraction, point_of_interest, establishment",attraction,Jharkhand,All Seasons,Khunti,594
Marsilli Pahad Ranchi Namkum,23.3070865,85.4373335,4.5,"tourist_attraction, hindu_temple, place_of_worship, point_of_interest, establishment",attraction,Jharkhand,All Seasons,Khunti,1519
Panchghagh Falls,22.9453777,85.25660789999999,4.2,"tourist_attraction, park, point_of_interest, establishment",attraction,Jharkhand,All Seasons,Khunti,2760
KUCHANG,23.3078003,85.3757466,4.3,"tourist_attraction, point_of_interest, establishment",attraction,Jharkhand,All Seasons,Khunti,53
Perwaghagh Falls Fatka,22.8352353,85.1646792,4.5,"tourist_attraction, point_of_interest, establishment",attraction,Jharkhand,All Seasons,Khunti,753
Dassam Falls Top View Point,23.1408437,85.4661538,4.6,"tourist_attraction, point_of_interest, establishment",attraction,Jharkhand,All Seasons,Khunti,1000
Marasilli View Point,23.3079539,85.43882909999999,4.6,"tourist_attraction, point_of_interest, establishment",attraction,Jharkhand,All Seasons,Khunti,34
Moga Hill,23.2664834,85.28160779999999,4.1,"tourist_attraction, point_of_interest, establishment",attraction,Jharkhand,All Seasons,Khunti,18
Sanatorium Lake,23.24357,85.31868329999999,4.3,"tourist_attraction, point_of_interest, establishment",attraction,Jharkhand,All Seasons,Khunti,151
Jiling sereng hill,22.8143494,85.14404359999999,4.3,"tourist_attraction, point_of_interest, establishment",attraction,Jharkhand,All Seasons,Khunti,48
Black pond,23.2680604,85.3232068,3.5,"tourist_attraction, point_of_interest, establishment",attraction,Jharkhand,All Seasons,Khunti,10
Exploring Tourist attraction point,23.0729617,85.1930965,0,"tourist_attraction, point_of_interest, establishment",attraction,Jharkhand,All Seasons,Khunti,0
Dombari Buru,23.0403903,85.41212,4.4,"tourist_attraction, point_of_interest, establishment",attraction,Jharkhand,All Seasons,Khunti,238
Little eye view,23.1977664,85.33886989999999,3.7,"tourist_attraction, point_of_interest, establishment",attraction,Jharkhand,All Seasons,Khunti,6
Latratu Dam,23.2239961,85.0740866,4.2,"tourist_attraction, point_of_interest, establishment",attraction,Jharkhand,All Seasons,Khunti,569
Khaladi Hill Top View,23.1978086,85.33886960000001,4,"tourist_attraction, point_of_interest, establishment",attraction,Jharkhand,All Seasons,Khunti,6
Karo River,22.9230386,85.0580544,4,"tourist_attraction, point_of_interest, establishment",attraction,Jharkhand,All Seasons,Khunti,4
Huringdag Hill,23.2187141,85.2595382,4.4,"tourist_attraction, point_of_interest, establishment",attraction,Jharkhand,All Seasons,Khunti,24
Dasham Falls Selfie Point,23.140758,85.4668978,4.6,"tourist_attraction, point_of_interest, establishment",attraction,Jharkhand,All Seasons,Khunti,99
Kaada paanj,23.3289379,85.42768459999999,4.2,"tourist_attraction, point_of_interest, establishment",attraction,Jharkhand,All Seasons,Khunti,6
Pandu Puding,22.8319849,85.1573568,3.8,"tourist_attraction, point_of_interest, establishment",attraction,Jharkhand,All Seasons,Khunti,20
Mahilong lower water fall,23.3460458,85.4518667,4.4,"tourist_attraction, point_of_interest, establishment",attraction,Jharkhand,All Seasons,Khunti,10
Huringdag Mini Fall (Point 1),23.2226271,85.2586477,4.6,"tourist_attraction, point_of_interest, establishment",attraction,Jharkhand,All Seasons,Khunti,5
Kiski Hill,23.2388396,85.32904769999999,4.2,"tourist_attraction, point_of_interest, establishment",attraction,Jharkhand,All Seasons,Khunti,17
Topi Waterfall,23.3292565,85.4705681,4.4,"tourist_attraction, point_of_interest, establishment",attraction,Jharkhand,All Seasons,Khunti,16
Rath yatra mela,23.3180664,85.2881493,4.5,"tourist_attraction, point_of_interest, establishment",attraction,Jharkhand,All Seasons,Khunti,73
Black Pond,23.2368159,85.3100137,4.7,"tourist_attraction, point_of_interest, establishment",attraction,Jharkhand,All Seasons,Khunti,7
Buland Darwaza Mazar Shareef,23.3407397,85.3283424,4.2,"tourist_attraction, point_of_interest, establishment",attraction,Jharkhand,All Seasons,Khunti,15
Horhap View Point,23.3214205,85.4815004,4.5,"tourist_attraction, point_of_interest, establishment",attraction,Jharkhand,All Seasons,Khunti,36
Rocky river,23.337285,85.54848899999999,5,"tourist_attraction, point_of_interest, establishment",attraction,Jharkhand,All Seasons,Khunti,2
Dhurwa Dam Gate,23.280855,85.2603867,4.4,"tourist_attraction, point_of_interest, establishment",attraction,Jharkhand,All Seasons,Khunti,164
Jipnis Valley,23.3199765,85.470907,4.6,"tourist_attraction, point_of_interest, establishment",attraction,Jharkhand,All Seasons,Khunti,10
Kutam buru hill,23.2906055,85.5348472,4.4,"tourist_attraction, point_of_interest, establishment",attraction,Jharkhand,All Seasons,Khunti,195
कुटम पहाड़,23.2905368,85.5292266,5,"tourist_attraction, point_of_interest, establishment",attraction,Jharkhand,All Seasons,Khunti,1
Badani Valley,22.8899254,85.57268549999999,3.4,"tourist_attraction, point_of_interest, establishment",attraction,Jharkhand,All Seasons,Khunti,5
"Chotanagpur Aadivasi SARNA PUJA STHAL, MAUJA KUTE,,RANCHI-4",23.3226616,85.2654257,5,"tourist_attraction, point_of_interest, establishment",attraction,Jharkhand,All Seasons,Khunti,2
Churu fall,23.0351875,85.5558125,4,"tourist_attraction, point_of_interest, establishment",attraction,Jharkhand,All Seasons,Khunti,5
"ORAON CHOWK , HESAG RANCHI",23.2969757,85.3153691,4.3,"tourist_attraction, point_of_interest, establishment",attraction,Jharkhand,All Seasons,Khunti,44
Remta Lake,23.1733374,85.3862951,3.9,"tourist_attraction, point_of_interest, establishment",attraction,Jharkhand,All Seasons,Khunti,251
Basargarh talab,23.2784358,85.31086959999999,4.3,"tourist_attraction, point_of_interest, establishment",attraction,Jharkhand,All Seasons,Khunti,7
Dhurwa Dam Sunset Point,23.2766707,85.2583772,4.5,"tourist_attraction, point_of_interest, establishment",attraction,Jharkhand,All Seasons,Khunti,78
Arial waterfall,23.0607462,85.487247,4,"tourist_attraction, point_of_interest, establishment",attraction,Jharkhand,All Seasons,Khunti,2
Mahamai Tour And Travels,23.3335682,85.2811797,5,"tourist_attraction, point_of_interest, establishment",attraction,Jharkhand,All Seasons,Khunti,21
Bhut Pahad,23.0813023,85.351714,3.7,"tourist_attraction, point_of_interest, establishment",attraction,Jharkhand,All Seasons,Khunti,3
Torpa Tungri,22.9206451,85.09851619999999,4.2,"tourist_attraction, point_of_interest, establishment",attraction,Jharkhand,All Seasons,Khunti,21
Anidih picnic spot,23.1782686,85.3439135,4.1,"tourist_attraction, point_of_interest, establishment",attraction,Jharkhand,All Seasons,Khunti,11
Lawaghagh. Water Falls Fatka,22.8430735,85.17280660000002,3.3,"tourist_attraction, point_of_interest, establishment",attraction,Jharkhand,All Seasons,Khunti,3
Sun Temple Waterfall,23.1800775,85.5509592,1,"tourist_attraction, point_of_interest, establishment",attraction,Jharkhand,All Seasons,Khunti,1
Hardag Pond,23.222099,85.295998,4.3,"tourist_attraction, point_of_interest, establishment",attraction,Jharkhand,All Seasons,Khunti,12
Chandni Fall,23.18028,85.5564809,5,"tourist_attraction, point_of_interest, establishment",attraction,Jharkhand,All Seasons,Khunti,10
Hahap jungle,23.2266166,85.4220809,4,"tourist_attraction, point_of_interest, establishment",attraction,Jharkhand,All Seasons,Khunti,3
Birta cave,22.9010219,85.0846431,4.8,"tourist_attraction, point_of_interest, establishment",attraction,Jharkhand,All Seasons,Khunti,4
Maharshi Kardam Park Koderma,24.455688,85.58025099999999,4,"park, point_of_interest, establishment",parks,Jharkhand,Spring,Koderma,184
City Park,24.43887,85.53434360000001,3.7,"park, point_of_interest, establishment",parks,Jharkhand,Spring,Koderma,532
Telaiya Park,24.4387006,85.5344174,3.7,"park, point_of_interest, establishment",parks,Jharkhand,Spring,Koderma,158
APJ Abdul Kalam City Park,24.3025197,85.418678,3.7,"park, point_of_interest, establishment",parks,Jharkhand,Spring,Koderma,104
Dr Rambadan singh park,24.6678964,85.4978862,4.7,"park, point_of_interest, establishment",parks,Jharkhand,Spring,Koderma,19
chachro Park,24.3126879,85.4896479,4.4,"park, point_of_interest, establishment",parks,Jharkhand,Spring,Koderma,21
City Park,24.4333,85.5167,3.8,"park, point_of_interest, establishment",parks,Jharkhand,Spring,Koderma,46
SANTOSH YADAV NATURE PARK,24.3035766,85.8446122,5,"park, point_of_interest, establishment",parks,Jharkhand,Spring,Koderma,1
Kandrapdih Pocket Park,24.3927248,85.5808615,3,"park, point_of_interest, establishment",parks,Jharkhand,Spring,Koderma,1
Block Talaab and Manoranjan park,24.4388737,85.533614,3,"park, point_of_interest, establishment",parks,Jharkhand,Spring,Koderma,5
Mahaveer Udyaan,24.4297581,85.5388601,3.8,"park, point_of_interest, establishment",parks,Jharkhand,Spring,Koderma,108
Children Park,24.4388679,85.5344009,3.6,"park, point_of_interest, establishment",parks,Jharkhand,Spring,Koderma,253
Bukhari park,24.6502249,85.79411189999999,4.1,"park, point_of_interest, establishment",parks,Jharkhand,Spring,Koderma,11
DVC Park,24.3275993,85.5186118,4.3,"park, point_of_interest, establishment",parks,Jharkhand,Spring,Koderma,11
People's Park,24.456534,85.5481372,3.8,"park, point_of_interest, establishment",parks,Jharkhand,Spring,Koderma,4
jharkhand forest department,24.4820179,85.5990224,4.1,"park, point_of_interest, establishment",parks,Jharkhand,Spring,Koderma,26
DVC GARDEN,24.3252334,85.51723609999999,4.4,"park, point_of_interest, establishment",parks,Jharkhand,Spring,Koderma,12
Deer park,24.325095,85.5146944,4.6,"park, point_of_interest, establishment",parks,Jharkhand,Spring,Koderma,8
Mango garden,24.4975201,85.71926649999999,4.3,"park, point_of_interest, establishment",parks,Jharkhand,Spring,Koderma,3
Oxygen Park (KTPS),24.3919342,85.5492091,5,"park, point_of_interest, establishment",parks,Jharkhand,Spring,Koderma,7
Apna adda apna park,24.4330974,85.53836849999999,5,"park, point_of_interest, establishment",parks,Jharkhand,Spring,Koderma,1
Dibour Waterfall,24.5913723,85.5694816,3.1,"tourist_attraction, park, point_of_interest, establishment",parks,Jharkhand,Spring,Koderma,18
MANGO PARK,24.6310176,85.80764549999999,4.1,"park, point_of_interest, establishment",parks,Jharkhand,Spring,Koderma,7
Parshuram Park & Play Ground,24.5772434,85.6661168,4.5,"park, point_of_interest, establishment",parks,Jharkhand,Spring,Koderma,2
Veer Kuwar Singh Chauk Park,24.4323781,85.5319524,4,"park, point_of_interest, establishment",parks,Jharkhand,Spring,Koderma,4
Baba ka bargad,24.2204619,85.71024369999999,0,"park, point_of_interest, establishment",parks,Jharkhand,Spring,Koderma,0
I LOVE JHUMARI TILAIYA PARK,24.4369446,85.53638579999999,5,"park, point_of_interest, establishment",parks,Jharkhand,Spring,Koderma,2
Paar Tilla,24.3795505,85.64442609999999,4.8,"park, point_of_interest, establishment",parks,Jharkhand,Spring,Koderma,4
Vikash land,24.368024,85.39255399999999,0,"park, point_of_interest, establishment",parks,Jharkhand,Spring,Koderma,0
Singardih mango park,24.3800626,85.5382204,4.1,"park, point_of_interest, establishment",parks,Jharkhand,Spring,Koderma,9
Deepak Roy,24.3046073,85.5055897,5,"park, point_of_interest, establishment",parks,Jharkhand,Spring,Koderma,1
Chaturbhuj park,24.4140189,85.8782538,4,"park, point_of_interest, establishment",parks,Jharkhand,Spring,Koderma,4
BABA SAHEB B R AMBEDKAR CHOWK,24.3055762,85.4176135,4.8,"park, point_of_interest, establishment",parks,Jharkhand,Spring,Koderma,4
Barsot ground,24.2326543,85.5066592,5,"park, point_of_interest, establishment",parks,Jharkhand,Spring,Koderma,3
MOHAR MAHTO TALAB,24.2310843,85.62441489999999,5,"park, point_of_interest, establishment",parks,Jharkhand,Spring,Koderma,3
National park,24.6500452,85.7942688,5,"park, point_of_interest, establishment",parks,Jharkhand,Spring,Koderma,1
Neta jee subhash chandr bos park laund,24.7058574,85.4098791,3.7,"park, point_of_interest, establishment",parks,Jharkhand,Spring,Koderma,6
Lalan mistri park manjhila,24.7293078,85.3131391,3,"park, point_of_interest, establishment",parks,Jharkhand,Spring,Koderma,9
Baghitand Talab,24.4843182,85.60099749999999,3,"park, point_of_interest, establishment",parks,Jharkhand,Spring,Koderma,2
I Love Padma,24.2037133,85.35701329999999,4.3,"park, point_of_interest, establishment",parks,Jharkhand,Spring,Koderma,6
jageshwar Saw,24.2515125,85.47348439999999,5,"park, point_of_interest, establishment",parks,Jharkhand,Spring,Koderma,2
Bahadur Bhavan Yadav ji Gadar,24.629206,85.8639399,4.3,"park, point_of_interest, establishment",parks,Jharkhand,Spring,Koderma,6
Ghanghri,24.205375,85.53924359999999,4.2,"park, point_of_interest, establishment",parks,Jharkhand,Spring,Koderma,36
Vrindavan,24.4644728,85.5615174,5,"park, point_of_interest, establishment",parks,Jharkhand,Spring,Koderma,4
"Babu Lal Mehta ,Mango Garden",24.4965902,85.7230718,4,"park, point_of_interest, establishment",parks,Jharkhand,Spring,Koderma,4
Bhathiya Chateniya,24.594353,85.563278,0,"park, point_of_interest, establishment",parks,Jharkhand,Spring,Koderma,0
Ajay Kumar das,24.3986872,85.59240989999999,5,"park, point_of_interest, establishment",parks,Jharkhand,Spring,Koderma,1
दशरथ तिवारी,24.3071184,85.8335487,5,"park, point_of_interest, establishment",parks,Jharkhand,Spring,Koderma,1
Janakdeo Sir's Home,24.3039885,85.7425102,0,"park, point_of_interest, establishment",parks,Jharkhand,Spring,Koderma,0
Shringrishi parvat,24.5916719,85.5089629,5,"park, point_of_interest, establishment",parks,Jharkhand,Spring,Koderma,1
Karno dam,24.453258,85.76890279999999,4.7,"park, point_of_interest, establishment",parks,Jharkhand,Spring,Koderma,3
Aam bagan,24.7147321,85.4126829,5,"park, point_of_interest, establishment",parks,Jharkhand,Spring,Koderma,2
Pintu Kumar das,24.2668429,85.603679,5,"park, point_of_interest, establishment",parks,Jharkhand,Spring,Koderma,4
Budhidih,24.2721495,85.47960139999999,5,"park, point_of_interest, establishment",parks,Jharkhand,Spring,Koderma,2
PAVITRA -SANTOSH PARK,24.2139071,85.32030270000001,0,"park, point_of_interest, establishment",parks,Jharkhand,Spring,Koderma,0
Aam Bagwani Subodh Mahto,24.3158533,85.3188727,5,"park, point_of_interest, establishment",parks,Jharkhand,Spring,Koderma,3
Bagiya,24.4801477,85.704852,3.5,"park, point_of_interest, establishment",parks,Jharkhand,Spring,Koderma,4
Suriya khurd forest,24.2044518,85.86684,5,"park, point_of_interest, establishment",parks,Jharkhand,Spring,Koderma,2
Akhtar park,24.6502324,85.7941094,0,"park, point_of_interest, establishment",parks,Jharkhand,Spring,Koderma,0
Jhumri tilaiya park,24.469475,85.5948133,0,"park, point_of_interest, establishment",parks,Jharkhand,Spring,Koderma,0
MASKEDIH KABRISTAN,24.2605121,85.79255719999999,4.4,"museum, point_of_interest, establishment",museum,Jharkhand,Winter,Koderma,25
Masjid Bhatbigha,24.6922359,85.39388339999999,4.2,"museum, point_of_interest, establishment",museum,Jharkhand,Winter,Koderma,31
Railway Phatak Tilokari,24.3332421,85.6941583,3.8,"museum, point_of_interest, establishment",museum,Jharkhand,Winter,Koderma,33
Ambedkar Chowk Gouriya Karma,24.281267,85.34713409999999,4.1,"museum, point_of_interest, establishment",museum,Jharkhand,Winter,Koderma,14
Manodih devi mandap,24.4187375,85.87170309999999,4.3,"museum, point_of_interest, establishment",museum,Jharkhand,Winter,Koderma,11
Majnu chowk,24.4746668,85.6013959,4,"museum, point_of_interest, establishment",museum,Jharkhand,Winter,Koderma,1
Hathgadda Kabristan,24.3031088,85.6067022,3.6,"museum, point_of_interest, establishment",museum,Jharkhand,Winter,Koderma,23
Bakrid Islamic,24.3849253,85.3477379,4.2,"museum, point_of_interest, establishment",museum,Jharkhand,Winter,Koderma,18
Hathgada karbala,24.303576,85.6085768,0,"museum, point_of_interest, establishment",museum,Jharkhand,Winter,Koderma,0
Tara pur,24.425004,85.36391789999999,0,"museum, point_of_interest, establishment",museum,Jharkhand,Winter,Koderma,0
Chandan kumar,24.3528666,85.8869978,0,"museum, point_of_interest, establishment",museum,Jharkhand,Winter,Koderma,0
Pani Tanki,24.3152104,85.8027271,0,"museum, point_of_interest, establishment",museum,Jharkhand,Winter,Koderma,0
REHAN Palace,24.4438942,85.5490228,4.7,"museum, point_of_interest, establishment",museum,Jharkhand,Winter,Koderma,3
Jhumri Talya Asram,24.4676798,85.5933249,5,"museum, point_of_interest, establishment",museum,Jharkhand,Winter,Koderma,1
Old house,24.6069024,85.68188119999999,5,"museum, point_of_interest, establishment",museum,Jharkhand,Winter,Koderma,1
Sunny House,24.4419307,85.8659843,5,"museum, point_of_interest, establishment",museum,Jharkhand,Winter,Koderma,1
Dr.BR.Ambedkar statue,24.4311341,85.5171472,0,"museum, point_of_interest, establishment",museum,Jharkhand,Winter,Koderma,0
Dongodih SAHU AREA,24.4234175,85.8115878,0,"museum, point_of_interest, establishment",museum,Jharkhand,Winter,Koderma,0
Chabutra,24.4863714,85.70124419999999,0,"museum, point_of_interest, establishment",museum,Jharkhand,Winter,Koderma,0
Pawan Singh,24.2994628,85.40412839999999,0,"museum, point_of_interest, establishment",museum,Jharkhand,Winter,Koderma,0
Adar Padma Hazaribagh Jharkhand,24.2073652,85.3627987,4,"museum, point_of_interest, establishment",museum,Jharkhand,Winter,Koderma,2
Dr.Br. Ambedkar statue (Gauria karma ),24.2812337,85.3470807,5,"museum, point_of_interest, establishment",museum,Jharkhand,Winter,Koderma,3
Chhatradhari Yadav Bhawan,24.4368923,85.3730729,5,"museum, point_of_interest, establishment",museum,Jharkhand,Winter,Koderma,2
RAJESH BOSS,24.4512375,85.73918259999999,4,"museum, point_of_interest, establishment",museum,Jharkhand,Winter,Koderma,3
Ashok Pan,24.2115252,85.6306448,5,"museum, point_of_interest, establishment",museum,Jharkhand,Winter,Koderma,1
Sanaullah..,24.3583933,85.7389422,0,"museum, point_of_interest, establishment",museum,Jharkhand,Winter,Koderma,0
Karan saw,24.3788803,85.6715768,0,"museum, point_of_interest, establishment",museum,Jharkhand,Winter,Koderma,0
NRJ,24.4777703,85.6581484,0,"museum, point_of_interest, establishment",museum,Jharkhand,Winter,Koderma,0
Electric vivek,24.3513736,85.33962969999999,0,"museum, point_of_interest, establishment",museum,Jharkhand,Winter,Koderma,0
Thekahi waterfall Bihar,24.6132082,85.4439565,4.9,"tourist_attraction, point_of_interest, establishment",waterfalls,Jharkhand,Monsoon,Koderma,10
Hod-Hodwa Waterfall,24.4835701,85.8498465,4.2,"tourist_attraction, point_of_interest, establishment",waterfalls,Jharkhand,Monsoon,Koderma,68
Kakolat Waterfall,24.6995846,85.6286028,4.3,"tourist_attraction, point_of_interest, establishment",waterfalls,Jharkhand,Monsoon,Koderma,1654
Brindaha Water Fall,24.5083291,85.5074702,4.3,"tourist_attraction, point_of_interest, establishment",waterfalls,Jharkhand,Monsoon,Koderma,356
Kataia Waterfall,24.7326893,85.72323349999999,4.2,"tourist_attraction, point_of_interest, establishment",waterfalls,Jharkhand,Monsoon,Koderma,17
Bangaikalan waterfalls,24.4614375,85.6690625,3.5,"tourist_attraction, point_of_interest, establishment",waterfalls,Jharkhand,Monsoon,Koderma,6
Hod-Hodwa Waterfall (होद-होदवा जलप्रपात),24.4558202,85.82806230000001,4.2,"tourist_attraction, point_of_interest, establishment",waterfalls,Jharkhand,Monsoon,Koderma,10
Dibour Waterfall,24.5913723,85.5694816,3.1,"tourist_attraction, park, point_of_interest, establishment",waterfalls,Jharkhand,Monsoon,Koderma,18
Manbhagwa Waterfall,24.7006495,85.6245072,5,"tourist_attraction, point_of_interest, establishment",waterfalls,Jharkhand,Monsoon,Koderma,3
Kakolat Falls,24.6995611,85.6285678,4.2,"natural_feature, establishment",waterfalls,Jharkhand,Monsoon,Koderma,2954
Dhobghat waterfall,24.6315527,85.69718859999999,5,"tourist_attraction, point_of_interest, establishment",waterfalls,Jharkhand,Monsoon,Koderma,4
Piprahi laskari waterfall,24.4405445,85.4373938,3,"tourist_attraction, point_of_interest, establishment",waterfalls,Jharkhand,Monsoon,Koderma,10
Petro Waterfall,24.708475,85.7419674,4.4,"travel_agency, point_of_interest, establishment",waterfalls,Jharkhand,Monsoon,Koderma,96
Kolwa Waterfall कोलवा जलप्रपात,24.727286,85.7017238,4.7,"tourist_attraction, point_of_interest, establishment",waterfalls,Jharkhand,Monsoon,Koderma,10
Hadahadwa Waterfall,24.2058545,85.7793037,5,"tourist_attraction, point_of_interest, establishment",waterfalls,Jharkhand,Monsoon,Koderma,1
Satkhatiya waterfall,24.5420989,85.43231639999999,2,"tourist_attraction, point_of_interest, establishment",waterfalls,Jharkhand,Monsoon,Koderma,5
Koderma Dangra pahad waterfall,24.4661758,85.5812495,4,"tourist_attraction, point_of_interest, establishment",waterfalls,Jharkhand,Monsoon,Koderma,1
Kakolat jalprapat,24.6997235,85.62840299999999,4.3,"tourist_attraction, point_of_interest, establishment",waterfalls,Jharkhand,Monsoon,Koderma,7
Paar Tilla,24.3795505,85.64442609999999,4.8,"park, point_of_interest, establishment",beaches,Jharkhand,Summer,Koderma,4
Dj Akash Amawan Nawada,24.6957396,85.48584559999999,2.6,"lodging, point_of_interest, establishment",beaches,Jharkhand,Summer,Koderma,5
1 India Family Mart,24.4381806,85.5388782,3.5,"department_store, shopping_mall, clothing_store, store, point_of_interest, establishment",beaches,Jharkhand,Summer,Koderma,314
Jiblal yadav,24.2081721,85.6152498,5,"zoo, point_of_interest, establishment",zoo,Jharkhand,Winter,Koderma,2
Koderma Wildlife Sanctuary,24.541588,85.5589056,3.8,"zoo, park, point_of_interest, establishment",zoo,Jharkhand,Winter,Koderma,20
Durga mandir Grahauni ग्रहौनी,24.6945668,85.36794809999999,5,"hindu_temple, place_of_worship, point_of_interest, establishment",zoo,Jharkhand,Winter,Koderma,5
temple,24.4397806,85.54283579999999,0,"hindu_temple, place_of_worship, point_of_interest, establishment",temples,Jharkhand,All Seasons,Koderma,0
Temple,24.4403965,85.5358299,4.8,"hindu_temple, place_of_worship, point_of_interest, establishment",temples,Jharkhand,All Seasons,Koderma,4
Temple,24.4668861,85.6079075,5,"hindu_temple, place_of_worship, point_of_interest, establishment",temples,Jharkhand,All Seasons,Koderma,1
Temple,24.3900383,85.8763863,0,"hindu_temple, place_of_worship, point_of_interest, establishment",temples,Jharkhand,All Seasons,Koderma,0
Temple,24.3655009,85.3885483,3,"hindu_temple, place_of_worship, point_of_interest, establishment",temples,Jharkhand,All Seasons,Koderma,3
Dilwa .Temple,24.5396895,85.41994369999999,4.8,"hindu_temple, place_of_worship, point_of_interest, establishment",temples,Jharkhand,All Seasons,Koderma,5
Temple,24.2138772,85.6159406,0,"hindu_temple, place_of_worship, point_of_interest, establishment",temples,Jharkhand,All Seasons,Koderma,0
Temple,24.6267696,85.31620660000002,0,"hindu_temple, place_of_worship, point_of_interest, establishment",temples,Jharkhand,All Seasons,Koderma,0
Temple of Peace,24.427487,85.5161033,5,"hindu_temple, place_of_worship, point_of_interest, establishment",temples,Jharkhand,All Seasons,Koderma,1
Hanuman temple,24.299221,85.4006386,3,"hindu_temple, place_of_worship, point_of_interest, establishment",temples,Jharkhand,All Seasons,Koderma,2
Koderma Sun Temple,24.469241,85.5905349,4.4,"hindu_temple, place_of_worship, point_of_interest, establishment",temples,Jharkhand,All Seasons,Koderma,18
Temple,24.4714052,85.7125583,5,"hindu_temple, place_of_worship, point_of_interest, establishment",temples,Jharkhand,All Seasons,Koderma,2
Hanuman temple,24.347489,85.56497739999999,4.5,"hindu_temple, place_of_worship, point_of_interest, establishment",temples,Jharkhand,All Seasons,Koderma,2
hanuman temple,24.232715,85.84324819999999,0,"hindu_temple, place_of_worship, point_of_interest, establishment",temples,Jharkhand,All Seasons,Koderma,0
Temple,24.2226327,85.6967739,5,"hindu_temple, place_of_worship, point_of_interest, establishment",temples,Jharkhand,All Seasons,Koderma,1
Radha Krishna Temple,24.4327829,85.5223693,3.7,"hindu_temple, place_of_worship, point_of_interest, establishment",temples,Jharkhand,All Seasons,Koderma,6
Mahadevi Temple Chalkusha,24.4356956,85.5270918,5,"hindu_temple, place_of_worship, point_of_interest, establishment",temples,Jharkhand,All Seasons,Koderma,2
Temple,24.3662702,85.8177625,0,"hindu_temple, place_of_worship, point_of_interest, establishment",temples,Jharkhand,All Seasons,Koderma,0
Shree Ram Temple,24.3736332,85.5813725,0,"hindu_temple, place_of_worship, point_of_interest, establishment",temples,Jharkhand,All Seasons,Koderma,0
Shiv Mandir temple,24.3508621,85.3280096,5,"hindu_temple, place_of_worship, point_of_interest, establishment",temples,Jharkhand,All Seasons,Koderma,1
"Radha Krishna Temple, Jhumri",24.449095,85.561048,4.4,"hindu_temple, place_of_worship, point_of_interest, establishment",temples,Jharkhand,All Seasons,Koderma,51
PAHADI TEMPLE GAIPAHADI,24.2218914,85.5837683,4.5,"hindu_temple, place_of_worship, point_of_interest, establishment",temples,Jharkhand,All Seasons,Koderma,14
ISKCON TEMPLE GAIRA HAZARIBAGH JHARKHAND,24.245876,85.62989089999999,5,"hindu_temple, place_of_worship, point_of_interest, establishment",temples,Jharkhand,All Seasons,Koderma,5
Shiv and Hanuman Temple (Chatro),24.2527787,85.5352886,5,"hindu_temple, place_of_worship, point_of_interest, establishment",temples,Jharkhand,All Seasons,Koderma,2
Durguniya Temple (Durbiniya mandir),24.4162302,85.45605379999999,4.1,"hindu_temple, place_of_worship, point_of_interest, establishment",temples,Jharkhand,All Seasons,Koderma,13
Hanuman and Shiv Parvati Temple,24.4117642,85.6222365,5,"hindu_temple, place_of_worship, point_of_interest, establishment",temples,Jharkhand,All Seasons,Koderma,5
Shri vishwakarma temple,24.258509,85.6362753,5,"hindu_temple, place_of_worship, point_of_interest, establishment",temples,Jharkhand,All Seasons,Koderma,7
Lord Shiv Temple,24.279683,85.88815650000001,5,"hindu_temple, place_of_worship, point_of_interest, establishment",temples,Jharkhand,All Seasons,Koderma,1
Hanuman Temple,24.256211,85.6408149,4,"hindu_temple, place_of_worship, point_of_interest, establishment",temples,Jharkhand,All Seasons,Koderma,5
Bhagvati Temple,24.3064785,85.40259820000001,5,"hindu_temple, place_of_worship, point_of_interest, establishment",temples,Jharkhand,All Seasons,Koderma,2
Shri Harshiteshwar mahadev temple,24.4311909,85.5248601,5,"hindu_temple, place_of_worship, point_of_interest, establishment",temples,Jharkhand,All Seasons,Koderma,8
Surya Temple Barhi,24.2974913,85.4214294,4.2,"hindu_temple, place_of_worship, point_of_interest, establishment",temples,Jharkhand,All Seasons,Koderma,38
Durga temple,24.2607821,85.6387081,4.2,"hindu_temple, place_of_worship, point_of_interest, establishment",temples,Jharkhand,All Seasons,Koderma,9
Hanuman Temple,24.3900125,85.6971406,5,"hindu_temple, place_of_worship, point_of_interest, establishment",temples,Jharkhand,All Seasons,Koderma,8
Bajranbali Temple,24.420651,85.7007184,4,"hindu_temple, place_of_worship, point_of_interest, establishment",temples,Jharkhand,All Seasons,Koderma,1
hanuman Temple,24.2659253,85.6208154,5,"hindu_temple, place_of_worship, point_of_interest, establishment",temples,Jharkhand,All Seasons,Koderma,2
Hanuman Temple,24.332361,85.6925457,5,"hindu_temple, place_of_worship, point_of_interest, establishment",temples,Jharkhand,All Seasons,Koderma,4
panchmadhav kolanga.Shiv temple,24.2731993,85.45499459999999,5,"hindu_temple, place_of_worship, point_of_interest, establishment",temples,Jharkhand,All Seasons,Koderma,5
Lakshmi Narayan Temple,24.4326849,85.52243460000001,4.6,"hindu_temple, place_of_worship, point_of_interest, establishment",temples,Jharkhand,All Seasons,Koderma,23
Maskedih Temple durga chowk,24.2589091,85.7949658,4.1,"hindu_temple, place_of_worship, point_of_interest, establishment",temples,Jharkhand,All Seasons,Koderma,42
GRAHAUNI Temple ग्रहौनी शिव मंदिर,24.6933166,85.3686364,4.6,"hindu_temple, place_of_worship, point_of_interest, establishment",temples,Jharkhand,All Seasons,Koderma,22
SHREE HANUMAN TEMPLE,24.407987,85.8409456,0,"hindu_temple, place_of_worship, point_of_interest, establishment",temples,Jharkhand,All Seasons,Koderma,0
Kaleshwari Temple,24.2240754,85.51259859999999,4.8,"hindu_temple, place_of_worship, point_of_interest, establishment",temples,Jharkhand,All Seasons,Koderma,14
MAHUNGAI TEMPLE,24.3119803,85.3004395,5,"hindu_temple, place_of_worship, point_of_interest, establishment",temples,Jharkhand,All Seasons,Koderma,1
Panchmadhav Basaria Shiv Temple,24.2748906,85.4568975,3.8,"hindu_temple, place_of_worship, point_of_interest, establishment",temples,Jharkhand,All Seasons,Koderma,22
Temple,24.6853135,85.3402938,3.5,"place_of_worship, point_of_interest, establishment",temples,Jharkhand,All Seasons,Koderma,2
Shivala temple,24.6550615,85.4182874,3.9,"hindu_temple, tourist_attraction, place_of_worship, point_of_interest, establishment",temples,Jharkhand,All Seasons,Koderma,49
Bholenath Temple,24.3572701,85.71713179999999,4.7,"hindu_temple, place_of_worship, point_of_interest, establishment",temples,Jharkhand,All Seasons,Koderma,3
Gayatri Temple Barhi,24.3032503,85.4183843,4.8,"hindu_temple, place_of_worship, point_of_interest, establishment",temples,Jharkhand,All Seasons,Koderma,12
"Radha Krishn Temple, Brahmtoli",24.32531,85.8350323,4.3,"hindu_temple, place_of_worship, point_of_interest, establishment",temples,Jharkhand,All Seasons,Koderma,3
Vishwakarma Temple,24.2988098,85.4109922,5,"hindu_temple, place_of_worship, point_of_interest, establishment",temples,Jharkhand,All Seasons,Koderma,1
Parvati Temple,24.2192046,85.883867,5,"hindu_temple, place_of_worship, point_of_interest, establishment",temples,Jharkhand,All Seasons,Koderma,3
SHIV TEMPLE,24.3996053,85.8136562,4.4,"hindu_temple, place_of_worship, point_of_interest, establishment",temples,Jharkhand,All Seasons,Koderma,8
Lord Shiva temple,24.3770098,85.3867461,4,"hindu_temple, place_of_worship, point_of_interest, establishment",temples,Jharkhand,All Seasons,Koderma,1
Shiv Temple Nichitpur,24.2941782,85.3280984,4.6,"hindu_temple, place_of_worship, point_of_interest, establishment",temples,Jharkhand,All Seasons,Koderma,5
Shiv Parvati Temple,24.4205197,85.8289625,4.3,"hindu_temple, place_of_worship, point_of_interest, establishment",temples,Jharkhand,All Seasons,Koderma,4
Bajrang Bali Temple,24.3051665,85.4190223,4.4,"hindu_temple, place_of_worship, point_of_interest, establishment",temples,Jharkhand,All Seasons,Koderma,12
Sondedih Temple,24.3953802,85.60535340000001,5,"hindu_temple, place_of_worship, point_of_interest, establishment",temples,Jharkhand,All Seasons,Koderma,3
"Shiv Temple, Madhopur.",24.3062827,85.47983289999999,3.3,"hindu_temple, place_of_worship, point_of_interest, establishment",temples,Jharkhand,All Seasons,Koderma,15
"Lomash rishi temple,Lomash and Yajnavalkya Hillock",24.6567508,85.5233928,4.6,"place_of_worship, point_of_interest, establishment",temples,Jharkhand,All Seasons,Koderma,10
Green hill,24.4838225,85.6019629,4.2,"restaurant, food, point_of_interest, establishment",hills,Jharkhand,Winter,Koderma,151
The Hill Restaurant 🗻,24.3571774,85.4768421,4.8,"restaurant, food, point_of_interest, establishment",hills,Jharkhand,Winter,Koderma,21
The Dengra Hill,24.4655204,85.57363079999999,4.3,"tourist_attraction, park, point_of_interest, establishment",hills,Jharkhand,Winter,Koderma,27
Maa ko mara Hill,24.5735656,85.66091910000002,4,"hindu_temple, place_of_worship, point_of_interest, establishment",hills,Jharkhand,Winter,Koderma,4
Mahabar Baba Hill,24.695318,85.5700495,3.5,"hindu_temple, place_of_worship, point_of_interest, establishment",hills,Jharkhand,Winter,Koderma,12
རི་བོ་བྱ་རྐང་། Gurpa hill,24.5467564,85.3001039,4,"place_of_worship, point_of_interest, establishment",hills,Jharkhand,Winter,Koderma,6
Kaswa Cobra Hill,24.3205361,85.4308248,4.5,"natural_feature, establishment",hills,Jharkhand,Winter,Koderma,15
Ratan pur Small hill,24.5826869,85.5610758,5,"tourist_attraction, point_of_interest, establishment",hills,Jharkhand,Winter,Koderma,2
Gurpa Mountain,24.5468673,85.300234,4.3,"point_of_interest, establishment",hills,Jharkhand,Winter,Koderma,481
The Scenic Hill,24.3234215,85.3948954,0,"school, point_of_interest, establishment",hills,Jharkhand,Winter,Koderma,0
Mahaveer Hill 🗻,24.3203955,85.4436387,0,"point_of_interest, establishment",hills,Jharkhand,Winter,Koderma,0
Dharampur hill,24.3162657,85.3181053,0,"place_of_worship, point_of_interest, establishment",hills,Jharkhand,Winter,Koderma,0
Bihar hill,24.3445341,85.43276329999999,0,"hindu_temple, place_of_worship, point_of_interest, establishment",hills,Jharkhand,Winter,Koderma,0
"B R Ambedkar Tiger Hill Park , Urwan",24.338052,85.460371,0,"park, point_of_interest, establishment",hills,Jharkhand,Winter,Koderma,0
The mount hill convent school Sirdala Jhagribigha road nawada,24.6521106,85.4041304,5,"school, point_of_interest, establishment",hills,Jharkhand,Winter,Koderma,1
Belatanr Hills,24.7399324,85.8264851,5,"park, point_of_interest, establishment",hills,Jharkhand,Winter,Koderma,1
Jarra baba top hills,24.6494017,85.3859817,3.5,"hindu_temple, place_of_worship, point_of_interest, establishment",hills,Jharkhand,Winter,Koderma,2
Rajauli sangat,24.6426744,85.5006423,4.1,"point_of_interest, establishment",hills,Jharkhand,Winter,Koderma,617
Rajauli nawada,24.5939357,85.527874,4,"tourist_attraction, point_of_interest, establishment",hills,Jharkhand,Winter,Koderma,62
Mahakassapa Stup MOUNTAIN,24.5468518,85.3001998,4.7,"place_of_worship, point_of_interest, establishment",hills,Jharkhand,Winter,Koderma,66
Dhwajadhari Dham,24.4817975,85.59162309999999,4.4,"hindu_temple, place_of_worship, point_of_interest, establishment",hills,Jharkhand,Winter,Koderma,275
Dhwajadhari pahad,24.481364,85.59122719999999,3.2,"park, point_of_interest, establishment",hills,Jharkhand,Winter,Koderma,5
Lalbag block hut,24.5066201,85.4534261,4.8,"park, point_of_interest, establishment",hills,Jharkhand,Winter,Koderma,5
"Shiv mandir, Gurpa",24.5622301,85.3019791,4,"hindu_temple, place_of_worship, point_of_interest, establishment",hills,Jharkhand,Winter,Koderma,12
Thali Dam,24.7090283,85.6646785,4.3,"natural_feature, establishment",hills,Jharkhand,Winter,Koderma,23
Kakolat Falls,24.6995611,85.6285678,4.2,"natural_feature, establishment",hills,Jharkhand,Winter,Koderma,2954
Dhwajadhari Temple,24.4803166,85.5947072,4.8,"hindu_temple, place_of_worship, point_of_interest, establishment",hills,Jharkhand,Winter,Koderma,8
Gorhand Dam,24.351875,85.84443399999999,4.2,"tourist_attraction, point_of_interest, establishment",attraction,Jharkhand,All Seasons,Koderma,155
Kakolat Waterfall,24.6995846,85.6286028,4.3,"tourist_attraction, point_of_interest, establishment",attraction,Jharkhand,All Seasons,Koderma,1654
Jhumri Telaiya Dam,24.3448515,85.453643,4.5,"tourist_attraction, point_of_interest, establishment",attraction,Jharkhand,All Seasons,Koderma,54
The Dengra Hill,24.4655204,85.57363079999999,4.3,"tourist_attraction, park, point_of_interest, establishment",attraction,Jharkhand,All Seasons,Koderma,27
Jawahar Railway View,24.3453754,85.4348933,3.9,"tourist_attraction, point_of_interest, establishment",attraction,Jharkhand,All Seasons,Koderma,12
Piprahi laskari waterfall,24.4405445,85.4373938,3,"tourist_attraction, point_of_interest, establishment",attraction,Jharkhand,All Seasons,Koderma,10
DVC Dam,24.3243035,85.5215529,4.3,"tourist_attraction, point_of_interest, establishment",attraction,Jharkhand,All Seasons,Koderma,77
Dam Jhumri taliya,24.3451344,85.4577377,4.3,"tourist_attraction, point_of_interest, establishment",attraction,Jharkhand,All Seasons,Koderma,27
"Teliya Singa,s Pond",24.1989292,85.7831705,5,"tourist_attraction, point_of_interest, establishment",attraction,Jharkhand,All Seasons,Koderma,6
Bangaikalan waterfalls,24.4614375,85.6690625,3.5,"tourist_attraction, point_of_interest, establishment",attraction,Jharkhand,All Seasons,Koderma,6
Dibour Waterfall,24.5913723,85.5694816,3.1,"tourist_attraction, park, point_of_interest, establishment",attraction,Jharkhand,All Seasons,Koderma,18
Duthie Island,24.3164125,85.51414059999999,4.4,"tourist_attraction, point_of_interest, establishment",attraction,Jharkhand,All Seasons,Koderma,7
Chiliya bihan,24.6541068,85.56117909999999,3,"tourist_attraction, point_of_interest, establishment",attraction,Jharkhand,All Seasons,Koderma,2
KEWALIYA DAM,24.2597348,85.3673168,4.2,"tourist_attraction, point_of_interest, establishment",attraction,Jharkhand,All Seasons,Koderma,12
Boating Site,24.3243373,85.51449389999999,3.3,"tourist_attraction, point_of_interest, establishment",attraction,Jharkhand,All Seasons,Koderma,4
Lotus Pond,24.2728452,85.5711881,2.7,"tourist_attraction, point_of_interest, establishment",attraction,Jharkhand,All Seasons,Koderma,7
Dhobghat waterfall,24.6315527,85.69718859999999,5,"tourist_attraction, point_of_interest, establishment",attraction,Jharkhand,All Seasons,Koderma,4
Hod-Hodwa Waterfall,24.4835701,85.8498465,4.2,"tourist_attraction, point_of_interest, establishment",attraction,Jharkhand,All Seasons,Koderma,68
Nirmal Mahton Pond,24.312768,85.843474,5,"tourist_attraction, point_of_interest, establishment",attraction,Jharkhand,All Seasons,Koderma,1
Koderma Valley,24.616537,85.79146999999999,4.4,"tourist_attraction, point_of_interest, establishment",attraction,Jharkhand,All Seasons,Koderma,5
Kewal Dam,24.2423469,85.4347458,5,"tourist_attraction, point_of_interest, establishment",attraction,Jharkhand,All Seasons,Koderma,1
Rajauli nawada,24.5939357,85.527874,4,"tourist_attraction, point_of_interest, establishment",attraction,Jharkhand,All Seasons,Koderma,62
Pampu Talab,24.5027709,85.4686992,3.8,"tourist_attraction, point_of_interest, establishment",attraction,Jharkhand,All Seasons,Koderma,4
Thekahi waterfall Bihar,24.6132082,85.4439565,4.9,"tourist_attraction, point_of_interest, establishment",attraction,Jharkhand,All Seasons,Koderma,10
Faiyaz tourist service,24.3751236,85.6455292,4.8,"tourist_attraction, point_of_interest, establishment",attraction,Jharkhand,All Seasons,Koderma,16
Ghat,24.2071774,85.7790204,4,"tourist_attraction, point_of_interest, establishment",attraction,Jharkhand,All Seasons,Koderma,4
Parsabad Jharna,24.4826318,85.8498934,4.5,"tourist_attraction, point_of_interest, establishment",attraction,Jharkhand,All Seasons,Koderma,11
Maharana Pratap Chowk,24.4398614,85.54115569999999,4.3,"tourist_attraction, point_of_interest, establishment",attraction,Jharkhand,All Seasons,Koderma,220
railway track Over bridge ranchi patna road,24.4326208,85.5318468,4.5,"tourist_attraction, point_of_interest, establishment",attraction,Jharkhand,All Seasons,Koderma,4
Vishwakarma Temple,24.4189369,85.3475673,4.3,"tourist_attraction, point_of_interest, establishment",attraction,Jharkhand,All Seasons,Koderma,16
Pranchak road,24.6550386,85.48638540000002,4.3,"tourist_attraction, point_of_interest, establishment",attraction,Jharkhand,All Seasons,Koderma,12
Lalu More Gate,24.7215125,85.5176406,0,"tourist_attraction, point_of_interest, establishment",attraction,Jharkhand,All Seasons,Koderma,0
Kotwa daim,24.2709646,85.3374621,4.6,"tourist_attraction, point_of_interest, establishment",attraction,Jharkhand,All Seasons,Koderma,10
Deepak yadav,24.447267,85.5195001,0,"tourist_attraction, point_of_interest, establishment",attraction,Jharkhand,All Seasons,Koderma,0
Tarun rana,24.3945736,85.481443,5,"tourist_attraction, point_of_interest, establishment",attraction,Jharkhand,All Seasons,Koderma,2
YADUVANSHI POND CHANDGARH,24.2341181,85.6840679,5,"tourist_attraction, point_of_interest, establishment",attraction,Jharkhand,All Seasons,Koderma,18
Koderma Dangra pahad waterfall,24.4661758,85.5812495,4,"tourist_attraction, point_of_interest, establishment",attraction,Jharkhand,All Seasons,Koderma,1
Barhi chowk (Barhi),24.3055802,85.4176377,4.1,"tourist_attraction, point_of_interest, establishment",attraction,Jharkhand,All Seasons,Koderma,50
Satkhatiya waterfall,24.5420989,85.43231639999999,2,"tourist_attraction, point_of_interest, establishment",attraction,Jharkhand,All Seasons,Koderma,5
Titahiyan nadiya,24.3613742,85.6788127,4,"tourist_attraction, point_of_interest, establishment",attraction,Jharkhand,All Seasons,Koderma,2
Padma Fort,24.202343,85.3779031,4.1,"tourist_attraction, point_of_interest, establishment",attraction,Jharkhand,All Seasons,Koderma,103
Pipeline snowfall,24.3531797,85.5383763,5,"tourist_attraction, point_of_interest, establishment",attraction,Jharkhand,All Seasons,Koderma,4
Hadahadwa Waterfall,24.2058545,85.7793037,5,"tourist_attraction, point_of_interest, establishment",attraction,Jharkhand,All Seasons,Koderma,1
Chhath Ghat Ghuthiya Pesra,24.2010625,85.7505625,5,"tourist_attraction, point_of_interest, establishment",attraction,Jharkhand,All Seasons,Koderma,2
Kakolat jalprapat,24.6997235,85.62840299999999,4.3,"tourist_attraction, point_of_interest, establishment",attraction,Jharkhand,All Seasons,Koderma,7
Pranchak mor,24.6516017,85.4933011,4.3,"tourist_attraction, point_of_interest, establishment",attraction,Jharkhand,All Seasons,Koderma,32
Mini dam,24.504652,85.7227195,3.6,"tourist_attraction, point_of_interest, establishment",attraction,Jharkhand,All Seasons,Koderma,8
Rampur temple,24.2045458,85.6717405,0,"tourist_attraction, point_of_interest, establishment",attraction,Jharkhand,All Seasons,Koderma,0
"Telodih Bridge ,Barhi",24.2945866,85.4978639,0,"tourist_attraction, point_of_interest, establishment",attraction,Jharkhand,All Seasons,Koderma,0
Vishvkrma Tola(chak),24.6255806,85.888941,5,"tourist_attraction, point_of_interest, establishment",attraction,Jharkhand,All Seasons,Koderma,4
Shital kund Koderma,24.4894119,85.5613813,4,"tourist_attraction, point_of_interest, establishment",attraction,Jharkhand,All Seasons,Koderma,6
Telaiya Dam Koderma (Jharkhnad),24.3245069,85.520552,4.4,"tourist_attraction, point_of_interest, establishment",attraction,Jharkhand,All Seasons,Koderma,95
Tilaiya Dam,24.3358347,85.52429049999999,4.6,"tourist_attraction, point_of_interest, establishment",attraction,Jharkhand,All Seasons,Koderma,23
Kataia Waterfall,24.7326893,85.72323349999999,4.2,"tourist_attraction, point_of_interest, establishment",attraction,Jharkhand,All Seasons,Koderma,17
Rampur Barhi,24.4230406,85.37303419999999,3.9,"tourist_attraction, point_of_interest, establishment",attraction,Jharkhand,All Seasons,Koderma,28
Pipra Tand Masnodih,24.5073125,85.74681249999999,0,"tourist_attraction, point_of_interest, establishment",attraction,Jharkhand,All Seasons,Koderma,0
Pawai Dam,24.3514976,85.3139696,4.5,"tourist_attraction, point_of_interest, establishment",attraction,Jharkhand,All Seasons,Koderma,11
Murali kattr hindu,24.4766411,85.727629,4.3,"tourist_attraction, point_of_interest, establishment",attraction,Jharkhand,All Seasons,Koderma,4
Larahi Marine Drive,24.358684,85.3775417,0,"tourist_attraction, point_of_interest, establishment",attraction,Jharkhand,All Seasons,Koderma,0
Hod-Hodwa Waterfall (होद-होदवा जलप्रपात),24.4558202,85.82806230000001,4.2,"tourist_attraction, point_of_interest, establishment",attraction,Jharkhand,All Seasons,Koderma,10
Kargil Park,23.7439425,84.4968387,3.8,"park, point_of_interest, establishment",parks,Jharkhand,Spring,Latehar,178
Childrens park,23.7657926,84.52284639999999,4.8,"park, point_of_interest, establishment",parks,Jharkhand,Spring,Latehar,4
LATEHAR CHILDREN PARK,23.7415962,84.5175933,4.1,"park, point_of_interest, establishment",parks,Jharkhand,Spring,Latehar,90
Hindalco Park Chandwa,23.6416715,84.74827359999999,4.2,"park, point_of_interest, establishment",parks,Jharkhand,Spring,Latehar,9
Latehar Forest Division,23.741744,84.51553,4.1,"park, point_of_interest, establishment",parks,Jharkhand,Spring,Latehar,282
Origin of Auranga river,23.6150364,84.6734913,3.9,"park, tourist_attraction, point_of_interest, establishment",parks,Jharkhand,Spring,Latehar,56
Amjharia Valley,23.6237053,84.7664563,3.6,"park, point_of_interest, establishment",parks,Jharkhand,Spring,Latehar,29
Amjhariya Park Latehar,23.6255231,84.7599901,4.3,"park, point_of_interest, establishment",parks,Jharkhand,Spring,Latehar,13
बचरा डैम,23.8795098,84.776991,4.4,"park, point_of_interest, establishment",parks,Jharkhand,Spring,Latehar,21
Kamaldah Lake,23.8829345,84.2419839,4.1,"tourist_attraction, park, point_of_interest, establishment",parks,Jharkhand,Spring,Latehar,125
"Eco Park, Latehar",23.7619438,84.5167226,3.8,"park, point_of_interest, establishment",parks,Jharkhand,Spring,Latehar,4
Children Park,23.6254439,84.7598762,4,"park, point_of_interest, establishment",parks,Jharkhand,Spring,Latehar,18
Birsa Upvan Bio Diversity Park,23.4831014,84.59799679999999,4.2,"park, point_of_interest, establishment",parks,Jharkhand,Spring,Latehar,26
Koel View Point,23.4858816,84.2774769,4.5,"tourist_attraction, park, point_of_interest, establishment",parks,Jharkhand,Spring,Latehar,2187
Garu-Mara Range,23.5477462,84.23247309999999,4.2,"park, point_of_interest, establishment",parks,Jharkhand,Spring,Latehar,756
Dulsulma dam,23.9210053,84.28447709999999,3.9,"park, point_of_interest, establishment",parks,Jharkhand,Spring,Latehar,79
Sunrise park netarhat,23.47328,84.277615,4.9,"park, point_of_interest, establishment",parks,Jharkhand,Spring,Latehar,7
PEACOCK AREA ( BETLA NATIONAL PARK),23.8585797,84.21564459999999,5,"park, point_of_interest, establishment",parks,Jharkhand,Spring,Latehar,1
Rajputana park,23.9519405,84.21171950000002,4.8,"park, point_of_interest, establishment",parks,Jharkhand,Spring,Latehar,5
Green park Shdhwadhi,23.8738445,84.33825000000002,5,"park, point_of_interest, establishment",parks,Jharkhand,Spring,Latehar,1
TK FARM,23.7806611,84.5239062,0,"park, point_of_interest, establishment",parks,Jharkhand,Spring,Latehar,0
RB VLOG OFFICIAL,23.8685876,84.4426242,0,"park, point_of_interest, establishment",parks,Jharkhand,Spring,Latehar,0
Amit Sharma,23.8699489,84.4015075,5,"park, point_of_interest, establishment",parks,Jharkhand,Spring,Latehar,1
Rajderwa Chhath Ghat,23.9523385,84.2330343,0,"park, point_of_interest, establishment",parks,Jharkhand,Spring,Latehar,0
Manika,23.7463215,84.5091102,5,"park, point_of_interest, establishment",parks,Jharkhand,Spring,Latehar,1
Bairiya talab,23.9739127,84.32380570000001,5,"park, point_of_interest, establishment",parks,Jharkhand,Spring,Latehar,1
Amba Bagan (अम्बेडकर नगर ),23.5709059,84.7408701,3,"park, point_of_interest, establishment",parks,Jharkhand,Spring,Latehar,2
Sunny,23.9218714,84.4625124,5,"park, point_of_interest, establishment",parks,Jharkhand,Spring,Latehar,1
"पीपल चौक , बॉबी कश्यप",23.7855593,84.4868185,5,"park, point_of_interest, establishment",parks,Jharkhand,Spring,Latehar,1
Sah_ONE,23.7388988,84.53608779999999,4.7,"park, point_of_interest, establishment",parks,Jharkhand,Spring,Latehar,3
pathalkatwa waterfalls,23.6508816,84.4490169,4,"park, point_of_interest, establishment",parks,Jharkhand,Spring,Latehar,3
वन विभाग लोहरदगा नेतरहाट vn Bibhag Lohardaga Netarhat,23.4759523,84.2753804,3.5,"park, point_of_interest, establishment",parks,Jharkhand,Spring,Latehar,2
Fani Kamal Udyan,23.730683,84.6682017,5,"park, point_of_interest, establishment",parks,Jharkhand,Spring,Latehar,2
Parful kumar,23.571535,84.7697883,0,"park, point_of_interest, establishment",parks,Jharkhand,Spring,Latehar,0
SP Ajay kumar Sahid sthal,23.5533111,84.5521485,0,"park, point_of_interest, establishment",parks,Jharkhand,Spring,Latehar,0
Pks spot 2,23.7463215,84.5091102,5,"park, point_of_interest, establishment",parks,Jharkhand,Spring,Latehar,2
Mangra Reserve Forest,23.8067401,84.5849704,3,"park, point_of_interest, establishment",parks,Jharkhand,Spring,Latehar,3
SHRI BASUDEV SAROWAR [Pokhara],23.7702635,84.5441139,5,"park, point_of_interest, establishment",parks,Jharkhand,Spring,Latehar,1
Modassir alam,23.7445698,84.5018051,0,"park, point_of_interest, establishment",parks,Jharkhand,Spring,Latehar,0
Tubed check dam,23.8094125,84.5729866,4,"park, point_of_interest, establishment",parks,Jharkhand,Spring,Latehar,1
इको पार्क,23.6604399,84.73943539999999,2.3,"park, point_of_interest, establishment",parks,Jharkhand,Spring,Latehar,3
Tetar Aahara,24.0139109,84.4045026,5,"park, point_of_interest, establishment",parks,Jharkhand,Spring,Latehar,2
Chetma mela,23.895018,84.2700911,3.6,"park, point_of_interest, establishment",parks,Jharkhand,Spring,Latehar,15
Rahul,23.4854348,84.2647501,1,"park, point_of_interest, establishment",parks,Jharkhand,Spring,Latehar,1
2 Nambar Tlab 2 नंबर तलाब,23.5623848,84.6261463,3,"park, point_of_interest, establishment",parks,Jharkhand,Spring,Latehar,1
Kocha,23.5430851,84.6348321,5,"park, point_of_interest, establishment",parks,Jharkhand,Spring,Latehar,1
Mango Garden sukumar आम बाग,23.5494578,84.7467664,5,"park, point_of_interest, establishment",parks,Jharkhand,Spring,Latehar,1
Kamla Garden,24.0039182,84.79683740000002,3.5,"park, point_of_interest, establishment",parks,Jharkhand,Spring,Latehar,8
Suraj kumar,23.7396247,84.6775894,5,"park, point_of_interest, establishment",parks,Jharkhand,Spring,Latehar,1
Modassir alam,23.8310648,84.5907338,2.3,"park, point_of_interest, establishment",parks,Jharkhand,Spring,Latehar,3
इंडिया झारखंड गुमला बसिया लालपुर डेम,24.0006875,84.78368750000001,4,"park, point_of_interest, establishment",parks,Jharkhand,Spring,Latehar,1
Rock home,23.750723,84.50779910000001,5,"park, point_of_interest, establishment",parks,Jharkhand,Spring,Latehar,1
Heart island,23.9216676,84.28379380000001,0,"park, point_of_interest, establishment",parks,Jharkhand,Spring,Latehar,0
Pipal chok,23.9221552,84.37687919999999,0,"park, point_of_interest, establishment",parks,Jharkhand,Spring,Latehar,0
देवी मंडप,23.8481945,84.3369881,0,"park, point_of_interest, establishment",parks,Jharkhand,Spring,Latehar,0
Bada Talab,23.8887068,84.7624632,0,"park, point_of_interest, establishment",parks,Jharkhand,Spring,Latehar,0
Mangra Reserve Forest,23.7983874,84.5902969,0,"park, point_of_interest, establishment",parks,Jharkhand,Spring,Latehar,0
Chota talab DARHA,23.8942173,84.7614141,0,"park, point_of_interest, establishment",parks,Jharkhand,Spring,Latehar,0
Lake. View Point,23.4795082,84.2711459,4.2,"park, point_of_interest, establishment",parks,Jharkhand,Spring,Latehar,6
Nawnit sharma,23.8745441,84.2649976,0,"park, point_of_interest, establishment",parks,Jharkhand,Spring,Latehar,0
Shiv Mandir,23.4863075,84.5959061,4.6,"museum, point_of_interest, establishment",museum,Jharkhand,Winter,Latehar,5
Mukesh Oraon,23.7469175,84.6518242,1,"museum, point_of_interest, establishment",museum,Jharkhand,Winter,Latehar,1
Rahul oraon,23.9734643,84.2760976,1,"museum, point_of_interest, establishment",museum,Jharkhand,Winter,Latehar,1
Tarhashi pahad,23.7284206,84.6979021,0,"museum, point_of_interest, establishment",museum,Jharkhand,Winter,Latehar,0
Mirchaiya Waterfall,23.65407,84.236837,4.2,"tourist_attraction, point_of_interest, establishment",waterfalls,Jharkhand,Monsoon,Latehar,615
Upper Ghaghri Waterfalls,23.4977675,84.26275389999999,3.7,"tourist_attraction, point_of_interest, establishment",waterfalls,Jharkhand,Monsoon,Latehar,1351
Jhariya Dam Waterfall,23.7414799,84.52446739999999,3.9,"tourist_attraction, point_of_interest, establishment",waterfalls,Jharkhand,Monsoon,Latehar,86
Lawapani waterfall,23.5972,84.5456,4.1,"tourist_attraction, point_of_interest, establishment",waterfalls,Jharkhand,Monsoon,Latehar,230
Indra Waterfall Latehar in tubed village,23.7988767,84.5700962,4.3,"tourist_attraction, point_of_interest, establishment",waterfalls,Jharkhand,Monsoon,Latehar,21
Dongi Pani Waterfall,23.8015317,84.5539399,3.4,"tourist_attraction, point_of_interest, establishment",waterfalls,Jharkhand,Monsoon,Latehar,18
Loha waterfall,23.6139283,84.64617969999999,4.1,"tourist_attraction, point_of_interest, establishment",waterfalls,Jharkhand,Monsoon,Latehar,15
Lower Ghaghri Falls,23.5313681,84.246308,4.1,"natural_feature, establishment",waterfalls,Jharkhand,Monsoon,Latehar,137
Kekrang Waterfall,23.4979385,84.5970101,4,"tourist_attraction, point_of_interest, establishment",waterfalls,Jharkhand,Monsoon,Latehar,44
Nunforwa Waterfall,23.864219,84.44584789999999,4,"tourist_attraction, point_of_interest, establishment",waterfalls,Jharkhand,Monsoon,Latehar,19
Patam Waterfall,23.9630787,84.61549389999999,4.1,"tourist_attraction, point_of_interest, establishment",waterfalls,Jharkhand,Monsoon,Latehar,198
Naina Water Fall,23.4794424,84.2232684,4.2,"tourist_attraction, point_of_interest, establishment",waterfalls,Jharkhand,Monsoon,Latehar,35
Mini waterfall manika,23.868873,84.37240299999999,5,"tourist_attraction, point_of_interest, establishment",waterfalls,Jharkhand,Monsoon,Latehar,1
Jogi waterfall,23.6116313,84.64953679999999,3.8,"tourist_attraction, point_of_interest, establishment",waterfalls,Jharkhand,Monsoon,Latehar,11
pathalkatwa waterfalls,23.6508816,84.4490169,4,"park, point_of_interest, establishment",waterfalls,Jharkhand,Monsoon,Latehar,3
Lower Ghaghari Watch tower,23.538234,84.248953,4.8,"tourist_attraction, point_of_interest, establishment",waterfalls,Jharkhand,Monsoon,Latehar,6
Aawra jhariya..,23.6048271,84.6504927,4.9,"tourist_attraction, point_of_interest, establishment",waterfalls,Jharkhand,Monsoon,Latehar,14
Netarhat Lake,23.4800771,84.2706855,4.3,"tourist_attraction, point_of_interest, establishment",waterfalls,Jharkhand,Monsoon,Latehar,221
Pine Lake,23.4938155,84.24971029999999,4.9,"tourist_attraction, point_of_interest, establishment",waterfalls,Jharkhand,Monsoon,Latehar,7
"Roadrick,s Dam",23.5018387,84.6117385,4.2,"tourist_attraction, point_of_interest, establishment",waterfalls,Jharkhand,Monsoon,Latehar,22
Tattapani Hot water spring Jaram,23.8229311,84.4919279,3.9,"tourist_attraction, point_of_interest, establishment",waterfalls,Jharkhand,Monsoon,Latehar,55
Dhaura fall,23.6143138,84.7347449,3.6,"tourist_attraction, point_of_interest, establishment",waterfalls,Jharkhand,Monsoon,Latehar,7
Lalmatia Dam,23.7619438,84.5167226,4.2,"tourist_attraction, point_of_interest, establishment",waterfalls,Jharkhand,Monsoon,Latehar,215
Netarhat Sunrise Point,23.474006,84.2791821,4.4,"tourist_attraction, point_of_interest, establishment",waterfalls,Jharkhand,Monsoon,Latehar,2656
Koel View Point,23.4858816,84.2774769,4.5,"tourist_attraction, park, point_of_interest, establishment",waterfalls,Jharkhand,Monsoon,Latehar,2187
Garu-Mara Range,23.5477462,84.23247309999999,4.2,"park, point_of_interest, establishment",waterfalls,Jharkhand,Monsoon,Latehar,756
Pine Forest,23.4951451,84.2500117,4.6,"tourist_attraction, point_of_interest, establishment",waterfalls,Jharkhand,Monsoon,Latehar,168
"Magnolia, Sunset Point, Netarhat",23.5221329,84.2208179,4.4,"tourist_attraction, point_of_interest, establishment",waterfalls,Jharkhand,Monsoon,Latehar,2814
Dhardhari waterfall,23.714917,84.2078149,0,"amusement_park, point_of_interest, establishment",waterfalls,Jharkhand,Monsoon,Latehar,0
Dhobiya Chattan Waterfall,23.9660092,84.54021230000001,0,"point_of_interest, establishment",waterfalls,Jharkhand,Monsoon,Latehar,0
Sarju Valley View Point,23.6609795,84.3867977,4.7,"tourist_attraction, point_of_interest, establishment",waterfalls,Jharkhand,Monsoon,Latehar,19
Bagru Hills,23.4826885,84.59777419999999,4.3,"tourist_attraction, point_of_interest, establishment",waterfalls,Jharkhand,Monsoon,Latehar,56
Palamu Fort Picnic Spot,23.896004,84.225512,4.5,"tourist_attraction, point_of_interest, establishment",beaches,Jharkhand,Summer,Latehar,8
प्राकृतिक व्याख्यान केन्द्र,23.9540836,84.2318313,5,"zoo, park, point_of_interest, establishment",zoo,Jharkhand,Winter,Latehar,1
Kali Temple,23.744472,84.5101157,4.6,"hindu_temple, place_of_worship, point_of_interest, establishment",temples,Jharkhand,All Seasons,Latehar,11
Sri Radha Krishna Temple,23.7440005,84.4990196,4.7,"hindu_temple, place_of_worship, point_of_interest, establishment",temples,Jharkhand,All Seasons,Latehar,7
Hindu temple makaiyatand,23.781785,84.7941239,0,"hindu_temple, place_of_worship, point_of_interest, establishment",temples,Jharkhand,All Seasons,Latehar,0
Parvati Temple,23.7469976,84.4962516,4.2,"hindu_temple, place_of_worship, point_of_interest, establishment",temples,Jharkhand,All Seasons,Latehar,5
"श्री दुर्गा मंदीर, अम्वाटिकर",23.7483169,84.5072314,4.5,"hindu_temple, place_of_worship, point_of_interest, establishment",temples,Jharkhand,All Seasons,Latehar,2
Maa Kali Temple,23.74425,84.5000773,5,"hindu_temple, place_of_worship, point_of_interest, establishment",temples,Jharkhand,All Seasons,Latehar,6
"Hanuman, Temple",23.6868605,84.743263,4.4,"hindu_temple, place_of_worship, point_of_interest, establishment",temples,Jharkhand,All Seasons,Latehar,14
Ajagar Dham Temple,23.9289258,84.267811,4.3,"place_of_worship, point_of_interest, establishment",temples,Jharkhand,All Seasons,Latehar,3
Lord Shiva Temple,23.7403478,84.51877089999999,5,"hindu_temple, place_of_worship, point_of_interest, establishment",temples,Jharkhand,All Seasons,Latehar,2
Shiv Temple,23.7570298,84.48980619999999,4.3,"hindu_temple, place_of_worship, point_of_interest, establishment",temples,Jharkhand,All Seasons,Latehar,4
Bholenath Temple,23.9555458,84.21208899999999,3.7,"hindu_temple, place_of_worship, point_of_interest, establishment",temples,Jharkhand,All Seasons,Latehar,3
CHATAKPUR,23.5488692,84.7760697,4.8,"hindu_temple, place_of_worship, point_of_interest, establishment",temples,Jharkhand,All Seasons,Latehar,4
Hanuman Temple,23.6709498,84.7425746,5,"hindu_temple, place_of_worship, point_of_interest, establishment",temples,Jharkhand,All Seasons,Latehar,1
Shiv Temple,23.6724768,84.73792739999999,4.1,"hindu_temple, place_of_worship, point_of_interest, establishment",temples,Jharkhand,All Seasons,Latehar,8
Maha Ganapati Temple,23.7516993,84.51182279999999,3.8,"hindu_temple, place_of_worship, point_of_interest, establishment",temples,Jharkhand,All Seasons,Latehar,10
Hindu Temple,23.4756445,84.2664688,5,"hindu_temple, place_of_worship, point_of_interest, establishment",temples,Jharkhand,All Seasons,Latehar,1
Shiv Mandir,23.7368544,84.6448163,5,"hindu_temple, place_of_worship, point_of_interest, establishment",temples,Jharkhand,All Seasons,Latehar,4
Durga Mandir Chanpi,23.5682762,84.7321995,5,"hindu_temple, place_of_worship, point_of_interest, establishment",temples,Jharkhand,All Seasons,Latehar,9
old shiva temple Latehar,23.747256,84.4964984,3.4,"hindu_temple, place_of_worship, point_of_interest, establishment",temples,Jharkhand,All Seasons,Latehar,13
Mahadev mada,23.6839636,84.4703351,5,"place_of_worship, point_of_interest, establishment",temples,Jharkhand,All Seasons,Latehar,2
Shiva Temple,23.756726,84.22441599999999,4.3,"hindu_temple, place_of_worship, point_of_interest, establishment",temples,Jharkhand,All Seasons,Latehar,12
Shiv Mandir,23.7319757,84.5103228,4.5,"hindu_temple, place_of_worship, point_of_interest, establishment",temples,Jharkhand,All Seasons,Latehar,4
LAHLAHE TEMPLE JHARIWA,23.9727769,84.2122258,4.1,"hindu_temple, place_of_worship, point_of_interest, establishment",temples,Jharkhand,All Seasons,Latehar,11
Mahavir Temple महावीर मंदिर,23.9212406,84.2580019,3.6,"hindu_temple, place_of_worship, point_of_interest, establishment",temples,Jharkhand,All Seasons,Latehar,10
Shiv Temple,23.6790814,84.7409323,4.4,"hindu_temple, place_of_worship, point_of_interest, establishment",temples,Jharkhand,All Seasons,Latehar,18
Shri Ram mandir Hondaga,23.5144874,84.6889028,4,"hindu_temple, place_of_worship, point_of_interest, establishment",temples,Jharkhand,All Seasons,Latehar,4
Shivalay Temple,23.7224957,84.5997259,3.9,"hindu_temple, place_of_worship, point_of_interest, establishment",temples,Jharkhand,All Seasons,Latehar,19
Lord Hanuman Temple,23.694643,84.4633786,3.8,"hindu_temple, place_of_worship, point_of_interest, establishment",temples,Jharkhand,All Seasons,Latehar,12
Maa Vaishno Durga Mandir,23.7438308,84.4967467,4.4,"hindu_temple, place_of_worship, point_of_interest, establishment",temples,Jharkhand,All Seasons,Latehar,14
Durga Mandir,23.9418948,84.2632792,3.5,"hindu_temple, place_of_worship, point_of_interest, establishment",temples,Jharkhand,All Seasons,Latehar,8
Van Shakti Temple,23.6943107,84.68995840000001,4.4,"hindu_temple, place_of_worship, point_of_interest, establishment",temples,Jharkhand,All Seasons,Latehar,22
Bhogu Temple,23.9698379,84.2124548,4,"hindu_temple, place_of_worship, point_of_interest, establishment",temples,Jharkhand,All Seasons,Latehar,22
Panch Mukhi Hanuman Temple,23.6766111,84.7388829,4.4,"hindu_temple, place_of_worship, point_of_interest, establishment",temples,Jharkhand,All Seasons,Latehar,14
Gayatri mandir Latehar,23.7423036,84.51863999999999,3,"hindu_temple, place_of_worship, point_of_interest, establishment",temples,Jharkhand,All Seasons,Latehar,3
Lahlahe Temple,23.9773331,84.2111566,3.8,"hindu_temple, place_of_worship, point_of_interest, establishment",temples,Jharkhand,All Seasons,Latehar,18
Shiv temple,23.8440313,84.3213253,5,"hindu_temple, place_of_worship, point_of_interest, establishment",temples,Jharkhand,All Seasons,Latehar,1
Mahadev Mandap (Shiva Temple),23.6101165,84.72890269999999,4.3,"hindu_temple, place_of_worship, point_of_interest, establishment",temples,Jharkhand,All Seasons,Latehar,17
Ratanpur Temple,23.9937121,84.3997526,4.5,"hindu_temple, place_of_worship, point_of_interest, establishment",temples,Jharkhand,All Seasons,Latehar,11
Shiva Temple,23.8953643,84.2300454,4,"hindu_temple, place_of_worship, point_of_interest, establishment",temples,Jharkhand,All Seasons,Latehar,5
Shiv Temple,23.6838202,84.7433313,5,"hindu_temple, place_of_worship, point_of_interest, establishment",temples,Jharkhand,All Seasons,Latehar,3
BHOLENATH TEMPLE GUA🚩,23.7787798,84.32084549999999,0,"hindu_temple, place_of_worship, point_of_interest, establishment",temples,Jharkhand,All Seasons,Latehar,0
"Shiv, Temple",23.6496583,84.72758089999999,5,"hindu_temple, place_of_worship, point_of_interest, establishment",temples,Jharkhand,All Seasons,Latehar,2
Devi Mandap(Hindu Temple),23.477594,84.652317,0,"hindu_temple, place_of_worship, point_of_interest, establishment",temples,Jharkhand,All Seasons,Latehar,0
Tuntunwa Temple,23.9214647,84.2612324,5,"hindu_temple, place_of_worship, point_of_interest, establishment",temples,Jharkhand,All Seasons,Latehar,1
"Shiv temple शिव मंदिर, कोलसिमरी कुडू लोहरदगा, kuru lohardaga",23.5026258,84.7944462,0,"hindu_temple, place_of_worship, point_of_interest, establishment",temples,Jharkhand,All Seasons,Latehar,0
Hanuman temple,23.8434873,84.3200627,5,"hindu_temple, place_of_worship, point_of_interest, establishment",temples,Jharkhand,All Seasons,Latehar,1
Mahaveer Temple,23.781765,84.7940553,5,"hindu_temple, place_of_worship, point_of_interest, establishment",temples,Jharkhand,All Seasons,Latehar,1
Hanuman Temple and praduman tent house marriage,23.6897148,84.74717509999999,4,"hindu_temple, place_of_worship, point_of_interest, establishment",temples,Jharkhand,All Seasons,Latehar,13
Panchamukhi Hanuman Temple,23.7403207,84.48881779999999,4.3,"hindu_temple, place_of_worship, point_of_interest, establishment",temples,Jharkhand,All Seasons,Latehar,12
Ugratara temple chandwa,23.7390738,84.7557332,4.6,"hindu_temple, place_of_worship, point_of_interest, establishment",temples,Jharkhand,All Seasons,Latehar,5
Durga Temple,23.7411568,84.7819675,4,"hindu_temple, place_of_worship, point_of_interest, establishment",temples,Jharkhand,All Seasons,Latehar,1
Mahadev Mandir Janwal,23.5039854,84.6638303,4.7,"hindu_temple, place_of_worship, point_of_interest, establishment",temples,Jharkhand,All Seasons,Latehar,7
"Jagannat, Temple",23.6895236,84.741843,4.1,"hindu_temple, place_of_worship, point_of_interest, establishment",temples,Jharkhand,All Seasons,Latehar,7
Shree Siddhivinayak Ganapati Temple Latehar,23.7269487,84.4700414,3.8,"hindu_temple, place_of_worship, point_of_interest, establishment",temples,Jharkhand,All Seasons,Latehar,11
Moon Baba Temple,23.7325653,84.4074195,4.1,"hindu_temple, place_of_worship, point_of_interest, establishment",temples,Jharkhand,All Seasons,Latehar,11
Golden Temple,23.6782037,84.7415597,0,"hindu_temple, place_of_worship, point_of_interest, establishment",temples,Jharkhand,All Seasons,Latehar,0
kaali temple,23.9190852,84.2614272,4,"hindu_temple, place_of_worship, point_of_interest, establishment",temples,Jharkhand,All Seasons,Latehar,2
"Siddhivinayank sankat mochan Temple Saroj nagar, Chandwa",23.6776235,84.739451,5,"hindu_temple, place_of_worship, point_of_interest, establishment",temples,Jharkhand,All Seasons,Latehar,2
Pahadi Shiv Temple,23.690014,84.721558,5,"hindu_temple, place_of_worship, point_of_interest, establishment",temples,Jharkhand,All Seasons,Latehar,2
Radhe krishna Temple,23.9188912,84.2578537,4.4,"hindu_temple, place_of_worship, point_of_interest, establishment",temples,Jharkhand,All Seasons,Latehar,28
Bagru Hills,23.4826885,84.59777419999999,4.3,"tourist_attraction, point_of_interest, establishment",hills,Jharkhand,Winter,Latehar,56
Hotel Highway Hill,23.6708125,84.73481249999999,3.9,"lodging, point_of_interest, establishment",hills,Jharkhand,Winter,Latehar,39
"Hotel Hills, Latehar",23.7405876,84.4976154,4.6,"lodging, point_of_interest, establishment",hills,Jharkhand,Winter,Latehar,28
Hotel Royal Hill Clout,23.4744041,84.2680877,4.1,"lodging, point_of_interest, establishment",hills,Jharkhand,Winter,Latehar,240
"Netarhat Hill Town (The Queen of Chotanagpur) - Latehar District, Jharkhand, India",23.4835003,84.2608341,4.9,"tourist_attraction, point_of_interest, establishment",hills,Jharkhand,Winter,Latehar,9
Hills Queen Hotel,23.472866,84.274153,4.2,"lodging, point_of_interest, establishment",hills,Jharkhand,Winter,Latehar,53
KHAMARPAT HILL,23.6063261,84.6799578,3.5,"tourist_attraction, point_of_interest, establishment",hills,Jharkhand,Winter,Latehar,2
Chuku Hill,23.931099,84.5939323,3.7,"park, point_of_interest, establishment",hills,Jharkhand,Winter,Latehar,3
Netarhat Sunrise Point,23.474006,84.2791821,4.4,"tourist_attraction, point_of_interest, establishment",hills,Jharkhand,Winter,Latehar,2656
Rechag Hill,23.9980804,84.60562639999999,0,"park, point_of_interest, establishment",hills,Jharkhand,Winter,Latehar,0
Netarhat Lake,23.4800771,84.2706855,4.3,"tourist_attraction, point_of_interest, establishment",hills,Jharkhand,Winter,Latehar,221
"Magnolia, Sunset Point, Netarhat",23.5221329,84.2208179,4.4,"tourist_attraction, point_of_interest, establishment",hills,Jharkhand,Winter,Latehar,2814
Origin of Auranga river,23.6150364,84.6734913,3.9,"park, tourist_attraction, point_of_interest, establishment",hills,Jharkhand,Winter,Latehar,56
Mountain Of Qamar,23.9347181,84.26870149999999,4,"tourist_attraction, point_of_interest, establishment",hills,Jharkhand,Winter,Latehar,13
Ajagar Dham Temple,23.9289258,84.267811,4.3,"place_of_worship, point_of_interest, establishment",hills,Jharkhand,Winter,Latehar,3
Prabhat Vihar New Building,23.4741105,84.2789186,4.2,"lodging, point_of_interest, establishment",hills,Jharkhand,Winter,Latehar,47
Pine Forest,23.4951451,84.2500117,4.6,"tourist_attraction, point_of_interest, establishment",hills,Jharkhand,Winter,Latehar,168
The Woods Cottage,23.4756084,84.26613990000001,4.6,"lodging, point_of_interest, establishment",hills,Jharkhand,Winter,Latehar,10
Upper Ghaghri Waterfalls,23.4977675,84.26275389999999,3.7,"tourist_attraction, point_of_interest, establishment",attraction,Jharkhand,All Seasons,Latehar,1351
Netarhat Sunrise Point,23.474006,84.2791821,4.4,"tourist_attraction, point_of_interest, establishment",attraction,Jharkhand,All Seasons,Latehar,2656
Lalmatia Dam,23.7619438,84.5167226,4.2,"tourist_attraction, point_of_interest, establishment",attraction,Jharkhand,All Seasons,Latehar,215
Malay Dam,23.9186279,84.2856972,4.2,"tourist_attraction, point_of_interest, establishment",attraction,Jharkhand,All Seasons,Latehar,226
Koel View Point,23.4858816,84.2774769,4.5,"tourist_attraction, park, point_of_interest, establishment",attraction,Jharkhand,All Seasons,Latehar,2187
Netarhat Lake,23.4800771,84.2706855,4.3,"tourist_attraction, point_of_interest, establishment",attraction,Jharkhand,All Seasons,Latehar,221
Lower Ghaghari Watch tower,23.538234,84.248953,4.8,"tourist_attraction, point_of_interest, establishment",attraction,Jharkhand,All Seasons,Latehar,6
Lawapani waterfall,23.5972,84.5456,4.1,"tourist_attraction, point_of_interest, establishment",attraction,Jharkhand,All Seasons,Latehar,230
"Magnolia, Sunset Point, Netarhat",23.5221329,84.2208179,4.4,"tourist_attraction, point_of_interest, establishment",attraction,Jharkhand,All Seasons,Latehar,2814
Mirchaiya Waterfall,23.65407,84.236837,4.2,"tourist_attraction, point_of_interest, establishment",attraction,Jharkhand,All Seasons,Latehar,615
Mountain view,23.7448717,84.73572999999999,5,"tourist_attraction, point_of_interest, establishment",attraction,Jharkhand,All Seasons,Latehar,3
Mountain Of Qamar,23.9347181,84.26870149999999,4,"tourist_attraction, point_of_interest, establishment",attraction,Jharkhand,All Seasons,Latehar,13
Tubed bridge,23.8149375,84.5746875,3.4,"tourist_attraction, point_of_interest, establishment",attraction,Jharkhand,All Seasons,Latehar,7
Maila River View point Lahlahe,23.9746424,84.2147471,2.3,"tourist_attraction, point_of_interest, establishment",attraction,Jharkhand,All Seasons,Latehar,3
Pine Forest,23.4951451,84.2500117,4.6,"tourist_attraction, point_of_interest, establishment",attraction,Jharkhand,All Seasons,Latehar,168
"Netarhat Hill Town (The Queen of Chotanagpur) - Latehar District, Jharkhand, India",23.4835003,84.2608341,4.9,"tourist_attraction, point_of_interest, establishment",attraction,Jharkhand,All Seasons,Latehar,9
Selphi View point सेल्फी व्यू प्वाइंट,23.5642554,84.6218621,1,"tourist_attraction, point_of_interest, establishment",attraction,Jharkhand,All Seasons,Latehar,1
Suraj fall,23.6027211,84.7376182,5,"tourist_attraction, point_of_interest, establishment",attraction,Jharkhand,All Seasons,Latehar,1
Jhariya Dam Waterfall,23.7414799,84.52446739999999,3.9,"tourist_attraction, point_of_interest, establishment",attraction,Jharkhand,All Seasons,Latehar,86
Kamaldah Lake,23.8829345,84.2419839,4.1,"tourist_attraction, park, point_of_interest, establishment",attraction,Jharkhand,All Seasons,Latehar,125
Rural Tourism sight,23.718587,84.3932652,4.8,"tourist_attraction, point_of_interest, establishment",attraction,Jharkhand,All Seasons,Latehar,5
Sunset point,23.7387727,84.55248379999999,4,"tourist_attraction, point_of_interest, establishment",attraction,Jharkhand,All Seasons,Latehar,25
Water Dam पर्यटक स्थल,23.8583114,84.3861838,0,"tourist_attraction, point_of_interest, establishment",attraction,Jharkhand,All Seasons,Latehar,0
Patam Waterfall,23.9630787,84.61549389999999,4.1,"tourist_attraction, point_of_interest, establishment",attraction,Jharkhand,All Seasons,Latehar,198
Kekrang Waterfall,23.4979385,84.5970101,4,"tourist_attraction, point_of_interest, establishment",attraction,Jharkhand,All Seasons,Latehar,44
Dhaura fall,23.6143138,84.7347449,3.6,"tourist_attraction, point_of_interest, establishment",attraction,Jharkhand,All Seasons,Latehar,7
Aawra jhariya..,23.6048271,84.6504927,4.9,"tourist_attraction, point_of_interest, establishment",attraction,Jharkhand,All Seasons,Latehar,14
Indra Waterfall Latehar in tubed village,23.7988767,84.5700962,4.3,"tourist_attraction, point_of_interest, establishment",attraction,Jharkhand,All Seasons,Latehar,21
Tattapani Hot water spring Jaram,23.8229311,84.4919279,3.9,"tourist_attraction, point_of_interest, establishment",attraction,Jharkhand,All Seasons,Latehar,55
Auranga River Picnic Spot Richughuta,23.6519,84.6138423,4.5,"tourist_attraction, point_of_interest, establishment",attraction,Jharkhand,All Seasons,Latehar,2
Jogi waterfall,23.6116313,84.64953679999999,3.8,"tourist_attraction, point_of_interest, establishment",attraction,Jharkhand,All Seasons,Latehar,11
Pakhar Masti Sunset Point,23.5538763,84.5887875,5,"tourist_attraction, point_of_interest, establishment",attraction,Jharkhand,All Seasons,Latehar,2
Takala pahad,23.6113314,84.6938085,5,"tourist_attraction, point_of_interest, establishment",attraction,Jharkhand,All Seasons,Latehar,1
Naina Water Fall,23.4794424,84.2232684,4.2,"tourist_attraction, point_of_interest, establishment",attraction,Jharkhand,All Seasons,Latehar,35
Loha waterfall,23.6139283,84.64617969999999,4.1,"tourist_attraction, point_of_interest, establishment",attraction,Jharkhand,All Seasons,Latehar,15
Neterhat forest guest house sunrise view point,23.485434,84.26475219999999,5,"tourist_attraction, point_of_interest, establishment",attraction,Jharkhand,All Seasons,Latehar,1
Taapa Pahad latehar,23.7481358,84.5204777,4.3,"tourist_attraction, point_of_interest, establishment",attraction,Jharkhand,All Seasons,Latehar,49
Dongi Pani Waterfall,23.8015317,84.5539399,3.4,"tourist_attraction, point_of_interest, establishment",attraction,Jharkhand,All Seasons,Latehar,18
Sarju Valley View Point,23.6609795,84.3867977,4.7,"tourist_attraction, point_of_interest, establishment",attraction,Jharkhand,All Seasons,Latehar,19
3 number talab,23.543575,84.60274199999999,5,"tourist_attraction, point_of_interest, establishment",attraction,Jharkhand,All Seasons,Latehar,1
Jamti dark forest,23.5613147,84.41317049999999,0,"tourist_attraction, point_of_interest, establishment",attraction,Jharkhand,All Seasons,Latehar,0
Pakhar Koil View पाखर कोयल व्यू,23.5621042,84.62806739999999,4,"tourist_attraction, point_of_interest, establishment",attraction,Jharkhand,All Seasons,Latehar,2
Chhat talab mukki,23.9453453,84.74407060000001,1,"tourist_attraction, point_of_interest, establishment",attraction,Jharkhand,All Seasons,Latehar,2
Naspati bagan (dankan),23.485434,84.26475219999999,4,"tourist_attraction, point_of_interest, establishment",attraction,Jharkhand,All Seasons,Latehar,31
"Roadrick,s Dam",23.5018387,84.6117385,4.2,"tourist_attraction, point_of_interest, establishment",attraction,Jharkhand,All Seasons,Latehar,22
Garm jharna pani salodih latehar,23.7546635,84.53503429999999,4.3,"tourist_attraction, point_of_interest, establishment",attraction,Jharkhand,All Seasons,Latehar,9
Mini waterfall manika,23.868873,84.37240299999999,5,"tourist_attraction, point_of_interest, establishment",attraction,Jharkhand,All Seasons,Latehar,1
Palamu Fort Picnic Spot,23.896004,84.225512,4.5,"tourist_attraction, point_of_interest, establishment",attraction,Jharkhand,All Seasons,Latehar,8
Pine Lake,23.4938155,84.24971029999999,4.9,"tourist_attraction, point_of_interest, establishment",attraction,Jharkhand,All Seasons,Latehar,7
Jannat,23.6299227,84.6329772,0,"tourist_attraction, point_of_interest, establishment",attraction,Jharkhand,All Seasons,Latehar,0
Dream City bachra,23.8763205,84.77740179999999,3.5,"tourist_attraction, point_of_interest, establishment",attraction,Jharkhand,All Seasons,Latehar,8
Sarna toli netarhat,23.4871042,84.27263950000001,5,"tourist_attraction, point_of_interest, establishment",attraction,Jharkhand,All Seasons,Latehar,1
Nunforwa Waterfall,23.864219,84.44584789999999,4,"tourist_attraction, point_of_interest, establishment",attraction,Jharkhand,All Seasons,Latehar,19
Kathal mod ranchi,23.7464167,84.49771109999999,0,"tourist_attraction, point_of_interest, establishment",attraction,Jharkhand,All Seasons,Latehar,0
Origin of Damodar River,23.6395516,84.6713372,5,"tourist_attraction, point_of_interest, establishment",attraction,Jharkhand,All Seasons,Latehar,1
Bagru Hills,23.4826885,84.59777419999999,4.3,"tourist_attraction, point_of_interest, establishment",attraction,Jharkhand,All Seasons,Latehar,56
SIDDHARTH NAGAR,23.5708724,84.7399162,3.7,"tourist_attraction, point_of_interest, establishment",attraction,Jharkhand,All Seasons,Latehar,6
Pakhar Boxesid mines पाखर बोक्साइड माइंस,23.554742,84.62241999999999,2,"tourist_attraction, point_of_interest, establishment",attraction,Jharkhand,All Seasons,Latehar,1
Forest Dak Bangla फॉरेस्ट डाक बंगला,23.5581175,84.6242285,5,"tourist_attraction, point_of_interest, establishment",attraction,Jharkhand,All Seasons,Latehar,1
Garbhu toli bandh,23.5799812,84.7230106,0,"tourist_attraction, point_of_interest, establishment",attraction,Jharkhand,All Seasons,Latehar,0
"Ajay Udhyan, Lohardaga",23.4301189,84.68333129999999,3.7,"park, point_of_interest, establishment",parks,Jharkhand,Spring,Lohardaga,1050
Keratoli,23.4897351,84.918973,4.5,"park, point_of_interest, establishment",parks,Jharkhand,Spring,Lohardaga,11
Zalim Fall,23.4318699,84.4182764,4.7,"park, point_of_interest, establishment",parks,Jharkhand,Spring,Lohardaga,7
Amjhariya Park Latehar,23.6255231,84.7599901,4.3,"park, point_of_interest, establishment",parks,Jharkhand,Spring,Lohardaga,13
Birsa Upvan Bio Diversity Park,23.4831014,84.59799679999999,4.2,"park, point_of_interest, establishment",parks,Jharkhand,Spring,Lohardaga,26
bantoli hill,23.3257919,84.90885229999999,4,"park, point_of_interest, establishment",parks,Jharkhand,Spring,Lohardaga,37
Kanjo,23.3669716,84.8698228,5,"park, point_of_interest, establishment",parks,Jharkhand,Spring,Lohardaga,1
Pandey Bagicha,23.4776778,84.95624610000002,5,"park, point_of_interest, establishment",parks,Jharkhand,Spring,Lohardaga,2
निगनी ढुढुतेतर,23.4351615,84.6606187,5,"park, point_of_interest, establishment",parks,Jharkhand,Spring,Lohardaga,3
Narauli Park,23.4063363,84.8536781,4.8,"park, point_of_interest, establishment",parks,Jharkhand,Spring,Lohardaga,5
Area 51 Rock park (573),23.1653421,84.7384028,4,"park, point_of_interest, establishment",parks,Jharkhand,Spring,Lohardaga,52
Charhu,23.4046101,84.59414989999999,5,"park, point_of_interest, establishment",parks,Jharkhand,Spring,Lohardaga,1
Machhli Park McCluskiegunj,23.6213759,84.89916,4.7,"park, point_of_interest, establishment",parks,Jharkhand,Spring,Lohardaga,3
Hindalco Park Chandwa,23.6416715,84.74827359999999,4.2,"park, point_of_interest, establishment",parks,Jharkhand,Spring,Lohardaga,9
Deogharia's Place,23.4042911,84.9115883,5,"park, point_of_interest, establishment",parks,Jharkhand,Spring,Lohardaga,1
SARNA JHAKHRA KUMBA,23.4346573,84.68353619999999,3.8,"park, point_of_interest, establishment",parks,Jharkhand,Spring,Lohardaga,127
Runing fighter رنيغ فاعتر,23.2292258,84.85689409999999,0,"park, point_of_interest, establishment",parks,Jharkhand,Spring,Lohardaga,0
Nurullah mirdaha,23.3539011,84.8333322,5,"park, point_of_interest, establishment",parks,Jharkhand,Spring,Lohardaga,2
Amba Bagan (अम्बेडकर नगर ),23.5709059,84.7408701,3,"park, point_of_interest, establishment",parks,Jharkhand,Spring,Lohardaga,2
Shied Santosh oraon chainpur more,23.2527556,84.54862709999999,4.2,"park, point_of_interest, establishment",parks,Jharkhand,Spring,Lohardaga,12
Origin of Auranga river,23.6150364,84.6734913,3.9,"park, tourist_attraction, point_of_interest, establishment",parks,Jharkhand,Spring,Lohardaga,56
Birsa Park,23.2838664,84.42203219999999,3,"park, point_of_interest, establishment",parks,Jharkhand,Spring,Lohardaga,1
Children Park,23.6254439,84.7598762,4,"park, point_of_interest, establishment",parks,Jharkhand,Spring,Lohardaga,18
Manrega park,23.2940733,84.963646,3,"park, point_of_interest, establishment",parks,Jharkhand,Spring,Lohardaga,2
Milan Bagicha,23.1699053,84.7485868,3.7,"park, point_of_interest, establishment",parks,Jharkhand,Spring,Lohardaga,9
TS park,23.2722341,84.9501555,4,"park, point_of_interest, establishment",parks,Jharkhand,Spring,Lohardaga,2
KAMLESH ORAON,23.5267923,84.8017398,0,"park, point_of_interest, establishment",parks,Jharkhand,Spring,Lohardaga,0
Purvi forest,23.4369155,84.8632801,5,"park, point_of_interest, establishment",parks,Jharkhand,Spring,Lohardaga,1
Shahreyar's Garden,23.2998525,84.729242,5,"park, point_of_interest, establishment",parks,Jharkhand,Spring,Lohardaga,3
BAGICHA,23.4096983,84.69043620000001,5,"park, point_of_interest, establishment",parks,Jharkhand,Spring,Lohardaga,1
Green Garden,23.4989528,84.973486,0,"park, point_of_interest, establishment",parks,Jharkhand,Spring,Lohardaga,0
Pahan bagicha,23.2093389,84.95600069999999,3,"park, point_of_interest, establishment",parks,Jharkhand,Spring,Lohardaga,2
Ajay kujur,23.43441,84.9240663,5,"park, point_of_interest, establishment",parks,Jharkhand,Spring,Lohardaga,1
Nagjua doranda,23.3868193,84.8867569,5,"park, point_of_interest, establishment",parks,Jharkhand,Spring,Lohardaga,2
Parful kumar,23.571535,84.7697883,0,"park, point_of_interest, establishment",parks,Jharkhand,Spring,Lohardaga,0
SP Ajay kumar Sahid sthal,23.5533111,84.5521485,0,"park, point_of_interest, establishment",parks,Jharkhand,Spring,Lohardaga,0
Umesh mahli,23.3128433,84.8239633,3,"park, point_of_interest, establishment",parks,Jharkhand,Spring,Lohardaga,2
Destiny rest room nandni dam,23.3895546,84.8373143,5,"park, point_of_interest, establishment",parks,Jharkhand,Spring,Lohardaga,1
Sunil Oraon,23.4746696,84.9683321,0,"park, point_of_interest, establishment",parks,Jharkhand,Spring,Lohardaga,0
Priyanka Ka ghar,23.4658956,84.49289379999999,3.7,"park, point_of_interest, establishment",parks,Jharkhand,Spring,Lohardaga,3
Oyana Tangra water place,23.4729388,84.680171,4.7,"park, point_of_interest, establishment",parks,Jharkhand,Spring,Lohardaga,3
Kurgi da,23.2530725,84.7068711,5,"park, point_of_interest, establishment",parks,Jharkhand,Spring,Lohardaga,2
2 Nambar Tlab 2 नंबर तलाब,23.5623848,84.6261463,3,"park, point_of_interest, establishment",parks,Jharkhand,Spring,Lohardaga,1
Kocha,23.5430851,84.6348321,5,"park, point_of_interest, establishment",parks,Jharkhand,Spring,Lohardaga,1
6 Days,23.4006559,84.6739013,0,"park, point_of_interest, establishment",parks,Jharkhand,Spring,Lohardaga,0
Puranatoli Park&Garden(Nawatoli),23.3028151,84.4999886,0,"park, point_of_interest, establishment",parks,Jharkhand,Spring,Lohardaga,0
दसाई उरांव- पुसा उरांव -बुधू उरांव -सोमरे उराव,23.4831027,84.81013709999999,0,"park, point_of_interest, establishment",parks,Jharkhand,Spring,Lohardaga,0
𝙎𝙄𝙏𝙃𝘼 𝙋𝘼𝙃𝘼𝙍 बरही,23.3670687,84.754716,2.3,"park, point_of_interest, establishment",parks,Jharkhand,Spring,Lohardaga,3
Rohit kindo,23.2301185,84.6819074,0,"park, point_of_interest, establishment",parks,Jharkhand,Spring,Lohardaga,0
भौरों मोड,23.3453933,84.77743260000001,3,"park, point_of_interest, establishment",parks,Jharkhand,Spring,Lohardaga,2
Saiyad ansari,23.37733,84.9683999,0,"park, point_of_interest, establishment",parks,Jharkhand,Spring,Lohardaga,0
Bamboo House,23.313362,84.8997169,4.8,"park, point_of_interest, establishment",parks,Jharkhand,Spring,Lohardaga,9
69 jungle,23.4177509,84.6917515,5,"park, point_of_interest, establishment",parks,Jharkhand,Spring,Lohardaga,1
Kandra Chowk Lohardaga,23.3294296,84.6178549,4.5,"park, point_of_interest, establishment",parks,Jharkhand,Spring,Lohardaga,12
Baldeo bagicha,23.1793149,84.9427335,0,"park, point_of_interest, establishment",parks,Jharkhand,Spring,Lohardaga,0
Sanaullah.manzil,23.5357593,84.9168066,0,"park, point_of_interest, establishment",parks,Jharkhand,Spring,Lohardaga,0
ईटा सरना ita sarna,23.2834371,84.9724912,0,"park, point_of_interest, establishment",parks,Jharkhand,Spring,Lohardaga,0
Sarna Jungle Haraiya,23.68447,84.7354741,4.4,"park, point_of_interest, establishment",parks,Jharkhand,Spring,Lohardaga,5
Sandeep House,23.480749,84.91349869999999,0,"park, point_of_interest, establishment",parks,Jharkhand,Spring,Lohardaga,0
बरगद पेड़,23.6808603,84.7927571,4.5,"park, point_of_interest, establishment",parks,Jharkhand,Spring,Lohardaga,2
Shiv Mandir,23.4863075,84.5959061,4.6,"museum, point_of_interest, establishment",museum,Jharkhand,Winter,Lohardaga,5
Makunda akhada मकुंदा अखाड़ा,23.1810721,84.68501839999999,5,"museum, point_of_interest, establishment",museum,Jharkhand,Winter,Lohardaga,2
Ancient Temples,23.3780599,84.7058864,5,"museum, point_of_interest, establishment",museum,Jharkhand,Winter,Lohardaga,1
Harmu,23.4409219,84.6845306,0,"museum, point_of_interest, establishment",museum,Jharkhand,Winter,Lohardaga,0
Sarna place,23.47673,84.946584,0,"museum, point_of_interest, establishment",museum,Jharkhand,Winter,Lohardaga,0
Anup,23.3266,84.64391020000001,0,"museum, point_of_interest, establishment",museum,Jharkhand,Winter,Lohardaga,0
Kidrai,23.1673265,84.76033810000001,0,"museum, point_of_interest, establishment",museum,Jharkhand,Winter,Lohardaga,0
Shahil jio,23.4502972,84.61128,0,"museum, point_of_interest, establishment",museum,Jharkhand,Winter,Lohardaga,0
Chipo tlab,23.4372466,84.78550919999999,0,"museum, point_of_interest, establishment",museum,Jharkhand,Winter,Lohardaga,0
JhunJhuniya Waterfall,23.6023816,84.8973451,4.3,"tourist_attraction, point_of_interest, establishment",waterfalls,Jharkhand,Monsoon,Lohardaga,57
Kanti Waterfall Ladhup,23.5986536,84.842681,4.1,"tourist_attraction, point_of_interest, establishment",waterfalls,Jharkhand,Monsoon,Lohardaga,290
Lawapani waterfall,23.5972,84.5456,4.1,"tourist_attraction, point_of_interest, establishment",waterfalls,Jharkhand,Monsoon,Lohardaga,230
Loha waterfall,23.6139283,84.64617969999999,4.1,"tourist_attraction, point_of_interest, establishment",waterfalls,Jharkhand,Monsoon,Lohardaga,15
Kekrang Waterfall,23.4979385,84.5970101,4,"tourist_attraction, point_of_interest, establishment",waterfalls,Jharkhand,Monsoon,Lohardaga,44
Dhardariya waterfal,23.3920598,84.53250030000001,4.2,"tourist_attraction, point_of_interest, establishment",waterfalls,Jharkhand,Monsoon,Lohardaga,113
Dhawtha waterfall,23.1699574,84.43436229999999,4.7,"tourist_attraction, point_of_interest, establishment",waterfalls,Jharkhand,Monsoon,Lohardaga,3
Bel waterfall,23.4682378,84.89797109999999,0,"tourist_attraction, point_of_interest, establishment",waterfalls,Jharkhand,Monsoon,Lohardaga,0
"Kanti fall chandwa, Latehar",23.5988214,84.8426478,4.2,"tourist_attraction, point_of_interest, establishment",waterfalls,Jharkhand,Monsoon,Lohardaga,17
Jogi waterfall,23.6116313,84.64953679999999,3.8,"tourist_attraction, point_of_interest, establishment",waterfalls,Jharkhand,Monsoon,Lohardaga,11
Masaria Waterfall,23.2029672,84.56076440000001,3.7,"tourist_attraction, point_of_interest, establishment",waterfalls,Jharkhand,Monsoon,Lohardaga,3
CHOTTI RIVER WATERFALL,23.65683,84.9225123,3,"tourist_attraction, point_of_interest, establishment",waterfalls,Jharkhand,Monsoon,Lohardaga,2
pathalkatwa waterfalls,23.6508816,84.4490169,4,"park, point_of_interest, establishment",waterfalls,Jharkhand,Monsoon,Lohardaga,3
Aawra jhariya..,23.6048271,84.6504927,4.9,"tourist_attraction, point_of_interest, establishment",waterfalls,Jharkhand,Monsoon,Lohardaga,14
Bada Talab,23.4382607,84.6811668,4.1,"tourist_attraction, point_of_interest, establishment",waterfalls,Jharkhand,Monsoon,Lohardaga,215
"Roadrick,s Dam",23.5018387,84.6117385,4.2,"tourist_attraction, point_of_interest, establishment",waterfalls,Jharkhand,Monsoon,Lohardaga,22
Dhaura fall,23.6143138,84.7347449,3.6,"tourist_attraction, point_of_interest, establishment",waterfalls,Jharkhand,Monsoon,Lohardaga,7
SARNA JHAKHRA KUMBA,23.4346573,84.68353619999999,3.8,"park, point_of_interest, establishment",waterfalls,Jharkhand,Monsoon,Lohardaga,127
Shiv Temple,23.1773016,84.8802444,4.5,"hindu_temple, place_of_worship, point_of_interest, establishment",temples,Jharkhand,All Seasons,Lohardaga,31
Shiv Mandir Hesalong,23.6643148,84.9541409,4.1,"hindu_temple, place_of_worship, point_of_interest, establishment",temples,Jharkhand,All Seasons,Lohardaga,15
Maha Temple,23.3066933,84.58123359999999,4.6,"hindu_temple, place_of_worship, point_of_interest, establishment",temples,Jharkhand,All Seasons,Lohardaga,105
Dewaaki Temple,23.2797188,84.5314545,4.5,"hindu_temple, place_of_worship, point_of_interest, establishment",temples,Jharkhand,All Seasons,Lohardaga,94
Van Shakti Temple,23.6943107,84.68995840000001,4.4,"hindu_temple, place_of_worship, point_of_interest, establishment",temples,Jharkhand,All Seasons,Lohardaga,22
"Shiv Mandir, Sons",23.5159706,84.95230749999999,4.5,"hindu_temple, place_of_worship, point_of_interest, establishment",temples,Jharkhand,All Seasons,Lohardaga,10
Hanuman Temple,23.4367347,84.67096389999999,4.3,"hindu_temple, place_of_worship, point_of_interest, establishment",temples,Jharkhand,All Seasons,Lohardaga,12
"Hanuman, Temple",23.6868605,84.743263,4.4,"hindu_temple, place_of_worship, point_of_interest, establishment",temples,Jharkhand,All Seasons,Lohardaga,14
Panch Mukhi Hanuman Temple,23.6766111,84.7388829,4.4,"hindu_temple, place_of_worship, point_of_interest, establishment",temples,Jharkhand,All Seasons,Lohardaga,14
Shiv Temple,23.6790814,84.7409323,4.4,"hindu_temple, place_of_worship, point_of_interest, establishment",temples,Jharkhand,All Seasons,Lohardaga,18
Shri Ram mandir Hondaga,23.5144874,84.6889028,4,"hindu_temple, place_of_worship, point_of_interest, establishment",temples,Jharkhand,All Seasons,Lohardaga,4
Shiv Dham Mandir,23.4528441,84.7469845,4.5,"hindu_temple, place_of_worship, point_of_interest, establishment",temples,Jharkhand,All Seasons,Lohardaga,52
Panchmukhi Hanuman Temple,23.4194489,84.67623449999999,4.6,"hindu_temple, place_of_worship, point_of_interest, establishment",temples,Jharkhand,All Seasons,Lohardaga,23
Shiv Mandir,23.4177008,84.6756894,4.2,"hindu_temple, place_of_worship, point_of_interest, establishment",temples,Jharkhand,All Seasons,Lohardaga,12
Barwatoli Temple,23.3820619,84.66674309999999,5,"hindu_temple, place_of_worship, point_of_interest, establishment",temples,Jharkhand,All Seasons,Lohardaga,1
Korambe Mandir,23.3148193,84.64670699999999,4.3,"hindu_temple, place_of_worship, point_of_interest, establishment",temples,Jharkhand,All Seasons,Lohardaga,52
Shiv Mandir,23.4222037,84.6580228,5,"hindu_temple, place_of_worship, point_of_interest, establishment",temples,Jharkhand,All Seasons,Lohardaga,4
"Mahadev Mandir ️ , Bhounro",23.3500087,84.78104650000002,5,"hindu_temple, place_of_worship, point_of_interest, establishment",temples,Jharkhand,All Seasons,Lohardaga,2
Shiv Temple,23.6724768,84.73792739999999,4.1,"hindu_temple, place_of_worship, point_of_interest, establishment",temples,Jharkhand,All Seasons,Lohardaga,8
Temple,23.2541009,84.8138559,0,"hindu_temple, place_of_worship, point_of_interest, establishment",temples,Jharkhand,All Seasons,Lohardaga,0
Hanuman Temple,23.2965714,84.51644379999999,5,"hindu_temple, place_of_worship, point_of_interest, establishment",temples,Jharkhand,All Seasons,Lohardaga,3
Tan Pahad shiv temple,23.485016,84.86025389999999,3.8,"hindu_temple, place_of_worship, point_of_interest, establishment",temples,Jharkhand,All Seasons,Lohardaga,6
Shiv Temple,23.465004,84.7543304,5,"hindu_temple, place_of_worship, point_of_interest, establishment",temples,Jharkhand,All Seasons,Lohardaga,2
shiv mandir Barwatoli,23.5369318,84.85277160000001,4.2,"hindu_temple, place_of_worship, point_of_interest, establishment",temples,Jharkhand,All Seasons,Lohardaga,19
Hanuman temple kalhutoli,23.2995679,84.7453644,5,"hindu_temple, place_of_worship, point_of_interest, establishment",temples,Jharkhand,All Seasons,Lohardaga,2
Durga Mandir Thana Road,23.1715728,84.75344869999999,4.3,"hindu_temple, place_of_worship, point_of_interest, establishment",temples,Jharkhand,All Seasons,Lohardaga,10
Jagannath Mandir,23.2904263,84.9641941,4.4,"hindu_temple, place_of_worship, point_of_interest, establishment",temples,Jharkhand,All Seasons,Lohardaga,9
Hanuman Temple,23.6709498,84.7425746,5,"hindu_temple, place_of_worship, point_of_interest, establishment",temples,Jharkhand,All Seasons,Lohardaga,1
Durga Mandir Chanpi,23.5682762,84.7321995,5,"hindu_temple, place_of_worship, point_of_interest, establishment",temples,Jharkhand,All Seasons,Lohardaga,9
Shiv Mandir,23.4061285,84.7001705,4.2,"hindu_temple, place_of_worship, point_of_interest, establishment",temples,Jharkhand,All Seasons,Lohardaga,6
shiv mandir,23.4988234,84.7776615,4.3,"hindu_temple, place_of_worship, point_of_interest, establishment",temples,Jharkhand,All Seasons,Lohardaga,18
Hanuman Temple Temple Nawatoli khatanga,23.2895181,84.5883097,5,"hindu_temple, place_of_worship, point_of_interest, establishment",temples,Jharkhand,All Seasons,Lohardaga,5
Maha Shiv Mandir,23.429631,84.68062929999999,5,"hindu_temple, place_of_worship, point_of_interest, establishment",temples,Jharkhand,All Seasons,Lohardaga,3
CHATAKPUR,23.5488692,84.7760697,4.8,"hindu_temple, place_of_worship, point_of_interest, establishment",temples,Jharkhand,All Seasons,Lohardaga,4
Radha krishna temple barkadih,23.2278117,84.53561669999999,4.4,"hindu_temple, place_of_worship, point_of_interest, establishment",temples,Jharkhand,All Seasons,Lohardaga,11
Temple Durga,23.2674983,84.55460769999999,4.8,"hindu_temple, place_of_worship, point_of_interest, establishment",temples,Jharkhand,All Seasons,Lohardaga,6
Lord Hanuman Temple,23.694643,84.4633786,3.8,"hindu_temple, place_of_worship, point_of_interest, establishment",temples,Jharkhand,All Seasons,Lohardaga,12
Shiv Temple,23.2989449,84.8818874,3,"place_of_worship, point_of_interest, establishment",temples,Jharkhand,All Seasons,Lohardaga,2
Hanuman Temple,23.2047128,84.55916180000001,4.1,"hindu_temple, place_of_worship, point_of_interest, establishment",temples,Jharkhand,All Seasons,Lohardaga,11
Mahadev mada,23.6839636,84.4703351,5,"place_of_worship, point_of_interest, establishment",temples,Jharkhand,All Seasons,Lohardaga,2
"Shiv Mandir, Forest Colony Checkpost lohardaga",23.4471257,84.690535,5,"hindu_temple, place_of_worship, point_of_interest, establishment",temples,Jharkhand,All Seasons,Lohardaga,1
Shiv Mandir Henjla,23.5423688,84.8785734,4.5,"hindu_temple, place_of_worship, point_of_interest, establishment",temples,Jharkhand,All Seasons,Lohardaga,10
Shiv temple,23.4817214,84.916153,5,"hindu_temple, place_of_worship, point_of_interest, establishment",temples,Jharkhand,All Seasons,Lohardaga,1
Hanuman Temple Patgachha,23.1843284,84.4554682,4.7,"hindu_temple, place_of_worship, point_of_interest, establishment",temples,Jharkhand,All Seasons,Lohardaga,7
"Shiv Temple, Magistrate Colony",23.4496516,84.7025101,0,"hindu_temple, place_of_worship, point_of_interest, establishment",temples,Jharkhand,All Seasons,Lohardaga,0
Siddhi Vinayak Shiv Mandir,23.4392535,84.6883192,5,"hindu_temple, place_of_worship, point_of_interest, establishment",temples,Jharkhand,All Seasons,Lohardaga,10
Hanuman Temple Harijan Nagar,23.4221441,84.6553251,5,"hindu_temple, place_of_worship, point_of_interest, establishment",temples,Jharkhand,All Seasons,Lohardaga,3
Mahadev Mandap (Shiva Temple),23.6101165,84.72890269999999,4.3,"hindu_temple, place_of_worship, point_of_interest, establishment",temples,Jharkhand,All Seasons,Lohardaga,17
Shiv Temple,23.2228669,84.88932969999999,3.7,"hindu_temple, place_of_worship, point_of_interest, establishment",temples,Jharkhand,All Seasons,Lohardaga,6
Bajrang Bali Temple,23.3854332,84.8767487,5,"hindu_temple, place_of_worship, point_of_interest, establishment",temples,Jharkhand,All Seasons,Lohardaga,1
"Ancient Stone Temple, Khakparta",23.4528048,84.7470398,4.5,"hindu_temple, place_of_worship, point_of_interest, establishment",temples,Jharkhand,All Seasons,Lohardaga,2
Shiv Mandir,23.1681693,84.7640286,4,"hindu_temple, place_of_worship, point_of_interest, establishment",temples,Jharkhand,All Seasons,Lohardaga,11
सरना स्थल ऐतिहासिक जयस्तंभ Temple bhaunro,23.3470694,84.777677,3,"place_of_worship, point_of_interest, establishment",temples,Jharkhand,All Seasons,Lohardaga,1
Shiv Temple,23.6838202,84.7433313,5,"hindu_temple, place_of_worship, point_of_interest, establishment",temples,Jharkhand,All Seasons,Lohardaga,3
Shiv Mandir,23.340376,84.88308099999999,4.3,"hindu_temple, place_of_worship, point_of_interest, establishment",temples,Jharkhand,All Seasons,Lohardaga,3
Hanuman Temple and praduman tent house marriage,23.6897148,84.74717509999999,4,"hindu_temple, place_of_worship, point_of_interest, establishment",temples,Jharkhand,All Seasons,Lohardaga,13
बाबा अखिलेश्वर धाम,23.3747943,84.79493099999999,4.7,"hindu_temple, place_of_worship, point_of_interest, establishment",temples,Jharkhand,All Seasons,Lohardaga,113
Ram Darbar Temple Saroj Nagar,23.6791123,84.73866559999999,4.1,"hindu_temple, place_of_worship, point_of_interest, establishment",temples,Jharkhand,All Seasons,Lohardaga,7
Bajrang Bali Temple,23.2648567,84.555705,4,"hindu_temple, place_of_worship, point_of_interest, establishment",temples,Jharkhand,All Seasons,Lohardaga,11
Gulaychi Temple,23.6829493,84.73254759999999,3.6,"hindu_temple, place_of_worship, point_of_interest, establishment",temples,Jharkhand,All Seasons,Lohardaga,16
Bagru Hills,23.4826885,84.59777419999999,4.3,"tourist_attraction, point_of_interest, establishment",hills,Jharkhand,Winter,Lohardaga,56
Hotel Highway Hill,23.6708125,84.73481249999999,3.9,"lodging, point_of_interest, establishment",hills,Jharkhand,Winter,Lohardaga,39
Nakta Hill,23.5747625,84.9611094,4.3,"tourist_attraction, park, point_of_interest, establishment",hills,Jharkhand,Winter,Lohardaga,664
bantoli hill,23.3257919,84.90885229999999,4,"park, point_of_interest, establishment",hills,Jharkhand,Winter,Lohardaga,37
Tigor hill बाघ लता,23.2105625,84.8631875,4.2,"tourist_attraction, point_of_interest, establishment",hills,Jharkhand,Winter,Lohardaga,10
Korambe hill,23.32225,84.65455829999999,4.6,"tourist_attraction, point_of_interest, establishment",hills,Jharkhand,Winter,Lohardaga,9
Bartola hill,23.4497631,84.8833805,5,"park, point_of_interest, establishment",hills,Jharkhand,Winter,Lohardaga,2
KHAMARPAT HILL,23.6063261,84.6799578,3.5,"tourist_attraction, point_of_interest, establishment",hills,Jharkhand,Winter,Lohardaga,2
Black Hills,23.4180048,84.63694079999999,5,"tourist_attraction, point_of_interest, establishment",hills,Jharkhand,Winter,Lohardaga,3
Itra Hills,23.4887536,84.88366479999999,3.3,"park, point_of_interest, establishment",hills,Jharkhand,Winter,Lohardaga,6
HILL TOP GIRLS HOSTEL,23.6509314,84.9466733,4,"lodging, point_of_interest, establishment",hills,Jharkhand,Winter,Lohardaga,4
HILLS MEMORIAL PROJECT,23.4350227,84.61872579999999,5,"point_of_interest, establishment",hills,Jharkhand,Winter,Lohardaga,23
Hill Heaven,23.650459,84.9496295,0,"point_of_interest, establishment",hills,Jharkhand,Winter,Lohardaga,0
Uper hisri hills,23.4609538,84.608667,2.8,"tourist_attraction, point_of_interest, establishment",hills,Jharkhand,Winter,Lohardaga,4
Koredag Hills,23.2214858,84.73648109999999,2,"park, point_of_interest, establishment",hills,Jharkhand,Winter,Lohardaga,1
Origin of Auranga river,23.6150364,84.6734913,3.9,"park, tourist_attraction, point_of_interest, establishment",hills,Jharkhand,Winter,Lohardaga,56
JhunJhuniya Waterfall,23.6023816,84.8973451,4.3,"tourist_attraction, point_of_interest, establishment",hills,Jharkhand,Winter,Lohardaga,57
Kakargarh Pahad,23.505591,84.9099461,4,"tourist_attraction, point_of_interest, establishment",hills,Jharkhand,Winter,Lohardaga,16
Mccluskieganj mountain,23.6434044,84.9344565,3.4,"park, point_of_interest, establishment",hills,Jharkhand,Winter,Lohardaga,9
Pajhri,23.3533855,84.8176862,No rating,"locality, political",hills,Jharkhand,Winter,Lohardaga,0
Nakta Hill,23.5747625,84.9611094,4.3,"tourist_attraction, park, point_of_interest, establishment",attraction,Jharkhand,All Seasons,Lohardaga,664
Kanti Waterfall Ladhup,23.5986536,84.842681,4.1,"tourist_attraction, point_of_interest, establishment",attraction,Jharkhand,All Seasons,Lohardaga,290
"Kanti fall chandwa, Latehar",23.5988214,84.8426478,4.2,"tourist_attraction, point_of_interest, establishment",attraction,Jharkhand,All Seasons,Lohardaga,17
Lawapani waterfall,23.5972,84.5456,4.1,"tourist_attraction, point_of_interest, establishment",attraction,Jharkhand,All Seasons,Lohardaga,230
Radha mountain jingi,23.4930588,84.8570848,3.9,"tourist_attraction, point_of_interest, establishment",attraction,Jharkhand,All Seasons,Lohardaga,7
Korambe hill,23.32225,84.65455829999999,4.6,"tourist_attraction, point_of_interest, establishment",attraction,Jharkhand,All Seasons,Lohardaga,9
Suraj fall,23.6027211,84.7376182,5,"tourist_attraction, point_of_interest, establishment",attraction,Jharkhand,All Seasons,Lohardaga,1
Black Hills,23.4180048,84.63694079999999,5,"tourist_attraction, point_of_interest, establishment",attraction,Jharkhand,All Seasons,Lohardaga,3
Dega Degi River,23.6751053,84.9280484,3.8,"tourist_attraction, point_of_interest, establishment",attraction,Jharkhand,All Seasons,Lohardaga,18
Sun Point,23.5477588,84.85465339999999,3.3,"tourist_attraction, point_of_interest, establishment",attraction,Jharkhand,All Seasons,Lohardaga,3
Beyasi pond,23.4080836,84.9119927,3.8,"tourist_attraction, point_of_interest, establishment",attraction,Jharkhand,All Seasons,Lohardaga,8
Pair ladder,23.3453363,84.8185194,3.7,"tourist_attraction, point_of_interest, establishment",attraction,Jharkhand,All Seasons,Lohardaga,12
Totambi Dam,23.1990471,84.5359476,3.1,"tourist_attraction, point_of_interest, establishment",attraction,Jharkhand,All Seasons,Lohardaga,7
Kekrang Waterfall,23.4979385,84.5970101,4,"tourist_attraction, point_of_interest, establishment",attraction,Jharkhand,All Seasons,Lohardaga,44
Watch tower,23.6569266,84.9531413,4,"tourist_attraction, point_of_interest, establishment",attraction,Jharkhand,All Seasons,Lohardaga,36
Happy picnic spot,23.1893636,84.6599227,4.3,"tourist_attraction, point_of_interest, establishment",attraction,Jharkhand,All Seasons,Lohardaga,7
Dam picnic place,23.3884034,84.8424524,3.5,"tourist_attraction, point_of_interest, establishment",attraction,Jharkhand,All Seasons,Lohardaga,13
Kakargarh Pahad,23.505591,84.9099461,4,"tourist_attraction, point_of_interest, establishment",attraction,Jharkhand,All Seasons,Lohardaga,16
Amliya forest,23.2953824,84.8959282,2.3,"tourist_attraction, point_of_interest, establishment",attraction,Jharkhand,All Seasons,Lohardaga,3
Nakta pahad,23.5659392,84.9522239,0,"tourist_attraction, point_of_interest, establishment",attraction,Jharkhand,All Seasons,Lohardaga,0
Dhaura fall,23.6143138,84.7347449,3.6,"tourist_attraction, point_of_interest, establishment",attraction,Jharkhand,All Seasons,Lohardaga,7
Aawra jhariya..,23.6048271,84.6504927,4.9,"tourist_attraction, point_of_interest, establishment",attraction,Jharkhand,All Seasons,Lohardaga,14
Chiro tongri,23.2630318,84.5716975,3.6,"tourist_attraction, point_of_interest, establishment",attraction,Jharkhand,All Seasons,Lohardaga,8
Dhawtha waterfall,23.1699574,84.43436229999999,4.7,"tourist_attraction, point_of_interest, establishment",attraction,Jharkhand,All Seasons,Lohardaga,3
JhunJhuniya Waterfall,23.6023816,84.8973451,4.3,"tourist_attraction, point_of_interest, establishment",attraction,Jharkhand,All Seasons,Lohardaga,57
Auranga River Picnic Spot Richughuta,23.6519,84.6138423,4.5,"tourist_attraction, point_of_interest, establishment",attraction,Jharkhand,All Seasons,Lohardaga,2
Jogi waterfall,23.6116313,84.64953679999999,3.8,"tourist_attraction, point_of_interest, establishment",attraction,Jharkhand,All Seasons,Lohardaga,11
Pakhar Masti Sunset Point,23.5538763,84.5887875,5,"tourist_attraction, point_of_interest, establishment",attraction,Jharkhand,All Seasons,Lohardaga,2
Takala pahad,23.6113314,84.6938085,5,"tourist_attraction, point_of_interest, establishment",attraction,Jharkhand,All Seasons,Lohardaga,1
Tangisikwar dam,23.2631707,84.5754626,4.6,"tourist_attraction, point_of_interest, establishment",attraction,Jharkhand,All Seasons,Lohardaga,9
Loha waterfall,23.6139283,84.64617969999999,4.1,"tourist_attraction, point_of_interest, establishment",attraction,Jharkhand,All Seasons,Lohardaga,15
South Koel River,23.3724286,84.70853369999999,4.1,"tourist_attraction, point_of_interest, establishment",attraction,Jharkhand,All Seasons,Lohardaga,11
Bada Talab,23.4382607,84.6811668,4.1,"tourist_attraction, point_of_interest, establishment",attraction,Jharkhand,All Seasons,Lohardaga,215
Bel waterfall,23.4682378,84.89797109999999,0,"tourist_attraction, point_of_interest, establishment",attraction,Jharkhand,All Seasons,Lohardaga,0
Sarju Valley View Point,23.6609795,84.3867977,4.7,"tourist_attraction, point_of_interest, establishment",attraction,Jharkhand,All Seasons,Lohardaga,19
3 number talab,23.543575,84.60274199999999,5,"tourist_attraction, point_of_interest, establishment",attraction,Jharkhand,All Seasons,Lohardaga,1
Chandlaso dam,23.5209911,84.8833799,4.1,"tourist_attraction, point_of_interest, establishment",attraction,Jharkhand,All Seasons,Lohardaga,8
पक्का बांध आदर,23.3063032,84.46290809999999,0,"tourist_attraction, point_of_interest, establishment",attraction,Jharkhand,All Seasons,Lohardaga,0
Kandra bridge local favorites Aria,23.3222309,84.6311818,5,"tourist_attraction, point_of_interest, establishment",attraction,Jharkhand,All Seasons,Lohardaga,1
8 Mountain View,23.5054523,84.9042193,4.5,"tourist_attraction, point_of_interest, establishment",attraction,Jharkhand,All Seasons,Lohardaga,8
बड़ा तालाब buti,23.3296075,84.59739739999999,0,"tourist_attraction, point_of_interest, establishment",attraction,Jharkhand,All Seasons,Lohardaga,0
Jamti dark forest,23.5613147,84.41317049999999,0,"tourist_attraction, point_of_interest, establishment",attraction,Jharkhand,All Seasons,Lohardaga,0
Masaria Waterfall,23.2029672,84.56076440000001,3.7,"tourist_attraction, point_of_interest, establishment",attraction,Jharkhand,All Seasons,Lohardaga,3
Pakhar Koil View पाखर कोयल व्यू,23.5621042,84.62806739999999,4,"tourist_attraction, point_of_interest, establishment",attraction,Jharkhand,All Seasons,Lohardaga,2
"Roadrick,s Dam",23.5018387,84.6117385,4.2,"tourist_attraction, point_of_interest, establishment",attraction,Jharkhand,All Seasons,Lohardaga,22
Sargaon Dam,23.1826668,84.4127575,4,"tourist_attraction, point_of_interest, establishment",attraction,Jharkhand,All Seasons,Lohardaga,1
Navranga dam opa,23.5027313,84.9659788,5,"tourist_attraction, point_of_interest, establishment",attraction,Jharkhand,All Seasons,Lohardaga,1
Dhardariya waterfal,23.3920598,84.53250030000001,4.2,"tourist_attraction, point_of_interest, establishment",attraction,Jharkhand,All Seasons,Lohardaga,113
Jannat,23.6299227,84.6329772,0,"tourist_attraction, point_of_interest, establishment",attraction,Jharkhand,All Seasons,Lohardaga,0
Tigor hill बाघ लता,23.2105625,84.8631875,4.2,"tourist_attraction, point_of_interest, establishment",attraction,Jharkhand,All Seasons,Lohardaga,10
Uper hisri hills,23.4609538,84.608667,2.8,"tourist_attraction, point_of_interest, establishment",attraction,Jharkhand,All Seasons,Lohardaga,4
Tan pahad (तान पहाड़),23.4909493,84.84897389999999,0,"tourist_attraction, point_of_interest, establishment",attraction,Jharkhand,All Seasons,Lohardaga,0
Buchaopa Dam,23.499637,84.945602,4.1,"tourist_attraction, point_of_interest, establishment",attraction,Jharkhand,All Seasons,Lohardaga,35
Khawaskhijri Pahar,23.3636875,84.8911875,3.3,"tourist_attraction, point_of_interest, establishment",attraction,Jharkhand,All Seasons,Lohardaga,4
Jonjro river point,23.4773632,84.8366655,1,"tourist_attraction, point_of_interest, establishment",attraction,Jharkhand,All Seasons,Lohardaga,1
Bandh buti,23.3292452,84.6079867,0,"tourist_attraction, point_of_interest, establishment",attraction,Jharkhand,All Seasons,Lohardaga,0
Sangam koel view,23.1672677,84.65845379999999,5,"tourist_attraction, point_of_interest, establishment",attraction,Jharkhand,All Seasons,Lohardaga,1
Danru Jhaljamira Pool,23.3606631,84.69749709999999,3,"tourist_attraction, point_of_interest, establishment",attraction,Jharkhand,All Seasons,Lohardaga,2
Tati talab,23.4535008,84.8818855,5,"tourist_attraction, point_of_interest, establishment",attraction,Jharkhand,All Seasons,Lohardaga,3
Velle (bunu) pahar,23.4614559,84.92420179999999,4,"tourist_attraction, point_of_interest, establishment",attraction,Jharkhand,All Seasons,Lohardaga,4
Children Park,24.4617634,88.07027099999999,4.2,"park, point_of_interest, establishment",parks,Jharkhand,Spring,Pakur,99
Dhuliyan green Park,24.6773406,87.952355,4,"park, point_of_interest, establishment",parks,Jharkhand,Spring,Pakur,440
Kazi Nazrul Park,24.4695041,88.0810947,3.9,"park, point_of_interest, establishment",parks,Jharkhand,Spring,Pakur,318
Netaji Subhash Dwip,24.4676781,88.0668029,4.1,"park, point_of_interest, establishment",parks,Jharkhand,Spring,Pakur,1686
DREAM VALLEY CHILDREN PARK,24.8364375,87.9767969,4.1,"park, point_of_interest, establishment",parks,Jharkhand,Spring,Pakur,44
Sanhati Udyan,24.6771145,87.95272419999999,4.1,"park, point_of_interest, establishment",parks,Jharkhand,Spring,Pakur,16
Sadar Ghat Park,24.4677219,88.06681259999999,4.3,"park, point_of_interest, establishment",parks,Jharkhand,Spring,Pakur,365
Dhuliyan Ghat park,24.6854233,87.9566433,4,"park, point_of_interest, establishment",parks,Jharkhand,Spring,Pakur,55
Sido-Kanhu Murmu Park,24.6364883,87.8337488,3.9,"park, point_of_interest, establishment",parks,Jharkhand,Spring,Pakur,1187
Children Park,24.4664811,88.0661786,3.9,"park, point_of_interest, establishment",parks,Jharkhand,Spring,Pakur,38
"SIDHU KANHU MURMU PARK,Bhognadih",24.8620798,87.6035723,4,"park, point_of_interest, establishment",parks,Jharkhand,Spring,Pakur,129
সোনামসজিদ রঙধনু পার্ক,24.8143343,88.1409137,4.1,"park, point_of_interest, establishment",parks,Jharkhand,Spring,Pakur,75
"Prakriti Vihar Park, Amrapara",24.5138138,87.5708148,3.9,"park, point_of_interest, establishment",parks,Jharkhand,Spring,Pakur,148
Beer Hill,24.8479557,87.75617659999999,4.3,"park, point_of_interest, establishment",parks,Jharkhand,Spring,Pakur,59
Sona Masjid Park,24.8135048,88.1455002,4.3,"amusement_park, park, point_of_interest, establishment",parks,Jharkhand,Spring,Pakur,321
Kashimnagar Green Valley,24.4298335,87.9278065,4.5,"park, point_of_interest, establishment",parks,Jharkhand,Spring,Pakur,6
Milan Mandir Park,24.8096063,87.9166699,4.3,"park, point_of_interest, establishment",parks,Jharkhand,Spring,Pakur,100
"রংধনু পার্ক এন্ড পিকনিক গ্রাউন্ড, সোনামসজিদ, চাঁপাই নবাবগঞ্জ",24.8140364,88.13981629999999,4.1,"park, point_of_interest, establishment",parks,Jharkhand,Spring,Pakur,76
Mango garden,24.6462252,87.8473989,4.3,"park, point_of_interest, establishment",parks,Jharkhand,Spring,Pakur,14
फूलो झानो पार्क,24.8986901,87.6244677,3.8,"park, point_of_interest, establishment",parks,Jharkhand,Spring,Pakur,16
Madhu Bitan Park,24.5188755,87.8801771,4.6,"park, point_of_interest, establishment",parks,Jharkhand,Spring,Pakur,11
Ganga View Park,24.77898,87.90832689999999,4.1,"park, point_of_interest, establishment",parks,Jharkhand,Spring,Pakur,75
Domdoma butiful nature,24.4311233,87.7920619,4.3,"park, point_of_interest, establishment",parks,Jharkhand,Spring,Pakur,10
Joyti Park,24.7698809,87.89428389999999,3.5,"park, point_of_interest, establishment",parks,Jharkhand,Spring,Pakur,4
Park,24.8957368,87.5981738,3.8,"park, point_of_interest, establishment",parks,Jharkhand,Spring,Pakur,4
BAJITPUR Park,24.4901625,88.1274275,4.6,"park, point_of_interest, establishment",parks,Jharkhand,Spring,Pakur,8
Bank Colony park,24.6336699,87.84508439999999,3.6,"park, point_of_interest, establishment",parks,Jharkhand,Spring,Pakur,24
Rabindranath Tagore Statue,24.8030137,87.9134526,4.7,"park, point_of_interest, establishment",parks,Jharkhand,Spring,Pakur,7
Mollick Bhai Garden,24.3724044,87.8712719,4.5,"park, point_of_interest, establishment",parks,Jharkhand,Spring,Pakur,11
Chandradeep Shishu Udyan,24.517712,88.04650389999999,4,"park, point_of_interest, establishment",parks,Jharkhand,Spring,Pakur,10
সংহতি ইকো পার্ক,24.6420244,87.92942719999999,5,"park, point_of_interest, establishment",parks,Jharkhand,Spring,Pakur,3
Dwipchar natural Park,24.4410451,88.12160209999999,4,"park, point_of_interest, establishment",parks,Jharkhand,Spring,Pakur,12
Kalupur garden,24.5565019,88.0653677,3,"park, point_of_interest, establishment",parks,Jharkhand,Spring,Pakur,2
Zaha Village Park,24.7024856,88.1141395,3.8,"park, point_of_interest, establishment",parks,Jharkhand,Spring,Pakur,5
MS KHAN & SONS BAGAN BARI,24.5191857,87.8514101,4.2,"park, point_of_interest, establishment",parks,Jharkhand,Spring,Pakur,139
Tantipara Park,24.463217,88.0741196,3.2,"park, point_of_interest, establishment",parks,Jharkhand,Spring,Pakur,17
Mira Bhavan,24.649829,87.969454,4.6,"park, point_of_interest, establishment",parks,Jharkhand,Spring,Pakur,43
PAKUR New park,24.6335492,87.845356,4.5,"park, point_of_interest, establishment",parks,Jharkhand,Spring,Pakur,4
Netaji Centenary Park,24.7878285,87.9096606,3.6,"park, point_of_interest, establishment",parks,Jharkhand,Spring,Pakur,5
Swami Vivekananda Statue,24.8038692,87.9103154,4.8,"park, point_of_interest, establishment",parks,Jharkhand,Spring,Pakur,4
Jannat,24.8460746,87.7543141,4.4,"park, point_of_interest, establishment",parks,Jharkhand,Spring,Pakur,9
রংধনু পার্ক আকর্ষণীয় বাগান Randhunu park Garden,24.8141338,88.1407091,5,"park, point_of_interest, establishment",parks,Jharkhand,Spring,Pakur,1
Graveyard,24.6342227,87.84943729999999,4.7,"park, point_of_interest, establishment",parks,Jharkhand,Spring,Pakur,16
Gour park,24.8677874,88.1316956,4.8,"park, point_of_interest, establishment",parks,Jharkhand,Spring,Pakur,20
Jiemsk,24.6010587,88.0393062,4.2,"park, point_of_interest, establishment",parks,Jharkhand,Spring,Pakur,16
Aliza Garden,24.427558,87.96257779999999,5,"park, point_of_interest, establishment",parks,Jharkhand,Spring,Pakur,1
Hazi Garden,24.4788973,87.94917090000001,1,"park, point_of_interest, establishment",parks,Jharkhand,Spring,Pakur,1
"Children Park, Palashi, Farakka.",24.8147242,87.9086327,5,"park, point_of_interest, establishment",parks,Jharkhand,Spring,Pakur,2
Achyuta das,24.3920993,88.1473053,0,"park, point_of_interest, establishment",parks,Jharkhand,Spring,Pakur,0
Mango garden padda side,24.6688431,87.9646369,4.5,"park, point_of_interest, establishment",parks,Jharkhand,Spring,Pakur,2
Krishnapur city park,24.887171,88.0153568,2,"park, point_of_interest, establishment",parks,Jharkhand,Spring,Pakur,1
Sabuj deep,24.4704004,88.0665777,4.1,"park, point_of_interest, establishment",parks,Jharkhand,Spring,Pakur,15
Viral Park Dhuliyan,24.6770737,87.952916,0,"park, point_of_interest, establishment",parks,Jharkhand,Spring,Pakur,0
Sulitala Mission More,24.6595641,87.9499575,4.4,"park, point_of_interest, establishment",parks,Jharkhand,Spring,Pakur,9
Jaunpur park,24.4521135,88.03081,3,"park, point_of_interest, establishment",parks,Jharkhand,Spring,Pakur,2
GM OFFICE PARK,24.3669966,88.1129419,0,"park, point_of_interest, establishment",parks,Jharkhand,Spring,Pakur,0
Simultola Park,24.8200694,87.94080749999999,0,"park, point_of_interest, establishment",parks,Jharkhand,Spring,Pakur,0
Baliaghati Eden Garden Stadium,24.6015897,87.9656155,5,"park, point_of_interest, establishment",parks,Jharkhand,Spring,Pakur,1
Mango Garden,24.7832349,87.89407229999999,5,"park, point_of_interest, establishment",parks,Jharkhand,Spring,Pakur,1
Mini park,24.4541265,88.12380399999999,0,"park, point_of_interest, establishment",parks,Jharkhand,Spring,Pakur,0
নয়াগ্ৰাম জুম্মা মসজিদ,24.4151888,87.95108069999999,4.4,"museum, point_of_interest, establishment",museum,Jharkhand,Winter,Pakur,20
Puspa Provat Newspaper Museum,24.8487032,88.042889,5,"museum, point_of_interest, establishment",museum,Jharkhand,Winter,Pakur,1
S Blause Museum,24.4703264,88.0750453,4.6,"museum, point_of_interest, establishment",museum,Jharkhand,Winter,Pakur,7
"Tahakhana, Majar and Mosjid",24.8176974,88.1395568,4.6,"museum, point_of_interest, establishment",museum,Jharkhand,Winter,Pakur,601
Daud Khan,24.7888716,87.80952719999999,0,"museum, point_of_interest, establishment",museum,Jharkhand,Winter,Pakur,0
jumma Masjid,24.825368,88.1195305,4.5,"museum, point_of_interest, establishment",museum,Jharkhand,Winter,Pakur,2
Ejaj khan,24.5147264,88.0160368,0,"museum, point_of_interest, establishment",museum,Jharkhand,Winter,Pakur,0
Binodpur Shahid Minar,24.7397154,88.1049882,5,"museum, point_of_interest, establishment",museum,Jharkhand,Winter,Pakur,1
PALI HAUT JAME MASHJID,24.7210409,87.87189169999999,3.4,"museum, point_of_interest, establishment",museum,Jharkhand,Winter,Pakur,20
Nasiruddin sk,24.4604181,88.08660379999999,0,"museum, point_of_interest, establishment",museum,Jharkhand,Winter,Pakur,0
Polad haji para Jame masjid,24.7199261,87.9794615,4.6,"museum, point_of_interest, establishment",museum,Jharkhand,Winter,Pakur,5
HOME OF KRISHNA MOHAN PANDIT,24.82288,87.7346649,4,"museum, point_of_interest, establishment",museum,Jharkhand,Winter,Pakur,4
Rubel Vobon,24.8248093,88.0574894,3,"museum, point_of_interest, establishment",museum,Jharkhand,Winter,Pakur,3
Sido Kanhu Murmu Home Bhognadih,24.8647358,87.603663,4.7,"museum, point_of_interest, establishment",museum,Jharkhand,Winter,Pakur,3
Rampur जुम्मा मस्जिद,24.4877228,87.79619550000001,3.1,"museum, point_of_interest, establishment",museum,Jharkhand,Winter,Pakur,26
দিয়ার রানীনগর ঈদগাহ ময়দান,24.4295361,88.1193975,3.6,"museum, point_of_interest, establishment",museum,Jharkhand,Winter,Pakur,9
Jamal Hossain Khan,24.5587821,87.9016541,0,"museum, point_of_interest, establishment",museum,Jharkhand,Winter,Pakur,0
new masjid,24.6733405,87.87621089999999,3,"museum, point_of_interest, establishment",museum,Jharkhand,Winter,Pakur,1
Gumti Darwaza,24.8678787,88.1321103,4.4,"tourist_attraction, museum, point_of_interest, establishment",museum,Jharkhand,Winter,Pakur,115
Juma Mosjid,24.4782678,88.0515744,3,"museum, point_of_interest, establishment",museum,Jharkhand,Winter,Pakur,1
Monument of Sah Niamatullah,24.818503,88.13933759999999,5,"museum, point_of_interest, establishment",museum,Jharkhand,Winter,Pakur,3
১৫/রাশিয়া,24.6801367,88.12566609999999,4,"museum, point_of_interest, establishment",museum,Jharkhand,Winter,Pakur,2
Ghari Chasma Museum ( Siraj Ghari Ghar),24.4586605,88.0656039,5,"store, point_of_interest, establishment",museum,Jharkhand,Winter,Pakur,1
Ladies Lily Beauty Parlor & Blouse Museum,24.4630941,88.0647606,2.8,"gym, health, point_of_interest, establishment",museum,Jharkhand,Winter,Pakur,16
GHARI CHASMA MUSEUM (COUNTER 2),24.4590436,88.06615359999999,5,"store, point_of_interest, establishment",museum,Jharkhand,Winter,Pakur,1
Maa Maghi Kali Mandir,24.7716369,87.9049659,3,"hindu_temple, museum, place_of_worship, point_of_interest, establishment",museum,Jharkhand,Winter,Pakur,2
Deshmatrikar Bichitra Sangraha,24.4351109,87.9090601,4.4,"museum, point_of_interest, establishment",museum,Jharkhand,Winter,Pakur,9
Bajrangbali Mandir,24.728635,87.7480377,5,"museum, point_of_interest, establishment",museum,Jharkhand,Winter,Pakur,3
Ashiq sk,24.6750194,87.9447117,0,"museum, point_of_interest, establishment",museum,Jharkhand,Winter,Pakur,0
Hajikul don house,24.7967334,87.99727279999999,1,"museum, point_of_interest, establishment",museum,Jharkhand,Winter,Pakur,3
Panjabi museum,24.4609719,88.0648346,0,"shopping_mall, point_of_interest, establishment",museum,Jharkhand,Winter,Pakur,0
অক্ত মসজিদ,24.4040933,88.0842431,0,"museum, point_of_interest, establishment",museum,Jharkhand,Winter,Pakur,0
Sariful Islam,24.7374833,88.01299739999999,0,"museum, point_of_interest, establishment",museum,Jharkhand,Winter,Pakur,0
"Prakriti Vihar Park, Amrapara",24.5138138,87.5708148,3.9,"park, point_of_interest, establishment",waterfalls,Jharkhand,Monsoon,Pakur,148
Ganga Beach,24.777682,87.92721030000001,4.5,"point_of_interest, establishment",beaches,Jharkhand,Summer,Pakur,8
RAJBAARI,24.7427351,87.8168245,4.2,"tourist_attraction, point_of_interest, establishment",beaches,Jharkhand,Summer,Pakur,98
Farakka Barrage Gandhi Ghat,24.8091867,87.91830739999999,4.5,"park, point_of_interest, establishment",beaches,Jharkhand,Summer,Pakur,543
"Ambedkar Park,FHC,NTPC Farakka",24.7898051,87.9108128,2.5,"park, point_of_interest, establishment",beaches,Jharkhand,Summer,Pakur,2
Hariganj Bamboo Barige,24.6574285,87.9092221,5,"point_of_interest, establishment",beaches,Jharkhand,Summer,Pakur,3
Trip Sailor,24.6836648,87.955811,5,"travel_agency, point_of_interest, establishment",beaches,Jharkhand,Summer,Pakur,120
"Bank of India, Birkiti",24.4342846,87.7706603,2.7,"bank, point_of_interest, finance, establishment",beaches,Jharkhand,Summer,Pakur,11
Vodafone Mini Store,24.462239,88.06093299999999,3.6,"store, point_of_interest, establishment",beaches,Jharkhand,Summer,Pakur,111
sahil gore,24.6739899,87.92977429999999,0,"zoo, point_of_interest, establishment",zoo,Jharkhand,Winter,Pakur,0
Netaji Subhash Dwip,24.4676781,88.0668029,4.1,"park, point_of_interest, establishment",zoo,Jharkhand,Winter,Pakur,1686
Maa Singhwahini Temple,24.4290441,87.64654829999999,4.8,"hindu_temple, place_of_worship, point_of_interest, establishment",temples,Jharkhand,All Seasons,Pakur,22
Maa Binduwasini Mandir,24.8644798,87.7631093,4.5,"hindu_temple, place_of_worship, point_of_interest, establishment",temples,Jharkhand,All Seasons,Pakur,512
Shill Durga Mandir,24.7046839,87.7014372,4.5,"hindu_temple, place_of_worship, point_of_interest, establishment",temples,Jharkhand,All Seasons,Pakur,63
Banyeswar Shiva Temple,24.370599,88.0044546,4.2,"hindu_temple, place_of_worship, point_of_interest, establishment",temples,Jharkhand,All Seasons,Pakur,60
DURGA TEMPLE,24.8059488,87.9657453,4.2,"hindu_temple, place_of_worship, point_of_interest, establishment",temples,Jharkhand,All Seasons,Pakur,14
Bankat Baba Temple,24.883173,88.0194952,3.7,"hindu_temple, place_of_worship, point_of_interest, establishment",temples,Jharkhand,All Seasons,Pakur,21
Dakshingram Laxmi Narayan Temple,24.3730457,88.00370649999999,5,"hindu_temple, place_of_worship, point_of_interest, establishment",temples,Jharkhand,All Seasons,Pakur,1
Shri Shiv Sheetla Mandir,24.6334487,87.85444509999999,4.4,"hindu_temple, place_of_worship, point_of_interest, establishment",temples,Jharkhand,All Seasons,Pakur,76
Krishna Temple,24.7004991,87.6994787,4.5,"hindu_temple, place_of_worship, point_of_interest, establishment",temples,Jharkhand,All Seasons,Pakur,11
Alaipur Combined Temple,24.733983,87.90392229999999,4,"hindu_temple, place_of_worship, point_of_interest, establishment",temples,Jharkhand,All Seasons,Pakur,16
Sarbeswarpu Durga temple,24.6049331,88.03345499999999,3.9,"hindu_temple, place_of_worship, point_of_interest, establishment",temples,Jharkhand,All Seasons,Pakur,28
Shiv temple,24.5749269,87.8718457,4.8,"hindu_temple, place_of_worship, point_of_interest, establishment",temples,Jharkhand,All Seasons,Pakur,4
ISKCON Temple,24.6368574,87.8444792,4.5,"hindu_temple, place_of_worship, point_of_interest, establishment",temples,Jharkhand,All Seasons,Pakur,85
Radha Gobinda Temple,24.5003531,88.0413672,5,"hindu_temple, place_of_worship, point_of_interest, establishment",temples,Jharkhand,All Seasons,Pakur,3
KALI TEMPLE,24.8113782,87.9770731,4.3,"hindu_temple, place_of_worship, point_of_interest, establishment",temples,Jharkhand,All Seasons,Pakur,6
DURGA TEMPLE,24.8113782,87.9770731,5,"hindu_temple, place_of_worship, point_of_interest, establishment",temples,Jharkhand,All Seasons,Pakur,4
Shiv Temple Tetulia,24.361186,87.6680063,4.9,"hindu_temple, place_of_worship, point_of_interest, establishment",temples,Jharkhand,All Seasons,Pakur,8
Radha Gobinda Temple,24.6912579,87.965066,4.3,"hindu_temple, place_of_worship, point_of_interest, establishment",temples,Jharkhand,All Seasons,Pakur,30
Hanuman Mandir,24.6371877,87.81680279999999,5,"hindu_temple, place_of_worship, point_of_interest, establishment",temples,Jharkhand,All Seasons,Pakur,5
Shree Shree Thakur Bari Mandir,24.6364317,87.8516959,4.5,"hindu_temple, place_of_worship, point_of_interest, establishment",temples,Jharkhand,All Seasons,Pakur,12
Shreegaleswari Temple (শ্রী শ্রী মা শৃগালেস্বরী মন্দির),24.4809867,87.95827899999999,5,"hindu_temple, place_of_worship, point_of_interest, establishment",temples,Jharkhand,All Seasons,Pakur,1
Shib Temple,24.8163036,87.9150264,4,"hindu_temple, place_of_worship, point_of_interest, establishment",temples,Jharkhand,All Seasons,Pakur,1
KRISHNA KALI TEMPLE,24.4961861,87.96706449999999,5,"hindu_temple, place_of_worship, point_of_interest, establishment",temples,Jharkhand,All Seasons,Pakur,2
Shiv temple,24.5595441,87.64302359999999,5,"hindu_temple, place_of_worship, point_of_interest, establishment",temples,Jharkhand,All Seasons,Pakur,1
Durga Temple,24.6744988,87.95955959999999,4.6,"hindu_temple, place_of_worship, point_of_interest, establishment",temples,Jharkhand,All Seasons,Pakur,7
Ma Dakshin Kali Temple,24.4709503,87.98487410000001,3.7,"hindu_temple, place_of_worship, point_of_interest, establishment",temples,Jharkhand,All Seasons,Pakur,3
"Sri Sri Madan Mohan Jiu Temple, Ramkeli শ্রী শ্রী মদন মোহন জিউ মন্দির, রামকেলি.",24.8891016,88.1285743,4.5,"hindu_temple, place_of_worship, point_of_interest, establishment",temples,Jharkhand,All Seasons,Pakur,74
KALUBALU TEMPLE (কালুবালুতলা),24.5093175,88.0246131,5,"hindu_temple, place_of_worship, point_of_interest, establishment",temples,Jharkhand,All Seasons,Pakur,2
Baishnabnagar Shiva Temple,24.8102416,87.98876059999999,4.4,"hindu_temple, place_of_worship, point_of_interest, establishment",temples,Jharkhand,All Seasons,Pakur,10
Shiv Temple,24.7044009,87.7012822,4.3,"hindu_temple, place_of_worship, point_of_interest, establishment",temples,Jharkhand,All Seasons,Pakur,4
Maa Kaali Temple,24.8887245,87.7801803,5,"hindu_temple, place_of_worship, point_of_interest, establishment",temples,Jharkhand,All Seasons,Pakur,2
Durga Temple (Char Sujapur),24.7410161,87.9674126,4.7,"hindu_temple, place_of_worship, point_of_interest, establishment",temples,Jharkhand,All Seasons,Pakur,3
Rajanagar Durga Temple,24.4236478,88.0923328,3.3,"hindu_temple, place_of_worship, point_of_interest, establishment",temples,Jharkhand,All Seasons,Pakur,3
बजरंगबली मंदिर,24.4624808,87.7433899,5,"hindu_temple, place_of_worship, point_of_interest, establishment",temples,Jharkhand,All Seasons,Pakur,1
Shyam Nagar Hanuman Mandir,24.634801,87.8484895,4.8,"hindu_temple, place_of_worship, point_of_interest, establishment",temples,Jharkhand,All Seasons,Pakur,4
Baro Hath Kali Temple,24.4595868,88.06488499999999,4.3,"hindu_temple, place_of_worship, point_of_interest, establishment",temples,Jharkhand,All Seasons,Pakur,29
Mandal Manasha Temple,24.6241584,88.02830209999999,4.6,"hindu_temple, place_of_worship, point_of_interest, establishment",temples,Jharkhand,All Seasons,Pakur,13
Shiv temple,24.5415474,88.035074,4.5,"hindu_temple, place_of_worship, point_of_interest, establishment",temples,Jharkhand,All Seasons,Pakur,2
MAA SITALA TEMPLE,24.3978062,88.064097,4.6,"hindu_temple, place_of_worship, point_of_interest, establishment",temples,Jharkhand,All Seasons,Pakur,40
Mirpara Kali Temple,24.6108824,88.0317594,4,"hindu_temple, place_of_worship, point_of_interest, establishment",temples,Jharkhand,All Seasons,Pakur,11
Temple,24.7100684,87.87501739999999,3,"hindu_temple, place_of_worship, point_of_interest, establishment",temples,Jharkhand,All Seasons,Pakur,3
Shasti Temple,24.4771795,87.76541209999999,3.5,"hindu_temple, place_of_worship, point_of_interest, establishment",temples,Jharkhand,All Seasons,Pakur,4
Temple,24.4188214,87.8403587,3.6,"hindu_temple, place_of_worship, point_of_interest, establishment",temples,Jharkhand,All Seasons,Pakur,5
LAXMI NARAYAN TEMPLE,24.3748737,87.9260769,3,"hindu_temple, place_of_worship, point_of_interest, establishment",temples,Jharkhand,All Seasons,Pakur,2
Durga Temple,24.678899,87.9484653,5,"hindu_temple, place_of_worship, point_of_interest, establishment",temples,Jharkhand,All Seasons,Pakur,1
Laxmi Temple,24.7390998,88.0655756,3,"hindu_temple, place_of_worship, point_of_interest, establishment",temples,Jharkhand,All Seasons,Pakur,1
Durga Temple,24.7901786,87.9967369,3.8,"hindu_temple, place_of_worship, point_of_interest, establishment",temples,Jharkhand,All Seasons,Pakur,13
Hindu Temple,24.5271162,87.926434,0,"hindu_temple, place_of_worship, point_of_interest, establishment",temples,Jharkhand,All Seasons,Pakur,0
Ram Temple,24.7790415,87.90833959999999,0,"hindu_temple, place_of_worship, point_of_interest, establishment",temples,Jharkhand,All Seasons,Pakur,0
Laxmi temple,24.6374595,87.9730486,5,"hindu_temple, place_of_worship, point_of_interest, establishment",temples,Jharkhand,All Seasons,Pakur,5
Shymakali Mater Temple,24.5787082,88.0201142,0,"hindu_temple, place_of_worship, point_of_interest, establishment",temples,Jharkhand,All Seasons,Pakur,0
Shiva Linga Temple,24.6140779,88.0317614,0,"hindu_temple, place_of_worship, point_of_interest, establishment",temples,Jharkhand,All Seasons,Pakur,0
SHIV TEMPLE,24.4872944,88.06408479999999,1,"hindu_temple, place_of_worship, point_of_interest, establishment",temples,Jharkhand,All Seasons,Pakur,1
MAHADEV TEMPLE,24.7508254,87.84641979999999,0,"hindu_temple, place_of_worship, point_of_interest, establishment",temples,Jharkhand,All Seasons,Pakur,0
Durga Temple,24.4188675,87.8542689,4.7,"hindu_temple, place_of_worship, point_of_interest, establishment",temples,Jharkhand,All Seasons,Pakur,9
NEW 17 MILE HANUMAN TEMPLE,24.8325877,87.9729698,5,"hindu_temple, place_of_worship, point_of_interest, establishment",temples,Jharkhand,All Seasons,Pakur,7
Shayma Kali Temple,24.8440525,87.9800618,5,"hindu_temple, place_of_worship, point_of_interest, establishment",temples,Jharkhand,All Seasons,Pakur,1
Durga Temple,24.4159263,88.1304806,2.5,"hindu_temple, place_of_worship, point_of_interest, establishment",temples,Jharkhand,All Seasons,Pakur,2
LAXMI TEMPLE,24.8356904,88.09329369999999,1,"hindu_temple, place_of_worship, point_of_interest, establishment",temples,Jharkhand,All Seasons,Pakur,1
Ajagarpara Shiv Temple,24.5079086,88.0250281,5,"hindu_temple, place_of_worship, point_of_interest, establishment",temples,Jharkhand,All Seasons,Pakur,3
Beer Hill,24.8479557,87.75617659999999,4.3,"park, point_of_interest, establishment",hills,Jharkhand,Winter,Pakur,59
Cherry Hill Restaurant,24.6343464,87.9820653,4.8,"restaurant, food, point_of_interest, establishment",hills,Jharkhand,Winter,Pakur,12
"Mountains Hills,Ramnathpur",24.6835158,87.7438347,3.2,"tourist_attraction, point_of_interest, establishment",hills,Jharkhand,Winter,Pakur,11
ABHUA HILL,24.4101498,87.6851705,5,"park, point_of_interest, establishment",hills,Jharkhand,Winter,Pakur,4
Guma hill top,24.4986193,87.56614309999999,0,"park, point_of_interest, establishment",hills,Jharkhand,Winter,Pakur,0
Sonadhuni Hill,24.783725,87.61677979999999,0,"park, point_of_interest, establishment",hills,Jharkhand,Winter,Pakur,0
Art Hill,24.6769883,87.9593197,5,"art_gallery, point_of_interest, establishment",hills,Jharkhand,Winter,Pakur,2
"Hills of salpani village ,jharkhand",24.3603321,87.7157845,5,"tourist_attraction, point_of_interest, establishment",hills,Jharkhand,Winter,Pakur,1
THREE HILLS,24.4620332,88.0357633,5,"point_of_interest, establishment",hills,Jharkhand,Winter,Pakur,2
Sostitala View Point,24.4945017,88.0896174,4.8,"tourist_attraction, point_of_interest, establishment",attraction,Jharkhand,All Seasons,Pakur,16
Dakhil Darwaza,24.8794106,88.1253022,4.3,"tourist_attraction, point_of_interest, establishment",attraction,Jharkhand,All Seasons,Pakur,857
Mountain,24.8194733,87.7308223,3.5,"tourist_attraction, point_of_interest, establishment",attraction,Jharkhand,All Seasons,Pakur,10
"Mountains Hills,Ramnathpur",24.6835158,87.7438347,3.2,"tourist_attraction, point_of_interest, establishment",attraction,Jharkhand,All Seasons,Pakur,11
kanchanghar valley viewpoint,24.6865247,87.5509601,4.3,"tourist_attraction, point_of_interest, establishment",attraction,Jharkhand,All Seasons,Pakur,48
Lukochuri Darwaza,24.8685154,88.1320174,4.3,"tourist_attraction, point_of_interest, establishment",attraction,Jharkhand,All Seasons,Pakur,272
Mohipara View Point,24.5011015,88.0849212,3.3,"tourist_attraction, point_of_interest, establishment",attraction,Jharkhand,All Seasons,Pakur,3
Baliaghati ferry ghatbaliaghati three heart break heart,24.6000774,87.9659626,3.4,"tourist_attraction, point_of_interest, establishment",attraction,Jharkhand,All Seasons,Pakur,14
RAJBAARI,24.7427351,87.8168245,4.2,"tourist_attraction, point_of_interest, establishment",attraction,Jharkhand,All Seasons,Pakur,98
Nabinagar Ghat নবীনগর ঘাট,24.8876424,87.9870025,3.7,"tourist_attraction, point_of_interest, establishment",attraction,Jharkhand,All Seasons,Pakur,3
Sunset Point Sonajori,24.645406,87.7876604,4.8,"tourist_attraction, point_of_interest, establishment",attraction,Jharkhand,All Seasons,Pakur,10
Amuha Siphon,24.5640405,88.0077896,3.4,"tourist_attraction, point_of_interest, establishment",attraction,Jharkhand,All Seasons,Pakur,10
Lalkhandiar Rajbari,24.5024201,88.06714319999999,5,"tourist_attraction, point_of_interest, establishment",attraction,Jharkhand,All Seasons,Pakur,10
Shialmara Gour,24.8441868,88.14820730000001,4.2,"tourist_attraction, point_of_interest, establishment",attraction,Jharkhand,All Seasons,Pakur,6
Tudu Foundation,24.4432247,88.036301,5,"tourist_attraction, point_of_interest, establishment",attraction,Jharkhand,All Seasons,Pakur,1
Nishindra Katan Ghat,24.7902283,87.9059934,4.8,"tourist_attraction, point_of_interest, establishment",attraction,Jharkhand,All Seasons,Pakur,5
Kali mander,24.4564486,88.11162929999999,3,"tourist_attraction, point_of_interest, establishment",attraction,Jharkhand,All Seasons,Pakur,1
Gumani Barrage Barhait,24.901012,87.62577929999999,3.7,"tourist_attraction, point_of_interest, establishment",attraction,Jharkhand,All Seasons,Pakur,7
Kotalpokhar Dehat,24.7364881,87.8263107,4.6,"tourist_attraction, point_of_interest, establishment",attraction,Jharkhand,All Seasons,Pakur,10
Neel pokhar,24.8459375,87.7616875,3.6,"tourist_attraction, point_of_interest, establishment",attraction,Jharkhand,All Seasons,Pakur,16
I Love Dhuliyan,24.6776334,87.9517163,4.1,"tourist_attraction, point_of_interest, establishment",attraction,Jharkhand,All Seasons,Pakur,16
সুখ সাগর,24.479775,87.905832,3.7,"tourist_attraction, point_of_interest, establishment",attraction,Jharkhand,All Seasons,Pakur,3
Bonha canel,24.3912072,87.91202129999999,0,"tourist_attraction, point_of_interest, establishment",attraction,Jharkhand,All Seasons,Pakur,0
"Jaminpur, Shibganj, Chapainawabganj",24.7641268,88.0691408,3.4,"tourist_attraction, point_of_interest, establishment",attraction,Jharkhand,All Seasons,Pakur,5
Khejurtala View Point,24.501787,88.0843958,4.5,"tourist_attraction, point_of_interest, establishment",attraction,Jharkhand,All Seasons,Pakur,2
Gopalpahari Bridge,24.674084,87.70686889999999,5,"tourist_attraction, point_of_interest, establishment",attraction,Jharkhand,All Seasons,Pakur,1
Achua Ghat No. 1,24.7685877,87.9279892,4,"tourist_attraction, point_of_interest, establishment",attraction,Jharkhand,All Seasons,Pakur,5
Firoz Minar,24.8738224,88.1304507,4.3,"tourist_attraction, point_of_interest, establishment",attraction,Jharkhand,All Seasons,Pakur,678
Rafik Ghat,24.7693506,87.92800629999999,2.7,"tourist_attraction, point_of_interest, establishment",attraction,Jharkhand,All Seasons,Pakur,3
KAJU GARDEN,24.7541643,87.79414829999999,3.2,"tourist_attraction, point_of_interest, establishment",attraction,Jharkhand,All Seasons,Pakur,5
Boltala riverview,24.4864501,88.0945091,0,"tourist_attraction, point_of_interest, establishment",attraction,Jharkhand,All Seasons,Pakur,0
Picnic Spot Maheshpur,24.481771,87.7743325,3.5,"tourist_attraction, point_of_interest, establishment",attraction,Jharkhand,All Seasons,Pakur,6
শালবন,24.5256048,87.8432753,4.3,"tourist_attraction, point_of_interest, establishment",attraction,Jharkhand,All Seasons,Pakur,88
Chandsikari View Point,24.7312135,88.1226528,4.8,"tourist_attraction, point_of_interest, establishment",attraction,Jharkhand,All Seasons,Pakur,4
Mahal Dabor Village,24.5047083,87.56658519999999,2.5,"tourist_attraction, point_of_interest, establishment",attraction,Jharkhand,All Seasons,Pakur,2
Shivgadi Chok,24.8866424,87.6147092,0,"tourist_attraction, point_of_interest, establishment",attraction,Jharkhand,All Seasons,Pakur,0
Kismatgadi View Point,24.3854765,88.14352370000002,3.9,"park, tourist_attraction, point_of_interest, establishment",attraction,Jharkhand,All Seasons,Pakur,22
Sunset Point,24.9023331,87.6235538,5,"tourist_attraction, point_of_interest, establishment",attraction,Jharkhand,All Seasons,Pakur,3
Taljhari Balu ghaat,24.8685541,87.7148663,3.5,"tourist_attraction, point_of_interest, establishment",attraction,Jharkhand,All Seasons,Pakur,4
Shuk para,24.7524596,88.01418500000001,0,"tourist_attraction, point_of_interest, establishment",attraction,Jharkhand,All Seasons,Pakur,0
Simultola Chor,24.8410003,87.9303257,0,"tourist_attraction, point_of_interest, establishment",attraction,Jharkhand,All Seasons,Pakur,0
Netaji Statue - Aurangabad,24.6227668,88.02437839999999,4.6,"tourist_attraction, point_of_interest, establishment",attraction,Jharkhand,All Seasons,Pakur,18
Pakur TSS,24.6555956,87.8490514,0,"tourist_attraction, point_of_interest, establishment",attraction,Jharkhand,All Seasons,Pakur,0
Custom's Ghat,24.6243873,88.0296261,3.7,"tourist_attraction, point_of_interest, establishment",attraction,Jharkhand,All Seasons,Pakur,9
Habibi dumba farm,24.8929097,88.02603330000001,5,"tourist_attraction, point_of_interest, establishment",attraction,Jharkhand,All Seasons,Pakur,1
তেতুল তলা,24.3634052,88.0295943,4,"tourist_attraction, point_of_interest, establishment",attraction,Jharkhand,All Seasons,Pakur,9
জল পড়ি ( চ্যাটার্জী নার্সারি),24.4349019,87.9039931,4,"tourist_attraction, point_of_interest, establishment",attraction,Jharkhand,All Seasons,Pakur,89
Simaldhab toto stent,24.8991492,87.55689269999999,0,"tourist_attraction, point_of_interest, establishment",attraction,Jharkhand,All Seasons,Pakur,0
Mahadipur Jatri Pratikshaloy,24.8412661,88.1292158,4.7,"tourist_attraction, point_of_interest, establishment",attraction,Jharkhand,All Seasons,Pakur,3
Padma view point. Fatehpur,24.5744821,88.0699575,3,"tourist_attraction, point_of_interest, establishment",attraction,Jharkhand,All Seasons,Pakur,2
Dudhi nala,24.8613308,87.6305634,4.1,"tourist_attraction, point_of_interest, establishment",attraction,Jharkhand,All Seasons,Pakur,12
Dosa ghat,24.7790415,87.90833959999999,4.6,"tourist_attraction, point_of_interest, establishment",attraction,Jharkhand,All Seasons,Pakur,5
Mir Para Ghat,24.7728978,87.92775309999999,5,"tourist_attraction, point_of_interest, establishment",attraction,Jharkhand,All Seasons,Pakur,1
Baishgazi Wall,24.8708786,88.1253766,4.4,"tourist_attraction, point_of_interest, establishment",attraction,Jharkhand,All Seasons,Pakur,79
One Number Padma Water Works Badh,24.6356316,88.1339345,4.3,"tourist_attraction, point_of_interest, establishment",attraction,Jharkhand,All Seasons,Pakur,8
फाड़ी घाट,24.8752566,87.8853377,5,"tourist_attraction, point_of_interest, establishment",attraction,Jharkhand,All Seasons,Pakur,2
মিনি সাহারা (মরুভূমি ),24.6456875,88.13143749999999,0,"tourist_attraction, point_of_interest, establishment",attraction,Jharkhand,All Seasons,Pakur,0
Kuthir Ghat (কুঁঠির ঘাট),24.7086649,88.086236,1,"tourist_attraction, point_of_interest, establishment",attraction,Jharkhand,All Seasons,Pakur,1
Akimuddin Sk,24.4338477,87.9304862,5,"tourist_attraction, point_of_interest, establishment",attraction,Jharkhand,All Seasons,Pakur,1
Anku home,24.5434689,88.0520835,5,"tourist_attraction, point_of_interest, establishment",attraction,Jharkhand,All Seasons,Pakur,2
CHIANKI PARK,24.0129615,84.1090536,3.7,"park, point_of_interest, establishment",parks,Jharkhand,Spring,Palamu,295
Gandhi udyan park,24.0318869,84.0723888,4,"park, point_of_interest, establishment",parks,Jharkhand,Spring,Palamu,106
NAWATOLI PARK,24.034098,84.06860859999999,3.2,"park, point_of_interest, establishment",parks,Jharkhand,Spring,Palamu,263
Betla National Park,23.8856486,84.1923982,4.1,"tourist_attraction, park, point_of_interest, establishment",parks,Jharkhand,Spring,Palamu,4185
Shahid Park Polpol,23.9714512,84.1905311,4.4,"park, point_of_interest, establishment",parks,Jharkhand,Spring,Palamu,22
chiyanki hill park,24.0110625,84.1104375,4,"park, point_of_interest, establishment",parks,Jharkhand,Spring,Palamu,205
Madhuchuan Watch Tower & Dam,23.8614351,84.1785397,4.1,"park, point_of_interest, establishment",parks,Jharkhand,Spring,Palamu,32
Kamaldah Lake,23.8829345,84.2419839,4.1,"tourist_attraction, park, point_of_interest, establishment",parks,Jharkhand,Spring,Palamu,125
shubhash chowk park,23.846396,84.1122062,4.5,"park, point_of_interest, establishment",parks,Jharkhand,Spring,Palamu,4
Kargill Chok Jagatpurwa,24.0527984,84.2261448,4,"park, point_of_interest, establishment",parks,Jharkhand,Spring,Palamu,15
Koyal River Front,24.0341424,84.0624502,4.2,"park, point_of_interest, establishment",parks,Jharkhand,Spring,Palamu,32
APSD Garden,24.15726,83.785022,5,"park, point_of_interest, establishment",parks,Jharkhand,Spring,Palamu,1
Barigawan forest region,24.1796076,83.99824149999999,5,"park, point_of_interest, establishment",parks,Jharkhand,Spring,Palamu,4
Pokhraha Kala Park,24.0485968,84.1260424,5,"park, point_of_interest, establishment",parks,Jharkhand,Spring,Palamu,4
Birsa Munda Park,24.1424474,83.7877659,4.3,"park, point_of_interest, establishment",parks,Jharkhand,Spring,Palamu,59
Daltonganj Hill Forest,23.9554157,83.99558789999999,3.8,"park, point_of_interest, establishment",parks,Jharkhand,Spring,Palamu,358
BHAURAHEE IMLI TREE,24.180386,83.9982361,4,"park, point_of_interest, establishment",parks,Jharkhand,Spring,Palamu,1
Jai shokha baba army ground,24.1841112,83.93737540000001,5,"park, point_of_interest, establishment",parks,Jharkhand,Spring,Palamu,12
CRPF Park,24.0342916,84.06223399999999,3.9,"park, point_of_interest, establishment",parks,Jharkhand,Spring,Palamu,332
MD SHAHZAD ALAM,24.1708462,83.80088090000001,5,"park, point_of_interest, establishment",parks,Jharkhand,Spring,Palamu,1
Shahid Nilambar Pitambar Park,24.1588728,83.8059301,3.8,"park, point_of_interest, establishment",parks,Jharkhand,Spring,Palamu,51
Sahid Rupesh Park,24.0358512,84.06017299999999,3.9,"park, point_of_interest, establishment",parks,Jharkhand,Spring,Palamu,7
Park ️,24.0309272,84.0660005,3.7,"park, point_of_interest, establishment",parks,Jharkhand,Spring,Palamu,3
PARK,24.0410359,84.2100358,1.5,"park, point_of_interest, establishment",parks,Jharkhand,Spring,Palamu,2
Society Park,24.0346808,84.0753118,3,"park, point_of_interest, establishment",parks,Jharkhand,Spring,Palamu,1
Kargil Park,23.9715026,84.1905505,3.3,"park, point_of_interest, establishment",parks,Jharkhand,Spring,Palamu,6
PEACOCK AREA ( BETLA NATIONAL PARK),23.8585797,84.21564459999999,5,"park, point_of_interest, establishment",parks,Jharkhand,Spring,Palamu,1
Panchiya park,24.2544038,83.90979569999999,1,"park, point_of_interest, establishment",parks,Jharkhand,Spring,Palamu,1
Bedani Kids Park,24.0941765,84.2977463,3.4,"park, point_of_interest, establishment",parks,Jharkhand,Spring,Palamu,39
Indra gandhi park Tiwary chowk Garhwa,24.1599683,83.8082828,3,"park, point_of_interest, establishment",parks,Jharkhand,Spring,Palamu,2
Bikash pachapahari park,24.0452591,83.9453168,5,"park, point_of_interest, establishment",parks,Jharkhand,Spring,Palamu,1
Bikash pachapahari park ️,24.0538032,83.9393328,0,"park, point_of_interest, establishment",parks,Jharkhand,Spring,Palamu,0
Jap 8 children park,24.049391,84.2010296,0,"park, point_of_interest, establishment",parks,Jharkhand,Spring,Palamu,0
Jainagar,24.0340538,84.18585039999999,0,"park, point_of_interest, establishment",parks,Jharkhand,Spring,Palamu,0
Rajputana park,23.9519405,84.21171950000002,4.8,"park, point_of_interest, establishment",parks,Jharkhand,Spring,Palamu,5
Park,24.2173903,83.92191369999999,0,"park, point_of_interest, establishment",parks,Jharkhand,Spring,Palamu,0
Nawadih Forest,23.9410317,83.9799663,0,"park, point_of_interest, establishment",parks,Jharkhand,Spring,Palamu,0
Nitesh pal,24.1726374,83.7763739,0,"park, point_of_interest, establishment",parks,Jharkhand,Spring,Palamu,0
Sachin,24.0862945,84.17879339999999,0,"park, point_of_interest, establishment",parks,Jharkhand,Spring,Palamu,0
Nawlakha national park,24.0855602,84.00145239999999,5,"park, point_of_interest, establishment",parks,Jharkhand,Spring,Palamu,1
MAHADEV NAGAR SAHIJANA BANDH,24.1507714,83.802449,5,"park, point_of_interest, establishment",parks,Jharkhand,Spring,Palamu,4
Green park Shdhwadhi,23.8738445,84.33825000000002,5,"park, point_of_interest, establishment",parks,Jharkhand,Spring,Palamu,1
Dulsulma dam,23.9210053,84.28447709999999,3.9,"park, point_of_interest, establishment",parks,Jharkhand,Spring,Palamu,79
ANKUSH NANDU,24.1890244,84.0493517,5,"park, point_of_interest, establishment",parks,Jharkhand,Spring,Palamu,1
Lieutenant Anurag shukla memorial,24.0886118,84.07191069999999,4.9,"park, point_of_interest, establishment",parks,Jharkhand,Spring,Palamu,25
Khonhar bagicha,24.1023809,83.892355,5,"park, point_of_interest, establishment",parks,Jharkhand,Spring,Palamu,1
Radha vivah vatika,24.162938,83.7989219,5,"park, point_of_interest, establishment",parks,Jharkhand,Spring,Palamu,3
Hari Nagar,24.2176278,83.8833769,2.5,"park, point_of_interest, establishment",parks,Jharkhand,Spring,Palamu,4
Krish chandravanshi,24.0288507,84.0450682,5,"park, point_of_interest, establishment",parks,Jharkhand,Spring,Palamu,1
Ranjan Tiwari,24.026935,84.09266830000001,4.7,"park, point_of_interest, establishment",parks,Jharkhand,Spring,Palamu,6
OM HATA FARMHOUSE,24.0908003,84.1290046,5,"park, point_of_interest, establishment",parks,Jharkhand,Spring,Palamu,1
Nagar Van chakharbhoga chainpur,24.0476881,84.0403706,0,"park, point_of_interest, establishment",parks,Jharkhand,Spring,Palamu,0
Pankaj Kumar Chauhan,24.1933168,84.2829275,5,"park, point_of_interest, establishment",parks,Jharkhand,Spring,Palamu,1
BRIJMOHAN HOUSE,24.153745,84.069285,5,"park, point_of_interest, establishment",parks,Jharkhand,Spring,Palamu,1
Chetma mela,23.895018,84.2700911,3.6,"park, point_of_interest, establishment",parks,Jharkhand,Spring,Palamu,15
Gharwa,24.149454,83.82396299999999,3.9,"park, point_of_interest, establishment",parks,Jharkhand,Spring,Palamu,19
Khairahi Watch Tower Betla Park,23.8725022,84.1723403,4.4,"park, point_of_interest, establishment",parks,Jharkhand,Spring,Palamu,9
Chandan bagwaani,24.0733375,84.0483261,4.2,"park, point_of_interest, establishment",parks,Jharkhand,Spring,Palamu,6
SAKUR MIYAN,24.001064,83.9959147,0,"park, point_of_interest, establishment",parks,Jharkhand,Spring,Palamu,0
Plantation,24.0635077,84.2265623,4,"park, point_of_interest, establishment",parks,Jharkhand,Spring,Palamu,1
Nature interpretation centre (musium),23.8875314,84.1897576,3.4,"museum, point_of_interest, establishment",museum,Jharkhand,Winter,Palamu,15
Saguna,24.1801062,84.18055629999999,0,"museum, point_of_interest, establishment",museum,Jharkhand,Winter,Palamu,0
Parwej alam,24.0802988,84.1674527,5,"museum, point_of_interest, establishment",museum,Jharkhand,Winter,Palamu,1
"Shiv Mandir,Banarchua",24.1679008,84.0662469,5,"museum, point_of_interest, establishment",museum,Jharkhand,Winter,Palamu,2
Suman devi,23.8878788,84.1514251,0,"museum, point_of_interest, establishment",museum,Jharkhand,Winter,Palamu,0
Samsan ghat,24.1116449,84.3231335,0,"museum, point_of_interest, establishment",museum,Jharkhand,Winter,Palamu,0
Rahul oraon,23.9734643,84.2760976,1,"museum, point_of_interest, establishment",museum,Jharkhand,Winter,Palamu,1
Bhijhara waterfall,24.2308712,84.28621419999999,4.1,"tourist_attraction, point_of_interest, establishment",waterfalls,Jharkhand,Monsoon,Palamu,9
HadHadwa water Fall Patan,24.2189987,84.1755775,5,"place_of_worship, point_of_interest, establishment",waterfalls,Jharkhand,Monsoon,Palamu,5
Chianki Hill,24.010701,84.1099572,4.1,"tourist_attraction, point_of_interest, establishment",waterfalls,Jharkhand,Monsoon,Palamu,94
Sadabah Dam,24.2139569,84.1490529,3.8,"tourist_attraction, point_of_interest, establishment",waterfalls,Jharkhand,Monsoon,Palamu,6
"AMDIHA, DHARDHADI WATERFALL",23.8933936,84.1285784,0,"point_of_interest, establishment",waterfalls,Jharkhand,Monsoon,Palamu,0
APSD Garden,24.15726,83.785022,5,"park, point_of_interest, establishment",waterfalls,Jharkhand,Monsoon,Palamu,1
Daltonganj Hill Forest,23.9554157,83.99558789999999,3.8,"park, point_of_interest, establishment",waterfalls,Jharkhand,Monsoon,Palamu,358
chiyanki hill park,24.0110625,84.1104375,4,"park, point_of_interest, establishment",waterfalls,Jharkhand,Monsoon,Palamu,205
"Ghadi Chowk, Garhwa",24.1598936,83.80825999999999,4.2,"tourist_attraction, point_of_interest, establishment",waterfalls,Jharkhand,Monsoon,Palamu,5
Palamu Fort Picnic Spot,23.896004,84.225512,4.5,"tourist_attraction, point_of_interest, establishment",beaches,Jharkhand,Summer,Palamu,8
Kechki Picnic spot,23.9270198,84.1453476,4.1,"tourist_attraction, point_of_interest, establishment",beaches,Jharkhand,Summer,Palamu,35
The Raymond shop,24.0389824,84.0618101,4.1,"clothing_store, home_goods_store, store, point_of_interest, establishment",beaches,Jharkhand,Summer,Palamu,251
महाकाल king 👑,24.1951046,84.2265967,0,"zoo, point_of_interest, establishment",zoo,Jharkhand,Winter,Palamu,0
प्राकृतिक व्याख्यान केन्द्र,23.9540836,84.2318313,5,"zoo, park, point_of_interest, establishment",zoo,Jharkhand,Winter,Palamu,1
Chianki Mountain Shiva Temple,24.0103056,84.1098593,4.5,"hindu_temple, place_of_worship, point_of_interest, establishment",temples,Jharkhand,All Seasons,Palamu,41
Gorho Shiv Temple,24.0190454,84.0770836,4.7,"hindu_temple, place_of_worship, point_of_interest, establishment",temples,Jharkhand,All Seasons,Palamu,23
विश्व हिन्दू टेम्पल(hindu temple yogi),24.2485209,83.9181246,5,"hindu_temple, place_of_worship, point_of_interest, establishment",temples,Jharkhand,All Seasons,Palamu,2
"Hanumaan Temple, Turktaleya",24.0905014,84.04020170000001,4.4,"hindu_temple, place_of_worship, point_of_interest, establishment",temples,Jharkhand,All Seasons,Palamu,17
shankar temple,24.047001,84.23253919999999,5,"hindu_temple, place_of_worship, point_of_interest, establishment",temples,Jharkhand,All Seasons,Palamu,2
Shiv Mandir,24.0502777,84.0641849,4.2,"hindu_temple, place_of_worship, point_of_interest, establishment",temples,Jharkhand,All Seasons,Palamu,26
"Shiv Temple , Singra Khurda",24.0885952,84.0721301,4.2,"hindu_temple, place_of_worship, point_of_interest, establishment",temples,Jharkhand,All Seasons,Palamu,29
Lord Shiva Temple,24.0081733,84.1155639,4.5,"hindu_temple, place_of_worship, point_of_interest, establishment",temples,Jharkhand,All Seasons,Palamu,8
Shiv Temple,24.2263588,83.89858939999999,5,"hindu_temple, place_of_worship, point_of_interest, establishment",temples,Jharkhand,All Seasons,Palamu,1
देवी मंदिर devi temple,24.1711818,83.9196534,4.8,"hindu_temple, place_of_worship, point_of_interest, establishment",temples,Jharkhand,All Seasons,Palamu,22
Narmadeshwar shiv temple,24.0982392,83.91723069999999,5,"hindu_temple, place_of_worship, point_of_interest, establishment",temples,Jharkhand,All Seasons,Palamu,3
Hanuman Mandir,24.0676288,84.071147,4.8,"hindu_temple, place_of_worship, point_of_interest, establishment",temples,Jharkhand,All Seasons,Palamu,6
Maa Satvahini Temple,24.0759377,84.356888,4.3,"hindu_temple, place_of_worship, point_of_interest, establishment",temples,Jharkhand,All Seasons,Palamu,3
KORTA MANDIR JAI MA KORTAWALI TEMPLE,24.1530153,83.94242679999999,4.3,"hindu_temple, place_of_worship, point_of_interest, establishment",temples,Jharkhand,All Seasons,Palamu,21
Mahavir Mandir Bazaar,24.0408747,84.059958,4.7,"hindu_temple, place_of_worship, point_of_interest, establishment",temples,Jharkhand,All Seasons,Palamu,35
Jai Maa Garhdevi Mandir,24.1650212,83.8096975,4.5,"hindu_temple, place_of_worship, point_of_interest, establishment",temples,Jharkhand,All Seasons,Palamu,608
Hanumaan temple,24.0844274,84.0256265,5,"hindu_temple, place_of_worship, point_of_interest, establishment",temples,Jharkhand,All Seasons,Palamu,2
Shiv Mandir Lidhki,24.108411,84.0136728,4.6,"hindu_temple, place_of_worship, point_of_interest, establishment",temples,Jharkhand,All Seasons,Palamu,14
Shiva Temple,24.1452591,83.8905302,4.5,"hindu_temple, place_of_worship, point_of_interest, establishment",temples,Jharkhand,All Seasons,Palamu,4
"Shiva Temple,shivghate",24.0721191,84.0480939,4.3,"hindu_temple, place_of_worship, point_of_interest, establishment",temples,Jharkhand,All Seasons,Palamu,7
Jagshala Mandir,24.0724211,84.12255449999999,4.5,"hindu_temple, place_of_worship, point_of_interest, establishment",temples,Jharkhand,All Seasons,Palamu,11
Kali Mandir Belwatika,24.0289641,84.07538749999999,4.1,"hindu_temple, place_of_worship, point_of_interest, establishment",temples,Jharkhand,All Seasons,Palamu,31
Ajagar Dham Temple,23.9289258,84.267811,4.3,"place_of_worship, point_of_interest, establishment",temples,Jharkhand,All Seasons,Palamu,3
"Maa Mamtamyi Darbar, Temple",24.2077582,83.874743,4,"hindu_temple, place_of_worship, point_of_interest, establishment",temples,Jharkhand,All Seasons,Palamu,15
Baba Somnath Temple Sahijna,24.1541802,83.80229609999999,4.6,"hindu_temple, place_of_worship, point_of_interest, establishment",temples,Jharkhand,All Seasons,Palamu,29
Panch Mukhi Hanuman Mandir,24.031876,84.0705653,4.5,"hindu_temple, place_of_worship, point_of_interest, establishment",temples,Jharkhand,All Seasons,Palamu,8
Bishwanath Temple Selari,24.115456,84.2794224,3.7,"hindu_temple, place_of_worship, point_of_interest, establishment",temples,Jharkhand,All Seasons,Palamu,3
Hanuman Temple,24.135441,84.067475,5,"hindu_temple, place_of_worship, point_of_interest, establishment",temples,Jharkhand,All Seasons,Palamu,1
Kali Mandir,24.0525268,84.06542069999999,4.5,"hindu_temple, place_of_worship, point_of_interest, establishment",temples,Jharkhand,All Seasons,Palamu,55
Kali Mandir,23.8393507,84.1130799,4.1,"hindu_temple, place_of_worship, point_of_interest, establishment",temples,Jharkhand,All Seasons,Palamu,15
Mahadeo Temple,24.0580273,83.9482812,5,"tourist_attraction, hindu_temple, place_of_worship, point_of_interest, establishment",temples,Jharkhand,All Seasons,Palamu,1
Baba Baijnath Temple,24.0747067,84.0725054,4.2,"hindu_temple, place_of_worship, point_of_interest, establishment",temples,Jharkhand,All Seasons,Palamu,51
LAHLAHE TEMPLE JHARIWA,23.9727769,84.2122258,4.1,"hindu_temple, place_of_worship, point_of_interest, establishment",temples,Jharkhand,All Seasons,Palamu,11
Yogivir Baba Temple,24.2117181,83.88645729999999,4,"hindu_temple, place_of_worship, point_of_interest, establishment",temples,Jharkhand,All Seasons,Palamu,18
Mahavir Temple महावीर मंदिर,23.9212406,84.2580019,3.6,"hindu_temple, place_of_worship, point_of_interest, establishment",temples,Jharkhand,All Seasons,Palamu,10
Bholenath Temple,23.9555458,84.21208899999999,3.7,"hindu_temple, place_of_worship, point_of_interest, establishment",temples,Jharkhand,All Seasons,Palamu,3
Devi Mandap,24.0504133,84.07187139999999,4.2,"hindu_temple, place_of_worship, point_of_interest, establishment",temples,Jharkhand,All Seasons,Palamu,9
Hanumaan Mandir,24.0376513,84.0584346,4.6,"hindu_temple, place_of_worship, point_of_interest, establishment",temples,Jharkhand,All Seasons,Palamu,20
Temple,23.9974829,84.10391949999999,4.6,"hindu_temple, place_of_worship, point_of_interest, establishment",temples,Jharkhand,All Seasons,Palamu,5
Dham Shiv Temple,24.0407634,84.0737997,4.4,"hindu_temple, place_of_worship, point_of_interest, establishment",temples,Jharkhand,All Seasons,Palamu,7
Sri Shirdi Sai Mandir,24.0326706,84.06719489999999,4.1,"hindu_temple, place_of_worship, point_of_interest, establishment",temples,Jharkhand,All Seasons,Palamu,28
Shiv Baba शिव बाबा | Shiv Temple शिव मंदिर,24.1674692,83.92486459999999,5,"hindu_temple, place_of_worship, point_of_interest, establishment",temples,Jharkhand,All Seasons,Palamu,3
Temple,24.1513303,83.7982541,5,"hindu_temple, place_of_worship, point_of_interest, establishment",temples,Jharkhand,All Seasons,Palamu,1
Mahakali Temple,24.0582818,84.0804805,4.3,"hindu_temple, place_of_worship, point_of_interest, establishment",temples,Jharkhand,All Seasons,Palamu,16
Shiva shankar temple,24.0930766,84.0654074,0,"hindu_temple, place_of_worship, point_of_interest, establishment",temples,Jharkhand,All Seasons,Palamu,0
Temple,24.2906232,83.8541784,5,"hindu_temple, place_of_worship, point_of_interest, establishment",temples,Jharkhand,All Seasons,Palamu,1
हनुमान मंदिर,24.046915,84.2326863,5,"hindu_temple, place_of_worship, point_of_interest, establishment",temples,Jharkhand,All Seasons,Palamu,2
Shree Ram Janki Temple,24.2672443,83.81737489999999,4.4,"hindu_temple, place_of_worship, point_of_interest, establishment",temples,Jharkhand,All Seasons,Palamu,14
Shiv Mandir,24.0251298,84.07913219999999,4.2,"hindu_temple, place_of_worship, point_of_interest, establishment",temples,Jharkhand,All Seasons,Palamu,16
Ram Temple,24.1606278,83.8175586,4.3,"hindu_temple, place_of_worship, point_of_interest, establishment",temples,Jharkhand,All Seasons,Palamu,6
Hanuman Mandir,24.2678812,84.10400829999999,4.1,"hindu_temple, place_of_worship, point_of_interest, establishment",temples,Jharkhand,All Seasons,Palamu,16
Temple,24.19225,84.119845,5,"hindu_temple, place_of_worship, point_of_interest, establishment",temples,Jharkhand,All Seasons,Palamu,1
Sri Ramakrishna Temple,24.0371506,84.05935029999999,5,"hindu_temple, place_of_worship, point_of_interest, establishment",temples,Jharkhand,All Seasons,Palamu,1
Shiv Temple (Bar Kuan),24.0483663,84.06230939999999,4.4,"hindu_temple, place_of_worship, point_of_interest, establishment",temples,Jharkhand,All Seasons,Palamu,5
Judvnian Shiva Temple,24.1447604,83.80445999999999,3.6,"hindu_temple, place_of_worship, point_of_interest, establishment",temples,Jharkhand,All Seasons,Palamu,10
Sri Kedar Nath Temple,24.1010388,84.33478509999999,4.4,"hindu_temple, place_of_worship, point_of_interest, establishment",temples,Jharkhand,All Seasons,Palamu,33
Thakurbadi Mandir,23.990874,83.788042,5,"hindu_temple, place_of_worship, point_of_interest, establishment",temples,Jharkhand,All Seasons,Palamu,3
Devi Mandap,24.1557996,84.1772119,5,"hindu_temple, place_of_worship, point_of_interest, establishment",temples,Jharkhand,All Seasons,Palamu,4
Bhogu Temple,23.9698379,84.2124548,4,"hindu_temple, place_of_worship, point_of_interest, establishment",temples,Jharkhand,All Seasons,Palamu,22
Shiv Mandir,24.1566919,83.8538315,4.3,"hindu_temple, place_of_worship, point_of_interest, establishment",temples,Jharkhand,All Seasons,Palamu,14
Kuthilwa hill,24.2271372,83.9345716,4.5,"tourist_attraction, point_of_interest, establishment",hills,Jharkhand,Winter,Palamu,14
Chianki Hill,24.010701,84.1099572,4.1,"tourist_attraction, point_of_interest, establishment",hills,Jharkhand,Winter,Palamu,94
Daltonganj Hill Forest,23.9554157,83.99558789999999,3.8,"park, point_of_interest, establishment",hills,Jharkhand,Winter,Palamu,358
Chiyanki Hill,24.0182033,84.10116889999999,4,"point_of_interest, establishment",hills,Jharkhand,Winter,Palamu,47
chiyanki hill park,24.0110625,84.1104375,4,"park, point_of_interest, establishment",hills,Jharkhand,Winter,Palamu,205
HILL HOUSE🏡,24.164251,83.79430699999999,5,"point_of_interest, establishment",hills,Jharkhand,Winter,Palamu,5
Murli Hill,24.1338038,84.35427659999999,0,"park, point_of_interest, establishment",hills,Jharkhand,Winter,Palamu,0
Volcano hill,24.1437162,84.24707169999999,3.9,"hindu_temple, place_of_worship, point_of_interest, establishment",hills,Jharkhand,Winter,Palamu,9
Palamu Hill View Middle School,24.159284,83.793905,4.4,"school, point_of_interest, establishment",hills,Jharkhand,Winter,Palamu,7
Hill Society Nawadih,24.0465121,84.07684619999999,0,"point_of_interest, establishment",hills,Jharkhand,Winter,Palamu,0
Hotel Hill view,23.850135,84.1143025,4,"restaurant, food, lodging, point_of_interest, establishment",hills,Jharkhand,Winter,Palamu,5
Pachghra Hill,24.2449954,83.97971729999999,4.6,"natural_feature, establishment",hills,Jharkhand,Winter,Palamu,9
Anil Kujur Nature Hills,23.9476215,83.9758738,5,"point_of_interest, establishment",hills,Jharkhand,Winter,Palamu,1
Banda pahad,24.1819783,83.78745669999999,4.4,"tourist_attraction, point_of_interest, establishment",hills,Jharkhand,Winter,Palamu,14
Mountain Of Qamar,23.9347181,84.26870149999999,4,"tourist_attraction, point_of_interest, establishment",hills,Jharkhand,Winter,Palamu,13
Ajagar Dham Temple,23.9289258,84.267811,4.3,"place_of_worship, point_of_interest, establishment",hills,Jharkhand,Winter,Palamu,3
Lions Club,23.8472469,84.11040779999999,3.9,"park, point_of_interest, establishment",hills,Jharkhand,Winter,Palamu,88
Aman hills,23.9465422,83.97241819999999,0,"point_of_interest, establishment",hills,Jharkhand,Winter,Palamu,0
Rajhara,24.1688731,84.03921079999999,No rating,"locality, political",hills,Jharkhand,Winter,Palamu,0
Malay Dam,23.9186279,84.2856972,4.2,"tourist_attraction, point_of_interest, establishment",attraction,Jharkhand,All Seasons,Palamu,226
Chianki Hill,24.010701,84.1099572,4.1,"tourist_attraction, point_of_interest, establishment",attraction,Jharkhand,All Seasons,Palamu,94
Chianki Rocky Cliff,24.0104535,84.1097781,4.1,"tourist_attraction, point_of_interest, establishment",attraction,Jharkhand,All Seasons,Palamu,25
Dubey Mines,24.037819,84.0279104,2.6,"tourist_attraction, point_of_interest, establishment",attraction,Jharkhand,All Seasons,Palamu,7
Mountain Of Qamar,23.9347181,84.26870149999999,4,"tourist_attraction, point_of_interest, establishment",attraction,Jharkhand,All Seasons,Palamu,13
Maila River View point Lahlahe,23.9746424,84.2147471,2.3,"tourist_attraction, point_of_interest, establishment",attraction,Jharkhand,All Seasons,Palamu,3
Hadhadwa tourist place,24.1856644,84.0674023,4.7,"tourist_attraction, point_of_interest, establishment",attraction,Jharkhand,All Seasons,Palamu,7
Kuthilwa hill,24.2271372,83.9345716,4.5,"tourist_attraction, point_of_interest, establishment",attraction,Jharkhand,All Seasons,Palamu,14
Banda pahad,24.1819783,83.78745669999999,4.4,"tourist_attraction, point_of_interest, establishment",attraction,Jharkhand,All Seasons,Palamu,14
Kamaldah Lake,23.8829345,84.2419839,4.1,"tourist_attraction, park, point_of_interest, establishment",attraction,Jharkhand,All Seasons,Palamu,125
भुतहा टोंगरी,24.0447546,83.95430619999999,0,"tourist_attraction, point_of_interest, establishment",attraction,Jharkhand,All Seasons,Palamu,0
Ranital Dam,23.9974277,84.02865369999999,4.2,"tourist_attraction, point_of_interest, establishment",attraction,Jharkhand,All Seasons,Palamu,210
"बढ़का पहाड़, जयनगरा",24.0319181,83.95349759999999,0,"tourist_attraction, point_of_interest, establishment",attraction,Jharkhand,All Seasons,Palamu,0
Nunahi Dam,23.876671,84.18642,4.4,"tourist_attraction, point_of_interest, establishment",attraction,Jharkhand,All Seasons,Palamu,8
Kechki Picnic spot,23.9270198,84.1453476,4.1,"tourist_attraction, point_of_interest, establishment",attraction,Jharkhand,All Seasons,Palamu,35
Kacharwa Dam,24.0481706,84.0960056,4,"tourist_attraction, point_of_interest, establishment",attraction,Jharkhand,All Seasons,Palamu,2
चैनपुर तालाब,24.0130445,84.04428229999999,4,"tourist_attraction, point_of_interest, establishment",attraction,Jharkhand,All Seasons,Palamu,1
Kechki Sangam,23.9451544,84.1417326,4.3,"tourist_attraction, point_of_interest, establishment",attraction,Jharkhand,All Seasons,Palamu,260
Sadabah Dam,24.2139569,84.1490529,3.8,"tourist_attraction, point_of_interest, establishment",attraction,Jharkhand,All Seasons,Palamu,6
Bhurla Pahad,24.308431,84.2077995,3.5,"tourist_attraction, point_of_interest, establishment",attraction,Jharkhand,All Seasons,Palamu,11
Bijaygir Pahad,24.2664576,84.3502319,4.1,"tourist_attraction, point_of_interest, establishment",attraction,Jharkhand,All Seasons,Palamu,11
Mahugain Pahad,24.044806,84.3128713,3.7,"tourist_attraction, point_of_interest, establishment",attraction,Jharkhand,All Seasons,Palamu,3
Hindu temple,23.9080095,84.17547119999999,4.3,"tourist_attraction, point_of_interest, establishment",attraction,Jharkhand,All Seasons,Palamu,4
Bhijhara waterfall,24.2308712,84.28621419999999,4.1,"tourist_attraction, point_of_interest, establishment",attraction,Jharkhand,All Seasons,Palamu,9
Auranga Koyal Sangam,23.9438089,84.14184130000001,4.2,"tourist_attraction, point_of_interest, establishment",attraction,Jharkhand,All Seasons,Palamu,77
जयनगरा पुल,24.0437659,83.9577291,0,"tourist_attraction, point_of_interest, establishment",attraction,Jharkhand,All Seasons,Palamu,0
"Ghadi Chowk, Garhwa",24.1598936,83.80825999999999,4.2,"tourist_attraction, point_of_interest, establishment",attraction,Jharkhand,All Seasons,Palamu,5
Anna raj dam reservoir,24.0685875,83.8193794,0,"tourist_attraction, point_of_interest, establishment",attraction,Jharkhand,All Seasons,Palamu,0
Raja Medini Rai Chowk,23.976335,84.139096,5,"tourist_attraction, point_of_interest, establishment",attraction,Jharkhand,All Seasons,Palamu,1
Palamu Fort Picnic Spot,23.896004,84.225512,4.5,"tourist_attraction, point_of_interest, establishment",attraction,Jharkhand,All Seasons,Palamu,8
Aanraj Dam Reservoir,24.0648509,83.8163874,4.3,"tourist_attraction, amusement_park, point_of_interest, establishment",attraction,Jharkhand,All Seasons,Palamu,127
Yadav tola,24.2343165,84.19157009999999,0,"tourist_attraction, point_of_interest, establishment",attraction,Jharkhand,All Seasons,Palamu,0
Butanduba Dam,23.9494536,84.0873652,4.4,"tourist_attraction, point_of_interest, establishment",attraction,Jharkhand,All Seasons,Palamu,9
अन्नराज डैम गढवा़,24.0680292,83.8193264,4.4,"tourist_attraction, point_of_interest, establishment",attraction,Jharkhand,All Seasons,Palamu,56
Chunahat water faol,23.8856367,84.0530533,0,"tourist_attraction, point_of_interest, establishment",attraction,Jharkhand,All Seasons,Palamu,0
Mahadeo Temple,24.0580273,83.9482812,5,"tourist_attraction, hindu_temple, place_of_worship, point_of_interest, establishment",attraction,Jharkhand,All Seasons,Palamu,1
Betla National Park,23.8856486,84.1923982,4.1,"tourist_attraction, park, point_of_interest, establishment",attraction,Jharkhand,All Seasons,Palamu,4185
Kitasoti kala pull,24.072917,83.8569447,3,"tourist_attraction, point_of_interest, establishment",attraction,Jharkhand,All Seasons,Palamu,6
Dr Anupam’s Farm house,24.1461809,84.0023097,5,"tourist_attraction, point_of_interest, establishment",attraction,Jharkhand,All Seasons,Palamu,6
Aayansh home,24.1326413,84.1815862,0,"tourist_attraction, point_of_interest, establishment",attraction,Jharkhand,All Seasons,Palamu,0
Dilip tent house,23.8550838,84.3509115,0,"tourist_attraction, point_of_interest, establishment",attraction,Jharkhand,All Seasons,Palamu,0
Office Of Palamu Tiger Reserve,24.0390473,84.06830049999999,4.2,"tourist_attraction, point_of_interest, establishment",attraction,Jharkhand,All Seasons,Palamu,162
Aslam Ansari thank,24.2192575,83.96516559999999,0,"tourist_attraction, point_of_interest, establishment",attraction,Jharkhand,All Seasons,Palamu,0
Genu home,24.1613956,83.7868405,0,"tourist_attraction, point_of_interest, establishment",attraction,Jharkhand,All Seasons,Palamu,0
Heart shaped pipal tree,24.0459355,84.10074449999999,0,"tourist_attraction, point_of_interest, establishment",attraction,Jharkhand,All Seasons,Palamu,0
Rambandh Talab,24.1680948,83.8126078,4.3,"tourist_attraction, point_of_interest, establishment",attraction,Jharkhand,All Seasons,Palamu,4
Koyal driver,24.0884357,84.2989707,0,"tourist_attraction, point_of_interest, establishment",attraction,Jharkhand,All Seasons,Palamu,0
Bhuthi forest,24.2185408,84.3447383,0,"tourist_attraction, point_of_interest, establishment",attraction,Jharkhand,All Seasons,Palamu,0
Side,24.1777164,84.19807809999999,1,"tourist_attraction, point_of_interest, establishment",attraction,Jharkhand,All Seasons,Palamu,2
Kechki bridges,23.9415444,84.150829,0,"tourist_attraction, point_of_interest, establishment",attraction,Jharkhand,All Seasons,Palamu,0
Johar Ramgarh park,23.6153392,85.5711548,4.1,"park, point_of_interest, establishment",parks,Jharkhand,Spring,Ramgarh,43
Maulana Abul Kalam Azad Park,23.6132801,85.5702467,4,"park, point_of_interest, establishment",parks,Jharkhand,Spring,Ramgarh,199
Kilkary Park,23.3932743,85.42135859999999,4.2,"park, point_of_interest, establishment",parks,Jharkhand,Spring,Ramgarh,156
"Brigadier Puri Park, Ramgarh",23.6221644,85.5200783,3.9,"park, point_of_interest, establishment",parks,Jharkhand,Spring,Ramgarh,405
Dr. Bhim Rao Ambedkar Park,23.6372619,85.5124608,4.1,"park, point_of_interest, establishment",parks,Jharkhand,Spring,Ramgarh,40
Nehru park,23.7370209,85.5378241,4.3,"park, point_of_interest, establishment",parks,Jharkhand,Spring,Ramgarh,11
Cantoment park,23.6221691,85.51994719999999,3.5,"park, point_of_interest, establishment",parks,Jharkhand,Spring,Ramgarh,130
Green Park of Army,23.39488,85.395497,4.5,"park, point_of_interest, establishment",parks,Jharkhand,Spring,Ramgarh,170
J.R.D TATA Park,23.789274,85.55925599999999,4.1,"park, point_of_interest, establishment",parks,Jharkhand,Spring,Ramgarh,270
Duni River Side Park,23.7705241,85.55494750000001,3.9,"park, point_of_interest, establishment",parks,Jharkhand,Spring,Ramgarh,59
Aparna Watika Park,23.5882634,85.6724113,3.6,"park, point_of_interest, establishment",parks,Jharkhand,Spring,Ramgarh,73
Rajendra Park,23.400799,85.3499246,4.1,"park, tourist_attraction, point_of_interest, establishment",parks,Jharkhand,Spring,Ramgarh,415
NAGAR NIGAM PARK,23.3989694,85.35883799999999,4.4,"park, point_of_interest, establishment",parks,Jharkhand,Spring,Ramgarh,24
Ayodhya Enclave community Park.,23.3860727,85.366087,4.6,"park, point_of_interest, establishment",parks,Jharkhand,Spring,Ramgarh,42
Banhora Park,23.3814375,85.2653125,4.8,"park, point_of_interest, establishment",parks,Jharkhand,Spring,Ramgarh,16
Kanke Dam Park,23.4015125,85.3131719,4.2,"park, tourist_attraction, point_of_interest, establishment",parks,Jharkhand,Spring,Ramgarh,2129
Nilambar Pitambar Park,23.3907927,85.32656109999999,4.4,"park, point_of_interest, establishment",parks,Jharkhand,Spring,Ramgarh,68
Rock Garden,23.4044504,85.31215759999999,4.2,"park, point_of_interest, establishment",parks,Jharkhand,Spring,Ramgarh,9781
Baragain hill park,23.403734,85.373964,4.5,"park, point_of_interest, establishment",parks,Jharkhand,Spring,Ramgarh,54
Park,23.6186687,85.44806969999999,3.5,"park, point_of_interest, establishment",parks,Jharkhand,Spring,Ramgarh,70
Phoenix Central Park,23.3765529,85.3300639,4.4,"park, point_of_interest, establishment",parks,Jharkhand,Spring,Ramgarh,85
Shree Narayan Park,23.370552,85.31709599999999,3.7,"park, point_of_interest, establishment",parks,Jharkhand,Spring,Ramgarh,118
Ram Dayal Munda Park,23.3875541,85.3252061,3.8,"park, point_of_interest, establishment",parks,Jharkhand,Spring,Ramgarh,83
M Type Park,23.4000969,85.3603873,4.1,"park, point_of_interest, establishment",parks,Jharkhand,Spring,Ramgarh,75
Jail park,23.3770071,85.328364,4.4,"park, point_of_interest, establishment",parks,Jharkhand,Spring,Ramgarh,780
Nandan Park,23.4053344,85.3171775,3.7,"park, point_of_interest, establishment",parks,Jharkhand,Spring,Ramgarh,85
Ranchi Lake Park,23.3674843,85.3205481,3.9,"park, point_of_interest, establishment",parks,Jharkhand,Spring,Ramgarh,141
Nigam Park,23.384902,85.31928200000002,4,"park, point_of_interest, establishment",parks,Jharkhand,Spring,Ramgarh,957
Swami Vivekananda Smriti Park (Kokar Park),23.3745589,85.3453756,3.5,"park, point_of_interest, establishment",parks,Jharkhand,Spring,Ramgarh,811
Dr Zakir Hussain Park,23.3794274,85.32045389999999,3.6,"park, point_of_interest, establishment",parks,Jharkhand,Spring,Ramgarh,659
Children Park,23.3879073,85.33025599999999,4.2,"park, point_of_interest, establishment",parks,Jharkhand,Spring,Ramgarh,622
Garikhana Park,23.372975,85.314129,3.6,"park, point_of_interest, establishment",parks,Jharkhand,Spring,Ramgarh,389
Sidhu Kanhu Park,23.3885908,85.3169459,4,"park, tourist_attraction, point_of_interest, establishment",parks,Jharkhand,Spring,Ramgarh,5487
"Deer Park - Ranchi District, Jharkhand, India",23.366612,85.8075068,4,"park, point_of_interest, establishment",parks,Jharkhand,Spring,Ramgarh,65
Chiraundi Park,23.4086537,85.34766220000002,4.2,"park, point_of_interest, establishment",parks,Jharkhand,Spring,Ramgarh,17
Army Colony Park - 2,23.387197,85.403531,4,"park, point_of_interest, establishment",parks,Jharkhand,Spring,Ramgarh,98
Oxygen Park,23.3904205,85.3263423,4.3,"park, tourist_attraction, point_of_interest, establishment",parks,Jharkhand,Spring,Ramgarh,9968
Harmu Bazar Park,23.360657,85.302848,3.8,"park, point_of_interest, establishment",parks,Jharkhand,Spring,Ramgarh,134
Birsa Munda Jail park,23.3771619,85.3284244,4.5,"park, point_of_interest, establishment",parks,Jharkhand,Spring,Ramgarh,43
Gautam budh children's park,23.3853113,85.3435195,4.6,"park, point_of_interest, establishment",parks,Jharkhand,Spring,Ramgarh,16
Nakshatra Van,23.3812239,85.3207824,3.9,"park, tourist_attraction, point_of_interest, establishment",parks,Jharkhand,Spring,Ramgarh,4594
Shahid Sankalp Children Park,23.3890967,85.3273887,4.2,"amusement_park, tourist_attraction, restaurant, food, point_of_interest, establishment",parks,Jharkhand,Spring,Ramgarh,3266
Bhagwan Birsa Biological Park,23.4631799,85.455203,4.3,"zoo, tourist_attraction, park, point_of_interest, establishment",parks,Jharkhand,Spring,Ramgarh,11480
Bhagat Singh Park,23.3620168,85.3042875,3.5,"park, point_of_interest, establishment",parks,Jharkhand,Spring,Ramgarh,42
Funtiniya park,23.5979937,85.522273,3.7,"park, point_of_interest, establishment",parks,Jharkhand,Spring,Ramgarh,37
Army Area Colony Park,23.397697,85.334465,4.1,"park, tourist_attraction, point_of_interest, establishment",parks,Jharkhand,Spring,Ramgarh,60
Kokar park,23.3754098,85.345503,3.6,"park, point_of_interest, establishment",parks,Jharkhand,Spring,Ramgarh,75
Harmu Housing Colony Park 2,23.361874,85.303005,3.9,"park, point_of_interest, establishment",parks,Jharkhand,Spring,Ramgarh,80
Chawani Park,23.6217476,85.5184378,4,"park, point_of_interest, establishment",parks,Jharkhand,Spring,Ramgarh,66
Rajrappa Project Park,23.5885706,85.6725759,4,"park, point_of_interest, establishment",parks,Jharkhand,Spring,Ramgarh,72
Sardar Vallabhbhai Patel Park,23.6048941,85.298041,4.4,"park, point_of_interest, establishment",parks,Jharkhand,Spring,Ramgarh,92
Hill Park,23.3985078,85.3177151,4.4,"park, point_of_interest, establishment",parks,Jharkhand,Spring,Ramgarh,61
Children's Park View,23.4038472,85.3129755,4.3,"park, point_of_interest, establishment",parks,Jharkhand,Spring,Ramgarh,75
Raj Agro Park,23.6281796,85.57600029999999,4.7,"park, point_of_interest, establishment",parks,Jharkhand,Spring,Ramgarh,22
Army Head Office Children Park,23.379607,85.3749,3.9,"park, point_of_interest, establishment",parks,Jharkhand,Spring,Ramgarh,48
Ranchi Science Center,23.4069545,85.34023270000002,4,"tourist_attraction, museum, point_of_interest, establishment",museum,Jharkhand,Winter,Ramgarh,3509
Tribal Research Institute and Museum,23.3941399,85.33323480000001,4.2,"museum, point_of_interest, establishment",museum,Jharkhand,Winter,Ramgarh,589
State Museum,23.383792,85.3856121,4.3,"tourist_attraction, museum, point_of_interest, establishment",museum,Jharkhand,Winter,Ramgarh,913
Birsa Munda Museum,23.3771358,85.32879489999999,4.4,"museum, point_of_interest, establishment",museum,Jharkhand,Winter,Ramgarh,379
MUSICAL FOUNTAIN,23.3741785,85.32942249999999,4.8,"museum, point_of_interest, establishment",museum,Jharkhand,Winter,Ramgarh,5
"Isco Rockart (10,000 B.C)",23.8053754,85.3280254,4.4,"museum, point_of_interest, establishment",museum,Jharkhand,Winter,Ramgarh,34
Birsa Munda Museum Garden,23.3770342,85.32838579999999,4.1,"park, point_of_interest, establishment",museum,Jharkhand,Winter,Ramgarh,15
Tagore Hill,23.4015497,85.3380737,4.2,"tourist_attraction, point_of_interest, establishment",museum,Jharkhand,Winter,Ramgarh,12199
Bhagwan Birsa Biological Park,23.4631799,85.455203,4.3,"zoo, tourist_attraction, park, point_of_interest, establishment",museum,Jharkhand,Winter,Ramgarh,11480
Shilpkaari,23.3815604,85.297017,4.9,"art_gallery, museum, home_goods_store, store, point_of_interest, establishment",museum,Jharkhand,Winter,Ramgarh,480
Zarina Khatoon Museum,23.5691451,85.6540429,0,"point_of_interest, establishment",museum,Jharkhand,Winter,Ramgarh,0
SARTHAK TECNOLOGY CCTV,23.3699445,85.3132162,5,"museum, point_of_interest, establishment",museum,Jharkhand,Winter,Ramgarh,3
Bhagwan Birsa Aquarium park,23.4661045,85.4574894,4.2,"aquarium, museum, park, point_of_interest, establishment",museum,Jharkhand,Winter,Ramgarh,117
The snake house,23.4574817,85.4600857,4.1,"museum, point_of_interest, establishment",museum,Jharkhand,Winter,Ramgarh,17
"धुमकुड़िया ,मुरुम(dhumkuriya murum)",23.477021,85.3458553,4.4,"museum, point_of_interest, establishment",museum,Jharkhand,Winter,Ramgarh,9
B M store,23.5983443,85.60028199999999,5,"museum, point_of_interest, establishment",museum,Jharkhand,Winter,Ramgarh,1
OTS World,23.3667627,85.34938029999999,4.7,"museum, store, point_of_interest, establishment",museum,Jharkhand,Winter,Ramgarh,231
इस्को गुफा,23.8073462,85.3315093,3.9,"museum, point_of_interest, establishment",museum,Jharkhand,Winter,Ramgarh,14
Sandh,23.8329273,85.2378619,5,"museum, point_of_interest, establishment",museum,Jharkhand,Winter,Ramgarh,4
"Sohrai-Khovar Art Gallery, Isko Cave, Barkagaon",23.8057776,85.3267487,5,"museum, point_of_interest, establishment",museum,Jharkhand,Winter,Ramgarh,2
Shri Shanidev Mandir,23.7442337,85.5039314,4,"museum, point_of_interest, establishment",museum,Jharkhand,Winter,Ramgarh,25
KABRISTAN Pirutola,23.5134133,85.2783888,5,"museum, point_of_interest, establishment",museum,Jharkhand,Winter,Ramgarh,5
Karma,23.6645765,85.5700993,3.7,"museum, point_of_interest, establishment",museum,Jharkhand,Winter,Ramgarh,3
दमोदर नदी सुगिया,23.651176,85.5555833,4,"museum, point_of_interest, establishment",museum,Jharkhand,Winter,Ramgarh,6
Goutam Buddha statue,23.3763439,85.32881499999999,4.5,"tourist_attraction, point_of_interest, establishment",museum,Jharkhand,Winter,Ramgarh,6
behind shiv mandir,23.389288,85.41071199999999,0,"museum, point_of_interest, establishment",museum,Jharkhand,Winter,Ramgarh,0
Vishal's Home,23.7221704,85.5127112,0,"museum, point_of_interest, establishment",museum,Jharkhand,Winter,Ramgarh,0
Dev boipai,23.6913486,85.2722472,0,"museum, point_of_interest, establishment",museum,Jharkhand,Winter,Ramgarh,0
"Cycle Museum - CycleBABY TRYCYCLE, BABY ELECTRIC CAR BIKE and Fitness Equipment Dealer",23.3713774,85.33676009999999,4.3,"bicycle_store, store, point_of_interest, establishment",museum,Jharkhand,Winter,Ramgarh,16
THE CYCLE MUSEUM,23.3715259,85.3333285,0,"health, store, point_of_interest, establishment",museum,Jharkhand,Winter,Ramgarh,0
Tyre Museum,23.3613325,85.3296975,2,"car_repair, store, point_of_interest, establishment",museum,Jharkhand,Winter,Ramgarh,1
"NPEC , Padh Lo Kahin Se , GYAN Yahin Se",23.4113459,85.3296203,5,"university, museum, school, point_of_interest, establishment",museum,Jharkhand,Winter,Ramgarh,60
Jama Masjid,23.5700643,85.6811798,5,"museum, point_of_interest, establishment",museum,Jharkhand,Winter,Ramgarh,1
Sarna Place,23.6711875,85.7531875,0,"museum, point_of_interest, establishment",museum,Jharkhand,Winter,Ramgarh,0
Md faiyaz,23.6913486,85.2722472,0,"museum, point_of_interest, establishment",museum,Jharkhand,Winter,Ramgarh,0
Goutam home,23.6047741,85.7717907,0,"museum, point_of_interest, establishment",museum,Jharkhand,Winter,Ramgarh,0
Churni waterfall (Baheya),23.3625619,85.4911849,4,"tourist_attraction, point_of_interest, establishment",waterfalls,Jharkhand,Monsoon,Ramgarh,568
Hundru Waterfall,23.4497246,85.6666868,4.4,"tourist_attraction, point_of_interest, establishment",waterfalls,Jharkhand,Monsoon,Ramgarh,6891
Palani Waterfall Reservoir,23.6128165,85.2496754,4.2,"tourist_attraction, point_of_interest, establishment",waterfalls,Jharkhand,Monsoon,Ramgarh,895
Sanam Waterfall,23.362838,85.50066210000001,3.9,"tourist_attraction, point_of_interest, establishment",waterfalls,Jharkhand,Monsoon,Ramgarh,265
Hundru Waterfall,23.4508392,85.66679859999999,4.4,"natural_feature, establishment",waterfalls,Jharkhand,Monsoon,Ramgarh,3501
Baheya Waterfall,23.3628623,85.50076469999999,4.2,"tourist_attraction, point_of_interest, establishment",waterfalls,Jharkhand,Monsoon,Ramgarh,178
Barat Picharwa Waterfall,23.8695625,85.4004375,4.2,"tourist_attraction, point_of_interest, establishment",waterfalls,Jharkhand,Monsoon,Ramgarh,71
Rarha Waterfall,23.5409792,85.305404,4,"tourist_attraction, park, point_of_interest, establishment",waterfalls,Jharkhand,Monsoon,Ramgarh,151
Chandra Waterfall,23.548872,85.36434,4.5,"tourist_attraction, point_of_interest, establishment",waterfalls,Jharkhand,Monsoon,Ramgarh,31
Nakari Waterfall,23.6576669,85.3469125,4.4,"tourist_attraction, point_of_interest, establishment",waterfalls,Jharkhand,Monsoon,Ramgarh,81
Sikidiri Waterfall,23.4833868,85.6110149,4.5,"tourist_attraction, point_of_interest, establishment",waterfalls,Jharkhand,Monsoon,Ramgarh,109
Gatti kocha waterfall,23.8654157,85.3080963,4.3,"tourist_attraction, point_of_interest, establishment",waterfalls,Jharkhand,Monsoon,Ramgarh,37
Hidden waterfall,23.4804519,85.60733789999999,4.1,"tourist_attraction, point_of_interest, establishment",waterfalls,Jharkhand,Monsoon,Ramgarh,30
BONGAIBERA WATERFALL,23.3719762,85.5134308,4,"tourist_attraction, point_of_interest, establishment",waterfalls,Jharkhand,Monsoon,Ramgarh,10
Dhara Waterfall,23.5688242,85.8141201,4.6,"tourist_attraction, point_of_interest, establishment",waterfalls,Jharkhand,Monsoon,Ramgarh,59
Navam Waterfall,23.5410665,85.3054945,3.9,"tourist_attraction, point_of_interest, establishment",waterfalls,Jharkhand,Monsoon,Ramgarh,14
Kankebar Waterfall,23.5854599,85.5224272,4.2,"tourist_attraction, point_of_interest, establishment",waterfalls,Jharkhand,Monsoon,Ramgarh,11
Chandro Waterfall,23.8755433,85.80328999999999,4.5,"tourist_attraction, point_of_interest, establishment",waterfalls,Jharkhand,Monsoon,Ramgarh,78
Rajrappa Waterfall,23.6327308,85.7114465,4.3,"natural_feature, establishment",waterfalls,Jharkhand,Monsoon,Ramgarh,179
Dhordhoria Waterfall,23.5732731,85.47818079999999,3.9,"tourist_attraction, point_of_interest, establishment",waterfalls,Jharkhand,Monsoon,Ramgarh,49
Rajrappa Waterfall,23.6329209,85.7114757,4.2,"tourist_attraction, point_of_interest, establishment",waterfalls,Jharkhand,Monsoon,Ramgarh,381
Lalpania Waterfall,23.7518902,85.7560523,4.2,"tourist_attraction, point_of_interest, establishment",waterfalls,Jharkhand,Monsoon,Ramgarh,310
Bonga waterfall,23.3882615,85.2481727,3,"tourist_attraction, point_of_interest, establishment",waterfalls,Jharkhand,Monsoon,Ramgarh,1
Amandhara fall,23.8710836,85.3042067,4.2,"tourist_attraction, point_of_interest, establishment",waterfalls,Jharkhand,Monsoon,Ramgarh,43
Bailgirah Waterfall,23.8650607,85.2980202,3.1,"tourist_attraction, point_of_interest, establishment",waterfalls,Jharkhand,Monsoon,Ramgarh,7
Chharchhariya Waterfall,23.7519169,85.7559112,4.4,"tourist_attraction, point_of_interest, establishment",waterfalls,Jharkhand,Monsoon,Ramgarh,12
Nimi Jharna (waterfall),23.595773,85.37483499999999,3.9,"tourist_attraction, point_of_interest, establishment",waterfalls,Jharkhand,Monsoon,Ramgarh,8
Jhir Jhiriya waterfall,23.8517734,85.6564971,4.8,"tourist_attraction, point_of_interest, establishment",waterfalls,Jharkhand,Monsoon,Ramgarh,6
Hundru falls,23.4507295,85.66636799999999,4.3,"park, point_of_interest, establishment",waterfalls,Jharkhand,Monsoon,Ramgarh,59
Hundru Waterfall Lower View Point,23.4526061,85.670001,4.5,"tourist_attraction, point_of_interest, establishment",waterfalls,Jharkhand,Monsoon,Ramgarh,77
Chota Jharna,23.4231884,85.3049913,4,"tourist_attraction, point_of_interest, establishment",waterfalls,Jharkhand,Monsoon,Ramgarh,25
Laakari water fall,23.5109593,85.35824099999999,5,"tourist_attraction, point_of_interest, establishment",waterfalls,Jharkhand,Monsoon,Ramgarh,1
"Kekada waterfall, WA",23.5616853,85.23918859999999,5,"tourist_attraction, point_of_interest, establishment",waterfalls,Jharkhand,Monsoon,Ramgarh,2
TELIYA JARA WATERFALL,23.3717133,85.50874259999999,4.2,"tourist_attraction, point_of_interest, establishment",waterfalls,Jharkhand,Monsoon,Ramgarh,20
Palani Waterfall,23.6128375,85.24985939999999,3.8,"tourist_attraction, point_of_interest, establishment",waterfalls,Jharkhand,Monsoon,Ramgarh,52
Purna pani water fall,23.5290308,85.3107,3,"tourist_attraction, point_of_interest, establishment",waterfalls,Jharkhand,Monsoon,Ramgarh,4
बेलगिरी झरना,23.8721996,85.3060125,4.3,"tourist_attraction, point_of_interest, establishment",waterfalls,Jharkhand,Monsoon,Ramgarh,36
Hundru Fall view point,23.4509934,85.667819,4.2,"tourist_attraction, point_of_interest, establishment",waterfalls,Jharkhand,Monsoon,Ramgarh,72
KD Beach Picnic Spot,23.7111429,85.779088,4.8,"point_of_interest, establishment",beaches,Jharkhand,Summer,Ramgarh,4
Hatma Lake,23.3909627,85.3204458,3.4,"tourist_attraction, point_of_interest, establishment",beaches,Jharkhand,Summer,Ramgarh,140
Ranchi Lake,23.3687692,85.31745049999999,4,"tourist_attraction, point_of_interest, establishment",beaches,Jharkhand,Summer,Ramgarh,1806
Patratu dam,23.6098618,85.2827185,4.4,"tourist_attraction, point_of_interest, establishment",beaches,Jharkhand,Summer,Ramgarh,3311
Patratu Valley,23.5748529,85.27403149999999,4.6,"tourist_attraction, point_of_interest, establishment",beaches,Jharkhand,Summer,Ramgarh,17537
Getalsud Dam View Point,23.4473371,85.5534332,4.5,"tourist_attraction, point_of_interest, establishment",beaches,Jharkhand,Summer,Ramgarh,80
SEA CLIP HOLIDAYS,23.3786772,85.31556669999999,5,"travel_agency, point_of_interest, establishment",beaches,Jharkhand,Summer,Ramgarh,35
"Deer Park - Ranchi District, Jharkhand, India",23.366612,85.8075068,4,"park, point_of_interest, establishment",beaches,Jharkhand,Summer,Ramgarh,65
Rajrappa Waterfall,23.6329209,85.7114757,4.2,"tourist_attraction, point_of_interest, establishment",beaches,Jharkhand,Summer,Ramgarh,381
Kd beach hanuman mandir Gaga,23.7018142,85.7910095,4,"hindu_temple, place_of_worship, point_of_interest, establishment",beaches,Jharkhand,Summer,Ramgarh,1
golden beach resort chennai,23.3764563,85.2338815,0,"lodging, point_of_interest, establishment",beaches,Jharkhand,Summer,Ramgarh,0
Mourya Hill Park,23.373822,85.266553,3.6,"lodging, point_of_interest, establishment",beaches,Jharkhand,Summer,Ramgarh,119
"Shiv mandir, bangada, ramgarh(jharkhand)",23.6369352,85.3883441,1,"point_of_interest, establishment",beaches,Jharkhand,Summer,Ramgarh,1
Vishal Mega Mart,23.4004806,85.3572246,3.8,"supermarket, grocery_or_supermarket, clothing_store, store, food, point_of_interest, establishment",beaches,Jharkhand,Summer,Ramgarh,2891
Vishal Mega Mart,23.3764547,85.3143455,3.9,"supermarket, grocery_or_supermarket, clothing_store, store, food, point_of_interest, establishment",beaches,Jharkhand,Summer,Ramgarh,2898
Hamleys,23.3772788,85.3315472,4.8,"clothing_store, store, point_of_interest, establishment",beaches,Jharkhand,Summer,Ramgarh,454
Raunaq Bajaj,23.3754128,85.3582019,3.9,"store, point_of_interest, establishment",beaches,Jharkhand,Summer,Ramgarh,845
Bhagwan Birsa Biological Park,23.4631799,85.455203,4.3,"zoo, tourist_attraction, park, point_of_interest, establishment",zoo,Jharkhand,Winter,Ramgarh,11480
Ormanghi zoo,23.4631774,85.455203,4.3,"zoo, point_of_interest, establishment",zoo,Jharkhand,Winter,Ramgarh,273
The Great Lion House,23.4584462,85.454042,4.4,"zoo, point_of_interest, establishment",zoo,Jharkhand,Winter,Ramgarh,197
"Crocodile Park, Muta",23.518129,85.55419499999999,3.5,"zoo, point_of_interest, establishment",zoo,Jharkhand,Winter,Ramgarh,169
Jungle Cat,23.4589543,85.4534376,5,"zoo, point_of_interest, establishment",zoo,Jharkhand,Winter,Ramgarh,1
Spotted Deer Enclosure,23.4562873,85.4607853,5,"zoo, point_of_interest, establishment",zoo,Jharkhand,Winter,Ramgarh,2
Leopard cage,23.4602363,85.4531243,3.9,"zoo, point_of_interest, establishment",zoo,Jharkhand,Winter,Ramgarh,8
Crocodile house,23.4603089,85.4591982,3.6,"zoo, point_of_interest, establishment",zoo,Jharkhand,Winter,Ramgarh,7
Tagore Hill,23.4015497,85.3380737,4.2,"tourist_attraction, point_of_interest, establishment",zoo,Jharkhand,Winter,Ramgarh,12199
Elephant Cage,23.4552589,85.462571,4.4,"zoo, point_of_interest, establishment",zoo,Jharkhand,Winter,Ramgarh,7
Parking bhagwan birsa zoo,23.4634256,85.4547487,4.7,"parking, point_of_interest, establishment",zoo,Jharkhand,Winter,Ramgarh,3
Fox,23.4550504,85.4578315,5,"zoo, point_of_interest, establishment",zoo,Jharkhand,Winter,Ramgarh,1
Himalayan Black Bear,23.4541841,85.4585997,5,"zoo, point_of_interest, establishment",zoo,Jharkhand,Winter,Ramgarh,2
Ranchi aquarium,23.4659955,85.4574464,4.2,"aquarium, point_of_interest, establishment",zoo,Jharkhand,Winter,Ramgarh,280
Bison (Gaur) Enclosure,23.4591361,85.4583217,5,"zoo, point_of_interest, establishment",zoo,Jharkhand,Winter,Ramgarh,2
Asiatic Lion,23.4567796,85.4568082,5,"zoo, point_of_interest, establishment",zoo,Jharkhand,Winter,Ramgarh,3
Battery car booking zoo,23.4630347,85.45575389999999,5,"parking, point_of_interest, establishment",zoo,Jharkhand,Winter,Ramgarh,1
ZOOLOGY DEPARTMENT RANCHI UNIVERSITY,23.3886936,85.3248309,4.3,"point_of_interest, establishment",zoo,Jharkhand,Winter,Ramgarh,68
Aqua World Machhli Ghar,23.3823478,85.3202574,3.5,"tourist_attraction, point_of_interest, establishment",zoo,Jharkhand,Winter,Ramgarh,2465
Monkey house,23.462371,85.4563446,4.3,"park, point_of_interest, establishment",zoo,Jharkhand,Winter,Ramgarh,11
Bhagwan Birsa Aquarium park,23.4661045,85.4574894,4.2,"aquarium, museum, park, point_of_interest, establishment",zoo,Jharkhand,Winter,Ramgarh,117
"Butterfly Park, Ranchi",23.4658625,85.45592189999999,4,"park, point_of_interest, establishment",zoo,Jharkhand,Winter,Ramgarh,90
The snake house,23.4574817,85.4600857,4.1,"museum, point_of_interest, establishment",zoo,Jharkhand,Winter,Ramgarh,17
Johar Ramgarh park,23.6153392,85.5711548,4.1,"park, point_of_interest, establishment",zoo,Jharkhand,Winter,Ramgarh,43
Jharkhand Zoo Authority,23.4674776,85.4540644,4,"point_of_interest, establishment",zoo,Jharkhand,Winter,Ramgarh,1
"Zoo Hospital, BBB Park",23.4634135,85.4567051,0,"point_of_interest, establishment",zoo,Jharkhand,Winter,Ramgarh,0
Ranchi Lake,23.3687692,85.31745049999999,4,"tourist_attraction, point_of_interest, establishment",zoo,Jharkhand,Winter,Ramgarh,1806
RUKKA DAM,23.4418339,85.4800647,4.1,"tourist_attraction, point_of_interest, establishment",zoo,Jharkhand,Winter,Ramgarh,1055
ZOO CANTEEN,23.4555901,85.4364482,0,"restaurant, point_of_interest, food, establishment",zoo,Jharkhand,Winter,Ramgarh,0
Bhagwan Birsa Munda,23.4036419,85.328391,4.1,"point_of_interest, establishment",zoo,Jharkhand,Winter,Ramgarh,155
Bird aviary,23.4627524,85.4540641,0,"park, point_of_interest, establishment",zoo,Jharkhand,Winter,Ramgarh,0
Birsa Zoo Hotel,23.457104,85.45447650000001,1,"restaurant, point_of_interest, food, establishment",zoo,Jharkhand,Winter,Ramgarh,1
Water Fountain,23.4622068,85.4552406,4,"tourist_attraction, point_of_interest, establishment",zoo,Jharkhand,Winter,Ramgarh,2
Titanium Mahindra Workshop,23.4598799,85.4473526,4.9,"car_wash, car_repair, point_of_interest, establishment",zoo,Jharkhand,Winter,Ramgarh,756
Titan Nissan,23.4643281,85.45750609999999,4.9,"car_repair, car_dealer, store, point_of_interest, establishment",zoo,Jharkhand,Winter,Ramgarh,469
Mahindra Titania Motocorp - SUV Sales Showroom,23.463864,85.4572261,4.8,"car_dealer, car_repair, store, point_of_interest, establishment",zoo,Jharkhand,Winter,Ramgarh,534
ISKCON Ranchi,23.3978978,85.31066229999999,4.8,"hindu_temple, place_of_worship, point_of_interest, establishment",temples,Jharkhand,All Seasons,Ramgarh,705
Maha Mrityunjay Temple,23.3956764,85.3841582,4.3,"hindu_temple, place_of_worship, point_of_interest, establishment",temples,Jharkhand,All Seasons,Ramgarh,147
Mayatungri Temple Mahamaya Darbar,23.5953477,85.5372545,4.7,"hindu_temple, place_of_worship, point_of_interest, establishment",temples,Jharkhand,All Seasons,Ramgarh,60
Maa Kali Temple,23.415457,85.2297285,4.5,"hindu_temple, place_of_worship, point_of_interest, establishment",temples,Jharkhand,All Seasons,Ramgarh,52
Lotus Temple,23.6326267,85.70929040000001,4.5,"hindu_temple, place_of_worship, point_of_interest, establishment",temples,Jharkhand,All Seasons,Ramgarh,21
Hanuman Temple,23.3916232,85.31818179999999,4.5,"hindu_temple, place_of_worship, point_of_interest, establishment",temples,Jharkhand,All Seasons,Ramgarh,20
Chaingada Temple,23.6286586,85.4055791,4.1,"hindu_temple, place_of_worship, point_of_interest, establishment",temples,Jharkhand,All Seasons,Ramgarh,56
Jagannath temple,23.6247518,85.5424022,4.7,"hindu_temple, place_of_worship, point_of_interest, establishment",temples,Jharkhand,All Seasons,Ramgarh,17
Shree Ganesh Mandir,23.3751043,85.3201541,5,"hindu_temple, place_of_worship, point_of_interest, establishment",temples,Jharkhand,All Seasons,Ramgarh,16
Krishna temple,23.3655911,85.3216625,5,"hindu_temple, place_of_worship, point_of_interest, establishment",temples,Jharkhand,All Seasons,Ramgarh,2
Temple,23.3910392,85.3224793,5,"hindu_temple, place_of_worship, point_of_interest, establishment",temples,Jharkhand,All Seasons,Ramgarh,3
Temple,23.6273423,85.5143658,5,"hindu_temple, place_of_worship, point_of_interest, establishment",temples,Jharkhand,All Seasons,Ramgarh,6
Maa Sai Tara (Temple),23.5884904,85.8052805,4.2,"hindu_temple, place_of_worship, point_of_interest, establishment",temples,Jharkhand,All Seasons,Ramgarh,28
Shree Sita Ram Mandir,23.3732377,85.3145903,4.8,"hindu_temple, place_of_worship, point_of_interest, establishment",temples,Jharkhand,All Seasons,Ramgarh,15
Bajrang bali temple,23.8254511,85.2479925,4.9,"hindu_temple, place_of_worship, point_of_interest, establishment",temples,Jharkhand,All Seasons,Ramgarh,15
Temple,23.5076203,85.27438029999999,4.7,"hindu_temple, place_of_worship, point_of_interest, establishment",temples,Jharkhand,All Seasons,Ramgarh,7
Temple,23.5688846,85.6597409,4.4,"hindu_temple, place_of_worship, point_of_interest, establishment",temples,Jharkhand,All Seasons,Ramgarh,7
Temple,23.3851604,85.3076727,0,"hindu_temple, place_of_worship, point_of_interest, establishment",temples,Jharkhand,All Seasons,Ramgarh,0
Shiv Parvati Temple Shivadih,23.8204289,85.24796719999999,4.8,"hindu_temple, place_of_worship, point_of_interest, establishment",temples,Jharkhand,All Seasons,Ramgarh,10
Temple (Phulsarai),23.669577,85.482451,5,"hindu_temple, place_of_worship, point_of_interest, establishment",temples,Jharkhand,All Seasons,Ramgarh,10
Shiv Mandir [Lord Shiva Temple],23.6489812,85.5101377,4,"hindu_temple, place_of_worship, point_of_interest, establishment",temples,Jharkhand,All Seasons,Ramgarh,20
Devi temple,23.4158084,85.3691405,4.8,"hindu_temple, place_of_worship, point_of_interest, establishment",temples,Jharkhand,All Seasons,Ramgarh,4
Sitharam temple,23.3852927,85.40265169999999,4.5,"hindu_temple, place_of_worship, point_of_interest, establishment",temples,Jharkhand,All Seasons,Ramgarh,2
Durga Mandir,23.616645,85.51188959999999,4.5,"hindu_temple, place_of_worship, point_of_interest, establishment",temples,Jharkhand,All Seasons,Ramgarh,26
"Shivalay Temple,chitarpur",23.5736111,85.6561617,4.4,"hindu_temple, place_of_worship, point_of_interest, establishment",temples,Jharkhand,All Seasons,Ramgarh,39
Hanuman Temple,23.4578745,85.4174176,4.7,"hindu_temple, place_of_worship, point_of_interest, establishment",temples,Jharkhand,All Seasons,Ramgarh,3
Balkudra temple (Prachin Shiv mandir),23.6448866,85.31947749999999,4.3,"hindu_temple, place_of_worship, point_of_interest, establishment",temples,Jharkhand,All Seasons,Ramgarh,8
Vishwakarma Temple,23.8264225,85.24423230000001,5,"hindu_temple, place_of_worship, point_of_interest, establishment",temples,Jharkhand,All Seasons,Ramgarh,1
Hanuman Mandir,23.6430836,85.5089794,5,"hindu_temple, place_of_worship, point_of_interest, establishment",temples,Jharkhand,All Seasons,Ramgarh,3
Ram temple,23.5846773,85.6204042,5,"hindu_temple, place_of_worship, point_of_interest, establishment",temples,Jharkhand,All Seasons,Ramgarh,1
Shiv Temple Kander,23.6658578,85.62753909999999,4.4,"hindu_temple, place_of_worship, point_of_interest, establishment",temples,Jharkhand,All Seasons,Ramgarh,5
Shiv Mandir,23.6350678,85.51667049999999,4.3,"hindu_temple, place_of_worship, point_of_interest, establishment",temples,Jharkhand,All Seasons,Ramgarh,7
Hanuman temple,23.6266043,85.3732187,4,"hindu_temple, place_of_worship, point_of_interest, establishment",temples,Jharkhand,All Seasons,Ramgarh,14
Shri Ram Mandir,23.6465948,85.5116749,4.3,"hindu_temple, place_of_worship, point_of_interest, establishment",temples,Jharkhand,All Seasons,Ramgarh,22
SHIV TEMPLE,23.839103,85.2856073,4,"hindu_temple, place_of_worship, point_of_interest, establishment",temples,Jharkhand,All Seasons,Ramgarh,1
"Masridih, Hanuman Temple",23.4784765,85.6867742,3.7,"hindu_temple, place_of_worship, point_of_interest, establishment",temples,Jharkhand,All Seasons,Ramgarh,3
"Mansha Temple,Dulmi",23.5413089,85.6112346,4.8,"hindu_temple, place_of_worship, point_of_interest, establishment",temples,Jharkhand,All Seasons,Ramgarh,5
Shree Shiv Mandir,23.3812855,85.31135580000002,4.3,"hindu_temple, place_of_worship, point_of_interest, establishment",temples,Jharkhand,All Seasons,Ramgarh,10
Lota Bajrangbali Temple,23.3743755,85.77229179999999,5,"hindu_temple, place_of_worship, point_of_interest, establishment",temples,Jharkhand,All Seasons,Ramgarh,2
Hanuman Mandir,23.6650346,85.7760184,5,"hindu_temple, place_of_worship, point_of_interest, establishment",temples,Jharkhand,All Seasons,Ramgarh,5
Bajrang Bali Temple,23.8075498,85.2654692,4,"hindu_temple, place_of_worship, point_of_interest, establishment",temples,Jharkhand,All Seasons,Ramgarh,3
शिव मंदिर,23.6429254,85.5094856,5,"hindu_temple, place_of_worship, point_of_interest, establishment",temples,Jharkhand,All Seasons,Ramgarh,2
"Radha Govind University, Temple",23.5794604,85.5413964,4,"hindu_temple, place_of_worship, point_of_interest, establishment",temples,Jharkhand,All Seasons,Ramgarh,1
Hanuman temple,23.6959485,85.7866335,5,"hindu_temple, place_of_worship, point_of_interest, establishment",temples,Jharkhand,All Seasons,Ramgarh,1
Gayatri Shaktipith Ramgarh,23.618812,85.5136735,4.7,"hindu_temple, place_of_worship, point_of_interest, establishment",temples,Jharkhand,All Seasons,Ramgarh,10
Bharam baba Temple,23.4112853,85.350898,2,"hindu_temple, place_of_worship, point_of_interest, establishment",temples,Jharkhand,All Seasons,Ramgarh,1
Hanuman Mandir,23.6218158,85.5181206,4,"hindu_temple, place_of_worship, point_of_interest, establishment",temples,Jharkhand,All Seasons,Ramgarh,3
Shiv Temple sandi alias Tilaiya,23.6969106,85.4884742,3.6,"hindu_temple, place_of_worship, point_of_interest, establishment",temples,Jharkhand,All Seasons,Ramgarh,9
Maa Bhawani temple lane,23.3810863,85.2987509,0,"hindu_temple, place_of_worship, point_of_interest, establishment",temples,Jharkhand,All Seasons,Ramgarh,0
Temple,23.828579,85.41915519999999,5,"hindu_temple, place_of_worship, point_of_interest, establishment",temples,Jharkhand,All Seasons,Ramgarh,2
Maa Santoshi Temple,23.3787712,85.32543840000001,4.4,"hindu_temple, place_of_worship, point_of_interest, establishment",temples,Jharkhand,All Seasons,Ramgarh,7
Maa Dakshina Kali Temple,23.6925642,85.5007712,4,"hindu_temple, place_of_worship, point_of_interest, establishment",temples,Jharkhand,All Seasons,Ramgarh,1
Shiv Temple Nimi ( Manda Ghar),23.6054994,85.3774818,5,"hindu_temple, place_of_worship, point_of_interest, establishment",temples,Jharkhand,All Seasons,Ramgarh,3
Temple,23.6707278,85.34636789999999,4.7,"hindu_temple, place_of_worship, point_of_interest, establishment",temples,Jharkhand,All Seasons,Ramgarh,3
🚩SHIV TEMPLE🚩,23.5944473,85.2733301,0,"hindu_temple, place_of_worship, point_of_interest, establishment",temples,Jharkhand,All Seasons,Ramgarh,0
temple,23.6914727,85.5120288,4.4,"hindu_temple, place_of_worship, point_of_interest, establishment",temples,Jharkhand,All Seasons,Ramgarh,5
Temple,23.7890113,85.505253,5,"hindu_temple, place_of_worship, point_of_interest, establishment",temples,Jharkhand,All Seasons,Ramgarh,1
Shiva temple,23.6168267,85.3321764,4.4,"hindu_temple, place_of_worship, point_of_interest, establishment",temples,Jharkhand,All Seasons,Ramgarh,14
Katiya Kali Temple,23.6273189,85.2797145,4.3,"hindu_temple, place_of_worship, point_of_interest, establishment",temples,Jharkhand,All Seasons,Ramgarh,19
Shiva temple,23.3986872,85.2930887,4,"hindu_temple, place_of_worship, point_of_interest, establishment",temples,Jharkhand,All Seasons,Ramgarh,3
Ranchi Hill,23.3758629,85.3104901,4.3,"tourist_attraction, point_of_interest, establishment",hills,Jharkhand,Winter,Ramgarh,116
Ulhara Hill Water,23.8271412,85.5332124,5,"place_of_worship, point_of_interest, establishment",hills,Jharkhand,Winter,Ramgarh,1
Baragain hill park,23.403734,85.373964,4.5,"park, point_of_interest, establishment",hills,Jharkhand,Winter,Ramgarh,54
Bariatu Hill,23.4007698,85.3561903,4.6,"point_of_interest, establishment",hills,Jharkhand,Winter,Ramgarh,30
Baragai Hill,23.4082513,85.36232079999999,4.5,"tourist_attraction, point_of_interest, establishment",hills,Jharkhand,Winter,Ramgarh,15
Sunrise Point Mahadev Hill,23.4051843,85.3745326,4.4,"tourist_attraction, point_of_interest, establishment",hills,Jharkhand,Winter,Ramgarh,100
Hill Park,23.3985078,85.3177151,4.4,"park, point_of_interest, establishment",hills,Jharkhand,Winter,Ramgarh,61
Hill View Farms,23.4857042,85.56205609999999,4.5,"point_of_interest, establishment",hills,Jharkhand,Winter,Ramgarh,45
Ramgarh Hill,23.555804,85.46238799999999,3.6,"park, point_of_interest, establishment",hills,Jharkhand,Winter,Ramgarh,9
Tagore Hill,23.4015497,85.3380737,4.2,"tourist_attraction, point_of_interest, establishment",hills,Jharkhand,Winter,Ramgarh,12199
Shanti Hill,23.4079999,85.3620378,4.5,"tourist_attraction, park, point_of_interest, establishment",hills,Jharkhand,Winter,Ramgarh,48
Chiraundi HILL,23.4071427,85.3371023,4.3,"tourist_attraction, point_of_interest, establishment",hills,Jharkhand,Winter,Ramgarh,155
hill,23.630639,85.384261,5,"park, point_of_interest, establishment",hills,Jharkhand,Winter,Ramgarh,2
Ranchi Hill View,23.4077978,85.3614011,4.4,"park, point_of_interest, establishment",hills,Jharkhand,Winter,Ramgarh,9
"Nikhil Gupta, Hill City, Ranchi",23.4163909,85.3584326,5,"school, point_of_interest, establishment",hills,Jharkhand,Winter,Ramgarh,2
Seggs hill,23.3817723,85.2650354,4.3,"tourist_attraction, point_of_interest, establishment",hills,Jharkhand,Winter,Ramgarh,3
Hill Heights,23.4045015,85.369598,5,"point_of_interest, establishment",hills,Jharkhand,Winter,Ramgarh,2
Hill,23.393202,85.2449208,2.5,"park, point_of_interest, establishment",hills,Jharkhand,Winter,Ramgarh,2
Mini Khandala Hill,23.5623998,85.4343686,4.3,"tourist_attraction, point_of_interest, establishment",hills,Jharkhand,Winter,Ramgarh,39
Ranchi Hill,23.3751956,85.3107136,4.4,"natural_feature, establishment",hills,Jharkhand,Winter,Ramgarh,76
"Shiv Mandir Pithoria , on hill",23.5147745,85.30120269999999,4.1,"hindu_temple, place_of_worship, point_of_interest, establishment",hills,Jharkhand,Winter,Ramgarh,15
Baryatu Bharam toli Hill,23.4090002,85.3481597,4.3,"park, point_of_interest, establishment",hills,Jharkhand,Winter,Ramgarh,3
Kanha Hill,23.4055464,85.3559093,4.5,"park, point_of_interest, establishment",hills,Jharkhand,Winter,Ramgarh,19
"OLD AGE HOME, Hill View Lane, Chiraundi",23.4064801,85.34410860000001,2.3,"health, point_of_interest, establishment",hills,Jharkhand,Winter,Ramgarh,3
Super Hotel O HILL VIEW INN,23.4017523,85.3402663,4.5,"lodging, point_of_interest, establishment",hills,Jharkhand,Winter,Ramgarh,34
Hill view restaurant,23.4023515,85.32879849999999,4.9,"restaurant, food, point_of_interest, establishment",hills,Jharkhand,Winter,Ramgarh,9
Green Hill Cafe,23.6099775,85.27924229999999,4.5,"restaurant, food, point_of_interest, establishment",hills,Jharkhand,Winter,Ramgarh,17
Jogo hill,23.4032468,85.3279017,4.2,"tourist_attraction, point_of_interest, establishment",hills,Jharkhand,Winter,Ramgarh,5
Hill View ply and Hardware,23.417188,85.3170026,4.1,"hardware_store, furniture_store, home_goods_store, general_contractor, store, point_of_interest, establishment",hills,Jharkhand,Winter,Ramgarh,10
Morabadi tagore hill road Bansal Landmark near ratan hight,23.393874,85.33607409999999,4.3,"health, point_of_interest, establishment",hills,Jharkhand,Winter,Ramgarh,3
Chota nagpur hill city,23.4159952,85.3586017,4.5,"lodging, point_of_interest, establishment",hills,Jharkhand,Winter,Ramgarh,8
Hill's Green Organic Farm,23.6093202,85.4968462,5,"point_of_interest, establishment",hills,Jharkhand,Winter,Ramgarh,1
Hill heart balloon decoration,23.3654334,85.3306521,4.9,"point_of_interest, establishment",hills,Jharkhand,Winter,Ramgarh,164
Ching Chong hill,23.3620451,85.26427799999999,4.8,"tourist_attraction, point_of_interest, establishment",hills,Jharkhand,Winter,Ramgarh,5
Hill View Apartment,23.4005549,85.35272669999999,4.8,"point_of_interest, establishment",hills,Jharkhand,Winter,Ramgarh,5
Suruchi Events Near Tigore Hill Morabadi,23.4008661,85.33917029999999,4.9,"point_of_interest, establishment",hills,Jharkhand,Winter,Ramgarh,12
Adivasi hill,23.4082458,85.3489936,4.5,"park, point_of_interest, establishment",hills,Jharkhand,Winter,Ramgarh,2
Firing range Hill,23.4082002,85.35948499999999,4.4,"natural_feature, establishment",hills,Jharkhand,Winter,Ramgarh,123
PANCHRATNA HILL,23.4172875,85.3461694,5,"point_of_interest, establishment",hills,Jharkhand,Winter,Ramgarh,1
Hill View Food Zone,23.4004316,85.3373828,4,"restaurant, food, point_of_interest, establishment",hills,Jharkhand,Winter,Ramgarh,1
Bariatu Hill,23.401765,85.3552879,4.6,"natural_feature, establishment",hills,Jharkhand,Winter,Ramgarh,75
HILL HOSPITAL,23.6186668,85.519396,4,"health, point_of_interest, establishment",hills,Jharkhand,Winter,Ramgarh,1
Pusu hill,23.5339719,85.28048930000001,4.5,"tourist_attraction, point_of_interest, establishment",hills,Jharkhand,Winter,Ramgarh,2
Hill Heart Apartment,23.4007328,85.3394239,3.7,"point_of_interest, establishment",hills,Jharkhand,Winter,Ramgarh,3
"Hill View Apartment, Tagore Hill, Morabadi, Ranchi",23.402398,85.339171,5,"point_of_interest, establishment",hills,Jharkhand,Winter,Ramgarh,2
hill view nursing home,23.3972234,85.357311,3.6,"hospital, health, point_of_interest, establishment",hills,Jharkhand,Winter,Ramgarh,11
Hill Top Public School,23.4055684,85.352835,3.8,"school, point_of_interest, establishment",hills,Jharkhand,Winter,Ramgarh,17
Tagore Hill Hitech Nursery & Institute,23.3999219,85.33864489999999,5,"point_of_interest, establishment",hills,Jharkhand,Winter,Ramgarh,6
Pindar hill,23.6286181,85.344382,5,"park, point_of_interest, establishment",hills,Jharkhand,Winter,Ramgarh,1
Kishore Hill,23.5673913,85.7572177,5,"tourist_attraction, point_of_interest, establishment",hills,Jharkhand,Winter,Ramgarh,1
Hill Top Tours&Travels,23.3701483,85.3413408,4,"travel_agency, point_of_interest, establishment",hills,Jharkhand,Winter,Ramgarh,5
Hotel Hill Top & Banquet / Best Banquet Hall in Bariatu Ranchi,23.4050809,85.3525859,4,"point_of_interest, establishment",hills,Jharkhand,Winter,Ramgarh,8
Super OYO Hotel Hill Top & Banquet,23.4057391,85.3528932,3.8,"lodging, point_of_interest, establishment",hills,Jharkhand,Winter,Ramgarh,10
DM HOUSE HILL CITY,23.4168718,85.3586124,5,"point_of_interest, establishment",hills,Jharkhand,Winter,Ramgarh,3
Hill view Landmark Residency,23.4297113,85.3247895,5,"point_of_interest, establishment",hills,Jharkhand,Winter,Ramgarh,1
B. Hill Ward,23.4370123,85.3261701,0,"health, point_of_interest, establishment",hills,Jharkhand,Winter,Ramgarh,0
Hill View,23.3731524,85.29100489999999,5,"point_of_interest, establishment",hills,Jharkhand,Winter,Ramgarh,1
Hill view house,23.5998794,85.5295912,5,"point_of_interest, establishment",hills,Jharkhand,Winter,Ramgarh,1
Hill Hospital,23.6224722,85.4678397,0,"hospital, health, point_of_interest, establishment",hills,Jharkhand,Winter,Ramgarh,0
Khakhanda Hill,23.7657423,85.6635359,0,"park, point_of_interest, establishment",hills,Jharkhand,Winter,Ramgarh,0
Tagore Hill,23.4015497,85.3380737,4.2,"tourist_attraction, point_of_interest, establishment",attraction,Jharkhand,All Seasons,Ramgarh,12199
Patratu Valley,23.5748529,85.27403149999999,4.6,"tourist_attraction, point_of_interest, establishment",attraction,Jharkhand,All Seasons,Ramgarh,17537
Chiraundi HILL,23.4071427,85.3371023,4.3,"tourist_attraction, point_of_interest, establishment",attraction,Jharkhand,All Seasons,Ramgarh,155
Mountain Series,23.40889,85.3488011,4.4,"tourist_attraction, point_of_interest, establishment",attraction,Jharkhand,All Seasons,Ramgarh,366
Ranchi Lake,23.3687692,85.31745049999999,4,"tourist_attraction, point_of_interest, establishment",attraction,Jharkhand,All Seasons,Ramgarh,1806
Hundru Waterfall,23.4497246,85.6666868,4.4,"tourist_attraction, point_of_interest, establishment",attraction,Jharkhand,All Seasons,Ramgarh,6891
RUKKA DAM,23.4418339,85.4800647,4.1,"tourist_attraction, point_of_interest, establishment",attraction,Jharkhand,All Seasons,Ramgarh,1055
Masmohna View Point,23.5862145,85.4513836,4.4,"tourist_attraction, point_of_interest, establishment",attraction,Jharkhand,All Seasons,Ramgarh,133
Aqua World Machhli Ghar,23.3823478,85.3202574,3.5,"tourist_attraction, point_of_interest, establishment",attraction,Jharkhand,All Seasons,Ramgarh,2465
Swami Vivekanand Statue,23.3667003,85.3182702,4.3,"tourist_attraction, point_of_interest, establishment",attraction,Jharkhand,All Seasons,Ramgarh,568
Churni waterfall (Baheya),23.3625619,85.4911849,4,"tourist_attraction, point_of_interest, establishment",attraction,Jharkhand,All Seasons,Ramgarh,568
Sanam Waterfall,23.362838,85.50066210000001,3.9,"tourist_attraction, point_of_interest, establishment",attraction,Jharkhand,All Seasons,Ramgarh,265
Kanke Dam Park,23.4015125,85.3131719,4.2,"park, tourist_attraction, point_of_interest, establishment",attraction,Jharkhand,All Seasons,Ramgarh,2129
Sunrise Point Mahadev Hill,23.4051843,85.3745326,4.4,"tourist_attraction, point_of_interest, establishment",attraction,Jharkhand,All Seasons,Ramgarh,100
Baheya Waterfall,23.3628623,85.50076469999999,4.2,"tourist_attraction, point_of_interest, establishment",attraction,Jharkhand,All Seasons,Ramgarh,178
Palani Waterfall Reservoir,23.6128165,85.2496754,4.2,"tourist_attraction, point_of_interest, establishment",attraction,Jharkhand,All Seasons,Ramgarh,895
PTPS Dam,23.6115466,85.2886409,4.4,"tourist_attraction, point_of_interest, establishment",attraction,Jharkhand,All Seasons,Ramgarh,379
Sikidiri ghati,23.4790872,85.6150218,4.4,"tourist_attraction, point_of_interest, establishment",attraction,Jharkhand,All Seasons,Ramgarh,394
Nakshatra Van,23.3812239,85.3207824,3.9,"park, tourist_attraction, point_of_interest, establishment",attraction,Jharkhand,All Seasons,Ramgarh,4594
THE BROKEN WOODS,23.4574783,85.49378019999999,4.2,"tourist_attraction, point_of_interest, establishment",attraction,Jharkhand,All Seasons,Ramgarh,171
Getalsud dam,23.456667,85.555278,4.5,"tourist_attraction, point_of_interest, establishment",attraction,Jharkhand,All Seasons,Ramgarh,1109
Patratu Dam,23.6155574,85.291189,4.4,"tourist_attraction, point_of_interest, establishment",attraction,Jharkhand,All Seasons,Ramgarh,3614
Baragai Hill,23.4082513,85.36232079999999,4.5,"tourist_attraction, point_of_interest, establishment",attraction,Jharkhand,All Seasons,Ramgarh,15
Mountain Top View,23.5514329,85.45773299999999,5,"tourist_attraction, point_of_interest, establishment",attraction,Jharkhand,All Seasons,Ramgarh,4
Isko Cave,23.8084301,85.31620660000002,4.2,"tourist_attraction, point_of_interest, establishment",attraction,Jharkhand,All Seasons,Ramgarh,85
"Patra View Point ,berwe",23.4962163,85.4453848,4.2,"tourist_attraction, point_of_interest, establishment",attraction,Jharkhand,All Seasons,Ramgarh,12
Dhordhoria Waterfall,23.5732731,85.47818079999999,3.9,"tourist_attraction, point_of_interest, establishment",attraction,Jharkhand,All Seasons,Ramgarh,49
Chaingara valley,23.5972191,85.24181689999999,3.3,"tourist_attraction, point_of_interest, establishment",attraction,Jharkhand,All Seasons,Ramgarh,3
Sarnatoli Sunset Point,23.4540354,85.4818317,4.2,"tourist_attraction, point_of_interest, establishment",attraction,Jharkhand,All Seasons,Ramgarh,6
Hiramani ghaat,23.3672725,85.31600069999999,4.2,"tourist_attraction, point_of_interest, establishment",attraction,Jharkhand,All Seasons,Ramgarh,5
Chhai Dam,23.7331589,85.7478448,3.6,"tourist_attraction, point_of_interest, establishment",attraction,Jharkhand,All Seasons,Ramgarh,5
Hullu pond,23.5289481,85.78287879999999,4.3,"tourist_attraction, point_of_interest, establishment",attraction,Jharkhand,All Seasons,Ramgarh,6
Ganrke Dam,23.571768,85.533925,4.4,"tourist_attraction, point_of_interest, establishment",attraction,Jharkhand,All Seasons,Ramgarh,12
Rock garden,23.4822183,85.2987605,4.7,"tourist_attraction, point_of_interest, establishment",attraction,Jharkhand,All Seasons,Ramgarh,7
Near by tourist area gandhaunia,23.6655628,85.7583604,0,"tourist_attraction, point_of_interest, establishment",attraction,Jharkhand,All Seasons,Ramgarh,0
Kanke Dam,23.4055907,85.3074754,4.1,"tourist_attraction, point_of_interest, establishment",attraction,Jharkhand,All Seasons,Ramgarh,529
Mini Island,23.7281578,85.7784333,4.5,"tourist_attraction, point_of_interest, establishment",attraction,Jharkhand,All Seasons,Ramgarh,2
Topa tourist place,23.731365,85.4727242,4.7,"tourist_attraction, point_of_interest, establishment",attraction,Jharkhand,All Seasons,Ramgarh,3
Bhusur tree's way,23.4787,85.5564366,4.6,"tourist_attraction, point_of_interest, establishment",attraction,Jharkhand,All Seasons,Ramgarh,29
Patratu Lake View,23.6102268,85.27964879999999,4.5,"tourist_attraction, point_of_interest, establishment",attraction,Jharkhand,All Seasons,Ramgarh,191
Shanti Hill,23.4079999,85.3620378,4.5,"tourist_attraction, park, point_of_interest, establishment",attraction,Jharkhand,All Seasons,Ramgarh,48
Oxygen Park,23.3904205,85.3263423,4.3,"park, tourist_attraction, point_of_interest, establishment",attraction,Jharkhand,All Seasons,Ramgarh,9968
Ranchi Hill,23.3758629,85.3104901,4.3,"tourist_attraction, point_of_interest, establishment",attraction,Jharkhand,All Seasons,Ramgarh,116
Kuju Valley,23.7418375,85.5009568,4,"tourist_attraction, point_of_interest, establishment",attraction,Jharkhand,All Seasons,Ramgarh,17
Picnic and Boating Place,23.6012252,85.2815742,4.4,"tourist_attraction, point_of_interest, establishment",attraction,Jharkhand,All Seasons,Ramgarh,119
Barat Picharwa Waterfall,23.8695625,85.4004375,4.2,"tourist_attraction, point_of_interest, establishment",attraction,Jharkhand,All Seasons,Ramgarh,71
Sidhu Kanhu Park,23.3885908,85.3169459,4,"park, tourist_attraction, point_of_interest, establishment",attraction,Jharkhand,All Seasons,Ramgarh,5487
Mount SomVed,23.4098223,85.3533867,5,"tourist_attraction, point_of_interest, establishment",attraction,Jharkhand,All Seasons,Ramgarh,2
Charhi valley,23.8883058,85.42098879999999,4,"tourist_attraction, point_of_interest, establishment",attraction,Jharkhand,All Seasons,Ramgarh,9
Paryatan vihar,23.6094627,85.2810137,4,"tourist_attraction, point_of_interest, establishment",attraction,Jharkhand,All Seasons,Ramgarh,48
Last forest,23.5790255,85.5380404,4.7,"tourist_attraction, point_of_interest, establishment",attraction,Jharkhand,All Seasons,Ramgarh,3
The Last Tree,23.4244055,85.4463192,4.3,"tourist_attraction, point_of_interest, establishment",attraction,Jharkhand,All Seasons,Ramgarh,3
Lalki Ghati Ramgarh,23.5793205,85.5354095,4.1,"tourist_attraction, point_of_interest, establishment",attraction,Jharkhand,All Seasons,Ramgarh,15
Hatma Lake,23.3909627,85.3204458,3.4,"tourist_attraction, point_of_interest, establishment",attraction,Jharkhand,All Seasons,Ramgarh,140
Hundru Valley view point,23.4504309,85.6646822,4.5,"tourist_attraction, point_of_interest, establishment",attraction,Jharkhand,All Seasons,Ramgarh,170
Mini Khandala Hill,23.5623998,85.4343686,4.3,"tourist_attraction, point_of_interest, establishment",attraction,Jharkhand,All Seasons,Ramgarh,39
Sky Point,23.3989193,85.3810792,3.8,"tourist_attraction, point_of_interest, establishment",attraction,Jharkhand,All Seasons,Ramgarh,9
Nakari Waterfall,23.6576669,85.3469125,4.4,"tourist_attraction, point_of_interest, establishment",attraction,Jharkhand,All Seasons,Ramgarh,81
Rose Island,23.4740985,85.549778,4.4,"tourist_attraction, point_of_interest, establishment",attraction,Jharkhand,All Seasons,Ramgarh,24
Chuttupalu valley,23.568327,85.527574,4.2,"tourist_attraction, point_of_interest, establishment",attraction,Jharkhand,All Seasons,Ramgarh,45
Mecon Colony Park - 1,23.337304,85.310209,4.2,"park, point_of_interest, establishment",parks,Jharkhand,Spring,Ranchi,56
Ashok Nagar Park 3,23.3473735,85.3065275,4.1,"park, point_of_interest, establishment",parks,Jharkhand,Spring,Ranchi,216
Mecon Colony Park 2,23.34,85.30916669999999,4.1,"park, point_of_interest, establishment",parks,Jharkhand,Spring,Ranchi,215
Veer Kunwar Singh Park,23.359214,85.30168309999999,4.7,"park, point_of_interest, establishment",parks,Jharkhand,Spring,Ranchi,38
NIAMT Colony Park,23.298418,85.310501,4,"park, point_of_interest, establishment",parks,Jharkhand,Spring,Ranchi,107
Phoenix Central Park,23.3765529,85.3300639,4.4,"park, point_of_interest, establishment",parks,Jharkhand,Spring,Ranchi,85
Patel Park,23.3551946,85.30602800000001,4,"park, tourist_attraction, point_of_interest, establishment",parks,Jharkhand,Spring,Ranchi,2934
Harmu Housing Colony Park 1,23.3583539,85.30006890000001,3.9,"park, point_of_interest, establishment",parks,Jharkhand,Spring,Ranchi,173
Baragain hill park,23.403734,85.373964,4.5,"park, point_of_interest, establishment",parks,Jharkhand,Spring,Ranchi,54
Shree Narayan Park,23.370552,85.31709599999999,3.7,"park, point_of_interest, establishment",parks,Jharkhand,Spring,Ranchi,118
Ram Dayal Munda Park,23.3875541,85.3252061,3.8,"park, point_of_interest, establishment",parks,Jharkhand,Spring,Ranchi,83
Shaheed Vijay Soreng Park,23.318342,85.2971039,4.1,"park, point_of_interest, establishment",parks,Jharkhand,Spring,Ranchi,400
Ashok Nagar Park-D,23.346835,85.310244,3.9,"park, point_of_interest, establishment",parks,Jharkhand,Spring,Ranchi,402
Nagar Nigam Park,23.359966,85.3102359,4,"park, tourist_attraction, point_of_interest, establishment",parks,Jharkhand,Spring,Ranchi,2882
Nilambar Pitambar Park,23.3907927,85.32656109999999,4.4,"park, point_of_interest, establishment",parks,Jharkhand,Spring,Ranchi,68
Kilkary Park,23.3932743,85.42135859999999,4.2,"park, point_of_interest, establishment",parks,Jharkhand,Spring,Ranchi,156
M Type Park,23.4000969,85.3603873,4.1,"park, point_of_interest, establishment",parks,Jharkhand,Spring,Ranchi,75
Swami Vivekanand Park Sail City,23.3335106,85.2813942,4.2,"park, point_of_interest, establishment",parks,Jharkhand,Spring,Ranchi,348
Nehru Park,23.292683,85.29038659999999,4.1,"park, point_of_interest, establishment",parks,Jharkhand,Spring,Ranchi,255
Banhora Park,23.3814375,85.2653125,4.8,"park, point_of_interest, establishment",parks,Jharkhand,Spring,Ranchi,16
Wild Waadi Water Park,23.1874306,85.3209658,3.9,"amusement_park, park, point_of_interest, establishment",parks,Jharkhand,Spring,Ranchi,3934
Biodiversity Park,23.2547338,85.3468934,4.2,"park, tourist_attraction, point_of_interest, establishment",parks,Jharkhand,Spring,Ranchi,3502
Oxygen Park,23.3904205,85.3263423,4.3,"park, tourist_attraction, point_of_interest, establishment",parks,Jharkhand,Spring,Ranchi,9968
Sri Krishna Singh Park,23.336827,85.3186135,3.5,"park, point_of_interest, establishment",parks,Jharkhand,Spring,Ranchi,277
Nakshatra Van,23.3812239,85.3207824,3.9,"park, tourist_attraction, point_of_interest, establishment",parks,Jharkhand,Spring,Ranchi,4594
Sidhu Kanhu Park,23.3885908,85.3169459,4,"park, tourist_attraction, point_of_interest, establishment",parks,Jharkhand,Spring,Ranchi,5487
Shahid Sankalp Children Park,23.3890967,85.3273887,4.2,"amusement_park, tourist_attraction, restaurant, point_of_interest, food, establishment",parks,Jharkhand,Spring,Ranchi,3266
"Rimjhim Water Kingdom - Best Water Park in Ranchi, Jharkhand",23.444718,85.1477649,4.3,"amusement_park, park, lodging, restaurant, point_of_interest, food, establishment",parks,Jharkhand,Spring,Ranchi,348
Rajendra Park,23.400799,85.3499246,4.1,"park, tourist_attraction, point_of_interest, establishment",parks,Jharkhand,Spring,Ranchi,415
Nigam Park,23.384902,85.31928200000002,4,"park, point_of_interest, establishment",parks,Jharkhand,Spring,Ranchi,957
Kanke Dam Park,23.4015125,85.3131719,4.2,"park, tourist_attraction, point_of_interest, establishment",parks,Jharkhand,Spring,Ranchi,2129
Johar Ramgarh park,23.6153392,85.5711548,4.1,"park, point_of_interest, establishment",parks,Jharkhand,Spring,Ranchi,43
Chiraundi Park,23.4086537,85.34766220000002,4.2,"park, point_of_interest, establishment",parks,Jharkhand,Spring,Ranchi,17
Soren Park,23.354581,85.364306,3.8,"park, point_of_interest, establishment",parks,Jharkhand,Spring,Ranchi,388
Ranchi Lake Park,23.3674843,85.3205481,3.9,"park, point_of_interest, establishment",parks,Jharkhand,Spring,Ranchi,141
Dr Zakir Hussain Park,23.3794274,85.32045389999999,3.6,"park, point_of_interest, establishment",parks,Jharkhand,Spring,Ranchi,659
Nigam Park - 2,23.3548974,85.301146,3.6,"park, point_of_interest, establishment",parks,Jharkhand,Spring,Ranchi,244
Kilkari Smart Children's Park,23.3115146,85.2961534,3.8,"park, point_of_interest, establishment",parks,Jharkhand,Spring,Ranchi,53
Harmu Bazar Park,23.360657,85.302848,3.8,"park, point_of_interest, establishment",parks,Jharkhand,Spring,Ranchi,134
Swami Vivekananda Smriti Park (Kokar Park),23.3745589,85.3453756,3.5,"park, point_of_interest, establishment",parks,Jharkhand,Spring,Ranchi,811
Children Park,23.3879073,85.33025599999999,4.2,"park, point_of_interest, establishment",parks,Jharkhand,Spring,Ranchi,622
Rock Garden,23.4044504,85.31215759999999,4.2,"park, point_of_interest, establishment",parks,Jharkhand,Spring,Ranchi,9781
Nehru Park,23.3320553,85.29883720000001,4,"park, point_of_interest, establishment",parks,Jharkhand,Spring,Ranchi,525
Garikhana Park,23.372975,85.314129,3.6,"park, point_of_interest, establishment",parks,Jharkhand,Spring,Ranchi,389
Children's Park,23.3554358,85.3141064,4.1,"park, tourist_attraction, point_of_interest, establishment",parks,Jharkhand,Spring,Ranchi,1248
Dhurwa Dam Park,23.300528,85.258709,4.2,"park, tourist_attraction, point_of_interest, establishment",parks,Jharkhand,Spring,Ranchi,1008
Dhurva Sector C Park,23.299631,85.269509,4,"park, point_of_interest, establishment",parks,Jharkhand,Spring,Ranchi,129
Harmu Housing Colony Park 2,23.361874,85.303005,3.9,"park, point_of_interest, establishment",parks,Jharkhand,Spring,Ranchi,80
Army Colony Park - 2,23.387197,85.403531,4,"park, point_of_interest, establishment",parks,Jharkhand,Spring,Ranchi,98
Machhli Park,23.3437088,85.32263789999999,3.9,"park, point_of_interest, establishment",parks,Jharkhand,Spring,Ranchi,98
NAGAR NIGAM PARK,23.3989694,85.35883799999999,4.4,"park, point_of_interest, establishment",parks,Jharkhand,Spring,Ranchi,24
Kokar park,23.3754098,85.345503,3.6,"park, point_of_interest, establishment",parks,Jharkhand,Spring,Ranchi,75
Banas talab joggers park,23.3565309,85.33590939999999,4.2,"park, point_of_interest, establishment",parks,Jharkhand,Spring,Ranchi,10
Nandan Park,23.4053344,85.3171775,3.7,"park, point_of_interest, establishment",parks,Jharkhand,Spring,Ranchi,85
Ayodhya Enclave community Park.,23.3860727,85.366087,4.6,"park, point_of_interest, establishment",parks,Jharkhand,Spring,Ranchi,42
Army Colony Park,23.312874,85.37865699999999,4.1,"park, point_of_interest, establishment",parks,Jharkhand,Spring,Ranchi,139
Army Area Colony Park,23.397697,85.334465,4.1,"park, tourist_attraction, point_of_interest, establishment",parks,Jharkhand,Spring,Ranchi,60
Children park,23.3428112,85.3322713,4.4,"park, point_of_interest, establishment",parks,Jharkhand,Spring,Ranchi,16
Shaheed Sankalp Vatika,23.3890118,85.32616829999999,4.4,"park, point_of_interest, establishment",parks,Jharkhand,Spring,Ranchi,8
Mecon Colony Park,23.3358999,85.3113444,4,"park, point_of_interest, establishment",parks,Jharkhand,Spring,Ranchi,23
Ranchi Science Center,23.4069545,85.34023270000002,4,"tourist_attraction, museum, point_of_interest, establishment",museum,Jharkhand,Winter,Ranchi,3509
State Museum,23.383792,85.3856121,4.3,"tourist_attraction, museum, point_of_interest, establishment",museum,Jharkhand,Winter,Ranchi,913
Birsa Munda Museum,23.3771358,85.32879489999999,4.4,"museum, point_of_interest, establishment",museum,Jharkhand,Winter,Ranchi,379
Tribal Research Institute and Museum,23.3941399,85.33323480000001,4.2,"museum, point_of_interest, establishment",museum,Jharkhand,Winter,Ranchi,589
MUSICAL FOUNTAIN,23.3741785,85.32942249999999,4.8,"museum, point_of_interest, establishment",museum,Jharkhand,Winter,Ranchi,5
"धुमकुड़िया ,मुरुम(dhumkuriya murum)",23.477021,85.3458553,4.4,"museum, point_of_interest, establishment",museum,Jharkhand,Winter,Ranchi,9
The snake house,23.4574817,85.4600857,4.1,"museum, point_of_interest, establishment",museum,Jharkhand,Winter,Ranchi,17
Pancha maidan.Ghar,23.209704,85.49118589999999,5,"museum, point_of_interest, establishment",museum,Jharkhand,Winter,Ranchi,2
Audrey House,23.3832042,85.31748859999999,4.2,"art_gallery, local_government_office, point_of_interest, establishment",museum,Jharkhand,Winter,Ranchi,157
Bhagwan Birsa Aquarium park,23.4661045,85.4574894,4.2,"aquarium, museum, park, point_of_interest, establishment",museum,Jharkhand,Winter,Ranchi,117
Birsa Munda Museum Garden,23.3770342,85.32838579999999,4.1,"park, point_of_interest, establishment",museum,Jharkhand,Winter,Ranchi,15
B M store,23.5983443,85.60028199999999,5,"museum, point_of_interest, establishment",museum,Jharkhand,Winter,Ranchi,1
Taimara hill,23.2027528,85.51044139999999,5,"museum, point_of_interest, establishment",museum,Jharkhand,Winter,Ranchi,2
Tagore Hill,23.4015497,85.3380737,4.2,"tourist_attraction, point_of_interest, establishment",museum,Jharkhand,Winter,Ranchi,12199
SARTHAK TECNOLOGY CCTV,23.3699445,85.3132162,5,"museum, point_of_interest, establishment",museum,Jharkhand,Winter,Ranchi,3
Bhagwan Birsa Biological Park,23.4631799,85.455203,4.3,"zoo, tourist_attraction, park, point_of_interest, establishment",museum,Jharkhand,Winter,Ranchi,11480
Shiv Mandir,23.5848157,85.0908671,4.4,"museum, point_of_interest, establishment",museum,Jharkhand,Winter,Ranchi,14
KABRISTAN Pirutola,23.5134133,85.2783888,5,"museum, point_of_interest, establishment",museum,Jharkhand,Winter,Ranchi,5
Mandru toli,23.1179927,85.29112760000001,3.5,"museum, point_of_interest, establishment",museum,Jharkhand,Winter,Ranchi,2
Goutam Buddha statue,23.3763439,85.32881499999999,4.5,"tourist_attraction, point_of_interest, establishment",museum,Jharkhand,Winter,Ranchi,6
Green Park of Army,23.39488,85.395497,4.5,"park, point_of_interest, establishment",museum,Jharkhand,Winter,Ranchi,170
Ratu Fort,23.4189675,85.2183702,4.3,"museum, point_of_interest, establishment",museum,Jharkhand,Winter,Ranchi,757
Katari Toli,23.2710018,85.21782320000001,1,"museum, point_of_interest, establishment",museum,Jharkhand,Winter,Ranchi,1
Jail park,23.3770071,85.328364,4.4,"park, point_of_interest, establishment",museum,Jharkhand,Winter,Ranchi,780
behind shiv mandir,23.389288,85.41071199999999,0,"museum, point_of_interest, establishment",museum,Jharkhand,Winter,Ranchi,0
Shilpkaari,23.3815604,85.297017,4.9,"art_gallery, museum, home_goods_store, store, point_of_interest, establishment",museum,Jharkhand,Winter,Ranchi,480
Atova,23.1599999,85.5869352,0,"museum, point_of_interest, establishment",museum,Jharkhand,Winter,Ranchi,0
Sarna sthal Chund,23.474578,85.1631675,4,"church, hindu_temple, museum, place_of_worship, point_of_interest, establishment",museum,Jharkhand,Winter,Ranchi,4
"Cycle Museum - CycleBABY TRYCYCLE, BABY ELECTRIC CAR BIKE and Fitness Equipment Dealer",23.3713774,85.33676009999999,4.3,"bicycle_store, store, point_of_interest, establishment",museum,Jharkhand,Winter,Ranchi,16
Tyre Museum,23.3613325,85.3296975,2,"car_repair, store, point_of_interest, establishment",museum,Jharkhand,Winter,Ranchi,1
THE CYCLE MUSEUM,23.3715259,85.3333285,0,"health, store, point_of_interest, establishment",museum,Jharkhand,Winter,Ranchi,0
"NPEC , Padh Lo Kahin Se , GYAN Yahin Se",23.4113459,85.3296203,5,"museum, university, school, point_of_interest, establishment",museum,Jharkhand,Winter,Ranchi,60
डॉ॰ अभयस फिजियोथेरेपी & रिहैबिलिटेशन सेंटर,23.3759485,85.3313613,5,"physiotherapist, health, point_of_interest, establishment",museum,Jharkhand,Winter,Ranchi,23
OTS World,23.3667627,85.34938029999999,4.7,"museum, store, point_of_interest, establishment",museum,Jharkhand,Winter,Ranchi,231
The Great Statue,23.3549351,85.3200653,0,"museum, point_of_interest, establishment",museum,Jharkhand,Winter,Ranchi,0
Bhonda mahuwa toli,23.3737178,85.2004142,0,"museum, point_of_interest, establishment",museum,Jharkhand,Winter,Ranchi,0
Hiro nadi,23.4400126,85.30586459999999,0,"museum, point_of_interest, establishment",museum,Jharkhand,Winter,Ranchi,0
Mangal oraon,23.2513213,85.0597137,0,"museum, point_of_interest, establishment",museum,Jharkhand,Winter,Ranchi,0
Palani Waterfall Reservoir,23.6128165,85.2496754,4.2,"tourist_attraction, point_of_interest, establishment",waterfalls,Jharkhand,Monsoon,Ranchi,895
Churni waterfall (Baheya),23.3625619,85.4911849,4,"tourist_attraction, point_of_interest, establishment",waterfalls,Jharkhand,Monsoon,Ranchi,568
Sanam Waterfall,23.362838,85.50066210000001,3.9,"tourist_attraction, point_of_interest, establishment",waterfalls,Jharkhand,Monsoon,Ranchi,265
Kankebar Waterfall,23.5854599,85.5224272,4.2,"tourist_attraction, point_of_interest, establishment",waterfalls,Jharkhand,Monsoon,Ranchi,11
Sundar Waterfalls,23.413013,85.185341,4.5,"tourist_attraction, point_of_interest, establishment",waterfalls,Jharkhand,Monsoon,Ranchi,11
Dassam Falls,23.1462515,85.4672203,4.4,"tourist_attraction, point_of_interest, establishment",waterfalls,Jharkhand,Monsoon,Ranchi,13623
Remix fall,23.1306367,85.4749971,4.3,"tourist_attraction, park, point_of_interest, establishment",waterfalls,Jharkhand,Monsoon,Ranchi,2404
Rarha Waterfall,23.5409792,85.305404,4,"tourist_attraction, park, point_of_interest, establishment",waterfalls,Jharkhand,Monsoon,Ranchi,151
DHORDHORA FALLS,23.5848853,85.10645009999999,4.5,"tourist_attraction, point_of_interest, establishment",waterfalls,Jharkhand,Monsoon,Ranchi,28
Baheya Waterfall,23.3628623,85.50076469999999,4.2,"tourist_attraction, point_of_interest, establishment",waterfalls,Jharkhand,Monsoon,Ranchi,178
Chandra Waterfall,23.548872,85.36434,4.5,"tourist_attraction, point_of_interest, establishment",waterfalls,Jharkhand,Monsoon,Ranchi,31
Ghaghari dham Waterfalls,23.2277276,85.0138456,4.4,"tourist_attraction, point_of_interest, establishment",waterfalls,Jharkhand,Monsoon,Ranchi,102
Simsa Waterfall,23.1731987,85.3881572,4.7,"tourist_attraction, point_of_interest, establishment",waterfalls,Jharkhand,Monsoon,Ranchi,7
Dasham Falls Selfie Point,23.140758,85.4668978,4.6,"tourist_attraction, point_of_interest, establishment",waterfalls,Jharkhand,Monsoon,Ranchi,99
Lahna Pipeline Waterfall,23.413116,85.1855149,4,"tourist_attraction, point_of_interest, establishment",waterfalls,Jharkhand,Monsoon,Ranchi,76
Dhordhoria Waterfall,23.5732731,85.47818079999999,3.9,"tourist_attraction, point_of_interest, establishment",waterfalls,Jharkhand,Monsoon,Ranchi,49
BONGAIBERA WATERFALL,23.3719762,85.5134308,4,"tourist_attraction, point_of_interest, establishment",waterfalls,Jharkhand,Monsoon,Ranchi,10
Topi Waterfall,23.3292565,85.4705681,4.4,"tourist_attraction, point_of_interest, establishment",waterfalls,Jharkhand,Monsoon,Ranchi,16
Navam Waterfall,23.5410665,85.3054945,3.9,"tourist_attraction, point_of_interest, establishment",waterfalls,Jharkhand,Monsoon,Ranchi,14
Mahilong Upper waterfall - Sikku,23.347586,85.451212,4.1,"tourist_attraction, point_of_interest, establishment",waterfalls,Jharkhand,Monsoon,Ranchi,55
TELIYA JARA WATERFALL,23.3717133,85.50874259999999,4.2,"tourist_attraction, point_of_interest, establishment",waterfalls,Jharkhand,Monsoon,Ranchi,20
Bonga waterfall,23.3882615,85.2481727,3,"tourist_attraction, point_of_interest, establishment",waterfalls,Jharkhand,Monsoon,Ranchi,1
Dassam Falls Top View Point,23.1408437,85.4661538,4.6,"tourist_attraction, point_of_interest, establishment",waterfalls,Jharkhand,Monsoon,Ranchi,1000
Palani Waterfall,23.6128375,85.24985939999999,3.8,"tourist_attraction, point_of_interest, establishment",waterfalls,Jharkhand,Monsoon,Ranchi,52
C - Waterfall,23.2595887,85.33872269999999,3.9,"point_of_interest, establishment",waterfalls,Jharkhand,Monsoon,Ranchi,40
RMR waterfall,23.570352,85.47496,4.2,"tourist_attraction, point_of_interest, establishment",waterfalls,Jharkhand,Monsoon,Ranchi,9
Dibra water fall,23.2515483,85.3741044,4.3,"park, point_of_interest, establishment",waterfalls,Jharkhand,Monsoon,Ranchi,36
Mahilong lower water fall,23.3460458,85.4518667,4.4,"tourist_attraction, point_of_interest, establishment",waterfalls,Jharkhand,Monsoon,Ranchi,10
Garud fall,23.369382,85.523468,3.6,"tourist_attraction, point_of_interest, establishment",waterfalls,Jharkhand,Monsoon,Ranchi,47
LOWER DASSAM FALLS,23.143065,85.4668073,3.9,"tourist_attraction, point_of_interest, establishment",waterfalls,Jharkhand,Monsoon,Ranchi,19
Marashili Waterfall,23.3081655,85.4435421,0,"tourist_attraction, point_of_interest, establishment",waterfalls,Jharkhand,Monsoon,Ranchi,0
Lapung waterfall,23.2245239,85.05358919999999,4.6,"park, point_of_interest, establishment",waterfalls,Jharkhand,Monsoon,Ranchi,5
Nimi Jharna (waterfall),23.595773,85.37483499999999,3.9,"tourist_attraction, point_of_interest, establishment",waterfalls,Jharkhand,Monsoon,Ranchi,8
KESARO waterfall,23.3351311,85.18002919999999,4,"tourist_attraction, point_of_interest, establishment",waterfalls,Jharkhand,Monsoon,Ranchi,4
Wolf spot,23.3602895,85.4884877,4.8,"tourist_attraction, point_of_interest, establishment",waterfalls,Jharkhand,Monsoon,Ranchi,11
Premghagh,23.1443435,85.1431448,4.3,"tourist_attraction, point_of_interest, establishment",waterfalls,Jharkhand,Monsoon,Ranchi,22
Palani waterfall green gardan,23.6132878,85.25100239999999,3.5,"park, point_of_interest, establishment",waterfalls,Jharkhand,Monsoon,Ranchi,17
Dundun Waterfalls,23.5229168,85.4020903,3.8,"tourist_attraction, point_of_interest, establishment",waterfalls,Jharkhand,Monsoon,Ranchi,4
Chiyari Mahuwa Waterfall,23.580412,85.4950415,0,"tourist_attraction, point_of_interest, establishment",waterfalls,Jharkhand,Monsoon,Ranchi,0
Sarna fall,23.3406219,85.26434929999999,3.2,"tourist_attraction, point_of_interest, establishment",waterfalls,Jharkhand,Monsoon,Ranchi,69
Baram Waterfall,23.3334841,85.4113284,3.7,"tourist_attraction, point_of_interest, establishment",waterfalls,Jharkhand,Monsoon,Ranchi,6
Chota Jharna,23.4231884,85.3049913,4,"tourist_attraction, point_of_interest, establishment",waterfalls,Jharkhand,Monsoon,Ranchi,25
Kanchi dam,23.1238676,85.4850979,4.3,"tourist_attraction, point_of_interest, establishment",waterfalls,Jharkhand,Monsoon,Ranchi,27
Bisa Water Falls,23.4070335,85.56044690000002,2.5,"tourist_attraction, point_of_interest, establishment",waterfalls,Jharkhand,Monsoon,Ranchi,2
Huringdag Hill,23.2187141,85.2595382,4.4,"tourist_attraction, point_of_interest, establishment",waterfalls,Jharkhand,Monsoon,Ranchi,24
Sunrise Waterfall,23.3832205,85.48944039999999,5,"point_of_interest, establishment",waterfalls,Jharkhand,Monsoon,Ranchi,1
Mahilong Check Dam,23.3479356,85.4498091,3.3,"tourist_attraction, point_of_interest, establishment",waterfalls,Jharkhand,Monsoon,Ranchi,3
Chotka fall,23.527784,85.3136722,1,"tourist_attraction, point_of_interest, establishment",waterfalls,Jharkhand,Monsoon,Ranchi,1
KUCHANG,23.3078003,85.3757466,4.3,"tourist_attraction, point_of_interest, establishment",waterfalls,Jharkhand,Monsoon,Ranchi,53
Getalsud dam,23.456667,85.555278,4.5,"tourist_attraction, point_of_interest, establishment",waterfalls,Jharkhand,Monsoon,Ranchi,1109
Patel Park,23.3551946,85.30602800000001,4,"park, tourist_attraction, point_of_interest, establishment",waterfalls,Jharkhand,Monsoon,Ranchi,2934
Sardar Vallabhbhai Patel Park,23.6048941,85.298041,4.4,"park, point_of_interest, establishment",waterfalls,Jharkhand,Monsoon,Ranchi,92
Ranchi Hill,23.3758629,85.3104901,4.3,"tourist_attraction, point_of_interest, establishment",waterfalls,Jharkhand,Monsoon,Ranchi,116
Hatma Lake,23.3909627,85.3204458,3.4,"tourist_attraction, point_of_interest, establishment",beaches,Jharkhand,Summer,Ranchi,140
Ratu Sunset point,23.412168,85.216534,3.6,"tourist_attraction, point_of_interest, establishment",beaches,Jharkhand,Summer,Ranchi,5
Patratu dam,23.6098618,85.2827185,4.4,"tourist_attraction, point_of_interest, establishment",beaches,Jharkhand,Summer,Ranchi,3311
Ranchi Lake,23.3687692,85.31745049999999,4,"tourist_attraction, point_of_interest, establishment",beaches,Jharkhand,Summer,Ranchi,1806
Getalsud Dam View Point,23.4473371,85.5534332,4.5,"tourist_attraction, point_of_interest, establishment",beaches,Jharkhand,Summer,Ranchi,80
Marsilli Pahad Ranchi Namkum,23.3070865,85.4373335,4.5,"tourist_attraction, hindu_temple, place_of_worship, point_of_interest, establishment",beaches,Jharkhand,Summer,Ranchi,1519
Surya Mandir(Sun Temple),23.1819594,85.5616646,4.5,"hindu_temple, tourist_attraction, place_of_worship, point_of_interest, establishment",beaches,Jharkhand,Summer,Ranchi,2266
Remix fall,23.1306367,85.4749971,4.3,"tourist_attraction, park, point_of_interest, establishment",beaches,Jharkhand,Summer,Ranchi,2404
Patratu Valley,23.5748529,85.27403149999999,4.6,"tourist_attraction, point_of_interest, establishment",beaches,Jharkhand,Summer,Ranchi,17537
Dassam Falls,23.1462515,85.4672203,4.4,"tourist_attraction, point_of_interest, establishment",beaches,Jharkhand,Summer,Ranchi,13623
golden beach resort chennai,23.3764563,85.2338815,0,"lodging, point_of_interest, establishment",beaches,Jharkhand,Summer,Ranchi,0
Mourya Hill Park,23.373822,85.266553,3.6,"lodging, point_of_interest, establishment",beaches,Jharkhand,Summer,Ranchi,119
Coco & Chilly,23.2960279,85.275103,4.2,"restaurant, food, point_of_interest, establishment",beaches,Jharkhand,Summer,Ranchi,575
SEA CLIP HOLIDAYS,23.3786772,85.31556669999999,5,"travel_agency, point_of_interest, establishment",beaches,Jharkhand,Summer,Ranchi,35
Jesus Calls Prayer Tower,23.3652017,85.3471962,4.7,"place_of_worship, point_of_interest, establishment",beaches,Jharkhand,Summer,Ranchi,115
Raunaq Bajaj,23.3754128,85.3582019,3.9,"store, point_of_interest, establishment",beaches,Jharkhand,Summer,Ranchi,845
"Lenskart.com at Nucleus Mall, Lalpur",23.377246,85.3311818,4.9,"health, store, point_of_interest, establishment",beaches,Jharkhand,Summer,Ranchi,3101
"Bharat Petroleum Petrol Pump , TIWARI TRADERS",23.3819947,85.4008818,3.9,"gas_station, point_of_interest, establishment",beaches,Jharkhand,Summer,Ranchi,178
Vishal Mega Mart,23.3764547,85.3143455,3.9,"supermarket, grocery_or_supermarket, clothing_store, store, food, point_of_interest, establishment",beaches,Jharkhand,Summer,Ranchi,2898
Vishal Mega Mart,23.4004806,85.3572246,3.8,"supermarket, grocery_or_supermarket, clothing_store, store, food, point_of_interest, establishment",beaches,Jharkhand,Summer,Ranchi,2891
Hamleys,23.3772788,85.3315472,4.8,"clothing_store, store, point_of_interest, establishment",beaches,Jharkhand,Summer,Ranchi,454
DTDC Courier Services,23.3560639,85.3130096,3.8,"point_of_interest, establishment",beaches,Jharkhand,Summer,Ranchi,39
V2 Shoping Mall,23.3679854,85.324978,3.8,"clothing_store, shopping_mall, store, point_of_interest, establishment",beaches,Jharkhand,Summer,Ranchi,1886
"Maruti Suzuki ARENA (Premsons Motor, Ranchi, Kanke Road)",23.3899189,85.31464539999999,4.6,"car_dealer, store, point_of_interest, establishment",beaches,Jharkhand,Summer,Ranchi,10105
BSE Investor Service Centre,23.3526137,85.2994427,4.3,"point_of_interest, establishment",beaches,Jharkhand,Summer,Ranchi,18
1 India Family Mart,23.4247866,85.2227267,3.8,"department_store, shopping_mall, clothing_store, store, point_of_interest, establishment",beaches,Jharkhand,Summer,Ranchi,9
Bata Shoe Store,23.3712425,85.3298875,3.6,"shoe_store, clothing_store, store, point_of_interest, establishment",beaches,Jharkhand,Summer,Ranchi,489
Firstcry.com Store Ranchi Lalpur,23.373044,85.3378518,4.9,"clothing_store, store, point_of_interest, establishment",beaches,Jharkhand,Summer,Ranchi,13
Ormanghi zoo,23.4631774,85.455203,4.3,"zoo, point_of_interest, establishment",zoo,Jharkhand,Winter,Ranchi,273
Bhagwan Birsa Biological Park,23.4631799,85.455203,4.3,"zoo, tourist_attraction, park, point_of_interest, establishment",zoo,Jharkhand,Winter,Ranchi,11480
Bhagwan Birsa Mrig Vihar,23.1861381,85.28324040000001,4.1,"zoo, point_of_interest, establishment",zoo,Jharkhand,Winter,Ranchi,1079
The Great Lion House,23.4584462,85.454042,4.4,"zoo, point_of_interest, establishment",zoo,Jharkhand,Winter,Ranchi,197
"Crocodile Park, Muta",23.518129,85.55419499999999,3.5,"zoo, point_of_interest, establishment",zoo,Jharkhand,Winter,Ranchi,169
Children's Park,23.3554358,85.3141064,4.1,"park, tourist_attraction, point_of_interest, establishment",zoo,Jharkhand,Winter,Ranchi,1248
Elephant Cage,23.4552589,85.462571,4.4,"zoo, point_of_interest, establishment",zoo,Jharkhand,Winter,Ranchi,7
Spotted Deer Enclosure,23.4562873,85.4607853,5,"zoo, point_of_interest, establishment",zoo,Jharkhand,Winter,Ranchi,2
Jungle Cat,23.4589543,85.4534376,5,"zoo, point_of_interest, establishment",zoo,Jharkhand,Winter,Ranchi,1
Bison (Gaur) Enclosure,23.4591361,85.4583217,5,"zoo, point_of_interest, establishment",zoo,Jharkhand,Winter,Ranchi,2
Himalayan Black Bear,23.4541841,85.4585997,5,"zoo, point_of_interest, establishment",zoo,Jharkhand,Winter,Ranchi,2
Crocodile house,23.4603089,85.4591982,3.6,"zoo, point_of_interest, establishment",zoo,Jharkhand,Winter,Ranchi,7
Leopard cage,23.4602363,85.4531243,3.9,"zoo, point_of_interest, establishment",zoo,Jharkhand,Winter,Ranchi,8
Bhagwan Birsa Aquarium park,23.4661045,85.4574894,4.2,"aquarium, museum, park, point_of_interest, establishment",zoo,Jharkhand,Winter,Ranchi,117
Fox,23.4550504,85.4578315,5,"zoo, point_of_interest, establishment",zoo,Jharkhand,Winter,Ranchi,1
Monkey house,23.462371,85.4563446,4.3,"park, point_of_interest, establishment",zoo,Jharkhand,Winter,Ranchi,11
Biodiversity Park,23.2547338,85.3468934,4.2,"park, tourist_attraction, point_of_interest, establishment",zoo,Jharkhand,Winter,Ranchi,3502
Asiatic Lion,23.4567796,85.4568082,5,"zoo, point_of_interest, establishment",zoo,Jharkhand,Winter,Ranchi,3
Ranchi aquarium,23.4659955,85.4574464,4.2,"aquarium, point_of_interest, establishment",zoo,Jharkhand,Winter,Ranchi,280
"Butterfly Park, Ranchi",23.4658625,85.45592189999999,4,"park, point_of_interest, establishment",zoo,Jharkhand,Winter,Ranchi,90
The snake house,23.4574817,85.4600857,4.1,"museum, point_of_interest, establishment",zoo,Jharkhand,Winter,Ranchi,17
Aqua World Machhli Ghar,23.3823478,85.3202574,3.5,"tourist_attraction, point_of_interest, establishment",zoo,Jharkhand,Winter,Ranchi,2465
Birsa Postal Park,23.3424993,85.3222942,4.8,"park, point_of_interest, establishment",zoo,Jharkhand,Winter,Ranchi,4
Tagore Hill,23.4015497,85.3380737,4.2,"tourist_attraction, point_of_interest, establishment",zoo,Jharkhand,Winter,Ranchi,12199
Johar Ramgarh park,23.6153392,85.5711548,4.1,"park, point_of_interest, establishment",zoo,Jharkhand,Winter,Ranchi,43
ZOOLOGY DEPARTMENT RANCHI UNIVERSITY,23.3886936,85.3248309,4.3,"point_of_interest, establishment",zoo,Jharkhand,Winter,Ranchi,68
Jharkhand Zoo Authority,23.4674776,85.4540644,4,"point_of_interest, establishment",zoo,Jharkhand,Winter,Ranchi,1
"Zoo Hospital, BBB Park",23.4634135,85.4567051,0,"point_of_interest, establishment",zoo,Jharkhand,Winter,Ranchi,0
Battery car booking zoo,23.4630347,85.45575389999999,5,"parking, point_of_interest, establishment",zoo,Jharkhand,Winter,Ranchi,1
Parking bhagwan birsa zoo,23.4634256,85.4547487,4.7,"parking, point_of_interest, establishment",zoo,Jharkhand,Winter,Ranchi,3
Ranchi Lake,23.3687692,85.31745049999999,4,"tourist_attraction, point_of_interest, establishment",zoo,Jharkhand,Winter,Ranchi,1806
RUKKA DAM,23.4418339,85.4800647,4.1,"tourist_attraction, point_of_interest, establishment",zoo,Jharkhand,Winter,Ranchi,1055
ZOO CANTEEN,23.4555901,85.4364482,0,"restaurant, point_of_interest, food, establishment",zoo,Jharkhand,Winter,Ranchi,0
Bird aviary,23.4627524,85.4540641,0,"park, point_of_interest, establishment",zoo,Jharkhand,Winter,Ranchi,0
Birsa Zoo Hotel,23.457104,85.45447650000001,1,"restaurant, point_of_interest, food, establishment",zoo,Jharkhand,Winter,Ranchi,1
Water Fountain,23.4622068,85.4552406,4,"tourist_attraction, point_of_interest, establishment",zoo,Jharkhand,Winter,Ranchi,2
Titanium Mahindra Workshop,23.4598799,85.4473526,4.9,"car_wash, car_repair, point_of_interest, establishment",zoo,Jharkhand,Winter,Ranchi,756
Titan Nissan,23.4643281,85.45750609999999,4.9,"car_repair, car_dealer, store, point_of_interest, establishment",zoo,Jharkhand,Winter,Ranchi,469
Mahindra Titania Motocorp - SUV Sales Showroom,23.463864,85.4572261,4.8,"car_dealer, car_repair, store, point_of_interest, establishment",zoo,Jharkhand,Winter,Ranchi,534
Singhania Skoda Ranchi,23.4649275,85.458232,4.5,"car_dealer, store, point_of_interest, establishment",zoo,Jharkhand,Winter,Ranchi,270
ACMS - A Unit Of Asclepius Centre For Medical Sciences,23.456138,85.4419691,4.5,"hospital, health, point_of_interest, establishment",zoo,Jharkhand,Winter,Ranchi,8
Happy Aquarium,23.3206739,85.2973507,3.2,"pet_store, store, point_of_interest, establishment",zoo,Jharkhand,Winter,Ranchi,5
Toplink Motors,23.4650043,85.45816350000001,4.3,"car_repair, point_of_interest, establishment",zoo,Jharkhand,Winter,Ranchi,24
Singhania Škoda Showroom and Service,23.465022,85.45811499999999,3,"car_dealer, car_repair, store, point_of_interest, establishment",zoo,Jharkhand,Winter,Ranchi,37
Madhuvan Vihar Hotel and Resorts pvt Ltd,23.4653619,85.4600882,3.7,"lodging, bar, restaurant, food, point_of_interest, establishment",zoo,Jharkhand,Winter,Ranchi,5840
AROGYA AMRITULYA,23.4839689,85.47907029999999,5,"store, food, point_of_interest, establishment",zoo,Jharkhand,Winter,Ranchi,1
BMW Titanium Autos,23.4646866,85.4579079,4.5,"car_dealer, store, point_of_interest, establishment",zoo,Jharkhand,Winter,Ranchi,1050
MG Motor Singhania Future Service Center,23.4650773,85.4584277,4.6,"car_wash, car_repair, point_of_interest, establishment",zoo,Jharkhand,Winter,Ranchi,139
USED CAR DEALER SINGHANIA SKODA,23.4649166,85.45823109999999,5,"car_dealer, store, point_of_interest, establishment",zoo,Jharkhand,Winter,Ranchi,3
"Shivay Healthcare : Anorectal hospital, piles arthritis skin and sexologist ayurvedic hospital",23.466364,85.4495104,5,"hospital, health, point_of_interest, establishment",zoo,Jharkhand,Winter,Ranchi,1
Scrap India Online,23.3697955,85.31398709999999,5,"point_of_interest, establishment",zoo,Jharkhand,Winter,Ranchi,1
Muta,23.5139537,85.5496296,No rating,"locality, political",zoo,Jharkhand,Winter,Ranchi,0
Dr Vikash'S Piles Fistula Cure Center (ksharsutra & Laser - piles doctor in Ranchi),23.466239,85.4493932,5,"hospital, health, point_of_interest, establishment",zoo,Jharkhand,Winter,Ranchi,4
JS Portable Cabin,23.4845275,85.4790883,5,"point_of_interest, establishment",zoo,Jharkhand,Winter,Ranchi,31
"Pahari Temple, Ranchi",23.3754286,85.31075,4.6,"hindu_temple, tourist_attraction, place_of_worship, point_of_interest, establishment",temples,Jharkhand,All Seasons,Ranchi,14572
ISKCON Ranchi,23.3978978,85.31066229999999,4.8,"hindu_temple, place_of_worship, point_of_interest, establishment",temples,Jharkhand,All Seasons,Ranchi,705
Shiv Temple jhakhratand ratu,23.4295591,85.2211468,4.6,"hindu_temple, place_of_worship, point_of_interest, establishment",temples,Jharkhand,All Seasons,Ranchi,51
Krishna temple,23.3655911,85.3216625,5,"hindu_temple, place_of_worship, point_of_interest, establishment",temples,Jharkhand,All Seasons,Ranchi,2
Maha Mrityunjay Temple,23.3956764,85.3841582,4.3,"hindu_temple, place_of_worship, point_of_interest, establishment",temples,Jharkhand,All Seasons,Ranchi,147
Kadru Hanuman Temple,23.3511757,85.31864449999999,4.7,"hindu_temple, place_of_worship, point_of_interest, establishment",temples,Jharkhand,All Seasons,Ranchi,29
Shri Ram Temple,23.3124825,85.3091369,4.7,"hindu_temple, place_of_worship, point_of_interest, establishment",temples,Jharkhand,All Seasons,Ranchi,25
Surya Mandir(Sun Temple),23.1819594,85.5616646,4.5,"hindu_temple, tourist_attraction, place_of_worship, point_of_interest, establishment",temples,Jharkhand,All Seasons,Ranchi,2266
Hanuman Temple,23.3916232,85.31818179999999,4.5,"hindu_temple, place_of_worship, point_of_interest, establishment",temples,Jharkhand,All Seasons,Ranchi,20
Shiv Mandir,23.2933052,85.32664319999999,4.7,"hindu_temple, place_of_worship, point_of_interest, establishment",temples,Jharkhand,All Seasons,Ranchi,29
Shiv Mandir,23.3331594,85.3220047,4.3,"hindu_temple, place_of_worship, point_of_interest, establishment",temples,Jharkhand,All Seasons,Ranchi,47
Shiva Temple (Baba Dharmeshwar Dhaam),23.4253395,85.17529139999999,4.7,"hindu_temple, place_of_worship, point_of_interest, establishment",temples,Jharkhand,All Seasons,Ranchi,10
Lord Shiv Temple,23.298819,85.32168229999999,4.3,"hindu_temple, place_of_worship, point_of_interest, establishment",temples,Jharkhand,All Seasons,Ranchi,12
Shiv Mandir,23.332405,85.46173920000001,4.5,"hindu_temple, place_of_worship, point_of_interest, establishment",temples,Jharkhand,All Seasons,Ranchi,4
Shiv Mandir,23.3091191,85.3129625,4.5,"hindu_temple, place_of_worship, point_of_interest, establishment",temples,Jharkhand,All Seasons,Ranchi,6
Shree Sita Ram Mandir,23.3732377,85.3145903,4.8,"hindu_temple, place_of_worship, point_of_interest, establishment",temples,Jharkhand,All Seasons,Ranchi,15
Sonmer Temple Khunti,23.124385,85.1778863,4.5,"hindu_temple, place_of_worship, point_of_interest, establishment",temples,Jharkhand,All Seasons,Ranchi,647
Shiv Mandir,23.3208399,85.3318559,4.1,"hindu_temple, place_of_worship, point_of_interest, establishment",temples,Jharkhand,All Seasons,Ranchi,18
Shiv Mandir,23.442602,85.288207,4.8,"hindu_temple, place_of_worship, point_of_interest, establishment",temples,Jharkhand,All Seasons,Ranchi,4
Rang Rori Temple,23.1605334,85.3349968,4.4,"hindu_temple, place_of_worship, point_of_interest, establishment",temples,Jharkhand,All Seasons,Ranchi,63
Ram Darbar Mandir,23.3002902,85.2716574,4.9,"hindu_temple, place_of_worship, point_of_interest, establishment",temples,Jharkhand,All Seasons,Ranchi,15
Devi temple,23.4158084,85.3691405,4.8,"hindu_temple, place_of_worship, point_of_interest, establishment",temples,Jharkhand,All Seasons,Ranchi,4
Sitharam temple,23.3852927,85.40265169999999,4.5,"hindu_temple, place_of_worship, point_of_interest, establishment",temples,Jharkhand,All Seasons,Ranchi,2
Bhairav Baba Temple,23.3176748,85.30509049999999,4.8,"hindu_temple, place_of_worship, point_of_interest, establishment",temples,Jharkhand,All Seasons,Ranchi,44
Shree Hanuman Temple,23.2627398,85.01949890000002,4,"hindu_temple, place_of_worship, point_of_interest, establishment",temples,Jharkhand,All Seasons,Ranchi,2
Hanuman Temple,23.4578745,85.4174176,4.7,"hindu_temple, place_of_worship, point_of_interest, establishment",temples,Jharkhand,All Seasons,Ranchi,3
Sun Temple,23.3812095,85.4260121,4.5,"hindu_temple, place_of_worship, point_of_interest, establishment",temples,Jharkhand,All Seasons,Ranchi,187
Shiv Mandir,23.4424307,85.3132027,4.5,"hindu_temple, place_of_worship, point_of_interest, establishment",temples,Jharkhand,All Seasons,Ranchi,4
Bhuteswar Nath Temple,23.2814238,85.3134932,4.7,"hindu_temple, place_of_worship, point_of_interest, establishment",temples,Jharkhand,All Seasons,Ranchi,7
Argora Shiv Mandir,23.350429,85.2934611,4.7,"hindu_temple, place_of_worship, point_of_interest, establishment",temples,Jharkhand,All Seasons,Ranchi,50
"Shiv Mandir Pithoria , on hill",23.5147745,85.30120269999999,4.1,"hindu_temple, place_of_worship, point_of_interest, establishment",temples,Jharkhand,All Seasons,Ranchi,15
Temple,23.3851604,85.3076727,0,"hindu_temple, place_of_worship, point_of_interest, establishment",temples,Jharkhand,All Seasons,Ranchi,0
Shiv Mandir,23.4633914,85.28410629999999,4.1,"hindu_temple, place_of_worship, point_of_interest, establishment",temples,Jharkhand,All Seasons,Ranchi,9
MANDIR SHVIA,23.3283243,85.24597229999999,3.8,"hindu_temple, place_of_worship, point_of_interest, establishment",temples,Jharkhand,All Seasons,Ranchi,8
Rishabh Nagar Temple,23.3353071,85.2758681,4.5,"hindu_temple, place_of_worship, point_of_interest, establishment",temples,Jharkhand,All Seasons,Ranchi,4
Hanuman Mandir,23.3451128,85.2406984,3.9,"hindu_temple, place_of_worship, point_of_interest, establishment",temples,Jharkhand,All Seasons,Ranchi,12
Maa Kali Temple,23.415457,85.2297285,4.5,"hindu_temple, place_of_worship, point_of_interest, establishment",temples,Jharkhand,All Seasons,Ranchi,52
Village Temple,23.493461,85.029472,5,"hindu_temple, place_of_worship, point_of_interest, establishment",temples,Jharkhand,All Seasons,Ranchi,3
"Radha Govind University, Temple",23.5794604,85.5413964,4,"hindu_temple, place_of_worship, point_of_interest, establishment",temples,Jharkhand,All Seasons,Ranchi,1
Shree Shiv Mandir,23.3812855,85.31135580000002,4.3,"hindu_temple, place_of_worship, point_of_interest, establishment",temples,Jharkhand,All Seasons,Ranchi,10
Jagannath Mandir,23.3169754,85.2816323,4.7,"hindu_temple, tourist_attraction, place_of_worship, point_of_interest, establishment",temples,Jharkhand,All Seasons,Ranchi,7078
Mayatungri Temple Mahamaya Darbar,23.5953477,85.5372545,4.7,"hindu_temple, place_of_worship, point_of_interest, establishment",temples,Jharkhand,All Seasons,Ranchi,60
"Sun temple Gate, Bundu",23.1863229,85.5592523,4.7,"hindu_temple, place_of_worship, point_of_interest, establishment",temples,Jharkhand,All Seasons,Ranchi,35
Shiv Temple Baraudi,23.5045845,85.2141618,4.8,"hindu_temple, place_of_worship, point_of_interest, establishment",temples,Jharkhand,All Seasons,Ranchi,12
"Vardan Samiti Hanuman Temple, Saket Nagar Hinoo",23.3248686,85.3221607,4.9,"hindu_temple, place_of_worship, point_of_interest, establishment",temples,Jharkhand,All Seasons,Ranchi,10
Shivala Mandir,23.4145099,85.216285,4.6,"hindu_temple, place_of_worship, point_of_interest, establishment",temples,Jharkhand,All Seasons,Ranchi,11
Maa Adi Shakti Kali Temple,23.3385449,85.3252775,4.8,"hindu_temple, place_of_worship, point_of_interest, establishment",temples,Jharkhand,All Seasons,Ranchi,15
Temple,23.3910392,85.3224793,5,"hindu_temple, place_of_worship, point_of_interest, establishment",temples,Jharkhand,All Seasons,Ranchi,3
Narmadeshwar Shiv Temple,23.3043154,85.2748239,4.3,"hindu_temple, place_of_worship, point_of_interest, establishment",temples,Jharkhand,All Seasons,Ranchi,18
Siddhi Vinayak Temple,23.4204374,85.22013419999999,0,"hindu_temple, place_of_worship, point_of_interest, establishment",temples,Jharkhand,All Seasons,Ranchi,0
Sonmer Temple,23.1232921,85.1885358,4.3,"hindu_temple, place_of_worship, point_of_interest, establishment",temples,Jharkhand,All Seasons,Ranchi,31
Sankarji Temple,23.3207036,85.30430729999999,5,"hindu_temple, place_of_worship, point_of_interest, establishment",temples,Jharkhand,All Seasons,Ranchi,1
Shri Shiv Mandir,23.3990611,85.4135587,4.4,"hindu_temple, place_of_worship, point_of_interest, establishment",temples,Jharkhand,All Seasons,Ranchi,10
Temple,23.5076203,85.27438029999999,4.7,"hindu_temple, place_of_worship, point_of_interest, establishment",temples,Jharkhand,All Seasons,Ranchi,7
Temple,23.3821607,85.17525270000002,5,"hindu_temple, place_of_worship, point_of_interest, establishment",temples,Jharkhand,All Seasons,Ranchi,4
Shivalaya Mandir,23.4220718,85.2152868,4.5,"hindu_temple, place_of_worship, point_of_interest, establishment",temples,Jharkhand,All Seasons,Ranchi,12
Temple,23.3671943,85.1778563,5,"hindu_temple, place_of_worship, point_of_interest, establishment",temples,Jharkhand,All Seasons,Ranchi,3
ma Rankini temple,23.1631491,85.577635,5,"hindu_temple, place_of_worship, point_of_interest, establishment",temples,Jharkhand,All Seasons,Ranchi,5
Hanuman Temple,23.3965582,85.4135939,4.4,"hindu_temple, place_of_worship, point_of_interest, establishment",temples,Jharkhand,All Seasons,Ranchi,14
Dwarika Nagar Temple,23.4795303,85.4745116,5,"hindu_temple, place_of_worship, point_of_interest, establishment",temples,Jharkhand,All Seasons,Ranchi,1
Ranchi Hill,23.3758629,85.3104901,4.3,"tourist_attraction, point_of_interest, establishment",hills,Jharkhand,Winter,Ranchi,116
Kutam buru hill,23.2906055,85.5348472,4.4,"tourist_attraction, point_of_interest, establishment",hills,Jharkhand,Winter,Ranchi,195
Baragain hill park,23.403734,85.373964,4.5,"park, point_of_interest, establishment",hills,Jharkhand,Winter,Ranchi,54
Bariatu Hill,23.4007698,85.3561903,4.6,"point_of_interest, establishment",hills,Jharkhand,Winter,Ranchi,30
Baragai Hill,23.4082513,85.36232079999999,4.5,"tourist_attraction, point_of_interest, establishment",hills,Jharkhand,Winter,Ranchi,15
Sunrise Point Mahadev Hill,23.4051843,85.3745326,4.4,"tourist_attraction, point_of_interest, establishment",hills,Jharkhand,Winter,Ranchi,100
Hill Park,23.3985078,85.3177151,4.4,"park, point_of_interest, establishment",hills,Jharkhand,Winter,Ranchi,61
Hill View Farms,23.4857042,85.56205609999999,4.5,"point_of_interest, establishment",hills,Jharkhand,Winter,Ranchi,45
KulGuru Hill,23.2365109,85.2198918,4.2,"tourist_attraction, point_of_interest, establishment",hills,Jharkhand,Winter,Ranchi,22
Trippy Hill,23.3230711,85.4799487,5,"tourist_attraction, point_of_interest, establishment",hills,Jharkhand,Winter,Ranchi,6
Ramgarh Hill,23.555804,85.46238799999999,3.6,"park, point_of_interest, establishment",hills,Jharkhand,Winter,Ranchi,9
Horap Hills,23.3255214,85.4632893,5,"park, point_of_interest, establishment",hills,Jharkhand,Winter,Ranchi,2
Huringdag Hill,23.2187141,85.2595382,4.4,"tourist_attraction, point_of_interest, establishment",hills,Jharkhand,Winter,Ranchi,24
Heaven Hill,23.2905625,85.53468749999999,4.1,"park, point_of_interest, establishment",hills,Jharkhand,Winter,Ranchi,193
Fitwell Tailor Pvt. Ltd. Capitol Hill Shopping Center,23.3595797,85.32520269999999,4.8,"point_of_interest, establishment",hills,Jharkhand,Winter,Ranchi,103
Kiski Hill,23.2388396,85.32904769999999,4.2,"tourist_attraction, point_of_interest, establishment",hills,Jharkhand,Winter,Ranchi,17
Tagore Hill,23.4015497,85.3380737,4.2,"tourist_attraction, point_of_interest, establishment",hills,Jharkhand,Winter,Ranchi,12199
Shanti Hill,23.4079999,85.3620378,4.5,"tourist_attraction, park, point_of_interest, establishment",hills,Jharkhand,Winter,Ranchi,48
Chiraundi HILL,23.4071427,85.3371023,4.3,"tourist_attraction, point_of_interest, establishment",hills,Jharkhand,Winter,Ranchi,155
Ranchi Hill View,23.4077978,85.3614011,4.4,"park, point_of_interest, establishment",hills,Jharkhand,Winter,Ranchi,9
ଜଗନ୍ନାଥ ପର୍ବତ..Jagannath hill,23.316534,85.2828687,4.1,"tourist_attraction, point_of_interest, establishment",hills,Jharkhand,Winter,Ranchi,10
Suruchi Events Near Tigore Hill Morabadi,23.4008661,85.33917029999999,4.9,"point_of_interest, establishment",hills,Jharkhand,Winter,Ranchi,12
Hill Heights,23.4045015,85.369598,5,"point_of_interest, establishment",hills,Jharkhand,Winter,Ranchi,2
"Nikhil Gupta, Hill City, Ranchi",23.4163909,85.3584326,5,"school, point_of_interest, establishment",hills,Jharkhand,Winter,Ranchi,2
Hill heart balloon decoration,23.3654334,85.3306521,4.9,"point_of_interest, establishment",hills,Jharkhand,Winter,Ranchi,164
Kalyan General Store and Stationery Near Hill View Hospital Bariatu Ranchi,23.4009957,85.3518665,4.3,"food, point_of_interest, store, establishment",hills,Jharkhand,Winter,Ranchi,8
BIANG HILL (चोके टुंगरी),23.210202,85.41078360000002,4,"tourist_attraction, point_of_interest, establishment",hills,Jharkhand,Winter,Ranchi,1
Seggs hill,23.3817723,85.2650354,4.3,"tourist_attraction, point_of_interest, establishment",hills,Jharkhand,Winter,Ranchi,3
"Shiv Mandir Pithoria , on hill",23.5147745,85.30120269999999,4.1,"hindu_temple, place_of_worship, point_of_interest, establishment",hills,Jharkhand,Winter,Ranchi,15
Moga Hill,23.2664834,85.28160779999999,4.1,"tourist_attraction, point_of_interest, establishment",hills,Jharkhand,Winter,Ranchi,18
Morabadi tagore hill road Bansal Landmark near ratan hight,23.393874,85.33607409999999,4.3,"health, point_of_interest, establishment",hills,Jharkhand,Winter,Ranchi,3
Hill,23.393202,85.2449208,2.5,"park, point_of_interest, establishment",hills,Jharkhand,Winter,Ranchi,2
39 hill,23.2442136,85.36106850000002,5,"park, point_of_interest, establishment",hills,Jharkhand,Winter,Ranchi,2
Hotel Hill Top & Banquet / Best Banquet Hall in Bariatu Ranchi,23.4050809,85.3525859,4,"point_of_interest, establishment",hills,Jharkhand,Winter,Ranchi,8
Khaladi Hill Top View,23.1978086,85.33886960000001,4,"tourist_attraction, point_of_interest, establishment",hills,Jharkhand,Winter,Ranchi,6
The Black Hill Poultry And Husbandry,23.3613308,85.2768332,5,"food, point_of_interest, store, establishment",hills,Jharkhand,Winter,Ranchi,13
Kanha Hill,23.4055464,85.3559093,4.5,"park, point_of_interest, establishment",hills,Jharkhand,Winter,Ranchi,19
Hill View Apartment,23.4005549,85.35272669999999,4.8,"point_of_interest, establishment",hills,Jharkhand,Winter,Ranchi,5
Bundu Hill ranchi,23.2046615,85.51064459999999,4.6,"tourist_attraction, point_of_interest, establishment",hills,Jharkhand,Winter,Ranchi,9
Mini Khandala Hill,23.5623998,85.4343686,4.3,"tourist_attraction, point_of_interest, establishment",hills,Jharkhand,Winter,Ranchi,39
Hill view jaratoli,23.33083,85.435014,4,"park, point_of_interest, establishment",hills,Jharkhand,Winter,Ranchi,1
Hill's Green Organic Farm,23.6093202,85.4968462,5,"point_of_interest, establishment",hills,Jharkhand,Winter,Ranchi,1
Hilltop,23.3346287,85.2370724,4.5,"park, point_of_interest, establishment",hills,Jharkhand,Winter,Ranchi,4
Mountain Series,23.40889,85.3488011,4.4,"tourist_attraction, point_of_interest, establishment",hills,Jharkhand,Winter,Ranchi,366
Hollywood Hill Ranchi,23.278518,85.23158459999999,5,"park, point_of_interest, establishment",hills,Jharkhand,Winter,Ranchi,3
Hills and lake,23.3150235,85.4175696,3.8,"park, point_of_interest, establishment",hills,Jharkhand,Winter,Ranchi,5
Ramgarh Valley,23.5648762,85.52686159999999,4.3,"tourist_attraction, point_of_interest, establishment",hills,Jharkhand,Winter,Ranchi,220
Ching Chong hill,23.3620451,85.26427799999999,4.8,"tourist_attraction, point_of_interest, establishment",hills,Jharkhand,Winter,Ranchi,5
Horab Jungle,23.3346,85.463447,4.2,"park, point_of_interest, establishment",hills,Jharkhand,Winter,Ranchi,498
Patratu Lake,23.6057374,85.2890613,4.4,"park, point_of_interest, establishment",hills,Jharkhand,Winter,Ranchi,81
Ranchi Hill,23.3751956,85.3107136,4.4,"natural_feature, establishment",hills,Jharkhand,Winter,Ranchi,76
"Harihar Hill, Jamtoli",23.274039,85.02812630000001,4.1,"tourist_attraction, point_of_interest, establishment",hills,Jharkhand,Winter,Ranchi,8
Thurka toli sunset point(MOGA HILL),23.2662286,85.2796843,4,"park, point_of_interest, establishment",hills,Jharkhand,Winter,Ranchi,10
Kiski Hill Road,23.2169353,85.3438585,4.8,"park, point_of_interest, establishment",hills,Jharkhand,Winter,Ranchi,4
Adivasi hill,23.4082458,85.3489936,4.5,"park, point_of_interest, establishment",hills,Jharkhand,Winter,Ranchi,2
Jogo hill,23.4032468,85.3279017,4.2,"tourist_attraction, point_of_interest, establishment",hills,Jharkhand,Winter,Ranchi,5
"Pahari Temple, Ranchi",23.3754286,85.31075,4.6,"hindu_temple, tourist_attraction, place_of_worship, point_of_interest, establishment",hills,Jharkhand,Winter,Ranchi,14572
Sandhya Hills,23.411501,85.3577698,4,"park, point_of_interest, establishment",hills,Jharkhand,Winter,Ranchi,9
Tagore Hill Hitech Nursery & Institute,23.3999219,85.33864489999999,5,"point_of_interest, establishment",hills,Jharkhand,Winter,Ranchi,6
cloud hill (kochro),23.2266181,85.4063493,5,"park, point_of_interest, establishment",hills,Jharkhand,Winter,Ranchi,1
Tagore Hill,23.4015497,85.3380737,4.2,"tourist_attraction, point_of_interest, establishment",attraction,Jharkhand,All Seasons,Ranchi,12199
Patratu Valley,23.5748529,85.27403149999999,4.6,"tourist_attraction, point_of_interest, establishment",attraction,Jharkhand,All Seasons,Ranchi,17537
Chiraundi HILL,23.4071427,85.3371023,4.3,"tourist_attraction, point_of_interest, establishment",attraction,Jharkhand,All Seasons,Ranchi,155
Mountain Series,23.40889,85.3488011,4.4,"tourist_attraction, point_of_interest, establishment",attraction,Jharkhand,All Seasons,Ranchi,366
Dassam Falls,23.1462515,85.4672203,4.4,"tourist_attraction, point_of_interest, establishment",attraction,Jharkhand,All Seasons,Ranchi,13623
Ranchi Lake,23.3687692,85.31745049999999,4,"tourist_attraction, point_of_interest, establishment",attraction,Jharkhand,All Seasons,Ranchi,1806
RUKKA DAM,23.4418339,85.4800647,4.1,"tourist_attraction, point_of_interest, establishment",attraction,Jharkhand,All Seasons,Ranchi,1055
Masmohna View Point,23.5862145,85.4513836,4.4,"tourist_attraction, point_of_interest, establishment",attraction,Jharkhand,All Seasons,Ranchi,133
Horap Jungle View Point,23.3229522,85.479648,4.6,"tourist_attraction, point_of_interest, establishment",attraction,Jharkhand,All Seasons,Ranchi,169
Aqua World Machhli Ghar,23.3823478,85.3202574,3.5,"tourist_attraction, point_of_interest, establishment",attraction,Jharkhand,All Seasons,Ranchi,2465
Swami Vivekanand Statue,23.3667003,85.3182702,4.3,"tourist_attraction, point_of_interest, establishment",attraction,Jharkhand,All Seasons,Ranchi,568
Ratu Sunrise Point,23.4122909,85.2165416,4.4,"tourist_attraction, point_of_interest, establishment",attraction,Jharkhand,All Seasons,Ranchi,18
Sarna fall,23.3406219,85.26434929999999,3.2,"tourist_attraction, point_of_interest, establishment",attraction,Jharkhand,All Seasons,Ranchi,69
Churni waterfall (Baheya),23.3625619,85.4911849,4,"tourist_attraction, point_of_interest, establishment",attraction,Jharkhand,All Seasons,Ranchi,568
Sanam Waterfall,23.362838,85.50066210000001,3.9,"tourist_attraction, point_of_interest, establishment",attraction,Jharkhand,All Seasons,Ranchi,265
Kanke Dam Park,23.4015125,85.3131719,4.2,"park, tourist_attraction, point_of_interest, establishment",attraction,Jharkhand,All Seasons,Ranchi,2129
Sunrise Point Mahadev Hill,23.4051843,85.3745326,4.4,"tourist_attraction, point_of_interest, establishment",attraction,Jharkhand,All Seasons,Ranchi,100
Remix fall,23.1306367,85.4749971,4.3,"tourist_attraction, park, point_of_interest, establishment",attraction,Jharkhand,All Seasons,Ranchi,2404
Baheya Waterfall,23.3628623,85.50076469999999,4.2,"tourist_attraction, point_of_interest, establishment",attraction,Jharkhand,All Seasons,Ranchi,178
Hatia Dam,23.3013034,85.2684773,4.4,"tourist_attraction, point_of_interest, establishment",attraction,Jharkhand,All Seasons,Ranchi,168
Marsilli Pahad Ranchi Namkum,23.3070865,85.4373335,4.5,"tourist_attraction, hindu_temple, place_of_worship, point_of_interest, establishment",attraction,Jharkhand,All Seasons,Ranchi,1519
Lahna Pipeline Waterfall,23.413116,85.1855149,4,"tourist_attraction, point_of_interest, establishment",attraction,Jharkhand,All Seasons,Ranchi,76
Palani Waterfall Reservoir,23.6128165,85.2496754,4.2,"tourist_attraction, point_of_interest, establishment",attraction,Jharkhand,All Seasons,Ranchi,895
PTPS Dam,23.6115466,85.2886409,4.4,"tourist_attraction, point_of_interest, establishment",attraction,Jharkhand,All Seasons,Ranchi,379
Nakshatra Van,23.3812239,85.3207824,3.9,"park, tourist_attraction, point_of_interest, establishment",attraction,Jharkhand,All Seasons,Ranchi,4594
KUCHANG,23.3078003,85.3757466,4.3,"tourist_attraction, point_of_interest, establishment",attraction,Jharkhand,All Seasons,Ranchi,53
THE BROKEN WOODS,23.4574783,85.49378019999999,4.2,"tourist_attraction, point_of_interest, establishment",attraction,Jharkhand,All Seasons,Ranchi,171
Getalsud dam,23.456667,85.555278,4.5,"tourist_attraction, point_of_interest, establishment",attraction,Jharkhand,All Seasons,Ranchi,1109
Dassam Falls Top View Point,23.1408437,85.4661538,4.6,"tourist_attraction, point_of_interest, establishment",attraction,Jharkhand,All Seasons,Ranchi,1000
Mahilong Upper waterfall - Sikku,23.347586,85.451212,4.1,"tourist_attraction, point_of_interest, establishment",attraction,Jharkhand,All Seasons,Ranchi,55
Shanti Hill,23.4079999,85.3620378,4.5,"tourist_attraction, park, point_of_interest, establishment",attraction,Jharkhand,All Seasons,Ranchi,48
Oxygen Park,23.3904205,85.3263423,4.3,"park, tourist_attraction, point_of_interest, establishment",attraction,Jharkhand,All Seasons,Ranchi,9968
Kanke Dam,23.4055907,85.3074754,4.1,"tourist_attraction, point_of_interest, establishment",attraction,Jharkhand,All Seasons,Ranchi,529
Dhordhoria Waterfall,23.5732731,85.47818079999999,3.9,"tourist_attraction, point_of_interest, establishment",attraction,Jharkhand,All Seasons,Ranchi,49
Marasilli View Point,23.3079539,85.43882909999999,4.6,"tourist_attraction, point_of_interest, establishment",attraction,Jharkhand,All Seasons,Ranchi,34
Moga Hill,23.2664834,85.28160779999999,4.1,"tourist_attraction, point_of_interest, establishment",attraction,Jharkhand,All Seasons,Ranchi,18
Bhusur tree's way,23.4787,85.5564366,4.6,"tourist_attraction, point_of_interest, establishment",attraction,Jharkhand,All Seasons,Ranchi,29
Patratu Lake View,23.6102268,85.27964879999999,4.5,"tourist_attraction, point_of_interest, establishment",attraction,Jharkhand,All Seasons,Ranchi,191
Mountain Top View,23.5514329,85.45773299999999,5,"tourist_attraction, point_of_interest, establishment",attraction,Jharkhand,All Seasons,Ranchi,4
Ganrke Dam,23.571768,85.533925,4.4,"tourist_attraction, point_of_interest, establishment",attraction,Jharkhand,All Seasons,Ranchi,12
Sanatorium Lake,23.24357,85.31868329999999,4.3,"tourist_attraction, point_of_interest, establishment",attraction,Jharkhand,All Seasons,Ranchi,151
Hiramani ghaat,23.3672725,85.31600069999999,4.2,"tourist_attraction, point_of_interest, establishment",attraction,Jharkhand,All Seasons,Ranchi,5
Ranchi Hill,23.3758629,85.3104901,4.3,"tourist_attraction, point_of_interest, establishment",attraction,Jharkhand,All Seasons,Ranchi,116
Baragai Hill,23.4082513,85.36232079999999,4.5,"tourist_attraction, point_of_interest, establishment",attraction,Jharkhand,All Seasons,Ranchi,15
"Patra View Point ,berwe",23.4962163,85.4453848,4.2,"tourist_attraction, point_of_interest, establishment",attraction,Jharkhand,All Seasons,Ranchi,12
Sidhu Kanhu Park,23.3885908,85.3169459,4,"park, tourist_attraction, point_of_interest, establishment",attraction,Jharkhand,All Seasons,Ranchi,5487
Black pond,23.2680604,85.3232068,3.5,"tourist_attraction, point_of_interest, establishment",attraction,Jharkhand,All Seasons,Ranchi,10
DHORDHORA FALLS,23.5848853,85.10645009999999,4.5,"tourist_attraction, point_of_interest, establishment",attraction,Jharkhand,All Seasons,Ranchi,28
Exploring Tourist attraction point,23.0729617,85.1930965,0,"tourist_attraction, point_of_interest, establishment",attraction,Jharkhand,All Seasons,Ranchi,0
Potpoto river,23.4255028,85.3136521,4.5,"tourist_attraction, point_of_interest, establishment",attraction,Jharkhand,All Seasons,Ranchi,2
Mount SomVed,23.4098223,85.3533867,5,"tourist_attraction, point_of_interest, establishment",attraction,Jharkhand,All Seasons,Ranchi,2
Little eye view,23.1977664,85.33886989999999,3.7,"tourist_attraction, point_of_interest, establishment",attraction,Jharkhand,All Seasons,Ranchi,6
Paryatan vihar,23.6094627,85.2810137,4,"tourist_attraction, point_of_interest, establishment",attraction,Jharkhand,All Seasons,Ranchi,48
Last forest,23.5790255,85.5380404,4.7,"tourist_attraction, point_of_interest, establishment",attraction,Jharkhand,All Seasons,Ranchi,3
Khaladi Hill Top View,23.1978086,85.33886960000001,4,"tourist_attraction, point_of_interest, establishment",attraction,Jharkhand,All Seasons,Ranchi,6
Rock garden,23.4822183,85.2987605,4.7,"tourist_attraction, point_of_interest, establishment",attraction,Jharkhand,All Seasons,Ranchi,7
The Last Tree,23.4244055,85.4463192,4.3,"tourist_attraction, point_of_interest, establishment",attraction,Jharkhand,All Seasons,Ranchi,3
Lalki Ghati Ramgarh,23.5793205,85.5354095,4.1,"tourist_attraction, point_of_interest, establishment",attraction,Jharkhand,All Seasons,Ranchi,15
Hatma Lake,23.3909627,85.3204458,3.4,"tourist_attraction, point_of_interest, establishment",attraction,Jharkhand,All Seasons,Ranchi,140
Dasham Falls Selfie Point,23.140758,85.4668978,4.6,"tourist_attraction, point_of_interest, establishment",attraction,Jharkhand,All Seasons,Ranchi,99
"SIDHU KANHU MURMU PARK,Bhognadih",24.8620798,87.6035723,4,"park, point_of_interest, establishment",parks,Jharkhand,Spring,Sahibganj,129
"Fossils Park, Mandro.Nisar mandro",25.1381296,87.5017154,4.2,"park, tourist_attraction, point_of_interest, establishment",parks,Jharkhand,Spring,Sahibganj,185
Manikchak Park,25.0804759,87.89564209999999,3.9,"park, point_of_interest, establishment",parks,Jharkhand,Spring,Sahibganj,50
Swarna jayanti park,25.0560091,87.8335694,4.5,"park, point_of_interest, establishment",parks,Jharkhand,Spring,Sahibganj,17
Beer Hill,24.8479557,87.75617659999999,4.3,"park, point_of_interest, establishment",parks,Jharkhand,Spring,Sahibganj,59
AR SMART GRAND PARK,25.1230543,87.90130959999999,3.8,"park, point_of_interest, establishment",parks,Jharkhand,Spring,Sahibganj,37
RANA PARK,25.1132767,87.8846033,4,"park, point_of_interest, establishment",parks,Jharkhand,Spring,Sahibganj,4
Jharna Colony Children Park,25.2375195,87.638373,4.5,"park, point_of_interest, establishment",parks,Jharkhand,Spring,Sahibganj,13
फूलो झानो पार्क,24.8986901,87.6244677,3.8,"park, point_of_interest, establishment",parks,Jharkhand,Spring,Sahibganj,16
Jharna vihar park,25.2364371,87.6385671,4,"park, point_of_interest, establishment",parks,Jharkhand,Spring,Sahibganj,28
Park,24.8957368,87.5981738,3.8,"park, point_of_interest, establishment",parks,Jharkhand,Spring,Sahibganj,4
Kamala Devi Park,25.283377,87.8734874,4.1,"park, point_of_interest, establishment",parks,Jharkhand,Spring,Sahibganj,15
Park main gate,25.1344375,87.5076843,4.1,"park, point_of_interest, establishment",parks,Jharkhand,Spring,Sahibganj,45
Manihari Tourism,25.33504,87.61889359999999,4.2,"travel_agency, park, point_of_interest, establishment",parks,Jharkhand,Spring,Sahibganj,151
Amader park,24.9082508,87.82305079999999,5,"park, point_of_interest, establishment",parks,Jharkhand,Spring,Sahibganj,5
Tipu Sultan Garden,25.1713179,87.8312727,5,"park, point_of_interest, establishment",parks,Jharkhand,Spring,Sahibganj,1
Fahad khan mango garden,25.1897306,87.4764931,0,"park, point_of_interest, establishment",parks,Jharkhand,Spring,Sahibganj,0
Nature park Bhagaiya (Godda),25.1928127,87.4588685,4.8,"park, point_of_interest, establishment",parks,Jharkhand,Spring,Sahibganj,4
Go Green Nursery & Aquarium Shop,25.2411546,87.62426860000001,4.4,"park, point_of_interest, establishment",parks,Jharkhand,Spring,Sahibganj,20
Tilkamanjhi park,25.2588123,87.53334339999999,4,"park, point_of_interest, establishment",parks,Jharkhand,Spring,Sahibganj,3
Jannat,24.8460746,87.7543141,4.4,"park, point_of_interest, establishment",parks,Jharkhand,Spring,Sahibganj,9
Jagarnathpur pond,25.207209,87.455466,4.5,"park, point_of_interest, establishment",parks,Jharkhand,Spring,Sahibganj,12
Maize valley,24.833031,87.402382,4.2,"park, point_of_interest, establishment",parks,Jharkhand,Spring,Sahibganj,10
Maina Talab majreha,25.0519294,87.8299588,4.5,"park, point_of_interest, establishment",parks,Jharkhand,Spring,Sahibganj,12
Sridhar,24.9110645,87.878486,0,"park, point_of_interest, establishment",parks,Jharkhand,Spring,Sahibganj,0
Bhuska hill,25.1301307,87.37161619999999,4.1,"park, point_of_interest, establishment",parks,Jharkhand,Spring,Sahibganj,12
Farman Ali Mango Garden,25.3262561,87.8674692,4,"park, point_of_interest, establishment",parks,Jharkhand,Spring,Sahibganj,2
Jagannathpur forest,25.3233125,87.900801,4.2,"park, point_of_interest, establishment",parks,Jharkhand,Spring,Sahibganj,17
Sourav Mishra's Mango Garden,25.2299286,87.9038473,3.7,"park, point_of_interest, establishment",parks,Jharkhand,Spring,Sahibganj,35
Mr.Sam's house,25.2361569,87.6538788,5,"park, point_of_interest, establishment",parks,Jharkhand,Spring,Sahibganj,1
Md margub house,25.0286875,87.32245309999999,5,"park, point_of_interest, establishment",parks,Jharkhand,Spring,Sahibganj,1
fossil park mandro,25.139344,87.512328,5,"park, point_of_interest, establishment",parks,Jharkhand,Spring,Sahibganj,2
Kumar Yash,25.2261642,87.3953063,5,"park, point_of_interest, establishment",parks,Jharkhand,Spring,Sahibganj,2
Singh Mango Garden,25.1079093,87.3468228,0,"park, point_of_interest, establishment",parks,Jharkhand,Spring,Sahibganj,0
Signal Tola Manihari,25.3462449,87.61783229999999,3.8,"park, point_of_interest, establishment",parks,Jharkhand,Spring,Sahibganj,9
Bikásh Garden,25.1701739,87.8294177,5,"park, point_of_interest, establishment",parks,Jharkhand,Spring,Sahibganj,1
চৌকিদার বালা জমি,25.1403987,87.8120701,5,"park, point_of_interest, establishment",parks,Jharkhand,Spring,Sahibganj,1
Gangota Tola,25.257699,87.6105394,2.8,"park, point_of_interest, establishment",parks,Jharkhand,Spring,Sahibganj,4
Bhutni bridge,25.1125344,87.8856026,4.5,"park, point_of_interest, establishment",parks,Jharkhand,Spring,Sahibganj,15
"SHARAN PARK, Subhash Chandra Bose statue",25.0493649,87.83613830000002,3.7,"park, point_of_interest, establishment",parks,Jharkhand,Spring,Sahibganj,11
Munteswar ghat,25.2484832,87.64063469999999,4.7,"park, point_of_interest, establishment",parks,Jharkhand,Spring,Sahibganj,3
Ganga Bihar Park,25.2260909,87.6393463,2.9,"park, point_of_interest, establishment",parks,Jharkhand,Spring,Sahibganj,9
Nawaz sharif,24.8891798,87.87771020000001,3,"park, point_of_interest, establishment",parks,Jharkhand,Spring,Sahibganj,4
Sahedganj,25.2381216,87.64535920000002,5,"park, point_of_interest, establishment",parks,Jharkhand,Spring,Sahibganj,1
Sahil Kirana store,24.8637091,87.6048713,5,"park, point_of_interest, establishment",parks,Jharkhand,Spring,Sahibganj,1
Dhogra Picnic Spot,25.039085,87.6613702,5,"park, point_of_interest, establishment",parks,Jharkhand,Spring,Sahibganj,3
Choubey Vatika,25.2198631,87.3325451,5,"park, point_of_interest, establishment",parks,Jharkhand,Spring,Sahibganj,11
बबलू खेत,25.2487189,87.7591619,5,"park, point_of_interest, establishment",parks,Jharkhand,Spring,Sahibganj,1
Chandipur 64 Park,25.1744399,87.89802519999999,0,"park, point_of_interest, establishment",parks,Jharkhand,Spring,Sahibganj,0
Chhedi tola Ghat (Dhiraj Mandal),25.2724018,87.84994429999999,5,"park, point_of_interest, establishment",parks,Jharkhand,Spring,Sahibganj,1
Urjanagar Park,25.0255432,87.3206117,0,"park, point_of_interest, establishment",parks,Jharkhand,Spring,Sahibganj,0
Bakkar master's House,25.1638524,87.8500797,5,"park, point_of_interest, establishment",parks,Jharkhand,Spring,Sahibganj,3
Fossil park,25.1332893,87.5065394,0,"park, point_of_interest, establishment",parks,Jharkhand,Spring,Sahibganj,0
"Udhwa Bird Sanctuary, Jharkhand, India.",24.9691416,87.8323621,3.9,"park, point_of_interest, establishment",parks,Jharkhand,Spring,Sahibganj,108
Rajendra Rajak Farm,25.2199566,87.43048329999999,5,"park, point_of_interest, establishment",parks,Jharkhand,Spring,Sahibganj,4
Butterfly garden,25.2411839,87.71013180000001,5,"park, point_of_interest, establishment",parks,Jharkhand,Spring,Sahibganj,4
Sayed ali,25.1067789,87.8877708,5,"park, point_of_interest, establishment",parks,Jharkhand,Spring,Sahibganj,1
Rohit Singh,25.2532772,87.49109849999999,3,"park, point_of_interest, establishment",parks,Jharkhand,Spring,Sahibganj,1
"Balupur,Ashish Mandal garden",25.2584908,87.895984,5,"park, point_of_interest, establishment",parks,Jharkhand,Spring,Sahibganj,1
Mango Garden,25.130715,87.8709329,0,"park, point_of_interest, establishment",parks,Jharkhand,Spring,Sahibganj,0
"Fossils Park, Mandro.Nisar mandro",25.1381296,87.5017154,4.2,"park, tourist_attraction, point_of_interest, establishment",museum,Jharkhand,Winter,Sahibganj,185
Sidho Kanhu Pratima Asthal,25.0200595,87.31891189999999,3.5,"museum, point_of_interest, establishment",museum,Jharkhand,Winter,Sahibganj,17
Jama Masjid Pyalapur,25.2446073,87.4074107,3.8,"museum, point_of_interest, establishment",museum,Jharkhand,Winter,Sahibganj,5
BOALMARI JAME Masjid,25.3643931,87.81896479999999,3.4,"museum, point_of_interest, establishment",museum,Jharkhand,Winter,Sahibganj,5
Sido Kanhu Murmu Home Bhognadih,24.8647358,87.603663,4.7,"museum, point_of_interest, establishment",museum,Jharkhand,Winter,Sahibganj,3
Arya Samaj Mandir Chapri,25.1647548,87.4340635,5,"museum, point_of_interest, establishment",museum,Jharkhand,Winter,Sahibganj,3
Ganes Tola Bahr Kali Mandir,25.2663137,87.8411175,4,"museum, point_of_interest, establishment",museum,Jharkhand,Winter,Sahibganj,4
RAJAK TOLA AMJORA PIROJPUR,25.2115054,87.37683299999999,5,"museum, point_of_interest, establishment",museum,Jharkhand,Winter,Sahibganj,3
Dargah Sharif Dargah danga Udhwa,24.9571855,87.8330544,3.6,"museum, point_of_interest, establishment",museum,Jharkhand,Winter,Sahibganj,8
Md Rehan,25.2316361,87.4157938,0,"museum, point_of_interest, establishment",museum,Jharkhand,Winter,Sahibganj,0
BHUTNI ( কৃষ্ণানগর),25.1323389,87.84891770000002,0,"museum, point_of_interest, establishment",museum,Jharkhand,Winter,Sahibganj,0
TNP BHAWAN/TNP MUSEUM,25.3244055,87.5115922,4.3,"museum, point_of_interest, establishment",museum,Jharkhand,Winter,Sahibganj,4
Jama Masjid,25.320448,87.74656859999999,4.5,"museum, point_of_interest, establishment",museum,Jharkhand,Winter,Sahibganj,2
miccuu duda,25.3566359,87.8731316,0,"museum, point_of_interest, establishment",museum,Jharkhand,Winter,Sahibganj,0
aneisha cantik,25.3554446,87.8732342,0,"museum, point_of_interest, establishment",museum,Jharkhand,Winter,Sahibganj,0
HANNIE SAYANG KAK DEVIN !,25.3607772,87.8803112,0,"museum, point_of_interest, establishment",museum,Jharkhand,Winter,Sahibganj,0
Imambara,25.2135852,87.3539643,0,"museum, point_of_interest, establishment",museum,Jharkhand,Winter,Sahibganj,0
SHOEB ANSARI,24.9060801,87.3482739,0,"museum, point_of_interest, establishment",museum,Jharkhand,Winter,Sahibganj,0
Sunni jama masjid ghtiyari,24.8475879,87.3450663,5,"museum, point_of_interest, establishment",museum,Jharkhand,Winter,Sahibganj,1
Badluganj majar,25.2248129,87.3599357,3,"museum, point_of_interest, establishment",museum,Jharkhand,Winter,Sahibganj,1
मोहनलाल राय मोड़,25.0318268,87.75867339999999,0,"museum, point_of_interest, establishment",museum,Jharkhand,Winter,Sahibganj,0
Md Amir Hossain,25.3422861,87.8540467,0,"museum, point_of_interest, establishment",museum,Jharkhand,Winter,Sahibganj,0
Hetimpur Bajrangbali Mandir,25.2036217,87.3388767,0,"museum, point_of_interest, establishment",museum,Jharkhand,Winter,Sahibganj,0
Manihari shahi masjid/Manihari Majar/Manihari Galib library,25.3368868,87.61670250000002,4,"library, museum, point_of_interest, establishment",museum,Jharkhand,Winter,Sahibganj,2
Jhilmil waterfall,25.219141,87.6339074,4.7,"tourist_attraction, point_of_interest, establishment",waterfalls,Jharkhand,Monsoon,Sahibganj,18
Shivgadi Natural Waterfall,24.9282899,87.6481261,4.4,"tourist_attraction, point_of_interest, establishment",waterfalls,Jharkhand,Monsoon,Sahibganj,25
Moti Jharna Waterfall,25.2065965,87.7261097,4.3,"tourist_attraction, point_of_interest, establishment",waterfalls,Jharkhand,Monsoon,Sahibganj,1478
Mini Waterfall,24.9514395,87.3646327,4.5,"tourist_attraction, point_of_interest, establishment",waterfalls,Jharkhand,Monsoon,Sahibganj,65
Sahibganj Pahari Waterfall,25.2223133,87.6304631,4.7,"tourist_attraction, point_of_interest, establishment",waterfalls,Jharkhand,Monsoon,Sahibganj,35
waterfall Rakshi sthan mzc,25.2550208,87.5357848,4,"tourist_attraction, point_of_interest, establishment",waterfalls,Jharkhand,Monsoon,Sahibganj,23
Ticket caunter motijharna ujjawal mannu,25.208981,87.72706199999999,2,"tourist_attraction, point_of_interest, establishment",waterfalls,Jharkhand,Monsoon,Sahibganj,2
Choti Jharna,25.2264447,87.6377675,4.1,"tourist_attraction, point_of_interest, establishment",waterfalls,Jharkhand,Monsoon,Sahibganj,233
মতি ঝর্ণা পাহাড় Moti Jharna Hill,25.2056152,87.72683490000001,5,"park, point_of_interest, establishment",waterfalls,Jharkhand,Monsoon,Sahibganj,1
Sunder Dam,24.9419585,87.3895106,4,"tourist_attraction, point_of_interest, establishment",waterfalls,Jharkhand,Monsoon,Sahibganj,273
Bonga kocha,24.9684811,87.6469201,3.9,"car_repair, point_of_interest, establishment",waterfalls,Jharkhand,Monsoon,Sahibganj,17
Maa Binduwasini Mandir,24.8644798,87.7631093,4.5,"hindu_temple, place_of_worship, point_of_interest, establishment",temples,Jharkhand,All Seasons,Sahibganj,512
1008 Pantheswar Temple,25.2653202,87.4967702,4.4,"hindu_temple, place_of_worship, point_of_interest, establishment",temples,Jharkhand,All Seasons,Sahibganj,12
Temple meshar,25.2849297,87.8746863,4,"hindu_temple, place_of_worship, point_of_interest, establishment",temples,Jharkhand,All Seasons,Sahibganj,1
Jitu Tola new colony ma kali temple,25.2422127,87.8448621,4.2,"hindu_temple, place_of_worship, point_of_interest, establishment",temples,Jharkhand,All Seasons,Sahibganj,9
Hanuman Mandir,24.8878283,87.7815032,4.7,"hindu_temple, place_of_worship, point_of_interest, establishment",temples,Jharkhand,All Seasons,Sahibganj,3
Shivgadi Dham,24.9280038,87.6480685,4.5,"hindu_temple, tourist_attraction, place_of_worship, point_of_interest, establishment",temples,Jharkhand,All Seasons,Sahibganj,1729
Shivji Temple Majrohi,25.2870343,87.4351949,5,"hindu_temple, place_of_worship, point_of_interest, establishment",temples,Jharkhand,All Seasons,Sahibganj,5
Mathrapur Kedarnath Temple,25.1110838,87.8891605,5,"hindu_temple, place_of_worship, point_of_interest, establishment",temples,Jharkhand,All Seasons,Sahibganj,2
Mahadev temple,25.2153605,87.3754598,5,"hindu_temple, place_of_worship, point_of_interest, establishment",temples,Jharkhand,All Seasons,Sahibganj,1
Sitapahar Mandir,24.9214667,87.7874458,4.2,"hindu_temple, place_of_worship, point_of_interest, establishment",temples,Jharkhand,All Seasons,Sahibganj,6
Kaali Temple,25.0492226,87.36421849999999,4.8,"hindu_temple, place_of_worship, point_of_interest, establishment",temples,Jharkhand,All Seasons,Sahibganj,4
"Shiv Mandir,Near gandi chock, Sahibganj",25.243813,87.63121509999999,4.5,"hindu_temple, place_of_worship, point_of_interest, establishment",temples,Jharkhand,All Seasons,Sahibganj,13
Shiv temple moti pahari,25.0314362,87.54236159999999,3,"hindu_temple, place_of_worship, point_of_interest, establishment",temples,Jharkhand,All Seasons,Sahibganj,1
"Kamalpur Haribashar, Hari Temple (কামালপুর হরিবাসর, হরি মন্দির)",25.0899395,87.8922886,4,"hindu_temple, place_of_worship, point_of_interest, establishment",temples,Jharkhand,All Seasons,Sahibganj,1
Hanuman Tempel Meghnath,25.1073752,87.3496736,4.1,"hindu_temple, place_of_worship, point_of_interest, establishment",temples,Jharkhand,All Seasons,Sahibganj,7
BAJRANG BALI TEMPLE,25.301659,87.78906580000002,5,"hindu_temple, place_of_worship, point_of_interest, establishment",temples,Jharkhand,All Seasons,Sahibganj,2
Shiv Mandir,25.2147888,87.37998879999999,3.9,"hindu_temple, place_of_worship, point_of_interest, establishment",temples,Jharkhand,All Seasons,Sahibganj,8
Shiv Mandir and Sai mandir,25.235919,87.6498383,4.3,"hindu_temple, place_of_worship, point_of_interest, establishment",temples,Jharkhand,All Seasons,Sahibganj,41
Shanti Smarak Temple,25.2214104,87.3825811,5,"hindu_temple, place_of_worship, point_of_interest, establishment",temples,Jharkhand,All Seasons,Sahibganj,5
Maa Kaali Temple,24.8887245,87.7801803,5,"hindu_temple, place_of_worship, point_of_interest, establishment",temples,Jharkhand,All Seasons,Sahibganj,2
Kali Temple,25.1438642,87.8421149,3.8,"hindu_temple, place_of_worship, point_of_interest, establishment",temples,Jharkhand,All Seasons,Sahibganj,12
Temple,25.2367954,87.6545527,4,"hindu_temple, place_of_worship, point_of_interest, establishment",temples,Jharkhand,All Seasons,Sahibganj,2
"Hanuman Temple,Prem Kumar Mandal.",25.1145089,87.8522237,4.4,"hindu_temple, place_of_worship, point_of_interest, establishment",temples,Jharkhand,All Seasons,Sahibganj,9
"Kali Temple, Doman Khutahari.",25.2991314,87.403508,3.9,"hindu_temple, place_of_worship, point_of_interest, establishment",temples,Jharkhand,All Seasons,Sahibganj,20
Maa Durga Temple,24.9763347,87.78928800000001,4.3,"hindu_temple, place_of_worship, point_of_interest, establishment",temples,Jharkhand,All Seasons,Sahibganj,4
Bhagaiya temple,25.1911693,87.4790675,4.1,"hindu_temple, place_of_worship, point_of_interest, establishment",temples,Jharkhand,All Seasons,Sahibganj,124
Thakurbari Temple,25.2465127,87.6513451,4.1,"hindu_temple, place_of_worship, point_of_interest, establishment",temples,Jharkhand,All Seasons,Sahibganj,32
Narmadeshwar Dhaam Shiv Mandir,25.2416682,87.63396580000001,3.8,"hindu_temple, place_of_worship, point_of_interest, establishment",temples,Jharkhand,All Seasons,Sahibganj,12
Hanuman Temple,25.2323051,87.6539456,4.3,"hindu_temple, place_of_worship, point_of_interest, establishment",temples,Jharkhand,All Seasons,Sahibganj,8
Shiv Temple,25.2360132,87.8496337,3.3,"hindu_temple, place_of_worship, point_of_interest, establishment",temples,Jharkhand,All Seasons,Sahibganj,3
Maa Durga temple,25.2180659,87.36658709999999,4.7,"hindu_temple, place_of_worship, point_of_interest, establishment",temples,Jharkhand,All Seasons,Sahibganj,24
New village Durga Temple,25.0947151,87.8707659,3,"hindu_temple, place_of_worship, point_of_interest, establishment",temples,Jharkhand,All Seasons,Sahibganj,2
Maa Durga Temple,24.99246,87.7406534,4.5,"hindu_temple, place_of_worship, point_of_interest, establishment",temples,Jharkhand,All Seasons,Sahibganj,11
Shiv Temple,25.3349368,87.6188671,4,"hindu_temple, place_of_worship, point_of_interest, establishment",temples,Jharkhand,All Seasons,Sahibganj,11
Durga Mandir,25.0405059,87.83809330000001,5,"hindu_temple, place_of_worship, point_of_interest, establishment",temples,Jharkhand,All Seasons,Sahibganj,3
"Shiv Temple, SARKANDA",25.2221134,87.4308835,4.9,"hindu_temple, place_of_worship, point_of_interest, establishment",temples,Jharkhand,All Seasons,Sahibganj,10
Surya Mandir,25.2422126,87.66213839999999,4.6,"hindu_temple, place_of_worship, point_of_interest, establishment",temples,Jharkhand,All Seasons,Sahibganj,8
shiv parvati aur hanuman mandir,25.2971562,87.7959934,4.3,"hindu_temple, place_of_worship, point_of_interest, establishment",temples,Jharkhand,All Seasons,Sahibganj,6
Lord Shiva Temple,25.1544625,87.8957477,0,"hindu_temple, place_of_worship, point_of_interest, establishment",temples,Jharkhand,All Seasons,Sahibganj,0
Bishari Mata Temple,25.2629671,87.55288589999999,5,"hindu_temple, place_of_worship, point_of_interest, establishment",temples,Jharkhand,All Seasons,Sahibganj,2
R K Tutorial,25.0380807,87.320962,4.4,"travel_agency, hindu_temple, place_of_worship, point_of_interest, establishment",temples,Jharkhand,All Seasons,Sahibganj,75
"श्री साई मंदिर, साई धाम",25.3251383,87.46663079999999,5,"hindu_temple, place_of_worship, point_of_interest, establishment",temples,Jharkhand,All Seasons,Sahibganj,12
Shri Shri 108 Choti Kali Mandir,25.2376429,87.6451357,5,"hindu_temple, place_of_worship, point_of_interest, establishment",temples,Jharkhand,All Seasons,Sahibganj,6
UGRITOLA KALI TEMPLE,25.0779094,87.90034279999999,5,"place_of_worship, point_of_interest, establishment",temples,Jharkhand,All Seasons,Sahibganj,1
Kali Maa Temple,24.9795819,87.7847409,5,"hindu_temple, place_of_worship, point_of_interest, establishment",temples,Jharkhand,All Seasons,Sahibganj,4
Sitla maata mandir,25.2466345,87.64737250000002,5,"hindu_temple, place_of_worship, point_of_interest, establishment",temples,Jharkhand,All Seasons,Sahibganj,7
Hanuman Temple,25.1507927,87.34044360000001,4.9,"hindu_temple, place_of_worship, point_of_interest, establishment",temples,Jharkhand,All Seasons,Sahibganj,16
DURGA TEMPLE,24.8639299,87.7639761,0,"hindu_temple, place_of_worship, point_of_interest, establishment",temples,Jharkhand,All Seasons,Sahibganj,0
Shiv Parvati Temple,25.2634308,87.3969226,4.8,"hindu_temple, place_of_worship, point_of_interest, establishment",temples,Jharkhand,All Seasons,Sahibganj,13
Manaskamna Temple,25.3221218,87.42906579999999,0,"hindu_temple, place_of_worship, point_of_interest, establishment",temples,Jharkhand,All Seasons,Sahibganj,0
Lakshami Temple,25.2051286,87.90632289999999,0,"hindu_temple, place_of_worship, point_of_interest, establishment",temples,Jharkhand,All Seasons,Sahibganj,0
Ma Durga temple,24.8875185,87.61082549999999,4.5,"hindu_temple, place_of_worship, point_of_interest, establishment",temples,Jharkhand,All Seasons,Sahibganj,32
Kali mandir,25.0408011,87.8380224,4.3,"hindu_temple, place_of_worship, point_of_interest, establishment",temples,Jharkhand,All Seasons,Sahibganj,4
Jai Hanuman Mandir,25.2394956,87.6714583,4,"hindu_temple, place_of_worship, point_of_interest, establishment",temples,Jharkhand,All Seasons,Sahibganj,2
जय माँ तारा मंदिर,25.2462283,87.63638139999999,5,"hindu_temple, place_of_worship, point_of_interest, establishment",temples,Jharkhand,All Seasons,Sahibganj,2
Shiva Temple,25.2532206,87.43751530000002,0,"hindu_temple, place_of_worship, point_of_interest, establishment",temples,Jharkhand,All Seasons,Sahibganj,0
Temple,25.3018222,87.4797218,5,"hindu_temple, place_of_worship, point_of_interest, establishment",temples,Jharkhand,All Seasons,Sahibganj,1
Hanuman Temple,25.3447239,87.3267777,4.3,"hindu_temple, place_of_worship, point_of_interest, establishment",temples,Jharkhand,All Seasons,Sahibganj,16
Maa kharari,25.1892148,87.39937309999999,5,"hindu_temple, place_of_worship, point_of_interest, establishment",temples,Jharkhand,All Seasons,Sahibganj,6
Shiv Temple Baba Ajgaibi Nath,25.2537223,87.7172717,4.5,"hindu_temple, place_of_worship, point_of_interest, establishment",temples,Jharkhand,All Seasons,Sahibganj,24
Beer Hill,24.8479557,87.75617659999999,4.3,"park, point_of_interest, establishment",hills,Jharkhand,Winter,Sahibganj,59
Hill View Hotel & Banquet,25.2387852,87.6443795,4.2,"lodging, point_of_interest, establishment",hills,Jharkhand,Winter,Sahibganj,170
Bhuska hill,25.1301307,87.37161619999999,4.1,"park, point_of_interest, establishment",hills,Jharkhand,Winter,Sahibganj,12
Kherwa hill,24.9094906,87.6236835,4.3,"tourist_attraction, point_of_interest, establishment",hills,Jharkhand,Winter,Sahibganj,8
Tourist.Hill.Mopahari.(Bhagaiya),25.1782194,87.4492521,4,"park, point_of_interest, establishment",hills,Jharkhand,Winter,Sahibganj,1
"Kakar Ghat,Hill",25.1939962,87.45866699999999,4,"point_of_interest, establishment",hills,Jharkhand,Winter,Sahibganj,3
মতি ঝর্ণা পাহাড় Moti Jharna Hill,25.2056152,87.72683490000001,5,"park, point_of_interest, establishment",hills,Jharkhand,Winter,Sahibganj,1
Tinpahar Hill,25.070351,87.68951,0,"park, point_of_interest, establishment",hills,Jharkhand,Winter,Sahibganj,0
Pir pahar hill,25.3359317,87.6219287,5,"place_of_worship, point_of_interest, establishment",hills,Jharkhand,Winter,Sahibganj,2
Boarijor Hill,25.012717,87.486515,5,"park, point_of_interest, establishment",hills,Jharkhand,Winter,Sahibganj,1
Damgora Hill,24.9405847,87.4237734,0,"park, point_of_interest, establishment",hills,Jharkhand,Winter,Sahibganj,0
Rajmahal hill,25.2380536,87.6453413,5,"lodging, point_of_interest, establishment",hills,Jharkhand,Winter,Sahibganj,2
Rajmahal Hill Forest,25.1815921,87.6156728,0,"park, point_of_interest, establishment",hills,Jharkhand,Winter,Sahibganj,0
Mandar hill,25.2353027,87.3364369,4,"grocery_or_supermarket, store, food, point_of_interest, establishment",hills,Jharkhand,Winter,Sahibganj,1
Rājmahāl Hills,25.1329594,87.6169084,4.4,"natural_feature, establishment",hills,Jharkhand,Winter,Sahibganj,31
Rajmahal Hill,25.174111,87.6077217,0,"park, point_of_interest, establishment",hills,Jharkhand,Winter,Sahibganj,0
Kausalpur Forest Hill,25.2320595,87.4797404,0,"park, point_of_interest, establishment",hills,Jharkhand,Winter,Sahibganj,0
Gajeshwar Hill,24.9554794,87.6580946,0,"park, point_of_interest, establishment",hills,Jharkhand,Winter,Sahibganj,0
Pipra Hill,24.9253965,87.4418175,No rating,"locality, political",hills,Jharkhand,Winter,Sahibganj,0
Tinpahar Mountains,24.9901271,87.74244499999999,4.1,"tourist_attraction, point_of_interest, establishment",hills,Jharkhand,Winter,Sahibganj,35
Maize valley,24.833031,87.402382,4.2,"park, point_of_interest, establishment",hills,Jharkhand,Winter,Sahibganj,10
Sahibganj,25.2411477,87.6346027,4.1,"train_station, transit_station, point_of_interest, establishment",hills,Jharkhand,Winter,Sahibganj,457
Kamal pokhar naya tola sakrigali Hills,25.2458097,87.7157223,0,"point_of_interest, establishment",hills,Jharkhand,Winter,Sahibganj,0
Rajmahal,25.0542553,87.8308806,No rating,"locality, political",hills,Jharkhand,Winter,Sahibganj,0
Moti Jharna Waterfall,25.2065965,87.7261097,4.3,"tourist_attraction, point_of_interest, establishment",attraction,Jharkhand,All Seasons,Sahibganj,1478
Sunder Dam,24.9419585,87.3895106,4,"tourist_attraction, point_of_interest, establishment",attraction,Jharkhand,All Seasons,Sahibganj,273
Tinpahar View Point,25.027805,87.6939463,4.2,"tourist_attraction, point_of_interest, establishment",attraction,Jharkhand,All Seasons,Sahibganj,17
Bhagwa Kuan,25.2452982,87.6316573,3.9,"tourist_attraction, point_of_interest, establishment",attraction,Jharkhand,All Seasons,Sahibganj,162
Tinpahar Mountains,24.9901271,87.74244499999999,4.1,"tourist_attraction, point_of_interest, establishment",attraction,Jharkhand,All Seasons,Sahibganj,35
View point (Sunset),25.0646661,87.3722449,5,"tourist_attraction, point_of_interest, establishment",attraction,Jharkhand,All Seasons,Sahibganj,1
Hai maniss😘,25.357028,87.8743282,0,"tourist_attraction, point_of_interest, establishment",attraction,Jharkhand,All Seasons,Sahibganj,0
Marangbandh RANIDIH,25.0656993,87.3829167,4,"tourist_attraction, point_of_interest, establishment",attraction,Jharkhand,All Seasons,Sahibganj,5
Rajmahal Forest,25.0029615,87.8093983,1.5,"tourist_attraction, point_of_interest, establishment",attraction,Jharkhand,All Seasons,Sahibganj,2
Murli Pahar,25.0205067,87.75285869999999,4.4,"tourist_attraction, point_of_interest, establishment",attraction,Jharkhand,All Seasons,Sahibganj,16
Gandhi pond,25.1153707,87.4596004,4,"tourist_attraction, point_of_interest, establishment",attraction,Jharkhand,All Seasons,Sahibganj,13
Choti Jharna,25.2264447,87.6377675,4.1,"tourist_attraction, point_of_interest, establishment",attraction,Jharkhand,All Seasons,Sahibganj,233
Gumani Barrage Barhait,24.901012,87.62577929999999,3.7,"tourist_attraction, point_of_interest, establishment",attraction,Jharkhand,All Seasons,Sahibganj,7
Neel pokhar,24.8459375,87.7616875,3.6,"tourist_attraction, point_of_interest, establishment",attraction,Jharkhand,All Seasons,Sahibganj,16
Shivgadi Natural Waterfall,24.9282899,87.6481261,4.4,"tourist_attraction, point_of_interest, establishment",attraction,Jharkhand,All Seasons,Sahibganj,25
Sakuntala ghat,25.2485909,87.638094,2.3,"tourist_attraction, point_of_interest, establishment",attraction,Jharkhand,All Seasons,Sahibganj,4
waterfall Rakshi sthan mzc,25.2550208,87.5357848,4,"tourist_attraction, point_of_interest, establishment",attraction,Jharkhand,All Seasons,Sahibganj,23
SUDAMA MANDAL,25.2557114,87.8439439,0,"tourist_attraction, point_of_interest, establishment",attraction,Jharkhand,All Seasons,Sahibganj,0
Sundar Dam Selfie Point,24.9368012,87.3854933,4.5,"tourist_attraction, point_of_interest, establishment",attraction,Jharkhand,All Seasons,Sahibganj,18
Simaljori dam,25.0882452,87.71342589999999,4.8,"tourist_attraction, point_of_interest, establishment",attraction,Jharkhand,All Seasons,Sahibganj,4
Bhutni's green area,25.1120079,87.8862927,4.8,"tourist_attraction, point_of_interest, establishment",attraction,Jharkhand,All Seasons,Sahibganj,6
Water tank simaldhab,24.9021247,87.56348200000001,5,"tourist_attraction, point_of_interest, establishment",attraction,Jharkhand,All Seasons,Sahibganj,4
sido kanhu chowk,25.0548362,87.8314201,4.7,"tourist_attraction, point_of_interest, establishment",attraction,Jharkhand,All Seasons,Sahibganj,3
View point,25.0748577,87.4484726,5,"tourist_attraction, point_of_interest, establishment",attraction,Jharkhand,All Seasons,Sahibganj,1
প্রকৃতি পরিদর্শন,25.1384195,87.90059959999999,5,"tourist_attraction, point_of_interest, establishment",attraction,Jharkhand,All Seasons,Sahibganj,3
Sahibganj pahar,25.2184309,87.6326241,4,"tourist_attraction, point_of_interest, establishment",attraction,Jharkhand,All Seasons,Sahibganj,5
গরুর বাথান,25.1605884,87.8813767,0,"tourist_attraction, point_of_interest, establishment",attraction,Jharkhand,All Seasons,Sahibganj,0
Shivgadi Chok,24.8866424,87.6147092,0,"tourist_attraction, point_of_interest, establishment",attraction,Jharkhand,All Seasons,Sahibganj,0
Kherwa hill,24.9094906,87.6236835,4.3,"tourist_attraction, point_of_interest, establishment",attraction,Jharkhand,All Seasons,Sahibganj,8
Taljhari Balu ghaat,24.8685541,87.7148663,3.5,"tourist_attraction, point_of_interest, establishment",attraction,Jharkhand,All Seasons,Sahibganj,4
Radha Krishna Ojha Ganga View Point,25.2477283,87.6495183,4,"tourist_attraction, point_of_interest, establishment",attraction,Jharkhand,All Seasons,Sahibganj,47
Sunset view,25.2184424,87.3648882,3.8,"tourist_attraction, point_of_interest, establishment",attraction,Jharkhand,All Seasons,Sahibganj,6
Ganga ghat guagachhi,25.3237016,87.7138202,3.7,"tourist_attraction, point_of_interest, establishment",attraction,Jharkhand,All Seasons,Sahibganj,24
Sunset Point,24.9023331,87.6235538,5,"tourist_attraction, point_of_interest, establishment",attraction,Jharkhand,All Seasons,Sahibganj,3
Dona pokhar,25.1076083,87.4340838,5,"tourist_attraction, point_of_interest, establishment",attraction,Jharkhand,All Seasons,Sahibganj,6
Banka Dam Mahuakol,25.1577352,87.500033,3.6,"tourist_attraction, point_of_interest, establishment",attraction,Jharkhand,All Seasons,Sahibganj,9
Sahibganj Pahari Waterfall,25.2223133,87.6304631,4.7,"tourist_attraction, point_of_interest, establishment",attraction,Jharkhand,All Seasons,Sahibganj,35
Simaldhab toto stent,24.8991492,87.55689269999999,0,"tourist_attraction, point_of_interest, establishment",attraction,Jharkhand,All Seasons,Sahibganj,0
शोभापुर चौक,25.1976186,87.40352279999999,0,"tourist_attraction, point_of_interest, establishment",attraction,Jharkhand,All Seasons,Sahibganj,0
Sundar Dam Lahathi,24.9800595,87.33053819999999,4.4,"tourist_attraction, point_of_interest, establishment",attraction,Jharkhand,All Seasons,Sahibganj,59
Khujli jharna,25.2223842,87.66181209999999,3.8,"tourist_attraction, point_of_interest, establishment",attraction,Jharkhand,All Seasons,Sahibganj,8
Mini Waterfall,24.9514395,87.3646327,4.5,"tourist_attraction, point_of_interest, establishment",attraction,Jharkhand,All Seasons,Sahibganj,65
"Fossils Park, Mandro.Nisar mandro",25.1381296,87.5017154,4.2,"park, tourist_attraction, point_of_interest, establishment",attraction,Jharkhand,All Seasons,Sahibganj,185
Ticket caunter motijharna ujjawal mannu,25.208981,87.72706199999999,2,"tourist_attraction, point_of_interest, establishment",attraction,Jharkhand,All Seasons,Sahibganj,2
Manjwai gaon ka sameel pokhari,25.0271585,87.5643752,0,"tourist_attraction, point_of_interest, establishment",attraction,Jharkhand,All Seasons,Sahibganj,0
Jhilmil waterfall,25.219141,87.6339074,4.7,"tourist_attraction, point_of_interest, establishment",attraction,Jharkhand,All Seasons,Sahibganj,18
"Maheshpur, Chhat Ghat",25.2356325,87.36212859999999,0,"tourist_attraction, point_of_interest, establishment",attraction,Jharkhand,All Seasons,Sahibganj,0
Dudhi nala,24.8613308,87.6305634,4.1,"tourist_attraction, point_of_interest, establishment",attraction,Jharkhand,All Seasons,Sahibganj,12
"Bihar, WestBengal ,Jharkhand Tri Junction",25.2216494,87.7906859,5,"tourist_attraction, point_of_interest, establishment",attraction,Jharkhand,All Seasons,Sahibganj,1
B.R.D.C POINT,25.17273,87.8976316,3.7,"tourist_attraction, point_of_interest, establishment",attraction,Jharkhand,All Seasons,Sahibganj,11
Md Shakir Shekh,25.0246561,87.8518691,5,"tourist_attraction, point_of_interest, establishment",attraction,Jharkhand,All Seasons,Sahibganj,1
Govindpur Baand Amdabad,25.3010219,87.8195648,3,"tourist_attraction, point_of_interest, establishment",attraction,Jharkhand,All Seasons,Sahibganj,29
Kusumghati Dam,24.8961514,87.35845259999999,4.3,"tourist_attraction, point_of_interest, establishment",attraction,Jharkhand,All Seasons,Sahibganj,11
Picnic place,24.9477296,87.72945209999999,3.3,"tourist_attraction, point_of_interest, establishment",attraction,Jharkhand,All Seasons,Sahibganj,4
Lilatari hatiya,25.174035,87.51254999999999,0,"tourist_attraction, point_of_interest, establishment",attraction,Jharkhand,All Seasons,Sahibganj,0
फाड़ी घाट,24.8752566,87.8853377,5,"tourist_attraction, point_of_interest, establishment",attraction,Jharkhand,All Seasons,Sahibganj,2
Runji chat ghat,25.1087774,87.47122739999999,4.7,"tourist_attraction, point_of_interest, establishment",attraction,Jharkhand,All Seasons,Sahibganj,3
KUSMA Ghagha River Point,24.8252305,87.5376491,4,"tourist_attraction, point_of_interest, establishment",attraction,Jharkhand,All Seasons,Sahibganj,4
Bapi Travel,25.3118227,87.7841728,4.5,"tourist_attraction, point_of_interest, establishment",attraction,Jharkhand,All Seasons,Sahibganj,2
MR. MITHUN MANDAL,25.2974569,87.7967558,0,"tourist_attraction, point_of_interest, establishment",attraction,Jharkhand,All Seasons,Sahibganj,0
Jubilee Park,22.8083263,86.19410529999999,4.6,"park, tourist_attraction, point_of_interest, establishment",parks,Jharkhand,Spring,Seraikela-Kharsawan,2961
Eco- Park,22.7947362,86.1918503,4.1,"park, point_of_interest, establishment",parks,Jharkhand,Spring,Seraikela-Kharsawan,587
Jubilee Park Gate No. 2,22.8095684,86.1901437,4.6,"park, point_of_interest, establishment",parks,Jharkhand,Spring,Seraikela-Kharsawan,159
Kagalnagar Park,22.821873,86.16774,3.9,"park, point_of_interest, establishment",parks,Jharkhand,Spring,Seraikela-Kharsawan,1021
Jubilee Lake Park,22.545673,85.8084781,4.2,"park, tourist_attraction, point_of_interest, establishment",parks,Jharkhand,Spring,Seraikela-Kharsawan,676
Dalma View Point Park,22.8192836,86.1894819,4.5,"park, point_of_interest, establishment",parks,Jharkhand,Spring,Seraikela-Kharsawan,67
Bhuiyadih Park,22.8101129,86.2259914,3.9,"park, point_of_interest, establishment",parks,Jharkhand,Spring,Seraikela-Kharsawan,986
Joggers Park,22.7986953,86.16551369999999,4.1,"park, point_of_interest, establishment",parks,Jharkhand,Spring,Seraikela-Kharsawan,227
Jugsalai Park,22.7736386,86.1931089,4.1,"park, point_of_interest, establishment",parks,Jharkhand,Spring,Seraikela-Kharsawan,860
Netaji Subash Park,22.8079109,86.1607447,3.7,"park, point_of_interest, establishment",parks,Jharkhand,Spring,Seraikela-Kharsawan,259
Govardhan Park,22.8388011,86.2171202,3.9,"park, point_of_interest, establishment",parks,Jharkhand,Spring,Seraikela-Kharsawan,244
Golmuri Park,22.7943486,86.2245068,4,"park, point_of_interest, establishment",parks,Jharkhand,Spring,Seraikela-Kharsawan,933
LIG Park,22.7769021,86.1610062,4.2,"park, point_of_interest, establishment",parks,Jharkhand,Spring,Seraikela-Kharsawan,25
Shaheed Park,22.5524678,85.80301759999999,3.9,"park, tourist_attraction, point_of_interest, establishment",parks,Jharkhand,Spring,Seraikela-Kharsawan,1995
Tata Zoo Lake,22.812691,86.195425,4.4,"park, point_of_interest, establishment",parks,Jharkhand,Spring,Seraikela-Kharsawan,753
Jogger's Track,22.8103092,86.17200679999999,4.7,"park, point_of_interest, establishment",parks,Jharkhand,Spring,Seraikela-Kharsawan,140
Bhatia Park,22.8040752,86.1559067,4.1,"park, tourist_attraction, point_of_interest, establishment",parks,Jharkhand,Spring,Seraikela-Kharsawan,5014
Sonari Childrens Park,22.8244471,86.1644113,4.1,"park, point_of_interest, establishment",parks,Jharkhand,Spring,Seraikela-Kharsawan,343
Joggers Park,22.823811,86.1626859,4.3,"park, point_of_interest, establishment",parks,Jharkhand,Spring,Seraikela-Kharsawan,1694
shahid park kharsawan,22.7833739,85.8239524,4.1,"park, point_of_interest, establishment",parks,Jharkhand,Spring,Seraikela-Kharsawan,296
Kumharpara Park,22.805478,86.2144385,3.9,"park, point_of_interest, establishment",parks,Jharkhand,Spring,Seraikela-Kharsawan,117
"ATAL PARK, ADITYAPUR, JAMSHEDPUR",22.789613,86.1572139,4,"park, point_of_interest, establishment",parks,Jharkhand,Spring,Seraikela-Kharsawan,439
Dr. Ambedkar Park,22.8123749,86.15301520000001,3.9,"park, point_of_interest, establishment",parks,Jharkhand,Spring,Seraikela-Kharsawan,91
Nature Park,22.839584,86.2103279,3.8,"park, point_of_interest, establishment",parks,Jharkhand,Spring,Seraikela-Kharsawan,1266
Joggers Park,22.7957502,86.2238266,4.2,"park, point_of_interest, establishment",parks,Jharkhand,Spring,Seraikela-Kharsawan,32
Daigutu Park,22.8225596,86.21019989999999,4,"park, point_of_interest, establishment",parks,Jharkhand,Spring,Seraikela-Kharsawan,90
Namda Basti Park,22.7804771,86.2228824,3.8,"park, point_of_interest, establishment",parks,Jharkhand,Spring,Seraikela-Kharsawan,161
S.E Railway Children's Park,22.7659386,86.1915294,3.8,"park, point_of_interest, establishment",parks,Jharkhand,Spring,Seraikela-Kharsawan,147
surya park,22.798407,86.2182499,3.7,"park, point_of_interest, establishment",parks,Jharkhand,Spring,Seraikela-Kharsawan,28
OM Park,22.8458422,86.21956320000001,4,"park, point_of_interest, establishment",parks,Jharkhand,Spring,Seraikela-Kharsawan,49
Prithvi Paryavaran Udyan,22.8215546,86.21024489999999,3.6,"park, point_of_interest, establishment",parks,Jharkhand,Spring,Seraikela-Kharsawan,111
Gwalpara Park,22.8043712,86.1580481,3.8,"park, point_of_interest, establishment",parks,Jharkhand,Spring,Seraikela-Kharsawan,168
"Atal Park,",22.8012499,86.217287,4.1,"park, point_of_interest, establishment",parks,Jharkhand,Spring,Seraikela-Kharsawan,16
Jai Prakash Udyaan,22.7883719,86.1728753,4,"park, point_of_interest, establishment",parks,Jharkhand,Spring,Seraikela-Kharsawan,603
New Kagalnagar Park,22.8236662,86.1708068,4.5,"park, point_of_interest, establishment",parks,Jharkhand,Spring,Seraikela-Kharsawan,10
Dada-Dadi Park,22.5478978,85.80229729999999,4.4,"park, point_of_interest, establishment",parks,Jharkhand,Spring,Seraikela-Kharsawan,20
Jubilee Park Gate No. 1,22.8092739,86.1990725,4.5,"park, point_of_interest, establishment",parks,Jharkhand,Spring,Seraikela-Kharsawan,26
dindli park,22.7906809,86.1645782,3.2,"park, point_of_interest, establishment",parks,Jharkhand,Spring,Seraikela-Kharsawan,19
"Fountain Avenue, Jubilee Park",22.8088332,86.19449569999999,4.9,"park, point_of_interest, establishment",parks,Jharkhand,Spring,Seraikela-Kharsawan,27
Deer Park Makula Kocha,22.9122953,86.13666210000001,4.1,"park, point_of_interest, establishment",parks,Jharkhand,Spring,Seraikela-Kharsawan,30
Jubilee Amusement Park,22.8087472,86.19768239999999,4.5,"amusement_park, park, point_of_interest, establishment",parks,Jharkhand,Spring,Seraikela-Kharsawan,77
Jamshedpur Nature Trail,22.8194952,86.18565199999999,4.4,"park, point_of_interest, establishment",parks,Jharkhand,Spring,Seraikela-Kharsawan,266
Prabhat Park,22.7883256,86.16960639999999,3.7,"park, point_of_interest, establishment",parks,Jharkhand,Spring,Seraikela-Kharsawan,122
Bat Island,22.8138413,86.19843879999999,4.1,"park, tourist_attraction, point_of_interest, establishment",parks,Jharkhand,Spring,Seraikela-Kharsawan,63
"Nehru Jubilee Tree Garden, Jubilee Park",22.8093165,86.1931505,4,"park, point_of_interest, establishment",parks,Jharkhand,Spring,Seraikela-Kharsawan,22
Vivek colony park,22.8065013,86.1228189,4,"park, point_of_interest, establishment",parks,Jharkhand,Spring,Seraikela-Kharsawan,1
Science Park,22.7882967,86.1806917,4.2,"park, point_of_interest, establishment",parks,Jharkhand,Spring,Seraikela-Kharsawan,52
Premnagar Durga Puja And Park Maidan,22.7687786,86.2159291,4,"park, point_of_interest, establishment",parks,Jharkhand,Spring,Seraikela-Kharsawan,293
Kadma Biodiversity Park,22.8007838,86.1698967,4.1,"park, point_of_interest, establishment",parks,Jharkhand,Spring,Seraikela-Kharsawan,53
"Shatabdi Udyan, Jubilee Park",22.7990647,86.182889,4.6,"park, point_of_interest, establishment",parks,Jharkhand,Spring,Seraikela-Kharsawan,38
Elephant Corridor Chandil Jamshedpur,22.9365096,86.0578072,4.1,"park, point_of_interest, establishment",parks,Jharkhand,Spring,Seraikela-Kharsawan,171
Tata Steel Zoological Park,22.8160655,86.19427929999999,4.3,"zoo, tourist_attraction, park, point_of_interest, establishment",parks,Jharkhand,Spring,Seraikela-Kharsawan,10373
Rocky Maidan Park,22.8236662,86.1708068,4.3,"park, point_of_interest, establishment",parks,Jharkhand,Spring,Seraikela-Kharsawan,82
mango Park,22.8216476,86.2098326,3.6,"park, point_of_interest, establishment",parks,Jharkhand,Spring,Seraikela-Kharsawan,26
Birsa Munda Park,22.8038903,86.20318859999999,4.3,"park, point_of_interest, establishment",parks,Jharkhand,Spring,Seraikela-Kharsawan,17
Childrens Park,22.8077313,86.1962391,4.3,"park, point_of_interest, establishment",parks,Jharkhand,Spring,Seraikela-Kharsawan,835
Kharkai Udyan,22.8082558,86.14930509999999,4,"park, point_of_interest, establishment",parks,Jharkhand,Spring,Seraikela-Kharsawan,203
"Children Park, Kandra, Jamshedpur",22.851644,86.0469624,4.3,"park, point_of_interest, establishment",parks,Jharkhand,Spring,Seraikela-Kharsawan,3
Children park tayo colony,22.8282502,86.08900530000001,3.8,"park, point_of_interest, establishment",parks,Jharkhand,Spring,Seraikela-Kharsawan,8
Sridungri Park,22.7986125,86.1342969,4.2,"park, point_of_interest, establishment",parks,Jharkhand,Spring,Seraikela-Kharsawan,78
Jamshedpur Coin Museum,22.8046786,86.20056939999999,4.1,"museum, tourist_attraction, point_of_interest, establishment",museum,Jharkhand,Winter,Seraikela-Kharsawan,266
Sido Kanhu Chowk Haludbani,22.7492879,86.21027959999999,3.9,"museum, point_of_interest, establishment",museum,Jharkhand,Winter,Seraikela-Kharsawan,264
"Nature Interpretation Centre, Chaibasa",22.5306345,85.8175842,4,"museum, point_of_interest, establishment",museum,Jharkhand,Winter,Seraikela-Kharsawan,23
Dalma Wildlife Museum,22.9111059,86.1358954,4.6,"museum, point_of_interest, establishment",museum,Jharkhand,Winter,Seraikela-Kharsawan,11
saldih Jahersathan,22.8261987,86.0947553,4.5,"museum, point_of_interest, establishment",museum,Jharkhand,Winter,Seraikela-Kharsawan,2
Turi chattan,22.6493523,86.17542329999999,4.3,"museum, point_of_interest, establishment",museum,Jharkhand,Winter,Seraikela-Kharsawan,3
king's palace,22.6969316,85.93182449999999,3.9,"museum, point_of_interest, establishment",museum,Jharkhand,Winter,Seraikela-Kharsawan,18
Hesakocha Waterfall,22.906295,85.937974,4.4,"tourist_attraction, point_of_interest, establishment",museum,Jharkhand,Winter,Seraikela-Kharsawan,120
Shitla Mandir,22.543646,85.8093966,5,"museum, point_of_interest, establishment",museum,Jharkhand,Winter,Seraikela-Kharsawan,2
Museum-cum-Interpretation Centre,22.9111073,86.1358607,5,"museum, point_of_interest, establishment",museum,Jharkhand,Winter,Seraikela-Kharsawan,1
Tribal cultural centre,22.8241009,86.1790266,4.4,"storage, point_of_interest, establishment",museum,Jharkhand,Winter,Seraikela-Kharsawan,96
Fr Deeney Museum,22.5416366,85.7695998,5,"point_of_interest, establishment",museum,Jharkhand,Winter,Seraikela-Kharsawan,4
Russi Mody Center for Excellence,22.8101677,86.1897431,4.5,"point_of_interest, establishment",museum,Jharkhand,Winter,Seraikela-Kharsawan,521
Tribal Cultural Society,22.7996093,86.1900938,4.2,"point_of_interest, establishment",museum,Jharkhand,Winter,Seraikela-Kharsawan,220
Guru Charan bhakat ji ka ghar,22.7139365,86.15737089999999,0,"museum, point_of_interest, establishment",museum,Jharkhand,Winter,Seraikela-Kharsawan,0
Biponi,22.7922922,86.183679,4.7,"museum, store, point_of_interest, establishment",museum,Jharkhand,Winter,Seraikela-Kharsawan,244
Hesakocha Waterfall,22.906295,85.937974,4.4,"tourist_attraction, point_of_interest, establishment",waterfalls,Jharkhand,Monsoon,Seraikela-Kharsawan,120
Secret waterfall,22.628737,85.7026009,4.3,"tourist_attraction, point_of_interest, establishment",waterfalls,Jharkhand,Monsoon,Seraikela-Kharsawan,80
Surjabasa mini waterfall,22.4679185,85.76231960000001,4.4,"tourist_attraction, point_of_interest, establishment",waterfalls,Jharkhand,Monsoon,Seraikela-Kharsawan,14
SERENG DA WATERFALL,22.9570874,85.7187582,5,"tourist_attraction, point_of_interest, establishment",waterfalls,Jharkhand,Monsoon,Seraikela-Kharsawan,1
Durduri Waterfall,22.9408502,85.87449699999999,4.3,"tourist_attraction, point_of_interest, establishment",waterfalls,Jharkhand,Monsoon,Seraikela-Kharsawan,19
Waterfall Fountain,22.8179034,86.1929748,3,"amusement_park, point_of_interest, establishment",waterfalls,Jharkhand,Monsoon,Seraikela-Kharsawan,3
Zoo Plaza Waterfall,22.8178842,86.1929775,4.2,"park, point_of_interest, establishment",waterfalls,Jharkhand,Monsoon,Seraikela-Kharsawan,18
Jopno waterfall,22.9593429,85.7480862,5,"tourist_attraction, point_of_interest, establishment",waterfalls,Jharkhand,Monsoon,Seraikela-Kharsawan,2
"Hadahadi waterfall, jharidih",22.9441313,86.12088539999999,4,"park, point_of_interest, establishment",waterfalls,Jharkhand,Monsoon,Seraikela-Kharsawan,1
Maha Jal Waterhole,22.898202,86.19704759999999,3.3,"tourist_attraction, point_of_interest, establishment",waterfalls,Jharkhand,Monsoon,Seraikela-Kharsawan,8
Lupungutu Jharna,22.5373065,85.7705051,4.2,"tourist_attraction, point_of_interest, establishment",waterfalls,Jharkhand,Monsoon,Seraikela-Kharsawan,320
Bijli Ghati Waterfall,22.908396,86.192759,4.2,"tourist_attraction, point_of_interest, establishment",waterfalls,Jharkhand,Monsoon,Seraikela-Kharsawan,65
"Palna Dam, Jamshedpur",22.9457081,85.93538050000001,4.3,"tourist_attraction, point_of_interest, establishment",waterfalls,Jharkhand,Monsoon,Seraikela-Kharsawan,649
Dalma Wildlife Sanctuary,22.8965883,86.2061027,4.2,"tourist_attraction, park, point_of_interest, establishment",waterfalls,Jharkhand,Monsoon,Seraikela-Kharsawan,14285
Shitla Mandir,22.7728875,86.1627656,4.2,"park, point_of_interest, establishment",waterfalls,Jharkhand,Monsoon,Seraikela-Kharsawan,135
Dalma Hill Top,22.8899937,86.219641,4.5,"tourist_attraction, point_of_interest, establishment",waterfalls,Jharkhand,Monsoon,Seraikela-Kharsawan,2915
"Dudra Dam, Jilinggora",22.7580262,86.141177,4.1,"tourist_attraction, point_of_interest, establishment",waterfalls,Jharkhand,Monsoon,Seraikela-Kharsawan,91
Loharda Mini waterfall,22.6486286,85.68490609999999,3.3,"tourist_attraction, point_of_interest, establishment",waterfalls,Jharkhand,Monsoon,Seraikela-Kharsawan,8
Palna Reservoir,22.9419475,85.9368423,4.5,"natural_feature, establishment",waterfalls,Jharkhand,Monsoon,Seraikela-Kharsawan,52
Pradhan Dam,22.7588241,86.1413704,4.3,"tourist_attraction, point_of_interest, establishment",waterfalls,Jharkhand,Monsoon,Seraikela-Kharsawan,474
Vijaygiri dam,22.9521753,85.83152729999999,4.3,"tourist_attraction, point_of_interest, establishment",waterfalls,Jharkhand,Monsoon,Seraikela-Kharsawan,111
Jubilee Lake Park,22.545673,85.8084781,4.2,"park, tourist_attraction, point_of_interest, establishment",waterfalls,Jharkhand,Monsoon,Seraikela-Kharsawan,676
Shaheed Park,22.5524678,85.80301759999999,3.9,"park, tourist_attraction, point_of_interest, establishment",waterfalls,Jharkhand,Monsoon,Seraikela-Kharsawan,1995
Sonajhuri water fall's,22.9060378,85.9379041,3.8,"tourist_attraction, travel_agency, point_of_interest, establishment",waterfalls,Jharkhand,Monsoon,Seraikela-Kharsawan,4
Bat Island,22.8138413,86.19843879999999,4.1,"park, tourist_attraction, point_of_interest, establishment",beaches,Jharkhand,Summer,Seraikela-Kharsawan,63
The Atlantic beach and bar,22.8759806,86.1921323,4.1,"bar, point_of_interest, establishment",beaches,Jharkhand,Summer,Seraikela-Kharsawan,12
Sangam Picnic Spot,22.4529521,85.9655677,4.2,"tourist_attraction, point_of_interest, establishment",beaches,Jharkhand,Summer,Seraikela-Kharsawan,163
Itagarh Picnic Spot,22.7664095,86.1227851,5,"tourist_attraction, point_of_interest, establishment",beaches,Jharkhand,Summer,Seraikela-Kharsawan,2
Silver Sand Resort Pvt Ltd,22.8852719,86.1392552,3.8,"point_of_interest, establishment",beaches,Jharkhand,Summer,Seraikela-Kharsawan,171
Island,22.8136281,86.1982178,5,"natural_feature, establishment",beaches,Jharkhand,Summer,Seraikela-Kharsawan,2
Oza Enterprises,22.7970043,86.1783744,4.5,"home_goods_store, point_of_interest, store, establishment",beaches,Jharkhand,Summer,Seraikela-Kharsawan,38
"Bajaj Auto (Swastik Auto Agencies, Jamshedpur, Bardwari)",22.8059832,86.2130433,3.8,"point_of_interest, store, establishment",beaches,Jharkhand,Summer,Seraikela-Kharsawan,478
SBM TOILET,22.789901,86.15637,0,"point_of_interest, establishment",beaches,Jharkhand,Summer,Seraikela-Kharsawan,0
Tata Steel Zoological Park,22.8160655,86.19427929999999,4.3,"zoo, tourist_attraction, park, point_of_interest, establishment",zoo,Jharkhand,Winter,Seraikela-Kharsawan,10373
Tata Zoo Lake,22.812691,86.195425,4.4,"park, point_of_interest, establishment",zoo,Jharkhand,Winter,Seraikela-Kharsawan,753
Zoo Plaza Waterfall,22.8178842,86.1929775,4.2,"park, point_of_interest, establishment",zoo,Jharkhand,Winter,Seraikela-Kharsawan,18
Royal Bengal Tiger,22.8167751,86.19749159999999,4.3,"zoo, point_of_interest, establishment",zoo,Jharkhand,Winter,Seraikela-Kharsawan,3
Hayna,22.8142805,86.1948859,4,"zoo, point_of_interest, establishment",zoo,Jharkhand,Winter,Seraikela-Kharsawan,2
Eco- Park,22.7947362,86.1918503,4.1,"park, point_of_interest, establishment",zoo,Jharkhand,Winter,Seraikela-Kharsawan,587
Lion,22.8170872,86.1968187,4.3,"zoo, point_of_interest, establishment",zoo,Jharkhand,Winter,Seraikela-Kharsawan,3
Chital Deer,22.8168595,86.1930395,4,"zoo, point_of_interest, establishment",zoo,Jharkhand,Winter,Seraikela-Kharsawan,1
Hippopotamus,22.8153146,86.1965958,5,"zoo, point_of_interest, establishment",zoo,Jharkhand,Winter,Seraikela-Kharsawan,2
White Buck Black Buck,22.8166481,86.1956546,5,"zoo, point_of_interest, establishment",zoo,Jharkhand,Winter,Seraikela-Kharsawan,1
Dalma Wildlife Sanctuary,22.8965883,86.2061027,4.2,"tourist_attraction, park, point_of_interest, establishment",zoo,Jharkhand,Winter,Seraikela-Kharsawan,14285
Leopard,22.8144551,86.1943977,4,"zoo, point_of_interest, establishment",zoo,Jharkhand,Winter,Seraikela-Kharsawan,1
Zoo Food Junction,22.8153204,86.1974185,4.2,"restaurant, point_of_interest, food, establishment",zoo,Jharkhand,Winter,Seraikela-Kharsawan,13
Jubilee Park,22.8083263,86.19410529999999,4.6,"park, tourist_attraction, point_of_interest, establishment",zoo,Jharkhand,Winter,Seraikela-Kharsawan,2961
Porcupine,22.8148902,86.1962746,0,"zoo, point_of_interest, establishment",zoo,Jharkhand,Winter,Seraikela-Kharsawan,0
Jubilee Lake Park,22.545673,85.8084781,4.2,"park, tourist_attraction, point_of_interest, establishment",zoo,Jharkhand,Winter,Seraikela-Kharsawan,676
Tata Zoological park vehicle parking,22.8171503,86.19341,4.2,"park, point_of_interest, establishment",zoo,Jharkhand,Winter,Seraikela-Kharsawan,16
Bhatia Park,22.8040752,86.1559067,4.1,"park, tourist_attraction, point_of_interest, establishment",zoo,Jharkhand,Winter,Seraikela-Kharsawan,5014
Rusicaa ZOO SHOP,22.8184311,86.1918584,4.8,"pet_store, store, point_of_interest, establishment",zoo,Jharkhand,Winter,Seraikela-Kharsawan,5
Jayanti Sarovar,22.8139459,86.19846,4.6,"park, point_of_interest, establishment",zoo,Jharkhand,Winter,Seraikela-Kharsawan,15
Shree Jagannath Mandir,22.694852,85.9338438,4.6,"hindu_temple, place_of_worship, point_of_interest, establishment",temples,Jharkhand,All Seasons,Seraikela-Kharsawan,33
Laxminarayan Temple,22.7871769,86.2235657,4.3,"hindu_temple, place_of_worship, point_of_interest, establishment",temples,Jharkhand,All Seasons,Seraikela-Kharsawan,257
Shiva Temple,22.841152,86.2229519,4.1,"hindu_temple, place_of_worship, point_of_interest, establishment",temples,Jharkhand,All Seasons,Seraikela-Kharsawan,24
SURYA MANDIR(SUN Temple),22.7793946,86.17116980000002,4.5,"hindu_temple, place_of_worship, point_of_interest, establishment",temples,Jharkhand,All Seasons,Seraikela-Kharsawan,31
Lord Hanuman Temple,22.8903048,86.2190786,4.6,"hindu_temple, place_of_worship, point_of_interest, establishment",temples,Jharkhand,All Seasons,Seraikela-Kharsawan,32
Lord Shani Mandir,22.8040411,86.12299209999999,4.7,"hindu_temple, tourist_attraction, place_of_worship, point_of_interest, establishment",temples,Jharkhand,All Seasons,Seraikela-Kharsawan,45
Kali Mandir Harharguttu,22.7626325,86.1809012,4.2,"hindu_temple, place_of_worship, point_of_interest, establishment",temples,Jharkhand,All Seasons,Seraikela-Kharsawan,110
Khasmahal Kali Bari Temple,22.7579572,86.2037472,4.8,"hindu_temple, place_of_worship, point_of_interest, establishment",temples,Jharkhand,All Seasons,Seraikela-Kharsawan,22
Shri Shri Sankat Mochan Mandir,22.8259569,86.2105672,4.6,"hindu_temple, place_of_worship, point_of_interest, establishment",temples,Jharkhand,All Seasons,Seraikela-Kharsawan,81
Sri Sri Shiva Mandir,22.7923042,86.1639838,4.2,"hindu_temple, place_of_worship, point_of_interest, establishment",temples,Jharkhand,All Seasons,Seraikela-Kharsawan,33
Shiv Mandir,22.8174622,86.09403239999999,4.6,"hindu_temple, place_of_worship, point_of_interest, establishment",temples,Jharkhand,All Seasons,Seraikela-Kharsawan,19
Rajput Temple,22.8240731,86.1679455,4.8,"hindu_temple, place_of_worship, point_of_interest, establishment",temples,Jharkhand,All Seasons,Seraikela-Kharsawan,12
Hari Mandir,22.7950164,86.15637219999999,3.9,"hindu_temple, place_of_worship, point_of_interest, establishment",temples,Jharkhand,All Seasons,Seraikela-Kharsawan,23
maa Shitla Mandir,22.7793272,86.1641789,4.8,"hindu_temple, place_of_worship, point_of_interest, establishment",temples,Jharkhand,All Seasons,Seraikela-Kharsawan,18
hanuman temple,22.5595796,85.80659680000001,4.7,"hindu_temple, place_of_worship, point_of_interest, establishment",temples,Jharkhand,All Seasons,Seraikela-Kharsawan,3
ISKCON Temple Jamshedpur,22.7853706,86.2211514,4.7,"hindu_temple, place_of_worship, point_of_interest, establishment",temples,Jharkhand,All Seasons,Seraikela-Kharsawan,369
Shiv Mandir,22.7635839,86.20610529999999,4,"hindu_temple, place_of_worship, point_of_interest, establishment",temples,Jharkhand,All Seasons,Seraikela-Kharsawan,32
Mouni Baba Temple,22.8268053,86.1627966,4,"hindu_temple, place_of_worship, point_of_interest, establishment",temples,Jharkhand,All Seasons,Seraikela-Kharsawan,74
Shiv Mandir,22.7778282,86.15705919999999,4.4,"hindu_temple, place_of_worship, point_of_interest, establishment",temples,Jharkhand,All Seasons,Seraikela-Kharsawan,54
Hanuman Temple,22.8128572,86.1062695,4.5,"hindu_temple, place_of_worship, point_of_interest, establishment",temples,Jharkhand,All Seasons,Seraikela-Kharsawan,11
Maa Durga Temple,22.6974961,85.93138809999999,4.1,"hindu_temple, place_of_worship, point_of_interest, establishment",temples,Jharkhand,All Seasons,Seraikela-Kharsawan,19
Shiva temple,22.7179724,86.20087649999999,5,"hindu_temple, place_of_worship, point_of_interest, establishment",temples,Jharkhand,All Seasons,Seraikela-Kharsawan,6
Shri Laxmi Narayan Temple,22.8241098,86.1689258,4.7,"hindu_temple, place_of_worship, point_of_interest, establishment",temples,Jharkhand,All Seasons,Seraikela-Kharsawan,19
Sri Ram Mandir,22.7740254,86.163439,4.1,"hindu_temple, place_of_worship, point_of_interest, establishment",temples,Jharkhand,All Seasons,Seraikela-Kharsawan,13
Shree-Shree Balram Jew Temple,22.8116411,86.10854359999999,4.6,"hindu_temple, place_of_worship, point_of_interest, establishment",temples,Jharkhand,All Seasons,Seraikela-Kharsawan,7
Shiv Mandir,22.7711441,86.19542469999999,4.2,"hindu_temple, place_of_worship, point_of_interest, establishment",temples,Jharkhand,All Seasons,Seraikela-Kharsawan,13
"Kali Maa Temple "" mirudih",22.783639,86.1246667,4.3,"hindu_temple, place_of_worship, point_of_interest, establishment",temples,Jharkhand,All Seasons,Seraikela-Kharsawan,30
Pipleshwar Mahadev Temple,22.8166645,86.16068940000001,5,"hindu_temple, place_of_worship, point_of_interest, establishment",temples,Jharkhand,All Seasons,Seraikela-Kharsawan,2
Shiv Mandir,22.7961494,85.83886079999999,3.9,"hindu_temple, place_of_worship, point_of_interest, establishment",temples,Jharkhand,All Seasons,Seraikela-Kharsawan,14
Shiv Temple,22.9075678,86.1163588,5,"hindu_temple, place_of_worship, point_of_interest, establishment",temples,Jharkhand,All Seasons,Seraikela-Kharsawan,1
Gandheswari Temple Chandil Jamshedpur,22.9559591,86.0566406,5,"hindu_temple, place_of_worship, point_of_interest, establishment",temples,Jharkhand,All Seasons,Seraikela-Kharsawan,1
Hari Mandir,22.7791399,86.148292,4.2,"hindu_temple, place_of_worship, point_of_interest, establishment",temples,Jharkhand,All Seasons,Seraikela-Kharsawan,5
Chakradhari Temple,22.8246741,86.1726012,4,"hindu_temple, place_of_worship, point_of_interest, establishment",temples,Jharkhand,All Seasons,Seraikela-Kharsawan,5
Hanumaan Mandir,22.7879738,86.1686283,5,"hindu_temple, place_of_worship, point_of_interest, establishment",temples,Jharkhand,All Seasons,Seraikela-Kharsawan,6
Kali Mandir (Kali Temple),22.769247,86.1371277,5,"hindu_temple, place_of_worship, point_of_interest, establishment",temples,Jharkhand,All Seasons,Seraikela-Kharsawan,3
Hanuman Mandir,22.7650205,86.1406624,4,"hindu_temple, place_of_worship, point_of_interest, establishment",temples,Jharkhand,All Seasons,Seraikela-Kharsawan,13
Maa Kali Temple,22.6810675,86.21674019999999,5,"hindu_temple, place_of_worship, point_of_interest, establishment",temples,Jharkhand,All Seasons,Seraikela-Kharsawan,3
"Durga Temple, Jamjora",22.729623,86.12293939999999,4.7,"hindu_temple, place_of_worship, point_of_interest, establishment",temples,Jharkhand,All Seasons,Seraikela-Kharsawan,3
Temple,22.8055331,86.1631219,3,"place_of_worship, point_of_interest, establishment",temples,Jharkhand,All Seasons,Seraikela-Kharsawan,1
Syndicate Shiva Temple,22.780807,86.1538279,5,"hindu_temple, place_of_worship, point_of_interest, establishment",temples,Jharkhand,All Seasons,Seraikela-Kharsawan,4
Jaida Shiv Mandir - Chandil,22.9454107,86.0088725,4.5,"hindu_temple, tourist_attraction, place_of_worship, point_of_interest, establishment",temples,Jharkhand,All Seasons,Seraikela-Kharsawan,833
Graam Dharam Temple,22.7189259,85.7398967,5,"hindu_temple, place_of_worship, point_of_interest, establishment",temples,Jharkhand,All Seasons,Seraikela-Kharsawan,1
Shiv Mandir TempLe,22.7650909,85.8976545,5,"hindu_temple, place_of_worship, point_of_interest, establishment",temples,Jharkhand,All Seasons,Seraikela-Kharsawan,1
Laxmi Mandir,22.7624173,85.869039,5,"hindu_temple, place_of_worship, point_of_interest, establishment",temples,Jharkhand,All Seasons,Seraikela-Kharsawan,4
Jagannath Temple,22.7830442,85.8255956,4.8,"hindu_temple, place_of_worship, point_of_interest, establishment",temples,Jharkhand,All Seasons,Seraikela-Kharsawan,4
"SHIV MANDIR, SAI MANDIR, GANESH MANDIR",22.7907929,85.83070610000001,5,"hindu_temple, place_of_worship, point_of_interest, establishment",temples,Jharkhand,All Seasons,Seraikela-Kharsawan,4
Tara Temple,22.7907462,85.82827549999999,4.8,"hindu_temple, place_of_worship, point_of_interest, establishment",temples,Jharkhand,All Seasons,Seraikela-Kharsawan,16
Palna Shiv Mandir,22.9473269,85.93804329999999,5,"hindu_temple, place_of_worship, point_of_interest, establishment",temples,Jharkhand,All Seasons,Seraikela-Kharsawan,2
"Panchvati Shiv Mandir, Premnagar",22.7673717,86.21258739999999,4.4,"hindu_temple, place_of_worship, point_of_interest, establishment",temples,Jharkhand,All Seasons,Seraikela-Kharsawan,22
Shiv Temple,22.582168,85.9089138,4.6,"hindu_temple, place_of_worship, point_of_interest, establishment",temples,Jharkhand,All Seasons,Seraikela-Kharsawan,9
Shree Shiv Mandir Bandiram,22.7776801,85.8441649,5,"hindu_temple, place_of_worship, point_of_interest, establishment",temples,Jharkhand,All Seasons,Seraikela-Kharsawan,1
Maa mansa temple,22.7703126,85.87468270000001,5,"hindu_temple, place_of_worship, point_of_interest, establishment",temples,Jharkhand,All Seasons,Seraikela-Kharsawan,1
MaaJhagdhatri Mandir,22.7588329,85.98004979999999,5,"hindu_temple, place_of_worship, point_of_interest, establishment",temples,Jharkhand,All Seasons,Seraikela-Kharsawan,7
Jagannath Mandir,22.7473917,85.74997119999999,4.3,"hindu_temple, place_of_worship, point_of_interest, establishment",temples,Jharkhand,All Seasons,Seraikela-Kharsawan,3
Lord Shiv Temple,22.7935966,85.9506835,4.8,"hindu_temple, place_of_worship, point_of_interest, establishment",temples,Jharkhand,All Seasons,Seraikela-Kharsawan,6
Sri Sri Durga Shiv Mandir,22.8510849,86.1915061,4.4,"hindu_temple, place_of_worship, point_of_interest, establishment",temples,Jharkhand,All Seasons,Seraikela-Kharsawan,10
बासंती मंदिर,22.8109065,86.118284,4.4,"hindu_temple, place_of_worship, point_of_interest, establishment",temples,Jharkhand,All Seasons,Seraikela-Kharsawan,43
SOMNATH MANDIR,22.7656958,85.88191239999999,5,"hindu_temple, place_of_worship, point_of_interest, establishment",temples,Jharkhand,All Seasons,Seraikela-Kharsawan,2
shiv mandir,22.789262,86.0324705,4.2,"hindu_temple, place_of_worship, point_of_interest, establishment",temples,Jharkhand,All Seasons,Seraikela-Kharsawan,5
Lord Krishna Temple,22.7296655,85.96795650000001,4.7,"hindu_temple, place_of_worship, point_of_interest, establishment",temples,Jharkhand,All Seasons,Seraikela-Kharsawan,3
Dalma Hill Top,22.8899937,86.219641,4.5,"tourist_attraction, point_of_interest, establishment",hills,Jharkhand,Winter,Seraikela-Kharsawan,2915
Dalma Wildlife Sanctuary,22.8965883,86.2061027,4.2,"tourist_attraction, park, point_of_interest, establishment",hills,Jharkhand,Winter,Seraikela-Kharsawan,14285
Tumung Hill Top,22.6604668,86.1526904,4.2,"tourist_attraction, point_of_interest, establishment",hills,Jharkhand,Winter,Seraikela-Kharsawan,50
Dobo Hills,22.8630936,86.166496,3.9,"park, point_of_interest, establishment",hills,Jharkhand,Winter,Seraikela-Kharsawan,14
Hill view point,22.663437,85.69205819999999,3,"tourist_attraction, point_of_interest, establishment",hills,Jharkhand,Winter,Seraikela-Kharsawan,5
HILL VIEW RESORT,22.8769444,86.1880556,4,"lodging, point_of_interest, establishment",hills,Jharkhand,Winter,Seraikela-Kharsawan,2207
"New watch tower, Dalma hill top",22.890786,86.2192199,4.3,"tourist_attraction, point_of_interest, establishment",hills,Jharkhand,Winter,Seraikela-Kharsawan,3
Chandil Hill view. NH 33,22.9401725,86.04064609999999,4.5,"tourist_attraction, point_of_interest, establishment",hills,Jharkhand,Winter,Seraikela-Kharsawan,4
Turamdih hill top view,22.7210081,86.1815747,4.2,"tourist_attraction, point_of_interest, establishment",hills,Jharkhand,Winter,Seraikela-Kharsawan,43
Tergo Hill,22.4808475,85.86003339999999,5,"park, point_of_interest, establishment",hills,Jharkhand,Winter,Seraikela-Kharsawan,5
Bhatia Park,22.8040752,86.1559067,4.1,"park, tourist_attraction, point_of_interest, establishment",hills,Jharkhand,Winter,Seraikela-Kharsawan,5014
Hill Top Viewpoint,22.8893049,86.2194817,4.4,"tourist_attraction, point_of_interest, establishment",hills,Jharkhand,Winter,Seraikela-Kharsawan,5
Dalma Wildlife Sanctuary Check Point,22.9117095,86.13480369999999,4.1,"tourist_attraction, point_of_interest, establishment",hills,Jharkhand,Winter,Seraikela-Kharsawan,98
Hurunda Dam/Hill,22.8552437,85.8656963,4.5,"park, point_of_interest, establishment",hills,Jharkhand,Winter,Seraikela-Kharsawan,2
Kope Hill,22.5031199,86.13032609999999,5,"park, point_of_interest, establishment",hills,Jharkhand,Winter,Seraikela-Kharsawan,1
Dalma Trekking Start Point,22.87033,86.2039836,4.6,"park, point_of_interest, establishment",hills,Jharkhand,Winter,Seraikela-Kharsawan,26
Collection O 80333 The Royal Hills Premium,22.8485455,86.2098891,4.2,"night_club, bar, lodging, restaurant, point_of_interest, food, establishment",hills,Jharkhand,Winter,Seraikela-Kharsawan,301
wildlife Dalma Sanctuary,22.8556459,86.22088869999999,4,"tourist_attraction, point_of_interest, establishment",hills,Jharkhand,Winter,Seraikela-Kharsawan,1
Dalma Mountain Trek Route,22.8721961,86.2076621,4.5,"park, point_of_interest, establishment",hills,Jharkhand,Winter,Seraikela-Kharsawan,22
Dalma Trek Starting Point,22.8796488,86.1920883,4.7,"park, point_of_interest, establishment",hills,Jharkhand,Winter,Seraikela-Kharsawan,17
Hill View Automobiles,22.8411833,86.2218103,3.4,"store, point_of_interest, establishment",hills,Jharkhand,Winter,Seraikela-Kharsawan,5
Tiger Hill GYM,22.7902166,86.1561681,4.6,"gym, health, point_of_interest, establishment",hills,Jharkhand,Winter,Seraikela-Kharsawan,133
Hill Top Gems & Astrology,22.7753624,86.1581406,4.9,"point_of_interest, establishment",hills,Jharkhand,Winter,Seraikela-Kharsawan,141
Hill top,22.864279,85.7873963,5,"point_of_interest, establishment",hills,Jharkhand,Winter,Seraikela-Kharsawan,1
Hill View Area,22.7735803,86.1793083,No rating,"neighborhood, political",hills,Jharkhand,Winter,Seraikela-Kharsawan,0
HILL VIEW MOTORS (Tata Motors Authorized Service Station),22.8799458,86.1718433,4.2,"car_repair, point_of_interest, establishment",hills,Jharkhand,Winter,Seraikela-Kharsawan,72
"Rose Hill, Janta",22.791245,85.6545877,5,"tourist_attraction, point_of_interest, establishment",hills,Jharkhand,Winter,Seraikela-Kharsawan,1
Ramachandra Hills,22.7151185,86.2095753,5,"park, point_of_interest, establishment",hills,Jharkhand,Winter,Seraikela-Kharsawan,6
Gunabasa hill,22.5436921,85.8655314,4,"tourist_attraction, point_of_interest, establishment",hills,Jharkhand,Winter,Seraikela-Kharsawan,1
HILL TOP AGENCY,22.8085581,86.15317499999999,5,"point_of_interest, establishment",hills,Jharkhand,Winter,Seraikela-Kharsawan,2
"Hill City, Developer Of Sunshine",22.8449946,86.21889619999999,4,"point_of_interest, establishment",hills,Jharkhand,Winter,Seraikela-Kharsawan,16
Lion Hill (Ratha Bhai),22.85589,85.7784149,5,"tourist_attraction, point_of_interest, establishment",hills,Jharkhand,Winter,Seraikela-Kharsawan,2
TIGER HILL GYM,22.7662278,86.18520780000001,4.6,"gym, health, point_of_interest, establishment",hills,Jharkhand,Winter,Seraikela-Kharsawan,51
Galusingi hill view point,22.5511946,86.0659668,1,"tourist_attraction, point_of_interest, establishment",hills,Jharkhand,Winter,Seraikela-Kharsawan,1
10 Hill View Road,22.8055211,86.1861591,0,"point_of_interest, establishment",hills,Jharkhand,Winter,Seraikela-Kharsawan,0
MIG HILL TOP,22.7753638,86.1581404,5,"point_of_interest, establishment",hills,Jharkhand,Winter,Seraikela-Kharsawan,1
HOTEL GOLDEN HILL,22.8812889,86.134407,4.2,"restaurant, point_of_interest, food, establishment",hills,Jharkhand,Winter,Seraikela-Kharsawan,75
Jamshedpur Short Trip travellers Trail,22.8901253,86.2196768,5,"tourist_attraction, point_of_interest, establishment",hills,Jharkhand,Winter,Seraikela-Kharsawan,1
Hotel Dalma hill,22.8878269,86.1322715,4.9,"lodging, point_of_interest, establishment",hills,Jharkhand,Winter,Seraikela-Kharsawan,8
"Holding no 4, Hill view road, Kunjnagar, Jamshedpur",22.8285103,86.16829059999999,0,"point_of_interest, establishment",hills,Jharkhand,Winter,Seraikela-Kharsawan,0
NH Hills,22.8524086,86.2035468,4.7,"lodging, point_of_interest, establishment",hills,Jharkhand,Winter,Seraikela-Kharsawan,63
hotel Green Hills,22.8524534,86.2036747,5,"lodging, point_of_interest, establishment",hills,Jharkhand,Winter,Seraikela-Kharsawan,9
ROYAL HILLS HOTEL & RESORT,22.8465227,86.2118205,3.7,"lodging, point_of_interest, establishment",hills,Jharkhand,Winter,Seraikela-Kharsawan,17
Hill River,22.60997,86.2225699,4.7,"natural_feature, establishment",hills,Jharkhand,Winter,Seraikela-Kharsawan,9
Dalma Hills,22.8894006,86.2197467,0,"tourist_attraction, point_of_interest, establishment",hills,Jharkhand,Winter,Seraikela-Kharsawan,0
Dalma tree house,22.894695,86.197318,4.4,"park, point_of_interest, establishment",hills,Jharkhand,Winter,Seraikela-Kharsawan,12
"Shweta Kunj,Hill View colony, Bayangbil",22.7269955,86.2001296,0,"point_of_interest, establishment",hills,Jharkhand,Winter,Seraikela-Kharsawan,0
Pindrabera FRH Watch Tower,22.8940408,86.1967755,4.5,"tourist_attraction, point_of_interest, establishment",hills,Jharkhand,Winter,Seraikela-Kharsawan,15
Deer Park Makula Kocha,22.9122953,86.13666210000001,4.1,"park, point_of_interest, establishment",hills,Jharkhand,Winter,Seraikela-Kharsawan,30
"DALMA RESORT, MAKULAKOCHA",22.9119884,86.137912,4.3,"tourist_attraction, point_of_interest, establishment",hills,Jharkhand,Winter,Seraikela-Kharsawan,64
Chandil-Gamharia Range,22.9217092,85.78716630000001,4,"park, point_of_interest, establishment",hills,Jharkhand,Winter,Seraikela-Kharsawan,1040
Marich Buru HIL,22.5119143,86.0114523,5,"tourist_attraction, point_of_interest, establishment",hills,Jharkhand,Winter,Seraikela-Kharsawan,2
Sai Vihar Apartment Hill View Road Kunjnagar,22.8213827,86.17260080000001,0,"point_of_interest, establishment",hills,Jharkhand,Winter,Seraikela-Kharsawan,0
Maha Jal Waterhole,22.898202,86.19704759999999,3.3,"tourist_attraction, point_of_interest, establishment",hills,Jharkhand,Winter,Seraikela-Kharsawan,8
Vijaygiri dam,22.9521753,85.83152729999999,4.3,"tourist_attraction, point_of_interest, establishment",hills,Jharkhand,Winter,Seraikela-Kharsawan,111
Turamdih Sunset Point,22.7210072,86.18157889999999,4,"tourist_attraction, point_of_interest, establishment",hills,Jharkhand,Winter,Seraikela-Kharsawan,7
Hiking Route,22.8486109,86.2204604,4.6,"park, point_of_interest, establishment",hills,Jharkhand,Winter,Seraikela-Kharsawan,5
Dalma View Point Park,22.8192836,86.1894819,4.5,"park, point_of_interest, establishment",hills,Jharkhand,Winter,Seraikela-Kharsawan,67
Ganjia Barrage,22.7533078,86.0839819,4.2,"tourist_attraction, point_of_interest, establishment",attraction,Jharkhand,All Seasons,Seraikela-Kharsawan,813
Marine Drive Jamshedpur,22.8221983,86.1603983,4.5,"tourist_attraction, point_of_interest, establishment",attraction,Jharkhand,All Seasons,Seraikela-Kharsawan,160
Dalma Hill Top,22.8899937,86.219641,4.5,"tourist_attraction, point_of_interest, establishment",attraction,Jharkhand,All Seasons,Seraikela-Kharsawan,2915
"Sitarampur Dam, Jamshedpur",22.773101,86.10488769999999,4.2,"tourist_attraction, point_of_interest, establishment",attraction,Jharkhand,All Seasons,Seraikela-Kharsawan,332
Beldih Lake View Point,22.8051329,86.1798549,4.4,"tourist_attraction, point_of_interest, establishment",attraction,Jharkhand,All Seasons,Seraikela-Kharsawan,28
Hesakocha Waterfall,22.906295,85.937974,4.4,"tourist_attraction, point_of_interest, establishment",attraction,Jharkhand,All Seasons,Seraikela-Kharsawan,120
"Palna Dam, Jamshedpur",22.9457081,85.93538050000001,4.3,"tourist_attraction, point_of_interest, establishment",attraction,Jharkhand,All Seasons,Seraikela-Kharsawan,649
Jillinggora Tourist Place,22.7613559,86.1490311,2.3,"tourist_attraction, point_of_interest, establishment",attraction,Jharkhand,All Seasons,Seraikela-Kharsawan,4
Tumung Hill Top,22.6604668,86.1526904,4.2,"tourist_attraction, point_of_interest, establishment",attraction,Jharkhand,All Seasons,Seraikela-Kharsawan,50
Lupungutu Jharna,22.5373065,85.7705051,4.2,"tourist_attraction, point_of_interest, establishment",attraction,Jharkhand,All Seasons,Seraikela-Kharsawan,320
Magical tree,22.6181448,85.73419,5,"tourist_attraction, point_of_interest, establishment",attraction,Jharkhand,All Seasons,Seraikela-Kharsawan,4
Kamarhatu chaibasa,22.5355801,85.7958871,3.2,"tourist_attraction, point_of_interest, establishment",attraction,Jharkhand,All Seasons,Seraikela-Kharsawan,11
Mango Bridge Dam,22.8177582,86.2063573,3.6,"tourist_attraction, point_of_interest, establishment",attraction,Jharkhand,All Seasons,Seraikela-Kharsawan,23
I love Jamshedpur,22.8092834,86.1907995,4.6,"tourist_attraction, point_of_interest, establishment",attraction,Jharkhand,All Seasons,Seraikela-Kharsawan,29
Hill view point,22.663437,85.69205819999999,3,"tourist_attraction, point_of_interest, establishment",attraction,Jharkhand,All Seasons,Seraikela-Kharsawan,5
RAGHA TOURISTS PLACE,22.578908,86.02949579999999,5,"tourist_attraction, point_of_interest, establishment",attraction,Jharkhand,All Seasons,Seraikela-Kharsawan,4
WATER KINGDOM,22.5564107,85.8932859,3.6,"tourist_attraction, point_of_interest, establishment",attraction,Jharkhand,All Seasons,Seraikela-Kharsawan,15
Kala Pahar,22.8347279,86.0937505,5,"tourist_attraction, point_of_interest, establishment",attraction,Jharkhand,All Seasons,Seraikela-Kharsawan,1
Turamdih hill top view,22.7210081,86.1815747,4.2,"tourist_attraction, point_of_interest, establishment",attraction,Jharkhand,All Seasons,Seraikela-Kharsawan,43
Garakushi tungri,22.5402337,85.8115017,2,"tourist_attraction, point_of_interest, establishment",attraction,Jharkhand,All Seasons,Seraikela-Kharsawan,4
आसंगी गौड़ सेतु,22.7620494,86.13132759999999,0,"tourist_attraction, point_of_interest, establishment",attraction,Jharkhand,All Seasons,Seraikela-Kharsawan,0
Raijama ghati,22.8584549,85.8492443,3.9,"tourist_attraction, point_of_interest, establishment",attraction,Jharkhand,All Seasons,Seraikela-Kharsawan,11
Shaharbera Ghat,22.8391268,86.15840570000002,4.6,"tourist_attraction, point_of_interest, establishment",attraction,Jharkhand,All Seasons,Seraikela-Kharsawan,10
बोड़ो डुंगुर,22.685742,86.1289018,3.8,"tourist_attraction, point_of_interest, establishment",attraction,Jharkhand,All Seasons,Seraikela-Kharsawan,4
Secret waterfall,22.628737,85.7026009,4.3,"tourist_attraction, point_of_interest, establishment",attraction,Jharkhand,All Seasons,Seraikela-Kharsawan,80
Centenary Park (JMD) WNW View Point,22.7839562,86.1776637,4.5,"tourist_attraction, point_of_interest, establishment",attraction,Jharkhand,All Seasons,Seraikela-Kharsawan,10
Turamdih Sunset Point,22.7210072,86.18157889999999,4,"tourist_attraction, point_of_interest, establishment",attraction,Jharkhand,All Seasons,Seraikela-Kharsawan,7
"Dudra Dam, Jilinggora",22.7580262,86.141177,4.1,"tourist_attraction, point_of_interest, establishment",attraction,Jharkhand,All Seasons,Seraikela-Kharsawan,91
Small Dam,22.9009259,86.20392460000001,3.6,"tourist_attraction, point_of_interest, establishment",attraction,Jharkhand,All Seasons,Seraikela-Kharsawan,5
mangru dam,22.6455229,86.21853349999999,5,"tourist_attraction, point_of_interest, establishment",attraction,Jharkhand,All Seasons,Seraikela-Kharsawan,4
Chota Patratu,22.7221459,86.180925,0,"tourist_attraction, point_of_interest, establishment",attraction,Jharkhand,All Seasons,Seraikela-Kharsawan,0
Toklo View Point,22.7981649,85.6757252,3.5,"tourist_attraction, point_of_interest, establishment",attraction,Jharkhand,All Seasons,Seraikela-Kharsawan,6
Sangam river plane,22.4470411,85.97039269999999,4,"tourist_attraction, point_of_interest, establishment",attraction,Jharkhand,All Seasons,Seraikela-Kharsawan,12
Jopno waterfall,22.9593429,85.7480862,5,"tourist_attraction, point_of_interest, establishment",attraction,Jharkhand,All Seasons,Seraikela-Kharsawan,2
Surjabasa mini waterfall,22.4679185,85.76231960000001,4.4,"tourist_attraction, point_of_interest, establishment",attraction,Jharkhand,All Seasons,Seraikela-Kharsawan,14
ARUWAN Dam,22.8096512,85.7836157,3.6,"tourist_attraction, point_of_interest, establishment",attraction,Jharkhand,All Seasons,Seraikela-Kharsawan,8
Domuhani River Meet Point,22.8357575,86.1608952,4.4,"tourist_attraction, point_of_interest, establishment",attraction,Jharkhand,All Seasons,Seraikela-Kharsawan,114
Bijli Ghati Waterfall,22.908396,86.192759,4.2,"tourist_attraction, point_of_interest, establishment",attraction,Jharkhand,All Seasons,Seraikela-Kharsawan,65
Pindrabera FRH Watch Tower,22.8940408,86.1967755,4.5,"tourist_attraction, point_of_interest, establishment",attraction,Jharkhand,All Seasons,Seraikela-Kharsawan,15
Ganjia Bridge,22.7526511,86.0840925,4.3,"tourist_attraction, point_of_interest, establishment",attraction,Jharkhand,All Seasons,Seraikela-Kharsawan,100
Joyda mandir Picnic Spot,22.9459891,86.0093551,4.6,"tourist_attraction, point_of_interest, establishment",attraction,Jharkhand,All Seasons,Seraikela-Kharsawan,141
AGNI,22.8105571,86.1958645,4.6,"tourist_attraction, point_of_interest, establishment",attraction,Jharkhand,All Seasons,Seraikela-Kharsawan,81
"Manikui Railway bridge, Sunrise View point",22.8996815,86.070945,4,"tourist_attraction, point_of_interest, establishment",attraction,Jharkhand,All Seasons,Seraikela-Kharsawan,2
SINGLE PICNIC SPOT,22.938677,85.94861499999999,0,"tourist_attraction, point_of_interest, establishment",attraction,Jharkhand,All Seasons,Seraikela-Kharsawan,0
Sangam Picnic Spot,22.4529521,85.9655677,4.2,"tourist_attraction, point_of_interest, establishment",attraction,Jharkhand,All Seasons,Seraikela-Kharsawan,163
Durduri Waterfall,22.9408502,85.87449699999999,4.3,"tourist_attraction, point_of_interest, establishment",attraction,Jharkhand,All Seasons,Seraikela-Kharsawan,19
Kaseya,22.4834574,85.8012566,0,"tourist_attraction, point_of_interest, establishment",attraction,Jharkhand,All Seasons,Seraikela-Kharsawan,0
"New watch tower, Dalma hill top",22.890786,86.2192199,4.3,"tourist_attraction, point_of_interest, establishment",attraction,Jharkhand,All Seasons,Seraikela-Kharsawan,3
Bolbam kamat,22.7644692,86.22198569999999,3.8,"tourist_attraction, point_of_interest, establishment",attraction,Jharkhand,All Seasons,Seraikela-Kharsawan,5
Satnala Backwater,22.8720352,86.16635959999999,4.2,"tourist_attraction, point_of_interest, establishment",attraction,Jharkhand,All Seasons,Seraikela-Kharsawan,30
SERENG DA WATERFALL,22.9570874,85.7187582,5,"tourist_attraction, point_of_interest, establishment",attraction,Jharkhand,All Seasons,Seraikela-Kharsawan,1
Thakur jee pathak,22.7726317,86.19269249999999,5,"tourist_attraction, point_of_interest, establishment",attraction,Jharkhand,All Seasons,Seraikela-Kharsawan,18
Picnic Spot,22.4850889,85.9614462,4.2,"tourist_attraction, point_of_interest, establishment",attraction,Jharkhand,All Seasons,Seraikela-Kharsawan,17
Kanki picnic Spot,22.6014378,85.8621981,3.9,"tourist_attraction, point_of_interest, establishment",attraction,Jharkhand,All Seasons,Seraikela-Kharsawan,11
Picnic spot,22.609419,85.84365799999999,3.8,"tourist_attraction, point_of_interest, establishment",attraction,Jharkhand,All Seasons,Seraikela-Kharsawan,10
Maha Jal Waterhole,22.898202,86.19704759999999,3.3,"tourist_attraction, point_of_interest, establishment",attraction,Jharkhand,All Seasons,Seraikela-Kharsawan,8
"Rose Hill, Janta",22.791245,85.6545877,5,"tourist_attraction, point_of_interest, establishment",attraction,Jharkhand,All Seasons,Seraikela-Kharsawan,1
"Kanderbera picnic spot, Jamshedpur",22.8847804,86.1303885,4.1,"tourist_attraction, point_of_interest, establishment",attraction,Jharkhand,All Seasons,Seraikela-Kharsawan,27
Kacha Bagan Picnic Spot,22.7584619,86.1659981,4.4,"tourist_attraction, point_of_interest, establishment",attraction,Jharkhand,All Seasons,Seraikela-Kharsawan,12
Pullingo(chapri) sitting place,22.7627803,86.1867967,5,"tourist_attraction, point_of_interest, establishment",attraction,Jharkhand,All Seasons,Seraikela-Kharsawan,1
SMART PARK BIRMITRAPUR MUNICIPALITY,22.3876223,84.72090299999999,4,"park, point_of_interest, establishment",parks,Jharkhand,Spring,Simdega,31
Fitness park,22.3940371,84.7366067,4.4,"park, point_of_interest, establishment",parks,Jharkhand,Spring,Simdega,5
Kelaghagh Park,22.5923545,84.520365,4,"park, point_of_interest, establishment",parks,Jharkhand,Spring,Simdega,21
Park,22.6129171,84.4932113,4.1,"park, point_of_interest, establishment",parks,Jharkhand,Spring,Simdega,10
Jai Prakash Park,22.6130852,84.4983826,3.9,"park, point_of_interest, establishment",parks,Jharkhand,Spring,Simdega,23
Park park,22.620816,84.50481049999999,5,"park, point_of_interest, establishment",parks,Jharkhand,Spring,Simdega,1
Kelaghat dam simdega,22.5927347,84.5201245,4,"park, point_of_interest, establishment",parks,Jharkhand,Spring,Simdega,20
SOHRAI PARK,22.8507267,84.30794949999999,5,"park, point_of_interest, establishment",parks,Jharkhand,Spring,Simdega,2
Palkot Wildlife Sanctuary,22.8178524,84.55608869999999,4.4,"tourist_attraction, zoo, park, point_of_interest, establishment",parks,Jharkhand,Spring,Simdega,18
Kelaghagh Dam,22.5927005,84.5217608,4.3,"tourist_attraction, point_of_interest, establishment",parks,Jharkhand,Spring,Simdega,511
Unnati pig farm,22.8631875,84.6589375,0,"park, point_of_interest, establishment",parks,Jharkhand,Spring,Simdega,0
J.J.S.mango garden,22.756032,84.71606899999999,0,"park, point_of_interest, establishment",parks,Jharkhand,Spring,Simdega,0
Atal bihari vajpayee park,22.6133396,84.5018278,0,"park, point_of_interest, establishment",parks,Jharkhand,Spring,Simdega,0
Pirya Minz,22.8352109,84.78365869999999,3,"park, point_of_interest, establishment",parks,Jharkhand,Spring,Simdega,1
RK Farmhouse,22.5812666,84.453643,5,"park, point_of_interest, establishment",parks,Jharkhand,Spring,Simdega,2
Basatpur horbora,22.7273112,84.40639689999999,0,"park, point_of_interest, establishment",parks,Jharkhand,Spring,Simdega,0
Bijash singh,22.4999093,84.514354,0,"park, point_of_interest, establishment",parks,Jharkhand,Spring,Simdega,0
Palkot,22.8727059,84.6453489,4.2,"campground, park, lodging, point_of_interest, establishment",parks,Jharkhand,Spring,Simdega,25
Nanesara,22.6151138,84.4959985,0,"park, point_of_interest, establishment",parks,Jharkhand,Spring,Simdega,0
Basatpur horbora picnik group,22.7258031,84.4088032,0,"park, point_of_interest, establishment",parks,Jharkhand,Spring,Simdega,0
New Jhunmur Forest,22.3430267,84.6209877,5,"park, point_of_interest, establishment",parks,Jharkhand,Spring,Simdega,1
Firu Minj,22.8386524,84.7797341,0,"park, point_of_interest, establishment",parks,Jharkhand,Spring,Simdega,0
Ton,22.6091999,84.5170843,0,"park, point_of_interest, establishment",parks,Jharkhand,Spring,Simdega,0
महादान पहाड़,22.8447994,84.4182761,3,"park, point_of_interest, establishment",parks,Jharkhand,Spring,Simdega,2
Bodra,22.7004696,84.6936702,0,"park, point_of_interest, establishment",parks,Jharkhand,Spring,Simdega,0
Apna adda,22.6769652,84.69819609999999,0,"park, point_of_interest, establishment",parks,Jharkhand,Spring,Simdega,0
Nandu Gope,22.8338983,84.7847417,0,"park, point_of_interest, establishment",parks,Jharkhand,Spring,Simdega,0
Kachhap pig farm,22.8631875,84.6589375,0,"park, point_of_interest, establishment",parks,Jharkhand,Spring,Simdega,0
Ganjhu bagicha,22.6724445,84.3012272,5,"park, point_of_interest, establishment",parks,Jharkhand,Spring,Simdega,1
Simdega,22.6133396,84.5018278,0,"park, point_of_interest, establishment",parks,Jharkhand,Spring,Simdega,0
Agin kund,22.7882612,84.3986956,0,"park, point_of_interest, establishment",parks,Jharkhand,Spring,Simdega,0
Dumardih Farm,22.7169036,84.2997188,0,"park, point_of_interest, establishment",parks,Jharkhand,Spring,Simdega,0
Kormiya Bagicha Toli,22.4556872,84.4000676,5,"park, point_of_interest, establishment",parks,Jharkhand,Spring,Simdega,2
स्वर्गीय हरिशंकर साहू का आम बगीचा,22.5562417,84.473205,4.5,"park, point_of_interest, establishment",parks,Jharkhand,Spring,Simdega,4
Ghosra Pahar,22.631221,84.5352301,0,"park, point_of_interest, establishment",parks,Jharkhand,Spring,Simdega,0
sunset view point koyanardar,22.8297103,84.5515222,5,"park, point_of_interest, establishment",parks,Jharkhand,Spring,Simdega,1
Sahilata forest,22.4284409,84.7564641,0,"park, point_of_interest, establishment",parks,Jharkhand,Spring,Simdega,0
Jolongbira Forest,22.3552313,84.7231209,4,"park, point_of_interest, establishment",parks,Jharkhand,Spring,Simdega,1
chaddi pahad,22.757453,84.2202178,4.6,"park, point_of_interest, establishment",parks,Jharkhand,Spring,Simdega,5
Home,22.3987609,84.22530660000001,0,"park, point_of_interest, establishment",parks,Jharkhand,Spring,Simdega,0
Maikel bhanwara,22.4539471,84.7688489,5,"park, point_of_interest, establishment",parks,Jharkhand,Spring,Simdega,1
Aam ped,22.6492631,84.36734829999999,5,"park, point_of_interest, establishment",parks,Jharkhand,Spring,Simdega,1
Golden Hill Lalikhaman,22.3786606,84.78750459999999,5,"park, point_of_interest, establishment",parks,Jharkhand,Spring,Simdega,2
Ronya Toli,22.4536372,84.4037208,3,"park, point_of_interest, establishment",parks,Jharkhand,Spring,Simdega,1
Beshrapada pendal,22.3534449,84.7695224,3,"park, point_of_interest, establishment",parks,Jharkhand,Spring,Simdega,1
TONGRI (SUNSET POINT),22.5016365,84.5002994,4.5,"park, point_of_interest, establishment",parks,Jharkhand,Spring,Simdega,2
G-SPOT,22.4092103,84.7312721,0,"park, point_of_interest, establishment",parks,Jharkhand,Spring,Simdega,0
Sursang Bantoli सुरसांग बनटोली,22.8504898,84.4330214,4,"park, point_of_interest, establishment",parks,Jharkhand,Spring,Simdega,1
Simdega-Kutra Mod,22.4836716,84.521,4,"park, point_of_interest, establishment",parks,Jharkhand,Spring,Simdega,8
Mahuwa chatan,22.6763725,84.7441394,4.5,"park, point_of_interest, establishment",parks,Jharkhand,Spring,Simdega,2
Aara Pahad,22.8027572,84.2801564,3.5,"park, point_of_interest, establishment",parks,Jharkhand,Spring,Simdega,2
Ambatoli अंबाटोली,22.8767041,84.642617,3,"park, point_of_interest, establishment",parks,Jharkhand,Spring,Simdega,2
Allu pahad,22.5088206,84.2663606,5,"park, point_of_interest, establishment",parks,Jharkhand,Spring,Simdega,1
Jannat white rock khelagagh,22.5927347,84.5201245,4.5,"park, point_of_interest, establishment",parks,Jharkhand,Spring,Simdega,2
Palkot,22.8712511,84.6476429,2,"park, point_of_interest, establishment",parks,Jharkhand,Spring,Simdega,3
Tilaijhara More,22.536763,84.679439,5,"campground, park, lodging, point_of_interest, establishment",parks,Jharkhand,Spring,Simdega,2
Simdega nursery,22.6371796,84.4916087,5,"park, point_of_interest, establishment",parks,Jharkhand,Spring,Simdega,3
NAVIN'S FOREST,22.8685299,84.67477110000002,0,"park, point_of_interest, establishment",parks,Jharkhand,Spring,Simdega,0
Koromia Balsera,22.4271875,84.3858125,3.5,"park, point_of_interest, establishment",parks,Jharkhand,Spring,Simdega,4
कुवां बारी,22.8510076,84.40241449999999,2,"park, point_of_interest, establishment",parks,Jharkhand,Spring,Simdega,2
Salajan Babu,22.4486183,84.59116829999999,0,"museum, point_of_interest, establishment",museum,Jharkhand,Winter,Simdega,0
GHURAN GHURAN,22.5970629,84.4863653,4,"museum, point_of_interest, establishment",museum,Jharkhand,Winter,Simdega,1
Himanshu house,22.8765402,84.6397296,0,"museum, point_of_interest, establishment",museum,Jharkhand,Winter,Simdega,0
Lalaikhaman Waterfall,22.3837174,84.7808816,3.5,"tourist_attraction, point_of_interest, establishment",waterfalls,Jharkhand,Monsoon,Simdega,30
Rani Dah Waterfall,22.817107,84.2316091,4.2,"tourist_attraction, point_of_interest, establishment",waterfalls,Jharkhand,Monsoon,Simdega,705
Dangadi waterfall,22.4715756,84.2901141,4.3,"tourist_attraction, point_of_interest, establishment",waterfalls,Jharkhand,Monsoon,Simdega,187
Samir Waterfall,22.365404,84.711545,4,"tourist_attraction, point_of_interest, establishment",waterfalls,Jharkhand,Monsoon,Simdega,35
Sundridih Waterfall,22.8503961,84.5404903,3.8,"tourist_attraction, point_of_interest, establishment",waterfalls,Jharkhand,Monsoon,Simdega,39
Jolaingbira waterfall Birmitrapur,22.3856525,84.77999109999999,3.3,"tourist_attraction, point_of_interest, establishment",waterfalls,Jharkhand,Monsoon,Simdega,16
"Nanesera Waterfall , Simdega",22.6855543,84.3800241,4.2,"tourist_attraction, point_of_interest, establishment",waterfalls,Jharkhand,Monsoon,Simdega,12
Ghagri water fall,22.4113853,84.34596409999999,4.6,"tourist_attraction, point_of_interest, establishment",waterfalls,Jharkhand,Monsoon,Simdega,11
Kelaghagh Dam,22.5927005,84.5217608,4.3,"tourist_attraction, point_of_interest, establishment",waterfalls,Jharkhand,Monsoon,Simdega,511
BAGHLATA waterfall,22.6324765,84.4522121,5,"tourist_attraction, point_of_interest, establishment",waterfalls,Jharkhand,Monsoon,Simdega,1
Kelaghat Dam Trail,22.5949253,84.52249789999999,4.3,"tourist_attraction, point_of_interest, establishment",waterfalls,Jharkhand,Monsoon,Simdega,37
Gadh Pahad,22.8334536,84.2624106,4.2,"tourist_attraction, point_of_interest, establishment",waterfalls,Jharkhand,Monsoon,Simdega,5
Sarda dham waterfall,22.7312875,84.2304219,0,"park, point_of_interest, establishment",waterfalls,Jharkhand,Monsoon,Simdega,0
Sakia Dam,22.7954141,84.7839691,3.7,"tourist_attraction, point_of_interest, establishment",waterfalls,Jharkhand,Monsoon,Simdega,41
Gugun waterfall,22.4321327,84.69608699999999,5,"point_of_interest, establishment",waterfalls,Jharkhand,Monsoon,Simdega,2
Ambapani picnic place,22.4350268,84.5311327,4.1,"tourist_attraction, point_of_interest, establishment",waterfalls,Jharkhand,Monsoon,Simdega,21
Simdega Beach,22.62739,84.4320369,4.2,"natural_feature, establishment",beaches,Jharkhand,Summer,Simdega,49
Palkot Wildlife Sanctuary,22.8178524,84.55608869999999,4.4,"tourist_attraction, zoo, park, point_of_interest, establishment",zoo,Jharkhand,Winter,Simdega,18
श्री नर्मदेश्वर शिव मंदिर,22.5312314,84.23697419999999,5,"hindu_temple, place_of_worship, point_of_interest, establishment",temples,Jharkhand,All Seasons,Simdega,1
Shiv Temple,22.6161324,84.4905071,3.9,"hindu_temple, place_of_worship, point_of_interest, establishment",temples,Jharkhand,All Seasons,Simdega,15
Devgaon Temple,22.8104275,84.71497339999999,4.5,"hindu_temple, place_of_worship, point_of_interest, establishment",temples,Jharkhand,All Seasons,Simdega,28
Shiv Mandir,22.7662462,84.795822,4.2,"hindu_temple, place_of_worship, point_of_interest, establishment",temples,Jharkhand,All Seasons,Simdega,6
दुर्गा मंडप रूसु,22.5420844,84.2424131,5,"hindu_temple, place_of_worship, point_of_interest, establishment",temples,Jharkhand,All Seasons,Simdega,5
Sri Sri 108 Raoneshwar Baidhanath Mandir,22.4034387,84.735739,5,"hindu_temple, place_of_worship, point_of_interest, establishment",temples,Jharkhand,All Seasons,Simdega,4
"Hanuman Mandir, Karamtoli",22.6694949,84.29194369999999,4.9,"hindu_temple, place_of_worship, point_of_interest, establishment",temples,Jharkhand,All Seasons,Simdega,7
Jagannath mandir,22.6871288,84.5088778,5,"hindu_temple, place_of_worship, point_of_interest, establishment",temples,Jharkhand,All Seasons,Simdega,1
"Santoshi, Parlour",22.6116887,84.50216669999999,4.1,"hindu_temple, place_of_worship, point_of_interest, establishment",temples,Jharkhand,All Seasons,Simdega,16
Karangagudi Mahadev Mandir,22.6394856,84.2635308,4.5,"hindu_temple, place_of_worship, point_of_interest, establishment",temples,Jharkhand,All Seasons,Simdega,11
Pampa Bhawani Temple palkot jharkhand,22.8731791,84.62618049999999,4.3,"hindu_temple, place_of_worship, point_of_interest, establishment",temples,Jharkhand,All Seasons,Simdega,23
MAA VANDURGE TEMPLE,22.480123,84.223857,4.4,"hindu_temple, place_of_worship, point_of_interest, establishment",temples,Jharkhand,All Seasons,Simdega,36
Budha Mahadeo,22.8727619,84.6400748,3.7,"hindu_temple, place_of_worship, point_of_interest, establishment",temples,Jharkhand,All Seasons,Simdega,11
Maa VanDurga Temple,22.686963,84.55196749999999,4,"hindu_temple, place_of_worship, point_of_interest, establishment",temples,Jharkhand,All Seasons,Simdega,2
Hanuman Temple,22.6223622,84.4883514,5,"hindu_temple, place_of_worship, point_of_interest, establishment",temples,Jharkhand,All Seasons,Simdega,1
Dasbhuja Temple,22.8751272,84.63933229999999,4.3,"hindu_temple, place_of_worship, point_of_interest, establishment",temples,Jharkhand,All Seasons,Simdega,31
Khijri_Nawatoli_The_Village_Of_Love,22.6096695,84.4607734,5,"hindu_temple, place_of_worship, point_of_interest, establishment",temples,Jharkhand,All Seasons,Simdega,1
Shiv Mandir,22.496191,84.5092801,4.6,"hindu_temple, place_of_worship, point_of_interest, establishment",temples,Jharkhand,All Seasons,Simdega,10
Sarna Temple,22.6153607,84.52283349999999,4.5,"hindu_temple, place_of_worship, point_of_interest, establishment",temples,Jharkhand,All Seasons,Simdega,23
"Bajrangbali temple ( yag Pandal) Kole daffai, Birmitrapur",22.4084062,84.73427769999999,3.7,"hindu_temple, place_of_worship, point_of_interest, establishment",temples,Jharkhand,All Seasons,Simdega,3
Jagarnath Temple Salabgabhal,22.3550741,84.5176939,5,"hindu_temple, place_of_worship, point_of_interest, establishment",temples,Jharkhand,All Seasons,Simdega,2
Hanuman Temple Barhabas Birmitrapur,22.4032077,84.76498749999999,5,"hindu_temple, place_of_worship, point_of_interest, establishment",temples,Jharkhand,All Seasons,Simdega,2
Shree Hanuman mandir,22.7650593,84.7909583,4.1,"hindu_temple, place_of_worship, point_of_interest, establishment",temples,Jharkhand,All Seasons,Simdega,9
Jagannath Temple,22.6866278,84.5499943,4.5,"hindu_temple, place_of_worship, point_of_interest, establishment",temples,Jharkhand,All Seasons,Simdega,10
Jaleshwari Nath,22.7343031,84.53032669999999,5,"hindu_temple, place_of_worship, point_of_interest, establishment",temples,Jharkhand,All Seasons,Simdega,1
Bhawar Pahar Temple,22.7080218,84.67891039999999,4.1,"hindu_temple, place_of_worship, point_of_interest, establishment",temples,Jharkhand,All Seasons,Simdega,13
Pahadi Baba Temple,22.4132813,84.7297559,4.4,"hindu_temple, place_of_worship, point_of_interest, establishment",temples,Jharkhand,All Seasons,Simdega,33
Radha krishna temple,22.5810878,84.4973388,4.8,"hindu_temple, place_of_worship, point_of_interest, establishment",temples,Jharkhand,All Seasons,Simdega,4
Jagannath Temple,22.5792586,84.4971197,4.9,"hindu_temple, place_of_worship, point_of_interest, establishment",temples,Jharkhand,All Seasons,Simdega,14
devi guri Temple,22.6170844,84.5120377,4.3,"hindu_temple, place_of_worship, point_of_interest, establishment",temples,Jharkhand,All Seasons,Simdega,29
PKL SHIV TEMPLE,22.3545953,84.7744879,5,"hindu_temple, place_of_worship, point_of_interest, establishment",temples,Jharkhand,All Seasons,Simdega,2
"Samaleswari Temple, Birmitrapur",22.4079729,84.7309274,4.3,"hindu_temple, place_of_worship, point_of_interest, establishment",temples,Jharkhand,All Seasons,Simdega,16
Bhawar Pahar Temple,22.6975764,84.6989096,4.6,"hindu_temple, place_of_worship, point_of_interest, establishment",temples,Jharkhand,All Seasons,Simdega,28
Bandurga Bolba,22.4800955,84.2238052,4.7,"hindu_temple, place_of_worship, point_of_interest, establishment",temples,Jharkhand,All Seasons,Simdega,39
Shiv Temple,22.6242505,84.49896559999999,4.4,"hindu_temple, place_of_worship, point_of_interest, establishment",temples,Jharkhand,All Seasons,Simdega,8
Kaali Mandir,22.8853894,84.6443884,4.1,"hindu_temple, place_of_worship, point_of_interest, establishment",temples,Jharkhand,All Seasons,Simdega,15
Jagarnath temple,22.3903348,84.61253540000001,5,"hindu_temple, place_of_worship, point_of_interest, establishment",temples,Jharkhand,All Seasons,Simdega,1
Rani Sati Mandir,22.4038734,84.731947,4.5,"hindu_temple, place_of_worship, point_of_interest, establishment",temples,Jharkhand,All Seasons,Simdega,1002
Shiv temple,22.4056241,84.71975909999999,5,"hindu_temple, place_of_worship, point_of_interest, establishment",temples,Jharkhand,All Seasons,Simdega,1
Hanuman Mandir,22.6189058,84.5026115,4.4,"hindu_temple, place_of_worship, point_of_interest, establishment",temples,Jharkhand,All Seasons,Simdega,18
Temple,22.4155395,84.2576349,0,"hindu_temple, place_of_worship, point_of_interest, establishment",temples,Jharkhand,All Seasons,Simdega,0
महावीर चौक (Pandripani),22.5498331,84.511614,5,"hindu_temple, place_of_worship, point_of_interest, establishment",temples,Jharkhand,All Seasons,Simdega,1
Group of Temples at Devgan,22.8100623,84.7143189,0,"hindu_temple, place_of_worship, point_of_interest, establishment",temples,Jharkhand,All Seasons,Simdega,0
Sankheswar Mahadev Temple,22.3490014,84.4956215,5,"hindu_temple, place_of_worship, point_of_interest, establishment",temples,Jharkhand,All Seasons,Simdega,3
"Shree Shyam Temple ,Simdega",22.6099582,84.502684,0,"hindu_temple, place_of_worship, point_of_interest, establishment",temples,Jharkhand,All Seasons,Simdega,0
"Pahadi Mandir, Sareidhipa, Bankuba",22.4291975,84.7654226,5,"hindu_temple, place_of_worship, point_of_interest, establishment",temples,Jharkhand,All Seasons,Simdega,1
Devi Maa Temple,22.5284526,84.22898800000002,5,"hindu_temple, place_of_worship, point_of_interest, establishment",temples,Jharkhand,All Seasons,Simdega,1
Nawatoli chouk,22.6881715,84.6793883,5,"hindu_temple, place_of_worship, point_of_interest, establishment",temples,Jharkhand,All Seasons,Simdega,1
Sharda Dham,22.7316192,84.2302435,4.4,"hindu_temple, place_of_worship, point_of_interest, establishment",temples,Jharkhand,All Seasons,Simdega,14
Simdega,22.6166049,84.4861,4.7,"hindu_temple, place_of_worship, point_of_interest, establishment",temples,Jharkhand,All Seasons,Simdega,3
Shiv Mandir Bangru,22.6410172,84.5188147,5,"hindu_temple, place_of_worship, point_of_interest, establishment",temples,Jharkhand,All Seasons,Simdega,7
Ma Durga Temple,22.6865305,84.3029639,5,"hindu_temple, place_of_worship, point_of_interest, establishment",temples,Jharkhand,All Seasons,Simdega,1
Ghujhariya,22.6696672,84.27265059999999,5,"hindu_temple, place_of_worship, point_of_interest, establishment",temples,Jharkhand,All Seasons,Simdega,2
"Baba Jaleswar Dham, Dumangdiri",22.3766678,84.7920319,5,"hindu_temple, place_of_worship, point_of_interest, establishment",temples,Jharkhand,All Seasons,Simdega,5
"Shiv, Temple",22.6146742,84.49590309999999,3,"hindu_temple, place_of_worship, point_of_interest, establishment",temples,Jharkhand,All Seasons,Simdega,1
Mahadev mandir,22.6867526,84.50742269999999,5,"hindu_temple, place_of_worship, point_of_interest, establishment",temples,Jharkhand,All Seasons,Simdega,1
MAA MANGALA MANDIR,22.408241,84.7291742,4.4,"hindu_temple, place_of_worship, point_of_interest, establishment",temples,Jharkhand,All Seasons,Simdega,5
"Devigudi ,chandtangar",22.6848985,84.296827,5,"hindu_temple, place_of_worship, point_of_interest, establishment",temples,Jharkhand,All Seasons,Simdega,1
Shri Shiva temple Masekrra,22.6853762,84.3442654,0,"hindu_temple, place_of_worship, point_of_interest, establishment",temples,Jharkhand,All Seasons,Simdega,0
Panchmukhi Hanuman Gupha,22.8731948,84.6355954,4.5,"hindu_temple, place_of_worship, point_of_interest, establishment",temples,Jharkhand,All Seasons,Simdega,11
Palkot Hills Station,22.8807197,84.6339933,4.6,"point_of_interest, establishment",hills,Jharkhand,Winter,Simdega,17
Gobardhasa Hills,22.6910273,84.6719081,4.5,"tourist_attraction, point_of_interest, establishment",hills,Jharkhand,Winter,Simdega,11
Tetra Hill,22.8729659,84.7510836,4,"point_of_interest, establishment",hills,Jharkhand,Winter,Simdega,2
Biru Hill Station,22.6901157,84.5528013,4,"point_of_interest, establishment",hills,Jharkhand,Winter,Simdega,6
Heaven Hill simdega,22.7627339,84.4228828,4.3,"tourist_attraction, point_of_interest, establishment",hills,Jharkhand,Winter,Simdega,3
Golden Hill Lalikhaman,22.3786606,84.78750459999999,5,"park, point_of_interest, establishment",hills,Jharkhand,Winter,Simdega,2
Hill Station,22.4063088,84.73460610000001,0,"store, point_of_interest, food, establishment",hills,Jharkhand,Winter,Simdega,0
Hill Cross,22.4294692,84.67795989999999,5,"tourist_attraction, point_of_interest, establishment",hills,Jharkhand,Winter,Simdega,1
Kardega hill,22.4111472,84.77825299999999,0,"tourist_attraction, point_of_interest, establishment",hills,Jharkhand,Winter,Simdega,0
HILLVIEW PUBLIC SCHOOL SIMDEGA,22.6130278,84.4812786,4.5,"school, point_of_interest, establishment",hills,Jharkhand,Winter,Simdega,53
Kanjoga Top Hill View,22.7510458,84.76085789999999,4,"point_of_interest, establishment",hills,Jharkhand,Winter,Simdega,1
BOKBA HILLS,22.6816188,84.70844050000001,5,"tourist_attraction, point_of_interest, establishment",hills,Jharkhand,Winter,Simdega,1
Top hills Bangru,22.6367085,84.5195974,0,"bar, point_of_interest, establishment",hills,Jharkhand,Winter,Simdega,0
Village hills,22.6357437,84.5299301,0,"bar, point_of_interest, establishment",hills,Jharkhand,Winter,Simdega,0
Kolebira dam,22.6981926,84.705888,3.9,"tourist_attraction, point_of_interest, establishment",hills,Jharkhand,Winter,Simdega,25
Kelaghagh Park,22.5923545,84.520365,4,"park, point_of_interest, establishment",hills,Jharkhand,Winter,Simdega,21
Samir Waterfall,22.365404,84.711545,4,"tourist_attraction, point_of_interest, establishment",attraction,Jharkhand,All Seasons,Simdega,35
Rani Dah Waterfall,22.817107,84.2316091,4.2,"tourist_attraction, point_of_interest, establishment",attraction,Jharkhand,All Seasons,Simdega,705
Kelaghagh Dam,22.5927005,84.5217608,4.3,"tourist_attraction, point_of_interest, establishment",attraction,Jharkhand,All Seasons,Simdega,511
Dangadi waterfall,22.4715756,84.2901141,4.3,"tourist_attraction, point_of_interest, establishment",attraction,Jharkhand,All Seasons,Simdega,187
Lalaikhaman Waterfall,22.3837174,84.7808816,3.5,"tourist_attraction, point_of_interest, establishment",attraction,Jharkhand,All Seasons,Simdega,30
Kelaghat Dam Trail,22.5949253,84.52249789999999,4.3,"tourist_attraction, point_of_interest, establishment",attraction,Jharkhand,All Seasons,Simdega,37
Lalaikhaman Pahad,22.3809858,84.7845857,5,"tourist_attraction, point_of_interest, establishment",attraction,Jharkhand,All Seasons,Simdega,5
Gobardhasa Hills,22.6910273,84.6719081,4.5,"tourist_attraction, point_of_interest, establishment",attraction,Jharkhand,All Seasons,Simdega,11
Vinland,22.3806947,84.785842,5,"tourist_attraction, point_of_interest, establishment",attraction,Jharkhand,All Seasons,Simdega,2
Takba lake,22.673148,84.7256381,4.8,"tourist_attraction, point_of_interest, establishment",attraction,Jharkhand,All Seasons,Simdega,5
Daabu dhoda,22.5992006,84.5209883,5,"tourist_attraction, point_of_interest, establishment",attraction,Jharkhand,All Seasons,Simdega,3
Sankh Bridge,22.3741627,84.48454679999999,0,"tourist_attraction, point_of_interest, establishment",attraction,Jharkhand,All Seasons,Simdega,0
Gobar Pahar,22.7024579,84.7067319,5,"tourist_attraction, point_of_interest, establishment",attraction,Jharkhand,All Seasons,Simdega,2
Kolebira dam,22.6981926,84.705888,3.9,"tourist_attraction, point_of_interest, establishment",attraction,Jharkhand,All Seasons,Simdega,25
Koel Bridge,22.3741373,84.4844308,0,"tourist_attraction, point_of_interest, establishment",attraction,Jharkhand,All Seasons,Simdega,0
Ambapani picnic place,22.4350268,84.5311327,4.1,"tourist_attraction, point_of_interest, establishment",attraction,Jharkhand,All Seasons,Simdega,21
Sundridih Waterfall,22.8503961,84.5404903,3.8,"tourist_attraction, point_of_interest, establishment",attraction,Jharkhand,All Seasons,Simdega,39
Kansbahal lake view point,22.4144098,84.6949906,4.1,"tourist_attraction, point_of_interest, establishment",attraction,Jharkhand,All Seasons,Simdega,22
Rock on Rock,22.8830052,84.6509631,4.6,"tourist_attraction, point_of_interest, establishment",attraction,Jharkhand,All Seasons,Simdega,21
Gadh Pahad,22.8334536,84.2624106,4.2,"tourist_attraction, point_of_interest, establishment",attraction,Jharkhand,All Seasons,Simdega,5
patpahar mines,22.4095761,84.7482569,3.3,"tourist_attraction, point_of_interest, establishment",attraction,Jharkhand,All Seasons,Simdega,4
Forest,22.6133396,84.5018278,0,"tourist_attraction, point_of_interest, establishment",attraction,Jharkhand,All Seasons,Simdega,0
Bambalkera,22.7988132,84.3438962,5,"tourist_attraction, point_of_interest, establishment",attraction,Jharkhand,All Seasons,Simdega,1
Putrikhaman Dam,22.34594,84.785096,5,"tourist_attraction, point_of_interest, establishment",attraction,Jharkhand,All Seasons,Simdega,1
Mararoma Dam,22.4660115,84.3437194,2.7,"tourist_attraction, point_of_interest, establishment",attraction,Jharkhand,All Seasons,Simdega,3
Panisani DAM,22.816951,84.627239,3.3,"tourist_attraction, point_of_interest, establishment",attraction,Jharkhand,All Seasons,Simdega,9
Beshrapada mines,22.357395,84.768244,0,"tourist_attraction, point_of_interest, establishment",attraction,Jharkhand,All Seasons,Simdega,0
goppur picnic spot discover by minaketan,22.3799538,84.58577869999999,0,"tourist_attraction, point_of_interest, establishment",attraction,Jharkhand,All Seasons,Simdega,0
DUWAR SINI,22.379243,84.58533969999999,4.2,"tourist_attraction, point_of_interest, establishment",attraction,Jharkhand,All Seasons,Simdega,9
Ghagri water fall,22.4113853,84.34596409999999,4.6,"tourist_attraction, point_of_interest, establishment",attraction,Jharkhand,All Seasons,Simdega,11
Jolaingbira waterfall Birmitrapur,22.3856525,84.77999109999999,3.3,"tourist_attraction, point_of_interest, establishment",attraction,Jharkhand,All Seasons,Simdega,16
Gurunda Ghagh kolebira simdega jharkhand,22.700406,84.707938,3.3,"tourist_attraction, point_of_interest, establishment",attraction,Jharkhand,All Seasons,Simdega,4
Rajadera picnic spot near Awrabahar,22.4639291,84.4868273,4.4,"tourist_attraction, point_of_interest, establishment",attraction,Jharkhand,All Seasons,Simdega,19
Kairbera Dam,22.7174494,84.33922539999999,4.4,"tourist_attraction, point_of_interest, establishment",attraction,Jharkhand,All Seasons,Simdega,48
बंगरू पहाड़,22.6293729,84.5344724,4.5,"tourist_attraction, point_of_interest, establishment",attraction,Jharkhand,All Seasons,Simdega,4
JAI JAGARNATH TENT HAUSE BOLBA,22.429846,84.3440512,5,"tourist_attraction, point_of_interest, establishment",attraction,Jharkhand,All Seasons,Simdega,3
Picnic area,22.7071681,84.6835771,3,"tourist_attraction, point_of_interest, establishment",attraction,Jharkhand,All Seasons,Simdega,4
जलेबी मोड़,22.6659093,84.6213515,4,"tourist_attraction, point_of_interest, establishment",attraction,Jharkhand,All Seasons,Simdega,2
पाईकपारा पहान टोली चौंक,22.5550592,84.3110916,3.5,"tourist_attraction, point_of_interest, establishment",attraction,Jharkhand,All Seasons,Simdega,2
Eraap Dam,22.7004601,84.50060649999999,5,"tourist_attraction, point_of_interest, establishment",attraction,Jharkhand,All Seasons,Simdega,2
Gobardhasa Lake,22.6931897,84.67732319999999,4.8,"tourist_attraction, point_of_interest, establishment",attraction,Jharkhand,All Seasons,Simdega,9
Kairbera dam longepani,22.733855,84.3318741,1,"tourist_attraction, point_of_interest, establishment",attraction,Jharkhand,All Seasons,Simdega,1
Larba dam,22.7451404,84.7131501,4.1,"tourist_attraction, point_of_interest, establishment",attraction,Jharkhand,All Seasons,Simdega,21
Sakia Dam,22.7954141,84.7839691,3.7,"tourist_attraction, point_of_interest, establishment",attraction,Jharkhand,All Seasons,Simdega,41
Kelaghat Nahar Viewpoint,22.5857969,84.5234744,2.5,"tourist_attraction, point_of_interest, establishment",attraction,Jharkhand,All Seasons,Simdega,2
Garja Scenetic viewpoint,22.6220855,84.4615043,0,"tourist_attraction, point_of_interest, establishment",attraction,Jharkhand,All Seasons,Simdega,0
"Nanesera Waterfall , Simdega",22.6855543,84.3800241,4.2,"tourist_attraction, point_of_interest, establishment",attraction,Jharkhand,All Seasons,Simdega,12
Kobang Dam/Kansjor Dam,22.7228708,84.4465984,4.1,"tourist_attraction, point_of_interest, establishment",attraction,Jharkhand,All Seasons,Simdega,101
Madhuban Dam,22.645212,84.49246219999999,4.6,"tourist_attraction, point_of_interest, establishment",attraction,Jharkhand,All Seasons,Simdega,7
Tapkara Dam,22.7828125,84.6831875,3.7,"tourist_attraction, point_of_interest, establishment",attraction,Jharkhand,All Seasons,Simdega,12
बसातपुर पाकरडाड़ सिमडेगा,22.7286478,84.4067721,3.7,"tourist_attraction, point_of_interest, establishment",attraction,Jharkhand,All Seasons,Simdega,21
Heaven Hill simdega,22.7627339,84.4228828,4.3,"tourist_attraction, point_of_interest, establishment",attraction,Jharkhand,All Seasons,Simdega,3
Sunrise point palkot,22.8623164,84.63196429999999,4.9,"tourist_attraction, point_of_interest, establishment",attraction,Jharkhand,All Seasons,Simdega,8
BAGHLATA waterfall,22.6324765,84.4522121,5,"tourist_attraction, point_of_interest, establishment",attraction,Jharkhand,All Seasons,Simdega,1
Picnic spot Tapkara,22.7851297,84.686728,4.5,"tourist_attraction, point_of_interest, establishment",attraction,Jharkhand,All Seasons,Simdega,4
Sankh river,22.6267431,84.4280407,3.8,"tourist_attraction, point_of_interest, establishment",attraction,Jharkhand,All Seasons,Simdega,4
Tapkara chhath Talab,22.7780598,84.7042482,5,"tourist_attraction, point_of_interest, establishment",attraction,Jharkhand,All Seasons,Simdega,1
Dhansingh Dam,22.7931036,84.7863453,0,"tourist_attraction, point_of_interest, establishment",attraction,Jharkhand,All Seasons,Simdega,0
SIKARIYADANR,22.6750351,84.475089,4.2,"tourist_attraction, point_of_interest, establishment",attraction,Jharkhand,All Seasons,Simdega,35
Ghumri River (घुमरी नदी),22.5305625,84.5035625,0,"tourist_attraction, point_of_interest, establishment",attraction,Jharkhand,All Seasons,Simdega,0
Bolani Town Park,22.115303,85.336845,4.1,"park, point_of_interest, establishment",parks,Jharkhand,Spring,West Singhbhum,320
Saranda Park,22.1692291,85.5974868,4,"park, point_of_interest, establishment",parks,Jharkhand,Spring,West Singhbhum,11
Hirakud park(samir),22.1590546,85.4037261,4.7,"park, point_of_interest, establishment",parks,Jharkhand,Spring,West Singhbhum,3
KARUBAKI FOREST PARK,22.1171391,85.36979579999999,4.1,"park, point_of_interest, establishment",parks,Jharkhand,Spring,West Singhbhum,65
mahatma gandhi park,22.1152474,85.3358822,3,"park, point_of_interest, establishment",parks,Jharkhand,Spring,West Singhbhum,2
Bari,22.529131,85.41353389999999,5,"park, point_of_interest, establishment",parks,Jharkhand,Spring,West Singhbhum,2
Pansua Reserviour,22.6207172,85.3895332,4.3,"park, point_of_interest, establishment",parks,Jharkhand,Spring,West Singhbhum,90
Gorkha hååting (nepali park),22.1545869,85.49503779999999,4,"park, point_of_interest, establishment",parks,Jharkhand,Spring,West Singhbhum,178
"Aqua park,noamundi",22.1459765,85.4958351,4,"park, point_of_interest, establishment",parks,Jharkhand,Spring,West Singhbhum,46
Nakshatra Park,22.1532088,85.4909974,3.9,"park, point_of_interest, establishment",parks,Jharkhand,Spring,West Singhbhum,12
G gard..gadru,22.1854597,85.3826426,5,"park, point_of_interest, establishment",parks,Jharkhand,Spring,West Singhbhum,1
पहाड़ी मंदिर पार्क,22.4259777,85.1819479,5,"park, point_of_interest, establishment",parks,Jharkhand,Spring,West Singhbhum,2
Central park,22.1574019,85.50843479999999,4,"park, point_of_interest, establishment",parks,Jharkhand,Spring,West Singhbhum,8
Thakurani,22.1366322,85.4506299,4.3,"park, point_of_interest, establishment",parks,Jharkhand,Spring,West Singhbhum,7
Meghahatuburu Sunset View Point,22.1181523,85.2867472,4.5,"tourist_attraction, park, point_of_interest, establishment",parks,Jharkhand,Spring,West Singhbhum,1253
Central park Tata steel,22.1554006,85.49448749999999,4.5,"park, point_of_interest, establishment",parks,Jharkhand,Spring,West Singhbhum,2
Fountain park,22.1524534,85.4906469,4.2,"park, point_of_interest, establishment",parks,Jharkhand,Spring,West Singhbhum,173
Mohan chowk,22.2545583,85.6746617,5,"park, point_of_interest, establishment",parks,Jharkhand,Spring,West Singhbhum,1
Sahid smarak kailash nagar Gua,22.219946,85.3749946,4,"park, point_of_interest, establishment",parks,Jharkhand,Spring,West Singhbhum,5
Chaibasa Forest JH,22.5981298,85.6948458,4.2,"park, point_of_interest, establishment",parks,Jharkhand,Spring,West Singhbhum,255
Gulkera hill point,22.635516,85.62544749999999,3,"park, point_of_interest, establishment",parks,Jharkhand,Spring,West Singhbhum,2
Aam Bagan Lepetiri Otar,22.644724,85.55349919999999,0,"park, point_of_interest, establishment",parks,Jharkhand,Spring,West Singhbhum,0
"Mahuldiha More for Railway Station Sonua, Kuira and Chaibasa",22.5734791,85.46188839999999,3.4,"park, point_of_interest, establishment",parks,Jharkhand,Spring,West Singhbhum,15
SARANDA FOREST,22.2060845,85.36650139999999,4.5,"park, point_of_interest, establishment",parks,Jharkhand,Spring,West Singhbhum,26
Sunset View Noamundi,22.1487924,85.4818635,4.4,"tourist_attraction, point_of_interest, establishment",parks,Jharkhand,Spring,West Singhbhum,11
Krishna mini park,22.2069735,85.5533906,0,"park, point_of_interest, establishment",parks,Jharkhand,Spring,West Singhbhum,0
Mango Garden,22.3705116,85.2015581,0,"park, point_of_interest, establishment",parks,Jharkhand,Spring,West Singhbhum,0
Arjunpur maidan,22.5891874,85.4138464,5,"park, point_of_interest, establishment",parks,Jharkhand,Spring,West Singhbhum,1
आम बागान बाइजोरो,22.6391578,85.53934629999999,0,"park, point_of_interest, establishment",parks,Jharkhand,Spring,West Singhbhum,0
SIR DORABJI TATA BOTANICAL PARK,22.1574019,85.50843479999999,0,"park, point_of_interest, establishment",parks,Jharkhand,Spring,West Singhbhum,0
Benjamin Purty (Mango garden),22.5309603,85.2657029,4.9,"park, point_of_interest, establishment",parks,Jharkhand,Spring,West Singhbhum,7
Rajesh Purty,22.3883066,85.7223095,4.7,"park, point_of_interest, establishment",parks,Jharkhand,Spring,West Singhbhum,3
Mangal kuntiya,22.5857976,85.5689288,0,"park, point_of_interest, establishment",parks,Jharkhand,Spring,West Singhbhum,0
NICHE TALAB,22.3625331,85.16507179999999,0,"park, point_of_interest, establishment",parks,Jharkhand,Spring,West Singhbhum,0
Mantri talab,22.2186201,85.6894645,5,"park, point_of_interest, establishment",parks,Jharkhand,Spring,West Singhbhum,1
Barbil Nursery,22.1196663,85.39662129999999,4,"park, point_of_interest, establishment",parks,Jharkhand,Spring,West Singhbhum,6
डुडु बोंद,22.6376369,85.5378684,0,"park, point_of_interest, establishment",parks,Jharkhand,Spring,West Singhbhum,0
rk pandey,22.1153167,85.4144233,4.4,"park, point_of_interest, establishment",parks,Jharkhand,Spring,West Singhbhum,5
Elephant reserve forest,22.383811,85.1513671,5,"park, point_of_interest, establishment",parks,Jharkhand,Spring,West Singhbhum,2
KARAKHENDRA JAGDA SAHII,22.1448542,85.4151412,0,"park, point_of_interest, establishment",parks,Jharkhand,Spring,West Singhbhum,0
Thakurani rod,22.1309603,85.4673521,4.8,"park, point_of_interest, establishment",parks,Jharkhand,Spring,West Singhbhum,4
"Aambagan ,Lota",22.6345622,85.543385,4,"park, point_of_interest, establishment",parks,Jharkhand,Spring,West Singhbhum,1
goilkera hil top,22.5075703,85.3769159,4,"park, point_of_interest, establishment",parks,Jharkhand,Spring,West Singhbhum,2
Podam pokhor,22.4746214,85.1712684,4,"park, point_of_interest, establishment",parks,Jharkhand,Spring,West Singhbhum,1
Purty Sai,22.5121467,85.40678369999999,0,"park, point_of_interest, establishment",parks,Jharkhand,Spring,West Singhbhum,0
Chunu piguwa,22.5153125,85.4122344,5,"park, point_of_interest, establishment",parks,Jharkhand,Spring,West Singhbhum,1
Dinbandhu Banra,22.1445846,85.72927849999999,5,"park, point_of_interest, establishment",parks,Jharkhand,Spring,West Singhbhum,2
Dev house,22.5719078,85.496843,5,"park, point_of_interest, establishment",parks,Jharkhand,Spring,West Singhbhum,1
Limitur Hill,22.1202501,85.3284753,3,"park, point_of_interest, establishment",parks,Jharkhand,Spring,West Singhbhum,2
Ashok tola,22.6252387,85.5183141,5,"park, point_of_interest, establishment",parks,Jharkhand,Spring,West Singhbhum,1
Ratan Buru Goilkera Jharkhand,22.5122866,85.35704559999999,5,"park, point_of_interest, establishment",parks,Jharkhand,Spring,West Singhbhum,1
Bongate gara sosopi,22.1523625,85.46673439999999,5,"park, point_of_interest, establishment",parks,Jharkhand,Spring,West Singhbhum,1
GUA CCTV BY TECHNO CARE,22.2104839,85.3761131,5,"park, point_of_interest, establishment",parks,Jharkhand,Spring,West Singhbhum,1
मुरहातु तालाब,22.6240491,85.5780666,0,"park, point_of_interest, establishment",parks,Jharkhand,Spring,West Singhbhum,0
हाड़लामा झरना,22.4095823,85.66132879999999,5,"park, point_of_interest, establishment",parks,Jharkhand,Spring,West Singhbhum,1
Flower garden,22.3776261,85.2064667,0,"park, point_of_interest, establishment",parks,Jharkhand,Spring,West Singhbhum,0
Children Park,22.1688832,85.5922827,1,"park, point_of_interest, establishment",parks,Jharkhand,Spring,West Singhbhum,1
आम बगान baijoro,22.6327058,85.5365765,0,"park, point_of_interest, establishment",parks,Jharkhand,Spring,West Singhbhum,0
Wireless,22.1200802,85.3110282,4,"park, point_of_interest, establishment",parks,Jharkhand,Spring,West Singhbhum,2
टूसे बोंद,22.6387348,85.5366054,0,"park, point_of_interest, establishment",parks,Jharkhand,Spring,West Singhbhum,0
Serengsia Shahid Smarak,22.3414027,85.6981005,4.4,"museum, point_of_interest, establishment",museum,Jharkhand,Winter,West Singhbhum,47
Belpos Shiv Mandir,22.5229335,85.4412298,5,"museum, point_of_interest, establishment",museum,Jharkhand,Winter,West Singhbhum,7
Tata Steel Aerodrome .Noamundi,22.1920356,85.54815599999999,4.3,"museum, point_of_interest, establishment",museum,Jharkhand,Winter,West Singhbhum,3
Sosopi chock (Durirta),22.369837,85.71766,5,"museum, point_of_interest, establishment",museum,Jharkhand,Winter,West Singhbhum,2
Hanuman mandir,22.536181,85.4345635,4,"museum, point_of_interest, establishment",museum,Jharkhand,Winter,West Singhbhum,1
Kamleshwar mandir,22.5414403,85.4304918,0,"museum, point_of_interest, establishment",museum,Jharkhand,Winter,West Singhbhum,0
Secret waterfall,22.628737,85.7026009,4.3,"tourist_attraction, point_of_interest, establishment",waterfalls,Jharkhand,Monsoon,West Singhbhum,80
Lonjo Waterfalls,22.643411,85.486317,4.1,"tourist_attraction, point_of_interest, establishment",waterfalls,Jharkhand,Monsoon,West Singhbhum,27
Waterfall picnic spot,22.2447999,85.3946134,4.2,"tourist_attraction, point_of_interest, establishment",waterfalls,Jharkhand,Monsoon,West Singhbhum,30
Hill Waterfall Boranga,22.3845625,85.1528125,0,"park, point_of_interest, establishment",waterfalls,Jharkhand,Monsoon,West Singhbhum,0
Loharda Mini waterfall,22.6486286,85.68490609999999,3.3,"tourist_attraction, point_of_interest, establishment",waterfalls,Jharkhand,Monsoon,West Singhbhum,8
Black water,22.1456988,85.4085034,4,"tourist_attraction, point_of_interest, establishment",waterfalls,Jharkhand,Monsoon,West Singhbhum,2
Meghahatuburu Sunset View Point,22.1181523,85.2867472,4.5,"tourist_attraction, park, point_of_interest, establishment",waterfalls,Jharkhand,Monsoon,West Singhbhum,1253
Pansua Dam Tourist place,22.6188037,85.3876526,4.1,"tourist_attraction, point_of_interest, establishment",waterfalls,Jharkhand,Monsoon,West Singhbhum,165
"Shiv Mandir , Noamundi",22.1584997,85.5042325,4.2,"hindu_temple, place_of_worship, point_of_interest, establishment",temples,Jharkhand,All Seasons,West Singhbhum,190
Mahadevsaldham Shiv Mandir,22.5120906,85.3454971,4.5,"hindu_temple, place_of_worship, point_of_interest, establishment",temples,Jharkhand,All Seasons,West Singhbhum,324
Vishwa Kalyan Ashram,22.4980877,85.2198042,4.6,"hindu_temple, place_of_worship, point_of_interest, establishment",temples,Jharkhand,All Seasons,West Singhbhum,36
Purana Shiv Mandir,22.17281,85.5973259,4,"hindu_temple, place_of_worship, point_of_interest, establishment",temples,Jharkhand,All Seasons,West Singhbhum,9
"Bajrangbali Temple , Station Road",22.5777978,85.4648449,4.8,"hindu_temple, place_of_worship, point_of_interest, establishment",temples,Jharkhand,All Seasons,West Singhbhum,6
"SHIV MANDIR, UNDHAN",22.3779978,85.18712579999999,5,"hindu_temple, place_of_worship, point_of_interest, establishment",temples,Jharkhand,All Seasons,West Singhbhum,1
Jay Guru Temple,22.5216086,85.4329332,0,"hindu_temple, place_of_worship, point_of_interest, establishment",temples,Jharkhand,All Seasons,West Singhbhum,0
Beguna Shiva Temple,22.6220625,85.5536875,4.7,"hindu_temple, place_of_worship, point_of_interest, establishment",temples,Jharkhand,All Seasons,West Singhbhum,6
Ghaghra Shiv Temple,22.3992284,85.2120621,4,"hindu_temple, place_of_worship, point_of_interest, establishment",temples,Jharkhand,All Seasons,West Singhbhum,2
ASANTALIA SHIV TEMPLE,22.5964108,85.5162702,4.7,"hindu_temple, place_of_worship, point_of_interest, establishment",temples,Jharkhand,All Seasons,West Singhbhum,12
"Shiv Temple , Nishchintpur",22.5873647,85.47778699999999,4.2,"hindu_temple, place_of_worship, point_of_interest, establishment",temples,Jharkhand,All Seasons,West Singhbhum,13
Radha Govindo Temple,22.4523784,85.1957237,4.5,"hindu_temple, place_of_worship, point_of_interest, establishment",temples,Jharkhand,All Seasons,West Singhbhum,2
Yog Nagar Shiv Temple,22.219559,85.388471,4.5,"hindu_temple, place_of_worship, point_of_interest, establishment",temples,Jharkhand,All Seasons,West Singhbhum,17
Jagannath Temple,22.1697732,85.5908683,4.8,"hindu_temple, place_of_worship, point_of_interest, establishment",temples,Jharkhand,All Seasons,West Singhbhum,16
Dhipasai Bhagwan Shiv Temple,22.1719591,85.7102781,4.3,"hindu_temple, place_of_worship, point_of_interest, establishment",temples,Jharkhand,All Seasons,West Singhbhum,3
Shiv Temple Nuagaon,22.5231888,85.449682,4.8,"hindu_temple, place_of_worship, point_of_interest, establishment",temples,Jharkhand,All Seasons,West Singhbhum,6
Shiv Temple Parlipos,22.5026119,85.2202871,4.7,"hindu_temple, place_of_worship, point_of_interest, establishment",temples,Jharkhand,All Seasons,West Singhbhum,9
"Shiva Temple,saskara",22.573876,85.4941425,4.7,"hindu_temple, place_of_worship, point_of_interest, establishment",temples,Jharkhand,All Seasons,West Singhbhum,3
"Lord Ram Mandir, Jagarnathpur",22.2206582,85.6392109,4.5,"hindu_temple, place_of_worship, point_of_interest, establishment",temples,Jharkhand,All Seasons,West Singhbhum,26
Shree Shiv Jee Temple Sonua,22.579494,85.4648325,4.5,"hindu_temple, place_of_worship, point_of_interest, establishment",temples,Jharkhand,All Seasons,West Singhbhum,2
"MANDIR DVC ( ~SHIV MANDIR , KALI MANDIR , HANUMAN MANDIR , JAGARNATH MANDIR)",22.1624629,85.49487169999999,4.6,"hindu_temple, place_of_worship, point_of_interest, establishment",temples,Jharkhand,All Seasons,West Singhbhum,46
Ghaghra Jagannath Temple,22.4126678,85.21667790000001,4.7,"hindu_temple, place_of_worship, point_of_interest, establishment",temples,Jharkhand,All Seasons,West Singhbhum,6
बाबा भोलेनाथ मंदिर ( बेगुना),22.6220468,85.55372589999999,5,"hindu_temple, place_of_worship, point_of_interest, establishment",temples,Jharkhand,All Seasons,West Singhbhum,5
Shiv Mandir (Shanti Sthal),22.1306448,85.3244296,4.5,"hindu_temple, place_of_worship, point_of_interest, establishment",temples,Jharkhand,All Seasons,West Singhbhum,4
"Sadhukudar Shiv Temple , Naranga",22.5675764,85.45214899999999,4,"hindu_temple, place_of_worship, point_of_interest, establishment",temples,Jharkhand,All Seasons,West Singhbhum,1
Shree Shree Bajrangbali Temple Laxmipos,22.5691445,85.4629985,5,"hindu_temple, place_of_worship, point_of_interest, establishment",temples,Jharkhand,All Seasons,West Singhbhum,3
Shiv Temple,22.2385994,85.3087728,3.4,"hindu_temple, place_of_worship, point_of_interest, establishment",temples,Jharkhand,All Seasons,West Singhbhum,16
"Porahat, shiv temple",22.5975305,85.4360533,5,"hindu_temple, place_of_worship, point_of_interest, establishment",temples,Jharkhand,All Seasons,West Singhbhum,2
Amarnath Shiv Temple,22.6577018,85.57418349999999,3.5,"hindu_temple, place_of_worship, point_of_interest, establishment",temples,Jharkhand,All Seasons,West Singhbhum,2
Pukuabera Lord Siva Temple,22.6427925,85.6081754,5,"hindu_temple, place_of_worship, point_of_interest, establishment",temples,Jharkhand,All Seasons,West Singhbhum,1
Sri laxmi narayan tample,22.6578103,85.625937,5,"hindu_temple, place_of_worship, point_of_interest, establishment",temples,Jharkhand,All Seasons,West Singhbhum,3
Jagannath Temple,22.2069855,85.38246869999999,4.3,"hindu_temple, place_of_worship, point_of_interest, establishment",temples,Jharkhand,All Seasons,West Singhbhum,8
"Shiva Temple,Urkiya",22.3586878,85.16105689999999,4.5,"hindu_temple, place_of_worship, point_of_interest, establishment",temples,Jharkhand,All Seasons,West Singhbhum,6
"Shiva Temple ,Golmunda",22.5950516,85.4972152,4.3,"hindu_temple, place_of_worship, point_of_interest, establishment",temples,Jharkhand,All Seasons,West Singhbhum,6
Bholenath Temple,22.4823941,85.1717682,5,"hindu_temple, place_of_worship, point_of_interest, establishment",temples,Jharkhand,All Seasons,West Singhbhum,2
Shri Rajrajeshwari Tripurasundari Temple,22.498059,85.21981819999999,0,"hindu_temple, place_of_worship, point_of_interest, establishment",temples,Jharkhand,All Seasons,West Singhbhum,0
Bhalurungi jagannath Temple,22.570273,85.48358759999999,5,"hindu_temple, place_of_worship, point_of_interest, establishment",temples,Jharkhand,All Seasons,West Singhbhum,1
Shiv temple,22.5346245,85.15530460000001,0,"hindu_temple, place_of_worship, point_of_interest, establishment",temples,Jharkhand,All Seasons,West Singhbhum,0
Sarbeswar Temple,22.1172472,85.3810908,5,"hindu_temple, place_of_worship, point_of_interest, establishment",temples,Jharkhand,All Seasons,West Singhbhum,4
SAIRAM MANDIR,22.2137363,85.3805177,4.5,"hindu_temple, place_of_worship, point_of_interest, establishment",temples,Jharkhand,All Seasons,West Singhbhum,2
Ganesh Mandir,22.3706012,85.1928685,4.9,"hindu_temple, place_of_worship, point_of_interest, establishment",temples,Jharkhand,All Seasons,West Singhbhum,10
Narsingh Ashram,22.3755119,85.1916744,4.8,"hindu_temple, place_of_worship, point_of_interest, establishment",temples,Jharkhand,All Seasons,West Singhbhum,25
RAM MANDIR,22.2075975,85.38215749999999,4.8,"hindu_temple, place_of_worship, point_of_interest, establishment",temples,Jharkhand,All Seasons,West Singhbhum,5
"Hanuman, Temple",22.536018,85.4345534,5,"hindu_temple, place_of_worship, point_of_interest, establishment",temples,Jharkhand,All Seasons,West Singhbhum,1
"Lord Shiva Mandir, Lota",22.6304676,85.5462359,4.5,"hindu_temple, place_of_worship, point_of_interest, establishment",temples,Jharkhand,All Seasons,West Singhbhum,4
Sri Hanuman Mandir,22.5976625,85.4329844,5,"hindu_temple, place_of_worship, point_of_interest, establishment",temples,Jharkhand,All Seasons,West Singhbhum,1
"Shree Ram Mandir, Manharpor",22.3749326,85.1953865,4,"hindu_temple, place_of_worship, point_of_interest, establishment",temples,Jharkhand,All Seasons,West Singhbhum,5
Kara shiv temple,22.1300059,85.4340347,5,"hindu_temple, place_of_worship, point_of_interest, establishment",temples,Jharkhand,All Seasons,West Singhbhum,1
Devi Mandir,22.3742592,85.1936966,5,"hindu_temple, place_of_worship, point_of_interest, establishment",temples,Jharkhand,All Seasons,West Singhbhum,1
Shiva Temple Gobindpur,22.6149137,85.5663313,4,"hindu_temple, place_of_worship, point_of_interest, establishment",temples,Jharkhand,All Seasons,West Singhbhum,1
Shiva Mandir,22.1646245,85.5758547,3.6,"hindu_temple, place_of_worship, point_of_interest, establishment",temples,Jharkhand,All Seasons,West Singhbhum,14
Maa Kali Mandir,22.2053049,85.3809526,4.7,"hindu_temple, place_of_worship, point_of_interest, establishment",temples,Jharkhand,All Seasons,West Singhbhum,6
MAA MANSHA TEMPLE,22.1285995,85.4025802,5,"hindu_temple, place_of_worship, point_of_interest, establishment",temples,Jharkhand,All Seasons,West Singhbhum,6
Bileswar Temple,22.1317896,85.4018133,4,"hindu_temple, place_of_worship, point_of_interest, establishment",temples,Jharkhand,All Seasons,West Singhbhum,7
Ram Mandir,22.1647126,85.4110086,4.6,"hindu_temple, place_of_worship, point_of_interest, establishment",temples,Jharkhand,All Seasons,West Singhbhum,7
Radhe Shyam Temple,22.3675259,85.1622308,5,"hindu_temple, place_of_worship, point_of_interest, establishment",temples,Jharkhand,All Seasons,West Singhbhum,2
Mahadev Siva Temple(Otar),22.651366,85.54782420000001,5,"hindu_temple, place_of_worship, point_of_interest, establishment",temples,Jharkhand,All Seasons,West Singhbhum,1
"Maa Durga Temple, Checknaka Sonua",22.5830618,85.46082919999999,4.4,"hindu_temple, place_of_worship, point_of_interest, establishment",temples,Jharkhand,All Seasons,West Singhbhum,10
Radha govind temple,22.4636402,85.19540889999999,0,"hindu_temple, place_of_worship, point_of_interest, establishment",temples,Jharkhand,All Seasons,West Singhbhum,0
BINKA SHIVA TEMPLE,22.5711305,85.479687,4.2,"hindu_temple, place_of_worship, point_of_interest, establishment",temples,Jharkhand,All Seasons,West Singhbhum,9
Hill point,22.6253675,85.6200251,4.5,"tourist_attraction, point_of_interest, establishment",hills,Jharkhand,Winter,West Singhbhum,8
"JANNAT, Picnic Spot Hill View ,Goilkera",22.4890832,85.3977432,3.9,"tourist_attraction, point_of_interest, establishment",hills,Jharkhand,Winter,West Singhbhum,14
Limitur Hill,22.1202501,85.3284753,3,"park, point_of_interest, establishment",hills,Jharkhand,Winter,West Singhbhum,2
Gulkera hill point,22.635516,85.62544749999999,3,"park, point_of_interest, establishment",hills,Jharkhand,Winter,West Singhbhum,2
Lota Hill View,22.6297693,85.55582989999999,5,"tourist_attraction, point_of_interest, establishment",hills,Jharkhand,Winter,West Singhbhum,1
Hill Side River,22.6207894,85.6058044,4.8,"tourist_attraction, point_of_interest, establishment",hills,Jharkhand,Winter,West Singhbhum,9
Hill Waterfall Boranga,22.3845625,85.1528125,0,"park, point_of_interest, establishment",hills,Jharkhand,Winter,West Singhbhum,0
"OT HILL, GOM",22.2263952,85.3669024,5,"point_of_interest, establishment",hills,Jharkhand,Winter,West Singhbhum,2
Kulundu Hill,22.6138617,85.4980332,0,"place_of_worship, point_of_interest, establishment",hills,Jharkhand,Winter,West Singhbhum,0
goilkera hil top,22.5075703,85.3769159,4,"park, point_of_interest, establishment",hills,Jharkhand,Winter,West Singhbhum,2
Painsira Buru,22.3,85.36027779999999,0,"natural_feature, establishment",hills,Jharkhand,Winter,West Singhbhum,0
Meghahatuburu Sunset View Point,22.1181523,85.2867472,4.5,"tourist_attraction, park, point_of_interest, establishment",hills,Jharkhand,Winter,West Singhbhum,1253
Pansua Dam Tourist place,22.6188037,85.3876526,4.1,"tourist_attraction, point_of_interest, establishment",attraction,Jharkhand,All Seasons,West Singhbhum,165
Meghahatuburu Sunset View Point,22.1181523,85.2867472,4.5,"tourist_attraction, park, point_of_interest, establishment",attraction,Jharkhand,All Seasons,West Singhbhum,1253
Magical tree,22.6181448,85.73419,5,"tourist_attraction, point_of_interest, establishment",attraction,Jharkhand,All Seasons,West Singhbhum,4
Black water,22.1456988,85.4085034,4,"tourist_attraction, point_of_interest, establishment",attraction,Jharkhand,All Seasons,West Singhbhum,2
Hill point,22.6253675,85.6200251,4.5,"tourist_attraction, point_of_interest, establishment",attraction,Jharkhand,All Seasons,West Singhbhum,8
Hill Side River,22.6207894,85.6058044,4.8,"tourist_attraction, point_of_interest, establishment",attraction,Jharkhand,All Seasons,West Singhbhum,9
Lota Top view,22.6258236,85.54515590000001,3.5,"tourist_attraction, point_of_interest, establishment",attraction,Jharkhand,All Seasons,West Singhbhum,6
Katikora dam,22.2247469,85.5487813,3.2,"tourist_attraction, point_of_interest, establishment",attraction,Jharkhand,All Seasons,West Singhbhum,14
Sunset point NMD,22.1476874,85.4815301,4.7,"tourist_attraction, point_of_interest, establishment",attraction,Jharkhand,All Seasons,West Singhbhum,6
Lota Jharna,22.6291482,85.5417877,3,"tourist_attraction, point_of_interest, establishment",attraction,Jharkhand,All Seasons,West Singhbhum,2
Secret waterfall,22.628737,85.7026009,4.3,"tourist_attraction, point_of_interest, establishment",attraction,Jharkhand,All Seasons,West Singhbhum,80
Sunset View Noamundi,22.1487924,85.4818635,4.4,"tourist_attraction, point_of_interest, establishment",attraction,Jharkhand,All Seasons,West Singhbhum,11
Segai Sai Pond,22.6116342,85.4857021,4.3,"tourist_attraction, point_of_interest, establishment",attraction,Jharkhand,All Seasons,West Singhbhum,6
Waterfall picnic spot,22.2447999,85.3946134,4.2,"tourist_attraction, point_of_interest, establishment",attraction,Jharkhand,All Seasons,West Singhbhum,30
Lonjo Waterfalls,22.643411,85.486317,4.1,"tourist_attraction, point_of_interest, establishment",attraction,Jharkhand,All Seasons,West Singhbhum,27
Karo Nadi Picnic Area,22.2227099,85.389684,4.2,"tourist_attraction, point_of_interest, establishment",attraction,Jharkhand,All Seasons,West Singhbhum,5
Loharda Mini waterfall,22.6486286,85.68490609999999,3.3,"tourist_attraction, point_of_interest, establishment",attraction,Jharkhand,All Seasons,West Singhbhum,8
Gua sunset point,22.2786135,85.3967547,3.7,"tourist_attraction, point_of_interest, establishment",attraction,Jharkhand,All Seasons,West Singhbhum,3
"Taare Jameen Par Foundation, Gua.",22.2208872,85.3917817,0,"tourist_attraction, point_of_interest, establishment",attraction,Jharkhand,All Seasons,West Singhbhum,0
Picnic spot,22.3445546,85.1555621,3.5,"tourist_attraction, point_of_interest, establishment",attraction,Jharkhand,All Seasons,West Singhbhum,2
"Koel River View Point,Undhan",22.3750922,85.18850359999999,4.6,"tourist_attraction, point_of_interest, establishment",attraction,Jharkhand,All Seasons,West Singhbhum,14
Jatra gada,22.637316,85.357889,5,"tourist_attraction, point_of_interest, establishment",attraction,Jharkhand,All Seasons,West Singhbhum,3
Lal Pahar,22.1979917,85.6278167,5,"tourist_attraction, point_of_interest, establishment",attraction,Jharkhand,All Seasons,West Singhbhum,2
Hathi Chowk,22.1659957,85.36729629999999,4.2,"tourist_attraction, point_of_interest, establishment",attraction,Jharkhand,All Seasons,West Singhbhum,53
S-More picnic spot,22.6483,85.6842865,3.7,"tourist_attraction, point_of_interest, establishment",attraction,Jharkhand,All Seasons,West Singhbhum,27
BALJORI,22.5617921,85.4560314,5,"tourist_attraction, point_of_interest, establishment",attraction,Jharkhand,All Seasons,West Singhbhum,1
Thakura Turning,22.2207747,85.3852979,4.2,"tourist_attraction, point_of_interest, establishment",attraction,Jharkhand,All Seasons,West Singhbhum,5
Picnic spot gudasai,22.6207937,85.6059391,0,"tourist_attraction, point_of_interest, establishment",attraction,Jharkhand,All Seasons,West Singhbhum,0
Lota Dungri,22.6294299,85.543217,4,"tourist_attraction, point_of_interest, establishment",attraction,Jharkhand,All Seasons,West Singhbhum,1
Manoharpur sunset point,22.3825474,85.207493,3.6,"tourist_attraction, point_of_interest, establishment",attraction,Jharkhand,All Seasons,West Singhbhum,7
Jungle Bridge picnic,22.1833772,85.54056430000001,0,"tourist_attraction, point_of_interest, establishment",attraction,Jharkhand,All Seasons,West Singhbhum,0
Black Mountain,22.3545975,85.16170029999999,5,"tourist_attraction, point_of_interest, establishment",attraction,Jharkhand,All Seasons,West Singhbhum,2
Suar Chauraha,22.1410462,85.4777269,5,"tourist_attraction, point_of_interest, establishment",attraction,Jharkhand,All Seasons,West Singhbhum,1
Nandi parvat (नंदी पर्वत ),22.5011356,85.21350149999999,4.8,"tourist_attraction, point_of_interest, establishment",attraction,Jharkhand,All Seasons,West Singhbhum,4
"JANNAT, Picnic Spot Hill View ,Goilkera",22.4890832,85.3977432,3.9,"tourist_attraction, point_of_interest, establishment",attraction,Jharkhand,All Seasons,West Singhbhum,14
Pump House (पमपु कोचा),22.3035084,85.27336059999999,4.8,"tourist_attraction, point_of_interest, establishment",attraction,Jharkhand,All Seasons,West Singhbhum,5
"Check Dam, Lota",22.6268322,85.5398341,0,"tourist_attraction, point_of_interest, establishment",attraction,Jharkhand,All Seasons,West Singhbhum,0
Kala Chauraha,22.1539376,85.4874948,5,"tourist_attraction, point_of_interest, establishment",attraction,Jharkhand,All Seasons,West Singhbhum,2
