Name,Latitude,Longitude,Rating,Categories,Keyword,State,Season,District,Visitors Count of Ratings
Zemabawk Park,23.7272843,92.751055,4,"park, point_of_interest, establishment",parks,Mizoram,Spring,Aizawl,81
MZU Park,23.7337804,92.66750379999999,4.3,"park, tourist_attraction, point_of_interest, establishment",parks,Mizoram,Spring,Aizawl,784
YMA Park,23.7439063,92.7169436,4,"park, point_of_interest, establishment",parks,Mizoram,Spring,Aizawl,88
"Park Eden, Falkland",23.7327879,92.73784710000001,3.4,"park, point_of_interest, establishment",parks,Mizoram,Spring,Aizawl,190
Folkland Park,23.7284046,92.74105,4.2,"park, point_of_interest, establishment",parks,Mizoram,Spring,Aizawl,1601
Lalat Park,23.7216648,92.7260132,3.9,"park, tourist_attraction, point_of_interest, establishment",parks,Mizoram,Spring,Aizawl,907
"Lalsavunga Park, Hlimen",23.6716011,92.7202734,4.3,"park, tourist_attraction, point_of_interest, establishment",parks,Mizoram,Spring,Aizawl,606
"Lalsavunga Park – Gate, Hlimen",23.6732896,92.7177282,4.5,"park, point_of_interest, establishment",parks,Mizoram,Spring,Aizawl,35
DG Park,23.7285612,92.7397136,3.9,"park, tourist_attraction, point_of_interest, establishment",parks,Mizoram,Spring,Aizawl,261
Zodai Hangout,23.7677942,92.7429799,3.5,"park, point_of_interest, establishment",parks,Mizoram,Spring,Aizawl,16
Pu Rora Park,23.7090941,92.7339179,4,"park, point_of_interest, establishment",parks,Mizoram,Spring,Aizawl,24
Mualhawih Huan,23.7739404,92.65523619999999,4.2,"park, point_of_interest, establishment",parks,Mizoram,Spring,Aizawl,59
Muthi Park,23.783427,92.762551,4,"park, point_of_interest, establishment",parks,Mizoram,Spring,Aizawl,101
City park,23.7235366,92.7181463,4.1,"park, point_of_interest, establishment",parks,Mizoram,Spring,Aizawl,20
Khawhlui/YMA Park,23.7949325,92.56293959999999,3.8,"park, point_of_interest, establishment",parks,Mizoram,Spring,Aizawl,6
YMA Park,23.7043293,92.49071169999999,5,"park, point_of_interest, establishment",parks,Mizoram,Spring,Aizawl,1
Lalat Water Park,23.7222591,92.7260957,4.7,"park, point_of_interest, establishment",parks,Mizoram,Spring,Aizawl,6
"Khuangthli Children Park, MZU",23.7332111,92.667085,4.2,"park, point_of_interest, establishment",parks,Mizoram,Spring,Aizawl,6
Durtlang View (Durkhawpui View),23.7930695,92.72672999999999,4.4,"park, point_of_interest, establishment",parks,Mizoram,Spring,Aizawl,46
Damdiai Botanical Garden & Eco Tourism Park,23.465785,92.74473599999999,3.8,"park, point_of_interest, establishment",parks,Mizoram,Spring,Aizawl,12
Sakeikhawthlir (BETHEL TLANG),23.7751185,92.72356529999999,4.4,"park, point_of_interest, establishment",parks,Mizoram,Spring,Aizawl,12
Sawiremtlang,23.8207657,92.7339753,4.3,"park, point_of_interest, establishment",parks,Mizoram,Spring,Aizawl,71
Joint YMA Park,23.6911677,92.9767793,4.5,"park, point_of_interest, establishment",parks,Mizoram,Spring,Aizawl,15
Sel-Lut Resort,23.7256875,92.74693750000002,3.3,"park, point_of_interest, establishment",parks,Mizoram,Spring,Aizawl,21
Aizawl Lungdawh,23.7226648,92.71794539999999,4.2,"park, point_of_interest, establishment",parks,Mizoram,Spring,Aizawl,28
Maubuang Park,23.4874681,92.7079528,4.2,"park, point_of_interest, establishment",parks,Mizoram,Spring,Aizawl,5
Hangzo Natural Park & Campsite,23.7139764,92.6844979,3.9,"campground, park, lodging, point_of_interest, establishment",parks,Mizoram,Spring,Aizawl,51
Ruallung Park,23.6522025,92.9709116,4.1,"park, point_of_interest, establishment",parks,Mizoram,Spring,Aizawl,7
"KVI Park, Saitual",23.7085608,92.9653718,4.3,"park, point_of_interest, establishment",parks,Mizoram,Spring,Aizawl,8
Herse Children Park,23.7373517,92.66487990000002,4,"park, point_of_interest, establishment",parks,Mizoram,Spring,Aizawl,1
Keifang Centenary Park,23.6742986,92.9625659,4.7,"park, point_of_interest, establishment",parks,Mizoram,Spring,Aizawl,3
"MSU Park, Maite",23.5278876,93.0020933,5,"park, point_of_interest, establishment",parks,Mizoram,Spring,Aizawl,2
Venghlun YMA Park,23.5976257,92.85125939999999,3.8,"park, point_of_interest, establishment",parks,Mizoram,Spring,Aizawl,6
YMA Park,23.8057856,92.74230329999999,3.2,"park, point_of_interest, establishment",parks,Mizoram,Spring,Aizawl,5
LPS COMPLEX,23.7319902,92.7373291,4.3,"park, point_of_interest, establishment",parks,Mizoram,Spring,Aizawl,13
Lengte YMA Park,23.7680568,92.60093839999999,3,"park, point_of_interest, establishment",parks,Mizoram,Spring,Aizawl,3
"LAD Park, Mamit",23.9713173,92.4918148,2.5,"park, point_of_interest, establishment",parks,Mizoram,Spring,Aizawl,6
PHULDUNGSEI Joint YMA Park,23.5141367,92.4213669,5,"park, point_of_interest, establishment",parks,Mizoram,Spring,Aizawl,2
Park Tlang road,23.7010141,92.71798249999999,0,"park, point_of_interest, establishment",parks,Mizoram,Spring,Aizawl,0
College's Auditorium Park,23.8040432,92.7341624,2,"park, point_of_interest, establishment",parks,Mizoram,Spring,Aizawl,1
Chaltlang Ruam Veng Hmâwng,23.7515642,92.7230862,4,"park, point_of_interest, establishment",parks,Mizoram,Spring,Aizawl,21
Martyr Memorial,23.7415625,92.7388331,5,"park, point_of_interest, establishment",parks,Mizoram,Spring,Aizawl,1
Gilgal picnic spot,23.9020703,92.7353751,5,"park, point_of_interest, establishment",parks,Mizoram,Spring,Aizawl,2
Lungleng YMA Park,23.6697154,92.6636535,0,"park, point_of_interest, establishment",parks,Mizoram,Spring,Aizawl,0
Park,23.7595058,92.85234319999999,0,"park, point_of_interest, establishment",parks,Mizoram,Spring,Aizawl,0
Bethlehem Bung,23.7269187,92.7220016,5,"park, point_of_interest, establishment",parks,Mizoram,Spring,Aizawl,1
F.Hruaii Lalduhsaki Park,23.7175588,92.7115742,0,"park, point_of_interest, establishment",parks,Mizoram,Spring,Aizawl,0
AMC Park,23.7306526,92.6981124,0,"park, point_of_interest, establishment",parks,Mizoram,Spring,Aizawl,0
Pi Hluteii Park leh Huan,23.7569875,92.73610939999999,0,"park, point_of_interest, establishment",parks,Mizoram,Spring,Aizawl,0
Kawnmawi Park,23.6585952,92.4727952,0,"park, point_of_interest, establishment",parks,Mizoram,Spring,Aizawl,0
Țuahzawl Thanmual,23.7707511,92.5637694,4,"park, point_of_interest, establishment",parks,Mizoram,Spring,Aizawl,1
Hmuntha Park,23.4955891,92.9464629,0,"park, point_of_interest, establishment",parks,Mizoram,Spring,Aizawl,0
"Municipal Eco Park, Aizawl",23.73107,92.69878709999999,0,"park, point_of_interest, establishment",parks,Mizoram,Spring,Aizawl,0
YMA park,23.7556452,92.8509067,0,"park, point_of_interest, establishment",parks,Mizoram,Spring,Aizawl,0
Tlaizawng Park,23.6932619,92.60156099999999,0,"park, point_of_interest, establishment",parks,Mizoram,Spring,Aizawl,0
Dawrveng YMA Park,23.5433002,92.8490954,0,"park, point_of_interest, establishment",parks,Mizoram,Spring,Aizawl,0
"YMA Park Tlâng, Tlangnuam",23.7013882,92.7182601,0,"park, point_of_interest, establishment",parks,Mizoram,Spring,Aizawl,0
Oasis Picnic Spot,23.7117359,92.6598163,4,"park, point_of_interest, establishment",parks,Mizoram,Spring,Aizawl,108
Lengpui YMA Park,23.8272422,92.618821,0,"park, point_of_interest, establishment",parks,Mizoram,Spring,Aizawl,0
"Joint YMA Park, Baktawng",23.5326572,92.8445531,0,"park, point_of_interest, establishment",parks,Mizoram,Spring,Aizawl,0
Mizoram State Museum,23.7381134,92.71573479999999,4.1,"museum, tourist_attraction, point_of_interest, establishment",museum,Mizoram,Winter,Aizawl,666
"Mizoram Science Centre, Berawtlang",23.7322674,92.76474189999999,4.1,"tourist_attraction, museum, point_of_interest, establishment",museum,Mizoram,Winter,Aizawl,240
Durtlâng Lal In (Residence of the erstwhile Durtlâng Chief),23.7843905,92.7258264,4.4,"museum, point_of_interest, establishment",museum,Mizoram,Winter,Aizawl,11
"Chhingpuii Park, Chhingchhip",23.483734,92.8584221,4.3,"museum, point_of_interest, establishment",museum,Mizoram,Winter,Aizawl,3
"Tribal Art Centre, Tanhril",23.734767,92.6813122,4,"museum, point_of_interest, establishment",museum,Mizoram,Winter,Aizawl,70
MZU Park,23.7337804,92.66750379999999,4.3,"park, tourist_attraction, point_of_interest, establishment",museum,Mizoram,Winter,Aizawl,784
High Field,23.7377746,92.7154553,4.1,"point_of_interest, establishment",museum,Mizoram,Winter,Aizawl,132
"Solomon's Temple, Aizawl",23.748018,92.6884415,4.4,"tourist_attraction, church, place_of_worship, point_of_interest, establishment",museum,Mizoram,Winter,Aizawl,447
Art Novelty Gallery,23.7493916,92.72159479999999,3.8,"art_gallery, point_of_interest, establishment",museum,Mizoram,Winter,Aizawl,4
Durtlang View (Durkhawpui View),23.7930695,92.72672999999999,4.4,"park, point_of_interest, establishment",museum,Mizoram,Winter,Aizawl,46
MZU Auditorium,23.7346505,92.6676497,4.4,"point_of_interest, establishment",museum,Mizoram,Winter,Aizawl,154
Azuali waterfalls,23.7112251,92.6645534,4.5,"tourist_attraction, point_of_interest, establishment",waterfalls,Mizoram,Monsoon,Aizawl,22
KHAWHTHLASANG FALLS,23.7237116,92.6635287,5,"park, point_of_interest, establishment",waterfalls,Mizoram,Monsoon,Aizawl,1
Khawhpawp Falls,23.724226,92.67094910000002,4,"tourist_attraction, point_of_interest, establishment",waterfalls,Mizoram,Monsoon,Aizawl,162
Tuirivang Falls,23.572152,92.75697629999999,4.4,"tourist_attraction, point_of_interest, establishment",waterfalls,Mizoram,Monsoon,Aizawl,16
Vaipuanpho Lungpher (Waterfall),23.708007,92.63472329999999,4.2,"tourist_attraction, point_of_interest, establishment",waterfalls,Mizoram,Monsoon,Aizawl,5
Pukpui Water Fall,23.8176044,92.62394139999999,4.3,"park, point_of_interest, establishment",waterfalls,Mizoram,Monsoon,Aizawl,44
Tuisen Falls,23.7357346,92.63529650000001,5,"tourist_attraction, point_of_interest, establishment",waterfalls,Mizoram,Monsoon,Aizawl,5
Pratheeksha Waterfall,23.7379498,92.65722149999999,3.7,"tourist_attraction, point_of_interest, establishment",waterfalls,Mizoram,Monsoon,Aizawl,3
Tuithum Lui Falls – II,23.715786,92.6635103,4.5,"tourist_attraction, point_of_interest, establishment",waterfalls,Mizoram,Monsoon,Aizawl,2
Tuithum Lui Falls,23.720505,92.663719,4.4,"point_of_interest, establishment",waterfalls,Mizoram,Monsoon,Aizawl,8
Vaipuanpho falls Initial picnic point,23.7016413,92.63799209999999,4.4,"tourist_attraction, point_of_interest, establishment",waterfalls,Mizoram,Monsoon,Aizawl,12
Vaipuanpho Camp,23.7093765,92.6417834,4.5,"campground, park, lodging, point_of_interest, establishment",waterfalls,Mizoram,Monsoon,Aizawl,38
"Li Cheng, Serlui A",23.6995316,92.6770035,4.3,"park, point_of_interest, establishment",waterfalls,Mizoram,Monsoon,Aizawl,31
Oasis Picnic Spot,23.7117359,92.6598163,4,"park, point_of_interest, establishment",waterfalls,Mizoram,Monsoon,Aizawl,108
"Lalsavunga Park, Hlimen",23.6716011,92.7202734,4.3,"park, tourist_attraction, point_of_interest, establishment",waterfalls,Mizoram,Monsoon,Aizawl,606
"Khuangchera Pûk, Ailawng",23.6913163,92.618014,3.8,"tourist_attraction, point_of_interest, establishment",waterfalls,Mizoram,Monsoon,Aizawl,37
Aizawl Viewing Point,23.737754,92.73970299999999,4.2,"landmark, point_of_interest, establishment",beaches,Mizoram,Summer,Aizawl,22
Coconut Grove,23.8051443,92.6300696,4.1,"point_of_interest, establishment",beaches,Mizoram,Summer,Aizawl,49
CHHINGPUII RESORT,23.7778869,92.7451859,2.9,"point_of_interest, establishment",beaches,Mizoram,Summer,Aizawl,9
Reiek Tourist Resort,23.6941129,92.60593639999999,4.3,"park, lodging, point_of_interest, establishment",beaches,Mizoram,Summer,Aizawl,534
Tuma Resort,23.7274844,92.78183059999999,4,"lodging, point_of_interest, establishment",beaches,Mizoram,Summer,Aizawl,38
Infinite Ainawn Park,23.720615,92.646419,3.7,"amusement_park, tourist_attraction, park, point_of_interest, establishment",beaches,Mizoram,Summer,Aizawl,164
Mizoram State Museum,23.7381134,92.71573479999999,4.1,"museum, tourist_attraction, point_of_interest, establishment",beaches,Mizoram,Summer,Aizawl,666
Vishal Mega Mart,23.7533436,92.7324636,3.8,"supermarket, grocery_or_supermarket, clothing_store, store, food, point_of_interest, establishment",beaches,Mizoram,Summer,Aizawl,2822
Firstcry.com Store Aizawl Chanmari,23.7413299,92.7162623,4.1,"clothing_store, store, point_of_interest, establishment",beaches,Mizoram,Summer,Aizawl,8
Aizawl Zoological Park,23.7898798,92.6707972,3.9,"zoo, point_of_interest, establishment",zoo,Mizoram,Winter,Aizawl,640
MALSAWM ENTERPRISE,23.7260195,92.725184,0,"point_of_interest, establishment",zoo,Mizoram,Winter,Aizawl,0
"Shakti Temple - Aizawl, Mizoram, India",23.7346505,92.7164067,4.5,"hindu_temple, place_of_worship, point_of_interest, establishment",temples,Mizoram,All Seasons,Aizawl,34
"Shiv Temple - Aizawl, Mizoram, India",23.7340437,92.72582349999999,5,"hindu_temple, place_of_worship, point_of_interest, establishment",temples,Mizoram,All Seasons,Aizawl,8
Shiv Temple,23.7553314,92.7309473,4.1,"hindu_temple, place_of_worship, point_of_interest, establishment",temples,Mizoram,All Seasons,Aizawl,15
2 AR Temple,23.7280025,92.71776440000001,4.2,"hindu_temple, place_of_worship, point_of_interest, establishment",temples,Mizoram,All Seasons,Aizawl,35
"Shri Radha Krishna Temple, Tuivamit",23.7454343,92.6828596,4,"hindu_temple, place_of_worship, point_of_interest, establishment",temples,Mizoram,All Seasons,Aizawl,29
"Shri Shiv Temple - Aizawl, Mizoram, India",23.7163804,92.73226799999999,4.2,"hindu_temple, place_of_worship, point_of_interest, establishment",temples,Mizoram,All Seasons,Aizawl,5
"Shiv, Temple",23.728617,92.69461030000001,4.5,"hindu_temple, place_of_worship, point_of_interest, establishment",temples,Mizoram,All Seasons,Aizawl,14
"Shiv Temple – Khatla, Aizawl",23.7210139,92.71637679999999,3.8,"hindu_temple, tourist_attraction, place_of_worship, point_of_interest, establishment",temples,Mizoram,All Seasons,Aizawl,50
OM Mandir,23.7435221,92.741845,4.7,"hindu_temple, place_of_worship, point_of_interest, establishment",temples,Mizoram,All Seasons,Aizawl,18
"Solomon's Temple, Aizawl",23.748018,92.6884415,4.4,"tourist_attraction, church, place_of_worship, point_of_interest, establishment",temples,Mizoram,All Seasons,Aizawl,447
Assam Rifles Temple,23.7230515,92.7105479,4.4,"hindu_temple, place_of_worship, point_of_interest, establishment",temples,Mizoram,All Seasons,Aizawl,42
"Satsang Vihar, Aizawl",23.7278946,92.7175652,4.6,"hindu_temple, place_of_worship, point_of_interest, establishment",temples,Mizoram,All Seasons,Aizawl,10
"Pushpak Hari Temple - Aizawl, Mizoram, India",23.7398834,92.7422251,4.7,"hindu_temple, place_of_worship, point_of_interest, establishment",temples,Mizoram,All Seasons,Aizawl,17
Temple Square,23.7268193,92.7176162,5,"place_of_worship, point_of_interest, establishment",temples,Mizoram,All Seasons,Aizawl,1
SHIV Temple,23.7414991,92.7056387,4,"hindu_temple, place_of_worship, point_of_interest, establishment",temples,Mizoram,All Seasons,Aizawl,7
"Aizawl Temple Corps, The Salvation Army",23.7269625,92.7174678,4.4,"church, place_of_worship, point_of_interest, establishment",temples,Mizoram,All Seasons,Aizawl,99
"Temple, near New Capital Complex",23.7286787,92.7092256,4,"place_of_worship, point_of_interest, establishment",temples,Mizoram,All Seasons,Aizawl,2
"Kali Mandir, Sairang",23.813858,92.6538232,4.3,"hindu_temple, place_of_worship, point_of_interest, establishment",temples,Mizoram,All Seasons,Aizawl,3
Western kangla,23.7312093,92.71521709999999,0,"hindu_temple, place_of_worship, point_of_interest, establishment",temples,Mizoram,All Seasons,Aizawl,0
Laymen's Evangelical Fellowship International (LEFI),23.7216622,92.7180327,4.5,"church, place_of_worship, point_of_interest, establishment",temples,Mizoram,All Seasons,Aizawl,22
Shri Krishna Mandir Dinthar,23.731941,92.7119249,0,"hindu_temple, place_of_worship, point_of_interest, establishment",temples,Mizoram,All Seasons,Aizawl,0
Baba.amarsig.asthan.,23.7384066,92.7497947,0,"hindu_temple, place_of_worship, point_of_interest, establishment",temples,Mizoram,All Seasons,Aizawl,0
Ana's place,23.73309,92.7302491,0,"hindu_temple, place_of_worship, point_of_interest, establishment",temples,Mizoram,All Seasons,Aizawl,0
The Secret Place Cafe,23.7265353,92.7180303,4.8,"cafe, food, point_of_interest, establishment",temples,Mizoram,All Seasons,Aizawl,25
Pushpak Gurudwara,23.7395666,92.7420046,4.2,"place_of_worship, point_of_interest, establishment",temples,Mizoram,All Seasons,Aizawl,107
Tuikual Presbyterian Church,23.729332,92.7163274,4.4,"church, place_of_worship, point_of_interest, establishment",temples,Mizoram,All Seasons,Aizawl,151
Durtlang Presbyterian Church,23.7798426,92.7277421,4.5,"church, place_of_worship, point_of_interest, establishment",temples,Mizoram,All Seasons,Aizawl,82
Uisa Leh Zawhte sa awm rengna,23.741872,92.7175199,0,"hindu_temple, place_of_worship, point_of_interest, establishment",temples,Mizoram,All Seasons,Aizawl,0
Temple Square Taxi Stand,23.7269079,92.71759019999999,3.9,"taxi_stand, point_of_interest, establishment",temples,Mizoram,All Seasons,Aizawl,76
"Lalsavunga Park, Hlimen",23.6716011,92.7202734,4.3,"park, tourist_attraction, point_of_interest, establishment",temples,Mizoram,All Seasons,Aizawl,606
Rinzuali vetop,23.7282003,92.72702559999999,0,"hindu_temple, place_of_worship, point_of_interest, establishment",temples,Mizoram,All Seasons,Aizawl,0
Kohhran thianghlim,23.7478578,92.69256159999999,0,"church, place_of_worship, point_of_interest, establishment",temples,Mizoram,All Seasons,Aizawl,0
Mizoram State Museum,23.7381134,92.71573479999999,4.1,"museum, tourist_attraction, point_of_interest, establishment",temples,Mizoram,All Seasons,Aizawl,666
The Salvation Army - Tuikual South Corps,23.7267851,92.7151794,3.9,"church, place_of_worship, point_of_interest, establishment",temples,Mizoram,All Seasons,Aizawl,11
The Salvation Army,23.7342737,92.71645009999999,4.1,"church, place_of_worship, point_of_interest, establishment",temples,Mizoram,All Seasons,Aizawl,23
KV Paradise,23.774266,92.7271612,4.1,"tourist_attraction, point_of_interest, establishment",temples,Mizoram,All Seasons,Aizawl,288
Sad uddin,23.730725,92.71724189999999,0,"place_of_worship, point_of_interest, establishment",temples,Mizoram,All Seasons,Aizawl,0
Mizoram Synod Office,23.7159545,92.71955249999999,4.6,"church, place_of_worship, point_of_interest, establishment",temples,Mizoram,All Seasons,Aizawl,342
Aizawl Temple Corps SAY Room leh Chanchinbu Room,23.7264986,92.7179067,0,"point_of_interest, establishment",temples,Mizoram,All Seasons,Aizawl,0
High & Hill,23.7702686,92.7367135,3.8,"restaurant, food, point_of_interest, establishment",hills,Mizoram,Winter,Aizawl,21
Up Hill,23.7391408,92.74138429999999,4.7,"restaurant, food, point_of_interest, establishment",hills,Mizoram,Winter,Aizawl,18
High Field,23.7377746,92.7154553,4.1,"point_of_interest, establishment",hills,Mizoram,Winter,Aizawl,132
"Aizawl Hill City - Aizawl District, Mizoram, India",23.725838,92.7189969,3,"tourist_attraction, point_of_interest, establishment",hills,Mizoram,Winter,Aizawl,2
Green Hill Hotel,23.6680024,92.96144050000001,5,"lodging, point_of_interest, establishment",hills,Mizoram,Winter,Aizawl,1
Woodland Hills,23.7358017,92.6955416,4.3,"point_of_interest, establishment",hills,Mizoram,Winter,Aizawl,53
OYO 64210 Hotel Hill Orchid,23.7331863,92.7177098,3.6,"lodging, point_of_interest, establishment",hills,Mizoram,Winter,Aizawl,85
HILL STORE,23.7386543,92.74444749999999,1,"point_of_interest, establishment",hills,Mizoram,Winter,Aizawl,1
Hotel Hill Orchid,23.7332072,92.71774599999999,4.7,"lodging, point_of_interest, establishment",hills,Mizoram,Winter,Aizawl,3
HILL STORE,23.7547085,92.73129639999999,0,"point_of_interest, establishment",hills,Mizoram,Winter,Aizawl,0
Lushai Hill Castle,23.7454035,92.6923681,4.2,"home_goods_store, store, point_of_interest, establishment",hills,Mizoram,Winter,Aizawl,10
Hill steps,23.6880907,92.5957215,0,"park, point_of_interest, establishment",hills,Mizoram,Winter,Aizawl,0
"Hill View Library, Chhingchhip Mualpui",23.4714282,92.85644599999999,5,"library, point_of_interest, establishment",hills,Mizoram,Winter,Aizawl,1
Durtlang View (Durkhawpui View),23.7930695,92.72672999999999,4.4,"park, point_of_interest, establishment",hills,Mizoram,Winter,Aizawl,46
HIGH & HILL RESTAURANT AND CATERING,23.7312148,92.7171843,0,"restaurant, food, point_of_interest, establishment",hills,Mizoram,Winter,Aizawl,0
Blue Hills,23.7344217,92.7169569,5,"hardware_store, store, point_of_interest, establishment",hills,Mizoram,Winter,Aizawl,1
Hill-side Electrical Store,23.7490942,92.7380414,5,"store, point_of_interest, establishment",hills,Mizoram,Winter,Aizawl,1
Chheuva Futsal Arena,23.7430403,92.7385462,3.4,"point_of_interest, establishment",hills,Mizoram,Winter,Aizawl,39
HILL TRADERS,23.7707845,92.73592889999999,0,"point_of_interest, establishment",hills,Mizoram,Winter,Aizawl,0
LUSHAIHILLS RESIDENCY,23.737402,92.7169497,3.7,"lodging, point_of_interest, establishment",hills,Mizoram,Winter,Aizawl,95
Adhills resort,23.7159777,92.66118469999999,3.8,"lodging, point_of_interest, establishment",hills,Mizoram,Winter,Aizawl,4
"Academy of Integrated Christian Studies (AICS), Tanhril",23.7341362,92.6828106,4.6,"point_of_interest, establishment",hills,Mizoram,Winter,Aizawl,13
Durtlang Playground (Midum Field),23.7750614,92.724666,3.6,"point_of_interest, establishment",hills,Mizoram,Winter,Aizawl,153
Mizoram State Museum,23.7381134,92.71573479999999,4.1,"museum, tourist_attraction, point_of_interest, establishment",hills,Mizoram,Winter,Aizawl,666
Lalat Park,23.7216648,92.7260132,3.9,"park, tourist_attraction, point_of_interest, establishment",hills,Mizoram,Winter,Aizawl,907
"School Educational Complex, Mc Donald Hill, Zarkawt",23.7384,92.7160573,5,"point_of_interest, establishment",hills,Mizoram,Winter,Aizawl,1
"Sinlung Hills Council (SHC) Office, MINECO",23.7258129,92.70545600000001,4.2,"local_government_office, point_of_interest, establishment",hills,Mizoram,Winter,Aizawl,5
"Directorate of School Education, MacDonald Hill, Zarkawt",23.738505,92.715778,4.2,"local_government_office, point_of_interest, establishment",hills,Mizoram,Winter,Aizawl,13
Melriat Presbyterian Church,23.6499894,92.72709669999999,3.8,"church, place_of_worship, point_of_interest, establishment",hills,Mizoram,Winter,Aizawl,22
MULTI LEVEL CAR PARKING & MULTI PURPOSE HALL,23.7392451,92.716268,4,"point_of_interest, establishment",hills,Mizoram,Winter,Aizawl,2
Greenhill Enterprise,23.7134667,92.72998729999999,4.3,"hardware_store, store, point_of_interest, establishment",hills,Mizoram,Winter,Aizawl,14
HILL SIDE MEDICOS,23.7219463,92.71799759999999,0,"point_of_interest, establishment",hills,Mizoram,Winter,Aizawl,0
"Faith College, Aizawl",23.7373013,92.7152631,5,"point_of_interest, establishment",hills,Mizoram,Winter,Aizawl,6
Blue Hills Guest House,23.8398858,92.6355382,5,"lodging, point_of_interest, establishment",hills,Mizoram,Winter,Aizawl,5
Grace Flowers,23.7357936,92.70947679999999,0,"point_of_interest, establishment",hills,Mizoram,Winter,Aizawl,0
Green hills restaurant and home stay,23.6952242,92.606932,4.5,"lodging, point_of_interest, establishment",hills,Mizoram,Winter,Aizawl,29
Urban CDPO,23.7388252,92.7156297,0,"point_of_interest, establishment",hills,Mizoram,Winter,Aizawl,0
RC Study Hall,23.7376057,92.7160617,0,"point_of_interest, establishment",hills,Mizoram,Winter,Aizawl,0
"Office of the Sectional Officer, PWD Mc Donald Hill Section Building (Sub-division North)",23.7390271,92.7164098,0,"point_of_interest, establishment",hills,Mizoram,Winter,Aizawl,0
UPHC,23.8205102,92.73432129999999,5,"point_of_interest, health, establishment",hills,Mizoram,Winter,Aizawl,3
MZU Park,23.7337804,92.66750379999999,4.3,"park, tourist_attraction, point_of_interest, establishment",hills,Mizoram,Winter,Aizawl,784
Aijal Club,23.7239869,92.7182053,4.1,"park, lodging, point_of_interest, establishment",hills,Mizoram,Winter,Aizawl,693
Murray's Restaurant,23.7369394,92.7161331,3.8,"restaurant, food, point_of_interest, establishment",hills,Mizoram,Winter,Aizawl,47
Muthi Tlang,23.7686388,92.7609597,4.2,"tourist_attraction, point_of_interest, establishment",hills,Mizoram,Winter,Aizawl,28
Laipuitlang View Point,23.7444234,92.720525,4.4,"tourist_attraction, point_of_interest, establishment",hills,Mizoram,Winter,Aizawl,58
Hotel Platinum Zarkawt,23.7367561,92.7167632,4.3,"lodging, point_of_interest, establishment",hills,Mizoram,Winter,Aizawl,206
Sawiremtlang,23.8207657,92.7339753,4.3,"park, point_of_interest, establishment",hills,Mizoram,Winter,Aizawl,71
Midum Kham View Point,23.4696531,92.7403446,4.6,"tourist_attraction, point_of_interest, establishment",hills,Mizoram,Winter,Aizawl,83
Chalfilh Tlâng (Vanzâu),23.8507299,92.9307281,4.2,"tourist_attraction, point_of_interest, establishment",hills,Mizoram,Winter,Aizawl,17
Țawi Pûk,23.5040389,92.9611269,4.6,"tourist_attraction, point_of_interest, establishment",hills,Mizoram,Winter,Aizawl,22
"Sakawrhmuituai Tlang, Sihphir",23.8589569,92.7394645,4.5,"tourist_attraction, point_of_interest, establishment",hills,Mizoram,Winter,Aizawl,148
"Lalsavunga Park, Hlimen",23.6716011,92.7202734,4.3,"park, tourist_attraction, point_of_interest, establishment",hills,Mizoram,Winter,Aizawl,606
Hotel Regency,23.7383074,92.7166214,4.1,"lodging, point_of_interest, establishment",hills,Mizoram,Winter,Aizawl,2156
"Zo Khua, Reiek",23.6933651,92.60747599999999,4.3,"tourist_attraction, point_of_interest, establishment",hills,Mizoram,Winter,Aizawl,23
Hills Medical Store,23.7324962,92.7170002,5,"pharmacy, store, point_of_interest, health, establishment",hills,Mizoram,Winter,Aizawl,2
Folkland Park,23.7284046,92.74105,4.2,"park, point_of_interest, establishment",hills,Mizoram,Winter,Aizawl,1601
Leitan Durtlang,23.7699877,92.7356861,4,"tourist_attraction, point_of_interest, establishment",hills,Mizoram,Winter,Aizawl,193
DURTLANG THLANMUAL HLUI (Durtlang Kawnveng),23.7822817,92.7278233,0,"cemetery, point_of_interest, establishment",hills,Mizoram,Winter,Aizawl,0
Zemabawk Park,23.7272843,92.751055,4,"park, point_of_interest, establishment",hills,Mizoram,Winter,Aizawl,81
"St Paul's Higher Secondary School – Montfort Hills, Tlangnuam",23.7057093,92.7164667,4.6,"secondary_school, school, point_of_interest, establishment",hills,Mizoram,Winter,Aizawl,48
Khawhpawp Falls,23.724226,92.67094910000002,4,"tourist_attraction, point_of_interest, establishment",attraction,Mizoram,All Seasons,Aizawl,162
Tuirivang Falls,23.572152,92.75697629999999,4.4,"tourist_attraction, point_of_interest, establishment",attraction,Mizoram,All Seasons,Aizawl,16
"Sakawrhmuituai Tlang, Sihphir",23.8589569,92.7394645,4.5,"tourist_attraction, point_of_interest, establishment",attraction,Mizoram,All Seasons,Aizawl,148
Laipuitlang View Point,23.7444234,92.720525,4.4,"tourist_attraction, point_of_interest, establishment",attraction,Mizoram,All Seasons,Aizawl,58
Leisang Kurung starting point,23.6971999,92.6353639,4.1,"tourist_attraction, point_of_interest, establishment",attraction,Mizoram,All Seasons,Aizawl,13
Muthi Tlang,23.7686388,92.7609597,4.2,"tourist_attraction, point_of_interest, establishment",attraction,Mizoram,All Seasons,Aizawl,28
Berawtlang View Point,23.7292892,92.7591995,4.1,"tourist_attraction, point_of_interest, establishment",attraction,Mizoram,All Seasons,Aizawl,40
Lalat Park,23.7216648,92.7260132,3.9,"park, tourist_attraction, point_of_interest, establishment",attraction,Mizoram,All Seasons,Aizawl,907
"Lalsavunga Park, Hlimen",23.6716011,92.7202734,4.3,"park, tourist_attraction, point_of_interest, establishment",attraction,Mizoram,All Seasons,Aizawl,606
Viewpoint,23.7303285,92.7509212,0,"tourist_attraction, point_of_interest, establishment",attraction,Mizoram,All Seasons,Aizawl,0
"On the Rocks , Aizawl",23.7420419,92.7337795,4.3,"tourist_attraction, point_of_interest, establishment",attraction,Mizoram,All Seasons,Aizawl,61
Hmawngkai tuikhur,23.7222845,92.7207078,3.3,"tourist_attraction, point_of_interest, establishment",attraction,Mizoram,All Seasons,Aizawl,6
Lovers Point,23.7135685,92.7075428,0,"tourist_attraction, point_of_interest, establishment",attraction,Mizoram,All Seasons,Aizawl,0
JR top view,23.7358244,92.71164329999999,5,"tourist_attraction, point_of_interest, establishment",attraction,Mizoram,All Seasons,Aizawl,2
"Sunset Spot, MINECO",23.7260777,92.7030152,3.9,"tourist_attraction, point_of_interest, establishment",attraction,Mizoram,All Seasons,Aizawl,20
Midum Kham View Point,23.4696531,92.7403446,4.6,"tourist_attraction, point_of_interest, establishment",attraction,Mizoram,All Seasons,Aizawl,83
Tanhril View,23.7366578,92.6763343,5,"tourist_attraction, point_of_interest, establishment",attraction,Mizoram,All Seasons,Aizawl,3
RANGTLA LI,23.5671337,92.76026329999999,4.8,"tourist_attraction, point_of_interest, establishment",attraction,Mizoram,All Seasons,Aizawl,6
City Forest,23.6717098,92.7155425,3.9,"tourist_attraction, point_of_interest, establishment",attraction,Mizoram,All Seasons,Aizawl,9
KȚP Kraws,23.7422984,92.7198998,4.5,"tourist_attraction, point_of_interest, establishment",attraction,Mizoram,All Seasons,Aizawl,6
Vaipuanpho falls Initial picnic point,23.7016413,92.63799209999999,4.4,"tourist_attraction, point_of_interest, establishment",attraction,Mizoram,All Seasons,Aizawl,12
Pratheeksha Waterfall,23.7379498,92.65722149999999,3.7,"tourist_attraction, point_of_interest, establishment",attraction,Mizoram,All Seasons,Aizawl,3
Reiek Tlang View Point,23.6822211,92.6068939,4.7,"tourist_attraction, point_of_interest, establishment",attraction,Mizoram,All Seasons,Aizawl,88
Leitan Durtlang,23.7699877,92.7356861,4,"tourist_attraction, point_of_interest, establishment",attraction,Mizoram,All Seasons,Aizawl,193
Ailawng Cable foot bridge.,23.6803652,92.62665109999999,4.1,"tourist_attraction, point_of_interest, establishment",attraction,Mizoram,All Seasons,Aizawl,7
Veidut street,23.7095431,92.4847904,5,"tourist_attraction, point_of_interest, establishment",attraction,Mizoram,All Seasons,Aizawl,1
Tuisen Falls,23.7357346,92.63529650000001,5,"tourist_attraction, point_of_interest, establishment",attraction,Mizoram,All Seasons,Aizawl,5
Luangmual view 2,23.7416487,92.70044229999999,4.7,"tourist_attraction, point_of_interest, establishment",attraction,Mizoram,All Seasons,Aizawl,3
Tuithum Lui Falls – II,23.715786,92.6635103,4.5,"tourist_attraction, point_of_interest, establishment",attraction,Mizoram,All Seasons,Aizawl,2
Thakthing Lal in,23.7159659,92.72394829999999,4.4,"tourist_attraction, point_of_interest, establishment",attraction,Mizoram,All Seasons,Aizawl,7
Azuali waterfalls,23.7112251,92.6645534,4.5,"tourist_attraction, point_of_interest, establishment",attraction,Mizoram,All Seasons,Aizawl,22
"Khuangchera Pûk, Ailawng",23.6913163,92.618014,3.8,"tourist_attraction, point_of_interest, establishment",attraction,Mizoram,All Seasons,Aizawl,37
Mizoram Genisis Landmark,23.7191186,92.71629659999999,5,"tourist_attraction, point_of_interest, establishment",attraction,Mizoram,All Seasons,Aizawl,1
Paradise,23.7535625,92.6725625,4.7,"tourist_attraction, point_of_interest, establishment",attraction,Mizoram,All Seasons,Aizawl,6
Ramri Tlang,23.5170896,92.8262172,0,"tourist_attraction, park, point_of_interest, establishment",attraction,Mizoram,All Seasons,Aizawl,0
Lunglawn,23.7661353,92.9453552,4.1,"tourist_attraction, point_of_interest, establishment",attraction,Mizoram,All Seasons,Aizawl,9
JF Viewing Gallery,23.7049909,92.71655299999999,4.1,"tourist_attraction, landmark, point_of_interest, establishment",attraction,Mizoram,All Seasons,Aizawl,47
Infinite Ainawn Park,23.720615,92.646419,3.7,"amusement_park, tourist_attraction, park, point_of_interest, establishment",attraction,Mizoram,All Seasons,Aizawl,164
"Zo Khua, Ailawng",23.6866419,92.6179409,4.5,"tourist_attraction, point_of_interest, establishment",attraction,Mizoram,All Seasons,Aizawl,4
Tourist Resort Tamdil Lake,23.7378274,92.9531272,4.2,"tourist_attraction, point_of_interest, establishment",attraction,Mizoram,All Seasons,Aizawl,5
Neihbawih,23.8337792,92.74280949999999,4.4,"tourist_attraction, point_of_interest, establishment",attraction,Mizoram,All Seasons,Aizawl,38
"Zo Khua, Reiek",23.6933651,92.60747599999999,4.3,"tourist_attraction, point_of_interest, establishment",attraction,Mizoram,All Seasons,Aizawl,23
Rainbow holiday home,23.8417642,92.64151989999999,4,"tourist_attraction, point_of_interest, establishment",attraction,Mizoram,All Seasons,Aizawl,17
Durtlang View (Durkhawpui View),23.7930695,92.72672999999999,4.4,"park, point_of_interest, establishment",attraction,Mizoram,All Seasons,Aizawl,46
Ez-i Huan,23.6682026,92.6733234,0,"tourist_attraction, point_of_interest, establishment",attraction,Mizoram,All Seasons,Aizawl,0
KV Paradise,23.774266,92.7271612,4.1,"tourist_attraction, point_of_interest, establishment",attraction,Mizoram,All Seasons,Aizawl,288
Nghaper Lî,23.7587534,92.634579,4.2,"tourist_attraction, point_of_interest, establishment",attraction,Mizoram,All Seasons,Aizawl,17
Chalfilh Tlâng (Vanzâu),23.8507299,92.9307281,4.2,"tourist_attraction, point_of_interest, establishment",attraction,Mizoram,All Seasons,Aizawl,17
Țawi Pûk,23.5040389,92.9611269,4.6,"tourist_attraction, point_of_interest, establishment",attraction,Mizoram,All Seasons,Aizawl,22
Kawrlungtuk Resort,23.9051278,93.0145599,5,"tourist_attraction, point_of_interest, establishment",attraction,Mizoram,All Seasons,Aizawl,1
Sakawrhmuituai North,23.8683773,92.7382947,4.4,"tourist_attraction, point_of_interest, establishment",attraction,Mizoram,All Seasons,Aizawl,17
"Belkhai/Nghalchawm Lei, Sihhmui",23.7941656,92.64012819999999,4,"tourist_attraction, point_of_interest, establishment",attraction,Mizoram,All Seasons,Aizawl,8
DG Park,23.7285612,92.7397136,3.9,"park, tourist_attraction, point_of_interest, establishment",attraction,Mizoram,All Seasons,Aizawl,261
MZU Park,23.7337804,92.66750379999999,4.3,"park, tourist_attraction, point_of_interest, establishment",attraction,Mizoram,All Seasons,Aizawl,784
Ṭhiak Tlâng,23.4703691,92.7119544,0,"tourist_attraction, point_of_interest, establishment",attraction,Mizoram,All Seasons,Aizawl,0
Setlak lui,23.7705639,92.6447422,4.2,"tourist_attraction, point_of_interest, establishment",attraction,Mizoram,All Seasons,Aizawl,18
I Love Aizawl,23.7430862,92.7199684,5,"tourist_attraction, point_of_interest, establishment",attraction,Mizoram,All Seasons,Aizawl,1
Mizoram State Museum,23.7381134,92.71573479999999,4.1,"museum, tourist_attraction, point_of_interest, establishment",attraction,Mizoram,All Seasons,Aizawl,666
"Solomon's Temple, Aizawl",23.748018,92.6884415,4.4,"tourist_attraction, church, place_of_worship, point_of_interest, establishment",attraction,Mizoram,All Seasons,Aizawl,447
Lianphunga Bûng — Sateek,23.5340112,92.6992028,4.2,"tourist_attraction, point_of_interest, establishment",attraction,Mizoram,All Seasons,Aizawl,93
Murlen National Park,23.6573654,93.2784825,4.4,"tourist_attraction, park, point_of_interest, establishment",parks,Mizoram,Spring,Champhai,111
NEW CHALRANG YMA PARK,23.3782748,93.1376451,5,"park, point_of_interest, establishment",parks,Mizoram,Spring,Champhai,1
YMA PARK (New),23.4978465,93.3486411,4.5,"park, point_of_interest, establishment",parks,Mizoram,Spring,Champhai,10
"YMA Park, Ruantlang",23.4353421,93.340578,4,"park, point_of_interest, establishment",parks,Mizoram,Spring,Champhai,13
Mualvawm park,23.5348427,93.18595839999999,4.5,"park, point_of_interest, establishment",parks,Mizoram,Spring,Champhai,8
Leisenzo Students' Union Park,23.2897802,93.32565749999999,5,"park, point_of_interest, establishment",parks,Mizoram,Spring,Champhai,1
Champhai YMA Sub Hqrs Park,23.4760289,93.3361027,5,"park, point_of_interest, establishment",parks,Mizoram,Spring,Champhai,1
Y.M.A Park,23.5316397,93.3687358,5,"park, point_of_interest, establishment",parks,Mizoram,Spring,Champhai,2
"YMA Park, Sesih",23.285429,93.3408891,5,"park, point_of_interest, establishment",parks,Mizoram,Spring,Champhai,1
Hmunhmeltha YMA park,23.4989673,93.3291052,4.5,"park, point_of_interest, establishment",parks,Mizoram,Spring,Champhai,2
East Lungdar Martar Lungdawh,23.2013685,93.08149739999999,4,"park, point_of_interest, establishment",parks,Mizoram,Spring,Champhai,15
Bungzung YMA Park,23.2799443,93.2342737,4.5,"park, point_of_interest, establishment",parks,Mizoram,Spring,Champhai,4
Chalrang YMA Park,23.3854436,93.14939179999999,4.5,"park, point_of_interest, establishment",parks,Mizoram,Spring,Champhai,4
YMA Park,23.636674,93.191063,4,"park, point_of_interest, establishment",parks,Mizoram,Spring,Champhai,1
UPA Rohmingthanga Memorial Park,23.4772322,93.3179787,4,"park, point_of_interest, establishment",parks,Mizoram,Spring,Champhai,3
Zote Tiau picnic spot,23.502295,93.39509489999999,4.7,"park, point_of_interest, establishment",parks,Mizoram,Spring,Champhai,7
Lamthanga Huan,23.473537,93.13592609999999,5,"park, point_of_interest, establishment",parks,Mizoram,Spring,Champhai,1
Hamsei Mual,23.526234,93.554518,5,"park, point_of_interest, establishment",parks,Mizoram,Spring,Champhai,1
Martyr Memorial Stone,23.5347625,93.18529819999999,4.3,"park, point_of_interest, establishment",parks,Mizoram,Spring,Champhai,3
Biate Tlang,23.248841,93.1176936,4.3,"park, point_of_interest, establishment",parks,Mizoram,Spring,Champhai,4
Botanical Garden Champhai,23.4386502,93.3235366,4,"park, point_of_interest, establishment",parks,Mizoram,Spring,Champhai,1
Aiduzawl M.U.P Park,23.69626,93.18307329999999,3,"park, point_of_interest, establishment",parks,Mizoram,Spring,Champhai,1
C. Remsiama Sapthei,23.4637519,93.2091726,0,"park, point_of_interest, establishment",parks,Mizoram,Spring,Champhai,0
"YMA Park, Rabung",23.675486,93.2073376,0,"park, point_of_interest, establishment",parks,Mizoram,Spring,Champhai,0
YMA park,23.3659066,93.1734687,0,"park, point_of_interest, establishment",parks,Mizoram,Spring,Champhai,0
YMA park,23.3861305,93.1015503,0,"park, point_of_interest, establishment",parks,Mizoram,Spring,Champhai,0
YMA Park,23.2465625,93.24781250000001,0,"park, point_of_interest, establishment",parks,Mizoram,Spring,Champhai,0
Kanan Thlanmual,23.4731359,93.3192362,3,"park, point_of_interest, establishment",parks,Mizoram,Spring,Champhai,1
Than Zuala Ralte,23.4975818,93.0688055,4,"park, point_of_interest, establishment",parks,Mizoram,Spring,Champhai,1
Br.YMA Park&CAMPA Area,23.2878108,93.0940481,0,"park, point_of_interest, establishment",parks,Mizoram,Spring,Champhai,0
C. Luaia Square,23.4776837,93.3233656,3,"park, point_of_interest, establishment",parks,Mizoram,Spring,Champhai,2
Rih Lake,23.3404959,93.3851131,4.7,"park, point_of_interest, establishment",parks,Mizoram,Spring,Champhai,18
Arro Tuithiang,23.5313504,93.1615654,5,"park, point_of_interest, establishment",parks,Mizoram,Spring,Champhai,1
Hlawnchina Dum Camping Ground,23.4821362,93.3641841,0,"park, point_of_interest, establishment",parks,Mizoram,Spring,Champhai,0
Saphihrik Tlâng,23.6801719,93.2025448,5,"campground, lodging, park, point_of_interest, establishment",parks,Mizoram,Spring,Champhai,3
Tuisenphai road,23.5349189,93.1830908,5,"park, point_of_interest, establishment",parks,Mizoram,Spring,Champhai,1
Ringaihna Tlang,23.7008156,93.3819338,5,"park, point_of_interest, establishment",parks,Mizoram,Spring,Champhai,1
Lalsangthanga huan,23.449911,93.35618640000001,0,"park, point_of_interest, establishment",parks,Mizoram,Spring,Champhai,0
Aùi Garden,23.4657267,93.3361339,5,"park, point_of_interest, establishment",parks,Mizoram,Spring,Champhai,1
Huan Eden,23.190865,93.0485502,0,"park, point_of_interest, establishment",parks,Mizoram,Spring,Champhai,0
Lalsawmi Huan,23.539305,93.3092176,0,"park, point_of_interest, establishment",parks,Mizoram,Spring,Champhai,0
Nature Camp,23.6084264,93.29237909999999,0,"park, point_of_interest, establishment",parks,Mizoram,Spring,Champhai,0
Vailungthlar tlang,23.4963307,93.36696289999999,0,"park, point_of_interest, establishment",parks,Mizoram,Spring,Champhai,0
Lalrawntlinga huan,23.4658045,93.1114121,0,"park, point_of_interest, establishment",parks,Mizoram,Spring,Champhai,0
Bawihtlaia tuikhuah,23.473978,93.3379813,0,"park, point_of_interest, establishment",parks,Mizoram,Spring,Champhai,0
Forest Spy Center,23.6206205,93.351684,5,"park, point_of_interest, establishment",parks,Mizoram,Spring,Champhai,1
Pu Vanlalkawpa huan,23.2934174,93.1162374,0,"park, point_of_interest, establishment",parks,Mizoram,Spring,Champhai,0
Lentlang Awihthla,23.7244299,93.3042731,0,"park, point_of_interest, establishment",parks,Mizoram,Spring,Champhai,0
Vailungthlar tlang,23.4966555,93.35778479999999,0,"park, point_of_interest, establishment",parks,Mizoram,Spring,Champhai,0
"Zirna tlang, Tuipui West",23.4511909,93.2587975,0,"park, point_of_interest, establishment",parks,Mizoram,Spring,Champhai,0
Pu En Gin Thang leh Pi Cing Khan Zen te Haan mual (Tomb),23.5594606,93.4785914,5,"park, point_of_interest, establishment",parks,Mizoram,Spring,Champhai,1
Pu Lalbiaknunga te huan,23.3097909,93.115257,0,"park, point_of_interest, establishment",parks,Mizoram,Spring,Champhai,0
New Eden,23.4702716,93.5168068,5,"park, point_of_interest, establishment",parks,Mizoram,Spring,Champhai,2
Lian Sian Dong Baanzal,23.312777,93.5454015,0,"park, point_of_interest, establishment",parks,Mizoram,Spring,Champhai,0
Pak Zang Khua,23.2383909,93.5994022,0,"park, point_of_interest, establishment",parks,Mizoram,Spring,Champhai,0
CINLAM KHUAL TE ZANG LO,23.4122182,93.6137791,0,"park, point_of_interest, establishment",parks,Mizoram,Spring,Champhai,0
Tuithang View Point (Meikhút Vum),23.4578114,93.60610530000001,0,"park, point_of_interest, establishment",parks,Mizoram,Spring,Champhai,0
Arazet Farm,23.4674828,93.3353309,0,"park, point_of_interest, establishment",parks,Mizoram,Spring,Champhai,0
Pika Tlang,23.4593462,93.3515147,0,"park, point_of_interest, establishment",parks,Mizoram,Spring,Champhai,0
H. Lalramhluna huan,23.4035461,93.3483323,0,"park, point_of_interest, establishment",parks,Mizoram,Spring,Champhai,0
Thanlui (Tuikhuk),23.5159125,93.5897344,5,"museum, point_of_interest, establishment",museum,Mizoram,Winter,Champhai,1
Tungzang Village,23.5175979,93.5886929,0,"museum, point_of_interest, establishment",museum,Mizoram,Winter,Champhai,0
"Vanapa Thlan, Hnahlan Tuithoh Luikam",23.6406315,93.3526322,5,"museum, point_of_interest, establishment",museum,Mizoram,Winter,Champhai,2
Mura Pûk,23.3288178,93.0954472,3.2,"tourist_attraction, point_of_interest, establishment",waterfalls,Mizoram,Monsoon,Champhai,6
YAHWEH SYNAGOGUE,23.6201851,93.35039890000002,5,"synagogue, place_of_worship, point_of_interest, establishment",temples,Mizoram,All Seasons,Champhai,1
Kaptel Zomi Baptist Church Temple,23.3028399,93.55675769999999,5,"church, place_of_worship, point_of_interest, establishment",temples,Mizoram,All Seasons,Champhai,1
The Salvation Army – Sialhawk Corps,23.2928058,93.09396559999999,4,"church, place_of_worship, point_of_interest, establishment",temples,Mizoram,All Seasons,Champhai,1
Pine Hill Academy,23.4616955,93.332956,4.4,"school, point_of_interest, establishment",hills,Mizoram,Winter,Champhai,7
Biate Tlang,23.248841,93.1176936,4.3,"park, point_of_interest, establishment",hills,Mizoram,Winter,Champhai,4
Castrol Service - Irdiv Tc,23.4732932,93.33765029999999,0,"car_wash, car_repair, point_of_interest, establishment",hills,Mizoram,Winter,Champhai,0
Mura Pûk,23.3288178,93.0954472,3.2,"tourist_attraction, point_of_interest, establishment",attraction,Mizoram,All Seasons,Champhai,6
Tuifar (Falls),23.4736468,93.2384727,4.5,"tourist_attraction, point_of_interest, establishment",attraction,Mizoram,All Seasons,Champhai,4
TauDawh,23.3174195,93.5400743,0,"tourist_attraction, point_of_interest, establishment",attraction,Mizoram,All Seasons,Champhai,0
East Lungdar Tlâng,23.2014215,93.08319259999999,4.2,"tourist_attraction, point_of_interest, establishment",attraction,Mizoram,All Seasons,Champhai,9
Joy of Champhai,23.4691429,93.3350543,4.4,"tourist_attraction, point_of_interest, establishment",attraction,Mizoram,All Seasons,Champhai,18
Ngur tlang Chawlhbuk Viewpoint,23.5397341,93.3789068,4.5,"tourist_attraction, point_of_interest, establishment",attraction,Mizoram,All Seasons,Champhai,2
Khawhai Tlâng,23.3734156,93.1163423,4.1,"tourist_attraction, point_of_interest, establishment",attraction,Mizoram,All Seasons,Champhai,11
Mualnuam,23.4551981,93.34933459999999,4.7,"tourist_attraction, point_of_interest, establishment",attraction,Mizoram,All Seasons,Champhai,35
Rihtlangpui View Point,23.3478924,93.3862917,5,"tourist_attraction, point_of_interest, establishment",attraction,Mizoram,All Seasons,Champhai,2
Khawthlir,23.2903635,93.3888412,5,"tourist_attraction, point_of_interest, establishment",attraction,Mizoram,All Seasons,Champhai,1
Lungtagi/lungthlanghing,23.5320746,93.234267,3,"tourist_attraction, point_of_interest, establishment",attraction,Mizoram,All Seasons,Champhai,4
Forestkawn,23.4834462,93.329825,0,"tourist_attraction, point_of_interest, establishment",attraction,Mizoram,All Seasons,Champhai,0
Lentang Camp,23.3602393,93.50065459999999,5,"tourist_attraction, point_of_interest, establishment",attraction,Mizoram,All Seasons,Champhai,1
Dulte Dil,23.6186131,93.0436206,4,"tourist_attraction, point_of_interest, establishment",attraction,Mizoram,All Seasons,Champhai,11
Seventhday Mual,23.4881506,93.3272471,4,"tourist_attraction, point_of_interest, establishment",attraction,Mizoram,All Seasons,Champhai,1
Tuilut Puk,23.5411255,93.3727095,0,"tourist_attraction, point_of_interest, establishment",attraction,Mizoram,All Seasons,Champhai,0
Pu Khup’ Mual Lamka,23.4846398,93.58120579999999,5,"tourist_attraction, point_of_interest, establishment",attraction,Mizoram,All Seasons,Champhai,2
Khawpuiṭan,23.4596024,93.22214269999999,4.6,"tourist_attraction, point_of_interest, establishment",attraction,Mizoram,All Seasons,Champhai,10
Losau lui,23.3251705,93.6169062,0,"tourist_attraction, point_of_interest, establishment",attraction,Mizoram,All Seasons,Champhai,0
Dâm Lî,23.4566937,93.2610133,5,"tourist_attraction, point_of_interest, establishment",attraction,Mizoram,All Seasons,Champhai,5
Workshop Veng,23.6107973,93.08506539999999,5,"tourist_attraction, point_of_interest, establishment",attraction,Mizoram,All Seasons,Champhai,2
Luipi Lui,23.308661,93.618673,0,"tourist_attraction, point_of_interest, establishment",attraction,Mizoram,All Seasons,Champhai,0
1st Step of Lennupa(Buannel),23.2833899,93.5269097,0,"tourist_attraction, point_of_interest, establishment",attraction,Mizoram,All Seasons,Champhai,0
Len Nupa,23.2764093,93.5145776,0,"tourist_attraction, point_of_interest, establishment",attraction,Mizoram,All Seasons,Champhai,0
"Mura Puk , Zote",23.504873,93.3544253,4.7,"tourist_attraction, point_of_interest, establishment",attraction,Mizoram,All Seasons,Champhai,3
Langkui Vum,23.4590291,93.61563319999999,5,"tourist_attraction, point_of_interest, establishment",attraction,Mizoram,All Seasons,Champhai,1
Lalliana Lo Zawl,23.6609559,93.2842563,4,"tourist_attraction, point_of_interest, establishment",attraction,Mizoram,All Seasons,Champhai,1
Murlen National Park,23.6573654,93.2784825,4.4,"tourist_attraction, park, point_of_interest, establishment",attraction,Mizoram,All Seasons,Champhai,111
Lianchhiari Lunglen Tlang,23.1924701,93.2472324,4.5,"tourist_attraction, point_of_interest, establishment",attraction,Mizoram,All Seasons,Champhai,80
Thingtlang Thlanmual hmasa ber,23.4645685,93.20921039999999,0,"tourist_attraction, point_of_interest, establishment",attraction,Mizoram,All Seasons,Champhai,0
Jubilee 2,23.4625759,93.2928699,0,"tourist_attraction, point_of_interest, establishment",attraction,Mizoram,All Seasons,Champhai,0
Khâwng Park — North Vanlaiphai,23.1311902,93.0411835,4.1,"park, point_of_interest, establishment",parks,Mizoram,Spring,Hnahthial,14
"DBYF, Park",22.9892092,93.1893175,5,"park, point_of_interest, establishment",parks,Mizoram,Spring,Hnahthial,1
Laldenga Park,22.9449072,92.76408649999999,4,"park, point_of_interest, establishment",parks,Mizoram,Spring,Hnahthial,30
Eco park,23.2236599,93.0011998,5,"park, point_of_interest, establishment",parks,Mizoram,Spring,Hnahthial,1
Zomuan Park (Pu S.Dinga Park),22.8848938,92.7627933,3.9,"point_of_interest, establishment",parks,Mizoram,Spring,Hnahthial,45
Children's Park,22.8851471,92.7459418,3.5,"park, point_of_interest, establishment",parks,Mizoram,Spring,Hnahthial,216
Lunglei District Park,22.8481537,92.8175377,3.7,"park, point_of_interest, establishment",parks,Mizoram,Spring,Hnahthial,53
East Lungdar Martar Lungdawh,23.2013685,93.08149739999999,4,"park, point_of_interest, establishment",parks,Mizoram,Spring,Hnahthial,15
LDF Park,22.9385877,92.7512095,4.7,"park, point_of_interest, establishment",parks,Mizoram,Spring,Hnahthial,3
YMA Park,23.181529,92.7369236,5,"park, point_of_interest, establishment",parks,Mizoram,Spring,Hnahthial,1
Tarpho park,23.0061174,92.9991093,5,"park, point_of_interest, establishment",parks,Mizoram,Spring,Hnahthial,3
Cherhlun YMA Jubilee Park,23.0076138,93.0846275,5,"park, point_of_interest, establishment",parks,Mizoram,Spring,Hnahthial,1
Changpui YMA Park,23.1678675,92.6113316,5,"park, point_of_interest, establishment",parks,Mizoram,Spring,Hnahthial,4
YLA park,22.7541658,93.0745347,5,"park, point_of_interest, establishment",parks,Mizoram,Spring,Hnahthial,1
Hnawncheua Park,22.7170162,92.8392544,5,"park, point_of_interest, establishment",parks,Mizoram,Spring,Hnahthial,2
Jacob's Villa,22.9000311,92.7370005,4.3,"park, point_of_interest, establishment",parks,Mizoram,Spring,Hnahthial,15
"Ding Dong Park, Ramthar, Lunglei",22.8826488,92.7634082,0,"park, point_of_interest, establishment",parks,Mizoram,Spring,Hnahthial,0
YLA PARK Lungtian II,22.7176372,92.97344729999999,5,"park, point_of_interest, establishment",parks,Mizoram,Spring,Hnahthial,2
KT Picnic spot,23.1306604,93.04985169999999,4.7,"park, point_of_interest, establishment",parks,Mizoram,Spring,Hnahthial,3
YMA Park Chhipphir,23.175048,92.8008337,3,"park, point_of_interest, establishment",parks,Mizoram,Spring,Hnahthial,1
War Memorial Park,22.8849246,92.74610249999999,3,"park, point_of_interest, establishment",parks,Mizoram,Spring,Hnahthial,2
"YLA Park, Sangau – I",22.7375703,93.0640057,3.6,"park, point_of_interest, establishment",parks,Mizoram,Spring,Hnahthial,5
J.VK Garden,23.2017873,93.01849059999999,5,"park, point_of_interest, establishment",parks,Mizoram,Spring,Hnahthial,1
H&B Farm,22.8497918,92.7585678,0,"park, point_of_interest, establishment",parks,Mizoram,Spring,Hnahthial,0
Joseph Resort,22.8712271,92.76031859999999,5,"park, point_of_interest, establishment",parks,Mizoram,Spring,Hnahthial,2
TerraceFarm,22.9502695,92.7723537,5,"park, point_of_interest, establishment",parks,Mizoram,Spring,Hnahthial,3
Zawngtelukhai Park,23.2125028,93.0004404,2.8,"park, point_of_interest, establishment",parks,Mizoram,Spring,Hnahthial,6
Sipai Tlang,22.8596283,92.8222079,0,"park, point_of_interest, establishment",parks,Mizoram,Spring,Hnahthial,0
Apeto Garden,22.9712024,92.60949029999999,5,"park, point_of_interest, establishment",parks,Mizoram,Spring,Hnahthial,1
Aikha park (Nghasih Road),22.8836672,92.76540709999999,0,"park, point_of_interest, establishment",parks,Mizoram,Spring,Hnahthial,0
South Vanlaiphai kawtchhuah,22.7976463,92.9942485,5,"park, point_of_interest, establishment",parks,Mizoram,Spring,Hnahthial,1
Lunglawn Park,22.8715109,92.7528675,4.1,"park, point_of_interest, establishment",parks,Mizoram,Spring,Hnahthial,81
"Kahchham Park, Ngharchhip",22.9803859,93.11646739999999,0,"park, point_of_interest, establishment",parks,Mizoram,Spring,Hnahthial,0
"YLA Reserved Forest, Lungtian II",22.7226298,92.9665701,4,"park, point_of_interest, establishment",parks,Mizoram,Spring,Hnahthial,1
Victora Huan,22.8670691,92.7655358,5,"park, point_of_interest, establishment",parks,Mizoram,Spring,Hnahthial,1
YMA Park,23.0008885,92.8153291,0,"park, point_of_interest, establishment",parks,Mizoram,Spring,Hnahthial,0
Chawngvungi Park,23.0958222,92.8936988,0,"park, point_of_interest, establishment",parks,Mizoram,Spring,Hnahthial,0
Tuirihiau Falls,23.2368655,92.7491194,4.4,"tourist_attraction, park, point_of_interest, establishment",parks,Mizoram,Spring,Hnahthial,389
Abel's Resort,22.9374341,92.75256,3.9,"park, point_of_interest, establishment",parks,Mizoram,Spring,Hnahthial,16
Sangau 2 YLA Park,22.7178589,93.05042399999999,1,"park, point_of_interest, establishment",parks,Mizoram,Spring,Hnahthial,1
City Garden Lunglei,22.8799756,92.7598197,3.7,"park, point_of_interest, establishment",parks,Mizoram,Spring,Hnahthial,13
Liantluanga vawk in,23.1604132,93.11424079999999,5,"park, point_of_interest, establishment",parks,Mizoram,Spring,Hnahthial,1
Thakima huan,22.8838185,92.7636868,5,"park, point_of_interest, establishment",parks,Mizoram,Spring,Hnahthial,1
C. Lalramenga thlai hmun,23.0912694,92.7934721,5,"park, point_of_interest, establishment",parks,Mizoram,Spring,Hnahthial,1
Thinrik Tlang,23.1298705,93.0640614,5,"park, point_of_interest, establishment",parks,Mizoram,Spring,Hnahthial,1
Sertlangpui Tlang,23.1302532,92.68648379999999,4,"park, point_of_interest, establishment",parks,Mizoram,Spring,Hnahthial,1
Pangzawl - Lungmawi Mat kai,23.0827082,92.8672208,4,"park, point_of_interest, establishment",parks,Mizoram,Spring,Hnahthial,2
Rc garden,22.7034149,92.8369104,5,"park, point_of_interest, establishment",parks,Mizoram,Spring,Hnahthial,1
C.L kunga huan,23.164543,92.9375739,3,"park, point_of_interest, establishment",parks,Mizoram,Spring,Hnahthial,1
T.Chhuana huan,22.7098997,92.8369302,5,"park, point_of_interest, establishment",parks,Mizoram,Spring,Hnahthial,1
"YMA Chanmari Branch, Hnahthial , Luidung Humhalh Venbuk",22.9237686,92.9654211,5,"park, point_of_interest, establishment",parks,Mizoram,Spring,Hnahthial,1
CampSiloam,22.91914,92.7604192,5,"park, point_of_interest, establishment",parks,Mizoram,Spring,Hnahthial,1
Thanthianga Leilet,23.0867526,92.80976079999999,4.5,"park, point_of_interest, establishment",parks,Mizoram,Spring,Hnahthial,2
C.Dinthara's garden,22.7044714,92.8318572,5,"park, point_of_interest, establishment",parks,Mizoram,Spring,Hnahthial,1
Biakkunga huan,22.991963,92.81884199999999,5,"park, point_of_interest, establishment",parks,Mizoram,Spring,Hnahthial,1
"Khawnglung Veng, Thlanmual",23.1839726,92.9012462,5,"park, point_of_interest, establishment",parks,Mizoram,Spring,Hnahthial,1
Pu Mawia kuhva leh Sandalwood huan,22.839285,92.63763829999999,5,"park, point_of_interest, establishment",parks,Mizoram,Spring,Hnahthial,1
Pu Tialhranga Huan Thlam,22.7266025,92.9541941,5,"park, point_of_interest, establishment",parks,Mizoram,Spring,Hnahthial,1
Ropuia's Garden,23.1003997,92.6991954,4,"park, point_of_interest, establishment",parks,Mizoram,Spring,Hnahthial,1
ESKOL garden,23.1011907,92.6970316,3,"park, point_of_interest, establishment",parks,Mizoram,Spring,Hnahthial,1
"Lunglei District Museum, Sazaikawn",22.8845389,92.7319399,5,"point_of_interest, establishment",museum,Mizoram,Winter,Hnahthial,1
Tuirihiau Falls,23.2368655,92.7491194,4.4,"tourist_attraction, park, point_of_interest, establishment",waterfalls,Mizoram,Monsoon,Hnahthial,389
Vantawng Falls,23.2343703,92.7511995,4.2,"tourist_attraction, point_of_interest, establishment",waterfalls,Mizoram,Monsoon,Hnahthial,178
Vantawng Khawhthla Waterfall View Point,23.2340511,92.75474,4.4,"tourist_attraction, point_of_interest, establishment",waterfalls,Mizoram,Monsoon,Hnahthial,54
Vantawng Khawhthla,23.2328125,92.7510625,4.5,"tourist_attraction, point_of_interest, establishment",waterfalls,Mizoram,Monsoon,Hnahthial,41
"Khawhthlasang, South Chawngtui",23.0584406,93.0389354,4.7,"tourist_attraction, point_of_interest, establishment",waterfalls,Mizoram,Monsoon,Hnahthial,7
Vanva Lui,23.2326345,92.75077920000001,5,"park, point_of_interest, establishment",waterfalls,Mizoram,Monsoon,Hnahthial,1
Pu Rawla Khawhthla,23.2428603,92.7752498,5,"park, point_of_interest, establishment",waterfalls,Mizoram,Monsoon,Hnahthial,3
Tuirihiau - Vantawng Lawng Service,23.2372438,92.7481595,4,"park, point_of_interest, establishment",waterfalls,Mizoram,Monsoon,Hnahthial,4
Abel's Resort,22.9374341,92.75256,3.9,"park, point_of_interest, establishment",beaches,Mizoram,Summer,Hnahthial,16
"Shiv Temple , Lunglei",22.8919311,92.7495768,0,"hindu_temple, place_of_worship, point_of_interest, establishment",temples,Mizoram,All Seasons,Hnahthial,0
Kali Temple,22.8952307,92.74808619999999,4.7,"hindu_temple, place_of_worship, point_of_interest, establishment",temples,Mizoram,All Seasons,Hnahthial,7
PHUNHNAWMA LUNG,22.8282657,93.0331345,4.7,"tourist_attraction, point_of_interest, establishment",temples,Mizoram,All Seasons,Hnahthial,10
"SHIV Temple, LUANGMUAL",22.8563273,92.7535841,0,"hindu_temple, place_of_worship, point_of_interest, establishment",temples,Mizoram,All Seasons,Hnahthial,0
Hujee Manaw Vihar Sramana Kothir,23.164543,92.9375739,0,"place_of_worship, point_of_interest, establishment",temples,Mizoram,All Seasons,Hnahthial,0
Balukia sury,22.8670691,92.7655358,0,"place_of_worship, point_of_interest, establishment",temples,Mizoram,All Seasons,Hnahthial,0
View of Lunglei,22.9265663,92.7505836,4.5,"tourist_attraction, point_of_interest, establishment",temples,Mizoram,All Seasons,Hnahthial,10
Lushai Hills,23.1666667,92.83333329999999,4.6,"natural_feature, establishment",hills,Mizoram,Winter,Hnahthial,78
FAITH HILL SCHOOL OF ARTS,22.8709475,92.7569628,5,"school, point_of_interest, establishment",hills,Mizoram,Winter,Hnahthial,1
Theiriat Tlâng,22.8683581,92.78813749999999,4.6,"tourist_attraction, point_of_interest, establishment",hills,Mizoram,Winter,Hnahthial,48
Phawngpui,22.733333,93.133333,3.9,"natural_feature, establishment",hills,Mizoram,Winter,Hnahthial,36
Thlenga & Mahriati villa ( C Sangzika in),23.1657094,92.79822569999999,4,"point_of_interest, establishment",hills,Mizoram,Winter,Hnahthial,1
"Govt Primary School – I, Chhipphir",23.1664663,92.8004703,3.5,"primary_school, school, point_of_interest, establishment",hills,Mizoram,Winter,Hnahthial,2
Mizoram,23.164543,92.9375739,No rating,"administrative_area_level_1, political",hills,Mizoram,Winter,Hnahthial,0
Lucy Bakes,22.885078,92.7462291,4,"bakery, store, food, point_of_interest, establishment",hills,Mizoram,Winter,Hnahthial,29
Vantawng Falls,23.2343703,92.7511995,4.2,"tourist_attraction, point_of_interest, establishment",attraction,Mizoram,All Seasons,Hnahthial,178
Tuirihiau Falls,23.2368655,92.7491194,4.4,"tourist_attraction, park, point_of_interest, establishment",attraction,Mizoram,All Seasons,Hnahthial,389
Theiriat Tlâng,22.8683581,92.78813749999999,4.6,"tourist_attraction, point_of_interest, establishment",attraction,Mizoram,All Seasons,Hnahthial,48
Vantawng Khawhthla Waterfall View Point,23.2340511,92.75474,4.4,"tourist_attraction, point_of_interest, establishment",attraction,Mizoram,All Seasons,Hnahthial,54
Vantawng Khawhthla,23.2328125,92.7510625,4.5,"tourist_attraction, point_of_interest, establishment",attraction,Mizoram,All Seasons,Hnahthial,41
"Sâikûti Thlan, Thingsâi",22.9292447,93.0967847,4.4,"tourist_attraction, point_of_interest, establishment",attraction,Mizoram,All Seasons,Hnahthial,10
"Fish Sanctuary, Tuipui D",22.9023258,92.93252919999999,4.3,"tourist_attraction, point_of_interest, establishment",attraction,Mizoram,All Seasons,Hnahthial,83
"Bungtianghawl, Kanghmun South",23.2065045,92.7400602,4.5,"tourist_attraction, point_of_interest, establishment",attraction,Mizoram,All Seasons,Hnahthial,12
East Lungdar Tlâng,23.2014215,93.08319259999999,4.2,"tourist_attraction, point_of_interest, establishment",attraction,Mizoram,All Seasons,Hnahthial,9
Pangzawl Khawngbawk Bûng,23.0664968,92.89789379999999,4.8,"tourist_attraction, point_of_interest, establishment",attraction,Mizoram,All Seasons,Hnahthial,5
View of Lunglei,22.9265663,92.7505836,4.5,"tourist_attraction, point_of_interest, establishment",attraction,Mizoram,All Seasons,Hnahthial,10
Rinpui Nu Lungdonh ( Tlaanglennak),22.9985738,93.19037499999999,0,"tourist_attraction, point_of_interest, establishment",attraction,Mizoram,All Seasons,Hnahthial,0
RÁLVÉN CHHUAK,22.7840625,93.09593749999999,4.5,"tourist_attraction, point_of_interest, establishment",attraction,Mizoram,All Seasons,Hnahthial,2
Chhimtuipui River,22.908082,92.9350122,4.8,"tourist_attraction, point_of_interest, establishment",attraction,Mizoram,All Seasons,Hnahthial,4
"Khawhthlasang, South Chawngtui",23.0584406,93.0389354,4.7,"tourist_attraction, point_of_interest, establishment",attraction,Mizoram,All Seasons,Hnahthial,7
Lunglei stone bridge trail,22.8887298,92.766367,0,"tourist_attraction, point_of_interest, establishment",attraction,Mizoram,All Seasons,Hnahthial,0
Sairep Tlang,22.8184355,92.8213013,4.7,"tourist_attraction, point_of_interest, establishment",attraction,Mizoram,All Seasons,Hnahthial,7
Sekhum Kawlchuana Bung,23.1452647,92.7502392,4.5,"tourist_attraction, hospital, point_of_interest, health, establishment",attraction,Mizoram,All Seasons,Hnahthial,4
Kanghmun South Waiting Shed,23.2158756,92.74082469999999,3.7,"tourist_attraction, point_of_interest, establishment",attraction,Mizoram,All Seasons,Hnahthial,3
Vanva,23.2399721,92.75074750000002,4.1,"tourist_attraction, point_of_interest, establishment",attraction,Mizoram,All Seasons,Hnahthial,9
PHUNHNAWMA LUNG,22.8282657,93.0331345,4.7,"tourist_attraction, point_of_interest, establishment",attraction,Mizoram,All Seasons,Hnahthial,10
Tiau leh tuipui infina/ tiau chhuak,22.7864505,93.0954774,4.5,"tourist_attraction, point_of_interest, establishment",attraction,Mizoram,All Seasons,Hnahthial,4
Areopagy,22.8501029,92.79415739999999,4.3,"tourist_attraction, point_of_interest, establishment",attraction,Mizoram,All Seasons,Hnahthial,37
Proti ranjan chakma,23.164543,92.9375739,0,"tourist_attraction, point_of_interest, establishment",attraction,Mizoram,All Seasons,Hnahthial,0
Dârzo Tlâng,22.8321206,92.9555982,4.5,"tourist_attraction, point_of_interest, establishment",attraction,Mizoram,All Seasons,Hnahthial,20
Leitan,22.9786712,93.1202781,0,"tourist_attraction, point_of_interest, establishment",attraction,Mizoram,All Seasons,Hnahthial,0
Bualkhum Run,22.9966397,93.09079729999999,0,"tourist_attraction, point_of_interest, establishment",attraction,Mizoram,All Seasons,Hnahthial,0
Lunghmingthang,22.8787505,92.9889608,0,"tourist_attraction, point_of_interest, establishment",attraction,Mizoram,All Seasons,Hnahthial,0
Chawnchhingi Lunglen Tlang,23.2234772,93.0012876,0,"tourist_attraction, point_of_interest, establishment",attraction,Mizoram,All Seasons,Hnahthial,0
CLS Wildlife Garden,23.6873852,92.9753661,5,"park, point_of_interest, establishment",parks,Mizoram,Spring,Khawzawl,11
Murlen National Park,23.6573654,93.2784825,4.4,"tourist_attraction, park, point_of_interest, establishment",parks,Mizoram,Spring,Khawzawl,111
"YMA Park, Thentlang",23.4215825,92.9090009,4.7,"park, point_of_interest, establishment",parks,Mizoram,Spring,Khawzawl,3
Joint YMA Park,23.6911677,92.9767793,4.5,"park, point_of_interest, establishment",parks,Mizoram,Spring,Khawzawl,15
Botanical Garden Champhai,23.4386502,93.3235366,4,"park, point_of_interest, establishment",parks,Mizoram,Spring,Khawzawl,1
C. Remsiama Sapthei,23.4637519,93.2091726,0,"park, point_of_interest, establishment",parks,Mizoram,Spring,Khawzawl,0
YMA PARK (New),23.4978465,93.3486411,4.5,"park, point_of_interest, establishment",parks,Mizoram,Spring,Khawzawl,10
"YMA Park, Ruantlang",23.4353421,93.340578,4,"park, point_of_interest, establishment",parks,Mizoram,Spring,Khawzawl,13
Mualvawm park,23.5348427,93.18595839999999,4.5,"park, point_of_interest, establishment",parks,Mizoram,Spring,Khawzawl,8
NEW CHALRANG YMA PARK,23.3782748,93.1376451,5,"park, point_of_interest, establishment",parks,Mizoram,Spring,Khawzawl,1
Keifang Centenary Park,23.6742986,92.9625659,4.7,"park, point_of_interest, establishment",parks,Mizoram,Spring,Khawzawl,3
YMA Park,23.636674,93.191063,4,"park, point_of_interest, establishment",parks,Mizoram,Spring,Khawzawl,1
Champhai YMA Sub Hqrs Park,23.4760289,93.3361027,5,"park, point_of_interest, establishment",parks,Mizoram,Spring,Khawzawl,1
Y.M.A Park,23.5316397,93.3687358,5,"park, point_of_interest, establishment",parks,Mizoram,Spring,Khawzawl,2
UPA Rohmingthanga Memorial Park,23.4772322,93.3179787,4,"park, point_of_interest, establishment",parks,Mizoram,Spring,Khawzawl,3
Hmunhmeltha YMA park,23.4989673,93.3291052,4.5,"park, point_of_interest, establishment",parks,Mizoram,Spring,Khawzawl,2
Chalrang YMA Park,23.3854436,93.14939179999999,4.5,"park, point_of_interest, establishment",parks,Mizoram,Spring,Khawzawl,4
Ruallung Park,23.6522025,92.9709116,4.1,"park, point_of_interest, establishment",parks,Mizoram,Spring,Khawzawl,7
Lengteng Wildlife Sanctuary,23.8125274,93.2483058,4.1,"park, tourist_attraction, point_of_interest, establishment",parks,Mizoram,Spring,Khawzawl,20
"KVI Park, Saitual",23.7085608,92.9653718,4.3,"park, point_of_interest, establishment",parks,Mizoram,Spring,Khawzawl,8
Hmuntha Park,23.4955891,92.9464629,0,"park, point_of_interest, establishment",parks,Mizoram,Spring,Khawzawl,0
Aiduzawl M.U.P Park,23.69626,93.18307329999999,3,"park, point_of_interest, establishment",parks,Mizoram,Spring,Khawzawl,1
YMA park,23.3861305,93.1015503,0,"park, point_of_interest, establishment",parks,Mizoram,Spring,Khawzawl,0
YMA park,23.3659066,93.1734687,0,"park, point_of_interest, establishment",parks,Mizoram,Spring,Khawzawl,0
"YMA Park, Rabung",23.675486,93.2073376,0,"park, point_of_interest, establishment",parks,Mizoram,Spring,Khawzawl,0
"MSU Park, Maite",23.5278876,93.0020933,5,"park, point_of_interest, establishment",parks,Mizoram,Spring,Khawzawl,2
Tanky Tlang YMA Park,23.446514,92.9522977,0,"park, point_of_interest, establishment",parks,Mizoram,Spring,Khawzawl,0
Presbyterian Ground,23.8488145,93.0437017,0,"park, point_of_interest, establishment",parks,Mizoram,Spring,Khawzawl,0
Dawlzang,23.862931,93.3017678,0,"park, point_of_interest, establishment",parks,Mizoram,Spring,Khawzawl,0
Bawihtlaia tuikhuah,23.473978,93.3379813,0,"park, point_of_interest, establishment",parks,Mizoram,Spring,Khawzawl,0
Lalsangthanga huan,23.449911,93.35618640000001,0,"park, point_of_interest, establishment",parks,Mizoram,Spring,Khawzawl,0
YMA Ram,23.8346966,93.05106939999999,5,"park, point_of_interest, establishment",parks,Mizoram,Spring,Khawzawl,3
Lalsawmi Huan,23.539305,93.3092176,0,"park, point_of_interest, establishment",parks,Mizoram,Spring,Khawzawl,0
Zote Tiau picnic spot,23.502295,93.39509489999999,4.7,"park, point_of_interest, establishment",parks,Mizoram,Spring,Khawzawl,7
Pu Vanlalthara balhla huan,23.4130661,92.92087529999999,0,"park, point_of_interest, establishment",parks,Mizoram,Spring,Khawzawl,0
Lalrawntlinga huan,23.4658045,93.1114121,0,"park, point_of_interest, establishment",parks,Mizoram,Spring,Khawzawl,0
Michiaki Kawn,23.3664775,92.92044779999999,0,"park, point_of_interest, establishment",parks,Mizoram,Spring,Khawzawl,0
Vailungthlar tlang,23.4966555,93.35778479999999,0,"park, point_of_interest, establishment",parks,Mizoram,Spring,Khawzawl,0
Martyr Memorial Stone,23.5347625,93.18529819999999,4.3,"park, point_of_interest, establishment",parks,Mizoram,Spring,Khawzawl,3
LIANDAWLA HUAN,23.7096966,92.962694,0,"park, point_of_interest, establishment",parks,Mizoram,Spring,Khawzawl,0
Lamthanga Huan,23.473537,93.13592609999999,5,"park, point_of_interest, establishment",parks,Mizoram,Spring,Khawzawl,1
Aùi Garden,23.4657267,93.3361339,5,"park, point_of_interest, establishment",parks,Mizoram,Spring,Khawzawl,1
C. Luaia Square,23.4776837,93.3233656,3,"park, point_of_interest, establishment",parks,Mizoram,Spring,Khawzawl,2
Saitual Joint YMA chawlhbuk,23.6902537,92.97623480000001,5,"park, point_of_interest, establishment",parks,Mizoram,Spring,Khawzawl,2
Tuisenphai road,23.5349189,93.1830908,5,"park, point_of_interest, establishment",parks,Mizoram,Spring,Khawzawl,1
Zawlpui Huan,23.6915094,92.96771539999999,5,"park, point_of_interest, establishment",parks,Mizoram,Spring,Khawzawl,2
Lalnghinglova Zahau Sangha Dil,23.3719248,93.2056569,0,"park, point_of_interest, establishment",parks,Mizoram,Spring,Khawzawl,0
Vaisethlun / Ṭawngṭai tlang.,23.432435,93.0447025,0,"park, point_of_interest, establishment",parks,Mizoram,Spring,Khawzawl,0
Hlawnchina Dum Camping Ground,23.4821362,93.3641841,0,"park, point_of_interest, establishment",parks,Mizoram,Spring,Khawzawl,0
"Zirna tlang, Tuipui West",23.4511909,93.2587975,0,"park, point_of_interest, establishment",parks,Mizoram,Spring,Khawzawl,0
Pu Dengchhawna Phai,23.3883125,93.2315625,0,"park, point_of_interest, establishment",parks,Mizoram,Spring,Khawzawl,0
Hmunhlui,23.5608684,92.9600064,4.5,"park, point_of_interest, establishment",parks,Mizoram,Spring,Khawzawl,2
Vanzau Watch Tower,23.8513024,92.93046419999999,4.3,"park, point_of_interest, establishment",parks,Mizoram,Spring,Khawzawl,6
Kapthanga Phai,23.575299,93.3038921,0,"park, point_of_interest, establishment",parks,Mizoram,Spring,Khawzawl,0
PL Hriata Arecanut Garden,23.7771901,93.01208350000002,4,"park, point_of_interest, establishment",parks,Mizoram,Spring,Khawzawl,2
Arro Tuithiang,23.5313504,93.1615654,5,"park, point_of_interest, establishment",parks,Mizoram,Spring,Khawzawl,1
Forest Complex,23.6205576,93.3513078,0,"park, point_of_interest, establishment",parks,Mizoram,Spring,Khawzawl,0
PC Lalruatfela farm,23.3944972,92.98760999999999,0,"park, point_of_interest, establishment",parks,Mizoram,Spring,Khawzawl,0
Tawi Pûk Tlâng Kawng,23.5010651,92.9558543,5,"park, point_of_interest, establishment",parks,Mizoram,Spring,Khawzawl,1
"Hmuntha Green house,Kanghreng Zau",23.5041875,92.9431875,0,"park, point_of_interest, establishment",parks,Mizoram,Spring,Khawzawl,0
Lungtehret kawn,23.8240448,93.0556154,5,"museum, point_of_interest, establishment",museum,Mizoram,Winter,Khawzawl,2
"Vanapa Thlan, Hnahlan Tuithoh Luikam",23.6406315,93.3526322,5,"museum, point_of_interest, establishment",museum,Mizoram,Winter,Khawzawl,2
YAHWEH SYNAGOGUE,23.6201851,93.35039890000002,5,"synagogue, place_of_worship, point_of_interest, establishment",temples,Mizoram,All Seasons,Khawzawl,1
Green Hill Hotel,23.6680024,92.96144050000001,5,"lodging, point_of_interest, establishment",hills,Mizoram,Winter,Khawzawl,1
Pine Hill Academy,23.4616955,93.332956,4.4,"school, point_of_interest, establishment",hills,Mizoram,Winter,Khawzawl,7
Castrol Service - Irdiv Tc,23.4732932,93.33765029999999,0,"car_wash, car_repair, point_of_interest, establishment",hills,Mizoram,Winter,Khawzawl,0
Salvation Army Phullen Corps,23.8506183,93.0469036,5,"church, place_of_worship, point_of_interest, establishment",hills,Mizoram,Winter,Khawzawl,3
Tuifar (Falls),23.4736468,93.2384727,4.5,"tourist_attraction, point_of_interest, establishment",attraction,Mizoram,All Seasons,Khawzawl,4
Ngur tlang Chawlhbuk Viewpoint,23.5397341,93.3789068,4.5,"tourist_attraction, point_of_interest, establishment",attraction,Mizoram,All Seasons,Khawzawl,2
Lungtagi/lungthlanghing,23.5320746,93.234267,3,"tourist_attraction, point_of_interest, establishment",attraction,Mizoram,All Seasons,Khawzawl,4
Ngopa Kawtchhuah,23.8828453,93.2107537,3.3,"tourist_attraction, point_of_interest, establishment",attraction,Mizoram,All Seasons,Khawzawl,4
Rihtlangpui View Point,23.3478924,93.3862917,5,"tourist_attraction, point_of_interest, establishment",attraction,Mizoram,All Seasons,Khawzawl,2
Forestkawn,23.4834462,93.329825,0,"tourist_attraction, point_of_interest, establishment",attraction,Mizoram,All Seasons,Khawzawl,0
Seventhday Mual,23.4881506,93.3272471,4,"tourist_attraction, point_of_interest, establishment",attraction,Mizoram,All Seasons,Khawzawl,1
Daia Kawt Kawn,23.44833,92.9527809,4,"tourist_attraction, point_of_interest, establishment",attraction,Mizoram,All Seasons,Khawzawl,4
Tuilut Puk,23.5411255,93.3727095,0,"tourist_attraction, point_of_interest, establishment",attraction,Mizoram,All Seasons,Khawzawl,0
Joy of Champhai,23.4691429,93.3350543,4.4,"tourist_attraction, point_of_interest, establishment",attraction,Mizoram,All Seasons,Khawzawl,18
Khawhai Tlâng,23.3734156,93.1163423,4.1,"tourist_attraction, point_of_interest, establishment",attraction,Mizoram,All Seasons,Khawzawl,11
Sahlam tuikhur,23.4264294,92.90707669999999,5,"tourist_attraction, point_of_interest, establishment",attraction,Mizoram,All Seasons,Khawzawl,1
Mualnuam,23.4551981,93.34933459999999,4.7,"tourist_attraction, point_of_interest, establishment",attraction,Mizoram,All Seasons,Khawzawl,35
Belrawhkawn,23.4460219,92.9516802,4.6,"tourist_attraction, point_of_interest, establishment",attraction,Mizoram,All Seasons,Khawzawl,5
Workshop Veng,23.6107973,93.08506539999999,5,"tourist_attraction, point_of_interest, establishment",attraction,Mizoram,All Seasons,Khawzawl,2
Dâm Lî,23.4566937,93.2610133,5,"tourist_attraction, point_of_interest, establishment",attraction,Mizoram,All Seasons,Khawzawl,5
Lunglawn,23.7661353,92.9453552,4.1,"tourist_attraction, point_of_interest, establishment",attraction,Mizoram,All Seasons,Khawzawl,9
Tourist Resort Tamdil Lake,23.7378274,92.9531272,4.2,"tourist_attraction, point_of_interest, establishment",attraction,Mizoram,All Seasons,Khawzawl,5
Dulte Dil,23.6186131,93.0436206,4,"tourist_attraction, point_of_interest, establishment",attraction,Mizoram,All Seasons,Khawzawl,11
Khawpuiṭan,23.4596024,93.22214269999999,4.6,"tourist_attraction, point_of_interest, establishment",attraction,Mizoram,All Seasons,Khawzawl,10
Chalfilh Tlâng (Vanzâu),23.8507299,92.9307281,4.2,"tourist_attraction, point_of_interest, establishment",attraction,Mizoram,All Seasons,Khawzawl,17
Țawi Pûk,23.5040389,92.9611269,4.6,"tourist_attraction, point_of_interest, establishment",attraction,Mizoram,All Seasons,Khawzawl,22
Y Section Shed,23.382253,93.002012,5,"tourist_attraction, point_of_interest, establishment",attraction,Mizoram,All Seasons,Khawzawl,1
"Mura Puk , Zote",23.504873,93.3544253,4.7,"tourist_attraction, point_of_interest, establishment",attraction,Mizoram,All Seasons,Khawzawl,3
Lalliana Lo Zawl,23.6609559,93.2842563,4,"tourist_attraction, point_of_interest, establishment",attraction,Mizoram,All Seasons,Khawzawl,1
Murlen National Park,23.6573654,93.2784825,4.4,"tourist_attraction, park, point_of_interest, establishment",attraction,Mizoram,All Seasons,Khawzawl,111
Lengteng Wildlife Sanctuary,23.8125274,93.2483058,4.1,"park, tourist_attraction, point_of_interest, establishment",attraction,Mizoram,All Seasons,Khawzawl,20
Thingtlang Thlanmual hmasa ber,23.4645685,93.20921039999999,0,"tourist_attraction, point_of_interest, establishment",attraction,Mizoram,All Seasons,Khawzawl,0
Jubilee 2,23.4625759,93.2928699,0,"tourist_attraction, point_of_interest, establishment",attraction,Mizoram,All Seasons,Khawzawl,0
Hlimen Park,24.2355882,92.8066185,4.3,"park, point_of_interest, establishment",parks,Mizoram,Spring,Kolasib,34
"Rengdil Khawhlui Tlang, YMA Park (Zokhua)",24.0568311,92.3838756,4.6,"park, point_of_interest, establishment",parks,Mizoram,Spring,Kolasib,10
Zamzo Park cum Picnic Spot,24.1891348,92.69068709999999,3.7,"park, point_of_interest, establishment",parks,Mizoram,Spring,Kolasib,3
District Park,24.1585226,92.690668,3.9,"park, point_of_interest, establishment",parks,Mizoram,Spring,Kolasib,10
Kenley family garden/ picnic spot,24.2398382,92.72789709999999,0,"park, point_of_interest, establishment",parks,Mizoram,Spring,Kolasib,0
Awithangpa Park,24.0549948,92.6733641,4.1,"park, point_of_interest, establishment",parks,Mizoram,Spring,Kolasib,12
Bajemara Mini Park,24.4616624,92.55827219999999,3.1,"park, point_of_interest, establishment",parks,Mizoram,Spring,Kolasib,33
Y.M.A PARK,24.3377826,92.7171022,5,"park, point_of_interest, establishment",parks,Mizoram,Spring,Kolasib,1
Kawnpui Khualbuk- Awithangpa Park,24.0540191,92.6734369,3.8,"park, lodging, point_of_interest, establishment",parks,Mizoram,Spring,Kolasib,28
Venglai YMA Park,24.2286109,92.67757549999999,4.7,"park, point_of_interest, establishment",parks,Mizoram,Spring,Kolasib,3
Sunhluchhip YMA Park,24.0596113,92.89586,3,"park, point_of_interest, establishment",parks,Mizoram,Spring,Kolasib,1
"LAD Park, Mamit",23.9713173,92.4918148,2.5,"park, point_of_interest, establishment",parks,Mizoram,Spring,Kolasib,6
PC Lalthana Garden,24.1149261,92.6910808,4.7,"park, point_of_interest, establishment",parks,Mizoram,Spring,Kolasib,3
Chenkual Garden,24.1500605,92.483404,5,"park, point_of_interest, establishment",parks,Mizoram,Spring,Kolasib,1
MSU Sub-Hqrs N.Serzawl Park,24.0248897,92.8886117,2.3,"park, point_of_interest, establishment",parks,Mizoram,Spring,Kolasib,3
Khamropui Kolasib,24.1936388,92.6695466,4.5,"park, point_of_interest, establishment",parks,Mizoram,Spring,Kolasib,2
Tea park,24.4384021,92.45953399999999,3,"campground, park, lodging, point_of_interest, establishment",parks,Mizoram,Spring,Kolasib,2
Thingdawl Hmarveng YMA Park,24.1810625,92.6948125,0,"park, point_of_interest, establishment",parks,Mizoram,Spring,Kolasib,0
Sertawk,23.9829567,92.62699700000002,5,"park, point_of_interest, establishment",parks,Mizoram,Spring,Kolasib,1
Lalsawma site,24.344797,92.7511,5,"park, point_of_interest, establishment",parks,Mizoram,Spring,Kolasib,1
challui zau chawlhbuk,24.2240644,92.68109150000001,5,"park, point_of_interest, establishment",parks,Mizoram,Spring,Kolasib,1
YMA Suarhliap Park,24.1491534,92.518266,0,"park, point_of_interest, establishment",parks,Mizoram,Spring,Kolasib,0
YMA Park,24.3453323,92.66328,0,"park, point_of_interest, establishment",parks,Mizoram,Spring,Kolasib,0
Ramengmawia Huan,24.0048401,92.5076163,5,"park, point_of_interest, establishment",parks,Mizoram,Spring,Kolasib,1
PAUA kuhva huan,24.238313,92.798779,0,"park, point_of_interest, establishment",parks,Mizoram,Spring,Kolasib,0
"YMA PARK, Darlawn Chhimveng",24.0120399,92.919038,0,"park, point_of_interest, establishment",parks,Mizoram,Spring,Kolasib,0
Pu Rosiama Kuhva Huan,23.9483623,92.50021579999999,0,"park, point_of_interest, establishment",parks,Mizoram,Spring,Kolasib,0
Lengkir Natasora River,24.3953272,92.82764979999999,4.6,"park, point_of_interest, establishment",parks,Mizoram,Spring,Kolasib,22
Pa Chhunga Huan,23.9884878,92.59800779999999,5,"park, point_of_interest, establishment",parks,Mizoram,Spring,Kolasib,1
Vanlalpapuia Te Huan,24.3235791,92.6528422,0,"park, point_of_interest, establishment",parks,Mizoram,Spring,Kolasib,0
Blackwood Cottage,24.3095756,92.6402683,5,"park, point_of_interest, establishment",parks,Mizoram,Spring,Kolasib,4
Groinang orange garden,24.081305,92.50577500000001,0,"park, point_of_interest, establishment",parks,Mizoram,Spring,Kolasib,0
Lki Sin Garden,24.0584476,92.5052322,0,"park, point_of_interest, establishment",parks,Mizoram,Spring,Kolasib,0
Durgapur Mathura Bazar Road,24.3212241,92.3822764,5,"park, point_of_interest, establishment",parks,Mizoram,Spring,Kolasib,2
Jessica impha (GUTGUTI),24.1550841,92.47642359999999,4,"park, point_of_interest, establishment",parks,Mizoram,Spring,Kolasib,1
Lalhmachhuana fish farm,24.3088197,92.6472287,0,"park, point_of_interest, establishment",parks,Mizoram,Spring,Kolasib,0
Vanlalhlira Farm,24.20904,92.66617099999999,0,"park, point_of_interest, establishment",parks,Mizoram,Spring,Kolasib,0
EDEN HUAN,24.224565,92.67602509999999,0,"park, point_of_interest, establishment",parks,Mizoram,Spring,Kolasib,0
Pu Vuana Phai,24.4215158,92.7763777,5,"park, point_of_interest, establishment",parks,Mizoram,Spring,Kolasib,1
Jacoba Huan,24.2030668,92.6861083,3.6,"park, point_of_interest, establishment",parks,Mizoram,Spring,Kolasib,5
Dalai malai part 1,24.4652185,92.58048769999999,4,"campground, park, lodging, point_of_interest, establishment",parks,Mizoram,Spring,Kolasib,1
Gonga pur,24.4483666,92.47834379999999,0,"park, point_of_interest, establishment",parks,Mizoram,Spring,Kolasib,0
Eden Huan,24.2398125,92.6711023,0,"park, point_of_interest, establishment",parks,Mizoram,Spring,Kolasib,0
Suna bhardwaj,24.4858154,92.4341515,0,"park, point_of_interest, establishment",parks,Mizoram,Spring,Kolasib,0
Bokabeel Khaal,24.456867,92.54889999999999,2,"park, point_of_interest, establishment",parks,Mizoram,Spring,Kolasib,1
Groinang orange garden,24.0971741,92.50837609999999,0,"park, point_of_interest, establishment",parks,Mizoram,Spring,Kolasib,0
TBC Leilet,24.2232037,92.5992996,0,"park, point_of_interest, establishment",parks,Mizoram,Spring,Kolasib,0
Se Dil,24.3043125,92.64156249999999,4,"park, point_of_interest, establishment",parks,Mizoram,Spring,Kolasib,4
B&S Garden,23.9736097,92.733463,5,"park, point_of_interest, establishment",parks,Mizoram,Spring,Kolasib,1
Lalruatdika Leilet,24.409163,92.7991064,0,"park, point_of_interest, establishment",parks,Mizoram,Spring,Kolasib,0
Misbaur Rahman Borbhuiya,24.4111965,92.52722089999999,0,"park, point_of_interest, establishment",parks,Mizoram,Spring,Kolasib,0
Vanlalhriata Huan,24.1309242,92.6942203,0,"park, point_of_interest, establishment",parks,Mizoram,Spring,Kolasib,0
Dumping Ground,23.9752144,92.4940737,0,"park, point_of_interest, establishment",parks,Mizoram,Spring,Kolasib,0
Dr. Zahmingthanga huan,24.2861289,92.66280470000001,0,"park, point_of_interest, establishment",parks,Mizoram,Spring,Kolasib,0
Pc Laldinpuia Fish Pond,24.3414718,92.6860473,0,"park, point_of_interest, establishment",parks,Mizoram,Spring,Kolasib,0
Pu Rozama Garden,24.0107438,92.6736243,4.3,"park, point_of_interest, establishment",parks,Mizoram,Spring,Kolasib,4
Pachuau Farm,24.2451132,92.64959130000001,4.5,"park, point_of_interest, establishment",parks,Mizoram,Spring,Kolasib,2
LALRAMLIANA HUAN,24.2786095,92.6852553,0,"park, point_of_interest, establishment",parks,Mizoram,Spring,Kolasib,0
Badar Uddin laskar,24.4805602,92.59094689999999,5,"park, point_of_interest, establishment",parks,Mizoram,Spring,Kolasib,1
Ramtea Huan,24.2720786,92.64002359999999,0,"park, point_of_interest, establishment",parks,Mizoram,Spring,Kolasib,0
Rengdil Lal Thlan,24.0775625,92.3908125,4,"museum, point_of_interest, establishment",museum,Mizoram,Winter,Kolasib,3
Abdul Noor House,24.416297,92.5252921,5,"museum, point_of_interest, establishment",museum,Mizoram,Winter,Kolasib,2
Hunamoti Malthep,24.4732709,92.41460239999999,5,"hindu_temple, museum, place_of_worship, point_of_interest, establishment",museum,Mizoram,Winter,Kolasib,5
Bolda boldi,24.3579733,92.5065728,0,"museum, point_of_interest, establishment",museum,Mizoram,Winter,Kolasib,0
Diakkawn YMA Hall & Museum,24.2233019,92.6779845,5,"point_of_interest, establishment",museum,Mizoram,Winter,Kolasib,1
Mary Winchester manna hmun.,24.4582694,92.54348139999999,3.8,"museum, point_of_interest, establishment",museum,Mizoram,Winter,Kolasib,17
DIAKKAWN YMA MUSEUM,24.2237249,92.68027649999999,0,"museum, point_of_interest, establishment",museum,Mizoram,Winter,Kolasib,0
Garod Punji Waterfall,24.4372458,92.50112030000001,4.2,"tourist_attraction, point_of_interest, establishment",waterfalls,Mizoram,Monsoon,Kolasib,41
Lengkir Natasora River,24.3953272,92.82764979999999,4.6,"park, point_of_interest, establishment",waterfalls,Mizoram,Monsoon,Kolasib,22
Panchora,24.4539866,92.8230126,5,"park, point_of_interest, establishment",waterfalls,Mizoram,Monsoon,Kolasib,2
Garod viewpoint,24.4825613,92.51050509999999,4.4,"park, point_of_interest, establishment",waterfalls,Mizoram,Monsoon,Kolasib,7
Esther Picnic Spot,24.155189,92.6970498,4,"point_of_interest, establishment",beaches,Mizoram,Summer,Kolasib,9
Shree Shree Radha Krishna Mandir,24.3186082,92.4717763,5,"hindu_temple, place_of_worship, point_of_interest, establishment",temples,Mizoram,All Seasons,Kolasib,2
Hanuman Mandir,24.3986997,92.5624565,5,"hindu_temple, place_of_worship, point_of_interest, establishment",temples,Mizoram,All Seasons,Kolasib,3
shiv mandir,24.3239677,92.5268907,3.8,"hindu_temple, place_of_worship, point_of_interest, establishment",temples,Mizoram,All Seasons,Kolasib,8
Maa Shitoli Temple,24.4607769,92.5587317,5,"hindu_temple, place_of_worship, point_of_interest, establishment",temples,Mizoram,All Seasons,Kolasib,3
Kali Temple,24.452087,92.5772703,4.5,"hindu_temple, place_of_worship, point_of_interest, establishment",temples,Mizoram,All Seasons,Kolasib,2
Kali Mandir,24.4842219,92.5611212,5,"hindu_temple, place_of_worship, point_of_interest, establishment",temples,Mizoram,All Seasons,Kolasib,1
BHUTUCHERRA SHIV MANDIR,24.3563495,92.41261519999999,5,"hindu_temple, place_of_worship, point_of_interest, establishment",temples,Mizoram,All Seasons,Kolasib,2
Chingkhei Ningthou And Panthoibi Temple,24.4736268,92.4271772,3.9,"hindu_temple, place_of_worship, point_of_interest, establishment",temples,Mizoram,All Seasons,Kolasib,8
Maa Kali Mandir,24.4854451,92.4716608,5,"hindu_temple, place_of_worship, point_of_interest, establishment",temples,Mizoram,All Seasons,Kolasib,1
Radha Krishna Temple,24.2584915,92.5251397,4.3,"hindu_temple, place_of_worship, point_of_interest, establishment",temples,Mizoram,All Seasons,Kolasib,8
Laxmi Narayan Temple,24.4800072,92.4415319,4.6,"hindu_temple, place_of_worship, point_of_interest, establishment",temples,Mizoram,All Seasons,Kolasib,14
Latakandi Durga Bari,24.483347,92.5640567,4.5,"hindu_temple, place_of_worship, point_of_interest, establishment",temples,Mizoram,All Seasons,Kolasib,2
Mahadev Mandir Chamtilla,24.469278,92.4327639,5,"hindu_temple, place_of_worship, point_of_interest, establishment",temples,Mizoram,All Seasons,Kolasib,1
Katlicherra Bajemara Shivbari Temple,24.4640972,92.55945419999999,5,"hindu_temple, place_of_worship, point_of_interest, establishment",temples,Mizoram,All Seasons,Kolasib,4
Kali Temple,24.4541252,92.5326589,4.8,"hindu_temple, place_of_worship, point_of_interest, establishment",temples,Mizoram,All Seasons,Kolasib,5
Baruncherra F.V ...Shiv Mandir,24.4189945,92.6309567,5,"hindu_temple, place_of_worship, point_of_interest, establishment",temples,Mizoram,All Seasons,Kolasib,2
Nunai Kundanala village Iskon Temple,24.4530226,92.6524967,4.2,"hindu_temple, place_of_worship, point_of_interest, establishment",temples,Mizoram,All Seasons,Kolasib,17
Shiv Mandir,24.2468558,92.6818464,3.5,"hindu_temple, place_of_worship, point_of_interest, establishment",temples,Mizoram,All Seasons,Kolasib,19
Jungle Block Sadhu Baba Mandir,24.4828262,92.4873107,5,"hindu_temple, place_of_worship, point_of_interest, establishment",temples,Mizoram,All Seasons,Kolasib,1
Shiv Temple,24.0730572,92.6813234,5,"hindu_temple, place_of_worship, point_of_interest, establishment",temples,Mizoram,All Seasons,Kolasib,3
Shiv Mandir ( Hadabma ),24.4469612,92.835163,4.7,"hindu_temple, place_of_worship, point_of_interest, establishment",temples,Mizoram,All Seasons,Kolasib,3
Latakandi Kali Badi,24.4834149,92.564332,5,"hindu_temple, place_of_worship, point_of_interest, establishment",temples,Mizoram,All Seasons,Kolasib,1
Hindu Jagoron Manch (Cheragi),24.3571202,92.3935916,3,"hindu_temple, place_of_worship, point_of_interest, establishment",temples,Mizoram,All Seasons,Kolasib,1
Singha Bosti Monosha Bari,24.4794547,92.5605852,4.7,"hindu_temple, place_of_worship, point_of_interest, establishment",temples,Mizoram,All Seasons,Kolasib,6
Lokenath Bari Temple,24.4760963,92.55397169999999,5,"hindu_temple, place_of_worship, point_of_interest, establishment",temples,Mizoram,All Seasons,Kolasib,2
Bualpui Mandir,24.1004913,92.6867833,4.1,"hindu_temple, place_of_worship, point_of_interest, establishment",temples,Mizoram,All Seasons,Kolasib,21
Shiv Temple,24.4866431,92.7088016,5,"hindu_temple, place_of_worship, point_of_interest, establishment",temples,Mizoram,All Seasons,Kolasib,1
দীনবন্ধু দূর্গা কালীবাড়ি,24.2528221,92.52149759999999,4.2,"hindu_temple, place_of_worship, point_of_interest, establishment",temples,Mizoram,All Seasons,Kolasib,6
"Shiv temple ,",24.3978583,92.393356,0,"hindu_temple, place_of_worship, point_of_interest, establishment",temples,Mizoram,All Seasons,Kolasib,0
Jaganath Temple,24.4772372,92.65821269999999,5,"hindu_temple, place_of_worship, point_of_interest, establishment",temples,Mizoram,All Seasons,Kolasib,2
Monosha Temple,24.257942,92.5195327,3.9,"hindu_temple, place_of_worship, point_of_interest, establishment",temples,Mizoram,All Seasons,Kolasib,7
DIHBABA MANDIR,24.4066969,92.4006581,5,"hindu_temple, place_of_worship, point_of_interest, establishment",temples,Mizoram,All Seasons,Kolasib,2
Magura Cherra Durga Temple,24.4059893,92.3998371,2.8,"hindu_temple, place_of_worship, point_of_interest, establishment",temples,Mizoram,All Seasons,Kolasib,4
Shiv Temple,24.4531296,92.6651069,5,"hindu_temple, place_of_worship, point_of_interest, establishment",temples,Mizoram,All Seasons,Kolasib,1
Kali Temple,24.4691025,92.59256359999999,5,"hindu_temple, place_of_worship, point_of_interest, establishment",temples,Mizoram,All Seasons,Kolasib,1
Shivbari,24.4342402,92.4692789,5,"hindu_temple, place_of_worship, point_of_interest, establishment",temples,Mizoram,All Seasons,Kolasib,3
Bashwa Bari (Shiv Temple),24.4777064,92.54637269999999,5,"hindu_temple, place_of_worship, point_of_interest, establishment",temples,Mizoram,All Seasons,Kolasib,1
पकड़ी बाबा का मंदिर,24.4340002,92.4317748,4.4,"hindu_temple, place_of_worship, point_of_interest, establishment",temples,Mizoram,All Seasons,Kolasib,7
Temple,24.4221902,92.4407361,5,"hindu_temple, place_of_worship, point_of_interest, establishment",temples,Mizoram,All Seasons,Kolasib,1
Radharaman Ashram,24.4564306,92.5551473,4,"hindu_temple, place_of_worship, point_of_interest, establishment",temples,Mizoram,All Seasons,Kolasib,13
Shiv Mandir (Joynagar F.V.),24.470166,92.8399257,5,"hindu_temple, place_of_worship, point_of_interest, establishment",temples,Mizoram,All Seasons,Kolasib,1
Kalasiva Mandir,24.2343328,92.67574959999999,4.3,"hindu_temple, place_of_worship, point_of_interest, establishment",temples,Mizoram,All Seasons,Kolasib,6
Loknath Mandir,24.4839936,92.561138,0,"hindu_temple, place_of_worship, point_of_interest, establishment",temples,Mizoram,All Seasons,Kolasib,0
Niskor,24.4391713,92.54084139999999,0,"hindu_temple, place_of_worship, point_of_interest, establishment",temples,Mizoram,All Seasons,Kolasib,0
Balicherra Kali Mandir,24.4836201,92.7166482,4.7,"hindu_temple, place_of_worship, point_of_interest, establishment",temples,Mizoram,All Seasons,Kolasib,3
Dakshin Lalpani Kali Mandir,24.4119471,92.54679569999999,4,"hindu_temple, place_of_worship, point_of_interest, establishment",temples,Mizoram,All Seasons,Kolasib,1
Dholakhal Durga Mandhop,24.4489339,92.81793379999999,4.5,"hindu_temple, place_of_worship, point_of_interest, establishment",temples,Mizoram,All Seasons,Kolasib,2
রামনাথপুর কালীবাড়ি,24.2333145,92.52627919999999,4,"hindu_temple, place_of_worship, point_of_interest, establishment",temples,Mizoram,All Seasons,Kolasib,2
Srirampur shiv mandir,24.4114037,92.3952113,0,"hindu_temple, place_of_worship, point_of_interest, establishment",temples,Mizoram,All Seasons,Kolasib,0
Katlicherra Bazar Kalibari,24.4679089,92.5566781,4.6,"hindu_temple, place_of_worship, point_of_interest, establishment",temples,Mizoram,All Seasons,Kolasib,13
SHONI MONDIR,24.2766225,92.5215336,3,"hindu_temple, place_of_worship, point_of_interest, establishment",temples,Mizoram,All Seasons,Kolasib,1
Vishwa Hindu Parishad Kendra,24.4845581,92.4365555,4,"hindu_temple, place_of_worship, point_of_interest, establishment",temples,Mizoram,All Seasons,Kolasib,3
"SHIV मन्दिर, दुर्गा मंदिर, काली मंदिर",24.3441924,92.39320839999999,5,"hindu_temple, place_of_worship, point_of_interest, establishment",temples,Mizoram,All Seasons,Kolasib,2
"Nunai Khuli, Durga Mandir(Temple)",24.4638547,92.66040489999999,3.5,"hindu_temple, place_of_worship, point_of_interest, establishment",temples,Mizoram,All Seasons,Kolasib,2
बुढऊ बाबा मंदिर,24.4311289,92.4375495,3.5,"hindu_temple, place_of_worship, point_of_interest, establishment",temples,Mizoram,All Seasons,Kolasib,4
Sadhu Baba (shiv mandir),24.4728123,92.45903949999999,4.9,"hindu_temple, place_of_worship, point_of_interest, establishment",temples,Mizoram,All Seasons,Kolasib,7
Hari Om Temple,24.2178678,92.4732911,0,"hindu_temple, place_of_worship, point_of_interest, establishment",temples,Mizoram,All Seasons,Kolasib,0
Kali bari,24.4520403,92.5585796,5,"hindu_temple, place_of_worship, point_of_interest, establishment",temples,Mizoram,All Seasons,Kolasib,1
Shri Bono Durga Mandir,24.4778246,92.54634759999999,5,"hindu_temple, place_of_worship, point_of_interest, establishment",temples,Mizoram,All Seasons,Kolasib,2
Singha Bosti Shiv Bari,24.4758689,92.559062,4.5,"hindu_temple, place_of_worship, point_of_interest, establishment",temples,Mizoram,All Seasons,Kolasib,13
Bru Hills,24.3385625,92.4808033,0,"church, place_of_worship, point_of_interest, establishment",hills,Mizoram,Winter,Kolasib,0
Tuirial Dam,24.358202,92.8881497,4.9,"tourist_attraction, point_of_interest, establishment",hills,Mizoram,Winter,Kolasib,8
Hill Rose Arecanut Plantation,24.1080736,92.38587919999999,0,"park, point_of_interest, establishment",hills,Mizoram,Winter,Kolasib,0
Bairabi Chhimveng Playground,24.1848769,92.53459629999999,3.6,"point_of_interest, establishment",hills,Mizoram,Winter,Kolasib,8
"Green Hills High School, Kawnpui",24.0339884,92.6696482,4.8,"secondary_school, school, point_of_interest, establishment",hills,Mizoram,Winter,Kolasib,5
Green Hill Kids Care School,24.1879641,92.5378817,0,"school, point_of_interest, establishment",hills,Mizoram,Winter,Kolasib,0
Gharmura Mizoram Presbyterian Church,24.2807219,92.535856,3.7,"church, place_of_worship, point_of_interest, establishment",hills,Mizoram,Winter,Kolasib,3
Spring Hills Academy,24.434249,92.528032,5,"school, point_of_interest, establishment",hills,Mizoram,Winter,Kolasib,2
Stray Gods View Point,24.4474375,92.7393125,4.1,"tourist_attraction, point_of_interest, establishment",attraction,Mizoram,All Seasons,Kolasib,26
Garultolaekth river,24.4492672,92.86145429999999,4.2,"tourist_attraction, point_of_interest, establishment",attraction,Mizoram,All Seasons,Kolasib,13
Garod Punji Waterfall,24.4372458,92.50112030000001,4.2,"tourist_attraction, point_of_interest, establishment",attraction,Mizoram,All Seasons,Kolasib,41
GAROD VIEW POINT 📍,24.4588205,92.5031662,5,"tourist_attraction, point_of_interest, establishment",attraction,Mizoram,All Seasons,Kolasib,1
Katlicherra World's Heart Pointdulai,24.4677439,92.5573663,3.4,"tourist_attraction, point_of_interest, establishment",attraction,Mizoram,All Seasons,Kolasib,8
Runglei,24.1958637,92.6749486,4,"tourist_attraction, point_of_interest, establishment",attraction,Mizoram,All Seasons,Kolasib,7
Tuirial Dam,24.358202,92.8881497,4.9,"tourist_attraction, point_of_interest, establishment",attraction,Mizoram,All Seasons,Kolasib,8
Kalidas Punji Peak,24.4824408,92.5099918,4.8,"tourist_attraction, point_of_interest, establishment",attraction,Mizoram,All Seasons,Kolasib,6
Rêng Pûk,24.066755,92.3871449,4.5,"tourist_attraction, point_of_interest, establishment",attraction,Mizoram,All Seasons,Kolasib,11
Serlui Dam,24.3381875,92.76868750000001,4.8,"tourist_attraction, point_of_interest, establishment",attraction,Mizoram,All Seasons,Kolasib,6
Lung Nupa,24.0915061,92.6813239,4.2,"tourist_attraction, point_of_interest, establishment",attraction,Mizoram,All Seasons,Kolasib,224
RENGDIL TUI,24.1285902,92.4078881,4.8,"tourist_attraction, point_of_interest, establishment",attraction,Mizoram,All Seasons,Kolasib,5
Shiva Sakachep,24.2941322,92.4067961,0,"tourist_attraction, point_of_interest, establishment",attraction,Mizoram,All Seasons,Kolasib,0
Dishru falls,24.4881896,92.9488154,0,"tourist_attraction, point_of_interest, establishment",attraction,Mizoram,All Seasons,Kolasib,0
Dishru Falls,24.4493844,92.8613799,0,"tourist_attraction, point_of_interest, establishment",attraction,Mizoram,All Seasons,Kolasib,0
Kawnpui zotlang,24.0766372,92.6668155,4,"tourist_attraction, point_of_interest, establishment",attraction,Mizoram,All Seasons,Kolasib,2
Kalakhal waterfall,24.4653499,92.8597951,0,"tourist_attraction, point_of_interest, establishment",attraction,Mizoram,All Seasons,Kolasib,0
Baldabaldi Waterfalls II,24.3500828,92.5043752,4.5,"tourist_attraction, point_of_interest, establishment",attraction,Mizoram,All Seasons,Kolasib,2
Rengdil Chief's Tomb,24.0769653,92.39019189999999,4,"tourist_attraction, point_of_interest, establishment",attraction,Mizoram,All Seasons,Kolasib,8
BILKHAWTLIR JOINT YMA SANCTUARY,24.2818663,92.75194239999999,5,"tourist_attraction, point_of_interest, establishment",attraction,Mizoram,All Seasons,Kolasib,1
Kawnpui Khualbuk- Awithangpa Park,24.0540191,92.6734369,3.8,"park, lodging, point_of_interest, establishment",attraction,Mizoram,All Seasons,Kolasib,28
Water Sliding and Swimming at Panchorra,24.4536789,92.8232151,5,"tourist_attraction, point_of_interest, establishment",attraction,Mizoram,All Seasons,Kolasib,1
Buerchep waiting shed,24.4726414,92.78644969999999,0,"tourist_attraction, point_of_interest, establishment",attraction,Mizoram,All Seasons,Kolasib,0
Neverland Park,22.4927506,92.88826590000001,4.6,"park, point_of_interest, establishment",parks,Mizoram,Spring,Lawngtlai,5
Far Pak,22.6719573,93.04357770000001,4.4,"park, point_of_interest, establishment",parks,Mizoram,Spring,Lawngtlai,41
Ngengpui Wildlife Sanctuary,22.4409572,92.7879401,4.3,"tourist_attraction, zoo, park, point_of_interest, establishment",parks,Mizoram,Spring,Lawngtlai,24
YLA park,22.7541658,93.0745347,5,"park, point_of_interest, establishment",parks,Mizoram,Spring,Lawngtlai,1
Hnawncheua Park,22.7170162,92.8392544,5,"park, point_of_interest, establishment",parks,Mizoram,Spring,Lawngtlai,2
"YLA Park, Sihtlangpui",22.4157664,92.936697,5,"park, point_of_interest, establishment",parks,Mizoram,Spring,Lawngtlai,1
Thingfal Park,22.6236279,92.8694173,3.5,"park, point_of_interest, establishment",parks,Mizoram,Spring,Lawngtlai,4
Kamalanagar Football Field Pavilion,22.6198686,92.64317319999999,3.3,"park, point_of_interest, establishment",parks,Mizoram,Spring,Lawngtlai,56
Siaha Youth Centre,22.5224285,93.0020212,3.5,"park, point_of_interest, establishment",parks,Mizoram,Spring,Lawngtlai,2
YLA PARK Lungtian II,22.7176372,92.97344729999999,5,"park, point_of_interest, establishment",parks,Mizoram,Spring,Lawngtlai,2
C.H LALROSIAMA PARK,22.3352031,93.1523278,5,"park, point_of_interest, establishment",parks,Mizoram,Spring,Lawngtlai,1
"YLA Park, Sangau – I",22.7375703,93.0640057,3.6,"park, point_of_interest, establishment",parks,Mizoram,Spring,Lawngtlai,5
Blue mountain,22.6326659,93.03849989999999,0,"park, point_of_interest, establishment",parks,Mizoram,Spring,Lawngtlai,0
Barkhala,22.4898351,92.9847782,3.5,"park, point_of_interest, establishment",parks,Mizoram,Spring,Lawngtlai,2
YMA Park,22.6183454,92.9177485,0,"park, point_of_interest, establishment",parks,Mizoram,Spring,Lawngtlai,0
"YLA Reserved Forest, Lungtian II",22.7226298,92.9665701,4,"park, point_of_interest, establishment",parks,Mizoram,Spring,Lawngtlai,1
Forest Viewpoint,22.4970028,93.0154111,5,"park, point_of_interest, establishment",parks,Mizoram,Spring,Lawngtlai,2
Meisatla South Vaih,22.4861766,92.9666338,5,"park, point_of_interest, establishment",parks,Mizoram,Spring,Lawngtlai,2
Gamer coloney,22.5352983,92.89861169999999,5,"park, point_of_interest, establishment",parks,Mizoram,Spring,Lawngtlai,1
"H.Ngunthanga(Thanga Garden),Khuai tang(Khuai hnuai)",22.6927867,93.0304583,5,"park, point_of_interest, establishment",parks,Mizoram,Spring,Lawngtlai,2
Phawngpui National Park Ticket Counter,22.6925148,93.059016,4.1,"park, point_of_interest, establishment",parks,Mizoram,Spring,Lawngtlai,26
"Tawngtaina Tlang, Tlang Thianghlim",22.4947351,92.7247311,5,"park, point_of_interest, establishment",parks,Mizoram,Spring,Lawngtlai,2
K.Beisa Villa,22.4828197,92.9845091,5,"park, point_of_interest, establishment",parks,Mizoram,Spring,Lawngtlai,1
Mampui Dil,22.5321396,92.8471002,5,"park, point_of_interest, establishment",parks,Mizoram,Spring,Lawngtlai,1
Anilkumar's Teak Garden,22.5914818,92.63165939999999,4.7,"park, point_of_interest, establishment",parks,Mizoram,Spring,Lawngtlai,3
"TLÂHPI, SIAHA",22.5001621,93.01820769999999,4.1,"park, point_of_interest, establishment",parks,Mizoram,Spring,Lawngtlai,7
Garden,22.2941486,93.0814123,5,"park, point_of_interest, establishment",parks,Mizoram,Spring,Lawngtlai,1
Rc garden,22.7034149,92.8369104,5,"park, point_of_interest, establishment",parks,Mizoram,Spring,Lawngtlai,1
Rintluanga Garden,22.5052333,92.9104023,5,"park, point_of_interest, establishment",parks,Mizoram,Spring,Lawngtlai,1
T.Chhuana huan,22.7098997,92.8369302,5,"park, point_of_interest, establishment",parks,Mizoram,Spring,Lawngtlai,1
"S. Davison Beiphaly, Sadô (Garden)",22.3865437,92.9775725,5,"park, point_of_interest, establishment",parks,Mizoram,Spring,Lawngtlai,1
H.Malsawma garden,22.4993124,93.0047446,5,"park, point_of_interest, establishment",parks,Mizoram,Spring,Lawngtlai,1
B. Lalmalsawma Garden,22.5223325,92.9099349,4,"park, point_of_interest, establishment",parks,Mizoram,Spring,Lawngtlai,1
VANRO Garden (B.Vanlalsanga),22.5246633,92.9099447,5,"park, point_of_interest, establishment",parks,Mizoram,Spring,Lawngtlai,1
Jayla-i Pa Huan,22.4267321,92.8706248,5,"park, point_of_interest, establishment",parks,Mizoram,Spring,Lawngtlai,1
"Tlangsam (Sampui), Lungzarhțum",22.5105056,93.02103000000001,3,"park, point_of_interest, establishment",parks,Mizoram,Spring,Lawngtlai,1
Spot,22.507722,92.89107399999999,4,"park, point_of_interest, establishment",parks,Mizoram,Spring,Lawngtlai,1
Sangau 2 YLA Park,22.7178589,93.05042399999999,1,"park, point_of_interest, establishment",parks,Mizoram,Spring,Lawngtlai,1
S Rammawia Garden,22.7498341,93.0458736,4.5,"park, point_of_interest, establishment",parks,Mizoram,Spring,Lawngtlai,2
MT. MAWMA(Chakhei peak),22.2976911,93.1321518,4.8,"park, point_of_interest, establishment",parks,Mizoram,Spring,Lawngtlai,6
Chawngthak peak,22.6143204,93.07165499999999,0,"park, point_of_interest, establishment",parks,Mizoram,Spring,Lawngtlai,0
Yla Park,22.6291244,93.07620709999999,0,"park, point_of_interest, establishment",parks,Mizoram,Spring,Lawngtlai,0
Rawlbuk YLA Park,22.6788879,92.99716409999999,0,"park, point_of_interest, establishment",parks,Mizoram,Spring,Lawngtlai,0
PNKS Garden,22.6344453,92.6367147,0,"park, point_of_interest, establishment",parks,Mizoram,Spring,Lawngtlai,0
"Centennial Park, Chhaolo",22.4329747,93.10344529999999,0,"park, point_of_interest, establishment",parks,Mizoram,Spring,Lawngtlai,0
Doya Ranjan G/Site,22.6289598,92.63261299999999,0,"park, point_of_interest, establishment",parks,Mizoram,Spring,Lawngtlai,0
"YLA Park, DZ Tlang",22.5497331,93.0389301,0,"park, point_of_interest, establishment",parks,Mizoram,Spring,Lawngtlai,0
Mohan Chakma G/Site,22.6291656,92.6326163,1,"park, point_of_interest, establishment",parks,Mizoram,Spring,Lawngtlai,1
Ek leza,22.3551091,92.6148869,0,"park, point_of_interest, establishment",parks,Mizoram,Spring,Lawngtlai,0
K Nguhluna Garden,22.4511732,92.9191906,0,"park, point_of_interest, establishment",parks,Mizoram,Spring,Lawngtlai,0
C.BUISANG GARDEN,22.3667269,93.1237398,0,"park, point_of_interest, establishment",parks,Mizoram,Spring,Lawngtlai,0
"View Point, Mamte",22.618907,92.91854239999999,0,"park, point_of_interest, establishment",parks,Mizoram,Spring,Lawngtlai,0
Pu SKa Huan,22.6251679,92.6454916,0,"park, point_of_interest, establishment",parks,Mizoram,Spring,Lawngtlai,0
Hraisua Hills,22.4993833,93.01667479999999,0,"park, point_of_interest, establishment",parks,Mizoram,Spring,Lawngtlai,0
Hmunchung tlang,22.4042084,92.87338040000002,0,"park, point_of_interest, establishment",parks,Mizoram,Spring,Lawngtlai,0
Ngengpui Wildlife Sanctuary Entrance Gate,22.4982895,92.75949419999999,0,"zoo, park, point_of_interest, establishment",parks,Mizoram,Spring,Lawngtlai,0
vabeilonga tlahnie,22.3762539,92.922204,0,"park, point_of_interest, establishment",parks,Mizoram,Spring,Lawngtlai,0
Kinadhan teak plantation,22.4766317,92.6278698,0,"park, point_of_interest, establishment",parks,Mizoram,Spring,Lawngtlai,0
Tawngtaina Tlang (Prayer Mountain),22.7545788,93.0486464,0,"park, point_of_interest, establishment",parks,Mizoram,Spring,Lawngtlai,0
kingbawl fish farm,22.59521,93.0407171,0,"park, point_of_interest, establishment",parks,Mizoram,Spring,Lawngtlai,0
"Lakher Pioneer Missionary Museum (RA Lorraine Bungalow), Serkawr",22.358408,92.982661,4.8,"museum, point_of_interest, establishment",museum,Mizoram,Winter,Lawngtlai,4
Kuma Museum Tuipang,22.3267421,93.0326829,4.5,"museum, point_of_interest, establishment",museum,Mizoram,Winter,Lawngtlai,2
Alan Muanpuia,22.3584869,92.9826389,0,"museum, point_of_interest, establishment",museum,Mizoram,Winter,Lawngtlai,0
Grave-Yard,22.4944302,92.9699713,0,"museum, point_of_interest, establishment",museum,Mizoram,Winter,Lawngtlai,0
Waterfall,22.445605,92.987905,0,"park, point_of_interest, establishment",waterfalls,Mizoram,Monsoon,Lawngtlai,0
Ngengpui Wildlife Sanctuary,22.4409572,92.7879401,4.3,"tourist_attraction, zoo, park, point_of_interest, establishment",zoo,Mizoram,Winter,Lawngtlai,24
Ngengpui Wildlife Sanctuary Entrance Gate,22.4982895,92.75949419999999,0,"zoo, park, point_of_interest, establishment",zoo,Mizoram,Winter,Lawngtlai,0
"Sarvajanin, Temple",22.4852606,92.9861487,4.5,"hindu_temple, place_of_worship, point_of_interest, establishment",temples,Mizoram,All Seasons,Lawngtlai,20
"Mahamuni Buddha Vihar, Kamalanagar",22.6191309,92.64280880000001,4.3,"place_of_worship, point_of_interest, establishment",temples,Mizoram,All Seasons,Lawngtlai,22
Purboram Bana Vihar,22.6147464,92.625126,5,"place_of_worship, point_of_interest, establishment",temples,Mizoram,All Seasons,Lawngtlai,2
Peace Pagoda,22.6117079,92.6379415,5,"place_of_worship, point_of_interest, establishment",temples,Mizoram,All Seasons,Lawngtlai,2
Udalthana Buddhist Temple,22.5917539,92.6263549,3.8,"place_of_worship, point_of_interest, establishment",temples,Mizoram,All Seasons,Lawngtlai,9
Buddhist temple,22.2866931,92.62848,5,"place_of_worship, point_of_interest, establishment",temples,Mizoram,All Seasons,Lawngtlai,1
Buddhist temple,22.432627,92.649024,5,"place_of_worship, point_of_interest, establishment",temples,Mizoram,All Seasons,Lawngtlai,2
Kamalanagar IV Buddhist Temple,22.6118671,92.6380695,4,"place_of_worship, point_of_interest, establishment",temples,Mizoram,All Seasons,Lawngtlai,24
Tapobhumi Dhamma Vihar,22.6104,92.6287,4.8,"place_of_worship, point_of_interest, establishment",temples,Mizoram,All Seasons,Lawngtlai,15
Longpui Gath Buddhist Temple,22.3650203,92.64196770000001,5,"place_of_worship, point_of_interest, establishment",temples,Mizoram,All Seasons,Lawngtlai,1
Mahamoni Buddha Vihara,22.6192905,92.6426051,4.5,"place_of_worship, point_of_interest, establishment",temples,Mizoram,All Seasons,Lawngtlai,6
Buddhist Temple,22.3853548,92.6169996,0,"place_of_worship, point_of_interest, establishment",temples,Mizoram,All Seasons,Lawngtlai,0
Vaseikai Sarbojonin Shiva mandir,22.3603204,92.63980749999999,0,"hindu_temple, place_of_worship, point_of_interest, establishment",temples,Mizoram,All Seasons,Lawngtlai,0
Sraman Ghar Hujee Mawnaw Vihara,22.5762709,92.61644799999999,5,"place_of_worship, point_of_interest, establishment",temples,Mizoram,All Seasons,Lawngtlai,1
Avlokiteswara Temple,22.4931035,92.62692109999999,0,"place_of_worship, point_of_interest, establishment",temples,Mizoram,All Seasons,Lawngtlai,0
Bolisora Mondir,22.288924,92.6541222,3.6,"place_of_worship, point_of_interest, establishment",temples,Mizoram,All Seasons,Lawngtlai,5
BUDDHIST temple,22.4339534,92.6395809,0,"place_of_worship, point_of_interest, establishment",temples,Mizoram,All Seasons,Lawngtlai,0
DESHANA GHAR HUJEE MANAW VIHARA,22.5762709,92.61644799999999,5,"place_of_worship, point_of_interest, establishment",temples,Mizoram,All Seasons,Lawngtlai,1
Jhai muni,22.6126453,92.6344756,0,"place_of_worship, point_of_interest, establishment",temples,Mizoram,All Seasons,Lawngtlai,0
Maha Vihara Forest Monastery,22.3520842,92.628025,5,"place_of_worship, point_of_interest, establishment",temples,Mizoram,All Seasons,Lawngtlai,1
"Jamer Sury, DHAMMANGKUR BUDDHA VIHAR.",22.5542539,92.6206388,4.5,"place_of_worship, point_of_interest, establishment",temples,Mizoram,All Seasons,Lawngtlai,2
Janashanti Buddha Vihar(Temple) JOGNASURY,22.5022318,92.633304,5,"place_of_worship, point_of_interest, establishment",temples,Mizoram,All Seasons,Lawngtlai,1
"S. S. B. Colony, Kamalanagar 6",22.6191669,92.63620999999999,5,"place_of_worship, point_of_interest, establishment",temples,Mizoram,All Seasons,Lawngtlai,1
Hujee Mawnaw Vihar Sramana Kothir,22.6021272,92.6266866,5,"place_of_worship, point_of_interest, establishment",temples,Mizoram,All Seasons,Lawngtlai,1
Ananda Buddha Vihar,22.628801,92.6383602,5,"place_of_worship, point_of_interest, establishment",temples,Mizoram,All Seasons,Lawngtlai,1
Shanti Stupa,22.6116658,92.637973,5,"place_of_worship, point_of_interest, establishment",temples,Mizoram,All Seasons,Lawngtlai,1
Vaseikai Lumbini Buddha Vihar,22.361593,92.64397009999999,3.7,"place_of_worship, point_of_interest, establishment",temples,Mizoram,All Seasons,Lawngtlai,3
"Adubangasora Buddhist Temple, DHAMMA RAJIKA BUDDHA VIHAR",22.5628551,92.62496320000001,3.7,"place_of_worship, point_of_interest, establishment",temples,Mizoram,All Seasons,Lawngtlai,3
Chikhurlui Sorgopuri Buddha Vihara,22.281573,92.6830999,5,"place_of_worship, point_of_interest, establishment",temples,Mizoram,All Seasons,Lawngtlai,2
"Niribili Buddha Vihar Ajasora ii, CADC Mizoram",22.4595621,92.63516299999999,5,"place_of_worship, point_of_interest, establishment",temples,Mizoram,All Seasons,Lawngtlai,2
Milan sangha Buddha vihar,22.5467838,92.62508299999999,5,"place_of_worship, point_of_interest, establishment",temples,Mizoram,All Seasons,Lawngtlai,1
Sumangal Buddha Vihara,22.3649723,92.6419787,5,"place_of_worship, point_of_interest, establishment",temples,Mizoram,All Seasons,Lawngtlai,2
Chhotaguisuri.triratna buddha vihara,22.286569,92.62903229999999,5,"place_of_worship, point_of_interest, establishment",temples,Mizoram,All Seasons,Lawngtlai,1
NIRVAN NAGAR BUDDHA VIHAR,22.3399699,92.6818533,1,"place_of_worship, point_of_interest, establishment",temples,Mizoram,All Seasons,Lawngtlai,1
GURUJI MANDIR,22.612797,92.64289319999999,0,"place_of_worship, point_of_interest, establishment",temples,Mizoram,All Seasons,Lawngtlai,0
Tilok Jyoti Bhante,22.3401773,92.68193869999999,0,"place_of_worship, point_of_interest, establishment",temples,Mizoram,All Seasons,Lawngtlai,0
Jagaran Buddha Vihar Tuikhurlui,22.5986009,92.6503316,0,"place_of_worship, point_of_interest, establishment",temples,Mizoram,All Seasons,Lawngtlai,0
Kamalanagar Bana Vihara.,22.6245183,92.6307435,0,"place_of_worship, point_of_interest, establishment",temples,Mizoram,All Seasons,Lawngtlai,0
"Swarga Alo Bana Vihar, Baganpara",22.6300715,92.63878559999999,1,"place_of_worship, point_of_interest, establishment",temples,Mizoram,All Seasons,Lawngtlai,1
Sumsilui Buddhist Temple,22.5922411,92.6361036,1,"place_of_worship, point_of_interest, establishment",temples,Mizoram,All Seasons,Lawngtlai,1
Santi lota twgya,22.3343328,92.6820942,0,"place_of_worship, point_of_interest, establishment",temples,Mizoram,All Seasons,Lawngtlai,0
Ranjit kumar,22.3607625,92.64188209999999,0,"place_of_worship, point_of_interest, establishment",temples,Mizoram,All Seasons,Lawngtlai,0
Mono Huji Vihar,22.6013295,92.62533189999999,0,"place_of_worship, point_of_interest, establishment",temples,Mizoram,All Seasons,Lawngtlai,0
Sona Rattan Chakma Vaseikai,22.3560719,92.63792839999999,0,"place_of_worship, point_of_interest, establishment",temples,Mizoram,All Seasons,Lawngtlai,0
Ugudosury Buddha Vihara (Damlui),22.3811247,92.646771,0,"place_of_worship, point_of_interest, establishment",temples,Mizoram,All Seasons,Lawngtlai,0
Chikhurlui UTTAM MANGAL Buddha Vihara,22.2863549,92.68472009999999,0,"place_of_worship, point_of_interest, establishment",temples,Mizoram,All Seasons,Lawngtlai,0
Ranjit tashee,22.3607625,92.64188209999999,0,"place_of_worship, point_of_interest, establishment",temples,Mizoram,All Seasons,Lawngtlai,0
Sadhanagiri Buddha Vihara,22.284037,92.598084,0,"place_of_worship, point_of_interest, establishment",temples,Mizoram,All Seasons,Lawngtlai,0
AbhayaDāna Forest Monastery,22.6511776,92.6139176,4.8,"place_of_worship, point_of_interest, establishment",temples,Mizoram,All Seasons,Lawngtlai,14
Anil bikash tong,22.3677523,92.64093,0,"place_of_worship, point_of_interest, establishment",temples,Mizoram,All Seasons,Lawngtlai,0
hill gate school,22.4905325,92.97793809999999,4.4,"secondary_school, school, point_of_interest, establishment",hills,Mizoram,Winter,Lawngtlai,15
Highest Peak in Mizoram,22.6309168,93.03856499999999,4,"tourist_attraction, point_of_interest, establishment",hills,Mizoram,Winter,Lawngtlai,5
Tlâhpi Mountain View,22.5001088,93.0208497,4.3,"point_of_interest, establishment",hills,Mizoram,Winter,Lawngtlai,24
Blue Mountain Peak (Phawngpui Tlang ) hp 2157m,22.63094,93.0386072,4.3,"tourist_attraction, point_of_interest, establishment",hills,Mizoram,Winter,Lawngtlai,15
Tourist Lodge,22.6121637,92.634722,3.7,"tourist_attraction, lodging, point_of_interest, establishment",hills,Mizoram,Winter,Lawngtlai,46
Paithar Tlâng,22.4316875,92.8931875,5,"park, point_of_interest, establishment",hills,Mizoram,Winter,Lawngtlai,3
Far Pak,22.6719573,93.04357770000001,4.4,"park, point_of_interest, establishment",hills,Mizoram,Winter,Lawngtlai,41
Hraisua Hills,22.4993833,93.01667479999999,0,"park, point_of_interest, establishment",hills,Mizoram,Winter,Lawngtlai,0
Blue Mountain,22.6316667,93.0391667,4.6,"natural_feature, establishment",hills,Mizoram,Winter,Lawngtlai,10
Tuiphal Rza huan,22.5016582,92.86769749999999,5,"park, point_of_interest, establishment",hills,Mizoram,Winter,Lawngtlai,1
Phunpi Klang,22.7333333,93.13333329999999,0,"natural_feature, establishment",hills,Mizoram,Winter,Lawngtlai,0
Phawngpui,22.733333,93.133333,3.9,"natural_feature, establishment",hills,Mizoram,Winter,Lawngtlai,36
"BCM Church, Lawngtlai Chandmary",22.5268677,92.8973388,4.4,"church, place_of_worship, point_of_interest, establishment",hills,Mizoram,Winter,Lawngtlai,10
Junction Vawmbuk kawng peng,22.6003477,93.02587729999999,2.7,"park, point_of_interest, establishment",hills,Mizoram,Winter,Lawngtlai,3
ECM Bethlehem Church,22.4930815,92.9951588,4.6,"church, place_of_worship, point_of_interest, establishment",hills,Mizoram,Winter,Lawngtlai,10
Highest Peak in Mizoram,22.6309168,93.03856499999999,4,"tourist_attraction, point_of_interest, establishment",attraction,Mizoram,All Seasons,Lawngtlai,5
Saphao/Castle of Beinô,22.301552,92.8301845,4.4,"tourist_attraction, point_of_interest, establishment",attraction,Mizoram,All Seasons,Lawngtlai,18
ကျောက်ကလပ်(ကျောက်စိုင်),22.3014375,92.82968749999999,0,"tourist_attraction, point_of_interest, establishment",attraction,Mizoram,All Seasons,Lawngtlai,0
Siata View Point,22.347271,93.13818520000001,5,"tourist_attraction, point_of_interest, establishment",attraction,Mizoram,All Seasons,Lawngtlai,1
Ngengpui Wildlife Sanctuary,22.4409572,92.7879401,4.3,"tourist_attraction, zoo, park, point_of_interest, establishment",attraction,Mizoram,All Seasons,Lawngtlai,24
Phawngpui Tlang View,22.6934304,93.0206683,4.4,"tourist_attraction, point_of_interest, establishment",attraction,Mizoram,All Seasons,Lawngtlai,8
VAWNGVANG LUNGKANG,22.3292152,93.1668067,0,"tourist_attraction, point_of_interest, establishment",attraction,Mizoram,All Seasons,Lawngtlai,0
Tliatlu or Mizen Tlâh,22.2935136,93.1050864,5,"tourist_attraction, point_of_interest, establishment",attraction,Mizoram,All Seasons,Lawngtlai,1
Lungmak (Castle of Boinu),22.3022211,92.8292625,4.7,"tourist_attraction, point_of_interest, establishment",attraction,Mizoram,All Seasons,Lawngtlai,33
Phura tlâng,22.4602609,92.90876109999999,0,"tourist_attraction, point_of_interest, establishment",attraction,Mizoram,All Seasons,Lawngtlai,0
RÁLVÉN CHHUAK,22.7840625,93.09593749999999,4.5,"tourist_attraction, point_of_interest, establishment",attraction,Mizoram,All Seasons,Lawngtlai,2
TLIATLU OR MIZEN TLANG,22.2936675,93.1057939,3.7,"tourist_attraction, point_of_interest, establishment",attraction,Mizoram,All Seasons,Lawngtlai,3
ALUNGPUINO (Largest Rock in Maraland),22.3433145,93.1528924,5,"tourist_attraction, point_of_interest, establishment",attraction,Mizoram,All Seasons,Lawngtlai,8
View Point,22.3802656,92.9218312,5,"tourist_attraction, point_of_interest, establishment",attraction,Mizoram,All Seasons,Lawngtlai,1
Tiau leh tuipui infina/ tiau chhuak,22.7864505,93.0954774,4.5,"tourist_attraction, point_of_interest, establishment",attraction,Mizoram,All Seasons,Lawngtlai,4
TLANGPI,22.4958467,93.0224059,0,"tourist_attraction, point_of_interest, establishment",attraction,Mizoram,All Seasons,Lawngtlai,0
Memorial Stone for the First Christian in Mara Land,22.3172958,93.02400130000001,3.7,"tourist_attraction, point_of_interest, establishment",attraction,Mizoram,All Seasons,Lawngtlai,3
Kim Kima Waiting Shed,22.5419274,92.8816001,5,"tourist_attraction, point_of_interest, establishment",attraction,Mizoram,All Seasons,Lawngtlai,3
Cheu lui,22.6805398,93.02779919999999,0,"tourist_attraction, point_of_interest, establishment",attraction,Mizoram,All Seasons,Lawngtlai,0
Electric Veng YLA In,22.5349781,92.8902468,3.6,"tourist_attraction, point_of_interest, establishment",attraction,Mizoram,All Seasons,Lawngtlai,14
Tourist Lodge,22.6121637,92.634722,3.7,"tourist_attraction, lodging, point_of_interest, establishment",attraction,Mizoram,All Seasons,Lawngtlai,46
Blue Mountain Peak (Phawngpui Tlang ) hp 2157m,22.63094,93.0386072,4.3,"tourist_attraction, point_of_interest, establishment",attraction,Mizoram,All Seasons,Lawngtlai,15
Lal Tual (Chief Kheche Notlia square),22.5119731,93.1149868,0,"tourist_attraction, point_of_interest, establishment",attraction,Mizoram,All Seasons,Lawngtlai,0
SUSPENSION BRIDGE,22.3058044,93.1328644,5,"tourist_attraction, point_of_interest, establishment",attraction,Mizoram,All Seasons,Lawngtlai,2
Tuipui maurawp,22.6736539,92.8464905,4,"tourist_attraction, point_of_interest, establishment",attraction,Mizoram,All Seasons,Lawngtlai,4
Gulmore,22.5818103,92.6490646,4,"tourist_attraction, point_of_interest, establishment",attraction,Mizoram,All Seasons,Lawngtlai,5
Night VIEW FOR HAWTHAI VILLAGE,22.3430152,93.0657602,0,"tourist_attraction, point_of_interest, establishment",attraction,Mizoram,All Seasons,Lawngtlai,0
INNOCENT GRAVE 🪦,22.3413667,93.062625,0,"tourist_attraction, point_of_interest, establishment",attraction,Mizoram,All Seasons,Lawngtlai,0
Khâwng Park — North Vanlaiphai,23.1311902,93.0411835,4.1,"park, point_of_interest, establishment",parks,Mizoram,Spring,Lunglei,14
Laldenga Park,22.9449072,92.76408649999999,4,"park, point_of_interest, establishment",parks,Mizoram,Spring,Lunglei,30
Children's Park,22.8851471,92.7459418,3.5,"park, point_of_interest, establishment",parks,Mizoram,Spring,Lunglei,216
Lunglei District Park,22.8481537,92.8175377,3.7,"park, point_of_interest, establishment",parks,Mizoram,Spring,Lunglei,53
LDF Park,22.9385877,92.7512095,4.7,"park, point_of_interest, establishment",parks,Mizoram,Spring,Lunglei,3
Far Pak,22.6719573,93.04357770000001,4.4,"park, point_of_interest, establishment",parks,Mizoram,Spring,Lunglei,41
"BDO Park, Lungsen",22.8787962,92.58863550000001,3.7,"park, point_of_interest, establishment",parks,Mizoram,Spring,Lunglei,26
Tarpho park,23.0061174,92.9991093,5,"park, point_of_interest, establishment",parks,Mizoram,Spring,Lunglei,3
Hnawncheua Park,22.7170162,92.8392544,5,"park, point_of_interest, establishment",parks,Mizoram,Spring,Lunglei,2
Jacob's Villa,22.9000311,92.7370005,4.3,"park, point_of_interest, establishment",parks,Mizoram,Spring,Lunglei,15
Thingfal Park,22.6236279,92.8694173,3.5,"park, point_of_interest, establishment",parks,Mizoram,Spring,Lunglei,4
Kamalanagar Football Field Pavilion,22.6198686,92.64317319999999,3.3,"park, point_of_interest, establishment",parks,Mizoram,Spring,Lunglei,56
"Ding Dong Park, Ramthar, Lunglei",22.8826488,92.7634082,0,"park, point_of_interest, establishment",parks,Mizoram,Spring,Lunglei,0
YLA PARK Lungtian II,22.7176372,92.97344729999999,5,"park, point_of_interest, establishment",parks,Mizoram,Spring,Lunglei,2
KT Picnic spot,23.1306604,93.04985169999999,4.7,"park, point_of_interest, establishment",parks,Mizoram,Spring,Lunglei,3
War Memorial Park,22.8849246,92.74610249999999,3,"park, point_of_interest, establishment",parks,Mizoram,Spring,Lunglei,2
Blue mountain,22.6326659,93.03849989999999,0,"park, point_of_interest, establishment",parks,Mizoram,Spring,Lunglei,0
H&B Farm,22.8497918,92.7585678,0,"park, point_of_interest, establishment",parks,Mizoram,Spring,Lunglei,0
Joseph Resort,22.8712271,92.76031859999999,5,"park, point_of_interest, establishment",parks,Mizoram,Spring,Lunglei,2
TerraceFarm,22.9502695,92.7723537,5,"park, point_of_interest, establishment",parks,Mizoram,Spring,Lunglei,3
Sipai Tlang,22.8596283,92.8222079,0,"park, point_of_interest, establishment",parks,Mizoram,Spring,Lunglei,0
Apeto Garden,22.9712024,92.60949029999999,5,"park, point_of_interest, establishment",parks,Mizoram,Spring,Lunglei,1
Aikha park (Nghasih Road),22.8836672,92.76540709999999,0,"park, point_of_interest, establishment",parks,Mizoram,Spring,Lunglei,0
South Vanlaiphai kawtchhuah,22.7976463,92.9942485,5,"park, point_of_interest, establishment",parks,Mizoram,Spring,Lunglei,1
Lunglawn Park,22.8715109,92.7528675,4.1,"park, point_of_interest, establishment",parks,Mizoram,Spring,Lunglei,81
YMA Park,22.6183454,92.9177485,0,"park, point_of_interest, establishment",parks,Mizoram,Spring,Lunglei,0
"YLA Reserved Forest, Lungtian II",22.7226298,92.9665701,4,"park, point_of_interest, establishment",parks,Mizoram,Spring,Lunglei,1
"Forest Park, Tlabung",22.9028509,92.4829242,0,"park, point_of_interest, establishment",parks,Mizoram,Spring,Lunglei,0
"H.Ngunthanga(Thanga Garden),Khuai tang(Khuai hnuai)",22.6927867,93.0304583,5,"park, point_of_interest, establishment",parks,Mizoram,Spring,Lunglei,2
Victora Huan,22.8670691,92.7655358,5,"park, point_of_interest, establishment",parks,Mizoram,Spring,Lunglei,1
YMA Park,23.0008885,92.8153291,0,"park, point_of_interest, establishment",parks,Mizoram,Spring,Lunglei,0
Chawngvungi Park,23.0958222,92.8936988,0,"park, point_of_interest, establishment",parks,Mizoram,Spring,Lunglei,0
Sanatta's Orchard,22.9451298,92.53663379999999,1,"park, point_of_interest, establishment",parks,Mizoram,Spring,Lunglei,1
Abel's Resort,22.9374341,92.75256,3.9,"park, point_of_interest, establishment",parks,Mizoram,Spring,Lunglei,16
Sangau 2 YLA Park,22.7178589,93.05042399999999,1,"park, point_of_interest, establishment",parks,Mizoram,Spring,Lunglei,1
Rawlbuk YLA Park,22.6788879,92.99716409999999,0,"park, point_of_interest, establishment",parks,Mizoram,Spring,Lunglei,0
Thakima huan,22.8838185,92.7636868,5,"park, point_of_interest, establishment",parks,Mizoram,Spring,Lunglei,1
C. Lalramenga thlai hmun,23.0912694,92.7934721,5,"park, point_of_interest, establishment",parks,Mizoram,Spring,Lunglei,1
C. Lalthlamuana house,22.9605624,92.93068090000001,5,"park, point_of_interest, establishment",parks,Mizoram,Spring,Lunglei,1
PNKS Garden,22.6344453,92.6367147,0,"park, point_of_interest, establishment",parks,Mizoram,Spring,Lunglei,0
"V/C Park, Tlabung",22.8985391,92.4746902,0,"park, point_of_interest, establishment",parks,Mizoram,Spring,Lunglei,0
Pangzawl - Lungmawi Mat kai,23.0827082,92.8672208,4,"park, point_of_interest, establishment",parks,Mizoram,Spring,Lunglei,2
Sertlangpui Tlang,23.1302532,92.68648379999999,4,"park, point_of_interest, establishment",parks,Mizoram,Spring,Lunglei,1
Pu Mawia kuhva leh Sandalwood huan,22.839285,92.63763829999999,5,"park, point_of_interest, establishment",parks,Mizoram,Spring,Lunglei,1
Phawngpui National Park Ticket Counter,22.6925148,93.059016,4.1,"park, point_of_interest, establishment",parks,Mizoram,Spring,Lunglei,26
K. Lalhunmawia Huan,22.9661244,92.9349312,5,"park, point_of_interest, establishment",parks,Mizoram,Spring,Lunglei,2
Rc garden,22.7034149,92.8369104,5,"park, point_of_interest, establishment",parks,Mizoram,Spring,Lunglei,1
DC Garden,22.7089178,92.53142489999999,5,"park, point_of_interest, establishment",parks,Mizoram,Spring,Lunglei,2
Santi Bikash Garden,22.9444586,92.5369312,0,"park, point_of_interest, establishment",parks,Mizoram,Spring,Lunglei,0
Bawihpuia,22.9141282,92.7228824,0,"park, point_of_interest, establishment",parks,Mizoram,Spring,Lunglei,0
Khuma Huan,23.0074302,92.8109618,0,"park, point_of_interest, establishment",parks,Mizoram,Spring,Lunglei,0
"Lunglei,Luangmual,Leikakper Zau",22.8493308,92.7600662,0,"park, point_of_interest, establishment",parks,Mizoram,Spring,Lunglei,0
Ht zoengma2ia,23.017178,92.831976,3,"park, point_of_interest, establishment",parks,Mizoram,Spring,Lunglei,1
Bini moy chakma,22.6212415,92.62562849999999,0,"park, point_of_interest, establishment",parks,Mizoram,Spring,Lunglei,0
"Hnahthial Forest Range Nursery, Arbawh",22.9974137,92.9349975,0,"park, point_of_interest, establishment",parks,Mizoram,Spring,Lunglei,0
Hnahthial Forest Range Nursery Arbawh,22.9895613,92.9335856,0,"park, point_of_interest, establishment",parks,Mizoram,Spring,Lunglei,0
Eden Huan,23.1287288,92.6871962,0,"park, point_of_interest, establishment",parks,Mizoram,Spring,Lunglei,0
CampSiloam,22.91914,92.7604192,5,"park, point_of_interest, establishment",parks,Mizoram,Spring,Lunglei,1
Pu Pc Rodingliana leilet,22.9658564,92.88465339999999,0,"park, point_of_interest, establishment",parks,Mizoram,Spring,Lunglei,0
R Lalthanpuia Coffee plantation,22.8487203,92.8210723,0,"park, point_of_interest, establishment",parks,Mizoram,Spring,Lunglei,0
"Lunglei District Museum, Sazaikawn",22.8845389,92.7319399,5,"point_of_interest, establishment",museum,Mizoram,Winter,Lunglei,1
Community Hall,22.7857655,92.5034936,0,"museum, point_of_interest, establishment",museum,Mizoram,Winter,Lunglei,0
Lunglei District Science Center,22.9004536,92.76549,4.5,"point_of_interest, establishment",museum,Mizoram,Winter,Lunglei,6
Saikuti Hall,22.8918261,92.744907,4.1,"city_hall, local_government_office, point_of_interest, establishment",museum,Mizoram,Winter,Lunglei,87
Art & Culture Office,22.8907492,92.7442566,4,"point_of_interest, establishment",museum,Mizoram,Winter,Lunglei,2
"Khawhthlasang, South Chawngtui",23.0584406,93.0389354,4.7,"tourist_attraction, point_of_interest, establishment",waterfalls,Mizoram,Monsoon,Lunglei,7
Abel's Resort,22.9374341,92.75256,3.9,"park, point_of_interest, establishment",beaches,Mizoram,Summer,Lunglei,16
"Mahamuni Buddha Vihar, Kamalanagar",22.6191309,92.64280880000001,4.3,"place_of_worship, point_of_interest, establishment",temples,Mizoram,All Seasons,Lunglei,22
Purboram Bana Vihar,22.6147464,92.625126,5,"place_of_worship, point_of_interest, establishment",temples,Mizoram,All Seasons,Lunglei,2
Milan Sangha Buddha Vihar,23.0388895,92.4866701,5,"place_of_worship, point_of_interest, establishment",temples,Mizoram,All Seasons,Lunglei,1
Buddhist Temple,22.7981071,92.4997271,5,"place_of_worship, point_of_interest, establishment",temples,Mizoram,All Seasons,Lunglei,4
"Shiv Temple , Lunglei",22.8919311,92.7495768,0,"hindu_temple, place_of_worship, point_of_interest, establishment",temples,Mizoram,All Seasons,Lunglei,0
Tapobhumi Dhamma Vihar,22.6104,92.6287,4.8,"place_of_worship, point_of_interest, establishment",temples,Mizoram,All Seasons,Lunglei,15
Jagat Jyoti Buddha Vihara,22.706349,92.5201742,3.8,"place_of_worship, point_of_interest, establishment",temples,Mizoram,All Seasons,Lunglei,4
Peace Pagoda,22.6117079,92.6379415,5,"place_of_worship, point_of_interest, establishment",temples,Mizoram,All Seasons,Lunglei,2
BUDDHIST TEMPLE MATRISORA,22.9443693,92.5361473,4.6,"place_of_worship, point_of_interest, establishment",temples,Mizoram,All Seasons,Lunglei,10
Kali Temple,22.8952307,92.74808619999999,4.7,"hindu_temple, place_of_worship, point_of_interest, establishment",temples,Mizoram,All Seasons,Lunglei,7
Kamalanagar IV Buddhist Temple,22.6118671,92.6380695,4,"place_of_worship, point_of_interest, establishment",temples,Mizoram,All Seasons,Lunglei,24
"Gyanaday Buddha Vihāra, Tipperaghat-I Buddhist Temple",22.8406875,92.4753125,4.1,"place_of_worship, point_of_interest, establishment",temples,Mizoram,All Seasons,Lunglei,15
Andar Manik Aranya Kutir,22.7149796,92.5033476,0,"place_of_worship, point_of_interest, establishment",temples,Mizoram,All Seasons,Lunglei,0
Ananda Buddha Vihar,22.628801,92.6383602,5,"place_of_worship, point_of_interest, establishment",temples,Mizoram,All Seasons,Lunglei,1
Andermanek Buddhist Temple,22.820524,92.5628239,1.5,"place_of_worship, point_of_interest, establishment",temples,Mizoram,All Seasons,Lunglei,2
Mahamoni Buddha Vihara,22.6192905,92.6426051,4.5,"place_of_worship, point_of_interest, establishment",temples,Mizoram,All Seasons,Lunglei,6
"Mahabodhi Buddhist Temple, Tuichawng-2",22.9249375,92.5296875,4.6,"place_of_worship, point_of_interest, establishment",temples,Mizoram,All Seasons,Lunglei,5
Buddhist Temple,22.9196032,92.5256685,4.8,"place_of_worship, point_of_interest, establishment",temples,Mizoram,All Seasons,Lunglei,5
Sangharama Buddha Vihara,22.8482262,92.5089217,5,"place_of_worship, point_of_interest, establishment",temples,Mizoram,All Seasons,Lunglei,1
PHUNHNAWMA LUNG,22.8282657,93.0331345,4.7,"tourist_attraction, point_of_interest, establishment",temples,Mizoram,All Seasons,Lunglei,10
Hujee Mawnaw Vihar Sramana Kothir,22.6021272,92.6266866,5,"place_of_worship, point_of_interest, establishment",temples,Mizoram,All Seasons,Lunglei,1
AbhayaDāna Forest Monastery,22.6511776,92.6139176,4.8,"place_of_worship, point_of_interest, establishment",temples,Mizoram,All Seasons,Lunglei,14
"Bhujayanti Bana Bihar, Borapansury",22.7104614,92.5389962,4.3,"place_of_worship, point_of_interest, establishment",temples,Mizoram,All Seasons,Lunglei,4
"SHIV Temple, LUANGMUAL",22.8563273,92.7535841,0,"hindu_temple, place_of_worship, point_of_interest, establishment",temples,Mizoram,All Seasons,Lunglei,0
"S. S. B. Colony, Kamalanagar 6",22.6191669,92.63620999999999,5,"place_of_worship, point_of_interest, establishment",temples,Mizoram,All Seasons,Lunglei,1
"Paratna Puron Buddha Vihar, Chotapansury",22.6316764,92.53661269999999,5,"place_of_worship, point_of_interest, establishment",temples,Mizoram,All Seasons,Lunglei,1
"OLD BUDDHIST TEMPLE, DIBLIBAGH",22.9285796,92.4967483,4.3,"place_of_worship, point_of_interest, establishment",temples,Mizoram,All Seasons,Lunglei,6
Sibali Mandir,22.6818304,92.5647899,0,"place_of_worship, point_of_interest, establishment",temples,Mizoram,All Seasons,Lunglei,0
View of Lunglei,22.9265663,92.7505836,4.5,"tourist_attraction, point_of_interest, establishment",temples,Mizoram,All Seasons,Lunglei,10
Mono Huji Vihar,22.6013295,92.62533189999999,0,"place_of_worship, point_of_interest, establishment",temples,Mizoram,All Seasons,Lunglei,0
Jagaran Buddha Vihar Tuikhurlui,22.5986009,92.6503316,0,"place_of_worship, point_of_interest, establishment",temples,Mizoram,All Seasons,Lunglei,0
Shanti Stupa,22.6116658,92.637973,5,"place_of_worship, point_of_interest, establishment",temples,Mizoram,All Seasons,Lunglei,1
Milan Sangha Buddha Vihara,22.6612027,92.54146949999999,0,"place_of_worship, point_of_interest, establishment",temples,Mizoram,All Seasons,Lunglei,0
"JETAVANA VIHARA, DIBLIBAGH",22.9290488,92.4991991,5,"place_of_worship, point_of_interest, establishment",temples,Mizoram,All Seasons,Lunglei,2
Kojoisury Nouadam Buddhist Temple,22.7939187,92.48267589999999,3.3,"place_of_worship, point_of_interest, establishment",temples,Mizoram,All Seasons,Lunglei,3
Jhai muni,22.6126453,92.6344756,0,"place_of_worship, point_of_interest, establishment",temples,Mizoram,All Seasons,Lunglei,0
Buddhist Bihar,22.6188133,92.5759456,4,"place_of_worship, point_of_interest, establishment",temples,Mizoram,All Seasons,Lunglei,1
SANGHA RASIKA BUDDHA BIHAR (UGAL SURY),22.6873577,92.530622,0,"place_of_worship, point_of_interest, establishment",temples,Mizoram,All Seasons,Lunglei,0
Jana Kalyan Buddha Vihara,22.9891842,92.49929910000002,5,"place_of_worship, point_of_interest, establishment",temples,Mizoram,All Seasons,Lunglei,4
GURUJI MANDIR,22.612797,92.64289319999999,0,"place_of_worship, point_of_interest, establishment",temples,Mizoram,All Seasons,Lunglei,0
আন্দার মানেক অষ্টমার্গ বন বিহার,22.7201769,92.51402019999999,5,"place_of_worship, point_of_interest, establishment",temples,Mizoram,All Seasons,Lunglei,1
Shiva Mondir,22.923557,92.5317676,2,"hindu_temple, place_of_worship, point_of_interest, establishment",temples,Mizoram,All Seasons,Lunglei,1
"Chulo Muni Buddha Vihara, Old Khojoysury",22.7813624,92.5055574,3,"place_of_worship, point_of_interest, establishment",temples,Mizoram,All Seasons,Lunglei,2
Ugudo Sury Buddha Vihara,23.0049417,92.4761094,5,"place_of_worship, point_of_interest, establishment",temples,Mizoram,All Seasons,Lunglei,1
Sangha Ratna Buddha Vihara,22.9554683,92.4887617,5,"place_of_worship, point_of_interest, establishment",temples,Mizoram,All Seasons,Lunglei,3
"Amritamoy Buddha Vihāra, Tipperaghat – II (Denosora)",22.8269795,92.48508710000002,3,"place_of_worship, point_of_interest, establishment",temples,Mizoram,All Seasons,Lunglei,3
"Swarga Alo Bana Vihar, Baganpara",22.6300715,92.63878559999999,1,"place_of_worship, point_of_interest, establishment",temples,Mizoram,All Seasons,Lunglei,1
Ola-Abo-Adam Buddhist Temple,22.8237198,92.49340459999999,5,"place_of_worship, point_of_interest, establishment",temples,Mizoram,All Seasons,Lunglei,2
Buddha Temple (PBV) Silsury,22.666321,92.529907,0,"place_of_worship, point_of_interest, establishment",temples,Mizoram,All Seasons,Lunglei,0
Kamalanagar Bana Vihara.,22.6245183,92.6307435,0,"place_of_worship, point_of_interest, establishment",temples,Mizoram,All Seasons,Lunglei,0
Bulong Sury Buddha Vihara,22.8632836,92.4788016,3.2,"place_of_worship, point_of_interest, establishment",temples,Mizoram,All Seasons,Lunglei,5
Sunity kumar,22.920148,92.52600840000001,0,"place_of_worship, point_of_interest, establishment",temples,Mizoram,All Seasons,Lunglei,0
Nirvan Chug,22.6629977,92.5670494,0,"place_of_worship, point_of_interest, establishment",temples,Mizoram,All Seasons,Lunglei,0
Balukia sury,22.8670691,92.7655358,0,"place_of_worship, point_of_interest, establishment",temples,Mizoram,All Seasons,Lunglei,0
Gobo Sury Buddha Vihara,22.8459321,92.56388539999999,0,"place_of_worship, point_of_interest, establishment",temples,Mizoram,All Seasons,Lunglei,0
Sangha Moitree Buddha Vihara,22.6614366,92.5416645,0,"place_of_worship, point_of_interest, establishment",temples,Mizoram,All Seasons,Lunglei,0
Near Mandir,22.892878,92.751853,3.4,"lodging, point_of_interest, establishment",temples,Mizoram,All Seasons,Lunglei,20
Santi Bijoy house,22.8297259,92.48362139999999,2,"place_of_worship, point_of_interest, establishment",temples,Mizoram,All Seasons,Lunglei,1
Monk’s Accommodation,22.9289448,92.4991368,0,"place_of_worship, point_of_interest, establishment",temples,Mizoram,All Seasons,Lunglei,0
FAITH HILL SCHOOL OF ARTS,22.8709475,92.7569628,5,"school, point_of_interest, establishment",hills,Mizoram,Winter,Lunglei,1
Highest Peak in Mizoram,22.6309168,93.03856499999999,4,"tourist_attraction, point_of_interest, establishment",hills,Mizoram,Winter,Lunglei,5
Tourist Lodge,22.6121637,92.634722,3.7,"tourist_attraction, lodging, point_of_interest, establishment",hills,Mizoram,Winter,Lunglei,46
Theiriat Tlâng,22.8683581,92.78813749999999,4.6,"tourist_attraction, point_of_interest, establishment",hills,Mizoram,Winter,Lunglei,48
Lucy Bakes,22.885078,92.7462291,4,"bakery, food, point_of_interest, store, establishment",hills,Mizoram,Winter,Lunglei,29
Theiriat Tlâng,22.8683581,92.78813749999999,4.6,"tourist_attraction, point_of_interest, establishment",attraction,Mizoram,All Seasons,Lunglei,48
Highest Peak in Mizoram,22.6309168,93.03856499999999,4,"tourist_attraction, point_of_interest, establishment",attraction,Mizoram,All Seasons,Lunglei,5
Pangzawl Khawngbawk Bûng,23.0664968,92.89789379999999,4.8,"tourist_attraction, point_of_interest, establishment",attraction,Mizoram,All Seasons,Lunglei,5
"Fish Sanctuary, Tuipui D",22.9023258,92.93252919999999,4.3,"tourist_attraction, point_of_interest, establishment",attraction,Mizoram,All Seasons,Lunglei,83
Phawngpui Tlang View,22.6934304,93.0206683,4.4,"tourist_attraction, point_of_interest, establishment",attraction,Mizoram,All Seasons,Lunglei,8
View of Lunglei,22.9265663,92.7505836,4.5,"tourist_attraction, point_of_interest, establishment",attraction,Mizoram,All Seasons,Lunglei,10
Udalthana ii Bormon,22.6028982,92.57847260000001,0,"tourist_attraction, point_of_interest, establishment",attraction,Mizoram,All Seasons,Lunglei,0
PHUNHNAWMA LUNG,22.8282657,93.0331345,4.7,"tourist_attraction, point_of_interest, establishment",attraction,Mizoram,All Seasons,Lunglei,10
Chhimtuipui River,22.908082,92.9350122,4.8,"tourist_attraction, point_of_interest, establishment",attraction,Mizoram,All Seasons,Lunglei,4
"Khawhthlasang, South Chawngtui",23.0584406,93.0389354,4.7,"tourist_attraction, point_of_interest, establishment",attraction,Mizoram,All Seasons,Lunglei,7
Lunglei stone bridge trail,22.8887298,92.766367,0,"tourist_attraction, point_of_interest, establishment",attraction,Mizoram,All Seasons,Lunglei,0
Sairep Tlang,22.8184355,92.8213013,4.7,"tourist_attraction, point_of_interest, establishment",attraction,Mizoram,All Seasons,Lunglei,7
Cheu lui,22.6805398,93.02779919999999,0,"tourist_attraction, point_of_interest, establishment",attraction,Mizoram,All Seasons,Lunglei,0
Tourist Lodge,22.6121637,92.634722,3.7,"tourist_attraction, lodging, point_of_interest, establishment",attraction,Mizoram,All Seasons,Lunglei,46
Areopagy,22.8501029,92.79415739999999,4.3,"tourist_attraction, point_of_interest, establishment",attraction,Mizoram,All Seasons,Lunglei,37
Dârzo Tlâng,22.8321206,92.9555982,4.5,"tourist_attraction, point_of_interest, establishment",attraction,Mizoram,All Seasons,Lunglei,20
Blue Mountain Peak (Phawngpui Tlang ) hp 2157m,22.63094,93.0386072,4.3,"tourist_attraction, point_of_interest, establishment",attraction,Mizoram,All Seasons,Lunglei,15
Tuipui maurawp,22.6736539,92.8464905,4,"tourist_attraction, point_of_interest, establishment",attraction,Mizoram,All Seasons,Lunglei,4
Pahehli Thliarkar,22.9288726,92.4736891,0,"tourist_attraction, point_of_interest, establishment",attraction,Mizoram,All Seasons,Lunglei,0
Li Pui,23.1110249,93.04405919999999,0,"tourist_attraction, point_of_interest, establishment",attraction,Mizoram,All Seasons,Lunglei,0
DG Park,23.7285612,92.7397136,3.9,"park, tourist_attraction, point_of_interest, establishment",parks,Mizoram,Spring,Mamit,261
MZU Park,23.7337804,92.66750379999999,4.3,"park, tourist_attraction, point_of_interest, establishment",parks,Mizoram,Spring,Mamit,784
YMA Park,23.7439063,92.7169436,4,"park, point_of_interest, establishment",parks,Mizoram,Spring,Mamit,88
"Park Eden, Falkland",23.7327879,92.73784710000001,3.4,"park, point_of_interest, establishment",parks,Mizoram,Spring,Mamit,190
Zemabawk Park,23.7272843,92.751055,4,"park, point_of_interest, establishment",parks,Mizoram,Spring,Mamit,81
Mualhawih Huan,23.7739404,92.65523619999999,4.2,"park, point_of_interest, establishment",parks,Mizoram,Spring,Mamit,59
Folkland Park,23.7284046,92.74105,4.2,"park, point_of_interest, establishment",parks,Mizoram,Spring,Mamit,1601
"Khuangthli Children Park, MZU",23.7332111,92.667085,4.2,"park, point_of_interest, establishment",parks,Mizoram,Spring,Mamit,6
Vanghmun Eco Park,24.0069191,92.27788439999999,4.4,"park, point_of_interest, establishment",parks,Mizoram,Spring,Mamit,47
Bûng Park,23.8048812,92.3634503,4.6,"park, point_of_interest, establishment",parks,Mizoram,Spring,Mamit,13
Pu Rora Park,23.7090941,92.7339179,4,"park, point_of_interest, establishment",parks,Mizoram,Spring,Mamit,24
"Lalsavunga Park – Gate, Hlimen",23.6732896,92.7177282,4.5,"park, point_of_interest, establishment",parks,Mizoram,Spring,Mamit,35
Aizawl Lungdawh,23.7226648,92.71794539999999,4.2,"park, point_of_interest, establishment",parks,Mizoram,Spring,Mamit,28
Zodai Hangout,23.7677942,92.7429799,3.5,"park, point_of_interest, establishment",parks,Mizoram,Spring,Mamit,16
LPS COMPLEX,23.7319902,92.7373291,4.3,"park, point_of_interest, establishment",parks,Mizoram,Spring,Mamit,13
"Rengdil Khawhlui Tlang, YMA Park (Zokhua)",24.0568311,92.3838756,4.6,"park, point_of_interest, establishment",parks,Mizoram,Spring,Mamit,10
Kawrthah YMA Park,23.9912976,92.37543810000001,4.1,"park, point_of_interest, establishment",parks,Mizoram,Spring,Mamit,12
Sawiremtlang,23.8207657,92.7339753,4.3,"park, point_of_interest, establishment",parks,Mizoram,Spring,Mamit,71
Herse Children Park,23.7373517,92.66487990000002,4,"park, point_of_interest, establishment",parks,Mizoram,Spring,Mamit,1
Awithangpa Park,24.0549948,92.6733641,4.1,"park, point_of_interest, establishment",parks,Mizoram,Spring,Mamit,12
Sakeikhawthlir (BETHEL TLANG),23.7751185,92.72356529999999,4.4,"park, point_of_interest, establishment",parks,Mizoram,Spring,Mamit,12
Khawhlui/YMA Park,23.7949325,92.56293959999999,3.8,"park, point_of_interest, establishment",parks,Mizoram,Spring,Mamit,6
Zamzo Park cum Picnic Spot,24.1891348,92.69068709999999,3.7,"park, point_of_interest, establishment",parks,Mizoram,Spring,Mamit,3
District Park,24.1585226,92.690668,3.9,"park, point_of_interest, establishment",parks,Mizoram,Spring,Mamit,10
Sel-Lut Resort,23.7256875,92.74693750000002,3.3,"park, point_of_interest, establishment",parks,Mizoram,Spring,Mamit,21
Hangzo Natural Park & Campsite,23.7139764,92.6844979,3.9,"campground, park, lodging, point_of_interest, establishment",parks,Mizoram,Spring,Mamit,51
Kawnpui Khualbuk- Awithangpa Park,24.0540191,92.6734369,3.8,"park, lodging, point_of_interest, establishment",parks,Mizoram,Spring,Mamit,28
YMA Park,23.7043293,92.49071169999999,5,"park, point_of_interest, establishment",parks,Mizoram,Spring,Mamit,1
"Lalsavunga Park, Hlimen",23.6716011,92.7202734,4.3,"park, tourist_attraction, point_of_interest, establishment",parks,Mizoram,Spring,Mamit,606
Muthi Park,23.783427,92.762551,4,"park, point_of_interest, establishment",parks,Mizoram,Spring,Mamit,101
Mangboi Memorial Park,24.1765402,92.3256799,5,"park, point_of_interest, establishment",parks,Mizoram,Spring,Mamit,1
YMA Park,23.8057856,92.74230329999999,3.2,"park, point_of_interest, establishment",parks,Mizoram,Spring,Mamit,5
Lalat Park,23.7216648,92.7260132,3.9,"park, tourist_attraction, point_of_interest, establishment",parks,Mizoram,Spring,Mamit,907
Lengte YMA Park,23.7680568,92.60093839999999,3,"park, point_of_interest, establishment",parks,Mizoram,Spring,Mamit,3
City park,23.7235366,92.7181463,4.1,"park, point_of_interest, establishment",parks,Mizoram,Spring,Mamit,20
"LAD Park, Mamit",23.9713173,92.4918148,2.5,"park, point_of_interest, establishment",parks,Mizoram,Spring,Mamit,6
Park Tlang road,23.7010141,92.71798249999999,0,"park, point_of_interest, establishment",parks,Mizoram,Spring,Mamit,0
College's Auditorium Park,23.8040432,92.7341624,2,"park, point_of_interest, establishment",parks,Mizoram,Spring,Mamit,1
Chaltlang Ruam Veng Hmâwng,23.7515642,92.7230862,4,"park, point_of_interest, establishment",parks,Mizoram,Spring,Mamit,21
Bawrai Branch YMA Park,24.1433,92.34729999999999,0,"park, point_of_interest, establishment",parks,Mizoram,Spring,Mamit,0
Martyr Memorial,23.7415625,92.7388331,5,"park, point_of_interest, establishment",parks,Mizoram,Spring,Mamit,1
Gilgal picnic spot,23.9020703,92.7353751,5,"park, point_of_interest, establishment",parks,Mizoram,Spring,Mamit,2
Thingdawl Hmarveng YMA Park,24.1810625,92.6948125,0,"park, point_of_interest, establishment",parks,Mizoram,Spring,Mamit,0
Lungleng YMA Park,23.6697154,92.6636535,0,"park, point_of_interest, establishment",parks,Mizoram,Spring,Mamit,0
Lalat Water Park,23.7222591,92.7260957,4.7,"park, point_of_interest, establishment",parks,Mizoram,Spring,Mamit,6
"Botanical Conservatory (Orchidarium,Cactacium,Fernarium)",23.8570067,92.7410805,0,"park, point_of_interest, establishment",parks,Mizoram,Spring,Mamit,0
Bethlehem Bung,23.7269187,92.7220016,5,"park, point_of_interest, establishment",parks,Mizoram,Spring,Mamit,1
F.Hruaii Lalduhsaki Park,23.7175588,92.7115742,0,"park, point_of_interest, establishment",parks,Mizoram,Spring,Mamit,0
AMC Park,23.7306526,92.6981124,0,"park, point_of_interest, establishment",parks,Mizoram,Spring,Mamit,0
Lalthantluanga MSVT Huan,23.893023,92.399067,5,"park, point_of_interest, establishment",parks,Mizoram,Spring,Mamit,1
Pi Hluteii Park leh Huan,23.7569875,92.73610939999999,0,"park, point_of_interest, establishment",parks,Mizoram,Spring,Mamit,0
Kawnmawi Park,23.6585952,92.4727952,0,"park, point_of_interest, establishment",parks,Mizoram,Spring,Mamit,0
Țuahzawl Thanmual,23.7707511,92.5637694,4,"park, point_of_interest, establishment",parks,Mizoram,Spring,Mamit,1
"Municipal Eco Park, Aizawl",23.73107,92.69878709999999,0,"park, point_of_interest, establishment",parks,Mizoram,Spring,Mamit,0
Tlaizawng Park,23.6932619,92.60156099999999,0,"park, point_of_interest, establishment",parks,Mizoram,Spring,Mamit,0
"YMA Park Tlâng, Tlangnuam",23.7013882,92.7182601,0,"park, point_of_interest, establishment",parks,Mizoram,Spring,Mamit,0
Oasis Picnic Spot,23.7117359,92.6598163,4,"park, point_of_interest, establishment",parks,Mizoram,Spring,Mamit,108
YMA Suarhliap Park,24.1491534,92.518266,0,"park, point_of_interest, establishment",parks,Mizoram,Spring,Mamit,0
Lengpui YMA Park,23.8272422,92.618821,0,"park, point_of_interest, establishment",parks,Mizoram,Spring,Mamit,0
Nutei park,23.8745533,92.7442106,0,"park, point_of_interest, establishment",parks,Mizoram,Spring,Mamit,0
Mizoram State Museum,23.7381134,92.71573479999999,4.1,"museum, tourist_attraction, point_of_interest, establishment",museum,Mizoram,Winter,Mamit,666
"Mizoram Science Centre, Berawtlang",23.7322674,92.76474189999999,4.1,"tourist_attraction, museum, point_of_interest, establishment",museum,Mizoram,Winter,Mamit,240
"Tribal Art Centre, Tanhril",23.734767,92.6813122,4,"museum, point_of_interest, establishment",museum,Mizoram,Winter,Mamit,70
Rengdil Lal Thlan,24.0775625,92.3908125,4,"museum, point_of_interest, establishment",museum,Mizoram,Winter,Mamit,3
MZU Park,23.7337804,92.66750379999999,4.3,"park, tourist_attraction, point_of_interest, establishment",museum,Mizoram,Winter,Mamit,784
Durtlâng Lal In (Residence of the erstwhile Durtlâng Chief),23.7843905,92.7258264,4.4,"museum, point_of_interest, establishment",museum,Mizoram,Winter,Mamit,11
High Field,23.7377746,92.7154553,4.1,"point_of_interest, establishment",museum,Mizoram,Winter,Mamit,132
"Solomon's Temple, Aizawl",23.748018,92.6884415,4.4,"tourist_attraction, church, place_of_worship, point_of_interest, establishment",museum,Mizoram,Winter,Mamit,447
Durtlang View (Durkhawpui View),23.7930695,92.72672999999999,4.4,"park, point_of_interest, establishment",museum,Mizoram,Winter,Mamit,46
Art Novelty Gallery,23.7493916,92.72159479999999,3.8,"art_gallery, point_of_interest, establishment",museum,Mizoram,Winter,Mamit,4
Azuali waterfalls,23.7112251,92.6645534,4.5,"tourist_attraction, point_of_interest, establishment",waterfalls,Mizoram,Monsoon,Mamit,22
KHAWHTHLASANG FALLS,23.7237116,92.6635287,5,"park, point_of_interest, establishment",waterfalls,Mizoram,Monsoon,Mamit,1
Khawhpawp Falls,23.724226,92.67094910000002,4,"tourist_attraction, point_of_interest, establishment",waterfalls,Mizoram,Monsoon,Mamit,162
"Helenpur, Waterfall",23.925926,92.2506895,5,"tourist_attraction, point_of_interest, establishment",waterfalls,Mizoram,Monsoon,Mamit,3
Vaipuanpho Lungpher (Waterfall),23.708007,92.63472329999999,4.2,"tourist_attraction, point_of_interest, establishment",waterfalls,Mizoram,Monsoon,Mamit,5
Tuisen Falls,23.7357346,92.63529650000001,5,"tourist_attraction, point_of_interest, establishment",waterfalls,Mizoram,Monsoon,Mamit,5
Pratheeksha Waterfall,23.7379498,92.65722149999999,3.7,"tourist_attraction, point_of_interest, establishment",waterfalls,Mizoram,Monsoon,Mamit,3
Tuithum Lui Falls – II,23.715786,92.6635103,4.5,"tourist_attraction, point_of_interest, establishment",waterfalls,Mizoram,Monsoon,Mamit,2
Pukpui Water Fall,23.8176044,92.62394139999999,4.3,"park, point_of_interest, establishment",waterfalls,Mizoram,Monsoon,Mamit,44
Tuithum Lui Falls,23.720505,92.663719,4.4,"point_of_interest, establishment",waterfalls,Mizoram,Monsoon,Mamit,8
Vaipuanpho falls Initial picnic point,23.7016413,92.63799209999999,4.4,"tourist_attraction, point_of_interest, establishment",waterfalls,Mizoram,Monsoon,Mamit,12
"Li Cheng, Serlui A",23.6995316,92.6770035,4.3,"park, point_of_interest, establishment",waterfalls,Mizoram,Monsoon,Mamit,31
Aizawl Viewing Point,23.737754,92.73970299999999,4.2,"landmark, point_of_interest, establishment",beaches,Mizoram,Summer,Mamit,22
Coconut Grove,23.8051443,92.6300696,4.1,"point_of_interest, establishment",beaches,Mizoram,Summer,Mamit,49
CHHINGPUII RESORT,23.7778869,92.7451859,2.9,"point_of_interest, establishment",beaches,Mizoram,Summer,Mamit,9
Reiek Tourist Resort,23.6941129,92.60593639999999,4.3,"park, lodging, point_of_interest, establishment",beaches,Mizoram,Summer,Mamit,534
Tuma Resort,23.7274844,92.78183059999999,4,"lodging, point_of_interest, establishment",beaches,Mizoram,Summer,Mamit,38
Esther Picnic Spot,24.155189,92.6970498,4,"point_of_interest, establishment",beaches,Mizoram,Summer,Mamit,9
Infinite Ainawn Park,23.720615,92.646419,3.7,"amusement_park, tourist_attraction, park, point_of_interest, establishment",beaches,Mizoram,Summer,Mamit,164
Mizoram State Museum,23.7381134,92.71573479999999,4.1,"museum, tourist_attraction, point_of_interest, establishment",beaches,Mizoram,Summer,Mamit,666
Vishal Mega Mart,23.7533436,92.7324636,3.8,"supermarket, grocery_or_supermarket, clothing_store, store, food, point_of_interest, establishment",beaches,Mizoram,Summer,Mamit,2822
Aizawl Zoological Park,23.7898798,92.6707972,3.9,"zoo, point_of_interest, establishment",zoo,Mizoram,Winter,Mamit,640
MALSAWM ENTERPRISE,23.7260195,92.725184,0,"point_of_interest, establishment",zoo,Mizoram,Winter,Mamit,0
"Shakti Temple - Aizawl, Mizoram, India",23.7346505,92.7164067,4.5,"hindu_temple, place_of_worship, point_of_interest, establishment",temples,Mizoram,All Seasons,Mamit,34
Shiv Temple,23.7553314,92.7309473,4.1,"hindu_temple, place_of_worship, point_of_interest, establishment",temples,Mizoram,All Seasons,Mamit,15
"Shiv Temple - Aizawl, Mizoram, India",23.7340437,92.72582349999999,5,"hindu_temple, place_of_worship, point_of_interest, establishment",temples,Mizoram,All Seasons,Mamit,8
Kali Mandir Kanchanpur,24.0450531,92.19832509999999,4.3,"hindu_temple, place_of_worship, point_of_interest, establishment",temples,Mizoram,All Seasons,Mamit,55
Shakyamuni Buddha temple,24.0484872,92.20001219999999,4.2,"place_of_worship, point_of_interest, establishment",temples,Mizoram,All Seasons,Mamit,31
Ananda Bazar Jagannath Temple,23.8626187,92.2059615,3.6,"hindu_temple, place_of_worship, point_of_interest, establishment",temples,Mizoram,All Seasons,Mamit,39
"Shri Radha Krishna Temple, Tuivamit",23.7454343,92.6828596,4,"hindu_temple, place_of_worship, point_of_interest, establishment",temples,Mizoram,All Seasons,Mamit,29
2 AR Temple,23.7280025,92.71776440000001,4.2,"hindu_temple, place_of_worship, point_of_interest, establishment",temples,Mizoram,All Seasons,Mamit,35
Ram mandhir konpui 2 north tripura,23.7684376,92.2668083,5,"hindu_temple, place_of_worship, point_of_interest, establishment",temples,Mizoram,All Seasons,Mamit,1
"Shiv Temple – Khatla, Aizawl",23.7210139,92.71637679999999,3.8,"hindu_temple, tourist_attraction, place_of_worship, point_of_interest, establishment",temples,Mizoram,All Seasons,Mamit,50
"Shiv, Temple",23.728617,92.69461030000001,4.5,"hindu_temple, place_of_worship, point_of_interest, establishment",temples,Mizoram,All Seasons,Mamit,14
"Shri Shiv Temple - Aizawl, Mizoram, India",23.7163804,92.73226799999999,4.2,"hindu_temple, place_of_worship, point_of_interest, establishment",temples,Mizoram,All Seasons,Mamit,5
OM Mandir,23.7435221,92.741845,4.7,"hindu_temple, place_of_worship, point_of_interest, establishment",temples,Mizoram,All Seasons,Mamit,18
"Kamarghat,Shiv Mandir",24.1092789,92.1954279,5,"hindu_temple, place_of_worship, point_of_interest, establishment",temples,Mizoram,All Seasons,Mamit,3
"Solomon's Temple, Aizawl",23.748018,92.6884415,4.4,"tourist_attraction, church, place_of_worship, point_of_interest, establishment",temples,Mizoram,All Seasons,Mamit,447
Suknacherra Hari Ganga Temple(হরিগঙ্গা মন্দির ॐ हरि गंगा मंदिर)Mandir,24.0174574,92.20799190000001,4.6,"place_of_worship, point_of_interest, establishment",temples,Mizoram,All Seasons,Mamit,5
Kali Temple,24.0772306,92.2035108,4.4,"hindu_temple, place_of_worship, point_of_interest, establishment",temples,Mizoram,All Seasons,Mamit,11
Lokenath Temple,24.0291177,92.19982300000001,4.8,"hindu_temple, place_of_worship, point_of_interest, establishment",temples,Mizoram,All Seasons,Mamit,4
Assam Rifles Temple,23.7230515,92.7105479,4.4,"hindu_temple, place_of_worship, point_of_interest, establishment",temples,Mizoram,All Seasons,Mamit,42
"Satsang Vihar, Aizawl",23.7278946,92.7175652,4.6,"hindu_temple, place_of_worship, point_of_interest, establishment",temples,Mizoram,All Seasons,Mamit,10
Tample,24.1044979,92.3238511,5,"hindu_temple, place_of_worship, point_of_interest, establishment",temples,Mizoram,All Seasons,Mamit,1
"Pushpak Hari Temple - Aizawl, Mizoram, India",23.7398834,92.7422251,4.7,"hindu_temple, place_of_worship, point_of_interest, establishment",temples,Mizoram,All Seasons,Mamit,17
Shiv Temple,24.0730572,92.6813234,5,"hindu_temple, place_of_worship, point_of_interest, establishment",temples,Mizoram,All Seasons,Mamit,3
"Shiv Mandir,santipur",24.0800408,92.198037,4.3,"hindu_temple, place_of_worship, point_of_interest, establishment",temples,Mizoram,All Seasons,Mamit,10
Mahakaal Vairav Temple,23.9476935,92.20474519999999,5,"hindu_temple, place_of_worship, point_of_interest, establishment",temples,Mizoram,All Seasons,Mamit,2
Bualpui Mandir,24.1004913,92.6867833,4.1,"hindu_temple, place_of_worship, point_of_interest, establishment",temples,Mizoram,All Seasons,Mamit,21
"Hari Mandir, Jayashree",24.1429855,92.2109619,5,"hindu_temple, place_of_worship, point_of_interest, establishment",temples,Mizoram,All Seasons,Mamit,1
Temple Square,23.7268193,92.7176162,5,"place_of_worship, point_of_interest, establishment",temples,Mizoram,All Seasons,Mamit,1
Loknath temple,23.9531985,92.2033285,5,"hindu_temple, place_of_worship, point_of_interest, establishment",temples,Mizoram,All Seasons,Mamit,1
Mog Para Buddha Vihar,24.0471408,92.2183962,5,"place_of_worship, point_of_interest, establishment",temples,Mizoram,All Seasons,Mamit,2
"Budha Mandir ,santipur",24.0790326,92.2112643,5,"place_of_worship, point_of_interest, establishment",temples,Mizoram,All Seasons,Mamit,8
SHIV Temple,23.7414991,92.7056387,4,"hindu_temple, place_of_worship, point_of_interest, establishment",temples,Mizoram,All Seasons,Mamit,7
Shanti Moitree Buddha Vihara,24.059634,92.1949633,5,"place_of_worship, point_of_interest, establishment",temples,Mizoram,All Seasons,Mamit,5
Thumsarai para Harekrishna Temple,24.1780886,92.25739089999999,5,"hindu_temple, place_of_worship, point_of_interest, establishment",temples,Mizoram,All Seasons,Mamit,1
Laljuri Shib Mandir,24.1123896,92.1985203,4.4,"hindu_temple, place_of_worship, point_of_interest, establishment",temples,Mizoram,All Seasons,Mamit,9
JagatJyoti Buddha Bihar,23.9550627,92.2097869,3,"place_of_worship, point_of_interest, establishment",temples,Mizoram,All Seasons,Mamit,2
Laljuri Kali Temple,24.1100668,92.19861089999999,3,"hindu_temple, place_of_worship, point_of_interest, establishment",temples,Mizoram,All Seasons,Mamit,2
"Aizawl Temple Corps, The Salvation Army",23.7269625,92.7174678,4.4,"church, place_of_worship, point_of_interest, establishment",temples,Mizoram,All Seasons,Mamit,99
Shib Bari Temple,24.0108928,92.21229860000001,5,"hindu_temple, place_of_worship, point_of_interest, establishment",temples,Mizoram,All Seasons,Mamit,2
"Shiv Mondir, Gopalpur",24.0966382,92.1954548,5,"hindu_temple, place_of_worship, point_of_interest, establishment",temples,Mizoram,All Seasons,Mamit,2
সাধনা বু্দ্ধ মন্দির,24.0576056,92.1993129,5,"place_of_worship, point_of_interest, establishment",temples,Mizoram,All Seasons,Mamit,3
Kali Bari Temple,24.011341,92.211062,5,"hindu_temple, place_of_worship, point_of_interest, establishment",temples,Mizoram,All Seasons,Mamit,2
"Temple, near New Capital Complex",23.7286787,92.7092256,4,"place_of_worship, point_of_interest, establishment",temples,Mizoram,All Seasons,Mamit,2
Shani mandir,24.0356765,92.20235079999999,5,"hindu_temple, place_of_worship, point_of_interest, establishment",temples,Mizoram,All Seasons,Mamit,1
Kanchanpur Akhanda Mandali,24.0382254,92.1987214,4,"hindu_temple, place_of_worship, point_of_interest, establishment",temples,Mizoram,All Seasons,Mamit,1
Konpui 2 Ram mandhir,24.0797139,92.2630393,0,"hindu_temple, place_of_worship, point_of_interest, establishment",temples,Mizoram,All Seasons,Mamit,0
Radhe Shyam Temple,23.8602281,92.20239,0,"hindu_temple, place_of_worship, point_of_interest, establishment",temples,Mizoram,All Seasons,Mamit,0
NARSHING PUR SHIV MANDIR,24.0719259,92.1963633,3.7,"hindu_temple, place_of_worship, point_of_interest, establishment",temples,Mizoram,All Seasons,Mamit,3
Longtrai,23.9340446,92.224541,5,"hindu_temple, place_of_worship, point_of_interest, establishment",temples,Mizoram,All Seasons,Mamit,2
Western kangla,23.7312093,92.71521709999999,0,"hindu_temple, place_of_worship, point_of_interest, establishment",temples,Mizoram,All Seasons,Mamit,0
"Kali Mandir, Sairang",23.813858,92.6538232,4.3,"hindu_temple, place_of_worship, point_of_interest, establishment",temples,Mizoram,All Seasons,Mamit,3
Hari Om Temple,23.9000231,92.2069204,0,"hindu_temple, place_of_worship, point_of_interest, establishment",temples,Mizoram,All Seasons,Mamit,0
Debnath Havelly,24.0771839,92.20386789999999,5,"hindu_temple, place_of_worship, point_of_interest, establishment",temples,Mizoram,All Seasons,Mamit,2
Vipassana Meditation and Bhikkhu Training Centre,24.0470918,92.1959589,5,"place_of_worship, point_of_interest, establishment",temples,Mizoram,All Seasons,Mamit,1
Sonaton Ram Mandir,23.9256418,92.22308760000001,3,"hindu_temple, place_of_worship, point_of_interest, establishment",temples,Mizoram,All Seasons,Mamit,2
Krishna temple,23.8457848,92.208716,1,"hindu_temple, place_of_worship, point_of_interest, establishment",temples,Mizoram,All Seasons,Mamit,1
Kanpui Buddha Vihara,23.7787169,92.2659408,5,"place_of_worship, point_of_interest, establishment",temples,Mizoram,All Seasons,Mamit,1
Nalanda Buddha Bihar,24.0472094,92.1937794,0,"place_of_worship, point_of_interest, establishment",temples,Mizoram,All Seasons,Mamit,0
Shri Krishna Mandir Dinthar,23.731941,92.7119249,0,"hindu_temple, place_of_worship, point_of_interest, establishment",temples,Mizoram,All Seasons,Mamit,0
Shantipur Radha Krishna temple,23.7498209,92.23965930000001,0,"hindu_temple, place_of_worship, point_of_interest, establishment",temples,Mizoram,All Seasons,Mamit,0
Woodland Hills,23.7358017,92.6955416,4.3,"point_of_interest, establishment",hills,Mizoram,Winter,Mamit,53
Up Hill,23.7391408,92.74138429999999,4.7,"restaurant, food, point_of_interest, establishment",hills,Mizoram,Winter,Mamit,18
Amlai Hill,23.848403,92.1973458,5,"park, point_of_interest, establishment",hills,Mizoram,Winter,Mamit,1
JAMPUI HILLS - FISH SHOP,23.9653147,92.2784515,4.4,"point_of_interest, establishment",hills,Mizoram,Winter,Mamit,184
High & Hill,23.7702686,92.7367135,3.8,"restaurant, food, point_of_interest, establishment",hills,Mizoram,Winter,Mamit,21
"Eden Tourist Lodge, Vanghmun, Jampui Hill",24.0055044,92.2817848,3.9,"lodging, point_of_interest, establishment",hills,Mizoram,Winter,Mamit,816
Jampui hills,24.0055053,92.28178369999999,4.5,"lodging, point_of_interest, establishment",hills,Mizoram,Winter,Mamit,12
Lushai Hill Castle,23.7454035,92.6923681,4.2,"home_goods_store, point_of_interest, store, establishment",hills,Mizoram,Winter,Mamit,10
"School Educational Complex, Mc Donald Hill, Zarkawt",23.7384,92.7160573,5,"point_of_interest, establishment",hills,Mizoram,Winter,Mamit,1
"Directorate of School Education, MacDonald Hill, Zarkawt",23.738505,92.715778,4.2,"local_government_office, point_of_interest, establishment",hills,Mizoram,Winter,Mamit,13
Jampui Hill RD Block HQ Complex,24.0014207,92.2786818,3.9,"point_of_interest, establishment",hills,Mizoram,Winter,Mamit,77
"Aizawl Hill City - Aizawl District, Mizoram, India",23.725838,92.7189969,3,"tourist_attraction, point_of_interest, establishment",hills,Mizoram,Winter,Mamit,2
Jampui hill Rd debu travel,23.9572844,92.2766729,5,"tourist_attraction, point_of_interest, establishment",hills,Mizoram,Winter,Mamit,1
OYO 64210 Hotel Hill Orchid,23.7331863,92.7177098,3.6,"lodging, point_of_interest, establishment",hills,Mizoram,Winter,Mamit,85
"Behliangchhip YMA Park, Jampui Hills",23.9569156,92.2770966,4.5,"tourist_attraction, point_of_interest, establishment",hills,Mizoram,Winter,Mamit,20
Hotel Hill Orchid,23.7332072,92.71774599999999,4.7,"lodging, point_of_interest, establishment",hills,Mizoram,Winter,Mamit,3
Jampuii Hills,23.934847,92.277519,No rating,"locality, political",hills,Mizoram,Winter,Mamit,0
Jampui hills SShotel,23.9664748,92.27632679999999,4.1,"lodging, point_of_interest, establishment",hills,Mizoram,Winter,Mamit,8
Green Hill Frankie's Kitchen,23.9680066,92.27814529999999,5,"food, point_of_interest, establishment",hills,Mizoram,Winter,Mamit,1
Jampui Hills,23.9664748,92.27632679999999,4.5,"natural_feature, establishment",hills,Mizoram,Winter,Mamit,88
High Field,23.7377746,92.7154553,4.1,"point_of_interest, establishment",hills,Mizoram,Winter,Mamit,132
HILL STORE,23.7386543,92.74444749999999,1,"point_of_interest, establishment",hills,Mizoram,Winter,Mamit,1
HILL STORE,23.7547085,92.73129639999999,0,"point_of_interest, establishment",hills,Mizoram,Winter,Mamit,0
Hill steps,23.6880907,92.5957215,0,"park, point_of_interest, establishment",hills,Mizoram,Winter,Mamit,0
Durtlang View (Durkhawpui View),23.7930695,92.72672999999999,4.4,"park, point_of_interest, establishment",hills,Mizoram,Winter,Mamit,46
HIGH & HILL RESTAURANT AND CATERING,23.7312148,92.7171843,0,"restaurant, food, point_of_interest, establishment",hills,Mizoram,Winter,Mamit,0
Hills,23.8007284,92.3357221,0,"natural_feature, establishment",hills,Mizoram,Winter,Mamit,0
Thaidawr Tlang(Mt. Betlingchhip),23.8118872,92.26083969999999,4.3,"tourist_attraction, point_of_interest, establishment",hills,Mizoram,Winter,Mamit,62
Blue Hills,23.7344217,92.7169569,5,"hardware_store, point_of_interest, store, establishment",hills,Mizoram,Winter,Mamit,1
Hill-side Electrical Store,23.7490942,92.7380414,5,"point_of_interest, store, establishment",hills,Mizoram,Winter,Mamit,1
HILL TRADERS,23.7707845,92.73592889999999,0,"point_of_interest, establishment",hills,Mizoram,Winter,Mamit,0
LUSHAIHILLS RESIDENCY,23.737402,92.7169497,3.7,"lodging, point_of_interest, establishment",hills,Mizoram,Winter,Mamit,95
JAMPUI HILLS - Car rental services,23.9653557,92.27845549999999,0,"car_repair, point_of_interest, establishment",hills,Mizoram,Winter,Mamit,0
Drim hill melody,24.0484088,92.1956998,0,"primary_school, school, point_of_interest, establishment",hills,Mizoram,Winter,Mamit,0
Tranquill Home Stay,23.9665186,92.2772904,4.1,"lodging, point_of_interest, establishment",hills,Mizoram,Winter,Mamit,18
Hill Rose Arecanut Plantation,24.1080736,92.38587919999999,0,"park, point_of_interest, establishment",hills,Mizoram,Winter,Mamit,0
Green hills restaurant and home stay,23.6952242,92.606932,4.5,"lodging, point_of_interest, establishment",hills,Mizoram,Winter,Mamit,29
HILL SIDE MEDICOS,23.7219463,92.71799759999999,0,"point_of_interest, establishment",hills,Mizoram,Winter,Mamit,0
Blue Hills Guest House,23.8398858,92.6355382,5,"lodging, point_of_interest, establishment",hills,Mizoram,Winter,Mamit,5
"Office of the Sectional Officer, PWD Mc Donald Hill Section Building (Sub-division North)",23.7390271,92.7164098,0,"point_of_interest, establishment",hills,Mizoram,Winter,Mamit,0
Green Hill Kids Care School,24.1879641,92.5378817,0,"school, point_of_interest, establishment",hills,Mizoram,Winter,Mamit,0
Adhills resort,23.7159777,92.66118469999999,3.8,"lodging, point_of_interest, establishment",hills,Mizoram,Winter,Mamit,4
Traditional kitchen,23.9664748,92.27632679999999,4,"restaurant, food, point_of_interest, establishment",hills,Mizoram,Winter,Mamit,6
Zodai Tourist Lodge,23.8162254,92.25916509999999,3.9,"lodging, point_of_interest, establishment",hills,Mizoram,Winter,Mamit,76
ZODAI VIEW,23.8225784,92.2607388,5,"park, point_of_interest, establishment",hills,Mizoram,Winter,Mamit,1
Murray's Restaurant,23.7369394,92.7161331,3.8,"restaurant, food, point_of_interest, establishment",hills,Mizoram,Winter,Mamit,47
Durtlang Playground (Midum Field),23.7750614,92.724666,3.6,"point_of_interest, establishment",hills,Mizoram,Winter,Mamit,153
Sabual view point,23.8550667,92.2626914,4.3,"park, point_of_interest, establishment",hills,Mizoram,Winter,Mamit,16
"Sinlung Hills Council (SHC) Office, MINECO",23.7258129,92.70545600000001,4.2,"local_government_office, point_of_interest, establishment",hills,Mizoram,Winter,Mamit,5
Mizoram State Museum,23.7381134,92.71573479999999,4.1,"museum, tourist_attraction, point_of_interest, establishment",hills,Mizoram,Winter,Mamit,666
"Academy of Integrated Christian Studies (AICS), Tanhril",23.7341362,92.6828106,4.6,"point_of_interest, establishment",hills,Mizoram,Winter,Mamit,13
Greenhill Enterprise,23.7134667,92.72998729999999,4.3,"hardware_store, point_of_interest, store, establishment",hills,Mizoram,Winter,Mamit,14
MJ Home Stay,23.8149403,92.25954379999999,4,"lodging, point_of_interest, establishment",hills,Mizoram,Winter,Mamit,118
Hotel Platinum Zarkawt,23.7367561,92.7167632,4.3,"lodging, point_of_interest, establishment",hills,Mizoram,Winter,Mamit,206
Lushai Hills Hotel & Restaurant,24.006762,92.2801915,0,"restaurant, food, point_of_interest, establishment",hills,Mizoram,Winter,Mamit,0
Hotel Regency,23.7383074,92.7166214,4.1,"lodging, point_of_interest, establishment",hills,Mizoram,Winter,Mamit,2156
Betlingchhip,23.8058815,92.26125239999999,4.4,"natural_feature, establishment",hills,Mizoram,Winter,Mamit,77
Hillcrest Village Eco Resort,23.9664748,92.27632679999999,4,"park, point_of_interest, establishment",hills,Mizoram,Winter,Mamit,1
"Vanghmun, Tripura's cleanest village",23.9833125,92.27840309999999,4.9,"tourist_attraction, point_of_interest, establishment",hills,Mizoram,Winter,Mamit,13
Vanghmun Eco Park,24.0069191,92.27788439999999,4.4,"park, point_of_interest, establishment",hills,Mizoram,Winter,Mamit,47
Khawhpawp Falls,23.724226,92.67094910000002,4,"tourist_attraction, point_of_interest, establishment",attraction,Mizoram,All Seasons,Mamit,162
"Vanghmun, Tripura's cleanest village",23.9833125,92.27840309999999,4.9,"tourist_attraction, point_of_interest, establishment",attraction,Mizoram,All Seasons,Mamit,13
"Sakawrhmuituai Tlang, Sihphir",23.8589569,92.7394645,4.5,"tourist_attraction, point_of_interest, establishment",attraction,Mizoram,All Seasons,Mamit,148
Laipuitlang View Point,23.7444234,92.720525,4.4,"tourist_attraction, point_of_interest, establishment",attraction,Mizoram,All Seasons,Mamit,58
Leisang Kurung starting point,23.6971999,92.6353639,4.1,"tourist_attraction, point_of_interest, establishment",attraction,Mizoram,All Seasons,Mamit,13
Muthi Tlang,23.7686388,92.7609597,4.2,"tourist_attraction, point_of_interest, establishment",attraction,Mizoram,All Seasons,Mamit,28
Berawtlang View Point,23.7292892,92.7591995,4.1,"tourist_attraction, point_of_interest, establishment",attraction,Mizoram,All Seasons,Mamit,40
Lalat Park,23.7216648,92.7260132,3.9,"park, tourist_attraction, point_of_interest, establishment",attraction,Mizoram,All Seasons,Mamit,907
"Lalsavunga Park, Hlimen",23.6716011,92.7202734,4.3,"park, tourist_attraction, point_of_interest, establishment",attraction,Mizoram,All Seasons,Mamit,606
Viewpoint,23.7303285,92.7509212,0,"tourist_attraction, point_of_interest, establishment",attraction,Mizoram,All Seasons,Mamit,0
"On the Rocks , Aizawl",23.7420419,92.7337795,4.3,"tourist_attraction, point_of_interest, establishment",attraction,Mizoram,All Seasons,Mamit,61
Hmawngkai tuikhur,23.7222845,92.7207078,3.3,"tourist_attraction, point_of_interest, establishment",attraction,Mizoram,All Seasons,Mamit,6
Lovers Point,23.7135685,92.7075428,0,"tourist_attraction, point_of_interest, establishment",attraction,Mizoram,All Seasons,Mamit,0
JR top view,23.7358244,92.71164329999999,5,"tourist_attraction, point_of_interest, establishment",attraction,Mizoram,All Seasons,Mamit,2
"Sunset Spot, MINECO",23.7260777,92.7030152,3.9,"tourist_attraction, point_of_interest, establishment",attraction,Mizoram,All Seasons,Mamit,20
Susu point,23.9286928,92.2765172,4.7,"tourist_attraction, point_of_interest, establishment",attraction,Mizoram,All Seasons,Mamit,7
"Behliangchhip YMA Park, Jampui Hills",23.9569156,92.2770966,4.5,"tourist_attraction, point_of_interest, establishment",attraction,Mizoram,All Seasons,Mamit,20
Tanhril View,23.7366578,92.6763343,5,"tourist_attraction, point_of_interest, establishment",attraction,Mizoram,All Seasons,Mamit,3
City Forest,23.6717098,92.7155425,3.9,"tourist_attraction, point_of_interest, establishment",attraction,Mizoram,All Seasons,Mamit,9
KȚP Kraws,23.7422984,92.7198998,4.5,"tourist_attraction, point_of_interest, establishment",attraction,Mizoram,All Seasons,Mamit,6
Vaipuanpho falls Initial picnic point,23.7016413,92.63799209999999,4.4,"tourist_attraction, point_of_interest, establishment",attraction,Mizoram,All Seasons,Mamit,12
Pratheeksha Waterfall,23.7379498,92.65722149999999,3.7,"tourist_attraction, point_of_interest, establishment",attraction,Mizoram,All Seasons,Mamit,3
Vaipuanpho Lungpher (Waterfall),23.708007,92.63472329999999,4.2,"tourist_attraction, point_of_interest, establishment",attraction,Mizoram,All Seasons,Mamit,5
Reiek Tlang View Point,23.6822211,92.6068939,4.7,"tourist_attraction, point_of_interest, establishment",attraction,Mizoram,All Seasons,Mamit,88
Thaidawr Tlang(Mt. Betlingchhip),23.8118872,92.26083969999999,4.3,"tourist_attraction, point_of_interest, establishment",attraction,Mizoram,All Seasons,Mamit,62
Runglei,24.1958637,92.6749486,4,"tourist_attraction, point_of_interest, establishment",attraction,Mizoram,All Seasons,Mamit,7
"Helenpur, Waterfall",23.925926,92.2506895,5,"tourist_attraction, point_of_interest, establishment",attraction,Mizoram,All Seasons,Mamit,3
"Khuangchera Pûk, Ailawng",23.6913163,92.618014,3.8,"tourist_attraction, point_of_interest, establishment",attraction,Mizoram,All Seasons,Mamit,37
Jaunpur view point,23.8119029,92.26073579999999,0,"tourist_attraction, point_of_interest, establishment",attraction,Mizoram,All Seasons,Mamit,0
Photo Booth,23.9367881,92.27788389999999,0,"tourist_attraction, point_of_interest, establishment",attraction,Mizoram,All Seasons,Mamit,0
Leitan Durtlang,23.7699877,92.7356861,4,"tourist_attraction, point_of_interest, establishment",attraction,Mizoram,All Seasons,Mamit,193
Ailawng Cable foot bridge.,23.6803652,92.62665109999999,4.1,"tourist_attraction, point_of_interest, establishment",attraction,Mizoram,All Seasons,Mamit,7
Veidut street,23.7095431,92.4847904,5,"tourist_attraction, point_of_interest, establishment",attraction,Mizoram,All Seasons,Mamit,1
Kanpui view point,23.7831579,92.2647594,0,"tourist_attraction, point_of_interest, establishment",attraction,Mizoram,All Seasons,Mamit,0
Infinite Ainawn Park,23.720615,92.646419,3.7,"amusement_park, tourist_attraction, park, point_of_interest, establishment",attraction,Mizoram,All Seasons,Mamit,164
Tuisen Falls,23.7357346,92.63529650000001,5,"tourist_attraction, point_of_interest, establishment",attraction,Mizoram,All Seasons,Mamit,5
Luangmual view 2,23.7416487,92.70044229999999,4.7,"tourist_attraction, point_of_interest, establishment",attraction,Mizoram,All Seasons,Mamit,3
Lengpui Lui,23.8639367,92.64432660000001,4.3,"tourist_attraction, point_of_interest, establishment",attraction,Mizoram,All Seasons,Mamit,27
Tuithum Lui Falls – II,23.715786,92.6635103,4.5,"tourist_attraction, point_of_interest, establishment",attraction,Mizoram,All Seasons,Mamit,2
Thakthing Lal in,23.7159659,92.72394829999999,4.4,"tourist_attraction, point_of_interest, establishment",attraction,Mizoram,All Seasons,Mamit,7
Azuali waterfalls,23.7112251,92.6645534,4.5,"tourist_attraction, point_of_interest, establishment",attraction,Mizoram,All Seasons,Mamit,22
JF Viewing Gallery,23.7049909,92.71655299999999,4.1,"tourist_attraction, landmark, point_of_interest, establishment",attraction,Mizoram,All Seasons,Mamit,47
Mizoram Genisis Landmark,23.7191186,92.71629659999999,5,"tourist_attraction, point_of_interest, establishment",attraction,Mizoram,All Seasons,Mamit,1
Rêng Pûk,24.066755,92.3871449,4.5,"tourist_attraction, point_of_interest, establishment",attraction,Mizoram,All Seasons,Mamit,11
Paradise,23.7535625,92.6725625,4.7,"tourist_attraction, point_of_interest, establishment",attraction,Mizoram,All Seasons,Mamit,6
"Zo Khua, Ailawng",23.6866419,92.6179409,4.5,"tourist_attraction, point_of_interest, establishment",attraction,Mizoram,All Seasons,Mamit,4
Neihbawih,23.8337792,92.74280949999999,4.4,"tourist_attraction, point_of_interest, establishment",attraction,Mizoram,All Seasons,Mamit,38
"Zo Khua, Reiek",23.6933651,92.60747599999999,4.3,"tourist_attraction, point_of_interest, establishment",attraction,Mizoram,All Seasons,Mamit,23
Rainbow holiday home,23.8417642,92.64151989999999,4,"tourist_attraction, point_of_interest, establishment",attraction,Mizoram,All Seasons,Mamit,17
Ez-i Huan,23.6682026,92.6733234,0,"tourist_attraction, point_of_interest, establishment",attraction,Mizoram,All Seasons,Mamit,0
KV Paradise,23.774266,92.7271612,4.1,"tourist_attraction, point_of_interest, establishment",attraction,Mizoram,All Seasons,Mamit,288
Nghaper Lî,23.7587534,92.634579,4.2,"tourist_attraction, point_of_interest, establishment",attraction,Mizoram,All Seasons,Mamit,17
Lung Nupa,24.0915061,92.6813239,4.2,"tourist_attraction, point_of_interest, establishment",attraction,Mizoram,All Seasons,Mamit,224
Sakawrhmuituai North,23.8683773,92.7382947,4.4,"tourist_attraction, point_of_interest, establishment",attraction,Mizoram,All Seasons,Mamit,17
"Belkhai/Nghalchawm Lei, Sihhmui",23.7941656,92.64012819999999,4,"tourist_attraction, point_of_interest, establishment",attraction,Mizoram,All Seasons,Mamit,8
DG Park,23.7285612,92.7397136,3.9,"park, tourist_attraction, point_of_interest, establishment",attraction,Mizoram,All Seasons,Mamit,261
MZU Park,23.7337804,92.66750379999999,4.3,"park, tourist_attraction, point_of_interest, establishment",attraction,Mizoram,All Seasons,Mamit,784
RENGDIL TUI,24.1285902,92.4078881,4.8,"tourist_attraction, point_of_interest, establishment",attraction,Mizoram,All Seasons,Mamit,5
Thaidawr Tlang (Betlingsib),23.8118205,92.2608084,4,"tourist_attraction, point_of_interest, establishment",attraction,Mizoram,All Seasons,Mamit,1
Setlak lui,23.7705639,92.6447422,4.2,"tourist_attraction, point_of_interest, establishment",attraction,Mizoram,All Seasons,Mamit,18
Neverland Park,22.4927506,92.88826590000001,4.6,"park, point_of_interest, establishment",parks,Mizoram,Spring,Saiha,5
Far Pak,22.6719573,93.04357770000001,4.4,"park, point_of_interest, establishment",parks,Mizoram,Spring,Saiha,41
Ngengpui Wildlife Sanctuary,22.4409572,92.7879401,4.3,"tourist_attraction, zoo, park, point_of_interest, establishment",parks,Mizoram,Spring,Saiha,24
YLA park,22.7541658,93.0745347,5,"park, point_of_interest, establishment",parks,Mizoram,Spring,Saiha,1
Hnawncheua Park,22.7170162,92.8392544,5,"park, point_of_interest, establishment",parks,Mizoram,Spring,Saiha,2
"YLA Park, Sihtlangpui",22.4157664,92.936697,5,"park, point_of_interest, establishment",parks,Mizoram,Spring,Saiha,1
Thingfal Park,22.6236279,92.8694173,3.5,"park, point_of_interest, establishment",parks,Mizoram,Spring,Saiha,4
Siaha Youth Centre,22.5224285,93.0020212,3.5,"park, point_of_interest, establishment",parks,Mizoram,Spring,Saiha,2
YLA PARK Lungtian II,22.7176372,92.97344729999999,5,"park, point_of_interest, establishment",parks,Mizoram,Spring,Saiha,2
C.H LALROSIAMA PARK,22.3352031,93.1523278,5,"park, point_of_interest, establishment",parks,Mizoram,Spring,Saiha,1
"YLA Park, Sangau – I",22.7375703,93.0640057,3.6,"park, point_of_interest, establishment",parks,Mizoram,Spring,Saiha,5
Blue mountain,22.6326659,93.03849989999999,0,"park, point_of_interest, establishment",parks,Mizoram,Spring,Saiha,0
Barkhala,22.4898351,92.9847782,3.5,"park, point_of_interest, establishment",parks,Mizoram,Spring,Saiha,2
YMA Park,22.6183454,92.9177485,0,"park, point_of_interest, establishment",parks,Mizoram,Spring,Saiha,0
"YLA Reserved Forest, Lungtian II",22.7226298,92.9665701,4,"park, point_of_interest, establishment",parks,Mizoram,Spring,Saiha,1
Forest Viewpoint,22.4970028,93.0154111,5,"park, point_of_interest, establishment",parks,Mizoram,Spring,Saiha,2
Meisatla South Vaih,22.4861766,92.9666338,5,"park, point_of_interest, establishment",parks,Mizoram,Spring,Saiha,2
Gamer coloney,22.5352983,92.89861169999999,5,"park, point_of_interest, establishment",parks,Mizoram,Spring,Saiha,1
"H.Ngunthanga(Thanga Garden),Khuai tang(Khuai hnuai)",22.6927867,93.0304583,5,"park, point_of_interest, establishment",parks,Mizoram,Spring,Saiha,2
Mampui Dil,22.5321396,92.8471002,5,"park, point_of_interest, establishment",parks,Mizoram,Spring,Saiha,1
Sangau 2 YLA Park,22.7178589,93.05042399999999,1,"park, point_of_interest, establishment",parks,Mizoram,Spring,Saiha,1
Yla Park,22.6291244,93.07620709999999,0,"park, point_of_interest, establishment",parks,Mizoram,Spring,Saiha,0
Rawlbuk YLA Park,22.6788879,92.99716409999999,0,"park, point_of_interest, establishment",parks,Mizoram,Spring,Saiha,0
K.Beisa Villa,22.4828197,92.9845091,5,"park, point_of_interest, establishment",parks,Mizoram,Spring,Saiha,1
Zephai Viewpoint,22.4357795,93.25880219999999,5,"park, point_of_interest, establishment",parks,Mizoram,Spring,Saiha,1
"Tawngtaina Tlang, Tlang Thianghlim",22.4947351,92.7247311,5,"park, point_of_interest, establishment",parks,Mizoram,Spring,Saiha,2
"Centennial Park, Chhaolo",22.4329747,93.10344529999999,0,"park, point_of_interest, establishment",parks,Mizoram,Spring,Saiha,0
Garden,22.2941486,93.0814123,5,"park, point_of_interest, establishment",parks,Mizoram,Spring,Saiha,1
Tuiphal Rza huan,22.5016582,92.86769749999999,5,"park, point_of_interest, establishment",parks,Mizoram,Spring,Saiha,1
"YLA Park, DZ Tlang",22.5497331,93.0389301,0,"park, point_of_interest, establishment",parks,Mizoram,Spring,Saiha,0
Chawngthak peak,22.6143204,93.07165499999999,0,"park, point_of_interest, establishment",parks,Mizoram,Spring,Saiha,0
Phawngpui National Park Ticket Counter,22.6925148,93.059016,4.1,"park, point_of_interest, establishment",parks,Mizoram,Spring,Saiha,26
Zephai Memorial Stone Park,22.4592199,93.2599259,0,"park, point_of_interest, establishment",parks,Mizoram,Spring,Saiha,0
"Tlangsam (Sampui), Lungzarhțum",22.5105056,93.02103000000001,3,"park, point_of_interest, establishment",parks,Mizoram,Spring,Saiha,1
Chawntlang Picnic Spot,22.4378391,92.92513869999999,4.5,"campground, lodging, park, point_of_interest, establishment",parks,Mizoram,Spring,Saiha,2
"TLÂHPI, SIAHA",22.5001621,93.01820769999999,4.1,"park, point_of_interest, establishment",parks,Mizoram,Spring,Saiha,7
Rc garden,22.7034149,92.8369104,5,"park, point_of_interest, establishment",parks,Mizoram,Spring,Saiha,1
K Nguhluna Garden,22.4511732,92.9191906,0,"park, point_of_interest, establishment",parks,Mizoram,Spring,Saiha,0
C.BUISANG GARDEN,22.3667269,93.1237398,0,"park, point_of_interest, establishment",parks,Mizoram,Spring,Saiha,0
Spot,22.507722,92.89107399999999,4,"park, point_of_interest, establishment",parks,Mizoram,Spring,Saiha,1
Eden Garden,22.4351659,92.9335696,5,"park, point_of_interest, establishment",parks,Mizoram,Spring,Saiha,1
Ciriang National Park,22.6978902,93.1943823,0,"park, point_of_interest, establishment",parks,Mizoram,Spring,Saiha,0
Rintluanga Garden,22.5052333,92.9104023,5,"park, point_of_interest, establishment",parks,Mizoram,Spring,Saiha,1
B. Lalmalsawma Garden,22.5223325,92.9099349,4,"park, point_of_interest, establishment",parks,Mizoram,Spring,Saiha,1
VANRO Garden (B.Vanlalsanga),22.5246633,92.9099447,5,"park, point_of_interest, establishment",parks,Mizoram,Spring,Saiha,1
MT. MAWMA(Chakhei peak),22.2976911,93.1321518,4.8,"park, point_of_interest, establishment",parks,Mizoram,Spring,Saiha,6
Hmunchung tlang,22.4042084,92.87338040000002,0,"park, point_of_interest, establishment",parks,Mizoram,Spring,Saiha,0
ရိတ်ဒ်ဇော ကျေးရွာ,22.2425509,92.8324379,0,"park, point_of_interest, establishment",parks,Mizoram,Spring,Saiha,0
MT. SANGHE RANGE,22.3244483,93.12663830000001,5,"park, point_of_interest, establishment",parks,Mizoram,Spring,Saiha,1
Phawngpui Tlang View,22.6934304,93.0206683,4.4,"tourist_attraction, point_of_interest, establishment",parks,Mizoram,Spring,Saiha,8
"View Point, Mamte",22.618907,92.91854239999999,0,"park, point_of_interest, establishment",parks,Mizoram,Spring,Saiha,0
Wonderland,22.5225852,92.93049409999999,0,"park, point_of_interest, establishment",parks,Mizoram,Spring,Saiha,0
vabeilonga tlahnie,22.3762539,92.922204,0,"park, point_of_interest, establishment",parks,Mizoram,Spring,Saiha,0
Zephai Viewpoint,22.4606538,93.2633285,0,"park, point_of_interest, establishment",parks,Mizoram,Spring,Saiha,0
Wonderland,22.5040419,92.93302899999999,0,"park, point_of_interest, establishment",parks,Mizoram,Spring,Saiha,0
H.Malsawma garden,22.4993124,93.0047446,5,"park, point_of_interest, establishment",parks,Mizoram,Spring,Saiha,1
S Rammawia Garden,22.7498341,93.0458736,4.5,"park, point_of_interest, establishment",parks,Mizoram,Spring,Saiha,2
T.Chhuana huan,22.7098997,92.8369302,5,"park, point_of_interest, establishment",parks,Mizoram,Spring,Saiha,1
C.Dinthara's garden,22.7044714,92.8318572,5,"park, point_of_interest, establishment",parks,Mizoram,Spring,Saiha,1
kingbawl fish farm,22.59521,93.0407171,0,"park, point_of_interest, establishment",parks,Mizoram,Spring,Saiha,0
"Lakher Pioneer Missionary Museum (RA Lorraine Bungalow), Serkawr",22.358408,92.982661,4.8,"museum, point_of_interest, establishment",museum,Mizoram,Winter,Saiha,4
Kuma Museum Tuipang,22.3267421,93.0326829,4.5,"museum, point_of_interest, establishment",museum,Mizoram,Winter,Saiha,2
Alan Muanpuia,22.3584869,92.9826389,0,"museum, point_of_interest, establishment",museum,Mizoram,Winter,Saiha,0
Grave-Yard,22.4944302,92.9699713,0,"museum, point_of_interest, establishment",museum,Mizoram,Winter,Saiha,0
Waterfall,22.445605,92.987905,0,"park, point_of_interest, establishment",waterfalls,Mizoram,Monsoon,Saiha,0
Lungmak (Castle of Boinu),22.3022211,92.8292625,4.7,"tourist_attraction, point_of_interest, establishment",waterfalls,Mizoram,Monsoon,Saiha,33
Ngengpui Wildlife Sanctuary,22.4409572,92.7879401,4.3,"tourist_attraction, zoo, park, point_of_interest, establishment",zoo,Mizoram,Winter,Saiha,24
Ngengpui Wildlife Sanctuary Entrance Gate,22.4982895,92.75949419999999,0,"zoo, park, point_of_interest, establishment",zoo,Mizoram,Winter,Saiha,0
"Sarvajanin, Temple",22.4852606,92.9861487,4.5,"hindu_temple, place_of_worship, point_of_interest, establishment",temples,Mizoram,All Seasons,Saiha,20
hill gate school,22.4905325,92.97793809999999,4.4,"secondary_school, school, point_of_interest, establishment",hills,Mizoram,Winter,Saiha,15
Highest Peak in Mizoram,22.6309168,93.03856499999999,4,"tourist_attraction, point_of_interest, establishment",hills,Mizoram,Winter,Saiha,5
Tlâhpi Mountain View,22.5001088,93.0208497,4.3,"point_of_interest, establishment",hills,Mizoram,Winter,Saiha,24
Hraisua Hills,22.4993833,93.01667479999999,0,"park, point_of_interest, establishment",hills,Mizoram,Winter,Saiha,0
Tuiphal Rza huan,22.5016582,92.86769749999999,5,"park, point_of_interest, establishment",hills,Mizoram,Winter,Saiha,1
"BCM Church, Lawngtlai Chandmary",22.5268677,92.8973388,4.4,"church, place_of_worship, point_of_interest, establishment",hills,Mizoram,Winter,Saiha,10
Phawngpui,22.733333,93.133333,3.9,"natural_feature, establishment",hills,Mizoram,Winter,Saiha,36
ECM Bethlehem Church,22.4930815,92.9951588,4.6,"church, place_of_worship, point_of_interest, establishment",hills,Mizoram,Winter,Saiha,10
Highest Peak in Mizoram,22.6309168,93.03856499999999,4,"tourist_attraction, point_of_interest, establishment",attraction,Mizoram,All Seasons,Saiha,5
Saphao/Castle of Beinô,22.301552,92.8301845,4.4,"tourist_attraction, point_of_interest, establishment",attraction,Mizoram,All Seasons,Saiha,18
ကျောက်ကလပ်(ကျောက်စိုင်),22.3014375,92.82968749999999,0,"tourist_attraction, point_of_interest, establishment",attraction,Mizoram,All Seasons,Saiha,0
Siata View Point,22.347271,93.13818520000001,5,"tourist_attraction, point_of_interest, establishment",attraction,Mizoram,All Seasons,Saiha,1
Ngengpui Wildlife Sanctuary,22.4409572,92.7879401,4.3,"tourist_attraction, zoo, park, point_of_interest, establishment",attraction,Mizoram,All Seasons,Saiha,24
Phawngpui Tlang View,22.6934304,93.0206683,4.4,"tourist_attraction, point_of_interest, establishment",attraction,Mizoram,All Seasons,Saiha,8
Tizang Lung,22.4530119,93.26542239999999,0,"tourist_attraction, point_of_interest, establishment",attraction,Mizoram,All Seasons,Saiha,0
VAWNGVANG LUNGKANG,22.3292152,93.1668067,0,"tourist_attraction, point_of_interest, establishment",attraction,Mizoram,All Seasons,Saiha,0
Tliatlu or Mizen Tlâh,22.2935136,93.1050864,5,"tourist_attraction, point_of_interest, establishment",attraction,Mizoram,All Seasons,Saiha,1
Lungmak (Castle of Boinu),22.3022211,92.8292625,4.7,"tourist_attraction, point_of_interest, establishment",attraction,Mizoram,All Seasons,Saiha,33
Mara Typical Village,22.2313442,93.0304905,5,"tourist_attraction, point_of_interest, establishment",attraction,Mizoram,All Seasons,Saiha,4
Phura tlâng,22.4602609,92.90876109999999,0,"tourist_attraction, point_of_interest, establishment",attraction,Mizoram,All Seasons,Saiha,0
TLIATLU OR MIZEN TLANG,22.2936675,93.1057939,3.7,"tourist_attraction, point_of_interest, establishment",attraction,Mizoram,All Seasons,Saiha,3
ALUNGPUINO (Largest Rock in Maraland),22.3433145,93.1528924,5,"tourist_attraction, point_of_interest, establishment",attraction,Mizoram,All Seasons,Saiha,8
View Point,22.3802656,92.9218312,5,"tourist_attraction, point_of_interest, establishment",attraction,Mizoram,All Seasons,Saiha,1
TLANGPI,22.4958467,93.0224059,0,"tourist_attraction, point_of_interest, establishment",attraction,Mizoram,All Seasons,Saiha,0
Memorial Stone for the First Christian in Mara Land,22.3172958,93.02400130000001,3.7,"tourist_attraction, point_of_interest, establishment",attraction,Mizoram,All Seasons,Saiha,3
Kim Kima Waiting Shed,22.5419274,92.8816001,5,"tourist_attraction, point_of_interest, establishment",attraction,Mizoram,All Seasons,Saiha,3
Cheu lui,22.6805398,93.02779919999999,0,"tourist_attraction, point_of_interest, establishment",attraction,Mizoram,All Seasons,Saiha,0
Electric Veng YLA In,22.5349781,92.8902468,3.6,"tourist_attraction, point_of_interest, establishment",attraction,Mizoram,All Seasons,Saiha,14
Lal Tual (Chief Kheche Notlia square),22.5119731,93.1149868,0,"tourist_attraction, point_of_interest, establishment",attraction,Mizoram,All Seasons,Saiha,0
Blue Mountain Peak (Phawngpui Tlang ) hp 2157m,22.63094,93.0386072,4.3,"tourist_attraction, point_of_interest, establishment",attraction,Mizoram,All Seasons,Saiha,15
SUSPENSION BRIDGE,22.3058044,93.1328644,5,"tourist_attraction, point_of_interest, establishment",attraction,Mizoram,All Seasons,Saiha,2
Tuipui maurawp,22.6736539,92.8464905,4,"tourist_attraction, point_of_interest, establishment",attraction,Mizoram,All Seasons,Saiha,4
Night VIEW FOR HAWTHAI VILLAGE,22.3430152,93.0657602,0,"tourist_attraction, point_of_interest, establishment",attraction,Mizoram,All Seasons,Saiha,0
INNOCENT GRAVE 🪦,22.3413667,93.062625,0,"tourist_attraction, point_of_interest, establishment",attraction,Mizoram,All Seasons,Saiha,0
Zyu Tlah,22.4946158,92.9994084,1,"tourist_attraction, point_of_interest, establishment",attraction,Mizoram,All Seasons,Saiha,1
MT PHYBYU (KHIZE PEAK),22.460919,93.0853776,5,"tourist_attraction, point_of_interest, establishment",attraction,Mizoram,All Seasons,Saiha,1
YMA Park,23.7439063,92.7169436,4,"park, point_of_interest, establishment",parks,Mizoram,Spring,Saitual,88
MZU Park,23.7337804,92.66750379999999,4.3,"park, tourist_attraction, point_of_interest, establishment",parks,Mizoram,Spring,Saitual,784
Folkland Park,23.7284046,92.74105,4.2,"park, point_of_interest, establishment",parks,Mizoram,Spring,Saitual,1601
"Park Eden, Falkland",23.7327879,92.73784710000001,3.4,"park, point_of_interest, establishment",parks,Mizoram,Spring,Saitual,190
DG Park,23.7285612,92.7397136,3.9,"park, tourist_attraction, point_of_interest, establishment",parks,Mizoram,Spring,Saitual,261
"Khuangthli Children Park, MZU",23.7332111,92.667085,4.2,"park, point_of_interest, establishment",parks,Mizoram,Spring,Saitual,6
Zemabawk Park,23.7272843,92.751055,4,"park, point_of_interest, establishment",parks,Mizoram,Spring,Saitual,81
Sakeikhawthlir (BETHEL TLANG),23.7751185,92.72356529999999,4.4,"park, point_of_interest, establishment",parks,Mizoram,Spring,Saitual,12
Sawiremtlang,23.8207657,92.7339753,4.3,"park, point_of_interest, establishment",parks,Mizoram,Spring,Saitual,71
Pu Rora Park,23.7090941,92.7339179,4,"park, point_of_interest, establishment",parks,Mizoram,Spring,Saitual,24
Zodai Hangout,23.7677942,92.7429799,3.5,"park, point_of_interest, establishment",parks,Mizoram,Spring,Saitual,16
Joint YMA Park,23.6911677,92.9767793,4.5,"park, point_of_interest, establishment",parks,Mizoram,Spring,Saitual,15
Awithangpa Park,24.0549948,92.6733641,4.1,"park, point_of_interest, establishment",parks,Mizoram,Spring,Saitual,12
District Park,24.1585226,92.690668,3.9,"park, point_of_interest, establishment",parks,Mizoram,Spring,Saitual,10
"Lalsavunga Park – Gate, Hlimen",23.6732896,92.7177282,4.5,"park, point_of_interest, establishment",parks,Mizoram,Spring,Saitual,35
Sel-Lut Resort,23.7256875,92.74693750000002,3.3,"park, point_of_interest, establishment",parks,Mizoram,Spring,Saitual,21
Aizawl Lungdawh,23.7226648,92.71794539999999,4.2,"park, point_of_interest, establishment",parks,Mizoram,Spring,Saitual,28
Hangzo Natural Park & Campsite,23.7139764,92.6844979,3.9,"campground, lodging, park, point_of_interest, establishment",parks,Mizoram,Spring,Saitual,51
YMA Park,23.636674,93.191063,4,"park, point_of_interest, establishment",parks,Mizoram,Spring,Saitual,1
Ruallung Park,23.6522025,92.9709116,4.1,"park, point_of_interest, establishment",parks,Mizoram,Spring,Saitual,7
LPS COMPLEX,23.7319902,92.7373291,4.3,"park, point_of_interest, establishment",parks,Mizoram,Spring,Saitual,13
Herse Children Park,23.7373517,92.66487990000002,4,"park, point_of_interest, establishment",parks,Mizoram,Spring,Saitual,1
Keifang Centenary Park,23.6742986,92.9625659,4.7,"park, point_of_interest, establishment",parks,Mizoram,Spring,Saitual,3
Engvari park,23.9568037,93.03339199999999,5,"park, point_of_interest, establishment",parks,Mizoram,Spring,Saitual,2
"KVI Park, Saitual",23.7085608,92.9653718,4.3,"park, point_of_interest, establishment",parks,Mizoram,Spring,Saitual,8
Gilgal picnic spot,23.9020703,92.7353751,5,"park, point_of_interest, establishment",parks,Mizoram,Spring,Saitual,2
Chaltlang Ruam Veng Hmâwng,23.7515642,92.7230862,4,"park, point_of_interest, establishment",parks,Mizoram,Spring,Saitual,21
Eco Park And Tourist Detination,24.1497512,93.049739,5,"park, point_of_interest, establishment",parks,Mizoram,Spring,Saitual,2
Durtlang View (Durkhawpui View),23.7930695,92.72672999999999,4.4,"park, point_of_interest, establishment",parks,Mizoram,Spring,Saitual,46
Martyr Memorial,23.7415625,92.7388331,5,"park, point_of_interest, establishment",parks,Mizoram,Spring,Saitual,1
Park Tlang road,23.7010141,92.71798249999999,0,"park, point_of_interest, establishment",parks,Mizoram,Spring,Saitual,0
C. Lianvunga garden,23.7363251,92.7964295,4,"park, point_of_interest, establishment",parks,Mizoram,Spring,Saitual,1
Bethlehem Bung,23.7269187,92.7220016,5,"park, point_of_interest, establishment",parks,Mizoram,Spring,Saitual,1
F.Hruaii Lalduhsaki Park,23.7175588,92.7115742,0,"park, point_of_interest, establishment",parks,Mizoram,Spring,Saitual,0
B&S Garden,23.9736097,92.733463,5,"park, point_of_interest, establishment",parks,Mizoram,Spring,Saitual,1
Aiduzawl M.U.P Park,23.69626,93.18307329999999,3,"park, point_of_interest, establishment",parks,Mizoram,Spring,Saitual,1
Pi Hluteii Park leh Huan,23.7569875,92.73610939999999,0,"park, point_of_interest, establishment",parks,Mizoram,Spring,Saitual,0
Sunhluchhip YMA Park,24.0596113,92.89586,3,"park, point_of_interest, establishment",parks,Mizoram,Spring,Saitual,1
AMC Park,23.7306526,92.6981124,0,"park, point_of_interest, establishment",parks,Mizoram,Spring,Saitual,0
Sunar Garden,23.757707,92.7425071,5,"park, point_of_interest, establishment",parks,Mizoram,Spring,Saitual,1
Kawnpui Khualbuk- Awithangpa Park,24.0540191,92.6734369,3.8,"lodging, park, point_of_interest, establishment",parks,Mizoram,Spring,Saitual,28
"Lalsavunga Park, Hlimen",23.6716011,92.7202734,4.3,"park, tourist_attraction, point_of_interest, establishment",parks,Mizoram,Spring,Saitual,606
Muthi Park,23.783427,92.762551,4,"park, point_of_interest, establishment",parks,Mizoram,Spring,Saitual,101
YMA Park,23.8057856,92.74230329999999,3.2,"park, point_of_interest, establishment",parks,Mizoram,Spring,Saitual,5
Lalat Park,23.7216648,92.7260132,3.9,"park, tourist_attraction, point_of_interest, establishment",parks,Mizoram,Spring,Saitual,907
City park,23.7235366,92.7181463,4.1,"park, point_of_interest, establishment",parks,Mizoram,Spring,Saitual,20
College's Auditorium Park,23.8040432,92.7341624,2,"park, point_of_interest, establishment",parks,Mizoram,Spring,Saitual,1
Sojak,23.7297547,92.74281549999999,0,"park, point_of_interest, establishment",parks,Mizoram,Spring,Saitual,0
Lengteng Wildlife Sanctuary,23.8125274,93.2483058,4.1,"park, tourist_attraction, point_of_interest, establishment",parks,Mizoram,Spring,Saitual,20
MSU Sub-Hqrs N.Serzawl Park,24.0248897,92.8886117,2.3,"park, point_of_interest, establishment",parks,Mizoram,Spring,Saitual,3
"YMA Park, Rabung",23.675486,93.2073376,0,"park, point_of_interest, establishment",parks,Mizoram,Spring,Saitual,0
Lungleng YMA Park,23.6697154,92.6636535,0,"park, point_of_interest, establishment",parks,Mizoram,Spring,Saitual,0
Lalat Water Park,23.7222591,92.7260957,4.7,"park, point_of_interest, establishment",parks,Mizoram,Spring,Saitual,6
"Botanical Conservatory (Orchidarium,Cactacium,Fernarium)",23.8570067,92.7410805,0,"park, point_of_interest, establishment",parks,Mizoram,Spring,Saitual,0
Park,23.7595058,92.85234319999999,0,"park, point_of_interest, establishment",parks,Mizoram,Spring,Saitual,0
"Municipal Eco Park, Aizawl",23.73107,92.69878709999999,0,"park, point_of_interest, establishment",parks,Mizoram,Spring,Saitual,0
YMA park,23.7556452,92.8509067,0,"park, point_of_interest, establishment",parks,Mizoram,Spring,Saitual,0
"YMA Park Tlâng, Tlangnuam",23.7013882,92.7182601,0,"park, point_of_interest, establishment",parks,Mizoram,Spring,Saitual,0
Oasis Picnic Spot,23.7117359,92.6598163,4,"park, point_of_interest, establishment",parks,Mizoram,Spring,Saitual,108
Nutei park,23.8745533,92.7442106,0,"park, point_of_interest, establishment",parks,Mizoram,Spring,Saitual,0
Mizoram State Museum,23.7381134,92.71573479999999,4.1,"museum, tourist_attraction, point_of_interest, establishment",museum,Mizoram,Winter,Saitual,666
"Mizoram Science Centre, Berawtlang",23.7322674,92.76474189999999,4.1,"tourist_attraction, museum, point_of_interest, establishment",museum,Mizoram,Winter,Saitual,240
"Tribal Art Centre, Tanhril",23.734767,92.6813122,4,"museum, point_of_interest, establishment",museum,Mizoram,Winter,Saitual,70
Durtlâng Lal In (Residence of the erstwhile Durtlâng Chief),23.7843905,92.7258264,4.4,"museum, point_of_interest, establishment",museum,Mizoram,Winter,Saitual,11
Lungtehret kawn,23.8240448,93.0556154,5,"museum, point_of_interest, establishment",museum,Mizoram,Winter,Saitual,2
High Field,23.7377746,92.7154553,4.1,"point_of_interest, establishment",museum,Mizoram,Winter,Saitual,132
MZU Park,23.7337804,92.66750379999999,4.3,"park, tourist_attraction, point_of_interest, establishment",museum,Mizoram,Winter,Saitual,784
"Solomon's Temple, Aizawl",23.748018,92.6884415,4.4,"tourist_attraction, church, place_of_worship, point_of_interest, establishment",museum,Mizoram,Winter,Saitual,447
Art Novelty Gallery,23.7493916,92.72159479999999,3.8,"art_gallery, point_of_interest, establishment",museum,Mizoram,Winter,Saitual,4
Durtlang View (Durkhawpui View),23.7930695,92.72672999999999,4.4,"park, point_of_interest, establishment",museum,Mizoram,Winter,Saitual,46
State Tribal Resource and Training Centre (STRTC),23.630322,92.71581239999999,4.3,"tourist_attraction, point_of_interest, establishment",museum,Mizoram,Winter,Saitual,3
MZU Auditorium,23.7346505,92.6676497,4.4,"point_of_interest, establishment",museum,Mizoram,Winter,Saitual,154
Hnamchhantu Pawl Showroom,23.7216137,92.7194552,4,"point_of_interest, store, establishment",museum,Mizoram,Winter,Saitual,140
Azuali waterfalls,23.7112251,92.6645534,4.5,"tourist_attraction, point_of_interest, establishment",waterfalls,Mizoram,Monsoon,Saitual,22
KHAWHTHLASANG FALLS,23.7237116,92.6635287,5,"park, point_of_interest, establishment",waterfalls,Mizoram,Monsoon,Saitual,1
Khawhpawp Falls,23.724226,92.67094910000002,4,"tourist_attraction, point_of_interest, establishment",waterfalls,Mizoram,Monsoon,Saitual,162
Pratheeksha Waterfall,23.7379498,92.65722149999999,3.7,"tourist_attraction, point_of_interest, establishment",waterfalls,Mizoram,Monsoon,Saitual,3
Tuithum Lui Falls – II,23.715786,92.6635103,4.5,"tourist_attraction, point_of_interest, establishment",waterfalls,Mizoram,Monsoon,Saitual,2
Tuithum Lui Falls,23.720505,92.663719,4.4,"point_of_interest, establishment",waterfalls,Mizoram,Monsoon,Saitual,8
"Li Cheng, Serlui A",23.6995316,92.6770035,4.3,"park, point_of_interest, establishment",waterfalls,Mizoram,Monsoon,Saitual,31
Oasis Picnic Spot,23.7117359,92.6598163,4,"park, point_of_interest, establishment",waterfalls,Mizoram,Monsoon,Saitual,108
"Lalsavunga Park, Hlimen",23.6716011,92.7202734,4.3,"park, tourist_attraction, point_of_interest, establishment",waterfalls,Mizoram,Monsoon,Saitual,606
"Solomon's Temple, Aizawl",23.748018,92.6884415,4.4,"tourist_attraction, church, place_of_worship, point_of_interest, establishment",waterfalls,Mizoram,Monsoon,Saitual,447
Aizawl Viewing Point,23.737754,92.73970299999999,4.2,"landmark, point_of_interest, establishment",beaches,Mizoram,Summer,Saitual,22
CHHINGPUII RESORT,23.7778869,92.7451859,2.9,"point_of_interest, establishment",beaches,Mizoram,Summer,Saitual,9
Tuma Resort,23.7274844,92.78183059999999,4,"lodging, point_of_interest, establishment",beaches,Mizoram,Summer,Saitual,38
Esther Picnic Spot,24.155189,92.6970498,4,"point_of_interest, establishment",beaches,Mizoram,Summer,Saitual,9
Mizoram State Museum,23.7381134,92.71573479999999,4.1,"museum, tourist_attraction, point_of_interest, establishment",beaches,Mizoram,Summer,Saitual,666
Vishal Mega Mart,23.7533436,92.7324636,3.8,"supermarket, clothing_store, grocery_or_supermarket, store, food, point_of_interest, establishment",beaches,Mizoram,Summer,Saitual,2822
Firstcry.com Store Aizawl Chanmari,23.7413299,92.7162623,4.1,"clothing_store, store, point_of_interest, establishment",beaches,Mizoram,Summer,Saitual,8
Aizawl Zoological Park,23.7898798,92.6707972,3.9,"zoo, point_of_interest, establishment",zoo,Mizoram,Winter,Saitual,640
MALSAWM ENTERPRISE,23.7260195,92.725184,0,"point_of_interest, establishment",zoo,Mizoram,Winter,Saitual,0
"Shakti Temple - Aizawl, Mizoram, India",23.7346505,92.7164067,4.5,"hindu_temple, place_of_worship, point_of_interest, establishment",temples,Mizoram,All Seasons,Saitual,34
Shiv Temple,23.7553314,92.7309473,4.1,"hindu_temple, place_of_worship, point_of_interest, establishment",temples,Mizoram,All Seasons,Saitual,15
"Shiv Temple - Aizawl, Mizoram, India",23.7340437,92.72582349999999,5,"hindu_temple, place_of_worship, point_of_interest, establishment",temples,Mizoram,All Seasons,Saitual,8
"Shri Radha Krishna Temple, Tuivamit",23.7454343,92.6828596,4,"hindu_temple, place_of_worship, point_of_interest, establishment",temples,Mizoram,All Seasons,Saitual,29
2 AR Temple,23.7280025,92.71776440000001,4.2,"hindu_temple, place_of_worship, point_of_interest, establishment",temples,Mizoram,All Seasons,Saitual,35
"Shiv Temple – Khatla, Aizawl",23.7210139,92.71637679999999,3.8,"hindu_temple, tourist_attraction, place_of_worship, point_of_interest, establishment",temples,Mizoram,All Seasons,Saitual,50
"Shiv, Temple",23.728617,92.69461030000001,4.5,"hindu_temple, place_of_worship, point_of_interest, establishment",temples,Mizoram,All Seasons,Saitual,14
"Shri Shiv Temple - Aizawl, Mizoram, India",23.7163804,92.73226799999999,4.2,"hindu_temple, place_of_worship, point_of_interest, establishment",temples,Mizoram,All Seasons,Saitual,5
OM Mandir,23.7435221,92.741845,4.7,"hindu_temple, place_of_worship, point_of_interest, establishment",temples,Mizoram,All Seasons,Saitual,18
"Solomon's Temple, Aizawl",23.748018,92.6884415,4.4,"tourist_attraction, church, place_of_worship, point_of_interest, establishment",temples,Mizoram,All Seasons,Saitual,447
Assam Rifles Temple,23.7230515,92.7105479,4.4,"hindu_temple, place_of_worship, point_of_interest, establishment",temples,Mizoram,All Seasons,Saitual,42
"Satsang Vihar, Aizawl",23.7278946,92.7175652,4.6,"hindu_temple, place_of_worship, point_of_interest, establishment",temples,Mizoram,All Seasons,Saitual,10
"Pushpak Hari Temple - Aizawl, Mizoram, India",23.7398834,92.7422251,4.7,"hindu_temple, place_of_worship, point_of_interest, establishment",temples,Mizoram,All Seasons,Saitual,17
Shiv Temple,24.0730572,92.6813234,5,"hindu_temple, place_of_worship, point_of_interest, establishment",temples,Mizoram,All Seasons,Saitual,3
Bualpui Mandir,24.1004913,92.6867833,4.1,"hindu_temple, place_of_worship, point_of_interest, establishment",temples,Mizoram,All Seasons,Saitual,21
Temple Square,23.7268193,92.7176162,5,"place_of_worship, point_of_interest, establishment",temples,Mizoram,All Seasons,Saitual,1
SHIV Temple,23.7414991,92.7056387,4,"hindu_temple, place_of_worship, point_of_interest, establishment",temples,Mizoram,All Seasons,Saitual,7
"Aizawl Temple Corps, The Salvation Army",23.7269625,92.7174678,4.4,"church, place_of_worship, point_of_interest, establishment",temples,Mizoram,All Seasons,Saitual,99
"Temple, near New Capital Complex",23.7286787,92.7092256,4,"place_of_worship, point_of_interest, establishment",temples,Mizoram,All Seasons,Saitual,2
Western kangla,23.7312093,92.71521709999999,0,"hindu_temple, place_of_worship, point_of_interest, establishment",temples,Mizoram,All Seasons,Saitual,0
Laymen's Evangelical Fellowship International (LEFI),23.7216622,92.7180327,4.5,"church, place_of_worship, point_of_interest, establishment",temples,Mizoram,All Seasons,Saitual,22
Shri Krishna Mandir Dinthar,23.731941,92.7119249,0,"hindu_temple, place_of_worship, point_of_interest, establishment",temples,Mizoram,All Seasons,Saitual,0
Baba.amarsig.asthan.,23.7384066,92.7497947,0,"hindu_temple, place_of_worship, point_of_interest, establishment",temples,Mizoram,All Seasons,Saitual,0
The Secret Place Cafe,23.7265353,92.7180303,4.8,"cafe, food, point_of_interest, establishment",temples,Mizoram,All Seasons,Saitual,25
Ana's place,23.73309,92.7302491,0,"hindu_temple, place_of_worship, point_of_interest, establishment",temples,Mizoram,All Seasons,Saitual,0
Pushpak Gurudwara,23.7395666,92.7420046,4.2,"place_of_worship, point_of_interest, establishment",temples,Mizoram,All Seasons,Saitual,107
Tuikual Presbyterian Church,23.729332,92.7163274,4.4,"church, place_of_worship, point_of_interest, establishment",temples,Mizoram,All Seasons,Saitual,151
Kohhran thianghlim,23.7478578,92.69256159999999,0,"church, place_of_worship, point_of_interest, establishment",temples,Mizoram,All Seasons,Saitual,0
Uisa Leh Zawhte sa awm rengna,23.741872,92.7175199,0,"hindu_temple, place_of_worship, point_of_interest, establishment",temples,Mizoram,All Seasons,Saitual,0
The Salvation Army,23.7342737,92.71645009999999,4.1,"church, place_of_worship, point_of_interest, establishment",temples,Mizoram,All Seasons,Saitual,23
Rinzuali vetop,23.7282003,92.72702559999999,0,"hindu_temple, place_of_worship, point_of_interest, establishment",temples,Mizoram,All Seasons,Saitual,0
Temple Square Taxi Stand,23.7269079,92.71759019999999,3.9,"taxi_stand, point_of_interest, establishment",temples,Mizoram,All Seasons,Saitual,76
Sad uddin,23.730725,92.71724189999999,0,"place_of_worship, point_of_interest, establishment",temples,Mizoram,All Seasons,Saitual,0
Durtlang Presbyterian Church,23.7798426,92.7277421,4.5,"church, place_of_worship, point_of_interest, establishment",temples,Mizoram,All Seasons,Saitual,82
"Lalsavunga Park, Hlimen",23.6716011,92.7202734,4.3,"park, tourist_attraction, point_of_interest, establishment",temples,Mizoram,All Seasons,Saitual,606
The Salvation Army - Tuikual South Corps,23.7267851,92.7151794,3.9,"church, place_of_worship, point_of_interest, establishment",temples,Mizoram,All Seasons,Saitual,11
"Territorial Headquarters – The Salvation Army, IET",23.726351,92.7172463,4.8,"point_of_interest, establishment",temples,Mizoram,All Seasons,Saitual,33
The Salvation Army - Phunchawng,23.7669933,92.6793702,3.7,"church, place_of_worship, point_of_interest, establishment",temples,Mizoram,All Seasons,Saitual,3
Aizawl Temple Corps SAY Room leh Chanchinbu Room,23.7264986,92.7179067,0,"point_of_interest, establishment",temples,Mizoram,All Seasons,Saitual,0
Mizoram State Museum,23.7381134,92.71573479999999,4.1,"museum, tourist_attraction, point_of_interest, establishment",temples,Mizoram,All Seasons,Saitual,666
"BCM Aizawl West Church, Dinthar",23.733669,92.7140877,4,"church, place_of_worship, point_of_interest, establishment",temples,Mizoram,All Seasons,Saitual,9
High & Hill,23.7702686,92.7367135,3.8,"restaurant, food, point_of_interest, establishment",hills,Mizoram,Winter,Saitual,21
Up Hill,23.7391408,92.74138429999999,4.7,"restaurant, food, point_of_interest, establishment",hills,Mizoram,Winter,Saitual,18
High Field,23.7377746,92.7154553,4.1,"point_of_interest, establishment",hills,Mizoram,Winter,Saitual,132
"Aizawl Hill City - Aizawl District, Mizoram, India",23.725838,92.7189969,3,"tourist_attraction, point_of_interest, establishment",hills,Mizoram,Winter,Saitual,2
Green Hill Hotel,23.6680024,92.96144050000001,5,"lodging, point_of_interest, establishment",hills,Mizoram,Winter,Saitual,1
Woodland Hills,23.7358017,92.6955416,4.3,"point_of_interest, establishment",hills,Mizoram,Winter,Saitual,53
OYO 64210 Hotel Hill Orchid,23.7331863,92.7177098,3.6,"lodging, point_of_interest, establishment",hills,Mizoram,Winter,Saitual,85
HILL STORE,23.7386543,92.74444749999999,1,"point_of_interest, establishment",hills,Mizoram,Winter,Saitual,1
Hotel Hill Orchid,23.7332072,92.71774599999999,4.7,"lodging, point_of_interest, establishment",hills,Mizoram,Winter,Saitual,3
HILL STORE,23.7547085,92.73129639999999,0,"point_of_interest, establishment",hills,Mizoram,Winter,Saitual,0
Lushai Hill Castle,23.7454035,92.6923681,4.2,"home_goods_store, point_of_interest, store, establishment",hills,Mizoram,Winter,Saitual,10
Durtlang View (Durkhawpui View),23.7930695,92.72672999999999,4.4,"park, point_of_interest, establishment",hills,Mizoram,Winter,Saitual,46
HIGH & HILL RESTAURANT AND CATERING,23.7312148,92.7171843,0,"restaurant, food, point_of_interest, establishment",hills,Mizoram,Winter,Saitual,0
Blue Hills,23.7344217,92.7169569,5,"hardware_store, point_of_interest, store, establishment",hills,Mizoram,Winter,Saitual,1
Hill-side Electrical Store,23.7490942,92.7380414,5,"point_of_interest, store, establishment",hills,Mizoram,Winter,Saitual,1
Chheuva Futsal Arena,23.7430403,92.7385462,3.4,"point_of_interest, establishment",hills,Mizoram,Winter,Saitual,39
HILL TRADERS,23.7707845,92.73592889999999,0,"point_of_interest, establishment",hills,Mizoram,Winter,Saitual,0
Greenhill Public School,23.71371,92.7318111,4.5,"school, point_of_interest, establishment",hills,Mizoram,Winter,Saitual,18
LUSHAIHILLS RESIDENCY,23.737402,92.7169497,3.7,"lodging, point_of_interest, establishment",hills,Mizoram,Winter,Saitual,95
"Directorate of School Education, MacDonald Hill, Zarkawt",23.738505,92.715778,4.2,"local_government_office, point_of_interest, establishment",hills,Mizoram,Winter,Saitual,13
"School Educational Complex, Mc Donald Hill, Zarkawt",23.7384,92.7160573,5,"point_of_interest, establishment",hills,Mizoram,Winter,Saitual,1
"Office of the Sectional Officer, PWD Mc Donald Hill Section Building (Sub-division North)",23.7390271,92.7164098,0,"point_of_interest, establishment",hills,Mizoram,Winter,Saitual,0
HILL SIDE MEDICOS,23.7219463,92.71799759999999,0,"point_of_interest, establishment",hills,Mizoram,Winter,Saitual,0
Adhills resort,23.7159777,92.66118469999999,3.8,"lodging, point_of_interest, establishment",hills,Mizoram,Winter,Saitual,4
Greenhill Enterprise,23.7134667,92.72998729999999,4.3,"hardware_store, store, point_of_interest, establishment",hills,Mizoram,Winter,Saitual,14
"Sinlung Hills Council (SHC) Office, MINECO",23.7258129,92.70545600000001,4.2,"local_government_office, point_of_interest, establishment",hills,Mizoram,Winter,Saitual,5
Hills Medical Store,23.7324962,92.7170002,5,"pharmacy, health, store, point_of_interest, establishment",hills,Mizoram,Winter,Saitual,2
VentureTax by North Hills Technology and Audits Private Limited,23.7400989,92.7180262,5,"accounting, finance, point_of_interest, establishment",hills,Mizoram,Winter,Saitual,48
Hotel Regency,23.7383074,92.7166214,4.1,"lodging, point_of_interest, establishment",hills,Mizoram,Winter,Saitual,2156
Hotel Platinum Zarkawt,23.7367561,92.7167632,4.3,"lodging, point_of_interest, establishment",hills,Mizoram,Winter,Saitual,206
"Green Hills High School, Kawnpui",24.0339884,92.6696482,4.8,"secondary_school, school, point_of_interest, establishment",hills,Mizoram,Winter,Saitual,5
Durtlang Playground (Midum Field),23.7750614,92.724666,3.6,"point_of_interest, establishment",hills,Mizoram,Winter,Saitual,153
Durtlang Chhuahlam Thlanmual,23.783701,92.7298754,5,"cemetery, point_of_interest, establishment",hills,Mizoram,Winter,Saitual,1
Divine Beauty,23.7384122,92.7107135,0,"store, point_of_interest, establishment",hills,Mizoram,Winter,Saitual,0
Mizoram State Museum,23.7381134,92.71573479999999,4.1,"museum, tourist_attraction, point_of_interest, establishment",hills,Mizoram,Winter,Saitual,666
Khawhpawp Falls,23.724226,92.67094910000002,4,"tourist_attraction, point_of_interest, establishment",attraction,Mizoram,All Seasons,Saitual,162
"Sakawrhmuituai Tlang, Sihphir",23.8589569,92.7394645,4.5,"tourist_attraction, point_of_interest, establishment",attraction,Mizoram,All Seasons,Saitual,148
Laipuitlang View Point,23.7444234,92.720525,4.4,"tourist_attraction, point_of_interest, establishment",attraction,Mizoram,All Seasons,Saitual,58
Berawtlang View Point,23.7292892,92.7591995,4.1,"tourist_attraction, point_of_interest, establishment",attraction,Mizoram,All Seasons,Saitual,40
Muthi Tlang,23.7686388,92.7609597,4.2,"tourist_attraction, point_of_interest, establishment",attraction,Mizoram,All Seasons,Saitual,28
Viewpoint,23.7303285,92.7509212,0,"tourist_attraction, point_of_interest, establishment",attraction,Mizoram,All Seasons,Saitual,0
Lovers Point,23.7135685,92.7075428,0,"tourist_attraction, point_of_interest, establishment",attraction,Mizoram,All Seasons,Saitual,0
Lalat Park,23.7216648,92.7260132,3.9,"park, tourist_attraction, point_of_interest, establishment",attraction,Mizoram,All Seasons,Saitual,907
"On the Rocks , Aizawl",23.7420419,92.7337795,4.3,"tourist_attraction, point_of_interest, establishment",attraction,Mizoram,All Seasons,Saitual,61
Hmawngkai tuikhur,23.7222845,92.7207078,3.3,"tourist_attraction, point_of_interest, establishment",attraction,Mizoram,All Seasons,Saitual,6
"Lalsavunga Park, Hlimen",23.6716011,92.7202734,4.3,"park, tourist_attraction, point_of_interest, establishment",attraction,Mizoram,All Seasons,Saitual,606
JR top view,23.7358244,92.71164329999999,5,"tourist_attraction, point_of_interest, establishment",attraction,Mizoram,All Seasons,Saitual,2
"Sunset Spot, MINECO",23.7260777,92.7030152,3.9,"tourist_attraction, point_of_interest, establishment",attraction,Mizoram,All Seasons,Saitual,20
Tanhril View,23.7366578,92.6763343,5,"tourist_attraction, point_of_interest, establishment",attraction,Mizoram,All Seasons,Saitual,3
City Forest,23.6717098,92.7155425,3.9,"tourist_attraction, point_of_interest, establishment",attraction,Mizoram,All Seasons,Saitual,9
KȚP Kraws,23.7422984,92.7198998,4.5,"tourist_attraction, point_of_interest, establishment",attraction,Mizoram,All Seasons,Saitual,6
Pratheeksha Waterfall,23.7379498,92.65722149999999,3.7,"tourist_attraction, point_of_interest, establishment",attraction,Mizoram,All Seasons,Saitual,3
Ngopa Kawtchhuah,23.8828453,93.2107537,3.3,"tourist_attraction, point_of_interest, establishment",attraction,Mizoram,All Seasons,Saitual,4
Leitan Durtlang,23.7699877,92.7356861,4,"tourist_attraction, point_of_interest, establishment",attraction,Mizoram,All Seasons,Saitual,193
Luangmual view 2,23.7416487,92.70044229999999,4.7,"tourist_attraction, point_of_interest, establishment",attraction,Mizoram,All Seasons,Saitual,3
Dulte Dil,23.6186131,93.0436206,4,"tourist_attraction, point_of_interest, establishment",attraction,Mizoram,All Seasons,Saitual,11
Tuithum Lui Falls – II,23.715786,92.6635103,4.5,"tourist_attraction, point_of_interest, establishment",attraction,Mizoram,All Seasons,Saitual,2
Thakthing Lal in,23.7159659,92.72394829999999,4.4,"tourist_attraction, point_of_interest, establishment",attraction,Mizoram,All Seasons,Saitual,7
Azuali waterfalls,23.7112251,92.6645534,4.5,"tourist_attraction, point_of_interest, establishment",attraction,Mizoram,All Seasons,Saitual,22
JF Viewing Gallery,23.7049909,92.71655299999999,4.1,"tourist_attraction, landmark, point_of_interest, establishment",attraction,Mizoram,All Seasons,Saitual,47
Mizoram Genisis Landmark,23.7191186,92.71629659999999,5,"tourist_attraction, point_of_interest, establishment",attraction,Mizoram,All Seasons,Saitual,1
Paradise,23.7535625,92.6725625,4.7,"tourist_attraction, point_of_interest, establishment",attraction,Mizoram,All Seasons,Saitual,6
khurpui,23.990711,93.1266393,0,"tourist_attraction, point_of_interest, establishment",attraction,Mizoram,All Seasons,Saitual,0
Lunglawn,23.7661353,92.9453552,4.1,"tourist_attraction, point_of_interest, establishment",attraction,Mizoram,All Seasons,Saitual,9
Tourist Resort Tamdil Lake,23.7378274,92.9531272,4.2,"tourist_attraction, point_of_interest, establishment",attraction,Mizoram,All Seasons,Saitual,5
Neihbawih,23.8337792,92.74280949999999,4.4,"tourist_attraction, point_of_interest, establishment",attraction,Mizoram,All Seasons,Saitual,38
Durtlang View (Durkhawpui View),23.7930695,92.72672999999999,4.4,"park, point_of_interest, establishment",attraction,Mizoram,All Seasons,Saitual,46
Ez-i Huan,23.6682026,92.6733234,0,"tourist_attraction, point_of_interest, establishment",attraction,Mizoram,All Seasons,Saitual,0
KV Paradise,23.774266,92.7271612,4.1,"tourist_attraction, point_of_interest, establishment",attraction,Mizoram,All Seasons,Saitual,288
Kawrlungtuk Resort,23.9051278,93.0145599,5,"tourist_attraction, point_of_interest, establishment",attraction,Mizoram,All Seasons,Saitual,1
Chalfilh Tlâng (Vanzâu),23.8507299,92.9307281,4.2,"tourist_attraction, point_of_interest, establishment",attraction,Mizoram,All Seasons,Saitual,17
Lung Nupa,24.0915061,92.6813239,4.2,"tourist_attraction, point_of_interest, establishment",attraction,Mizoram,All Seasons,Saitual,224
Sakawrhmuituai North,23.8683773,92.7382947,4.4,"tourist_attraction, point_of_interest, establishment",attraction,Mizoram,All Seasons,Saitual,17
MIZORAM KRAWS LIAN - GIANT KRAWS,23.7607114,92.73476459999999,4.4,"tourist_attraction, point_of_interest, establishment",attraction,Mizoram,All Seasons,Saitual,14
DG Park,23.7285612,92.7397136,3.9,"park, tourist_attraction, point_of_interest, establishment",attraction,Mizoram,All Seasons,Saitual,261
MZU Park,23.7337804,92.66750379999999,4.3,"park, tourist_attraction, point_of_interest, establishment",attraction,Mizoram,All Seasons,Saitual,784
Bethel Veng road,23.7259003,92.75192770000001,0,"tourist_attraction, point_of_interest, establishment",attraction,Mizoram,All Seasons,Saitual,0
I Love Aizawl,23.7430862,92.7199684,5,"tourist_attraction, point_of_interest, establishment",attraction,Mizoram,All Seasons,Saitual,1
Eco Park And Tourist Detination,24.1497512,93.049739,5,"park, point_of_interest, establishment",attraction,Mizoram,All Seasons,Saitual,2
Mizoram State Museum,23.7381134,92.71573479999999,4.1,"museum, tourist_attraction, point_of_interest, establishment",attraction,Mizoram,All Seasons,Saitual,666
"Solomon's Temple, Aizawl",23.748018,92.6884415,4.4,"tourist_attraction, church, place_of_worship, point_of_interest, establishment",attraction,Mizoram,All Seasons,Saitual,447
C.Thanchhuma Teak Huan,23.759805,92.6735423,0,"tourist_attraction, point_of_interest, establishment",attraction,Mizoram,All Seasons,Saitual,0
"Shiv Temple – Khatla, Aizawl",23.7210139,92.71637679999999,3.8,"hindu_temple, tourist_attraction, place_of_worship, point_of_interest, establishment",attraction,Mizoram,All Seasons,Saitual,50
Muthi Park,23.783427,92.762551,4,"park, point_of_interest, establishment",attraction,Mizoram,All Seasons,Saitual,101
State Tribal Resource and Training Centre (STRTC),23.630322,92.71581239999999,4.3,"tourist_attraction, point_of_interest, establishment",attraction,Mizoram,All Seasons,Saitual,3
Lengteng Wildlife Sanctuary,23.8125274,93.2483058,4.1,"park, tourist_attraction, point_of_interest, establishment",attraction,Mizoram,All Seasons,Saitual,20
"Mizoram Science Centre, Berawtlang",23.7322674,92.76474189999999,4.1,"tourist_attraction, museum, point_of_interest, establishment",attraction,Mizoram,All Seasons,Saitual,240
NEC PARK,23.2647252,92.75563819999999,4.3,"park, point_of_interest, establishment",parks,Mizoram,Spring,Serchhip,85
"District Park, Dawngzawl",23.2551506,92.8927192,3.9,"park, point_of_interest, establishment",parks,Mizoram,Spring,Serchhip,62
Khâwng Park — North Vanlaiphai,23.1311902,93.0411835,4.1,"park, point_of_interest, establishment",parks,Mizoram,Spring,Serchhip,14
"Lalat Park, Thenzawl",23.2587468,92.75571160000001,4.4,"park, point_of_interest, establishment",parks,Mizoram,Spring,Serchhip,9
"YMA Park, Thentlang",23.4215825,92.9090009,4.7,"park, point_of_interest, establishment",parks,Mizoram,Spring,Serchhip,3
Eco park,23.2236599,93.0011998,5,"park, point_of_interest, establishment",parks,Mizoram,Spring,Serchhip,1
CMS Picnic Spot,23.2659758,92.84771099999999,4.9,"park, point_of_interest, establishment",parks,Mizoram,Spring,Serchhip,35
"LAD Park, Thenzawl",23.2626815,92.7690549,4.1,"park, point_of_interest, establishment",parks,Mizoram,Spring,Serchhip,11
East Lungdar Martar Lungdawh,23.2013685,93.08149739999999,4,"park, point_of_interest, establishment",parks,Mizoram,Spring,Serchhip,15
Samlukhai Park (Zathawma Bûng),23.4218274,92.71342829999999,4.4,"park, point_of_interest, establishment",parks,Mizoram,Spring,Serchhip,16
Aizawl Tlang,23.2555895,92.7579871,4.7,"park, point_of_interest, establishment",parks,Mizoram,Spring,Serchhip,3
Maubuang Park,23.4874681,92.7079528,4.2,"park, point_of_interest, establishment",parks,Mizoram,Spring,Serchhip,5
Bengkhuaia Hriatrengna Lungphun,23.3580924,92.7869302,4.8,"park, point_of_interest, establishment",parks,Mizoram,Spring,Serchhip,10
Chalrang YMA Park,23.3854436,93.14939179999999,4.5,"park, point_of_interest, establishment",parks,Mizoram,Spring,Serchhip,4
YMA Park,23.181529,92.7369236,5,"park, point_of_interest, establishment",parks,Mizoram,Spring,Serchhip,1
Dilpui Pêng,23.2613102,92.75927589999999,4.5,"park, point_of_interest, establishment",parks,Mizoram,Spring,Serchhip,27
Changpui YMA Park,23.1678675,92.6113316,5,"park, point_of_interest, establishment",parks,Mizoram,Spring,Serchhip,4
New Serchhip VC Park,23.3408817,92.8488627,5,"park, point_of_interest, establishment",parks,Mizoram,Spring,Serchhip,3
Vantawng Peng bul park,23.2465946,92.75605859999999,5,"park, point_of_interest, establishment",parks,Mizoram,Spring,Serchhip,1
"MSU Park, Maite",23.5278876,93.0020933,5,"park, point_of_interest, establishment",parks,Mizoram,Spring,Serchhip,2
"YMA PARK, Sailam",23.3538921,92.789833,5,"park, point_of_interest, establishment",parks,Mizoram,Spring,Serchhip,6
Biate Tlang,23.248841,93.1176936,4.3,"park, point_of_interest, establishment",parks,Mizoram,Spring,Serchhip,4
Lungrang Tlang,23.2716359,92.80226490000001,5,"zoo, park, point_of_interest, establishment",parks,Mizoram,Spring,Serchhip,2
Tuirihiau Falls,23.2368655,92.7491194,4.4,"tourist_attraction, park, point_of_interest, establishment",parks,Mizoram,Spring,Serchhip,389
Lalat Fun Resort,23.2579709,92.7553006,5,"park, point_of_interest, establishment",parks,Mizoram,Spring,Serchhip,1
J.VK Garden,23.2017873,93.01849059999999,5,"park, point_of_interest, establishment",parks,Mizoram,Spring,Serchhip,1
Manghinga Ram,23.273414,92.779078,5,"park, point_of_interest, establishment",parks,Mizoram,Spring,Serchhip,1
Lamchhip YMA - Vanapa Section Park,23.4389836,92.78156779999999,4.4,"park, point_of_interest, establishment",parks,Mizoram,Spring,Serchhip,5
KT Picnic spot,23.1306604,93.04985169999999,4.7,"park, point_of_interest, establishment",parks,Mizoram,Spring,Serchhip,3
Hmuifâng Tlâng Peak (Altitude – 1619 metres),23.4362775,92.76314839999999,4.5,"park, point_of_interest, establishment",parks,Mizoram,Spring,Serchhip,27
Lamthanga Huan,23.473537,93.13592609999999,5,"park, point_of_interest, establishment",parks,Mizoram,Spring,Serchhip,1
Damdiai Botanical Garden & Eco Tourism Park,23.465785,92.74473599999999,3.8,"park, point_of_interest, establishment",parks,Mizoram,Spring,Serchhip,12
Liantluanga vawk in,23.1604132,93.11424079999999,5,"park, point_of_interest, establishment",parks,Mizoram,Spring,Serchhip,1
Kâpvela Bûng,23.420362,92.71376649999999,4.5,"park, point_of_interest, establishment",parks,Mizoram,Spring,Serchhip,2
Thanzuali Bung,23.4972113,92.6075682,5,"park, point_of_interest, establishment",parks,Mizoram,Spring,Serchhip,2
"YMA Park, South Khawlek",23.3655191,92.63319519999999,2.5,"park, point_of_interest, establishment",parks,Mizoram,Spring,Serchhip,2
Hmunhlui,23.5608684,92.9600064,4.5,"park, point_of_interest, establishment",parks,Mizoram,Spring,Serchhip,2
Tlawng thlang kawng kual,23.299046,92.67740219999999,4.5,"park, point_of_interest, establishment",parks,Mizoram,Spring,Serchhip,2
Thinrik Tlang,23.1298705,93.0640614,5,"park, point_of_interest, establishment",parks,Mizoram,Spring,Serchhip,1
R Hrangzuala huan,23.3972509,92.7473334,0,"park, point_of_interest, establishment",parks,Mizoram,Spring,Serchhip,0
YMA Park Chhipphir,23.175048,92.8008337,3,"park, point_of_interest, establishment",parks,Mizoram,Spring,Serchhip,1
"YMA Park, Lamchhip",23.4391433,92.7740951,3,"park, point_of_interest, establishment",parks,Mizoram,Spring,Serchhip,3
Buarpui YMA Park.,23.2776486,92.65805809999999,2,"park, point_of_interest, establishment",parks,Mizoram,Spring,Serchhip,1
Zawngtelukhai Park,23.2125028,93.0004404,2.8,"park, point_of_interest, establishment",parks,Mizoram,Spring,Serchhip,6
Hmuntha Park,23.4955891,92.9464629,0,"park, point_of_interest, establishment",parks,Mizoram,Spring,Serchhip,0
YMA park,23.3861305,93.1015503,0,"park, point_of_interest, establishment",parks,Mizoram,Spring,Serchhip,0
Dawrveng YMA Park,23.5433002,92.8490954,0,"park, point_of_interest, establishment",parks,Mizoram,Spring,Serchhip,0
𝙃.𝙏𝙝𝙖𝙣𝙜𝙥𝙪𝙞𝙖 𝙃𝙪𝙖𝙣,23.4225199,92.7168477,5,"park, point_of_interest, establishment",parks,Mizoram,Spring,Serchhip,5
YMA park,23.4589356,92.60824939999999,0,"park, point_of_interest, establishment",parks,Mizoram,Spring,Serchhip,0
Chawngvungi Park,23.0958222,92.8936988,0,"park, point_of_interest, establishment",parks,Mizoram,Spring,Serchhip,0
"Joint YMA Park, Baktawng",23.5326572,92.8445531,0,"park, point_of_interest, establishment",parks,Mizoram,Spring,Serchhip,0
Chalthanga Huan,23.449006,92.70091099999999,4,"park, point_of_interest, establishment",parks,Mizoram,Spring,Serchhip,1
MUP PARK,23.5443166,92.8487564,1,"park, point_of_interest, establishment",parks,Mizoram,Spring,Serchhip,1
Theos' Park,23.2869375,92.75118750000001,0,"park, point_of_interest, establishment",parks,Mizoram,Spring,Serchhip,0
Than Zuala Ralte,23.4975818,93.0688055,4,"park, point_of_interest, establishment",parks,Mizoram,Spring,Serchhip,1
"Vâitlâng Park, Khawlailung",23.2215235,93.00166139999999,0,"park, point_of_interest, establishment",parks,Mizoram,Spring,Serchhip,0
Tanky Tlang YMA Park,23.446514,92.9522977,0,"park, point_of_interest, establishment",parks,Mizoram,Spring,Serchhip,0
C. Lalramenga thlai hmun,23.0912694,92.7934721,5,"park, point_of_interest, establishment",parks,Mizoram,Spring,Serchhip,1
Br.YMA Park&CAMPA Area,23.2878108,93.0940481,0,"park, point_of_interest, establishment",parks,Mizoram,Spring,Serchhip,0
C.L kunga huan,23.164543,92.9375739,3,"park, point_of_interest, establishment",parks,Mizoram,Spring,Serchhip,1
"Chhingpuii Park, Chhingchhip",23.483734,92.8584221,4.3,"museum, point_of_interest, establishment",museum,Mizoram,Winter,Serchhip,3
Vantawng Falls,23.2343703,92.7511995,4.2,"tourist_attraction, point_of_interest, establishment",waterfalls,Mizoram,Monsoon,Serchhip,178
Tuirihiau Falls,23.2368655,92.7491194,4.4,"tourist_attraction, park, point_of_interest, establishment",waterfalls,Mizoram,Monsoon,Serchhip,389
Vantawng Khawhthla Waterfall View Point,23.2340511,92.75474,4.4,"tourist_attraction, point_of_interest, establishment",waterfalls,Mizoram,Monsoon,Serchhip,54
Tuirivang Falls,23.572152,92.75697629999999,4.4,"tourist_attraction, point_of_interest, establishment",waterfalls,Mizoram,Monsoon,Serchhip,16
Vantawng Khawhthla,23.2328125,92.7510625,4.5,"tourist_attraction, point_of_interest, establishment",waterfalls,Mizoram,Monsoon,Serchhip,41
"Khawhthlasang, South Chawngtui",23.0584406,93.0389354,4.7,"tourist_attraction, point_of_interest, establishment",waterfalls,Mizoram,Monsoon,Serchhip,7
Vanva Lui,23.2326345,92.75077920000001,5,"park, point_of_interest, establishment",waterfalls,Mizoram,Monsoon,Serchhip,1
Thenzawl Vety. Dilpui,23.2650063,92.75550009999999,4.4,"tourist_attraction, point_of_interest, establishment",waterfalls,Mizoram,Monsoon,Serchhip,122
Aizawl Tlang,23.2555895,92.7579871,4.7,"park, point_of_interest, establishment",waterfalls,Mizoram,Monsoon,Serchhip,3
Vantawng khawhthla peng,23.246642,92.7551359,4,"tourist_attraction, point_of_interest, establishment",waterfalls,Mizoram,Monsoon,Serchhip,2
Pu Rawla Khawhthla,23.2428603,92.7752498,5,"park, point_of_interest, establishment",waterfalls,Mizoram,Monsoon,Serchhip,3
Thenzawl Golf Resort Viewing Gallery,23.2798029,92.74965139999999,4.5,"tourist_attraction, point_of_interest, establishment",waterfalls,Mizoram,Monsoon,Serchhip,4
Mura Pûk,23.3288178,93.0954472,3.2,"tourist_attraction, point_of_interest, establishment",waterfalls,Mizoram,Monsoon,Serchhip,6
Tuirihiau - Vantawng Lawng Service,23.2372438,92.7481595,4,"park, point_of_interest, establishment",waterfalls,Mizoram,Monsoon,Serchhip,4
Tuirihiau Resort,23.2387595,92.7478816,4.2,"lodging, point_of_interest, establishment",waterfalls,Mizoram,Monsoon,Serchhip,49
Lungrang Tlang,23.2716359,92.80226490000001,5,"zoo, park, point_of_interest, establishment",zoo,Mizoram,Winter,Serchhip,2
"Deer Park, Thenzawl",23.2773739,92.7665638,4,"zoo, point_of_interest, establishment",zoo,Mizoram,Winter,Serchhip,50
Hujee Manaw Vihar Sramana Kothir,23.164543,92.9375739,0,"place_of_worship, point_of_interest, establishment",temples,Mizoram,All Seasons,Serchhip,0
Shree Shiva Mandir,23.2870639,92.75040910000001,0,"hindu_temple, place_of_worship, point_of_interest, establishment",temples,Mizoram,All Seasons,Serchhip,0
Hill View Guest House,23.3343082,92.8552914,4.4,"lodging, point_of_interest, establishment",hills,Mizoram,Winter,Serchhip,24
"Hill View Library, Chhingchhip Mualpui",23.4714282,92.85644599999999,5,"library, point_of_interest, establishment",hills,Mizoram,Winter,Serchhip,1
Lushai Hills,23.1666667,92.83333329999999,4.6,"natural_feature, establishment",hills,Mizoram,Winter,Serchhip,78
"Batling Tlâng, Sialsuk",23.3887896,92.74354009999999,5,"tourist_attraction, point_of_interest, establishment",hills,Mizoram,Winter,Serchhip,1
Biate Tlang,23.248841,93.1176936,4.3,"park, point_of_interest, establishment",hills,Mizoram,Winter,Serchhip,4
Sialsuk Tlâng,23.3933263,92.7544463,4.8,"tourist_attraction, point_of_interest, establishment",hills,Mizoram,Winter,Serchhip,6
Thlenga & Mahriati villa ( C Sangzika in),23.1657094,92.79822569999999,4,"point_of_interest, establishment",hills,Mizoram,Winter,Serchhip,1
Fiery Pot Foods,23.3386381,92.8527235,0,"restaurant, food, point_of_interest, establishment",hills,Mizoram,Winter,Serchhip,0
Hmuifang,23.4487994,92.75896499999999,No rating,"locality, political",hills,Mizoram,Winter,Serchhip,0
Darlung Presbyterian Church,23.4598352,92.6000902,4.5,"church, place_of_worship, point_of_interest, establishment",hills,Mizoram,Winter,Serchhip,2
"Govt Primary School – I, Chhipphir",23.1664663,92.8004703,3.5,"primary_school, school, point_of_interest, establishment",hills,Mizoram,Winter,Serchhip,2
South Sabual,23.4538046,92.6001302,No rating,"locality, political",hills,Mizoram,Winter,Serchhip,0
Vantawng Falls,23.2343703,92.7511995,4.2,"tourist_attraction, point_of_interest, establishment",attraction,Mizoram,All Seasons,Serchhip,178
Tuirihiau Falls,23.2368655,92.7491194,4.4,"tourist_attraction, park, point_of_interest, establishment",attraction,Mizoram,All Seasons,Serchhip,389
Tuirivang Falls,23.572152,92.75697629999999,4.4,"tourist_attraction, point_of_interest, establishment",attraction,Mizoram,All Seasons,Serchhip,16
Mura Pûk,23.3288178,93.0954472,3.2,"tourist_attraction, point_of_interest, establishment",attraction,Mizoram,All Seasons,Serchhip,6
Thenzawl Vety. Dilpui,23.2650063,92.75550009999999,4.4,"tourist_attraction, point_of_interest, establishment",attraction,Mizoram,All Seasons,Serchhip,122
Vantawng Khawhthla Waterfall View Point,23.2340511,92.75474,4.4,"tourist_attraction, point_of_interest, establishment",attraction,Mizoram,All Seasons,Serchhip,54
Vantawng Khawhthla,23.2328125,92.7510625,4.5,"tourist_attraction, point_of_interest, establishment",attraction,Mizoram,All Seasons,Serchhip,41
"Bungtianghawl, Kanghmun South",23.2065045,92.7400602,4.5,"tourist_attraction, point_of_interest, establishment",attraction,Mizoram,All Seasons,Serchhip,12
Midum Kham View Point,23.4696531,92.7403446,4.6,"tourist_attraction, point_of_interest, establishment",attraction,Mizoram,All Seasons,Serchhip,83
Dârlung View,23.4594984,92.6097867,5,"tourist_attraction, point_of_interest, establishment",attraction,Mizoram,All Seasons,Serchhip,2
RANGTLA LI,23.5671337,92.76026329999999,4.8,"tourist_attraction, point_of_interest, establishment",attraction,Mizoram,All Seasons,Serchhip,6
Sunset View Point,23.4500909,92.75682259999999,4.6,"tourist_attraction, point_of_interest, establishment",attraction,Mizoram,All Seasons,Serchhip,42
East Lungdar Tlâng,23.2014215,93.08319259999999,4.2,"tourist_attraction, point_of_interest, establishment",attraction,Mizoram,All Seasons,Serchhip,9
Thingse chawlhhmun,23.4106537,92.7506744,0,"tourist_attraction, point_of_interest, establishment",attraction,Mizoram,All Seasons,Serchhip,0
Thenzawl Point,23.2796274,92.7725394,0,"tourist_attraction, point_of_interest, establishment",attraction,Mizoram,All Seasons,Serchhip,0
Pangzawl Khawngbawk Bûng,23.0664968,92.89789379999999,4.8,"tourist_attraction, point_of_interest, establishment",attraction,Mizoram,All Seasons,Serchhip,5
Khawhai Tlâng,23.3734156,93.1163423,4.1,"tourist_attraction, point_of_interest, establishment",attraction,Mizoram,All Seasons,Serchhip,11
Zero Point Thenzawl Serchhip,23.31384,92.7964628,3.7,"tourist_attraction, point_of_interest, establishment",attraction,Mizoram,All Seasons,Serchhip,14
Sialsuk Tlâng,23.3933263,92.7544463,4.8,"tourist_attraction, point_of_interest, establishment",attraction,Mizoram,All Seasons,Serchhip,6
Thenzawl Golf Resort Viewing Gallery,23.2798029,92.74965139999999,4.5,"tourist_attraction, point_of_interest, establishment",attraction,Mizoram,All Seasons,Serchhip,4
Vantawng khawhthla peng,23.246642,92.7551359,4,"tourist_attraction, point_of_interest, establishment",attraction,Mizoram,All Seasons,Serchhip,2
"Batling Tlâng, Sialsuk",23.3887896,92.74354009999999,5,"tourist_attraction, point_of_interest, establishment",attraction,Mizoram,All Seasons,Serchhip,1
Daia Kawt Kawn,23.44833,92.9527809,4,"tourist_attraction, point_of_interest, establishment",attraction,Mizoram,All Seasons,Serchhip,4
"Hmuifang Watch Tower, Panoramic Views",23.453076,92.75161790000001,4.3,"tourist_attraction, point_of_interest, establishment",attraction,Mizoram,All Seasons,Serchhip,15
Sahlam tuikhur,23.4264294,92.90707669999999,5,"tourist_attraction, point_of_interest, establishment",attraction,Mizoram,All Seasons,Serchhip,1
Aizawl - Serchhip - Thenzawl Junction,23.3138035,92.7964555,3.9,"tourist_attraction, point_of_interest, establishment",attraction,Mizoram,All Seasons,Serchhip,16
Ramri Tlang,23.5170896,92.8262172,0,"tourist_attraction, park, point_of_interest, establishment",attraction,Mizoram,All Seasons,Serchhip,0
Belrawhkawn,23.4460219,92.9516802,4.6,"tourist_attraction, point_of_interest, establishment",attraction,Mizoram,All Seasons,Serchhip,5
"Trekking Route, Sialsuk",23.3926164,92.7538783,4.5,"tourist_attraction, point_of_interest, establishment",attraction,Mizoram,All Seasons,Serchhip,2
"Khawhthlasang, South Chawngtui",23.0584406,93.0389354,4.7,"tourist_attraction, point_of_interest, establishment",attraction,Mizoram,All Seasons,Serchhip,7
R.Thanchuanga Colony len thla,23.3151528,92.85909529999999,4.2,"tourist_attraction, point_of_interest, establishment",attraction,Mizoram,All Seasons,Serchhip,6
Sekhum Kawlchuana Bung,23.1452647,92.7502392,4.5,"tourist_attraction, hospital, health, point_of_interest, establishment",attraction,Mizoram,All Seasons,Serchhip,4
"Horse Riding Area (Dilpui, Thenzawl)",23.2636398,92.7568445,4,"tourist_attraction, point_of_interest, establishment",attraction,Mizoram,All Seasons,Serchhip,2
Kanghmun South Waiting Shed,23.2158756,92.74082469999999,3.7,"tourist_attraction, point_of_interest, establishment",attraction,Mizoram,All Seasons,Serchhip,3
Vanva Dam,23.2984769,92.74851389999999,5,"tourist_attraction, point_of_interest, establishment",attraction,Mizoram,All Seasons,Serchhip,5
Vanva,23.2399721,92.75074750000002,4.1,"tourist_attraction, point_of_interest, establishment",attraction,Mizoram,All Seasons,Serchhip,9
Țawi Pûk,23.5040389,92.9611269,4.6,"tourist_attraction, point_of_interest, establishment",attraction,Mizoram,All Seasons,Serchhip,22
Y Section Shed,23.382253,93.002012,5,"tourist_attraction, point_of_interest, establishment",attraction,Mizoram,All Seasons,Serchhip,1
LalBengkhuaia In hmun,23.357607,92.78744619999999,0,"tourist_attraction, point_of_interest, establishment",attraction,Mizoram,All Seasons,Serchhip,0
Sialsuk VC Tuikhuah Lian,23.3952166,92.7514838,0,"tourist_attraction, point_of_interest, establishment",attraction,Mizoram,All Seasons,Serchhip,0
Proti ranjan chakma,23.164543,92.9375739,0,"tourist_attraction, point_of_interest, establishment",attraction,Mizoram,All Seasons,Serchhip,0
Thenzawl Mat lui,23.3015541,92.80761299999999,4.5,"tourist_attraction, point_of_interest, establishment",attraction,Mizoram,All Seasons,Serchhip,4
Ṭhiak Tlâng,23.4703691,92.7119544,0,"tourist_attraction, point_of_interest, establishment",attraction,Mizoram,All Seasons,Serchhip,0
Tukri Lî,23.5695808,92.7578798,4.7,"tourist_attraction, point_of_interest, establishment",attraction,Mizoram,All Seasons,Serchhip,6
Lianphunga Bûng — Sateek,23.5340112,92.6992028,4.2,"tourist_attraction, point_of_interest, establishment",attraction,Mizoram,All Seasons,Serchhip,93
Golf course peng,23.2872463,92.75679819999999,4.9,"tourist_attraction, point_of_interest, establishment",attraction,Mizoram,All Seasons,Serchhip,8
Hmuifâng Tlâng Peak (Altitude – 1619 metres),23.4362775,92.76314839999999,4.5,"park, point_of_interest, establishment",attraction,Mizoram,All Seasons,Serchhip,27
Samlukhai Park (Zathawma Bûng),23.4218274,92.71342829999999,4.4,"park, point_of_interest, establishment",attraction,Mizoram,All Seasons,Serchhip,16
Lungkhawdur Park,23.432852,93.039473,4.5,"tourist_attraction, point_of_interest, establishment",attraction,Mizoram,All Seasons,Serchhip,2
Khawhthla mawi,23.4495293,92.8987042,0,"tourist_attraction, point_of_interest, establishment",attraction,Mizoram,All Seasons,Serchhip,0
Banyan Tree,23.5316664,92.70563109999999,3,"tourist_attraction, point_of_interest, establishment",attraction,Mizoram,All Seasons,Serchhip,2
Chawnchhingi Lunglen Tlang,23.2234772,93.0012876,0,"tourist_attraction, point_of_interest, establishment",attraction,Mizoram,All Seasons,Serchhip,0
