Name,Latitude,Longitude,Rating,Categories,Keyword,State,Season,District,Visitors Count of Ratings
Recreation Park & Medicinal Plants Garden,25.9033921,93.4396514,4.3,"park, tourist_attraction, point_of_interest, establishment",parks,Nagaland,Spring,Chümoukedima,548
Ha'I Long Park,25.8418909,93.4383864,4.7,"park, point_of_interest, establishment",parks,Nagaland,Spring,Chümoukedima,9
Primary Park,25.9233939,93.702519,3.9,"park, point_of_interest, establishment",parks,Nagaland,Spring,Chümoukedima,20
Tribal Park,25.903822,93.711867,4.2,"park, point_of_interest, establishment",parks,Nagaland,Spring,Chümoukedima,20
Children Park,25.9126522,93.71356759999999,3.6,"park, point_of_interest, establishment",parks,Nagaland,Spring,Chümoukedima,266
HAYIRO,25.924717,93.7401273,4.4,"park, point_of_interest, establishment",parks,Nagaland,Spring,Chümoukedima,194
Khorsing Terang Memorial Park,25.8456694,93.4380226,4.1,"park, point_of_interest, establishment",parks,Nagaland,Spring,Chümoukedima,17
Lt. Semson Sing Ingti Memorial Park,25.8430098,93.43668989999999,3.8,"park, point_of_interest, establishment",parks,Nagaland,Spring,Chümoukedima,57
Children Park,25.9077337,93.71112819999999,3.7,"park, tourist_attraction, point_of_interest, establishment",parks,Nagaland,Spring,Chümoukedima,428
Appu Park,25.7986566,93.7751747,3.4,"park, point_of_interest, establishment",parks,Nagaland,Spring,Chümoukedima,127
Dillai Park,25.9655955,93.5838448,3.8,"park, point_of_interest, establishment",parks,Nagaland,Spring,Chümoukedima,36
Stone Garden NEZCC,25.8758333,93.77444440000001,3.9,"park, point_of_interest, establishment",parks,Nagaland,Spring,Chümoukedima,663
Rengma Church Park,25.9193017,93.69752799999999,3.7,"park, point_of_interest, establishment",parks,Nagaland,Spring,Chümoukedima,16
Diphu river walking zone,25.8420209,93.43822150000001,4.1,"park, point_of_interest, establishment",parks,Nagaland,Spring,Chümoukedima,23
Jordan Park,25.9203674,93.692178,4.1,"park, point_of_interest, establishment",parks,Nagaland,Spring,Chümoukedima,30
INNER WHEEL PARK,25.9086867,93.71582169999999,3.2,"park, point_of_interest, establishment",parks,Nagaland,Spring,Chümoukedima,6
Khorsing Terang Memorial Children Park,25.8464523,93.4337596,3.9,"park, point_of_interest, establishment",parks,Nagaland,Spring,Chümoukedima,135
Sikhakie Park,25.6264784,94.0022283,4.5,"park, point_of_interest, establishment",parks,Nagaland,Spring,Chümoukedima,13
PHUTOI FARM VISHO GHAZU,25.9040326,93.97150099999999,4.8,"park, point_of_interest, establishment",parks,Nagaland,Spring,Chümoukedima,14
Life Spring Corner,25.9212838,93.7232471,4.1,"park, tourist_attraction, point_of_interest, establishment",parks,Nagaland,Spring,Chümoukedima,191
JP Park & Banquets,25.8651016,93.7910967,4.6,"park, point_of_interest, establishment",parks,Nagaland,Spring,Chümoukedima,57
Sachu Community Park,25.903164,93.71588,3.7,"park, point_of_interest, establishment",parks,Nagaland,Spring,Chümoukedima,54
Sheela Park,25.9132489,93.7511269,4.3,"park, point_of_interest, establishment",parks,Nagaland,Spring,Chümoukedima,6
Niathu Children Park,25.8231487,93.7811667,4.3,"park, point_of_interest, establishment",parks,Nagaland,Spring,Chümoukedima,10
Newly Constructed Park,25.6248814,93.6588627,3.5,"park, point_of_interest, establishment",parks,Nagaland,Spring,Chümoukedima,15
"Lakeview, H.K.Khulu road, Jorepukhri",25.9129874,93.750852,4.6,"park, point_of_interest, establishment",parks,Nagaland,Spring,Chümoukedima,8
Kachari Sports Complex,25.927317,93.75011699999999,3.3,"park, point_of_interest, establishment",parks,Nagaland,Spring,Chümoukedima,58
Phevima Eco Park,25.8989486,93.6973953,4,"park, point_of_interest, establishment",parks,Nagaland,Spring,Chümoukedima,25
Children Park,26.0198606,93.78528299999999,4,"park, point_of_interest, establishment",parks,Nagaland,Spring,Chümoukedima,119
Children's Park,25.9069457,93.71509379999999,3.7,"park, point_of_interest, establishment",parks,Nagaland,Spring,Chümoukedima,10
Patkai Viewpoint,25.7940595,93.79252249999999,4.1,"campground, lodging, park, point_of_interest, establishment",parks,Nagaland,Spring,Chümoukedima,46
Jubilee Park,25.9060098,93.7384871,4.2,"park, point_of_interest, establishment",parks,Nagaland,Spring,Chümoukedima,5
Recreation Park Diphu,25.9007208,93.44029549999999,4.1,"park, point_of_interest, establishment",parks,Nagaland,Spring,Chümoukedima,8
Pelke Sovima,25.8441947,93.7347893,4.5,"park, point_of_interest, establishment",parks,Nagaland,Spring,Chümoukedima,10
Children park,25.8797072,93.7678341,4.1,"park, point_of_interest, establishment",parks,Nagaland,Spring,Chümoukedima,12
CoCo- A site for Picnic and Camping,25.7671452,93.6216532,4.3,"campground, lodging, park, point_of_interest, establishment",parks,Nagaland,Spring,Chümoukedima,21
Park,25.8388287,93.4377434,4,"park, point_of_interest, establishment",parks,Nagaland,Spring,Chümoukedima,1
G. K Park,25.6578577,93.6923508,0,"park, point_of_interest, establishment",parks,Nagaland,Spring,Chümoukedima,0
Lilen jubilee park,25.6431963,93.60313939999999,5,"park, point_of_interest, establishment",parks,Nagaland,Spring,Chümoukedima,1
Local Park,25.9214162,93.6909781,3.9,"park, point_of_interest, establishment",parks,Nagaland,Spring,Chümoukedima,8
The waterfront,25.8862607,93.7816177,4.5,"park, point_of_interest, establishment",parks,Nagaland,Spring,Chümoukedima,13
Raja pukhuri,26.0536492,93.9054546,5,"park, point_of_interest, establishment",parks,Nagaland,Spring,Chümoukedima,1
Ramaogreen Park Dhansiri,25.8217052,93.59393539999999,5,"park, point_of_interest, establishment",parks,Nagaland,Spring,Chümoukedima,1
Matipung Park Diphu,25.845946,93.4460314,4.3,"park, point_of_interest, establishment",parks,Nagaland,Spring,Chümoukedima,954
Triple Falls Seithekema,25.8063018,93.816648,4,"tourist_attraction, park, point_of_interest, establishment",parks,Nagaland,Spring,Chümoukedima,136
Lovers point Dimapur,25.9084086,93.7213125,3.3,"park, point_of_interest, establishment",parks,Nagaland,Spring,Chümoukedima,3
pelke,25.8409513,93.7634308,3.6,"park, point_of_interest, establishment",parks,Nagaland,Spring,Chümoukedima,14
Children Park,26.0736,93.7783501,4,"park, point_of_interest, establishment",parks,Nagaland,Spring,Chümoukedima,8
MOLBEM VILLAGE,26.0397585,93.5972493,5,"park, point_of_interest, establishment",parks,Nagaland,Spring,Chümoukedima,1
Intanki National Park Protection Camp,25.6933693,93.53243409999999,3.9,"park, point_of_interest, establishment",parks,Nagaland,Spring,Chümoukedima,15
Lotha Park,25.902506,93.711969,3.7,"park, point_of_interest, establishment",parks,Nagaland,Spring,Chümoukedima,26
Arboretum Auditorium centre,25.8453199,93.4466939,3.8,"park, point_of_interest, establishment",parks,Nagaland,Spring,Chümoukedima,4
Stabbin's home,25.8537943,93.4610211,0,"park, point_of_interest, establishment",parks,Nagaland,Spring,Chümoukedima,0
NTJ Plantation,25.7951477,93.75643939999999,4,"park, point_of_interest, establishment",parks,Nagaland,Spring,Chümoukedima,1
T. L. Angami Park,25.7719941,93.8054765,3.5,"park, point_of_interest, establishment",parks,Nagaland,Spring,Chümoukedima,103
Friendship Park,25.9043436,93.7033699,0,"park, point_of_interest, establishment",parks,Nagaland,Spring,Chümoukedima,0
Golden jubilee park,25.95009,93.7920015,0,"park, point_of_interest, establishment",parks,Nagaland,Spring,Chümoukedima,0
"Betoni Jan, Assam",26.1282809,93.8782576,3,"park, point_of_interest, establishment",parks,Nagaland,Spring,Chümoukedima,1
Homeland,25.9696783,93.8809486,5,"park, point_of_interest, establishment",parks,Nagaland,Spring,Chümoukedima,2
Green Park,25.8606135,93.76207010000002,3.7,"park, tourist_attraction, point_of_interest, establishment",parks,Nagaland,Spring,Chümoukedima,3296
Chumpo Museum,25.8409526,93.76343519999999,4.7,"museum, point_of_interest, establishment",museum,Nagaland,Winter,Chümoukedima,12
Nagaland Science Centre,25.9037829,93.73844679999999,3.7,"tourist_attraction, museum, point_of_interest, establishment",museum,Nagaland,Winter,Chümoukedima,624
Kuotsu Heritage Museum,25.6532175,94.02104969999999,4.6,"museum, point_of_interest, establishment",museum,Nagaland,Winter,Chümoukedima,5
District Museum,25.9857194,93.80730319999999,4.8,"museum, point_of_interest, establishment",museum,Nagaland,Winter,Chümoukedima,4
3 Corps War Memorial,25.884586,93.7061104,5,"museum, point_of_interest, establishment",museum,Nagaland,Winter,Chümoukedima,6
SOVIMA Village Ao Cemetry,25.837016,93.7470493,3.2,"museum, point_of_interest, establishment",museum,Nagaland,Winter,Chümoukedima,6
Diphu View Point,25.8394168,93.4506354,4,"landmark, point_of_interest, establishment",museum,Nagaland,Winter,Chümoukedima,298
Nagaland Zoological Park,25.8530689,93.72411579999999,3.7,"tourist_attraction, zoo, park, point_of_interest, establishment",museum,Nagaland,Winter,Chümoukedima,1966
Heirloom Naga Centre,25.8484375,93.7320625,4.7,"point_of_interest, establishment",museum,Nagaland,Winter,Chümoukedima,37
Universal Art gallery,25.9067321,93.720918,5,"shopping_mall, point_of_interest, establishment",museum,Nagaland,Winter,Chümoukedima,15
Museum,25.845989,93.7711377,0,"museum, point_of_interest, establishment",museum,Nagaland,Winter,Chümoukedima,0
Ao Yimti Süngküm,25.8899999,93.7620768,3.6,"museum, point_of_interest, establishment",museum,Nagaland,Winter,Chümoukedima,19
Karagaon sib mandir,25.949787,93.7183869,5,"museum, point_of_interest, establishment",museum,Nagaland,Winter,Chümoukedima,2
"Atur Art, Advertising",25.849301,93.440364,4.3,"museum, point_of_interest, establishment",museum,Nagaland,Winter,Chümoukedima,3
Triple Falls Seithekema,25.8063018,93.816648,4,"tourist_attraction, park, point_of_interest, establishment",waterfalls,Nagaland,Monsoon,Chümoukedima,136
Langvoku Waterfall,26.0206989,93.4968351,4.4,"tourist_attraction, point_of_interest, establishment",waterfalls,Nagaland,Monsoon,Chümoukedima,319
DILLAI WATERFALL (Kania bey no. 1),26.0611158,93.6045168,3.7,"tourist_attraction, point_of_interest, establishment",waterfalls,Nagaland,Monsoon,Chümoukedima,15
Diphu river walking zone,25.8420209,93.43822150000001,4.1,"park, point_of_interest, establishment",waterfalls,Nagaland,Monsoon,Chümoukedima,23
"Water reservoir, Dungki",25.6530331,93.7394916,4.1,"tourist_attraction, point_of_interest, establishment",waterfalls,Nagaland,Monsoon,Chümoukedima,13
Manja View Point,25.9594784,93.4472672,3.7,"point_of_interest, establishment",waterfalls,Nagaland,Monsoon,Chümoukedima,54
New Chümoukedima Dam,25.7644353,93.8078161,4.5,"park, point_of_interest, establishment",waterfalls,Nagaland,Monsoon,Chümoukedima,4
Singsit veng manja Karbi anglong,25.9724715,93.4519183,3.7,"park, point_of_interest, establishment",waterfalls,Nagaland,Monsoon,Chümoukedima,7
Patkai Viewpoint,25.7940595,93.79252249999999,4.1,"campground, lodging, park, point_of_interest, establishment",waterfalls,Nagaland,Monsoon,Chümoukedima,46
Ha'I Long Park,25.8418909,93.4383864,4.7,"park, point_of_interest, establishment",waterfalls,Nagaland,Monsoon,Chümoukedima,9
Manja Water Switch Gate DAM,25.986051,93.4598042,4,"point_of_interest, establishment",waterfalls,Nagaland,Monsoon,Chümoukedima,29
Khorsing Terang Memorial Children Park,25.8464523,93.4337596,3.9,"park, point_of_interest, establishment",waterfalls,Nagaland,Monsoon,Chümoukedima,135
Diphu View Point,25.8394168,93.4506354,4,"landmark, point_of_interest, establishment",waterfalls,Nagaland,Monsoon,Chümoukedima,298
Patkai bridge,25.8639349,93.78188449999999,3.4,"point_of_interest, establishment",waterfalls,Nagaland,Monsoon,Chümoukedima,11
Mongleu Resort,25.6249375,93.6588125,4.4,"park, point_of_interest, establishment",beaches,Nagaland,Summer,Chümoukedima,16
Vishal Mega Mart,25.840332,93.4379921,3.9,"supermarket, grocery_or_supermarket, food, point_of_interest, store, establishment",beaches,Nagaland,Summer,Chümoukedima,1281
Vishal Mega Mart,25.91226,93.72071840000001,3.7,"supermarket, grocery_or_supermarket, clothing_store, food, point_of_interest, store, establishment",beaches,Nagaland,Summer,Chümoukedima,3371
Nagaland Zoological Park,25.8530689,93.72411579999999,3.7,"tourist_attraction, zoo, park, point_of_interest, establishment",zoo,Nagaland,Winter,Chümoukedima,1966
Atso khupfu,25.873996,93.726143,5,"zoo, point_of_interest, establishment",zoo,Nagaland,Winter,Chümoukedima,1
Children Park,25.9077337,93.71112819999999,3.7,"park, tourist_attraction, point_of_interest, establishment",zoo,Nagaland,Winter,Chümoukedima,428
Green Park,25.8606135,93.76207010000002,3.7,"park, tourist_attraction, point_of_interest, establishment",zoo,Nagaland,Winter,Chümoukedima,3296
Nagaland Science Centre,25.9037829,93.73844679999999,3.7,"tourist_attraction, museum, point_of_interest, establishment",zoo,Nagaland,Winter,Chümoukedima,624
Okusa Toyota,25.9071338,93.74016209999999,4.1,"car_dealer, point_of_interest, store, establishment",zoo,Nagaland,Winter,Chümoukedima,170
Rangapahar,25.8579,93.710487,No rating,"locality, political",zoo,Nagaland,Winter,Chümoukedima,0
Singrijan Shiva Mandir,25.8407173,93.7104148,4.5,"hindu_temple, place_of_worship, point_of_interest, establishment",temples,Nagaland,All Seasons,Chümoukedima,25
Shri Digambar Jain Temple,25.905881,93.725172,4.5,"place_of_worship, point_of_interest, establishment",temples,Nagaland,All Seasons,Chümoukedima,123
Shiv Temple,25.955935,93.738858,4.2,"hindu_temple, place_of_worship, point_of_interest, establishment",temples,Nagaland,All Seasons,Chümoukedima,18
Nepali Durga Temple,25.844047,93.4458114,4.4,"hindu_temple, place_of_worship, point_of_interest, establishment",temples,Nagaland,All Seasons,Chümoukedima,28
"Diphu ISKCON ,Temple",25.8557666,93.4400977,4.3,"hindu_temple, place_of_worship, point_of_interest, establishment",temples,Nagaland,All Seasons,Chümoukedima,29
Jagannath temple khatkhati,25.9949498,93.7519277,4.5,"hindu_temple, place_of_worship, point_of_interest, establishment",temples,Nagaland,All Seasons,Chümoukedima,11
Sitala Temple,25.8424443,93.44222669999999,4,"hindu_temple, place_of_worship, point_of_interest, establishment",temples,Nagaland,All Seasons,Chümoukedima,44
Durga Temple दुर्गा मन्दिर,25.9068428,93.7262029,4.3,"hindu_temple, place_of_worship, point_of_interest, establishment",temples,Nagaland,All Seasons,Chümoukedima,142
Shiv Temple,25.8598627,93.4380212,5,"hindu_temple, place_of_worship, point_of_interest, establishment",temples,Nagaland,All Seasons,Chümoukedima,1
"Hanuman, Temple",25.8439953,93.4410194,4.5,"hindu_temple, place_of_worship, point_of_interest, establishment",temples,Nagaland,All Seasons,Chümoukedima,30
Nagaland Police Central Temple,25.8026799,93.7885108,4.2,"hindu_temple, place_of_worship, point_of_interest, establishment",temples,Nagaland,All Seasons,Chümoukedima,54
"Shiv Temple, Doyapur",25.7619262,93.60194369999999,4.1,"hindu_temple, place_of_worship, point_of_interest, establishment",temples,Nagaland,All Seasons,Chümoukedima,8
"Shiv Mandir, Chungajan, Block No-3",26.0453844,93.8130099,4.5,"hindu_temple, place_of_worship, point_of_interest, establishment",temples,Nagaland,All Seasons,Chümoukedima,13
Radha Krishna Temple,25.9001813,93.7260963,4.7,"hindu_temple, place_of_worship, point_of_interest, establishment",temples,Nagaland,All Seasons,Chümoukedima,17
Shiv Temple,25.9711788,93.4353022,3.3,"hindu_temple, place_of_worship, point_of_interest, establishment",temples,Nagaland,All Seasons,Chümoukedima,8
Krishna Temple,25.9198706,93.7080403,2.3,"hindu_temple, place_of_worship, point_of_interest, establishment",temples,Nagaland,All Seasons,Chümoukedima,4
"Dimapur Kalibari - Dimapur, Nagaland, India",25.9042399,93.7252858,4.4,"hindu_temple, place_of_worship, point_of_interest, establishment",temples,Nagaland,All Seasons,Chümoukedima,102
Sri Sri Ganesh Mandir,25.9594158,93.7595193,5,"hindu_temple, place_of_worship, point_of_interest, establishment",temples,Nagaland,All Seasons,Chümoukedima,6
Shri Shri Maa Katyayani Durga Mandir,25.9415385,93.7105727,4.4,"hindu_temple, place_of_worship, point_of_interest, establishment",temples,Nagaland,All Seasons,Chümoukedima,11
Kali Temple,25.9158339,93.68663459999999,3.8,"hindu_temple, place_of_worship, point_of_interest, establishment",temples,Nagaland,All Seasons,Chümoukedima,6
Diphu Barowari Puja Temple,25.8398429,93.4383569,4.6,"hindu_temple, place_of_worship, point_of_interest, establishment",temples,Nagaland,All Seasons,Chümoukedima,11
Sri Shiv Sewa Ashram,25.9475465,93.7037987,4.7,"hindu_temple, place_of_worship, point_of_interest, establishment",temples,Nagaland,All Seasons,Chümoukedima,29
Shiri Shiri Narhari Namghar,25.997564,93.9166259,5,"hindu_temple, place_of_worship, point_of_interest, establishment",temples,Nagaland,All Seasons,Chümoukedima,1
Shiv Temple,25.8663985,93.7138739,4.4,"hindu_temple, place_of_worship, point_of_interest, establishment",temples,Nagaland,All Seasons,Chümoukedima,37
Hanuman Temple,25.9311326,93.7340626,4.3,"hindu_temple, place_of_worship, point_of_interest, establishment",temples,Nagaland,All Seasons,Chümoukedima,72
Nandeshwar Shiva Temple,25.9248738,93.7674854,4.6,"hindu_temple, place_of_worship, point_of_interest, establishment",temples,Nagaland,All Seasons,Chümoukedima,16
Shiv & Hanuman mandir,25.9981679,93.76386289999999,5,"hindu_temple, place_of_worship, point_of_interest, establishment",temples,Nagaland,All Seasons,Chümoukedima,5
7th Mile Shiv Mandir,25.9276789,93.4466972,4.3,"hindu_temple, place_of_worship, point_of_interest, establishment",temples,Nagaland,All Seasons,Chümoukedima,66
Kali Temple,25.9721186,93.4344849,3.8,"hindu_temple, place_of_worship, point_of_interest, establishment",temples,Nagaland,All Seasons,Chümoukedima,8
Hanuman Temple,25.9039804,93.7266568,4.4,"hindu_temple, place_of_worship, point_of_interest, establishment",temples,Nagaland,All Seasons,Chümoukedima,9
Sri dhurga Temple,25.7510017,93.69736789999999,4.3,"hindu_temple, place_of_worship, point_of_interest, establishment",temples,Nagaland,All Seasons,Chümoukedima,10
Khatkhati Lokhimon Dovan,25.9754278,93.74351,4,"hindu_temple, place_of_worship, point_of_interest, establishment",temples,Nagaland,All Seasons,Chümoukedima,4
Ram Thakur Temple,25.8411004,93.4475709,4.2,"hindu_temple, place_of_worship, point_of_interest, establishment",temples,Nagaland,All Seasons,Chümoukedima,24
Shiv Mandir (Temple),25.8428284,93.704803,4.8,"hindu_temple, place_of_worship, point_of_interest, establishment",temples,Nagaland,All Seasons,Chümoukedima,5
ISKCON TEMPLE,25.8353985,93.45922809999999,5,"hindu_temple, place_of_worship, point_of_interest, establishment",temples,Nagaland,All Seasons,Chümoukedima,2
hindu temple,26.1021054,93.85438169999999,5,"hindu_temple, place_of_worship, point_of_interest, establishment",temples,Nagaland,All Seasons,Chümoukedima,1
Shiv Temple,25.9059539,93.72826529999999,3.9,"hindu_temple, tourist_attraction, place_of_worship, point_of_interest, establishment",temples,Nagaland,All Seasons,Chümoukedima,54
"Lokhimon Temple, Moiso Killing",26.0176554,93.6413736,4.2,"hindu_temple, place_of_worship, point_of_interest, establishment",temples,Nagaland,All Seasons,Chümoukedima,11
Rananagar Hari Mandir,26.1062061,93.9670898,2.5,"hindu_temple, place_of_worship, point_of_interest, establishment",temples,Nagaland,All Seasons,Chümoukedima,2
BABA LOKNATH TEMPLE BALIJAN,25.9348153,93.7115651,4.3,"hindu_temple, place_of_worship, point_of_interest, establishment",temples,Nagaland,All Seasons,Chümoukedima,35
Shivarai Temple,25.9261501,93.78802069999999,4.4,"hindu_temple, place_of_worship, point_of_interest, establishment",temples,Nagaland,All Seasons,Chümoukedima,5
Hanuman Mandir,26.021466,93.7898225,4.7,"hindu_temple, place_of_worship, point_of_interest, establishment",temples,Nagaland,All Seasons,Chümoukedima,18
माँ दुर्गा मंदिर Maa Durga Temple,25.9334879,93.7398836,4.2,"hindu_temple, place_of_worship, point_of_interest, establishment",temples,Nagaland,All Seasons,Chümoukedima,12
Arlong Chuhu Temple,26.1193525,93.768731,4.3,"hindu_temple, place_of_worship, point_of_interest, establishment",temples,Nagaland,All Seasons,Chümoukedima,3
Mangal Chandi Temple,25.842323,93.443771,4.5,"hindu_temple, place_of_worship, point_of_interest, establishment",temples,Nagaland,All Seasons,Chümoukedima,6
Shiv Mandir,25.9171388,93.73035379999999,4,"hindu_temple, place_of_worship, point_of_interest, establishment",temples,Nagaland,All Seasons,Chümoukedima,9
Sri Durga Temple,25.7512747,93.6900627,3.8,"hindu_temple, place_of_worship, point_of_interest, establishment",temples,Nagaland,All Seasons,Chümoukedima,14
Hari Om Temple,25.8426035,93.4424188,4,"hindu_temple, place_of_worship, point_of_interest, establishment",temples,Nagaland,All Seasons,Chümoukedima,2
Lokhimon Temple Dillai Ketok,25.9762095,93.4555713,4.5,"hindu_temple, place_of_worship, point_of_interest, establishment",temples,Nagaland,All Seasons,Chümoukedima,2
Shoni Temple,25.8441347,93.4409009,4,"hindu_temple, place_of_worship, point_of_interest, establishment",temples,Nagaland,All Seasons,Chümoukedima,2
Temple,25.9071578,93.72260519999999,3.7,"hindu_temple, place_of_worship, point_of_interest, establishment",temples,Nagaland,All Seasons,Chümoukedima,7
Sonapur temple,26.1324794,93.959548,4.7,"place_of_worship, point_of_interest, establishment",temples,Nagaland,All Seasons,Chümoukedima,3
"Rongkethe Karbi Lokhimon Adovan, Temple.",26.1179114,93.76882789999999,4.3,"hindu_temple, place_of_worship, point_of_interest, establishment",temples,Nagaland,All Seasons,Chümoukedima,3
Laxmi Temple,25.9108331,93.7674273,3.3,"hindu_temple, place_of_worship, point_of_interest, establishment",temples,Nagaland,All Seasons,Chümoukedima,4
Shiv Mandir,26.1519322,93.8975116,4.3,"hindu_temple, place_of_worship, point_of_interest, establishment",temples,Nagaland,All Seasons,Chümoukedima,12
Sri Sri Baba Loknath Brahmachari Temple,25.9038801,93.7282072,5,"hindu_temple, place_of_worship, point_of_interest, establishment",temples,Nagaland,All Seasons,Chümoukedima,4
Panjan Bathou Mandir,26.0855504,93.86772719999999,5,"hindu_temple, place_of_worship, point_of_interest, establishment",temples,Nagaland,All Seasons,Chümoukedima,2
Shani Temple,25.9014177,93.72561209999999,4.4,"hindu_temple, place_of_worship, point_of_interest, establishment",temples,Nagaland,All Seasons,Chümoukedima,30
No 2 Trg Bn Durga Temple,25.8816567,93.7625748,4,"hindu_temple, place_of_worship, point_of_interest, establishment",temples,Nagaland,All Seasons,Chümoukedima,9
Chungajan Durga Mandir,26.0104422,93.8475651,3.8,"hindu_temple, place_of_worship, point_of_interest, establishment",temples,Nagaland,All Seasons,Chümoukedima,12
blue hill,25.9107595,93.7283197,3.4,"bar, point_of_interest, establishment",hills,Nagaland,Winter,Chümoukedima,76
Hillstar Digital Cinema,25.9104259,93.726669,3.6,"movie_theater, point_of_interest, establishment",hills,Nagaland,Winter,Chümoukedima,1796
Wonder Hill Inn,25.7286119,94.0276181,4.9,"restaurant, food, point_of_interest, establishment",hills,Nagaland,Winter,Chümoukedima,13
HILL TOP,25.8930748,93.6994137,4,"lodging, point_of_interest, establishment",hills,Nagaland,Winter,Chümoukedima,5
Hill Flavours,25.8063022,93.7915407,0,"restaurant, food, point_of_interest, establishment",hills,Nagaland,Winter,Chümoukedima,0
Hill View Colony,25.9043111,93.696558,No rating,"sublocality_level_1, sublocality, political",hills,Nagaland,Winter,Chümoukedima,0
Blue Hill Travels,25.9105376,93.7285041,3.7,"travel_agency, point_of_interest, establishment",hills,Nagaland,Winter,Chümoukedima,22
Hills Diagnostic Centre,25.8491004,93.43996399999999,3.7,"hospital, health, point_of_interest, establishment",hills,Nagaland,Winter,Chümoukedima,9
District urban development office,25.9060746,93.69643459999999,0,"point_of_interest, establishment",hills,Nagaland,Winter,Chümoukedima,0
"Green Hills Restaurant, Peducha",25.73359,93.9947704,4.6,"restaurant, food, point_of_interest, establishment",hills,Nagaland,Winter,Chümoukedima,79
Hill Star Canteen,25.9107449,93.7265623,0,"cafe, food, point_of_interest, establishment",hills,Nagaland,Winter,Chümoukedima,0
Ozukum Hill,25.8793446,93.6950528,5,"point_of_interest, establishment",hills,Nagaland,Winter,Chümoukedima,2
Crpf Play Ground,25.903547,93.695675,4.3,"point_of_interest, establishment",hills,Nagaland,Winter,Chümoukedima,39
Hills Restaurant,25.905957,93.73953589999999,4.7,"restaurant, food, point_of_interest, establishment",hills,Nagaland,Winter,Chümoukedima,12
Hotel Green Hills,25.8404348,93.43719229999999,4.5,"lodging, point_of_interest, establishment",hills,Nagaland,Winter,Chümoukedima,6
Hill State Development Party Office,25.8410277,93.43702720000002,0,"point_of_interest, establishment",hills,Nagaland,Winter,Chümoukedima,0
Viva hills,25.8472408,93.74999509999999,4,"point_of_interest, establishment",hills,Nagaland,Winter,Chümoukedima,1
"Blue Hill Travels (India) Ltd, Sukhanjan bus ticket counter.",26.0335569,93.762287,5,"travel_agency, point_of_interest, establishment",hills,Nagaland,Winter,Chümoukedima,3
HILLS SHAWARMA,25.8691389,93.4436487,5,"restaurant, food, point_of_interest, establishment",hills,Nagaland,Winter,Chümoukedima,2
Light House Church,25.9072953,93.69977399999999,4.8,"church, place_of_worship, point_of_interest, establishment",hills,Nagaland,Winter,Chümoukedima,32
Hill Labours Private Limited,25.9074748,93.7083486,5,"general_contractor, point_of_interest, establishment",hills,Nagaland,Winter,Chümoukedima,1
Green Hill View English High School,26.0051981,93.7743502,0,"school, point_of_interest, establishment",hills,Nagaland,Winter,Chümoukedima,0
Hills Fast Food,25.8487944,93.436358,0,"restaurant, food, point_of_interest, establishment",hills,Nagaland,Winter,Chümoukedima,0
Mary Hill Convent,25.6411564,93.6695718,2,"point_of_interest, establishment",hills,Nagaland,Winter,Chümoukedima,1
Hills Enterprises,25.9129662,93.73321609999999,5,"hardware_store, store, point_of_interest, establishment",hills,Nagaland,Winter,Chümoukedima,1
HILLS DECORATOR,25.8434279,93.44182149999999,0,"point_of_interest, establishment",hills,Nagaland,Winter,Chümoukedima,0
Hills Concrete Pipe Industries,25.8913028,93.4386095,0,"point_of_interest, establishment",hills,Nagaland,Winter,Chümoukedima,0
Hills Organic Enterprise,25.9081498,93.7174273,5,"convenience_store, store, food, point_of_interest, establishment",hills,Nagaland,Winter,Chümoukedima,3
M/S HILLS LIQUOR BAR,25.8456907,93.4376796,0,"bar, point_of_interest, establishment",hills,Nagaland,Winter,Chümoukedima,0
Hills Brothers (machinery),25.8590697,93.4419108,5,"point_of_interest, establishment",hills,Nagaland,Winter,Chümoukedima,2
90.8 Hills FM Nagaland,25.9133889,93.7291661,5,"point_of_interest, establishment",hills,Nagaland,Winter,Chümoukedima,3
Hills Gun House,25.9105911,93.7278504,0,"hardware_store, store, point_of_interest, establishment",hills,Nagaland,Winter,Chümoukedima,0
Triple Falls Seithekema,25.8063018,93.816648,4,"tourist_attraction, park, point_of_interest, establishment",attraction,Nagaland,All Seasons,Chümoukedima,136
Langvoku Waterfall,26.0206989,93.4968351,4.4,"tourist_attraction, point_of_interest, establishment",attraction,Nagaland,All Seasons,Chümoukedima,319
Nagaland Science Centre,25.9037829,93.73844679999999,3.7,"tourist_attraction, museum, point_of_interest, establishment",attraction,Nagaland,All Seasons,Chümoukedima,624
Koro View point,26.0832796,93.9929305,4,"tourist_attraction, point_of_interest, establishment",attraction,Nagaland,All Seasons,Chümoukedima,13
Green Park,25.8606135,93.76207010000002,3.7,"park, tourist_attraction, point_of_interest, establishment",attraction,Nagaland,All Seasons,Chümoukedima,3296
Three House Top,25.7941491,93.7925815,4.3,"tourist_attraction, point_of_interest, establishment",attraction,Nagaland,All Seasons,Chümoukedima,33
Nutun Bosti Gate,25.9153526,93.7138942,4,"tourist_attraction, point_of_interest, establishment",attraction,Nagaland,All Seasons,Chümoukedima,7
DILLAI WATERFALL (Kania bey no. 1),26.0611158,93.6045168,3.7,"tourist_attraction, point_of_interest, establishment",attraction,Nagaland,All Seasons,Chümoukedima,15
Serdihun statue,25.8437279,93.4326445,4,"tourist_attraction, point_of_interest, establishment",attraction,Nagaland,All Seasons,Chümoukedima,6
FOUR SEASONS,25.9114986,93.72046429999999,3.6,"tourist_attraction, point_of_interest, establishment",attraction,Nagaland,All Seasons,Chümoukedima,21
Chitranella Gardens,26.0182388,93.7436061,4.7,"tourist_attraction, point_of_interest, establishment",attraction,Nagaland,All Seasons,Chümoukedima,6
Khonoma village,25.6523425,94.0229921,4.7,"tourist_attraction, point_of_interest, establishment",attraction,Nagaland,All Seasons,Chümoukedima,100
Midway Viewpoint,25.7520749,93.9736293,4,"tourist_attraction, point_of_interest, establishment",attraction,Nagaland,All Seasons,Chümoukedima,12
G H Damant Tomb Monument,25.654438,94.022005,4.5,"tourist_attraction, point_of_interest, establishment",attraction,Nagaland,All Seasons,Chümoukedima,101
Dhansiri Riverfront,26.0494824,93.7814811,5,"tourist_attraction, point_of_interest, establishment",attraction,Nagaland,All Seasons,Chümoukedima,4
Angling,25.8563184,93.7103269,4.3,"tourist_attraction, point_of_interest, establishment",attraction,Nagaland,All Seasons,Chümoukedima,3
Valley View Point,25.7719213,93.9322669,5,"tourist_attraction, point_of_interest, establishment",attraction,Nagaland,All Seasons,Chümoukedima,1
Aqua Mellow Park,25.8653595,93.7911053,3.7,"park, tourist_attraction, point_of_interest, establishment",attraction,Nagaland,All Seasons,Chümoukedima,448
Cultural heritage Thilixu village block VI,25.8549924,93.73389949999999,5,"tourist_attraction, point_of_interest, establishment",attraction,Nagaland,All Seasons,Chümoukedima,2
Khonoma Rice Terraces,25.650831,94.0203135,4.5,"tourist_attraction, point_of_interest, establishment",attraction,Nagaland,All Seasons,Chümoukedima,2
Forest View Point,25.6643007,93.6654932,4.4,"tourist_attraction, point_of_interest, establishment",attraction,Nagaland,All Seasons,Chümoukedima,5
Happiness,25.6404639,93.9807777,0,"tourist_attraction, point_of_interest, establishment",attraction,Nagaland,All Seasons,Chümoukedima,0
Lhosheto Ayemi,25.9200297,93.6573154,0,"tourist_attraction, point_of_interest, establishment",attraction,Nagaland,All Seasons,Chümoukedima,0
Balipathar Rice Fields,26.1210756,93.7858596,5,"tourist_attraction, point_of_interest, establishment",attraction,Nagaland,All Seasons,Chümoukedima,8
Dimaraja Kharnai (Lake),25.8241817,93.6386217,4.2,"tourist_attraction, point_of_interest, establishment",attraction,Nagaland,All Seasons,Chümoukedima,5
"Water reservoir, Dungki",25.6530331,93.7394916,4.1,"tourist_attraction, point_of_interest, establishment",attraction,Nagaland,All Seasons,Chümoukedima,13
Pongen land Vidima,25.80142,93.69335199999999,0,"tourist_attraction, point_of_interest, establishment",attraction,Nagaland,All Seasons,Chümoukedima,0
Far valley Angling zone,25.7244283,93.61101,0,"tourist_attraction, point_of_interest, establishment",attraction,Nagaland,All Seasons,Chümoukedima,0
Balipathar Rice Field Sunset Point,26.1169974,93.7798591,5,"tourist_attraction, point_of_interest, establishment",attraction,Nagaland,All Seasons,Chümoukedima,5
"Seri- Tourism Model Farming Centre, Jharnapani, Chumoukidema district, Nagaland",25.7456544,93.8534784,5,"tourist_attraction, point_of_interest, establishment",attraction,Nagaland,All Seasons,Chümoukedima,5
Netaji Railway Colony Gate,25.9063721,93.7289931,4,"tourist_attraction, point_of_interest, establishment",attraction,Nagaland,All Seasons,Chümoukedima,4
Gelajan Tiniali,26.0577223,93.8956836,3.8,"tourist_attraction, point_of_interest, establishment",attraction,Nagaland,All Seasons,Chümoukedima,8
Kharuju Houba,25.6730347,94.0180326,4,"tourist_attraction, point_of_interest, establishment",attraction,Nagaland,All Seasons,Chümoukedima,1
Unity Gate,25.7968001,93.8017302,4.5,"tourist_attraction, point_of_interest, establishment",attraction,Nagaland,All Seasons,Chümoukedima,11
Khemprai vacanza picnic spot,25.7761542,93.6147269,5,"tourist_attraction, point_of_interest, establishment",attraction,Nagaland,All Seasons,Chümoukedima,1
Holy Cross Junction,25.9082747,93.72115819999999,4.3,"tourist_attraction, point_of_interest, establishment",attraction,Nagaland,All Seasons,Chümoukedima,3
Bokajan Traffic Checkpoint 3,26.022469,93.7635952,0,"tourist_attraction, point_of_interest, establishment",attraction,Nagaland,All Seasons,Chümoukedima,0
Nhalie Badze,25.6698826,94.0126514,4.8,"tourist_attraction, point_of_interest, establishment",attraction,Nagaland,All Seasons,Chümoukedima,13
Manglumukh Village River,25.7220625,93.5433125,0,"tourist_attraction, point_of_interest, establishment",attraction,Nagaland,All Seasons,Chümoukedima,0
NIT Nagaland Gate,25.7875102,93.77157559999999,5,"tourist_attraction, point_of_interest, establishment",attraction,Nagaland,All Seasons,Chümoukedima,1
Life Spring Corner,25.9212838,93.7232471,4.1,"park, tourist_attraction, point_of_interest, establishment",attraction,Nagaland,All Seasons,Chümoukedima,191
Recreation Park & Medicinal Plants Garden,25.9033921,93.4396514,4.3,"park, tourist_attraction, point_of_interest, establishment",attraction,Nagaland,All Seasons,Chümoukedima,548
Hausum Resort,25.617125,93.92260360000002,4.4,"tourist_attraction, point_of_interest, establishment",attraction,Nagaland,All Seasons,Chümoukedima,10
Shokhüvi Railway Station,25.7603792,93.7126202,4.1,"tourist_attraction, point_of_interest, establishment",attraction,Nagaland,All Seasons,Chümoukedima,34
Mechü Pru,25.6675966,94.012238,5,"tourist_attraction, point_of_interest, establishment",attraction,Nagaland,All Seasons,Chümoukedima,1
Picnic Spot Poilwa,25.6169276,93.9227458,4.3,"tourist_attraction, point_of_interest, establishment",attraction,Nagaland,All Seasons,Chümoukedima,159
Nagaland Zoological Park,25.8530689,93.72411579999999,3.7,"tourist_attraction, zoo, park, point_of_interest, establishment",attraction,Nagaland,All Seasons,Chümoukedima,1966
"Kachari Goan Tin-Ali, Khatkhati,",25.9844618,93.7609726,0,"tourist_attraction, point_of_interest, establishment",attraction,Nagaland,All Seasons,Chümoukedima,0
Dimapur guest house,25.8273954,93.8553156,0,"tourist_attraction, point_of_interest, establishment",attraction,Nagaland,All Seasons,Chümoukedima,0
Diphu Aquacentric Park,25.8523913,93.4360117,4.1,"park, point_of_interest, establishment",attraction,Nagaland,All Seasons,Chümoukedima,104
Sheela Park,25.9132489,93.7511269,4.3,"park, point_of_interest, establishment",attraction,Nagaland,All Seasons,Chümoukedima,6
Shiv Temple,25.9059539,93.72826529999999,3.9,"hindu_temple, tourist_attraction, place_of_worship, point_of_interest, establishment",attraction,Nagaland,All Seasons,Chümoukedima,54
Recreation Park & Medicinal Plants Garden,25.9033921,93.4396514,4.3,"park, tourist_attraction, point_of_interest, establishment",parks,Nagaland,Spring,Dimapur,548
Children Park,25.9126522,93.71356759999999,3.6,"park, point_of_interest, establishment",parks,Nagaland,Spring,Dimapur,266
Primary Park,25.9233939,93.702519,3.9,"park, point_of_interest, establishment",parks,Nagaland,Spring,Dimapur,20
Khorsing Terang Memorial Children Park,25.8464523,93.4337596,3.9,"park, point_of_interest, establishment",parks,Nagaland,Spring,Dimapur,135
Tribal Park,25.903822,93.711867,4.2,"park, point_of_interest, establishment",parks,Nagaland,Spring,Dimapur,20
Appu Park,25.7986566,93.7751747,3.4,"park, point_of_interest, establishment",parks,Nagaland,Spring,Dimapur,127
Children Park,25.9077337,93.71112819999999,3.7,"park, tourist_attraction, point_of_interest, establishment",parks,Nagaland,Spring,Dimapur,428
Ha'I Long Park,25.8418909,93.4383864,4.7,"park, point_of_interest, establishment",parks,Nagaland,Spring,Dimapur,9
Dillai Park,25.9655955,93.5838448,3.8,"park, point_of_interest, establishment",parks,Nagaland,Spring,Dimapur,36
Lt. Semson Sing Ingti Memorial Park,25.8430098,93.43668989999999,3.8,"park, point_of_interest, establishment",parks,Nagaland,Spring,Dimapur,57
HAYIRO,25.924717,93.7401273,4.4,"park, point_of_interest, establishment",parks,Nagaland,Spring,Dimapur,194
Stone Garden NEZCC,25.8758333,93.77444440000001,3.9,"park, point_of_interest, establishment",parks,Nagaland,Spring,Dimapur,663
Khorsing Terang Memorial Park,25.8456694,93.4380226,4.1,"park, point_of_interest, establishment",parks,Nagaland,Spring,Dimapur,17
Jordan Park,25.9203674,93.692178,4.1,"park, point_of_interest, establishment",parks,Nagaland,Spring,Dimapur,30
JP Park & Banquets,25.8651016,93.7910967,4.6,"park, point_of_interest, establishment",parks,Nagaland,Spring,Dimapur,57
INNER WHEEL PARK,25.9086867,93.71582169999999,3.2,"park, point_of_interest, establishment",parks,Nagaland,Spring,Dimapur,6
Rengma Church Park,25.9193017,93.69752799999999,3.7,"park, point_of_interest, establishment",parks,Nagaland,Spring,Dimapur,16
Sachu Community Park,25.903164,93.71588,3.7,"park, point_of_interest, establishment",parks,Nagaland,Spring,Dimapur,54
Botanical Garden,25.84801,93.4287768,3.7,"park, point_of_interest, establishment",parks,Nagaland,Spring,Dimapur,195
Sheela Park,25.9132489,93.7511269,4.3,"park, point_of_interest, establishment",parks,Nagaland,Spring,Dimapur,6
Niathu Children Park,25.8231487,93.7811667,4.3,"park, point_of_interest, establishment",parks,Nagaland,Spring,Dimapur,10
Diphu river walking zone,25.8420209,93.43822150000001,4.1,"park, point_of_interest, establishment",parks,Nagaland,Spring,Dimapur,23
"Lakeview, H.K.Khulu road, Jorepukhri",25.9129874,93.750852,4.6,"park, point_of_interest, establishment",parks,Nagaland,Spring,Dimapur,8
Kachari Sports Complex,25.927317,93.75011699999999,3.3,"park, point_of_interest, establishment",parks,Nagaland,Spring,Dimapur,58
Phevima Eco Park,25.8989486,93.6973953,4,"park, point_of_interest, establishment",parks,Nagaland,Spring,Dimapur,25
Children Park,26.0198606,93.78528299999999,4,"park, point_of_interest, establishment",parks,Nagaland,Spring,Dimapur,119
Life Spring Corner,25.9212838,93.7232471,4.1,"park, tourist_attraction, point_of_interest, establishment",parks,Nagaland,Spring,Dimapur,191
Children's Park,25.9069457,93.71509379999999,3.7,"park, point_of_interest, establishment",parks,Nagaland,Spring,Dimapur,10
Patkai Viewpoint,25.7940595,93.79252249999999,4.1,"campground, park, lodging, point_of_interest, establishment",parks,Nagaland,Spring,Dimapur,46
Jubilee Park,25.9060098,93.7384871,4.2,"park, point_of_interest, establishment",parks,Nagaland,Spring,Dimapur,5
Recreation Park Diphu,25.9007208,93.44029549999999,4.1,"park, point_of_interest, establishment",parks,Nagaland,Spring,Dimapur,8
Pelke Sovima,25.8441947,93.7347893,4.5,"park, point_of_interest, establishment",parks,Nagaland,Spring,Dimapur,10
Children park,25.8797072,93.7678341,4.1,"park, point_of_interest, establishment",parks,Nagaland,Spring,Dimapur,12
CoCo- A site for Picnic and Camping,25.7671452,93.6216532,4.3,"campground, park, lodging, point_of_interest, establishment",parks,Nagaland,Spring,Dimapur,21
Park,25.8388287,93.4377434,4,"park, point_of_interest, establishment",parks,Nagaland,Spring,Dimapur,1
G. K Park,25.6578577,93.6923508,0,"park, point_of_interest, establishment",parks,Nagaland,Spring,Dimapur,0
PHUTOI FARM VISHO GHAZU,25.9040326,93.97150099999999,4.8,"park, point_of_interest, establishment",parks,Nagaland,Spring,Dimapur,14
Lilen jubilee park,25.6431963,93.60313939999999,5,"park, point_of_interest, establishment",parks,Nagaland,Spring,Dimapur,1
Local Park,25.9214162,93.6909781,3.9,"park, point_of_interest, establishment",parks,Nagaland,Spring,Dimapur,8
The waterfront,25.8862607,93.7816177,4.5,"park, point_of_interest, establishment",parks,Nagaland,Spring,Dimapur,13
Triple Falls Seithekema,25.8063018,93.816648,4,"tourist_attraction, park, point_of_interest, establishment",parks,Nagaland,Spring,Dimapur,136
Matipung Park Diphu,25.845946,93.4460314,4.3,"park, point_of_interest, establishment",parks,Nagaland,Spring,Dimapur,954
Lovers point Dimapur,25.9084086,93.7213125,3.3,"park, point_of_interest, establishment",parks,Nagaland,Spring,Dimapur,3
Green Park,25.8606135,93.76207010000002,3.7,"park, tourist_attraction, point_of_interest, establishment",parks,Nagaland,Spring,Dimapur,3296
Ramaogreen Park Dhansiri,25.8217052,93.59393539999999,5,"park, point_of_interest, establishment",parks,Nagaland,Spring,Dimapur,1
Stabbin's home,25.8537943,93.4610211,0,"park, point_of_interest, establishment",parks,Nagaland,Spring,Dimapur,0
Aqua Mellow Park,25.8653595,93.7911053,3.7,"park, tourist_attraction, point_of_interest, establishment",parks,Nagaland,Spring,Dimapur,448
MOLBEM VILLAGE,26.0397585,93.5972493,5,"park, point_of_interest, establishment",parks,Nagaland,Spring,Dimapur,1
Nagaland Zoological Park,25.8530689,93.72411579999999,3.7,"tourist_attraction, zoo, park, point_of_interest, establishment",parks,Nagaland,Spring,Dimapur,1966
Lotha Park,25.902506,93.711969,3.7,"park, point_of_interest, establishment",parks,Nagaland,Spring,Dimapur,26
Children Park,26.0736,93.7783501,4,"park, point_of_interest, establishment",parks,Nagaland,Spring,Dimapur,8
Diphu Aquacentric Park,25.8523913,93.4360117,4.1,"park, point_of_interest, establishment",parks,Nagaland,Spring,Dimapur,104
Raja pukhuri,26.0536492,93.9054546,5,"park, point_of_interest, establishment",parks,Nagaland,Spring,Dimapur,1
"Seemonjir Children Park, Sirkangnep, ward No. 4, Diphu",25.8202202,93.4271919,4.3,"park, point_of_interest, establishment",parks,Nagaland,Spring,Dimapur,67
Singhason mountain,26.1478034,93.507055,5,"park, point_of_interest, establishment",parks,Nagaland,Spring,Dimapur,4
T. L. Angami Park,25.7719941,93.8054765,3.5,"park, point_of_interest, establishment",parks,Nagaland,Spring,Dimapur,103
Arboretum Cum Craft Centre,25.8459068,93.4476401,4.3,"park, point_of_interest, establishment",parks,Nagaland,Spring,Dimapur,360
Golden jubilee park,25.95009,93.7920015,0,"park, point_of_interest, establishment",parks,Nagaland,Spring,Dimapur,0
Friendship Park,25.9043436,93.7033699,0,"park, point_of_interest, establishment",parks,Nagaland,Spring,Dimapur,0
Homeland,25.9696783,93.8809486,5,"park, point_of_interest, establishment",parks,Nagaland,Spring,Dimapur,2
Chumpo Museum,25.8409526,93.76343519999999,4.7,"museum, point_of_interest, establishment",museum,Nagaland,Winter,Dimapur,12
Nagaland Science Centre,25.9037829,93.73844679999999,3.7,"tourist_attraction, museum, point_of_interest, establishment",museum,Nagaland,Winter,Dimapur,624
District Museum,25.9857194,93.80730319999999,4.8,"museum, point_of_interest, establishment",museum,Nagaland,Winter,Dimapur,4
Kuotsu Heritage Museum,25.6532175,94.02104969999999,4.6,"museum, point_of_interest, establishment",museum,Nagaland,Winter,Dimapur,5
Nagaland Zoological Park,25.8530689,93.72411579999999,3.7,"tourist_attraction, zoo, park, point_of_interest, establishment",museum,Nagaland,Winter,Dimapur,1966
3 Corps War Memorial,25.884586,93.7061104,5,"museum, point_of_interest, establishment",museum,Nagaland,Winter,Dimapur,6
SOVIMA Village Ao Cemetry,25.837016,93.7470493,3.2,"museum, point_of_interest, establishment",museum,Nagaland,Winter,Dimapur,6
Museum,25.845989,93.7711377,0,"museum, point_of_interest, establishment",museum,Nagaland,Winter,Dimapur,0
Ao Yimti Süngküm,25.8899999,93.7620768,3.6,"museum, point_of_interest, establishment",museum,Nagaland,Winter,Dimapur,19
TOKOLANGSO WATERFALL,26.1694166,93.69872769999999,4.4,"tourist_attraction, point_of_interest, establishment",waterfalls,Nagaland,Monsoon,Dimapur,37
Triple Falls Seithekema,25.8063018,93.816648,4,"tourist_attraction, park, point_of_interest, establishment",waterfalls,Nagaland,Monsoon,Dimapur,136
Langvoku Waterfall,26.0206989,93.4968351,4.4,"tourist_attraction, point_of_interest, establishment",waterfalls,Nagaland,Monsoon,Dimapur,319
DILLAI WATERFALL (Kania bey no. 1),26.0611158,93.6045168,3.7,"tourist_attraction, point_of_interest, establishment",waterfalls,Nagaland,Monsoon,Dimapur,15
Diphu river walking zone,25.8420209,93.43822150000001,4.1,"park, point_of_interest, establishment",waterfalls,Nagaland,Monsoon,Dimapur,23
"Water reservoir, Dungki",25.6530331,93.7394916,4.1,"tourist_attraction, point_of_interest, establishment",waterfalls,Nagaland,Monsoon,Dimapur,13
Manja View Point,25.9594784,93.4472672,3.7,"point_of_interest, establishment",waterfalls,Nagaland,Monsoon,Dimapur,54
New Chümoukedima Dam,25.7644353,93.8078161,4.5,"park, point_of_interest, establishment",waterfalls,Nagaland,Monsoon,Dimapur,4
Singsit veng manja Karbi anglong,25.9724715,93.4519183,3.7,"park, point_of_interest, establishment",waterfalls,Nagaland,Monsoon,Dimapur,7
Patkai Viewpoint,25.7940595,93.79252249999999,4.1,"campground, lodging, park, point_of_interest, establishment",waterfalls,Nagaland,Monsoon,Dimapur,46
Ha'I Long Park,25.8418909,93.4383864,4.7,"park, point_of_interest, establishment",waterfalls,Nagaland,Monsoon,Dimapur,9
Manja Water Switch Gate DAM,25.986051,93.4598042,4,"point_of_interest, establishment",waterfalls,Nagaland,Monsoon,Dimapur,29
Khorsing Terang Memorial Children Park,25.8464523,93.4337596,3.9,"park, point_of_interest, establishment",waterfalls,Nagaland,Monsoon,Dimapur,135
Diphu View Point,25.8394168,93.4506354,4,"landmark, point_of_interest, establishment",waterfalls,Nagaland,Monsoon,Dimapur,298
Patkai bridge,25.8639349,93.78188449999999,3.4,"point_of_interest, establishment",waterfalls,Nagaland,Monsoon,Dimapur,11
Diphu Aquacentric Park,25.8523913,93.4360117,4.1,"park, point_of_interest, establishment",waterfalls,Nagaland,Monsoon,Dimapur,104
Vishal Mega Mart,25.840332,93.4379921,3.9,"supermarket, grocery_or_supermarket, food, point_of_interest, store, establishment",beaches,Nagaland,Summer,Dimapur,1281
Vishal Mega Mart,25.91226,93.72071840000001,3.7,"supermarket, grocery_or_supermarket, clothing_store, food, point_of_interest, store, establishment",beaches,Nagaland,Summer,Dimapur,3371
Nagaland Zoological Park,25.8530689,93.72411579999999,3.7,"tourist_attraction, zoo, park, point_of_interest, establishment",zoo,Nagaland,Winter,Dimapur,1966
Green Park,25.8606135,93.76207010000002,3.7,"park, tourist_attraction, point_of_interest, establishment",zoo,Nagaland,Winter,Dimapur,3296
Atso khupfu,25.873996,93.726143,5,"zoo, point_of_interest, establishment",zoo,Nagaland,Winter,Dimapur,1
Nagaland Science Centre,25.9037829,93.73844679999999,3.7,"tourist_attraction, museum, point_of_interest, establishment",zoo,Nagaland,Winter,Dimapur,624
Children Park,25.9077337,93.71112819999999,3.7,"park, tourist_attraction, point_of_interest, establishment",zoo,Nagaland,Winter,Dimapur,428
Recreation Park and Medical Garden,25.9143864,93.44769649999999,4.2,"amusement_park, point_of_interest, establishment",zoo,Nagaland,Winter,Dimapur,38
Okusa Toyota,25.9071338,93.74016209999999,4.1,"car_dealer, point_of_interest, store, establishment",zoo,Nagaland,Winter,Dimapur,170
Shiv Temple,25.9059539,93.72826529999999,3.9,"hindu_temple, tourist_attraction, place_of_worship, point_of_interest, establishment",temples,Nagaland,All Seasons,Dimapur,54
"Diphu ISKCON ,Temple",25.8557666,93.4400977,4.3,"hindu_temple, place_of_worship, point_of_interest, establishment",temples,Nagaland,All Seasons,Dimapur,29
Milan Mandir Jalukie Town,25.6479646,93.66660859999999,5,"hindu_temple, place_of_worship, point_of_interest, establishment",temples,Nagaland,All Seasons,Dimapur,2
"Hanuman, Temple",25.8439953,93.4410194,4.5,"hindu_temple, place_of_worship, point_of_interest, establishment",temples,Nagaland,All Seasons,Dimapur,30
Shri Digambar Jain Temple,25.905881,93.725172,4.5,"place_of_worship, point_of_interest, establishment",temples,Nagaland,All Seasons,Dimapur,123
Sitala Temple,25.8424443,93.44222669999999,4,"hindu_temple, place_of_worship, point_of_interest, establishment",temples,Nagaland,All Seasons,Dimapur,44
Jagannath temple khatkhati,25.9949498,93.7519277,4.5,"hindu_temple, place_of_worship, point_of_interest, establishment",temples,Nagaland,All Seasons,Dimapur,11
"Dimapur Kalibari - Dimapur, Nagaland, India",25.9042399,93.7252858,4.4,"hindu_temple, place_of_worship, point_of_interest, establishment",temples,Nagaland,All Seasons,Dimapur,102
Singrijan Shiva Mandir,25.8407173,93.7104148,4.5,"hindu_temple, place_of_worship, point_of_interest, establishment",temples,Nagaland,All Seasons,Dimapur,25
Naokata Shiv Temple । নাও কটা শিৱ মন্দিৰ,25.9820218,93.7908669,3.7,"hindu_temple, place_of_worship, point_of_interest, establishment",temples,Nagaland,All Seasons,Dimapur,3
Nandeshwar Shiva Temple,25.9248738,93.7674854,4.6,"hindu_temple, place_of_worship, point_of_interest, establishment",temples,Nagaland,All Seasons,Dimapur,16
Radha Krishna Temple,25.9001813,93.7260963,4.7,"hindu_temple, place_of_worship, point_of_interest, establishment",temples,Nagaland,All Seasons,Dimapur,17
Temple,25.9071578,93.72260519999999,3.7,"hindu_temple, place_of_worship, point_of_interest, establishment",temples,Nagaland,All Seasons,Dimapur,7
Nagaland Police Central Temple,25.8026799,93.7885108,4.2,"hindu_temple, place_of_worship, point_of_interest, establishment",temples,Nagaland,All Seasons,Dimapur,54
Shiv Temple,25.8598627,93.4380212,5,"hindu_temple, place_of_worship, point_of_interest, establishment",temples,Nagaland,All Seasons,Dimapur,1
Nepali Durga Temple,25.844047,93.4458114,4.4,"hindu_temple, place_of_worship, point_of_interest, establishment",temples,Nagaland,All Seasons,Dimapur,28
Sri dhurga Temple,25.7510017,93.69736789999999,4.3,"hindu_temple, place_of_worship, point_of_interest, establishment",temples,Nagaland,All Seasons,Dimapur,10
Ram Thakur Temple,25.8411004,93.4475709,4.2,"hindu_temple, place_of_worship, point_of_interest, establishment",temples,Nagaland,All Seasons,Dimapur,24
Chukiapathar Shiv Temple,26.1519894,93.8948573,4.1,"hindu_temple, place_of_worship, point_of_interest, establishment",temples,Nagaland,All Seasons,Dimapur,13
Durga Temple दुर्गा मन्दिर,25.9068428,93.7262029,4.3,"hindu_temple, place_of_worship, point_of_interest, establishment",temples,Nagaland,All Seasons,Dimapur,142
Shiv Temple,25.955935,93.738858,4.2,"hindu_temple, place_of_worship, point_of_interest, establishment",temples,Nagaland,All Seasons,Dimapur,18
"Shiv Temple, Doyapur",25.7619262,93.60194369999999,4.1,"hindu_temple, place_of_worship, point_of_interest, establishment",temples,Nagaland,All Seasons,Dimapur,8
"Shiv Mandir, Chungajan, Block No-3",26.0453844,93.8130099,4.5,"hindu_temple, place_of_worship, point_of_interest, establishment",temples,Nagaland,All Seasons,Dimapur,13
Shiv Temple,25.9711788,93.4353022,3.3,"hindu_temple, place_of_worship, point_of_interest, establishment",temples,Nagaland,All Seasons,Dimapur,8
Krishna Temple,25.9198706,93.7080403,2.3,"hindu_temple, place_of_worship, point_of_interest, establishment",temples,Nagaland,All Seasons,Dimapur,4
Sri Sri Ganesh Mandir,25.9594158,93.7595193,5,"hindu_temple, place_of_worship, point_of_interest, establishment",temples,Nagaland,All Seasons,Dimapur,6
Shri Shri Maa Katyayani Durga Mandir,25.9415385,93.7105727,4.4,"hindu_temple, place_of_worship, point_of_interest, establishment",temples,Nagaland,All Seasons,Dimapur,11
Kali Temple,25.9158339,93.68663459999999,3.8,"hindu_temple, place_of_worship, point_of_interest, establishment",temples,Nagaland,All Seasons,Dimapur,6
Diphu Barowari Puja Temple,25.8398429,93.4383569,4.6,"hindu_temple, place_of_worship, point_of_interest, establishment",temples,Nagaland,All Seasons,Dimapur,11
Hanuman Temple,25.9311326,93.7340626,4.3,"hindu_temple, place_of_worship, point_of_interest, establishment",temples,Nagaland,All Seasons,Dimapur,72
Sri Shiv Sewa Ashram,25.9475465,93.7037987,4.7,"hindu_temple, place_of_worship, point_of_interest, establishment",temples,Nagaland,All Seasons,Dimapur,29
Shiv Temple,25.8663985,93.7138739,4.4,"hindu_temple, place_of_worship, point_of_interest, establishment",temples,Nagaland,All Seasons,Dimapur,37
Shiri Shiri Narhari Namghar,25.997564,93.9166259,5,"hindu_temple, place_of_worship, point_of_interest, establishment",temples,Nagaland,All Seasons,Dimapur,1
Ramu Temple,25.8363994,93.42726119999999,4.1,"hindu_temple, place_of_worship, point_of_interest, establishment",temples,Nagaland,All Seasons,Dimapur,36
Shiv & Hanuman mandir,25.9981679,93.76386289999999,5,"hindu_temple, place_of_worship, point_of_interest, establishment",temples,Nagaland,All Seasons,Dimapur,5
Hanuman Temple,25.9039804,93.7266568,4.4,"hindu_temple, place_of_worship, point_of_interest, establishment",temples,Nagaland,All Seasons,Dimapur,9
7th Mile Shiv Mandir,25.9276789,93.4466972,4.3,"hindu_temple, place_of_worship, point_of_interest, establishment",temples,Nagaland,All Seasons,Dimapur,66
ISKCON TEMPLE,25.8353985,93.45922809999999,5,"hindu_temple, place_of_worship, point_of_interest, establishment",temples,Nagaland,All Seasons,Dimapur,2
Kali Temple,25.9721186,93.4344849,3.8,"hindu_temple, place_of_worship, point_of_interest, establishment",temples,Nagaland,All Seasons,Dimapur,8
Rajapukhuri Buddhist monastery ( Buddha Vihar ),26.1659551,93.93120259999999,4.2,"place_of_worship, point_of_interest, establishment",temples,Nagaland,All Seasons,Dimapur,30
hindu temple,26.1021054,93.85438169999999,5,"hindu_temple, place_of_worship, point_of_interest, establishment",temples,Nagaland,All Seasons,Dimapur,1
Shiv Mandir (Temple),25.8428284,93.704803,4.8,"hindu_temple, place_of_worship, point_of_interest, establishment",temples,Nagaland,All Seasons,Dimapur,5
Khatkhati Lokhimon Dovan,25.9754278,93.74351,4,"hindu_temple, place_of_worship, point_of_interest, establishment",temples,Nagaland,All Seasons,Dimapur,4
BABA LOKNATH TEMPLE BALIJAN,25.9348153,93.7115651,4.3,"hindu_temple, place_of_worship, point_of_interest, establishment",temples,Nagaland,All Seasons,Dimapur,35
"Lokhimon Temple, Moiso Killing",26.0176554,93.6413736,4.2,"hindu_temple, place_of_worship, point_of_interest, establishment",temples,Nagaland,All Seasons,Dimapur,11
Nabapur Temple,26.1057629,93.8955064,5,"hindu_temple, place_of_worship, point_of_interest, establishment",temples,Nagaland,All Seasons,Dimapur,1
Mangal Chandi Temple,25.842323,93.443771,4.5,"hindu_temple, place_of_worship, point_of_interest, establishment",temples,Nagaland,All Seasons,Dimapur,6
"Rongkethe Karbi Lokhimon Adovan, Temple.",26.1179114,93.76882789999999,4.3,"hindu_temple, place_of_worship, point_of_interest, establishment",temples,Nagaland,All Seasons,Dimapur,3
Arlong Chuhu Temple,26.1193525,93.768731,4.3,"hindu_temple, place_of_worship, point_of_interest, establishment",temples,Nagaland,All Seasons,Dimapur,3
"Lokhimon Temple, Balipathar",26.1321365,93.7873278,4.8,"hindu_temple, place_of_worship, point_of_interest, establishment",temples,Nagaland,All Seasons,Dimapur,4
Shoni Temple,25.8441347,93.4409009,4,"hindu_temple, place_of_worship, point_of_interest, establishment",temples,Nagaland,All Seasons,Dimapur,2
Lokhimon Temple Dillai Ketok,25.9762095,93.4555713,4.5,"hindu_temple, place_of_worship, point_of_interest, establishment",temples,Nagaland,All Seasons,Dimapur,2
Boycott Goneshpur Temple,26.1095224,93.887385,5,"hindu_temple, place_of_worship, point_of_interest, establishment",temples,Nagaland,All Seasons,Dimapur,2
Sani Temple,25.8399502,93.447756,5,"hindu_temple, place_of_worship, point_of_interest, establishment",temples,Nagaland,All Seasons,Dimapur,1
Sri Sri Baba Loknath Brahmachari Temple,25.9038801,93.7282072,5,"hindu_temple, place_of_worship, point_of_interest, establishment",temples,Nagaland,All Seasons,Dimapur,4
Lokhimon Temple Sarihajan,26.0664137,93.77003839999999,4.3,"hindu_temple, place_of_worship, point_of_interest, establishment",temples,Nagaland,All Seasons,Dimapur,8
Shani Temple,25.9014177,93.72561209999999,4.4,"hindu_temple, place_of_worship, point_of_interest, establishment",temples,Nagaland,All Seasons,Dimapur,30
Janata Pathar Temple,26.1191908,93.87542909999999,4.7,"hindu_temple, place_of_worship, point_of_interest, establishment",temples,Nagaland,All Seasons,Dimapur,3
Kamakhya Temple Lahorijan,25.9266632,93.7330205,4.3,"hindu_temple, place_of_worship, point_of_interest, establishment",temples,Nagaland,All Seasons,Dimapur,12
Shiv Temple,25.9358789,93.7306543,3.8,"hindu_temple, place_of_worship, point_of_interest, establishment",temples,Nagaland,All Seasons,Dimapur,12
blue hill,25.9107595,93.7283197,3.4,"bar, point_of_interest, establishment",hills,Nagaland,Winter,Dimapur,76
Hillstar Digital Cinema,25.9104259,93.726669,3.6,"movie_theater, point_of_interest, establishment",hills,Nagaland,Winter,Dimapur,1796
Wonder Hill Inn,25.7286119,94.0276181,4.9,"restaurant, food, point_of_interest, establishment",hills,Nagaland,Winter,Dimapur,13
Blue Hill Travels,25.9105376,93.7285041,3.7,"travel_agency, point_of_interest, establishment",hills,Nagaland,Winter,Dimapur,22
District urban development office,25.9060746,93.69643459999999,0,"point_of_interest, establishment",hills,Nagaland,Winter,Dimapur,0
HILLS SHAWARMA,25.8691389,93.4436487,5,"restaurant, food, point_of_interest, establishment",hills,Nagaland,Winter,Dimapur,2
"Green Hills Restaurant, Peducha",25.73359,93.9947704,4.6,"restaurant, food, point_of_interest, establishment",hills,Nagaland,Winter,Dimapur,79
HILL TOP,25.8930748,93.6994137,4,"lodging, point_of_interest, establishment",hills,Nagaland,Winter,Dimapur,5
Ozukum Hill,25.8793446,93.6950528,5,"point_of_interest, establishment",hills,Nagaland,Winter,Dimapur,2
Hill Flavours,25.8063022,93.7915407,0,"restaurant, food, point_of_interest, establishment",hills,Nagaland,Winter,Dimapur,0
Hills Restaurant,25.905957,93.73953589999999,4.7,"restaurant, food, point_of_interest, establishment",hills,Nagaland,Winter,Dimapur,12
Lotha Hotel,25.9060339,93.7023023,3.6,"restaurant, food, point_of_interest, establishment",hills,Nagaland,Winter,Dimapur,32
Hill View Colony,25.9043111,93.696558,No rating,"sublocality_level_1, sublocality, political",hills,Nagaland,Winter,Dimapur,0
Hill Star Canteen,25.9107449,93.7265623,0,"cafe, food, point_of_interest, establishment",hills,Nagaland,Winter,Dimapur,0
Viva hills,25.8472408,93.74999509999999,4,"point_of_interest, establishment",hills,Nagaland,Winter,Dimapur,1
THE DIVINE RESTAURANT,25.9051576,93.69824829999999,4.3,"restaurant, food, point_of_interest, establishment",hills,Nagaland,Winter,Dimapur,29
Hill State Development Party Office,25.8410277,93.43702720000002,0,"point_of_interest, establishment",hills,Nagaland,Winter,Dimapur,0
Crpf Play Ground,25.903547,93.695675,4.3,"point_of_interest, establishment",hills,Nagaland,Winter,Dimapur,39
Hills Diagnostic Centre,25.8491004,93.43996399999999,3.7,"hospital, health, point_of_interest, establishment",hills,Nagaland,Winter,Dimapur,9
M/S HILLS LIQUOR BAR,25.8456907,93.4376796,0,"bar, point_of_interest, establishment",hills,Nagaland,Winter,Dimapur,0
Hill Labours Private Limited,25.9074748,93.7083486,5,"general_contractor, point_of_interest, establishment",hills,Nagaland,Winter,Dimapur,1
Chakesang Church Dimapur,25.9041204,93.7005452,2.8,"church, place_of_worship, point_of_interest, establishment",hills,Nagaland,Winter,Dimapur,5
P.Taijol Ground,26.0278366,93.4926941,5,"point_of_interest, establishment",hills,Nagaland,Winter,Dimapur,1
Top Notch Restro,25.9069134,93.7027749,4.2,"restaurant, food, point_of_interest, establishment",hills,Nagaland,Winter,Dimapur,169
TC DIMAPUR 173 bn CRPF,25.9044244,93.6969443,3.9,"campground, lodging, park, point_of_interest, establishment",hills,Nagaland,Winter,Dimapur,183
Light House Church,25.9072953,93.69977399999999,4.8,"church, place_of_worship, point_of_interest, establishment",hills,Nagaland,Winter,Dimapur,32
Dimapur Library,25.9068726,93.7002809,4.1,"library, point_of_interest, establishment",hills,Nagaland,Winter,Dimapur,13
Mikir Hills,26.1666667,93.5,3.8,"natural_feature, establishment",hills,Nagaland,Winter,Dimapur,36
Hills Concrete Pipe Industries,25.8913028,93.4386095,0,"point_of_interest, establishment",hills,Nagaland,Winter,Dimapur,0
Choco pie Bakery,25.9062005,93.7026302,0,"bakery, food, point_of_interest, store, establishment",hills,Nagaland,Winter,Dimapur,0
Kingdom Hall of Jehovah's Witnesses,25.9071017,93.702333,0,"church, place_of_worship, point_of_interest, establishment",hills,Nagaland,Winter,Dimapur,0
Hills Organic Enterprise,25.9081498,93.7174273,5,"convenience_store, food, point_of_interest, store, establishment",hills,Nagaland,Winter,Dimapur,3
Green Hill View English High School,26.0051981,93.7743502,0,"school, point_of_interest, establishment",hills,Nagaland,Winter,Dimapur,0
Hills velly malti parpose company,25.9106116,93.92356319999999,0,"point_of_interest, establishment",hills,Nagaland,Winter,Dimapur,0
Hills Enterprises,25.9129662,93.73321609999999,5,"hardware_store, point_of_interest, store, establishment",hills,Nagaland,Winter,Dimapur,1
Hotel Green Hills,25.8404348,93.43719229999999,4.5,"lodging, point_of_interest, establishment",hills,Nagaland,Winter,Dimapur,6
Razphie Village,25.9043111,93.696558,No rating,"neighborhood, political",hills,Nagaland,Winter,Dimapur,0
Lumtur Home,25.6540162,93.6604196,0,"point_of_interest, establishment",hills,Nagaland,Winter,Dimapur,0
Hills View Naga Ethnic Hotel,25.748946,93.97765869999999,4,"lodging, point_of_interest, establishment",hills,Nagaland,Winter,Dimapur,1
Ao Baptist Church,25.9074755,93.6954267,4.5,"church, place_of_worship, point_of_interest, establishment",hills,Nagaland,Winter,Dimapur,94
"Blue Hill Travels (India) Ltd, Sukhanjan bus ticket counter.",26.0335569,93.762287,5,"travel_agency, point_of_interest, establishment",hills,Nagaland,Winter,Dimapur,3
90.8 Hills FM Nagaland,25.9133889,93.7291661,5,"point_of_interest, establishment",hills,Nagaland,Winter,Dimapur,3
Hills Fast Food,25.8487944,93.436358,0,"restaurant, food, point_of_interest, establishment",hills,Nagaland,Winter,Dimapur,0
HILLS DECORATOR,25.8434279,93.44182149999999,0,"point_of_interest, establishment",hills,Nagaland,Winter,Dimapur,0
Hills Car Rental,25.9117717,93.7321528,5,"point_of_interest, establishment",hills,Nagaland,Winter,Dimapur,1
Hills Brothers (machinery),25.8590697,93.4419108,5,"point_of_interest, establishment",hills,Nagaland,Winter,Dimapur,2
Mary Hill Convent,25.6411564,93.6695718,2,"point_of_interest, establishment",hills,Nagaland,Winter,Dimapur,1
P.Taijol,26.0280682,93.4924802,4.2,"lodging, point_of_interest, establishment",hills,Nagaland,Winter,Dimapur,12
Singhason mountain,26.1478034,93.507055,5,"park, point_of_interest, establishment",hills,Nagaland,Winter,Dimapur,4
Midway Viewpoint,25.7520749,93.9736293,4,"tourist_attraction, point_of_interest, establishment",hills,Nagaland,Winter,Dimapur,12
Arboretum Cum Craft Centre,25.8459068,93.4476401,4.3,"park, point_of_interest, establishment",hills,Nagaland,Winter,Dimapur,360
Go Pantry,25.9055747,93.69766779999999,5,"store, food, point_of_interest, establishment",hills,Nagaland,Winter,Dimapur,1
Casamia Restaurant,25.9021044,93.69805199999999,3.5,"restaurant, food, point_of_interest, establishment",hills,Nagaland,Winter,Dimapur,4
G H Damant Tomb Monument,25.654438,94.022005,4.5,"tourist_attraction, point_of_interest, establishment",hills,Nagaland,Winter,Dimapur,101
HINGKO HILLS Dairy Plant,25.9310176,93.7586757,5,"point_of_interest, establishment",hills,Nagaland,Winter,Dimapur,1
Cafe Leon Dimapur,25.9047671,93.6978166,4.1,"cafe, food, point_of_interest, establishment",hills,Nagaland,Winter,Dimapur,20
Lotha colony Tinali (Junction),25.9015698,93.7062751,4,"park, point_of_interest, establishment",hills,Nagaland,Winter,Dimapur,2
Bougainvillea house,25.9073952,93.6998313,5,"lodging, point_of_interest, establishment",hills,Nagaland,Winter,Dimapur,1
New Hills English School,26.0477339,93.7345077,5,"school, point_of_interest, establishment",hills,Nagaland,Winter,Dimapur,3
Momo-ki,25.9059635,93.6978089,4.9,"restaurant, food, point_of_interest, establishment",hills,Nagaland,Winter,Dimapur,9
Triple Falls Seithekema,25.8063018,93.816648,4,"tourist_attraction, park, point_of_interest, establishment",attraction,Nagaland,All Seasons,Dimapur,136
Langvoku Waterfall,26.0206989,93.4968351,4.4,"tourist_attraction, point_of_interest, establishment",attraction,Nagaland,All Seasons,Dimapur,319
TOKOLANGSO WATERFALL,26.1694166,93.69872769999999,4.4,"tourist_attraction, point_of_interest, establishment",attraction,Nagaland,All Seasons,Dimapur,37
Nagaland Science Centre,25.9037829,93.73844679999999,3.7,"tourist_attraction, museum, point_of_interest, establishment",attraction,Nagaland,All Seasons,Dimapur,624
Koro View point,26.0832796,93.9929305,4,"tourist_attraction, point_of_interest, establishment",attraction,Nagaland,All Seasons,Dimapur,13
Green Park,25.8606135,93.76207010000002,3.7,"park, tourist_attraction, point_of_interest, establishment",attraction,Nagaland,All Seasons,Dimapur,3296
Three House Top,25.7941491,93.7925815,4.3,"tourist_attraction, point_of_interest, establishment",attraction,Nagaland,All Seasons,Dimapur,33
Nutun Bosti Gate,25.9153526,93.7138942,4,"tourist_attraction, point_of_interest, establishment",attraction,Nagaland,All Seasons,Dimapur,7
DILLAI WATERFALL (Kania bey no. 1),26.0611158,93.6045168,3.7,"tourist_attraction, point_of_interest, establishment",attraction,Nagaland,All Seasons,Dimapur,15
Serdihun statue,25.8437279,93.4326445,4,"tourist_attraction, point_of_interest, establishment",attraction,Nagaland,All Seasons,Dimapur,6
FOUR SEASONS,25.9114986,93.72046429999999,3.6,"tourist_attraction, point_of_interest, establishment",attraction,Nagaland,All Seasons,Dimapur,21
Chitranella Gardens,26.0182388,93.7436061,4.7,"tourist_attraction, point_of_interest, establishment",attraction,Nagaland,All Seasons,Dimapur,6
Khonoma village,25.6523425,94.0229921,4.7,"tourist_attraction, point_of_interest, establishment",attraction,Nagaland,All Seasons,Dimapur,100
Midway Viewpoint,25.7520749,93.9736293,4,"tourist_attraction, point_of_interest, establishment",attraction,Nagaland,All Seasons,Dimapur,12
G H Damant Tomb Monument,25.654438,94.022005,4.5,"tourist_attraction, point_of_interest, establishment",attraction,Nagaland,All Seasons,Dimapur,101
Dhansiri Riverfront,26.0494824,93.7814811,5,"tourist_attraction, point_of_interest, establishment",attraction,Nagaland,All Seasons,Dimapur,4
Angling,25.8563184,93.7103269,4.3,"tourist_attraction, point_of_interest, establishment",attraction,Nagaland,All Seasons,Dimapur,3
Valley View Point,25.7719213,93.9322669,5,"tourist_attraction, point_of_interest, establishment",attraction,Nagaland,All Seasons,Dimapur,1
Aqua Mellow Park,25.8653595,93.7911053,3.7,"park, tourist_attraction, point_of_interest, establishment",attraction,Nagaland,All Seasons,Dimapur,448
Cultural heritage Thilixu village block VI,25.8549924,93.73389949999999,5,"tourist_attraction, point_of_interest, establishment",attraction,Nagaland,All Seasons,Dimapur,2
Khonoma Rice Terraces,25.650831,94.0203135,4.5,"tourist_attraction, point_of_interest, establishment",attraction,Nagaland,All Seasons,Dimapur,2
Forest View Point,25.6643007,93.6654932,4.4,"tourist_attraction, point_of_interest, establishment",attraction,Nagaland,All Seasons,Dimapur,5
Happiness,25.6404639,93.9807777,0,"tourist_attraction, point_of_interest, establishment",attraction,Nagaland,All Seasons,Dimapur,0
Balipathar Rice Fields,26.1210756,93.7858596,5,"tourist_attraction, point_of_interest, establishment",attraction,Nagaland,All Seasons,Dimapur,8
"Water reservoir, Dungki",25.6530331,93.7394916,4.1,"tourist_attraction, point_of_interest, establishment",attraction,Nagaland,All Seasons,Dimapur,13
Khemprai vacanza picnic spot,25.7761542,93.6147269,5,"tourist_attraction, point_of_interest, establishment",attraction,Nagaland,All Seasons,Dimapur,1
Unity Gate,25.7968001,93.8017302,4.5,"tourist_attraction, point_of_interest, establishment",attraction,Nagaland,All Seasons,Dimapur,11
Lhosheto Ayemi,25.9200297,93.6573154,0,"tourist_attraction, point_of_interest, establishment",attraction,Nagaland,All Seasons,Dimapur,0
Dimaraja Kharnai (Lake),25.8241817,93.6386217,4.2,"tourist_attraction, point_of_interest, establishment",attraction,Nagaland,All Seasons,Dimapur,5
"Seri- Tourism Model Farming Centre, Jharnapani, Chumoukidema district, Nagaland",25.7456544,93.8534784,5,"tourist_attraction, point_of_interest, establishment",attraction,Nagaland,All Seasons,Dimapur,5
Pongen land Vidima,25.80142,93.69335199999999,0,"tourist_attraction, point_of_interest, establishment",attraction,Nagaland,All Seasons,Dimapur,0
Netaji Railway Colony Gate,25.9063721,93.7289931,4,"tourist_attraction, point_of_interest, establishment",attraction,Nagaland,All Seasons,Dimapur,4
Balipathar Rice Field Sunset Point,26.1169974,93.7798591,5,"tourist_attraction, point_of_interest, establishment",attraction,Nagaland,All Seasons,Dimapur,5
Far valley Angling zone,25.7244283,93.61101,0,"tourist_attraction, point_of_interest, establishment",attraction,Nagaland,All Seasons,Dimapur,0
Gelajan Tiniali,26.0577223,93.8956836,3.8,"tourist_attraction, point_of_interest, establishment",attraction,Nagaland,All Seasons,Dimapur,8
Holy Cross Junction,25.9082747,93.72115819999999,4.3,"tourist_attraction, point_of_interest, establishment",attraction,Nagaland,All Seasons,Dimapur,3
Kharuju Houba,25.6730347,94.0180326,4,"tourist_attraction, point_of_interest, establishment",attraction,Nagaland,All Seasons,Dimapur,1
Boys Relax Zone,26.1725418,93.81640159999999,3.8,"tourist_attraction, point_of_interest, establishment",attraction,Nagaland,All Seasons,Dimapur,4
Bokajan Traffic Checkpoint 3,26.022469,93.7635952,0,"tourist_attraction, point_of_interest, establishment",attraction,Nagaland,All Seasons,Dimapur,0
Life Spring Corner,25.9212838,93.7232471,4.1,"park, tourist_attraction, point_of_interest, establishment",attraction,Nagaland,All Seasons,Dimapur,191
Nhalie Badze,25.6698826,94.0126514,4.8,"tourist_attraction, point_of_interest, establishment",attraction,Nagaland,All Seasons,Dimapur,13
Manglumukh Village River,25.7220625,93.5433125,0,"tourist_attraction, point_of_interest, establishment",attraction,Nagaland,All Seasons,Dimapur,0
Recreation Park & Medicinal Plants Garden,25.9033921,93.4396514,4.3,"park, tourist_attraction, point_of_interest, establishment",attraction,Nagaland,All Seasons,Dimapur,548
NIT Nagaland Gate,25.7875102,93.77157559999999,5,"tourist_attraction, point_of_interest, establishment",attraction,Nagaland,All Seasons,Dimapur,1
Shokhüvi Railway Station,25.7603792,93.7126202,4.1,"tourist_attraction, point_of_interest, establishment",attraction,Nagaland,All Seasons,Dimapur,34
Mechü Pru,25.6675966,94.012238,5,"tourist_attraction, point_of_interest, establishment",attraction,Nagaland,All Seasons,Dimapur,1
Nagaland Zoological Park,25.8530689,93.72411579999999,3.7,"tourist_attraction, zoo, park, point_of_interest, establishment",attraction,Nagaland,All Seasons,Dimapur,1966
"Kachari Goan Tin-Ali, Khatkhati,",25.9844618,93.7609726,0,"tourist_attraction, point_of_interest, establishment",attraction,Nagaland,All Seasons,Dimapur,0
Dimapur guest house,25.8273954,93.8553156,0,"tourist_attraction, point_of_interest, establishment",attraction,Nagaland,All Seasons,Dimapur,0
Diphu Aquacentric Park,25.8523913,93.4360117,4.1,"park, point_of_interest, establishment",attraction,Nagaland,All Seasons,Dimapur,104
Sheela Park,25.9132489,93.7511269,4.3,"park, point_of_interest, establishment",attraction,Nagaland,All Seasons,Dimapur,6
Shiv Temple,25.9059539,93.72826529999999,3.9,"hindu_temple, tourist_attraction, place_of_worship, point_of_interest, establishment",attraction,Nagaland,All Seasons,Dimapur,54
Centenary Park,26.0175437,94.6336911,5,"park, point_of_interest, establishment",parks,Nagaland,Spring,Kiphire,4
SUMI MARTYRS' PARK,25.9668347,94.50380709999999,4.1,"park, point_of_interest, establishment",parks,Nagaland,Spring,Kiphire,34
M/S AZHO PAUL ORGANIC FARM,25.7274207,94.9265313,4,"park, point_of_interest, establishment",parks,Nagaland,Spring,Kiphire,2
Luhevi Park,26.0365138,94.6318628,4.7,"park, point_of_interest, establishment",parks,Nagaland,Spring,Kiphire,6
Patriots Monolith Park,26.0160152,94.5277546,5,"park, point_of_interest, establishment",parks,Nagaland,Spring,Kiphire,2
Children's Park,26.0105214,94.5221789,3.7,"park, point_of_interest, establishment",parks,Nagaland,Spring,Kiphire,46
Children Park 8th NAP BN.NALTOQA,26.0917853,94.5723919,0,"park, point_of_interest, establishment",parks,Nagaland,Spring,Kiphire,0
Kisetong Clover Resort,25.954432,94.72340559999999,5,"park, point_of_interest, establishment",parks,Nagaland,Spring,Kiphire,1
Tuhi,25.8333423,94.52844689999999,0,"park, point_of_interest, establishment",parks,Nagaland,Spring,Kiphire,0
9th Family Resort,25.909608,94.7903405,5,"park, point_of_interest, establishment",parks,Nagaland,Spring,Kiphire,1
MIMI tourist reception center,25.7094356,94.9053861,4.1,"campground, lodging, park, point_of_interest, establishment",parks,Nagaland,Spring,Kiphire,11
Hosito Elias's Fishery,25.8467059,94.8585912,0,"park, point_of_interest, establishment",parks,Nagaland,Spring,Kiphire,0
Ponglefo Rest House,25.785403,94.896738,0,"campground, lodging, park, point_of_interest, establishment",parks,Nagaland,Spring,Kiphire,0
SINGREP ADVENTURE,25.9126825,94.77029499999999,5,"park, point_of_interest, establishment",parks,Nagaland,Spring,Kiphire,4
Thomas farm,25.8972156,94.8217683,5,"park, point_of_interest, establishment",parks,Nagaland,Spring,Kiphire,1
Saramati Base Camp,25.7416207,95.01141630000001,4.8,"park, point_of_interest, establishment",parks,Nagaland,Spring,Kiphire,8
NAC/NMC (Stoppage point),25.9642252,94.83117539999999,4.7,"park, point_of_interest, establishment",parks,Nagaland,Spring,Kiphire,3
Chipong fishery farm,25.7315492,94.94647859999999,0,"park, point_of_interest, establishment",parks,Nagaland,Spring,Kiphire,0
Lephori terrace field,25.613806,94.600426,0,"park, point_of_interest, establishment",parks,Nagaland,Spring,Kiphire,0
Picnic spot,25.965736,94.58013199999999,0,"park, point_of_interest, establishment",parks,Nagaland,Spring,Kiphire,0
Memorial park,25.6923882,94.7174665,0,"park, point_of_interest, establishment",parks,Nagaland,Spring,Kiphire,0
Fishery farm,25.731718,94.86099999999999,0,"park, point_of_interest, establishment",parks,Nagaland,Spring,Kiphire,0
Cemetery,26.0293239,94.58455029999999,0,"park, point_of_interest, establishment",parks,Nagaland,Spring,Kiphire,0
Lukhuyimi cemetery,26.0271909,94.57137999999999,0,"park, point_of_interest, establishment",parks,Nagaland,Spring,Kiphire,0
Mimi limestone peak,25.696366,94.8883836,5,"park, point_of_interest, establishment",parks,Nagaland,Spring,Kiphire,1
Edna Anderson Memorial Garden,26.1518798,94.51880129999999,5,"park, point_of_interest, establishment",parks,Nagaland,Spring,Kiphire,1
Orchid Garden (LYO),25.6810459,94.8359248,5,"park, point_of_interest, establishment",parks,Nagaland,Spring,Kiphire,5
Langkhae Sang Shong CCA Salomi Village,25.8203507,94.9280347,0,"park, point_of_interest, establishment",parks,Nagaland,Spring,Kiphire,0
Jessami Birding Spot,25.6213607,94.54028509999999,0,"park, point_of_interest, establishment",parks,Nagaland,Spring,Kiphire,0
Coffee Farm,26.0900127,94.4925841,4,"park, point_of_interest, establishment",parks,Nagaland,Spring,Kiphire,1
Sasitii Wildlife Reserve,25.7037064,94.7224521,0,"zoo, park, point_of_interest, establishment",parks,Nagaland,Spring,Kiphire,0
Chugho Farm,25.727283,94.674611,0,"park, point_of_interest, establishment",parks,Nagaland,Spring,Kiphire,0
J Tomukam Orange Farm,26.0332036,94.83082639999999,5,"park, point_of_interest, establishment",parks,Nagaland,Spring,Kiphire,1
Wildlife sanctuary,25.613806,94.600426,0,"zoo, park, point_of_interest, establishment",parks,Nagaland,Spring,Kiphire,0
Children park,26.0852159,94.73774739999999,0,"park, point_of_interest, establishment",parks,Nagaland,Spring,Kiphire,0
ZHOZHO FISHARY FARM,25.7249672,94.92350850000001,0,"park, point_of_interest, establishment",parks,Nagaland,Spring,Kiphire,0
Yisisha pani khedi छत का मैदान,25.6873489,94.7302892,0,"park, point_of_interest, establishment",parks,Nagaland,Spring,Kiphire,0
Shushutho Nyuthe jhum field,25.7181217,94.64062799999999,0,"park, point_of_interest, establishment",parks,Nagaland,Spring,Kiphire,0
Free land,25.8243043,94.85017219999999,0,"park, point_of_interest, establishment",parks,Nagaland,Spring,Kiphire,0
Albes skyline View area,26.0930066,94.49225419999999,0,"park, point_of_interest, establishment",parks,Nagaland,Spring,Kiphire,0
NAC stoppage Point,26.1338483,95.01386040000001,4,"park, point_of_interest, establishment",parks,Nagaland,Spring,Kiphire,1
Judicial Garden,26.0012884,94.5220247,4,"park, point_of_interest, establishment",parks,Nagaland,Spring,Kiphire,6
"Multi-Purpose Project, Yakor Village",26.150164,94.87924900000002,0,"park, point_of_interest, establishment",parks,Nagaland,Spring,Kiphire,0
Elephant mountain,25.6399256,94.7448878,3,"park, point_of_interest, establishment",parks,Nagaland,Spring,Kiphire,2
Khunyu Miiza,25.6442059,94.6403225,0,"park, point_of_interest, establishment",parks,Nagaland,Spring,Kiphire,0
Achumi's Plot,25.9932104,94.50877159999999,0,"park, point_of_interest, establishment",parks,Nagaland,Spring,Kiphire,0
Mount zhipu,25.6416724,94.7487321,0,"park, point_of_interest, establishment",parks,Nagaland,Spring,Kiphire,0
Thongtsar Farm,25.891694,94.8127215,0,"park, point_of_interest, establishment",parks,Nagaland,Spring,Kiphire,0
Khyararow D. Field,25.959469,94.81353089999999,0,"park, point_of_interest, establishment",parks,Nagaland,Spring,Kiphire,0
Farm zone,26.066489,94.725163,0,"park, point_of_interest, establishment",parks,Nagaland,Spring,Kiphire,0
Lakiumong Orange Project,26.0473839,94.83761369999999,0,"park, point_of_interest, establishment",parks,Nagaland,Spring,Kiphire,0
Above lanye bridge,25.6185247,94.5116889,0,"park, point_of_interest, establishment",parks,Nagaland,Spring,Kiphire,0
NAC/NMC (View Point),25.8760469,94.7219616,0,"park, point_of_interest, establishment",parks,Nagaland,Spring,Kiphire,0
Disie farm,25.613806,94.600426,0,"park, point_of_interest, establishment",parks,Nagaland,Spring,Kiphire,0
Below PWD rest house,25.696389,94.72470799999999,0,"park, point_of_interest, establishment",parks,Nagaland,Spring,Kiphire,0
Daniel's goat farm,25.8693495,94.8101489,0,"park, point_of_interest, establishment",parks,Nagaland,Spring,Kiphire,0
Disie katiry's orange farm,25.6185686,94.62626569999999,0,"park, point_of_interest, establishment",parks,Nagaland,Spring,Kiphire,0
Apple Farm,25.7413804,94.94191479999999,0,"park, point_of_interest, establishment",parks,Nagaland,Spring,Kiphire,0
Khongsa Hq,25.7898833,94.90844589999999,0,"park, point_of_interest, establishment",parks,Nagaland,Spring,Kiphire,0
Amod Kumar,26.1221599,94.93218739999999,0,"campground, lodging, park, point_of_interest, establishment",parks,Nagaland,Spring,Kiphire,0
Antique Home,25.6759726,94.61887519999999,3.5,"museum, point_of_interest, establishment",museum,Nagaland,Winter,Kiphire,2
Rural Museum & Library (Laruri Youth Organisation),25.6792522,94.83781859999999,5,"museum, point_of_interest, establishment",museum,Nagaland,Winter,Kiphire,1
Sangkumti Public Ground,25.9141692,94.8728563,5,"museum, point_of_interest, establishment",museum,Nagaland,Winter,Kiphire,1
Log Drum,25.9226696,94.8916246,0,"museum, point_of_interest, establishment",museum,Nagaland,Winter,Kiphire,0
Wawade Waterfall,25.6825161,94.90436919999999,3.7,"tourist_attraction, point_of_interest, establishment",waterfalls,Nagaland,Monsoon,Kiphire,3
Chetsu waterfall,25.628904,94.916989,3,"tourist_attraction, point_of_interest, establishment",waterfalls,Nagaland,Monsoon,Kiphire,2
Kangkü waterfall,25.6631564,94.8889375,0,"tourist_attraction, point_of_interest, establishment",waterfalls,Nagaland,Monsoon,Kiphire,0
Ngotikong waterfall,25.8187605,94.8520636,0,"tourist_attraction, point_of_interest, establishment",waterfalls,Nagaland,Monsoon,Kiphire,0
Sasitii Wildlife Reserve,25.7037064,94.7224521,0,"zoo, park, point_of_interest, establishment",zoo,Nagaland,Winter,Kiphire,0
Wildlife sanctuary,25.613806,94.600426,0,"zoo, park, point_of_interest, establishment",zoo,Nagaland,Winter,Kiphire,0
Hindu temple,26.0169197,94.52764479999999,4.8,"hindu_temple, place_of_worship, point_of_interest, establishment",temples,Nagaland,All Seasons,Kiphire,4
14.Unit mandir,25.850545,94.7984749,5,"hindu_temple, place_of_worship, point_of_interest, establishment",temples,Nagaland,All Seasons,Kiphire,3
Unit Mandir 8th NAP BN. NALTOQA,26.091795,94.57023269999999,5,"hindu_temple, place_of_worship, point_of_interest, establishment",temples,Nagaland,All Seasons,Kiphire,1
Shiv mandir,25.683087,94.6971702,0,"hindu_temple, place_of_worship, point_of_interest, establishment",temples,Nagaland,All Seasons,Kiphire,0
14.(IR)Bn unit mandir,25.8587342,94.7946776,0,"hindu_temple, place_of_worship, point_of_interest, establishment",temples,Nagaland,All Seasons,Kiphire,0
महाकाल शिव मंदिर,26.0200568,94.5213629,0,"hindu_temple, place_of_worship, point_of_interest, establishment",temples,Nagaland,All Seasons,Kiphire,0
SBCZ Church,26.0179583,94.5293773,4.6,"church, place_of_worship, point_of_interest, establishment",temples,Nagaland,All Seasons,Kiphire,265
DC Hill Zunheboto,26.0084481,94.5218003,4.5,"church, place_of_worship, point_of_interest, establishment",hills,Nagaland,Winter,Kiphire,11
𝙳𝙲 𝙷𝙸𝙻𝙻 west,26.0090876,94.5228984,0,"place_of_worship, point_of_interest, establishment",hills,Nagaland,Winter,Kiphire,0
Naga Hills,26.0,95.0,4.3,"natural_feature, establishment",hills,Nagaland,Winter,Kiphire,51
Kijingvong Hill,25.7894628,94.89057059999999,5,"tourist_attraction, point_of_interest, establishment",hills,Nagaland,Winter,Kiphire,2
MERRY HILL SCHOOL,26.0136931,94.5238925,4.7,"school, point_of_interest, establishment",hills,Nagaland,Winter,Kiphire,9
Bloom Field Hill School.,26.0273166,94.52129389999999,5,"school, point_of_interest, establishment",hills,Nagaland,Winter,Kiphire,3
Children's Park,26.0105214,94.5221789,3.7,"park, point_of_interest, establishment",hills,Nagaland,Winter,Kiphire,46
"Hills Print,",25.884908,94.7851847,3.9,"point_of_interest, establishment",hills,Nagaland,Winter,Kiphire,7
Circuit House,26.012399,94.5207233,3.6,"lodging, point_of_interest, establishment",hills,Nagaland,Winter,Kiphire,85
NCRC Zünheboto,26.0095656,94.52401359999999,4.4,"place_of_worship, point_of_interest, establishment",hills,Nagaland,Winter,Kiphire,8
H Awomi Residence,26.008252,94.5222972,0,"point_of_interest, establishment",hills,Nagaland,Winter,Kiphire,0
Zünheboto Town Sümi Baptist Church,26.0105044,94.5239306,4.4,"church, place_of_worship, point_of_interest, establishment",hills,Nagaland,Winter,Kiphire,34
Zünheboto Ao Baptist Church,26.0082458,94.5222972,4.5,"place_of_worship, point_of_interest, establishment",hills,Nagaland,Winter,Kiphire,4
Saramati Peak,25.7403745,95.036974,4.5,"natural_feature, establishment",hills,Nagaland,Winter,Kiphire,136
Kavili Ground,26.0082468,94.5217028,0,"point_of_interest, establishment",hills,Nagaland,Winter,Kiphire,0
Kumsu Awomi,26.0084526,94.52328469999999,0,"point_of_interest, establishment",hills,Nagaland,Winter,Kiphire,0
"Seventh-Day Adventist Church, Zünheboto",26.0112378,94.52336290000001,3.7,"church, place_of_worship, point_of_interest, establishment",hills,Nagaland,Winter,Kiphire,3
Surumi Ki,26.0080807,94.5216741,0,"point_of_interest, establishment",hills,Nagaland,Winter,Kiphire,0
Modern Pharmacy,26.0036,94.52033290000001,0,"pharmacy, health, point_of_interest, store, establishment",hills,Nagaland,Winter,Kiphire,0
Shamatore,26.0711487,94.87457529999999,No rating,"administrative_area_level_4, political",hills,Nagaland,Winter,Kiphire,0
Kangkü waterfall,25.6631564,94.8889375,0,"tourist_attraction, point_of_interest, establishment",attraction,Nagaland,All Seasons,Kiphire,0
Wawade Waterfall,25.6825161,94.90436919999999,3.7,"tourist_attraction, point_of_interest, establishment",attraction,Nagaland,All Seasons,Kiphire,3
Mt Psykhadzü,25.6962711,94.8861956,0,"tourist_attraction, point_of_interest, establishment",attraction,Nagaland,All Seasons,Kiphire,0
Nyitü Valley Mithun Heritage Project,25.693418,94.76541399999999,0,"tourist_attraction, point_of_interest, establishment",attraction,Nagaland,All Seasons,Kiphire,0
Litsami Junction (NAC stoppage point),26.06778,94.4786701,5,"tourist_attraction, point_of_interest, establishment",attraction,Nagaland,All Seasons,Kiphire,3
KHONGJIRI VILLAGE,25.7243534,94.92805249999999,4.3,"tourist_attraction, point_of_interest, establishment",attraction,Nagaland,All Seasons,Kiphire,4
Rock bee and Cave,25.8881225,94.78559589999999,0,"tourist_attraction, point_of_interest, establishment",attraction,Nagaland,All Seasons,Kiphire,0
Chetsu waterfall,25.628904,94.916989,3,"tourist_attraction, point_of_interest, establishment",attraction,Nagaland,All Seasons,Kiphire,2
"Lumüsüpa, Zhipu Village",25.6260607,94.74637539999999,4.4,"tourist_attraction, point_of_interest, establishment",attraction,Nagaland,All Seasons,Kiphire,11
Sukhai Village,25.8798647,94.503395,4.7,"tourist_attraction, point_of_interest, establishment",attraction,Nagaland,All Seasons,Kiphire,11
Ngotikong waterfall,25.8187605,94.8520636,0,"tourist_attraction, point_of_interest, establishment",attraction,Nagaland,All Seasons,Kiphire,0
Saramati Point,25.8147932,94.8486483,0,"tourist_attraction, point_of_interest, establishment",attraction,Nagaland,All Seasons,Kiphire,0
Khiuktang Patty fields,26.0670048,94.7364546,0,"tourist_attraction, point_of_interest, establishment",attraction,Nagaland,All Seasons,Kiphire,0
Mokie village,25.652908,94.7719432,0,"tourist_attraction, point_of_interest, establishment",attraction,Nagaland,All Seasons,Kiphire,0
Yingphire Village,25.886406,94.584885,0,"tourist_attraction, point_of_interest, establishment",attraction,Nagaland,All Seasons,Kiphire,0
Hanging Bridge,25.8260543,94.8043845,5,"tourist_attraction, point_of_interest, establishment",attraction,Nagaland,All Seasons,Kiphire,1
Ayepah paddy field,26.0900097,94.7464669,0,"tourist_attraction, point_of_interest, establishment",attraction,Nagaland,All Seasons,Kiphire,0
Wiew point,25.6372877,94.882879,0,"tourist_attraction, point_of_interest, establishment",attraction,Nagaland,All Seasons,Kiphire,0
Taqihu peak,25.6790545,94.7806084,0,"tourist_attraction, point_of_interest, establishment",attraction,Nagaland,All Seasons,Kiphire,0
Bat Cave (Lapkhun),25.7206916,94.9078541,0,"tourist_attraction, point_of_interest, establishment",attraction,Nagaland,All Seasons,Kiphire,0
Bobohu waterfall,26.0861834,94.6734632,0,"tourist_attraction, point_of_interest, establishment",attraction,Nagaland,All Seasons,Kiphire,0
Khong village,25.759301,94.935243,0,"tourist_attraction, point_of_interest, establishment",attraction,Nagaland,All Seasons,Kiphire,0
Kijingvong Hill,25.7894628,94.89057059999999,5,"tourist_attraction, point_of_interest, establishment",attraction,Nagaland,All Seasons,Kiphire,2
Resting shed,25.6090852,94.6245592,0,"tourist_attraction, point_of_interest, establishment",attraction,Nagaland,All Seasons,Kiphire,0
Kijingvong cave,25.7867021,94.8910185,5,"tourist_attraction, point_of_interest, establishment",attraction,Nagaland,All Seasons,Kiphire,2
Pio ling kaa,25.9513137,95.0163833,0,"tourist_attraction, point_of_interest, establishment",attraction,Nagaland,All Seasons,Kiphire,0
Mithun Project,25.7207372,94.95697299999999,0,"tourist_attraction, point_of_interest, establishment",attraction,Nagaland,All Seasons,Kiphire,0
Naga Morung,25.7932725,94.8950539,1,"tourist_attraction, point_of_interest, establishment",attraction,Nagaland,All Seasons,Kiphire,1
SINGREP ADVENTURE,25.9126825,94.77029499999999,5,"park, point_of_interest, establishment",attraction,Nagaland,All Seasons,Kiphire,4
Joggers Park,25.7190194,94.1072744,4.3,"park, point_of_interest, establishment",parks,Nagaland,Spring,Kohima,29
T.N Angami Memorial,25.6693972,94.0724303,4.6,"park, point_of_interest, establishment",parks,Nagaland,Spring,Kohima,10
Sikhakie Park,25.6264784,94.0022283,4.5,"park, point_of_interest, establishment",parks,Nagaland,Spring,Kohima,13
Highland Park,25.7086589,94.0907302,3.6,"park, point_of_interest, establishment",parks,Nagaland,Spring,Kohima,233
A. Z. Phizo Memorial,25.7068663,94.1072197,4,"park, point_of_interest, establishment",parks,Nagaland,Spring,Kohima,168
Triple Falls Seithekema,25.8063018,93.816648,4,"tourist_attraction, park, point_of_interest, establishment",parks,Nagaland,Spring,Kohima,136
Vaonuhro Liyai Khullen Village,25.4384295,94.2819107,5,"park, point_of_interest, establishment",parks,Nagaland,Spring,Kohima,17
Kidima Prayer Park,25.571035,94.183953,4.2,"park, point_of_interest, establishment",parks,Nagaland,Spring,Kohima,90
Pulo Park,25.893222,94.27215609999999,5,"park, point_of_interest, establishment",parks,Nagaland,Spring,Kohima,1
PHUTOI FARM VISHO GHAZU,25.9040326,93.97150099999999,4.8,"park, point_of_interest, establishment",parks,Nagaland,Spring,Kohima,14
TBC Jubilee Memorial Stone,25.4841836,94.2365652,4.2,"park, point_of_interest, establishment",parks,Nagaland,Spring,Kohima,18
NSF Martyrs' Park,25.6607641,94.10120219999999,3.4,"park, point_of_interest, establishment",parks,Nagaland,Spring,Kohima,234
Sakhrie Park,25.6548966,94.10569559999999,3.8,"park, point_of_interest, establishment",parks,Nagaland,Spring,Kohima,873
Sokhriezie Park,25.6585027,94.0996794,4,"park, point_of_interest, establishment",parks,Nagaland,Spring,Kohima,31
Dzükou Valley,25.5553627,94.0652787,4.7,"tourist_attraction, park, point_of_interest, establishment",parks,Nagaland,Spring,Kohima,802
"Teinghipabuh,T.T.R Picnic Spot",25.4901336,94.2493942,5,"park, point_of_interest, establishment",parks,Nagaland,Spring,Kohima,4
Children Park,25.7407034,94.10898189999999,3.5,"park, point_of_interest, establishment",parks,Nagaland,Spring,Kohima,53
Sensory park,25.6696965,94.10665139999999,5,"park, point_of_interest, establishment",parks,Nagaland,Spring,Kohima,1
Kalinamai eco park,25.4875094,94.12115349999999,4.4,"park, point_of_interest, establishment",parks,Nagaland,Spring,Kohima,20
"Local Park, Central Secreteriate",25.706291,94.107343,0,"park, point_of_interest, establishment",parks,Nagaland,Spring,Kohima,0
Naamai Zho Eco Tourism Park,25.4039745,94.15793289999999,4.4,"park, point_of_interest, establishment",parks,Nagaland,Spring,Kohima,106
Dzüdza Retreat,25.8439705,93.97541869999999,4.1,"park, point_of_interest, establishment",parks,Nagaland,Spring,Kohima,59
Longyang's Lounge,25.6923459,94.1062223,3.3,"park, point_of_interest, establishment",parks,Nagaland,Spring,Kohima,38
Nagaland State Museum,25.6850553,94.10482379999999,4,"museum, tourist_attraction, point_of_interest, establishment",museum,Nagaland,Winter,Kohima,1503
Zapami Heritage Museum,25.5350228,94.2477152,4.3,"museum, point_of_interest, establishment",museum,Nagaland,Winter,Kohima,20
Kuotsu Heritage Museum,25.6532175,94.02104969999999,4.6,"museum, point_of_interest, establishment",museum,Nagaland,Winter,Kohima,5
A g a r w a l P a c k e r s A n d M o v e r s LTD,25.6812128,94.1045792,0,"museum, point_of_interest, establishment",museum,Nagaland,Winter,Kohima,0
CommonWealth World War II Cemetry,25.6679568,94.1035672,4.4,"point_of_interest, establishment",museum,Nagaland,Winter,Kohima,1413
Stone monolith,25.4701615,93.97296159999999,4.4,"museum, point_of_interest, establishment",museum,Nagaland,Winter,Kohima,8
Nagaland mu manipur tsiiswe,25.5033141,94.20113429999999,3.7,"museum, point_of_interest, establishment",museum,Nagaland,Winter,Kohima,3
"Tourist Village Tuophema(Ancient Heritage Village) - Kohima District, Nagaland, India",25.8458488,94.1829613,4.1,"tourist_attraction, point_of_interest, establishment",museum,Nagaland,Winter,Kohima,161
World war-II - Japanese Trenches -,25.5736675,94.1849565,0,"museum, point_of_interest, establishment",museum,Nagaland,Winter,Kohima,0
Kohima Mini Zoo,25.6923396,94.08992520000001,4,"zoo, point_of_interest, establishment",museum,Nagaland,Winter,Kohima,50
SABAK Museum and Library,25.8930049,94.27371819999999,0,"point_of_interest, establishment",museum,Nagaland,Winter,Kohima,0
Kisama Heritage Village,25.616329,94.11440340000001,4.5,"tourist_attraction, travel_agency, point_of_interest, establishment",museum,Nagaland,Winter,Kohima,1841
Catholic Church,25.610717,94.14177939999999,4.9,"tourist_attraction, church, place_of_worship, point_of_interest, establishment",museum,Nagaland,Winter,Kohima,12
"Puliebadze, Jotsoma Village",25.6477122,94.07311179999999,4.5,"tourist_attraction, point_of_interest, establishment",museum,Nagaland,Winter,Kohima,230
Captain Kengurusie (MVC) Memorial,25.7732904,94.0894919,4,"point_of_interest, establishment",museum,Nagaland,Winter,Kohima,30
Rural museum Tuophema,25.8449388,94.1831626,5,"museum, point_of_interest, establishment",museum,Nagaland,Winter,Kohima,2
Spa Khii Zang,25.4279466,94.0843948,4.5,"museum, point_of_interest, establishment",museum,Nagaland,Winter,Kohima,2
Makhan Centre Zero Point,25.4342858,94.119281,5,"museum, point_of_interest, establishment",museum,Nagaland,Winter,Kohima,3
Shevadu Chu,25.425109,94.2466463,0,"museum, point_of_interest, establishment",museum,Nagaland,Winter,Kohima,0
Triple Falls Seithekema,25.8063018,93.816648,4,"tourist_attraction, park, point_of_interest, establishment",waterfalls,Nagaland,Monsoon,Kohima,136
Jüthseri Waterfalls,25.5328337,94.2434615,5,"tourist_attraction, point_of_interest, establishment",waterfalls,Nagaland,Monsoon,Kohima,4
Maram Waterfall (Haba dui Waterfall),25.4249888,94.09190629999999,3.3,"tourist_attraction, point_of_interest, establishment",waterfalls,Nagaland,Monsoon,Kohima,3
Lüsoke Waterfall Khuzama,25.5315192,94.1212262,4,"park, point_of_interest, establishment",waterfalls,Nagaland,Monsoon,Kohima,1
Dzüko Caves,25.5546125,94.0654844,4.8,"tourist_attraction, point_of_interest, establishment",waterfalls,Nagaland,Monsoon,Kohima,15
Khunhyo Waterfall,25.5226546,94.1216235,4,"amusement_park, point_of_interest, establishment",waterfalls,Nagaland,Monsoon,Kohima,1
Heunambe Village,25.6077381,93.9145355,4.3,"tourist_attraction, point_of_interest, establishment",waterfalls,Nagaland,Monsoon,Kohima,3
Lyave Dziiphya (Waterfall),25.4235187,94.2526804,5,"amusement_park, point_of_interest, establishment",waterfalls,Nagaland,Monsoon,Kohima,10
"Mt. Pauna, Benreu village",25.5881875,93.8618125,4.9,"park, point_of_interest, establishment",waterfalls,Nagaland,Monsoon,Kohima,14
Sakhrie Park,25.6548966,94.10569559999999,3.8,"park, point_of_interest, establishment",waterfalls,Nagaland,Monsoon,Kohima,873
Dzükou Valley,25.5553627,94.0652787,4.7,"tourist_attraction, park, point_of_interest, establishment",beaches,Nagaland,Summer,Kohima,802
"Mt. Pauna, Benreu village",25.5881875,93.8618125,4.9,"park, point_of_interest, establishment",beaches,Nagaland,Summer,Kohima,14
Vishal Mega Mart,25.6891911,94.0985202,3.7,"supermarket, grocery_or_supermarket, clothing_store, food, point_of_interest, store, establishment",beaches,Nagaland,Summer,Kohima,2120
Kohima Mini Zoo,25.6923396,94.08992520000001,4,"zoo, point_of_interest, establishment",zoo,Nagaland,Winter,Kohima,50
Naamai Zho Eco Tourism Park,25.4039745,94.15793289999999,4.4,"park, point_of_interest, establishment",zoo,Nagaland,Winter,Kohima,106
Sachü wild boar farm kidima,25.5660312,94.1945514,4,"zoo, park, point_of_interest, establishment",zoo,Nagaland,Winter,Kohima,1
Sanctuary park Reserve area,25.5520929,94.3996938,4.5,"zoo, park, point_of_interest, establishment",zoo,Nagaland,Winter,Kohima,2
Durgabari Temple Kohima,25.6609706,94.1050135,4.1,"hindu_temple, place_of_worship, point_of_interest, establishment",temples,Nagaland,All Seasons,Kohima,57
"Radha Krishna, Temple",25.6428886,94.1110367,4.3,"hindu_temple, place_of_worship, point_of_interest, establishment",temples,Nagaland,All Seasons,Kohima,3
Shiv Mandir,25.817236,93.815544,5,"hindu_temple, place_of_worship, point_of_interest, establishment",temples,Nagaland,All Seasons,Kohima,5
Nepali Temple,25.6593933,94.1044075,3.5,"hindu_temple, place_of_worship, point_of_interest, establishment",temples,Nagaland,All Seasons,Kohima,36
SHIV Temple,25.6508588,94.10897489999999,5,"hindu_temple, place_of_worship, point_of_interest, establishment",temples,Nagaland,All Seasons,Kohima,4
Durga Temple,25.6536145,94.1976887,3.6,"hindu_temple, place_of_worship, point_of_interest, establishment",temples,Nagaland,All Seasons,Kohima,7
Jain Temple,25.6764801,94.10924849999999,3.9,"place_of_worship, point_of_interest, establishment",temples,Nagaland,All Seasons,Kohima,22
Naag Mandhir,25.425944,94.103259,4.5,"hindu_temple, place_of_worship, point_of_interest, establishment",temples,Nagaland,All Seasons,Kohima,2
Shri Shri Arya Durga Mandir,25.4161284,94.1091877,4.8,"hindu_temple, place_of_worship, point_of_interest, establishment",temples,Nagaland,All Seasons,Kohima,8
R.S SATSANG KOHIMA,25.6603223,94.1027683,4.7,"hindu_temple, place_of_worship, point_of_interest, establishment",temples,Nagaland,All Seasons,Kohima,7
Sri Shiv Mandir,25.7567615,93.87440149999999,3.8,"hindu_temple, place_of_worship, point_of_interest, establishment",temples,Nagaland,All Seasons,Kohima,6
Shri shri Durga Mandir,25.7622621,93.8863373,4,"hindu_temple, place_of_worship, point_of_interest, establishment",temples,Nagaland,All Seasons,Kohima,4
SHIV Bholenath Temple,25.4198768,94.1009393,4.4,"hindu_temple, place_of_worship, point_of_interest, establishment",temples,Nagaland,All Seasons,Kohima,7
Gorkha Singhadevi Temple,25.6602325,94.10198539999999,4.8,"hindu_temple, place_of_worship, point_of_interest, establishment",temples,Nagaland,All Seasons,Kohima,6
Gurdwara Singh Sabha (Sikh Temple),25.6705743,94.1093331,4.5,"place_of_worship, point_of_interest, establishment",temples,Nagaland,All Seasons,Kohima,4
G H Damant Tomb Monument,25.654438,94.022005,4.5,"tourist_attraction, point_of_interest, establishment",temples,Nagaland,All Seasons,Kohima,101
Niuland Durga Mandir,25.908945,93.9899289,5,"hindu_temple, place_of_worship, point_of_interest, establishment",temples,Nagaland,All Seasons,Kohima,1
4th NAP unit mandir,25.730702,94.1087676,3.9,"hindu_temple, place_of_worship, point_of_interest, establishment",temples,Nagaland,All Seasons,Kohima,7
Hindu temple,25.5972622,93.82833699999999,0,"place_of_worship, point_of_interest, establishment",temples,Nagaland,All Seasons,Kohima,0
Kadampattu Durga Devi Temple,25.6890941,94.09727339999999,0,"hindu_temple, place_of_worship, point_of_interest, establishment",temples,Nagaland,All Seasons,Kohima,0
"Old Ministers'Hill, Kohima",25.656729,94.092961,4.3,"school, point_of_interest, establishment",hills,Nagaland,Winter,Kohima,6
P.R. Hill,25.6594959,94.09957779999999,No rating,"sublocality_level_1, sublocality, political",hills,Nagaland,Winter,Kohima,0
Wonder Hill Inn,25.7286119,94.0276181,4.9,"restaurant, food, point_of_interest, establishment",hills,Nagaland,Winter,Kohima,13
Ben's Home,25.7288521,94.1088363,3.6,"point_of_interest, establishment",hills,Nagaland,Winter,Kohima,17
"Green Hills Restaurant, Peducha",25.73359,93.9947704,4.6,"restaurant, food, point_of_interest, establishment",hills,Nagaland,Winter,Kohima,79
"Khrieketsa, Pine Hill",25.5216655,94.25778749999999,4.2,"park, tourist_attraction, point_of_interest, establishment",hills,Nagaland,Winter,Kohima,16
"Hill College, Tadubi",25.4779969,94.1304996,3.5,"university, point_of_interest, establishment",hills,Nagaland,Winter,Kohima,4
Cathedral Hill View Point,25.6531896,94.1045613,4.6,"tourist_attraction, point_of_interest, establishment",hills,Nagaland,Winter,Kohima,30
"B.O.C / P.R. Hill Bus Stand, Kohima",25.6584286,94.0992522,4.5,"parking, point_of_interest, establishment",hills,Nagaland,Winter,Kohima,4
Hills Stay,25.6546426,94.0975005,4.7,"lodging, point_of_interest, establishment",hills,Nagaland,Winter,Kohima,11
"Firstcry Intellitots Preschool & Daycare - Officer's Hill, Kohima",25.6643042,94.0986489,5,"primary_school, school, point_of_interest, establishment",hills,Nagaland,Winter,Kohima,33
Kire's Residence Officer's Hill,25.6654684,94.09949759999999,0,"point_of_interest, establishment",hills,Nagaland,Winter,Kohima,0
NORTH HILL BOYS HOSTEL,25.7687999,94.0936136,3,"university, point_of_interest, establishment",hills,Nagaland,Winter,Kohima,2
Hill Side Restaurant,25.6594728,94.09960629999999,4.5,"restaurant, food, point_of_interest, establishment",hills,Nagaland,Winter,Kohima,2
Gorkha Hill Campsite,25.6325125,94.1987656,5,"campground, lodging, park, point_of_interest, establishment",hills,Nagaland,Winter,Kohima,3
Phizo hill,25.7067935,94.1071621,0,"park, point_of_interest, establishment",hills,Nagaland,Winter,Kohima,0
Sunning Hill,25.6890427,94.1003848,5,"point_of_interest, establishment",hills,Nagaland,Winter,Kohima,5
"Chakhesang Baptist Church, Ministers' Hill",25.6537791,94.09911389999999,4.5,"church, place_of_worship, point_of_interest, establishment",hills,Nagaland,Winter,Kohima,122
Govt. Primary School Lower P.R Hill,25.6604299,94.0984658,5,"school, point_of_interest, establishment",hills,Nagaland,Winter,Kohima,1
Minister Hill,25.6551717,94.09574289999999,No rating,"sublocality_level_1, sublocality, political",hills,Nagaland,Winter,Kohima,0
Ministers' Hill Baptist Church,25.6564182,94.0929996,4.4,"church, place_of_worship, point_of_interest, establishment",hills,Nagaland,Winter,Kohima,99
New Ministers'Hill Unity Park,25.6518671,94.1046016,0,"park, point_of_interest, establishment",hills,Nagaland,Winter,Kohima,0
Ministers' Hill Baptist Higher Secondary School,25.656636,94.0931613,4.2,"secondary_school, school, point_of_interest, establishment",hills,Nagaland,Winter,Kohima,70
Office hill,25.6661366,94.0983763,0,"bar, point_of_interest, establishment",hills,Nagaland,Winter,Kohima,0
Post Office PR Hill,25.6604543,94.1000481,1.6,"post_office, point_of_interest, finance, establishment",hills,Nagaland,Winter,Kohima,11
Hill View,25.6843687,94.108548,3.9,"lodging, point_of_interest, establishment",hills,Nagaland,Winter,Kohima,10
Mariam hill,25.4192584,94.1039357,5,"place_of_worship, point_of_interest, establishment",hills,Nagaland,Winter,Kohima,1
New Minister Hill Panchayat,25.6513312,94.0996222,3,"point_of_interest, establishment",hills,Nagaland,Winter,Kohima,4
PR Hill,25.6594728,94.09960629999999,0,"lodging, point_of_interest, establishment",hills,Nagaland,Winter,Kohima,0
Teyozwü Hill,25.5603526,94.12529730000001,0,"natural_feature, establishment",hills,Nagaland,Winter,Kohima,0
Temone Pine Hill,25.5338091,94.1738381,0,"park, point_of_interest, establishment",hills,Nagaland,Winter,Kohima,0
Khridzii Hill,25.4661146,94.12595030000001,0,"natural_feature, establishment",hills,Nagaland,Winter,Kohima,0
"Multi-storey parking PR Hill, Kohima",25.6594513,94.0991597,0,"parking, point_of_interest, establishment",hills,Nagaland,Winter,Kohima,0
"Hill Top Cabin (Homestay), Mao, Manipur",25.5097177,94.1255781,1.5,"lodging, point_of_interest, establishment",hills,Nagaland,Winter,Kohima,2
Nagaland Christian Revival Church P.R. Hill,25.6586793,94.101173,5,"church, place_of_worship, point_of_interest, establishment",hills,Nagaland,Winter,Kohima,4
Lower pr hill,25.6594728,94.09960629999999,0,"point_of_interest, establishment",hills,Nagaland,Winter,Kohima,0
"Achievers Academy, Mato Complex, opposite PHQ, P.R. Hill, Kohima Nagaland",25.6586189,94.0987928,5,"point_of_interest, establishment",hills,Nagaland,Winter,Kohima,7
Garrison Hill Centre Kohima,25.6666459,94.10343929999999,0,"cafe, food, point_of_interest, establishment",hills,Nagaland,Winter,Kohima,0
La Colline Resort,25.652051,94.09538219999999,4.5,"lodging, point_of_interest, establishment",hills,Nagaland,Winter,Kohima,71
"Victor Junction, Officer’s Hill Colony",25.6630625,94.0978417,0,"point_of_interest, establishment",hills,Nagaland,Winter,Kohima,0
NMH-B/018 New Ministers Hill,25.655152,94.0957438,0,"point_of_interest, establishment",hills,Nagaland,Winter,Kohima,0
"Sümi Baptist Church, Kohima – Ministers' Hill Fellowship",25.6527736,94.0965717,5,"church, place_of_worship, point_of_interest, establishment",hills,Nagaland,Winter,Kohima,2
"Ao Fellowship Church , New Minister Hill",25.6518639,94.0996796,0,"place_of_worship, point_of_interest, establishment",hills,Nagaland,Winter,Kohima,0
Teps Hill View Homestay,25.924691,94.21488099999999,0,"lodging, point_of_interest, establishment",hills,Nagaland,Winter,Kohima,0
"AICSM P.R Hill Centre, Kohima",25.6584217,94.09851619999999,4.8,"point_of_interest, establishment",hills,Nagaland,Winter,Kohima,4
Day & Night Luxury Restaurant,25.6535989,94.0991975,4.5,"restaurant, food, point_of_interest, establishment",hills,Nagaland,Winter,Kohima,8
Vivid Lounge,25.6584067,94.0986827,3.4,"lodging, restaurant, food, point_of_interest, establishment",hills,Nagaland,Winter,Kohima,66
Kiwi Store,25.6874224,94.10090749999999,4.4,"convenience_store, store, food, point_of_interest, establishment",hills,Nagaland,Winter,Kohima,10
Hills View Naga Ethnic Hotel,25.748946,93.97765869999999,4,"lodging, point_of_interest, establishment",hills,Nagaland,Winter,Kohima,1
Family Hill Store Runguzu,25.6964751,94.3185714,0,"convenience_store, store, food, point_of_interest, establishment",hills,Nagaland,Winter,Kohima,0
Triple Falls Seithekema,25.8063018,93.816648,4,"tourist_attraction, park, point_of_interest, establishment",attraction,Nagaland,All Seasons,Kohima,136
Dzükou Valley,25.5553627,94.0652787,4.7,"tourist_attraction, park, point_of_interest, establishment",attraction,Nagaland,All Seasons,Kohima,802
Kisama Heritage Village,25.616329,94.11440340000001,4.5,"tourist_attraction, travel_agency, point_of_interest, establishment",attraction,Nagaland,All Seasons,Kohima,1841
Nagaland Heritage Village,25.6164264,94.1144107,4.6,"tourist_attraction, point_of_interest, establishment",attraction,Nagaland,All Seasons,Kohima,29
"Puliebadze, Jotsoma Village",25.6477122,94.07311179999999,4.5,"tourist_attraction, point_of_interest, establishment",attraction,Nagaland,All Seasons,Kohima,230
Shürho View Point,25.6110301,94.1148245,4.4,"tourist_attraction, point_of_interest, establishment",attraction,Nagaland,All Seasons,Kohima,59
Cathedral Hill View Point,25.6531896,94.1045613,4.6,"tourist_attraction, point_of_interest, establishment",attraction,Nagaland,All Seasons,Kohima,30
"Tourist Village Tuophema(Ancient Heritage Village) - Kohima District, Nagaland, India",25.8458488,94.1829613,4.1,"tourist_attraction, point_of_interest, establishment",attraction,Nagaland,All Seasons,Kohima,161
Mao viewpoint,25.5112866,94.13343429999999,4,"tourist_attraction, point_of_interest, establishment",attraction,Nagaland,All Seasons,Kohima,4
Saranamai view point,25.461787,94.2053433,0,"tourist_attraction, point_of_interest, establishment",attraction,Nagaland,All Seasons,Kohima,0
Watch Tower R. Khel,25.5589567,94.146699,4.4,"tourist_attraction, point_of_interest, establishment",attraction,Nagaland,All Seasons,Kohima,9
Ngaipai Ngaipao sübuh,25.4187254,94.2441049,4.3,"tourist_attraction, point_of_interest, establishment",attraction,Nagaland,All Seasons,Kohima,6
Khonoma village,25.6523425,94.0229921,4.7,"tourist_attraction, point_of_interest, establishment",attraction,Nagaland,All Seasons,Kohima,100
Midway Viewpoint,25.7520749,93.9736293,4,"tourist_attraction, point_of_interest, establishment",attraction,Nagaland,All Seasons,Kohima,12
Dzüko Viswema View Point (Short Cut),25.5417375,94.0947344,5,"tourist_attraction, point_of_interest, establishment",attraction,Nagaland,All Seasons,Kohima,2
"Vaongulu, Phuba Tourism",25.4386847,94.28214899999999,5,"tourist_attraction, point_of_interest, establishment",attraction,Nagaland,All Seasons,Kohima,41
Dzükou Point,25.5722989,94.1210663,4.5,"tourist_attraction, point_of_interest, establishment",attraction,Nagaland,All Seasons,Kohima,403
Ao morung,25.61579,94.1137536,5,"tourist_attraction, point_of_interest, establishment",attraction,Nagaland,All Seasons,Kohima,3
Saranamai view point,25.4428986,94.245553,0,"tourist_attraction, point_of_interest, establishment",attraction,Nagaland,All Seasons,Kohima,0
Kohima View Point,25.60953,94.11516309999999,4.2,"tourist_attraction, point_of_interest, establishment",attraction,Nagaland,All Seasons,Kohima,5
Christ King Gate,25.675658,94.118454,0,"tourist_attraction, point_of_interest, establishment",attraction,Nagaland,All Seasons,Kohima,0
Seidzü valley,25.6653851,94.2191393,3.3,"tourist_attraction, point_of_interest, establishment",attraction,Nagaland,All Seasons,Kohima,3
Valley View Point,25.7719213,93.9322669,5,"tourist_attraction, point_of_interest, establishment",attraction,Nagaland,All Seasons,Kohima,1
Watch Tower - Hardier's Club,25.4852716,94.122688,4.5,"tourist_attraction, point_of_interest, establishment",attraction,Nagaland,All Seasons,Kohima,4
"Tourist Log Huts, Benreu",25.568257,93.85968129999999,4.6,"tourist_attraction, point_of_interest, establishment",attraction,Nagaland,All Seasons,Kohima,11
Khonoma Rice Terraces,25.650831,94.0203135,4.5,"tourist_attraction, point_of_interest, establishment",attraction,Nagaland,All Seasons,Kohima,2
Happiness,25.6404639,93.9807777,0,"tourist_attraction, point_of_interest, establishment",attraction,Nagaland,All Seasons,Kohima,0
"Chedema Village, View Point (Ketsiezou)",25.6818497,94.1460405,4.5,"tourist_attraction, point_of_interest, establishment",attraction,Nagaland,All Seasons,Kohima,2
Makhan watch tower,25.4507371,94.1174822,3.3,"tourist_attraction, point_of_interest, establishment",attraction,Nagaland,All Seasons,Kohima,4
Khyouchi Deichi,25.4045341,94.27660259999999,4.8,"tourist_attraction, point_of_interest, establishment",attraction,Nagaland,All Seasons,Kohima,6
Viken Zi (The Bed of Viken),25.586647,94.12653429999999,4,"tourist_attraction, point_of_interest, establishment",attraction,Nagaland,All Seasons,Kohima,5
Dumeh Tsudu,25.5129557,94.31155679999999,0,"tourist_attraction, point_of_interest, establishment",attraction,Nagaland,All Seasons,Kohima,0
CHIIPFO LIJII MATI,25.4567769,94.1415681,0,"tourist_attraction, point_of_interest, establishment",attraction,Nagaland,All Seasons,Kohima,0
Driver's Shelter,25.648657,94.1836043,4,"tourist_attraction, point_of_interest, establishment",attraction,Nagaland,All Seasons,Kohima,1
I LOVE KOHIMA,25.6680913,94.1047799,4.5,"tourist_attraction, point_of_interest, establishment",attraction,Nagaland,All Seasons,Kohima,6
Dzüko Caves,25.5546125,94.0654844,4.8,"tourist_attraction, point_of_interest, establishment",attraction,Nagaland,All Seasons,Kohima,15
Maram Waterfall (Haba dui Waterfall),25.4249888,94.09190629999999,3.3,"tourist_attraction, point_of_interest, establishment",attraction,Nagaland,All Seasons,Kohima,3
View point,25.4539533,94.0238557,0,"tourist_attraction, point_of_interest, establishment",attraction,Nagaland,All Seasons,Kohima,0
"Phyamai Vaongulu, Phuba Khuman Village",25.4385557,94.28197229999999,5,"tourist_attraction, point_of_interest, establishment",attraction,Nagaland,All Seasons,Kohima,2
Heunambe Village,25.6077381,93.9145355,4.3,"tourist_attraction, point_of_interest, establishment",attraction,Nagaland,All Seasons,Kohima,3
Nagaland State Museum,25.6850553,94.10482379999999,4,"museum, tourist_attraction, point_of_interest, establishment",attraction,Nagaland,All Seasons,Kohima,1503
"Seri- Tourism Model Farming Centre, Jharnapani, Chumoukidema district, Nagaland",25.7456544,93.8534784,5,"tourist_attraction, point_of_interest, establishment",attraction,Nagaland,All Seasons,Kohima,5
Chakre Chovow (Song Song Village),25.5128274,94.1358154,3,"tourist_attraction, point_of_interest, establishment",attraction,Nagaland,All Seasons,Kohima,2
Ledepa li (Rhododendron Garden),25.509442,94.1078098,4.8,"tourist_attraction, point_of_interest, establishment",attraction,Nagaland,All Seasons,Kohima,5
CabinV,25.6630437,94.13899119999999,5,"tourist_attraction, point_of_interest, establishment",attraction,Nagaland,All Seasons,Kohima,1
Seidzü river,25.6873973,94.2231156,4.4,"tourist_attraction, point_of_interest, establishment",attraction,Nagaland,All Seasons,Kohima,12
Soku Mate,25.5201205,94.1532577,4.4,"tourist_attraction, point_of_interest, establishment",attraction,Nagaland,All Seasons,Kohima,25
Phyamai View Point,25.4411793,94.2490816,5,"park, tourist_attraction, campground, lodging, travel_agency, point_of_interest, establishment",attraction,Nagaland,All Seasons,Kohima,4
"Mhaziezou Park, Thizama village",25.7547923,94.108885,4,"tourist_attraction, point_of_interest, establishment",attraction,Nagaland,All Seasons,Kohima,10
Mt Pauna view point,25.573771,93.81743329999999,4.5,"tourist_attraction, point_of_interest, establishment",attraction,Nagaland,All Seasons,Kohima,2
Luho and sale monumentary stone,25.538556,94.13183599999999,0,"tourist_attraction, point_of_interest, establishment",attraction,Nagaland,All Seasons,Kohima,0
"Kenei Peli 12 Badze, Rücie (P'Khel Kohima)",25.7098884,94.1210522,3.7,"tourist_attraction, point_of_interest, establishment",attraction,Nagaland,All Seasons,Kohima,3
Kharuju Houba,25.6730347,94.0180326,4,"tourist_attraction, point_of_interest, establishment",attraction,Nagaland,All Seasons,Kohima,1
Angami Morung,25.6158695,94.11436409999999,4.7,"tourist_attraction, point_of_interest, establishment",attraction,Nagaland,All Seasons,Kohima,3
Tekuonoba,25.6454744,94.0735097,0,"tourist_attraction, point_of_interest, establishment",attraction,Nagaland,All Seasons,Kohima,0
ETHUPFIIO MA TEE,25.4640596,94.1353621,0,"tourist_attraction, point_of_interest, establishment",attraction,Nagaland,All Seasons,Kohima,0
Thüvopisümi,25.7085625,94.3431875,4.4,"tourist_attraction, point_of_interest, establishment",attraction,Nagaland,All Seasons,Kohima,29
Nhalie Badze,25.6698826,94.0126514,4.8,"tourist_attraction, point_of_interest, establishment",attraction,Nagaland,All Seasons,Kohima,13
Dzüko Bridge,25.5589257,94.1410607,4.8,"tourist_attraction, point_of_interest, establishment",attraction,Nagaland,All Seasons,Kohima,10
Peak of Hope,25.5526262,94.3004467,4.5,"tourist_attraction, point_of_interest, establishment",attraction,Nagaland,All Seasons,Kohima,10
D. E. F Park,26.3487575,94.5534167,3.9,"park, point_of_interest, establishment",parks,Nagaland,Spring,Longleng,30
Children park,26.6738641,94.64403399999999,0,"park, point_of_interest, establishment",parks,Nagaland,Spring,Longleng,0
The Green Bliss,26.373711,94.5507453,5,"park, point_of_interest, establishment",parks,Nagaland,Spring,Longleng,1
Eastern park,26.660006,94.731201,0,"park, point_of_interest, establishment",parks,Nagaland,Spring,Longleng,0
Longvow Stone Park,26.5731263,95.05613939999999,3.8,"park, point_of_interest, establishment",parks,Nagaland,Spring,Longleng,4
Peace Garden,26.4548875,94.6313594,5,"park, point_of_interest, establishment",parks,Nagaland,Spring,Longleng,10
LTR Multi Garden,26.7055434,94.56322709999999,4,"park, point_of_interest, establishment",parks,Nagaland,Spring,Longleng,1
SEC-26,26.7641503,94.57383070000002,3.7,"park, point_of_interest, establishment",parks,Nagaland,Spring,Longleng,10
"Star Club Park, Yaongyimchen",26.511041,94.727672,5,"park, point_of_interest, establishment",parks,Nagaland,Spring,Longleng,4
Park,26.3513454,94.60374929999999,3.8,"park, point_of_interest, establishment",parks,Nagaland,Spring,Longleng,4
Longleng Peak,26.4865846,94.8213669,3,"park, point_of_interest, establishment",parks,Nagaland,Spring,Longleng,4
Herbal Garden Longleng,26.4982038,94.8297183,5,"park, point_of_interest, establishment",parks,Nagaland,Spring,Longleng,1
Park,26.3878842,94.61302160000001,0,"park, point_of_interest, establishment",parks,Nagaland,Spring,Longleng,0
Sec -22,26.7565948,94.57835089999999,4.8,"park, point_of_interest, establishment",parks,Nagaland,Spring,Longleng,4
Sec-21,26.7570271,94.5748059,5,"park, point_of_interest, establishment",parks,Nagaland,Spring,Longleng,2
S.Mar Jamir Memorial Park,26.4298368,94.62747209999999,0,"park, point_of_interest, establishment",parks,Nagaland,Spring,Longleng,0
APGO Park,26.4983875,94.8304167,0,"park, point_of_interest, establishment",parks,Nagaland,Spring,Longleng,0
"View Point, Yaongyimchen",26.5146301,94.72492779999999,5,"park, point_of_interest, establishment",parks,Nagaland,Spring,Longleng,2
Sec- 14,26.7624479,94.5947839,5,"park, point_of_interest, establishment",parks,Nagaland,Spring,Longleng,1
Penzukong Park,26.3337793,94.5520061,0,"park, point_of_interest, establishment",parks,Nagaland,Spring,Longleng,0
Sec-42,26.7596616,94.60145039999999,5,"park, point_of_interest, establishment",parks,Nagaland,Spring,Longleng,1
SARS Watershade & Biodiversity Garden,26.4019505,94.60020569999999,3.9,"park, point_of_interest, establishment",parks,Nagaland,Spring,Longleng,9
Tanglang phaü,26.6350546,94.7350055,0,"park, point_of_interest, establishment",parks,Nagaland,Spring,Longleng,0
Yengji Kah- Ha,26.733096,95.0615119,0,"park, point_of_interest, establishment",parks,Nagaland,Spring,Longleng,0
Imtisunep jamir Agar farm/ rubber machine house,26.7279452,94.6981479,5,"park, point_of_interest, establishment",parks,Nagaland,Spring,Longleng,1
MT point,26.7657227,94.7305279,4,"park, point_of_interest, establishment",parks,Nagaland,Spring,Longleng,1
Forest Colony,26.7163625,95.0280781,0,"park, point_of_interest, establishment",parks,Nagaland,Spring,Longleng,0
Sec- F Tilla,26.7517031,94.5896144,5,"park, point_of_interest, establishment",parks,Nagaland,Spring,Longleng,1
Yongshüp Yeng,26.7023934,94.868723,5,"park, point_of_interest, establishment",parks,Nagaland,Spring,Longleng,1
Sec- Bandarjan D- 7 No Tilla,26.7548771,94.59566769999999,5,"park, point_of_interest, establishment",parks,Nagaland,Spring,Longleng,1
Bangchong Fram,26.6241332,94.7878581,0,"park, point_of_interest, establishment",parks,Nagaland,Spring,Longleng,0
Moa jamir tea garden,26.7523151,94.6920268,0,"park, point_of_interest, establishment",parks,Nagaland,Spring,Longleng,0
M/S Chingom & sons,26.6922305,94.7688476,0,"park, point_of_interest, establishment",parks,Nagaland,Spring,Longleng,0
Henyei Konyak,26.7534629,94.861239,0,"park, point_of_interest, establishment",parks,Nagaland,Spring,Longleng,0
Leinak park,26.4892883,94.8201911,5,"park, point_of_interest, establishment",parks,Nagaland,Spring,Longleng,2
Lina's hut,26.733096,95.0615119,0,"park, point_of_interest, establishment",parks,Nagaland,Spring,Longleng,0
TUENFA Palace,26.5540199,95.0026649,0,"park, point_of_interest, establishment",parks,Nagaland,Spring,Longleng,0
Ground yong shong,26.7024913,94.89801039999999,2.5,"park, point_of_interest, establishment",parks,Nagaland,Spring,Longleng,2
Nadi kinar Bungalow,26.7527228,94.5723938,5,"park, point_of_interest, establishment",parks,Nagaland,Spring,Longleng,1
Tuli View Point,26.7180659,94.6367361,4.2,"tourist_attraction, point_of_interest, establishment",parks,Nagaland,Spring,Longleng,22
YCBCA,26.4817372,94.7186732,5,"park, point_of_interest, establishment",parks,Nagaland,Spring,Longleng,2
Sayeang Tea Garden,26.691704,94.8952709,3.5,"park, point_of_interest, establishment",parks,Nagaland,Spring,Longleng,2
Khanghe Kang rest camp,26.5439789,94.9142924,5,"park, point_of_interest, establishment",parks,Nagaland,Spring,Longleng,1
Sec- Soppa,26.7520599,94.58113569999999,3.7,"park, point_of_interest, establishment",parks,Nagaland,Spring,Longleng,3
"Sadhu Tilla, Tiphuk Division",26.7637331,94.6027099,5,"park, point_of_interest, establishment",parks,Nagaland,Spring,Longleng,1
Meinyu Toi Kon,26.7207327,94.8599079,5,"park, point_of_interest, establishment",parks,Nagaland,Spring,Longleng,1
Shiyong tea garden,26.6998615,94.9095167,5,"park, point_of_interest, establishment",parks,Nagaland,Spring,Longleng,1
Sec - Bandarjan A- 2 No Tilla,26.756049,94.5895106,3,"park, point_of_interest, establishment",parks,Nagaland,Spring,Longleng,2
Gamari Tree,26.7654869,94.6107134,0,"park, point_of_interest, establishment",parks,Nagaland,Spring,Longleng,0
POIHONG KHO.,26.7634491,95.10095969999999,5,"park, point_of_interest, establishment",parks,Nagaland,Spring,Longleng,1
Sec- Bandarjan B,26.7525493,94.5910517,0,"park, point_of_interest, establishment",parks,Nagaland,Spring,Longleng,0
Ponwang Konyak,26.7168444,95.01826609999999,0,"park, point_of_interest, establishment",parks,Nagaland,Spring,Longleng,0
Nangmah Plain,26.6891375,94.7746406,5,"park, point_of_interest, establishment",parks,Nagaland,Spring,Longleng,1
Khakshi Tilla,26.7432282,94.5771168,1,"park, point_of_interest, establishment",parks,Nagaland,Spring,Longleng,1
Aoli Shek,26.7106742,94.8642836,2.3,"park, point_of_interest, establishment",parks,Nagaland,Spring,Longleng,3
Koihah Tea Garden,26.7219548,94.86314329999999,1.7,"park, point_of_interest, establishment",parks,Nagaland,Spring,Longleng,3
Seal tiphoo,26.7616638,94.6154703,0,"park, point_of_interest, establishment",parks,Nagaland,Spring,Longleng,0
Medicinal Garden,26.5049681,94.7266679,0,"park, point_of_interest, establishment",parks,Nagaland,Spring,Longleng,0
Ngakushon Shong,26.302788,94.90251200000002,0,"park, point_of_interest, establishment",parks,Nagaland,Spring,Longleng,0
Bird Watch Tower,26.4866446,94.7315019,0,"park, point_of_interest, establishment",parks,Nagaland,Spring,Longleng,0
HERITAGE MUSEUM,26.7714842,95.1373667,3.6,"museum, point_of_interest, establishment",museum,Nagaland,Winter,Longleng,8
VG Museum-Cum-Memorial Hall,26.2586975,95.1001369,5,"museum, point_of_interest, establishment",museum,Nagaland,Winter,Longleng,1
Anü Mai Amphitheater,26.470904,94.6475533,4.4,"museum, point_of_interest, establishment",museum,Nagaland,Winter,Longleng,11
Mapping,26.5565067,94.9967588,5,"museum, point_of_interest, establishment",museum,Nagaland,Winter,Longleng,2
Rev Dr E W Clark Monument,26.6342014,94.5765065,5,"museum, point_of_interest, establishment",museum,Nagaland,Winter,Longleng,4
Akhoya Village Hall Of Fame And A Museum,26.5190962,94.67336039999999,4,"museum, point_of_interest, establishment",museum,Nagaland,Winter,Longleng,20
Hakchang Baptist Church,26.3134084,94.8779995,3.5,"museum, point_of_interest, establishment",museum,Nagaland,Winter,Longleng,13
Yachem Students' Union Library Cum Museum,26.5225156,94.7241732,5,"point_of_interest, establishment",museum,Nagaland,Winter,Longleng,3
Amgoorie Tea,26.7620955,94.5731338,0,"museum, point_of_interest, establishment",museum,Nagaland,Winter,Longleng,0
Tuli waterfall,26.6714937,94.6600022,4.7,"tourist_attraction, point_of_interest, establishment",waterfalls,Nagaland,Monsoon,Longleng,12
Waterfall Suteplenden,26.393688,94.63714139999999,4.2,"tourist_attraction, point_of_interest, establishment",waterfalls,Nagaland,Monsoon,Longleng,5
Hindu Temple,26.2346423,94.8143255,3.3,"hindu_temple, place_of_worship, point_of_interest, establishment",temples,Nagaland,All Seasons,Longleng,10
Hindu Mandir,26.715692,94.6359497,4.3,"hindu_temple, place_of_worship, point_of_interest, establishment",temples,Nagaland,All Seasons,Longleng,17
Hangs yakshih,26.6009446,94.9623842,5,"hindu_temple, place_of_worship, point_of_interest, establishment",temples,Nagaland,All Seasons,Longleng,1
Shri Shiv Mandir Aboi,26.5912669,94.898591,5,"hindu_temple, place_of_worship, point_of_interest, establishment",temples,Nagaland,All Seasons,Longleng,1
Satsang Kendra Amguri,26.7579562,94.5676458,4.7,"hindu_temple, place_of_worship, point_of_interest, establishment",temples,Nagaland,All Seasons,Longleng,6
Naamghar Tuli,26.7153577,94.6360861,4.5,"hindu_temple, place_of_worship, point_of_interest, establishment",temples,Nagaland,All Seasons,Longleng,2
Hindu Mandira,26.7221036,95.0228588,3,"hindu_temple, place_of_worship, point_of_interest, establishment",temples,Nagaland,All Seasons,Longleng,2
Hill Top Guest House,26.7125779,94.6400838,4.3,"lodging, point_of_interest, establishment",hills,Nagaland,Winter,Longleng,23
Yingnyüshang Hill,26.4343879,94.819473,0,"park, point_of_interest, establishment",hills,Nagaland,Winter,Longleng,0
Langsa Hill Enterprise,26.714824,95.05299869999999,0,"store, food, point_of_interest, establishment",hills,Nagaland,Winter,Longleng,0
Langsa Hill School,26.7710488,95.0667958,0,"point_of_interest, establishment",hills,Nagaland,Winter,Longleng,0
Hills hardware store,26.4871903,94.81426719999999,4,"store, food, point_of_interest, establishment",hills,Nagaland,Winter,Longleng,1
Sanen Hills Betlenut Farm,26.520932,94.61420799999999,0,"tourist_attraction, point_of_interest, establishment",hills,Nagaland,Winter,Longleng,0
Hills Homestay,26.7197979,95.02867289999999,3,"lodging, point_of_interest, establishment",hills,Nagaland,Winter,Longleng,1
M/S Hill Stores,26.7154222,94.6312499,0,"electronics_store, store, point_of_interest, establishment",hills,Nagaland,Winter,Longleng,0
HILL SONS RCM WWQ,26.2360016,94.81118509999999,0,"point_of_interest, establishment",hills,Nagaland,Winter,Longleng,0
Green Hills Academy,26.4653948,94.6441547,5,"school, point_of_interest, establishment",hills,Nagaland,Winter,Longleng,1
Blue Hills Travel (nightly buses),26.7213613,95.0307787,4,"point_of_interest, establishment",hills,Nagaland,Winter,Longleng,2
PANGTING GROUND,26.7436238,95.0625941,3.8,"point_of_interest, establishment",hills,Nagaland,Winter,Longleng,5
Jahiddigital,26.7331235,95.0616075,5,"electronics_store, store, point_of_interest, establishment",hills,Nagaland,Winter,Longleng,1
Fashion Shop,26.7203865,95.02523049999999,0,"clothing_store, store, point_of_interest, establishment",hills,Nagaland,Winter,Longleng,0
SDO (C) Staff quarters,26.4780914,94.94284700000001,5,"point_of_interest, establishment",hills,Nagaland,Winter,Longleng,1
Tuli View Point,26.7180659,94.6367361,4.2,"tourist_attraction, point_of_interest, establishment",attraction,Nagaland,All Seasons,Longleng,22
Land of Angh Adventure Group,26.7170287,95.079589,4,"tourist_attraction, point_of_interest, establishment",attraction,Nagaland,All Seasons,Longleng,2
Jahphet long,26.7586781,94.9916627,5,"tourist_attraction, point_of_interest, establishment",attraction,Nagaland,All Seasons,Longleng,4
Melak River View Point,26.6883903,94.6377828,4.3,"tourist_attraction, point_of_interest, establishment",attraction,Nagaland,All Seasons,Longleng,4
Picnic Tila,26.7530645,94.59509779999999,4.6,"tourist_attraction, point_of_interest, establishment",attraction,Nagaland,All Seasons,Longleng,5
Tuli waterfall,26.6714937,94.6600022,4.7,"tourist_attraction, point_of_interest, establishment",attraction,Nagaland,All Seasons,Longleng,12
Yungnyü bongi dikhu,26.6582125,94.77935939999999,5,"tourist_attraction, point_of_interest, establishment",attraction,Nagaland,All Seasons,Longleng,6
Skull cave (Lo chem),26.2398963,94.81437,0,"tourist_attraction, point_of_interest, establishment",attraction,Nagaland,All Seasons,Longleng,0
Waterfall Suteplenden,26.393688,94.63714139999999,4.2,"tourist_attraction, point_of_interest, establishment",attraction,Nagaland,All Seasons,Longleng,5
Zero Point,26.7370444,94.8514781,3.9,"tourist_attraction, point_of_interest, establishment",attraction,Nagaland,All Seasons,Longleng,9
Lake Hangthem,26.2333388,95.0153054,0,"tourist_attraction, point_of_interest, establishment",attraction,Nagaland,All Seasons,Longleng,0
Anakiyimsen Nagaland,26.7442056,94.7097144,5,"tourist_attraction, point_of_interest, establishment",attraction,Nagaland,All Seasons,Longleng,11
Konyak Heritage Mon,26.713458,95.0029488,4.3,"tourist_attraction, point_of_interest, establishment",attraction,Nagaland,All Seasons,Longleng,3
Longpong Farm,26.525885,94.58453999999999,5,"tourist_attraction, point_of_interest, establishment",attraction,Nagaland,All Seasons,Longleng,3
Nagaland Adventure Club,26.2352334,94.9257337,4,"tourist_attraction, point_of_interest, establishment",attraction,Nagaland,All Seasons,Longleng,8
LINUK PENZU View Point,26.6148369,94.6678134,3.9,"tourist_attraction, point_of_interest, establishment",attraction,Nagaland,All Seasons,Longleng,10
Watch Tower Chi,26.7032937,95.01445509999999,2,"tourist_attraction, point_of_interest, establishment",attraction,Nagaland,All Seasons,Longleng,1
Tashi Labchen,26.4831438,94.7053124,5,"tourist_attraction, point_of_interest, establishment",attraction,Nagaland,All Seasons,Longleng,2
Yaongyimchen Village,26.5149397,94.7249439,5,"tourist_attraction, point_of_interest, establishment",attraction,Nagaland,All Seasons,Longleng,3
"Main junction, Tobu",26.3628522,94.9348871,4,"tourist_attraction, point_of_interest, establishment",attraction,Nagaland,All Seasons,Longleng,6
LAAG Adventure Point,26.7170234,95.0795912,3,"tourist_attraction, point_of_interest, establishment",attraction,Nagaland,All Seasons,Longleng,3
Triple Fall(Water Fall),26.3036943,94.9136041,0,"tourist_attraction, point_of_interest, establishment",attraction,Nagaland,All Seasons,Longleng,0
Anjung Morung,26.5492211,94.9465356,5,"tourist_attraction, point_of_interest, establishment",attraction,Nagaland,All Seasons,Longleng,1
Town view point,26.3594829,94.9326731,5,"tourist_attraction, point_of_interest, establishment",attraction,Nagaland,All Seasons,Longleng,4
Tourists,26.5709933,95.021912,0,"tourist_attraction, point_of_interest, establishment",attraction,Nagaland,All Seasons,Longleng,0
Famous Stone Cave,26.5135432,94.83419529999999,4.5,"tourist_attraction, point_of_interest, establishment",attraction,Nagaland,All Seasons,Longleng,4
Aope Morung,26.5517507,94.850359,4.2,"tourist_attraction, point_of_interest, establishment",attraction,Nagaland,All Seasons,Longleng,6
LSU Marty's Park,26.0956937,94.2526568,5,"park, point_of_interest, establishment",parks,Nagaland,Spring,Mokokchung,1
Sungkotenem Park,26.3961703,94.5313561,4.4,"park, point_of_interest, establishment",parks,Nagaland,Spring,Mokokchung,28
Süngkutenem Awatsüng,26.3957943,94.53227679999999,4.2,"park, point_of_interest, establishment",parks,Nagaland,Spring,Mokokchung,62
D. E. F Park,26.3487575,94.5534167,3.9,"park, point_of_interest, establishment",parks,Nagaland,Spring,Mokokchung,30
Mejung park,26.3684648,94.54036029999999,5,"park, point_of_interest, establishment",parks,Nagaland,Spring,Mokokchung,2
The Green Bliss,26.373711,94.5507453,5,"park, point_of_interest, establishment",parks,Nagaland,Spring,Mokokchung,1
Children park,26.0852159,94.73774739999999,0,"park, point_of_interest, establishment",parks,Nagaland,Spring,Mokokchung,0
Patton's Farmhouse,26.5066201,94.2402429,5,"park, point_of_interest, establishment",parks,Nagaland,Spring,Mokokchung,2
A for Boy,26.3718031,94.54264350000001,4.3,"park, point_of_interest, establishment",parks,Nagaland,Spring,Mokokchung,8
Yanchan,26.1483217,94.25264039999999,4.5,"park, point_of_interest, establishment",parks,Nagaland,Spring,Mokokchung,8
Peace Garden,26.4548875,94.6313594,5,"park, point_of_interest, establishment",parks,Nagaland,Spring,Mokokchung,10
Chuwokha memorial stone,26.1647506,94.49788810000001,5,"park, point_of_interest, establishment",parks,Nagaland,Spring,Mokokchung,2
Imkongmeren Memorial Site,26.259452,94.4088743,4.4,"park, point_of_interest, establishment",parks,Nagaland,Spring,Mokokchung,16
Khonthungo Ezung Farm,26.0698853,94.2249856,5,"park, point_of_interest, establishment",parks,Nagaland,Spring,Mokokchung,1
Team metamorphosis park,26.0717551,94.2682106,5,"park, point_of_interest, establishment",parks,Nagaland,Spring,Mokokchung,1
শিশু উদ্যান,26.5790669,94.2626842,5,"park, point_of_interest, establishment",parks,Nagaland,Spring,Mokokchung,3
"Star Club Park, Yaongyimchen",26.511041,94.727672,5,"park, point_of_interest, establishment",parks,Nagaland,Spring,Mokokchung,4
Park,26.3513454,94.60374929999999,3.8,"park, point_of_interest, establishment",parks,Nagaland,Spring,Mokokchung,4
R. Kathing Park,26.3249841,94.5232489,4.1,"park, point_of_interest, establishment",parks,Nagaland,Spring,Mokokchung,22
Mount Ahimenungra,26.4623324,94.42887429999999,4.3,"park, point_of_interest, establishment",parks,Nagaland,Spring,Mokokchung,6
Jungli Liden Eco Park,26.3262625,94.53566909999999,4,"park, point_of_interest, establishment",parks,Nagaland,Spring,Mokokchung,159
Mangkolemba Central Park,26.4965209,94.4409683,4,"park, point_of_interest, establishment",parks,Nagaland,Spring,Mokokchung,6
Park,26.3878842,94.61302160000001,0,"park, point_of_interest, establishment",parks,Nagaland,Spring,Mokokchung,0
Park aurora,26.0910351,94.25897379999999,0,"park, point_of_interest, establishment",parks,Nagaland,Spring,Mokokchung,0
Falcon Creek Doyang,26.221784,94.30192459999999,4.3,"campground, park, lodging, point_of_interest, establishment",parks,Nagaland,Spring,Mokokchung,35
Centanary Jubilee Tower,26.1624401,94.24355779999999,0,"park, point_of_interest, establishment",parks,Nagaland,Spring,Mokokchung,0
S.Mar Jamir Memorial Park,26.4298368,94.62747209999999,0,"park, point_of_interest, establishment",parks,Nagaland,Spring,Mokokchung,0
AIER TEA GARDEN,26.4063111,94.51233549999999,5,"park, point_of_interest, establishment",parks,Nagaland,Spring,Mokokchung,1
Litchithung Ezung,26.0707471,94.2405802,4,"park, point_of_interest, establishment",parks,Nagaland,Spring,Mokokchung,1
Penzukong Park,26.3337793,94.5520061,0,"park, point_of_interest, establishment",parks,Nagaland,Spring,Mokokchung,0
bon farm,26.1249696,94.29177299999999,5,"park, point_of_interest, establishment",parks,Nagaland,Spring,Mokokchung,1
Aliba Village playground,26.3810788,94.43814669999999,4.2,"park, point_of_interest, establishment",parks,Nagaland,Spring,Mokokchung,21
Kichu Fisheries,26.3923454,94.4768472,5,"park, point_of_interest, establishment",parks,Nagaland,Spring,Mokokchung,1
Airfield swimming pool,26.0951568,94.2468877,3.2,"park, point_of_interest, establishment",parks,Nagaland,Spring,Mokokchung,6
A5 Farm,26.3130769,94.510334,5,"park, point_of_interest, establishment",parks,Nagaland,Spring,Mokokchung,1
Children Park 8th NAP BN.NALTOQA,26.0917853,94.5723919,0,"park, point_of_interest, establishment",parks,Nagaland,Spring,Mokokchung,0
SARS Watershade & Biodiversity Garden,26.4019505,94.60020569999999,3.9,"park, point_of_interest, establishment",parks,Nagaland,Spring,Mokokchung,9
K .Chishi's Farm,26.1640429,94.5045897,5,"park, point_of_interest, establishment",parks,Nagaland,Spring,Mokokchung,1
Longrangtenem Park.,26.3925881,94.52932369999999,3.8,"park, point_of_interest, establishment",parks,Nagaland,Spring,Mokokchung,12
P Kachari,26.5781467,94.2774,1,"park, point_of_interest, establishment",parks,Nagaland,Spring,Mokokchung,2
The Getaway,26.2665315,94.46765330000001,5,"park, point_of_interest, establishment",parks,Nagaland,Spring,Mokokchung,4
Timeshung fishery,26.1177735,94.279954,0,"park, point_of_interest, establishment",parks,Nagaland,Spring,Mokokchung,0
Nature Park Ungma,26.2958572,94.4944378,3.5,"park, amusement_park, travel_agency, point_of_interest, establishment",parks,Nagaland,Spring,Mokokchung,118
Longpok Semchir Farm,26.2819593,94.5163481,0,"park, point_of_interest, establishment",parks,Nagaland,Spring,Mokokchung,0
"STAR FISHERIES (Longmikaba Sector, Japu Village)",26.4781875,94.3825625,4.8,"campground, lodging, park, point_of_interest, establishment",parks,Nagaland,Spring,Mokokchung,47
Layama,26.3787817,94.5342197,5,"park, point_of_interest, establishment",parks,Nagaland,Spring,Mokokchung,2
Holloock resort,26.5874589,94.307721,0,"park, point_of_interest, establishment",parks,Nagaland,Spring,Mokokchung,0
ORIDENLU,26.3781088,94.53364769999999,0,"park, point_of_interest, establishment",parks,Nagaland,Spring,Mokokchung,0
Lotus Farm,26.3275082,94.5150733,0,"park, point_of_interest, establishment",parks,Nagaland,Spring,Mokokchung,0
Jenang Yimyak,26.2412751,94.51406019999999,0,"park, point_of_interest, establishment",parks,Nagaland,Spring,Mokokchung,0
TT WALLING holiday home,26.4513288,94.48708620000001,0,"park, point_of_interest, establishment",parks,Nagaland,Spring,Mokokchung,0
Garden,26.5027169,94.43391079999999,0,"park, point_of_interest, establishment",parks,Nagaland,Spring,Mokokchung,0
SZ Farm,26.5019872,94.2396012,5,"park, point_of_interest, establishment",parks,Nagaland,Spring,Mokokchung,2
ENNgullie Bamboo Plantation,26.119431,94.3048757,0,"park, point_of_interest, establishment",parks,Nagaland,Spring,Mokokchung,0
Edna Anderson Memorial Garden,26.1518798,94.51880129999999,5,"park, point_of_interest, establishment",parks,Nagaland,Spring,Mokokchung,1
Mangko ward,26.5065145,94.4353957,0,"park, point_of_interest, establishment",parks,Nagaland,Spring,Mokokchung,0
Coffee Farm,26.0900127,94.4925841,4,"park, point_of_interest, establishment",parks,Nagaland,Spring,Mokokchung,1
WATERFALL Aghautito Nagaland,26.54326,94.2686937,4.4,"park, point_of_interest, establishment",parks,Nagaland,Spring,Mokokchung,29
"Park Aurora, swimming pool",26.0951333,94.246881,5,"park, point_of_interest, establishment",parks,Nagaland,Spring,Mokokchung,1
E N NGULLIE Fishery,26.107645,94.295181,0,"park, point_of_interest, establishment",parks,Nagaland,Spring,Mokokchung,0
A g a r w a l P a c k e r s A n d M o v e r s LTD,26.0989996,94.2604628,0,"museum, point_of_interest, establishment",museum,Nagaland,Winter,Mokokchung,0
Anü Mai Amphitheater,26.470904,94.6475533,4.4,"museum, point_of_interest, establishment",museum,Nagaland,Winter,Mokokchung,11
Akhoya Village Hall Of Fame And A Museum,26.5190962,94.67336039999999,4,"museum, point_of_interest, establishment",museum,Nagaland,Winter,Mokokchung,20
"Students Library Hall, khensa",26.3445011,94.49076219999999,0,"museum, point_of_interest, establishment",museum,Nagaland,Winter,Mokokchung,0
New Sangsomong Baptist Church,26.2075283,94.6525877,4.3,"museum, point_of_interest, establishment",museum,Nagaland,Winter,Mokokchung,4
Yikhüm Jubilee Tower,26.1623993,94.2436073,1,"museum, point_of_interest, establishment",museum,Nagaland,Winter,Mokokchung,1
MALT Library and Museum,26.3914708,94.5345834,3.1,"library, point_of_interest, establishment",museum,Nagaland,Winter,Mokokchung,8
Yachem Students' Union Library Cum Museum,26.5225156,94.7241732,5,"point_of_interest, establishment",museum,Nagaland,Winter,Mokokchung,3
District Library & Museum,26.0958105,94.2523923,0,"point_of_interest, establishment",museum,Nagaland,Winter,Mokokchung,0
MANGKOLEMBA WATERFALL,26.4149392,94.3812909,4.4,"tourist_attraction, point_of_interest, establishment",waterfalls,Nagaland,Monsoon,Mokokchung,7
"WATERFALL , BANDAR CHALIA T.E.",26.5575195,94.2756454,4.6,"tourist_attraction, point_of_interest, establishment",waterfalls,Nagaland,Monsoon,Mokokchung,26
WATERFALL Aghautito Nagaland,26.54326,94.2686937,4.4,"park, point_of_interest, establishment",waterfalls,Nagaland,Monsoon,Mokokchung,29
Waterfall Suteplenden,26.393688,94.63714139999999,4.2,"tourist_attraction, point_of_interest, establishment",waterfalls,Nagaland,Monsoon,Mokokchung,5
WATERFALL (BANDAR CHALIA),26.5545428,94.3256918,3,"point_of_interest, establishment",waterfalls,Nagaland,Monsoon,Mokokchung,7
Longlangba,26.2603162,94.4075359,4.9,"point_of_interest, establishment",waterfalls,Nagaland,Monsoon,Mokokchung,8
Suteplenden Eco- Resort,26.3945823,94.64017559999999,4.5,"lodging, point_of_interest, establishment",waterfalls,Nagaland,Monsoon,Mokokchung,15
Doyang tourist Resort,26.228242,94.2616346,4.1,"tourist_attraction, point_of_interest, establishment",beaches,Nagaland,Summer,Mokokchung,68
My Resort,26.2192017,94.3026234,4.6,"lodging, point_of_interest, establishment",beaches,Nagaland,Summer,Mokokchung,34
The Hammock Resort,26.1160828,94.2735338,4.1,"lodging, point_of_interest, establishment",beaches,Nagaland,Summer,Mokokchung,266
Aree New,26.214596,94.317184,No rating,"locality, political",beaches,Nagaland,Summer,Mokokchung,0
Hindu Temple,26.2346423,94.8143255,3.3,"hindu_temple, place_of_worship, point_of_interest, establishment",temples,Nagaland,All Seasons,Mokokchung,10
BHAWANI PUR TEMPLE,26.5816596,94.30695779999999,1,"hindu_temple, place_of_worship, point_of_interest, establishment",temples,Nagaland,All Seasons,Mokokchung,1
Wokha Shiv Mandir,26.0923385,94.2561686,4.3,"hindu_temple, place_of_worship, point_of_interest, establishment",temples,Nagaland,All Seasons,Mokokchung,23
Sarvajanik Gorkha Temple,26.3239056,94.5145842,4.5,"hindu_temple, place_of_worship, point_of_interest, establishment",temples,Nagaland,All Seasons,Mokokchung,12
Durga Temple,26.3186629,94.51189339999999,3.9,"hindu_temple, place_of_worship, point_of_interest, establishment",temples,Nagaland,All Seasons,Mokokchung,17
Laxminarayn Temple,26.3241986,94.5174656,3.8,"hindu_temple, place_of_worship, point_of_interest, establishment",temples,Nagaland,All Seasons,Mokokchung,4
Assam Rifles Temple,26.2277039,94.8122796,4.7,"hindu_temple, place_of_worship, point_of_interest, establishment",temples,Nagaland,All Seasons,Mokokchung,7
Bishnu Temple,26.3159746,94.5097165,5,"hindu_temple, place_of_worship, point_of_interest, establishment",temples,Nagaland,All Seasons,Mokokchung,2
Tairun Puja Mandir,26.5602974,94.25960789999999,0,"hindu_temple, place_of_worship, point_of_interest, establishment",temples,Nagaland,All Seasons,Mokokchung,0
"Swayambhu Shiva Mandir, Tairun",26.5485544,94.2661054,5,"hindu_temple, place_of_worship, point_of_interest, establishment",temples,Nagaland,All Seasons,Mokokchung,1
Balijan Budha Bihar,26.5832544,94.2706611,0,"place_of_worship, point_of_interest, establishment",temples,Nagaland,All Seasons,Mokokchung,0
Balijan baba shiv mondir,26.5846624,94.31763529999999,4.5,"hindu_temple, place_of_worship, point_of_interest, establishment",temples,Nagaland,All Seasons,Mokokchung,4
Siv mandir swarnapur,26.5477171,94.2645447,5,"hindu_temple, place_of_worship, point_of_interest, establishment",temples,Nagaland,All Seasons,Mokokchung,2
ॐ बकलाजान शिव मन्दिर ॐ,26.5341697,94.2260148,5,"hindu_temple, place_of_worship, point_of_interest, establishment",temples,Nagaland,All Seasons,Mokokchung,2
Sikh Temple (GURUDWARA SAHIB),26.3211286,94.51104169999999,4.2,"place_of_worship, point_of_interest, establishment",temples,Nagaland,All Seasons,Mokokchung,5
Gorkha Durga Mandir,26.0931844,94.2556199,5,"hindu_temple, place_of_worship, point_of_interest, establishment",temples,Nagaland,All Seasons,Mokokchung,4
NAVAJYOT BUDHA BIHAR,26.5791945,94.26399149999999,4.6,"place_of_worship, point_of_interest, establishment",temples,Nagaland,All Seasons,Mokokchung,5
SHIV MANDIR,26.5959378,94.3294303,5,"hindu_temple, place_of_worship, point_of_interest, establishment",temples,Nagaland,All Seasons,Mokokchung,1
Bhobani Pur,26.5728295,94.30360259999999,5,"hindu_temple, place_of_worship, point_of_interest, establishment",temples,Nagaland,All Seasons,Mokokchung,1
Shree Shiv Mandir,26.4892859,94.8179272,3.7,"hindu_temple, place_of_worship, point_of_interest, establishment",temples,Nagaland,All Seasons,Mokokchung,3
Betoni Budha Bihar,26.5833089,94.2774893,5,"place_of_worship, point_of_interest, establishment",temples,Nagaland,All Seasons,Mokokchung,2
Tengajan bor namghor,26.4990599,94.2129953,5,"hindu_temple, place_of_worship, point_of_interest, establishment",temples,Nagaland,All Seasons,Mokokchung,6
bhagyalakhi bor namghor,26.5271354,94.2427823,5,"hindu_temple, place_of_worship, point_of_interest, establishment",temples,Nagaland,All Seasons,Mokokchung,6
Kamalpur gaon bornamghor,26.5615944,94.2431651,5,"hindu_temple, place_of_worship, point_of_interest, establishment",temples,Nagaland,All Seasons,Mokokchung,2
Mohimabari Bor Namghr,26.535468,94.2179549,5,"hindu_temple, place_of_worship, point_of_interest, establishment",temples,Nagaland,All Seasons,Mokokchung,5
Silikhabari Nam Ghar,26.5586594,94.2132683,3,"hindu_temple, place_of_worship, point_of_interest, establishment",temples,Nagaland,All Seasons,Mokokchung,4
Unit Mandir 8th NAP BN. NALTOQA,26.091795,94.57023269999999,5,"hindu_temple, place_of_worship, point_of_interest, establishment",temples,Nagaland,All Seasons,Mokokchung,1
Temple,26.2755275,94.458518,0,"hindu_temple, place_of_worship, point_of_interest, establishment",temples,Nagaland,All Seasons,Mokokchung,0
Hatipara shyam Sundar temple,26.5571561,94.23805220000001,0,"hindu_temple, place_of_worship, point_of_interest, establishment",temples,Nagaland,All Seasons,Mokokchung,0
Grejing bosty Shiv temple,26.5741594,94.2731807,1,"hindu_temple, place_of_worship, point_of_interest, establishment",temples,Nagaland,All Seasons,Mokokchung,1
HILL HOTEL,26.3246759,94.5170998,2,"restaurant, food, point_of_interest, store, establishment",hills,Nagaland,Winter,Mokokchung,2
Hills Night High School,26.3231949,94.51311960000001,5,"school, point_of_interest, establishment",hills,Nagaland,Winter,Mokokchung,1
Blue Hill,26.0910469,94.2589861,5,"atm, point_of_interest, finance, establishment",hills,Nagaland,Winter,Mokokchung,1
Brown rose Hill,26.2147253,94.47478249999999,0,"park, point_of_interest, establishment",hills,Nagaland,Winter,Mokokchung,0
Hills hardware store,26.4871903,94.81426719999999,4,"food, point_of_interest, store, establishment",hills,Nagaland,Winter,Mokokchung,1
Sanen Hills Betlenut Farm,26.520932,94.61420799999999,0,"tourist_attraction, point_of_interest, establishment",hills,Nagaland,Winter,Mokokchung,0
Blue Hills Bus Counter,26.3265658,94.52302,4,"point_of_interest, establishment",hills,Nagaland,Winter,Mokokchung,1
Bluehill Station,26.3266512,94.52295,4,"travel_agency, point_of_interest, establishment",hills,Nagaland,Winter,Mokokchung,1
HILL SONS RCM WWQ,26.2360016,94.81118509999999,0,"point_of_interest, establishment",hills,Nagaland,Winter,Mokokchung,0
Green Hills Academy,26.4653948,94.6441547,5,"school, point_of_interest, establishment",hills,Nagaland,Winter,Mokokchung,1
Commissioner Guest House,26.3214718,94.51652899999999,4.3,"lodging, point_of_interest, establishment",hills,Nagaland,Winter,Mokokchung,21
Hills Queen Hotel,26.4260848,94.4330162,3.9,"restaurant, food, point_of_interest, establishment",hills,Nagaland,Winter,Mokokchung,27
Hills Fancy Store,26.0965199,94.25391809999999,0,"clothing_store, point_of_interest, store, establishment",hills,Nagaland,Winter,Mokokchung,0
CHANGKI VIEW TOWER,26.4220311,94.3905817,4.8,"tourist_attraction, point_of_interest, establishment",hills,Nagaland,Winter,Mokokchung,23
From the hills,26.0910469,94.2589861,0,"food, point_of_interest, establishment",hills,Nagaland,Winter,Mokokchung,0
Whispering Winds,26.3207171,94.5144454,4.2,"lodging, restaurant, food, point_of_interest, establishment",hills,Nagaland,Winter,Mokokchung,437
Sangtemla Tzuto (Pond),26.3208782,94.5144361,4,"tourist_attraction, point_of_interest, establishment",hills,Nagaland,Winter,Mokokchung,2
Eid-gah,26.0934663,94.25542589999999,0,"place_of_worship, point_of_interest, establishment",hills,Nagaland,Winter,Mokokchung,0
Gorkha Durga Mandir,26.0931844,94.2556199,5,"hindu_temple, place_of_worship, point_of_interest, establishment",hills,Nagaland,Winter,Mokokchung,4
R.Y.Ngullie,26.0917351,94.2619922,0,"church, place_of_worship, point_of_interest, establishment",hills,Nagaland,Winter,Mokokchung,0
Wokha Jama Masjid,26.0934706,94.2553932,4.6,"mosque, place_of_worship, point_of_interest, establishment",hills,Nagaland,Winter,Mokokchung,8
Yajen Aier Government High School,26.3977233,94.5288506,0,"secondary_school, school, point_of_interest, establishment",hills,Nagaland,Winter,Mokokchung,0
IDBI Bank ATM,26.322149,94.50074599999999,0,"atm, point_of_interest, finance, establishment",hills,Nagaland,Winter,Mokokchung,0
Assam Rifles Public School,26.0932208,94.2531113,4.5,"school, point_of_interest, establishment",hills,Nagaland,Winter,Mokokchung,4
Nagaland,26.1584354,94.5624426,No rating,"administrative_area_level_1, political",hills,Nagaland,Winter,Mokokchung,0
M Kikon Residence,26.0910469,94.2589861,0,"point_of_interest, establishment",hills,Nagaland,Winter,Mokokchung,0
Sumi Baptist Church,26.0933099,94.25518729999999,4.4,"church, place_of_worship, point_of_interest, establishment",hills,Nagaland,Winter,Mokokchung,5
DBHSS Youth Centre,26.0910469,94.2589861,0,"point_of_interest, establishment",hills,Nagaland,Winter,Mokokchung,0
"EuroKids Preschool in Wokha Town, Wokha",26.0912525,94.2610194,0,"school, point_of_interest, establishment",hills,Nagaland,Winter,Mokokchung,0
The OakLand Treats,26.3304653,94.5045803,5,"food, point_of_interest, establishment",hills,Nagaland,Winter,Mokokchung,1
Sweet _treats_wokha,26.0911163,94.2589799,0,"bakery, food, point_of_interest, store, establishment",hills,Nagaland,Winter,Mokokchung,0
Doyang tourist Resort,26.228242,94.2616346,4.1,"tourist_attraction, point_of_interest, establishment",attraction,Nagaland,All Seasons,Mokokchung,68
CHANGKI VIEW TOWER,26.4220311,94.3905817,4.8,"tourist_attraction, point_of_interest, establishment",attraction,Nagaland,All Seasons,Mokokchung,23
Doyang View Point,26.2362968,94.2650865,4.7,"tourist_attraction, point_of_interest, establishment",attraction,Nagaland,All Seasons,Mokokchung,3
Tsumang Lake,26.0937726,94.2564491,3.3,"tourist_attraction, point_of_interest, establishment",attraction,Nagaland,All Seasons,Mokokchung,57
DOYANG VIEW POINT,26.2280304,94.2617557,4.5,"tourist_attraction, point_of_interest, establishment",attraction,Nagaland,All Seasons,Mokokchung,18
Wokha Clock Tower,26.0962088,94.25444550000002,3.9,"tourist_attraction, point_of_interest, establishment",attraction,Nagaland,All Seasons,Mokokchung,55
lanchuju Doyang Picnic Spot,26.2283659,94.2644062,4.2,"tourist_attraction, point_of_interest, establishment",attraction,Nagaland,All Seasons,Mokokchung,42
"WATERFALL , BANDAR CHALIA T.E.",26.5575195,94.2756454,4.6,"tourist_attraction, point_of_interest, establishment",attraction,Nagaland,All Seasons,Mokokchung,26
MANGKOLEMBA WATERFALL,26.4149392,94.3812909,4.4,"tourist_attraction, point_of_interest, establishment",attraction,Nagaland,All Seasons,Mokokchung,7
Jinaba Tower,26.3902398,94.5351836,4.4,"tourist_attraction, point_of_interest, establishment",attraction,Nagaland,All Seasons,Mokokchung,47
Thomas' spring well,26.346677,94.3126211,0,"tourist_attraction, point_of_interest, establishment",attraction,Nagaland,All Seasons,Mokokchung,0
Skull cave (Lo chem),26.2398963,94.81437,0,"tourist_attraction, point_of_interest, establishment",attraction,Nagaland,All Seasons,Mokokchung,0
Merakum Tzüin,26.3553114,94.5195799,0,"tourist_attraction, point_of_interest, establishment",attraction,Nagaland,All Seasons,Mokokchung,0
Waterfall Suteplenden,26.393688,94.63714139999999,4.2,"tourist_attraction, point_of_interest, establishment",attraction,Nagaland,All Seasons,Mokokchung,5
Litsami Junction (NAC stoppage point),26.06778,94.4786701,5,"tourist_attraction, point_of_interest, establishment",attraction,Nagaland,All Seasons,Mokokchung,3
Neverland wokha,26.1177008,94.27234639999999,0,"tourist_attraction, point_of_interest, establishment",attraction,Nagaland,All Seasons,Mokokchung,0
Serene Camp,26.201508,94.505631,5,"tourist_attraction, point_of_interest, establishment",attraction,Nagaland,All Seasons,Mokokchung,1
Etiben Memorial Tower.,26.3922538,94.5327475,4.4,"tourist_attraction, point_of_interest, establishment",attraction,Nagaland,All Seasons,Mokokchung,123
Morashen View Point,26.1844281,94.2677655,5,"tourist_attraction, point_of_interest, establishment",attraction,Nagaland,All Seasons,Mokokchung,5
Longpong Farm,26.525885,94.58453999999999,5,"tourist_attraction, point_of_interest, establishment",attraction,Nagaland,All Seasons,Mokokchung,3
MOUNT TIYI PEAK,26.0995961,94.2853241,0,"tourist_attraction, point_of_interest, establishment",attraction,Nagaland,All Seasons,Mokokchung,0
England Valley View point,26.1770191,94.2565802,5,"tourist_attraction, point_of_interest, establishment",attraction,Nagaland,All Seasons,Mokokchung,1
Tashi Labchen,26.4831438,94.7053124,5,"tourist_attraction, point_of_interest, establishment",attraction,Nagaland,All Seasons,Mokokchung,2
Yaongyimchen Village,26.5149397,94.7249439,5,"tourist_attraction, point_of_interest, establishment",attraction,Nagaland,All Seasons,Mokokchung,3
Changki View Point,26.4219179,94.3922655,4.5,"tourist_attraction, landmark, point_of_interest, establishment",attraction,Nagaland,All Seasons,Mokokchung,193
KORIDANG,26.2935,94.48169999999999,4,"tourist_attraction, point_of_interest, establishment",attraction,Nagaland,All Seasons,Mokokchung,2
Renao place,26.0910469,94.2589861,0,"tourist_attraction, point_of_interest, establishment",attraction,Nagaland,All Seasons,Mokokchung,0
Khiuktang Patty fields,26.0670048,94.7364546,0,"tourist_attraction, point_of_interest, establishment",attraction,Nagaland,All Seasons,Mokokchung,0
Sangtemla Tzuto (Pond),26.3208782,94.5144361,4,"tourist_attraction, point_of_interest, establishment",attraction,Nagaland,All Seasons,Mokokchung,2
Helipad of Chuchuyimlabg,26.4658375,94.6443931,0,"tourist_attraction, point_of_interest, establishment",attraction,Nagaland,All Seasons,Mokokchung,0
Ayepah paddy field,26.0900097,94.7464669,0,"tourist_attraction, point_of_interest, establishment",attraction,Nagaland,All Seasons,Mokokchung,0
Bobohu waterfall,26.0861834,94.6734632,0,"tourist_attraction, point_of_interest, establishment",attraction,Nagaland,All Seasons,Mokokchung,0
Jetty Ticketing Counter,26.2270435,94.2631413,1,"tourist_attraction, point_of_interest, establishment",attraction,Nagaland,All Seasons,Mokokchung,1
Watch tower longjemdang,26.5107561,94.42701989999999,0,"tourist_attraction, point_of_interest, establishment",attraction,Nagaland,All Seasons,Mokokchung,0
Kangki (Cross Monument),26.4750099,94.45671809999999,0,"tourist_attraction, point_of_interest, establishment",attraction,Nagaland,All Seasons,Mokokchung,0
"NOKJOK VALLEY, MANGMETONG",26.3472707,94.3909206,0,"tourist_attraction, point_of_interest, establishment",attraction,Nagaland,All Seasons,Mokokchung,0
Ho'-Dhuwa Pukhuri,26.948833,94.8718366,4.3,"park, point_of_interest, establishment",parks,Nagaland,Spring,Mon,133
maibella pond,26.982299,94.9295411,3.6,"park, tourist_attraction, point_of_interest, establishment",parks,Nagaland,Spring,Mon,29
Longvow Stone Park,26.5731263,95.05613939999999,3.8,"park, point_of_interest, establishment",parks,Nagaland,Spring,Mon,4
Wanu shawla village,26.917284,95.23795299999999,0,"park, point_of_interest, establishment",parks,Nagaland,Spring,Mon,0
I LOVE BONIA MEMORIAL PLACE,26.7521202,95.26742399999999,4.8,"park, point_of_interest, establishment",parks,Nagaland,Spring,Mon,5
Hothoti picnic place,26.8568011,94.832944,5,"park, point_of_interest, establishment",parks,Nagaland,Spring,Mon,1
Mintong Arunachal,26.780024,95.3288077,0,"park, point_of_interest, establishment",parks,Nagaland,Spring,Mon,0
Longleng Peak,26.4865846,94.8213669,3,"park, point_of_interest, establishment",parks,Nagaland,Spring,Mon,4
Herbal Garden Longleng,26.4982038,94.8297183,5,"park, point_of_interest, establishment",parks,Nagaland,Spring,Mon,1
APGO Park,26.4983875,94.8304167,0,"park, point_of_interest, establishment",parks,Nagaland,Spring,Mon,0
"Children's Park, PROBAAH",26.9422457,94.8659727,0,"park, point_of_interest, establishment",parks,Nagaland,Spring,Mon,0
Herbal Park - Charaideo Purbut T.E,26.9190156,94.8570185,0,"park, point_of_interest, establishment",parks,Nagaland,Spring,Mon,0
Tissa picnic spot,26.9098298,95.36379679999999,4.1,"park, point_of_interest, establishment",parks,Nagaland,Spring,Mon,29
Yengji Kah- Ha,26.733096,95.0615119,0,"park, point_of_interest, establishment",parks,Nagaland,Spring,Mon,0
Forest Colony,26.7163625,95.0280781,0,"park, point_of_interest, establishment",parks,Nagaland,Spring,Mon,0
Yongshüp Yeng,26.7023934,94.868723,5,"park, point_of_interest, establishment",parks,Nagaland,Spring,Mon,1
Henyei Konyak,26.7534629,94.861239,0,"park, point_of_interest, establishment",parks,Nagaland,Spring,Mon,0
Leinak park,26.4892883,94.8201911,5,"park, point_of_interest, establishment",parks,Nagaland,Spring,Mon,2
Abhoypur,27.0010506,94.9592761,3.4,"park, point_of_interest, establishment",parks,Nagaland,Spring,Mon,9
Lina's hut,26.733096,95.0615119,0,"park, point_of_interest, establishment",parks,Nagaland,Spring,Mon,0
Kaiveo Longwa Forest,26.6565981,95.1909653,4,"park, point_of_interest, establishment",parks,Nagaland,Spring,Mon,2
TUENFA Palace,26.5540199,95.0026649,0,"park, point_of_interest, establishment",parks,Nagaland,Spring,Mon,0
Ngaak-zaw luu,26.807728,95.29180699999999,0,"park, point_of_interest, establishment",parks,Nagaland,Spring,Mon,0
Ground yong shong,26.7024913,94.89801039999999,2.5,"park, point_of_interest, establishment",parks,Nagaland,Spring,Mon,2
Suffry Tea Estate,26.9838059,94.95327209999999,4.1,"park, point_of_interest, establishment",parks,Nagaland,Spring,Mon,20
চাওফা তাও খামতি মৈদাম Chaopha Tao Khamti maidam,26.9386312,94.8777211,5,"park, point_of_interest, establishment",parks,Nagaland,Spring,Mon,1
Pangpoitsing zang,26.877865,95.29338899999999,5,"park, point_of_interest, establishment",parks,Nagaland,Spring,Mon,1
Sayeang Tea Garden,26.691704,94.8952709,3.5,"park, point_of_interest, establishment",parks,Nagaland,Spring,Mon,2
Khanghe Kang rest camp,26.5439789,94.9142924,5,"park, point_of_interest, establishment",parks,Nagaland,Spring,Mon,1
Meinyu Toi Kon,26.7207327,94.8599079,5,"park, point_of_interest, establishment",parks,Nagaland,Spring,Mon,1
Mech's kitchen Garden,26.9545522,94.88429789999999,5,"park, point_of_interest, establishment",parks,Nagaland,Spring,Mon,1
Shiyong tea garden,26.6998615,94.9095167,5,"park, point_of_interest, establishment",parks,Nagaland,Spring,Mon,1
Kaliraj Tea garden,26.9561469,95.0732652,5,"park, point_of_interest, establishment",parks,Nagaland,Spring,Mon,1
"চাওলুং চ্যুকাফা টিলা, চেৰাইডয় (Chaolung Siu-Ka-Pha peak, Cheraidoi)",26.9307962,94.8584247,3.3,"park, point_of_interest, establishment",parks,Nagaland,Spring,Mon,3
heujpur gaon,26.8530625,94.8190625,0,"park, point_of_interest, establishment",parks,Nagaland,Spring,Mon,0
Wangsa Tea Garden,26.9472089,95.08345899999999,4.7,"park, point_of_interest, establishment",parks,Nagaland,Spring,Mon,3
POIHONG KHO.,26.7634491,95.10095969999999,5,"park, point_of_interest, establishment",parks,Nagaland,Spring,Mon,1
Ogaman kamhuanoknu,26.783296,95.3225755,5,"park, point_of_interest, establishment",parks,Nagaland,Spring,Mon,1
Famous sundari mangoes,26.9864256,94.8634957,5,"park, point_of_interest, establishment",parks,Nagaland,Spring,Mon,1
Singlo Waterfall 1,26.9684352,94.9768948,4.3,"tourist_attraction, point_of_interest, establishment",parks,Nagaland,Spring,Mon,80
T Lihphong's Residence Lapa Lampong Tizit,26.9229214,95.05596539999999,0,"park, point_of_interest, establishment",parks,Nagaland,Spring,Mon,0
Ponwang Konyak,26.7168444,95.01826609999999,0,"park, point_of_interest, establishment",parks,Nagaland,Spring,Mon,0
Hiren ka ghar,26.9724806,95.05994539999999,0,"park, point_of_interest, establishment",parks,Nagaland,Spring,Mon,0
TINGKAM LUKHAM's PLOT No-IV,26.9593329,95.32991679999999,5,"park, point_of_interest, establishment",parks,Nagaland,Spring,Mon,5
"চাওফা চ্যুখ্ৰাংফা মৈদাম, Chaopha Siu-khrang-pha maidam",26.9493455,94.88279419999999,5,"park, point_of_interest, establishment",parks,Nagaland,Spring,Mon,3
Aoli Shek,26.7106742,94.8642836,2.3,"park, point_of_interest, establishment",parks,Nagaland,Spring,Mon,3
Tinam shu(river),26.8978959,95.2878795,4.4,"park, point_of_interest, establishment",parks,Nagaland,Spring,Mon,5
Rocky Bhumij,26.9675375,94.81342190000001,0,"park, point_of_interest, establishment",parks,Nagaland,Spring,Mon,0
Bejiya tea garden,26.9701556,94.8629328,4.2,"park, point_of_interest, establishment",parks,Nagaland,Spring,Mon,5
Topong Tea Garden,26.8743027,94.88685439999999,0,"park, point_of_interest, establishment",parks,Nagaland,Spring,Mon,0
Litchi garden,26.9076819,95.0738962,0,"park, point_of_interest, establishment",parks,Nagaland,Spring,Mon,0
Koihah Tea Garden,26.7219548,94.86314329999999,1.7,"park, point_of_interest, establishment",parks,Nagaland,Spring,Mon,3
Jesih Bridge,26.6997453,95.3004356,0,"park, point_of_interest, establishment",parks,Nagaland,Spring,Mon,0
Hilstation,26.8361694,94.7998744,0,"park, point_of_interest, establishment",parks,Nagaland,Spring,Mon,0
Boruah Small tea production,26.9347302,94.85722969999999,5,"park, point_of_interest, establishment",parks,Nagaland,Spring,Mon,1
DIGANTA KUMAR House,26.9828794,94.86616620000001,0,"park, point_of_interest, establishment",parks,Nagaland,Spring,Mon,0
Network point,26.837169,95.35208759999999,0,"park, point_of_interest, establishment",parks,Nagaland,Spring,Mon,0
Lafing puchka shop,26.999887,95.11781470000001,2,"campground, lodging, park, point_of_interest, establishment",parks,Nagaland,Spring,Mon,1
Forest Office,26.8727143,94.8957215,0,"park, point_of_interest, establishment",parks,Nagaland,Spring,Mon,0
RuNu,26.947372,95.229851,0,"park, point_of_interest, establishment",parks,Nagaland,Spring,Mon,0
charaideo museum,26.9427554,94.8716969,4.5,"museum, point_of_interest, establishment",museum,Nagaland,Winter,Mon,12
Mapping,26.5565067,94.9967588,5,"museum, point_of_interest, establishment",museum,Nagaland,Winter,Mon,2
HERITAGE MUSEUM,26.7714842,95.1373667,3.6,"museum, point_of_interest, establishment",museum,Nagaland,Winter,Mon,8
Taiwang Residence (Chief),26.7990603,95.3033222,3,"museum, point_of_interest, establishment",museum,Nagaland,Winter,Mon,2
Chaolung Sukapha Moidam,26.9363013,94.8599958,5,"museum, point_of_interest, establishment",museum,Nagaland,Winter,Mon,3
Longho sath(waterfall),26.706642,95.37502049999999,4.8,"tourist_attraction, point_of_interest, establishment",waterfalls,Nagaland,Monsoon,Mon,8
Longding Waterfall,26.8842498,95.3286763,4.1,"tourist_attraction, point_of_interest, establishment",waterfalls,Nagaland,Monsoon,Mon,85
Singphan waterfall,26.9302976,94.8969509,3.8,"tourist_attraction, point_of_interest, establishment",waterfalls,Nagaland,Monsoon,Mon,12
Senua Waterfall,26.8995117,95.36235239999999,4.5,"tourist_attraction, point_of_interest, establishment",waterfalls,Nagaland,Monsoon,Mon,11
Singlo Waterfall 2,26.9668127,94.9722767,3.9,"tourist_attraction, point_of_interest, establishment",waterfalls,Nagaland,Monsoon,Mon,9
Yatong Waterfall,26.8583939,94.9534127,3,"park, point_of_interest, establishment",waterfalls,Nagaland,Monsoon,Mon,1
Singlo Waterfall 1,26.9684352,94.9768948,4.3,"tourist_attraction, point_of_interest, establishment",waterfalls,Nagaland,Monsoon,Mon,80
Longding View point,26.9388024,95.2582994,4.5,"tourist_attraction, point_of_interest, establishment",waterfalls,Nagaland,Monsoon,Mon,139
Wanu View Point,26.934113,95.2605605,4.4,"tourist_attraction, point_of_interest, establishment",waterfalls,Nagaland,Monsoon,Mon,18
Singlo Saheb Khana,26.9688814,94.97652,4.3,"point_of_interest, establishment",waterfalls,Nagaland,Monsoon,Mon,53
Tissa picnic spot,26.9098298,95.36379679999999,4.1,"park, point_of_interest, establishment",waterfalls,Nagaland,Monsoon,Mon,29
Tizit Village,26.886189,95.07713299999999,No rating,"locality, political",beaches,Nagaland,Summer,Mon,0
Tingalibam Ram Mandir,26.9977104,95.11575289999999,4.8,"hindu_temple, place_of_worship, point_of_interest, establishment",temples,Nagaland,All Seasons,Mon,12
RAM MANDIR,26.9955659,95.06518849999999,3.9,"hindu_temple, place_of_worship, point_of_interest, establishment",temples,Nagaland,All Seasons,Mon,14
Belengbari Radha Gobinda,26.9084863,94.843257,4.5,"hindu_temple, place_of_worship, point_of_interest, establishment",temples,Nagaland,All Seasons,Mon,2
Kukurachuwa bor namghar,26.9329119,94.82226969999999,4.5,"hindu_temple, place_of_worship, point_of_interest, establishment",temples,Nagaland,All Seasons,Mon,4
Hindu Temple,26.8856098,95.32243609999999,5,"hindu_temple, place_of_worship, point_of_interest, establishment",temples,Nagaland,All Seasons,Mon,4
Bihubor Namghar,26.8336197,94.8038365,5,"hindu_temple, place_of_worship, point_of_interest, establishment",temples,Nagaland,All Seasons,Mon,3
Radha Krishna Mandir,26.9630335,95.0558665,4,"hindu_temple, place_of_worship, point_of_interest, establishment",temples,Nagaland,All Seasons,Mon,4
Angera Konwar Gaon Temple,26.9521969,94.85364299999999,5,"hindu_temple, place_of_worship, point_of_interest, establishment",temples,Nagaland,All Seasons,Mon,2
Towkok Jagannath Mandir,26.996881,95.06873279999999,4.7,"hindu_temple, place_of_worship, point_of_interest, establishment",temples,Nagaland,All Seasons,Mon,6
upper ladoigarh lakhi mandir,26.9562495,95.0891046,4.9,"hindu_temple, place_of_worship, point_of_interest, establishment",temples,Nagaland,All Seasons,Mon,14
Sri Sri Guru Namghor,26.9130268,94.8560906,4,"hindu_temple, place_of_worship, point_of_interest, establishment",temples,Nagaland,All Seasons,Mon,2
Shamguri namghor,26.9710575,94.8766368,0,"hindu_temple, place_of_worship, point_of_interest, establishment",temples,Nagaland,All Seasons,Mon,0
Singlo Shiva mandir,26.9700025,94.96840159999999,4.5,"hindu_temple, place_of_worship, point_of_interest, establishment",temples,Nagaland,All Seasons,Mon,2
Shiva Temple (শিৱ মন্দিৰ),26.9116923,94.82689049999999,5,"hindu_temple, place_of_worship, point_of_interest, establishment",temples,Nagaland,All Seasons,Mon,5
Trinath Mandir Uttam patnayak,26.9673677,95.0553582,4.9,"hindu_temple, place_of_worship, point_of_interest, establishment",temples,Nagaland,All Seasons,Mon,8
Namtola T.E Shiv Mandir,26.9663949,95.057587,4,"hindu_temple, place_of_worship, point_of_interest, establishment",temples,Nagaland,All Seasons,Mon,23
চাৰিমুঠিয়া ১ নং কোঁৱৰ গাঁওৰ নামঘৰ 🙏,26.9805329,94.83622,5,"hindu_temple, place_of_worship, point_of_interest, establishment",temples,Nagaland,All Seasons,Mon,1
𑜏𑜦𑜧 𑜍𑜩 𑜓𑜩𑜨 𑜓𑜦𑜧 𑜒𑜥 𑜑𑜎𑜫,26.9334327,94.86136,5,"place_of_worship, point_of_interest, establishment",temples,Nagaland,All Seasons,Mon,1
Royal Muong-Dun-Sun-Kham Buddhist Monastery (Wat Pa Thai-Ahom),26.9851834,94.8241244,4.1,"place_of_worship, point_of_interest, establishment",temples,Nagaland,All Seasons,Mon,12
Sri Sri Maa Mangala Mandir,26.9683776,95.052632,5,"hindu_temple, place_of_worship, point_of_interest, establishment",temples,Nagaland,All Seasons,Mon,6
LTPS Shiva Mandir,26.9821453,94.93228599999999,5,"hindu_temple, place_of_worship, point_of_interest, establishment",temples,Nagaland,All Seasons,Mon,1
BABA TILA SHIVA MANDIR,26.9052447,94.8564765,4.7,"hindu_temple, place_of_worship, point_of_interest, establishment",temples,Nagaland,All Seasons,Mon,3
Siva mandir,26.9570524,94.9256656,5,"hindu_temple, place_of_worship, point_of_interest, establishment",temples,Nagaland,All Seasons,Mon,1
Budha Temple,26.9913393,94.93328849999999,5,"place_of_worship, point_of_interest, establishment",temples,Nagaland,All Seasons,Mon,1
Shree Shiv Mandir,26.4892859,94.8179272,3.7,"hindu_temple, place_of_worship, point_of_interest, establishment",temples,Nagaland,All Seasons,Mon,3
নাসম বাপু সত্ৰ,26.9400526,94.8884301,5,"hindu_temple, place_of_worship, point_of_interest, establishment",temples,Nagaland,All Seasons,Mon,1
Namtola Santal Majhi Than,26.9677256,95.05752849999999,0,"hindu_temple, place_of_worship, point_of_interest, establishment",temples,Nagaland,All Seasons,Mon,0
Angera Temple,26.9545346,94.8501884,4,"hindu_temple, place_of_worship, point_of_interest, establishment",temples,Nagaland,All Seasons,Mon,7
Shiv Mandir Naharhabi T.E.,26.9969709,94.84697600000001,4.3,"hindu_temple, place_of_worship, point_of_interest, establishment",temples,Nagaland,All Seasons,Mon,6
Shiv Mandir,26.9826798,94.9221754,5,"hindu_temple, place_of_worship, point_of_interest, establishment",temples,Nagaland,All Seasons,Mon,1
"Shree Guru Ashram, Maibela",26.9910337,94.93414609999999,4.5,"hindu_temple, place_of_worship, point_of_interest, establishment",temples,Nagaland,All Seasons,Mon,20
Purani Hatkhola Krishna Mandir,27.0044235,95.1020321,3.3,"hindu_temple, place_of_worship, point_of_interest, establishment",temples,Nagaland,All Seasons,Mon,4
Dulbagan Rajabari,26.9376358,94.8431543,5,"hindu_temple, place_of_worship, point_of_interest, establishment",temples,Nagaland,All Seasons,Mon,2
Shri Shiv Mandir Aboi,26.5912669,94.898591,5,"hindu_temple, place_of_worship, point_of_interest, establishment",temples,Nagaland,All Seasons,Mon,1
Puroni Hatkhola Kali Mandir,27.0031972,95.0993263,5,"hindu_temple, place_of_worship, point_of_interest, establishment",temples,Nagaland,All Seasons,Mon,2
Durga Mandir,26.9932745,94.8531758,3,"hindu_temple, place_of_worship, point_of_interest, establishment",temples,Nagaland,All Seasons,Mon,4
Hatkhola Sarbojonin Shiv Mandir,27.0034004,95.0996207,5,"hindu_temple, place_of_worship, point_of_interest, establishment",temples,Nagaland,All Seasons,Mon,2
Hindu Mandira,26.7221036,95.0228588,3,"hindu_temple, place_of_worship, point_of_interest, establishment",temples,Nagaland,All Seasons,Mon,2
Kaliamati Naamghar,26.9362715,94.8307368,5,"hindu_temple, place_of_worship, point_of_interest, establishment",temples,Nagaland,All Seasons,Mon,2
"Sitola kolakristi kendra, Suffry 7 No Line.",26.9866637,94.96023029999999,5,"hindu_temple, place_of_worship, point_of_interest, establishment",temples,Nagaland,All Seasons,Mon,1
Hangs yakshih,26.6009446,94.9623842,5,"hindu_temple, place_of_worship, point_of_interest, establishment",temples,Nagaland,All Seasons,Mon,1
Satsang Kendra bihubor,26.8334107,94.8060385,3.7,"hindu_temple, place_of_worship, point_of_interest, establishment",temples,Nagaland,All Seasons,Mon,3
Santak nagaon New Namghor,26.8778031,94.80442149999999,3,"hindu_temple, place_of_worship, point_of_interest, establishment",temples,Nagaland,All Seasons,Mon,1
Namtola Dangriya mondir,26.9563642,95.0623758,5,"hindu_temple, place_of_worship, point_of_interest, establishment",temples,Nagaland,All Seasons,Mon,2
Ekorani Namghar,26.9718913,94.8641165,0,"hindu_temple, place_of_worship, point_of_interest, establishment",temples,Nagaland,All Seasons,Mon,0
"Namghar, Suffry 7 No Line 10 No Ward.",26.9868241,94.96114759999999,5,"hindu_temple, place_of_worship, point_of_interest, establishment",temples,Nagaland,All Seasons,Mon,1
NAMTOLA HATICAMP SARASWATI MONDIR,26.9542636,95.06140839999999,5,"hindu_temple, place_of_worship, point_of_interest, establishment",temples,Nagaland,All Seasons,Mon,1
শ্ৰী হৰিপুৰ নামঘৰ ( টেঙাপুখুৰী ),26.925763,94.82190539999999,5,"hindu_temple, place_of_worship, point_of_interest, establishment",temples,Nagaland,All Seasons,Mon,2
Purani Hatkhola Durga Mandir,27.0031489,95.0974102,3,"hindu_temple, place_of_worship, point_of_interest, establishment",temples,Nagaland,All Seasons,Mon,6
Dhamdhuli Bor Namgar,26.9423175,94.8251919,4.2,"hindu_temple, place_of_worship, point_of_interest, establishment",temples,Nagaland,All Seasons,Mon,6
Shiv temple,26.9597109,94.8263461,1,"hindu_temple, place_of_worship, point_of_interest, establishment",temples,Nagaland,All Seasons,Mon,1
Rajachuk Namghar,26.9880007,94.8223809,5,"hindu_temple, place_of_worship, point_of_interest, establishment",temples,Nagaland,All Seasons,Mon,1
Gubind namghor,26.9402534,94.8053058,3,"hindu_temple, place_of_worship, point_of_interest, establishment",temples,Nagaland,All Seasons,Mon,2
Dighali shyam gaon,26.9724216,94.84158550000001,5,"place_of_worship, point_of_interest, establishment",temples,Nagaland,All Seasons,Mon,1
Mohporakhat Namghar,26.8981902,94.8277717,5,"hindu_temple, place_of_worship, point_of_interest, establishment",temples,Nagaland,All Seasons,Mon,2
Hanuman Mandir,26.9812675,95.0765911,0,"hindu_temple, place_of_worship, point_of_interest, establishment",temples,Nagaland,All Seasons,Mon,0
Sri Sri ganesh mandir,26.8524094,94.8193769,1,"hindu_temple, place_of_worship, point_of_interest, establishment",temples,Nagaland,All Seasons,Mon,1
Kali mandir,27.0011655,95.12496619999999,1,"hindu_temple, place_of_worship, point_of_interest, establishment",temples,Nagaland,All Seasons,Mon,1
"Chhath puja Ghat, Namtola",26.9663868,95.0576238,5,"hindu_temple, place_of_worship, point_of_interest, establishment",temples,Nagaland,All Seasons,Mon,1
JAMUGURI NAMGHAR(TEMPLE),26.9364189,94.8378054,0,"hindu_temple, place_of_worship, point_of_interest, establishment",temples,Nagaland,All Seasons,Mon,0
"The CROSS,Langsa Hill",26.7793059,95.0708003,4,"church, place_of_worship, point_of_interest, establishment",hills,Nagaland,Winter,Mon,1
Langsa Hill Enterprise,26.714824,95.05299869999999,0,"store, food, point_of_interest, establishment",hills,Nagaland,Winter,Mon,0
Langsa Hill School,26.7710488,95.0667958,0,"point_of_interest, establishment",hills,Nagaland,Winter,Mon,0
Hills hardware store,26.4871903,94.81426719999999,4,"store, food, point_of_interest, establishment",hills,Nagaland,Winter,Mon,1
Hills Homestay,26.7197979,95.02867289999999,3,"lodging, point_of_interest, establishment",hills,Nagaland,Winter,Mon,1
Hills Restaurant,26.8762012,95.3112695,3.9,"restaurant, food, point_of_interest, establishment",hills,Nagaland,Winter,Mon,8
Blue Hills Travel (nightly buses),26.7213613,95.0307787,4,"point_of_interest, establishment",hills,Nagaland,Winter,Mon,2
PANGTING GROUND,26.7436238,95.0625941,3.8,"point_of_interest, establishment",hills,Nagaland,Winter,Mon,5
Jahiddigital,26.7331235,95.0616075,5,"electronics_store, store, point_of_interest, establishment",hills,Nagaland,Winter,Mon,1
Fashion Shop,26.7203865,95.02523049999999,0,"clothing_store, store, point_of_interest, establishment",hills,Nagaland,Winter,Mon,0
SDO (C) Staff quarters,26.4780914,94.94284700000001,5,"point_of_interest, establishment",hills,Nagaland,Winter,Mon,1
Longding View point,26.9388024,95.2582994,4.5,"tourist_attraction, point_of_interest, establishment",attraction,Nagaland,All Seasons,Mon,139
Wanu View Point,26.934113,95.2605605,4.4,"tourist_attraction, point_of_interest, establishment",attraction,Nagaland,All Seasons,Mon,18
Longding Waterfall,26.8842498,95.3286763,4.1,"tourist_attraction, point_of_interest, establishment",attraction,Nagaland,All Seasons,Mon,85
Longwa Watch Tower View Point,26.6547793,95.2143105,4.5,"tourist_attraction, point_of_interest, establishment",attraction,Nagaland,All Seasons,Mon,17
Land of Angh Adventure Group,26.7170287,95.079589,4,"tourist_attraction, point_of_interest, establishment",attraction,Nagaland,All Seasons,Mon,2
Mon Gate,26.9526742,95.0563177,4,"tourist_attraction, point_of_interest, establishment",attraction,Nagaland,All Seasons,Mon,1
Jahphet long,26.7586781,94.9916627,5,"tourist_attraction, point_of_interest, establishment",attraction,Nagaland,All Seasons,Mon,4
Singlo Waterfall 2,26.9668127,94.9722767,3.9,"tourist_attraction, point_of_interest, establishment",attraction,Nagaland,All Seasons,Mon,9
Singlo Waterfall 1,26.9684352,94.9768948,4.3,"tourist_attraction, point_of_interest, establishment",attraction,Nagaland,All Seasons,Mon,80
Picnic,26.8565533,94.83297329999999,4.1,"tourist_attraction, point_of_interest, establishment",attraction,Nagaland,All Seasons,Mon,13
Longho sath(waterfall),26.706642,95.37502049999999,4.8,"tourist_attraction, point_of_interest, establishment",attraction,Nagaland,All Seasons,Mon,8
चराइ देव,26.9425625,94.8764375,5,"tourist_attraction, point_of_interest, establishment",attraction,Nagaland,All Seasons,Mon,3
View point Assam.Nagaland,26.8325571,94.82230949999999,1,"tourist_attraction, point_of_interest, establishment",attraction,Nagaland,All Seasons,Mon,1
kings palace,26.6613327,95.21984959999999,4.8,"tourist_attraction, point_of_interest, establishment",attraction,Nagaland,All Seasons,Mon,11
Rohdoi Tini Ali,26.8772759,94.82619690000001,4.5,"tourist_attraction, point_of_interest, establishment",attraction,Nagaland,All Seasons,Mon,24
"Chaopha Supaatphaa (Gadadhar Singha) maidam, চাওফা চ্যুপাতফা মৈদাম",26.94003,94.8770754,5,"tourist_attraction, point_of_interest, establishment",attraction,Nagaland,All Seasons,Mon,1
Singlo pather goan,26.9619037,94.94234569999999,0,"tourist_attraction, point_of_interest, establishment",attraction,Nagaland,All Seasons,Mon,0
Zero Point,26.7370444,94.8514781,3.9,"tourist_attraction, point_of_interest, establishment",attraction,Nagaland,All Seasons,Mon,9
Konyak Heritage Mon,26.713458,95.0029488,4.3,"tourist_attraction, point_of_interest, establishment",attraction,Nagaland,All Seasons,Mon,3
Singphan waterfall,26.9302976,94.8969509,3.8,"tourist_attraction, point_of_interest, establishment",attraction,Nagaland,All Seasons,Mon,12
Watch Tower Chi,26.7032937,95.01445509999999,2,"tourist_attraction, point_of_interest, establishment",attraction,Nagaland,All Seasons,Mon,1
Chajen Wa-am Hah-hua,26.955395,95.33849719999999,0,"tourist_attraction, point_of_interest, establishment",attraction,Nagaland,All Seasons,Mon,0
Chanu Zero Point,26.9339235,95.31439580000001,0,"tourist_attraction, point_of_interest, establishment",attraction,Nagaland,All Seasons,Mon,0
maibella pond,26.982299,94.9295411,3.6,"park, tourist_attraction, point_of_interest, establishment",attraction,Nagaland,All Seasons,Mon,29
Senua Waterfall,26.8995117,95.36235239999999,4.5,"tourist_attraction, point_of_interest, establishment",attraction,Nagaland,All Seasons,Mon,11
Chahuakho Chanu,26.9434358,95.3260239,0,"tourist_attraction, point_of_interest, establishment",attraction,Nagaland,All Seasons,Mon,0
Chanu Zaklo Zero Point,26.9274375,95.3209375,5,"tourist_attraction, point_of_interest, establishment",attraction,Nagaland,All Seasons,Mon,1
Singlo pothar ronga gora,26.95943,94.9266416,5,"tourist_attraction, point_of_interest, establishment",attraction,Nagaland,All Seasons,Mon,1
Children Park,25.9126522,93.71356759999999,3.6,"park, point_of_interest, establishment",parks,Nagaland,Spring,Niuland,266
Primary Park,25.9233939,93.702519,3.9,"park, point_of_interest, establishment",parks,Nagaland,Spring,Niuland,20
Tribal Park,25.903822,93.711867,4.2,"park, point_of_interest, establishment",parks,Nagaland,Spring,Niuland,20
Joggers Park,25.7190194,94.1072744,4.3,"park, point_of_interest, establishment",parks,Nagaland,Spring,Niuland,29
Appu Park,25.7986566,93.7751747,3.4,"park, point_of_interest, establishment",parks,Nagaland,Spring,Niuland,127
Children Park,25.9077337,93.71112819999999,3.7,"park, tourist_attraction, point_of_interest, establishment",parks,Nagaland,Spring,Niuland,428
Dillai Park,25.9655955,93.5838448,3.8,"park, point_of_interest, establishment",parks,Nagaland,Spring,Niuland,36
HAYIRO,25.924717,93.7401273,4.4,"park, point_of_interest, establishment",parks,Nagaland,Spring,Niuland,194
Stone Garden NEZCC,25.8758333,93.77444440000001,3.9,"park, point_of_interest, establishment",parks,Nagaland,Spring,Niuland,663
Jordan Park,25.9203674,93.692178,4.1,"park, point_of_interest, establishment",parks,Nagaland,Spring,Niuland,30
JP Park & Banquets,25.8651016,93.7910967,4.6,"park, point_of_interest, establishment",parks,Nagaland,Spring,Niuland,57
INNER WHEEL PARK,25.9086867,93.71582169999999,3.2,"park, point_of_interest, establishment",parks,Nagaland,Spring,Niuland,6
Sokhriezie Park,25.6585027,94.0996794,4,"park, point_of_interest, establishment",parks,Nagaland,Spring,Niuland,31
Rengma Church Park,25.9193017,93.69752799999999,3.7,"park, point_of_interest, establishment",parks,Nagaland,Spring,Niuland,16
Sachu Community Park,25.903164,93.71588,3.7,"park, point_of_interest, establishment",parks,Nagaland,Spring,Niuland,54
Sheela Park,25.9132489,93.7511269,4.3,"park, point_of_interest, establishment",parks,Nagaland,Spring,Niuland,6
Highland Park,25.7086589,94.0907302,3.6,"park, point_of_interest, establishment",parks,Nagaland,Spring,Niuland,233
Niathu Children Park,25.8231487,93.7811667,4.3,"park, point_of_interest, establishment",parks,Nagaland,Spring,Niuland,10
"Lakeview, H.K.Khulu road, Jorepukhri",25.9129874,93.750852,4.6,"park, point_of_interest, establishment",parks,Nagaland,Spring,Niuland,8
A. Z. Phizo Memorial,25.7068663,94.1072197,4,"park, point_of_interest, establishment",parks,Nagaland,Spring,Niuland,168
Kachari Sports Complex,25.927317,93.75011699999999,3.3,"park, point_of_interest, establishment",parks,Nagaland,Spring,Niuland,58
T.N Angami Memorial,25.6693972,94.0724303,4.6,"park, point_of_interest, establishment",parks,Nagaland,Spring,Niuland,10
Phevima Eco Park,25.8989486,93.6973953,4,"park, point_of_interest, establishment",parks,Nagaland,Spring,Niuland,25
Children Park,26.0198606,93.78528299999999,4,"park, point_of_interest, establishment",parks,Nagaland,Spring,Niuland,119
NSF Martyrs' Park,25.6607641,94.10120219999999,3.4,"park, point_of_interest, establishment",parks,Nagaland,Spring,Niuland,234
Life Spring Corner,25.9212838,93.7232471,4.1,"park, tourist_attraction, point_of_interest, establishment",parks,Nagaland,Spring,Niuland,191
Children's Park,25.9069457,93.71509379999999,3.7,"park, point_of_interest, establishment",parks,Nagaland,Spring,Niuland,10
Patkai Viewpoint,25.7940595,93.79252249999999,4.1,"campground, park, lodging, point_of_interest, establishment",parks,Nagaland,Spring,Niuland,46
Jubilee Park,25.9060098,93.7384871,4.2,"park, point_of_interest, establishment",parks,Nagaland,Spring,Niuland,5
Pelke Sovima,25.8441947,93.7347893,4.5,"park, point_of_interest, establishment",parks,Nagaland,Spring,Niuland,10
Children park,25.8797072,93.7678341,4.1,"park, point_of_interest, establishment",parks,Nagaland,Spring,Niuland,12
Children Park,25.7407034,94.10898189999999,3.5,"park, point_of_interest, establishment",parks,Nagaland,Spring,Niuland,53
CoCo- A site for Picnic and Camping,25.7671452,93.6216532,4.3,"campground, park, lodging, point_of_interest, establishment",parks,Nagaland,Spring,Niuland,21
"Local Park, Central Secreteriate",25.706291,94.107343,0,"park, point_of_interest, establishment",parks,Nagaland,Spring,Niuland,0
Sensory park,25.6696965,94.10665139999999,5,"park, point_of_interest, establishment",parks,Nagaland,Spring,Niuland,1
G. K Park,25.6578577,93.6923508,0,"park, point_of_interest, establishment",parks,Nagaland,Spring,Niuland,0
PHUTOI FARM VISHO GHAZU,25.9040326,93.97150099999999,4.8,"park, point_of_interest, establishment",parks,Nagaland,Spring,Niuland,14
Longyang's Lounge,25.6923459,94.1062223,3.3,"park, point_of_interest, establishment",parks,Nagaland,Spring,Niuland,38
Local Park,25.9214162,93.6909781,3.9,"park, point_of_interest, establishment",parks,Nagaland,Spring,Niuland,8
The waterfront,25.8862607,93.7816177,4.5,"park, point_of_interest, establishment",parks,Nagaland,Spring,Niuland,13
Raja pukhuri,26.0536492,93.9054546,5,"park, point_of_interest, establishment",parks,Nagaland,Spring,Niuland,1
Lovers point Dimapur,25.9084086,93.7213125,3.3,"park, point_of_interest, establishment",parks,Nagaland,Spring,Niuland,3
Ramaogreen Park Dhansiri,25.8217052,93.59393539999999,5,"park, point_of_interest, establishment",parks,Nagaland,Spring,Niuland,1
Putsolie nuca,25.6704541,94.0982303,4,"park, point_of_interest, establishment",parks,Nagaland,Spring,Niuland,2
MOLBEM VILLAGE,26.0397585,93.5972493,5,"park, point_of_interest, establishment",parks,Nagaland,Spring,Niuland,1
Kohima Peace Memorial Park,25.6613063,94.10073919999999,5,"park, point_of_interest, establishment",parks,Nagaland,Spring,Niuland,7
Lhouphi Sorhie Rülekie Ki,25.6796426,94.0940521,2.7,"park, point_of_interest, establishment",parks,Nagaland,Spring,Niuland,3
Kruzo park,25.7517859,94.0786153,3.6,"park, point_of_interest, establishment",parks,Nagaland,Spring,Niuland,7
Children Park,26.0736,93.7783501,4,"park, point_of_interest, establishment",parks,Nagaland,Spring,Niuland,8
Triple Falls Seithekema,25.8063018,93.816648,4,"tourist_attraction, park, point_of_interest, establishment",parks,Nagaland,Spring,Niuland,136
Homeland,25.9696783,93.8809486,5,"park, point_of_interest, establishment",parks,Nagaland,Spring,Niuland,2
New Ministers'Hill Unity Park,25.6518671,94.1046016,0,"park, point_of_interest, establishment",parks,Nagaland,Spring,Niuland,0
pelke,25.8409513,93.7634308,3.6,"park, point_of_interest, establishment",parks,Nagaland,Spring,Niuland,14
Pukhalu's farm stay.,25.9324266,94.00301759999999,5,"park, point_of_interest, establishment",parks,Nagaland,Spring,Niuland,2
Khriesaneisa Memorial,25.6740751,94.0450743,4.2,"park, point_of_interest, establishment",parks,Nagaland,Spring,Niuland,54
Golden jubilee park,25.95009,93.7920015,0,"park, point_of_interest, establishment",parks,Nagaland,Spring,Niuland,0
NTJ Plantation,25.7951477,93.75643939999999,4,"park, point_of_interest, establishment",parks,Nagaland,Spring,Niuland,1
Dzüdza Retreat,25.8439705,93.97541869999999,4.1,"park, point_of_interest, establishment",parks,Nagaland,Spring,Niuland,59
"Betoni Jan, Assam",26.1282809,93.8782576,3,"park, point_of_interest, establishment",parks,Nagaland,Spring,Niuland,1
IGAR NORTH CHILDREN PARK,25.6665984,94.1110023,0,"park, point_of_interest, establishment",parks,Nagaland,Spring,Niuland,0
Nagaland State Museum,25.6850553,94.10482379999999,4,"museum, tourist_attraction, point_of_interest, establishment",museum,Nagaland,Winter,Niuland,1503
Chumpo Museum,25.8409526,93.76343519999999,4.7,"museum, point_of_interest, establishment",museum,Nagaland,Winter,Niuland,12
A g a r w a l P a c k e r s A n d M o v e r s LTD,25.6812128,94.1045792,0,"museum, point_of_interest, establishment",museum,Nagaland,Winter,Niuland,0
Nagaland Science Centre,25.9037829,93.73844679999999,3.7,"tourist_attraction, museum, point_of_interest, establishment",museum,Nagaland,Winter,Niuland,624
Kuotsu Heritage Museum,25.6532175,94.02104969999999,4.6,"museum, point_of_interest, establishment",museum,Nagaland,Winter,Niuland,5
District Museum,25.9857194,93.80730319999999,4.8,"museum, point_of_interest, establishment",museum,Nagaland,Winter,Niuland,4
3 Corps War Memorial,25.884586,93.7061104,5,"museum, point_of_interest, establishment",museum,Nagaland,Winter,Niuland,6
SOVIMA Village Ao Cemetry,25.837016,93.7470493,3.2,"museum, point_of_interest, establishment",museum,Nagaland,Winter,Niuland,6
"Tourist Village Tuophema(Ancient Heritage Village) - Kohima District, Nagaland, India",25.8458488,94.1829613,4.1,"tourist_attraction, point_of_interest, establishment",museum,Nagaland,Winter,Niuland,161
CommonWealth World War II Cemetry,25.6679568,94.1035672,4.4,"point_of_interest, establishment",museum,Nagaland,Winter,Niuland,1413
Universal Art gallery,25.9067321,93.720918,5,"shopping_mall, point_of_interest, establishment",museum,Nagaland,Winter,Niuland,15
Kohima Mini Zoo,25.6923396,94.08992520000001,4,"zoo, point_of_interest, establishment",museum,Nagaland,Winter,Niuland,50
Nagaland Zoological Park,25.8530689,93.72411579999999,3.7,"tourist_attraction, zoo, park, point_of_interest, establishment",museum,Nagaland,Winter,Niuland,1966
Captain Kengurusie (MVC) Memorial,25.7732904,94.0894919,4,"point_of_interest, establishment",museum,Nagaland,Winter,Niuland,30
"Puliebadze, Jotsoma Village",25.6477122,94.07311179999999,4.5,"tourist_attraction, point_of_interest, establishment",museum,Nagaland,Winter,Niuland,230
Heirloom Naga Centre,25.8484375,93.7320625,4.7,"point_of_interest, establishment",museum,Nagaland,Winter,Niuland,37
Rural museum Tuophema,25.8449388,94.1831626,5,"museum, point_of_interest, establishment",museum,Nagaland,Winter,Niuland,2
Ao Yimti Süngküm,25.8899999,93.7620768,3.6,"museum, point_of_interest, establishment",museum,Nagaland,Winter,Niuland,19
SHAKI STUDENTS UNION GOLDEN JUBILEE MEMORIAL STONE,26.000412,94.157631,4.2,"museum, point_of_interest, establishment",museum,Nagaland,Winter,Niuland,5
Karagaon sib mandir,25.949787,93.7183869,5,"museum, point_of_interest, establishment",museum,Nagaland,Winter,Niuland,2
Triple Falls Seithekema,25.8063018,93.816648,4,"tourist_attraction, park, point_of_interest, establishment",waterfalls,Nagaland,Monsoon,Niuland,136
DILLAI WATERFALL (Kania bey no. 1),26.0611158,93.6045168,3.7,"tourist_attraction, point_of_interest, establishment",waterfalls,Nagaland,Monsoon,Niuland,15
TOKOLANGSO WATERFALL,26.1694166,93.69872769999999,4.4,"tourist_attraction, point_of_interest, establishment",waterfalls,Nagaland,Monsoon,Niuland,37
"Water reservoir, Dungki",25.6530331,93.7394916,4.1,"tourist_attraction, point_of_interest, establishment",waterfalls,Nagaland,Monsoon,Niuland,13
Patkai Viewpoint,25.7940595,93.79252249999999,4.1,"campground, park, lodging, point_of_interest, establishment",waterfalls,Nagaland,Monsoon,Niuland,46
Vishal Mega Mart,25.6891911,94.0985202,3.7,"supermarket, grocery_or_supermarket, clothing_store, store, food, point_of_interest, establishment",beaches,Nagaland,Summer,Niuland,2120
Vishal Mega Mart,25.91226,93.72071840000001,3.7,"supermarket, grocery_or_supermarket, clothing_store, store, food, point_of_interest, establishment",beaches,Nagaland,Summer,Niuland,3371
Nagaland Zoological Park,25.8530689,93.72411579999999,3.7,"tourist_attraction, zoo, park, point_of_interest, establishment",zoo,Nagaland,Winter,Niuland,1966
Kohima Mini Zoo,25.6923396,94.08992520000001,4,"zoo, point_of_interest, establishment",zoo,Nagaland,Winter,Niuland,50
Atso khupfu,25.873996,93.726143,5,"zoo, point_of_interest, establishment",zoo,Nagaland,Winter,Niuland,1
Children Park,25.9077337,93.71112819999999,3.7,"park, tourist_attraction, point_of_interest, establishment",zoo,Nagaland,Winter,Niuland,428
Green Park,25.8606135,93.76207010000002,3.7,"park, tourist_attraction, point_of_interest, establishment",zoo,Nagaland,Winter,Niuland,3296
Nagaland Science Centre,25.9037829,93.73844679999999,3.7,"tourist_attraction, museum, point_of_interest, establishment",zoo,Nagaland,Winter,Niuland,624
Okusa Toyota,25.9071338,93.74016209999999,4.1,"car_dealer, store, point_of_interest, establishment",zoo,Nagaland,Winter,Niuland,170
Rangapahar,25.8579,93.710487,No rating,"locality, political",zoo,Nagaland,Winter,Niuland,0
Shiv Mandir (Temple),25.8428284,93.704803,4.8,"hindu_temple, place_of_worship, point_of_interest, establishment",temples,Nagaland,All Seasons,Niuland,5
Shiv Temple,25.9059539,93.72826529999999,3.9,"hindu_temple, tourist_attraction, place_of_worship, point_of_interest, establishment",temples,Nagaland,All Seasons,Niuland,54
Hanuman Temple,25.9311326,93.7340626,4.3,"hindu_temple, place_of_worship, point_of_interest, establishment",temples,Nagaland,All Seasons,Niuland,72
Durga Temple दुर्गा मन्दिर,25.9068428,93.7262029,4.3,"hindu_temple, place_of_worship, point_of_interest, establishment",temples,Nagaland,All Seasons,Niuland,142
Radha Krishna Temple,25.9001813,93.7260963,4.7,"hindu_temple, place_of_worship, point_of_interest, establishment",temples,Nagaland,All Seasons,Niuland,17
Shiv Temple,25.955935,93.738858,4.2,"hindu_temple, place_of_worship, point_of_interest, establishment",temples,Nagaland,All Seasons,Niuland,18
Shiv Temple,25.9358789,93.7306543,3.8,"hindu_temple, place_of_worship, point_of_interest, establishment",temples,Nagaland,All Seasons,Niuland,12
Sri Sri Ganesh Mandir,25.9594158,93.7595193,5,"hindu_temple, place_of_worship, point_of_interest, establishment",temples,Nagaland,All Seasons,Niuland,6
Durgabari Temple Kohima,25.6609706,94.1050135,4.1,"hindu_temple, place_of_worship, point_of_interest, establishment",temples,Nagaland,All Seasons,Niuland,57
"Dimapur Kalibari - Dimapur, Nagaland, India",25.9042399,93.7252858,4.4,"hindu_temple, place_of_worship, point_of_interest, establishment",temples,Nagaland,All Seasons,Niuland,102
Singrijan Shiva Mandir,25.8407173,93.7104148,4.5,"hindu_temple, place_of_worship, point_of_interest, establishment",temples,Nagaland,All Seasons,Niuland,25
Shiv Temple,25.8663985,93.7138739,4.4,"hindu_temple, place_of_worship, point_of_interest, establishment",temples,Nagaland,All Seasons,Niuland,37
Satsang Vihar Dimapur,25.9036169,93.7264501,4.6,"hindu_temple, place_of_worship, point_of_interest, establishment",temples,Nagaland,All Seasons,Niuland,43
Lord Shiva temple,25.852179,93.77284329999999,5,"hindu_temple, place_of_worship, point_of_interest, establishment",temples,Nagaland,All Seasons,Niuland,2
Jagannath temple khatkhati,25.9949498,93.7519277,4.5,"hindu_temple, place_of_worship, point_of_interest, establishment",temples,Nagaland,All Seasons,Niuland,11
Nandeshwar Shiva Temple,25.9248738,93.7674854,4.6,"hindu_temple, place_of_worship, point_of_interest, establishment",temples,Nagaland,All Seasons,Niuland,16
Shiv Temple,25.8850943,93.76279489999999,5,"hindu_temple, place_of_worship, point_of_interest, establishment",temples,Nagaland,All Seasons,Niuland,9
"Shiv Mandir, Chungajan, Block No-3",26.0453844,93.8130099,4.5,"hindu_temple, place_of_worship, point_of_interest, establishment",temples,Nagaland,All Seasons,Niuland,13
Temple,25.9071578,93.72260519999999,3.7,"hindu_temple, place_of_worship, point_of_interest, establishment",temples,Nagaland,All Seasons,Niuland,7
Shri Digambar Jain Temple,25.905881,93.725172,4.5,"place_of_worship, point_of_interest, establishment",temples,Nagaland,All Seasons,Niuland,123
"Shiv Temple, Doyapur",25.7619262,93.60194369999999,4.1,"hindu_temple, place_of_worship, point_of_interest, establishment",temples,Nagaland,All Seasons,Niuland,8
Nagaland Police Central Temple,25.8026799,93.7885108,4.2,"hindu_temple, place_of_worship, point_of_interest, establishment",temples,Nagaland,All Seasons,Niuland,54
Krishna Temple,25.9198706,93.7080403,2.3,"hindu_temple, place_of_worship, point_of_interest, establishment",temples,Nagaland,All Seasons,Niuland,4
Shri Shri Maa Katyayani Durga Mandir,25.9415385,93.7105727,4.4,"hindu_temple, place_of_worship, point_of_interest, establishment",temples,Nagaland,All Seasons,Niuland,11
Kali Temple,25.9158339,93.68663459999999,3.8,"hindu_temple, place_of_worship, point_of_interest, establishment",temples,Nagaland,All Seasons,Niuland,6
Shiri Shiri Narhari Namghar,25.997564,93.9166259,5,"hindu_temple, place_of_worship, point_of_interest, establishment",temples,Nagaland,All Seasons,Niuland,1
Shiv & Hanuman mandir,25.9981679,93.76386289999999,5,"hindu_temple, place_of_worship, point_of_interest, establishment",temples,Nagaland,All Seasons,Niuland,5
Hanuman Temple,25.9039804,93.7266568,4.4,"hindu_temple, place_of_worship, point_of_interest, establishment",temples,Nagaland,All Seasons,Niuland,9
Sri dhurga Temple,25.7510017,93.69736789999999,4.3,"hindu_temple, place_of_worship, point_of_interest, establishment",temples,Nagaland,All Seasons,Niuland,10
Khatkhati Lokhimon Dovan,25.9754278,93.74351,4,"hindu_temple, place_of_worship, point_of_interest, establishment",temples,Nagaland,All Seasons,Niuland,4
Shiv Temple,25.8503551,93.769925,4,"hindu_temple, place_of_worship, point_of_interest, establishment",temples,Nagaland,All Seasons,Niuland,20
Rajapukhuri Buddhist monastery ( Buddha Vihar ),26.1659551,93.93120259999999,4.2,"place_of_worship, point_of_interest, establishment",temples,Nagaland,All Seasons,Niuland,30
hindu temple,26.1021054,93.85438169999999,5,"hindu_temple, place_of_worship, point_of_interest, establishment",temples,Nagaland,All Seasons,Niuland,1
"Lokhimon Temple, Moiso Killing",26.0176554,93.6413736,4.2,"hindu_temple, place_of_worship, point_of_interest, establishment",temples,Nagaland,All Seasons,Niuland,11
Rananagar Hari Mandir,26.1062061,93.9670898,2.5,"hindu_temple, place_of_worship, point_of_interest, establishment",temples,Nagaland,All Seasons,Niuland,2
BABA LOKNATH TEMPLE BALIJAN,25.9348153,93.7115651,4.3,"hindu_temple, place_of_worship, point_of_interest, establishment",temples,Nagaland,All Seasons,Niuland,35
Shivarai Temple,25.9261501,93.78802069999999,4.4,"hindu_temple, place_of_worship, point_of_interest, establishment",temples,Nagaland,All Seasons,Niuland,5
"Hanuman Mandir,Chungajan Block-3",26.0583138,93.8165618,4.8,"place_of_worship, point_of_interest, establishment",temples,Nagaland,All Seasons,Niuland,4
Hanuman Mandir,26.021466,93.7898225,4.7,"hindu_temple, place_of_worship, point_of_interest, establishment",temples,Nagaland,All Seasons,Niuland,18
माँ दुर्गा मंदिर Maa Durga Temple,25.9334879,93.7398836,4.2,"hindu_temple, place_of_worship, point_of_interest, establishment",temples,Nagaland,All Seasons,Niuland,12
Arlong Chuhu Temple,26.1193525,93.768731,4.3,"hindu_temple, place_of_worship, point_of_interest, establishment",temples,Nagaland,All Seasons,Niuland,3
Shiv Mandir,25.9171388,93.73035379999999,4,"hindu_temple, place_of_worship, point_of_interest, establishment",temples,Nagaland,All Seasons,Niuland,9
Sri Durga Temple,25.7512747,93.6900627,3.8,"hindu_temple, place_of_worship, point_of_interest, establishment",temples,Nagaland,All Seasons,Niuland,14
Sonapur temple,26.1324794,93.959548,4.7,"place_of_worship, point_of_interest, establishment",temples,Nagaland,All Seasons,Niuland,3
"Rongkethe Karbi Lokhimon Adovan, Temple.",26.1179114,93.76882789999999,4.3,"hindu_temple, place_of_worship, point_of_interest, establishment",temples,Nagaland,All Seasons,Niuland,3
Laxmi Temple,25.9108331,93.7674273,3.3,"hindu_temple, place_of_worship, point_of_interest, establishment",temples,Nagaland,All Seasons,Niuland,4
Shiv Mandir,26.1519322,93.8975116,4.3,"hindu_temple, place_of_worship, point_of_interest, establishment",temples,Nagaland,All Seasons,Niuland,12
Sri Sri Baba Loknath Brahmachari Temple,25.9038801,93.7282072,5,"hindu_temple, place_of_worship, point_of_interest, establishment",temples,Nagaland,All Seasons,Niuland,4
Panjan Bathou Mandir,26.0855504,93.86772719999999,5,"hindu_temple, place_of_worship, point_of_interest, establishment",temples,Nagaland,All Seasons,Niuland,2
"Lokhimon Temple, Japralangso",26.1835811,93.7980946,4,"hindu_temple, place_of_worship, point_of_interest, establishment",temples,Nagaland,All Seasons,Niuland,4
Shani Temple,25.9014177,93.72561209999999,4.4,"hindu_temple, place_of_worship, point_of_interest, establishment",temples,Nagaland,All Seasons,Niuland,30
No 2 Trg Bn Durga Temple,25.8816567,93.7625748,4,"hindu_temple, place_of_worship, point_of_interest, establishment",temples,Nagaland,All Seasons,Niuland,9
Chungajan Durga Mandir,26.0104422,93.8475651,3.8,"hindu_temple, place_of_worship, point_of_interest, establishment",temples,Nagaland,All Seasons,Niuland,12
Majgaon Bishnu Mandir,26.0472038,93.8241005,4.5,"hindu_temple, place_of_worship, point_of_interest, establishment",temples,Nagaland,All Seasons,Niuland,4
"Lokhimon Temple, Balipathar",26.1321365,93.7873278,4.8,"hindu_temple, place_of_worship, point_of_interest, establishment",temples,Nagaland,All Seasons,Niuland,4
Lokhimon Temple Sarihajan,26.0664137,93.77003839999999,4.3,"hindu_temple, place_of_worship, point_of_interest, establishment",temples,Nagaland,All Seasons,Niuland,8
Sitala Temple,25.9060158,93.7244614,3.5,"hindu_temple, place_of_worship, point_of_interest, establishment",temples,Nagaland,All Seasons,Niuland,4
Kamakhya Temple Lahorijan,25.9266632,93.7330205,4.3,"hindu_temple, place_of_worship, point_of_interest, establishment",temples,Nagaland,All Seasons,Niuland,12
Nabapur Temple,26.1057629,93.8955064,5,"hindu_temple, place_of_worship, point_of_interest, establishment",temples,Nagaland,All Seasons,Niuland,1
Janata Pathar Temple,26.1191908,93.87542909999999,4.7,"hindu_temple, place_of_worship, point_of_interest, establishment",temples,Nagaland,All Seasons,Niuland,3
blue hill,25.9107595,93.7283197,3.4,"bar, point_of_interest, establishment",hills,Nagaland,Winter,Niuland,76
P.R. Hill,25.6594959,94.09957779999999,No rating,"sublocality_level_1, sublocality, political",hills,Nagaland,Winter,Niuland,0
Wonder Hill Inn,25.7286119,94.0276181,4.9,"restaurant, food, point_of_interest, establishment",hills,Nagaland,Winter,Niuland,13
"Old Ministers'Hill, Kohima",25.656729,94.092961,4.3,"school, point_of_interest, establishment",hills,Nagaland,Winter,Niuland,6
Cathedral Hill View Point,25.6531896,94.1045613,4.6,"tourist_attraction, point_of_interest, establishment",hills,Nagaland,Winter,Niuland,30
Hill Flavours,25.8063022,93.7915407,0,"restaurant, food, point_of_interest, establishment",hills,Nagaland,Winter,Niuland,0
"B.O.C / P.R. Hill Bus Stand, Kohima",25.6584286,94.0992522,4.5,"parking, point_of_interest, establishment",hills,Nagaland,Winter,Niuland,4
Ben's Home,25.7288521,94.1088363,3.6,"point_of_interest, establishment",hills,Nagaland,Winter,Niuland,17
Hills Stay,25.6546426,94.0975005,4.7,"lodging, point_of_interest, establishment",hills,Nagaland,Winter,Niuland,11
Ministers' Hill Baptist Church,25.6564182,94.0929996,4.4,"church, place_of_worship, point_of_interest, establishment",hills,Nagaland,Winter,Niuland,99
Phizo hill,25.7067935,94.1071621,0,"park, point_of_interest, establishment",hills,Nagaland,Winter,Niuland,0
New Ministers'Hill Unity Park,25.6518671,94.1046016,0,"park, point_of_interest, establishment",hills,Nagaland,Winter,Niuland,0
Blue Hill Travels,25.9105376,93.7285041,3.7,"travel_agency, point_of_interest, establishment",hills,Nagaland,Winter,Niuland,22
Hill Side Restaurant,25.6594728,94.09960629999999,4.5,"restaurant, food, point_of_interest, establishment",hills,Nagaland,Winter,Niuland,2
Ministers' Hill Baptist Higher Secondary School,25.656636,94.0931613,4.2,"secondary_school, school, point_of_interest, establishment",hills,Nagaland,Winter,Niuland,70
Office hill,25.6661366,94.0983763,0,"bar, point_of_interest, establishment",hills,Nagaland,Winter,Niuland,0
Post Office PR Hill,25.6604543,94.1000481,1.6,"post_office, finance, point_of_interest, establishment",hills,Nagaland,Winter,Niuland,11
Kire's Residence Officer's Hill,25.6654684,94.09949759999999,0,"point_of_interest, establishment",hills,Nagaland,Winter,Niuland,0
Hill View,25.6843687,94.108548,3.9,"lodging, point_of_interest, establishment",hills,Nagaland,Winter,Niuland,10
Minister Hill,25.6551717,94.09574289999999,No rating,"sublocality_level_1, sublocality, political",hills,Nagaland,Winter,Niuland,0
Hills Restaurant,25.905957,93.73953589999999,4.7,"restaurant, food, point_of_interest, establishment",hills,Nagaland,Winter,Niuland,12
New Minister Hill Panchayat,25.6513312,94.0996222,3,"point_of_interest, establishment",hills,Nagaland,Winter,Niuland,4
PR Hill,25.6594728,94.09960629999999,0,"lodging, point_of_interest, establishment",hills,Nagaland,Winter,Niuland,0
"Green Hills Restaurant, Peducha",25.73359,93.9947704,4.6,"restaurant, food, point_of_interest, establishment",hills,Nagaland,Winter,Niuland,79
Ozukum Hill,25.8793446,93.6950528,5,"point_of_interest, establishment",hills,Nagaland,Winter,Niuland,2
Lower pr hill,25.6594728,94.09960629999999,0,"point_of_interest, establishment",hills,Nagaland,Winter,Niuland,0
"Chakhesang Baptist Church, Ministers' Hill",25.6537791,94.09911389999999,4.5,"church, place_of_worship, point_of_interest, establishment",hills,Nagaland,Winter,Niuland,122
NMH-B/018 New Ministers Hill,25.655152,94.0957438,0,"point_of_interest, establishment",hills,Nagaland,Winter,Niuland,0
"Multi-storey parking PR Hill, Kohima",25.6594513,94.0991597,0,"parking, point_of_interest, establishment",hills,Nagaland,Winter,Niuland,0
Sunning Hill,25.6890427,94.1003848,5,"point_of_interest, establishment",hills,Nagaland,Winter,Niuland,5
Hill Star Canteen,25.9107449,93.7265623,0,"cafe, food, point_of_interest, establishment",hills,Nagaland,Winter,Niuland,0
Hill Labours Private Limited,25.9074748,93.7083486,5,"general_contractor, point_of_interest, establishment",hills,Nagaland,Winter,Niuland,1
Garrison Hill Centre Kohima,25.6666459,94.10343929999999,0,"cafe, food, point_of_interest, establishment",hills,Nagaland,Winter,Niuland,0
NORTH HILL BOYS HOSTEL,25.7687999,94.0936136,3,"university, point_of_interest, establishment",hills,Nagaland,Winter,Niuland,2
Govt. Primary School Lower P.R Hill,25.6604299,94.0984658,5,"school, point_of_interest, establishment",hills,Nagaland,Winter,Niuland,1
"Victor Junction, Officer’s Hill Colony",25.6630625,94.0978417,0,"point_of_interest, establishment",hills,Nagaland,Winter,Niuland,0
"Ao Fellowship Church , New Minister Hill",25.6518639,94.0996796,0,"place_of_worship, point_of_interest, establishment",hills,Nagaland,Winter,Niuland,0
La Colline Resort,25.652051,94.09538219999999,4.5,"lodging, point_of_interest, establishment",hills,Nagaland,Winter,Niuland,71
"Blue Hill Travels (India) Ltd, Sukhanjan bus ticket counter.",26.0335569,93.762287,5,"travel_agency, point_of_interest, establishment",hills,Nagaland,Winter,Niuland,3
"Achievers Academy, Mato Complex, opposite PHQ, P.R. Hill, Kohima Nagaland",25.6586189,94.0987928,5,"point_of_interest, establishment",hills,Nagaland,Winter,Niuland,7
Nagaland Christian Revival Church P.R. Hill,25.6586793,94.101173,5,"church, place_of_worship, point_of_interest, establishment",hills,Nagaland,Winter,Niuland,4
"Firstcry Intellitots Preschool & Daycare - Officer's Hill, Kohima",25.6643042,94.0986489,5,"primary_school, school, point_of_interest, establishment",hills,Nagaland,Winter,Niuland,33
"Sümi Baptist Church, Kohima – Ministers' Hill Fellowship",25.6527736,94.0965717,5,"church, place_of_worship, point_of_interest, establishment",hills,Nagaland,Winter,Niuland,2
Green Hill View English High School,26.0051981,93.7743502,0,"school, point_of_interest, establishment",hills,Nagaland,Winter,Niuland,0
"AICSM P.R Hill Centre, Kohima",25.6584217,94.09851619999999,4.8,"point_of_interest, establishment",hills,Nagaland,Winter,Niuland,4
Day & Night Luxury Restaurant,25.6535989,94.0991975,4.5,"restaurant, food, point_of_interest, establishment",hills,Nagaland,Winter,Niuland,8
Vivid Lounge,25.6584067,94.0986827,3.4,"lodging, restaurant, food, point_of_interest, establishment",hills,Nagaland,Winter,Niuland,66
Kiwi Store,25.6874224,94.10090749999999,4.4,"convenience_store, food, point_of_interest, store, establishment",hills,Nagaland,Winter,Niuland,10
Hills View Naga Ethnic Hotel,25.748946,93.97765869999999,4,"lodging, point_of_interest, establishment",hills,Nagaland,Winter,Niuland,1
Longchar Ki Officer Hill Kohima,25.6633885,94.0970911,0,"point_of_interest, establishment",hills,Nagaland,Winter,Niuland,0
90.8 Hills FM Nagaland,25.9133889,93.7291661,5,"point_of_interest, establishment",hills,Nagaland,Winter,Niuland,3
Hills Car Rental,25.9117717,93.7321528,5,"point_of_interest, establishment",hills,Nagaland,Winter,Niuland,1
"Niraamaya Retreats Aradura, Kohima",25.6482619,94.104028,4.3,"lodging, restaurant, food, point_of_interest, establishment",hills,Nagaland,Winter,Niuland,636
TC DIMAPUR 173 bn CRPF,25.9044244,93.6969443,3.9,"campground, park, lodging, point_of_interest, establishment",hills,Nagaland,Winter,Niuland,183
VIEW POINT HOTEL,25.6584734,94.09868089999999,3.5,"lodging, point_of_interest, establishment",hills,Nagaland,Winter,Niuland,10
Chief Secretary's House,25.6671669,94.0994886,5,"point_of_interest, establishment",hills,Nagaland,Winter,Niuland,1
Kuozhü View Point,25.6516053,94.10334999999999,4.1,"landmark, tourist_attraction, point_of_interest, establishment",hills,Nagaland,Winter,Niuland,113
Hills Organic Enterprise,25.9081498,93.7174273,5,"convenience_store, food, point_of_interest, store, establishment",hills,Nagaland,Winter,Niuland,3
THEO HUB,25.6840892,94.1073084,0,"point_of_interest, establishment",hills,Nagaland,Winter,Niuland,0
Triple Falls Seithekema,25.8063018,93.816648,4,"tourist_attraction, park, point_of_interest, establishment",attraction,Nagaland,All Seasons,Niuland,136
TOKOLANGSO WATERFALL,26.1694166,93.69872769999999,4.4,"tourist_attraction, point_of_interest, establishment",attraction,Nagaland,All Seasons,Niuland,37
Nagaland Science Centre,25.9037829,93.73844679999999,3.7,"tourist_attraction, museum, point_of_interest, establishment",attraction,Nagaland,All Seasons,Niuland,624
"Puliebadze, Jotsoma Village",25.6477122,94.07311179999999,4.5,"tourist_attraction, point_of_interest, establishment",attraction,Nagaland,All Seasons,Niuland,230
Green Park,25.8606135,93.76207010000002,3.7,"park, tourist_attraction, point_of_interest, establishment",attraction,Nagaland,All Seasons,Niuland,3296
Three House Top,25.7941491,93.7925815,4.3,"tourist_attraction, point_of_interest, establishment",attraction,Nagaland,All Seasons,Niuland,33
Banyan Trees,26.178836,94.04169999999999,4.2,"tourist_attraction, point_of_interest, establishment",attraction,Nagaland,All Seasons,Niuland,14
Cathedral Hill View Point,25.6531896,94.1045613,4.6,"tourist_attraction, point_of_interest, establishment",attraction,Nagaland,All Seasons,Niuland,30
"Tourist Village Tuophema(Ancient Heritage Village) - Kohima District, Nagaland, India",25.8458488,94.1829613,4.1,"tourist_attraction, point_of_interest, establishment",attraction,Nagaland,All Seasons,Niuland,161
Nutun Bosti Gate,25.9153526,93.7138942,4,"tourist_attraction, point_of_interest, establishment",attraction,Nagaland,All Seasons,Niuland,7
DILLAI WATERFALL (Kania bey no. 1),26.0611158,93.6045168,3.7,"tourist_attraction, point_of_interest, establishment",attraction,Nagaland,All Seasons,Niuland,15
FOUR SEASONS,25.9114986,93.72046429999999,3.6,"tourist_attraction, point_of_interest, establishment",attraction,Nagaland,All Seasons,Niuland,21
Chitranella Gardens,26.0182388,93.7436061,4.7,"tourist_attraction, point_of_interest, establishment",attraction,Nagaland,All Seasons,Niuland,6
Khonoma village,25.6523425,94.0229921,4.7,"tourist_attraction, point_of_interest, establishment",attraction,Nagaland,All Seasons,Niuland,100
Midway Viewpoint,25.7520749,93.9736293,4,"tourist_attraction, point_of_interest, establishment",attraction,Nagaland,All Seasons,Niuland,12
G H Damant Tomb Monument,25.654438,94.022005,4.5,"tourist_attraction, point_of_interest, establishment",attraction,Nagaland,All Seasons,Niuland,101
Dhansiri Riverfront,26.0494824,93.7814811,5,"tourist_attraction, point_of_interest, establishment",attraction,Nagaland,All Seasons,Niuland,4
Angling,25.8563184,93.7103269,4.3,"tourist_attraction, point_of_interest, establishment",attraction,Nagaland,All Seasons,Niuland,3
Muklipathar Dwang,26.1786338,93.9232375,5,"tourist_attraction, point_of_interest, establishment",attraction,Nagaland,All Seasons,Niuland,3
Valley View Point,25.7719213,93.9322669,5,"tourist_attraction, point_of_interest, establishment",attraction,Nagaland,All Seasons,Niuland,1
Christ King Gate,25.675658,94.118454,0,"tourist_attraction, point_of_interest, establishment",attraction,Nagaland,All Seasons,Niuland,0
Cultural heritage Thilixu village block VI,25.8549924,93.73389949999999,5,"tourist_attraction, point_of_interest, establishment",attraction,Nagaland,All Seasons,Niuland,2
Khonoma Rice Terraces,25.650831,94.0203135,4.5,"tourist_attraction, point_of_interest, establishment",attraction,Nagaland,All Seasons,Niuland,2
Forest View Point,25.6643007,93.6654932,4.4,"tourist_attraction, point_of_interest, establishment",attraction,Nagaland,All Seasons,Niuland,5
"Chedema Village, View Point (Ketsiezou)",25.6818497,94.1460405,4.5,"tourist_attraction, point_of_interest, establishment",attraction,Nagaland,All Seasons,Niuland,2
Lhosheto Ayemi,25.9200297,93.6573154,0,"tourist_attraction, point_of_interest, establishment",attraction,Nagaland,All Seasons,Niuland,0
Balipathar Rice Fields,26.1210756,93.7858596,5,"tourist_attraction, point_of_interest, establishment",attraction,Nagaland,All Seasons,Niuland,8
Dimaraja Kharnai (Lake),25.8241817,93.6386217,4.2,"tourist_attraction, point_of_interest, establishment",attraction,Nagaland,All Seasons,Niuland,5
"Water reservoir, Dungki",25.6530331,93.7394916,4.1,"tourist_attraction, point_of_interest, establishment",attraction,Nagaland,All Seasons,Niuland,13
Driver's Shelter,25.648657,94.1836043,4,"tourist_attraction, point_of_interest, establishment",attraction,Nagaland,All Seasons,Niuland,1
Nsonji lake,25.9247072,94.1059571,4.7,"tourist_attraction, point_of_interest, establishment",attraction,Nagaland,All Seasons,Niuland,27
Jotsoma Scenic Houses,25.661975,94.077601,4.8,"tourist_attraction, point_of_interest, establishment",attraction,Nagaland,All Seasons,Niuland,4
Pongen land Vidima,25.80142,93.69335199999999,0,"tourist_attraction, point_of_interest, establishment",attraction,Nagaland,All Seasons,Niuland,0
I LOVE KOHIMA,25.6680913,94.1047799,4.5,"tourist_attraction, point_of_interest, establishment",attraction,Nagaland,All Seasons,Niuland,6
Aqua Mellow Park,25.8653595,93.7911053,3.7,"park, tourist_attraction, point_of_interest, establishment",attraction,Nagaland,All Seasons,Niuland,448
Mount Totsu,25.9903149,94.1272944,5,"park, point_of_interest, establishment",attraction,Nagaland,All Seasons,Niuland,1
"Kenei Peli 12 Badze, Rücie (P'Khel Kohima)",25.7098884,94.1210522,3.7,"tourist_attraction, point_of_interest, establishment",attraction,Nagaland,All Seasons,Niuland,3
Far valley Angling zone,25.7244283,93.61101,0,"tourist_attraction, point_of_interest, establishment",attraction,Nagaland,All Seasons,Niuland,0
Balipathar Rice Field Sunset Point,26.1169974,93.7798591,5,"tourist_attraction, point_of_interest, establishment",attraction,Nagaland,All Seasons,Niuland,5
"Seri- Tourism Model Farming Centre, Jharnapani, Chumoukidema district, Nagaland",25.7456544,93.8534784,5,"tourist_attraction, point_of_interest, establishment",attraction,Nagaland,All Seasons,Niuland,5
Khemprai vacanza picnic spot,25.7761542,93.6147269,5,"tourist_attraction, point_of_interest, establishment",attraction,Nagaland,All Seasons,Niuland,1
Unity Gate,25.7968001,93.8017302,4.5,"tourist_attraction, point_of_interest, establishment",attraction,Nagaland,All Seasons,Niuland,11
Nagaland State Museum,25.6850553,94.10482379999999,4,"museum, tourist_attraction, point_of_interest, establishment",attraction,Nagaland,All Seasons,Niuland,1503
Netaji Railway Colony Gate,25.9063721,93.7289931,4,"tourist_attraction, point_of_interest, establishment",attraction,Nagaland,All Seasons,Niuland,4
CabinV,25.6630437,94.13899119999999,5,"tourist_attraction, point_of_interest, establishment",attraction,Nagaland,All Seasons,Niuland,1
"Mhaziezou Park, Thizama village",25.7547923,94.108885,4,"tourist_attraction, point_of_interest, establishment",attraction,Nagaland,All Seasons,Niuland,10
Gelajan Tiniali,26.0577223,93.8956836,3.8,"tourist_attraction, point_of_interest, establishment",attraction,Nagaland,All Seasons,Niuland,8
Holy Cross Junction,25.9082747,93.72115819999999,4.3,"tourist_attraction, point_of_interest, establishment",attraction,Nagaland,All Seasons,Niuland,3
Kharuju Houba,25.6730347,94.0180326,4,"tourist_attraction, point_of_interest, establishment",attraction,Nagaland,All Seasons,Niuland,1
Boys Relax Zone,26.1725418,93.81640159999999,3.8,"tourist_attraction, point_of_interest, establishment",attraction,Nagaland,All Seasons,Niuland,4
Tekuonoba,25.6454744,94.0735097,0,"tourist_attraction, point_of_interest, establishment",attraction,Nagaland,All Seasons,Niuland,0
Bokajan Traffic Checkpoint 3,26.022469,93.7635952,0,"tourist_attraction, point_of_interest, establishment",attraction,Nagaland,All Seasons,Niuland,0
Life Spring Corner,25.9212838,93.7232471,4.1,"park, tourist_attraction, point_of_interest, establishment",attraction,Nagaland,All Seasons,Niuland,191
Nhalie Badze,25.6698826,94.0126514,4.8,"tourist_attraction, point_of_interest, establishment",attraction,Nagaland,All Seasons,Niuland,13
NIT Nagaland Gate,25.7875102,93.77157559999999,5,"tourist_attraction, point_of_interest, establishment",attraction,Nagaland,All Seasons,Niuland,1
Shokhüvi Railway Station,25.7603792,93.7126202,4.1,"tourist_attraction, point_of_interest, establishment",attraction,Nagaland,All Seasons,Niuland,34
Rüsoma watch tower,25.7206494,94.13799639999999,0,"tourist_attraction, point_of_interest, establishment",attraction,Nagaland,All Seasons,Niuland,0
Mechü Pru,25.6675966,94.012238,5,"tourist_attraction, point_of_interest, establishment",attraction,Nagaland,All Seasons,Niuland,1
Nagaland Zoological Park,25.8530689,93.72411579999999,3.7,"tourist_attraction, zoo, park, point_of_interest, establishment",attraction,Nagaland,All Seasons,Niuland,1966
Razhü Point,25.6741053,94.1085293,3.8,"tourist_attraction, point_of_interest, establishment",attraction,Nagaland,All Seasons,Niuland,2393
Peace Garden,26.2060485,95.0143777,4.1,"park, point_of_interest, establishment",parks,Nagaland,Spring,Noklak,11
NAC stoppage Point,26.1338483,95.01386040000001,4,"park, point_of_interest, establishment",parks,Nagaland,Spring,Noklak,1
NAC/NMC (Stoppage point),25.9642252,94.83117539999999,4.7,"park, point_of_interest, establishment",parks,Nagaland,Spring,Noklak,3
T f,26.170288,94.9902814,0,"park, point_of_interest, establishment",parks,Nagaland,Spring,Noklak,0
J Tomukam Orange Farm,26.0332036,94.83082639999999,5,"park, point_of_interest, establishment",parks,Nagaland,Spring,Noklak,1
Langshen Farmhouse,26.2023125,95.03106249999999,0,"park, point_of_interest, establishment",parks,Nagaland,Spring,Noklak,0
Yingnyüshang Hill,26.4343879,94.819473,0,"park, point_of_interest, establishment",parks,Nagaland,Spring,Noklak,0
"Multi-Purpose Project, Yakor Village",26.150164,94.87924900000002,0,"park, point_of_interest, establishment",parks,Nagaland,Spring,Noklak,0
Ngakushon Shong,26.302788,94.90251200000002,0,"park, point_of_interest, establishment",parks,Nagaland,Spring,Noklak,0
Pusong & Sons Farm,26.2450392,95.0777258,0,"park, point_of_interest, establishment",parks,Nagaland,Spring,Noklak,0
Khyararow D. Field,25.959469,94.81353089999999,0,"park, point_of_interest, establishment",parks,Nagaland,Spring,Noklak,0
Diamonds Fall,26.2867875,94.93001559999999,0,"park, point_of_interest, establishment",parks,Nagaland,Spring,Noklak,0
PULIO KOPHOI (view point),26.201401,95.0167079,0,"park, point_of_interest, establishment",parks,Nagaland,Spring,Noklak,0
S.Angki Farm House,26.4550776,95.0247173,0,"park, point_of_interest, establishment",parks,Nagaland,Spring,Noklak,0
Lakiumong Orange Project,26.0473839,94.83761369999999,0,"park, point_of_interest, establishment",parks,Nagaland,Spring,Noklak,0
Langshen farm,26.21714,95.011224,0,"park, point_of_interest, establishment",parks,Nagaland,Spring,Noklak,0
Murie land 1,26.17919,94.8172427,0,"park, point_of_interest, establishment",parks,Nagaland,Spring,Noklak,0
Amod Kumar,26.1221599,94.93218739999999,0,"campground, park, lodging, point_of_interest, establishment",parks,Nagaland,Spring,Noklak,0
Home siam,26.272945,95.073708,0,"campground, park, lodging, point_of_interest, establishment",parks,Nagaland,Spring,Noklak,0
Pine farming,26.0141613,94.973986,0,"park, point_of_interest, establishment",parks,Nagaland,Spring,Noklak,0
YINPHE VARIETY FARM CHANGLANGSHU,26.3951875,94.9548125,0,"park, point_of_interest, establishment",parks,Nagaland,Spring,Noklak,0
VG Museum-Cum-Memorial Hall,26.2586975,95.1001369,5,"museum, point_of_interest, establishment",museum,Nagaland,Winter,Noklak,1
Hakchang Baptist Church,26.3134084,94.8779995,3.5,"museum, point_of_interest, establishment",museum,Nagaland,Winter,Noklak,13
Diamonds Fall,26.2867875,94.93001559999999,0,"park, point_of_interest, establishment",waterfalls,Nagaland,Monsoon,Noklak,0
Hindu Temple,26.2346423,94.8143255,3.3,"hindu_temple, place_of_worship, point_of_interest, establishment",temples,Nagaland,All Seasons,Noklak,10
Assam Rifles Temple,26.2277039,94.8122796,4.7,"hindu_temple, place_of_worship, point_of_interest, establishment",temples,Nagaland,All Seasons,Noklak,7
Aonbaw manastery,26.4323452,95.3738401,5,"place_of_worship, point_of_interest, establishment",temples,Nagaland,All Seasons,Noklak,1
"Satsang Centre, Tuensang",26.234788,94.81399329999999,3,"hindu_temple, place_of_worship, point_of_interest, establishment",temples,Nagaland,All Seasons,Noklak,6
"Aonbaw,Lahe,Sagaing,Myanmar",26.4344351,95.37525749999999,0,"place_of_worship, point_of_interest, establishment",temples,Nagaland,All Seasons,Noklak,0
Sa[o,26.2001134,95.0236941,0,"place_of_worship, point_of_interest, establishment",temples,Nagaland,All Seasons,Noklak,0
Abci company,26.220535,94.885757,0,"hindu_temple, place_of_worship, point_of_interest, establishment",temples,Nagaland,All Seasons,Noklak,0
Yingnyüshang Hill,26.4343879,94.819473,0,"park, point_of_interest, establishment",hills,Nagaland,Winter,Noklak,0
Naga Hills,26.0,95.0,4.3,"natural_feature, establishment",hills,Nagaland,Winter,Noklak,51
HILL SONS RCM WWQ,26.2360016,94.81118509999999,0,"point_of_interest, establishment",hills,Nagaland,Winter,Noklak,0
Shingnya,26.2044151,95.01791449999999,0,"point_of_interest, establishment",hills,Nagaland,Winter,Noklak,0
Shamatore,26.0711487,94.87457529999999,No rating,"administrative_area_level_4, political",hills,Nagaland,Winter,Noklak,0
Htangsan,26.183333,95.283333,No rating,"locality, political",hills,Nagaland,Winter,Noklak,0
Skull cave (Lo chem),26.2398963,94.81437,0,"tourist_attraction, point_of_interest, establishment",attraction,Nagaland,All Seasons,Noklak,0
Lake Hangthem,26.2333388,95.0153054,0,"tourist_attraction, point_of_interest, establishment",attraction,Nagaland,All Seasons,Noklak,0
Nagaland Adventure Club,26.2352334,94.9257337,4,"tourist_attraction, point_of_interest, establishment",attraction,Nagaland,All Seasons,Noklak,8
"Main junction, Tobu",26.3628522,94.9348871,4,"tourist_attraction, point_of_interest, establishment",attraction,Nagaland,All Seasons,Noklak,6
Triple Fall(Water Fall),26.3036943,94.9136041,0,"tourist_attraction, point_of_interest, establishment",attraction,Nagaland,All Seasons,Noklak,0
Town view point,26.3594829,94.9326731,5,"tourist_attraction, point_of_interest, establishment",attraction,Nagaland,All Seasons,Noklak,4
Sikai lake,26.2352133,94.9071098,3.3,"tourist_attraction, point_of_interest, establishment",attraction,Nagaland,All Seasons,Noklak,4
Pio ling kaa,25.9513137,95.0163833,0,"tourist_attraction, point_of_interest, establishment",attraction,Nagaland,All Seasons,Noklak,0
Peace Garden,26.2060485,95.0143777,4.1,"park, point_of_interest, establishment",attraction,Nagaland,All Seasons,Noklak,11
Green Park,25.2715914,93.96917239999999,4.3,"park, point_of_interest, establishment",parks,Nagaland,Spring,Peren,26
Jalukie Student Union Park,25.609113,93.6977282,5,"park, point_of_interest, establishment",parks,Nagaland,Spring,Peren,2
Ahthibung Kuki Memorial Park,25.5463834,93.6222985,4.8,"park, point_of_interest, establishment",parks,Nagaland,Spring,Peren,11
T. L. Angami Park,25.7719941,93.8054765,3.5,"park, point_of_interest, establishment",parks,Nagaland,Spring,Peren,103
JSU Central Park,25.6092974,93.6979743,5,"park, point_of_interest, establishment",parks,Nagaland,Spring,Peren,3
Sikhakie Park,25.6264784,94.0022283,4.5,"park, point_of_interest, establishment",parks,Nagaland,Spring,Peren,13
Lilen jubilee park,25.6431963,93.60313939999999,5,"park, point_of_interest, establishment",parks,Nagaland,Spring,Peren,1
Pu Lengjang Kuki Memorial Park,25.5422143,93.6279371,0,"park, point_of_interest, establishment",parks,Nagaland,Spring,Peren,0
Ntanki National Park,25.5496528,93.5205641,4,"park, point_of_interest, establishment",parks,Nagaland,Spring,Peren,181
Hut and sand picnic spot,25.7567714,93.5814407,4.5,"park, point_of_interest, establishment",parks,Nagaland,Spring,Peren,2
Mongleu Resort,25.6249375,93.6588125,4.4,"park, point_of_interest, establishment",parks,Nagaland,Spring,Peren,16
Newly Constructed Park,25.6248814,93.6588627,3.5,"park, point_of_interest, establishment",parks,Nagaland,Spring,Peren,15
Heireugang Nza site,25.5430958,93.72837179999999,0,"park, point_of_interest, establishment",parks,Nagaland,Spring,Peren,0
"DC Park, Peren Town",25.5404225,93.7405812,3.4,"park, point_of_interest, establishment",parks,Nagaland,Spring,Peren,27
VILELIE SEKHOSE FISHERY,25.7343003,93.86724079999999,0,"park, point_of_interest, establishment",parks,Nagaland,Spring,Peren,0
CoCo- A site for Picnic and Camping,25.7671452,93.6216532,4.3,"campground, park, lodging, point_of_interest, establishment",parks,Nagaland,Spring,Peren,21
SDSA Park,25.272391,94.0231248,3,"park, point_of_interest, establishment",parks,Nagaland,Spring,Peren,2
Gumbeu garden,25.64821,93.655868,5,"park, point_of_interest, establishment",parks,Nagaland,Spring,Peren,1
New Chümoukedima Dam,25.7644353,93.8078161,4.5,"park, point_of_interest, establishment",parks,Nagaland,Spring,Peren,4
Intanki National Park Protection Camp,25.6933693,93.53243409999999,3.9,"park, point_of_interest, establishment",parks,Nagaland,Spring,Peren,15
G. K Park,25.6578577,93.6923508,0,"park, point_of_interest, establishment",parks,Nagaland,Spring,Peren,0
Kithu resort,25.7586037,94.0073041,4,"park, point_of_interest, establishment",parks,Nagaland,Spring,Peren,1
Old Jalukie Biodiversity Reserve,25.5655717,93.7272959,4.2,"park, point_of_interest, establishment",parks,Nagaland,Spring,Peren,5
Abel Elaichi Farm,25.3503125,93.9634375,0,"park, point_of_interest, establishment",parks,Nagaland,Spring,Peren,0
Raben picnic resort,25.7681901,93.6199759,4.4,"campground, park, lodging, point_of_interest, establishment",parks,Nagaland,Spring,Peren,23
Zavekho Field,25.7370671,93.6330823,1,"park, point_of_interest, establishment",parks,Nagaland,Spring,Peren,1
Puilwa Students Union Park,25.4745143,93.755049,0,"park, point_of_interest, establishment",parks,Nagaland,Spring,Peren,0
Olive Raomai Park,25.247488,94.0143295,1,"park, point_of_interest, establishment",parks,Nagaland,Spring,Peren,1
Sanjaining Park,25.3042895,93.66034289999999,0,"campground, park, lodging, point_of_interest, establishment",parks,Nagaland,Spring,Peren,0
Hauneu Hiekha Farm House,25.5579661,93.7161768,5,"park, point_of_interest, establishment",parks,Nagaland,Spring,Peren,5
Taphou Waterfalls (Twilha Kawl),25.2393552,94.023573,5,"park, point_of_interest, establishment",parks,Nagaland,Spring,Peren,1
Riengneilwo park,25.4658038,93.67057659999999,1,"park, point_of_interest, establishment",parks,Nagaland,Spring,Peren,1
Haingo Herie,25.6452571,93.67132819999999,0,"park, point_of_interest, establishment",parks,Nagaland,Spring,Peren,0
Yhobu Field,25.654773,93.80511480000001,0,"park, point_of_interest, establishment",parks,Nagaland,Spring,Peren,0
NTU,25.269245,93.60980269999999,4.4,"park, point_of_interest, establishment",parks,Nagaland,Spring,Peren,14
LOSÜ POINT,25.7356827,93.9844936,0,"park, point_of_interest, establishment",parks,Nagaland,Spring,Peren,0
Forest watch tower,25.3603228,93.6176244,5,"park, point_of_interest, establishment",parks,Nagaland,Spring,Peren,1
Angami Forest,25.7503306,93.76691079999999,1,"park, point_of_interest, establishment",parks,Nagaland,Spring,Peren,1
Zutovi 3,25.738113,93.65556000000001,0,"park, point_of_interest, establishment",parks,Nagaland,Spring,Peren,0
Kekuolhounyu yhome banana plantation,25.7474793,93.7916726,0,"park, point_of_interest, establishment",parks,Nagaland,Spring,Peren,0
Siamvü's garden,25.6873885,94.02917719999999,4.7,"park, point_of_interest, establishment",parks,Nagaland,Spring,Peren,7
Litirü M,25.7388451,94.0213907,0,"park, point_of_interest, establishment",parks,Nagaland,Spring,Peren,0
Barak confluence 2,25.4630098,93.8054464,0,"park, point_of_interest, establishment",parks,Nagaland,Spring,Peren,0
Athon Nziangtah teak farm,25.2512397,93.63514789999999,0,"park, point_of_interest, establishment",parks,Nagaland,Spring,Peren,0
"H.Pame, Farmland",25.3388793,93.553936,0,"park, point_of_interest, establishment",parks,Nagaland,Spring,Peren,0
Khonoma Nature Conservation and Tragopan Sanctuary,25.6266908,94.0013981,3.8,"park, point_of_interest, establishment",parks,Nagaland,Spring,Peren,13
Imlona's Acre,25.7467623,93.6445524,0,"park, point_of_interest, establishment",parks,Nagaland,Spring,Peren,0
Ngtamlum,25.3930925,94.00634219999999,0,"park, point_of_interest, establishment",parks,Nagaland,Spring,Peren,0
Pongrole Thongtsar Greenhouse,25.735586,93.98593729999999,0,"park, point_of_interest, establishment",parks,Nagaland,Spring,Peren,0
Dzükou Ki (Rest House),25.6103861,93.99584399999999,0,"park, point_of_interest, establishment",parks,Nagaland,Spring,Peren,0
Kekuo Atou Amha Kikruvi,25.7710472,93.8411667,0,"park, point_of_interest, establishment",parks,Nagaland,Spring,Peren,0
MAKUSII FARM,25.2677276,94.0210189,0,"park, point_of_interest, establishment",parks,Nagaland,Spring,Peren,0
Jamio Farmhouse,25.7615171,93.6851607,0,"park, point_of_interest, establishment",parks,Nagaland,Spring,Peren,0
Inreutu Garden,25.6242048,93.6802841,3.9,"park, point_of_interest, establishment",parks,Nagaland,Spring,Peren,7
Odyssey Pru,25.7265774,93.9899418,5,"park, point_of_interest, establishment",parks,Nagaland,Spring,Peren,2
Kekuo and shurho,25.7481222,93.7853506,4,"park, point_of_interest, establishment",parks,Nagaland,Spring,Peren,2
"Mt. Pauna, Benreu village",25.5881875,93.8618125,4.9,"park, point_of_interest, establishment",parks,Nagaland,Spring,Peren,14
MAO RESERVE FOREST,25.5689144,94.023743,0,"park, point_of_interest, establishment",parks,Nagaland,Spring,Peren,0
Field,25.6922067,93.81844509999999,0,"park, point_of_interest, establishment",parks,Nagaland,Spring,Peren,0
Hieme's Rubber Farm,25.661804,93.81278220000002,0,"park, point_of_interest, establishment",parks,Nagaland,Spring,Peren,0
Kuotsu Heritage Museum,25.6532175,94.02104969999999,4.6,"museum, point_of_interest, establishment",museum,Nagaland,Winter,Peren,5
Stone monolith,25.4701615,93.97296159999999,4.4,"museum, point_of_interest, establishment",museum,Nagaland,Winter,Peren,8
Hiekha Museum,25.6553283,94.0212843,3.9,"museum, point_of_interest, establishment",museum,Nagaland,Winter,Peren,8
Ahthibung waterfall,25.541316,93.62819890000002,4.5,"tourist_attraction, point_of_interest, establishment",waterfalls,Nagaland,Monsoon,Peren,8
Taphou Waterfalls (Twilha Kawl),25.2393552,94.023573,5,"park, point_of_interest, establishment",waterfalls,Nagaland,Monsoon,Peren,1
"Water reservoir, Dungki",25.6530331,93.7394916,4.1,"tourist_attraction, point_of_interest, establishment",waterfalls,Nagaland,Monsoon,Peren,13
Nzengky Waterfall,25.3206875,93.60068749999999,0,"park, point_of_interest, establishment",waterfalls,Nagaland,Monsoon,Peren,0
New Chümoukedima Dam,25.7644353,93.8078161,4.5,"park, point_of_interest, establishment",waterfalls,Nagaland,Monsoon,Peren,4
Heunambe Village,25.6077381,93.9145355,4.3,"tourist_attraction, point_of_interest, establishment",waterfalls,Nagaland,Monsoon,Peren,3
"Mt. Pauna, Benreu village",25.5881875,93.8618125,4.9,"park, point_of_interest, establishment",waterfalls,Nagaland,Monsoon,Peren,14
"Mt. Pauna, Benreu village",25.5881875,93.8618125,4.9,"park, point_of_interest, establishment",beaches,Nagaland,Summer,Peren,14
Mongleu Resort,25.6249375,93.6588125,4.4,"park, point_of_interest, establishment",beaches,Nagaland,Summer,Peren,16
"Shiv Temple, Doyapur",25.7619262,93.60194369999999,4.1,"hindu_temple, place_of_worship, point_of_interest, establishment",temples,Nagaland,All Seasons,Peren,8
Sri dhurga Temple,25.7510017,93.69736789999999,4.3,"hindu_temple, place_of_worship, point_of_interest, establishment",temples,Nagaland,All Seasons,Peren,10
Sri Durga Temple,25.7512747,93.6900627,3.8,"hindu_temple, place_of_worship, point_of_interest, establishment",temples,Nagaland,All Seasons,Peren,14
Temple,25.271544,94.02422639999999,3.8,"hindu_temple, place_of_worship, point_of_interest, establishment",temples,Nagaland,All Seasons,Peren,6
Dhansiri Anchalik Shri Shri Ganesh Mandir,25.7810528,93.6014422,4.6,"hindu_temple, place_of_worship, point_of_interest, establishment",temples,Nagaland,All Seasons,Peren,15
Tularam Shiva Temple,25.7237375,93.5352413,5,"hindu_temple, place_of_worship, point_of_interest, establishment",temples,Nagaland,All Seasons,Peren,1
Milan Mandir Jalukie Town,25.6479646,93.66660859999999,5,"hindu_temple, place_of_worship, point_of_interest, establishment",temples,Nagaland,All Seasons,Peren,2
Kundu Ningma Gumba,25.2445202,93.9027632,5,"place_of_worship, point_of_interest, establishment",temples,Nagaland,All Seasons,Peren,1
Kundu Ningma gumba chuchekhop-A,25.2386569,93.9049423,5,"place_of_worship, point_of_interest, establishment",temples,Nagaland,All Seasons,Peren,1
Sri Shiv Mandir,25.7567615,93.87440149999999,3.8,"hindu_temple, place_of_worship, point_of_interest, establishment",temples,Nagaland,All Seasons,Peren,6
Shri shri Durga Mandir,25.7622621,93.8863373,4,"hindu_temple, place_of_worship, point_of_interest, establishment",temples,Nagaland,All Seasons,Peren,4
"Gautam Buddha Mandir, Sukhovi.",25.7525542,93.6894557,4,"place_of_worship, point_of_interest, establishment",temples,Nagaland,All Seasons,Peren,7
ShivalayTemple,25.5413933,93.7348373,0,"hindu_temple, place_of_worship, point_of_interest, establishment",temples,Nagaland,All Seasons,Peren,0
Durga mandir,25.239336,93.9054276,5,"hindu_temple, place_of_worship, point_of_interest, establishment",temples,Nagaland,All Seasons,Peren,1
G H Damant Tomb Monument,25.654438,94.022005,4.5,"tourist_attraction, point_of_interest, establishment",temples,Nagaland,All Seasons,Peren,101
Hindu temple,25.5972622,93.82833699999999,0,"place_of_worship, point_of_interest, establishment",temples,Nagaland,All Seasons,Peren,0
Worship Temple,25.6601573,93.78164850000002,0,"hindu_temple, place_of_worship, point_of_interest, establishment",temples,Nagaland,All Seasons,Peren,0
Durga Temple,25.543666,93.7307483,0,"hindu_temple, place_of_worship, point_of_interest, establishment",temples,Nagaland,All Seasons,Peren,0
Shree Ram Janaki Mandir,25.7358504,93.642048,0,"hindu_temple, place_of_worship, point_of_interest, establishment",temples,Nagaland,All Seasons,Peren,0
Tening Village Heraka Kelumki (Temple),25.3593754,93.6122345,3,"place_of_worship, point_of_interest, establishment",temples,Nagaland,All Seasons,Peren,1
Taphou Nepali Part-2,25.2697732,93.9895477,5,"hindu_temple, place_of_worship, point_of_interest, establishment",temples,Nagaland,All Seasons,Peren,2
Dimalu shiv mandir,25.7624014,93.5793181,0,"hindu_temple, place_of_worship, point_of_interest, establishment",temples,Nagaland,All Seasons,Peren,0
Temple,25.5511404,93.6219203,0,"place_of_worship, point_of_interest, establishment",temples,Nagaland,All Seasons,Peren,0
Tahar Basti Maa dhurga temple,25.244948,93.88921549999999,0,"hindu_temple, place_of_worship, point_of_interest, establishment",temples,Nagaland,All Seasons,Peren,0
सर्व धर्म स्थल 🚩,25.749287,93.6952896,0,"hindu_temple, place_of_worship, point_of_interest, establishment",temples,Nagaland,All Seasons,Peren,0
Shiva Mandir (Nunisa),25.7434887,93.5714653,0,"hindu_temple, place_of_worship, point_of_interest, establishment",temples,Nagaland,All Seasons,Peren,0
Durga Temple,25.7601957,93.89521289999999,0,"hindu_temple, place_of_worship, point_of_interest, establishment",temples,Nagaland,All Seasons,Peren,0
Phulbaram Kali Mandir,25.74673,93.5570578,0,"hindu_temple, cafe, place_of_worship, food, point_of_interest, establishment",temples,Nagaland,All Seasons,Peren,0
NT D Temple,25.6667054,93.8006379,0,"place_of_worship, point_of_interest, establishment",temples,Nagaland,All Seasons,Peren,0
Aditya Kumar house,25.64768,93.6674166,0,"hindu_temple, place_of_worship, point_of_interest, establishment",temples,Nagaland,All Seasons,Peren,0
Ziumi Heraka Temple,25.5139812,93.8736838,0,"place_of_worship, point_of_interest, establishment",temples,Nagaland,All Seasons,Peren,0
শিপন দাস,25.7503306,93.76691079999999,0,"hindu_temple, place_of_worship, point_of_interest, establishment",temples,Nagaland,All Seasons,Peren,0
Raju house,25.7360868,93.6011784,0,"hindu_temple, place_of_worship, point_of_interest, establishment",temples,Nagaland,All Seasons,Peren,0
Kali Puja Manglumukh Village,25.7178486,93.550562,0,"hindu_temple, place_of_worship, point_of_interest, establishment",temples,Nagaland,All Seasons,Peren,0
Lanka basti 2,25.3836638,94.03634989999999,0,"place_of_worship, point_of_interest, establishment",temples,Nagaland,All Seasons,Peren,0
Nzauna Heraka Kelumki (Temple),25.2464363,93.5693644,3,"place_of_worship, point_of_interest, establishment",temples,Nagaland,All Seasons,Peren,1
Wonder Hill Inn,25.7286119,94.0276181,4.9,"restaurant, food, point_of_interest, establishment",hills,Nagaland,Winter,Peren,13
Hill Town Residence,25.2777933,94.0293949,3,"lodging, point_of_interest, establishment",hills,Nagaland,Winter,Peren,1
Hills View Cottage,25.6541353,94.0195675,4.6,"lodging, point_of_interest, establishment",hills,Nagaland,Winter,Peren,17
"Green Hills Restaurant, Peducha",25.73359,93.9947704,4.6,"restaurant, food, point_of_interest, establishment",hills,Nagaland,Winter,Peren,79
Hills View Naga Ethnic Hotel,25.748946,93.97765869999999,4,"lodging, point_of_interest, establishment",hills,Nagaland,Winter,Peren,1
The Wonder Hills Resort,25.5999526,93.63688259999999,0,"lodging, point_of_interest, establishment",hills,Nagaland,Winter,Peren,0
Laikot,25.3566666,93.89916660000002,3.7,"natural_feature, establishment",hills,Nagaland,Winter,Peren,32
Hills Academy of Science,25.2776141,94.0287779,2,"school, point_of_interest, establishment",hills,Nagaland,Winter,Peren,1
Hills Sound,25.2750448,94.0272629,4.9,"store, point_of_interest, establishment",hills,Nagaland,Winter,Peren,9
"The Wonder Hills Resort, Saijang",25.6059505,93.63713779999999,0,"lodging, point_of_interest, establishment",hills,Nagaland,Winter,Peren,0
Picnic Spot Poilwa,25.6169276,93.9227458,4.3,"tourist_attraction, point_of_interest, establishment",hills,Nagaland,Winter,Peren,159
Mary Hill Convent,25.6411564,93.6695718,2,"point_of_interest, establishment",hills,Nagaland,Winter,Peren,1
Jamning Valley Resort,25.2963125,94.0314375,4.1,"tourist_attraction, lodging, point_of_interest, establishment",hills,Nagaland,Winter,Peren,89
Midway Viewpoint,25.7520749,93.9736293,4,"tourist_attraction, point_of_interest, establishment",hills,Nagaland,Winter,Peren,12
G H Damant Tomb Monument,25.654438,94.022005,4.5,"tourist_attraction, point_of_interest, establishment",hills,Nagaland,Winter,Peren,101
Laikot,25.3272857,93.8958663,No rating,"locality, political",hills,Nagaland,Winter,Peren,0
Forest View Point,25.6643007,93.6654932,4.4,"tourist_attraction, point_of_interest, establishment",hills,Nagaland,Winter,Peren,5
Lumtur Home,25.6540162,93.6604196,0,"point_of_interest, establishment",hills,Nagaland,Winter,Peren,0
D B Lane,25.6534231,93.6591553,No rating,"sublocality_level_1, sublocality, political",hills,Nagaland,Winter,Peren,0
Makiulongdi Renggaan,25.35608,93.9602491,0,"tourist_attraction, point_of_interest, establishment",attraction,Nagaland,All Seasons,Peren,0
Peren view point,25.5426732,93.7312345,4,"tourist_attraction, point_of_interest, establishment",attraction,Nagaland,All Seasons,Peren,1
Khonoma Dzükou Valley,25.61014,94.00374479999999,4.6,"tourist_attraction, point_of_interest, establishment",attraction,Nagaland,All Seasons,Peren,14
Khonoma village,25.6523425,94.0229921,4.7,"tourist_attraction, point_of_interest, establishment",attraction,Nagaland,All Seasons,Peren,100
Midway Viewpoint,25.7520749,93.9736293,4,"tourist_attraction, point_of_interest, establishment",attraction,Nagaland,All Seasons,Peren,12
G H Damant Tomb Monument,25.654438,94.022005,4.5,"tourist_attraction, point_of_interest, establishment",attraction,Nagaland,All Seasons,Peren,101
Wisaunamai Reserve Forest,25.3601213,93.7868503,4,"tourist_attraction, point_of_interest, establishment",attraction,Nagaland,All Seasons,Peren,1
Valley View Point,25.7719213,93.9322669,5,"tourist_attraction, point_of_interest, establishment",attraction,Nagaland,All Seasons,Peren,1
Chomnu Twikhuh,25.245068,94.015607,5,"tourist_attraction, point_of_interest, establishment",attraction,Nagaland,All Seasons,Peren,2
Zaimeng Lake(Thonglang VILLAGE),25.238036,93.94343669999999,4,"tourist_attraction, point_of_interest, establishment",attraction,Nagaland,All Seasons,Peren,1
I LOVE SENAPATI Selfie Point,25.2739332,94.0243801,4.2,"tourist_attraction, point_of_interest, establishment",attraction,Nagaland,All Seasons,Peren,5
"Tourist Log Huts, Benreu",25.568257,93.85968129999999,4.6,"tourist_attraction, point_of_interest, establishment",attraction,Nagaland,All Seasons,Peren,11
Khonoma Rice Terraces,25.650831,94.0203135,4.5,"tourist_attraction, point_of_interest, establishment",attraction,Nagaland,All Seasons,Peren,2
Forest View Point,25.6643007,93.6654932,4.4,"tourist_attraction, point_of_interest, establishment",attraction,Nagaland,All Seasons,Peren,5
Happiness,25.6404639,93.9807777,0,"tourist_attraction, point_of_interest, establishment",attraction,Nagaland,All Seasons,Peren,0
"Water reservoir, Dungki",25.6530331,93.7394916,4.1,"tourist_attraction, point_of_interest, establishment",attraction,Nagaland,All Seasons,Peren,13
Khemprai vacanza picnic spot,25.7761542,93.6147269,5,"tourist_attraction, point_of_interest, establishment",attraction,Nagaland,All Seasons,Peren,1
Picnic spot jalukie,25.6048638,93.6875412,3.8,"tourist_attraction, point_of_interest, establishment",attraction,Nagaland,All Seasons,Peren,5
Upper Old Jalukie view point,25.5712802,93.732767,4.8,"tourist_attraction, point_of_interest, establishment",attraction,Nagaland,All Seasons,Peren,5
View point,25.4539533,94.0238557,0,"tourist_attraction, point_of_interest, establishment",attraction,Nagaland,All Seasons,Peren,0
Ahthibung waterfall,25.541316,93.62819890000002,4.5,"tourist_attraction, point_of_interest, establishment",attraction,Nagaland,All Seasons,Peren,8
Heunambe Village,25.6077381,93.9145355,4.3,"tourist_attraction, point_of_interest, establishment",attraction,Nagaland,All Seasons,Peren,3
"Seri- Tourism Model Farming Centre, Jharnapani, Chumoukidema district, Nagaland",25.7456544,93.8534784,5,"tourist_attraction, point_of_interest, establishment",attraction,Nagaland,All Seasons,Peren,5
Mt Pauna view point,25.573771,93.81743329999999,4.5,"tourist_attraction, point_of_interest, establishment",attraction,Nagaland,All Seasons,Peren,2
Far valley Angling zone,25.7244283,93.61101,0,"tourist_attraction, point_of_interest, establishment",attraction,Nagaland,All Seasons,Peren,0
Kharuju Houba,25.6730347,94.0180326,4,"tourist_attraction, point_of_interest, establishment",attraction,Nagaland,All Seasons,Peren,1
Nhalie Badze,25.6698826,94.0126514,4.8,"tourist_attraction, point_of_interest, establishment",attraction,Nagaland,All Seasons,Peren,13
Manglumukh Village River,25.7220625,93.5433125,0,"tourist_attraction, point_of_interest, establishment",attraction,Nagaland,All Seasons,Peren,0
Hausum Resort,25.617125,93.92260360000002,4.4,"tourist_attraction, point_of_interest, establishment",attraction,Nagaland,All Seasons,Peren,10
SEASON FIT VALLEY (KUILONG I),25.3594757,93.7887413,5,"tourist_attraction, point_of_interest, establishment",attraction,Nagaland,All Seasons,Peren,8
Shokhüvi Railway Station,25.7603792,93.7126202,4.1,"tourist_attraction, point_of_interest, establishment",attraction,Nagaland,All Seasons,Peren,34
Hepuidoi(The Meadow),25.5790442,93.9256845,4.7,"tourist_attraction, point_of_interest, establishment",attraction,Nagaland,All Seasons,Peren,3
Mechü Pru,25.6675966,94.012238,5,"tourist_attraction, point_of_interest, establishment",attraction,Nagaland,All Seasons,Peren,1
Picnic Spot Poilwa,25.6169276,93.9227458,4.3,"tourist_attraction, point_of_interest, establishment",attraction,Nagaland,All Seasons,Peren,159
Mizho kashi,25.2729769,94.0266087,0,"tourist_attraction, point_of_interest, establishment",attraction,Nagaland,All Seasons,Peren,0
Children Park,25.7155149,94.4640786,4,"park, point_of_interest, establishment",parks,Nagaland,Spring,Phek,50
"Teinghipabuh,T.T.R Picnic Spot",25.4901336,94.2493942,5,"park, point_of_interest, establishment",parks,Nagaland,Spring,Phek,4
Pulo Park,25.893222,94.27215609999999,5,"park, point_of_interest, establishment",parks,Nagaland,Spring,Phek,1
Vaonuhro Liyai Khullen Village,25.4384295,94.2819107,5,"park, point_of_interest, establishment",parks,Nagaland,Spring,Phek,17
Akhen View Point,25.5234083,94.66030599999999,4,"park, point_of_interest, establishment",parks,Nagaland,Spring,Phek,2
INA MEMORIAL PARK,25.7526716,94.37876589999999,5,"park, point_of_interest, establishment",parks,Nagaland,Spring,Phek,2
"Khosiilou Liimai Paddy Field, Peihzelao",25.4158987,94.2548858,5,"park, point_of_interest, establishment",parks,Nagaland,Spring,Phek,2
Kanjang Mongphung,25.5439419,94.6047011,5,"park, point_of_interest, establishment",parks,Nagaland,Spring,Phek,3
Venyo fishery pond,25.7108408,94.3351059,4,"park, point_of_interest, establishment",parks,Nagaland,Spring,Phek,1
Amung Perkia Farm,25.4605125,94.4717031,4.5,"park, point_of_interest, establishment",parks,Nagaland,Spring,Phek,2
"National Peace Memorial Park - Thuvopisu,Nagaland",25.6993826,94.3417058,5,"park, point_of_interest, establishment",parks,Nagaland,Spring,Phek,2
Meswu yode kha,25.6675748,94.2425268,0,"park, point_of_interest, establishment",parks,Nagaland,Spring,Phek,0
TCC,25.4833119,94.24221059999999,5,"park, point_of_interest, establishment",parks,Nagaland,Spring,Phek,1
Sanctuary park Reserve area,25.5520929,94.3996938,4.5,"zoo, park, point_of_interest, establishment",parks,Nagaland,Spring,Phek,2
Tsazu,25.573055,94.256481,5,"park, point_of_interest, establishment",parks,Nagaland,Spring,Phek,1
TBC Jubilee Memorial Stone,25.4841836,94.2365652,4.2,"park, point_of_interest, establishment",parks,Nagaland,Spring,Phek,18
Tuhi,25.8333423,94.52844689999999,0,"park, point_of_interest, establishment",parks,Nagaland,Spring,Phek,0
PKYSO Lemon Farm,25.432684,94.2254742,4.3,"park, point_of_interest, establishment",parks,Nagaland,Spring,Phek,3
Kapamodzü Peak,25.5322625,94.2982969,4.5,"park, point_of_interest, establishment",parks,Nagaland,Spring,Phek,84
Shushe road,25.6478812,94.3785667,4.5,"park, point_of_interest, establishment",parks,Nagaland,Spring,Phek,2
Secred Freedom Park,25.5891989,94.5802015,0,"park, point_of_interest, establishment",parks,Nagaland,Spring,Phek,0
Phyamai View Point,25.4411793,94.2490816,5,"park, tourist_attraction, travel_agency, campground, lodging, point_of_interest, establishment",parks,Nagaland,Spring,Phek,4
9th Family Resort,25.909608,94.7903405,5,"park, point_of_interest, establishment",parks,Nagaland,Spring,Phek,1
Memorial park,25.6923882,94.7174665,0,"park, point_of_interest, establishment",parks,Nagaland,Spring,Phek,0
Vah-beh,25.4197913,94.2428932,3,"park, point_of_interest, establishment",parks,Nagaland,Spring,Phek,1
Park,25.8995672,94.2798571,0,"park, point_of_interest, establishment",parks,Nagaland,Spring,Phek,0
Ancient Memorial Stones,25.7232065,94.28553099999999,4,"park, point_of_interest, establishment",parks,Nagaland,Spring,Phek,1
Pastor Ghilesho shetumi memorial,25.8562095,94.24852249999999,5,"park, point_of_interest, establishment",parks,Nagaland,Spring,Phek,1
KeBen Coffee,25.924691,94.21488099999999,0,"park, point_of_interest, establishment",parks,Nagaland,Spring,Phek,0
"Sühgazu, Thenyizu village",25.67566,94.2290869,4.3,"park, point_of_interest, establishment",parks,Nagaland,Spring,Phek,3
Màlö Ketö,25.5412375,94.2398281,4.5,"park, point_of_interest, establishment",parks,Nagaland,Spring,Phek,2
"Yahweh Empower Stature ,Agro-Park Gariphema Village",25.8135625,94.24443749999999,5,"park, point_of_interest, establishment",parks,Nagaland,Spring,Phek,6
Pfukhrobo ketu,25.575182,94.3696745,4,"park, point_of_interest, establishment",parks,Nagaland,Spring,Phek,1
J&Joe Avocado 🥑 farm,25.5515046,94.4884625,5,"park, point_of_interest, establishment",parks,Nagaland,Spring,Phek,1
Chopü,25.6475421,94.38083859999999,5,"park, point_of_interest, establishment",parks,Nagaland,Spring,Phek,1
Zaifolu,25.4534983,94.4097779,2,"park, point_of_interest, establishment",parks,Nagaland,Spring,Phek,1
Shushutho Nyuthe jhum field,25.7181217,94.64062799999999,0,"park, point_of_interest, establishment",parks,Nagaland,Spring,Phek,0
Ivulho kami field,25.854326,94.23702999999999,0,"park, point_of_interest, establishment",parks,Nagaland,Spring,Phek,0
"Nature’s Promise, Lumu Muru, Phusachodu, Pfutseo Nagaland",25.5965483,94.27946779999999,0,"park, point_of_interest, establishment",parks,Nagaland,Spring,Phek,0
Khusoh's Farm,25.7045918,94.3307458,5,"park, point_of_interest, establishment",parks,Nagaland,Spring,Phek,1
Training Area,25.7016321,94.46030239999999,0,"park, point_of_interest, establishment",parks,Nagaland,Spring,Phek,0
Khrokhropfü wildlife sanctuary,25.584457,94.6355995,4.3,"park, point_of_interest, establishment",parks,Nagaland,Spring,Phek,3
Dakhu Yono Kheh,25.4828664,94.2550795,0,"park, point_of_interest, establishment",parks,Nagaland,Spring,Phek,0
Chingjui Peak,25.4142411,94.433145,0,"park, point_of_interest, establishment",parks,Nagaland,Spring,Phek,0
CSD LINE PLAY GROUND,25.6974609,94.45824379999999,0,"park, point_of_interest, establishment",parks,Nagaland,Spring,Phek,0
CRC DIHOMA PROECT,25.7358417,94.2396418,0,"park, point_of_interest, establishment",parks,Nagaland,Spring,Phek,0
Chaophya Hou,25.438378,94.2428688,0,"park, point_of_interest, establishment",parks,Nagaland,Spring,Phek,0
K Kiwi Li,25.538044,94.35225799999999,5,"park, point_of_interest, establishment",parks,Nagaland,Spring,Phek,1
Nye Ncho Chun (Reserve Forest),25.905299,94.2231146,5,"park, point_of_interest, establishment",parks,Nagaland,Spring,Phek,1
P Domeh's Farm,25.5261031,94.32984239999999,1,"park, point_of_interest, establishment",parks,Nagaland,Spring,Phek,1
Ayang’s Proposed Farm,25.5906875,94.7899375,0,"park, point_of_interest, establishment",parks,Nagaland,Spring,Phek,0
Liahtra View point,25.4400505,94.396503,5,"park, point_of_interest, establishment",parks,Nagaland,Spring,Phek,1
Laka Forest,25.720621,94.3763747,4,"park, point_of_interest, establishment",parks,Nagaland,Spring,Phek,1
MAKUSII FARM,25.5004337,94.3892801,0,"park, point_of_interest, establishment",parks,Nagaland,Spring,Phek,0
Way to Vaonuhro,25.4536657,94.2656846,5,"park, point_of_interest, establishment",parks,Nagaland,Spring,Phek,1
Upper Elaru,25.672799,94.2556213,0,"park, point_of_interest, establishment",parks,Nagaland,Spring,Phek,0
Domeh,25.5995243,94.39355139999999,4,"park, point_of_interest, establishment",parks,Nagaland,Spring,Phek,1
Wildlife sanctuary,25.613806,94.600426,0,"zoo, park, point_of_interest, establishment",parks,Nagaland,Spring,Phek,0
Pala Khre,25.4380286,94.7061949,5,"park, point_of_interest, establishment",parks,Nagaland,Spring,Phek,1
Subhash Chandra Bose Last Camp,25.6752814,94.2687833,2,"park, point_of_interest, establishment",parks,Nagaland,Spring,Phek,3
Zapami Heritage Museum,25.5350228,94.2477152,4.3,"museum, point_of_interest, establishment",museum,Nagaland,Winter,Phek,20
Jüthseri Waterfalls,25.5328337,94.2434615,5,"tourist_attraction, point_of_interest, establishment",waterfalls,Nagaland,Monsoon,Phek,4
Lyave Dziiphya (Waterfall),25.4235187,94.2526804,5,"amusement_park, point_of_interest, establishment",waterfalls,Nagaland,Monsoon,Phek,10
Shilloi Lake,25.5956377,94.7931105,4.3,"natural_feature, establishment",waterfalls,Nagaland,Monsoon,Phek,86
Sanctuary park Reserve area,25.5520929,94.3996938,4.5,"zoo, park, point_of_interest, establishment",zoo,Nagaland,Winter,Phek,2
Sasitii Wildlife Reserve,25.7037064,94.7224521,0,"zoo, park, point_of_interest, establishment",zoo,Nagaland,Winter,Phek,0
Wildlife sanctuary,25.613806,94.600426,0,"zoo, park, point_of_interest, establishment",zoo,Nagaland,Winter,Phek,0
Shiv Mandir,25.7125268,94.46476729999999,3.9,"hindu_temple, place_of_worship, point_of_interest, establishment",temples,Nagaland,All Seasons,Phek,7
Shiv Mandir,25.7207957,94.4657221,0,"hindu_temple, place_of_worship, point_of_interest, establishment",temples,Nagaland,All Seasons,Phek,0
14.Unit mandir,25.850545,94.7984749,5,"hindu_temple, place_of_worship, point_of_interest, establishment",temples,Nagaland,All Seasons,Phek,3
Temple,25.5749414,94.3012397,0,"hindu_temple, place_of_worship, point_of_interest, establishment",temples,Nagaland,All Seasons,Phek,0
Shiv mandir,25.683087,94.6971702,0,"hindu_temple, place_of_worship, point_of_interest, establishment",temples,Nagaland,All Seasons,Phek,0
Sunil kumar,25.712762,94.4634976,0,"hindu_temple, place_of_worship, point_of_interest, establishment",temples,Nagaland,All Seasons,Phek,0
14.(IR)Bn unit mandir,25.8587342,94.7946776,0,"hindu_temple, place_of_worship, point_of_interest, establishment",temples,Nagaland,All Seasons,Phek,0
Tiger Hill (L Sipichu),25.56818,94.657314,0,"park, point_of_interest, establishment",hills,Nagaland,Winter,Phek,0
"Khrieketsa, Pine Hill",25.5216655,94.25778749999999,4.2,"park, tourist_attraction, point_of_interest, establishment",hills,Nagaland,Winter,Phek,16
Gorkha Hill Campsite,25.6325125,94.1987656,5,"campground, park, lodging, point_of_interest, establishment",hills,Nagaland,Winter,Phek,3
A.Hill Prayer Fellowship,25.9233389,94.43733259999999,4,"church, place_of_worship, point_of_interest, establishment",hills,Nagaland,Winter,Phek,2
Bible Hill Baptist Church,25.6910056,94.45501619999999,4,"church, place_of_worship, point_of_interest, establishment",hills,Nagaland,Winter,Phek,2
Teps Hill View Homestay,25.924691,94.21488099999999,0,"lodging, point_of_interest, establishment",hills,Nagaland,Winter,Phek,0
Hill Boto School,25.9305591,94.4497447,3.8,"school, point_of_interest, establishment",hills,Nagaland,Winter,Phek,4
Family Hill Store Runguzu,25.6964751,94.3185714,0,"convenience_store, store, food, point_of_interest, establishment",hills,Nagaland,Winter,Phek,0
"Hills Print,",25.884908,94.7851847,3.9,"point_of_interest, establishment",hills,Nagaland,Winter,Phek,7
Hills Variety Shop,25.7262652,94.3218954,0,"food, point_of_interest, establishment",hills,Nagaland,Winter,Phek,0
Pfutsero Lake,25.5692414,94.2918412,4.1,"natural_feature, establishment",hills,Nagaland,Winter,Phek,51
"Chida Resort, Khezhakeno, Nagaland",25.4981677,94.22977809999999,4.5,"tourist_attraction, point_of_interest, establishment",attraction,Nagaland,All Seasons,Phek,47
Saranamai view point,25.461787,94.2053433,0,"tourist_attraction, point_of_interest, establishment",attraction,Nagaland,All Seasons,Phek,0
KHALOTÜ VIEW POINT,25.6525625,94.4208125,0,"tourist_attraction, point_of_interest, establishment",attraction,Nagaland,All Seasons,Phek,0
Ngaipai Ngaipao sübuh,25.4187254,94.2441049,4.3,"tourist_attraction, point_of_interest, establishment",attraction,Nagaland,All Seasons,Phek,6
"Vaongulu, Phuba Tourism",25.4386847,94.28214899999999,5,"tourist_attraction, point_of_interest, establishment",attraction,Nagaland,All Seasons,Phek,41
Saranamai view point,25.4428986,94.245553,0,"tourist_attraction, point_of_interest, establishment",attraction,Nagaland,All Seasons,Phek,0
"Star Lake View Point, (Reguri)",25.4640251,94.70450310000001,3.5,"tourist_attraction, point_of_interest, establishment",attraction,Nagaland,All Seasons,Phek,2
Seidzü valley,25.6653851,94.2191393,3.3,"tourist_attraction, point_of_interest, establishment",attraction,Nagaland,All Seasons,Phek,3
KARTHIT GONE,25.4265617,94.74615299999999,0,"tourist_attraction, point_of_interest, establishment",attraction,Nagaland,All Seasons,Phek,0
Fire Mountain Peak,25.4573578,94.697305,0,"tourist_attraction, point_of_interest, establishment",attraction,Nagaland,All Seasons,Phek,0
Khyouchi Deichi,25.4045341,94.27660259999999,4.8,"tourist_attraction, point_of_interest, establishment",attraction,Nagaland,All Seasons,Phek,6
Dumeh Tsudu,25.5129557,94.31155679999999,0,"tourist_attraction, point_of_interest, establishment",attraction,Nagaland,All Seasons,Phek,0
Karhutshübe,25.5422049,94.24454279999999,0,"tourist_attraction, point_of_interest, establishment",attraction,Nagaland,All Seasons,Phek,0
Nyitü Valley Mithun Heritage Project,25.693418,94.76541399999999,0,"tourist_attraction, point_of_interest, establishment",attraction,Nagaland,All Seasons,Phek,0
"Phyamai Vaongulu, Phuba Khuman Village",25.4385557,94.28197229999999,5,"tourist_attraction, point_of_interest, establishment",attraction,Nagaland,All Seasons,Phek,2
Rock bee and Cave,25.8881225,94.78559589999999,0,"tourist_attraction, point_of_interest, establishment",attraction,Nagaland,All Seasons,Phek,0
Seidzü river,25.6873973,94.2231156,4.4,"tourist_attraction, point_of_interest, establishment",attraction,Nagaland,All Seasons,Phek,12
Phyamai View Point,25.4411793,94.2490816,5,"park, tourist_attraction, campground, lodging, travel_agency, point_of_interest, establishment",attraction,Nagaland,All Seasons,Phek,4
"Star Lake, Reguri",25.463717,94.7039191,4.1,"tourist_attraction, point_of_interest, establishment",attraction,Nagaland,All Seasons,Phek,7
Paodu-rikhaobu,25.542024,94.3346794,0,"tourist_attraction, point_of_interest, establishment",attraction,Nagaland,All Seasons,Phek,0
Tekhrenpe (couple fall),25.5972319,94.71817829999999,5,"tourist_attraction, point_of_interest, establishment",attraction,Nagaland,All Seasons,Phek,1
Wel Come Gate,25.4259041,94.32853279999999,4,"tourist_attraction, point_of_interest, establishment",attraction,Nagaland,All Seasons,Phek,1
Thüvopisümi,25.7085625,94.3431875,4.4,"tourist_attraction, point_of_interest, establishment",attraction,Nagaland,All Seasons,Phek,29
"Lumüsüpa, Zhipu Village",25.6260607,94.74637539999999,4.4,"tourist_attraction, point_of_interest, establishment",attraction,Nagaland,All Seasons,Phek,11
Peak of Hope,25.5526262,94.3004467,4.5,"tourist_attraction, point_of_interest, establishment",attraction,Nagaland,All Seasons,Phek,10
Tora bridge,25.6376411,94.21515749999999,4.3,"tourist_attraction, point_of_interest, establishment",attraction,Nagaland,All Seasons,Phek,3
Paomekhrovii,25.5478103,94.30838539999999,0,"tourist_attraction, point_of_interest, establishment",attraction,Nagaland,All Seasons,Phek,0
Jüthseri Waterfalls,25.5328337,94.2434615,5,"tourist_attraction, point_of_interest, establishment",attraction,Nagaland,All Seasons,Phek,4
Traditional Hut (Chida resort/post),25.4983721,94.2297253,5,"tourist_attraction, campground, park, lodging, point_of_interest, establishment",attraction,Nagaland,All Seasons,Phek,1
Zhaimai Beivo Li (Giant Himalayan Lily),25.4512305,94.2782602,4.7,"tourist_attraction, campground, park, lodging, point_of_interest, establishment",attraction,Nagaland,All Seasons,Phek,21
Syo resting shed,25.579007,94.32706030000001,0,"tourist_attraction, point_of_interest, establishment",attraction,Nagaland,All Seasons,Phek,0
Sukhai Village,25.8798647,94.503395,4.7,"tourist_attraction, point_of_interest, establishment",attraction,Nagaland,All Seasons,Phek,11
Kasha_Tseminyu View Point,25.8967394,94.20437199999999,0,"tourist_attraction, point_of_interest, establishment",attraction,Nagaland,All Seasons,Phek,0
SHELE paddy field,25.417148,94.25589219999999,0,"tourist_attraction, point_of_interest, establishment",attraction,Nagaland,All Seasons,Phek,0
Saoso Viewpoint,25.4921377,94.3671966,4.3,"tourist_attraction, point_of_interest, establishment",attraction,Nagaland,All Seasons,Phek,15
Kairei,25.4024002,94.2111245,0,"tourist_attraction, point_of_interest, establishment",attraction,Nagaland,All Seasons,Phek,0
"Watch Tower, Netaji Peak",25.677776,94.28485990000001,4,"tourist_attraction, point_of_interest, establishment",attraction,Nagaland,All Seasons,Phek,1
KYU Range,25.4838806,94.22128200000002,4.4,"tourist_attraction, point_of_interest, establishment",attraction,Nagaland,All Seasons,Phek,5
Müzentsükü Kikruma,25.5740887,94.2370624,5,"tourist_attraction, point_of_interest, establishment",attraction,Nagaland,All Seasons,Phek,2
Mokie village,25.652908,94.7719432,0,"tourist_attraction, point_of_interest, establishment",attraction,Nagaland,All Seasons,Phek,0
Subhash Chandra Bose Last Camp,25.6752814,94.2687833,2,"park, point_of_interest, establishment",attraction,Nagaland,All Seasons,Phek,3
Yingphire Village,25.886406,94.584885,0,"tourist_attraction, point_of_interest, establishment",attraction,Nagaland,All Seasons,Phek,0
Theladze View Point,25.5274491,94.2436634,4,"tourist_attraction, point_of_interest, establishment",attraction,Nagaland,All Seasons,Phek,1
Anaothro,25.4849309,94.2346736,0,"tourist_attraction, point_of_interest, establishment",attraction,Nagaland,All Seasons,Phek,0
Taqihu peak,25.6790545,94.7806084,0,"tourist_attraction, point_of_interest, establishment",attraction,Nagaland,All Seasons,Phek,0
Tizhazhu Totsiimai Khel Reserved Forest,25.4889745,94.416342,0,"tourist_attraction, point_of_interest, establishment",attraction,Nagaland,All Seasons,Phek,0
Kukia tu,25.623158,94.323208,0,"tourist_attraction, point_of_interest, establishment",attraction,Nagaland,All Seasons,Phek,0
K Y U RANGE,25.4851905,94.22132889999999,0,"tourist_attraction, point_of_interest, establishment",attraction,Nagaland,All Seasons,Phek,0
Centenary Park,26.0175437,94.6336911,5,"park, point_of_interest, establishment",parks,Nagaland,Spring,Shamator,4
Luhevi Park,26.0365138,94.6318628,4.7,"park, point_of_interest, establishment",parks,Nagaland,Spring,Shamator,6
Kisetong Clover Resort,25.954432,94.72340559999999,5,"park, point_of_interest, establishment",parks,Nagaland,Spring,Shamator,1
9th Family Resort,25.909608,94.7903405,5,"park, point_of_interest, establishment",parks,Nagaland,Spring,Shamator,1
SINGREP ADVENTURE,25.9126825,94.77029499999999,5,"park, point_of_interest, establishment",parks,Nagaland,Spring,Shamator,4
Thomas farm,25.8972156,94.8217683,5,"park, point_of_interest, establishment",parks,Nagaland,Spring,Shamator,1
NAC/NMC (Stoppage point),25.9642252,94.83117539999999,4.7,"park, point_of_interest, establishment",parks,Nagaland,Spring,Shamator,3
Peace Garden,26.2060485,95.0143777,4.1,"park, point_of_interest, establishment",parks,Nagaland,Spring,Shamator,11
J Tomukam Orange Farm,26.0332036,94.83082639999999,5,"park, point_of_interest, establishment",parks,Nagaland,Spring,Shamator,1
"Longsa, Sangdak",26.304579,94.71716599999999,5,"campground, park, lodging, point_of_interest, establishment",parks,Nagaland,Spring,Shamator,1
Langshen Farmhouse,26.2023125,95.03106249999999,0,"park, point_of_interest, establishment",parks,Nagaland,Spring,Shamator,0
Children park,26.0852159,94.73774739999999,0,"park, point_of_interest, establishment",parks,Nagaland,Spring,Shamator,0
Langshen farm,26.21714,95.011224,0,"park, point_of_interest, establishment",parks,Nagaland,Spring,Shamator,0
PULIO KOPHOI (view point),26.201401,95.0167079,0,"park, point_of_interest, establishment",parks,Nagaland,Spring,Shamator,0
YINPHE VARIETY FARM CHANGLANGSHU,26.3951875,94.9548125,0,"park, point_of_interest, establishment",parks,Nagaland,Spring,Shamator,0
NAC/NMC (Stoppage point),25.9513489,94.62719009999999,0,"campground, park, lodging, point_of_interest, establishment",parks,Nagaland,Spring,Shamator,0
Khyararow D. Field,25.959469,94.81353089999999,0,"park, point_of_interest, establishment",parks,Nagaland,Spring,Shamator,0
VG Museum-Cum-Memorial Hall,26.2586975,95.1001369,5,"museum, point_of_interest, establishment",museum,Nagaland,Winter,Shamator,1
Hakchang Baptist Church,26.3134084,94.8779995,3.5,"museum, point_of_interest, establishment",museum,Nagaland,Winter,Shamator,13
New Sangsomong Baptist Church,26.2075283,94.6525877,4.3,"museum, point_of_interest, establishment",museum,Nagaland,Winter,Shamator,4
Waterfall Suteplenden,26.393688,94.63714139999999,4.2,"tourist_attraction, point_of_interest, establishment",waterfalls,Nagaland,Monsoon,Shamator,5
Diamonds Fall,26.2867875,94.93001559999999,0,"park, point_of_interest, establishment",waterfalls,Nagaland,Monsoon,Shamator,0
Suteplenden Eco- Resort,26.3945823,94.64017559999999,4.5,"lodging, point_of_interest, establishment",waterfalls,Nagaland,Monsoon,Shamator,15
Hindu Temple,26.2346423,94.8143255,3.3,"hindu_temple, place_of_worship, point_of_interest, establishment",temples,Nagaland,All Seasons,Shamator,10
Assam Rifles Temple,26.2277039,94.8122796,4.7,"hindu_temple, place_of_worship, point_of_interest, establishment",temples,Nagaland,All Seasons,Shamator,7
Mandir,26.3723376,94.7113236,0,"hindu_temple, place_of_worship, point_of_interest, establishment",temples,Nagaland,All Seasons,Shamator,0
"Satsang Centre, Tuensang",26.234788,94.81399329999999,3,"hindu_temple, place_of_worship, point_of_interest, establishment",temples,Nagaland,All Seasons,Shamator,6
Sa[o,26.2001134,95.0236941,0,"place_of_worship, point_of_interest, establishment",temples,Nagaland,All Seasons,Shamator,0
Abci company,26.220535,94.885757,0,"hindu_temple, place_of_worship, point_of_interest, establishment",temples,Nagaland,All Seasons,Shamator,0
Yingnyüshang Hill,26.4343879,94.819473,0,"park, point_of_interest, establishment",hills,Nagaland,Winter,Shamator,0
Naga Hills,26.0,95.0,4.3,"natural_feature, establishment",hills,Nagaland,Winter,Shamator,51
HILL SONS RCM WWQ,26.2360016,94.81118509999999,0,"point_of_interest, establishment",hills,Nagaland,Winter,Shamator,0
Shingnya,26.2044151,95.01791449999999,0,"point_of_interest, establishment",hills,Nagaland,Winter,Shamator,0
Shamatore,26.0711487,94.87457529999999,No rating,"administrative_area_level_4, political",hills,Nagaland,Winter,Shamator,0
Tinmaung,25.90963,95.169403,No rating,"locality, political",hills,Nagaland,Winter,Shamator,0
Skull cave (Lo chem),26.2398963,94.81437,0,"tourist_attraction, point_of_interest, establishment",attraction,Nagaland,All Seasons,Shamator,0
Waterfall Suteplenden,26.393688,94.63714139999999,4.2,"tourist_attraction, point_of_interest, establishment",attraction,Nagaland,All Seasons,Shamator,5
Lake Hangthem,26.2333388,95.0153054,0,"tourist_attraction, point_of_interest, establishment",attraction,Nagaland,All Seasons,Shamator,0
Nagaland Adventure Club,26.2352334,94.9257337,4,"tourist_attraction, point_of_interest, establishment",attraction,Nagaland,All Seasons,Shamator,8
"Main junction, Tobu",26.3628522,94.9348871,4,"tourist_attraction, point_of_interest, establishment",attraction,Nagaland,All Seasons,Shamator,6
Triple Fall(Water Fall),26.3036943,94.9136041,0,"tourist_attraction, point_of_interest, establishment",attraction,Nagaland,All Seasons,Shamator,0
Town view point,26.3594829,94.9326731,5,"tourist_attraction, point_of_interest, establishment",attraction,Nagaland,All Seasons,Shamator,4
Khiuktang Patty fields,26.0670048,94.7364546,0,"tourist_attraction, point_of_interest, establishment",attraction,Nagaland,All Seasons,Shamator,0
Sikai lake,26.2352133,94.9071098,3.3,"tourist_attraction, point_of_interest, establishment",attraction,Nagaland,All Seasons,Shamator,4
Ayepah paddy field,26.0900097,94.7464669,0,"tourist_attraction, point_of_interest, establishment",attraction,Nagaland,All Seasons,Shamator,0
Bobohu waterfall,26.0861834,94.6734632,0,"tourist_attraction, point_of_interest, establishment",attraction,Nagaland,All Seasons,Shamator,0
Pio ling kaa,25.9513137,95.0163833,0,"tourist_attraction, point_of_interest, establishment",attraction,Nagaland,All Seasons,Shamator,0
Nogora Bor Pukhuri,26.407697,93.964551,4.2,"park, point_of_interest, establishment",parks,Nagaland,Spring,Tseminyu,11
PHUTOI FARM VISHO GHAZU,25.9040326,93.97150099999999,4.8,"park, point_of_interest, establishment",parks,Nagaland,Spring,Tseminyu,14
LSU Marty's Park,26.0956937,94.2526568,5,"park, point_of_interest, establishment",parks,Nagaland,Spring,Tseminyu,1
RE-CRAFT PARK,26.2118267,93.87094359999999,0,"park, point_of_interest, establishment",parks,Nagaland,Spring,Tseminyu,0
Langkar-Om (Garampani) Eco-Tourism Park,26.3934188,93.878952,4.3,"park, point_of_interest, establishment",parks,Nagaland,Spring,Tseminyu,48
Yanchan,26.1483217,94.25264039999999,4.5,"park, point_of_interest, establishment",parks,Nagaland,Spring,Tseminyu,8
Garampani Wildlife Sanctuary,26.3933218,93.87878169999999,4.3,"zoo, park, point_of_interest, establishment",parks,Nagaland,Spring,Tseminyu,398
Children Park,26.2776382,93.8926836,3.6,"park, point_of_interest, establishment",parks,Nagaland,Spring,Tseminyu,73
Nava vaishnav road,26.1675684,93.8982176,4.8,"park, point_of_interest, establishment",parks,Nagaland,Spring,Tseminyu,6
HRidoy Ahmed JHR,26.1295707,93.984629,5,"park, point_of_interest, establishment",parks,Nagaland,Spring,Tseminyu,2
Khonthungo Ezung Farm,26.0698853,94.2249856,5,"park, point_of_interest, establishment",parks,Nagaland,Spring,Tseminyu,1
C T Rengma Park,25.9546277,94.21540159999999,3.9,"park, point_of_interest, establishment",parks,Nagaland,Spring,Tseminyu,12
Birangana Sati Sadhani Park (বীৰাংগনা সতী সাধনী উদ্যান)),26.2382859,93.8711132,4.3,"park, point_of_interest, establishment",parks,Nagaland,Spring,Tseminyu,17
Imkongmeren Memorial Site,26.259452,94.4088743,4.4,"park, point_of_interest, establishment",parks,Nagaland,Spring,Tseminyu,16
The Adventurous Soul,26.377897,94.05744589999999,5,"travel_agency, campground, park, lodging, point_of_interest, establishment",parks,Nagaland,Spring,Tseminyu,124
Pukhalu's farm stay.,25.9324266,94.00301759999999,5,"park, point_of_interest, establishment",parks,Nagaland,Spring,Tseminyu,2
Billgaon Nursery,26.3424019,93.9355198,5,"park, point_of_interest, establishment",parks,Nagaland,Spring,Tseminyu,2
Chakali pathar,26.2789327,93.922828,0,"park, point_of_interest, establishment",parks,Nagaland,Spring,Tseminyu,0
Sewaguri Park,26.2384564,93.8713396,4.5,"park, point_of_interest, establishment",parks,Nagaland,Spring,Tseminyu,2
River Touch Agro Farm,26.2985784,93.92856150000001,1,"park, point_of_interest, establishment",parks,Nagaland,Spring,Tseminyu,1
Children Park Sarupathar,26.2097476,93.86379579999999,3.5,"park, point_of_interest, establishment",parks,Nagaland,Spring,Tseminyu,172
Raja pukhuri,26.0536492,93.9054546,5,"park, point_of_interest, establishment",parks,Nagaland,Spring,Tseminyu,1
Ps,26.25351,93.9698883,0,"park, point_of_interest, establishment",parks,Nagaland,Spring,Tseminyu,0
Park aurora,26.0910351,94.25897379999999,0,"park, point_of_interest, establishment",parks,Nagaland,Spring,Tseminyu,0
Park,25.8995672,94.2798571,0,"park, point_of_interest, establishment",parks,Nagaland,Spring,Tseminyu,0
"Betoni Jan, Assam",26.1282809,93.8782576,3,"park, point_of_interest, establishment",parks,Nagaland,Spring,Tseminyu,1
Rajapukhuri sariali,26.3108929,94.0224089,0,"park, point_of_interest, establishment",parks,Nagaland,Spring,Tseminyu,0
Arjun khaklary,26.2360947,93.98631379999999,5,"park, point_of_interest, establishment",parks,Nagaland,Spring,Tseminyu,1
Aghato Site,25.9491066,93.8728481,0,"park, point_of_interest, establishment",parks,Nagaland,Spring,Tseminyu,0
Chawdang pather,26.3092747,94.02345030000001,5,"park, point_of_interest, establishment",parks,Nagaland,Spring,Tseminyu,1
Jitpur gobin Saikia,26.3398894,93.9892454,1,"park, point_of_interest, establishment",parks,Nagaland,Spring,Tseminyu,1
Godapani tiniali,26.3757212,94.0584545,0,"park, point_of_interest, establishment",parks,Nagaland,Spring,Tseminyu,0
Homeland,25.9696783,93.8809486,5,"park, point_of_interest, establishment",parks,Nagaland,Spring,Tseminyu,2
Keyho’s Farm,25.9035555,93.8659902,5,"park, point_of_interest, establishment",parks,Nagaland,Spring,Tseminyu,1
Team metamorphosis park,26.0717551,94.2682106,5,"park, point_of_interest, establishment",parks,Nagaland,Spring,Tseminyu,1
Garampani water pool park (hot spring),26.3932491,93.87894299999999,4.6,"park, point_of_interest, establishment",parks,Nagaland,Spring,Tseminyu,5
"Park Aurora, swimming pool",26.0951333,94.246881,5,"park, point_of_interest, establishment",parks,Nagaland,Spring,Tseminyu,1
The Getaway,26.2665315,94.46765330000001,5,"park, point_of_interest, establishment",parks,Nagaland,Spring,Tseminyu,4
ENNgullie Bamboo Plantation,26.119431,94.3048757,0,"park, point_of_interest, establishment",parks,Nagaland,Spring,Tseminyu,0
Bibah Bhawan,26.1961956,93.8638589,4,"park, point_of_interest, establishment",parks,Nagaland,Spring,Tseminyu,3
sendenyu,25.9060881,94.12098879999999,3.9,"park, point_of_interest, establishment",parks,Nagaland,Spring,Tseminyu,45
Centanary Jubilee Tower,26.1624401,94.24355779999999,0,"park, point_of_interest, establishment",parks,Nagaland,Spring,Tseminyu,0
Doyang nursery,26.3616304,94.06350139999999,4.3,"park, point_of_interest, establishment",parks,Nagaland,Spring,Tseminyu,3
Doyang Reserve,26.3911672,94.05697889999999,5,"park, point_of_interest, establishment",parks,Nagaland,Spring,Tseminyu,6
KeBen Coffee,25.924691,94.21488099999999,0,"park, point_of_interest, establishment",parks,Nagaland,Spring,Tseminyu,0
Baba khuwa area,26.35243,94.1081166,5,"park, point_of_interest, establishment",parks,Nagaland,Spring,Tseminyu,1
JoshJeff Outdoor Station,25.9327004,93.8937229,5,"park, point_of_interest, establishment",parks,Nagaland,Spring,Tseminyu,1
Chandanpur Sanjeeb battel plantation,26.2035117,94.0205383,0,"park, point_of_interest, establishment",parks,Nagaland,Spring,Tseminyu,0
Chanjyoti Narsary,26.302175,94.01461499999999,5,"park, point_of_interest, establishment",parks,Nagaland,Spring,Tseminyu,1
Mangra tiniali,26.269582,93.96585619999999,5,"park, point_of_interest, establishment",parks,Nagaland,Spring,Tseminyu,2
Gurung's 🏠,26.2320603,93.9873957,5,"park, point_of_interest, establishment",parks,Nagaland,Spring,Tseminyu,2
Eyilo'S Farm,26.0156934,93.9456451,0,"park, point_of_interest, establishment",parks,Nagaland,Spring,Tseminyu,0
NILUTPAL BORA,26.398772,94.13274799999999,5,"park, point_of_interest, establishment",parks,Nagaland,Spring,Tseminyu,2
...,26.4260738,94.1117747,0,"campground, park, lodging, point_of_interest, establishment",parks,Nagaland,Spring,Tseminyu,0
Ghiladhari,26.4231303,94.059692,4.4,"park, point_of_interest, establishment",parks,Nagaland,Spring,Tseminyu,42
Nirmal sonowal,26.3791905,93.976175,5,"park, point_of_interest, establishment",parks,Nagaland,Spring,Tseminyu,1
Gogoi garden kolajan,26.3403377,94.1620743,5,"park, point_of_interest, establishment",parks,Nagaland,Spring,Tseminyu,1
Dipankar Bora chawdang pothar,26.3362694,94.0687277,5,"park, point_of_interest, establishment",parks,Nagaland,Spring,Tseminyu,2
Nye Ncho Chun (Reserve Forest),25.905299,94.2231146,5,"park, point_of_interest, establishment",parks,Nagaland,Spring,Tseminyu,1
Marshel House,26.1924449,93.9423252,5,"park, point_of_interest, establishment",parks,Nagaland,Spring,Tseminyu,1
A g a r w a l P a c k e r s A n d M o v e r s LTD,26.0989996,94.2604628,0,"museum, point_of_interest, establishment",museum,Nagaland,Winter,Tseminyu,0
Yikhüm Jubilee Tower,26.1623993,94.2436073,1,"museum, point_of_interest, establishment",museum,Nagaland,Winter,Tseminyu,1
District Library & Museum,26.0958105,94.2523923,0,"point_of_interest, establishment",museum,Nagaland,Winter,Tseminyu,0
SHAKI STUDENTS UNION GOLDEN JUBILEE MEMORIAL STONE,26.000412,94.157631,4.2,"museum, point_of_interest, establishment",museum,Nagaland,Winter,Tseminyu,5
VG Museum-Cum-Memorial Hall,26.2588125,94.10006249999999,0,"museum, point_of_interest, establishment",museum,Nagaland,Winter,Tseminyu,0
Half-mile Water falls,26.3824782,94.192002,4.4,"tourist_attraction, point_of_interest, establishment",waterfalls,Nagaland,Monsoon,Tseminyu,24
MANGKOLEMBA WATERFALL,26.4149392,94.3812909,4.4,"tourist_attraction, point_of_interest, establishment",waterfalls,Nagaland,Monsoon,Tseminyu,7
Doyang mini waterfall,26.2058536,94.2105904,5,"park, point_of_interest, establishment",waterfalls,Nagaland,Monsoon,Tseminyu,2
Longlangba,26.2603162,94.4075359,4.9,"point_of_interest, establishment",waterfalls,Nagaland,Monsoon,Tseminyu,8
Langkar-Om (Garampani) Eco-Tourism Park,26.3934188,93.878952,4.3,"park, point_of_interest, establishment",waterfalls,Nagaland,Monsoon,Tseminyu,48
Garampani Wildlife Sanctuary,26.3933218,93.87878169999999,4.3,"zoo, park, point_of_interest, establishment",waterfalls,Nagaland,Monsoon,Tseminyu,398
Doyang tourist Resort,26.228242,94.2616346,4.1,"tourist_attraction, point_of_interest, establishment",beaches,Nagaland,Summer,Tseminyu,68
My Resort,26.2192017,94.3026234,4.6,"lodging, point_of_interest, establishment",beaches,Nagaland,Summer,Tseminyu,34
The Hammock Resort,26.1160828,94.2735338,4.1,"lodging, point_of_interest, establishment",beaches,Nagaland,Summer,Tseminyu,266
Aree New,26.214596,94.317184,No rating,"locality, political",beaches,Nagaland,Summer,Tseminyu,0
Garampani Wildlife Sanctuary,26.3933218,93.87878169999999,4.3,"zoo, park, point_of_interest, establishment",zoo,Nagaland,Winter,Tseminyu,398
Hindu Temple,26.4377215,94.08606639999999,3.7,"hindu_temple, place_of_worship, point_of_interest, establishment",temples,Nagaland,All Seasons,Tseminyu,6
KHUTAKOTA TEMPLE,26.4264277,94.1131812,5,"hindu_temple, place_of_worship, point_of_interest, establishment",temples,Nagaland,All Seasons,Tseminyu,2
Hazari -Jaljori Shiv Temple,26.2635131,93.9173546,4.3,"hindu_temple, place_of_worship, point_of_interest, establishment",temples,Nagaland,All Seasons,Tseminyu,15
"Siva Temple , Nowboicha",26.4313696,94.08751389999999,5,"hindu_temple, place_of_worship, point_of_interest, establishment",temples,Nagaland,All Seasons,Tseminyu,3
अशोक विहार,26.1541935,93.91974979999999,4.5,"place_of_worship, point_of_interest, establishment",temples,Nagaland,All Seasons,Tseminyu,28
Satsang Vihar Wokha Goranga,26.4284935,94.0332672,4.5,"hindu_temple, place_of_worship, point_of_interest, establishment",temples,Nagaland,All Seasons,Tseminyu,19
বৈষ্ণৱপুৰ প্ৰাথমিক শাখাৰ নামঘৰ,26.3708841,94.1085008,5,"hindu_temple, place_of_worship, point_of_interest, establishment",temples,Nagaland,All Seasons,Tseminyu,3
Shive Temple,26.2180113,93.9776167,4.9,"hindu_temple, place_of_worship, point_of_interest, establishment",temples,Nagaland,All Seasons,Tseminyu,9
Kachamari Durga Mandir,26.2899425,93.98852869999999,4.3,"hindu_temple, place_of_worship, point_of_interest, establishment",temples,Nagaland,All Seasons,Tseminyu,7
Rajapukhuri Buddhist monastery ( Buddha Vihar ),26.1659551,93.93120259999999,4.2,"place_of_worship, point_of_interest, establishment",temples,Nagaland,All Seasons,Tseminyu,30
Namoni Negheri Temple,26.4324197,94.12709579999999,1,"hindu_temple, place_of_worship, point_of_interest, establishment",temples,Nagaland,All Seasons,Tseminyu,1
Kanchi limbu siva temple,26.196301,93.96653920000001,0,"hindu_temple, place_of_worship, point_of_interest, establishment",temples,Nagaland,All Seasons,Tseminyu,0
Nabapur Temple,26.1057629,93.8955064,5,"hindu_temple, place_of_worship, point_of_interest, establishment",temples,Nagaland,All Seasons,Tseminyu,1
BANDE PURUSHOTTAM TEMPLE,26.2480519,94.0314914,5,"hindu_temple, place_of_worship, point_of_interest, establishment",temples,Nagaland,All Seasons,Tseminyu,1
Chandanpur Shiv Temple,26.2064856,94.0205738,4.5,"hindu_temple, place_of_worship, point_of_interest, establishment",temples,Nagaland,All Seasons,Tseminyu,8
NO.1 TENGANI Shyam Gaon Buddhist temple,26.3363974,93.89154860000001,3,"place_of_worship, point_of_interest, establishment",temples,Nagaland,All Seasons,Tseminyu,2
Boycott Goneshpur Temple,26.1095224,93.887385,5,"hindu_temple, place_of_worship, point_of_interest, establishment",temples,Nagaland,All Seasons,Tseminyu,2
Therovada Buddhist Monastery,26.365661,93.8993721,4.8,"place_of_worship, point_of_interest, establishment",temples,Nagaland,All Seasons,Tseminyu,15
"Teteliguri, Bathou temple",26.2658436,93.9986538,5,"hindu_temple, place_of_worship, point_of_interest, establishment",temples,Nagaland,All Seasons,Tseminyu,1
Janata Pathar Temple,26.1191908,93.87542909999999,4.7,"hindu_temple, place_of_worship, point_of_interest, establishment",temples,Nagaland,All Seasons,Tseminyu,3
Shiv Mandir,26.2879229,93.891138,4.4,"hindu_temple, place_of_worship, point_of_interest, establishment",temples,Nagaland,All Seasons,Tseminyu,7
Wokha Shiv Mandir,26.0923385,94.2561686,4.3,"hindu_temple, place_of_worship, point_of_interest, establishment",temples,Nagaland,All Seasons,Tseminyu,23
Nepali shiv mandhir,26.1440553,93.9198538,3,"hindu_temple, place_of_worship, point_of_interest, establishment",temples,Nagaland,All Seasons,Tseminyu,1
Rananagar Hari Mandir,26.1062061,93.9670898,2.5,"hindu_temple, place_of_worship, point_of_interest, establishment",temples,Nagaland,All Seasons,Tseminyu,2
Siv Temple,26.4117511,94.0973377,0,"hindu_temple, place_of_worship, point_of_interest, establishment",temples,Nagaland,All Seasons,Tseminyu,0
Sonapur temple,26.1324794,93.959548,4.7,"place_of_worship, point_of_interest, establishment",temples,Nagaland,All Seasons,Tseminyu,3
Shiva Temple,26.3329997,93.9736545,4.7,"hindu_temple, place_of_worship, point_of_interest, establishment",temples,Nagaland,All Seasons,Tseminyu,3
Shiv Mandir,26.1519322,93.8975116,4.3,"hindu_temple, place_of_worship, point_of_interest, establishment",temples,Nagaland,All Seasons,Tseminyu,12
Panjan Bathou Mandir,26.0855504,93.86772719999999,5,"hindu_temple, place_of_worship, point_of_interest, establishment",temples,Nagaland,All Seasons,Tseminyu,2
Mohanating Araltole RADHA-KRISHNA Temple,26.3321906,94.09124279999999,4,"hindu_temple, place_of_worship, point_of_interest, establishment",temples,Nagaland,All Seasons,Tseminyu,1
Hanuman Temple,26.2754595,93.8986463,0,"hindu_temple, place_of_worship, point_of_interest, establishment",temples,Nagaland,All Seasons,Tseminyu,0
Shiva Temple,26.3758534,94.17002029999999,5,"hindu_temple, place_of_worship, point_of_interest, establishment",temples,Nagaland,All Seasons,Tseminyu,1
Durga Maa Temple,26.2620083,93.9380127,4.6,"hindu_temple, place_of_worship, point_of_interest, establishment",temples,Nagaland,All Seasons,Tseminyu,14
BORDUBI OLD TEMPLE 1970,26.3067061,94.0614725,5,"hindu_temple, place_of_worship, point_of_interest, establishment",temples,Nagaland,All Seasons,Tseminyu,3
Shyam gaon Buddha temple,26.301676,93.88647569999999,4.3,"place_of_worship, point_of_interest, establishment",temples,Nagaland,All Seasons,Tseminyu,3
Sarupathar Shiv Mandir,26.2024887,93.86802320000001,4.3,"hindu_temple, place_of_worship, point_of_interest, establishment",temples,Nagaland,All Seasons,Tseminyu,30
Shiva temple,26.3151157,93.8814632,5,"hindu_temple, place_of_worship, point_of_interest, establishment",temples,Nagaland,All Seasons,Tseminyu,1
Shive mandir,26.2841325,94.07463829999999,5,"hindu_temple, place_of_worship, point_of_interest, establishment",temples,Nagaland,All Seasons,Tseminyu,1
GONESH Temple,26.2433122,93.9011151,4,"hindu_temple, place_of_worship, point_of_interest, establishment",temples,Nagaland,All Seasons,Tseminyu,2
Tilaknath Shiv Mandir,26.086403,93.87031379999999,5,"hindu_temple, place_of_worship, point_of_interest, establishment",temples,Nagaland,All Seasons,Tseminyu,1
Jitapara Mandir,26.1207488,93.9060538,4.7,"hindu_temple, place_of_worship, point_of_interest, establishment",temples,Nagaland,All Seasons,Tseminyu,3
Hanuman Templr,26.1452689,93.9460646,3.5,"hindu_temple, place_of_worship, point_of_interest, establishment",temples,Nagaland,All Seasons,Tseminyu,8
Sarupathar Shirdi Sai Baba Temple,26.1966275,93.87735769999999,4.8,"hindu_temple, place_of_worship, point_of_interest, establishment",temples,Nagaland,All Seasons,Tseminyu,10
Buddha Mandhir,26.1505699,93.954544,3.8,"place_of_worship, point_of_interest, establishment",temples,Nagaland,All Seasons,Tseminyu,9
Hanuman mandir(naharjan),26.3841743,93.9859111,4.5,"hindu_temple, place_of_worship, point_of_interest, establishment",temples,Nagaland,All Seasons,Tseminyu,4
Gorkha Durga Mandir,26.0931844,94.2556199,5,"hindu_temple, place_of_worship, point_of_interest, establishment",temples,Nagaland,All Seasons,Tseminyu,4
SHRI GANESH MANDIR,26.2924922,93.87391989999999,4,"hindu_temple, place_of_worship, point_of_interest, establishment",temples,Nagaland,All Seasons,Tseminyu,1
Doyangpara Bathou Mandir,26.2347982,93.9898595,4.8,"hindu_temple, place_of_worship, point_of_interest, establishment",temples,Nagaland,All Seasons,Tseminyu,4
Pukhuripara Bathou Mandir,26.0961187,93.8977831,5,"hindu_temple, place_of_worship, point_of_interest, establishment",temples,Nagaland,All Seasons,Tseminyu,1
DIGHOLIPATHAR NAMGHOR,26.2922007,93.89929579999999,5,"hindu_temple, place_of_worship, point_of_interest, establishment",temples,Nagaland,All Seasons,Tseminyu,8
Chowdang pather,26.2942774,94.02379599999999,0,"hindu_temple, place_of_worship, point_of_interest, establishment",temples,Nagaland,All Seasons,Tseminyu,0
LUNPURIA TEMPLE,26.4322955,94.11928449999999,4.7,"hindu_temple, place_of_worship, point_of_interest, establishment",temples,Nagaland,All Seasons,Tseminyu,3
Lakhipur Bathou Mandir,26.2331427,94.0033418,5,"hindu_temple, place_of_worship, point_of_interest, establishment",temples,Nagaland,All Seasons,Tseminyu,1
SHIV MANDIR,26.1568469,93.94469079999999,5,"hindu_temple, place_of_worship, point_of_interest, establishment",temples,Nagaland,All Seasons,Tseminyu,1
Chandanpur Buddhist temple,26.2030205,94.01958239999999,5,"place_of_worship, point_of_interest, establishment",temples,Nagaland,All Seasons,Tseminyu,6
Lakhimi Pathar Bathou Mandir,26.1273043,93.88888779999999,4.7,"hindu_temple, place_of_worship, point_of_interest, establishment",temples,Nagaland,All Seasons,Tseminyu,7
Nepali MONDIR,26.0594662,93.8999775,5,"hindu_temple, place_of_worship, point_of_interest, establishment",temples,Nagaland,All Seasons,Tseminyu,1
Lokhnath mandir,26.2745209,93.8891769,5,"hindu_temple, place_of_worship, point_of_interest, establishment",temples,Nagaland,All Seasons,Tseminyu,1
Madhyampur Ancholic Bathou Mandir,26.1272909,93.89985279999999,4,"hindu_temple, place_of_worship, point_of_interest, establishment",temples,Nagaland,All Seasons,Tseminyu,5
Chakali Pathar MAHABALESWAR siv mandir,26.3161794,93.9550431,4.5,"hindu_temple, place_of_worship, point_of_interest, establishment",temples,Nagaland,All Seasons,Tseminyu,2
Rani hill,26.2680369,94.0944413,5,"point_of_interest, establishment",hills,Nagaland,Winter,Tseminyu,1
Blue Hill,26.0910469,94.2589861,5,"atm, point_of_interest, finance, establishment",hills,Nagaland,Winter,Tseminyu,1
Upper Merapani Foot Hill,26.291065,94.06367499999999,No rating,"locality, political",hills,Nagaland,Winter,Tseminyu,0
A.Hill Prayer Fellowship,25.9233389,94.43733259999999,4,"church, place_of_worship, point_of_interest, establishment",hills,Nagaland,Winter,Tseminyu,2
Teps Hill View Homestay,25.924691,94.21488099999999,0,"lodging, point_of_interest, establishment",hills,Nagaland,Winter,Tseminyu,0
Hill Boto School,25.9305591,94.4497447,3.8,"school, point_of_interest, establishment",hills,Nagaland,Winter,Tseminyu,4
GREEN HILLS WINE SHOP,26.3184304,94.09314379999999,3.7,"liquor_store, store, food, point_of_interest, establishment",hills,Nagaland,Winter,Tseminyu,3
Hills Queen Hotel,26.4260848,94.4330162,3.9,"restaurant, food, point_of_interest, establishment",hills,Nagaland,Winter,Tseminyu,27
Mount Totsu,25.9903149,94.1272944,5,"park, point_of_interest, establishment",hills,Nagaland,Winter,Tseminyu,1
Hills Fancy Store,26.0965199,94.25391809999999,0,"clothing_store, store, point_of_interest, establishment",hills,Nagaland,Winter,Tseminyu,0
CHANGKI VIEW TOWER,26.4220311,94.3905817,4.8,"tourist_attraction, point_of_interest, establishment",hills,Nagaland,Winter,Tseminyu,23
From the hills,26.0910469,94.2589861,0,"food, point_of_interest, establishment",hills,Nagaland,Winter,Tseminyu,0
Nagaland View Point,26.2587473,94.010109,5,"tourist_attraction, point_of_interest, establishment",hills,Nagaland,Winter,Tseminyu,6
Hills velly malti parpose company,25.9106116,93.92356319999999,0,"point_of_interest, establishment",hills,Nagaland,Winter,Tseminyu,0
Eid-gah,26.0934663,94.25542589999999,0,"place_of_worship, point_of_interest, establishment",hills,Nagaland,Winter,Tseminyu,0
Gorkha Durga Mandir,26.0931844,94.2556199,5,"hindu_temple, place_of_worship, point_of_interest, establishment",hills,Nagaland,Winter,Tseminyu,4
R.Y.Ngullie,26.0917351,94.2619922,0,"church, place_of_worship, point_of_interest, establishment",hills,Nagaland,Winter,Tseminyu,0
Wokha Jama Masjid,26.0934706,94.2553932,4.6,"mosque, place_of_worship, point_of_interest, establishment",hills,Nagaland,Winter,Tseminyu,8
TSUMANG BRIDGE,26.2935274,94.09308349999999,5,"point_of_interest, establishment",hills,Nagaland,Winter,Tseminyu,2
Jamio Rubber Enterprise,26.3136333,94.0945136,5,"shopping_mall, point_of_interest, establishment",hills,Nagaland,Winter,Tseminyu,4
Koro View point,26.0832796,93.9929305,4,"tourist_attraction, point_of_interest, establishment",attraction,Nagaland,All Seasons,Tseminyu,13
Doyang tourist Resort,26.228242,94.2616346,4.1,"tourist_attraction, point_of_interest, establishment",attraction,Nagaland,All Seasons,Tseminyu,68
Banyan Trees,26.178836,94.04169999999999,4.2,"tourist_attraction, point_of_interest, establishment",attraction,Nagaland,All Seasons,Tseminyu,14
CHANGKI VIEW TOWER,26.4220311,94.3905817,4.8,"tourist_attraction, point_of_interest, establishment",attraction,Nagaland,All Seasons,Tseminyu,23
Doyang View Point,26.2362968,94.2650865,4.7,"tourist_attraction, point_of_interest, establishment",attraction,Nagaland,All Seasons,Tseminyu,3
Tsumang Lake,26.0937726,94.2564491,3.3,"tourist_attraction, point_of_interest, establishment",attraction,Nagaland,All Seasons,Tseminyu,57
DOYANG VIEW POINT,26.2280304,94.2617557,4.5,"tourist_attraction, point_of_interest, establishment",attraction,Nagaland,All Seasons,Tseminyu,18
Wokha Clock Tower,26.0962088,94.25444550000002,3.9,"tourist_attraction, point_of_interest, establishment",attraction,Nagaland,All Seasons,Tseminyu,55
lanchuju Doyang Picnic Spot,26.2283659,94.2644062,4.2,"tourist_attraction, point_of_interest, establishment",attraction,Nagaland,All Seasons,Tseminyu,42
Nagaland View Point,26.2587473,94.010109,5,"tourist_attraction, point_of_interest, establishment",attraction,Nagaland,All Seasons,Tseminyu,6
MANGKOLEMBA WATERFALL,26.4149392,94.3812909,4.4,"tourist_attraction, point_of_interest, establishment",attraction,Nagaland,All Seasons,Tseminyu,7
Herheri Mothauri View-Point,26.3701566,93.9537162,5,"tourist_attraction, point_of_interest, establishment",attraction,Nagaland,All Seasons,Tseminyu,2
Muklipathar Dwang,26.1786338,93.9232375,5,"tourist_attraction, point_of_interest, establishment",attraction,Nagaland,All Seasons,Tseminyu,3
Nsonji lake,25.9247072,94.1059571,4.7,"tourist_attraction, point_of_interest, establishment",attraction,Nagaland,All Seasons,Tseminyu,27
Thomas' spring well,26.346677,94.3126211,0,"tourist_attraction, point_of_interest, establishment",attraction,Nagaland,All Seasons,Tseminyu,0
Half-mile Water falls,26.3824782,94.192002,4.4,"tourist_attraction, point_of_interest, establishment",attraction,Nagaland,All Seasons,Tseminyu,24
Juria,26.4221875,93.90418749999999,4.5,"tourist_attraction, point_of_interest, establishment",attraction,Nagaland,All Seasons,Tseminyu,6
Mount Totsu,25.9903149,94.1272944,5,"park, point_of_interest, establishment",attraction,Nagaland,All Seasons,Tseminyu,1
Neverland wokha,26.1177008,94.27234639999999,0,"tourist_attraction, point_of_interest, establishment",attraction,Nagaland,All Seasons,Tseminyu,0
Morashen View Point,26.1844281,94.2677655,5,"tourist_attraction, point_of_interest, establishment",attraction,Nagaland,All Seasons,Tseminyu,5
MOUNT TIYI PEAK,26.0995961,94.2853241,0,"tourist_attraction, point_of_interest, establishment",attraction,Nagaland,All Seasons,Tseminyu,0
Gelajan Tiniali,26.0577223,93.8956836,3.8,"tourist_attraction, point_of_interest, establishment",attraction,Nagaland,All Seasons,Tseminyu,8
England Valley View point,26.1770191,94.2565802,5,"tourist_attraction, point_of_interest, establishment",attraction,Nagaland,All Seasons,Tseminyu,1
মেচ কছাৰী সাংস্কৃতিক কেন্দ্ৰ Mech Kochari Hanskritik Kendra,26.2059889,93.8750098,0,"tourist_attraction, point_of_interest, establishment",attraction,Nagaland,All Seasons,Tseminyu,0
Kachamari chari ali,26.2922944,93.9896461,3.5,"tourist_attraction, point_of_interest, establishment",attraction,Nagaland,All Seasons,Tseminyu,16
গৰমপানী (বিজুলী ৰিজাৰ্ভ),26.3928863,93.8787894,3,"tourist_attraction, point_of_interest, establishment",attraction,Nagaland,All Seasons,Tseminyu,4
Changki View Point,26.4219179,94.3922655,4.5,"tourist_attraction, landmark, point_of_interest, establishment",attraction,Nagaland,All Seasons,Tseminyu,193
Langkar-Om (Garampani) Eco-Tourism Park,26.3934188,93.878952,4.3,"park, point_of_interest, establishment",attraction,Nagaland,All Seasons,Tseminyu,48
Mountains View Point,26.2489757,94.0434569,5,"tourist_attraction, point_of_interest, establishment",attraction,Nagaland,All Seasons,Tseminyu,1
Kasha_Tseminyu View Point,25.8967394,94.20437199999999,0,"tourist_attraction, point_of_interest, establishment",attraction,Nagaland,All Seasons,Tseminyu,0
Doyang Picnic Place,26.3767893,93.94898409999999,5,"tourist_attraction, point_of_interest, establishment",attraction,Nagaland,All Seasons,Tseminyu,3
Clock Tower (ঘড়িৰ ঘৰ),25.9349298,93.9652658,3.5,"tourist_attraction, point_of_interest, establishment",attraction,Nagaland,All Seasons,Tseminyu,2
Renao place,26.0910469,94.2589861,0,"tourist_attraction, point_of_interest, establishment",attraction,Nagaland,All Seasons,Tseminyu,0
D. E. F Park,26.3487575,94.5534167,3.9,"park, point_of_interest, establishment",parks,Nagaland,Spring,Tuensang,30
Mejung park,26.3684648,94.54036029999999,5,"park, point_of_interest, establishment",parks,Nagaland,Spring,Tuensang,2
Children park,26.0852159,94.73774739999999,0,"park, point_of_interest, establishment",parks,Nagaland,Spring,Tuensang,0
Centenary Park,26.0175437,94.6336911,5,"park, point_of_interest, establishment",parks,Nagaland,Spring,Tuensang,4
Luhevi Park,26.0365138,94.6318628,4.7,"park, point_of_interest, establishment",parks,Nagaland,Spring,Tuensang,6
Peace Garden,26.4548875,94.6313594,5,"park, point_of_interest, establishment",parks,Nagaland,Spring,Tuensang,10
The Green Bliss,26.373711,94.5507453,5,"park, point_of_interest, establishment",parks,Nagaland,Spring,Tuensang,1
SARS Watershade & Biodiversity Garden,26.4019505,94.60020569999999,3.9,"park, point_of_interest, establishment",parks,Nagaland,Spring,Tuensang,9
Herbal Garden Longleng,26.4982038,94.8297183,5,"park, point_of_interest, establishment",parks,Nagaland,Spring,Tuensang,1
Park,26.3513454,94.60374929999999,3.8,"park, point_of_interest, establishment",parks,Nagaland,Spring,Tuensang,4
Park,26.3878842,94.61302160000001,0,"park, point_of_interest, establishment",parks,Nagaland,Spring,Tuensang,0
A for Boy,26.3718031,94.54264350000001,4.3,"park, point_of_interest, establishment",parks,Nagaland,Spring,Tuensang,8
Longleng Peak,26.4865846,94.8213669,3,"park, point_of_interest, establishment",parks,Nagaland,Spring,Tuensang,4
S.Mar Jamir Memorial Park,26.4298368,94.62747209999999,0,"park, point_of_interest, establishment",parks,Nagaland,Spring,Tuensang,0
"Star Club Park, Yaongyimchen",26.511041,94.727672,5,"park, point_of_interest, establishment",parks,Nagaland,Spring,Tuensang,4
Penzukong Park,26.3337793,94.5520061,0,"park, point_of_interest, establishment",parks,Nagaland,Spring,Tuensang,0
Lukhuyimi cemetery,26.0271909,94.57137999999999,0,"park, point_of_interest, establishment",parks,Nagaland,Spring,Tuensang,0
Cemetery,26.0293239,94.58455029999999,0,"park, point_of_interest, establishment",parks,Nagaland,Spring,Tuensang,0
APGO Park,26.4983875,94.8304167,0,"park, point_of_interest, establishment",parks,Nagaland,Spring,Tuensang,0
J Tomukam Orange Farm,26.0332036,94.83082639999999,5,"park, point_of_interest, establishment",parks,Nagaland,Spring,Tuensang,1
"View Point, Yaongyimchen",26.5146301,94.72492779999999,5,"park, point_of_interest, establishment",parks,Nagaland,Spring,Tuensang,2
Children Park 8th NAP BN.NALTOQA,26.0917853,94.5723919,0,"park, point_of_interest, establishment",parks,Nagaland,Spring,Tuensang,0
Peace Garden,26.2060485,95.0143777,4.1,"park, point_of_interest, establishment",parks,Nagaland,Spring,Tuensang,11
Leinak park,26.4892883,94.8201911,5,"park, point_of_interest, establishment",parks,Nagaland,Spring,Tuensang,2
NAC stoppage Point,26.1338483,95.01386040000001,4,"park, point_of_interest, establishment",parks,Nagaland,Spring,Tuensang,1
YCBCA,26.4817372,94.7186732,5,"park, point_of_interest, establishment",parks,Nagaland,Spring,Tuensang,2
T f,26.170288,94.9902814,0,"park, point_of_interest, establishment",parks,Nagaland,Spring,Tuensang,0
Langshen Farmhouse,26.2023125,95.03106249999999,0,"park, point_of_interest, establishment",parks,Nagaland,Spring,Tuensang,0
Yingnyüshang Hill,26.4343879,94.819473,0,"park, point_of_interest, establishment",parks,Nagaland,Spring,Tuensang,0
Medicinal Garden,26.5049681,94.7266679,0,"park, point_of_interest, establishment",parks,Nagaland,Spring,Tuensang,0
"Multi-Purpose Project, Yakor Village",26.150164,94.87924900000002,0,"park, point_of_interest, establishment",parks,Nagaland,Spring,Tuensang,0
Ngakushon Shong,26.302788,94.90251200000002,0,"park, point_of_interest, establishment",parks,Nagaland,Spring,Tuensang,0
Bird Watch Tower,26.4866446,94.7315019,0,"park, point_of_interest, establishment",parks,Nagaland,Spring,Tuensang,0
Abdul wahab,26.4640154,94.79335019999999,0,"park, point_of_interest, establishment",parks,Nagaland,Spring,Tuensang,0
Watch Tower,26.3940726,94.63936059999999,0,"park, point_of_interest, establishment",parks,Nagaland,Spring,Tuensang,0
Pusong & Sons Farm,26.2450392,95.0777258,0,"park, point_of_interest, establishment",parks,Nagaland,Spring,Tuensang,0
Pongener farm,26.4750745,94.57645409999999,0,"park, point_of_interest, establishment",parks,Nagaland,Spring,Tuensang,0
"Longsa, Sangdak",26.304579,94.71716599999999,5,"campground, lodging, park, point_of_interest, establishment",parks,Nagaland,Spring,Tuensang,1
Aier Farm,26.4795729,94.5603297,5,"park, point_of_interest, establishment",parks,Nagaland,Spring,Tuensang,1
Diamonds Fall,26.2867875,94.93001559999999,0,"park, point_of_interest, establishment",parks,Nagaland,Spring,Tuensang,0
Langshen farm,26.21714,95.011224,0,"park, point_of_interest, establishment",parks,Nagaland,Spring,Tuensang,0
PULIO KOPHOI (view point),26.201401,95.0167079,0,"park, point_of_interest, establishment",parks,Nagaland,Spring,Tuensang,0
YINPHE VARIETY FARM CHANGLANGSHU,26.3951875,94.9548125,0,"park, point_of_interest, establishment",parks,Nagaland,Spring,Tuensang,0
A Salu Nü,26.5172951,94.7505794,0,"park, point_of_interest, establishment",parks,Nagaland,Spring,Tuensang,0
Home siam,26.272945,95.073708,0,"campground, park, lodging, point_of_interest, establishment",parks,Nagaland,Spring,Tuensang,0
Pine farming,26.0141613,94.973986,0,"park, point_of_interest, establishment",parks,Nagaland,Spring,Tuensang,0
Amod Kumar,26.1221599,94.93218739999999,0,"campground, park, lodging, point_of_interest, establishment",parks,Nagaland,Spring,Tuensang,0
Anü Mai Amphitheater,26.470904,94.6475533,4.4,"museum, point_of_interest, establishment",museum,Nagaland,Winter,Tuensang,11
VG Museum-Cum-Memorial Hall,26.2586975,95.1001369,5,"museum, point_of_interest, establishment",museum,Nagaland,Winter,Tuensang,1
Hakchang Baptist Church,26.3134084,94.8779995,3.5,"museum, point_of_interest, establishment",museum,Nagaland,Winter,Tuensang,13
Akhoya Village Hall Of Fame And A Museum,26.5190962,94.67336039999999,4,"museum, point_of_interest, establishment",museum,Nagaland,Winter,Tuensang,20
New Sangsomong Baptist Church,26.2075283,94.6525877,4.3,"museum, point_of_interest, establishment",museum,Nagaland,Winter,Tuensang,4
Yachem Students' Union Library Cum Museum,26.5225156,94.7241732,5,"point_of_interest, establishment",museum,Nagaland,Winter,Tuensang,3
Waterfall Suteplenden,26.393688,94.63714139999999,4.2,"tourist_attraction, point_of_interest, establishment",waterfalls,Nagaland,Monsoon,Tuensang,5
Diamonds Fall,26.2867875,94.93001559999999,0,"park, point_of_interest, establishment",waterfalls,Nagaland,Monsoon,Tuensang,0
Suteplenden Eco- Resort,26.3945823,94.64017559999999,4.5,"lodging, point_of_interest, establishment",waterfalls,Nagaland,Monsoon,Tuensang,15
Hindu Temple,26.2346423,94.8143255,3.3,"hindu_temple, place_of_worship, point_of_interest, establishment",temples,Nagaland,All Seasons,Tuensang,10
Assam Rifles Temple,26.2277039,94.8122796,4.7,"hindu_temple, place_of_worship, point_of_interest, establishment",temples,Nagaland,All Seasons,Tuensang,7
Unit Mandir 8th NAP BN. NALTOQA,26.091795,94.57023269999999,5,"hindu_temple, place_of_worship, point_of_interest, establishment",temples,Nagaland,All Seasons,Tuensang,1
Yingnyüshang Hill,26.4343879,94.819473,0,"park, point_of_interest, establishment",hills,Nagaland,Winter,Tuensang,0
Naga Hills,26.0,95.0,4.3,"natural_feature, establishment",hills,Nagaland,Winter,Tuensang,51
Hills hardware store,26.4871903,94.81426719999999,4,"store, food, point_of_interest, establishment",hills,Nagaland,Winter,Tuensang,1
Green Hills Academy,26.4653948,94.6441547,5,"school, point_of_interest, establishment",hills,Nagaland,Winter,Tuensang,1
HILL SONS RCM WWQ,26.2360016,94.81118509999999,0,"point_of_interest, establishment",hills,Nagaland,Winter,Tuensang,0
Sanen Hills Betlenut Farm,26.520932,94.61420799999999,0,"tourist_attraction, point_of_interest, establishment",hills,Nagaland,Winter,Tuensang,0
Nagaland,26.1584354,94.5624426,No rating,"administrative_area_level_1, political",hills,Nagaland,Winter,Tuensang,0
SDO (C) Staff quarters,26.4780914,94.94284700000001,5,"point_of_interest, establishment",hills,Nagaland,Winter,Tuensang,1
Shingnya,26.2044151,95.01791449999999,0,"point_of_interest, establishment",hills,Nagaland,Winter,Tuensang,0
Skull cave (Lo chem),26.2398963,94.81437,0,"tourist_attraction, point_of_interest, establishment",attraction,Nagaland,All Seasons,Tuensang,0
Waterfall Suteplenden,26.393688,94.63714139999999,4.2,"tourist_attraction, point_of_interest, establishment",attraction,Nagaland,All Seasons,Tuensang,5
Lake Hangthem,26.2333388,95.0153054,0,"tourist_attraction, point_of_interest, establishment",attraction,Nagaland,All Seasons,Tuensang,0
Longpong Farm,26.525885,94.58453999999999,5,"tourist_attraction, point_of_interest, establishment",attraction,Nagaland,All Seasons,Tuensang,3
Nagaland Adventure Club,26.2352334,94.9257337,4,"tourist_attraction, point_of_interest, establishment",attraction,Nagaland,All Seasons,Tuensang,8
Tashi Labchen,26.4831438,94.7053124,5,"tourist_attraction, point_of_interest, establishment",attraction,Nagaland,All Seasons,Tuensang,2
Yaongyimchen Village,26.5149397,94.7249439,5,"tourist_attraction, point_of_interest, establishment",attraction,Nagaland,All Seasons,Tuensang,3
"Main junction, Tobu",26.3628522,94.9348871,4,"tourist_attraction, point_of_interest, establishment",attraction,Nagaland,All Seasons,Tuensang,6
Triple Fall(Water Fall),26.3036943,94.9136041,0,"tourist_attraction, point_of_interest, establishment",attraction,Nagaland,All Seasons,Tuensang,0
Town view point,26.3594829,94.9326731,5,"tourist_attraction, point_of_interest, establishment",attraction,Nagaland,All Seasons,Tuensang,4
Khiuktang Patty fields,26.0670048,94.7364546,0,"tourist_attraction, point_of_interest, establishment",attraction,Nagaland,All Seasons,Tuensang,0
Famous Stone Cave,26.5135432,94.83419529999999,4.5,"tourist_attraction, point_of_interest, establishment",attraction,Nagaland,All Seasons,Tuensang,4
Shongshai Peninsula,26.5158219,94.93326119999999,0,"tourist_attraction, point_of_interest, establishment",attraction,Nagaland,All Seasons,Tuensang,0
View point,26.5359098,94.92099490000001,0,"tourist_attraction, point_of_interest, establishment",attraction,Nagaland,All Seasons,Tuensang,0
Helipad of Chuchuyimlabg,26.4658375,94.6443931,0,"tourist_attraction, point_of_interest, establishment",attraction,Nagaland,All Seasons,Tuensang,0
Sikai lake,26.2352133,94.9071098,3.3,"tourist_attraction, point_of_interest, establishment",attraction,Nagaland,All Seasons,Tuensang,4
Ayepah paddy field,26.0900097,94.7464669,0,"tourist_attraction, point_of_interest, establishment",attraction,Nagaland,All Seasons,Tuensang,0
Bobohu waterfall,26.0861834,94.6734632,0,"tourist_attraction, point_of_interest, establishment",attraction,Nagaland,All Seasons,Tuensang,0
CHINGWASAM LAKE,26.501114,94.930145,0,"tourist_attraction, point_of_interest, establishment",attraction,Nagaland,All Seasons,Tuensang,0
Nature Park Ungma,26.2958572,94.4944378,3.5,"park, amusement_park, travel_agency, point_of_interest, establishment",parks,Nagaland,Spring,Wokha,118
LSU Marty's Park,26.0956937,94.2526568,5,"park, point_of_interest, establishment",parks,Nagaland,Spring,Wokha,1
Children's Park,26.0105214,94.5221789,3.7,"park, point_of_interest, establishment",parks,Nagaland,Spring,Wokha,46
Pulo Park,25.893222,94.27215609999999,5,"park, point_of_interest, establishment",parks,Nagaland,Spring,Wokha,1
D. E. F Park,26.3487575,94.5534167,3.9,"park, point_of_interest, establishment",parks,Nagaland,Spring,Wokha,30
Tuhi,25.8333423,94.52844689999999,0,"park, point_of_interest, establishment",parks,Nagaland,Spring,Wokha,0
C T Rengma Park,25.9546277,94.21540159999999,3.9,"park, point_of_interest, establishment",parks,Nagaland,Spring,Wokha,12
SUMI MARTYRS' PARK,25.9668347,94.50380709999999,4.1,"park, point_of_interest, establishment",parks,Nagaland,Spring,Wokha,34
PHUTOI FARM VISHO GHAZU,25.9040326,93.97150099999999,4.8,"park, point_of_interest, establishment",parks,Nagaland,Spring,Wokha,14
Jungli Liden Eco Park,26.3262625,94.53566909999999,4,"park, point_of_interest, establishment",parks,Nagaland,Spring,Wokha,159
Pukhalu's farm stay.,25.9324266,94.00301759999999,5,"park, point_of_interest, establishment",parks,Nagaland,Spring,Wokha,2
Dzüdza Retreat,25.8439705,93.97541869999999,4.1,"park, point_of_interest, establishment",parks,Nagaland,Spring,Wokha,59
Mejung park,26.3684648,94.54036029999999,5,"park, point_of_interest, establishment",parks,Nagaland,Spring,Wokha,2
HRidoy Ahmed JHR,26.1295707,93.984629,5,"park, point_of_interest, establishment",parks,Nagaland,Spring,Wokha,2
R. Kathing Park,26.3249841,94.5232489,4.1,"park, point_of_interest, establishment",parks,Nagaland,Spring,Wokha,22
Patriots Monolith Park,26.0160152,94.5277546,5,"park, point_of_interest, establishment",parks,Nagaland,Spring,Wokha,2
Khonthungo Ezung Farm,26.0698853,94.2249856,5,"park, point_of_interest, establishment",parks,Nagaland,Spring,Wokha,1
Jenang Yimyak,26.2412751,94.51406019999999,0,"park, point_of_interest, establishment",parks,Nagaland,Spring,Wokha,0
The Getaway,26.2665315,94.46765330000001,5,"park, point_of_interest, establishment",parks,Nagaland,Spring,Wokha,4
Arjun khaklary,26.2360947,93.98631379999999,5,"park, point_of_interest, establishment",parks,Nagaland,Spring,Wokha,1
Yanchan,26.1483217,94.25264039999999,4.5,"park, point_of_interest, establishment",parks,Nagaland,Spring,Wokha,8
Imkongmeren Memorial Site,26.259452,94.4088743,4.4,"park, point_of_interest, establishment",parks,Nagaland,Spring,Wokha,16
Chawdang pather,26.3092747,94.02345030000001,5,"park, point_of_interest, establishment",parks,Nagaland,Spring,Wokha,1
Team metamorphosis park,26.0717551,94.2682106,5,"park, point_of_interest, establishment",parks,Nagaland,Spring,Wokha,1
sendenyu,25.9060881,94.12098879999999,3.9,"park, point_of_interest, establishment",parks,Nagaland,Spring,Wokha,45
Park aurora,26.0910351,94.25897379999999,0,"park, point_of_interest, establishment",parks,Nagaland,Spring,Wokha,0
Centanary Jubilee Tower,26.1624401,94.24355779999999,0,"park, point_of_interest, establishment",parks,Nagaland,Spring,Wokha,0
Penzukong Park,26.3337793,94.5520061,0,"park, point_of_interest, establishment",parks,Nagaland,Spring,Wokha,0
Doyang nursery,26.3616304,94.06350139999999,4.3,"park, point_of_interest, establishment",parks,Nagaland,Spring,Wokha,3
Park,25.8995672,94.2798571,0,"park, point_of_interest, establishment",parks,Nagaland,Spring,Wokha,0
Pastor Ghilesho shetumi memorial,25.8562095,94.24852249999999,5,"park, point_of_interest, establishment",parks,Nagaland,Spring,Wokha,1
KeBen Coffee,25.924691,94.21488099999999,0,"park, point_of_interest, establishment",parks,Nagaland,Spring,Wokha,0
Airfield swimming pool,26.0951568,94.2468877,3.2,"park, point_of_interest, establishment",parks,Nagaland,Spring,Wokha,6
Baba khuwa area,26.35243,94.1081166,5,"park, point_of_interest, establishment",parks,Nagaland,Spring,Wokha,1
A5 Farm,26.3130769,94.510334,5,"park, point_of_interest, establishment",parks,Nagaland,Spring,Wokha,1
Rajapukhuri sariali,26.3108929,94.0224089,0,"park, point_of_interest, establishment",parks,Nagaland,Spring,Wokha,0
Kothari’s,25.9441925,94.4353612,0,"park, point_of_interest, establishment",parks,Nagaland,Spring,Wokha,0
K .Chishi's Farm,26.1640429,94.5045897,5,"park, point_of_interest, establishment",parks,Nagaland,Spring,Wokha,1
Ps,26.25351,93.9698883,0,"park, point_of_interest, establishment",parks,Nagaland,Spring,Wokha,0
KK Tea Garden,25.8916875,94.1195625,0,"park, point_of_interest, establishment",parks,Nagaland,Spring,Wokha,0
Ivulho kami field,25.854326,94.23702999999999,0,"park, point_of_interest, establishment",parks,Nagaland,Spring,Wokha,0
Jitpur gobin Saikia,26.3398894,93.9892454,1,"park, point_of_interest, establishment",parks,Nagaland,Spring,Wokha,1
ন আলি,26.3497783,94.07555219999999,1,"park, point_of_interest, establishment",parks,Nagaland,Spring,Wokha,1
"Park Aurora, swimming pool",26.0951333,94.246881,5,"park, point_of_interest, establishment",parks,Nagaland,Spring,Wokha,1
Timeshung fishery,26.1177735,94.279954,0,"park, point_of_interest, establishment",parks,Nagaland,Spring,Wokha,0
Lotus Farm,26.3275082,94.5150733,0,"park, point_of_interest, establishment",parks,Nagaland,Spring,Wokha,0
Zumvü's lie,25.887008,94.15633900000002,0,"park, point_of_interest, establishment",parks,Nagaland,Spring,Wokha,0
Longpok Semchir Farm,26.2819593,94.5163481,0,"park, point_of_interest, establishment",parks,Nagaland,Spring,Wokha,0
ENNgullie Bamboo Plantation,26.119431,94.3048757,0,"park, point_of_interest, establishment",parks,Nagaland,Spring,Wokha,0
Satya/miti Lemon Garden,26.2486669,94.00680489999999,0,"park, point_of_interest, establishment",parks,Nagaland,Spring,Wokha,0
Kenneth Coffee Farm,26.0068185,94.245218,0,"park, point_of_interest, establishment",parks,Nagaland,Spring,Wokha,0
CEE,26.1120789,94.2917346,0,"park, point_of_interest, establishment",parks,Nagaland,Spring,Wokha,0
E N NGULLIE Fishery,26.107645,94.295181,0,"park, point_of_interest, establishment",parks,Nagaland,Spring,Wokha,0
বেবেজীয়া গাওঁ,26.290481,93.98527899999999,0,"park, point_of_interest, establishment",parks,Nagaland,Spring,Wokha,0
Ekukju Fishery bond,26.0573822,94.249999,0,"park, point_of_interest, establishment",parks,Nagaland,Spring,Wokha,0
Gurung's 🏠,26.2320603,93.9873957,5,"park, point_of_interest, establishment",parks,Nagaland,Spring,Wokha,2
Sun Kumar Fram Land,26.1777421,93.9834834,4.5,"park, point_of_interest, establishment",parks,Nagaland,Spring,Wokha,2
Coffee Farm,26.0900127,94.4925841,4,"park, point_of_interest, establishment",parks,Nagaland,Spring,Wokha,1
Dipen tiniali,26.3067122,94.0834111,0,"park, point_of_interest, establishment",parks,Nagaland,Spring,Wokha,0
RATNESH,26.2270437,94.0147878,1,"park, point_of_interest, establishment",parks,Nagaland,Spring,Wokha,1
A g a r w a l P a c k e r s A n d M o v e r s LTD,26.0989996,94.2604628,0,"museum, point_of_interest, establishment",museum,Nagaland,Winter,Wokha,0
"Tourist Village Tuophema(Ancient Heritage Village) - Kohima District, Nagaland, India",25.8458488,94.1829613,4.1,"tourist_attraction, point_of_interest, establishment",museum,Nagaland,Winter,Wokha,161
SABAK Museum and Library,25.8930049,94.27371819999999,0,"point_of_interest, establishment",museum,Nagaland,Winter,Wokha,0
Yikhüm Jubilee Tower,26.1623993,94.2436073,1,"museum, point_of_interest, establishment",museum,Nagaland,Winter,Wokha,1
"Students Library Hall, khensa",26.3445011,94.49076219999999,0,"museum, point_of_interest, establishment",museum,Nagaland,Winter,Wokha,0
District Library & Museum,26.0958105,94.2523923,0,"point_of_interest, establishment",museum,Nagaland,Winter,Wokha,0
Doyang mini waterfall,26.2058536,94.2105904,5,"park, point_of_interest, establishment",waterfalls,Nagaland,Monsoon,Wokha,2
Longlangba,26.2603162,94.4075359,4.9,"point_of_interest, establishment",waterfalls,Nagaland,Monsoon,Wokha,8
Kachamari Durga Mandir,26.2899425,93.98852869999999,4.3,"hindu_temple, place_of_worship, point_of_interest, establishment",temples,Nagaland,All Seasons,Wokha,7
Wokha Shiv Mandir,26.0923385,94.2561686,4.3,"hindu_temple, place_of_worship, point_of_interest, establishment",temples,Nagaland,All Seasons,Wokha,23
Sarvajanik Gorkha Temple,26.3239056,94.5145842,4.5,"hindu_temple, place_of_worship, point_of_interest, establishment",temples,Nagaland,All Seasons,Wokha,12
Rananagar Hari Mandir,26.1062061,93.9670898,2.5,"hindu_temple, place_of_worship, point_of_interest, establishment",temples,Nagaland,All Seasons,Wokha,2
Chandanpur Shiv Temple,26.2064856,94.0205738,4.5,"hindu_temple, place_of_worship, point_of_interest, establishment",temples,Nagaland,All Seasons,Wokha,8
Shive Temple,26.2180113,93.9776167,4.9,"hindu_temple, place_of_worship, point_of_interest, establishment",temples,Nagaland,All Seasons,Wokha,9
বৈষ্ণৱপুৰ প্ৰাথমিক শাখাৰ নামঘৰ,26.3708841,94.1085008,5,"hindu_temple, place_of_worship, point_of_interest, establishment",temples,Nagaland,All Seasons,Wokha,3
Shiva Temple,26.3329997,93.9736545,4.7,"hindu_temple, place_of_worship, point_of_interest, establishment",temples,Nagaland,All Seasons,Wokha,3
Hindu temple,26.0169197,94.52764479999999,4.8,"hindu_temple, place_of_worship, point_of_interest, establishment",temples,Nagaland,All Seasons,Wokha,4
Durga Temple,26.3186629,94.51189339999999,3.9,"hindu_temple, place_of_worship, point_of_interest, establishment",temples,Nagaland,All Seasons,Wokha,17
Mohanating Araltole RADHA-KRISHNA Temple,26.3321906,94.09124279999999,4,"hindu_temple, place_of_worship, point_of_interest, establishment",temples,Nagaland,All Seasons,Wokha,1
মোহন চন্দ্ৰ বৰা (বায়ন) সমাধিস্থলী,26.336163,94.06945759999999,5,"hindu_temple, place_of_worship, point_of_interest, establishment",temples,Nagaland,All Seasons,Wokha,1
Laxminarayn Temple,26.3241986,94.5174656,3.8,"hindu_temple, place_of_worship, point_of_interest, establishment",temples,Nagaland,All Seasons,Wokha,4
BANDE PURUSHOTTAM TEMPLE,26.2480519,94.0314914,5,"hindu_temple, place_of_worship, point_of_interest, establishment",temples,Nagaland,All Seasons,Wokha,1
Kanchi limbu siva temple,26.196301,93.96653920000001,0,"hindu_temple, place_of_worship, point_of_interest, establishment",temples,Nagaland,All Seasons,Wokha,0
BORDUBI OLD TEMPLE 1970,26.3067061,94.0614725,5,"hindu_temple, place_of_worship, point_of_interest, establishment",temples,Nagaland,All Seasons,Wokha,3
No-3 Joyphukury Bramha Mandir,26.2662357,94.0121813,0,"hindu_temple, place_of_worship, point_of_interest, establishment",temples,Nagaland,All Seasons,Wokha,0
Shive mandir,26.2841325,94.07463829999999,5,"hindu_temple, place_of_worship, point_of_interest, establishment",temples,Nagaland,All Seasons,Wokha,1
Chowdang pather,26.2942774,94.02379599999999,0,"hindu_temple, place_of_worship, point_of_interest, establishment",temples,Nagaland,All Seasons,Wokha,0
কন্যাদান বৰনামঘৰ,26.2825252,93.9933896,5,"hindu_temple, place_of_worship, point_of_interest, establishment",temples,Nagaland,All Seasons,Wokha,2
Rupali chuke,26.2942774,94.02379599999999,0,"hindu_temple, place_of_worship, point_of_interest, establishment",temples,Nagaland,All Seasons,Wokha,0
"Teteliguri, Bathou temple",26.2658436,93.9986538,5,"hindu_temple, place_of_worship, point_of_interest, establishment",temples,Nagaland,All Seasons,Wokha,1
Telihal Loxmi Mondir,26.2477173,93.9980317,4.6,"hindu_temple, place_of_worship, point_of_interest, establishment",temples,Nagaland,All Seasons,Wokha,12
Bishnu Temple,26.3159746,94.5097165,5,"hindu_temple, place_of_worship, point_of_interest, establishment",temples,Nagaland,All Seasons,Wokha,2
Gulokpur Bathou Mondir,26.2391625,94.0275781,4.7,"hindu_temple, place_of_worship, point_of_interest, establishment",temples,Nagaland,All Seasons,Wokha,3
Dubarani Shiva Mandir,26.2988625,93.99122709999999,5,"hindu_temple, place_of_worship, point_of_interest, establishment",temples,Nagaland,All Seasons,Wokha,1
Santu basumatary,26.2143705,94.0245544,5,"hindu_temple, place_of_worship, point_of_interest, establishment",temples,Nagaland,All Seasons,Wokha,1
Doyangpara Bathou Mandir,26.2347982,93.9898595,4.8,"hindu_temple, place_of_worship, point_of_interest, establishment",temples,Nagaland,All Seasons,Wokha,4
Bathou Mandir,26.2622678,94.02765099999999,5,"hindu_temple, place_of_worship, point_of_interest, establishment",temples,Nagaland,All Seasons,Wokha,1
Ratul merapani ৰাতুলৰ ঘৰ,26.3071441,94.0833957,4.5,"hindu_temple, place_of_worship, point_of_interest, establishment",temples,Nagaland,All Seasons,Wokha,2
Naharbari Bathou Mondir,26.2377242,94.0338204,5,"hindu_temple, place_of_worship, point_of_interest, establishment",temples,Nagaland,All Seasons,Wokha,2
Chandanpur Buddhist temple,26.2030205,94.01958239999999,5,"place_of_worship, point_of_interest, establishment",temples,Nagaland,All Seasons,Wokha,6
Lakhipur Bathou Mandir,26.2331427,94.0033418,5,"hindu_temple, place_of_worship, point_of_interest, establishment",temples,Nagaland,All Seasons,Wokha,1
Sri Sri Hari mandir chawdang pathar,26.3202309,94.0306785,5,"hindu_temple, place_of_worship, point_of_interest, establishment",temples,Nagaland,All Seasons,Wokha,1
"Sialmari, Bathou Mandir",26.2559311,94.03664979999999,5,"hindu_temple, place_of_worship, point_of_interest, establishment",temples,Nagaland,All Seasons,Wokha,1
Rwisumwi bathou thanchali,26.2680817,94.0271923,5,"hindu_temple, place_of_worship, point_of_interest, establishment",temples,Nagaland,All Seasons,Wokha,1
Maj Gaon Harimandir,26.2954085,94.0103283,5,"hindu_temple, place_of_worship, point_of_interest, establishment",temples,Nagaland,All Seasons,Wokha,1
Changkhati Bathou Temple,26.2316702,94.012177,4,"hindu_temple, place_of_worship, point_of_interest, establishment",temples,Nagaland,All Seasons,Wokha,2
Rai Gaon,26.1600542,93.970891,5,"hindu_temple, place_of_worship, point_of_interest, establishment",temples,Nagaland,All Seasons,Wokha,1
Shiv Mandir,26.1825875,93.98269379999999,5,"hindu_temple, place_of_worship, point_of_interest, establishment",temples,Nagaland,All Seasons,Wokha,1
Kalaigaon Bathou Mandir,26.2511964,94.0254937,5,"hindu_temple, place_of_worship, point_of_interest, establishment",temples,Nagaland,All Seasons,Wokha,1
Vishnu Mandir,26.3331853,93.9806809,2,"hindu_temple, place_of_worship, point_of_interest, establishment",temples,Nagaland,All Seasons,Wokha,1
Ram pur,26.3309797,94.0938573,5,"place_of_worship, point_of_interest, establishment",temples,Nagaland,All Seasons,Wokha,1
Joypukhri Brahma Mandir,26.2600968,94.0104873,4.5,"hindu_temple, place_of_worship, point_of_interest, establishment",temples,Nagaland,All Seasons,Wokha,2
Sri Sri SIVA Mandir ( SIVA BABA),26.2969517,94.0376818,4,"hindu_temple, place_of_worship, point_of_interest, establishment",temples,Nagaland,All Seasons,Wokha,1
Shiv mandir,26.3583694,94.1620236,3,"hindu_temple, place_of_worship, point_of_interest, establishment",temples,Nagaland,All Seasons,Wokha,2
Kachamari Shiv Mandir,26.290618,93.98850209999999,5,"hindu_temple, place_of_worship, point_of_interest, establishment",temples,Nagaland,All Seasons,Wokha,2
Madhab Tinali,26.242252,94.01122,0,"hindu_temple, place_of_worship, point_of_interest, establishment",temples,Nagaland,All Seasons,Wokha,0
Sri Sri maa Kali mandir,26.3123685,94.0950974,5,"hindu_temple, place_of_worship, point_of_interest, establishment",temples,Nagaland,All Seasons,Wokha,1
Gorkha Durga Mandir,26.0931844,94.2556199,5,"hindu_temple, place_of_worship, point_of_interest, establishment",temples,Nagaland,All Seasons,Wokha,4
Sikh Temple (GURUDWARA SAHIB),26.3211286,94.51104169999999,4.2,"place_of_worship, point_of_interest, establishment",temples,Nagaland,All Seasons,Wokha,5
"Maa Durga Temple, Changkhati",26.2345129,94.0018089,4,"hindu_temple, place_of_worship, point_of_interest, establishment",temples,Nagaland,All Seasons,Wokha,2
শ্রী শ্রী শুকানজান ভকত গাওঁ নামঘৰ,26.3670413,94.12930569999999,5,"hindu_temple, place_of_worship, point_of_interest, establishment",temples,Nagaland,All Seasons,Wokha,1
Ouguri Bathu Mondir,26.2469269,94.0413059,4,"hindu_temple, place_of_worship, point_of_interest, establishment",temples,Nagaland,All Seasons,Wokha,3
শ্ৰী শ্ৰী নাওঁজান চুক হৰিমন্দিৰ,26.326611,94.0532348,5,"hindu_temple, place_of_worship, point_of_interest, establishment",temples,Nagaland,All Seasons,Wokha,2
No 2 Jogyapur Brahma Mandir,26.2639282,94.0062809,5,"hindu_temple, place_of_worship, point_of_interest, establishment",temples,Nagaland,All Seasons,Wokha,2
No 2 Dalanipathar Shiv Mandir,26.1228152,93.96452509999999,5,"hindu_temple, place_of_worship, point_of_interest, establishment",temples,Nagaland,All Seasons,Wokha,1
"Bokulguri Naamghar, Athgaon",26.306928,94.04950869999999,4.7,"hindu_temple, place_of_worship, point_of_interest, establishment",temples,Nagaland,All Seasons,Wokha,3
Telishal Brahma Mandir,26.2481155,93.998116,3.8,"hindu_temple, place_of_worship, point_of_interest, establishment",temples,Nagaland,All Seasons,Wokha,6
Goneshpur bathou mandir,26.2156594,94.0266374,5,"hindu_temple, place_of_worship, point_of_interest, establishment",temples,Nagaland,All Seasons,Wokha,2
DC Hill Zunheboto,26.0084481,94.5218003,4.5,"church, place_of_worship, point_of_interest, establishment",hills,Nagaland,Winter,Wokha,11
Rani hill,26.2680369,94.0944413,5,"point_of_interest, establishment",hills,Nagaland,Winter,Wokha,1
HILL HOTEL,26.3246759,94.5170998,2,"store, restaurant, food, point_of_interest, establishment",hills,Nagaland,Winter,Wokha,2
Hills Night High School,26.3231949,94.51311960000001,5,"school, point_of_interest, establishment",hills,Nagaland,Winter,Wokha,1
Upper Merapani Foot Hill,26.291065,94.06367499999999,No rating,"locality, political",hills,Nagaland,Winter,Wokha,0
MERRY HILL SCHOOL,26.0136931,94.5238925,4.7,"school, point_of_interest, establishment",hills,Nagaland,Winter,Wokha,9
𝙳𝙲 𝙷𝙸𝙻𝙻 west,26.0090876,94.5228984,0,"place_of_worship, point_of_interest, establishment",hills,Nagaland,Winter,Wokha,0
Bloom Field Hill School.,26.0273166,94.52129389999999,5,"school, point_of_interest, establishment",hills,Nagaland,Winter,Wokha,3
A.Hill Prayer Fellowship,25.9233389,94.43733259999999,4,"church, place_of_worship, point_of_interest, establishment",hills,Nagaland,Winter,Wokha,2
Hill Boto School,25.9305591,94.4497447,3.8,"school, point_of_interest, establishment",hills,Nagaland,Winter,Wokha,4
Brown rose Hill,26.2147253,94.47478249999999,0,"park, point_of_interest, establishment",hills,Nagaland,Winter,Wokha,0
Blue Hill,26.0910469,94.2589861,5,"atm, point_of_interest, finance, establishment",hills,Nagaland,Winter,Wokha,1
Teps Hill View Homestay,25.924691,94.21488099999999,0,"lodging, point_of_interest, establishment",hills,Nagaland,Winter,Wokha,0
Children's Park,26.0105214,94.5221789,3.7,"park, point_of_interest, establishment",hills,Nagaland,Winter,Wokha,46
GREEN HILLS WINE SHOP,26.3184304,94.09314379999999,3.7,"liquor_store, store, food, point_of_interest, establishment",hills,Nagaland,Winter,Wokha,3
From the hills,26.0910469,94.2589861,0,"food, point_of_interest, establishment",hills,Nagaland,Winter,Wokha,0
Blue Hills Bus Counter,26.3265658,94.52302,4,"point_of_interest, establishment",hills,Nagaland,Winter,Wokha,1
Nagaland View Point,26.2587473,94.010109,5,"tourist_attraction, point_of_interest, establishment",hills,Nagaland,Winter,Wokha,6
Bluehill Station,26.3266512,94.52295,4,"travel_agency, point_of_interest, establishment",hills,Nagaland,Winter,Wokha,1
Hills Fancy Store,26.0965199,94.25391809999999,0,"clothing_store, store, point_of_interest, establishment",hills,Nagaland,Winter,Wokha,0
Commissioner Guest House,26.3214718,94.51652899999999,4.3,"lodging, point_of_interest, establishment",hills,Nagaland,Winter,Wokha,21
Circuit House,26.012399,94.5207233,3.6,"lodging, point_of_interest, establishment",hills,Nagaland,Winter,Wokha,85
Mount Totsu,25.9903149,94.1272944,5,"park, point_of_interest, establishment",hills,Nagaland,Winter,Wokha,1
NCRC Zünheboto,26.0095656,94.52401359999999,4.4,"place_of_worship, point_of_interest, establishment",hills,Nagaland,Winter,Wokha,8
H Awomi Residence,26.008252,94.5222972,0,"point_of_interest, establishment",hills,Nagaland,Winter,Wokha,0
Zünheboto Town Sümi Baptist Church,26.0105044,94.5239306,4.4,"church, place_of_worship, point_of_interest, establishment",hills,Nagaland,Winter,Wokha,34
Whispering Winds,26.3207171,94.5144454,4.2,"lodging, restaurant, food, point_of_interest, establishment",hills,Nagaland,Winter,Wokha,437
Sangtemla Tzuto (Pond),26.3208782,94.5144361,4,"tourist_attraction, point_of_interest, establishment",hills,Nagaland,Winter,Wokha,2
Zünheboto Ao Baptist Church,26.0082458,94.5222972,4.5,"place_of_worship, point_of_interest, establishment",hills,Nagaland,Winter,Wokha,4
Eid-gah,26.0934663,94.25542589999999,0,"place_of_worship, point_of_interest, establishment",hills,Nagaland,Winter,Wokha,0
Gorkha Durga Mandir,26.0931844,94.2556199,5,"hindu_temple, place_of_worship, point_of_interest, establishment",hills,Nagaland,Winter,Wokha,4
R.Y.Ngullie,26.0917351,94.2619922,0,"church, place_of_worship, point_of_interest, establishment",hills,Nagaland,Winter,Wokha,0
Wokha Jama Masjid,26.0934706,94.2553932,4.6,"mosque, place_of_worship, point_of_interest, establishment",hills,Nagaland,Winter,Wokha,8
Kavili Ground,26.0082468,94.5217028,0,"point_of_interest, establishment",hills,Nagaland,Winter,Wokha,0
Kumsu Awomi,26.0084526,94.52328469999999,0,"point_of_interest, establishment",hills,Nagaland,Winter,Wokha,0
TSUMANG BRIDGE,26.2935274,94.09308349999999,5,"point_of_interest, establishment",hills,Nagaland,Winter,Wokha,2
"Seventh-Day Adventist Church, Zünheboto",26.0112378,94.52336290000001,3.7,"church, place_of_worship, point_of_interest, establishment",hills,Nagaland,Winter,Wokha,3
IDBI Bank ATM,26.322149,94.50074599999999,0,"atm, finance, point_of_interest, establishment",hills,Nagaland,Winter,Wokha,0
Jamio Rubber Enterprise,26.3136333,94.0945136,5,"shopping_mall, point_of_interest, establishment",hills,Nagaland,Winter,Wokha,4
Assam Rifles Public School,26.0932208,94.2531113,4.5,"school, point_of_interest, establishment",hills,Nagaland,Winter,Wokha,4
The OakLand Treats,26.3304653,94.5045803,5,"food, point_of_interest, establishment",hills,Nagaland,Winter,Wokha,1
Sunbeam School,26.0109755,94.52342379999999,4.3,"school, point_of_interest, establishment",hills,Nagaland,Winter,Wokha,9
Koro View point,26.0832796,93.9929305,4,"tourist_attraction, point_of_interest, establishment",attraction,Nagaland,All Seasons,Wokha,13
Doyang tourist Resort,26.228242,94.2616346,4.1,"tourist_attraction, point_of_interest, establishment",attraction,Nagaland,All Seasons,Wokha,68
Banyan Trees,26.178836,94.04169999999999,4.2,"tourist_attraction, point_of_interest, establishment",attraction,Nagaland,All Seasons,Wokha,14
Doyang View Point,26.2362968,94.2650865,4.7,"tourist_attraction, point_of_interest, establishment",attraction,Nagaland,All Seasons,Wokha,3
"Tourist Village Tuophema(Ancient Heritage Village) - Kohima District, Nagaland, India",25.8458488,94.1829613,4.1,"tourist_attraction, point_of_interest, establishment",attraction,Nagaland,All Seasons,Wokha,161
Tsumang Lake,26.0937726,94.2564491,3.3,"tourist_attraction, point_of_interest, establishment",attraction,Nagaland,All Seasons,Wokha,57
DOYANG VIEW POINT,26.2280304,94.2617557,4.5,"tourist_attraction, point_of_interest, establishment",attraction,Nagaland,All Seasons,Wokha,18
Wokha Clock Tower,26.0962088,94.25444550000002,3.9,"tourist_attraction, point_of_interest, establishment",attraction,Nagaland,All Seasons,Wokha,55
lanchuju Doyang Picnic Spot,26.2283659,94.2644062,4.2,"tourist_attraction, point_of_interest, establishment",attraction,Nagaland,All Seasons,Wokha,42
Nagaland View Point,26.2587473,94.010109,5,"tourist_attraction, point_of_interest, establishment",attraction,Nagaland,All Seasons,Wokha,6
Nsonji lake,25.9247072,94.1059571,4.7,"tourist_attraction, point_of_interest, establishment",attraction,Nagaland,All Seasons,Wokha,27
Thomas' spring well,26.346677,94.3126211,0,"tourist_attraction, point_of_interest, establishment",attraction,Nagaland,All Seasons,Wokha,0
Merakum Tzüin,26.3553114,94.5195799,0,"tourist_attraction, point_of_interest, establishment",attraction,Nagaland,All Seasons,Wokha,0
Litsami Junction (NAC stoppage point),26.06778,94.4786701,5,"tourist_attraction, point_of_interest, establishment",attraction,Nagaland,All Seasons,Wokha,3
Mount Totsu,25.9903149,94.1272944,5,"park, point_of_interest, establishment",attraction,Nagaland,All Seasons,Wokha,1
Neverland wokha,26.1177008,94.27234639999999,0,"tourist_attraction, point_of_interest, establishment",attraction,Nagaland,All Seasons,Wokha,0
Serene Camp,26.201508,94.505631,5,"tourist_attraction, point_of_interest, establishment",attraction,Nagaland,All Seasons,Wokha,1
Morashen View Point,26.1844281,94.2677655,5,"tourist_attraction, point_of_interest, establishment",attraction,Nagaland,All Seasons,Wokha,5
MOUNT TIYI PEAK,26.0995961,94.2853241,0,"tourist_attraction, point_of_interest, establishment",attraction,Nagaland,All Seasons,Wokha,0
England Valley View point,26.1770191,94.2565802,5,"tourist_attraction, point_of_interest, establishment",attraction,Nagaland,All Seasons,Wokha,1
Kachamari chari ali,26.2922944,93.9896461,3.5,"tourist_attraction, point_of_interest, establishment",attraction,Nagaland,All Seasons,Wokha,16
Sukhai Village,25.8798647,94.503395,4.7,"tourist_attraction, point_of_interest, establishment",attraction,Nagaland,All Seasons,Wokha,11
Mountains View Point,26.2489757,94.0434569,5,"tourist_attraction, point_of_interest, establishment",attraction,Nagaland,All Seasons,Wokha,1
KORIDANG,26.2935,94.48169999999999,4,"tourist_attraction, point_of_interest, establishment",attraction,Nagaland,All Seasons,Wokha,2
Kasha_Tseminyu View Point,25.8967394,94.20437199999999,0,"tourist_attraction, point_of_interest, establishment",attraction,Nagaland,All Seasons,Wokha,0
Clock Tower (ঘড়িৰ ঘৰ),25.9349298,93.9652658,3.5,"tourist_attraction, point_of_interest, establishment",attraction,Nagaland,All Seasons,Wokha,2
Renao place,26.0910469,94.2589861,0,"tourist_attraction, point_of_interest, establishment",attraction,Nagaland,All Seasons,Wokha,0
Hunpahi ghat,26.328857,94.08149,1,"tourist_attraction, point_of_interest, establishment",attraction,Nagaland,All Seasons,Wokha,1
Sangtemla Tzuto (Pond),26.3208782,94.5144361,4,"tourist_attraction, point_of_interest, establishment",attraction,Nagaland,All Seasons,Wokha,2
Jetty Ticketing Counter,26.2270435,94.2631413,1,"tourist_attraction, point_of_interest, establishment",attraction,Nagaland,All Seasons,Wokha,1
"NOKJOK VALLEY, MANGMETONG",26.3472707,94.3909206,0,"tourist_attraction, point_of_interest, establishment",attraction,Nagaland,All Seasons,Wokha,0
Meri-chan,26.0731602,93.99922579999999,4,"tourist_attraction, point_of_interest, establishment",attraction,Nagaland,All Seasons,Wokha,2
Doyang Waterfall,26.2235131,94.2469125,5,"tourist_attraction, point_of_interest, establishment",attraction,Nagaland,All Seasons,Wokha,1
Pulo Park,25.893222,94.27215609999999,5,"park, point_of_interest, establishment",parks,Nagaland,Spring,Zunheboto,1
Children's Park,26.0105214,94.5221789,3.7,"park, point_of_interest, establishment",parks,Nagaland,Spring,Zunheboto,46
LSU Marty's Park,26.0956937,94.2526568,5,"park, point_of_interest, establishment",parks,Nagaland,Spring,Zunheboto,1
SUMI MARTYRS' PARK,25.9668347,94.50380709999999,4.1,"park, point_of_interest, establishment",parks,Nagaland,Spring,Zunheboto,34
Centenary Park,26.0175437,94.6336911,5,"park, point_of_interest, establishment",parks,Nagaland,Spring,Zunheboto,4
Children park,26.0852159,94.73774739999999,0,"park, point_of_interest, establishment",parks,Nagaland,Spring,Zunheboto,0
C T Rengma Park,25.9546277,94.21540159999999,3.9,"park, point_of_interest, establishment",parks,Nagaland,Spring,Zunheboto,12
Luhevi Park,26.0365138,94.6318628,4.7,"park, point_of_interest, establishment",parks,Nagaland,Spring,Zunheboto,6
Yanchan,26.1483217,94.25264039999999,4.5,"park, point_of_interest, establishment",parks,Nagaland,Spring,Zunheboto,8
Tuhi,25.8333423,94.52844689999999,0,"park, point_of_interest, establishment",parks,Nagaland,Spring,Zunheboto,0
Chuwokha memorial stone,26.1647506,94.49788810000001,5,"park, point_of_interest, establishment",parks,Nagaland,Spring,Zunheboto,2
INA MEMORIAL PARK,25.7526716,94.37876589999999,5,"park, point_of_interest, establishment",parks,Nagaland,Spring,Zunheboto,2
Imkongmeren Memorial Site,26.259452,94.4088743,4.4,"park, point_of_interest, establishment",parks,Nagaland,Spring,Zunheboto,16
Khonthungo Ezung Farm,26.0698853,94.2249856,5,"park, point_of_interest, establishment",parks,Nagaland,Spring,Zunheboto,1
Patriots Monolith Park,26.0160152,94.5277546,5,"park, point_of_interest, establishment",parks,Nagaland,Spring,Zunheboto,2
Team metamorphosis park,26.0717551,94.2682106,5,"park, point_of_interest, establishment",parks,Nagaland,Spring,Zunheboto,1
Park aurora,26.0910351,94.25897379999999,0,"park, point_of_interest, establishment",parks,Nagaland,Spring,Zunheboto,0
Falcon Creek Doyang,26.221784,94.30192459999999,4.3,"campground, park, lodging, point_of_interest, establishment",parks,Nagaland,Spring,Zunheboto,35
Centanary Jubilee Tower,26.1624401,94.24355779999999,0,"park, point_of_interest, establishment",parks,Nagaland,Spring,Zunheboto,0
9th Family Resort,25.909608,94.7903405,5,"park, point_of_interest, establishment",parks,Nagaland,Spring,Zunheboto,1
Vekuto Veswuh Tea Garden,25.741234,94.3335475,4,"park, point_of_interest, establishment",parks,Nagaland,Spring,Zunheboto,3
Litchithung Ezung,26.0707471,94.2405802,4,"park, point_of_interest, establishment",parks,Nagaland,Spring,Zunheboto,1
bon farm,26.1249696,94.29177299999999,5,"park, point_of_interest, establishment",parks,Nagaland,Spring,Zunheboto,1
Park,25.8995672,94.2798571,0,"park, point_of_interest, establishment",parks,Nagaland,Spring,Zunheboto,0
Pastor Ghilesho shetumi memorial,25.8562095,94.24852249999999,5,"park, point_of_interest, establishment",parks,Nagaland,Spring,Zunheboto,1
Airfield swimming pool,26.0951568,94.2468877,3.2,"park, point_of_interest, establishment",parks,Nagaland,Spring,Zunheboto,6
Children Park 8th NAP BN.NALTOQA,26.0917853,94.5723919,0,"park, point_of_interest, establishment",parks,Nagaland,Spring,Zunheboto,0
Kothari’s,25.9441925,94.4353612,0,"park, point_of_interest, establishment",parks,Nagaland,Spring,Zunheboto,0
"Yahweh Empower Stature ,Agro-Park Gariphema Village",25.8135625,94.24443749999999,5,"park, point_of_interest, establishment",parks,Nagaland,Spring,Zunheboto,6
K .Chishi's Farm,26.1640429,94.5045897,5,"park, point_of_interest, establishment",parks,Nagaland,Spring,Zunheboto,1
Kisetong Clover Resort,25.954432,94.72340559999999,5,"park, point_of_interest, establishment",parks,Nagaland,Spring,Zunheboto,1
KeBen Coffee,25.924691,94.21488099999999,0,"park, point_of_interest, establishment",parks,Nagaland,Spring,Zunheboto,0
The Getaway,26.2665315,94.46765330000001,5,"park, point_of_interest, establishment",parks,Nagaland,Spring,Zunheboto,4
Ivulho kami field,25.854326,94.23702999999999,0,"park, point_of_interest, establishment",parks,Nagaland,Spring,Zunheboto,0
Cemetery,26.0293239,94.58455029999999,0,"park, point_of_interest, establishment",parks,Nagaland,Spring,Zunheboto,0
Picnic spot,25.965736,94.58013199999999,0,"park, point_of_interest, establishment",parks,Nagaland,Spring,Zunheboto,0
Jenang Yimyak,26.2412751,94.51406019999999,0,"park, point_of_interest, establishment",parks,Nagaland,Spring,Zunheboto,0
Lukhuyimi cemetery,26.0271909,94.57137999999999,0,"park, point_of_interest, establishment",parks,Nagaland,Spring,Zunheboto,0
CRC DIHOMA PROECT,25.7358417,94.2396418,0,"park, point_of_interest, establishment",parks,Nagaland,Spring,Zunheboto,0
Nye Ncho Chun (Reserve Forest),25.905299,94.2231146,5,"park, point_of_interest, establishment",parks,Nagaland,Spring,Zunheboto,1
ENNgullie Bamboo Plantation,26.119431,94.3048757,0,"park, point_of_interest, establishment",parks,Nagaland,Spring,Zunheboto,0
Edna Anderson Memorial Garden,26.1518798,94.51880129999999,5,"park, point_of_interest, establishment",parks,Nagaland,Spring,Zunheboto,1
Coffee Farm,26.0900127,94.4925841,4,"park, point_of_interest, establishment",parks,Nagaland,Spring,Zunheboto,1
Kenneth Coffee Farm,26.0068185,94.245218,0,"park, point_of_interest, establishment",parks,Nagaland,Spring,Zunheboto,0
"Park Aurora, swimming pool",26.0951333,94.246881,5,"park, point_of_interest, establishment",parks,Nagaland,Spring,Zunheboto,1
E N NGULLIE Fishery,26.107645,94.295181,0,"park, point_of_interest, establishment",parks,Nagaland,Spring,Zunheboto,0
Chubi lodge,26.2429531,94.26756689999999,4.5,"campground, park, lodging, point_of_interest, establishment",parks,Nagaland,Spring,Zunheboto,6
CEE,26.1120789,94.2917346,0,"park, point_of_interest, establishment",parks,Nagaland,Spring,Zunheboto,0
Jps Nursery,25.885478,94.255949,0,"park, point_of_interest, establishment",parks,Nagaland,Spring,Zunheboto,0
SINGREP ADVENTURE,25.9126825,94.77029499999999,5,"park, point_of_interest, establishment",parks,Nagaland,Spring,Zunheboto,4
Binee garden / sukhamas area,25.7465969,94.3169195,0,"park, point_of_interest, establishment",parks,Nagaland,Spring,Zunheboto,0
Tapu ghasaqa,25.8107306,94.2955028,4,"park, point_of_interest, establishment",parks,Nagaland,Spring,Zunheboto,1
S penathung kikon,26.0563214,94.24947,5,"park, point_of_interest, establishment",parks,Nagaland,Spring,Zunheboto,2
PESOCHÜ FISHERIES,25.7894115,94.2355091,5,"park, point_of_interest, establishment",parks,Nagaland,Spring,Zunheboto,2
Ekukju Fishery bond,26.0573822,94.249999,0,"park, point_of_interest, establishment",parks,Nagaland,Spring,Zunheboto,0
Pine Grove,26.0868871,94.2590106,0,"park, point_of_interest, establishment",parks,Nagaland,Spring,Zunheboto,0
Amur Falcon Capital of the World,26.2240872,94.30251439999999,4.1,"park, point_of_interest, establishment",parks,Nagaland,Spring,Zunheboto,7
Amur Falcon Watch Tower,26.2254286,94.30344579999999,4,"park, point_of_interest, establishment",parks,Nagaland,Spring,Zunheboto,1
Judicial Garden,26.0012884,94.5220247,4,"park, point_of_interest, establishment",parks,Nagaland,Spring,Zunheboto,6
Paddy Field,25.9052339,94.21497749999999,0,"park, point_of_interest, establishment",parks,Nagaland,Spring,Zunheboto,0
A g a r w a l P a c k e r s A n d M o v e r s LTD,26.0989996,94.2604628,0,"museum, point_of_interest, establishment",museum,Nagaland,Winter,Zunheboto,0
New Sangsomong Baptist Church,26.2075283,94.6525877,4.3,"museum, point_of_interest, establishment",museum,Nagaland,Winter,Zunheboto,4
Yikhüm Jubilee Tower,26.1623993,94.2436073,1,"museum, point_of_interest, establishment",museum,Nagaland,Winter,Zunheboto,1
District Library & Museum,26.0958105,94.2523923,0,"point_of_interest, establishment",museum,Nagaland,Winter,Zunheboto,0
SABAK Museum and Library,25.8930049,94.27371819999999,0,"point_of_interest, establishment",museum,Nagaland,Winter,Zunheboto,0
Longlangba,26.2603162,94.4075359,4.9,"point_of_interest, establishment",waterfalls,Nagaland,Monsoon,Zunheboto,8
Doyang tourist Resort,26.228242,94.2616346,4.1,"tourist_attraction, point_of_interest, establishment",beaches,Nagaland,Summer,Zunheboto,68
The Hammock Resort,26.1160828,94.2735338,4.1,"lodging, point_of_interest, establishment",beaches,Nagaland,Summer,Zunheboto,266
My Resort,26.2192017,94.3026234,4.6,"lodging, point_of_interest, establishment",beaches,Nagaland,Summer,Zunheboto,34
Seyochung,25.9247782,94.6446801,No rating,"administrative_area_level_4, political",beaches,Nagaland,Summer,Zunheboto,0
Hindu Temple,26.2346423,94.8143255,3.3,"hindu_temple, place_of_worship, point_of_interest, establishment",temples,Nagaland,All Seasons,Zunheboto,10
Hindu temple,26.0169197,94.52764479999999,4.8,"hindu_temple, place_of_worship, point_of_interest, establishment",temples,Nagaland,All Seasons,Zunheboto,4
Wokha Shiv Mandir,26.0923385,94.2561686,4.3,"hindu_temple, place_of_worship, point_of_interest, establishment",temples,Nagaland,All Seasons,Zunheboto,23
Assam Rifles Temple,26.2277039,94.8122796,4.7,"hindu_temple, place_of_worship, point_of_interest, establishment",temples,Nagaland,All Seasons,Zunheboto,7
Gorkha Durga Mandir,26.0931844,94.2556199,5,"hindu_temple, place_of_worship, point_of_interest, establishment",temples,Nagaland,All Seasons,Zunheboto,4
Unit Mandir 8th NAP BN. NALTOQA,26.091795,94.57023269999999,5,"hindu_temple, place_of_worship, point_of_interest, establishment",temples,Nagaland,All Seasons,Zunheboto,1
14.Unit mandir,25.850545,94.7984749,5,"hindu_temple, place_of_worship, point_of_interest, establishment",temples,Nagaland,All Seasons,Zunheboto,3
"Satsang Centre, Tuensang",26.234788,94.81399329999999,3,"hindu_temple, place_of_worship, point_of_interest, establishment",temples,Nagaland,All Seasons,Zunheboto,6
14.(IR)Bn unit mandir,25.8587342,94.7946776,0,"hindu_temple, place_of_worship, point_of_interest, establishment",temples,Nagaland,All Seasons,Zunheboto,0
DC Hill Zunheboto,26.0084481,94.5218003,4.5,"church, place_of_worship, point_of_interest, establishment",hills,Nagaland,Winter,Zunheboto,11
𝙳𝙲 𝙷𝙸𝙻𝙻 west,26.0090876,94.5228984,0,"place_of_worship, point_of_interest, establishment",hills,Nagaland,Winter,Zunheboto,0
Blue Hill,26.0910469,94.2589861,5,"atm, finance, point_of_interest, establishment",hills,Nagaland,Winter,Zunheboto,1
A.Hill Prayer Fellowship,25.9233389,94.43733259999999,4,"church, place_of_worship, point_of_interest, establishment",hills,Nagaland,Winter,Zunheboto,2
MERRY HILL SCHOOL,26.0136931,94.5238925,4.7,"school, point_of_interest, establishment",hills,Nagaland,Winter,Zunheboto,9
Brown rose Hill,26.2147253,94.47478249999999,0,"park, point_of_interest, establishment",hills,Nagaland,Winter,Zunheboto,0
Hill Boto School,25.9305591,94.4497447,3.8,"school, point_of_interest, establishment",hills,Nagaland,Winter,Zunheboto,4
Bloom Field Hill School.,26.0273166,94.52129389999999,5,"school, point_of_interest, establishment",hills,Nagaland,Winter,Zunheboto,3
Teps Hill View Homestay,25.924691,94.21488099999999,0,"lodging, point_of_interest, establishment",hills,Nagaland,Winter,Zunheboto,0
Children's Park,26.0105214,94.5221789,3.7,"park, point_of_interest, establishment",hills,Nagaland,Winter,Zunheboto,46
HILL SONS RCM WWQ,26.2360016,94.81118509999999,0,"point_of_interest, establishment",hills,Nagaland,Winter,Zunheboto,0
"Hills Print,",25.884908,94.7851847,3.9,"point_of_interest, establishment",hills,Nagaland,Winter,Zunheboto,7
Circuit House,26.012399,94.5207233,3.6,"lodging, point_of_interest, establishment",hills,Nagaland,Winter,Zunheboto,85
Hills Fancy Store,26.0965199,94.25391809999999,0,"clothing_store, store, point_of_interest, establishment",hills,Nagaland,Winter,Zunheboto,0
NCRC Zünheboto,26.0095656,94.52401359999999,4.4,"place_of_worship, point_of_interest, establishment",hills,Nagaland,Winter,Zunheboto,8
From the hills,26.0910469,94.2589861,0,"food, point_of_interest, establishment",hills,Nagaland,Winter,Zunheboto,0
H Awomi Residence,26.008252,94.5222972,0,"point_of_interest, establishment",hills,Nagaland,Winter,Zunheboto,0
Zünheboto Town Sümi Baptist Church,26.0105044,94.5239306,4.4,"church, place_of_worship, point_of_interest, establishment",hills,Nagaland,Winter,Zunheboto,34
Zünheboto Ao Baptist Church,26.0082458,94.5222972,4.5,"place_of_worship, point_of_interest, establishment",hills,Nagaland,Winter,Zunheboto,4
Eid-gah,26.0934663,94.25542589999999,0,"place_of_worship, point_of_interest, establishment",hills,Nagaland,Winter,Zunheboto,0
Gorkha Durga Mandir,26.0931844,94.2556199,5,"hindu_temple, place_of_worship, point_of_interest, establishment",hills,Nagaland,Winter,Zunheboto,4
R.Y.Ngullie,26.0917351,94.2619922,0,"church, place_of_worship, point_of_interest, establishment",hills,Nagaland,Winter,Zunheboto,0
Wokha Jama Masjid,26.0934706,94.2553932,4.6,"mosque, place_of_worship, point_of_interest, establishment",hills,Nagaland,Winter,Zunheboto,8
Kavili Ground,26.0082468,94.5217028,0,"point_of_interest, establishment",hills,Nagaland,Winter,Zunheboto,0
Kumsu Awomi,26.0084526,94.52328469999999,0,"point_of_interest, establishment",hills,Nagaland,Winter,Zunheboto,0
"Seventh-Day Adventist Church, Zünheboto",26.0112378,94.52336290000001,3.7,"church, place_of_worship, point_of_interest, establishment",hills,Nagaland,Winter,Zunheboto,3
Assam Rifles Public School,26.0932208,94.2531113,4.5,"school, point_of_interest, establishment",hills,Nagaland,Winter,Zunheboto,4
Nagaland,26.1584354,94.5624426,No rating,"administrative_area_level_1, political",hills,Nagaland,Winter,Zunheboto,0
Surumi Ki,26.0080807,94.5216741,0,"point_of_interest, establishment",hills,Nagaland,Winter,Zunheboto,0
M Kikon Residence,26.0910469,94.2589861,0,"point_of_interest, establishment",hills,Nagaland,Winter,Zunheboto,0
Modern Pharmacy,26.0036,94.52033290000001,0,"pharmacy, health, store, point_of_interest, establishment",hills,Nagaland,Winter,Zunheboto,0
Sumi Baptist Church,26.0933099,94.25518729999999,4.4,"church, place_of_worship, point_of_interest, establishment",hills,Nagaland,Winter,Zunheboto,5
Doyang tourist Resort,26.228242,94.2616346,4.1,"tourist_attraction, point_of_interest, establishment",attraction,Nagaland,All Seasons,Zunheboto,68
Doyang View Point,26.2362968,94.2650865,4.7,"tourist_attraction, point_of_interest, establishment",attraction,Nagaland,All Seasons,Zunheboto,3
Tsumang Lake,26.0937726,94.2564491,3.3,"tourist_attraction, point_of_interest, establishment",attraction,Nagaland,All Seasons,Zunheboto,57
DOYANG VIEW POINT,26.2280304,94.2617557,4.5,"tourist_attraction, point_of_interest, establishment",attraction,Nagaland,All Seasons,Zunheboto,18
Wokha Clock Tower,26.0962088,94.25444550000002,3.9,"tourist_attraction, point_of_interest, establishment",attraction,Nagaland,All Seasons,Zunheboto,55
lanchuju Doyang Picnic Spot,26.2283659,94.2644062,4.2,"tourist_attraction, point_of_interest, establishment",attraction,Nagaland,All Seasons,Zunheboto,42
Skull cave (Lo chem),26.2398963,94.81437,0,"tourist_attraction, point_of_interest, establishment",attraction,Nagaland,All Seasons,Zunheboto,0
Litsami Junction (NAC stoppage point),26.06778,94.4786701,5,"tourist_attraction, point_of_interest, establishment",attraction,Nagaland,All Seasons,Zunheboto,3
Neverland wokha,26.1177008,94.27234639999999,0,"tourist_attraction, point_of_interest, establishment",attraction,Nagaland,All Seasons,Zunheboto,0
Serene Camp,26.201508,94.505631,5,"tourist_attraction, point_of_interest, establishment",attraction,Nagaland,All Seasons,Zunheboto,1
Morashen View Point,26.1844281,94.2677655,5,"tourist_attraction, point_of_interest, establishment",attraction,Nagaland,All Seasons,Zunheboto,5
Rock bee and Cave,25.8881225,94.78559589999999,0,"tourist_attraction, point_of_interest, establishment",attraction,Nagaland,All Seasons,Zunheboto,0
MOUNT TIYI PEAK,26.0995961,94.2853241,0,"tourist_attraction, point_of_interest, establishment",attraction,Nagaland,All Seasons,Zunheboto,0
England Valley View point,26.1770191,94.2565802,5,"tourist_attraction, point_of_interest, establishment",attraction,Nagaland,All Seasons,Zunheboto,1
Sukhai Village,25.8798647,94.503395,4.7,"tourist_attraction, point_of_interest, establishment",attraction,Nagaland,All Seasons,Zunheboto,11
Renao place,26.0910469,94.2589861,0,"tourist_attraction, point_of_interest, establishment",attraction,Nagaland,All Seasons,Zunheboto,0
Khiuktang Patty fields,26.0670048,94.7364546,0,"tourist_attraction, point_of_interest, establishment",attraction,Nagaland,All Seasons,Zunheboto,0
Yingphire Village,25.886406,94.584885,0,"tourist_attraction, point_of_interest, establishment",attraction,Nagaland,All Seasons,Zunheboto,0
Hanging Bridge,25.8260543,94.8043845,5,"tourist_attraction, point_of_interest, establishment",attraction,Nagaland,All Seasons,Zunheboto,1
Ayepah paddy field,26.0900097,94.7464669,0,"tourist_attraction, point_of_interest, establishment",attraction,Nagaland,All Seasons,Zunheboto,0
Bobohu waterfall,26.0861834,94.6734632,0,"tourist_attraction, point_of_interest, establishment",attraction,Nagaland,All Seasons,Zunheboto,0
Jetty Ticketing Counter,26.2270435,94.2631413,1,"tourist_attraction, point_of_interest, establishment",attraction,Nagaland,All Seasons,Zunheboto,1
Doyang Waterfall,26.2235131,94.2469125,5,"tourist_attraction, point_of_interest, establishment",attraction,Nagaland,All Seasons,Zunheboto,1
